[Licensing::Module] Trying to connect to existing licensing client channel...
[Licensing::IpcConnector] Channel LicenseClient-erena doesn't exist
[Licensing::Module] Successfully launched the LicensingClient (PId: 31012)
[Licensing::IpcConnector] Successfully connected to: "LicenseClient-erena" at "2026-09-11T21:58:12.6788934Z"
[Licensing::Client] Code 10 while verifying Licensing Client signature (process Id: 31012, path: "C:/Program Files/Unity/Hub/Editor/2022.3.62f2/Editor/Data/Resources/Licensing/Client/Unity.Licensing.Client.exe")
[Licensing::Module] LicensingClient has failed validation; ignoring
[Licensing::Client] Handshaking with LicensingClient:
  Version:                 1.16.2+bdef8f5
  Session Id:              eec9b357c30c473ca3d3e8a12a5475cc
  Correlation Id:          3f394761f75de2167805abf77af2d0a9
  External correlation Id: 277410713375696723
  Machine Id:              48XY0bmXwrkNjM7RYL/JFZaUhBQ=
[Licensing::Module] Successfully connected to LicensingClient on channel: "LicenseClient-erena" (connect: 1.29s, validation: 0.08s, handshake: 0.06s)
[Licensing::IpcConnector] Successfully connected to: "LicenseClient-erena-notifications" at "2026-09-11T21:58:12.822164Z"
[Licensing::Module] Connected to LicensingClient (PId: 31012, launch time: 0.01, total connection time: 1.43s)
[Licensing::Module] Error: Access token is unavailable; failed to update
[Licensing::Client] Error: Code 500 while processing request (status: Unable to update licenses. Errors: No ULF license found.,Token not found in cache)
[Licensing::Client] Error: Code 500 while updating license in client (status: Unable to update licenses. Errors: No ULF license found.,Token not found in cache)
Built from '2022.3/respin/2022.3.62f2-4af31df585-v2' branch; Version is '2022.3.62f2 (7670c08855a9) revision 7762112'; Using compiler version '192829333'; Build Type 'Release'
OS: 'Windows 11  (10.0.26200) 64bit Professional' Language: 'en' Physical Memory: 32408 MB
[Licensing::Client] Successfully resolved entitlement details
[Licensing::Module] Serial number assigned to: "2476039787843-UnityPersXXXX"
BatchMode: 1, IsHumanControllingUs: 0, StartBugReporterOnCrash: 0, Is64bit: 1, IsPro: 0
[Licensing::Client] Successfully resolved entitlement details

COMMAND LINE ARGUMENTS:
C:\Program Files\Unity\Hub\Editor\2022.3.62f2\Editor\Unity.exe
-batchmode
-quit
-projectPath
C:\Users\erena\Desktop\Nuclear Option Munitions Package\unity\BlueprinterEditor\Blueprinter-Editor
-executeMethod
Erenaldi.Munitions.MunitionsGeometryBundleBuilder.BuildHalberdBundle
-logFile
C:\Users\erena\Desktop\Nuclear Option Munitions Package\unity\BlueprinterEditor\Blueprinter-Editor\HalberdDetailedBuild.log
Successfully changed project path to: C:\Users\erena\Desktop\Nuclear Option Munitions Package\unity\BlueprinterEditor\Blueprinter-Editor
C:/Users/erena/Desktop/Nuclear Option Munitions Package/unity/BlueprinterEditor/Blueprinter-Editor
[UnityMemory] Configuration Parameters - Can be set up in boot.config
    "memorysetup-bucket-allocator-granularity=16"
    "memorysetup-bucket-allocator-bucket-count=8"
    "memorysetup-bucket-allocator-block-size=33554432"
    "memorysetup-bucket-allocator-block-count=8"
    "memorysetup-main-allocator-block-size=16777216"
    "memorysetup-thread-allocator-block-size=16777216"
    "memorysetup-gfx-main-allocator-block-size=16777216"
    "memorysetup-gfx-thread-allocator-block-size=16777216"
    "memorysetup-cache-allocator-block-size=4194304"
    "memorysetup-typetree-allocator-block-size=2097152"
    "memorysetup-profiler-bucket-allocator-granularity=16"
    "memorysetup-profiler-bucket-allocator-bucket-count=8"
    "memorysetup-profiler-bucket-allocator-block-size=33554432"
    "memorysetup-profiler-bucket-allocator-block-count=8"
    "memorysetup-profiler-allocator-block-size=16777216"
    "memorysetup-profiler-editor-allocator-block-size=1048576"
    "memorysetup-temp-allocator-size-main=16777216"
    "memorysetup-job-temp-allocator-block-size=2097152"
    "memorysetup-job-temp-allocator-block-size-background=1048576"
    "memorysetup-job-temp-allocator-reduction-small-platforms=262144"
    "memorysetup-allocator-temp-initial-block-size-main=262144"
    "memorysetup-allocator-temp-initial-block-size-worker=262144"
    "memorysetup-temp-allocator-size-background-worker=32768"
    "memorysetup-temp-allocator-size-job-worker=262144"
    "memorysetup-temp-allocator-size-preload-manager=33554432"
    "memorysetup-temp-allocator-size-nav-mesh-worker=65536"
    "memorysetup-temp-allocator-size-audio-worker=65536"
    "memorysetup-temp-allocator-size-cloud-worker=32768"
    "memorysetup-temp-allocator-size-gi-baking-worker=262144"
    "memorysetup-temp-allocator-size-gfx=262144"
Player connection [31488]  Target information:

Player connection [31488]  * "[IP] 192.168.84.90 [Port] 55504 [Flags] 2 [Guid] 4008632373 [EditorId] 4008632373 [Version] 1048832 [Id] WindowsEditor(7,LAPTOP-6DL7QC74) [Debug] 1 [PackageName] WindowsEditor [ProjectName] Editor" 

Player connection [31488] Host joined multi-casting on [225.0.0.222:54997]...
Player connection [31488] Host joined alternative multi-casting on [225.0.0.222:34997]...
Input System module state changed to: Initialized.
[PhysX] Initialized MultithreadedTaskDispatcher with 12 workers.
[Package Manager] UpmClient::Connect -- Connected to IPC stream "Upm-23292" after 1.3 seconds.
[Package Manager] Restoring resolved packages state from cache
[Licensing::Client] Successfully resolved entitlement details
[Package Manager] Registered 50 packages:
  Packages from [https://packages.unity.com]:
    com.unity.addressables@1.22.3 (location: C:\Users\erena\Desktop\Nuclear Option Munitions Package\unity\BlueprinterEditor\Blueprinter-Editor\Library\PackageCache\com.unity.addressables@1.22.3)
    com.unity.ide.rider@3.0.36 (location: C:\Users\erena\Desktop\Nuclear Option Munitions Package\unity\BlueprinterEditor\Blueprinter-Editor\Library\PackageCache\com.unity.ide.rider@3.0.36)
    com.unity.ide.visualstudio@2.0.22 (location: C:\Users\erena\Desktop\Nuclear Option Munitions Package\unity\BlueprinterEditor\Blueprinter-Editor\Library\PackageCache\com.unity.ide.visualstudio@2.0.22)
    com.unity.ide.vscode@1.2.5 (location: C:\Users\erena\Desktop\Nuclear Option Munitions Package\unity\BlueprinterEditor\Blueprinter-Editor\Library\PackageCache\com.unity.ide.vscode@1.2.5)
    com.unity.test-framework@1.1.33 (location: C:\Users\erena\Desktop\Nuclear Option Munitions Package\unity\BlueprinterEditor\Blueprinter-Editor\Library\PackageCache\com.unity.test-framework@1.1.33)
    com.unity.textmeshpro@3.0.7 (location: C:\Users\erena\Desktop\Nuclear Option Munitions Package\unity\BlueprinterEditor\Blueprinter-Editor\Library\PackageCache\com.unity.textmeshpro@3.0.7)
    com.unity.ext.nunit@1.0.6 (location: C:\Users\erena\Desktop\Nuclear Option Munitions Package\unity\BlueprinterEditor\Blueprinter-Editor\Library\PackageCache\com.unity.ext.nunit@1.0.6)
    com.unity.mathematics@1.2.6 (location: C:\Users\erena\Desktop\Nuclear Option Munitions Package\unity\BlueprinterEditor\Blueprinter-Editor\Library\PackageCache\com.unity.mathematics@1.2.6)
    com.unity.burst@1.8.21 (location: C:\Users\erena\Desktop\Nuclear Option Munitions Package\unity\BlueprinterEditor\Blueprinter-Editor\Library\PackageCache\com.unity.burst@1.8.21)
    com.unity.scriptablebuildpipeline@1.21.25 (location: C:\Users\erena\Desktop\Nuclear Option Munitions Package\unity\BlueprinterEditor\Blueprinter-Editor\Library\PackageCache\com.unity.scriptablebuildpipeline@1.21.25)
    com.unity.searcher@4.9.2 (location: C:\Users\erena\Desktop\Nuclear Option Munitions Package\unity\BlueprinterEditor\Blueprinter-Editor\Library\PackageCache\com.unity.searcher@4.9.2)
  Built-in packages:
    com.unity.render-pipelines.universal@14.0.12 (location: C:\Users\erena\Desktop\Nuclear Option Munitions Package\unity\BlueprinterEditor\Blueprinter-Editor\Library\PackageCache\com.unity.render-pipelines.universal@14.0.12)
    com.unity.ugui@1.0.0 (location: C:\Users\erena\Desktop\Nuclear Option Munitions Package\unity\BlueprinterEditor\Blueprinter-Editor\Library\PackageCache\com.unity.ugui@1.0.0)
    com.unity.modules.ai@1.0.0 (location: C:\Users\erena\Desktop\Nuclear Option Munitions Package\unity\BlueprinterEditor\Blueprinter-Editor\Library\PackageCache\com.unity.modules.ai@1.0.0)
    com.unity.modules.androidjni@1.0.0 (location: C:\Users\erena\Desktop\Nuclear Option Munitions Package\unity\BlueprinterEditor\Blueprinter-Editor\Library\PackageCache\com.unity.modules.androidjni@1.0.0)
    com.unity.modules.animation@1.0.0 (location: C:\Users\erena\Desktop\Nuclear Option Munitions Package\unity\BlueprinterEditor\Blueprinter-Editor\Library\PackageCache\com.unity.modules.animation@1.0.0)
    com.unity.modules.assetbundle@1.0.0 (location: C:\Users\erena\Desktop\Nuclear Option Munitions Package\unity\BlueprinterEditor\Blueprinter-Editor\Library\PackageCache\com.unity.modules.assetbundle@1.0.0)
    com.unity.modules.audio@1.0.0 (location: C:\Users\erena\Desktop\Nuclear Option Munitions Package\unity\BlueprinterEditor\Blueprinter-Editor\Library\PackageCache\com.unity.modules.audio@1.0.0)
    com.unity.modules.cloth@1.0.0 (location: C:\Users\erena\Desktop\Nuclear Option Munitions Package\unity\BlueprinterEditor\Blueprinter-Editor\Library\PackageCache\com.unity.modules.cloth@1.0.0)
    com.unity.modules.director@1.0.0 (location: C:\Users\erena\Desktop\Nuclear Option Munitions Package\unity\BlueprinterEditor\Blueprinter-Editor\Library\PackageCache\com.unity.modules.director@1.0.0)
    com.unity.modules.imageconversion@1.0.0 (location: C:\Users\erena\Desktop\Nuclear Option Munitions Package\unity\BlueprinterEditor\Blueprinter-Editor\Library\PackageCache\com.unity.modules.imageconversion@1.0.0)
    com.unity.modules.imgui@1.0.0 (location: C:\Users\erena\Desktop\Nuclear Option Munitions Package\unity\BlueprinterEditor\Blueprinter-Editor\Library\PackageCache\com.unity.modules.imgui@1.0.0)
    com.unity.modules.jsonserialize@1.0.0 (location: C:\Users\erena\Desktop\Nuclear Option Munitions Package\unity\BlueprinterEditor\Blueprinter-Editor\Library\PackageCache\com.unity.modules.jsonserialize@1.0.0)
    com.unity.modules.particlesystem@1.0.0 (location: C:\Users\erena\Desktop\Nuclear Option Munitions Package\unity\BlueprinterEditor\Blueprinter-Editor\Library\PackageCache\com.unity.modules.particlesystem@1.0.0)
    com.unity.modules.physics@1.0.0 (location: C:\Users\erena\Desktop\Nuclear Option Munitions Package\unity\BlueprinterEditor\Blueprinter-Editor\Library\PackageCache\com.unity.modules.physics@1.0.0)
    com.unity.modules.physics2d@1.0.0 (location: C:\Users\erena\Desktop\Nuclear Option Munitions Package\unity\BlueprinterEditor\Blueprinter-Editor\Library\PackageCache\com.unity.modules.physics2d@1.0.0)
    com.unity.modules.screencapture@1.0.0 (location: C:\Users\erena\Desktop\Nuclear Option Munitions Package\unity\BlueprinterEditor\Blueprinter-Editor\Library\PackageCache\com.unity.modules.screencapture@1.0.0)
    com.unity.modules.terrain@1.0.0 (location: C:\Users\erena\Desktop\Nuclear Option Munitions Package\unity\BlueprinterEditor\Blueprinter-Editor\Library\PackageCache\com.unity.modules.terrain@1.0.0)
    com.unity.modules.terrainphysics@1.0.0 (location: C:\Users\erena\Desktop\Nuclear Option Munitions Package\unity\BlueprinterEditor\Blueprinter-Editor\Library\PackageCache\com.unity.modules.terrainphysics@1.0.0)
    com.unity.modules.tilemap@1.0.0 (location: C:\Users\erena\Desktop\Nuclear Option Munitions Package\unity\BlueprinterEditor\Blueprinter-Editor\Library\PackageCache\com.unity.modules.tilemap@1.0.0)
    com.unity.modules.ui@1.0.0 (location: C:\Users\erena\Desktop\Nuclear Option Munitions Package\unity\BlueprinterEditor\Blueprinter-Editor\Library\PackageCache\com.unity.modules.ui@1.0.0)
    com.unity.modules.uielements@1.0.0 (location: C:\Users\erena\Desktop\Nuclear Option Munitions Package\unity\BlueprinterEditor\Blueprinter-Editor\Library\PackageCache\com.unity.modules.uielements@1.0.0)
    com.unity.modules.umbra@1.0.0 (location: C:\Users\erena\Desktop\Nuclear Option Munitions Package\unity\BlueprinterEditor\Blueprinter-Editor\Library\PackageCache\com.unity.modules.umbra@1.0.0)
    com.unity.modules.unityanalytics@1.0.0 (location: C:\Users\erena\Desktop\Nuclear Option Munitions Package\unity\BlueprinterEditor\Blueprinter-Editor\Library\PackageCache\com.unity.modules.unityanalytics@1.0.0)
    com.unity.modules.unitywebrequest@1.0.0 (location: C:\Users\erena\Desktop\Nuclear Option Munitions Package\unity\BlueprinterEditor\Blueprinter-Editor\Library\PackageCache\com.unity.modules.unitywebrequest@1.0.0)
    com.unity.modules.unitywebrequestassetbundle@1.0.0 (location: C:\Users\erena\Desktop\Nuclear Option Munitions Package\unity\BlueprinterEditor\Blueprinter-Editor\Library\PackageCache\com.unity.modules.unitywebrequestassetbundle@1.0.0)
    com.unity.modules.unitywebrequestaudio@1.0.0 (location: C:\Users\erena\Desktop\Nuclear Option Munitions Package\unity\BlueprinterEditor\Blueprinter-Editor\Library\PackageCache\com.unity.modules.unitywebrequestaudio@1.0.0)
    com.unity.modules.unitywebrequesttexture@1.0.0 (location: C:\Users\erena\Desktop\Nuclear Option Munitions Package\unity\BlueprinterEditor\Blueprinter-Editor\Library\PackageCache\com.unity.modules.unitywebrequesttexture@1.0.0)
    com.unity.modules.unitywebrequestwww@1.0.0 (location: C:\Users\erena\Desktop\Nuclear Option Munitions Package\unity\BlueprinterEditor\Blueprinter-Editor\Library\PackageCache\com.unity.modules.unitywebrequestwww@1.0.0)
    com.unity.modules.vehicles@1.0.0 (location: C:\Users\erena\Desktop\Nuclear Option Munitions Package\unity\BlueprinterEditor\Blueprinter-Editor\Library\PackageCache\com.unity.modules.vehicles@1.0.0)
    com.unity.modules.video@1.0.0 (location: C:\Users\erena\Desktop\Nuclear Option Munitions Package\unity\BlueprinterEditor\Blueprinter-Editor\Library\PackageCache\com.unity.modules.video@1.0.0)
    com.unity.modules.vr@1.0.0 (location: C:\Users\erena\Desktop\Nuclear Option Munitions Package\unity\BlueprinterEditor\Blueprinter-Editor\Library\PackageCache\com.unity.modules.vr@1.0.0)
    com.unity.modules.wind@1.0.0 (location: C:\Users\erena\Desktop\Nuclear Option Munitions Package\unity\BlueprinterEditor\Blueprinter-Editor\Library\PackageCache\com.unity.modules.wind@1.0.0)
    com.unity.modules.xr@1.0.0 (location: C:\Users\erena\Desktop\Nuclear Option Munitions Package\unity\BlueprinterEditor\Blueprinter-Editor\Library\PackageCache\com.unity.modules.xr@1.0.0)
    com.unity.modules.subsystems@1.0.0 (location: C:\Users\erena\Desktop\Nuclear Option Munitions Package\unity\BlueprinterEditor\Blueprinter-Editor\Library\PackageCache\com.unity.modules.subsystems@1.0.0)
    com.unity.render-pipelines.core@14.0.12 (location: C:\Users\erena\Desktop\Nuclear Option Munitions Package\unity\BlueprinterEditor\Blueprinter-Editor\Library\PackageCache\com.unity.render-pipelines.core@14.0.12)
    com.unity.shadergraph@14.0.12 (location: C:\Users\erena\Desktop\Nuclear Option Munitions Package\unity\BlueprinterEditor\Blueprinter-Editor\Library\PackageCache\com.unity.shadergraph@14.0.12)
    com.unity.render-pipelines.universal-config@14.0.10 (location: C:\Users\erena\Desktop\Nuclear Option Munitions Package\unity\BlueprinterEditor\Blueprinter-Editor\Library\PackageCache\com.unity.render-pipelines.universal-config@14.0.10)
  Embedded packages:
    nuclearoption@file:C:\Users\erena\Desktop\Nuclear Option Munitions Package\unity\BlueprinterEditor\Blueprinter-Editor\Packages\nuclearoption (location: C:\Users\erena\Desktop\Nuclear Option Munitions Package\unity\BlueprinterEditor\Blueprinter-Editor\Packages\nuclearoption)
  Git packages:
    com.nikkorap.blueprinter@https://github.com/nikkorap/NOBlueprinter-Editor.git (location: C:\Users\erena\Desktop\Nuclear Option Munitions Package\unity\BlueprinterEditor\Blueprinter-Editor\Library\PackageCache\com.nikkorap.blueprinter@9a4a8e5094)
[Subsystems] No new subsystems found in resolved package list.
Package Manager log level set to [2]
[Package Manager] Done registering packages in 0.27 seconds
Artifact Garbage Collection - Removed 2 unused hashed content files
Refreshing native plugins compatible for Editor in 68.33 ms, found 0 plugins.
Preloading 0 native plugins for Editor in 0.00 ms.
Initialize engine version: 2022.3.62f2 (7670c08855a9)
[Subsystems] Discovering subsystems at path C:/Program Files/Unity/Hub/Editor/2022.3.62f2/Editor/Data/Resources/UnitySubsystems
[Subsystems] Discovering subsystems at path C:/Users/erena/Desktop/Nuclear Option Munitions Package/unity/BlueprinterEditor/Blueprinter-Editor/Assets
GfxDevice: creating device client; threaded=0; jobified=0
Direct3D:
    Version:  Direct3D 11.0 [level 11.1]
    Renderer: NVIDIA GeForce RTX 4050 Laptop GPU (ID=0x28a1)
    Vendor:   NVIDIA
    VRAM:     5920 MB
    Driver:   32.0.16.1088
[Licensing::Client] Successfully resolved entitlement details
Initialize mono
Mono path[0] = 'C:/Program Files/Unity/Hub/Editor/2022.3.62f2/Editor/Data/Managed'
Mono path[1] = 'C:/Program Files/Unity/Hub/Editor/2022.3.62f2/Editor/Data/MonoBleedingEdge/lib/mono/unityjit-win32'
Mono config path = 'C:/Program Files/Unity/Hub/Editor/2022.3.62f2/Editor/Data/MonoBleedingEdge/etc'
Using monoOptions --debugger-agent=transport=dt_socket,embedding=1,server=y,suspend=n,address=127.0.0.1:56292
Using cacheserver namespaces - metadata:defaultmetadata, artifacts:defaultartifacts
Using cacheserver namespaces - metadata:defaultmetadata, artifacts:defaultartifacts
ImportWorker Server TCP listen port: 0
Begin MonoManager ReloadAssembly
Registering precompiled unity dll's ...
Register platform support module: C:/Program Files/Unity/Hub/Editor/2022.3.62f2/Editor/Data/PlaybackEngines/WindowsStandaloneSupport/UnityEditor.WindowsStandalone.Extensions.dll
Registered in 0.015141 seconds.
- Loaded All Assemblies, in  0.523 seconds
Native extension for WindowsStandalone target not found
Mono: successfully reloaded assembly
- Finished resetting the current domain, in  0.396 seconds
Domain Reload Profiling: 914ms
	BeginReloadAssembly (168ms)
		ExecutionOrderSort (0ms)
		DisableScriptedObjects (0ms)
		BackupInstance (0ms)
		ReleaseScriptingObjects (0ms)
		CreateAndSetChildDomain (1ms)
	RebuildCommonClasses (48ms)
	RebuildNativeTypeToScriptingClass (15ms)
	initialDomainReloadingComplete (94ms)
	LoadAllAssembliesAndSetupDomain (192ms)
		LoadAssemblies (165ms)
		RebuildTransferFunctionScriptingTraits (0ms)
		AnalyzeDomain (189ms)
			TypeCache.Refresh (187ms)
				TypeCache.ScanAssembly (169ms)
			ScanForSourceGeneratedMonoScriptInfo (0ms)
			ResolveRequiredComponents (1ms)
	FinalizeReload (397ms)
		ReleaseScriptCaches (0ms)
		RebuildScriptCaches (0ms)
		SetupLoadedEditorAssemblies (323ms)
			LogAssemblyErrors (0ms)
			InitializePlatformSupportModulesInManaged (17ms)
			SetLoadedEditorAssemblies (9ms)
			RefreshPlugins (0ms)
			BeforeProcessingInitializeOnLoad (5ms)
			ProcessInitializeOnLoadAttributes (221ms)
			ProcessInitializeOnLoadMethodAttributes (71ms)
			AfterProcessingInitializeOnLoad (0ms)
			EditorAssembliesLoaded (0ms)
		ExecutionOrderSort2 (0ms)
		AwakeInstancesAfterBackupRestoration (0ms)
[Licensing::Client] Successfully resolved entitlement details
Application.AssetDatabase Initial Refresh Start
info: Microsoft.Hosting.Lifetime[14]
      Now listening on: http://localhost:80
info: Microsoft.Hosting.Lifetime[0]
      Application started. Press Ctrl+C to shut down.
info: Microsoft.Hosting.Lifetime[0]
      Hosting environment: Production
info: Microsoft.Hosting.Lifetime[0]
      Content root path: C:\Users\erena\Desktop\Nuclear Option Munitions Package\unity\BlueprinterEditor\Blueprinter-Editor\
info: Microsoft.AspNetCore.Hosting.Diagnostics[1]
      Request starting HTTP/2 POST http://ilpp/UnityILPP.PostProcessing/Ping application/grpc -
info: Microsoft.AspNetCore.Routing.EndpointMiddleware[0]
      Executing endpoint 'gRPC - /UnityILPP.PostProcessing/Ping'
info: Microsoft.AspNetCore.Routing.EndpointMiddleware[1]
      Executed endpoint 'gRPC - /UnityILPP.PostProcessing/Ping'
info: Microsoft.AspNetCore.Hosting.Diagnostics[2]
      Request finished HTTP/2 POST http://ilpp/UnityILPP.PostProcessing/Ping application/grpc - - 200 - application/grpc 34.9757ms
Starting: C:\Program Files\Unity\Hub\Editor\2022.3.62f2\Editor\Data\bee_backend.exe --ipc --defer-dag-verification --dagfile="Library/Bee/1900b0aE.dag" --continue-on-failure --profile="Library/Bee/backend1.traceevents" ScriptAssemblies
WorkingDir: C:/Users/erena/Desktop/Nuclear Option Munitions Package/unity/BlueprinterEditor/Blueprinter-Editor
DisplayProgressbar: Compiling Scripts
info: Microsoft.AspNetCore.Hosting.Diagnostics[1]
      Request starting HTTP/2 POST http://ilpp/UnityILPP.PostProcessing/ConfigurePostProcessors application/grpc -
info: Microsoft.AspNetCore.Routing.EndpointMiddleware[0]
      Executing endpoint 'gRPC - /UnityILPP.PostProcessing/ConfigurePostProcessors'
warn: Unity.ILPP.Runner.PostProcessingAssemblyLoadContext[0]
      Assembly system.runtime.interopservices.windowsruntime has duplicate hint path. Ignoring "C:\Program Files\Unity\Hub\Editor\2022.3.62f2\Editor\Data\UnityReferenceAssemblies\unity-4.8-api\Facades\System.Runtime.InteropServices.WindowsRuntime.dll" in favor of "C:\Program Files\Unity\Hub\Editor\2022.3.62f2\Editor\Data\NetStandard\Extensions\2.0.0\System.Runtime.InteropServices.WindowsRuntime.dll"
warn: Unity.ILPP.Runner.PostProcessingAssemblyLoadContext[0]
      Assembly system.componentmodel.composition has duplicate hint path. Ignoring "C:\Program Files\Unity\Hub\Editor\2022.3.62f2\Editor\Data\UnityReferenceAssemblies\unity-4.8-api\System.ComponentModel.Composition.dll" in favor of "C:\Program Files\Unity\Hub\Editor\2022.3.62f2\Editor\Data\NetStandard\compat\2.1.0\shims\netfx\System.ComponentModel.Composition.dll"
info: Unity.ILPP.Runner.PostProcessingAssemblyLoadContext[0]
      Resolved Unity.Burst.Cecil, Version=0.11.4.0, Culture=neutral, PublicKeyToken=50cebf1cceb9d05e with Library\PackageCache\com.unity.burst@1.8.21\Unity.Burst.CodeGen\Unity.Burst.Cecil.dll
info: Microsoft.AspNetCore.Routing.EndpointMiddleware[1]
      Executed endpoint 'gRPC - /UnityILPP.PostProcessing/ConfigurePostProcessors'
info: Microsoft.AspNetCore.Hosting.Diagnostics[2]
      Request finished HTTP/2 POST http://ilpp/UnityILPP.PostProcessing/ConfigurePostProcessors application/grpc - - 200 - application/grpc 43.2422ms
ExitCode: 0 Duration: 0s395ms
[255/474    0s] WriteResponseFile Library/Bee/artifacts/rsp/4747638433968585886.rsp
[383/474    0s] ILPP-Configuration Library/ilpp-configuration.nevergeneratedoutput
*** Tundra build success (0.33 seconds), 2 items updated, 474 evaluated
AssetDatabase: script compilation time: 1.200004s
Begin MonoManager ReloadAssembly
Total cache size 50992816
Total cache size after purge 50992816
- Loaded All Assemblies, in  1.199 seconds
Refreshing native plugins compatible for Editor in 25.53 ms, found 0 plugins.
Preloading 0 native plugins for Editor in 0.00 ms.
Script error: OnParticleUpdateJobScheduled
The message may not have any parameters.
The message will be ignored.
Refreshing native plugins compatible for Editor in 24.45 ms, found 0 plugins.
Script error: OnParticleUpdateJobScheduled
The message may not have any parameters.
The message will be ignored.
Native extension for WindowsStandalone target not found
Mono: successfully reloaded assembly
- Finished resetting the current domain, in  3.011 seconds
Domain Reload Profiling: 4202ms
	BeginReloadAssembly (227ms)
		ExecutionOrderSort (0ms)
		DisableScriptedObjects (9ms)
		BackupInstance (0ms)
		ReleaseScriptingObjects (0ms)
		CreateAndSetChildDomain (33ms)
	RebuildCommonClasses (49ms)
	RebuildNativeTypeToScriptingClass (15ms)
	initialDomainReloadingComplete (83ms)
	LoadAllAssembliesAndSetupDomain (816ms)
		LoadAssemblies (549ms)
		RebuildTransferFunctionScriptingTraits (0ms)
		AnalyzeDomain (394ms)
			TypeCache.Refresh (319ms)
				TypeCache.ScanAssembly (291ms)
			ScanForSourceGeneratedMonoScriptInfo (40ms)
			ResolveRequiredComponents (32ms)
	FinalizeReload (3011ms)
		ReleaseScriptCaches (0ms)
		RebuildScriptCaches (0ms)
		SetupLoadedEditorAssemblies (2620ms)
			LogAssemblyErrors (0ms)
			InitializePlatformSupportModulesInManaged (12ms)
			SetLoadedEditorAssemblies (6ms)
			RefreshPlugins (0ms)
			BeforeProcessingInitializeOnLoad (104ms)
			ProcessInitializeOnLoadAttributes (2317ms)
			ProcessInitializeOnLoadMethodAttributes (163ms)
			AfterProcessingInitializeOnLoad (17ms)
			EditorAssembliesLoaded (1ms)
		ExecutionOrderSort2 (0ms)
		AwakeInstancesAfterBackupRestoration (17ms)
Start importing Assets/Blueprinter/Mods/HalberdMod/Models/Halberd_BoosterNozzleRecess.obj using Guid(8d8c9d8ce99a4d842bc1a2a83ac22673) Importer(-1,00000000000000000000000000000000) [PhysX] Initialized MultithreadedTaskDispatcher with 12 workers.
Launched and connected shader compiler UnityShaderCompiler.exe after 0.09 seconds
ImportFBX Warnings:
Can't import normals, because mesh 'default' doesn't have any.
Mesh 'default' has no normals. Recalculating normals.
 -> (artifact id: 'd8ca0663265f4f1bd3c179148a11b7e4') in 0.199456 seconds
Refreshing native plugins compatible for Editor in 28.59 ms, found 0 plugins.
Preloading 0 native plugins for Editor in 0.00 ms.
Asset Pipeline Refresh (id=dc8b1fef33ff69743a846081549f2d64): Total: 9.435 seconds - Initiated by InitialRefreshV2(ForceSynchronousImport)
	Summary:
		Imports: total=0 (actual=0, local cache=0, cache server=0)
		Asset DB Process Time: managed=37 ms, native=3662 ms
		Asset DB Callback time: managed=97 ms, native=38 ms
		Scripting: domain reloads=1, domain reload time=4332 ms, compile time=1204 ms, other=62 ms
		Project Asset Count: scripts=3899, non-scripts=9748
		Asset File Changes: new=0, changed=1, moved=0, deleted=0
		Scan Filter Count: 0
	InvokeBeforeRefreshCallbacks: 2.021ms
	ApplyChangesToAssetFolders: 0.072ms
	Scan: 1062.830ms
	OnSourceAssetsModified: 2.713ms
	GetAllGuidsForCategorization: 3.580ms
	CategorizeAssets: 357.067ms
	ImportOutOfDateAssets: 3317.995ms (1853.802ms without children)
		ImportManagerImport: 215.419ms (3.224ms without children)
			ImportInProcess: 212.195ms
		CompileScripts: 1203.972ms
		ReloadNativeAssets: 0.050ms
		UnloadImportedAssets: 36.336ms
		ReloadImportedAssets: 0.000ms
		EnsureUptoDateAssetsAreRegisteredWithGuidPM: 5.719ms
		InitializingProgressBar: 0.027ms
		PostProcessAllAssetNotificationsAddChangedAssets: 0.011ms
		OnDemandSchedulerStart: 2.660ms
	PostProcessAllAssets: 102.098ms
	Hotreload: 29.512ms
	GatherAllCurrentPrimaryArtifactRevisions: 0.000ms
	UnloadStreamsBegin: 2.561ms
	PersistCurrentRevisions: 1.843ms
	UnloadStreamsEnd: 0.085ms
	GenerateScriptTypeHashes: 11.329ms
	Untracked: 4552.566ms
Application.AssetDatabase Initial Refresh End
Scanning for USB devices : 4.449ms
Initializing Unity extensions:
[Licensing::Client] Successfully resolved entitlement details
[MODES] ModeService[none].Initialize
[MODES] ModeService[none].LoadModes
[MODES] Loading mode Default (0) for mode-current-id-Blueprinter
[PhysX] Initialized MultithreadedTaskDispatcher with 12 workers.
ProgressiveSceneManager::Cancel()
Unloading 7 Unused Serialized files (Serialized files now loaded: 0)
Unloading 119 unused Assets / (0.8 MB). Loaded Objects now: 4738.
Memory consumption went from 0.53 GB to 0.53 GB.
Total: 6.412000 ms (FindLiveObjects: 0.353500 ms CreateObjectMapping: 0.169100 ms MarkObjects: 5.358300 ms  DeleteObjects: 0.529700 ms)

Refreshing native plugins compatible for Editor in 30.42 ms, found 0 plugins.
Preloading 0 native plugins for Editor in 0.00 ms.
Asset Pipeline Refresh (id=2e934369964b1084584f2a8a42e6a80f): Total: 0.180 seconds - Initiated by StopAssetImportingV2(NoUpdateAssetOptions)
Refreshing native plugins compatible for Editor in 30.84 ms, found 0 plugins.
Preloading 0 native plugins for Editor in 0.00 ms.
Asset Pipeline Refresh (id=5902c6fc40f2efa418027ff283e911a4): Total: 0.136 seconds - Initiated by StopAssetImportingV2(NoUpdateAssetOptions)
Refreshing native plugins compatible for Editor in 29.40 ms, found 0 plugins.
Preloading 0 native plugins for Editor in 0.00 ms.
Asset Pipeline Refresh (id=7baa3ea87ab55ba4d897b10a9a9ccc81): Total: 0.093 seconds - Initiated by StopAssetImportingV2(NoUpdateAssetOptions)
Start importing Assets/Blueprinter/Mods/HalberdMod/MatHalberdBody.mat using Guid(51a7800bc4de09e4bb7d94654f8613e7) Importer(-1,00000000000000000000000000000000) [PhysX] Initialized MultithreadedTaskDispatcher with 12 workers.
 -> (artifact id: '88f9bf2071dad6c91309f79dd0e97b77') in 0.007419 seconds
Refreshing native plugins compatible for Editor in 29.31 ms, found 0 plugins.
Preloading 0 native plugins for Editor in 0.00 ms.
Asset Pipeline Refresh (id=fc3be55fd3327d94990b29978846400e): Total: 0.138 seconds - Initiated by StopAssetImportingV2(NoUpdateAssetOptions)
Refreshing native plugins compatible for Editor in 31.79 ms, found 0 plugins.
Preloading 0 native plugins for Editor in 0.00 ms.
Asset Pipeline Refresh (id=bcaacfc0c70a20b4d978b89cf105b6a9): Total: 0.102 seconds - Initiated by StopAssetImportingV2(NoUpdateAssetOptions)
Refreshing native plugins compatible for Editor in 32.04 ms, found 0 plugins.
Preloading 0 native plugins for Editor in 0.00 ms.
Asset Pipeline Refresh (id=ab3593cf61c5f634ab8637698bf06303): Total: 0.127 seconds - Initiated by StopAssetImportingV2(NoUpdateAssetOptions)
Refreshing native plugins compatible for Editor in 28.30 ms, found 0 plugins.
Preloading 0 native plugins for Editor in 0.00 ms.
Asset Pipeline Refresh (id=cdcfb0e651e580842a055cf7eb1a78f2): Total: 0.093 seconds - Initiated by StopAssetImportingV2(NoUpdateAssetOptions)
Start importing Assets/Blueprinter/Mods/HalberdMod/MatHalberdBooster.mat using Guid(833142cbbc2b24041b4936bf0d25a3fe) Importer(-1,00000000000000000000000000000000) [PhysX] Initialized MultithreadedTaskDispatcher with 12 workers.
 -> (artifact id: '49008e5b6b095084242cde08ca987fad') in 0.004921 seconds
Refreshing native plugins compatible for Editor in 27.49 ms, found 0 plugins.
Preloading 0 native plugins for Editor in 0.00 ms.
Asset Pipeline Refresh (id=bffd15f23e54ef6439e5ec1289c18f5b): Total: 0.126 seconds - Initiated by StopAssetImportingV2(NoUpdateAssetOptions)
[Halberd] Imported Assets/Blueprinter/Mods/HalberdMod/Models/Halberd_Body.obj: 3092 vertices, bounds Center: (0.00, 0.00, 0.67), Extents: (0.10, 0.10, 1.01)
UnityEngine.StackTraceUtility:ExtractStackTrace ()
UnityEngine.DebugLogHandler:LogFormat (UnityEngine.LogType,UnityEngine.Object,string,object[])
UnityEngine.Logger:Log (UnityEngine.LogType,object)
UnityEngine.Debug:Log (object)
Erenaldi.Halberd.HalberdMeshBuilder:LoadCadMesh (string,string,bool) (at Assets/Editor/HalberdMeshBuilder.cs:124)
Erenaldi.Halberd.HalberdMeshBuilder:Build () (at Assets/Editor/HalberdMeshBuilder.cs:47)
Erenaldi.Munitions.MunitionsGeometryBundleBuilder:BuildBundle (bool) (at Assets/Editor/MunitionsGeometryBundleBuilder.cs:28)
Erenaldi.Munitions.MunitionsGeometryBundleBuilder:BuildHalberdBundle () (at Assets/Editor/MunitionsGeometryBundleBuilder.cs:23)

(Filename: Assets/Editor/HalberdMeshBuilder.cs Line: 124)

[Halberd] Imported Assets/Blueprinter/Mods/HalberdMod/Models/Halberd_Intakes.obj: 973 vertices, bounds Center: (0.00, -0.03, 0.41), Extents: (0.14, 0.12, 0.38)
UnityEngine.StackTraceUtility:ExtractStackTrace ()
UnityEngine.DebugLogHandler:LogFormat (UnityEngine.LogType,UnityEngine.Object,string,object[])
UnityEngine.Logger:Log (UnityEngine.LogType,object)
UnityEngine.Debug:Log (object)
Erenaldi.Halberd.HalberdMeshBuilder:LoadCadMesh (string,string,bool) (at Assets/Editor/HalberdMeshBuilder.cs:124)
Erenaldi.Halberd.HalberdMeshBuilder:Build () (at Assets/Editor/HalberdMeshBuilder.cs:48)
Erenaldi.Munitions.MunitionsGeometryBundleBuilder:BuildBundle (bool) (at Assets/Editor/MunitionsGeometryBundleBuilder.cs:28)
Erenaldi.Munitions.MunitionsGeometryBundleBuilder:BuildHalberdBundle () (at Assets/Editor/MunitionsGeometryBundleBuilder.cs:23)

(Filename: Assets/Editor/HalberdMeshBuilder.cs Line: 124)

[Halberd] Imported Assets/Blueprinter/Mods/HalberdMod/Models/Halberd_SustainerFins.obj: 535 vertices, bounds Center: (0.00, -0.04, -0.09), Extents: (0.15, 0.13, 0.22)
UnityEngine.StackTraceUtility:ExtractStackTrace ()
UnityEngine.DebugLogHandler:LogFormat (UnityEngine.LogType,UnityEngine.Object,string,object[])
UnityEngine.Logger:Log (UnityEngine.LogType,object)
UnityEngine.Debug:Log (object)
Erenaldi.Halberd.HalberdMeshBuilder:LoadCadMesh (string,string,bool) (at Assets/Editor/HalberdMeshBuilder.cs:124)
Erenaldi.Halberd.HalberdMeshBuilder:Build () (at Assets/Editor/HalberdMeshBuilder.cs:49)
Erenaldi.Munitions.MunitionsGeometryBundleBuilder:BuildBundle (bool) (at Assets/Editor/MunitionsGeometryBundleBuilder.cs:28)
Erenaldi.Munitions.MunitionsGeometryBundleBuilder:BuildHalberdBundle () (at Assets/Editor/MunitionsGeometryBundleBuilder.cs:23)

(Filename: Assets/Editor/HalberdMeshBuilder.cs Line: 124)

[Halberd] Imported Assets/Blueprinter/Mods/HalberdMod/Models/Halberd_Hardware.obj: 1342 vertices, bounds Center: (0.00, 0.00, 0.38), Extents: (0.10, 0.11, 0.69)
UnityEngine.StackTraceUtility:ExtractStackTrace ()
UnityEngine.DebugLogHandler:LogFormat (UnityEngine.LogType,UnityEngine.Object,string,object[])
UnityEngine.Logger:Log (UnityEngine.LogType,object)
UnityEngine.Debug:Log (object)
Erenaldi.Halberd.HalberdMeshBuilder:LoadCadMesh (string,string,bool) (at Assets/Editor/HalberdMeshBuilder.cs:124)
Erenaldi.Halberd.HalberdMeshBuilder:Build () (at Assets/Editor/HalberdMeshBuilder.cs:50)
Erenaldi.Munitions.MunitionsGeometryBundleBuilder:BuildBundle (bool) (at Assets/Editor/MunitionsGeometryBundleBuilder.cs:28)
Erenaldi.Munitions.MunitionsGeometryBundleBuilder:BuildHalberdBundle () (at Assets/Editor/MunitionsGeometryBundleBuilder.cs:23)

(Filename: Assets/Editor/HalberdMeshBuilder.cs Line: 124)

[Halberd] Imported Assets/Blueprinter/Mods/HalberdMod/Models/Halberd_SustainerNozzle.obj: 840 vertices, bounds Center: (0.00, 0.00, -0.32), Extents: (0.11, 0.11, 0.01)
UnityEngine.StackTraceUtility:ExtractStackTrace ()
UnityEngine.DebugLogHandler:LogFormat (UnityEngine.LogType,UnityEngine.Object,string,object[])
UnityEngine.Logger:Log (UnityEngine.LogType,object)
UnityEngine.Debug:Log (object)
Erenaldi.Halberd.HalberdMeshBuilder:LoadCadMesh (string,string,bool) (at Assets/Editor/HalberdMeshBuilder.cs:124)
Erenaldi.Halberd.HalberdMeshBuilder:Build () (at Assets/Editor/HalberdMeshBuilder.cs:51)
Erenaldi.Munitions.MunitionsGeometryBundleBuilder:BuildBundle (bool) (at Assets/Editor/MunitionsGeometryBundleBuilder.cs:28)
Erenaldi.Munitions.MunitionsGeometryBundleBuilder:BuildHalberdBundle () (at Assets/Editor/MunitionsGeometryBundleBuilder.cs:23)

(Filename: Assets/Editor/HalberdMeshBuilder.cs Line: 124)

[Halberd] Imported Assets/Blueprinter/Mods/HalberdMod/Models/Halberd_BoosterBody.obj: 3209 vertices, bounds Center: (0.00, 0.00, -1.01), Extents: (0.11, 0.11, 0.67)
UnityEngine.StackTraceUtility:ExtractStackTrace ()
UnityEngine.DebugLogHandler:LogFormat (UnityEngine.LogType,UnityEngine.Object,string,object[])
UnityEngine.Logger:Log (UnityEngine.LogType,object)
UnityEngine.Debug:Log (object)
Erenaldi.Halberd.HalberdMeshBuilder:LoadCadMesh (string,string,bool) (at Assets/Editor/HalberdMeshBuilder.cs:124)
Erenaldi.Halberd.HalberdMeshBuilder:Build () (at Assets/Editor/HalberdMeshBuilder.cs:52)
Erenaldi.Munitions.MunitionsGeometryBundleBuilder:BuildBundle (bool) (at Assets/Editor/MunitionsGeometryBundleBuilder.cs:28)
Erenaldi.Munitions.MunitionsGeometryBundleBuilder:BuildHalberdBundle () (at Assets/Editor/MunitionsGeometryBundleBuilder.cs:23)

(Filename: Assets/Editor/HalberdMeshBuilder.cs Line: 124)

[Halberd] Imported Assets/Blueprinter/Mods/HalberdMod/Models/Halberd_BoosterFins.obj: 651 vertices, bounds Center: (0.00, -0.05, -1.06), Extents: (0.19, 0.17, 0.45)
UnityEngine.StackTraceUtility:ExtractStackTrace ()
UnityEngine.DebugLogHandler:LogFormat (UnityEngine.LogType,UnityEngine.Object,string,object[])
UnityEngine.Logger:Log (UnityEngine.LogType,object)
UnityEngine.Debug:Log (object)
Erenaldi.Halberd.HalberdMeshBuilder:LoadCadMesh (string,string,bool) (at Assets/Editor/HalberdMeshBuilder.cs:124)
Erenaldi.Halberd.HalberdMeshBuilder:Build () (at Assets/Editor/HalberdMeshBuilder.cs:53)
Erenaldi.Munitions.MunitionsGeometryBundleBuilder:BuildBundle (bool) (at Assets/Editor/MunitionsGeometryBundleBuilder.cs:28)
Erenaldi.Munitions.MunitionsGeometryBundleBuilder:BuildHalberdBundle () (at Assets/Editor/MunitionsGeometryBundleBuilder.cs:23)

(Filename: Assets/Editor/HalberdMeshBuilder.cs Line: 124)

[Halberd] Imported Assets/Blueprinter/Mods/HalberdMod/Models/Halberd_BoosterNozzle.obj: 3691 vertices, bounds Center: (0.00, 0.00, -1.60), Extents: (0.08, 0.08, 0.09)
UnityEngine.StackTraceUtility:ExtractStackTrace ()
UnityEngine.DebugLogHandler:LogFormat (UnityEngine.LogType,UnityEngine.Object,string,object[])
UnityEngine.Logger:Log (UnityEngine.LogType,object)
UnityEngine.Debug:Log (object)
Erenaldi.Halberd.HalberdMeshBuilder:LoadCadMesh (string,string,bool) (at Assets/Editor/HalberdMeshBuilder.cs:124)
Erenaldi.Halberd.HalberdMeshBuilder:Build () (at Assets/Editor/HalberdMeshBuilder.cs:54)
Erenaldi.Munitions.MunitionsGeometryBundleBuilder:BuildBundle (bool) (at Assets/Editor/MunitionsGeometryBundleBuilder.cs:28)
Erenaldi.Munitions.MunitionsGeometryBundleBuilder:BuildHalberdBundle () (at Assets/Editor/MunitionsGeometryBundleBuilder.cs:23)

(Filename: Assets/Editor/HalberdMeshBuilder.cs Line: 124)

[Halberd] Imported Assets/Blueprinter/Mods/HalberdMod/Models/Halberd_BoosterNozzleRecess.obj: 354 vertices, bounds Center: (0.00, 0.00, -1.59), Extents: (0.02, 0.02, 0.00)
UnityEngine.StackTraceUtility:ExtractStackTrace ()
UnityEngine.DebugLogHandler:LogFormat (UnityEngine.LogType,UnityEngine.Object,string,object[])
UnityEngine.Logger:Log (UnityEngine.LogType,object)
UnityEngine.Debug:Log (object)
Erenaldi.Halberd.HalberdMeshBuilder:LoadCadMesh (string,string,bool) (at Assets/Editor/HalberdMeshBuilder.cs:124)
Erenaldi.Halberd.HalberdMeshBuilder:Build () (at Assets/Editor/HalberdMeshBuilder.cs:55)
Erenaldi.Munitions.MunitionsGeometryBundleBuilder:BuildBundle (bool) (at Assets/Editor/MunitionsGeometryBundleBuilder.cs:28)
Erenaldi.Munitions.MunitionsGeometryBundleBuilder:BuildHalberdBundle () (at Assets/Editor/MunitionsGeometryBundleBuilder.cs:23)

(Filename: Assets/Editor/HalberdMeshBuilder.cs Line: 124)

[Halberd] Assembly verified: length=3.367 m, seam z=-0.337, body radius=0.100 m, max radius=0.218 m.
UnityEngine.StackTraceUtility:ExtractStackTrace ()
UnityEngine.DebugLogHandler:LogFormat (UnityEngine.LogType,UnityEngine.Object,string,object[])
UnityEngine.Logger:Log (UnityEngine.LogType,object)
UnityEngine.Debug:Log (object)
Erenaldi.Halberd.HalberdMeshBuilder:ValidateAssembly (UnityEngine.Mesh,UnityEngine.Mesh,UnityEngine.Mesh,UnityEngine.Mesh,UnityEngine.Mesh,UnityEngine.Mesh,UnityEngine.Mesh,UnityEngine.Mesh,UnityEngine.Mesh) (at Assets/Editor/HalberdMeshBuilder.cs:239)
Erenaldi.Halberd.HalberdMeshBuilder:Build () (at Assets/Editor/HalberdMeshBuilder.cs:56)
Erenaldi.Munitions.MunitionsGeometryBundleBuilder:BuildBundle (bool) (at Assets/Editor/MunitionsGeometryBundleBuilder.cs:28)
Erenaldi.Munitions.MunitionsGeometryBundleBuilder:BuildHalberdBundle () (at Assets/Editor/MunitionsGeometryBundleBuilder.cs:23)

(Filename: Assets/Editor/HalberdMeshBuilder.cs Line: 239)

Refreshing native plugins compatible for Editor in 33.28 ms, found 0 plugins.
Preloading 0 native plugins for Editor in 0.00 ms.
Asset Pipeline Refresh (id=7f18838764206d84baba79809fa66590): Total: 0.099 seconds - Initiated by StopAssetImportingV2(NoUpdateAssetOptions)
Refreshing native plugins compatible for Editor in 34.20 ms, found 0 plugins.
Preloading 0 native plugins for Editor in 0.00 ms.
Asset Pipeline Refresh (id=141410c88b89d1043918c4c90efaee43): Total: 0.134 seconds - Initiated by StopAssetImportingV2(NoUpdateAssetOptions)
Refreshing native plugins compatible for Editor in 33.87 ms, found 0 plugins.
Preloading 0 native plugins for Editor in 0.00 ms.
Asset Pipeline Refresh (id=53f862aac94d1574896a9c805cb9fbb7): Total: 0.105 seconds - Initiated by StopAssetImportingV2(NoUpdateAssetOptions)
Refreshing native plugins compatible for Editor in 33.33 ms, found 0 plugins.
Preloading 0 native plugins for Editor in 0.00 ms.
Asset Pipeline Refresh (id=de37bcec2aa9e90458e4f7d73005d1c4): Total: 0.133 seconds - Initiated by StopAssetImportingV2(NoUpdateAssetOptions)
Refreshing native plugins compatible for Editor in 29.68 ms, found 0 plugins.
Preloading 0 native plugins for Editor in 0.00 ms.
Asset Pipeline Refresh (id=8492be66a4f7e3a4187bd4f561e04b5c): Total: 0.099 seconds - Initiated by StopAssetImportingV2(NoUpdateAssetOptions)
Refreshing native plugins compatible for Editor in 26.58 ms, found 0 plugins.
Preloading 0 native plugins for Editor in 0.00 ms.
Asset Pipeline Refresh (id=b71020acfb46c3b4a9e1a5f1d1b4883f): Total: 0.121 seconds - Initiated by StopAssetImportingV2(NoUpdateAssetOptions)
Refreshing native plugins compatible for Editor in 30.07 ms, found 0 plugins.
Preloading 0 native plugins for Editor in 0.00 ms.
Asset Pipeline Refresh (id=5a78aec10895aad43b052b3fc550b63a): Total: 0.095 seconds - Initiated by StopAssetImportingV2(NoUpdateAssetOptions)
Refreshing native plugins compatible for Editor in 26.82 ms, found 0 plugins.
Preloading 0 native plugins for Editor in 0.00 ms.
Asset Pipeline Refresh (id=4b8b7b7d2f36fab4ab14c7dcd4eb5884): Total: 0.125 seconds - Initiated by StopAssetImportingV2(NoUpdateAssetOptions)
Refreshing native plugins compatible for Editor in 29.65 ms, found 0 plugins.
Preloading 0 native plugins for Editor in 0.00 ms.
Asset Pipeline Refresh (id=85e861067b751b3449db05f1d52ec1eb): Total: 0.094 seconds - Initiated by StopAssetImportingV2(NoUpdateAssetOptions)
Refreshing native plugins compatible for Editor in 28.40 ms, found 0 plugins.
Preloading 0 native plugins for Editor in 0.00 ms.
Asset Pipeline Refresh (id=446df7d0f5d322a44b8b96c143ef3fb8): Total: 0.113 seconds - Initiated by StopAssetImportingV2(NoUpdateAssetOptions)
Refreshing native plugins compatible for Editor in 25.14 ms, found 0 plugins.
Preloading 0 native plugins for Editor in 0.00 ms.
Asset Pipeline Refresh (id=17f5fb71abc32d049bc1d9b916587883): Total: 0.089 seconds - Initiated by StopAssetImportingV2(NoUpdateAssetOptions)
Refreshing native plugins compatible for Editor in 26.19 ms, found 0 plugins.
Preloading 0 native plugins for Editor in 0.00 ms.
Asset Pipeline Refresh (id=2b46337abfc97f847b16057530ed0ed6): Total: 0.113 seconds - Initiated by StopAssetImportingV2(NoUpdateAssetOptions)
Refreshing native plugins compatible for Editor in 25.39 ms, found 0 plugins.
Preloading 0 native plugins for Editor in 0.00 ms.
Asset Pipeline Refresh (id=d322da195b68f674fbf8a68627b695d0): Total: 0.079 seconds - Initiated by StopAssetImportingV2(NoUpdateAssetOptions)
Refreshing native plugins compatible for Editor in 40.84 ms, found 0 plugins.
Preloading 0 native plugins for Editor in 0.00 ms.
Asset Pipeline Refresh (id=3eb743e2a36b3a042bdcac333a42295e): Total: 0.177 seconds - Initiated by StopAssetImportingV2(NoUpdateAssetOptions)
Refreshing native plugins compatible for Editor in 24.75 ms, found 0 plugins.
Preloading 0 native plugins for Editor in 0.00 ms.
Asset Pipeline Refresh (id=3b9374345b3f9d7458ec5de2d9605978): Total: 0.128 seconds - Initiated by StopAssetImportingV2(NoUpdateAssetOptions)
Refreshing native plugins compatible for Editor in 22.61 ms, found 0 plugins.
Preloading 0 native plugins for Editor in 0.00 ms.
Asset Pipeline Refresh (id=0c54b18823eda4448931b2f80c4c7095): Total: 0.104 seconds - Initiated by StopAssetImportingV2(NoUpdateAssetOptions)
Refreshing native plugins compatible for Editor in 26.74 ms, found 0 plugins.
Preloading 0 native plugins for Editor in 0.00 ms.
Asset Pipeline Refresh (id=2b4a971771f3ffe49b402beacf81715c): Total: 0.087 seconds - Initiated by StopAssetImportingV2(NoUpdateAssetOptions)
Start importing Assets/Blueprinter/Mods/HalberdMod/MeshHalberdBoosterNozzleRecess.asset using Guid(f812ee5fab5c79b4e810e1f614d6a906) Importer(-1,00000000000000000000000000000000) [PhysX] Initialized MultithreadedTaskDispatcher with 12 workers.
 -> (artifact id: '9475960e48a949f53858fd7a87486784') in 0.003666 seconds
Refreshing native plugins compatible for Editor in 26.18 ms, found 0 plugins.
Preloading 0 native plugins for Editor in 0.00 ms.
Asset Pipeline Refresh (id=2c11fc14a22683c488853c2a230bf09f): Total: 0.111 seconds - Initiated by StopAssetImportingV2(NoUpdateAssetOptions)
Refreshing native plugins compatible for Editor in 25.50 ms, found 0 plugins.
Preloading 0 native plugins for Editor in 0.00 ms.
Asset Pipeline Refresh (id=b2b68e65e74bd614eb4fbaae58aaf2e5): Total: 0.080 seconds - Initiated by StopAssetImportingV2(NoUpdateAssetOptions)
Refreshing native plugins compatible for Editor in 23.50 ms, found 0 plugins.
Preloading 0 native plugins for Editor in 0.00 ms.
Asset Pipeline Refresh (id=8c8865269d73fc34bbb06f1e2a2945dc): Total: 0.102 seconds - Initiated by StopAssetImportingV2(NoUpdateAssetOptions)
Refreshing native plugins compatible for Editor in 27.08 ms, found 0 plugins.
Preloading 0 native plugins for Editor in 0.00 ms.
Asset Pipeline Refresh (id=b58cc87a2e6951249a6400f157736b5f): Total: 0.080 seconds - Initiated by StopAssetImportingV2(NoUpdateAssetOptions)
Start importing Assets/Blueprinter/Mods/HalberdMod/MatHalberdPylon.mat using Guid(46ea1d764a6f88249b8060cc4266da6c) Importer(-1,00000000000000000000000000000000) [PhysX] Initialized MultithreadedTaskDispatcher with 12 workers.
 -> (artifact id: '17573dc8b24a3e76d482aeccf650ee02') in 0.003587 seconds
Refreshing native plugins compatible for Editor in 29.85 ms, found 0 plugins.
Preloading 0 native plugins for Editor in 0.00 ms.
Asset Pipeline Refresh (id=ee596f9b6752a854abb02fa6ea2c6682): Total: 0.118 seconds - Initiated by StopAssetImportingV2(NoUpdateAssetOptions)
Refreshing native plugins compatible for Editor in 22.96 ms, found 0 plugins.
Preloading 0 native plugins for Editor in 0.00 ms.
Asset Pipeline Refresh (id=d185d7c8a672dc549b9257d9e2b317b4): Total: 0.079 seconds - Initiated by StopAssetImportingV2(NoUpdateAssetOptions)
Start importing Assets/Blueprinter/Mods/HalberdMod/MatHalberdIntakes.mat using Guid(c508a9fd075c2704fa5d5af069950c7c) Importer(-1,00000000000000000000000000000000) [PhysX] Initialized MultithreadedTaskDispatcher with 12 workers.
 -> (artifact id: 'a229446ac24bb4a196df0cd75fea6a99') in 0.004872 seconds
Refreshing native plugins compatible for Editor in 23.27 ms, found 0 plugins.
Preloading 0 native plugins for Editor in 0.00 ms.
Asset Pipeline Refresh (id=dac44fb5265d4724580597a105a38ce8): Total: 0.108 seconds - Initiated by StopAssetImportingV2(NoUpdateAssetOptions)
Refreshing native plugins compatible for Editor in 26.08 ms, found 0 plugins.
Preloading 0 native plugins for Editor in 0.00 ms.
Asset Pipeline Refresh (id=8a3d6efc8d4018646b333bb3f08a13df): Total: 0.090 seconds - Initiated by StopAssetImportingV2(NoUpdateAssetOptions)
Start importing Assets/Blueprinter/Mods/HalberdMod/MatHalberdSustainerFins.mat using Guid(f2d71ef7e9de304478156e51caebba5e) Importer(-1,00000000000000000000000000000000) [PhysX] Initialized MultithreadedTaskDispatcher with 12 workers.
 -> (artifact id: 'ab46cf94ac53629ddb2cbd0a7f3896e5') in 0.006134 seconds
Refreshing native plugins compatible for Editor in 23.56 ms, found 0 plugins.
Preloading 0 native plugins for Editor in 0.00 ms.
Asset Pipeline Refresh (id=eaaaec26afc1fdd46a731e9a9b663f86): Total: 0.115 seconds - Initiated by StopAssetImportingV2(NoUpdateAssetOptions)
Refreshing native plugins compatible for Editor in 28.84 ms, found 0 plugins.
Preloading 0 native plugins for Editor in 0.00 ms.
Asset Pipeline Refresh (id=c0a4854d25e47b049a6ccc0d339db6f1): Total: 0.088 seconds - Initiated by StopAssetImportingV2(NoUpdateAssetOptions)
Start importing Assets/Blueprinter/Mods/HalberdMod/MatHalberdHardware.mat using Guid(65955eb16e437944398f8060ccce9a84) Importer(-1,00000000000000000000000000000000) [PhysX] Initialized MultithreadedTaskDispatcher with 12 workers.
 -> (artifact id: 'c54515dcd90fac0872a753ad334a8047') in 0.019195 seconds
Refreshing native plugins compatible for Editor in 26.79 ms, found 0 plugins.
Preloading 0 native plugins for Editor in 0.00 ms.
Asset Pipeline Refresh (id=c815bacb96f5be04f8574b1665df9630): Total: 0.206 seconds - Initiated by StopAssetImportingV2(NoUpdateAssetOptions)
Refreshing native plugins compatible for Editor in 29.55 ms, found 0 plugins.
Preloading 0 native plugins for Editor in 0.00 ms.
Asset Pipeline Refresh (id=2d7d01f81f68309498b1b5224162168d): Total: 0.088 seconds - Initiated by StopAssetImportingV2(NoUpdateAssetOptions)
Start importing Assets/Blueprinter/Mods/HalberdMod/MatHalberdSustainerNozzle.mat using Guid(f7f606a5f32848a45a45e559f1ed6d8c) Importer(-1,00000000000000000000000000000000) [PhysX] Initialized MultithreadedTaskDispatcher with 12 workers.
 -> (artifact id: 'f4ccc4ac1a2e194a5db7efc8a01a9ce7') in 0.006635 seconds
Refreshing native plugins compatible for Editor in 22.70 ms, found 0 plugins.
Preloading 0 native plugins for Editor in 0.00 ms.
Asset Pipeline Refresh (id=859f1d5e2567b8a4991c9be0b5956152): Total: 0.114 seconds - Initiated by StopAssetImportingV2(NoUpdateAssetOptions)
Refreshing native plugins compatible for Editor in 24.06 ms, found 0 plugins.
Preloading 0 native plugins for Editor in 0.00 ms.
Asset Pipeline Refresh (id=4347c122d459f49409b9b54506f24ecf): Total: 0.083 seconds - Initiated by StopAssetImportingV2(NoUpdateAssetOptions)
Start importing Assets/Blueprinter/Mods/HalberdMod/MatHalberdFins.mat using Guid(93ec73f1ff287574f80d889f71259f3f) Importer(-1,00000000000000000000000000000000) [PhysX] Initialized MultithreadedTaskDispatcher with 12 workers.
 -> (artifact id: '9452a52ee6957b5a1c94b8fe0a3d1278') in 0.003860 seconds
Refreshing native plugins compatible for Editor in 25.70 ms, found 0 plugins.
Preloading 0 native plugins for Editor in 0.00 ms.
Asset Pipeline Refresh (id=9b395b4f3017291408f6e3983b9d588f): Total: 0.122 seconds - Initiated by StopAssetImportingV2(NoUpdateAssetOptions)
Refreshing native plugins compatible for Editor in 33.91 ms, found 0 plugins.
Preloading 0 native plugins for Editor in 0.00 ms.
Asset Pipeline Refresh (id=fe367718f4cce294db2a48ee0adbef64): Total: 0.090 seconds - Initiated by StopAssetImportingV2(NoUpdateAssetOptions)
Start importing Assets/Blueprinter/Mods/HalberdMod/MatHalberdBoosterNozzle.mat using Guid(6307d4186fe3bdd47814637e8a42cd6a) Importer(-1,00000000000000000000000000000000) [PhysX] Initialized MultithreadedTaskDispatcher with 12 workers.
 -> (artifact id: '025e69fd6b3471f1f5fb4964748ffb8d') in 0.007859 seconds
Refreshing native plugins compatible for Editor in 29.47 ms, found 0 plugins.
Preloading 0 native plugins for Editor in 0.00 ms.
Asset Pipeline Refresh (id=c6393388d1d360c4a8dc90ee6527a818): Total: 0.133 seconds - Initiated by StopAssetImportingV2(NoUpdateAssetOptions)
Refreshing native plugins compatible for Editor in 25.25 ms, found 0 plugins.
Preloading 0 native plugins for Editor in 0.00 ms.
Asset Pipeline Refresh (id=a6e27ebafa4ef334b835e85aa9e22398): Total: 0.079 seconds - Initiated by StopAssetImportingV2(NoUpdateAssetOptions)
Start importing Assets/Blueprinter/Mods/HalberdMod/MatHalberdBoosterNozzleRecess.mat using Guid(65f8af968e3f2bb4ebcd44dc9f36155d) Importer(-1,00000000000000000000000000000000) [PhysX] Initialized MultithreadedTaskDispatcher with 12 workers.
 -> (artifact id: '786072b445efda0b880dcbbfd1ea8fde') in 0.003639 seconds
Refreshing native plugins compatible for Editor in 25.07 ms, found 0 plugins.
Preloading 0 native plugins for Editor in 0.00 ms.
Asset Pipeline Refresh (id=e7bb2f1757fd3d84f8e1f4bdf5860866): Total: 0.113 seconds - Initiated by StopAssetImportingV2(NoUpdateAssetOptions)
Refreshing native plugins compatible for Editor in 26.00 ms, found 0 plugins.
Preloading 0 native plugins for Editor in 0.00 ms.
Asset Pipeline Refresh (id=658fb6661bfb6104fb6f7a4a943f88a4): Total: 0.078 seconds - Initiated by StopAssetImportingV2(NoUpdateAssetOptions)
Start importing Assets/Blueprinter/Mods/HalberdMod/Erenaldi.AAM44.prefab using Guid(219fe9e952756cb43b28b7fcddbd8279) Importer(-1,00000000000000000000000000000000) [PhysX] Initialized MultithreadedTaskDispatcher with 12 workers.
[PhysX] Initialized MultithreadedTaskDispatcher with 12 workers.
 -> (artifact id: '2c505662efe4f86318c58137828a848d') in 0.009054 seconds
Refreshing native plugins compatible for Editor in 25.68 ms, found 0 plugins.
Preloading 0 native plugins for Editor in 0.00 ms.
Asset Pipeline Refresh (id=c0d6b44d4b146ad4bad8a87eda626efe): Total: 0.118 seconds - Initiated by StopAssetImportingV2(NoUpdateAssetOptions)
Refreshing native plugins compatible for Editor in 25.64 ms, found 0 plugins.
Preloading 0 native plugins for Editor in 0.00 ms.
Asset Pipeline Refresh (id=10ca5fa5fe8049a47b63ce62d87e3e38): Total: 0.077 seconds - Initiated by StopAssetImportingV2(NoUpdateAssetOptions)
Start importing Assets/Blueprinter/Mods/HalberdMod/Erenaldi.AAM44_single.prefab using Guid(d8779e9df5bfd1144bb4643d6e013e1c) Importer(-1,00000000000000000000000000000000) [PhysX] Initialized MultithreadedTaskDispatcher with 12 workers.
[PhysX] Initialized MultithreadedTaskDispatcher with 12 workers.
 -> (artifact id: '6c4a24a49a727afb0a32e81ee250bcf7') in 0.015297 seconds
Refreshing native plugins compatible for Editor in 22.16 ms, found 0 plugins.
Preloading 0 native plugins for Editor in 0.00 ms.
Asset Pipeline Refresh (id=36f4666309e7a014a8c7e239c0b76d26): Total: 0.120 seconds - Initiated by StopAssetImportingV2(NoUpdateAssetOptions)
Start importing Assets/Blueprinter/Mods/HalberdMod/MatHalberdBody.mat using Guid(51a7800bc4de09e4bb7d94654f8613e7) Importer(-1,00000000000000000000000000000000) [PhysX] Initialized MultithreadedTaskDispatcher with 12 workers.
 -> (artifact id: 'f1aab588d7e6a08f752c36a0e240f4cc') in 0.003501 seconds
Start importing Assets/Blueprinter/Mods/HalberdMod/MatHalberdSustainerFins.mat using Guid(f2d71ef7e9de304478156e51caebba5e) Importer(-1,00000000000000000000000000000000) [PhysX] Initialized MultithreadedTaskDispatcher with 12 workers.
 -> (artifact id: '962bb053079eb2852783046f2d87d978') in 0.005413 seconds
Start importing Assets/Blueprinter/Mods/HalberdMod/MatHalberdBoosterNozzle.mat using Guid(6307d4186fe3bdd47814637e8a42cd6a) Importer(-1,00000000000000000000000000000000) [PhysX] Initialized MultithreadedTaskDispatcher with 12 workers.
 -> (artifact id: '5e84361aa8025f15ad1007ba6131a50e') in 0.003214 seconds
Start importing Assets/Blueprinter/Mods/HalberdMod/MatHalberdBooster.mat using Guid(833142cbbc2b24041b4936bf0d25a3fe) Importer(-1,00000000000000000000000000000000) [PhysX] Initialized MultithreadedTaskDispatcher with 12 workers.
 -> (artifact id: '66af7d5b90f7df6cfb045dd90a38e96e') in 0.003238 seconds
Start importing Assets/Blueprinter/Mods/HalberdMod/MatHalberdFins.mat using Guid(93ec73f1ff287574f80d889f71259f3f) Importer(-1,00000000000000000000000000000000) [PhysX] Initialized MultithreadedTaskDispatcher with 12 workers.
 -> (artifact id: '135cfff86796ca83583010682a295568') in 0.005662 seconds
Start importing Assets/Blueprinter/Mods/HalberdMod/MatHalberdHardware.mat using Guid(65955eb16e437944398f8060ccce9a84) Importer(-1,00000000000000000000000000000000) [PhysX] Initialized MultithreadedTaskDispatcher with 12 workers.
 -> (artifact id: 'a8440c87d4d4bd9544826ccd8ec5613d') in 0.003135 seconds
Start importing Assets/Blueprinter/Mods/HalberdMod/MatHalberdBoosterNozzleRecess.mat using Guid(65f8af968e3f2bb4ebcd44dc9f36155d) Importer(-1,00000000000000000000000000000000) [PhysX] Initialized MultithreadedTaskDispatcher with 12 workers.
 -> (artifact id: '4e2ec5d06185298b016045eb43b39ecf') in 0.002988 seconds
Start importing Assets/Blueprinter/Mods/HalberdMod/MatHalberdIntakes.mat using Guid(c508a9fd075c2704fa5d5af069950c7c) Importer(-1,00000000000000000000000000000000) [PhysX] Initialized MultithreadedTaskDispatcher with 12 workers.
 -> (artifact id: 'd9854c9a0052efc6e643b3a6d0cb43a6') in 0.005801 seconds
Start importing Assets/Blueprinter/Mods/HalberdMod/MatHalberdPylon.mat using Guid(46ea1d764a6f88249b8060cc4266da6c) Importer(-1,00000000000000000000000000000000) [PhysX] Initialized MultithreadedTaskDispatcher with 12 workers.
 -> (artifact id: '68f19521bd8571349ce49fb08a5b753d') in 0.002974 seconds
Start importing Assets/Blueprinter/Mods/HalberdMod/MatHalberdSustainerNozzle.mat using Guid(f7f606a5f32848a45a45e559f1ed6d8c) Importer(-1,00000000000000000000000000000000) [PhysX] Initialized MultithreadedTaskDispatcher with 12 workers.
 -> (artifact id: 'b55f82231593724643063fa998683dfd') in 0.002816 seconds
Refreshing native plugins compatible for Editor in 21.85 ms, found 0 plugins.
Preloading 0 native plugins for Editor in 0.00 ms.
Asset Pipeline Refresh (id=ee7cc95074668b64d913259309a4aeff): Total: 0.146 seconds - Initiated by StopAssetImportingV2(NoUpdateAssetOptions)
Asset Pipeline Refresh (id=cd7b198b72a08f648bcaf43b72246829): Total: 0.012 seconds - Initiated by RefreshV2(NoUpdateAssetOptions)
[Halberd] CAD geometry built: Assets/Blueprinter/Mods/HalberdMod
UnityEngine.StackTraceUtility:ExtractStackTrace ()
UnityEngine.DebugLogHandler:LogFormat (UnityEngine.LogType,UnityEngine.Object,string,object[])
UnityEngine.Logger:Log (UnityEngine.LogType,object)
UnityEngine.Debug:Log (object)
Erenaldi.Halberd.HalberdMeshBuilder:Build () (at Assets/Editor/HalberdMeshBuilder.cs:88)
Erenaldi.Munitions.MunitionsGeometryBundleBuilder:BuildBundle (bool) (at Assets/Editor/MunitionsGeometryBundleBuilder.cs:28)
Erenaldi.Munitions.MunitionsGeometryBundleBuilder:BuildHalberdBundle () (at Assets/Editor/MunitionsGeometryBundleBuilder.cs:23)

(Filename: Assets/Editor/HalberdMeshBuilder.cs Line: 88)

Start importing Assets/Settings/URP-Performant.asset using Guid(d0e2fc18fe036412f8223b3b3d9ad574) Importer(-1,00000000000000000000000000000000) [PhysX] Initialized MultithreadedTaskDispatcher with 12 workers.
 -> (artifact id: '53180f1e1907564a0d1d9ca0f734bf6a') in 0.003298 seconds
Start importing Assets/Settings/URP-Balanced.asset using Guid(e1260c1148f6143b28bae5ace5e9c5d1) Importer(-1,00000000000000000000000000000000) [PhysX] Initialized MultithreadedTaskDispatcher with 12 workers.
 -> (artifact id: 'f3d614c129f5643a5d42b39e1f5524e1') in 0.005669 seconds
Start importing Assets/Settings/URP-HighFidelity.asset using Guid(7b7fd9122c28c4d15b667c7040e3b3fd) Importer(-1,00000000000000000000000000000000) [PhysX] Initialized MultithreadedTaskDispatcher with 12 workers.
 -> (artifact id: '30def82d5293530c3e648f3ebcfc920a') in 0.003951 seconds
Refreshing native plugins compatible for Editor in 22.11 ms, found 0 plugins.
Preloading 0 native plugins for Editor in 0.00 ms.
Asset Pipeline Refresh (id=ea1b6c3cde55e2d4db776a8d0ff3aaa7): Total: 0.077 seconds - Initiated by StopAssetImportingV2(NoUpdateAssetOptions)
Asset Pipeline Refresh (id=9d9bf27aba2b13a4faddbd7517df6d10): Total: 0.149 seconds - Initiated by RefreshV2(NoUpdateAssetOptions)
info: Microsoft.AspNetCore.Hosting.Diagnostics[1]
      Request starting HTTP/2 POST http://ilpp/UnityILPP.PostProcessing/Ping application/grpc -
info: Microsoft.AspNetCore.Routing.EndpointMiddleware[0]
      Executing endpoint 'gRPC - /UnityILPP.PostProcessing/Ping'
info: Microsoft.AspNetCore.Routing.EndpointMiddleware[1]
      Executed endpoint 'gRPC - /UnityILPP.PostProcessing/Ping'
info: Microsoft.AspNetCore.Hosting.Diagnostics[2]
      Request finished HTTP/2 POST http://ilpp/UnityILPP.PostProcessing/Ping application/grpc - - 200 - application/grpc 0.4118ms
Starting: C:\Program Files\Unity\Hub\Editor\2022.3.62f2\Editor\Data\bee_backend.exe --ipc --defer-dag-verification --dagfile="Library/Bee/1900b0aESkipCompile.dag" --continue-on-failure --profile="Library/Bee/backend1.traceevents" ScriptAssembliesAndTypeDB
WorkingDir: C:/Users/erena/Desktop/Nuclear Option Munitions Package/unity/BlueprinterEditor/Blueprinter-Editor
ExitCode: 0 Duration: 0s134ms
*** Tundra build success (0.07 seconds), 0 items updated, 4 evaluated
Asset Pipeline Refresh (id=6f7392f5bf218b3408196e479f8e15ad): Total: 0.012 seconds - Initiated by RefreshV2(NoUpdateAssetOptions)
[ScriptCompilation] Requested script compilation because: Recompiling scripts for player build.
BuildPlayer: start building target 19
Total cache size 50992816
Total cache size after purge 50992816
info: Microsoft.AspNetCore.Hosting.Diagnostics[1]
      Request starting HTTP/2 POST http://ilpp/UnityILPP.PostProcessing/Ping application/grpc -
info: Microsoft.AspNetCore.Routing.EndpointMiddleware[0]
      Executing endpoint 'gRPC - /UnityILPP.PostProcessing/Ping'
info: Microsoft.AspNetCore.Routing.EndpointMiddleware[1]
      Executed endpoint 'gRPC - /UnityILPP.PostProcessing/Ping'
info: Microsoft.AspNetCore.Hosting.Diagnostics[2]
      Request finished HTTP/2 POST http://ilpp/UnityILPP.PostProcessing/Ping application/grpc - - 200 - application/grpc 0.1521ms
Starting: C:\Program Files\Unity\Hub\Editor\2022.3.62f2\Editor\Data\bee_backend.exe --ipc --defer-dag-verification --dagfile="Library/Bee/1900b0aP.dag" --continue-on-failure --profile="Library/Bee/backend1.traceevents" ScriptAssembliesAndTypeDB
WorkingDir: C:/Users/erena/Desktop/Nuclear Option Munitions Package/unity/BlueprinterEditor/Blueprinter-Editor
info: Microsoft.AspNetCore.Hosting.Diagnostics[1]
      Request starting HTTP/2 POST http://ilpp/UnityILPP.PostProcessing/ConfigurePostProcessors application/grpc -
info: Microsoft.AspNetCore.Routing.EndpointMiddleware[0]
      Executing endpoint 'gRPC - /UnityILPP.PostProcessing/ConfigurePostProcessors'
info: Unity.ILPP.Runner.PostProcessingAssemblyLoadContext[0]
      ALC ILPP context 1 is unloading
warn: Unity.ILPP.Runner.PostProcessingAssemblyLoadContext[0]
      Assembly system.runtime.interopservices.windowsruntime has duplicate hint path. Ignoring "C:\Program Files\Unity\Hub\Editor\2022.3.62f2\Editor\Data\UnityReferenceAssemblies\unity-4.8-api\Facades\System.Runtime.InteropServices.WindowsRuntime.dll" in favor of "C:\Program Files\Unity\Hub\Editor\2022.3.62f2\Editor\Data\NetStandard\Extensions\2.0.0\System.Runtime.InteropServices.WindowsRuntime.dll"
warn: Unity.ILPP.Runner.PostProcessingAssemblyLoadContext[0]
      Assembly system.componentmodel.composition has duplicate hint path. Ignoring "C:\Program Files\Unity\Hub\Editor\2022.3.62f2\Editor\Data\UnityReferenceAssemblies\unity-4.8-api\System.ComponentModel.Composition.dll" in favor of "C:\Program Files\Unity\Hub\Editor\2022.3.62f2\Editor\Data\NetStandard\compat\2.1.0\shims\netfx\System.ComponentModel.Composition.dll"
info: Unity.ILPP.Runner.PostProcessingAssemblyLoadContext[0]
      Resolved Unity.Burst.Cecil, Version=0.11.4.0, Culture=neutral, PublicKeyToken=50cebf1cceb9d05e with Library\PackageCache\com.unity.burst@1.8.21\Unity.Burst.CodeGen\Unity.Burst.Cecil.dll
info: Microsoft.AspNetCore.Routing.EndpointMiddleware[1]
      Executed endpoint 'gRPC - /UnityILPP.PostProcessing/ConfigurePostProcessors'
info: Microsoft.AspNetCore.Hosting.Diagnostics[2]
      Request finished HTTP/2 POST http://ilpp/UnityILPP.PostProcessing/ConfigurePostProcessors application/grpc - - 200 - application/grpc 11.0049ms
ExitCode: 0 Duration: 1s673ms
[306/372    0s] CopyFiles Library/PlayerScriptAssemblies/UnityEngine.TestRunner.dll
[308/372    0s] CopyFiles Library/PlayerScriptAssemblies/UnityEngine.TestRunner.pdb
[312/372    0s] WriteResponseFile Library/Bee/artifacts/rsp/4747638433968585886.rsp
[324/372    0s] ILPP-Configuration Library/ilpp-configuration.nevergeneratedoutput
[340/372    0s] CopyFiles Library/PlayerScriptAssemblies/Unity.RenderPipelines.Universal.Config.Runtime.dll
[341/372    0s] CopyFiles Library/PlayerScriptAssemblies/Unity.Mathematics.dll
[342/372    0s] CopyFiles Library/PlayerScriptAssemblies/Unity.Burst.dll
[343/372    0s] CopyFiles Library/PlayerScriptAssemblies/Unity.RenderPipelines.ShaderGraph.ShaderGraphLibrary.dll
[344/372    0s] CopyFiles Library/PlayerScriptAssemblies/Unity.RenderPipelines.Core.Runtime.dll
[345/372    0s] CopyFiles Library/PlayerScriptAssemblies/Unity.ResourceManager.dll
[346/372    0s] CopyFiles Library/PlayerScriptAssemblies/Unity.RenderPipelines.Universal.Shaders.dll
[347/372    0s] CopyFiles Library/PlayerScriptAssemblies/Unity.Addressables.dll
[348/372    0s] CopyFiles Library/PlayerScriptAssemblies/Unity.Mathematics.pdb
[349/372    0s] CopyFiles Library/PlayerScriptAssemblies/Unity.RenderPipelines.Core.Runtime.pdb
[350/372    0s] CopyFiles Library/PlayerScriptAssemblies/Unity.TextMeshPro.pdb
[351/372    0s] CopyFiles Library/PlayerScriptAssemblies/Unity.TextMeshPro.dll
[352/372    0s] CopyFiles Library/PlayerScriptAssemblies/Unity.RenderPipeline.Universal.ShaderLibrary.dll
[353/372    0s] CopyFiles Library/PlayerScriptAssemblies/Unity.RenderPipelines.Universal.Runtime.pdb
[354/372    0s] CopyFiles Library/PlayerScriptAssemblies/Unity.RenderPipelines.Universal.Runtime.dll
[355/372    0s] CopyFiles Library/PlayerScriptAssemblies/Unity.ScriptableBuildPipeline.pdb
[356/372    0s] CopyFiles Library/PlayerScriptAssemblies/Unity.ScriptableBuildPipeline.dll
[357/372    0s] CopyFiles Library/PlayerScriptAssemblies/Unity.ResourceManager.pdb
[358/372    0s] CopyFiles Library/PlayerScriptAssemblies/Unity.RenderPipelines.Core.ShaderLibrary.dll
[359/372    0s] CopyFiles Library/PlayerScriptAssemblies/Unity.RenderPipelines.Universal.2D.Internal.dll
[360/372    0s] CopyFiles Library/PlayerScriptAssemblies/UnityEngine.UI.dll
[361/372    0s] CopyFiles Library/PlayerScriptAssemblies/Unity.RenderPipelines.ShaderGraph.ShaderGraphLibrary.pdb
[362/372    0s] CopyFiles Library/PlayerScriptAssemblies/Unity.RenderPipelines.Universal.Shaders.pdb
[363/372    0s] CopyFiles Library/PlayerScriptAssemblies/Unity.RenderPipelines.Universal.Config.Runtime.pdb
[364/372    0s] CopyFiles Library/PlayerScriptAssemblies/Unity.Burst.pdb
[365/372    0s] CopyFiles Library/PlayerScriptAssemblies/Unity.RenderPipeline.Universal.ShaderLibrary.pdb
[366/372    0s] CopyFiles Library/PlayerScriptAssemblies/Unity.RenderPipelines.Universal.2D.Internal.pdb
[367/372    0s] CopyFiles Library/PlayerScriptAssemblies/Unity.Addressables.pdb
[368/372    0s] CopyFiles Library/PlayerScriptAssemblies/Unity.RenderPipelines.Core.ShaderLibrary.pdb
[369/372    0s] CopyFiles Library/PlayerScriptAssemblies/UnityEngine.UI.pdb
*** Tundra build success (1.62 seconds), 34 items updated, 372 evaluated
Total cache size 50992816
Total cache size after purge 50992816
Compiling shader "Universal Render Pipeline/Lit" pass "ForwardLit" (vp)
    Full variant space:         377561088
    After settings filtering:   67584
    After built-in stripping:   132
    After scriptable stripping: 39
    Processed in 4.26 seconds
    starting compilation...
    finished in 0.00 seconds. Local cache hits 39 (0.02s CPU time), remote cache hits 0 (0.00s CPU time), compiled 0 variants (0.00s CPU time), skipped 0 variants
    Prepared data for serialisation in 0.00s
Compiling shader "Universal Render Pipeline/Lit" pass "ForwardLit" (fp)
    Full variant space:         377487360
    After settings filtering:   61440
    After built-in stripping:   120
    After scriptable stripping: 36
    Processed in 0.01 seconds
    starting compilation...
    finished in 0.00 seconds. Local cache hits 36 (0.02s CPU time), remote cache hits 0 (0.00s CPU time), compiled 0 variants (0.00s CPU time), skipped 0 variants
    Prepared data for serialisation in 0.00s
Compiling shader "Universal Render Pipeline/Lit" pass "ShadowCaster" (vp)
    Full variant space:         24
    After settings filtering:   24
    After built-in stripping:   6
    After scriptable stripping: 6
    Processed in 0.00 seconds
    starting compilation...
    finished in 0.00 seconds. Local cache hits 6 (0.00s CPU time), remote cache hits 0 (0.00s CPU time), compiled 0 variants (0.00s CPU time), skipped 0 variants
    Prepared data for serialisation in 0.00s
Compiling shader "Universal Render Pipeline/Lit" pass "ShadowCaster" (fp)
    Full variant space:         8
    After settings filtering:   8
    After built-in stripping:   2
    After scriptable stripping: 2
    Processed in 0.00 seconds
    starting compilation...
    finished in 0.00 seconds. Local cache hits 2 (0.00s CPU time), remote cache hits 0 (0.00s CPU time), compiled 0 variants (0.00s CPU time), skipped 0 variants
    Prepared data for serialisation in 0.00s
Compiling shader "Universal Render Pipeline/Lit" pass "GBuffer" (vp)
    Full variant space:         655872
    After settings filtering:   3072
    After built-in stripping:   24
    After scriptable stripping: 0
    Processed in 0.00 seconds
    Prepared data for serialisation in 0.00s
Compiling shader "Universal Render Pipeline/Lit" pass "DepthOnly" (vp)
    Full variant space:         12
    After settings filtering:   12
    After built-in stripping:   3
    After scriptable stripping: 3
    Processed in 0.00 seconds
    starting compilation...
    finished in 0.00 seconds. Local cache hits 3 (0.00s CPU time), remote cache hits 0 (0.00s CPU time), compiled 0 variants (0.00s CPU time), skipped 0 variants
    Prepared data for serialisation in 0.00s
Compiling shader "Universal Render Pipeline/Lit" pass "DepthOnly" (fp)
    Full variant space:         8
    After settings filtering:   8
    After built-in stripping:   2
    After scriptable stripping: 2
    Processed in 0.00 seconds
    starting compilation...
    finished in 0.00 seconds. Local cache hits 2 (0.00s CPU time), remote cache hits 0 (0.00s CPU time), compiled 0 variants (0.00s CPU time), skipped 0 variants
    Prepared data for serialisation in 0.00s
Compiling shader "Universal Render Pipeline/Lit" pass "DepthNormals" (vp)
    Full variant space:         20
    After settings filtering:   12
    After built-in stripping:   3
    After scriptable stripping: 3
    Processed in 0.00 seconds
    starting compilation...
    finished in 0.00 seconds. Local cache hits 3 (0.00s CPU time), remote cache hits 0 (0.00s CPU time), compiled 0 variants (0.00s CPU time), skipped 0 variants
    Prepared data for serialisation in 0.00s
Compiling shader "Universal Render Pipeline/Lit" pass "DepthNormals" (fp)
    Full variant space:         16
    After settings filtering:   8
    After built-in stripping:   2
    After scriptable stripping: 2
    Processed in 0.00 seconds
    starting compilation...
    finished in 0.00 seconds. Local cache hits 2 (0.00s CPU time), remote cache hits 0 (0.00s CPU time), compiled 0 variants (0.00s CPU time), skipped 0 variants
    Prepared data for serialisation in 0.00s
Compiling shader "Universal Render Pipeline/Lit" pass "Universal2D" (vp)
    Full variant space:         4
    After settings filtering:   4
    After built-in stripping:   2
    After scriptable stripping: 0
    Processed in 0.00 seconds
    Prepared data for serialisation in 0.00s
Serialized binary data for shader Universal Render Pipeline/Lit in 0.00s
    d3d11 (total internal programs: 49, unique: 49)
    vulkan (total internal programs: 44, unique: 44)
Compiling shader "Hidden/Core/FallbackError" pass "" (vp)
    Full variant space:         8
    After settings filtering:   8
    After built-in stripping:   2
    After scriptable stripping: 2
    Processed in 0.00 seconds
    starting compilation...
    finished in 0.00 seconds. Local cache hits 2 (0.00s CPU time), remote cache hits 0 (0.00s CPU time), compiled 0 variants (0.00s CPU time), skipped 0 variants
    Prepared data for serialisation in 0.00s
Compiling shader "Hidden/Core/FallbackError" pass "" (fp)
    Full variant space:         4
    After settings filtering:   4
    After built-in stripping:   1
    After scriptable stripping: 1
    Processed in 0.00 seconds
    starting compilation...
    finished in 0.00 seconds. Local cache hits 1 (0.00s CPU time), remote cache hits 0 (0.00s CPU time), compiled 0 variants (0.00s CPU time), skipped 0 variants
    Prepared data for serialisation in 0.00s
Serialized binary data for shader Hidden/Core/FallbackError in 0.00s
    d3d11 (total internal programs: 2, unique: 2)
    vulkan (total internal programs: 1, unique: 1)
Compiling shader "Universal Render Pipeline/Complex Lit" pass "ForwardLit" (vp)
    Full variant space:         1208033280
    After settings filtering:   129024
    After built-in stripping:   252
    After scriptable stripping: 75
    Processed in 0.01 seconds
    starting compilation...
    finished in 0.00 seconds. Local cache hits 75 (0.04s CPU time), remote cache hits 0 (0.00s CPU time), compiled 0 variants (0.00s CPU time), skipped 0 variants
    Prepared data for serialisation in 0.00s
Compiling shader "Universal Render Pipeline/Complex Lit" pass "ForwardLit" (fp)
    Full variant space:         1207959552
    After settings filtering:   122880
    After built-in stripping:   240
    After scriptable stripping: 72
    Processed in 0.01 seconds
    starting compilation...
    finished in 0.00 seconds. Local cache hits 72 (0.04s CPU time), remote cache hits 0 (0.00s CPU time), compiled 0 variants (0.00s CPU time), skipped 0 variants
    Prepared data for serialisation in 0.00s
Compiling shader "Universal Render Pipeline/Complex Lit" pass "ShadowCaster" (vp)
    Full variant space:         24
    After settings filtering:   24
    After built-in stripping:   6
    After scriptable stripping: 6
    Processed in 0.00 seconds
    starting compilation...
    finished in 0.00 seconds. Local cache hits 6 (0.00s CPU time), remote cache hits 0 (0.00s CPU time), compiled 0 variants (0.00s CPU time), skipped 0 variants
    Prepared data for serialisation in 0.00s
Compiling shader "Universal Render Pipeline/Complex Lit" pass "ShadowCaster" (fp)
    Full variant space:         8
    After settings filtering:   8
    After built-in stripping:   2
    After scriptable stripping: 2
    Processed in 0.00 seconds
    starting compilation...
    finished in 0.00 seconds. Local cache hits 2 (0.00s CPU time), remote cache hits 0 (0.00s CPU time), compiled 0 variants (0.00s CPU time), skipped 0 variants
    Prepared data for serialisation in 0.00s
Compiling shader "Universal Render Pipeline/Complex Lit" pass "GBuffer" (vp)
    Full variant space:         262656
    After settings filtering:   3072
    After built-in stripping:   24
    After scriptable stripping: 0
    Processed in 0.00 seconds
    Prepared data for serialisation in 0.00s
Compiling shader "Universal Render Pipeline/Complex Lit" pass "DepthOnly" (vp)
    Full variant space:         12
    After settings filtering:   12
    After built-in stripping:   3
    After scriptable stripping: 3
    Processed in 0.00 seconds
    starting compilation...
    finished in 0.00 seconds. Local cache hits 3 (0.00s CPU time), remote cache hits 0 (0.00s CPU time), compiled 0 variants (0.00s CPU time), skipped 0 variants
    Prepared data for serialisation in 0.00s
Compiling shader "Universal Render Pipeline/Complex Lit" pass "DepthOnly" (fp)
    Full variant space:         8
    After settings filtering:   8
    After built-in stripping:   2
    After scriptable stripping: 2
    Processed in 0.00 seconds
    starting compilation...
    finished in 0.00 seconds. Local cache hits 2 (0.00s CPU time), remote cache hits 0 (0.00s CPU time), compiled 0 variants (0.00s CPU time), skipped 0 variants
    Prepared data for serialisation in 0.00s
Compiling shader "Universal Render Pipeline/Complex Lit" pass "DepthNormalsOnly" (vp)
    Full variant space:         36
    After settings filtering:   12
    After built-in stripping:   3
    After scriptable stripping: 3
    Processed in 0.00 seconds
    starting compilation...
    finished in 0.00 seconds. Local cache hits 3 (0.00s CPU time), remote cache hits 0 (0.00s CPU time), compiled 0 variants (0.00s CPU time), skipped 0 variants
    Prepared data for serialisation in 0.00s
Compiling shader "Universal Render Pipeline/Complex Lit" pass "DepthNormalsOnly" (fp)
    Full variant space:         32
    After settings filtering:   8
    After built-in stripping:   2
    After scriptable stripping: 2
    Processed in 0.00 seconds
    starting compilation...
    finished in 0.00 seconds. Local cache hits 2 (0.00s CPU time), remote cache hits 0 (0.00s CPU time), compiled 0 variants (0.00s CPU time), skipped 0 variants
    Prepared data for serialisation in 0.00s
Compiling shader "Universal Render Pipeline/Complex Lit" pass "Universal2D" (vp)
    Full variant space:         2
    After settings filtering:   2
    After built-in stripping:   2
    After scriptable stripping: 0
    Processed in 0.00 seconds
    Prepared data for serialisation in 0.00s
Serialized binary data for shader Universal Render Pipeline/Complex Lit in 0.00s
    d3d11 (total internal programs: 85, unique: 85)
    vulkan (total internal programs: 80, unique: 80)
Compressed shader 'Universal Render Pipeline/Complex Lit' on d3d11 from 1.11MB to 0.10MB
Compressed shader 'Universal Render Pipeline/Complex Lit' on vulkan from 1.57MB to 0.39MB
Compressed shader 'Universal Render Pipeline/Complex Lit' in 0.07s
Compiling shader "Hidden/Universal Render Pipeline/FallbackError" pass "" (vp)
    Full variant space:         12
    After settings filtering:   12
    After built-in stripping:   2
    After scriptable stripping: 2
    Processed in 0.00 seconds
    starting compilation...
    finished in 0.00 seconds. Local cache hits 2 (0.00s CPU time), remote cache hits 0 (0.00s CPU time), compiled 0 variants (0.00s CPU time), skipped 0 variants
    Prepared data for serialisation in 0.00s
Compiling shader "Hidden/Universal Render Pipeline/FallbackError" pass "" (fp)
    Full variant space:         6
    After settings filtering:   6
    After built-in stripping:   1
    After scriptable stripping: 1
    Processed in 0.00 seconds
    starting compilation...
    finished in 0.00 seconds. Local cache hits 1 (0.00s CPU time), remote cache hits 0 (0.00s CPU time), compiled 0 variants (0.00s CPU time), skipped 0 variants
    Prepared data for serialisation in 0.00s
Serialized binary data for shader Hidden/Universal Render Pipeline/FallbackError in 0.00s
    d3d11 (total internal programs: 2, unique: 2)
    vulkan (total internal programs: 1, unique: 1)

***Player size statistics***
Total compressed size 1.2 MB. Total uncompressed size 4.5 MB.
Unloading 17 Unused Serialized files (Serialized files now loaded: 0)
Unloading 370 unused Assets / (0.8 MB). Loaded Objects now: 4872.
Memory consumption went from 184.2 MB to 183.5 MB.
Total: 8.506800 ms (FindLiveObjects: 0.356900 ms CreateObjectMapping: 0.166300 ms MarkObjects: 6.210900 ms  DeleteObjects: 1.768000 ms)


***Player size statistics***
Total compressed size 1.0 KB. Total uncompressed size 4.1 KB.
Unloading 0 Unused Serialized files (Serialized files now loaded: 0)
Unloading 0 unused Assets / (0 B). Loaded Objects now: 4874.
Memory consumption went from 172.2 MB to 172.2 MB.
Total: 5.553600 ms (FindLiveObjects: 0.332400 ms CreateObjectMapping: 0.149400 ms MarkObjects: 5.055200 ms  DeleteObjects: 0.015200 ms)


-------------------------------------------------------------------------------
Bundle Name: erenaldi_munitions.geometry
Compressed Size:1.2 mb
Uncompressed usage by category (Percentages based on user generated assets only):
Textures               682.9 kb	 14.9% 
Meshes                 2.9 mb	 65.6% 
Animations             0.0 kb	 0.0% 
Sounds                 0.0 kb	 0.0% 
Shaders                752.8 kb	 16.4% 
Other Assets           37.9 kb	 0.8% 
Levels                 0.0 kb	 0.0% 
Scripts                0.0 kb	 0.0% 
Included DLLs          0.0 kb	 0.0% 
File headers           102.1 kb	 2.2% 
Total User Assets      4.5 mb	 100.0% 
Complete build size    4.5 mb
Used Assets and files from the Resources folder, sorted by uncompressed size:
 1.7 mb	 37.6% Assets/Blueprinter/Mods/KrisMod/MeshKrisHardware.asset
 518.8 kb	 11.3% Packages/com.unity.render-pipelines.universal/Shaders/ComplexLit.shader
 341.5 kb	 7.5% Assets/Blueprinter/Mods/HalberdMod/TexHalberdBooster.asset
 341.5 kb	 7.5% Assets/Blueprinter/Mods/HalberdMod/TexHalberdBody.asset
 336.5 kb	 7.3% Assets/Blueprinter/Mods/KrisMod/MeshKrisBody.asset
 225.6 kb	 4.9% Packages/com.unity.render-pipelines.universal/Shaders/Lit.shader
 181.0 kb	 3.9% Assets/Blueprinter/Mods/HalberdMod/MeshHalberdBooster.asset
 172.8 kb	 3.8% Assets/Blueprinter/Mods/HalberdMod/MeshHalberdBody.asset
 159.4 kb	 3.5% Assets/Blueprinter/Mods/KrisMod/MeshKrisGridFins.asset
 141.0 kb	 3.1% Assets/Blueprinter/Mods/HalberdMod/MeshHalberdBoosterNozzle.asset
 74.1 kb	 1.6% Assets/Blueprinter/Mods/KrisMod/MeshKrisDark.asset
 58.6 kb	 1.3% Assets/Blueprinter/Mods/KrisMod/MeshKrisSeeker.asset
 44.8 kb	 1.0% Assets/Blueprinter/Mods/HalberdMod/MeshHalberdHardware.asset
 31.5 kb	 0.7% Assets/Blueprinter/Mods/HalberdMod/MeshHalberdIntakes.asset
 28.4 kb	 0.6% Assets/Blueprinter/Mods/HalberdMod/MeshHalberdSustainerNozzle.asset
 22.5 kb	 0.5% Assets/Blueprinter/Mods/HalberdMod/MeshHalberdBoosterFins.asset
 18.0 kb	 0.4% Assets/Blueprinter/Mods/HalberdMod/MeshHalberdSustainerFins.asset
 12.6 kb	 0.3% Assets/Blueprinter/Mods/HalberdMod/MeshHalberdBoosterNozzleRecess.asset
 4.4 kb	 0.1% Packages/com.unity.render-pipelines.universal/Shaders/Utils/FallbackError.shader
 3.9 kb	 0.1% Packages/com.unity.render-pipelines.core/Runtime/RenderPipelineResources/FallbackShader.shader
 3.5 kb	 0.1% Assets/Blueprinter/Mods/HalberdMod/Erenaldi.AAM44_single.prefab
 3.0 kb	 0.1% Assets/Blueprinter/Mods/HalberdMod/Erenaldi.AAM44.prefab
 2.9 kb	 0.1% AssetBundle Object
 2.1 kb	 0.0% Assets/Blueprinter/Mods/KrisMod/Erenaldi.IRMS4_single.prefab
 2.0 kb	 0.0% Assets/Blueprinter/Mods/KrisMod/MeshKrisPylon.asset
 2.0 kb	 0.0% Assets/Blueprinter/Mods/HalberdMod/MeshHalberdPylon.asset
 1.6 kb	 0.0% Assets/Blueprinter/Mods/KrisMod/Erenaldi.IRMS4.prefab
 1.6 kb	 0.0% Assets/Blueprinter/Mods/HalberdMod/MatHalberdBoosterNozzleRecess.mat
 1.6 kb	 0.0% Assets/Blueprinter/Mods/HalberdMod/MatHalberdSustainerNozzle.mat
 1.6 kb	 0.0% Assets/Blueprinter/Mods/HalberdMod/MatHalberdSustainerFins.mat
 1.6 kb	 0.0% Assets/Blueprinter/Mods/HalberdMod/MatHalberdBoosterNozzle.mat
 1.6 kb	 0.0% Assets/Blueprinter/Mods/HalberdMod/MatHalberdIntakes.mat
 1.6 kb	 0.0% Assets/Blueprinter/Mods/HalberdMod/MatHalberdHardware.mat
 1.6 kb	 0.0% Assets/Blueprinter/Mods/HalberdMod/MatHalberdBooster.mat
 1.6 kb	 0.0% Assets/Blueprinter/Mods/KrisMod/MatKrisHardware.mat
 1.6 kb	 0.0% Assets/Blueprinter/Mods/KrisMod/MatKrisGridFins.mat
 1.6 kb	 0.0% Assets/Blueprinter/Mods/HalberdMod/MatHalberdPylon.mat
 1.6 kb	 0.0% Assets/Blueprinter/Mods/HalberdMod/MatHalberdFins.mat
 1.6 kb	 0.0% Assets/Blueprinter/Mods/HalberdMod/MatHalberdBody.mat
 1.5 kb	 0.0% Assets/Blueprinter/Mods/KrisMod/MatKrisPylon.mat
 1.5 kb	 0.0% Assets/Blueprinter/Mods/KrisMod/MatKrisDark.mat
 1.5 kb	 0.0% Assets/Blueprinter/Mods/KrisMod/MatKrisBody.mat
 1.5 kb	 0.0% Assets/Blueprinter/Mods/KrisMod/MatKrisSeeker.mat
-------------------------------------------------------------------------------
-------------------------------------------------------------------------------
Bundle Name: MunitionsGeometry
Compressed Size:1.0 kb
Uncompressed usage by category (Percentages based on user generated assets only):
Textures               0.0 kb	 0.0% 
Meshes                 0.0 kb	 0.0% 
Animations             0.0 kb	 0.0% 
Sounds                 0.0 kb	 0.0% 
Shaders                0.0 kb	 0.0% 
Other Assets           0.2 kb	 4.7% 
Levels                 0.0 kb	 0.0% 
Scripts                0.0 kb	 0.0% 
Included DLLs          0.0 kb	 0.0% 
File headers           3.9 kb	 95.3% 
Total User Assets      4.1 kb	 100.0% 
Complete build size    4.1 kb
Used Assets and files from the Resources folder, sorted by uncompressed size:
 0.1 kb	 2.5% AssetBundle Object
 0.1 kb	 2.3% Built-in AssetBundleManifest: AssetBundleManifest
-------------------------------------------------------------------------------
[Munitions] Geometry bundle built: C:\Users\erena\Desktop\Nuclear Option Munitions Package\src\Erenaldi.MunitionsPackage\erenaldi_munitions.geometry.bundle
UnityEngine.StackTraceUtility:ExtractStackTrace ()
UnityEngine.DebugLogHandler:LogFormat (UnityEngine.LogType,UnityEngine.Object,string,object[])
UnityEngine.Logger:Log (UnityEngine.LogType,object)
UnityEngine.Debug:Log (object)
Erenaldi.Munitions.MunitionsGeometryBundleBuilder:BuildBundle (bool) (at Assets/Editor/MunitionsGeometryBundleBuilder.cs:60)
Erenaldi.Munitions.MunitionsGeometryBundleBuilder:BuildHalberdBundle () (at Assets/Editor/MunitionsGeometryBundleBuilder.cs:23)

(Filename: Assets/Editor/MunitionsGeometryBundleBuilder.cs Line: 60)

Batchmode quit successfully invoked - shutting down!
[PhysX] Initialized MultithreadedTaskDispatcher with 12 workers.
Input System module state changed to: ShutdownInProgress.
Input System polling thread exited.
Input System module state changed to: Shutdown.
[Licensing::IpcConnector] LicenseClient-erena-notifications channel disconnected successfully.
[Licensing::IpcConnector] LicenseClient-erena channel disconnected successfully.
Cleanup mono
abort_threads: Failed aborting id: 0000000000005B20, mono_thread_manage will ignore it

abort_threads: Failed aborting id: 0000000000002C1C, mono_thread_manage will ignore it

abort_threads: Failed aborting id: 0000000000005B20, mono_thread_manage will ignore it

abort_threads: Failed aborting id: 0000000000002C1C, mono_thread_manage will ignore it

debugger-agent: Unable to listen on 6676
[Performance] WinEditorMain                                                                                                  :        1 samples, Peak.  1.67 s (1.0x), Avg.  1.67 s, Total. 1.671 s (5.0%)
[Performance] WinEditorMain.ConfigureCrashHandler                                                                            :        1 samples, Peak.  38.3 us (1.0x), Avg.  38.3 us, Total. 38.30 us (0.0%)
[Performance] WinEditorMain.CurlRequestInitialize                                                                            :        1 samples, Peak.   707 us (1.0x), Avg.   707 us, Total. 707.2 us (0.0%)
[Performance] WinEditorMain.SetupLogFile                                                                                     :        1 samples, Peak.   752 us (1.0x), Avg.   752 us, Total. 752.3 us (0.0%)
[Performance] WinEditorMain.RunNativeTestsIfRequiredAndExit                                                                  :        1 samples, Peak.   200 ns (1.0x), Avg.   200 ns, Total. 200.0 ns (0.0%)
[Performance] WinEditorMain.Licensing                                                                                        :        1 samples, Peak.  1.53 s (1.0x), Avg.  1.53 s, Total. 1.528 s (4.6%)
[Performance] WinEditorMain.InitializeCrashHandler                                                                           :        1 samples, Peak.   136 ms (1.0x), Avg.   136 ms, Total. 136.0 ms (0.4%)
[Performance] WinEditorMain.CreateApplication                                                                                :        1 samples, Peak.   353 us (1.0x), Avg.   353 us, Total. 352.6 us (0.0%)
[Performance] Application.InitializeProject                                                                                  :        1 samples, Peak.  14.5 s (1.0x), Avg.  14.5 s, Total. 14.47 s (43.2%)
[Performance] Application.PackageManager.StartServer                                                                         :        1 samples, Peak.  12.3 ms (1.0x), Avg.  12.3 ms, Total. 12.34 ms (0.0%)
[Performance] Application.AcquireProjectLock                                                                                 :        1 samples, Peak.  6.29 ms (1.0x), Avg.  6.29 ms, Total. 6.294 ms (0.0%)
[Performance] Application.InitializeEngineNoGraphics                                                                         :        1 samples, Peak.   133 ms (1.0x), Avg.   133 ms, Total. 133.2 ms (0.4%)
[Performance] Application.PackageManager.Initialize                                                                          :        1 samples, Peak.  1.29 s (1.0x), Avg.  1.29 s, Total. 1.294 s (3.9%)
[Performance] Connecting to Package Manager                                                                                  :      113 samples, Peak.  95.8 us (23.1x), Avg.  4.14 us, Total. 467.7 us (0.0%)
[Performance] Application.EngineGraphics.Initialize                                                                          :        1 samples, Peak.   514 ms (1.0x), Avg.   514 ms, Total. 513.5 ms (1.5%)
[Performance] Application.GI.Initialize                                                                                      :        1 samples, Peak.  9.49 ms (1.0x), Avg.  9.49 ms, Total. 9.487 ms (0.0%)
[Performance] Application.LoadAllDefaultResourcesFromEditor                                                                  :        1 samples, Peak.  5.03 ms (1.0x), Avg.  5.03 ms, Total. 5.029 ms (0.0%)
[Performance] Application.LoadMonoAssemblies                                                                                 :        1 samples, Peak.   951 ms (1.0x), Avg.   951 ms, Total. 950.6 ms (2.8%)
[Performance] RestoreManagedReferences                                                                                       :        2 samples, Peak.   150 ms (2.0x), Avg.  74.8 ms, Total. 149.6 ms (0.4%)
[Performance] InitializeOnLoad DrivenRectTransformUndo                                                                       :        2 samples, Peak.   745 us (1.1x), Avg.   665 us, Total. 1.331 ms (0.0%)
[Performance] InitializeOnLoad SceneSearch                                                                                   :        2 samples, Peak.   232 us (1.3x), Avg.   185 us, Total. 369.4 us (0.0%)
[Performance] InitializeOnLoad CloudBuild                                                                                    :        2 samples, Peak.  10.5 us (1.4x), Avg.  7.55 us, Total. 15.10 us (0.0%)
[Performance] InitializeOnLoad NativeFormatImporterUtility                                                                   :        2 samples, Peak.  5.62 ms (1.3x), Avg.  4.41 ms, Total. 8.814 ms (0.0%)
[Performance] InitializeOnLoad SearchService                                                                                 :        2 samples, Peak.   257 us (1.1x), Avg.   241 us, Total. 481.5 us (0.0%)
[Performance] InitializeOnLoad SettingsService                                                                               :        2 samples, Peak.  16.6 us (1.1x), Avg.  15.4 us, Total. 30.80 us (0.0%)
[Performance] InitializeOnLoad WindowLayout                                                                                  :        2 samples, Peak.  1.71 ms (1.3x), Avg.  1.35 ms, Total. 2.700 ms (0.0%)
[Performance] InitializeOnLoad AssetStoreContext                                                                             :        2 samples, Peak.  41.8 ms (1.0x), Avg.  40.1 ms, Total. 80.29 ms (0.2%)
[Performance] InitializeOnLoad PoolManager                                                                                   :        2 samples, Peak.  1.74 ms (1.4x), Avg.  1.22 ms, Total. 2.430 ms (0.0%)
[Performance] InitializeOnLoad MixerEffectDefinitionReloader                                                                 :        2 samples, Peak.  6.98 ms (1.4x), Avg.  5.13 ms, Total. 10.27 ms (0.0%)
[Performance] InitializeOnLoad ProjectSearch                                                                                 :        2 samples, Peak.   112 us (1.0x), Avg.   107 us, Total. 214.4 us (0.0%)
[Performance] InitializeOnLoad UISystemProfilerRenderService                                                                 :        2 samples, Peak.  13.9 us (1.1x), Avg.  12.5 us, Total. 24.90 us (0.0%)
[Performance] InitializeOnLoad EditMode                                                                                      :        2 samples, Peak.   816 us (1.1x), Avg.   758 us, Total. 1.516 ms (0.0%)
[Performance] InitializeOnLoad UnityConnect                                                                                  :        2 samples, Peak.   110 us (1.1x), Avg.   101 us, Total. 201.2 us (0.0%)
[Performance] InitializeOnLoad ManagedDebugger                                                                               :        2 samples, Peak.   959 us (1.6x), Avg.   585 us, Total. 1.171 ms (0.0%)
[Performance] InitializeOnLoad ShortcutIntegration                                                                           :        2 samples, Peak.  99.4 us (1.1x), Avg.  90.1 us, Total. 180.1 us (0.0%)
[Performance] InitializeOnLoad AddComponentWindow                                                                            :        2 samples, Peak.   168 us (1.1x), Avg.   150 us, Total. 300.7 us (0.0%)
[Performance] InitializeOnLoad ManagedDebuggerWindow                                                                         :        2 samples, Peak.   179 us (1.0x), Avg.   173 us, Total. 346.5 us (0.0%)
[Performance] InitializeOnLoad CacheServerWindow                                                                             :        2 samples, Peak.  15.9 us (1.3x), Avg.  12.0 us, Total. 24.00 us (0.0%)
[Performance] InitializeOnLoad PlayModeDownload                                                                              :        2 samples, Peak.  5.63 ms (1.9x), Avg.  2.98 ms, Total. 5.950 ms (0.0%)
[Performance] InitializeOnLoad MenuItems                                                                                     :        2 samples, Peak.   116 us (1.0x), Avg.   112 us, Total. 224.5 us (0.0%)
[Performance] InitializeOnLoad PrefabInstanceChangedListener                                                                 :        2 samples, Peak.   180 us (1.0x), Avg.   175 us, Total. 350.2 us (0.0%)
[Performance] InitializeOnLoad ObjectSelectorSearch                                                                          :        2 samples, Peak.   114 us (1.4x), Avg.  80.0 us, Total. 160.1 us (0.0%)
[Performance] InitializeOnLoad EditorMonitor                                                                                 :        2 samples, Peak.   862 us (1.2x), Avg.   693 us, Total. 1.387 ms (0.0%)
[Performance] InitializeOnLoad RetainedMode                                                                                  :        2 samples, Peak.  3.26 ms (1.0x), Avg.  3.11 ms, Total. 6.223 ms (0.0%)
[Performance] InitializeOnLoad EditorShaderLoader                                                                            :        2 samples, Peak.  1.09 ms (1.2x), Avg.   935 us, Total. 1.871 ms (0.0%)
[Performance] InitializeOnLoad EditorDelegateRegistration                                                                    :        2 samples, Peak.  1.82 ms (1.5x), Avg.  1.25 ms, Total. 2.503 ms (0.0%)
[Performance] InitializeOnLoad UIDocumentHierarchyWatcher                                                                    :        2 samples, Peak.   181 us (1.3x), Avg.   140 us, Total. 279.9 us (0.0%)
[Performance] InitializeOnLoad LiveReloadTrackerCreator                                                                      :        2 samples, Peak.   296 us (1.1x), Avg.   262 us, Total. 524.2 us (0.0%)
[Performance] InitializeOnLoad UxmlObjectEditorFactories                                                                     :        2 samples, Peak.   656 us (1.0x), Avg.   635 us, Total. 1.270 ms (0.0%)
[Performance] InitializeOnLoad UXMLEditorFactories                                                                           :        2 samples, Peak.  99.0 ms (1.1x), Avg.  94.0 ms, Total. 188.0 ms (0.6%)
[Performance] InitializeOnLoad PurchasingService                                                                             :        2 samples, Peak.  11.6 ms (1.0x), Avg.  11.5 ms, Total. 23.00 ms (0.1%)
[Performance] InitializeOnLoad CloudBuildPoller                                                                              :        2 samples, Peak.   215 us (1.2x), Avg.   183 us, Total. 365.3 us (0.0%)
[Performance] InitializeOnLoad EditorGameServicesAnalytics                                                                   :        2 samples, Peak.  4.27 ms (1.8x), Avg.  2.39 ms, Total. 4.771 ms (0.0%)
[Performance] InitializeOnLoad AnalyticsService                                                                              :        2 samples, Peak.   279 us (1.0x), Avg.   275 us, Total. 550.9 us (0.0%)
[Performance] InitializeOnLoad BuildService                                                                                  :        2 samples, Peak.   234 us (1.0x), Avg.   228 us, Total. 455.3 us (0.0%)
[Performance] InitializeOnLoad AdsService                                                                                    :        2 samples, Peak.   559 us (1.0x), Avg.   542 us, Total. 1.083 ms (0.0%)
[Performance] InitializeOnLoad UDPService                                                                                    :        2 samples, Peak.   234 us (1.1x), Avg.   219 us, Total. 437.2 us (0.0%)
[Performance] InitializeOnLoad CrashService                                                                                  :        2 samples, Peak.   207 us (1.0x), Avg.   200 us, Total. 399.6 us (0.0%)
[Performance] InitializeOnLoad ServicesRepository                                                                            :        2 samples, Peak.  1.80 us (1.4x), Avg.  1.30 us, Total. 2.600 us (0.0%)
[Performance] InitializeOnLoad SearchWindow                                                                                  :        2 samples, Peak.   179 us (1.1x), Avg.   159 us, Total. 318.2 us (0.0%)
[Performance] InitializeOnLoad CustomIndexers                                                                                :        2 samples, Peak.  29.8 ms (1.1x), Avg.  26.1 ms, Total. 52.14 ms (0.2%)
[Performance] InitializeOnLoad SearchMonitor                                                                                 :        2 samples, Peak.  2.72 ms (1.4x), Avg.  1.88 ms, Total. 3.762 ms (0.0%)
[Performance] InitializeOnLoad ParameterControllerEditor                                                                     :        2 samples, Peak.  20.9 us (1.1x), Avg.  19.7 us, Total. 39.30 us (0.0%)
[Performance] InitializeOnLoad LayerSettingsWindow                                                                           :        2 samples, Peak.  28.0 us (1.7x), Avg.  16.8 us, Total. 33.60 us (0.0%)
[Performance] InitializeOnLoad PackageManagerHookGUIDConverter.RegisterPackagesEventHandler                                  :        2 samples, Peak.  1.09 ms (1.4x), Avg.   756 us, Total. 1.511 ms (0.0%)
[Performance] InitializeOnLoad EditorDragAndDrop.RegisterEditorClient                                                        :        2 samples, Peak.   642 us (1.4x), Avg.   453 us, Total. 906.8 us (0.0%)
[Performance] InitializeOnLoad EditorEventCallbacks.InitializeFontAssetResourceChangeCallBacks                               :        2 samples, Peak.  2.74 ms (1.2x), Avg.  2.32 ms, Total. 4.649 ms (0.0%)
[Performance] InitializeOnLoad SceneTemplateService.Init                                                                     :        2 samples, Peak.  2.75 ms (1.3x), Avg.  2.16 ms, Total. 4.315 ms (0.0%)
[Performance] InitializeOnLoad DiagnosticSwitchesConsoleMessage.Init                                                         :        2 samples, Peak.  11.5 ms (1.8x), Avg.  6.59 ms, Total. 13.18 ms (0.0%)
[Performance] InitializeOnLoad PackageManagerWindow.EditorInitializedInSafeMode                                              :        2 samples, Peak.  39.0 ms (2.0x), Avg.  19.7 ms, Total. 39.32 ms (0.1%)
[Performance] InitializeOnLoad ToolShortcutContext.Init                                                                      :        2 samples, Peak.   393 us (1.4x), Avg.   281 us, Total. 562.4 us (0.0%)
[Performance] InitializeOnLoad MemoryProfilerCompilationGuard.InjectCompileGuard                                             :        2 samples, Peak.   300 us (1.3x), Avg.   228 us, Total. 457.0 us (0.0%)
[Performance] InitializeOnLoad AssetPostprocessingInternal.RefreshCustomDependencies                                         :        2 samples, Peak.  6.50 ms (1.1x), Avg.  5.81 ms, Total. 11.62 ms (0.0%)
[Performance] InitializeOnLoad SysrootManager.Initialize                                                                     :        2 samples, Peak.  1.34 ms (1.4x), Avg.   943 us, Total. 1.886 ms (0.0%)
[Performance] InitializeOnLoad ScopedRegistryAddedPopup.SubscribeToRegistriesAdded                                           :        2 samples, Peak.  16.3 ms (2.0x), Avg.  8.19 ms, Total. 16.39 ms (0.0%)
[Performance] InitializeOnLoad SceneVisibilityManager.Initialize                                                             :        2 samples, Peak.  6.34 ms (1.4x), Avg.  4.67 ms, Total. 9.338 ms (0.0%)
[Performance] InitializeOnLoad EditorWindow.Initialize                                                                       :        2 samples, Peak.   803 us (1.5x), Avg.   537 us, Total. 1.074 ms (0.0%)
[Performance] AssemblyReloadEvents.afterAssemblyReload: UnityEditor.SceneTemplate.SceneTemplateService.AfterAssemblyReload   :        2 samples, Peak.  6.41 ms (1.9x), Avg.  3.42 ms, Total. 6.831 ms (0.0%)
[Performance] ProcessService.EditorAfterLoadAllAssemblies                                                                    :        2 samples, Peak.   490 us (1.1x), Avg.   447 us, Total. 893.6 us (0.0%)
[Performance] Application.ReadLicenseInfo                                                                                    :        1 samples, Peak.  17.9 ms (1.0x), Avg.  17.9 ms, Total. 17.88 ms (0.1%)
[Performance] Application.InitialRefresh                                                                                     :        1 samples, Peak.  9.44 s (1.0x), Avg.  9.44 s, Total. 9.439 s (28.2%)
[Performance] ShaderImporter.SourceAssetModified                                                                             :       51 samples, Peak.  2.30 us (2.0x), Avg.  1.14 us, Total. 58.30 us (0.0%)
[Performance] ShaderIncludeImporter.SourceAssetModified                                                                      :       51 samples, Peak.  3.60 us (3.0x), Avg.  1.19 us, Total. 60.80 us (0.0%)
[Performance] Compiling Scripts                                                                                              :        1 samples, Peak.  1.20 s (1.0x), Avg.  1.20 s, Total. 1.200 s (3.6%)
[Performance] AssemblyReloadEvents.beforeAssemblyReload: UnityEditor.SceneTemplate.SceneTemplateService.BeforeAssemblyReload :        1 samples, Peak.  3.02 ms (1.0x), Avg.  3.02 ms, Total. 3.022 ms (0.0%)
[Performance] InitializeOnLoad BurstLoader                                                                                   :        1 samples, Peak.  1.99 s (1.0x), Avg.  1.99 s, Total. 1.990 s (5.9%)
[Performance] InitializeOnLoad ShadowCasterGroup2DManager                                                                    :        1 samples, Peak.   149 us (1.0x), Avg.   149 us, Total. 148.9 us (0.0%)
[Performance] InitializeOnLoad RegisterCheckResourcesDupeDependencies                                                        :        1 samples, Peak.  1.88 ms (1.0x), Avg.  1.88 ms, Total. 1.880 ms (0.0%)
[Performance] InitializeOnLoad RegisterCheckBundleDupeDependencies                                                           :        1 samples, Peak.   702 us (1.0x), Avg.   702 us, Total. 702.4 us (0.0%)
[Performance] InitializeOnLoad AddressableEditorInitialization                                                               :        1 samples, Peak.  6.17 ms (1.0x), Avg.  6.17 ms, Total. 6.166 ms (0.0%)
[Performance] InitializeOnLoad GroupsPopupWindow                                                                             :        1 samples, Peak.  10.0 us (1.0x), Avg.  10.0 us, Total. 10.00 us (0.0%)
[Performance] InitializeOnLoad GlobalInitialization                                                                          :        1 samples, Peak.  3.40 ms (1.0x), Avg.  3.40 ms, Total. 3.398 ms (0.0%)
[Performance] InitializeOnLoad RegisterCheckSceneDupeDependencies                                                            :        1 samples, Peak.   331 us (1.0x), Avg.   331 us, Total. 331.1 us (0.0%)
[Performance] InitializeOnLoad RegisterBuildBundleLayout                                                                     :        1 samples, Peak.   222 us (1.0x), Avg.   222 us, Total. 221.5 us (0.0%)
[Performance] InitializeOnLoad AddressableAssetInspectorGUI                                                                  :        1 samples, Peak.  37.9 ms (1.0x), Avg.  37.9 ms, Total. 37.88 ms (0.1%)
[Performance] EditorResources.Load                                                                                           :        6 samples, Peak.  30.8 ms (5.9x), Avg.  5.19 ms, Total. 31.13 ms (0.1%)
[Performance] InitializeOnLoad ProbeGIBaking                                                                                 :        1 samples, Peak.  3.74 ms (1.0x), Avg.  3.74 ms, Total. 3.739 ms (0.0%)
[Performance] InitializeOnLoad FilterWindow                                                                                  :        1 samples, Peak.  53.6 us (1.0x), Avg.  53.6 us, Total. 53.60 us (0.0%)
[Performance] InitializeOnLoad RealtimeProbeSubdivisionDebug                                                                 :        1 samples, Peak.   211 us (1.0x), Avg.   211 us, Total. 211.2 us (0.0%)
[Performance] InitializeOnLoad NodeClassCache                                                                                :        1 samples, Peak.  9.00 us (1.0x), Avg.  9.00 us, Total. 9.000 us (0.0%)
[Performance] InitializeOnLoad ShaderGraphMaterialsUpdater                                                                   :        2 samples, Peak.   476 us (1.6x), Avg.   301 us, Total. 601.1 us (0.0%)
[Performance] InitializeOnLoad BackgroundWatcher                                                                             :        1 samples, Peak.   170 us (1.0x), Avg.   170 us, Total. 170.2 us (0.0%)
[Performance] InitializeOnLoad UnityTestProtocolStarter                                                                      :        1 samples, Peak.   239 us (1.0x), Avg.   239 us, Total. 238.7 us (0.0%)
[Performance] InitializeOnLoad TestStarter                                                                                   :        1 samples, Peak.   737 us (1.0x), Avg.   737 us, Total. 736.9 us (0.0%)
[Performance] InitializeOnLoad RerunCallbackInitializer                                                                      :        1 samples, Peak.  6.54 ms (1.0x), Avg.  6.54 ms, Total. 6.539 ms (0.0%)
[Performance] InitializeOnLoad VisualStudioEditor                                                                            :        1 samples, Peak.  24.0 ms (1.0x), Avg.  24.0 ms, Total. 24.03 ms (0.1%)
[Performance] InitializeOnLoad TestRunnerApiListener                                                                         :        1 samples, Peak.  1.14 ms (1.0x), Avg.  1.14 ms, Total. 1.143 ms (0.0%)
[Performance] InitializeOnLoad VisualStudioIntegration                                                                       :        1 samples, Peak.  2.90 ms (1.0x), Avg.  2.90 ms, Total. 2.903 ms (0.0%)
[Performance] InitializeOnLoad PrefabLayoutRebuilder                                                                         :        1 samples, Peak.   324 us (1.0x), Avg.   324 us, Total. 323.7 us (0.0%)
[Performance] InitializeOnLoad RiderScriptEditor                                                                             :        1 samples, Peak.  14.3 ms (1.0x), Avg.  14.3 ms, Total. 14.29 ms (0.0%)
[Performance] InitializeOnLoad CallbackInitializer                                                                           :        1 samples, Peak.  1.97 ms (1.0x), Avg.  1.97 ms, Total. 1.970 ms (0.0%)
[Performance] InitializeOnLoad VSCodeScriptEditor                                                                            :        1 samples, Peak.  7.45 ms (1.0x), Avg.  7.45 ms, Total. 7.448 ms (0.0%)
[Performance] InitializeOnLoad Renderer2DAnalytics                                                                           :        1 samples, Peak.   158 us (1.0x), Avg.   158 us, Total. 158.1 us (0.0%)
[Performance] InitializeOnLoad EditorToolManager                                                                             :        1 samples, Peak.  3.58 ms (1.0x), Avg.  3.58 ms, Total. 3.580 ms (0.0%)
[Performance] InitializeOnLoad GameAssemblySync                                                                              :        1 samples, Peak.   355 us (1.0x), Avg.   355 us, Total. 355.2 us (0.0%)
[Performance] InitializeOnLoad Addressables.RegisterPlayModeStateChange                                                      :        1 samples, Peak.   935 us (1.0x), Avg.   935 us, Total. 935.1 us (0.0%)
[Performance] InitializeOnLoad AssetReference.RegisterForPlaymodeChange                                                      :        1 samples, Peak.  1.99 ms (1.0x), Avg.  1.99 ms, Total. 1.994 ms (0.0%)
[Performance] InitializeOnLoad MaterialReimporter.RegisterUpgraderReimport                                                   :        2 samples, Peak.   701 us (1.5x), Avg.   462 us, Total. 923.1 us (0.0%)
[Performance] InitializeOnLoad AddressableAssetSettings.RegisterWithAssetPostProcessor                                       :        1 samples, Peak.  3.18 ms (1.0x), Avg.  3.18 ms, Total. 3.181 ms (0.0%)
[Performance] InitializeOnLoad AddressableAssetSettings.CheckCCDStatus                                                       :        1 samples, Peak.   205 us (1.0x), Avg.   205 us, Total. 204.8 us (0.0%)
[Performance] InitializeOnLoad ProfileDataSourceSettings.InitializeCloudEnvironment                                          :        1 samples, Peak.   774 us (1.0x), Avg.   774 us, Total. 774.1 us (0.0%)
[Performance] InitializeOnLoad AddressablesBuildScriptHooks.Init                                                             :        1 samples, Peak.   187 us (1.0x), Avg.   187 us, Total. 187.0 us (0.0%)
[Performance] InitializeOnLoad AddressablesPlayerBuildProcessor.CleanTemporaryPlayerBuildData                                :        1 samples, Peak.  1.76 ms (1.0x), Avg.  1.76 ms, Total. 1.760 ms (0.0%)
[Performance] InitializeOnLoad TestJobDataHolder.ResumeRunningJobs                                                           :        1 samples, Peak.  1.56 ms (1.0x), Avg.  1.56 ms, Total. 1.557 ms (0.0%)
[Performance] InitializeOnLoad AnalyticsReporter.RegisterCallbacks                                                           :        1 samples, Peak.   470 us (1.0x), Avg.   470 us, Total. 469.7 us (0.0%)
[Performance] InitializeOnLoad DebugManagerWindowLifetimeAnalytic.SubscribeToDebugManagerOpenCloseWindows                    :        1 samples, Peak.  1.08 ms (1.0x), Avg.  1.08 ms, Total. 1.078 ms (0.0%)
[Performance] InitializeOnLoad CoreRenderPipelinePreferences.InitPreferenceProviders                                         :        1 samples, Peak.  99.5 ms (1.0x), Avg.  99.5 ms, Total. 99.46 ms (0.3%)
[Performance] InitializeOnLoad VolumeGizmoDrawer.InitVolumeGizmoCallbacks                                                    :        1 samples, Peak.   721 us (1.0x), Avg.   721 us, Total. 720.9 us (0.0%)
[Performance] InitializeOnLoad VisualStudioEditor.LegacyVisualStudioCodePackageDisabler                                      :        1 samples, Peak.  10.7 ms (1.0x), Avg.  10.7 ms, Total. 10.69 ms (0.0%)
[Performance] DidReloadScriptsTestRunnerWindow.CompilationCallback                                                           :        1 samples, Peak.   295 us (1.0x), Avg.   295 us, Total. 295.4 us (0.0%)
[Performance] DidReloadScriptsTestListCache.ScriptReloaded                                                                   :        1 samples, Peak.  2.85 ms (1.0x), Avg.  2.85 ms, Total. 2.852 ms (0.0%)
[Performance] DidReloadScriptsLookDev.OnEditorReload                                                                         :        1 samples, Peak.   390 us (1.0x), Avg.   390 us, Total. 389.8 us (0.0%)
[Performance] DidReloadScriptsDebugWindow.OnEditorReload                                                                     :        1 samples, Peak.  42.0 ms (1.0x), Avg.  42.0 ms, Total. 41.96 ms (0.1%)
[Performance] DidReloadScriptsVolumeComponentEditor.OnEditorReload                                                           :        1 samples, Peak.  38.1 ms (1.0x), Avg.  38.1 ms, Total. 38.14 ms (0.1%)
[Performance] DidReloadScriptsAdvancedDropdownWindow.OnScriptReload                                                          :        1 samples, Peak.   277 us (1.0x), Avg.   277 us, Total. 277.4 us (0.0%)
[Performance] PresetManagerPostProcessor.OnPreprocessAsset                                                                   :       27 samples, Peak.   359 us (6.3x), Avg.  57.3 us, Total. 1.547 ms (0.0%)
[Performance] CancelSplashScreenOnAssetChange.OnPreprocessAsset                                                              :       27 samples, Peak.   213 us (18.5x), Avg.  11.5 us, Total. 311.3 us (0.0%)
[Performance] ShaderGraphAssetPostProcessor.OnPreprocessAsset                                                                :       27 samples, Peak.   225 us (14.9x), Avg.  15.1 us, Total. 408.6 us (0.0%)
[Performance] ModelImporter.Import                                                                                           :        1 samples, Peak.   181 ms (1.0x), Avg.   181 ms, Total. 180.6 ms (0.5%)
[Performance] SceneDataContainer.TransformHierarchyChangedSetParentCallback                                                  :       57 samples, Peak.  16.0 us (15.8x), Avg.  1.01 us, Total. 57.70 us (0.0%)
[Performance] SceneVisibilityState.IsFlagSetInParents                                                                        :      126 samples, Peak.  2.80 us (8.9x), Avg.   315 ns, Total. 39.70 us (0.0%)
[Performance] FBXMaterialDescriptionPreprocessor.OnPreprocessMaterialDescription                                             :        2 samples, Peak.  10.3 ms (1.2x), Avg.  8.58 ms, Total. 17.16 ms (0.1%)
[Performance] SketchupMaterialDescriptionPreprocessor.OnPreprocessMaterialDescription                                        :        2 samples, Peak.  1.04 ms (1.7x), Avg.   605 us, Total. 1.209 ms (0.0%)
[Performance] ThreeDSMaterialDescriptionPreprocessor.OnPreprocessMaterialDescription                                         :        2 samples, Peak.   801 us (1.7x), Avg.   468 us, Total. 935.1 us (0.0%)
[Performance] AutodeskInteractiveMaterialImport.OnPreprocessMaterialDescription                                              :        1 samples, Peak.  2.32 ms (1.0x), Avg.  2.32 ms, Total. 2.316 ms (0.0%)
[Performance] FBXArnoldSurfaceMaterialDescriptionPreprocessor.OnPreprocessMaterialDescription                                :        1 samples, Peak.   219 us (1.0x), Avg.   219 us, Total. 219.0 us (0.0%)
[Performance] PhysicalMaterial3DsMaxPreprocessor.OnPreprocessMaterialDescription                                             :        1 samples, Peak.   320 us (1.0x), Avg.   320 us, Total. 319.7 us (0.0%)
[Performance] ModelPostprocessor.OnPostprocessModel                                                                          :        1 samples, Peak.  6.43 ms (1.0x), Avg.  6.43 ms, Total. 6.427 ms (0.0%)
[Performance] TreeAOImporter.OnPostprocessModel                                                                              :        1 samples, Peak.  1.17 ms (1.0x), Avg.  1.17 ms, Total. 1.173 ms (0.0%)
[Performance] AssetDatabase.ImportAssets                                                                                     :       55 samples, Peak.   149 ms (36.3x), Avg.  4.10 ms, Total. 225.3 ms (0.7%)
[Performance] VersionControl.Task.Wait                                                                                       :        1 samples, Peak.  21.3 us (1.0x), Avg.  21.3 us, Total. 21.30 us (0.0%)
[Performance] TMPro_TexturePostProcessor.OnPostprocessAllAssets                                                              :      102 samples, Peak.  4.57 ms (34.9x), Avg.   131 us, Total. 13.37 ms (0.0%)
[Performance] BuilderAssetPostprocessor.OnPostprocessAllAssets                                                               :      102 samples, Peak.  4.26 ms (37.2x), Avg.   115 us, Total. 11.69 ms (0.0%)
[Performance] AddressablesAssetPostProcessor.OnPostprocessAllAssets                                                          :      102 samples, Peak.  1.37 ms (35.8x), Avg.  38.4 us, Total. 3.912 ms (0.0%)
[Performance] ArtifactBrowserPostProcessor.OnPostprocessAllAssets                                                            :      102 samples, Peak.   632 us (34.4x), Avg.  18.3 us, Total. 1.871 ms (0.0%)
[Performance] AssetEvents.OnPostprocessAllAssets                                                                             :      204 samples, Peak.   446 us (44.1x), Avg.  10.1 us, Total. 2.064 ms (0.0%)
[Performance] AudioMixerPostprocessor.OnPostprocessAllAssets                                                                 :      102 samples, Peak.   389 us (31.6x), Avg.  12.3 us, Total. 1.255 ms (0.0%)
[Performance] StyleCatalogPostProcessor.OnPostprocessAllAssets                                                               :      102 samples, Peak.  33.5 ms (49.8x), Avg.   673 us, Total. 68.60 ms (0.2%)
[Performance] BuildCatalog                                                                                                   :        1 samples, Peak.  32.2 ms (1.0x), Avg.  32.2 ms, Total. 32.22 ms (0.1%)
[Performance] ModelImporterPostProcessor.OnPostprocessAllAssets                                                              :      102 samples, Peak.  9.60 ms (19.3x), Avg.   498 us, Total. 50.81 ms (0.2%)
[Performance] MaterialPostprocessor.OnPostprocessAllAssets                                                                   :      204 samples, Peak.  4.92 ms (23.2x), Avg.   212 us, Total. 43.28 ms (0.1%)
[Performance] UniversalRenderPipelineGlobalSettingsPostprocessor.OnPostprocessAllAssets                                      :      102 samples, Peak.  1.98 ms (30.9x), Avg.  64.1 us, Total. 6.541 ms (0.0%)
[Performance] RetainedModeAssetPostprocessor.OnPostprocessAllAssets                                                          :      102 samples, Peak.  3.16 ms (33.7x), Avg.  94.0 us, Total. 9.588 ms (0.0%)
[Performance] AssetChangedListener.OnPostprocessAllAssets                                                                    :      102 samples, Peak.  1.85 ms (22.6x), Avg.  82.0 us, Total. 8.360 ms (0.0%)
[Performance] PostProcessor.OnPostprocessAllAssets                                                                           :      102 samples, Peak.   384 us (15.6x), Avg.  24.6 us, Total. 2.512 ms (0.0%)
[Performance] ShaderGraphAssetPostProcessor.OnPostprocessAllAssets                                                           :      102 samples, Peak.  2.35 ms (11.4x), Avg.   206 us, Total. 20.99 ms (0.1%)
[Performance] SpeedTreePostProcessor.OnPostprocessAllAssets                                                                  :      102 samples, Peak.   272 us (16.3x), Avg.  16.7 us, Total. 1.699 ms (0.0%)
[Performance] TextAssetPostProcessor.OnPostprocessAllAssets                                                                  :      102 samples, Peak.  4.34 ms (41.1x), Avg.   106 us, Total. 10.77 ms (0.0%)
[Performance] AssetPathToTypes.OnPostprocessAllAssets                                                                        :      102 samples, Peak.  2.67 ms (46.3x), Avg.  57.6 us, Total. 5.875 ms (0.0%)
[Performance] SyncVS.PostprocessSyncProject                                                                                  :       51 samples, Peak.  5.70 ms (12.6x), Avg.   453 us, Total. 23.09 ms (0.1%)
[Performance] Application.ImportPackagesAndSetTemplateWhenCreatingProject                                                    :        1 samples, Peak.  20.0 ms (1.0x), Avg.  20.0 ms, Total. 20.05 ms (0.1%)
[Performance] Application.SyncCurrentColorSpace                                                                              :        1 samples, Peak.   172 ms (1.0x), Avg.   172 ms, Total. 171.6 ms (0.5%)
[Performance] Application.OnUsbDevicesChanged                                                                                :        1 samples, Peak.  4.54 ms (1.0x), Avg.  4.54 ms, Total. 4.539 ms (0.0%)
[Performance] Application.AssetInstanceCacheUpdate                                                                           :        1 samples, Peak.   500 ns (1.0x), Avg.   500 ns, Total. 500.0 ns (0.0%)
[Performance] Application.UnityExtensions.Initialize                                                                         :        1 samples, Peak.  7.05 ms (1.0x), Avg.  7.05 ms, Total. 7.054 ms (0.0%)
[Performance] CodeEditorProjectSync.SyncEditorProject                                                                        :        1 samples, Peak.   338 ms (1.0x), Avg.   338 ms, Total. 337.9 ms (1.0%)
[Performance] Application.ExecuteStartups                                                                                    :        1 samples, Peak.  73.6 ms (1.0x), Avg.  73.6 ms, Total. 73.61 ms (0.2%)
[Performance] Menu.RegisterMenuInterface                                                                                     :       26 samples, Peak.  2.60 us (8.3x), Avg.   312 ns, Total. 8.100 us (0.0%)
[Performance] Gizmo.RebuildRenderers                                                                                         :        2 samples, Peak.  70.6 ms (1.4x), Avg.  50.0 ms, Total. 100.00 ms (0.3%)
[Performance] Gizmo.AddGizmoRenderers                                                                                        :      228 samples, Peak.  2.05 ms (64.7x), Avg.  31.6 us, Total. 7.210 ms (0.0%)
[Performance] Application.editorInitializingProject                                                                          :        1 samples, Peak.   214 ms (1.0x), Avg.   214 ms, Total. 214.2 ms (0.6%)
[Performance] Application.InitializeMenu                                                                                     :        1 samples, Peak.   606 ms (1.0x), Avg.   606 ms, Total. 605.7 ms (1.8%)
[Performance] Menu.RebuildAll                                                                                                :        1 samples, Peak.   606 ms (1.0x), Avg.   606 ms, Total. 605.7 ms (1.8%)
[Performance] Menu.BuildRegisteredMenuInterfaces                                                                             :        1 samples, Peak.   598 ms (1.0x), Avg.   598 ms, Total. 598.4 ms (1.8%)
[Performance] Menu.FilterMenuItem                                                                                            :     1442 samples, Peak.   484 ms (1436.2x), Avg.   337 us, Total. 485.5 ms (1.5%)
[Performance] UpdateAllMenus                                                                                                 :        1 samples, Peak.   919 us (1.0x), Avg.   919 us, Total. 918.9 us (0.0%)
[Performance] Menu.RebuildOSMainMenu                                                                                         :        3 samples, Peak.  22.5 ms (1.9x), Avg.  11.8 ms, Total. 35.47 ms (0.1%)
[Performance] EditorSceneManager.sceneClosing: UnityEditor.SceneVisibilityManager.EditorSceneManagerOnSceneClosing           :        1 samples, Peak.   549 us (1.0x), Avg.   549 us, Total. 548.9 us (0.0%)
[Performance] GUIView.RepaintAll.PlayerLoopController                                                                        :        1 samples, Peak.  2.50 us (1.0x), Avg.  2.50 us, Total. 2.500 us (0.0%)
[Performance] EditorSceneManager.newSceneCreated: UnityEditor.SceneTemplate.SceneTemplateService.OnNewSceneCreated           :        1 samples, Peak.   341 us (1.0x), Avg.   341 us, Total. 341.0 us (0.0%)
[Performance] EditorSceneManager.newSceneCreated: UnityEditor.SceneVisibilityManager.EditorSceneManagerOnNewSceneCreated     :        1 samples, Peak.   288 us (1.0x), Avg.   288 us, Total. 287.8 us (0.0%)
[Performance] EditorSceneManager.newSceneCreated: UnityEditor.SceneManagement.StageNavigationManager.OnNewSceneCreated       :        1 samples, Peak.  86.8 us (1.0x), Avg.  86.8 us, Total. 86.80 us (0.0%)
[Performance] Application.InvokeFinishedLoadingProject                                                                       :        1 samples, Peak.  60.6 ms (1.0x), Avg.  60.6 ms, Total. 60.60 ms (0.2%)
[Performance] ProcessService.OnProjectLoaded                                                                                 :        1 samples, Peak.  65.3 us (1.0x), Avg.  65.3 us, Total. 65.30 us (0.0%)
[Performance] AssetDatabase.DeleteAssets                                                                                     :       24 samples, Peak.   194 ms (2.0x), Avg.  96.9 ms, Total. 2.326 s (7.0%)
[Performance] GameAssetLock.OnWillDeleteAsset                                                                                :       24 samples, Peak.  1.42 ms (18.2x), Avg.  77.8 us, Total. 1.868 ms (0.0%)
[Performance] BuilderAssetModificationProcessor.OnWillDeleteAsset                                                            :       24 samples, Peak.  1.31 ms (22.2x), Avg.  58.8 us, Total. 1.411 ms (0.0%)
[Performance] TMP_FontAssetPostProcessor.OnWillDeleteAsset                                                                   :       24 samples, Peak.   425 us (9.6x), Avg.  44.3 us, Total. 1.063 ms (0.0%)
[Performance] CancelSplashScreenOnAssetDelete.OnWillDeleteAsset                                                              :       24 samples, Peak.   360 us (18.5x), Avg.  19.4 us, Total. 466.1 us (0.0%)
[Performance] EditorApplication.projectChanged: UnityEditor.Audio.MixerEffectDefinitionReloader.OnProjectChanged             :       48 samples, Peak.  10.7 ms (11.2x), Avg.   956 us, Total. 45.90 ms (0.1%)
[Performance] MaterialModificationProcessor.OnWillCreateAsset                                                                :       96 samples, Peak.   440 us (14.9x), Avg.  29.6 us, Total. 2.841 ms (0.0%)
[Performance] BuilderAssetModificationProcessor.OnWillCreateAsset                                                            :       48 samples, Peak.   648 us (19.7x), Avg.  32.9 us, Total. 1.578 ms (0.0%)
[Performance] GameAssetLock.OnWillSaveAssets                                                                                 :        7 samples, Peak.   341 us (5.5x), Avg.  62.1 us, Total. 434.8 us (0.0%)
[Performance] BuilderAssetModificationProcessor.OnWillSaveAssets                                                             :        7 samples, Peak.   283 us (6.5x), Avg.  43.5 us, Total. 304.3 us (0.0%)
[Performance] TerrainModificationProcessor.OnWillSaveAssets                                                                  :        7 samples, Peak.   907 us (6.9x), Avg.   132 us, Total. 924.0 us (0.0%)
[Performance] AssetDatabase.Refresh                                                                                          :        2 samples, Peak.  12.0 ms (1.0x), Avg.  11.9 ms, Total. 23.70 ms (0.1%)
[Performance] BuildAssetBundles                                                                                              :        1 samples, Peak.  9.04 s (1.0x), Avg.  9.04 s, Total. 9.036 s (27.0%)
[Performance] GenerateAssemblyTypeInfos                                                                                      :        2 samples, Peak.   126 ms (1.0x), Avg.   121 ms, Total. 241.7 ms (0.7%)
[Performance] EditorApplication.quitting: Unity.Burst.Editor.BurstLoader.OnEditorApplicationQuitting                         :        1 samples, Peak.  55.6 us (1.0x), Avg.  55.6 us, Total. 55.60 us (0.0%)
[Performance] EditorApplication.quitting: callback in UnityEditor.TextCore.Text.EditorEventCallbacks                         :        1 samples, Peak.   374 ms (1.0x), Avg.   374 ms, Total. 373.7 ms (1.1%)
[Performance] Application.Shutdown.PauseProfilerSession                                                                      :        1 samples, Peak.  42.9 us (1.0x), Avg.  42.9 us, Total. 42.90 us (0.0%)
[Performance] Application.Shutdown.PauseAssetImportWorkers                                                                   :        1 samples, Peak.  1.16 ms (1.0x), Avg.  1.16 ms, Total. 1.163 ms (0.0%)
[Performance] Application.Shutdown.SaveAssets                                                                                :        1 samples, Peak.   663 us (1.0x), Avg.   663 us, Total. 662.8 us (0.0%)
[Performance] Application.Shutdown.CleanupRenderPipeline                                                                     :        1 samples, Peak.  4.10 us (1.0x), Avg.  4.10 us, Total. 4.100 us (0.0%)
[Performance] Application.Shutdown.StopPreloadManager                                                                        :        1 samples, Peak.  10.1 ms (1.0x), Avg.  10.1 ms, Total. 10.06 ms (0.0%)
[Performance] Application.Shutdown.DestroyWorld                                                                              :        1 samples, Peak.   760 us (1.0x), Avg.   760 us, Total. 759.6 us (0.0%)
[Performance] Application.Shutdown.CleanupAfterLoad                                                                          :        1 samples, Peak.   215 ms (1.0x), Avg.   215 ms, Total. 215.2 ms (0.6%)
[Performance] Application.Shutdown.Progress                                                                                  :        1 samples, Peak.  19.0 us (1.0x), Avg.  19.0 us, Total. 19.00 us (0.0%)
[Performance] Application.Shutdown.GICleanupManagers                                                                         :        1 samples, Peak.  1.52 ms (1.0x), Avg.  1.52 ms, Total. 1.516 ms (0.0%)
[Performance] Application.Shutdown.MenuCleanupClass                                                                          :        1 samples, Peak.   444 us (1.0x), Avg.   444 us, Total. 444.3 us (0.0%)
[Performance] Application.Shutdown.ADBSaveStateBeforeShutdown                                                                :        1 samples, Peak.  8.70 us (1.0x), Avg.  8.70 us, Total. 8.700 us (0.0%)
[Performance] Application.Shutdown.RemoteShutdown                                                                            :        1 samples, Peak.  1000 ns (1.0x), Avg.  1000 ns, Total. 1000.0 ns (0.0%)
[Performance] Application.Shutdown.CleanupVCProvider                                                                         :        1 samples, Peak.  20.9 us (1.0x), Avg.  20.9 us, Total. 20.90 us (0.0%)
[Performance] Application.Shutdown.InputShutdown                                                                             :        1 samples, Peak.  4.70 us (1.0x), Avg.  4.70 us, Total. 4.700 us (0.0%)
[Performance] Application.Shutdown.GizmoManagerDestroy                                                                       :        1 samples, Peak.  1.18 ms (1.0x), Avg.  1.18 ms, Total. 1.184 ms (0.0%)
[Performance] Application.Shutdown.ProfilerSession                                                                           :        1 samples, Peak.   268 us (1.0x), Avg.   268 us, Total. 268.3 us (0.0%)
[Performance] Application.Shutdown.ReleaseGfxWindowOnAllGUIViews                                                             :        1 samples, Peak.   600 ns (1.0x), Avg.   600 ns, Total. 600.0 ns (0.0%)
[Performance] Application.Shutdown.CleanupEngine                                                                             :        1 samples, Peak.   121 ms (1.0x), Avg.   121 ms, Total. 120.5 ms (0.4%)
[Performance] Application.Shutdown.CleanupAssetDatabase                                                                      :        1 samples, Peak.   108 ms (1.0x), Avg.   108 ms, Total. 107.9 ms (0.3%)
[Performance] Application.Shutdown.ScriptCompilationCleanUp                                                                  :        1 samples, Peak.  20.9 ms (1.0x), Avg.  20.9 ms, Total. 20.94 ms (0.1%)
[Performance] Application.Shutdown.DestroyJobSystem                                                                          :        1 samples, Peak.   155 us (1.0x), Avg.   155 us, Total. 154.7 us (0.0%)
[Performance] Application.Shutdown.CleanupPersistentManager                                                                  :        1 samples, Peak.   756 us (1.0x), Avg.   756 us, Total. 755.9 us (0.0%)
[Performance] Application.Shutdown.CleanupAsyncReadManager                                                                   :        1 samples, Peak.   345 us (1.0x), Avg.   345 us, Total. 344.6 us (0.0%)
[Performance] Application.Shutdown.CleanupProgressBar                                                                        :        1 samples, Peak.   200 ns (1.0x), Avg.   200 ns, Total. 200.0 ns (0.0%)
[Performance] Application.Shutdown.CleanupMono                                                                               :        1 samples, Peak.   123 ms (1.0x), Avg.   123 ms, Total. 122.9 ms (0.4%)
[Performance] Application.Shutdown.CleanupStdConverters                                                                      :        1 samples, Peak.  11.3 us (1.0x), Avg.  11.3 us, Total. 11.30 us (0.0%)
[Performance] Application.Shutdown.UnloadAllPlatformSupportModuleNativeDlls                                                  :        1 samples, Peak.   900 ns (1.0x), Avg.   900 ns, Total. 900.0 ns (0.0%)
[Performance] Application.Shutdown.UnloadAllPlatformSupportNativeLibraries                                                   :        1 samples, Peak. 100.0 ns (1.0x), Avg. 100.0 ns, Total. 100.00 ns (0.0%)
[Performance] Application.Shutdown.CleanupAutoDocumentation                                                                  :        1 samples, Peak.   986 us (1.0x), Avg.   986 us, Total. 986.1 us (0.0%)
[Performance] Application.Shutdown.ShaderNameManagerDestroy                                                                  :        1 samples, Peak.  98.8 us (1.0x), Avg.  98.8 us, Total. 98.80 us (0.0%)
[Performance] Application.Shutdown.CleanupCacheServer                                                                        :        1 samples, Peak.   600 ns (1.0x), Avg.   600 ns, Total. 600.0 ns (0.0%)
[Performance] Application.Shutdown.Virtualization_Shutdown                                                                   :        1 samples, Peak.   700 ns (1.0x), Avg.   700 ns, Total. 700.0 ns (0.0%)
[Performance] Application.Shutdown.DevConnections                                                                            :        1 samples, Peak.   318 us (1.0x), Avg.   318 us, Total. 317.7 us (0.0%)
Exiting batchmode successfully now!
Exiting without the bug reporter. Application will terminate with return code 0