[Licensing::Module] Trying to connect to existing licensing client channel...
[Licensing::IpcConnector] Channel LicenseClient-erena doesn't exist
[Licensing::Module] Successfully launched the LicensingClient (PId: 33076)
[Licensing::IpcConnector] Successfully connected to: "LicenseClient-erena" at "2026-09-10T23:22:00.3669872Z"
[Licensing::Client] Code 10 while verifying Licensing Client signature (process Id: 33076, path: "C:/Program Files/Unity/Hub/Editor/2022.3.62f2/Editor/Data/Resources/Licensing/Client/Unity.Licensing.Client.exe")
[Licensing::Module] LicensingClient has failed validation; ignoring
[Licensing::Client] Handshaking with LicensingClient:
  Version:                 1.16.2+bdef8f5
  Session Id:              b15abfdb858e4594927832df20c9bcfe
  Correlation Id:          23f92ff80fd7afe61dc7307ffe60e6dd
  External correlation Id: 1758648534714089669
  Machine Id:              48XY0bmXwrkNjM7RYL/JFZaUhBQ=
[Licensing::Module] Successfully connected to LicensingClient on channel: "LicenseClient-erena" (connect: 1.31s, validation: 0.18s, handshake: 0.14s)
[Licensing::IpcConnector] Successfully connected to: "LicenseClient-erena-notifications" at "2026-09-10T23:22:00.6823631Z"
[Licensing::Module] Connected to LicensingClient (PId: 33076, launch time: 0.00, total connection time: 1.63s)
[Licensing::Module] Error: Access token is unavailable; failed to update
[Licensing::Client] Error: Code 500 while processing request (status: Unable to update licenses. Errors: No ULF license found.,Token not found in cache)
[Licensing::Client] Error: Code 500 while updating license in client (status: Unable to update licenses. Errors: No ULF license found.,Token not found in cache)
Built from '2022.3/respin/2022.3.62f2-4af31df585-v2' branch; Version is '2022.3.62f2 (7670c08855a9) revision 7762112'; Using compiler version '192829333'; Build Type 'Release'
OS: 'Windows 11  (10.0.26200) 64bit Professional' Language: 'en' Physical Memory: 32408 MB
[Licensing::Client] Successfully resolved entitlement details
[Licensing::Module] Serial number assigned to: "2476039787843-UnityPersXXXX"
BatchMode: 1, IsHumanControllingUs: 0, StartBugReporterOnCrash: 0, Is64bit: 1, IsPro: 0
[Licensing::Client] Successfully resolved entitlement details

COMMAND LINE ARGUMENTS:
C:\Program Files\Unity\Hub\Editor\2022.3.62f2\Editor\Unity.exe
-batchmode
-nographics
-quit
-projectPath
C:\Users\erena\Desktop\Nuclear Option Munitions Package\unity\BlueprinterEditor\Blueprinter-Editor
-executeMethod
Erenaldi.Munitions.MunitionsGeometryBundleBuilder.BuildHalberdBundle
-logFile
C:\Users\erena\Desktop\Nuclear Option Munitions Package\unity\BlueprinterEditor\Blueprinter-Editor\MunitionsGeometryBundleBuild.log
Successfully changed project path to: C:\Users\erena\Desktop\Nuclear Option Munitions Package\unity\BlueprinterEditor\Blueprinter-Editor
C:/Users/erena/Desktop/Nuclear Option Munitions Package/unity/BlueprinterEditor/Blueprinter-Editor
[UnityMemory] Configuration Parameters - Can be set up in boot.config
    "memorysetup-bucket-allocator-granularity=16"
    "memorysetup-bucket-allocator-bucket-count=8"
    "memorysetup-bucket-allocator-block-size=33554432"
    "memorysetup-bucket-allocator-block-count=8"
    "memorysetup-main-allocator-block-size=16777216"
    "memorysetup-thread-allocator-block-size=16777216"
    "memorysetup-gfx-main-allocator-block-size=16777216"
    "memorysetup-gfx-thread-allocator-block-size=16777216"
    "memorysetup-cache-allocator-block-size=4194304"
    "memorysetup-typetree-allocator-block-size=2097152"
    "memorysetup-profiler-bucket-allocator-granularity=16"
    "memorysetup-profiler-bucket-allocator-bucket-count=8"
    "memorysetup-profiler-bucket-allocator-block-size=33554432"
    "memorysetup-profiler-bucket-allocator-block-count=8"
    "memorysetup-profiler-allocator-block-size=16777216"
    "memorysetup-profiler-editor-allocator-block-size=1048576"
    "memorysetup-temp-allocator-size-main=16777216"
    "memorysetup-job-temp-allocator-block-size=2097152"
    "memorysetup-job-temp-allocator-block-size-background=1048576"
    "memorysetup-job-temp-allocator-reduction-small-platforms=262144"
    "memorysetup-allocator-temp-initial-block-size-main=262144"
    "memorysetup-allocator-temp-initial-block-size-worker=262144"
    "memorysetup-temp-allocator-size-background-worker=32768"
    "memorysetup-temp-allocator-size-job-worker=262144"
    "memorysetup-temp-allocator-size-preload-manager=33554432"
    "memorysetup-temp-allocator-size-nav-mesh-worker=65536"
    "memorysetup-temp-allocator-size-audio-worker=65536"
    "memorysetup-temp-allocator-size-cloud-worker=32768"
    "memorysetup-temp-allocator-size-gi-baking-worker=262144"
    "memorysetup-temp-allocator-size-gfx=262144"
Player connection [33140]  Target information:

Player connection [33140]  * "[IP] 192.168.84.90 [Port] 55504 [Flags] 2 [Guid] 612016592 [EditorId] 612016592 [Version] 1048832 [Id] WindowsEditor(7,LAPTOP-6DL7QC74) [Debug] 1 [PackageName] WindowsEditor [ProjectName] Editor" 

Player connection [33140] Host joined multi-casting on [225.0.0.222:54997]...
Player connection [33140] Host joined alternative multi-casting on [225.0.0.222:34997]...
Input System module state changed to: Initialized.
[PhysX] Initialized MultithreadedTaskDispatcher with 12 workers.
[Package Manager] UpmClient::Connect -- Connected to IPC stream "Upm-6928" after 0.7 seconds.
[Package Manager] Restoring resolved packages state from cache
[Licensing::Client] Successfully resolved entitlement details
[Package Manager] Registered 50 packages:
  Packages from [https://packages.unity.com]:
    com.unity.addressables@1.22.3 (location: C:\Users\erena\Desktop\Nuclear Option Munitions Package\unity\BlueprinterEditor\Blueprinter-Editor\Library\PackageCache\com.unity.addressables@1.22.3)
    com.unity.ide.rider@3.0.36 (location: C:\Users\erena\Desktop\Nuclear Option Munitions Package\unity\BlueprinterEditor\Blueprinter-Editor\Library\PackageCache\com.unity.ide.rider@3.0.36)
    com.unity.ide.visualstudio@2.0.22 (location: C:\Users\erena\Desktop\Nuclear Option Munitions Package\unity\BlueprinterEditor\Blueprinter-Editor\Library\PackageCache\com.unity.ide.visualstudio@2.0.22)
    com.unity.ide.vscode@1.2.5 (location: C:\Users\erena\Desktop\Nuclear Option Munitions Package\unity\BlueprinterEditor\Blueprinter-Editor\Library\PackageCache\com.unity.ide.vscode@1.2.5)
    com.unity.test-framework@1.1.33 (location: C:\Users\erena\Desktop\Nuclear Option Munitions Package\unity\BlueprinterEditor\Blueprinter-Editor\Library\PackageCache\com.unity.test-framework@1.1.33)
    com.unity.textmeshpro@3.0.7 (location: C:\Users\erena\Desktop\Nuclear Option Munitions Package\unity\BlueprinterEditor\Blueprinter-Editor\Library\PackageCache\com.unity.textmeshpro@3.0.7)
    com.unity.ext.nunit@1.0.6 (location: C:\Users\erena\Desktop\Nuclear Option Munitions Package\unity\BlueprinterEditor\Blueprinter-Editor\Library\PackageCache\com.unity.ext.nunit@1.0.6)
    com.unity.mathematics@1.2.6 (location: C:\Users\erena\Desktop\Nuclear Option Munitions Package\unity\BlueprinterEditor\Blueprinter-Editor\Library\PackageCache\com.unity.mathematics@1.2.6)
    com.unity.burst@1.8.21 (location: C:\Users\erena\Desktop\Nuclear Option Munitions Package\unity\BlueprinterEditor\Blueprinter-Editor\Library\PackageCache\com.unity.burst@1.8.21)
    com.unity.scriptablebuildpipeline@1.21.25 (location: C:\Users\erena\Desktop\Nuclear Option Munitions Package\unity\BlueprinterEditor\Blueprinter-Editor\Library\PackageCache\com.unity.scriptablebuildpipeline@1.21.25)
    com.unity.searcher@4.9.2 (location: C:\Users\erena\Desktop\Nuclear Option Munitions Package\unity\BlueprinterEditor\Blueprinter-Editor\Library\PackageCache\com.unity.searcher@4.9.2)
  Built-in packages:
    com.unity.render-pipelines.universal@14.0.12 (location: C:\Users\erena\Desktop\Nuclear Option Munitions Package\unity\BlueprinterEditor\Blueprinter-Editor\Library\PackageCache\com.unity.render-pipelines.universal@14.0.12)
    com.unity.ugui@1.0.0 (location: C:\Users\erena\Desktop\Nuclear Option Munitions Package\unity\BlueprinterEditor\Blueprinter-Editor\Library\PackageCache\com.unity.ugui@1.0.0)
    com.unity.modules.ai@1.0.0 (location: C:\Users\erena\Desktop\Nuclear Option Munitions Package\unity\BlueprinterEditor\Blueprinter-Editor\Library\PackageCache\com.unity.modules.ai@1.0.0)
    com.unity.modules.androidjni@1.0.0 (location: C:\Users\erena\Desktop\Nuclear Option Munitions Package\unity\BlueprinterEditor\Blueprinter-Editor\Library\PackageCache\com.unity.modules.androidjni@1.0.0)
    com.unity.modules.animation@1.0.0 (location: C:\Users\erena\Desktop\Nuclear Option Munitions Package\unity\BlueprinterEditor\Blueprinter-Editor\Library\PackageCache\com.unity.modules.animation@1.0.0)
    com.unity.modules.assetbundle@1.0.0 (location: C:\Users\erena\Desktop\Nuclear Option Munitions Package\unity\BlueprinterEditor\Blueprinter-Editor\Library\PackageCache\com.unity.modules.assetbundle@1.0.0)
    com.unity.modules.audio@1.0.0 (location: C:\Users\erena\Desktop\Nuclear Option Munitions Package\unity\BlueprinterEditor\Blueprinter-Editor\Library\PackageCache\com.unity.modules.audio@1.0.0)
    com.unity.modules.cloth@1.0.0 (location: C:\Users\erena\Desktop\Nuclear Option Munitions Package\unity\BlueprinterEditor\Blueprinter-Editor\Library\PackageCache\com.unity.modules.cloth@1.0.0)
    com.unity.modules.director@1.0.0 (location: C:\Users\erena\Desktop\Nuclear Option Munitions Package\unity\BlueprinterEditor\Blueprinter-Editor\Library\PackageCache\com.unity.modules.director@1.0.0)
    com.unity.modules.imageconversion@1.0.0 (location: C:\Users\erena\Desktop\Nuclear Option Munitions Package\unity\BlueprinterEditor\Blueprinter-Editor\Library\PackageCache\com.unity.modules.imageconversion@1.0.0)
    com.unity.modules.imgui@1.0.0 (location: C:\Users\erena\Desktop\Nuclear Option Munitions Package\unity\BlueprinterEditor\Blueprinter-Editor\Library\PackageCache\com.unity.modules.imgui@1.0.0)
    com.unity.modules.jsonserialize@1.0.0 (location: C:\Users\erena\Desktop\Nuclear Option Munitions Package\unity\BlueprinterEditor\Blueprinter-Editor\Library\PackageCache\com.unity.modules.jsonserialize@1.0.0)
    com.unity.modules.particlesystem@1.0.0 (location: C:\Users\erena\Desktop\Nuclear Option Munitions Package\unity\BlueprinterEditor\Blueprinter-Editor\Library\PackageCache\com.unity.modules.particlesystem@1.0.0)
    com.unity.modules.physics@1.0.0 (location: C:\Users\erena\Desktop\Nuclear Option Munitions Package\unity\BlueprinterEditor\Blueprinter-Editor\Library\PackageCache\com.unity.modules.physics@1.0.0)
    com.unity.modules.physics2d@1.0.0 (location: C:\Users\erena\Desktop\Nuclear Option Munitions Package\unity\BlueprinterEditor\Blueprinter-Editor\Library\PackageCache\com.unity.modules.physics2d@1.0.0)
    com.unity.modules.screencapture@1.0.0 (location: C:\Users\erena\Desktop\Nuclear Option Munitions Package\unity\BlueprinterEditor\Blueprinter-Editor\Library\PackageCache\com.unity.modules.screencapture@1.0.0)
    com.unity.modules.terrain@1.0.0 (location: C:\Users\erena\Desktop\Nuclear Option Munitions Package\unity\BlueprinterEditor\Blueprinter-Editor\Library\PackageCache\com.unity.modules.terrain@1.0.0)
    com.unity.modules.terrainphysics@1.0.0 (location: C:\Users\erena\Desktop\Nuclear Option Munitions Package\unity\BlueprinterEditor\Blueprinter-Editor\Library\PackageCache\com.unity.modules.terrainphysics@1.0.0)
    com.unity.modules.tilemap@1.0.0 (location: C:\Users\erena\Desktop\Nuclear Option Munitions Package\unity\BlueprinterEditor\Blueprinter-Editor\Library\PackageCache\com.unity.modules.tilemap@1.0.0)
    com.unity.modules.ui@1.0.0 (location: C:\Users\erena\Desktop\Nuclear Option Munitions Package\unity\BlueprinterEditor\Blueprinter-Editor\Library\PackageCache\com.unity.modules.ui@1.0.0)
    com.unity.modules.uielements@1.0.0 (location: C:\Users\erena\Desktop\Nuclear Option Munitions Package\unity\BlueprinterEditor\Blueprinter-Editor\Library\PackageCache\com.unity.modules.uielements@1.0.0)
    com.unity.modules.umbra@1.0.0 (location: C:\Users\erena\Desktop\Nuclear Option Munitions Package\unity\BlueprinterEditor\Blueprinter-Editor\Library\PackageCache\com.unity.modules.umbra@1.0.0)
    com.unity.modules.unityanalytics@1.0.0 (location: C:\Users\erena\Desktop\Nuclear Option Munitions Package\unity\BlueprinterEditor\Blueprinter-Editor\Library\PackageCache\com.unity.modules.unityanalytics@1.0.0)
    com.unity.modules.unitywebrequest@1.0.0 (location: C:\Users\erena\Desktop\Nuclear Option Munitions Package\unity\BlueprinterEditor\Blueprinter-Editor\Library\PackageCache\com.unity.modules.unitywebrequest@1.0.0)
    com.unity.modules.unitywebrequestassetbundle@1.0.0 (location: C:\Users\erena\Desktop\Nuclear Option Munitions Package\unity\BlueprinterEditor\Blueprinter-Editor\Library\PackageCache\com.unity.modules.unitywebrequestassetbundle@1.0.0)
    com.unity.modules.unitywebrequestaudio@1.0.0 (location: C:\Users\erena\Desktop\Nuclear Option Munitions Package\unity\BlueprinterEditor\Blueprinter-Editor\Library\PackageCache\com.unity.modules.unitywebrequestaudio@1.0.0)
    com.unity.modules.unitywebrequesttexture@1.0.0 (location: C:\Users\erena\Desktop\Nuclear Option Munitions Package\unity\BlueprinterEditor\Blueprinter-Editor\Library\PackageCache\com.unity.modules.unitywebrequesttexture@1.0.0)
    com.unity.modules.unitywebrequestwww@1.0.0 (location: C:\Users\erena\Desktop\Nuclear Option Munitions Package\unity\BlueprinterEditor\Blueprinter-Editor\Library\PackageCache\com.unity.modules.unitywebrequestwww@1.0.0)
    com.unity.modules.vehicles@1.0.0 (location: C:\Users\erena\Desktop\Nuclear Option Munitions Package\unity\BlueprinterEditor\Blueprinter-Editor\Library\PackageCache\com.unity.modules.vehicles@1.0.0)
    com.unity.modules.video@1.0.0 (location: C:\Users\erena\Desktop\Nuclear Option Munitions Package\unity\BlueprinterEditor\Blueprinter-Editor\Library\PackageCache\com.unity.modules.video@1.0.0)
    com.unity.modules.vr@1.0.0 (location: C:\Users\erena\Desktop\Nuclear Option Munitions Package\unity\BlueprinterEditor\Blueprinter-Editor\Library\PackageCache\com.unity.modules.vr@1.0.0)
    com.unity.modules.wind@1.0.0 (location: C:\Users\erena\Desktop\Nuclear Option Munitions Package\unity\BlueprinterEditor\Blueprinter-Editor\Library\PackageCache\com.unity.modules.wind@1.0.0)
    com.unity.modules.xr@1.0.0 (location: C:\Users\erena\Desktop\Nuclear Option Munitions Package\unity\BlueprinterEditor\Blueprinter-Editor\Library\PackageCache\com.unity.modules.xr@1.0.0)
    com.unity.modules.subsystems@1.0.0 (location: C:\Users\erena\Desktop\Nuclear Option Munitions Package\unity\BlueprinterEditor\Blueprinter-Editor\Library\PackageCache\com.unity.modules.subsystems@1.0.0)
    com.unity.render-pipelines.core@14.0.12 (location: C:\Users\erena\Desktop\Nuclear Option Munitions Package\unity\BlueprinterEditor\Blueprinter-Editor\Library\PackageCache\com.unity.render-pipelines.core@14.0.12)
    com.unity.shadergraph@14.0.12 (location: C:\Users\erena\Desktop\Nuclear Option Munitions Package\unity\BlueprinterEditor\Blueprinter-Editor\Library\PackageCache\com.unity.shadergraph@14.0.12)
    com.unity.render-pipelines.universal-config@14.0.10 (location: C:\Users\erena\Desktop\Nuclear Option Munitions Package\unity\BlueprinterEditor\Blueprinter-Editor\Library\PackageCache\com.unity.render-pipelines.universal-config@14.0.10)
  Embedded packages:
    nuclearoption@file:C:\Users\erena\Desktop\Nuclear Option Munitions Package\unity\BlueprinterEditor\Blueprinter-Editor\Packages\nuclearoption (location: C:\Users\erena\Desktop\Nuclear Option Munitions Package\unity\BlueprinterEditor\Blueprinter-Editor\Packages\nuclearoption)
  Git packages:
    com.nikkorap.blueprinter@https://github.com/nikkorap/NOBlueprinter-Editor.git (location: C:\Users\erena\Desktop\Nuclear Option Munitions Package\unity\BlueprinterEditor\Blueprinter-Editor\Library\PackageCache\com.nikkorap.blueprinter@9a4a8e5094)
[Subsystems] No new subsystems found in resolved package list.
Package Manager log level set to [2]
[Package Manager] Done registering packages in 0.23 seconds
Artifact Garbage Collection - Removed 2 unused hashed content files
Refreshing native plugins compatible for Editor in 62.35 ms, found 0 plugins.
Preloading 0 native plugins for Editor in 0.00 ms.
Initialize engine version: 2022.3.62f2 (7670c08855a9)
[Subsystems] Discovering subsystems at path C:/Program Files/Unity/Hub/Editor/2022.3.62f2/Editor/Data/Resources/UnitySubsystems
[Subsystems] Discovering subsystems at path C:/Users/erena/Desktop/Nuclear Option Munitions Package/unity/BlueprinterEditor/Blueprinter-Editor/Assets
Forcing GfxDevice: Null
GfxDevice: creating device client; threaded=0; jobified=0
NullGfxDevice:
    Version:  NULL 1.0 [1.0]
    Renderer: Null Device
    Vendor:   Unity Technologies
Shader Hidden/ProbeVolume/VoxelizeScene is not supported: GPU does not support conservative rasterization
[Licensing::Client] Successfully resolved entitlement details
Initialize mono
Mono path[0] = 'C:/Program Files/Unity/Hub/Editor/2022.3.62f2/Editor/Data/Managed'
Mono path[1] = 'C:/Program Files/Unity/Hub/Editor/2022.3.62f2/Editor/Data/MonoBleedingEdge/lib/mono/unityjit-win32'
Mono config path = 'C:/Program Files/Unity/Hub/Editor/2022.3.62f2/Editor/Data/MonoBleedingEdge/etc'
Using monoOptions --debugger-agent=transport=dt_socket,embedding=1,server=y,suspend=n,address=127.0.0.1:56928
Using cacheserver namespaces - metadata:defaultmetadata, artifacts:defaultartifacts
Using cacheserver namespaces - metadata:defaultmetadata, artifacts:defaultartifacts
ImportWorker Server TCP listen port: 0
Begin MonoManager ReloadAssembly
Registering precompiled unity dll's ...
Register platform support module: C:/Program Files/Unity/Hub/Editor/2022.3.62f2/Editor/Data/PlaybackEngines/WindowsStandaloneSupport/UnityEditor.WindowsStandalone.Extensions.dll
Registered in 0.014786 seconds.
- Loaded All Assemblies, in  0.498 seconds
Native extension for WindowsStandalone target not found
Mono: successfully reloaded assembly
- Finished resetting the current domain, in  0.351 seconds
Domain Reload Profiling: 847ms
	BeginReloadAssembly (179ms)
		ExecutionOrderSort (0ms)
		DisableScriptedObjects (0ms)
		BackupInstance (0ms)
		ReleaseScriptingObjects (0ms)
		CreateAndSetChildDomain (1ms)
	RebuildCommonClasses (44ms)
	RebuildNativeTypeToScriptingClass (13ms)
	initialDomainReloadingComplete (86ms)
	LoadAllAssembliesAndSetupDomain (173ms)
		LoadAssemblies (175ms)
		RebuildTransferFunctionScriptingTraits (0ms)
		AnalyzeDomain (170ms)
			TypeCache.Refresh (168ms)
				TypeCache.ScanAssembly (150ms)
			ScanForSourceGeneratedMonoScriptInfo (0ms)
			ResolveRequiredComponents (1ms)
	FinalizeReload (352ms)
		ReleaseScriptCaches (0ms)
		RebuildScriptCaches (0ms)
		SetupLoadedEditorAssemblies (291ms)
			LogAssemblyErrors (0ms)
			InitializePlatformSupportModulesInManaged (14ms)
			SetLoadedEditorAssemblies (10ms)
			RefreshPlugins (0ms)
			BeforeProcessingInitializeOnLoad (4ms)
			ProcessInitializeOnLoadAttributes (196ms)
			ProcessInitializeOnLoadMethodAttributes (66ms)
			AfterProcessingInitializeOnLoad (0ms)
			EditorAssembliesLoaded (0ms)
		ExecutionOrderSort2 (0ms)
		AwakeInstancesAfterBackupRestoration (0ms)
[Licensing::Client] Successfully resolved entitlement details
Application.AssetDatabase Initial Refresh Start
info: Microsoft.Hosting.Lifetime[14]
      Now listening on: http://localhost:80
info: Microsoft.Hosting.Lifetime[0]
      Application started. Press Ctrl+C to shut down.
info: Microsoft.Hosting.Lifetime[0]
      Hosting environment: Production
info: Microsoft.Hosting.Lifetime[0]
      Content root path: C:\Users\erena\Desktop\Nuclear Option Munitions Package\unity\BlueprinterEditor\Blueprinter-Editor\
info: Microsoft.AspNetCore.Hosting.Diagnostics[1]
      Request starting HTTP/2 POST http://ilpp/UnityILPP.PostProcessing/Ping application/grpc -
info: Microsoft.AspNetCore.Routing.EndpointMiddleware[0]
      Executing endpoint 'gRPC - /UnityILPP.PostProcessing/Ping'
info: Microsoft.AspNetCore.Routing.EndpointMiddleware[1]
      Executed endpoint 'gRPC - /UnityILPP.PostProcessing/Ping'
info: Microsoft.AspNetCore.Hosting.Diagnostics[2]
      Request finished HTTP/2 POST http://ilpp/UnityILPP.PostProcessing/Ping application/grpc - - 200 - application/grpc 42.4187ms
Starting: C:\Program Files\Unity\Hub\Editor\2022.3.62f2\Editor\Data\bee_backend.exe --ipc --defer-dag-verification --dagfile="Library/Bee/1900b0aE.dag" --continue-on-failure --profile="Library/Bee/backend1.traceevents" ScriptAssemblies
WorkingDir: C:/Users/erena/Desktop/Nuclear Option Munitions Package/unity/BlueprinterEditor/Blueprinter-Editor
DisplayProgressbar: Compiling Scripts
info: Microsoft.AspNetCore.Hosting.Diagnostics[1]
      Request starting HTTP/2 POST http://ilpp/UnityILPP.PostProcessing/ConfigurePostProcessors application/grpc -
info: Microsoft.AspNetCore.Routing.EndpointMiddleware[0]
      Executing endpoint 'gRPC - /UnityILPP.PostProcessing/ConfigurePostProcessors'
warn: Unity.ILPP.Runner.PostProcessingAssemblyLoadContext[0]
      Assembly system.runtime.interopservices.windowsruntime has duplicate hint path. Ignoring "C:\Users\erena\Unity\Hub\Editor\2022.3.62f2\Editor\Data\UnityReferenceAssemblies\unity-4.8-api\Facades\System.Runtime.InteropServices.WindowsRuntime.dll" in favor of "C:\Users\erena\Unity\Hub\Editor\2022.3.62f2\Editor\Data\NetStandard\Extensions\2.0.0\System.Runtime.InteropServices.WindowsRuntime.dll"
warn: Unity.ILPP.Runner.PostProcessingAssemblyLoadContext[0]
      Assembly system.componentmodel.composition has duplicate hint path. Ignoring "C:\Users\erena\Unity\Hub\Editor\2022.3.62f2\Editor\Data\UnityReferenceAssemblies\unity-4.8-api\System.ComponentModel.Composition.dll" in favor of "C:\Users\erena\Unity\Hub\Editor\2022.3.62f2\Editor\Data\NetStandard\compat\2.1.0\shims\netfx\System.ComponentModel.Composition.dll"
info: Unity.ILPP.Runner.PostProcessingAssemblyLoadContext[0]
      Resolved Unity.Burst.Cecil, Version=0.11.4.0, Culture=neutral, PublicKeyToken=50cebf1cceb9d05e with Library\PackageCache\com.unity.burst@1.8.21\Unity.Burst.CodeGen\Unity.Burst.Cecil.dll
info: Microsoft.AspNetCore.Routing.EndpointMiddleware[1]
      Executed endpoint 'gRPC - /UnityILPP.PostProcessing/ConfigurePostProcessors'
info: Microsoft.AspNetCore.Hosting.Diagnostics[2]
      Request finished HTTP/2 POST http://ilpp/UnityILPP.PostProcessing/ConfigurePostProcessors application/grpc - - 200 - application/grpc 51.2686ms
Starting: C:\Program Files\Unity\Hub\Editor\2022.3.62f2\Editor\Data\Tools\netcorerun\netcorerun.exe "C:\Program Files\Unity\Hub\Editor\2022.3.62f2\Editor\Data\Tools\BuildPipeline\ScriptCompilationBuildProgram.exe" "Library/Bee/1900b0aE.dag.json" "Library/Bee/1900b0aE-inputdata.json" "Library\Bee\buildprogram0.traceevents"
WorkingDir: C:/Users/erena/Desktop/Nuclear Option Munitions Package/unity/BlueprinterEditor/Blueprinter-Editor
ExitCode: 4 Duration: 0s398ms
Rebuilding DAG because FileSignature timestamp changed: Library/Bee/1900b0aE-inputdata.json
[383/474    0s] ILPP-Configuration Library/ilpp-configuration.nevergeneratedoutput
*** Tundra requires additional run (0.33 seconds), 1 items updated, 382 evaluated
ExitCode: 0 Duration: 2s932ms
Starting: C:\Program Files\Unity\Hub\Editor\2022.3.62f2\Editor\Data\bee_backend.exe --ipc --defer-dag-verification --dagfile="Library/Bee/1900b0aE.dag" --continue-on-failure --dagfilejson="Library\Bee\1900b0aE.dag.json" --profile="Library/Bee/backend2.traceevents" ScriptAssemblies
WorkingDir: C:/Users/erena/Desktop/Nuclear Option Munitions Package/unity/BlueprinterEditor/Blueprinter-Editor
info: Microsoft.AspNetCore.Hosting.Diagnostics[1]
      Request starting HTTP/2 POST http://ilpp/UnityILPP.PostProcessing/ConfigurePostProcessors application/grpc -
info: Microsoft.AspNetCore.Routing.EndpointMiddleware[0]
      Executing endpoint 'gRPC - /UnityILPP.PostProcessing/ConfigurePostProcessors'
info: Unity.ILPP.Runner.PostProcessingAssemblyLoadContext[0]
      ALC ILPP context 1 is unloading
warn: Unity.ILPP.Runner.PostProcessingAssemblyLoadContext[0]
      Assembly system.runtime.interopservices.windowsruntime has duplicate hint path. Ignoring "C:\Program Files\Unity\Hub\Editor\2022.3.62f2\Editor\Data\UnityReferenceAssemblies\unity-4.8-api\Facades\System.Runtime.InteropServices.WindowsRuntime.dll" in favor of "C:\Program Files\Unity\Hub\Editor\2022.3.62f2\Editor\Data\NetStandard\Extensions\2.0.0\System.Runtime.InteropServices.WindowsRuntime.dll"
warn: Unity.ILPP.Runner.PostProcessingAssemblyLoadContext[0]
      Assembly system.componentmodel.composition has duplicate hint path. Ignoring "C:\Program Files\Unity\Hub\Editor\2022.3.62f2\Editor\Data\UnityReferenceAssemblies\unity-4.8-api\System.ComponentModel.Composition.dll" in favor of "C:\Program Files\Unity\Hub\Editor\2022.3.62f2\Editor\Data\NetStandard\compat\2.1.0\shims\netfx\System.ComponentModel.Composition.dll"
info: Unity.ILPP.Runner.PostProcessingAssemblyLoadContext[0]
      Resolved Unity.Burst.Cecil, Version=0.11.4.0, Culture=neutral, PublicKeyToken=50cebf1cceb9d05e with Library\PackageCache\com.unity.burst@1.8.21\Unity.Burst.CodeGen\Unity.Burst.Cecil.dll
info: Microsoft.AspNetCore.Routing.EndpointMiddleware[1]
      Executed endpoint 'gRPC - /UnityILPP.PostProcessing/ConfigurePostProcessors'
info: Microsoft.AspNetCore.Hosting.Diagnostics[2]
      Request finished HTTP/2 POST http://ilpp/UnityILPP.PostProcessing/ConfigurePostProcessors application/grpc - - 200 - application/grpc 20.9668ms
info: Microsoft.AspNetCore.Hosting.Diagnostics[1]
      Request starting HTTP/2 POST http://ilpp/UnityILPP.PostProcessing/PostProcessAssembly application/grpc -
info: Microsoft.AspNetCore.Routing.EndpointMiddleware[0]
      Executing endpoint 'gRPC - /UnityILPP.PostProcessing/PostProcessAssembly'
info: Unity.ILPP.Runner.PostProcessingPipeline[0]
      Processing assembly Library/Bee/artifacts/1900b0aE.dag/Unity.RenderPipelines.Core.ShaderLibrary.dll, with 119 defines and 209 references
info: Unity.ILPP.Runner.PostProcessingPipeline[0]
      processors: zzzUnity.Burst.CodeGen.BurstILPostProcessor
info: Unity.ILPP.Runner.PostProcessingPipeline[0]
      running zzzUnity.Burst.CodeGen.BurstILPostProcessor
info: Microsoft.AspNetCore.Hosting.Diagnostics[1]
      Request starting HTTP/2 POST http://ilpp/UnityILPP.PostProcessing/PostProcessAssembly application/grpc -
info: Microsoft.AspNetCore.Routing.EndpointMiddleware[0]
      Executing endpoint 'gRPC - /UnityILPP.PostProcessing/PostProcessAssembly'
info: Microsoft.AspNetCore.Hosting.Diagnostics[1]
      Request starting HTTP/2 POST http://ilpp/UnityILPP.PostProcessing/PostProcessAssembly application/grpc -
info: Microsoft.AspNetCore.Routing.EndpointMiddleware[0]
      Executing endpoint 'gRPC - /UnityILPP.PostProcessing/PostProcessAssembly'
info: Microsoft.AspNetCore.Hosting.Diagnostics[1]
      Request starting HTTP/2 POST http://ilpp/UnityILPP.PostProcessing/PostProcessAssembly application/grpc -
info: Microsoft.AspNetCore.Routing.EndpointMiddleware[0]
      Executing endpoint 'gRPC - /UnityILPP.PostProcessing/PostProcessAssembly'
info: Microsoft.AspNetCore.Hosting.Diagnostics[1]
      Request starting HTTP/2 POST http://ilpp/UnityILPP.PostProcessing/PostProcessAssembly application/grpc -
info: Microsoft.AspNetCore.Routing.EndpointMiddleware[0]
      Executing endpoint 'gRPC - /UnityILPP.PostProcessing/PostProcessAssembly'
info: Microsoft.AspNetCore.Hosting.Diagnostics[1]
      Request starting HTTP/2 POST http://ilpp/UnityILPP.PostProcessing/PostProcessAssembly application/grpc -
info: Microsoft.AspNetCore.Routing.EndpointMiddleware[0]
      Executing endpoint 'gRPC - /UnityILPP.PostProcessing/PostProcessAssembly'
info: Microsoft.AspNetCore.Hosting.Diagnostics[1]
      Request starting HTTP/2 POST http://ilpp/UnityILPP.PostProcessing/PostProcessAssembly application/grpc -
info: Microsoft.AspNetCore.Routing.EndpointMiddleware[0]
      Executing endpoint 'gRPC - /UnityILPP.PostProcessing/PostProcessAssembly'
info: Microsoft.AspNetCore.Hosting.Diagnostics[1]
      Request starting HTTP/2 POST http://ilpp/UnityILPP.PostProcessing/PostProcessAssembly application/grpc -
info: Microsoft.AspNetCore.Routing.EndpointMiddleware[0]
      Executing endpoint 'gRPC - /UnityILPP.PostProcessing/PostProcessAssembly'
info: Unity.ILPP.Runner.PostProcessingPipeline[0]
      Processing assembly Library/Bee/artifacts/1900b0aE.dag/Unity.RenderPipelines.ShaderGraph.ShaderGraphLibrary.dll, with 119 defines and 209 references
info: Unity.ILPP.Runner.PostProcessingPipeline[0]
      processors: zzzUnity.Burst.CodeGen.BurstILPostProcessor
info: Unity.ILPP.Runner.PostProcessingPipeline[0]
      running zzzUnity.Burst.CodeGen.BurstILPostProcessor
info: Microsoft.AspNetCore.Routing.EndpointMiddleware[1]
      Executed endpoint 'gRPC - /UnityILPP.PostProcessing/PostProcessAssembly'
info: Microsoft.AspNetCore.Hosting.Diagnostics[2]
      Request finished HTTP/2 POST http://ilpp/UnityILPP.PostProcessing/PostProcessAssembly application/grpc - - 200 - application/grpc 196.2148ms
info: Unity.ILPP.Runner.PostProcessingPipeline[0]
      Processing assembly Library/Bee/artifacts/1900b0aE.dag/Unity.ScriptableBuildPipeline.dll, with 119 defines and 209 references
info: Unity.ILPP.Runner.PostProcessingPipeline[0]
      processors: zzzUnity.Burst.CodeGen.BurstILPostProcessor
info: Unity.ILPP.Runner.PostProcessingPipeline[0]
      running zzzUnity.Burst.CodeGen.BurstILPostProcessor
info: Unity.ILPP.Runner.PostProcessingPipeline[0]
      Processing assembly Library/Bee/artifacts/1900b0aE.dag/Unity.RenderPipeline.Universal.ShaderLibrary.dll, with 119 defines and 210 references
info: Unity.ILPP.Runner.PostProcessingPipeline[0]
      processors: zzzUnity.Burst.CodeGen.BurstILPostProcessor
info: Microsoft.AspNetCore.Routing.EndpointMiddleware[1]
      Executed endpoint 'gRPC - /UnityILPP.PostProcessing/PostProcessAssembly'
info: Microsoft.AspNetCore.Hosting.Diagnostics[2]
      Request finished HTTP/2 POST http://ilpp/UnityILPP.PostProcessing/PostProcessAssembly application/grpc - - 200 - application/grpc 894.9880ms
info: Microsoft.AspNetCore.Routing.EndpointMiddleware[1]
      Executed endpoint 'gRPC - /UnityILPP.PostProcessing/PostProcessAssembly'
info: Microsoft.AspNetCore.Hosting.Diagnostics[2]
      Request finished HTTP/2 POST http://ilpp/UnityILPP.PostProcessing/PostProcessAssembly application/grpc - - 200 - application/grpc 895.2726ms
info: Unity.ILPP.Runner.PostProcessingPipeline[0]
      Processing assembly Library/Bee/artifacts/1900b0aE.dag/Unity.RenderPipelines.Universal.2D.Internal.dll, with 119 defines and 209 references
info: Unity.ILPP.Runner.PostProcessingPipeline[0]
      processors: zzzUnity.Burst.CodeGen.BurstILPostProcessor
info: Unity.ILPP.Runner.PostProcessingPipeline[0]
      Processing assembly Library/Bee/artifacts/1900b0aE.dag/Unity.Mathematics.dll, with 119 defines and 209 references
info: Unity.ILPP.Runner.PostProcessingPipeline[0]
      processors: zzzUnity.Burst.CodeGen.BurstILPostProcessor
info: Unity.ILPP.Runner.PostProcessingPipeline[0]
      Processing assembly Library/Bee/artifacts/1900b0aE.dag/UnityEngine.UI.dll, with 124 defines and 207 references
info: Unity.ILPP.Runner.PostProcessingPipeline[0]
      processors: zzzUnity.Burst.CodeGen.BurstILPostProcessor
info: Unity.ILPP.Runner.PostProcessingPipeline[0]
      running zzzUnity.Burst.CodeGen.BurstILPostProcessor
info: Unity.ILPP.Runner.PostProcessingPipeline[0]
      running zzzUnity.Burst.CodeGen.BurstILPostProcessor
info: Unity.ILPP.Runner.PostProcessingPipeline[0]
      running zzzUnity.Burst.CodeGen.BurstILPostProcessor
info: Unity.ILPP.Runner.PostProcessingPipeline[0]
      running zzzUnity.Burst.CodeGen.BurstILPostProcessor
info: Microsoft.AspNetCore.Hosting.Diagnostics[1]
      Request starting HTTP/2 POST http://ilpp/UnityILPP.PostProcessing/PostProcessAssembly application/grpc -
info: Microsoft.AspNetCore.Routing.EndpointMiddleware[0]
      Executing endpoint 'gRPC - /UnityILPP.PostProcessing/PostProcessAssembly'
info: Microsoft.AspNetCore.Hosting.Diagnostics[1]
      Request starting HTTP/2 POST http://ilpp/UnityILPP.PostProcessing/PostProcessAssembly application/grpc -
info: Microsoft.AspNetCore.Routing.EndpointMiddleware[0]
      Executing endpoint 'gRPC - /UnityILPP.PostProcessing/PostProcessAssembly'
info: Microsoft.AspNetCore.Hosting.Diagnostics[1]
      Request starting HTTP/2 POST http://ilpp/UnityILPP.PostProcessing/PostProcessAssembly application/grpc -
info: Microsoft.AspNetCore.Routing.EndpointMiddleware[0]
      Executing endpoint 'gRPC - /UnityILPP.PostProcessing/PostProcessAssembly'
info: Unity.ILPP.Runner.PostProcessingPipeline[0]
      Processing assembly Library/Bee/artifacts/1900b0aE.dag/Unity.RenderPipelines.Universal.Config.Runtime.dll, with 119 defines and 210 references
info: Unity.ILPP.Runner.PostProcessingPipeline[0]
      processors: zzzUnity.Burst.CodeGen.BurstILPostProcessor
info: Unity.ILPP.Runner.PostProcessingPipeline[0]
      running zzzUnity.Burst.CodeGen.BurstILPostProcessor
info: Microsoft.AspNetCore.Routing.EndpointMiddleware[1]
      Executed endpoint 'gRPC - /UnityILPP.PostProcessing/PostProcessAssembly'
info: Microsoft.AspNetCore.Routing.EndpointMiddleware[1]
      Executed endpoint 'gRPC - /UnityILPP.PostProcessing/PostProcessAssembly'
info: Microsoft.AspNetCore.Hosting.Diagnostics[2]
      Request finished HTTP/2 POST http://ilpp/UnityILPP.PostProcessing/PostProcessAssembly application/grpc - - 200 - application/grpc 2937.2840ms
info: Microsoft.AspNetCore.Hosting.Diagnostics[2]
      Request finished HTTP/2 POST http://ilpp/UnityILPP.PostProcessing/PostProcessAssembly application/grpc - - 200 - application/grpc 2936.8972ms
info: Microsoft.AspNetCore.Routing.EndpointMiddleware[1]
      Executed endpoint 'gRPC - /UnityILPP.PostProcessing/PostProcessAssembly'
info: Microsoft.AspNetCore.Routing.EndpointMiddleware[1]
      Executed endpoint 'gRPC - /UnityILPP.PostProcessing/PostProcessAssembly'
info: Microsoft.AspNetCore.Hosting.Diagnostics[2]
      Request finished HTTP/2 POST http://ilpp/UnityILPP.PostProcessing/PostProcessAssembly application/grpc - - 200 - application/grpc 2937.1373ms
info: Microsoft.AspNetCore.Hosting.Diagnostics[2]
      Request finished HTTP/2 POST http://ilpp/UnityILPP.PostProcessing/PostProcessAssembly application/grpc - - 200 - application/grpc 2937.3141ms
info: Microsoft.AspNetCore.Hosting.Diagnostics[1]
      Request starting HTTP/2 POST http://ilpp/UnityILPP.PostProcessing/PostProcessAssembly application/grpc -
info: Microsoft.AspNetCore.Hosting.Diagnostics[1]
      Request starting HTTP/2 POST http://ilpp/UnityILPP.PostProcessing/PostProcessAssembly application/grpc -
info: Microsoft.AspNetCore.Hosting.Diagnostics[1]
      Request starting HTTP/2 POST http://ilpp/UnityILPP.PostProcessing/PostProcessAssembly application/grpc -
info: Microsoft.AspNetCore.Routing.EndpointMiddleware[0]
      Executing endpoint 'gRPC - /UnityILPP.PostProcessing/PostProcessAssembly'
info: Microsoft.AspNetCore.Hosting.Diagnostics[1]
      Request starting HTTP/2 POST http://ilpp/UnityILPP.PostProcessing/PostProcessAssembly application/grpc -
info: Microsoft.AspNetCore.Routing.EndpointMiddleware[0]
      Executing endpoint 'gRPC - /UnityILPP.PostProcessing/PostProcessAssembly'
info: Microsoft.AspNetCore.Routing.EndpointMiddleware[0]
      Executing endpoint 'gRPC - /UnityILPP.PostProcessing/PostProcessAssembly'
info: Microsoft.AspNetCore.Routing.EndpointMiddleware[0]
      Executing endpoint 'gRPC - /UnityILPP.PostProcessing/PostProcessAssembly'
info: Unity.ILPP.Runner.PostProcessingPipeline[0]
      Processing assembly Library/Bee/artifacts/1900b0aE.dag/Unity.RenderPipelines.Universal.Runtime.dll, with 124 defines and 215 references
info: Unity.ILPP.Runner.PostProcessingPipeline[0]
      Processing assembly Library/Bee/artifacts/1900b0aE.dag/Unity.Addressables.dll, with 119 defines and 210 references
info: Unity.ILPP.Runner.PostProcessingPipeline[0]
      processors: zzzUnity.Burst.CodeGen.BurstILPostProcessor
info: Unity.ILPP.Runner.PostProcessingPipeline[0]
      processors: zzzUnity.Burst.CodeGen.BurstILPostProcessor
info: Unity.ILPP.Runner.PostProcessingPipeline[0]
      Processing assembly Library/Bee/artifacts/1900b0aE.dag/Unity.TextMeshPro.dll, with 120 defines and 209 references
info: Unity.ILPP.Runner.PostProcessingPipeline[0]
      processors: zzzUnity.Burst.CodeGen.BurstILPostProcessor
info: Unity.ILPP.Runner.PostProcessingPipeline[0]
      Processing assembly Library/Bee/artifacts/1900b0aE.dag/Unity.RenderPipelines.Core.Runtime.dll, with 121 defines and 209 references
info: Unity.ILPP.Runner.PostProcessingPipeline[0]
      processors: zzzUnity.Burst.CodeGen.BurstILPostProcessor
info: Microsoft.AspNetCore.Routing.EndpointMiddleware[1]
      Executed endpoint 'gRPC - /UnityILPP.PostProcessing/PostProcessAssembly'
info: Microsoft.AspNetCore.Hosting.Diagnostics[2]
      Request finished HTTP/2 POST http://ilpp/UnityILPP.PostProcessing/PostProcessAssembly application/grpc - - 200 - application/grpc 2944.9122ms
info: Unity.ILPP.Runner.PostProcessingPipeline[0]
      Processing assembly Library/Bee/artifacts/1900b0aE.dag/Unity.Burst.dll, with 119 defines and 210 references
info: Unity.ILPP.Runner.PostProcessingPipeline[0]
      processors: zzzUnity.Burst.CodeGen.BurstILPostProcessor
info: Unity.ILPP.Runner.PostProcessingPipeline[0]
      running zzzUnity.Burst.CodeGen.BurstILPostProcessor
info: Unity.ILPP.Runner.PostProcessingPipeline[0]
      running zzzUnity.Burst.CodeGen.BurstILPostProcessor
info: Unity.ILPP.Runner.PostProcessingPipeline[0]
      running zzzUnity.Burst.CodeGen.BurstILPostProcessor
info: Unity.ILPP.Runner.PostProcessingPipeline[0]
      running zzzUnity.Burst.CodeGen.BurstILPostProcessor
info: Unity.ILPP.Runner.PostProcessingPipeline[0]
      running zzzUnity.Burst.CodeGen.BurstILPostProcessor
info: Unity.ILPP.Runner.PostProcessingAssemblyLoadContext[0]
      Resolved Unity.Burst.Cecil.Rocks, Version=0.11.4.0, Culture=neutral, PublicKeyToken=50cebf1cceb9d05e with Library\PackageCache\com.unity.burst@1.8.21\Unity.Burst.CodeGen\Unity.Burst.Cecil.Rocks.dll
info: Unity.ILPP.Runner.PostProcessingPipeline[0]
      Processing assembly Library/Bee/artifacts/1900b0aE.dag/Unity.RenderPipelines.Universal.Shaders.dll, with 119 defines and 209 references
info: Unity.ILPP.Runner.PostProcessingPipeline[0]
      processors: zzzUnity.Burst.CodeGen.BurstILPostProcessor
info: Unity.ILPP.Runner.PostProcessingPipeline[0]
      running zzzUnity.Burst.CodeGen.BurstILPostProcessor
info: Microsoft.AspNetCore.Routing.EndpointMiddleware[1]
      Executed endpoint 'gRPC - /UnityILPP.PostProcessing/PostProcessAssembly'
info: Microsoft.AspNetCore.Hosting.Diagnostics[2]
      Request finished HTTP/2 POST http://ilpp/UnityILPP.PostProcessing/PostProcessAssembly application/grpc - - 200 - application/grpc 1543.5915ms
info: Microsoft.AspNetCore.Routing.EndpointMiddleware[1]
      Executed endpoint 'gRPC - /UnityILPP.PostProcessing/PostProcessAssembly'
info: Microsoft.AspNetCore.Hosting.Diagnostics[2]
      Request finished HTTP/2 POST http://ilpp/UnityILPP.PostProcessing/PostProcessAssembly application/grpc - - 200 - application/grpc 1543.8540ms
info: Microsoft.AspNetCore.Routing.EndpointMiddleware[1]
      Executed endpoint 'gRPC - /UnityILPP.PostProcessing/PostProcessAssembly'
info: Microsoft.AspNetCore.Hosting.Diagnostics[2]
      Request finished HTTP/2 POST http://ilpp/UnityILPP.PostProcessing/PostProcessAssembly application/grpc - - 200 - application/grpc 1544.0355ms
info: Microsoft.AspNetCore.Routing.EndpointMiddleware[1]
      Executed endpoint 'gRPC - /UnityILPP.PostProcessing/PostProcessAssembly'
info: Microsoft.AspNetCore.Routing.EndpointMiddleware[1]
      Executed endpoint 'gRPC - /UnityILPP.PostProcessing/PostProcessAssembly'
info: Microsoft.AspNetCore.Hosting.Diagnostics[2]
      Request finished HTTP/2 POST http://ilpp/UnityILPP.PostProcessing/PostProcessAssembly application/grpc - - 200 - application/grpc 2563.1176ms
info: Microsoft.AspNetCore.Hosting.Diagnostics[2]
      Request finished HTTP/2 POST http://ilpp/UnityILPP.PostProcessing/PostProcessAssembly application/grpc - - 200 - application/grpc 2563.0956ms
info: Microsoft.AspNetCore.Routing.EndpointMiddleware[1]
      Executed endpoint 'gRPC - /UnityILPP.PostProcessing/PostProcessAssembly'
info: Unity.ILPP.Runner.PostProcessingPipeline[0]
      Processing assembly Library/Bee/artifacts/1900b0aE.dag/Unity.ResourceManager.dll, with 120 defines and 209 references
info: Unity.ILPP.Runner.PostProcessingPipeline[0]
      processors: zzzUnity.Burst.CodeGen.BurstILPostProcessor
info: Microsoft.AspNetCore.Hosting.Diagnostics[2]
      Request finished HTTP/2 POST http://ilpp/UnityILPP.PostProcessing/PostProcessAssembly application/grpc - - 200 - application/grpc 2563.4792ms
info: Microsoft.AspNetCore.Hosting.Diagnostics[1]
      Request starting HTTP/2 POST http://ilpp/UnityILPP.PostProcessing/PostProcessAssembly application/grpc -
info: Microsoft.AspNetCore.Routing.EndpointMiddleware[0]
      Executing endpoint 'gRPC - /UnityILPP.PostProcessing/PostProcessAssembly'
info: Unity.ILPP.Runner.PostProcessingPipeline[0]
      Processing assembly Library/Bee/artifacts/1900b0aE.dag/Unity.Burst.Editor.dll, with 117 defines and 217 references
info: Unity.ILPP.Runner.PostProcessingPipeline[0]
      processors: zzzUnity.Burst.CodeGen.BurstILPostProcessor
info: Microsoft.AspNetCore.Hosting.Diagnostics[1]
      Request starting HTTP/2 POST http://ilpp/UnityILPP.PostProcessing/PostProcessAssembly application/grpc -
info: Microsoft.AspNetCore.Hosting.Diagnostics[1]
      Request starting HTTP/2 POST http://ilpp/UnityILPP.PostProcessing/PostProcessAssembly application/grpc -
info: Microsoft.AspNetCore.Routing.EndpointMiddleware[0]
      Executing endpoint 'gRPC - /UnityILPP.PostProcessing/PostProcessAssembly'
info: Microsoft.AspNetCore.Routing.EndpointMiddleware[0]
      Executing endpoint 'gRPC - /UnityILPP.PostProcessing/PostProcessAssembly'
info: Unity.ILPP.Runner.PostProcessingPipeline[0]
      Processing assembly Library/Bee/artifacts/1900b0aE.dag/PPv2URPConverters.dll, with 117 defines and 220 references
info: Unity.ILPP.Runner.PostProcessingPipeline[0]
      Processing assembly Library/Bee/artifacts/1900b0aE.dag/Blueprinter.Editor.dll, with 117 defines and 216 references
info: Unity.ILPP.Runner.PostProcessingPipeline[0]
      processors: zzzUnity.Burst.CodeGen.BurstILPostProcessor
info: Unity.ILPP.Runner.PostProcessingPipeline[0]
      processors: zzzUnity.Burst.CodeGen.BurstILPostProcessor
info: Microsoft.AspNetCore.Hosting.Diagnostics[1]
      Request starting HTTP/2 POST http://ilpp/UnityILPP.PostProcessing/PostProcessAssembly application/grpc -
info: Microsoft.AspNetCore.Routing.EndpointMiddleware[0]
      Executing endpoint 'gRPC - /UnityILPP.PostProcessing/PostProcessAssembly'
info: Unity.ILPP.Runner.PostProcessingPipeline[0]
      Processing assembly Library/Bee/artifacts/1900b0aE.dag/Unity.RenderPipelines.Universal.Editor.dll, with 118 defines and 222 references
info: Unity.ILPP.Runner.PostProcessingPipeline[0]
      processors: zzzUnity.Burst.CodeGen.BurstILPostProcessor
info: Unity.ILPP.Runner.PostProcessingPipeline[0]
      running zzzUnity.Burst.CodeGen.BurstILPostProcessor
info: Unity.ILPP.Runner.PostProcessingPipeline[0]
      running zzzUnity.Burst.CodeGen.BurstILPostProcessor
info: Unity.ILPP.Runner.PostProcessingPipeline[0]
      running zzzUnity.Burst.CodeGen.BurstILPostProcessor
info: Unity.ILPP.Runner.PostProcessingPipeline[0]
      running zzzUnity.Burst.CodeGen.BurstILPostProcessor
info: Microsoft.AspNetCore.Routing.EndpointMiddleware[1]
      Executed endpoint 'gRPC - /UnityILPP.PostProcessing/PostProcessAssembly'
info: Microsoft.AspNetCore.Hosting.Diagnostics[2]
      Request finished HTTP/2 POST http://ilpp/UnityILPP.PostProcessing/PostProcessAssembly application/grpc - - 200 - application/grpc 45.5135ms
info: Unity.ILPP.Runner.PostProcessingPipeline[0]
      running zzzUnity.Burst.CodeGen.BurstILPostProcessor
info: Microsoft.AspNetCore.Routing.EndpointMiddleware[1]
      Executed endpoint 'gRPC - /UnityILPP.PostProcessing/PostProcessAssembly'
info: Microsoft.AspNetCore.Hosting.Diagnostics[2]
      Request finished HTTP/2 POST http://ilpp/UnityILPP.PostProcessing/PostProcessAssembly application/grpc - - 200 - application/grpc 824.9543ms
info: Microsoft.AspNetCore.Routing.EndpointMiddleware[1]
      Executed endpoint 'gRPC - /UnityILPP.PostProcessing/PostProcessAssembly'
info: Microsoft.AspNetCore.Routing.EndpointMiddleware[1]
      Executed endpoint 'gRPC - /UnityILPP.PostProcessing/PostProcessAssembly'
info: Microsoft.AspNetCore.Hosting.Diagnostics[2]
      Request finished HTTP/2 POST http://ilpp/UnityILPP.PostProcessing/PostProcessAssembly application/grpc - - 200 - application/grpc 2378.7572ms
info: Microsoft.AspNetCore.Hosting.Diagnostics[2]
      Request finished HTTP/2 POST http://ilpp/UnityILPP.PostProcessing/PostProcessAssembly application/grpc - - 200 - application/grpc 831.2462ms
info: Microsoft.AspNetCore.Hosting.Diagnostics[1]
      Request starting HTTP/2 POST http://ilpp/UnityILPP.PostProcessing/PostProcessAssembly application/grpc -
info: Microsoft.AspNetCore.Hosting.Diagnostics[1]
      Request starting HTTP/2 POST http://ilpp/UnityILPP.PostProcessing/PostProcessAssembly application/grpc -
info: Microsoft.AspNetCore.Hosting.Diagnostics[1]
      Request starting HTTP/2 POST http://ilpp/UnityILPP.PostProcessing/PostProcessAssembly application/grpc -
info: Microsoft.AspNetCore.Routing.EndpointMiddleware[0]
      Executing endpoint 'gRPC - /UnityILPP.PostProcessing/PostProcessAssembly'
info: Microsoft.AspNetCore.Routing.EndpointMiddleware[0]
      Executing endpoint 'gRPC - /UnityILPP.PostProcessing/PostProcessAssembly'
info: Microsoft.AspNetCore.Routing.EndpointMiddleware[0]
      Executing endpoint 'gRPC - /UnityILPP.PostProcessing/PostProcessAssembly'
info: Microsoft.AspNetCore.Hosting.Diagnostics[1]
      Request starting HTTP/2 POST http://ilpp/UnityILPP.PostProcessing/PostProcessAssembly application/grpc -
info: Microsoft.AspNetCore.Hosting.Diagnostics[1]
      Request starting HTTP/2 POST http://ilpp/UnityILPP.PostProcessing/PostProcessAssembly application/grpc -
info: Microsoft.AspNetCore.Routing.EndpointMiddleware[0]
      Executing endpoint 'gRPC - /UnityILPP.PostProcessing/PostProcessAssembly'
info: Microsoft.AspNetCore.Routing.EndpointMiddleware[0]
      Executing endpoint 'gRPC - /UnityILPP.PostProcessing/PostProcessAssembly'
info: Microsoft.AspNetCore.Hosting.Diagnostics[1]
      Request starting HTTP/2 POST http://ilpp/UnityILPP.PostProcessing/PostProcessAssembly application/grpc -
info: Microsoft.AspNetCore.Routing.EndpointMiddleware[0]
      Executing endpoint 'gRPC - /UnityILPP.PostProcessing/PostProcessAssembly'
info: Unity.ILPP.Runner.PostProcessingPipeline[0]
      Processing assembly Library/Bee/artifacts/1900b0aE.dag/Unity.Addressables.Editor.Tests.DocExampleCode.dll, with 118 defines and 220 references
info: Unity.ILPP.Runner.PostProcessingPipeline[0]
      processors: zzzUnity.Burst.CodeGen.BurstILPostProcessor
info: Unity.ILPP.Runner.PostProcessingPipeline[0]
      Processing assembly Library/Bee/artifacts/1900b0aE.dag/Unity.ScriptableBuildPipeline.Editor.dll, with 120 defines and 217 references
info: Unity.ILPP.Runner.PostProcessingPipeline[0]
      processors: zzzUnity.Burst.CodeGen.BurstILPostProcessor
info: Unity.ILPP.Runner.PostProcessingPipeline[0]
      running zzzUnity.Burst.CodeGen.BurstILPostProcessor
info: Unity.ILPP.Runner.PostProcessingPipeline[0]
      running zzzUnity.Burst.CodeGen.BurstILPostProcessor
info: Unity.ILPP.Runner.PostProcessingPipeline[0]
      Processing assembly Library/Bee/artifacts/1900b0aE.dag/Unity.ShaderGraph.Utilities.dll, with 117 defines and 216 references
info: Unity.ILPP.Runner.PostProcessingPipeline[0]
      processors: zzzUnity.Burst.CodeGen.BurstILPostProcessor
info: Unity.ILPP.Runner.PostProcessingPipeline[0]
      running zzzUnity.Burst.CodeGen.BurstILPostProcessor
info: Unity.ILPP.Runner.PostProcessingPipeline[0]
      Processing assembly Library/Bee/artifacts/1900b0aE.dag/UnityEditor.UI.dll, with 120 defines and 215 references
info: Unity.ILPP.Runner.PostProcessingPipeline[0]
      processors: zzzUnity.Burst.CodeGen.BurstILPostProcessor
info: Unity.ILPP.Runner.PostProcessingPipeline[0]
      Processing assembly Library/Bee/artifacts/1900b0aE.dag/Unity.Searcher.Editor.dll, with 117 defines and 216 references
info: Unity.ILPP.Runner.PostProcessingPipeline[0]
      processors: zzzUnity.Burst.CodeGen.BurstILPostProcessor
info: Microsoft.AspNetCore.Routing.EndpointMiddleware[1]
      Executed endpoint 'gRPC - /UnityILPP.PostProcessing/PostProcessAssembly'
info: Microsoft.AspNetCore.Hosting.Diagnostics[2]
      Request finished HTTP/2 POST http://ilpp/UnityILPP.PostProcessing/PostProcessAssembly application/grpc - - 200 - application/grpc 380.2029ms
info: Microsoft.AspNetCore.Routing.EndpointMiddleware[1]
      Executed endpoint 'gRPC - /UnityILPP.PostProcessing/PostProcessAssembly'
info: Microsoft.AspNetCore.Routing.EndpointMiddleware[1]
      Executed endpoint 'gRPC - /UnityILPP.PostProcessing/PostProcessAssembly'
info: Microsoft.AspNetCore.Hosting.Diagnostics[2]
      Request finished HTTP/2 POST http://ilpp/UnityILPP.PostProcessing/PostProcessAssembly application/grpc - - 200 - application/grpc 1212.4889ms
info: Microsoft.AspNetCore.Hosting.Diagnostics[2]
      Request finished HTTP/2 POST http://ilpp/UnityILPP.PostProcessing/PostProcessAssembly application/grpc - - 200 - application/grpc 380.6240ms
info: Microsoft.AspNetCore.Hosting.Diagnostics[1]
      Request starting HTTP/2 POST http://ilpp/UnityILPP.PostProcessing/PostProcessAssembly application/grpc -
info: Microsoft.AspNetCore.Hosting.Diagnostics[1]
      Request starting HTTP/2 POST http://ilpp/UnityILPP.PostProcessing/PostProcessAssembly application/grpc -
info: Microsoft.AspNetCore.Hosting.Diagnostics[1]
      Request starting HTTP/2 POST http://ilpp/UnityILPP.PostProcessing/PostProcessAssembly application/grpc -
info: Microsoft.AspNetCore.Routing.EndpointMiddleware[0]
      Executing endpoint 'gRPC - /UnityILPP.PostProcessing/PostProcessAssembly'
info: Microsoft.AspNetCore.Routing.EndpointMiddleware[0]
      Executing endpoint 'gRPC - /UnityILPP.PostProcessing/PostProcessAssembly'
info: Microsoft.AspNetCore.Routing.EndpointMiddleware[0]
      Executing endpoint 'gRPC - /UnityILPP.PostProcessing/PostProcessAssembly'
info: Unity.ILPP.Runner.PostProcessingPipeline[0]
      Processing assembly Library/Bee/artifacts/1900b0aE.dag/Unity.ShaderGraph.Editor.dll, with 117 defines and 220 references
info: Unity.ILPP.Runner.PostProcessingPipeline[0]
      Processing assembly Library/Bee/artifacts/1900b0aE.dag/Unity.RenderPipelines.Core.Editor.dll, with 118 defines and 218 references
info: Unity.ILPP.Runner.PostProcessingPipeline[0]
      processors: zzzUnity.Burst.CodeGen.BurstILPostProcessor
info: Unity.ILPP.Runner.PostProcessingPipeline[0]
      processors: zzzUnity.Burst.CodeGen.BurstILPostProcessor
info: Microsoft.AspNetCore.Routing.EndpointMiddleware[1]
      Executed endpoint 'gRPC - /UnityILPP.PostProcessing/PostProcessAssembly'
info: Microsoft.AspNetCore.Hosting.Diagnostics[2]
      Request finished HTTP/2 POST http://ilpp/UnityILPP.PostProcessing/PostProcessAssembly application/grpc - - 200 - application/grpc 387.8641ms
info: Unity.ILPP.Runner.PostProcessingPipeline[0]
      running zzzUnity.Burst.CodeGen.BurstILPostProcessor
info: Unity.ILPP.Runner.PostProcessingPipeline[0]
      running zzzUnity.Burst.CodeGen.BurstILPostProcessor
info: Unity.ILPP.Runner.PostProcessingPipeline[0]
      running zzzUnity.Burst.CodeGen.BurstILPostProcessor
info: Unity.ILPP.Runner.PostProcessingPipeline[0]
      running zzzUnity.Burst.CodeGen.BurstILPostProcessor
info: Unity.ILPP.Runner.PostProcessingPipeline[0]
      Processing assembly Library/Bee/artifacts/1900b0aE.dag/Unity.Addressables.Editor.dll, with 118 defines and 220 references
info: Unity.ILPP.Runner.PostProcessingPipeline[0]
      processors: zzzUnity.Burst.CodeGen.BurstILPostProcessor
info: Microsoft.AspNetCore.Routing.EndpointMiddleware[1]
      Executed endpoint 'gRPC - /UnityILPP.PostProcessing/PostProcessAssembly'
info: Microsoft.AspNetCore.Routing.EndpointMiddleware[1]
      Executed endpoint 'gRPC - /UnityILPP.PostProcessing/PostProcessAssembly'
info: Microsoft.AspNetCore.Hosting.Diagnostics[2]
      Request finished HTTP/2 POST http://ilpp/UnityILPP.PostProcessing/PostProcessAssembly application/grpc - - 200 - application/grpc 987.6093ms
info: Microsoft.AspNetCore.Hosting.Diagnostics[2]
      Request finished HTTP/2 POST http://ilpp/UnityILPP.PostProcessing/PostProcessAssembly application/grpc - - 200 - application/grpc 987.7136ms
info: Unity.ILPP.Runner.PostProcessingPipeline[0]
      Processing assembly Library/Bee/artifacts/1900b0aE.dag/Unity.Mathematics.Editor.dll, with 117 defines and 217 references
info: Unity.ILPP.Runner.PostProcessingPipeline[0]
      processors: zzzUnity.Burst.CodeGen.BurstILPostProcessor
info: Microsoft.AspNetCore.Routing.EndpointMiddleware[1]
      Executed endpoint 'gRPC - /UnityILPP.PostProcessing/PostProcessAssembly'
info: Microsoft.AspNetCore.Hosting.Diagnostics[2]
      Request finished HTTP/2 POST http://ilpp/UnityILPP.PostProcessing/PostProcessAssembly application/grpc - - 200 - application/grpc 603.3853ms
info: Microsoft.AspNetCore.Routing.EndpointMiddleware[1]
      Executed endpoint 'gRPC - /UnityILPP.PostProcessing/PostProcessAssembly'
info: Microsoft.AspNetCore.Hosting.Diagnostics[2]
      Request finished HTTP/2 POST http://ilpp/UnityILPP.PostProcessing/PostProcessAssembly application/grpc - - 200 - application/grpc 603.7496ms
info: Microsoft.AspNetCore.Hosting.Diagnostics[1]
      Request starting HTTP/2 POST http://ilpp/UnityILPP.PostProcessing/PostProcessAssembly application/grpc -
info: Microsoft.AspNetCore.Hosting.Diagnostics[1]
      Request starting HTTP/2 POST http://ilpp/UnityILPP.PostProcessing/PostProcessAssembly application/grpc -
info: Microsoft.AspNetCore.Routing.EndpointMiddleware[0]
      Executing endpoint 'gRPC - /UnityILPP.PostProcessing/PostProcessAssembly'
info: Microsoft.AspNetCore.Routing.EndpointMiddleware[0]
      Executing endpoint 'gRPC - /UnityILPP.PostProcessing/PostProcessAssembly'
info: Unity.ILPP.Runner.PostProcessingPipeline[0]
      Processing assembly Library/Bee/artifacts/1900b0aE.dag/Unity.TextMeshPro.Editor.dll, with 117 defines and 217 references
info: Unity.ILPP.Runner.PostProcessingPipeline[0]
      Processing assembly Library/Bee/artifacts/1900b0aE.dag/Assembly-CSharp-Editor.dll, with 117 defines and 244 references
info: Unity.ILPP.Runner.PostProcessingPipeline[0]
      processors: zzzUnity.Burst.CodeGen.BurstILPostProcessor
info: Unity.ILPP.Runner.PostProcessingPipeline[0]
      processors: zzzUnity.Burst.CodeGen.BurstILPostProcessor
info: Unity.ILPP.Runner.PostProcessingPipeline[0]
      running zzzUnity.Burst.CodeGen.BurstILPostProcessor
info: Microsoft.AspNetCore.Routing.EndpointMiddleware[1]
      Executed endpoint 'gRPC - /UnityILPP.PostProcessing/PostProcessAssembly'
info: Microsoft.AspNetCore.Hosting.Diagnostics[2]
      Request finished HTTP/2 POST http://ilpp/UnityILPP.PostProcessing/PostProcessAssembly application/grpc - - 200 - application/grpc 11.5644ms
info: Unity.ILPP.Runner.PostProcessingPipeline[0]
      running zzzUnity.Burst.CodeGen.BurstILPostProcessor
info: Microsoft.AspNetCore.Routing.EndpointMiddleware[1]
      Executed endpoint 'gRPC - /UnityILPP.PostProcessing/PostProcessAssembly'
info: Microsoft.AspNetCore.Hosting.Diagnostics[2]
      Request finished HTTP/2 POST http://ilpp/UnityILPP.PostProcessing/PostProcessAssembly application/grpc - - 200 - application/grpc 34.2713ms
info: Unity.ILPP.Runner.PostProcessingPipeline[0]
      running zzzUnity.Burst.CodeGen.BurstILPostProcessor
info: Microsoft.AspNetCore.Routing.EndpointMiddleware[1]
      Executed endpoint 'gRPC - /UnityILPP.PostProcessing/PostProcessAssembly'
info: Microsoft.AspNetCore.Hosting.Diagnostics[2]
      Request finished HTTP/2 POST http://ilpp/UnityILPP.PostProcessing/PostProcessAssembly application/grpc - - 200 - application/grpc 648.5458ms
info: Unity.ILPP.Runner.PostProcessingPipeline[0]
      running zzzUnity.Burst.CodeGen.BurstILPostProcessor
info: Microsoft.AspNetCore.Routing.EndpointMiddleware[1]
      Executed endpoint 'gRPC - /UnityILPP.PostProcessing/PostProcessAssembly'
info: Microsoft.AspNetCore.Hosting.Diagnostics[2]
      Request finished HTTP/2 POST http://ilpp/UnityILPP.PostProcessing/PostProcessAssembly application/grpc - - 200 - application/grpc 1040.8025ms
ExitCode: 0 Duration: 20s
Finished compiling graph: 478 nodes, 5742 flattened edges (4742 ToBuild, 72 ToUse), maximum node priority 427
[           0s] Delete 91 artifact files that are no longer in use. (like Library\Bee\artifacts\mvdfrm\UnityEngine.RuntimeInitializeOnLoadManagerInitializerModule.dll_03C3DFE12DCF5B9B.mvfrm)
[  3/474    0s] MovedFromExtractor Library/Bee/artifacts/mvdfrm/UnityEngine.RuntimeInitializeOnLoadManagerInitializerModule.dll_5DB7B113E976C7F4.mvfrm
[  4/474    0s] MovedFromExtractor Library/Bee/artifacts/mvdfrm/UnityEngine.TerrainPhysicsModule.dll_61625ED293724E74.mvfrm
[  5/474    0s] MovedFromExtractor Library/Bee/artifacts/mvdfrm/UnityEngine.TerrainModule.dll_C5F89DC54DE7F9C7.mvfrm
[  6/474    0s] MovedFromExtractor Library/Bee/artifacts/mvdfrm/UnityEngine.TextCoreFontEngineModule.dll_A61D677256322E7F.mvfrm
[  7/474    0s] MovedFromExtractor Library/Bee/artifacts/mvdfrm/UnityEngine.SharedInternalsModule.dll_3FB435AD4ADC4F73.mvfrm
[  8/474    0s] MovedFromExtractor Library/Bee/artifacts/mvdfrm/UnityEngine.ScreenCaptureModule.dll_81A083C0866B73DC.mvfrm
[  9/474    0s] MovedFromExtractor Library/Bee/artifacts/mvdfrm/UnityEngine.SubsystemsModule.dll_D6E03E6D36C2AFC6.mvfrm
[ 10/474    0s] MovedFromExtractor Library/Bee/artifacts/mvdfrm/UnityEngine.StreamingModule.dll_4CF73A096F3540D4.mvfrm
[ 11/474    0s] MovedFromExtractor Library/Bee/artifacts/mvdfrm/UnityEngine.SubstanceModule.dll_29A24E52BA883EE2.mvfrm
[ 12/474    0s] MovedFromExtractor Library/Bee/artifacts/mvdfrm/UnityEngine.SpriteShapeModule.dll_BB6F611D2B06878E.mvfrm
[ 13/474    0s] MovedFromExtractor Library/Bee/artifacts/mvdfrm/UnityEngine.SpriteMaskModule.dll_6C32D80B687AC7B3.mvfrm
[ 14/474    0s] MovedFromExtractor Library/Bee/artifacts/mvdfrm/UnityEngine.PropertiesModule.dll_B041A4B9B9F69675.mvfrm
[ 15/474    0s] MovedFromExtractor Library/Bee/artifacts/mvdfrm/UnityEngine.UnityAnalyticsCommonModule.dll_042F57DA0EA72A3E.mvfrm
[ 16/474    0s] MovedFromExtractor Library/Bee/artifacts/mvdfrm/UnityEngine.TLSModule.dll_5E7EBD795DEAA36D.mvfrm
[ 17/474    0s] MovedFromExtractor Library/Bee/artifacts/mvdfrm/UnityEngine.TextCoreTextEngineModule.dll_EE059DE3E5B5E79D.mvfrm
[ 18/474    0s] MovedFromExtractor Library/Bee/artifacts/mvdfrm/UnityEngine.UmbraModule.dll_66FC4FA085C8407B.mvfrm
[ 19/474    0s] MovedFromExtractor Library/Bee/artifacts/mvdfrm/UnityEngine.TilemapModule.dll_64F5054665A4DAD0.mvfrm
[ 20/474    0s] MovedFromExtractor Library/Bee/artifacts/mvdfrm/UnityEngine.TextRenderingModule.dll_AADFF5CB3DA2F3D1.mvfrm
[ 21/474    0s] MovedFromExtractor Library/Bee/artifacts/mvdfrm/UnityEngine.UnityTestProtocolModule.dll_DFD8257973D85171.mvfrm
[ 22/474    0s] MovedFromExtractor Library/Bee/artifacts/mvdfrm/UnityEngine.UnityConnectModule.dll_E3093A5ABE915557.mvfrm
[ 23/474    0s] MovedFromExtractor Library/Bee/artifacts/mvdfrm/UnityEngine.UnityCurlModule.dll_CB7EEDEA8FC17B83.mvfrm
[ 24/474    0s] MovedFromExtractor Library/Bee/artifacts/mvdfrm/UnityEngine.UIElementsModule.dll_DB1E9FD539EEEBBD.mvfrm
[ 25/474    0s] MovedFromExtractor Library/Bee/artifacts/mvdfrm/UnityEngine.UIModule.dll_F78606F9D4913C36.mvfrm
[ 26/474    1s] MovedFromExtractor Library/Bee/artifacts/mvdfrm/UnityEngine.UnityAnalyticsModule.dll_808726C92656A5E3.mvfrm
[ 27/474    0s] MovedFromExtractor Library/Bee/artifacts/mvdfrm/UnityEngine.VehiclesModule.dll_EBE5AA5B4270B419.mvfrm
[ 28/474    0s] MovedFromExtractor Library/Bee/artifacts/mvdfrm/UnityEngine.UnityWebRequestTextureModule.dll_C1A9E7EEBDE3EB4D.mvfrm
[ 29/474    0s] MovedFromExtractor Library/Bee/artifacts/mvdfrm/UnityEngine.UnityWebRequestAudioModule.dll_E0ECEE747B295678.mvfrm
[ 30/474    0s] MovedFromExtractor Library/Bee/artifacts/mvdfrm/UnityEngine.UnityWebRequestWWWModule.dll_B8C7E33FD575A409.mvfrm
[ 31/474    0s] MovedFromExtractor Library/Bee/artifacts/mvdfrm/UnityEngine.UnityWebRequestAssetBundleModule.dll_2FC707824843FAF4.mvfrm
[ 32/474    0s] MovedFromExtractor Library/Bee/artifacts/mvdfrm/UnityEngine.UnityWebRequestModule.dll_CD41FE81DEA2EEA2.mvfrm
[ 33/474    0s] MovedFromExtractor Library/Bee/artifacts/mvdfrm/UnityEngine.VideoModule.dll_113127F2BB33B0AD.mvfrm
[ 34/474    0s] MovedFromExtractor Library/Bee/artifacts/mvdfrm/UnityEngine.GameCenterModule.dll_8306657B470B3239.mvfrm
[ 35/474    0s] MovedFromExtractor Library/Bee/artifacts/mvdfrm/UnityEngine.VFXModule.dll_DF5D55E834580CDA.mvfrm
[ 36/474    0s] MovedFromExtractor Library/Bee/artifacts/mvdfrm/UnityEngine.VirtualTexturingModule.dll_0D696CA1E6B3917F.mvfrm
[ 37/474    0s] MovedFromExtractor Library/Bee/artifacts/mvdfrm/UnityEngine.VRModule.dll_4A582D7F764BC1AE.mvfrm
[ 38/474    0s] MovedFromExtractor Library/Bee/artifacts/mvdfrm/UnityEngine.WindModule.dll_9A8D5C0CBD71148A.mvfrm
[ 39/474    0s] MovedFromExtractor Library/Bee/artifacts/mvdfrm/UnityEngine.XRModule.dll_7D16F083FF860F0C.mvfrm
[ 40/474    0s] MovedFromExtractor Library/Bee/artifacts/mvdfrm/UnityEngine.AssetBundleModule.dll_A20E33C275644F84.mvfrm
[ 41/474    0s] MovedFromExtractor Library/Bee/artifacts/mvdfrm/UnityEditor.WindowsStandalone.Extensions.dll_6A03437AC4F33C0A.mvfrm
[ 42/474    0s] MovedFromExtractor Library/Bee/artifacts/mvdfrm/UnityEditor.Graphs.dll_315E33F71D893F28.mvfrm
[ 43/474    0s] MovedFromExtractor Library/Bee/artifacts/mvdfrm/UnityEngine.LocalizationModule.dll_B392F5B40D0D1A6B.mvfrm
[ 44/474    0s] MovedFromExtractor Library/Bee/artifacts/mvdfrm/UnityEngine.ProfilerModule.dll_A668EA1261A06B8B.mvfrm
[ 45/474    0s] MovedFromExtractor Library/Bee/artifacts/mvdfrm/UnityEngine.PerformanceReportingModule.dll_68F09A95F4BE8BE0.mvfrm
[ 46/474    0s] MovedFromExtractor Library/Bee/artifacts/mvdfrm/UnityEditor.CoreModule.dll_011DAD9184352AF6.mvfrm
[ 47/474    0s] MovedFromExtractor Library/Bee/artifacts/mvdfrm/UnityEngine.Physics2DModule.dll_E5083CA9C0AA812B.mvfrm
[ 48/474    1s] MovedFromExtractor Library/Bee/artifacts/mvdfrm/UnityEngine.PhysicsModule.dll_ABB222567829B0D9.mvfrm
[ 49/474    1s] MovedFromExtractor Library/Bee/artifacts/mvdfrm/UnityEngine.ParticleSystemModule.dll_60E7B5FF7A2F53E7.mvfrm
[ 50/474    0s] MovedFromExtractor Library/Bee/artifacts/mvdfrm/UnityEngine.InputLegacyModule.dll_33534EE10D560575.mvfrm
[ 51/474    0s] MovedFromExtractor Library/Bee/artifacts/mvdfrm/UnityEngine.HotReloadModule.dll_19AB0ABEFAE0A518.mvfrm
[ 52/474    0s] MovedFromExtractor Library/Bee/artifacts/mvdfrm/UnityEngine.ImageConversionModule.dll_BBA2F6D7D3AE5423.mvfrm
[ 53/474    0s] MovedFromExtractor Library/Bee/artifacts/mvdfrm/UnityEngine.JSONSerializeModule.dll_67B8D63B71FF477A.mvfrm
[ 54/474    0s] MovedFromExtractor Library/Bee/artifacts/mvdfrm/UnityEngine.IMGUIModule.dll_248742EEBED328E9.mvfrm
[ 55/474    0s] MovedFromExtractor Library/Bee/artifacts/mvdfrm/UnityEngine.GIModule.dll_944EB1DA13F91EA4.mvfrm
[ 56/474    0s] MovedFromExtractor Library/Bee/artifacts/mvdfrm/UnityEngine.GridModule.dll_01AF9CD2448F2C18.mvfrm
[ 57/474    0s] MovedFromExtractor Library/Bee/artifacts/mvdfrm/UnityEngine.InputModule.dll_529D6B386ED9B9AC.mvfrm
[ 58/474    0s] MovedFromExtractor Library/Bee/artifacts/mvdfrm/UnityEngine.DSPGraphModule.dll_797412453AA7B59F.mvfrm
[ 59/474    1s] MovedFromExtractor Library/Bee/artifacts/mvdfrm/UnityEngine.dll_E1F877A34278D9A4.mvfrm
[ 60/474    1s] MovedFromExtractor Library/Bee/artifacts/mvdfrm/UnityEngine.DirectorModule.dll_7422B0DBC846E47E.mvfrm
[ 61/474    0s] MovedFromExtractor Library/Bee/artifacts/mvdfrm/UnityEngine.ContentLoadModule.dll_3B248D0343E6F771.mvfrm
[ 62/474    0s] MovedFromExtractor Library/Bee/artifacts/mvdfrm/UnityEngine.CrashReportingModule.dll_0DD56CB30C1DC859.mvfrm
[ 63/474    0s] MovedFromExtractor Library/Bee/artifacts/mvdfrm/UnityEngine.ClothModule.dll_53100082D2BE73EC.mvfrm
[ 64/474    0s] MovedFromExtractor Library/Bee/artifacts/mvdfrm/UnityEngine.ClusterRendererModule.dll_4FB0F92751899C2F.mvfrm
[ 65/474    0s] MovedFromExtractor Library/Bee/artifacts/mvdfrm/UnityEngine.AudioModule.dll_EC27A387F8A19508.mvfrm
[ 66/474    0s] MovedFromExtractor Library/Bee/artifacts/mvdfrm/UnityEngine.ClusterInputModule.dll_75462B6175912772.mvfrm
[ 67/474    1s] MovedFromExtractor Library/Bee/artifacts/mvdfrm/UnityEngine.CoreModule.dll_243E80E42C3A9621.mvfrm
[ 68/474    0s] MovedFromExtractor Library/Bee/artifacts/mvdfrm/UnityEngine.AndroidJNIModule.dll_58B91B6080CA4148.mvfrm
[ 69/474    0s] MovedFromExtractor Library/Bee/artifacts/mvdfrm/UnityEngine.AnimationModule.dll_98624CB91FAD8996.mvfrm
[ 70/474    1s] MovedFromExtractor Library/Bee/artifacts/mvdfrm/UnityEngine.ARModule.dll_B5852DCFD5679553.mvfrm
[ 71/474    1s] MovedFromExtractor Library/Bee/artifacts/mvdfrm/UnityEngine.AIModule.dll_FC1268CC784A368A.mvfrm
[ 72/474    0s] MovedFromExtractor Library/Bee/artifacts/mvdfrm/UnityEditor.UnityConnectModule.dll_F5A9B64BC40954AC.mvfrm
[ 73/474    0s] MovedFromExtractor Library/Bee/artifacts/mvdfrm/UnityEngine.AccessibilityModule.dll_07A14CFF72C3E6F0.mvfrm
[ 74/474    0s] MovedFromExtractor Library/Bee/artifacts/mvdfrm/UnityEditor.UIBuilderModule.dll_1E657DACB8092E24.mvfrm
[ 75/474    0s] MovedFromExtractor Library/Bee/artifacts/mvdfrm/UnityEditor.UIElementsSamplesModule.dll_24156F8719DCFC1B.mvfrm
[ 76/474    0s] MovedFromExtractor Library/Bee/artifacts/mvdfrm/UnityEditor.TextCoreTextEngineModule.dll_6FA62290D2B828D2.mvfrm
[ 79/474    0s] WriteText Library/Bee/artifacts/1900b0aE.dag/UnityEngine.TestRunner.dll.mvfrm.rsp
[ 80/474    0s] WriteText Library/Bee/artifacts/1900b0aE.dag/UnityEngine.TestRunner.rsp
[ 83/474    0s] WriteText Library/Bee/artifacts/1900b0aE.dag/UnityEngine.UI.dll.mvfrm.rsp
[ 84/474    0s] MovedFromExtractor Library/Bee/artifacts/mvdfrm/UnityEditor.UIElementsModule.dll_DA70328D37AAD272.mvfrm
[ 85/474    0s] WriteText Library/Bee/artifacts/1900b0aE.dag/UnityEngine.UI.rsp
[ 86/474    0s] WriteText Library/Bee/artifacts/1900b0aE.dag/UnityEditor.TestRunner.dll.mvfrm.rsp
[ 87/474    0s] MovedFromExtractor Library/Bee/artifacts/mvdfrm/UnityEditor.SceneViewModule.dll_088CB3983A7381FE.mvfrm
[ 90/474    0s] WriteText Library/Bee/artifacts/1900b0aE.dag/UnityEditor.UI.dll.mvfrm.rsp
[ 91/474    0s] WriteText Library/Bee/artifacts/1900b0aE.dag/UnityEditor.UI.rsp
[ 94/474    0s] WriteText Library/Bee/artifacts/1900b0aE.dag/UnityEditor.TestRunner.rsp
[ 95/474    0s] MovedFromExtractor Library/Bee/artifacts/mvdfrm/UnityEditor.TextCoreFontEngineModule.dll_27BDEC1F43346FB4.mvfrm
[ 96/474    0s] WriteText Library/Bee/artifacts/1900b0aE.dag/Unity.Burst.rsp
[101/474    0s] WriteText Library/Bee/artifacts/1900b0aE.dag/Unity.RenderPipelines.Core.Runtime.dll.mvfrm.rsp
[102/474    0s] WriteText Library/Bee/artifacts/1900b0aE.dag/Unity.Burst.dll.mvfrm.rsp
[103/474    0s] WriteText Library/Bee/artifacts/1900b0aE.dag/Unity.RenderPipelines.Core.Runtime.rsp
[104/474    0s] MovedFromExtractor Library/Bee/artifacts/mvdfrm/UnityEditor.SceneTemplateModule.dll_D4FBE168724DBF53.mvfrm
[105/474    0s] MovedFromExtractor Library/Bee/artifacts/mvdfrm/UnityEditor.QuickSearchModule.dll_5E2500D112FD9A92.mvfrm
[106/474    0s] MovedFromExtractor Library/Bee/artifacts/mvdfrm/UnityEditor.GraphViewModule.dll_C9DCD0904550B4F0.mvfrm
[107/474    0s] MovedFromExtractor Library/Bee/artifacts/mvdfrm/UnityEditor.PresetsUIModule.dll_8543097247A90CF5.mvfrm
[108/474    0s] WriteText Library/Bee/artifacts/1900b0aE.dag/Unity.Burst.CodeGen.dll.mvfrm.rsp
[109/474    0s] WriteText Library/Bee/artifacts/1900b0aE.dag/Unity.Burst.CodeGen.rsp
[126/474    0s] WriteText Library/Bee/artifacts/1900b0aE.dag/Unity.Mathematics.dll.mvfrm.rsp
[127/474    0s] WriteText Library/Bee/artifacts/1900b0aE.dag/Unity.RenderPipelines.Core.Editor.dll.mvfrm.rsp
[130/474    0s] MovedFromExtractor Library/Bee/artifacts/mvdfrm/UnityEditor.dll_AF5430CAE4054CBF.mvfrm
[131/474    0s] WriteText Library/Bee/artifacts/1900b0aE.dag/Unity.RenderPipelines.Universal.Config.Runtime.dll.mvfrm.rsp
[132/474    0s] WriteText Library/Bee/artifacts/1900b0aE.dag/Unity.RenderPipeline.Universal.ShaderLibrary.dll.mvfrm.rsp
[133/474    0s] WriteText Library/Bee/artifacts/1900b0aE.dag/Unity.RenderPipelines.Universal.2D.Internal.dll.mvfrm.rsp
[134/474    0s] WriteText Library/Bee/artifacts/1900b0aE.dag/Unity.Mathematics.rsp
[135/474    0s] MovedFromExtractor Library/Bee/artifacts/mvdfrm/UnityEditor.DeviceSimulatorModule.dll_4A0436B5E1CE8EAB.mvfrm
[136/474    0s] WriteText Library/Bee/artifacts/1900b0aE.dag/Unity.ScriptableBuildPipeline.dll.mvfrm.rsp
[137/474    0s] WriteText Library/Bee/artifacts/1900b0aE.dag/Unity.ResourceManager.rsp
[138/474    0s] WriteText Library/Bee/artifacts/1900b0aE.dag/Unity.ResourceManager.dll.mvfrm.rsp
[139/474    0s] WriteText Library/Bee/artifacts/1900b0aE.dag/Unity.RenderPipelines.Universal.2D.Internal.rsp
[140/474    0s] WriteText Library/Bee/artifacts/1900b0aE.dag/Unity.RenderPipelines.Core.Editor.rsp
[141/474    0s] WriteText Library/Bee/artifacts/1900b0aE.dag/Unity.RenderPipelines.Universal.Config.Runtime.rsp
[142/474    0s] WriteText Library/Bee/artifacts/1900b0aE.dag/Unity.ShaderGraph.Utilities.dll.mvfrm.rsp
[143/474    0s] MovedFromExtractor Library/Bee/artifacts/mvdfrm/UnityEditor.EditorToolbarModule.dll_B15C70AA7361151B.mvfrm
[144/474    0s] WriteText Library/Bee/artifacts/1900b0aE.dag/Unity.Searcher.Editor.rsp
[145/474    0s] WriteText Library/Bee/artifacts/1900b0aE.dag/Unity.ShaderGraph.Utilities.rsp
[158/474    0s] WriteText Library/Bee/artifacts/1900b0aE.dag/Unity.RenderPipelines.Universal.Runtime.dll.mvfrm.rsp
[159/474    0s] MovedFromExtractor Library/Bee/artifacts/mvdfrm/UnityEditor.DiagnosticsModule.dll_D3157FC3BA269E39.mvfrm
[160/474    0s] WriteText Library/Bee/artifacts/1900b0aE.dag/Unity.Searcher.Editor.dll.mvfrm.rsp
[161/474    0s] WriteText Library/Bee/artifacts/1900b0aE.dag/Unity.RenderPipeline.Universal.ShaderLibrary.rsp
[162/474    0s] WriteText Library/Bee/artifacts/1900b0aE.dag/Unity.Burst.Editor.dll.mvfrm.rsp
[163/474    0s] WriteText Library/Bee/artifacts/1900b0aE.dag/Unity.ScriptableBuildPipeline.rsp
[164/474    0s] WriteText Library/Bee/artifacts/1900b0aE.dag/Unity.ShaderGraph.Editor.dll.mvfrm.rsp
[165/474    0s] WriteText Library/Bee/artifacts/1900b0aE.dag/Unity.ShaderGraph.Editor.rsp
[166/474    0s] WriteText Library/Bee/artifacts/1900b0aE.dag/Unity.RenderPipelines.Universal.Runtime.rsp
[167/474    0s] WriteText Library/Bee/artifacts/1900b0aE.dag/Unity.Mathematics.Editor.dll.mvfrm.rsp
[168/474    0s] WriteText Library/Bee/artifacts/1900b0aE.dag/Unity.Addressables.dll.mvfrm.rsp
[169/474    0s] WriteText Library/Bee/artifacts/1900b0aE.dag/Unity.Burst.Editor.rsp
[170/474    0s] WriteText Library/Bee/artifacts/1900b0aE.dag/Unity.Mathematics.Editor.rsp
[172/474    0s] WriteText Library/Bee/artifacts/1900b0aE.dag/Unity.ScriptableBuildPipeline.Editor.rsp
[173/474    0s] WriteText Library/Bee/artifacts/1900b0aE.dag/Unity.Addressables.rsp
[175/474    0s] WriteText Library/Bee/artifacts/1900b0aE.dag/Unity.TextMeshPro.dll.mvfrm.rsp
[177/474    0s] MovedFromExtractor Library/Bee/artifacts/mvdfrm/Unity.Burst.Unsafe.dll_9114B60CAAEDAE3B.mvfrm
[181/474    0s] WriteText Library/Bee/artifacts/1900b0aE.dag/Unity.RenderPipelines.Universal.Editor.dll.mvfrm.rsp
[182/474    0s] WriteText Library/Bee/artifacts/1900b0aE.dag/Unity.RenderPipelines.Universal.Editor.rsp
[187/474    0s] WriteResponseFile Library/Bee/artifacts/rsp/4747638433968585886.rsp
[198/474    0s] MovedFromExtractor Library/Bee/artifacts/mvdfrm/Unity.Burst.Cecil.dll_42E116EB0234A8D8.mvfrm
[199/474    0s] WriteText Library/Bee/artifacts/1900b0aE.dag/Unity.VisualStudio.Editor.dll.mvfrm.rsp
[200/474    0s] WriteText Library/Bee/artifacts/1900b0aE.dag/Unity.VSCode.Editor.dll.mvfrm.rsp
[201/474    0s] WriteText Library/Bee/artifacts/1900b0aE.dag/Unity.ScriptableBuildPipeline.Editor.dll.mvfrm.rsp
[202/474    0s] MovedFromExtractor Library/Bee/artifacts/mvdfrm/UnityEngine.NVIDIAModule.dll_44BAE9DB6B8148AD.mvfrm
[203/474    0s] WriteText Library/Bee/artifacts/1900b0aE.dag/Unity.RenderPipelines.ShaderGraph.ShaderGraphLibrary.dll.mvfrm.rsp
[204/474    0s] WriteText Library/Bee/artifacts/1900b0aE.dag/Unity.RenderPipelines.Universal.Shaders.dll.mvfrm.rsp
[205/474    0s] WriteText Library/Bee/artifacts/1900b0aE.dag/Unity.RenderPipelines.Core.ShaderLibrary.dll.mvfrm.rsp
[206/474    0s] WriteText Library/Bee/artifacts/1900b0aE.dag/Unity.TextMeshPro.Editor.dll.mvfrm.rsp
[207/474    0s] WriteText Library/Bee/artifacts/1900b0aE.dag/Unity.TextMeshPro.rsp
[208/474    0s] WriteText Library/Bee/artifacts/1900b0aE.dag/Unity.Addressables.Editor.dll.mvfrm.rsp
[209/474    0s] WriteText Library/Bee/artifacts/1900b0aE.dag/Unity.VisualStudio.Editor.rsp
[210/474    0s] WriteText Library/Bee/artifacts/1900b0aE.dag/Unity.RenderPipelines.Universal.Shaders.rsp
[211/474    0s] WriteText Library/Bee/artifacts/1900b0aE.dag/Unity.Addressables.Editor.rsp
[212/474    0s] WriteText Library/Bee/artifacts/1900b0aE.dag/Unity.Rider.Editor.dll.mvfrm.rsp
[217/474    0s] WriteText Library/Bee/artifacts/1900b0aE.dag/Blueprinter.Editor.dll.mvfrm.rsp
[218/474    0s] WriteText Library/Bee/artifacts/1900b0aE.dag/Unity.VSCode.Editor.rsp
[219/474    0s] WriteText Library/Bee/artifacts/1900b0aE.dag/Unity.RenderPipelines.Core.ShaderLibrary.rsp
[220/474    0s] WriteText Library/Bee/artifacts/1900b0aE.dag/Unity.Rider.Editor.rsp
[221/474    0s] WriteText Library/Bee/artifacts/1900b0aE.dag/Unity.RenderPipelines.ShaderGraph.ShaderGraphLibrary.rsp
[222/474    0s] WriteText Library/Bee/artifacts/1900b0aE.dag/Assembly-CSharp-Editor.dll.mvfrm.rsp
[227/474    0s] WriteText Library/Bee/artifacts/1900b0aE.dag/Unity.Addressables.Editor.Tests.DocExampleCode.dll.mvfrm.rsp
[228/474    0s] WriteText Library/Bee/artifacts/1900b0aE.dag/PPv2URPConverters.dll.mvfrm.rsp
[229/474    0s] WriteText Library/Bee/artifacts/1900b0aE.dag/Blueprinter.Editor.rsp
[230/474    0s] WriteText Library/Bee/artifacts/1900b0aE.dag/PPv2URPConverters.rsp
[231/474    0s] WriteText Library/Bee/artifacts/1900b0aE.dag/Assembly-CSharp-Editor.rsp
[232/474    0s] WriteText Library/Bee/artifacts/1900b0aE.dag/Unity.Addressables.Editor.Tests.DocExampleCode.rsp
[233/474    0s] WriteResponseFile Library/Bee/artifacts/rsp/10242357726576751070.rsp
[234/474    0s] WriteResponseFile Library/Bee/artifacts/rsp/18218310762646611085.rsp
[235/474    0s] WriteText Library/Bee/artifacts/1900b0aE.dag/Unity.TextMeshPro.Editor.rsp
[236/474    0s] WriteResponseFile Library/Bee/artifacts/rsp/9870516708743257357.rsp
[237/474    0s] WriteResponseFile Library/Bee/artifacts/rsp/10010842633742469623.rsp
[238/474    0s] WriteResponseFile Library/Bee/artifacts/rsp/15085861467720516389.rsp
[239/474    0s] WriteResponseFile Library/Bee/artifacts/rsp/10654825778349625970.rsp
[240/474    0s] WriteResponseFile Library/Bee/artifacts/rsp/12743953686143551850.rsp
[241/474    0s] WriteResponseFile Library/Bee/artifacts/rsp/5803490648119114145.rsp
[242/474    0s] WriteResponseFile Library/Bee/artifacts/rsp/17525389461119239690.rsp
[243/474    0s] WriteResponseFile Library/Bee/artifacts/rsp/1418726328684876121.rsp
[244/474    0s] WriteResponseFile Library/Bee/artifacts/rsp/13686715218353603589.rsp
[245/474    0s] WriteResponseFile Library/Bee/artifacts/rsp/5546506141355401238.rsp
[246/474    0s] WriteResponseFile Library/Bee/artifacts/rsp/5916180605834378387.rsp
[247/474    0s] WriteResponseFile Library/Bee/artifacts/rsp/10292501669419677951.rsp
[248/474    0s] WriteResponseFile Library/Bee/artifacts/rsp/9675442845102135732.rsp
[249/474    1s] MovedFromExtractor Library/Bee/artifacts/mvdfrm/Unity.CompilationPipeline.Common.dll_A133A979469224E4.mvfrm
[250/474    0s] WriteResponseFile Library/Bee/artifacts/rsp/6841316898876630997.rsp
[251/474    0s] WriteResponseFile Library/Bee/artifacts/rsp/12812556936427222528.rsp
[252/474    0s] WriteResponseFile Library/Bee/artifacts/rsp/4014436084419441659.rsp
[253/474    0s] WriteResponseFile Library/Bee/artifacts/rsp/14814235663552238418.rsp
[254/474    0s] WriteResponseFile Library/Bee/artifacts/rsp/3961525668064847622.rsp
[255/474    0s] WriteResponseFile Library/Bee/artifacts/rsp/12248871281822510316.rsp
[256/474    0s] WriteResponseFile Library/Bee/artifacts/rsp/6947401630772442630.rsp
[257/474    0s] WriteResponseFile Library/Bee/artifacts/rsp/1883055686193748613.rsp
[258/474    0s] WriteResponseFile Library/Bee/artifacts/rsp/7168266853217099875.rsp
[259/474    0s] WriteResponseFile Library/Bee/artifacts/rsp/9703144790800738880.rsp
[260/474    0s] WriteResponseFile Library/Bee/artifacts/rsp/7902948547077102519.rsp
[261/474    0s] WriteResponseFile Library/Bee/artifacts/rsp/15183149355271759364.rsp
[262/474    0s] WriteResponseFile Library/Bee/artifacts/rsp/6667537176526942323.rsp
[263/474    0s] WriteResponseFile Library/Bee/artifacts/rsp/15394042617203071315.rsp
[264/474    0s] WriteResponseFile Library/Bee/artifacts/rsp/2781082588993088484.rsp
[265/474    0s] MovedFromExtractor Library/Bee/artifacts/mvdfrm/Unity.Burst.Cecil.Mdb.dll_A9FCAC3B680B6215.mvfrm
[266/474    0s] MovedFromExtractor Library/Bee/artifacts/mvdfrm/Unity.Burst.Cecil.Rocks.dll_757AC0409981C6B8.mvfrm
[267/474    0s] MovedFromExtractor Library/Bee/artifacts/mvdfrm/Unity.Burst.Cecil.Pdb.dll_C14F24AAE6C06398.mvfrm
[268/474    0s] MovedFromExtractorCombine Library/Bee/artifacts/1900b0aE.dag/UnityEngine.TestRunner.dll.mvfrm
[269/474    0s] MovedFromExtractorCombine Library/Bee/artifacts/1900b0aE.dag/UnityEngine.UI.dll.mvfrm
[269/474    0s] Csc Library/Bee/artifacts/1900b0aE.dag/UnityEngine.UI.dll (+2 others) [CacheHit c541c551c6ba2d2b5d1090bf89333c4700000000000000000000000000000003]
[270/474   1789082535s] Csc Library/Bee/artifacts/1900b0aE.dag/UnityEngine.UI.dll (+2 others)
[270/474    0s] Csc Library/Bee/artifacts/1900b0aE.dag/UnityEngine.TestRunner.dll (+2 others) [CacheHit c98ad3a427fd648576b0424e130f3c9d00000000000000000000000000000003]
[272/474   1789082535s] Csc Library/Bee/artifacts/1900b0aE.dag/UnityEngine.TestRunner.dll (+2 others)
[276/474    0s] MovedFromExtractor Library/Bee/artifacts/mvdfrm/UnityEngine.TestRunner.ref.dll_E55D0F7C63F01D9E.mvfrm
[277/474    0s] MovedFromExtractor Library/Bee/artifacts/mvdfrm/UnityEngine.UI.ref.dll_08FEAA520A2EFD60.mvfrm
[278/474    0s] MovedFromExtractorCombine Library/Bee/artifacts/1900b0aE.dag/UnityEditor.TestRunner.dll.mvfrm
[276/474    0s] Csc Library/Bee/artifacts/1900b0aE.dag/UnityEditor.TestRunner.dll (+2 others) [CacheHit cddadfc81a91ef4fac47de837e096d5900000000000000000000000000000003]
[279/474   1789082536s] Csc Library/Bee/artifacts/1900b0aE.dag/UnityEditor.TestRunner.dll (+2 others)
[283/474    0s] MovedFromExtractor Library/Bee/artifacts/mvdfrm/UnityEditor.TestRunner.ref.dll_193EC4CE382CBFB3.mvfrm
[284/474    0s] MovedFromExtractorCombine Library/Bee/artifacts/1900b0aE.dag/UnityEditor.UI.dll.mvfrm
[281/474    0s] Csc Library/Bee/artifacts/1900b0aE.dag/UnityEditor.UI.dll (+2 others) [CacheHit e00c55ac4ff2be943a27334d871c125b00000000000000000000000000000003]
[285/474   1789082536s] Csc Library/Bee/artifacts/1900b0aE.dag/UnityEditor.UI.dll (+2 others)
[287/474    0s] MovedFromExtractor Library/Bee/artifacts/mvdfrm/UnityEditor.UI.ref.dll_4C98D3F7040CD4F5.mvfrm
[288/474    0s] MovedFromExtractorCombine Library/Bee/artifacts/1900b0aE.dag/Unity.Mathematics.dll.mvfrm
[289/474    0s] MovedFromExtractorCombine Library/Bee/artifacts/1900b0aE.dag/Unity.ScriptableBuildPipeline.dll.mvfrm
[290/474    0s] MovedFromExtractorCombine Library/Bee/artifacts/1900b0aE.dag/Unity.Rider.Editor.dll.mvfrm
[291/474    0s] MovedFromExtractorCombine Library/Bee/artifacts/1900b0aE.dag/Unity.ShaderGraph.Utilities.dll.mvfrm
[292/474    0s] MovedFromExtractorCombine Library/Bee/artifacts/1900b0aE.dag/Unity.ResourceManager.dll.mvfrm
[293/474    0s] MovedFromExtractorCombine Library/Bee/artifacts/1900b0aE.dag/Unity.TextMeshPro.dll.mvfrm
[294/474    0s] MovedFromExtractorCombine Library/Bee/artifacts/1900b0aE.dag/Unity.Searcher.Editor.dll.mvfrm
[295/474    0s] MovedFromExtractorCombine Library/Bee/artifacts/1900b0aE.dag/Unity.RenderPipelines.Core.Runtime.dll.mvfrm
[296/474    0s] MovedFromExtractorCombine Library/Bee/artifacts/1900b0aE.dag/Unity.VisualStudio.Editor.dll.mvfrm
[297/474    0s] MovedFromExtractorCombine Library/Bee/artifacts/1900b0aE.dag/Unity.RenderPipelines.Universal.2D.Internal.dll.mvfrm
[298/474    0s] MovedFromExtractorCombine Library/Bee/artifacts/1900b0aE.dag/Unity.Burst.dll.mvfrm
[299/474    0s] MovedFromExtractorCombine Library/Bee/artifacts/1900b0aE.dag/Unity.VSCode.Editor.dll.mvfrm
[295/474    0s] Csc Library/Bee/artifacts/1900b0aE.dag/Unity.ScriptableBuildPipeline.dll (+2 others) [CacheHit 0bb37297ecfa4d24bfb481cb90cfba1100000000000000000000000000000003]
[300/474   1789082537s] Csc Library/Bee/artifacts/1900b0aE.dag/Unity.ScriptableBuildPipeline.dll (+2 others)
[296/474    0s] Csc Library/Bee/artifacts/1900b0aE.dag/Unity.ShaderGraph.Utilities.dll (+2 others) [CacheHit 0fd4937e1c8030843018d16f62d2cb9f00000000000000000000000000000003]
[302/474   1789082537s] Csc Library/Bee/artifacts/1900b0aE.dag/Unity.ShaderGraph.Utilities.dll (+2 others)
[297/474    0s] Csc Library/Bee/artifacts/1900b0aE.dag/Unity.Mathematics.dll (+2 others) [CacheHit 545c2233b817528756fd39bb3228852200000000000000000000000000000003]
[304/474   1789082537s] Csc Library/Bee/artifacts/1900b0aE.dag/Unity.Mathematics.dll (+2 others)
[298/474    0s] Csc Library/Bee/artifacts/1900b0aE.dag/Unity.RenderPipelines.Universal.2D.Internal.dll (+2 others) [CacheHit a641d03e72c376175711096568903b3e00000000000000000000000000000003]
[306/474   1789082537s] Csc Library/Bee/artifacts/1900b0aE.dag/Unity.RenderPipelines.Universal.2D.Internal.dll (+2 others)
[299/474    0s] Csc Library/Bee/artifacts/1900b0aE.dag/Unity.RenderPipelines.Core.Runtime.dll (+2 others) [CacheHit dd322e99dbbe9052a7b5b44e94c8ac5a00000000000000000000000000000003]
[308/474   1789082537s] Csc Library/Bee/artifacts/1900b0aE.dag/Unity.RenderPipelines.Core.Runtime.dll (+2 others)
[300/474    0s] Csc Library/Bee/artifacts/1900b0aE.dag/Unity.ResourceManager.dll (+2 others) [CacheHit c4d26877ee4d8969a7e5c1aa5a7e029d00000000000000000000000000000003]
[310/474   1789082537s] Csc Library/Bee/artifacts/1900b0aE.dag/Unity.ResourceManager.dll (+2 others)
[301/474    0s] Csc Library/Bee/artifacts/1900b0aE.dag/Unity.TextMeshPro.dll (+2 others) [CacheHit f06b846105fd60eb39a51c1936c3de7000000000000000000000000000000003]
[312/474   1789082537s] Csc Library/Bee/artifacts/1900b0aE.dag/Unity.TextMeshPro.dll (+2 others)
[302/474    0s] Csc Library/Bee/artifacts/1900b0aE.dag/Unity.Searcher.Editor.dll (+2 others) [CacheHit 1ae2e300ee78fe9b91df7134bbbd63de00000000000000000000000000000003]
[314/474   1789082537s] Csc Library/Bee/artifacts/1900b0aE.dag/Unity.Searcher.Editor.dll (+2 others)
[303/474    0s] Csc Library/Bee/artifacts/1900b0aE.dag/Unity.Burst.dll (+2 others) [CacheHit 8c8a0ff07f36d5f2b98dde0e26e94b8a00000000000000000000000000000003]
[316/474   1789082537s] Csc Library/Bee/artifacts/1900b0aE.dag/Unity.Burst.dll (+2 others)
[318/474    0s] MovedFromExtractorCombine Library/Bee/artifacts/1900b0aE.dag/Unity.RenderPipelines.Universal.Shaders.dll.mvfrm
[319/474    0s] MovedFromExtractorCombine Library/Bee/artifacts/1900b0aE.dag/Unity.RenderPipelines.Core.ShaderLibrary.dll.mvfrm
[320/474    0s] MovedFromExtractorCombine Library/Bee/artifacts/1900b0aE.dag/Unity.RenderPipelines.ShaderGraph.ShaderGraphLibrary.dll.mvfrm
[321/474    0s] MovedFromExtractor Library/Bee/artifacts/mvdfrm/Unity.Mathematics.ref.dll_E8EFDB1B8D5C174E.mvfrm
[322/474    0s] MovedFromExtractor Library/Bee/artifacts/mvdfrm/Unity.ShaderGraph.Utilities.ref.dll_0524057423981A9D.mvfrm
[323/474    0s] MovedFromExtractor Library/Bee/artifacts/mvdfrm/Unity.ScriptableBuildPipeline.ref.dll_27C8026E25690113.mvfrm
[324/474    0s] MovedFromExtractor Library/Bee/artifacts/mvdfrm/Unity.RenderPipelines.Universal.2D.Internal.ref.dll_EF7AD60E316C51AB.mvfrm
[325/474    0s] MovedFromExtractor Library/Bee/artifacts/mvdfrm/Unity.TextMeshPro.ref.dll_84A4293DBDD182DB.mvfrm
[312/474    0s] Csc Library/Bee/artifacts/1900b0aE.dag/Unity.VSCode.Editor.dll (+2 others) [CacheHit 8ffe694990ccf9f568e4e8d1a775f32200000000000000000000000000000003]
[312/474    0s] Csc Library/Bee/artifacts/1900b0aE.dag/Unity.VisualStudio.Editor.dll (+2 others) [CacheHit 58a83fcb7accc36bd4986b5b05dc061800000000000000000000000000000003]
[326/474    0s] MovedFromExtractor Library/Bee/artifacts/mvdfrm/Unity.Searcher.Editor.ref.dll_12B7E1785E41BE0E.mvfrm
[327/474   1789082538s] Csc Library/Bee/artifacts/1900b0aE.dag/Unity.VSCode.Editor.dll (+2 others)
[329/474   1789082538s] Csc Library/Bee/artifacts/1900b0aE.dag/Unity.VisualStudio.Editor.dll (+2 others)
[331/474    0s] MovedFromExtractor Library/Bee/artifacts/mvdfrm/Unity.ResourceManager.ref.dll_56EDCE417F1B8EC7.mvfrm
[332/474    0s] MovedFromExtractor Library/Bee/artifacts/mvdfrm/Unity.RenderPipelines.Core.Runtime.ref.dll_CE6A42C97D96EB0A.mvfrm
[317/474    0s] Csc Library/Bee/artifacts/1900b0aE.dag/Unity.Rider.Editor.dll (+2 others) [CacheHit 2bffb8b719f150b4c4344af585aba5ac00000000000000000000000000000003]
[333/474   1789082538s] Csc Library/Bee/artifacts/1900b0aE.dag/Unity.Rider.Editor.dll (+2 others)
[318/474    0s] Csc Library/Bee/artifacts/1900b0aE.dag/Unity.RenderPipelines.ShaderGraph.ShaderGraphLibrary.dll (+2 others) [CacheHit 7152323cbb136b1425647ed685fb3ab700000000000000000000000000000003]
[335/474   1789082538s] Csc Library/Bee/artifacts/1900b0aE.dag/Unity.RenderPipelines.ShaderGraph.ShaderGraphLibrary.dll (+2 others)
[319/474    0s] Csc Library/Bee/artifacts/1900b0aE.dag/Unity.RenderPipelines.Core.ShaderLibrary.dll (+2 others) [CacheHit 86c1628a02ed361c3052c8825f473a9300000000000000000000000000000003]
[337/474   1789082538s] Csc Library/Bee/artifacts/1900b0aE.dag/Unity.RenderPipelines.Core.ShaderLibrary.dll (+2 others)
[339/474    1s] MovedFromExtractor Library/Bee/artifacts/mvdfrm/Unity.Burst.ref.dll_F30DFA20C0DD1968.mvfrm
[340/474    0s] MovedFromExtractorCombine Library/Bee/artifacts/1900b0aE.dag/Unity.Mathematics.Editor.dll.mvfrm
[341/474    0s] MovedFromExtractorCombine Library/Bee/artifacts/1900b0aE.dag/Unity.ScriptableBuildPipeline.Editor.dll.mvfrm
[323/474    0s] Csc Library/Bee/artifacts/1900b0aE.dag/Unity.RenderPipelines.Universal.Shaders.dll (+2 others) [CacheHit fa4296812d32ac4f3dc2ebaa3a276aae00000000000000000000000000000003]
[342/474   1789082538s] Csc Library/Bee/artifacts/1900b0aE.dag/Unity.RenderPipelines.Universal.Shaders.dll (+2 others)
[344/474    0s] MovedFromExtractorCombine Library/Bee/artifacts/1900b0aE.dag/Unity.Addressables.dll.mvfrm
[345/474    0s] MovedFromExtractorCombine Library/Bee/artifacts/1900b0aE.dag/Unity.TextMeshPro.Editor.dll.mvfrm
[346/474    0s] MovedFromExtractorCombine Library/Bee/artifacts/1900b0aE.dag/Blueprinter.Editor.dll.mvfrm
[347/474    0s] MovedFromExtractorCombine Library/Bee/artifacts/1900b0aE.dag/Unity.RenderPipelines.Universal.Config.Runtime.dll.mvfrm
[348/474    0s] MovedFromExtractorCombine Library/Bee/artifacts/1900b0aE.dag/Unity.RenderPipeline.Universal.ShaderLibrary.dll.mvfrm
[349/474    0s] MovedFromExtractor Library/Bee/artifacts/mvdfrm/Unity.VisualStudio.Editor.ref.dll_3A975DBA53ABA4AD.mvfrm
[330/474    0s] Csc Library/Bee/artifacts/1900b0aE.dag/Unity.Addressables.dll (+2 others) [CacheHit fe84eec91ad824271777f98988c6a11500000000000000000000000000000003]
[350/474   1789082539s] Csc Library/Bee/artifacts/1900b0aE.dag/Unity.Addressables.dll (+2 others)
[331/474    0s] Csc Library/Bee/artifacts/1900b0aE.dag/Unity.Mathematics.Editor.dll (+2 others) [CacheHit 193f04e58f7d42ab820bb9f180788ad400000000000000000000000000000003]
[352/474   1789082539s] Csc Library/Bee/artifacts/1900b0aE.dag/Unity.Mathematics.Editor.dll (+2 others)
[332/474    0s] Csc Library/Bee/artifacts/1900b0aE.dag/Unity.ScriptableBuildPipeline.Editor.dll (+2 others) [CacheHit 9ceb8ed78b075120039a1047df46a6bf00000000000000000000000000000003]
[354/474   1789082539s] Csc Library/Bee/artifacts/1900b0aE.dag/Unity.ScriptableBuildPipeline.Editor.dll (+2 others)
[356/474    0s] MovedFromExtractor Library/Bee/artifacts/mvdfrm/Unity.RenderPipelines.ShaderGraph.ShaderGraphLibrary.ref.dll_1A2083B43FB0BF18.mvfrm
[334/474    0s] Csc Library/Bee/artifacts/1900b0aE.dag/Unity.RenderPipelines.Universal.Config.Runtime.dll (+2 others) [CacheHit 77cd7785d885a0a83fec1e023e38900e00000000000000000000000000000003]
[357/474   1789082539s] Csc Library/Bee/artifacts/1900b0aE.dag/Unity.RenderPipelines.Universal.Config.Runtime.dll (+2 others)
[335/474    0s] Csc Library/Bee/artifacts/1900b0aE.dag/Unity.TextMeshPro.Editor.dll (+2 others) [CacheHit 2744d012f3c3b80cc7ad0b44218ba9fc00000000000000000000000000000003]
[359/474   1789082539s] Csc Library/Bee/artifacts/1900b0aE.dag/Unity.TextMeshPro.Editor.dll (+2 others)
[361/474    0s] MovedFromExtractorCombine Library/Bee/artifacts/1900b0aE.dag/Unity.Burst.Editor.dll.mvfrm
[362/474    0s] MovedFromExtractorCombine Library/Bee/artifacts/1900b0aE.dag/Unity.Burst.CodeGen.dll.mvfrm
[363/474    0s] MovedFromExtractorCombine Library/Bee/artifacts/1900b0aE.dag/Unity.RenderPipelines.Core.Editor.dll.mvfrm
[339/474    0s] Csc Library/Bee/artifacts/1900b0aE.dag/Unity.RenderPipeline.Universal.ShaderLibrary.dll (+2 others) [CacheHit 39af61c52a203b96316c61d408d3913c00000000000000000000000000000003]
[364/474    0s] MovedFromExtractor Library/Bee/artifacts/mvdfrm/Unity.RenderPipelines.Core.ShaderLibrary.ref.dll_7F2C410A434F5518.mvfrm
[365/474   1789082539s] Csc Library/Bee/artifacts/1900b0aE.dag/Unity.RenderPipeline.Universal.ShaderLibrary.dll (+2 others)
[341/474    0s] Csc Library/Bee/artifacts/1900b0aE.dag/Unity.Burst.Editor.dll (+2 others) [CacheHit 0654535a5201c190a64c321172d632c100000000000000000000000000000003]
[367/474   1789082539s] Csc Library/Bee/artifacts/1900b0aE.dag/Unity.Burst.Editor.dll (+2 others)
[342/474    0s] Csc Library/Bee/artifacts/1900b0aE.dag/Unity.RenderPipelines.Core.Editor.dll (+2 others) [CacheHit 1952a6b0671efe4348e45415136d471000000000000000000000000000000003]
[369/474   1789082539s] Csc Library/Bee/artifacts/1900b0aE.dag/Unity.RenderPipelines.Core.Editor.dll (+2 others)
[343/474    0s] Csc Library/Bee/artifacts/1900b0aE.dag/Unity.Burst.CodeGen.dll (+2 others) [CacheHit c81e2a9b2c4583c33e54cdab0feb968100000000000000000000000000000003]
[371/474   1789082539s] Csc Library/Bee/artifacts/1900b0aE.dag/Unity.Burst.CodeGen.dll (+2 others)
[373/474    0s] MovedFromExtractor Library/Bee/artifacts/mvdfrm/Unity.RenderPipelines.Universal.Shaders.ref.dll_9468B054363B0720.mvfrm
[374/474    0s] MovedFromExtractor Library/Bee/artifacts/mvdfrm/Unity.Addressables.ref.dll_E8DB4810C9946D63.mvfrm
[375/474    0s] MovedFromExtractor Library/Bee/artifacts/mvdfrm/Unity.RenderPipelines.Universal.Config.Runtime.ref.dll_5D92000A132D4840.mvfrm
[377/474    0s] MovedFromExtractor Library/Bee/artifacts/mvdfrm/Unity.ScriptableBuildPipeline.Editor.ref.dll_4B3FCA9E6B3358CE.mvfrm
[378/474    0s] MovedFromExtractor Library/Bee/artifacts/mvdfrm/Unity.Mathematics.Editor.ref.dll_9A20CFD48BC11F43.mvfrm
[385/474    0s] MovedFromExtractor Library/Bee/artifacts/mvdfrm/Unity.Rider.Editor.ref.dll_9B5591808ABA37AF.mvfrm
[386/474    0s] MovedFromExtractor Library/Bee/artifacts/mvdfrm/Unity.TextMeshPro.Editor.ref.dll_159E061D77A10B86.mvfrm
[359/474    0s] Csc Library/Bee/artifacts/1900b0aE.dag/Blueprinter.Editor.dll (+2 others) [CacheHit 48c0af2966f159f3213e1fc18c36ad9200000000000000000000000000000003]
[388/474   1789082540s] Csc Library/Bee/artifacts/1900b0aE.dag/Blueprinter.Editor.dll (+2 others)
[390/474    0s] MovedFromExtractor Library/Bee/artifacts/mvdfrm/Unity.RenderPipeline.Universal.ShaderLibrary.ref.dll_5436F99F8BDCED8B.mvfrm
[391/474    0s] MovedFromExtractor Library/Bee/artifacts/mvdfrm/Unity.VSCode.Editor.ref.dll_3628369EB48E4C19.mvfrm
[392/474    0s] MovedFromExtractorCombine Library/Bee/artifacts/1900b0aE.dag/Unity.Addressables.Editor.dll.mvfrm
[393/474    0s] MovedFromExtractor Library/Bee/artifacts/mvdfrm/Unity.Burst.Editor.ref.dll_E2F92DAB6C167CC9.mvfrm
[394/474    0s] MovedFromExtractor Library/Bee/artifacts/mvdfrm/Unity.RenderPipelines.Core.Editor.ref.dll_46EB9B6930B27991.mvfrm
[365/474    0s] Csc Library/Bee/artifacts/1900b0aE.dag/Unity.Addressables.Editor.dll (+2 others) [CacheHit 1be394625665041409b456f038391c3a00000000000000000000000000000003]
[395/474   1789082540s] Csc Library/Bee/artifacts/1900b0aE.dag/Unity.Addressables.Editor.dll (+2 others)
[397/474    0s] MovedFromExtractorCombine Library/Bee/artifacts/1900b0aE.dag/Unity.RenderPipelines.Universal.Runtime.dll.mvfrm
[398/474    0s] MovedFromExtractorCombine Library/Bee/artifacts/1900b0aE.dag/Unity.ShaderGraph.Editor.dll.mvfrm
[368/474    0s] Csc Library/Bee/artifacts/1900b0aE.dag/Unity.RenderPipelines.Universal.Runtime.dll (+2 others) [CacheHit 41d14e44c943b28cf630520164fa6e9400000000000000000000000000000003]
[399/474   1789082540s] Csc Library/Bee/artifacts/1900b0aE.dag/Unity.RenderPipelines.Universal.Runtime.dll (+2 others)
[369/474    0s] Csc Library/Bee/artifacts/1900b0aE.dag/Unity.ShaderGraph.Editor.dll (+2 others) [CacheHit a5cf41422dfee8ac211a8ef3b2fb855a00000000000000000000000000000003]
[401/474   1789082540s] Csc Library/Bee/artifacts/1900b0aE.dag/Unity.ShaderGraph.Editor.dll (+2 others)
[403/474    0s] MovedFromExtractor Library/Bee/artifacts/mvdfrm/Unity.Addressables.Editor.ref.dll_E1732519AAB7217E.mvfrm
[404/474    0s] MovedFromExtractor Library/Bee/artifacts/mvdfrm/Unity.RenderPipelines.Universal.Runtime.ref.dll_5400A10AF7CC6BEA.mvfrm
[405/474    0s] MovedFromExtractorCombine Library/Bee/artifacts/1900b0aE.dag/Unity.Addressables.Editor.Tests.DocExampleCode.dll.mvfrm
[406/474    0s] MovedFromExtractor Library/Bee/artifacts/mvdfrm/Unity.ShaderGraph.Editor.ref.dll_0F50152946DB09D0.mvfrm
[374/474    0s] Csc Library/Bee/artifacts/1900b0aE.dag/Unity.Addressables.Editor.Tests.DocExampleCode.dll (+2 others) [CacheHit 145ea299e8d2594f26d15ade5ca406f300000000000000000000000000000003]
[407/474   1789082541s] Csc Library/Bee/artifacts/1900b0aE.dag/Unity.Addressables.Editor.Tests.DocExampleCode.dll (+2 others)
[409/474    0s] ILPP-Configuration Library/ilpp-configuration.nevergeneratedoutput
[410/474    0s] MovedFromExtractorCombine Library/Bee/artifacts/1900b0aE.dag/Unity.RenderPipelines.Universal.Editor.dll.mvfrm
[377/474    0s] Csc Library/Bee/artifacts/1900b0aE.dag/Unity.RenderPipelines.Universal.Editor.dll (+2 others) [CacheHit b8a20d8128b4846429f8defd2a0e96f600000000000000000000000000000003]
[411/474   1789082541s] Csc Library/Bee/artifacts/1900b0aE.dag/Unity.RenderPipelines.Universal.Editor.dll (+2 others)
[413/474    0s] MovedFromExtractor Library/Bee/artifacts/mvdfrm/Unity.RenderPipelines.Universal.Editor.ref.dll_0FF7AC68384616B1.mvfrm
[414/474    0s] MovedFromExtractorCombine Library/Bee/artifacts/1900b0aE.dag/PPv2URPConverters.dll.mvfrm
[380/474    0s] Csc Library/Bee/artifacts/1900b0aE.dag/PPv2URPConverters.dll (+2 others) [CacheHit 87222bfa99e69888299f499470dbe00800000000000000000000000000000003]
[415/474   1789082542s] Csc Library/Bee/artifacts/1900b0aE.dag/PPv2URPConverters.dll (+2 others)
[417/474    0s] MovedFromExtractorCombine Library/Bee/artifacts/1900b0aE.dag/Assembly-CSharp-Editor.dll.mvfrm
[418/474    1s] ILPostProcess Library/Bee/artifacts/1900b0aE.dag/post-processed/Unity.ScriptableBuildPipeline.dll (+pdb)
Processing assembly Library/Bee/artifacts/1900b0aE.dag/Unity.ScriptableBuildPipeline.dll, with 119 defines and 209 references

processors: zzzUnity.Burst.CodeGen.BurstILPostProcessor

running zzzUnity.Burst.CodeGen.BurstILPostProcessor
[419/474    1s] ILPostProcess Library/Bee/artifacts/1900b0aE.dag/post-processed/Unity.RenderPipelines.Core.ShaderLibrary.dll (+pdb)
Processing assembly Library/Bee/artifacts/1900b0aE.dag/Unity.RenderPipelines.Core.ShaderLibrary.dll, with 119 defines and 209 references

processors: zzzUnity.Burst.CodeGen.BurstILPostProcessor

running zzzUnity.Burst.CodeGen.BurstILPostProcessor
[420/474    1s] ILPostProcess Library/Bee/artifacts/1900b0aE.dag/post-processed/Unity.RenderPipelines.ShaderGraph.ShaderGraphLibrary.dll (+pdb)
Processing assembly Library/Bee/artifacts/1900b0aE.dag/Unity.RenderPipelines.ShaderGraph.ShaderGraphLibrary.dll, with 119 defines and 209 references

processors: zzzUnity.Burst.CodeGen.BurstILPostProcessor

running zzzUnity.Burst.CodeGen.BurstILPostProcessor
[421/474    0s] Csc Library/Bee/artifacts/1900b0aE.dag/Assembly-CSharp-Editor.dll (+2 others)
[422/474    3s] ILPostProcess Library/Bee/artifacts/1900b0aE.dag/post-processed/UnityEngine.UI.dll (+pdb)
Processing assembly Library/Bee/artifacts/1900b0aE.dag/UnityEngine.UI.dll, with 124 defines and 207 references

processors: zzzUnity.Burst.CodeGen.BurstILPostProcessor

running zzzUnity.Burst.CodeGen.BurstILPostProcessor
[423/474    3s] ILPostProcess Library/Bee/artifacts/1900b0aE.dag/post-processed/Unity.RenderPipeline.Universal.ShaderLibrary.dll (+pdb)
Processing assembly Library/Bee/artifacts/1900b0aE.dag/Unity.RenderPipeline.Universal.ShaderLibrary.dll, with 119 defines and 210 references

processors: zzzUnity.Burst.CodeGen.BurstILPostProcessor

running zzzUnity.Burst.CodeGen.BurstILPostProcessor
[424/474    3s] ILPostProcess Library/Bee/artifacts/1900b0aE.dag/post-processed/Unity.RenderPipelines.Universal.2D.Internal.dll (+pdb)
Processing assembly Library/Bee/artifacts/1900b0aE.dag/Unity.RenderPipelines.Universal.2D.Internal.dll, with 119 defines and 209 references

processors: zzzUnity.Burst.CodeGen.BurstILPostProcessor

running zzzUnity.Burst.CodeGen.BurstILPostProcessor
[425/474    3s] ILPostProcess Library/Bee/artifacts/1900b0aE.dag/post-processed/Unity.Mathematics.dll (+pdb)
Processing assembly Library/Bee/artifacts/1900b0aE.dag/Unity.Mathematics.dll, with 119 defines and 209 references

processors: zzzUnity.Burst.CodeGen.BurstILPostProcessor

running zzzUnity.Burst.CodeGen.BurstILPostProcessor
[426/474    3s] ILPostProcess Library/Bee/artifacts/1900b0aE.dag/post-processed/Unity.RenderPipelines.Universal.Config.Runtime.dll (+pdb)
Processing assembly Library/Bee/artifacts/1900b0aE.dag/Unity.RenderPipelines.Universal.Config.Runtime.dll, with 119 defines and 210 references

processors: zzzUnity.Burst.CodeGen.BurstILPostProcessor

running zzzUnity.Burst.CodeGen.BurstILPostProcessor
[427/474    0s] ILPostProcess Library/Bee/artifacts/1900b0aE.dag/post-processed/PPv2URPConverters.dll (+pdb)
Processing assembly Library/Bee/artifacts/1900b0aE.dag/PPv2URPConverters.dll, with 117 defines and 220 references

processors: zzzUnity.Burst.CodeGen.BurstILPostProcessor

running zzzUnity.Burst.CodeGen.BurstILPostProcessor
[428/474    4s] ILPostProcess Library/Bee/artifacts/1900b0aE.dag/post-processed/Unity.Addressables.dll (+pdb)
Processing assembly Library/Bee/artifacts/1900b0aE.dag/Unity.Addressables.dll, with 119 defines and 210 references

processors: zzzUnity.Burst.CodeGen.BurstILPostProcessor

running zzzUnity.Burst.CodeGen.BurstILPostProcessor
[429/474    4s] ILPostProcess Library/Bee/artifacts/1900b0aE.dag/post-processed/Unity.TextMeshPro.dll (+pdb)
Processing assembly Library/Bee/artifacts/1900b0aE.dag/Unity.TextMeshPro.dll, with 120 defines and 209 references

processors: zzzUnity.Burst.CodeGen.BurstILPostProcessor

running zzzUnity.Burst.CodeGen.BurstILPostProcessor
[430/474    4s] ILPostProcess Library/Bee/artifacts/1900b0aE.dag/post-processed/Unity.RenderPipelines.Universal.Runtime.dll (+pdb)
Processing assembly Library/Bee/artifacts/1900b0aE.dag/Unity.RenderPipelines.Universal.Runtime.dll, with 124 defines and 215 references

processors: zzzUnity.Burst.CodeGen.BurstILPostProcessor

running zzzUnity.Burst.CodeGen.BurstILPostProcessor
[431/474    3s] ILPostProcess Library/Bee/artifacts/1900b0aE.dag/post-processed/Unity.RenderPipelines.Universal.Shaders.dll (+pdb)
Processing assembly Library/Bee/artifacts/1900b0aE.dag/Unity.RenderPipelines.Universal.Shaders.dll, with 119 defines and 209 references

processors: zzzUnity.Burst.CodeGen.BurstILPostProcessor

running zzzUnity.Burst.CodeGen.BurstILPostProcessor
[432/474    3s] ILPostProcess Library/Bee/artifacts/1900b0aE.dag/post-processed/Unity.Burst.dll (+pdb)
Processing assembly Library/Bee/artifacts/1900b0aE.dag/Unity.Burst.dll, with 119 defines and 210 references

processors: zzzUnity.Burst.CodeGen.BurstILPostProcessor

running zzzUnity.Burst.CodeGen.BurstILPostProcessor
[433/474    3s] ILPostProcess Library/Bee/artifacts/1900b0aE.dag/post-processed/Unity.RenderPipelines.Core.Runtime.dll (+pdb)
Processing assembly Library/Bee/artifacts/1900b0aE.dag/Unity.RenderPipelines.Core.Runtime.dll, with 121 defines and 209 references

processors: zzzUnity.Burst.CodeGen.BurstILPostProcessor

running zzzUnity.Burst.CodeGen.BurstILPostProcessor
[434/474    1s] ILPostProcess Library/Bee/artifacts/1900b0aE.dag/post-processed/Blueprinter.Editor.dll (+pdb)
Processing assembly Library/Bee/artifacts/1900b0aE.dag/Blueprinter.Editor.dll, with 117 defines and 216 references

processors: zzzUnity.Burst.CodeGen.BurstILPostProcessor

running zzzUnity.Burst.CodeGen.BurstILPostProcessor
[435/474    1s] ILPostProcess Library/Bee/artifacts/1900b0aE.dag/post-processed/Unity.RenderPipelines.Universal.Editor.dll (+pdb)
Processing assembly Library/Bee/artifacts/1900b0aE.dag/Unity.RenderPipelines.Universal.Editor.dll, with 118 defines and 222 references

processors: zzzUnity.Burst.CodeGen.BurstILPostProcessor

running zzzUnity.Burst.CodeGen.BurstILPostProcessor
[436/474    4s] ILPostProcess Library/Bee/artifacts/1900b0aE.dag/post-processed/Unity.ResourceManager.dll (+pdb)
Processing assembly Library/Bee/artifacts/1900b0aE.dag/Unity.ResourceManager.dll, with 120 defines and 209 references

processors: zzzUnity.Burst.CodeGen.BurstILPostProcessor

running zzzUnity.Burst.CodeGen.BurstILPostProcessor
[437/474    2s] ILPostProcess Library/Bee/artifacts/1900b0aE.dag/post-processed/Unity.Burst.Editor.dll (+pdb)
Processing assembly Library/Bee/artifacts/1900b0aE.dag/Unity.Burst.Editor.dll, with 117 defines and 217 references

processors: zzzUnity.Burst.CodeGen.BurstILPostProcessor

running zzzUnity.Burst.CodeGen.BurstILPostProcessor
[438/474    0s] ILPostProcess Library/Bee/artifacts/1900b0aE.dag/post-processed/Unity.Addressables.Editor.Tests.DocExampleCode.dll (+pdb)
Processing assembly Library/Bee/artifacts/1900b0aE.dag/Unity.Addressables.Editor.Tests.DocExampleCode.dll, with 118 defines and 220 references

processors: zzzUnity.Burst.CodeGen.BurstILPostProcessor

running zzzUnity.Burst.CodeGen.BurstILPostProcessor
[439/474    0s] ILPostProcess Library/Bee/artifacts/1900b0aE.dag/post-processed/Unity.ShaderGraph.Utilities.dll (+pdb)
Processing assembly Library/Bee/artifacts/1900b0aE.dag/Unity.ShaderGraph.Utilities.dll, with 117 defines and 216 references

processors: zzzUnity.Burst.CodeGen.BurstILPostProcessor

running zzzUnity.Burst.CodeGen.BurstILPostProcessor
[440/474    0s] ILPostProcess Library/Bee/artifacts/1900b0aE.dag/post-processed/Unity.ScriptableBuildPipeline.Editor.dll (+pdb)
Processing assembly Library/Bee/artifacts/1900b0aE.dag/Unity.ScriptableBuildPipeline.Editor.dll, with 120 defines and 217 references

processors: zzzUnity.Burst.CodeGen.BurstILPostProcessor

running zzzUnity.Burst.CodeGen.BurstILPostProcessor
[483/474    1s] ILPostProcess Library/Bee/artifacts/1900b0aE.dag/post-processed/UnityEditor.UI.dll (+pdb)
Processing assembly Library/Bee/artifacts/1900b0aE.dag/UnityEditor.UI.dll, with 120 defines and 215 references

processors: zzzUnity.Burst.CodeGen.BurstILPostProcessor

running zzzUnity.Burst.CodeGen.BurstILPostProcessor
[484/474    0s] ILPostProcess Library/Bee/artifacts/1900b0aE.dag/post-processed/Unity.ShaderGraph.Editor.dll (+pdb)
Processing assembly Library/Bee/artifacts/1900b0aE.dag/Unity.ShaderGraph.Editor.dll, with 117 defines and 220 references

processors: zzzUnity.Burst.CodeGen.BurstILPostProcessor

running zzzUnity.Burst.CodeGen.BurstILPostProcessor
[485/474    1s] ILPostProcess Library/Bee/artifacts/1900b0aE.dag/post-processed/Unity.Searcher.Editor.dll (+pdb)
Processing assembly Library/Bee/artifacts/1900b0aE.dag/Unity.Searcher.Editor.dll, with 117 defines and 216 references

processors: zzzUnity.Burst.CodeGen.BurstILPostProcessor

running zzzUnity.Burst.CodeGen.BurstILPostProcessor
[486/474    0s] ILPostProcess Library/Bee/artifacts/1900b0aE.dag/post-processed/Unity.RenderPipelines.Core.Editor.dll (+pdb)
Processing assembly Library/Bee/artifacts/1900b0aE.dag/Unity.RenderPipelines.Core.Editor.dll, with 118 defines and 218 references

processors: zzzUnity.Burst.CodeGen.BurstILPostProcessor

running zzzUnity.Burst.CodeGen.BurstILPostProcessor
[487/474    0s] ILPostProcess Library/Bee/artifacts/1900b0aE.dag/post-processed/Unity.Addressables.Editor.dll (+pdb)
Processing assembly Library/Bee/artifacts/1900b0aE.dag/Unity.Addressables.Editor.dll, with 118 defines and 220 references

processors: zzzUnity.Burst.CodeGen.BurstILPostProcessor

running zzzUnity.Burst.CodeGen.BurstILPostProcessor
[488/474    0s] ILPostProcess Library/Bee/artifacts/1900b0aE.dag/post-processed/Unity.TextMeshPro.Editor.dll (+pdb)
Processing assembly Library/Bee/artifacts/1900b0aE.dag/Unity.TextMeshPro.Editor.dll, with 117 defines and 217 references

processors: zzzUnity.Burst.CodeGen.BurstILPostProcessor

running zzzUnity.Burst.CodeGen.BurstILPostProcessor
[489/474    0s] ILPostProcess Library/Bee/artifacts/1900b0aE.dag/post-processed/Assembly-CSharp-Editor.dll (+pdb)
Processing assembly Library/Bee/artifacts/1900b0aE.dag/Assembly-CSharp-Editor.dll, with 117 defines and 244 references

processors: zzzUnity.Burst.CodeGen.BurstILPostProcessor

running zzzUnity.Burst.CodeGen.BurstILPostProcessor
[490/474    1s] ILPostProcess Library/Bee/artifacts/1900b0aE.dag/post-processed/Unity.Mathematics.Editor.dll (+pdb)
Processing assembly Library/Bee/artifacts/1900b0aE.dag/Unity.Mathematics.Editor.dll, with 117 defines and 217 references

processors: zzzUnity.Burst.CodeGen.BurstILPostProcessor

running zzzUnity.Burst.CodeGen.BurstILPostProcessor
*** Tundra build success (20.87 seconds), 294 items updated, 474 evaluated
AssetDatabase: script compilation time: 25.019255s
Begin MonoManager ReloadAssembly
Total cache size 50992816
Total cache size after purge 50992816
- Loaded All Assemblies, in  1.119 seconds
Refreshing native plugins compatible for Editor in 20.96 ms, found 0 plugins.
Preloading 0 native plugins for Editor in 0.00 ms.
Script error: OnParticleUpdateJobScheduled
The message may not have any parameters.
The message will be ignored.
Refreshing native plugins compatible for Editor in 22.16 ms, found 0 plugins.
Script error: OnParticleUpdateJobScheduled
The message may not have any parameters.
The message will be ignored.
Native extension for WindowsStandalone target not found
Mono: successfully reloaded assembly
- Finished resetting the current domain, in  2.924 seconds
Domain Reload Profiling: 4036ms
	BeginReloadAssembly (217ms)
		ExecutionOrderSort (0ms)
		DisableScriptedObjects (12ms)
		BackupInstance (0ms)
		ReleaseScriptingObjects (0ms)
		CreateAndSetChildDomain (32ms)
	RebuildCommonClasses (44ms)
	RebuildNativeTypeToScriptingClass (13ms)
	initialDomainReloadingComplete (69ms)
	LoadAllAssembliesAndSetupDomain (768ms)
		LoadAssemblies (516ms)
		RebuildTransferFunctionScriptingTraits (0ms)
		AnalyzeDomain (373ms)
			TypeCache.Refresh (304ms)
				TypeCache.ScanAssembly (275ms)
			ScanForSourceGeneratedMonoScriptInfo (38ms)
			ResolveRequiredComponents (27ms)
	FinalizeReload (2925ms)
		ReleaseScriptCaches (0ms)
		RebuildScriptCaches (0ms)
		SetupLoadedEditorAssemblies (2643ms)
			LogAssemblyErrors (0ms)
			InitializePlatformSupportModulesInManaged (9ms)
			SetLoadedEditorAssemblies (5ms)
			RefreshPlugins (0ms)
			BeforeProcessingInitializeOnLoad (86ms)
			ProcessInitializeOnLoadAttributes (2397ms)
			ProcessInitializeOnLoadMethodAttributes (126ms)
			AfterProcessingInitializeOnLoad (19ms)
			EditorAssembliesLoaded (1ms)
		ExecutionOrderSort2 (0ms)
		AwakeInstancesAfterBackupRestoration (19ms)
Asset Pipeline Refresh (id=1f329dea4f65a5c47bc1b453b7709218): Total: 31.946 seconds - Initiated by InitialRefreshV2(ForceSynchronousImport)
	Summary:
		Imports: total=0 (actual=0, local cache=0, cache server=0)
		Asset DB Process Time: managed=0 ms, native=2693 ms
		Asset DB Callback time: managed=20 ms, native=1 ms
		Scripting: domain reloads=1, domain reload time=4155 ms, compile time=25022 ms, other=51 ms
		Project Asset Count: scripts=3898, non-scripts=9745
		Asset File Changes: new=0, changed=0, moved=0, deleted=0
		Scan Filter Count: 0
	InvokeBeforeRefreshCallbacks: 1.782ms
	ApplyChangesToAssetFolders: 0.076ms
	Scan: 683.604ms
	OnSourceAssetsModified: 0.004ms
	GetAllGuidsForCategorization: 2.763ms
	CategorizeAssets: 285.226ms
	ImportOutOfDateAssets: 2996.183ms (-22053.834ms without children)
		CompileScripts: 25022.179ms
		ReloadNativeAssets: 0.023ms
		UnloadImportedAssets: 21.976ms
		EnsureUptoDateAssetsAreRegisteredWithGuidPM: 3.592ms
		InitializingProgressBar: 0.011ms
		PostProcessAllAssetNotificationsAddChangedAssets: 0.008ms
		OnDemandSchedulerStart: 2.229ms
	PostProcessAllAssets: 20.954ms
	GatherAllCurrentPrimaryArtifactRevisions: 0.001ms
	UnloadStreamsBegin: 2.793ms
	PersistCurrentRevisions: 0.854ms
	UnloadStreamsEnd: 0.067ms
	GenerateScriptTypeHashes: 12.065ms
	Untracked: 27951.782ms
Application.AssetDatabase Initial Refresh End
Shader Hidden/ProbeVolume/VoxelizeScene is not supported: GPU does not support conservative rasterization
Scanning for USB devices : 3.545ms
Initializing Unity extensions:
[Licensing::Client] Successfully resolved entitlement details
[MODES] ModeService[none].Initialize
[MODES] ModeService[none].LoadModes
[MODES] Loading mode Default (0) for mode-current-id-Blueprinter
[PhysX] Initialized MultithreadedTaskDispatcher with 12 workers.
ProgressiveSceneManager::Cancel()
Unloading 6 Unused Serialized files (Serialized files now loaded: 0)
Unloading 110 unused Assets / (500.3 KB). Loaded Objects now: 4737.
Memory consumption went from 0.52 GB to 0.52 GB.
Total: 5.441400 ms (FindLiveObjects: 0.339100 ms CreateObjectMapping: 0.160000 ms MarkObjects: 4.551000 ms  DeleteObjects: 0.390000 ms)

Refreshing native plugins compatible for Editor in 22.47 ms, found 0 plugins.
Preloading 0 native plugins for Editor in 0.00 ms.
Asset Pipeline Refresh (id=b6705650f73172240819a8a66ed4d39b): Total: 0.256 seconds - Initiated by StopAssetImportingV2(NoUpdateAssetOptions)
Refreshing native plugins compatible for Editor in 20.23 ms, found 0 plugins.
Preloading 0 native plugins for Editor in 0.00 ms.
Asset Pipeline Refresh (id=be505e49e2d9bda40a440f27cc0f2321): Total: 0.096 seconds - Initiated by StopAssetImportingV2(NoUpdateAssetOptions)
Refreshing native plugins compatible for Editor in 19.79 ms, found 0 plugins.
Preloading 0 native plugins for Editor in 0.00 ms.
Asset Pipeline Refresh (id=e53d6008eb6543c49a738ed79a2b581a): Total: 0.067 seconds - Initiated by StopAssetImportingV2(NoUpdateAssetOptions)
Start importing Assets/Blueprinter/Mods/HalberdMod/MatHalberdBody.mat using Guid(51a7800bc4de09e4bb7d94654f8613e7) Importer(-1,00000000000000000000000000000000) [PhysX] Initialized MultithreadedTaskDispatcher with 12 workers.
 -> (artifact id: '88f9bf2071dad6c91309f79dd0e97b77') in 0.009213 seconds
Refreshing native plugins compatible for Editor in 20.13 ms, found 0 plugins.
Preloading 0 native plugins for Editor in 0.00 ms.
Asset Pipeline Refresh (id=d2fde7024817a7343b190ae1433031e3): Total: 0.108 seconds - Initiated by StopAssetImportingV2(NoUpdateAssetOptions)
Refreshing native plugins compatible for Editor in 20.41 ms, found 0 plugins.
Preloading 0 native plugins for Editor in 0.00 ms.
Asset Pipeline Refresh (id=e03a8e12a41afd846aed9d6f8f0a85fa): Total: 0.067 seconds - Initiated by StopAssetImportingV2(NoUpdateAssetOptions)
Refreshing native plugins compatible for Editor in 19.70 ms, found 0 plugins.
Preloading 0 native plugins for Editor in 0.00 ms.
Asset Pipeline Refresh (id=8c1168d15f6f4644697901a2963a33c7): Total: 0.084 seconds - Initiated by StopAssetImportingV2(NoUpdateAssetOptions)
Refreshing native plugins compatible for Editor in 19.88 ms, found 0 plugins.
Preloading 0 native plugins for Editor in 0.00 ms.
Asset Pipeline Refresh (id=97e9fa5bcdebc89439df51d5ee5dfb8c): Total: 0.066 seconds - Initiated by StopAssetImportingV2(NoUpdateAssetOptions)
Start importing Assets/Blueprinter/Mods/HalberdMod/MatHalberdBooster.mat using Guid(833142cbbc2b24041b4936bf0d25a3fe) Importer(-1,00000000000000000000000000000000) [PhysX] Initialized MultithreadedTaskDispatcher with 12 workers.
 -> (artifact id: '49008e5b6b095084242cde08ca987fad') in 0.003081 seconds
Refreshing native plugins compatible for Editor in 19.65 ms, found 0 plugins.
Preloading 0 native plugins for Editor in 0.00 ms.
Asset Pipeline Refresh (id=c6b5b3ecc50545947a00cd7b17ef7509): Total: 0.096 seconds - Initiated by StopAssetImportingV2(NoUpdateAssetOptions)
[Halberd] Imported Assets/Blueprinter/Mods/HalberdMod/Models/Halberd_Body.obj: 3092 vertices, bounds Center: (0.00, 0.00, 0.67), Extents: (0.10, 0.10, 1.01)
UnityEngine.StackTraceUtility:ExtractStackTrace ()
UnityEngine.DebugLogHandler:LogFormat (UnityEngine.LogType,UnityEngine.Object,string,object[])
UnityEngine.Logger:Log (UnityEngine.LogType,object)
UnityEngine.Debug:Log (object)
Erenaldi.Halberd.HalberdMeshBuilder:LoadCadMesh (string,string,bool) (at Assets/Editor/HalberdMeshBuilder.cs:119)
Erenaldi.Halberd.HalberdMeshBuilder:Build () (at Assets/Editor/HalberdMeshBuilder.cs:45)
Erenaldi.Munitions.MunitionsGeometryBundleBuilder:BuildBundle (bool) (at Assets/Editor/MunitionsGeometryBundleBuilder.cs:28)
Erenaldi.Munitions.MunitionsGeometryBundleBuilder:BuildHalberdBundle () (at Assets/Editor/MunitionsGeometryBundleBuilder.cs:23)

(Filename: Assets/Editor/HalberdMeshBuilder.cs Line: 119)

[Halberd] Imported Assets/Blueprinter/Mods/HalberdMod/Models/Halberd_Intakes.obj: 408 vertices, bounds Center: (0.00, -0.02, 0.41), Extents: (0.15, 0.13, 0.38)
UnityEngine.StackTraceUtility:ExtractStackTrace ()
UnityEngine.DebugLogHandler:LogFormat (UnityEngine.LogType,UnityEngine.Object,string,object[])
UnityEngine.Logger:Log (UnityEngine.LogType,object)
UnityEngine.Debug:Log (object)
Erenaldi.Halberd.HalberdMeshBuilder:LoadCadMesh (string,string,bool) (at Assets/Editor/HalberdMeshBuilder.cs:119)
Erenaldi.Halberd.HalberdMeshBuilder:Build () (at Assets/Editor/HalberdMeshBuilder.cs:46)
Erenaldi.Munitions.MunitionsGeometryBundleBuilder:BuildBundle (bool) (at Assets/Editor/MunitionsGeometryBundleBuilder.cs:28)
Erenaldi.Munitions.MunitionsGeometryBundleBuilder:BuildHalberdBundle () (at Assets/Editor/MunitionsGeometryBundleBuilder.cs:23)

(Filename: Assets/Editor/HalberdMeshBuilder.cs Line: 119)

[Halberd] Imported Assets/Blueprinter/Mods/HalberdMod/Models/Halberd_SustainerFins.obj: 156 vertices, bounds Center: (0.00, -0.04, -0.09), Extents: (0.15, 0.13, 0.22)
UnityEngine.StackTraceUtility:ExtractStackTrace ()
UnityEngine.DebugLogHandler:LogFormat (UnityEngine.LogType,UnityEngine.Object,string,object[])
UnityEngine.Logger:Log (UnityEngine.LogType,object)
UnityEngine.Debug:Log (object)
Erenaldi.Halberd.HalberdMeshBuilder:LoadCadMesh (string,string,bool) (at Assets/Editor/HalberdMeshBuilder.cs:119)
Erenaldi.Halberd.HalberdMeshBuilder:Build () (at Assets/Editor/HalberdMeshBuilder.cs:47)
Erenaldi.Munitions.MunitionsGeometryBundleBuilder:BuildBundle (bool) (at Assets/Editor/MunitionsGeometryBundleBuilder.cs:28)
Erenaldi.Munitions.MunitionsGeometryBundleBuilder:BuildHalberdBundle () (at Assets/Editor/MunitionsGeometryBundleBuilder.cs:23)

(Filename: Assets/Editor/HalberdMeshBuilder.cs Line: 119)

[Halberd] Imported Assets/Blueprinter/Mods/HalberdMod/Models/Halberd_Hardware.obj: 1774 vertices, bounds Center: (0.00, 0.02, 0.38), Extents: (0.10, 0.13, 0.69)
UnityEngine.StackTraceUtility:ExtractStackTrace ()
UnityEngine.DebugLogHandler:LogFormat (UnityEngine.LogType,UnityEngine.Object,string,object[])
UnityEngine.Logger:Log (UnityEngine.LogType,object)
UnityEngine.Debug:Log (object)
Erenaldi.Halberd.HalberdMeshBuilder:LoadCadMesh (string,string,bool) (at Assets/Editor/HalberdMeshBuilder.cs:119)
Erenaldi.Halberd.HalberdMeshBuilder:Build () (at Assets/Editor/HalberdMeshBuilder.cs:48)
Erenaldi.Munitions.MunitionsGeometryBundleBuilder:BuildBundle (bool) (at Assets/Editor/MunitionsGeometryBundleBuilder.cs:28)
Erenaldi.Munitions.MunitionsGeometryBundleBuilder:BuildHalberdBundle () (at Assets/Editor/MunitionsGeometryBundleBuilder.cs:23)

(Filename: Assets/Editor/HalberdMeshBuilder.cs Line: 119)

[Halberd] Imported Assets/Blueprinter/Mods/HalberdMod/Models/Halberd_SustainerNozzle.obj: 840 vertices, bounds Center: (0.00, 0.00, -0.32), Extents: (0.11, 0.11, 0.01)
UnityEngine.StackTraceUtility:ExtractStackTrace ()
UnityEngine.DebugLogHandler:LogFormat (UnityEngine.LogType,UnityEngine.Object,string,object[])
UnityEngine.Logger:Log (UnityEngine.LogType,object)
UnityEngine.Debug:Log (object)
Erenaldi.Halberd.HalberdMeshBuilder:LoadCadMesh (string,string,bool) (at Assets/Editor/HalberdMeshBuilder.cs:119)
Erenaldi.Halberd.HalberdMeshBuilder:Build () (at Assets/Editor/HalberdMeshBuilder.cs:49)
Erenaldi.Munitions.MunitionsGeometryBundleBuilder:BuildBundle (bool) (at Assets/Editor/MunitionsGeometryBundleBuilder.cs:28)
Erenaldi.Munitions.MunitionsGeometryBundleBuilder:BuildHalberdBundle () (at Assets/Editor/MunitionsGeometryBundleBuilder.cs:23)

(Filename: Assets/Editor/HalberdMeshBuilder.cs Line: 119)

[Halberd] Imported Assets/Blueprinter/Mods/HalberdMod/Models/Halberd_BoosterBody.obj: 838 vertices, bounds Center: (0.00, 0.00, -0.92), Extents: (0.11, 0.11, 0.59)
UnityEngine.StackTraceUtility:ExtractStackTrace ()
UnityEngine.DebugLogHandler:LogFormat (UnityEngine.LogType,UnityEngine.Object,string,object[])
UnityEngine.Logger:Log (UnityEngine.LogType,object)
UnityEngine.Debug:Log (object)
Erenaldi.Halberd.HalberdMeshBuilder:LoadCadMesh (string,string,bool) (at Assets/Editor/HalberdMeshBuilder.cs:119)
Erenaldi.Halberd.HalberdMeshBuilder:Build () (at Assets/Editor/HalberdMeshBuilder.cs:50)
Erenaldi.Munitions.MunitionsGeometryBundleBuilder:BuildBundle (bool) (at Assets/Editor/MunitionsGeometryBundleBuilder.cs:28)
Erenaldi.Munitions.MunitionsGeometryBundleBuilder:BuildHalberdBundle () (at Assets/Editor/MunitionsGeometryBundleBuilder.cs:23)

(Filename: Assets/Editor/HalberdMeshBuilder.cs Line: 119)

[Halberd] Imported Assets/Blueprinter/Mods/HalberdMod/Models/Halberd_BoosterFins.obj: 120 vertices, bounds Center: (0.00, -0.05, -1.04), Extents: (0.19, 0.17, 0.50)
UnityEngine.StackTraceUtility:ExtractStackTrace ()
UnityEngine.DebugLogHandler:LogFormat (UnityEngine.LogType,UnityEngine.Object,string,object[])
UnityEngine.Logger:Log (UnityEngine.LogType,object)
UnityEngine.Debug:Log (object)
Erenaldi.Halberd.HalberdMeshBuilder:LoadCadMesh (string,string,bool) (at Assets/Editor/HalberdMeshBuilder.cs:119)
Erenaldi.Halberd.HalberdMeshBuilder:Build () (at Assets/Editor/HalberdMeshBuilder.cs:51)
Erenaldi.Munitions.MunitionsGeometryBundleBuilder:BuildBundle (bool) (at Assets/Editor/MunitionsGeometryBundleBuilder.cs:28)
Erenaldi.Munitions.MunitionsGeometryBundleBuilder:BuildHalberdBundle () (at Assets/Editor/MunitionsGeometryBundleBuilder.cs:23)

(Filename: Assets/Editor/HalberdMeshBuilder.cs Line: 119)

[Halberd] Imported Assets/Blueprinter/Mods/HalberdMod/Models/Halberd_BoosterNozzle.obj: 1789 vertices, bounds Center: (0.00, 0.00, -1.60), Extents: (0.10, 0.10, 0.09)
UnityEngine.StackTraceUtility:ExtractStackTrace ()
UnityEngine.DebugLogHandler:LogFormat (UnityEngine.LogType,UnityEngine.Object,string,object[])
UnityEngine.Logger:Log (UnityEngine.LogType,object)
UnityEngine.Debug:Log (object)
Erenaldi.Halberd.HalberdMeshBuilder:LoadCadMesh (string,string,bool) (at Assets/Editor/HalberdMeshBuilder.cs:119)
Erenaldi.Halberd.HalberdMeshBuilder:Build () (at Assets/Editor/HalberdMeshBuilder.cs:52)
Erenaldi.Munitions.MunitionsGeometryBundleBuilder:BuildBundle (bool) (at Assets/Editor/MunitionsGeometryBundleBuilder.cs:28)
Erenaldi.Munitions.MunitionsGeometryBundleBuilder:BuildHalberdBundle () (at Assets/Editor/MunitionsGeometryBundleBuilder.cs:23)

(Filename: Assets/Editor/HalberdMeshBuilder.cs Line: 119)

[Halberd] Assembly verified: length=3.367 m, seam z=-0.337, body radius=0.100 m, max radius=0.218 m.
UnityEngine.StackTraceUtility:ExtractStackTrace ()
UnityEngine.DebugLogHandler:LogFormat (UnityEngine.LogType,UnityEngine.Object,string,object[])
UnityEngine.Logger:Log (UnityEngine.LogType,object)
UnityEngine.Debug:Log (object)
Erenaldi.Halberd.HalberdMeshBuilder:ValidateAssembly (UnityEngine.Mesh,UnityEngine.Mesh,UnityEngine.Mesh,UnityEngine.Mesh,UnityEngine.Mesh,UnityEngine.Mesh,UnityEngine.Mesh,UnityEngine.Mesh) (at Assets/Editor/HalberdMeshBuilder.cs:234)
Erenaldi.Halberd.HalberdMeshBuilder:Build () (at Assets/Editor/HalberdMeshBuilder.cs:53)
Erenaldi.Munitions.MunitionsGeometryBundleBuilder:BuildBundle (bool) (at Assets/Editor/MunitionsGeometryBundleBuilder.cs:28)
Erenaldi.Munitions.MunitionsGeometryBundleBuilder:BuildHalberdBundle () (at Assets/Editor/MunitionsGeometryBundleBuilder.cs:23)

(Filename: Assets/Editor/HalberdMeshBuilder.cs Line: 234)

Refreshing native plugins compatible for Editor in 20.10 ms, found 0 plugins.
Preloading 0 native plugins for Editor in 0.00 ms.
Asset Pipeline Refresh (id=65c0c5f284c23ea418aa30fad96fe060): Total: 0.066 seconds - Initiated by StopAssetImportingV2(NoUpdateAssetOptions)
Refreshing native plugins compatible for Editor in 20.43 ms, found 0 plugins.
Preloading 0 native plugins for Editor in 0.00 ms.
Asset Pipeline Refresh (id=b590f05da0731764496ce44ef0c52a20): Total: 0.086 seconds - Initiated by StopAssetImportingV2(NoUpdateAssetOptions)
Refreshing native plugins compatible for Editor in 19.81 ms, found 0 plugins.
Preloading 0 native plugins for Editor in 0.00 ms.
Asset Pipeline Refresh (id=9e323a3318ab2464ea538a3f8fd69ddc): Total: 0.065 seconds - Initiated by StopAssetImportingV2(NoUpdateAssetOptions)
Refreshing native plugins compatible for Editor in 20.98 ms, found 0 plugins.
Preloading 0 native plugins for Editor in 0.00 ms.
Asset Pipeline Refresh (id=aa0335baae16af94a9eb49a937389d6e): Total: 0.085 seconds - Initiated by StopAssetImportingV2(NoUpdateAssetOptions)
Refreshing native plugins compatible for Editor in 19.45 ms, found 0 plugins.
Preloading 0 native plugins for Editor in 0.00 ms.
Asset Pipeline Refresh (id=17ec6e188f6f52d4bbbb86b5cffb3945): Total: 0.065 seconds - Initiated by StopAssetImportingV2(NoUpdateAssetOptions)
Refreshing native plugins compatible for Editor in 19.91 ms, found 0 plugins.
Preloading 0 native plugins for Editor in 0.00 ms.
Asset Pipeline Refresh (id=4954f614170f47948ab065015b03ec87): Total: 0.086 seconds - Initiated by StopAssetImportingV2(NoUpdateAssetOptions)
Refreshing native plugins compatible for Editor in 19.56 ms, found 0 plugins.
Preloading 0 native plugins for Editor in 0.00 ms.
Asset Pipeline Refresh (id=b16a144a46654eb4bb1bd562b1a2ea72): Total: 0.065 seconds - Initiated by StopAssetImportingV2(NoUpdateAssetOptions)
Refreshing native plugins compatible for Editor in 19.63 ms, found 0 plugins.
Preloading 0 native plugins for Editor in 0.00 ms.
Asset Pipeline Refresh (id=51b64a4f4153bcc4d88929a326554980): Total: 0.083 seconds - Initiated by StopAssetImportingV2(NoUpdateAssetOptions)
Refreshing native plugins compatible for Editor in 20.56 ms, found 0 plugins.
Preloading 0 native plugins for Editor in 0.00 ms.
Asset Pipeline Refresh (id=159b15d433708fb4ca80a9f0e4e128a5): Total: 0.065 seconds - Initiated by StopAssetImportingV2(NoUpdateAssetOptions)
Refreshing native plugins compatible for Editor in 19.77 ms, found 0 plugins.
Preloading 0 native plugins for Editor in 0.00 ms.
Asset Pipeline Refresh (id=464d4b843108b0240b72de01429fe457): Total: 0.085 seconds - Initiated by StopAssetImportingV2(NoUpdateAssetOptions)
Refreshing native plugins compatible for Editor in 20.55 ms, found 0 plugins.
Preloading 0 native plugins for Editor in 0.00 ms.
Asset Pipeline Refresh (id=e3d78231836108245bacc71ba67526c8): Total: 0.068 seconds - Initiated by StopAssetImportingV2(NoUpdateAssetOptions)
Refreshing native plugins compatible for Editor in 19.66 ms, found 0 plugins.
Preloading 0 native plugins for Editor in 0.00 ms.
Asset Pipeline Refresh (id=0614ae9607899db4e840444a320f29b2): Total: 0.085 seconds - Initiated by StopAssetImportingV2(NoUpdateAssetOptions)
Refreshing native plugins compatible for Editor in 19.38 ms, found 0 plugins.
Preloading 0 native plugins for Editor in 0.00 ms.
Asset Pipeline Refresh (id=d400991abe7cd8e4ea0b4550ba165dd8): Total: 0.065 seconds - Initiated by StopAssetImportingV2(NoUpdateAssetOptions)
Refreshing native plugins compatible for Editor in 19.51 ms, found 0 plugins.
Preloading 0 native plugins for Editor in 0.00 ms.
Asset Pipeline Refresh (id=0eca5cd5a2cd4354385dcac7a62c8c50): Total: 0.091 seconds - Initiated by StopAssetImportingV2(NoUpdateAssetOptions)
Refreshing native plugins compatible for Editor in 20.05 ms, found 0 plugins.
Preloading 0 native plugins for Editor in 0.00 ms.
Asset Pipeline Refresh (id=cf6561b6c75e1ba4f99eb45ee2dd2563): Total: 0.065 seconds - Initiated by StopAssetImportingV2(NoUpdateAssetOptions)
Refreshing native plugins compatible for Editor in 20.68 ms, found 0 plugins.
Preloading 0 native plugins for Editor in 0.00 ms.
Asset Pipeline Refresh (id=2028e0276192f334c9b64fc32afe2735): Total: 0.085 seconds - Initiated by StopAssetImportingV2(NoUpdateAssetOptions)
Refreshing native plugins compatible for Editor in 19.11 ms, found 0 plugins.
Preloading 0 native plugins for Editor in 0.00 ms.
Asset Pipeline Refresh (id=2d9730251d449d14b84dea47d0b2d62d): Total: 0.063 seconds - Initiated by StopAssetImportingV2(NoUpdateAssetOptions)
Refreshing native plugins compatible for Editor in 21.03 ms, found 0 plugins.
Preloading 0 native plugins for Editor in 0.00 ms.
Asset Pipeline Refresh (id=7f994f0241cdc6f40b554f2ed9ca1907): Total: 0.086 seconds - Initiated by StopAssetImportingV2(NoUpdateAssetOptions)
Refreshing native plugins compatible for Editor in 20.61 ms, found 0 plugins.
Preloading 0 native plugins for Editor in 0.00 ms.
Asset Pipeline Refresh (id=f01e779ac75330b49a00bc1d8e3890db): Total: 0.067 seconds - Initiated by StopAssetImportingV2(NoUpdateAssetOptions)
Start importing Assets/Blueprinter/Mods/HalberdMod/MatHalberdPylon.mat using Guid(46ea1d764a6f88249b8060cc4266da6c) Importer(-1,00000000000000000000000000000000) [PhysX] Initialized MultithreadedTaskDispatcher with 12 workers.
 -> (artifact id: '17573dc8b24a3e76d482aeccf650ee02') in 0.003130 seconds
Refreshing native plugins compatible for Editor in 19.25 ms, found 0 plugins.
Preloading 0 native plugins for Editor in 0.00 ms.
Asset Pipeline Refresh (id=b2645f51ff4d9e64cb95c87a7ec01d0b): Total: 0.091 seconds - Initiated by StopAssetImportingV2(NoUpdateAssetOptions)
Refreshing native plugins compatible for Editor in 21.68 ms, found 0 plugins.
Preloading 0 native plugins for Editor in 0.00 ms.
Asset Pipeline Refresh (id=3d2c6f97ba6d1cc4e832e69b353ea3ff): Total: 0.067 seconds - Initiated by StopAssetImportingV2(NoUpdateAssetOptions)
Start importing Assets/Blueprinter/Mods/HalberdMod/MatHalberdIntakes.mat using Guid(c508a9fd075c2704fa5d5af069950c7c) Importer(-1,00000000000000000000000000000000) [PhysX] Initialized MultithreadedTaskDispatcher with 12 workers.
 -> (artifact id: 'a229446ac24bb4a196df0cd75fea6a99') in 0.003343 seconds
Refreshing native plugins compatible for Editor in 23.04 ms, found 0 plugins.
Preloading 0 native plugins for Editor in 0.00 ms.
Asset Pipeline Refresh (id=3d912b5deb7c0cd4d8f1a11d82b00a41): Total: 0.104 seconds - Initiated by StopAssetImportingV2(NoUpdateAssetOptions)
Refreshing native plugins compatible for Editor in 21.78 ms, found 0 plugins.
Preloading 0 native plugins for Editor in 0.00 ms.
Asset Pipeline Refresh (id=7b4ca3c590bfb6b468652ce05d7303d6): Total: 0.073 seconds - Initiated by StopAssetImportingV2(NoUpdateAssetOptions)
Start importing Assets/Blueprinter/Mods/HalberdMod/MatHalberdSustainerFins.mat using Guid(f2d71ef7e9de304478156e51caebba5e) Importer(-1,00000000000000000000000000000000) [PhysX] Initialized MultithreadedTaskDispatcher with 12 workers.
 -> (artifact id: 'ab46cf94ac53629ddb2cbd0a7f3896e5') in 0.003313 seconds
Refreshing native plugins compatible for Editor in 22.59 ms, found 0 plugins.
Preloading 0 native plugins for Editor in 0.00 ms.
Asset Pipeline Refresh (id=0dfaf25000bbcda4fa0812c38ff67f70): Total: 0.101 seconds - Initiated by StopAssetImportingV2(NoUpdateAssetOptions)
Refreshing native plugins compatible for Editor in 20.95 ms, found 0 plugins.
Preloading 0 native plugins for Editor in 0.00 ms.
Asset Pipeline Refresh (id=a7a9345bc166d15438f8a7d4e761a51d): Total: 0.071 seconds - Initiated by StopAssetImportingV2(NoUpdateAssetOptions)
Start importing Assets/Blueprinter/Mods/HalberdMod/MatHalberdHardware.mat using Guid(65955eb16e437944398f8060ccce9a84) Importer(-1,00000000000000000000000000000000) [PhysX] Initialized MultithreadedTaskDispatcher with 12 workers.
 -> (artifact id: 'c54515dcd90fac0872a753ad334a8047') in 0.003323 seconds
Refreshing native plugins compatible for Editor in 20.79 ms, found 0 plugins.
Preloading 0 native plugins for Editor in 0.00 ms.
Asset Pipeline Refresh (id=79700c0c77f3992419483a59815709ef): Total: 0.094 seconds - Initiated by StopAssetImportingV2(NoUpdateAssetOptions)
Refreshing native plugins compatible for Editor in 20.63 ms, found 0 plugins.
Preloading 0 native plugins for Editor in 0.00 ms.
Asset Pipeline Refresh (id=09746647fdd8f1c4795e2e78079869d4): Total: 0.066 seconds - Initiated by StopAssetImportingV2(NoUpdateAssetOptions)
Start importing Assets/Blueprinter/Mods/HalberdMod/MatHalberdSustainerNozzle.mat using Guid(f7f606a5f32848a45a45e559f1ed6d8c) Importer(-1,00000000000000000000000000000000) [PhysX] Initialized MultithreadedTaskDispatcher with 12 workers.
 -> (artifact id: 'f4ccc4ac1a2e194a5db7efc8a01a9ce7') in 0.003664 seconds
Refreshing native plugins compatible for Editor in 19.84 ms, found 0 plugins.
Preloading 0 native plugins for Editor in 0.00 ms.
Asset Pipeline Refresh (id=000f3797cb2f780408f785f4af8c63e6): Total: 0.098 seconds - Initiated by StopAssetImportingV2(NoUpdateAssetOptions)
Refreshing native plugins compatible for Editor in 21.90 ms, found 0 plugins.
Preloading 0 native plugins for Editor in 0.00 ms.
Asset Pipeline Refresh (id=e12b9bc7b141ab144899e8125fc16d32): Total: 0.072 seconds - Initiated by StopAssetImportingV2(NoUpdateAssetOptions)
Start importing Assets/Blueprinter/Mods/HalberdMod/MatHalberdFins.mat using Guid(93ec73f1ff287574f80d889f71259f3f) Importer(-1,00000000000000000000000000000000) [PhysX] Initialized MultithreadedTaskDispatcher with 12 workers.
 -> (artifact id: '9452a52ee6957b5a1c94b8fe0a3d1278') in 0.003299 seconds
Refreshing native plugins compatible for Editor in 22.53 ms, found 0 plugins.
Preloading 0 native plugins for Editor in 0.00 ms.
Asset Pipeline Refresh (id=71a3e7785a47dd649950426495ba599a): Total: 0.104 seconds - Initiated by StopAssetImportingV2(NoUpdateAssetOptions)
Refreshing native plugins compatible for Editor in 22.82 ms, found 0 plugins.
Preloading 0 native plugins for Editor in 0.00 ms.
Asset Pipeline Refresh (id=c279e121f48255a478dc2dc8e96e635c): Total: 0.072 seconds - Initiated by StopAssetImportingV2(NoUpdateAssetOptions)
Start importing Assets/Blueprinter/Mods/HalberdMod/MatHalberdBoosterNozzle.mat using Guid(6307d4186fe3bdd47814637e8a42cd6a) Importer(-1,00000000000000000000000000000000) [PhysX] Initialized MultithreadedTaskDispatcher with 12 workers.
 -> (artifact id: '95eb92d32b3c7d0595fcaeac0053e885') in 0.003759 seconds
Refreshing native plugins compatible for Editor in 19.73 ms, found 0 plugins.
Preloading 0 native plugins for Editor in 0.00 ms.
Asset Pipeline Refresh (id=60557e4e75adcb94d8b51c6c7d8d57cc): Total: 0.095 seconds - Initiated by StopAssetImportingV2(NoUpdateAssetOptions)
Refreshing native plugins compatible for Editor in 19.95 ms, found 0 plugins.
Preloading 0 native plugins for Editor in 0.00 ms.
Asset Pipeline Refresh (id=5a90c831ed67f6a4fb983e257cb08711): Total: 0.066 seconds - Initiated by StopAssetImportingV2(NoUpdateAssetOptions)
Start importing Assets/Blueprinter/Mods/HalberdMod/Erenaldi.AAM44.prefab using Guid(219fe9e952756cb43b28b7fcddbd8279) Importer(-1,00000000000000000000000000000000) [PhysX] Initialized MultithreadedTaskDispatcher with 12 workers.
[PhysX] Initialized MultithreadedTaskDispatcher with 12 workers.
 -> (artifact id: '9dded4ee9fbd82d29e0ecd0bee425a4b') in 0.009665 seconds
Refreshing native plugins compatible for Editor in 19.91 ms, found 0 plugins.
Preloading 0 native plugins for Editor in 0.00 ms.
Asset Pipeline Refresh (id=ac41ac168112f604ab920c2b10717306): Total: 0.112 seconds - Initiated by StopAssetImportingV2(NoUpdateAssetOptions)
Refreshing native plugins compatible for Editor in 19.96 ms, found 0 plugins.
Preloading 0 native plugins for Editor in 0.00 ms.
Asset Pipeline Refresh (id=03aba80c87cf4d6468a3804162fa3441): Total: 0.068 seconds - Initiated by StopAssetImportingV2(NoUpdateAssetOptions)
Start importing Assets/Blueprinter/Mods/HalberdMod/Erenaldi.AAM44_single.prefab using Guid(d8779e9df5bfd1144bb4643d6e013e1c) Importer(-1,00000000000000000000000000000000) [PhysX] Initialized MultithreadedTaskDispatcher with 12 workers.
[PhysX] Initialized MultithreadedTaskDispatcher with 12 workers.
 -> (artifact id: 'e06655e273596489461b20fecc8ebf43') in 0.008690 seconds
Refreshing native plugins compatible for Editor in 19.88 ms, found 0 plugins.
Preloading 0 native plugins for Editor in 0.00 ms.
Asset Pipeline Refresh (id=7507601a5e1fbbf4b82c3188758ef385): Total: 0.098 seconds - Initiated by StopAssetImportingV2(NoUpdateAssetOptions)
Start importing Assets/Blueprinter/Mods/HalberdMod/MatHalberdBody.mat using Guid(51a7800bc4de09e4bb7d94654f8613e7) Importer(-1,00000000000000000000000000000000) [PhysX] Initialized MultithreadedTaskDispatcher with 12 workers.
 -> (artifact id: 'ceaec6e464dfceae310e20f223ba1b32') in 0.003189 seconds
Start importing Assets/Blueprinter/Mods/HalberdMod/MatHalberdSustainerFins.mat using Guid(f2d71ef7e9de304478156e51caebba5e) Importer(-1,00000000000000000000000000000000) [PhysX] Initialized MultithreadedTaskDispatcher with 12 workers.
 -> (artifact id: '031ca0631dfafe4d5504347fe1660319') in 0.003095 seconds
Start importing Assets/Blueprinter/Mods/HalberdMod/MatHalberdBoosterNozzle.mat using Guid(6307d4186fe3bdd47814637e8a42cd6a) Importer(-1,00000000000000000000000000000000) [PhysX] Initialized MultithreadedTaskDispatcher with 12 workers.
 -> (artifact id: '203e5c92c4663748a4e539c7ec1a35fb') in 0.003256 seconds
Start importing Assets/Blueprinter/Mods/HalberdMod/MatHalberdBooster.mat using Guid(833142cbbc2b24041b4936bf0d25a3fe) Importer(-1,00000000000000000000000000000000) [PhysX] Initialized MultithreadedTaskDispatcher with 12 workers.
 -> (artifact id: 'adf74db453dbd1ed4f865a4372fa21f2') in 0.003237 seconds
Start importing Assets/Blueprinter/Mods/HalberdMod/MatHalberdFins.mat using Guid(93ec73f1ff287574f80d889f71259f3f) Importer(-1,00000000000000000000000000000000) [PhysX] Initialized MultithreadedTaskDispatcher with 12 workers.
 -> (artifact id: '89416c6823fbebecc10e1c82840ad4dd') in 0.003244 seconds
Start importing Assets/Blueprinter/Mods/HalberdMod/MatHalberdHardware.mat using Guid(65955eb16e437944398f8060ccce9a84) Importer(-1,00000000000000000000000000000000) [PhysX] Initialized MultithreadedTaskDispatcher with 12 workers.
 -> (artifact id: '0bb4653e80979d9af4a17108e747c05b') in 0.003576 seconds
Start importing Assets/Blueprinter/Mods/HalberdMod/MatHalberdIntakes.mat using Guid(c508a9fd075c2704fa5d5af069950c7c) Importer(-1,00000000000000000000000000000000) [PhysX] Initialized MultithreadedTaskDispatcher with 12 workers.
 -> (artifact id: 'a20d7e81b3f7051e471868f1fcdf026f') in 0.003906 seconds
Start importing Assets/Blueprinter/Mods/HalberdMod/MatHalberdPylon.mat using Guid(46ea1d764a6f88249b8060cc4266da6c) Importer(-1,00000000000000000000000000000000) [PhysX] Initialized MultithreadedTaskDispatcher with 12 workers.
 -> (artifact id: '7db9b163790539691bac47979f9a0f68') in 0.003735 seconds
Start importing Assets/Blueprinter/Mods/HalberdMod/MatHalberdSustainerNozzle.mat using Guid(f7f606a5f32848a45a45e559f1ed6d8c) Importer(-1,00000000000000000000000000000000) [PhysX] Initialized MultithreadedTaskDispatcher with 12 workers.
 -> (artifact id: '65c583c5f9225a177208531061ea0406') in 0.003505 seconds
Refreshing native plugins compatible for Editor in 19.52 ms, found 0 plugins.
Preloading 0 native plugins for Editor in 0.00 ms.
Asset Pipeline Refresh (id=616b06f2276490e468f0c6b942543a26): Total: 0.127 seconds - Initiated by StopAssetImportingV2(NoUpdateAssetOptions)
Asset Pipeline Refresh (id=b7461d6ca73480e4e9c62f2a325bdd88): Total: 0.012 seconds - Initiated by RefreshV2(NoUpdateAssetOptions)
[Halberd] CAD geometry built: Assets/Blueprinter/Mods/HalberdMod
UnityEngine.StackTraceUtility:ExtractStackTrace ()
UnityEngine.DebugLogHandler:LogFormat (UnityEngine.LogType,UnityEngine.Object,string,object[])
UnityEngine.Logger:Log (UnityEngine.LogType,object)
UnityEngine.Debug:Log (object)
Erenaldi.Halberd.HalberdMeshBuilder:Build () (at Assets/Editor/HalberdMeshBuilder.cs:83)
Erenaldi.Munitions.MunitionsGeometryBundleBuilder:BuildBundle (bool) (at Assets/Editor/MunitionsGeometryBundleBuilder.cs:28)
Erenaldi.Munitions.MunitionsGeometryBundleBuilder:BuildHalberdBundle () (at Assets/Editor/MunitionsGeometryBundleBuilder.cs:23)

(Filename: Assets/Editor/HalberdMeshBuilder.cs Line: 83)

Start importing Assets/Settings/URP-Performant.asset using Guid(d0e2fc18fe036412f8223b3b3d9ad574) Importer(-1,00000000000000000000000000000000) [PhysX] Initialized MultithreadedTaskDispatcher with 12 workers.
 -> (artifact id: '53180f1e1907564a0d1d9ca0f734bf6a') in 0.003561 seconds
Start importing Assets/Settings/URP-Balanced.asset using Guid(e1260c1148f6143b28bae5ace5e9c5d1) Importer(-1,00000000000000000000000000000000) [PhysX] Initialized MultithreadedTaskDispatcher with 12 workers.
 -> (artifact id: 'f3d614c129f5643a5d42b39e1f5524e1') in 0.002806 seconds
Start importing Assets/Settings/URP-HighFidelity.asset using Guid(7b7fd9122c28c4d15b667c7040e3b3fd) Importer(-1,00000000000000000000000000000000) [PhysX] Initialized MultithreadedTaskDispatcher with 12 workers.
 -> (artifact id: '30def82d5293530c3e648f3ebcfc920a') in 0.003385 seconds
Refreshing native plugins compatible for Editor in 21.55 ms, found 0 plugins.
Preloading 0 native plugins for Editor in 0.00 ms.
Asset Pipeline Refresh (id=bb453bf1fe78e9e4eae6ef4e778b7828): Total: 0.067 seconds - Initiated by StopAssetImportingV2(NoUpdateAssetOptions)
Asset Pipeline Refresh (id=8a129004856a8ee46b39cc8fe57054ae): Total: 0.134 seconds - Initiated by RefreshV2(NoUpdateAssetOptions)
Launched and connected shader compiler UnityShaderCompiler.exe after 0.06 seconds
info: Microsoft.AspNetCore.Hosting.Diagnostics[1]
      Request starting HTTP/2 POST http://ilpp/UnityILPP.PostProcessing/Ping application/grpc -
info: Microsoft.AspNetCore.Routing.EndpointMiddleware[0]
      Executing endpoint 'gRPC - /UnityILPP.PostProcessing/Ping'
info: Microsoft.AspNetCore.Routing.EndpointMiddleware[1]
      Executed endpoint 'gRPC - /UnityILPP.PostProcessing/Ping'
info: Microsoft.AspNetCore.Hosting.Diagnostics[2]
      Request finished HTTP/2 POST http://ilpp/UnityILPP.PostProcessing/Ping application/grpc - - 200 - application/grpc 0.2089ms
Starting: C:\Program Files\Unity\Hub\Editor\2022.3.62f2\Editor\Data\bee_backend.exe --ipc --defer-dag-verification --dagfile="Library/Bee/1900b0aESkipCompile.dag" --continue-on-failure --profile="Library/Bee/backend1.traceevents" ScriptAssembliesAndTypeDB
WorkingDir: C:/Users/erena/Desktop/Nuclear Option Munitions Package/unity/BlueprinterEditor/Blueprinter-Editor
ExitCode: 0 Duration: 0s103ms
*** Tundra build success (0.06 seconds), 0 items updated, 4 evaluated
Asset Pipeline Refresh (id=ae7152939f72c5348997164e9ae23e76): Total: 0.007 seconds - Initiated by RefreshV2(NoUpdateAssetOptions)
[ScriptCompilation] Requested script compilation because: Recompiling scripts for player build.
BuildPlayer: start building target 19
Total cache size 50992816
Total cache size after purge 50992816
info: Microsoft.AspNetCore.Hosting.Diagnostics[1]
      Request starting HTTP/2 POST http://ilpp/UnityILPP.PostProcessing/Ping application/grpc -
info: Microsoft.AspNetCore.Routing.EndpointMiddleware[0]
      Executing endpoint 'gRPC - /UnityILPP.PostProcessing/Ping'
info: Microsoft.AspNetCore.Routing.EndpointMiddleware[1]
      Executed endpoint 'gRPC - /UnityILPP.PostProcessing/Ping'
info: Microsoft.AspNetCore.Hosting.Diagnostics[2]
      Request finished HTTP/2 POST http://ilpp/UnityILPP.PostProcessing/Ping application/grpc - - 200 - application/grpc 0.0851ms
Starting: C:\Program Files\Unity\Hub\Editor\2022.3.62f2\Editor\Data\bee_backend.exe --ipc --defer-dag-verification --dagfile="Library/Bee/1900b0aP.dag" --continue-on-failure --profile="Library/Bee/backend1.traceevents" ScriptAssembliesAndTypeDB
WorkingDir: C:/Users/erena/Desktop/Nuclear Option Munitions Package/unity/BlueprinterEditor/Blueprinter-Editor
info: Microsoft.AspNetCore.Hosting.Diagnostics[1]
      Request starting HTTP/2 POST http://ilpp/UnityILPP.PostProcessing/ConfigurePostProcessors application/grpc -
info: Microsoft.AspNetCore.Routing.EndpointMiddleware[0]
      Executing endpoint 'gRPC - /UnityILPP.PostProcessing/ConfigurePostProcessors'
info: Unity.ILPP.Runner.PostProcessingAssemblyLoadContext[0]
      ALC ILPP context 2 is unloading
warn: Unity.ILPP.Runner.PostProcessingAssemblyLoadContext[0]
      Assembly system.runtime.interopservices.windowsruntime has duplicate hint path. Ignoring "C:\Program Files\Unity\Hub\Editor\2022.3.62f2\Editor\Data\UnityReferenceAssemblies\unity-4.8-api\Facades\System.Runtime.InteropServices.WindowsRuntime.dll" in favor of "C:\Program Files\Unity\Hub\Editor\2022.3.62f2\Editor\Data\NetStandard\Extensions\2.0.0\System.Runtime.InteropServices.WindowsRuntime.dll"
warn: Unity.ILPP.Runner.PostProcessingAssemblyLoadContext[0]
      Assembly system.componentmodel.composition has duplicate hint path. Ignoring "C:\Program Files\Unity\Hub\Editor\2022.3.62f2\Editor\Data\UnityReferenceAssemblies\unity-4.8-api\System.ComponentModel.Composition.dll" in favor of "C:\Program Files\Unity\Hub\Editor\2022.3.62f2\Editor\Data\NetStandard\compat\2.1.0\shims\netfx\System.ComponentModel.Composition.dll"
info: Unity.ILPP.Runner.PostProcessingAssemblyLoadContext[0]
      Resolved Unity.Burst.Cecil, Version=0.11.4.0, Culture=neutral, PublicKeyToken=50cebf1cceb9d05e with Library\PackageCache\com.unity.burst@1.8.21\Unity.Burst.CodeGen\Unity.Burst.Cecil.dll
info: Microsoft.AspNetCore.Routing.EndpointMiddleware[1]
      Executed endpoint 'gRPC - /UnityILPP.PostProcessing/ConfigurePostProcessors'
info: Microsoft.AspNetCore.Hosting.Diagnostics[2]
      Request finished HTTP/2 POST http://ilpp/UnityILPP.PostProcessing/ConfigurePostProcessors application/grpc - - 200 - application/grpc 16.0655ms
ExitCode: 0 Duration: 2s484ms
[266/372    0s] WriteResponseFile Library/Bee/artifacts/rsp/4747638433968585886.rsp
[267/372    0s] CopyFiles Library/PlayerScriptAssemblies/UnityEngine.TestRunner.pdb
[268/372    0s] CopyFiles Library/PlayerScriptAssemblies/UnityEngine.TestRunner.dll
[302/372    0s] MovedFromExtractorCombine Library/Bee/artifacts/StandaloneWindows64_CodeGen/UnityEngine.TestRunner.dll.mvfrm
[305/372    0s] MovedFromExtractorCombine Library/Bee/artifacts/StandaloneWindows64_CodeGen/UnityEngine.UI.dll.mvfrm
[308/372    0s] MovedFromExtractorCombine Library/Bee/artifacts/1900b0aP.dag/Unity.Burst.dll.mvfrm
[313/372    0s] MovedFromExtractorCombine Library/Bee/artifacts/StandaloneWindows64_CodeGen/UnityEditor.TestRunner.dll.mvfrm
[316/372    0s] MovedFromExtractorCombine Library/Bee/artifacts/StandaloneWindows64_CodeGen/UnityEditor.UI.dll.mvfrm
[319/372    0s] MovedFromExtractorCombine Library/Bee/artifacts/StandaloneWindows64_CodeGen/Unity.Burst.dll.mvfrm
[322/372    0s] MovedFromExtractorCombine Library/Bee/artifacts/StandaloneWindows64_CodeGen/Unity.Burst.CodeGen.dll.mvfrm
[324/372    0s] ILPP-Configuration Library/ilpp-configuration.nevergeneratedoutput
[340/372    0s] CopyFiles Library/PlayerScriptAssemblies/Unity.RenderPipelines.ShaderGraph.ShaderGraphLibrary.dll
[341/372    0s] CopyFiles Library/PlayerScriptAssemblies/Unity.RenderPipelines.Core.Runtime.dll
[342/372    0s] CopyFiles Library/PlayerScriptAssemblies/Unity.ScriptableBuildPipeline.dll
[343/372    0s] CopyFiles Library/PlayerScriptAssemblies/Unity.RenderPipelines.Universal.Config.Runtime.dll
[344/372    0s] CopyFiles Library/PlayerScriptAssemblies/Unity.RenderPipelines.Universal.Runtime.dll
[345/372    0s] CopyFiles Library/PlayerScriptAssemblies/Unity.ResourceManager.dll
[346/372    0s] CopyFiles Library/PlayerScriptAssemblies/Unity.RenderPipelines.Universal.2D.Internal.dll
[347/372    0s] CopyFiles Library/PlayerScriptAssemblies/Unity.RenderPipeline.Universal.ShaderLibrary.dll
[348/372    0s] CopyFiles Library/PlayerScriptAssemblies/Unity.RenderPipelines.Universal.Shaders.dll
[349/372    0s] CopyFiles Library/PlayerScriptAssemblies/Unity.TextMeshPro.dll
[350/372    0s] CopyFiles Library/PlayerScriptAssemblies/Unity.Mathematics.dll
[351/372    0s] CopyFiles Library/PlayerScriptAssemblies/UnityEngine.UI.dll
[352/372    0s] CopyFiles Library/PlayerScriptAssemblies/Unity.Addressables.dll
[353/372    0s] CopyFiles Library/PlayerScriptAssemblies/Unity.RenderPipelines.Core.ShaderLibrary.dll
[354/372    0s] CopyFiles Library/PlayerScriptAssemblies/Unity.RenderPipeline.Universal.ShaderLibrary.pdb
[355/372    0s] CopyFiles Library/PlayerScriptAssemblies/Unity.Mathematics.pdb
[356/372    0s] CopyFiles Library/PlayerScriptAssemblies/Unity.RenderPipelines.Universal.Shaders.pdb
[357/372    0s] CopyFiles Library/PlayerScriptAssemblies/Unity.Burst.dll
[358/372    0s] CopyFiles Library/PlayerScriptAssemblies/Unity.ScriptableBuildPipeline.pdb
[359/372    0s] CopyFiles Library/PlayerScriptAssemblies/Unity.ResourceManager.pdb
[360/372    0s] CopyFiles Library/PlayerScriptAssemblies/Unity.RenderPipelines.Universal.2D.Internal.pdb
[361/372    0s] CopyFiles Library/PlayerScriptAssemblies/Unity.RenderPipelines.ShaderGraph.ShaderGraphLibrary.pdb
[362/372    0s] CopyFiles Library/PlayerScriptAssemblies/Unity.Addressables.pdb
[363/372    0s] CopyFiles Library/PlayerScriptAssemblies/Unity.RenderPipelines.Universal.Config.Runtime.pdb
[364/372    0s] CopyFiles Library/PlayerScriptAssemblies/Unity.RenderPipelines.Core.Runtime.pdb
[365/372    0s] CopyFiles Library/PlayerScriptAssemblies/Unity.RenderPipelines.Universal.Runtime.pdb
[366/372    0s] CopyFiles Library/PlayerScriptAssemblies/Unity.TextMeshPro.pdb
[367/372    0s] CopyFiles Library/PlayerScriptAssemblies/Unity.RenderPipelines.Core.ShaderLibrary.pdb
[368/372    0s] CopyFiles Library/PlayerScriptAssemblies/Unity.Burst.pdb
[369/372    0s] CopyFiles Library/PlayerScriptAssemblies/UnityEngine.UI.pdb
*** Tundra build success (2.45 seconds), 41 items updated, 372 evaluated
Total cache size 50992816
Total cache size after purge 50992816
Compiling shader "Universal Render Pipeline/Lit" pass "ForwardLit" (vp)
    Full variant space:         377561088
    After settings filtering:   67584
    After built-in stripping:   132
    After scriptable stripping: 39
    Processed in 3.88 seconds
    starting compilation...
    finished in 0.03 seconds. Local cache hits 39 (0.25s CPU time), remote cache hits 0 (0.00s CPU time), compiled 0 variants (0.00s CPU time), skipped 0 variants
    Prepared data for serialisation in 0.00s
Compiling shader "Universal Render Pipeline/Lit" pass "ForwardLit" (fp)
    Full variant space:         377487360
    After settings filtering:   61440
    After built-in stripping:   120
    After scriptable stripping: 36
    Processed in 0.01 seconds
    starting compilation...
    finished in 0.00 seconds. Local cache hits 36 (0.01s CPU time), remote cache hits 0 (0.00s CPU time), compiled 0 variants (0.00s CPU time), skipped 0 variants
    Prepared data for serialisation in 0.00s
Compiling shader "Universal Render Pipeline/Lit" pass "ShadowCaster" (vp)
    Full variant space:         24
    After settings filtering:   24
    After built-in stripping:   6
    After scriptable stripping: 6
    Processed in 0.00 seconds
    starting compilation...
    finished in 0.00 seconds. Local cache hits 6 (0.00s CPU time), remote cache hits 0 (0.00s CPU time), compiled 0 variants (0.00s CPU time), skipped 0 variants
    Prepared data for serialisation in 0.00s
Compiling shader "Universal Render Pipeline/Lit" pass "ShadowCaster" (fp)
    Full variant space:         8
    After settings filtering:   8
    After built-in stripping:   2
    After scriptable stripping: 2
    Processed in 0.00 seconds
    starting compilation...
    finished in 0.00 seconds. Local cache hits 2 (0.00s CPU time), remote cache hits 0 (0.00s CPU time), compiled 0 variants (0.00s CPU time), skipped 0 variants
    Prepared data for serialisation in 0.00s
Compiling shader "Universal Render Pipeline/Lit" pass "GBuffer" (vp)
    Full variant space:         655872
    After settings filtering:   3072
    After built-in stripping:   24
    After scriptable stripping: 0
    Processed in 0.00 seconds
    Prepared data for serialisation in 0.00s
Compiling shader "Universal Render Pipeline/Lit" pass "DepthOnly" (vp)
    Full variant space:         12
    After settings filtering:   12
    After built-in stripping:   3
    After scriptable stripping: 3
    Processed in 0.00 seconds
    starting compilation...
    finished in 0.00 seconds. Local cache hits 3 (0.00s CPU time), remote cache hits 0 (0.00s CPU time), compiled 0 variants (0.00s CPU time), skipped 0 variants
    Prepared data for serialisation in 0.00s
Compiling shader "Universal Render Pipeline/Lit" pass "DepthOnly" (fp)
    Full variant space:         8
    After settings filtering:   8
    After built-in stripping:   2
    After scriptable stripping: 2
    Processed in 0.00 seconds
    starting compilation...
    finished in 0.00 seconds. Local cache hits 2 (0.00s CPU time), remote cache hits 0 (0.00s CPU time), compiled 0 variants (0.00s CPU time), skipped 0 variants
    Prepared data for serialisation in 0.00s
Compiling shader "Universal Render Pipeline/Lit" pass "DepthNormals" (vp)
    Full variant space:         20
    After settings filtering:   12
    After built-in stripping:   3
    After scriptable stripping: 3
    Processed in 0.00 seconds
    starting compilation...
    finished in 0.00 seconds. Local cache hits 3 (0.00s CPU time), remote cache hits 0 (0.00s CPU time), compiled 0 variants (0.00s CPU time), skipped 0 variants
    Prepared data for serialisation in 0.00s
Compiling shader "Universal Render Pipeline/Lit" pass "DepthNormals" (fp)
    Full variant space:         16
    After settings filtering:   8
    After built-in stripping:   2
    After scriptable stripping: 2
    Processed in 0.00 seconds
    starting compilation...
    finished in 0.00 seconds. Local cache hits 2 (0.00s CPU time), remote cache hits 0 (0.00s CPU time), compiled 0 variants (0.00s CPU time), skipped 0 variants
    Prepared data for serialisation in 0.00s
Compiling shader "Universal Render Pipeline/Lit" pass "Universal2D" (vp)
    Full variant space:         4
    After settings filtering:   4
    After built-in stripping:   2
    After scriptable stripping: 0
    Processed in 0.00 seconds
    Prepared data for serialisation in 0.00s
Serialized binary data for shader Universal Render Pipeline/Lit in 0.00s
    d3d11 (total internal programs: 49, unique: 49)
    vulkan (total internal programs: 44, unique: 44)
Compiling shader "Hidden/Core/FallbackError" pass "" (vp)
    Full variant space:         8
    After settings filtering:   8
    After built-in stripping:   2
    After scriptable stripping: 2
    Processed in 0.00 seconds
    starting compilation...
    finished in 0.00 seconds. Local cache hits 2 (0.00s CPU time), remote cache hits 0 (0.00s CPU time), compiled 0 variants (0.00s CPU time), skipped 0 variants
    Prepared data for serialisation in 0.00s
Compiling shader "Hidden/Core/FallbackError" pass "" (fp)
    Full variant space:         4
    After settings filtering:   4
    After built-in stripping:   1
    After scriptable stripping: 1
    Processed in 0.00 seconds
    starting compilation...
    finished in 0.00 seconds. Local cache hits 1 (0.00s CPU time), remote cache hits 0 (0.00s CPU time), compiled 0 variants (0.00s CPU time), skipped 0 variants
    Prepared data for serialisation in 0.00s
Serialized binary data for shader Hidden/Core/FallbackError in 0.00s
    d3d11 (total internal programs: 2, unique: 2)
    vulkan (total internal programs: 1, unique: 1)
Compiling shader "Hidden/Universal Render Pipeline/FallbackError" pass "" (vp)
    Full variant space:         12
    After settings filtering:   12
    After built-in stripping:   2
    After scriptable stripping: 2
    Processed in 0.00 seconds
    starting compilation...
    finished in 0.00 seconds. Local cache hits 2 (0.00s CPU time), remote cache hits 0 (0.00s CPU time), compiled 0 variants (0.00s CPU time), skipped 0 variants
    Prepared data for serialisation in 0.00s
Compiling shader "Hidden/Universal Render Pipeline/FallbackError" pass "" (fp)
    Full variant space:         6
    After settings filtering:   6
    After built-in stripping:   1
    After scriptable stripping: 1
    Processed in 0.00 seconds
    starting compilation...
    finished in 0.00 seconds. Local cache hits 1 (0.00s CPU time), remote cache hits 0 (0.00s CPU time), compiled 0 variants (0.00s CPU time), skipped 0 variants
    Prepared data for serialisation in 0.00s
Serialized binary data for shader Hidden/Universal Render Pipeline/FallbackError in 0.00s
    d3d11 (total internal programs: 2, unique: 2)
    vulkan (total internal programs: 1, unique: 1)

***Player size statistics***
Total compressed size 0.7 MB. Total uncompressed size 3.6 MB.
Unloading 17 Unused Serialized files (Serialized files now loaded: 0)
Unloading 353 unused Assets / (0.8 MB). Loaded Objects now: 4870.
Memory consumption went from 179.8 MB to 178.9 MB.
Total: 7.043800 ms (FindLiveObjects: 0.400100 ms CreateObjectMapping: 0.159900 ms MarkObjects: 5.158600 ms  DeleteObjects: 1.324100 ms)


***Player size statistics***
Total compressed size 1.0 KB. Total uncompressed size 4.1 KB.
Unloading 0 Unused Serialized files (Serialized files now loaded: 0)
Unloading 0 unused Assets / (0 B). Loaded Objects now: 4872.
Memory consumption went from 167.9 MB to 167.9 MB.
Total: 5.324900 ms (FindLiveObjects: 0.359000 ms CreateObjectMapping: 0.142000 ms MarkObjects: 4.806800 ms  DeleteObjects: 0.015800 ms)


-------------------------------------------------------------------------------
Bundle Name: erenaldi_munitions.geometry
Compressed Size:698.9 kb
Uncompressed usage by category (Percentages based on user generated assets only):
Textures               682.9 kb	 18.7% 
Meshes                 2.5 mb	 71.1% 
Animations             0.0 kb	 0.0% 
Sounds                 0.0 kb	 0.0% 
Shaders                234.0 kb	 6.4% 
Other Assets           36.2 kb	 1.0% 
Levels                 0.0 kb	 0.0% 
Scripts                0.0 kb	 0.0% 
Included DLLs          0.0 kb	 0.0% 
File headers           101.9 kb	 2.8% 
Total User Assets      3.6 mb	 100.0% 
Complete build size    3.6 mb
Used Assets and files from the Resources folder, sorted by uncompressed size:
 1.6 mb	 43.8% Assets/Blueprinter/Mods/KrisMod/MeshKrisHardware.asset
 345.2 kb	 9.5% Assets/Blueprinter/Mods/KrisMod/MeshKrisBody.asset
 341.5 kb	 9.4% Assets/Blueprinter/Mods/HalberdMod/TexHalberdBooster.asset
 341.5 kb	 9.4% Assets/Blueprinter/Mods/HalberdMod/TexHalberdBody.asset
 225.6 kb	 6.2% Packages/com.unity.render-pipelines.universal/Shaders/Lit.shader
 172.8 kb	 4.7% Assets/Blueprinter/Mods/HalberdMod/MeshHalberdBody.asset
 122.6 kb	 3.4% Assets/Blueprinter/Mods/KrisMod/MeshKrisGridFins.asset
 72.2 kb	 2.0% Assets/Blueprinter/Mods/KrisMod/MeshKrisDark.asset
 63.0 kb	 1.7% Assets/Blueprinter/Mods/HalberdMod/MeshHalberdBoosterNozzle.asset
 59.1 kb	 1.6% Assets/Blueprinter/Mods/HalberdMod/MeshHalberdHardware.asset
 57.9 kb	 1.6% Assets/Blueprinter/Mods/KrisMod/MeshKrisSeeker.asset
 44.6 kb	 1.2% Assets/Blueprinter/Mods/HalberdMod/MeshHalberdBooster.asset
 28.4 kb	 0.8% Assets/Blueprinter/Mods/HalberdMod/MeshHalberdSustainerNozzle.asset
 13.1 kb	 0.4% Assets/Blueprinter/Mods/HalberdMod/MeshHalberdIntakes.asset
 7.2 kb	 0.2% Assets/Blueprinter/Mods/HalberdMod/MeshHalberdSustainerFins.asset
 5.5 kb	 0.2% Assets/Blueprinter/Mods/HalberdMod/MeshHalberdBoosterFins.asset
 4.4 kb	 0.1% Packages/com.unity.render-pipelines.universal/Shaders/Utils/FallbackError.shader
 3.9 kb	 0.1% Packages/com.unity.render-pipelines.core/Runtime/RenderPipelineResources/FallbackShader.shader
 3.2 kb	 0.1% Assets/Blueprinter/Mods/HalberdMod/Erenaldi.AAM44_single.prefab
 2.8 kb	 0.1% AssetBundle Object
 2.7 kb	 0.1% Assets/Blueprinter/Mods/HalberdMod/Erenaldi.AAM44.prefab
 2.3 kb	 0.1% Assets/Blueprinter/Mods/KrisMod/Erenaldi.IRMS4_single.prefab
 2.0 kb	 0.1% Assets/Blueprinter/Mods/KrisMod/MeshKrisPylon.asset
 2.0 kb	 0.1% Assets/Blueprinter/Mods/HalberdMod/MeshHalberdPylon.asset
 1.9 kb	 0.1% Assets/Blueprinter/Mods/KrisMod/Erenaldi.IRMS4.prefab
 1.6 kb	 0.0% Assets/Blueprinter/Mods/HalberdMod/MatHalberdSustainerNozzle.mat
 1.6 kb	 0.0% Assets/Blueprinter/Mods/HalberdMod/MatHalberdSustainerFins.mat
 1.6 kb	 0.0% Assets/Blueprinter/Mods/HalberdMod/MatHalberdBoosterNozzle.mat
 1.6 kb	 0.0% Assets/Blueprinter/Mods/HalberdMod/MatHalberdIntakes.mat
 1.6 kb	 0.0% Assets/Blueprinter/Mods/HalberdMod/MatHalberdHardware.mat
 1.6 kb	 0.0% Assets/Blueprinter/Mods/HalberdMod/MatHalberdBooster.mat
 1.6 kb	 0.0% Assets/Blueprinter/Mods/KrisMod/MatKrisSeeker.mat
 1.6 kb	 0.0% Assets/Blueprinter/Mods/KrisMod/MatKrisHardware.mat
 1.6 kb	 0.0% Assets/Blueprinter/Mods/KrisMod/MatKrisGridFins.mat
 1.6 kb	 0.0% Assets/Blueprinter/Mods/HalberdMod/MatHalberdPylon.mat
 1.6 kb	 0.0% Assets/Blueprinter/Mods/HalberdMod/MatHalberdFins.mat
 1.6 kb	 0.0% Assets/Blueprinter/Mods/HalberdMod/MatHalberdBody.mat
 1.5 kb	 0.0% Assets/Blueprinter/Mods/KrisMod/MatKrisPylon.mat
 1.5 kb	 0.0% Assets/Blueprinter/Mods/KrisMod/MatKrisDark.mat
 1.5 kb	 0.0% Assets/Blueprinter/Mods/KrisMod/MatKrisBody.mat
-------------------------------------------------------------------------------
-------------------------------------------------------------------------------
Bundle Name: MunitionsGeometry
Compressed Size:1.0 kb
Uncompressed usage by category (Percentages based on user generated assets only):
Textures               0.0 kb	 0.0% 
Meshes                 0.0 kb	 0.0% 
Animations             0.0 kb	 0.0% 
Sounds                 0.0 kb	 0.0% 
Shaders                0.0 kb	 0.0% 
Other Assets           0.2 kb	 4.7% 
Levels                 0.0 kb	 0.0% 
Scripts                0.0 kb	 0.0% 
Included DLLs          0.0 kb	 0.0% 
File headers           3.9 kb	 95.3% 
Total User Assets      4.1 kb	 100.0% 
Complete build size    4.1 kb
Used Assets and files from the Resources folder, sorted by uncompressed size:
 0.1 kb	 2.5% AssetBundle Object
 0.1 kb	 2.3% Built-in AssetBundleManifest: AssetBundleManifest
-------------------------------------------------------------------------------
[Munitions] Geometry bundle built: C:\Users\erena\Desktop\Nuclear Option Munitions Package\src\Erenaldi.MunitionsPackage\erenaldi_munitions.geometry.bundle
UnityEngine.StackTraceUtility:ExtractStackTrace ()
UnityEngine.DebugLogHandler:LogFormat (UnityEngine.LogType,UnityEngine.Object,string,object[])
UnityEngine.Logger:Log (UnityEngine.LogType,object)
UnityEngine.Debug:Log (object)
Erenaldi.Munitions.MunitionsGeometryBundleBuilder:BuildBundle (bool) (at Assets/Editor/MunitionsGeometryBundleBuilder.cs:60)
Erenaldi.Munitions.MunitionsGeometryBundleBuilder:BuildHalberdBundle () (at Assets/Editor/MunitionsGeometryBundleBuilder.cs:23)

(Filename: Assets/Editor/MunitionsGeometryBundleBuilder.cs Line: 60)

Batchmode quit successfully invoked - shutting down!
[PhysX] Initialized MultithreadedTaskDispatcher with 12 workers.
Input System module state changed to: ShutdownInProgress.
Input System polling thread exited.
Input System module state changed to: Shutdown.
[Licensing::IpcConnector] LicenseClient-erena-notifications channel disconnected successfully.
[Licensing::IpcConnector] LicenseClient-erena channel disconnected successfully.
Cleanup mono
abort_threads: Failed aborting id: 0000000000002F68, mono_thread_manage will ignore it

abort_threads: Failed aborting id: 000000000000260C, mono_thread_manage will ignore it

abort_threads: Failed aborting id: 0000000000002F68, mono_thread_manage will ignore it

abort_threads: Failed aborting id: 000000000000260C, mono_thread_manage will ignore it

debugger-agent: Unable to listen on 6084
[Performance] WinEditorMain                                                                                                  :        1 samples, Peak.  1.77 s (1.0x), Avg.  1.77 s, Total. 1.770 s (3.4%)
[Performance] WinEditorMain.ConfigureCrashHandler                                                                            :        1 samples, Peak.  39.0 us (1.0x), Avg.  39.0 us, Total. 39.00 us (0.0%)
[Performance] WinEditorMain.CurlRequestInitialize                                                                            :        1 samples, Peak.   641 us (1.0x), Avg.   641 us, Total. 640.9 us (0.0%)
[Performance] WinEditorMain.SetupLogFile                                                                                     :        1 samples, Peak.   756 us (1.0x), Avg.   756 us, Total. 755.9 us (0.0%)
[Performance] WinEditorMain.RunNativeTestsIfRequiredAndExit                                                                  :        1 samples, Peak.   200 ns (1.0x), Avg.   200 ns, Total. 200.0 ns (0.0%)
[Performance] WinEditorMain.Licensing                                                                                        :        1 samples, Peak.  1.72 s (1.0x), Avg.  1.72 s, Total. 1.716 s (3.3%)
[Performance] WinEditorMain.InitializeCrashHandler                                                                           :        1 samples, Peak.  47.1 ms (1.0x), Avg.  47.1 ms, Total. 47.10 ms (0.1%)
[Performance] WinEditorMain.CreateApplication                                                                                :        1 samples, Peak.   320 us (1.0x), Avg.   320 us, Total. 319.5 us (0.0%)
[Performance] Application.InitializeProject                                                                                  :        1 samples, Peak.  35.5 s (1.0x), Avg.  35.5 s, Total. 35.50 s (67.8%)
[Performance] Application.PackageManager.StartServer                                                                         :        1 samples, Peak.  9.27 ms (1.0x), Avg.  9.27 ms, Total. 9.275 ms (0.0%)
[Performance] Application.AcquireProjectLock                                                                                 :        1 samples, Peak.  15.2 ms (1.0x), Avg.  15.2 ms, Total. 15.19 ms (0.0%)
[Performance] Application.InitializeEngineNoGraphics                                                                         :        1 samples, Peak.  94.9 ms (1.0x), Avg.  94.9 ms, Total. 94.88 ms (0.2%)
[Performance] Application.PackageManager.Initialize                                                                          :        1 samples, Peak.   688 ms (1.0x), Avg.   688 ms, Total. 688.0 ms (1.3%)
[Performance] Connecting to Package Manager                                                                                  :       68 samples, Peak.  82.6 us (18.4x), Avg.  4.48 us, Total. 304.6 us (0.0%)
[Performance] Application.EngineGraphics.Initialize                                                                          :        1 samples, Peak.   167 ms (1.0x), Avg.   167 ms, Total. 167.3 ms (0.3%)
[Performance] Application.GI.Initialize                                                                                      :        1 samples, Peak.  5.63 ms (1.0x), Avg.  5.63 ms, Total. 5.631 ms (0.0%)
[Performance] Application.LoadAllDefaultResourcesFromEditor                                                                  :        1 samples, Peak.  3.36 ms (1.0x), Avg.  3.36 ms, Total. 3.362 ms (0.0%)
[Performance] Application.LoadMonoAssemblies                                                                                 :        1 samples, Peak.   875 ms (1.0x), Avg.   875 ms, Total. 875.2 ms (1.7%)
[Performance] RestoreManagedReferences                                                                                       :        2 samples, Peak.  99.4 ms (2.0x), Avg.  49.7 ms, Total. 99.36 ms (0.2%)
[Performance] InitializeOnLoad DrivenRectTransformUndo                                                                       :        2 samples, Peak.   563 us (1.0x), Avg.   559 us, Total. 1.119 ms (0.0%)
[Performance] InitializeOnLoad SceneSearch                                                                                   :        2 samples, Peak.   165 us (1.1x), Avg.   151 us, Total. 301.5 us (0.0%)
[Performance] InitializeOnLoad CloudBuild                                                                                    :        2 samples, Peak.  7.10 us (1.2x), Avg.  5.75 us, Total. 11.50 us (0.0%)
[Performance] InitializeOnLoad NativeFormatImporterUtility                                                                   :        2 samples, Peak.  3.62 ms (1.2x), Avg.  2.97 ms, Total. 5.943 ms (0.0%)
[Performance] InitializeOnLoad SearchService                                                                                 :        2 samples, Peak.   429 us (1.5x), Avg.   284 us, Total. 567.0 us (0.0%)
[Performance] InitializeOnLoad SettingsService                                                                               :        2 samples, Peak.  19.8 us (1.4x), Avg.  13.7 us, Total. 27.50 us (0.0%)
[Performance] InitializeOnLoad WindowLayout                                                                                  :        2 samples, Peak.  1.08 ms (1.1x), Avg.   966 us, Total. 1.933 ms (0.0%)
[Performance] InitializeOnLoad AssetStoreContext                                                                             :        2 samples, Peak.  35.3 ms (1.0x), Avg.  33.8 ms, Total. 67.65 ms (0.1%)
[Performance] InitializeOnLoad PoolManager                                                                                   :        2 samples, Peak.   788 us (1.0x), Avg.   779 us, Total. 1.557 ms (0.0%)
[Performance] InitializeOnLoad MixerEffectDefinitionReloader                                                                 :        2 samples, Peak.  5.46 ms (1.4x), Avg.  3.79 ms, Total. 7.590 ms (0.0%)
[Performance] InitializeOnLoad ProjectSearch                                                                                 :        2 samples, Peak.   113 us (1.1x), Avg.   100 us, Total. 200.6 us (0.0%)
[Performance] InitializeOnLoad UISystemProfilerRenderService                                                                 :        2 samples, Peak.  12.1 us (1.0x), Avg.  11.7 us, Total. 23.40 us (0.0%)
[Performance] InitializeOnLoad EditMode                                                                                      :        2 samples, Peak.   708 us (1.2x), Avg.   584 us, Total. 1.168 ms (0.0%)
[Performance] InitializeOnLoad UnityConnect                                                                                  :        2 samples, Peak.  73.2 us (1.0x), Avg.  69.9 us, Total. 139.9 us (0.0%)
[Performance] InitializeOnLoad ManagedDebugger                                                                               :        2 samples, Peak.   839 us (1.7x), Avg.   496 us, Total. 991.1 us (0.0%)
[Performance] InitializeOnLoad ShortcutIntegration                                                                           :        2 samples, Peak.  73.5 us (1.0x), Avg.  71.5 us, Total. 142.9 us (0.0%)
[Performance] InitializeOnLoad AddComponentWindow                                                                            :        2 samples, Peak.   195 us (1.2x), Avg.   162 us, Total. 323.4 us (0.0%)
[Performance] InitializeOnLoad ManagedDebuggerWindow                                                                         :        2 samples, Peak.   191 us (1.1x), Avg.   175 us, Total. 350.7 us (0.0%)
[Performance] InitializeOnLoad CacheServerWindow                                                                             :        2 samples, Peak.  14.5 us (1.3x), Avg.  11.2 us, Total. 22.40 us (0.0%)
[Performance] InitializeOnLoad PlayModeDownload                                                                              :        2 samples, Peak.  6.84 ms (1.9x), Avg.  3.53 ms, Total. 7.058 ms (0.0%)
[Performance] InitializeOnLoad MenuItems                                                                                     :        2 samples, Peak.   149 us (1.2x), Avg.   123 us, Total. 245.5 us (0.0%)
[Performance] InitializeOnLoad PrefabInstanceChangedListener                                                                 :        2 samples, Peak.   195 us (1.1x), Avg.   181 us, Total. 361.7 us (0.0%)
[Performance] InitializeOnLoad ObjectSelectorSearch                                                                          :        2 samples, Peak.   102 us (1.3x), Avg.  77.3 us, Total. 154.7 us (0.0%)
[Performance] InitializeOnLoad EditorMonitor                                                                                 :        2 samples, Peak.   963 us (1.2x), Avg.   797 us, Total. 1.595 ms (0.0%)
[Performance] InitializeOnLoad RetainedMode                                                                                  :        2 samples, Peak.  3.38 ms (1.0x), Avg.  3.32 ms, Total. 6.631 ms (0.0%)
[Performance] InitializeOnLoad EditorShaderLoader                                                                            :        2 samples, Peak.   996 us (1.1x), Avg.   898 us, Total. 1.797 ms (0.0%)
[Performance] InitializeOnLoad EditorDelegateRegistration                                                                    :        2 samples, Peak.   759 us (1.1x), Avg.   698 us, Total. 1.396 ms (0.0%)
[Performance] InitializeOnLoad UIDocumentHierarchyWatcher                                                                    :        2 samples, Peak.   135 us (1.1x), Avg.   121 us, Total. 241.5 us (0.0%)
[Performance] InitializeOnLoad LiveReloadTrackerCreator                                                                      :        2 samples, Peak.   251 us (1.1x), Avg.   220 us, Total. 439.8 us (0.0%)
[Performance] InitializeOnLoad UxmlObjectEditorFactories                                                                     :        2 samples, Peak.   768 us (1.1x), Avg.   704 us, Total. 1.408 ms (0.0%)
[Performance] InitializeOnLoad UXMLEditorFactories                                                                           :        2 samples, Peak.  82.6 ms (1.0x), Avg.  81.4 ms, Total. 162.8 ms (0.3%)
[Performance] InitializeOnLoad PurchasingService                                                                             :        2 samples, Peak.  9.44 ms (1.0x), Avg.  9.37 ms, Total. 18.74 ms (0.0%)
[Performance] InitializeOnLoad CloudBuildPoller                                                                              :        2 samples, Peak.   149 us (1.0x), Avg.   147 us, Total. 293.1 us (0.0%)
[Performance] InitializeOnLoad EditorGameServicesAnalytics                                                                   :        2 samples, Peak.  5.65 ms (1.8x), Avg.  3.08 ms, Total. 6.157 ms (0.0%)
[Performance] InitializeOnLoad AnalyticsService                                                                              :        2 samples, Peak.   279 us (1.1x), Avg.   259 us, Total. 517.4 us (0.0%)
[Performance] InitializeOnLoad BuildService                                                                                  :        2 samples, Peak.   275 us (1.1x), Avg.   241 us, Total. 481.9 us (0.0%)
[Performance] InitializeOnLoad AdsService                                                                                    :        2 samples, Peak.   579 us (1.0x), Avg.   577 us, Total. 1.153 ms (0.0%)
[Performance] InitializeOnLoad UDPService                                                                                    :        2 samples, Peak.   311 us (1.2x), Avg.   262 us, Total. 524.7 us (0.0%)
[Performance] InitializeOnLoad CrashService                                                                                  :        2 samples, Peak.   216 us (1.0x), Avg.   206 us, Total. 411.9 us (0.0%)
[Performance] InitializeOnLoad ServicesRepository                                                                            :        2 samples, Peak.   700 ns (1.1x), Avg.   650 ns, Total. 1.300 us (0.0%)
[Performance] InitializeOnLoad SearchWindow                                                                                  :        2 samples, Peak.   196 us (1.2x), Avg.   169 us, Total. 338.7 us (0.0%)
[Performance] InitializeOnLoad CustomIndexers                                                                                :        2 samples, Peak.  26.4 ms (1.2x), Avg.  22.2 ms, Total. 44.47 ms (0.1%)
[Performance] InitializeOnLoad SearchMonitor                                                                                 :        2 samples, Peak.  1.69 ms (1.2x), Avg.  1.37 ms, Total. 2.744 ms (0.0%)
[Performance] InitializeOnLoad ParameterControllerEditor                                                                     :        2 samples, Peak.  21.2 us (1.0x), Avg.  20.9 us, Total. 41.80 us (0.0%)
[Performance] InitializeOnLoad LayerSettingsWindow                                                                           :        2 samples, Peak.  45.9 us (1.8x), Avg.  25.7 us, Total. 51.40 us (0.0%)
[Performance] InitializeOnLoad PackageManagerHookGUIDConverter.RegisterPackagesEventHandler                                  :        2 samples, Peak.  1.10 ms (1.7x), Avg.   665 us, Total. 1.331 ms (0.0%)
[Performance] InitializeOnLoad EditorDragAndDrop.RegisterEditorClient                                                        :        2 samples, Peak.   525 us (1.4x), Avg.   381 us, Total. 762.2 us (0.0%)
[Performance] InitializeOnLoad EditorEventCallbacks.InitializeFontAssetResourceChangeCallBacks                               :        2 samples, Peak.  1.91 ms (1.1x), Avg.  1.80 ms, Total. 3.600 ms (0.0%)
[Performance] InitializeOnLoad SceneTemplateService.Init                                                                     :        2 samples, Peak.  2.54 ms (1.2x), Avg.  2.07 ms, Total. 4.132 ms (0.0%)
[Performance] InitializeOnLoad DiagnosticSwitchesConsoleMessage.Init                                                         :        2 samples, Peak.  9.23 ms (1.6x), Avg.  5.62 ms, Total. 11.24 ms (0.0%)
[Performance] InitializeOnLoad PackageManagerWindow.EditorInitializedInSafeMode                                              :        2 samples, Peak.  35.9 ms (2.0x), Avg.  18.1 ms, Total. 36.20 ms (0.1%)
[Performance] InitializeOnLoad ToolShortcutContext.Init                                                                      :        2 samples, Peak.   237 us (1.1x), Avg.   212 us, Total. 424.2 us (0.0%)
[Performance] InitializeOnLoad MemoryProfilerCompilationGuard.InjectCompileGuard                                             :        2 samples, Peak.   274 us (1.2x), Avg.   231 us, Total. 462.5 us (0.0%)
[Performance] InitializeOnLoad AssetPostprocessingInternal.RefreshCustomDependencies                                         :        2 samples, Peak.  4.32 ms (1.3x), Avg.  3.25 ms, Total. 6.499 ms (0.0%)
[Performance] InitializeOnLoad SysrootManager.Initialize                                                                     :        2 samples, Peak.   779 us (1.0x), Avg.   779 us, Total. 1.558 ms (0.0%)
[Performance] InitializeOnLoad ScopedRegistryAddedPopup.SubscribeToRegistriesAdded                                           :        2 samples, Peak.  12.7 ms (2.0x), Avg.  6.43 ms, Total. 12.86 ms (0.0%)
[Performance] InitializeOnLoad SceneVisibilityManager.Initialize                                                             :        2 samples, Peak.  7.29 ms (1.7x), Avg.  4.38 ms, Total. 8.753 ms (0.0%)
[Performance] InitializeOnLoad EditorWindow.Initialize                                                                       :        2 samples, Peak.   473 us (1.2x), Avg.   388 us, Total. 776.2 us (0.0%)
[Performance] AssemblyReloadEvents.afterAssemblyReload: UnityEditor.SceneTemplate.SceneTemplateService.AfterAssemblyReload   :        2 samples, Peak.  5.45 ms (1.9x), Avg.  2.92 ms, Total. 5.847 ms (0.0%)
[Performance] ProcessService.EditorAfterLoadAllAssemblies                                                                    :        2 samples, Peak.   844 us (1.4x), Avg.   615 us, Total. 1.230 ms (0.0%)
[Performance] Application.ReadLicenseInfo                                                                                    :        1 samples, Peak.  15.6 ms (1.0x), Avg.  15.6 ms, Total. 15.56 ms (0.0%)
[Performance] Application.InitialRefresh                                                                                     :        1 samples, Peak.  32.0 s (1.0x), Avg.  32.0 s, Total. 31.95 s (61.1%)
[Performance] Compiling Scripts                                                                                              :        1 samples, Peak.  25.0 s (1.0x), Avg.  25.0 s, Total. 25.02 s (47.8%)
[Performance] AssemblyReloadEvents.beforeAssemblyReload: UnityEditor.SceneTemplate.SceneTemplateService.BeforeAssemblyReload :        1 samples, Peak.   943 us (1.0x), Avg.   943 us, Total. 942.7 us (0.0%)
[Performance] InitializeOnLoad BurstLoader                                                                                   :        1 samples, Peak.  2.06 s (1.0x), Avg.  2.06 s, Total. 2.060 s (3.9%)
[Performance] InitializeOnLoad ShadowCasterGroup2DManager                                                                    :        1 samples, Peak.   128 us (1.0x), Avg.   128 us, Total. 127.6 us (0.0%)
[Performance] InitializeOnLoad RegisterCheckResourcesDupeDependencies                                                        :        1 samples, Peak.  3.73 ms (1.0x), Avg.  3.73 ms, Total. 3.728 ms (0.0%)
[Performance] InitializeOnLoad RegisterCheckBundleDupeDependencies                                                           :        1 samples, Peak.   897 us (1.0x), Avg.   897 us, Total. 897.4 us (0.0%)
[Performance] InitializeOnLoad AddressableEditorInitialization                                                               :        1 samples, Peak.  12.1 ms (1.0x), Avg.  12.1 ms, Total. 12.07 ms (0.0%)
[Performance] InitializeOnLoad GroupsPopupWindow                                                                             :        1 samples, Peak.  20.4 us (1.0x), Avg.  20.4 us, Total. 20.40 us (0.0%)
[Performance] InitializeOnLoad GlobalInitialization                                                                          :        1 samples, Peak.   993 us (1.0x), Avg.   993 us, Total. 993.5 us (0.0%)
[Performance] InitializeOnLoad RegisterCheckSceneDupeDependencies                                                            :        1 samples, Peak.   289 us (1.0x), Avg.   289 us, Total. 288.7 us (0.0%)
[Performance] InitializeOnLoad RegisterBuildBundleLayout                                                                     :        1 samples, Peak.  2.90 ms (1.0x), Avg.  2.90 ms, Total. 2.899 ms (0.0%)
[Performance] InitializeOnLoad AddressableAssetInspectorGUI                                                                  :        1 samples, Peak.  46.4 ms (1.0x), Avg.  46.4 ms, Total. 46.45 ms (0.1%)
[Performance] EditorResources.Load                                                                                           :        6 samples, Peak.  28.4 ms (5.9x), Avg.  4.84 ms, Total. 29.03 ms (0.1%)
[Performance] InitializeOnLoad ProbeGIBaking                                                                                 :        1 samples, Peak.  7.02 ms (1.0x), Avg.  7.02 ms, Total. 7.015 ms (0.0%)
[Performance] InitializeOnLoad FilterWindow                                                                                  :        1 samples, Peak.   280 us (1.0x), Avg.   280 us, Total. 279.6 us (0.0%)
[Performance] InitializeOnLoad RealtimeProbeSubdivisionDebug                                                                 :        1 samples, Peak.   548 us (1.0x), Avg.   548 us, Total. 547.9 us (0.0%)
[Performance] InitializeOnLoad NodeClassCache                                                                                :        1 samples, Peak.   229 us (1.0x), Avg.   229 us, Total. 228.9 us (0.0%)
[Performance] InitializeOnLoad ShaderGraphMaterialsUpdater                                                                   :        2 samples, Peak.  1.48 ms (1.9x), Avg.   794 us, Total. 1.588 ms (0.0%)
[Performance] InitializeOnLoad BackgroundWatcher                                                                             :        1 samples, Peak.   281 us (1.0x), Avg.   281 us, Total. 280.8 us (0.0%)
[Performance] InitializeOnLoad UnityTestProtocolStarter                                                                      :        1 samples, Peak.   446 us (1.0x), Avg.   446 us, Total. 445.6 us (0.0%)
[Performance] InitializeOnLoad TestStarter                                                                                   :        1 samples, Peak.  1.99 ms (1.0x), Avg.  1.99 ms, Total. 1.987 ms (0.0%)
[Performance] InitializeOnLoad RerunCallbackInitializer                                                                      :        1 samples, Peak.  5.36 ms (1.0x), Avg.  5.36 ms, Total. 5.362 ms (0.0%)
[Performance] InitializeOnLoad VisualStudioEditor                                                                            :        1 samples, Peak.  57.3 ms (1.0x), Avg.  57.3 ms, Total. 57.26 ms (0.1%)
[Performance] InitializeOnLoad TestRunnerApiListener                                                                         :        1 samples, Peak.   985 us (1.0x), Avg.   985 us, Total. 984.6 us (0.0%)
[Performance] InitializeOnLoad VisualStudioIntegration                                                                       :        1 samples, Peak.  2.46 ms (1.0x), Avg.  2.46 ms, Total. 2.463 ms (0.0%)
[Performance] InitializeOnLoad PrefabLayoutRebuilder                                                                         :        1 samples, Peak.   450 us (1.0x), Avg.   450 us, Total. 450.3 us (0.0%)
[Performance] InitializeOnLoad RiderScriptEditor                                                                             :        1 samples, Peak.  7.81 ms (1.0x), Avg.  7.81 ms, Total. 7.810 ms (0.0%)
[Performance] InitializeOnLoad CallbackInitializer                                                                           :        1 samples, Peak.  1.76 ms (1.0x), Avg.  1.76 ms, Total. 1.760 ms (0.0%)
[Performance] InitializeOnLoad VSCodeScriptEditor                                                                            :        1 samples, Peak.  4.76 ms (1.0x), Avg.  4.76 ms, Total. 4.762 ms (0.0%)
[Performance] InitializeOnLoad Renderer2DAnalytics                                                                           :        1 samples, Peak.   154 us (1.0x), Avg.   154 us, Total. 153.7 us (0.0%)
[Performance] InitializeOnLoad EditorToolManager                                                                             :        1 samples, Peak.  3.19 ms (1.0x), Avg.  3.19 ms, Total. 3.192 ms (0.0%)
[Performance] InitializeOnLoad GameAssemblySync                                                                              :        1 samples, Peak.   404 us (1.0x), Avg.   404 us, Total. 404.3 us (0.0%)
[Performance] InitializeOnLoad Addressables.RegisterPlayModeStateChange                                                      :        1 samples, Peak.   971 us (1.0x), Avg.   971 us, Total. 971.2 us (0.0%)
[Performance] InitializeOnLoad AssetReference.RegisterForPlaymodeChange                                                      :        1 samples, Peak.  2.41 ms (1.0x), Avg.  2.41 ms, Total. 2.411 ms (0.0%)
[Performance] InitializeOnLoad MaterialReimporter.RegisterUpgraderReimport                                                   :        2 samples, Peak.   334 us (1.6x), Avg.   205 us, Total. 409.4 us (0.0%)
[Performance] InitializeOnLoad AddressableAssetSettings.RegisterWithAssetPostProcessor                                       :        1 samples, Peak.   892 us (1.0x), Avg.   892 us, Total. 892.2 us (0.0%)
[Performance] InitializeOnLoad AddressableAssetSettings.CheckCCDStatus                                                       :        1 samples, Peak.   140 us (1.0x), Avg.   140 us, Total. 139.7 us (0.0%)
[Performance] InitializeOnLoad ProfileDataSourceSettings.InitializeCloudEnvironment                                          :        1 samples, Peak.   491 us (1.0x), Avg.   491 us, Total. 491.2 us (0.0%)
[Performance] InitializeOnLoad AddressablesBuildScriptHooks.Init                                                             :        1 samples, Peak.  93.0 us (1.0x), Avg.  93.0 us, Total. 93.00 us (0.0%)
[Performance] InitializeOnLoad AddressablesPlayerBuildProcessor.CleanTemporaryPlayerBuildData                                :        1 samples, Peak.  1.24 ms (1.0x), Avg.  1.24 ms, Total. 1.242 ms (0.0%)
[Performance] InitializeOnLoad TestJobDataHolder.ResumeRunningJobs                                                           :        1 samples, Peak.  1.87 ms (1.0x), Avg.  1.87 ms, Total. 1.866 ms (0.0%)
[Performance] InitializeOnLoad AnalyticsReporter.RegisterCallbacks                                                           :        1 samples, Peak.   622 us (1.0x), Avg.   622 us, Total. 621.6 us (0.0%)
[Performance] InitializeOnLoad DebugManagerWindowLifetimeAnalytic.SubscribeToDebugManagerOpenCloseWindows                    :        1 samples, Peak.   946 us (1.0x), Avg.   946 us, Total. 946.1 us (0.0%)
[Performance] InitializeOnLoad CoreRenderPipelinePreferences.InitPreferenceProviders                                         :        1 samples, Peak.  81.9 ms (1.0x), Avg.  81.9 ms, Total. 81.91 ms (0.2%)
[Performance] InitializeOnLoad VolumeGizmoDrawer.InitVolumeGizmoCallbacks                                                    :        1 samples, Peak.   730 us (1.0x), Avg.   730 us, Total. 730.0 us (0.0%)
[Performance] InitializeOnLoad VisualStudioEditor.LegacyVisualStudioCodePackageDisabler                                      :        1 samples, Peak.  5.70 ms (1.0x), Avg.  5.70 ms, Total. 5.697 ms (0.0%)
[Performance] DidReloadScriptsTestRunnerWindow.CompilationCallback                                                           :        1 samples, Peak.   324 us (1.0x), Avg.   324 us, Total. 323.6 us (0.0%)
[Performance] DidReloadScriptsTestListCache.ScriptReloaded                                                                   :        1 samples, Peak.  2.65 ms (1.0x), Avg.  2.65 ms, Total. 2.651 ms (0.0%)
[Performance] DidReloadScriptsLookDev.OnEditorReload                                                                         :        1 samples, Peak.   412 us (1.0x), Avg.   412 us, Total. 412.3 us (0.0%)
[Performance] DidReloadScriptsDebugWindow.OnEditorReload                                                                     :        1 samples, Peak.  15.0 ms (1.0x), Avg.  15.0 ms, Total. 14.96 ms (0.0%)
[Performance] DidReloadScriptsVolumeComponentEditor.OnEditorReload                                                           :        1 samples, Peak.  31.1 ms (1.0x), Avg.  31.1 ms, Total. 31.15 ms (0.1%)
[Performance] DidReloadScriptsAdvancedDropdownWindow.OnScriptReload                                                          :        1 samples, Peak.   398 us (1.0x), Avg.   398 us, Total. 397.6 us (0.0%)
[Performance] UniversalRenderPipelineGlobalSettingsPostprocessor.OnPostprocessAllAssets                                      :       94 samples, Peak.  2.63 ms (42.9x), Avg.  61.3 us, Total. 5.758 ms (0.0%)
[Performance] SyncVS.PostprocessSyncProject                                                                                  :       47 samples, Peak.  4.68 ms (15.9x), Avg.   294 us, Total. 13.82 ms (0.0%)
[Performance] Application.ImportPackagesAndSetTemplateWhenCreatingProject                                                    :        1 samples, Peak.  18.5 ms (1.0x), Avg.  18.5 ms, Total. 18.46 ms (0.0%)
[Performance] Application.SyncCurrentColorSpace                                                                              :        1 samples, Peak.  43.0 ms (1.0x), Avg.  43.0 ms, Total. 43.01 ms (0.1%)
[Performance] Application.OnUsbDevicesChanged                                                                                :        1 samples, Peak.  3.64 ms (1.0x), Avg.  3.64 ms, Total. 3.639 ms (0.0%)
[Performance] Application.AssetInstanceCacheUpdate                                                                           :        1 samples, Peak.   800 ns (1.0x), Avg.   800 ns, Total. 800.0 ns (0.0%)
[Performance] Application.UnityExtensions.Initialize                                                                         :        1 samples, Peak.  6.36 ms (1.0x), Avg.  6.36 ms, Total. 6.359 ms (0.0%)
[Performance] CodeEditorProjectSync.SyncEditorProject                                                                        :        1 samples, Peak.   338 ms (1.0x), Avg.   338 ms, Total. 338.0 ms (0.6%)
[Performance] Application.ExecuteStartups                                                                                    :        1 samples, Peak.  50.0 ms (1.0x), Avg.  50.0 ms, Total. 50.04 ms (0.1%)
[Performance] Menu.RegisterMenuInterface                                                                                     :       26 samples, Peak.  2.50 us (8.4x), Avg.   296 ns, Total. 7.700 us (0.0%)
[Performance] Gizmo.RebuildRenderers                                                                                         :        2 samples, Peak.  47.1 ms (1.4x), Avg.  33.7 ms, Total. 67.48 ms (0.1%)
[Performance] Gizmo.AddGizmoRenderers                                                                                        :      228 samples, Peak.  2.05 ms (95.4x), Avg.  21.5 us, Total. 4.899 ms (0.0%)
[Performance] Application.editorInitializingProject                                                                          :        1 samples, Peak.   188 ms (1.0x), Avg.   188 ms, Total. 187.9 ms (0.4%)
[Performance] Application.InitializeMenu                                                                                     :        1 samples, Peak.   510 ms (1.0x), Avg.   510 ms, Total. 510.2 ms (1.0%)
[Performance] Menu.RebuildAll                                                                                                :        1 samples, Peak.   510 ms (1.0x), Avg.   510 ms, Total. 510.2 ms (1.0%)
[Performance] Menu.BuildRegisteredMenuInterfaces                                                                             :        1 samples, Peak.   503 ms (1.0x), Avg.   503 ms, Total. 502.9 ms (1.0%)
[Performance] Menu.FilterMenuItem                                                                                            :     1441 samples, Peak.   397 ms (1435.9x), Avg.   276 us, Total. 398.0 ms (0.8%)
[Performance] UpdateAllMenus                                                                                                 :        1 samples, Peak.   935 us (1.0x), Avg.   935 us, Total. 934.9 us (0.0%)
[Performance] Menu.RebuildOSMainMenu                                                                                         :        2 samples, Peak.  6.12 ms (1.1x), Avg.  5.53 ms, Total. 11.06 ms (0.0%)
[Performance] EditorSceneManager.sceneClosing: UnityEditor.SceneVisibilityManager.EditorSceneManagerOnSceneClosing           :        1 samples, Peak.   462 us (1.0x), Avg.   462 us, Total. 462.4 us (0.0%)
[Performance] GUIView.RepaintAll.PlayerLoopController                                                                        :        1 samples, Peak.  1.20 us (1.0x), Avg.  1.20 us, Total. 1.200 us (0.0%)
[Performance] EditorSceneManager.newSceneCreated: UnityEditor.SceneTemplate.SceneTemplateService.OnNewSceneCreated           :        1 samples, Peak.   315 us (1.0x), Avg.   315 us, Total. 315.4 us (0.0%)
[Performance] EditorSceneManager.newSceneCreated: UnityEditor.SceneVisibilityManager.EditorSceneManagerOnNewSceneCreated     :        1 samples, Peak.   299 us (1.0x), Avg.   299 us, Total. 299.1 us (0.0%)
[Performance] EditorSceneManager.newSceneCreated: UnityEditor.SceneManagement.StageNavigationManager.OnNewSceneCreated       :        1 samples, Peak.   199 us (1.0x), Avg.   199 us, Total. 199.3 us (0.0%)
[Performance] Application.InvokeFinishedLoadingProject                                                                       :        1 samples, Peak.  20.0 ms (1.0x), Avg.  20.0 ms, Total. 19.97 ms (0.0%)
[Performance] ProcessService.OnProjectLoaded                                                                                 :        1 samples, Peak.  58.2 us (1.0x), Avg.  58.2 us, Total. 58.20 us (0.0%)
[Performance] VersionControl.Task.Wait                                                                                       :        1 samples, Peak.  21.9 us (1.0x), Avg.  21.9 us, Total. 21.90 us (0.0%)
[Performance] AssetDatabase.DeleteAssets                                                                                     :       22 samples, Peak.   262 ms (3.4x), Avg.  77.5 ms, Total. 1.704 s (3.3%)
[Performance] GameAssetLock.OnWillDeleteAsset                                                                                :       22 samples, Peak.   653 us (15.0x), Avg.  43.5 us, Total. 956.3 us (0.0%)
[Performance] BuilderAssetModificationProcessor.OnWillDeleteAsset                                                            :       22 samples, Peak.   740 us (19.5x), Avg.  37.9 us, Total. 833.4 us (0.0%)
[Performance] TMP_FontAssetPostProcessor.OnWillDeleteAsset                                                                   :       22 samples, Peak.   480 us (11.1x), Avg.  43.2 us, Total. 950.2 us (0.0%)
[Performance] CancelSplashScreenOnAssetDelete.OnWillDeleteAsset                                                              :       22 samples, Peak.   377 us (18.5x), Avg.  20.3 us, Total. 446.6 us (0.0%)
[Performance] ShaderImporter.SourceAssetModified                                                                             :       45 samples, Peak.  1.50 us (1.6x), Avg.   916 ns, Total. 41.20 us (0.0%)
[Performance] ShaderIncludeImporter.SourceAssetModified                                                                      :       45 samples, Peak.  2.10 us (2.2x), Avg.   973 ns, Total. 43.80 us (0.0%)
[Performance] AssetDatabase.ImportAssets                                                                                     :       50 samples, Peak.   127 ms (32.7x), Avg.  3.88 ms, Total. 194.2 ms (0.4%)
[Performance] TMPro_TexturePostProcessor.OnPostprocessAllAssets                                                              :       92 samples, Peak.  2.46 ms (28.2x), Avg.  87.2 us, Total. 8.020 ms (0.0%)
[Performance] BuilderAssetPostprocessor.OnPostprocessAllAssets                                                               :       92 samples, Peak.  20.9 ms (37.2x), Avg.   562 us, Total. 51.69 ms (0.1%)
[Performance] AddressablesAssetPostProcessor.OnPostprocessAllAssets                                                          :       92 samples, Peak.  7.30 ms (43.7x), Avg.   167 us, Total. 15.38 ms (0.0%)
[Performance] ArtifactBrowserPostProcessor.OnPostprocessAllAssets                                                            :       92 samples, Peak.  1.65 ms (41.1x), Avg.  40.1 us, Total. 3.687 ms (0.0%)
[Performance] AssetEvents.OnPostprocessAllAssets                                                                             :      184 samples, Peak.   318 us (32.3x), Avg.  9.87 us, Total. 1.816 ms (0.0%)
[Performance] AudioMixerPostprocessor.OnPostprocessAllAssets                                                                 :       92 samples, Peak.   601 us (35.3x), Avg.  17.0 us, Total. 1.565 ms (0.0%)
[Performance] StyleCatalogPostProcessor.OnPostprocessAllAssets                                                               :       92 samples, Peak.  38.9 ms (45.4x), Avg.   857 us, Total. 78.82 ms (0.2%)
[Performance] BuildCatalog                                                                                                   :        1 samples, Peak.  36.5 ms (1.0x), Avg.  36.5 ms, Total. 36.53 ms (0.1%)
[Performance] ModelImporterPostProcessor.OnPostprocessAllAssets                                                              :       92 samples, Peak.  5.90 ms (16.5x), Avg.   359 us, Total. 32.99 ms (0.1%)
[Performance] MaterialPostprocessor.OnPostprocessAllAssets                                                                   :      184 samples, Peak.  7.29 ms (38.0x), Avg.   192 us, Total. 35.26 ms (0.1%)
[Performance] RetainedModeAssetPostprocessor.OnPostprocessAllAssets                                                          :       92 samples, Peak.  3.43 ms (37.8x), Avg.  90.8 us, Total. 8.358 ms (0.0%)
[Performance] AssetChangedListener.OnPostprocessAllAssets                                                                    :       92 samples, Peak.  2.37 ms (27.8x), Avg.  85.1 us, Total. 7.825 ms (0.0%)
[Performance] PostProcessor.OnPostprocessAllAssets                                                                           :       92 samples, Peak.   368 us (16.6x), Avg.  22.2 us, Total. 2.044 ms (0.0%)
[Performance] ShaderGraphAssetPostProcessor.OnPostprocessAllAssets                                                           :       92 samples, Peak.  1.73 ms (13.1x), Avg.   132 us, Total. 12.15 ms (0.0%)
[Performance] SpeedTreePostProcessor.OnPostprocessAllAssets                                                                  :       92 samples, Peak.   249 us (17.9x), Avg.  13.9 us, Total. 1.278 ms (0.0%)
[Performance] TextAssetPostProcessor.OnPostprocessAllAssets                                                                  :       92 samples, Peak.  1.33 ms (29.5x), Avg.  45.2 us, Total. 4.159 ms (0.0%)
[Performance] AssetPathToTypes.OnPostprocessAllAssets                                                                        :       92 samples, Peak.   869 us (35.4x), Avg.  24.5 us, Total. 2.257 ms (0.0%)
[Performance] EditorApplication.projectChanged: UnityEditor.Audio.MixerEffectDefinitionReloader.OnProjectChanged             :       44 samples, Peak.   807 us (1.6x), Avg.   503 us, Total. 22.14 ms (0.0%)
[Performance] MaterialModificationProcessor.OnWillCreateAsset                                                                :       88 samples, Peak.   312 us (12.8x), Avg.  24.3 us, Total. 2.141 ms (0.0%)
[Performance] BuilderAssetModificationProcessor.OnWillCreateAsset                                                            :       44 samples, Peak.   626 us (18.5x), Avg.  33.9 us, Total. 1.491 ms (0.0%)
[Performance] PresetManagerPostProcessor.OnPreprocessAsset                                                                   :       23 samples, Peak.   365 us (8.0x), Avg.  45.9 us, Total. 1.055 ms (0.0%)
[Performance] CancelSplashScreenOnAssetChange.OnPreprocessAsset                                                              :       23 samples, Peak.  39.5 us (6.0x), Avg.  6.53 us, Total. 150.2 us (0.0%)
[Performance] ShaderGraphAssetPostProcessor.OnPreprocessAsset                                                                :       23 samples, Peak.   208 us (13.9x), Avg.  14.9 us, Total. 343.8 us (0.0%)
[Performance] SceneDataContainer.TransformHierarchyChangedSetParentCallback                                                  :       48 samples, Peak.  27.5 us (22.0x), Avg.  1.25 us, Total. 59.90 us (0.0%)
[Performance] SceneVisibilityState.IsFlagSetInParents                                                                        :      105 samples, Peak.  1.60 us (5.6x), Avg.   284 ns, Total. 29.80 us (0.0%)
[Performance] GameAssetLock.OnWillSaveAssets                                                                                 :        7 samples, Peak.   311 us (5.4x), Avg.  57.5 us, Total. 402.6 us (0.0%)
[Performance] BuilderAssetModificationProcessor.OnWillSaveAssets                                                             :        7 samples, Peak.   244 us (6.4x), Avg.  38.3 us, Total. 267.9 us (0.0%)
[Performance] TerrainModificationProcessor.OnWillSaveAssets                                                                  :        7 samples, Peak.   790 us (6.9x), Avg.   115 us, Total. 807.3 us (0.0%)
[Performance] AssetDatabase.Refresh                                                                                          :        2 samples, Peak.  11.9 ms (1.2x), Avg.  9.65 ms, Total. 19.29 ms (0.0%)
[Performance] BuildAssetBundles                                                                                              :        1 samples, Peak.  8.82 s (1.0x), Avg.  8.82 s, Total. 8.821 s (16.9%)
[Performance] GenerateAssemblyTypeInfos                                                                                      :        2 samples, Peak.   150 ms (1.1x), Avg.   131 ms, Total. 262.2 ms (0.5%)
[Performance] EditorApplication.quitting: Unity.Burst.Editor.BurstLoader.OnEditorApplicationQuitting                         :        1 samples, Peak.  59.4 us (1.0x), Avg.  59.4 us, Total. 59.40 us (0.0%)
[Performance] EditorApplication.quitting: callback in UnityEditor.TextCore.Text.EditorEventCallbacks                         :        1 samples, Peak.   344 ms (1.0x), Avg.   344 ms, Total. 344.3 ms (0.7%)
[Performance] Application.Shutdown.PauseProfilerSession                                                                      :        1 samples, Peak.  65.5 us (1.0x), Avg.  65.5 us, Total. 65.50 us (0.0%)
[Performance] Application.Shutdown.PauseAssetImportWorkers                                                                   :        1 samples, Peak.  1.13 ms (1.0x), Avg.  1.13 ms, Total. 1.131 ms (0.0%)
[Performance] Application.Shutdown.SaveAssets                                                                                :        1 samples, Peak.   646 us (1.0x), Avg.   646 us, Total. 645.8 us (0.0%)
[Performance] Application.Shutdown.CleanupRenderPipeline                                                                     :        1 samples, Peak.  3.80 us (1.0x), Avg.  3.80 us, Total. 3.800 us (0.0%)
[Performance] Application.Shutdown.StopPreloadManager                                                                        :        1 samples, Peak.  9.75 ms (1.0x), Avg.  9.75 ms, Total. 9.749 ms (0.0%)
[Performance] Application.Shutdown.DestroyWorld                                                                              :        1 samples, Peak.  1.11 ms (1.0x), Avg.  1.11 ms, Total. 1.114 ms (0.0%)
[Performance] Application.Shutdown.CleanupAfterLoad                                                                          :        1 samples, Peak.   185 ms (1.0x), Avg.   185 ms, Total. 184.5 ms (0.4%)
[Performance] Application.Shutdown.Progress                                                                                  :        1 samples, Peak.  32.7 us (1.0x), Avg.  32.7 us, Total. 32.70 us (0.0%)
[Performance] Application.Shutdown.GICleanupManagers                                                                         :        1 samples, Peak.  2.01 ms (1.0x), Avg.  2.01 ms, Total. 2.009 ms (0.0%)
[Performance] Application.Shutdown.MenuCleanupClass                                                                          :        1 samples, Peak.   503 us (1.0x), Avg.   503 us, Total. 503.4 us (0.0%)
[Performance] Application.Shutdown.ADBSaveStateBeforeShutdown                                                                :        1 samples, Peak.  14.8 us (1.0x), Avg.  14.8 us, Total. 14.80 us (0.0%)
[Performance] Application.Shutdown.RemoteShutdown                                                                            :        1 samples, Peak.  2.60 us (1.0x), Avg.  2.60 us, Total. 2.600 us (0.0%)
[Performance] Application.Shutdown.CleanupVCProvider                                                                         :        1 samples, Peak.  28.4 us (1.0x), Avg.  28.4 us, Total. 28.40 us (0.0%)
[Performance] Application.Shutdown.InputShutdown                                                                             :        1 samples, Peak.  6.30 us (1.0x), Avg.  6.30 us, Total. 6.300 us (0.0%)
[Performance] Application.Shutdown.GizmoManagerDestroy                                                                       :        1 samples, Peak.  1.42 ms (1.0x), Avg.  1.42 ms, Total. 1.418 ms (0.0%)
[Performance] Application.Shutdown.ProfilerSession                                                                           :        1 samples, Peak.   354 us (1.0x), Avg.   354 us, Total. 354.0 us (0.0%)
[Performance] Application.Shutdown.ReleaseGfxWindowOnAllGUIViews                                                             :        1 samples, Peak.   600 ns (1.0x), Avg.   600 ns, Total. 600.0 ns (0.0%)
[Performance] Application.Shutdown.CleanupEngine                                                                             :        1 samples, Peak.   209 ms (1.0x), Avg.   209 ms, Total. 208.7 ms (0.4%)
[Performance] Application.Shutdown.CleanupAssetDatabase                                                                      :        1 samples, Peak.  90.9 ms (1.0x), Avg.  90.9 ms, Total. 90.93 ms (0.2%)
[Performance] Application.Shutdown.ScriptCompilationCleanUp                                                                  :        1 samples, Peak.  20.6 ms (1.0x), Avg.  20.6 ms, Total. 20.62 ms (0.0%)
[Performance] Application.Shutdown.DestroyJobSystem                                                                          :        1 samples, Peak.   169 us (1.0x), Avg.   169 us, Total. 169.0 us (0.0%)
[Performance] Application.Shutdown.CleanupPersistentManager                                                                  :        1 samples, Peak.  1.64 ms (1.0x), Avg.  1.64 ms, Total. 1.643 ms (0.0%)
[Performance] Application.Shutdown.CleanupAsyncReadManager                                                                   :        1 samples, Peak.   335 us (1.0x), Avg.   335 us, Total. 334.8 us (0.0%)
[Performance] Application.Shutdown.CleanupProgressBar                                                                        :        1 samples, Peak.   400 ns (1.0x), Avg.   400 ns, Total. 400.0 ns (0.0%)
[Performance] Application.Shutdown.CleanupMono                                                                               :        1 samples, Peak.   116 ms (1.0x), Avg.   116 ms, Total. 116.3 ms (0.2%)
[Performance] Application.Shutdown.CleanupStdConverters                                                                      :        1 samples, Peak.  9.10 us (1.0x), Avg.  9.10 us, Total. 9.100 us (0.0%)
[Performance] Application.Shutdown.UnloadAllPlatformSupportModuleNativeDlls                                                  :        1 samples, Peak.   400 ns (1.0x), Avg.   400 ns, Total. 400.0 ns (0.0%)
[Performance] Application.Shutdown.UnloadAllPlatformSupportNativeLibraries                                                   :        1 samples, Peak. 0.0 (-nan(ind)x), Avg. 0.0, Total. 0.0 (0.0%)
[Performance] Application.Shutdown.CleanupAutoDocumentation                                                                  :        1 samples, Peak.   442 us (1.0x), Avg.   442 us, Total. 442.4 us (0.0%)
[Performance] Application.Shutdown.ShaderNameManagerDestroy                                                                  :        1 samples, Peak.  61.5 us (1.0x), Avg.  61.5 us, Total. 61.50 us (0.0%)
[Performance] Application.Shutdown.CleanupCacheServer                                                                        :        1 samples, Peak.   100 ns (1.0x), Avg.   100 ns, Total. 100.0 ns (0.0%)
[Performance] Application.Shutdown.Virtualization_Shutdown                                                                   :        1 samples, Peak.   400 ns (1.0x), Avg.   400 ns, Total. 400.0 ns (0.0%)
[Performance] Application.Shutdown.DevConnections                                                                            :        1 samples, Peak.   232 us (1.0x), Avg.   232 us, Total. 231.9 us (0.0%)
Exiting batchmode successfully now!
Exiting without the bug reporter. Application will terminate with return code 0