{"model":"C:\\Users\\erena\\Desktop\\Nuclear Option Munitions Package\\cad\\phantom_visual_reboot\\src\\donor_fit_lowered.py::placed","parent":null,"state":"building","phase":"generate","progress":null,"elapsed":0.0}
{"model":"C:\\Users\\erena\\Desktop\\Nuclear Option Munitions Package\\cad\\phantom_visual_reboot\\src\\donor_fit_lowered.py::placed","parent":null,"state":"building","phase":"Building geometry","progress":null,"elapsed":0.0}
{"model":"C:\\Users\\erena\\Desktop\\Nuclear Option Munitions Package\\cad\\phantom_visual_reboot\\src\\donor_fit_lowered.py::placed","parent":null,"state":"building","phase":"Collecting parts","progress":null,"elapsed":11.437}
{"model":"C:\\Users\\erena\\Desktop\\Nuclear Option Munitions Package\\cad\\phantom_visual_reboot\\src\\donor_fit_lowered.py::placed","parent":null,"state":"building","phase":"Meshing components","progress":[0,38],"elapsed":11.562}
{"model":"C:\\Users\\erena\\Desktop\\Nuclear Option Munitions Package\\cad\\phantom_visual_reboot\\src\\donor_fit_lowered.py::placed","parent":null,"state":"building","phase":"Meshing components","progress":[1,38],"elapsed":11.578}
{"model":"C:\\Users\\erena\\Desktop\\Nuclear Option Munitions Package\\cad\\phantom_visual_reboot\\src\\donor_fit_lowered.py::placed","parent":null,"state":"building","phase":"Meshing components","progress":[2,38],"elapsed":11.578}
{"model":"C:\\Users\\erena\\Desktop\\Nuclear Option Munitions Package\\cad\\phantom_visual_reboot\\src\\donor_fit_lowered.py::placed","parent":null,"state":"building","phase":"Meshing components","progress":[3,38],"elapsed":11.578}
{"model":"C:\\Users\\erena\\Desktop\\Nuclear Option Munitions Package\\cad\\phantom_visual_reboot\\src\\donor_fit_lowered.py::placed","parent":null,"state":"building","phase":"Meshing components","progress":[4,38],"elapsed":11.578}
{"model":"C:\\Users\\erena\\Desktop\\Nuclear Option Munitions Package\\cad\\phantom_visual_reboot\\src\\donor_fit_lowered.py::placed","parent":null,"state":"building","phase":"Meshing components","progress":[5,38],"elapsed":11.594}
{"model":"C:\\Users\\erena\\Desktop\\Nuclear Option Munitions Package\\cad\\phantom_visual_reboot\\src\\donor_fit_lowered.py::placed","parent":null,"state":"building","phase":"Meshing components","progress":[6,38],"elapsed":11.594}
{"model":"C:\\Users\\erena\\Desktop\\Nuclear Option Munitions Package\\cad\\phantom_visual_reboot\\src\\donor_fit_lowered.py::placed","parent":null,"state":"building","phase":"Meshing components","progress":[7,38],"elapsed":11.594}
{"model":"C:\\Users\\erena\\Desktop\\Nuclear Option Munitions Package\\cad\\phantom_visual_reboot\\src\\donor_fit_lowered.py::placed","parent":null,"state":"building","phase":"Meshing components","progress":[8,38],"elapsed":11.594}
{"model":"C:\\Users\\erena\\Desktop\\Nuclear Option Munitions Package\\cad\\phantom_visual_reboot\\src\\donor_fit_lowered.py::placed","parent":null,"state":"building","phase":"Meshing components","progress":[9,38],"elapsed":11.594}
{"model":"C:\\Users\\erena\\Desktop\\Nuclear Option Munitions Package\\cad\\phantom_visual_reboot\\src\\donor_fit_lowered.py::placed","parent":null,"state":"building","phase":"Meshing components","progress":[10,38],"elapsed":11.609}
{"model":"C:\\Users\\erena\\Desktop\\Nuclear Option Munitions Package\\cad\\phantom_visual_reboot\\src\\donor_fit_lowered.py::placed","parent":null,"state":"building","phase":"Meshing components","progress":[11,38],"elapsed":11.609}
{"model":"C:\\Users\\erena\\Desktop\\Nuclear Option Munitions Package\\cad\\phantom_visual_reboot\\src\\donor_fit_lowered.py::placed","parent":null,"state":"building","phase":"Meshing components","progress":[12,38],"elapsed":11.609}
{"model":"C:\\Users\\erena\\Desktop\\Nuclear Option Munitions Package\\cad\\phantom_visual_reboot\\src\\donor_fit_lowered.py::placed","parent":null,"state":"building","phase":"Meshing components","progress":[13,38],"elapsed":11.609}
{"model":"C:\\Users\\erena\\Desktop\\Nuclear Option Munitions Package\\cad\\phantom_visual_reboot\\src\\donor_fit_lowered.py::placed","parent":null,"state":"building","phase":"Meshing components","progress":[14,38],"elapsed":11.641}
{"model":"C:\\Users\\erena\\Desktop\\Nuclear Option Munitions Package\\cad\\phantom_visual_reboot\\src\\donor_fit_lowered.py::placed","parent":null,"state":"building","phase":"Meshing components","progress":[15,38],"elapsed":11.641}
{"model":"C:\\Users\\erena\\Desktop\\Nuclear Option Munitions Package\\cad\\phantom_visual_reboot\\src\\donor_fit_lowered.py::placed","parent":null,"state":"building","phase":"Meshing components","progress":[16,38],"elapsed":11.656}
{"model":"C:\\Users\\erena\\Desktop\\Nuclear Option Munitions Package\\cad\\phantom_visual_reboot\\src\\donor_fit_lowered.py::placed","parent":null,"state":"building","phase":"Meshing components","progress":[17,38],"elapsed":11.656}
{"model":"C:\\Users\\erena\\Desktop\\Nuclear Option Munitions Package\\cad\\phantom_visual_reboot\\src\\donor_fit_lowered.py::placed","parent":null,"state":"building","phase":"Meshing components","progress":[18,38],"elapsed":11.656}
{"model":"C:\\Users\\erena\\Desktop\\Nuclear Option Munitions Package\\cad\\phantom_visual_reboot\\src\\donor_fit_lowered.py::placed","parent":null,"state":"building","phase":"Meshing components","progress":[19,38],"elapsed":11.672}
{"model":"C:\\Users\\erena\\Desktop\\Nuclear Option Munitions Package\\cad\\phantom_visual_reboot\\src\\donor_fit_lowered.py::placed","parent":null,"state":"building","phase":"Meshing components","progress":[20,38],"elapsed":11.672}
{"model":"C:\\Users\\erena\\Desktop\\Nuclear Option Munitions Package\\cad\\phantom_visual_reboot\\src\\donor_fit_lowered.py::placed","parent":null,"state":"building","phase":"Meshing components","progress":[21,38],"elapsed":11.672}
{"model":"C:\\Users\\erena\\Desktop\\Nuclear Option Munitions Package\\cad\\phantom_visual_reboot\\src\\donor_fit_lowered.py::placed","parent":null,"state":"building","phase":"Meshing components","progress":[22,38],"elapsed":11.672}
{"model":"C:\\Users\\erena\\Desktop\\Nuclear Option Munitions Package\\cad\\phantom_visual_reboot\\src\\donor_fit_lowered.py::placed","parent":null,"state":"building","phase":"Meshing components","progress":[23,38],"elapsed":11.687}
{"model":"C:\\Users\\erena\\Desktop\\Nuclear Option Munitions Package\\cad\\phantom_visual_reboot\\src\\donor_fit_lowered.py::placed","parent":null,"state":"building","phase":"Meshing components","progress":[24,38],"elapsed":11.687}
{"model":"C:\\Users\\erena\\Desktop\\Nuclear Option Munitions Package\\cad\\phantom_visual_reboot\\src\\donor_fit_lowered.py::placed","parent":null,"state":"building","phase":"Meshing components","progress":[25,38],"elapsed":11.687}
{"model":"C:\\Users\\erena\\Desktop\\Nuclear Option Munitions Package\\cad\\phantom_visual_reboot\\src\\donor_fit_lowered.py::placed","parent":null,"state":"building","phase":"Meshing components","progress":[26,38],"elapsed":11.703}
{"model":"C:\\Users\\erena\\Desktop\\Nuclear Option Munitions Package\\cad\\phantom_visual_reboot\\src\\donor_fit_lowered.py::placed","parent":null,"state":"building","phase":"Meshing components","progress":[27,38],"elapsed":11.703}
{"model":"C:\\Users\\erena\\Desktop\\Nuclear Option Munitions Package\\cad\\phantom_visual_reboot\\src\\donor_fit_lowered.py::placed","parent":null,"state":"building","phase":"Meshing components","progress":[28,38],"elapsed":11.703}
{"model":"C:\\Users\\erena\\Desktop\\Nuclear Option Munitions Package\\cad\\phantom_visual_reboot\\src\\donor_fit_lowered.py::placed","parent":null,"state":"building","phase":"Meshing components","progress":[29,38],"elapsed":11.703}
{"model":"C:\\Users\\erena\\Desktop\\Nuclear Option Munitions Package\\cad\\phantom_visual_reboot\\src\\donor_fit_lowered.py::placed","parent":null,"state":"building","phase":"Meshing components","progress":[30,38],"elapsed":11.719}
{"model":"C:\\Users\\erena\\Desktop\\Nuclear Option Munitions Package\\cad\\phantom_visual_reboot\\src\\donor_fit_lowered.py::placed","parent":null,"state":"building","phase":"Meshing components","progress":[31,38],"elapsed":11.719}
{"model":"C:\\Users\\erena\\Desktop\\Nuclear Option Munitions Package\\cad\\phantom_visual_reboot\\src\\donor_fit_lowered.py::placed","parent":null,"state":"building","phase":"Meshing components","progress":[32,38],"elapsed":11.719}
{"model":"C:\\Users\\erena\\Desktop\\Nuclear Option Munitions Package\\cad\\phantom_visual_reboot\\src\\donor_fit_lowered.py::placed","parent":null,"state":"building","phase":"Meshing components","progress":[33,38],"elapsed":11.719}
{"model":"C:\\Users\\erena\\Desktop\\Nuclear Option Munitions Package\\cad\\phantom_visual_reboot\\src\\donor_fit_lowered.py::placed","parent":null,"state":"building","phase":"Meshing components","progress":[34,38],"elapsed":11.719}
{"model":"C:\\Users\\erena\\Desktop\\Nuclear Option Munitions Package\\cad\\phantom_visual_reboot\\src\\donor_fit_lowered.py::placed","parent":null,"state":"building","phase":"Meshing components","progress":[35,38],"elapsed":11.734}
{"model":"C:\\Users\\erena\\Desktop\\Nuclear Option Munitions Package\\cad\\phantom_visual_reboot\\src\\donor_fit_lowered.py::placed","parent":null,"state":"building","phase":"Meshing components","progress":[36,38],"elapsed":11.734}
{"model":"C:\\Users\\erena\\Desktop\\Nuclear Option Munitions Package\\cad\\phantom_visual_reboot\\src\\donor_fit_lowered.py::placed","parent":null,"state":"building","phase":"Meshing components","progress":[37,38],"elapsed":11.734}
{"model":"C:\\Users\\erena\\Desktop\\Nuclear Option Munitions Package\\cad\\phantom_visual_reboot\\src\\donor_fit_lowered.py::placed","parent":null,"state":"building","phase":"Meshing components","progress":[38,38],"elapsed":11.734}
{"model":"C:\\Users\\erena\\Desktop\\Nuclear Option Munitions Package\\cad\\phantom_visual_reboot\\src\\donor_fit_lowered.py::placed","parent":null,"state":"building","phase":"Writing outputs","progress":null,"elapsed":11.75}
{"model":"C:\\Users\\erena\\Desktop\\Nuclear Option Munitions Package\\cad\\phantom_visual_reboot\\src\\donor_fit_lowered.py::placed","parent":null,"state":"building","phase":"Source ready","progress":null,"elapsed":12.141}
{"model":"C:\\Users\\erena\\Desktop\\Nuclear Option Munitions Package\\cad\\phantom_visual_reboot\\src\\donor_fit_lowered.py::placed","parent":null,"state":"building","phase":"Saving STEP","progress":null,"elapsed":12.141}
{"model":"C:\\Users\\erena\\Desktop\\Nuclear Option Munitions Package\\cad\\phantom_visual_reboot\\src\\donor_fit_lowered.py::placed","parent":null,"state":"building","phase":"Collecting parts","progress":null,"elapsed":16.937}
{"model":"C:\\Users\\erena\\Desktop\\Nuclear Option Munitions Package\\cad\\phantom_visual_reboot\\src\\donor_fit_lowered.py::placed","parent":null,"state":"building","phase":"Meshing components","progress":[0,38],"elapsed":17.031}
{"model":"C:\\Users\\erena\\Desktop\\Nuclear Option Munitions Package\\cad\\phantom_visual_reboot\\src\\donor_fit_lowered.py::placed","parent":null,"state":"building","phase":"Meshing components","progress":[1,38],"elapsed":17.031}
{"model":"C:\\Users\\erena\\Desktop\\Nuclear Option Munitions Package\\cad\\phantom_visual_reboot\\src\\donor_fit_lowered.py::placed","parent":null,"state":"building","phase":"Meshing components","progress":[2,38],"elapsed":17.031}
{"model":"C:\\Users\\erena\\Desktop\\Nuclear Option Munitions Package\\cad\\phantom_visual_reboot\\src\\donor_fit_lowered.py::placed","parent":null,"state":"building","phase":"Meshing components","progress":[3,38],"elapsed":17.031}
{"model":"C:\\Users\\erena\\Desktop\\Nuclear Option Munitions Package\\cad\\phantom_visual_reboot\\src\\donor_fit_lowered.py::placed","parent":null,"state":"building","phase":"Meshing components","progress":[4,38],"elapsed":17.047}
{"model":"C:\\Users\\erena\\Desktop\\Nuclear Option Munitions Package\\cad\\phantom_visual_reboot\\src\\donor_fit_lowered.py::placed","parent":null,"state":"building","phase":"Meshing components","progress":[5,38],"elapsed":17.047}
{"model":"C:\\Users\\erena\\Desktop\\Nuclear Option Munitions Package\\cad\\phantom_visual_reboot\\src\\donor_fit_lowered.py::placed","parent":null,"state":"building","phase":"Meshing components","progress":[6,38],"elapsed":17.047}
{"model":"C:\\Users\\erena\\Desktop\\Nuclear Option Munitions Package\\cad\\phantom_visual_reboot\\src\\donor_fit_lowered.py::placed","parent":null,"state":"building","phase":"Meshing components","progress":[7,38],"elapsed":17.047}
{"model":"C:\\Users\\erena\\Desktop\\Nuclear Option Munitions Package\\cad\\phantom_visual_reboot\\src\\donor_fit_lowered.py::placed","parent":null,"state":"building","phase":"Meshing components","progress":[8,38],"elapsed":17.047}
{"model":"C:\\Users\\erena\\Desktop\\Nuclear Option Munitions Package\\cad\\phantom_visual_reboot\\src\\donor_fit_lowered.py::placed","parent":null,"state":"building","phase":"Meshing components","progress":[9,38],"elapsed":17.047}
{"model":"C:\\Users\\erena\\Desktop\\Nuclear Option Munitions Package\\cad\\phantom_visual_reboot\\src\\donor_fit_lowered.py::placed","parent":null,"state":"building","phase":"Meshing components","progress":[10,38],"elapsed":17.062}
{"model":"C:\\Users\\erena\\Desktop\\Nuclear Option Munitions Package\\cad\\phantom_visual_reboot\\src\\donor_fit_lowered.py::placed","parent":null,"state":"building","phase":"Meshing components","progress":[11,38],"elapsed":17.062}
{"model":"C:\\Users\\erena\\Desktop\\Nuclear Option Munitions Package\\cad\\phantom_visual_reboot\\src\\donor_fit_lowered.py::placed","parent":null,"state":"building","phase":"Meshing components","progress":[12,38],"elapsed":17.062}
{"model":"C:\\Users\\erena\\Desktop\\Nuclear Option Munitions Package\\cad\\phantom_visual_reboot\\src\\donor_fit_lowered.py::placed","parent":null,"state":"building","phase":"Meshing components","progress":[13,38],"elapsed":17.062}
{"model":"C:\\Users\\erena\\Desktop\\Nuclear Option Munitions Package\\cad\\phantom_visual_reboot\\src\\donor_fit_lowered.py::placed","parent":null,"state":"building","phase":"Meshing components","progress":[14,38],"elapsed":17.062}
{"model":"C:\\Users\\erena\\Desktop\\Nuclear Option Munitions Package\\cad\\phantom_visual_reboot\\src\\donor_fit_lowered.py::placed","parent":null,"state":"building","phase":"Meshing components","progress":[15,38],"elapsed":17.078}
{"model":"C:\\Users\\erena\\Desktop\\Nuclear Option Munitions Package\\cad\\phantom_visual_reboot\\src\\donor_fit_lowered.py::placed","parent":null,"state":"building","phase":"Meshing components","progress":[16,38],"elapsed":17.078}
{"model":"C:\\Users\\erena\\Desktop\\Nuclear Option Munitions Package\\cad\\phantom_visual_reboot\\src\\donor_fit_lowered.py::placed","parent":null,"state":"building","phase":"Meshing components","progress":[17,38],"elapsed":17.078}
{"model":"C:\\Users\\erena\\Desktop\\Nuclear Option Munitions Package\\cad\\phantom_visual_reboot\\src\\donor_fit_lowered.py::placed","parent":null,"state":"building","phase":"Meshing components","progress":[18,38],"elapsed":17.094}
{"model":"C:\\Users\\erena\\Desktop\\Nuclear Option Munitions Package\\cad\\phantom_visual_reboot\\src\\donor_fit_lowered.py::placed","parent":null,"state":"building","phase":"Meshing components","progress":[19,38],"elapsed":17.094}
{"model":"C:\\Users\\erena\\Desktop\\Nuclear Option Munitions Package\\cad\\phantom_visual_reboot\\src\\donor_fit_lowered.py::placed","parent":null,"state":"building","phase":"Meshing components","progress":[20,38],"elapsed":17.094}
{"model":"C:\\Users\\erena\\Desktop\\Nuclear Option Munitions Package\\cad\\phantom_visual_reboot\\src\\donor_fit_lowered.py::placed","parent":null,"state":"building","phase":"Meshing components","progress":[21,38],"elapsed":17.109}
{"model":"C:\\Users\\erena\\Desktop\\Nuclear Option Munitions Package\\cad\\phantom_visual_reboot\\src\\donor_fit_lowered.py::placed","parent":null,"state":"building","phase":"Meshing components","progress":[22,38],"elapsed":17.109}
{"model":"C:\\Users\\erena\\Desktop\\Nuclear Option Munitions Package\\cad\\phantom_visual_reboot\\src\\donor_fit_lowered.py::placed","parent":null,"state":"building","phase":"Meshing components","progress":[23,38],"elapsed":17.109}
{"model":"C:\\Users\\erena\\Desktop\\Nuclear Option Munitions Package\\cad\\phantom_visual_reboot\\src\\donor_fit_lowered.py::placed","parent":null,"state":"building","phase":"Meshing components","progress":[24,38],"elapsed":17.109}
{"model":"C:\\Users\\erena\\Desktop\\Nuclear Option Munitions Package\\cad\\phantom_visual_reboot\\src\\donor_fit_lowered.py::placed","parent":null,"state":"building","phase":"Meshing components","progress":[25,38],"elapsed":17.125}
{"model":"C:\\Users\\erena\\Desktop\\Nuclear Option Munitions Package\\cad\\phantom_visual_reboot\\src\\donor_fit_lowered.py::placed","parent":null,"state":"building","phase":"Meshing components","progress":[26,38],"elapsed":17.125}
{"model":"C:\\Users\\erena\\Desktop\\Nuclear Option Munitions Package\\cad\\phantom_visual_reboot\\src\\donor_fit_lowered.py::placed","parent":null,"state":"building","phase":"Meshing components","progress":[27,38],"elapsed":17.141}
{"model":"C:\\Users\\erena\\Desktop\\Nuclear Option Munitions Package\\cad\\phantom_visual_reboot\\src\\donor_fit_lowered.py::placed","parent":null,"state":"building","phase":"Meshing components","progress":[28,38],"elapsed":17.141}
{"model":"C:\\Users\\erena\\Desktop\\Nuclear Option Munitions Package\\cad\\phantom_visual_reboot\\src\\donor_fit_lowered.py::placed","parent":null,"state":"building","phase":"Meshing components","progress":[29,38],"elapsed":17.141}
{"model":"C:\\Users\\erena\\Desktop\\Nuclear Option Munitions Package\\cad\\phantom_visual_reboot\\src\\donor_fit_lowered.py::placed","parent":null,"state":"building","phase":"Meshing components","progress":[30,38],"elapsed":17.156}
{"model":"C:\\Users\\erena\\Desktop\\Nuclear Option Munitions Package\\cad\\phantom_visual_reboot\\src\\donor_fit_lowered.py::placed","parent":null,"state":"building","phase":"Meshing components","progress":[31,38],"elapsed":17.156}
{"model":"C:\\Users\\erena\\Desktop\\Nuclear Option Munitions Package\\cad\\phantom_visual_reboot\\src\\donor_fit_lowered.py::placed","parent":null,"state":"building","phase":"Meshing components","progress":[32,38],"elapsed":17.172}
{"model":"C:\\Users\\erena\\Desktop\\Nuclear Option Munitions Package\\cad\\phantom_visual_reboot\\src\\donor_fit_lowered.py::placed","parent":null,"state":"building","phase":"Meshing components","progress":[33,38],"elapsed":17.172}
{"model":"C:\\Users\\erena\\Desktop\\Nuclear Option Munitions Package\\cad\\phantom_visual_reboot\\src\\donor_fit_lowered.py::placed","parent":null,"state":"building","phase":"Meshing components","progress":[34,38],"elapsed":17.187}
{"model":"C:\\Users\\erena\\Desktop\\Nuclear Option Munitions Package\\cad\\phantom_visual_reboot\\src\\donor_fit_lowered.py::placed","parent":null,"state":"building","phase":"Meshing components","progress":[35,38],"elapsed":17.187}
{"model":"C:\\Users\\erena\\Desktop\\Nuclear Option Munitions Package\\cad\\phantom_visual_reboot\\src\\donor_fit_lowered.py::placed","parent":null,"state":"building","phase":"Meshing components","progress":[36,38],"elapsed":17.187}
{"model":"C:\\Users\\erena\\Desktop\\Nuclear Option Munitions Package\\cad\\phantom_visual_reboot\\src\\donor_fit_lowered.py::placed","parent":null,"state":"building","phase":"Meshing components","progress":[37,38],"elapsed":17.203}
{"model":"C:\\Users\\erena\\Desktop\\Nuclear Option Munitions Package\\cad\\phantom_visual_reboot\\src\\donor_fit_lowered.py::placed","parent":null,"state":"building","phase":"Meshing components","progress":[38,38],"elapsed":17.203}
{"model":"C:\\Users\\erena\\Desktop\\Nuclear Option Munitions Package\\cad\\phantom_visual_reboot\\src\\donor_fit_lowered.py::placed","parent":null,"state":"building","phase":"Writing outputs","progress":null,"elapsed":17.203}
{"model":"C:\\Users\\erena\\Desktop\\Nuclear Option Munitions Package\\cad\\phantom_visual_reboot\\src\\donor_fit_lowered.py::placed","parent":null,"state":"building","phase":"STEP saved","progress":null,"elapsed":17.609}
{"model":"C:\\Users\\erena\\Desktop\\Nuclear Option Munitions Package\\cad\\phantom_visual_reboot\\src\\donor_fit_lowered.py::placed","parent":null,"state":"done","phase":"STEP saved","progress":null,"elapsed":17.661}
[cadgen] wrote STEP: C:/Users/erena/Desktop/Nuclear Option Munitions Package/cad/phantom_visual_reboot/STEP/S_EngineBay_B2H_Stowed_Placed.step
built C:/Users/erena/Desktop/Nuclear Option Munitions Package/cad/phantom_visual_reboot/STEP/S_EngineBay_B2H_Stowed_Placed.step
{"model":"C:\\Users\\erena\\Desktop\\Nuclear Option Munitions Package\\cad\\phantom_visual_reboot\\src\\donor_fit_lowered.py::fit_view","parent":null,"state":"building","phase":"generate","progress":null,"elapsed":0.0}
{"model":"C:\\Users\\erena\\Desktop\\Nuclear Option Munitions Package\\cad\\phantom_visual_reboot\\src\\donor_fit_lowered.py::fit_view","parent":null,"state":"building","phase":"Building geometry","progress":null,"elapsed":0.0}
{"model":"C:\\Users\\erena\\Desktop\\Nuclear Option Munitions Package\\cad\\phantom_visual_reboot\\src\\donor_fit_lowered.py::fit_view","parent":null,"state":"building","phase":"Collecting parts","progress":null,"elapsed":11.953}
{"model":"C:\\Users\\erena\\Desktop\\Nuclear Option Munitions Package\\cad\\phantom_visual_reboot\\src\\donor_fit_lowered.py::fit_view","parent":null,"state":"building","phase":"Meshing components","progress":[0,686],"elapsed":12.297}
{"model":"C:\\Users\\erena\\Desktop\\Nuclear Option Munitions Package\\cad\\phantom_visual_reboot\\src\\donor_fit_lowered.py::fit_view","parent":null,"state":"building","phase":"Meshing components","progress":[1,686],"elapsed":12.313}
{"model":"C:\\Users\\erena\\Desktop\\Nuclear Option Munitions Package\\cad\\phantom_visual_reboot\\src\\donor_fit_lowered.py::fit_view","parent":null,"state":"building","phase":"Meshing components","progress":[2,686],"elapsed":12.313}
{"model":"C:\\Users\\erena\\Desktop\\Nuclear Option Munitions Package\\cad\\phantom_visual_reboot\\src\\donor_fit_lowered.py::fit_view","parent":null,"state":"building","phase":"Meshing components","progress":[3,686],"elapsed":12.313}
{"model":"C:\\Users\\erena\\Desktop\\Nuclear Option Munitions Package\\cad\\phantom_visual_reboot\\src\\donor_fit_lowered.py::fit_view","parent":null,"state":"building","phase":"Meshing components","progress":[4,686],"elapsed":12.313}
{"model":"C:\\Users\\erena\\Desktop\\Nuclear Option Munitions Package\\cad\\phantom_visual_reboot\\src\\donor_fit_lowered.py::fit_view","parent":null,"state":"building","phase":"Meshing components","progress":[5,686],"elapsed":12.313}
{"model":"C:\\Users\\erena\\Desktop\\Nuclear Option Munitions Package\\cad\\phantom_visual_reboot\\src\\donor_fit_lowered.py::fit_view","parent":null,"state":"building","phase":"Meshing components","progress":[6,686],"elapsed":12.313}
{"model":"C:\\Users\\erena\\Desktop\\Nuclear Option Munitions Package\\cad\\phantom_visual_reboot\\src\\donor_fit_lowered.py::fit_view","parent":null,"state":"building","phase":"Meshing components","progress":[7,686],"elapsed":12.328}
{"model":"C:\\Users\\erena\\Desktop\\Nuclear Option Munitions Package\\cad\\phantom_visual_reboot\\src\\donor_fit_lowered.py::fit_view","parent":null,"state":"building","phase":"Meshing components","progress":[8,686],"elapsed":12.328}
{"model":"C:\\Users\\erena\\Desktop\\Nuclear Option Munitions Package\\cad\\phantom_visual_reboot\\src\\donor_fit_lowered.py::fit_view","parent":null,"state":"building","phase":"Meshing components","progress":[9,686],"elapsed":12.328}
{"model":"C:\\Users\\erena\\Desktop\\Nuclear Option Munitions Package\\cad\\phantom_visual_reboot\\src\\donor_fit_lowered.py::fit_view","parent":null,"state":"building","phase":"Meshing components","progress":[10,686],"elapsed":12.328}
{"model":"C:\\Users\\erena\\Desktop\\Nuclear Option Munitions Package\\cad\\phantom_visual_reboot\\src\\donor_fit_lowered.py::fit_view","parent":null,"state":"building","phase":"Meshing components","progress":[11,686],"elapsed":12.344}
{"model":"C:\\Users\\erena\\Desktop\\Nuclear Option Munitions Package\\cad\\phantom_visual_reboot\\src\\donor_fit_lowered.py::fit_view","parent":null,"state":"building","phase":"Meshing components","progress":[12,686],"elapsed":12.344}
{"model":"C:\\Users\\erena\\Desktop\\Nuclear Option Munitions Package\\cad\\phantom_visual_reboot\\src\\donor_fit_lowered.py::fit_view","parent":null,"state":"building","phase":"Meshing components","progress":[13,686],"elapsed":12.344}
{"model":"C:\\Users\\erena\\Desktop\\Nuclear Option Munitions Package\\cad\\phantom_visual_reboot\\src\\donor_fit_lowered.py::fit_view","parent":null,"state":"building","phase":"Meshing components","progress":[14,686],"elapsed":12.344}
{"model":"C:\\Users\\erena\\Desktop\\Nuclear Option Munitions Package\\cad\\phantom_visual_reboot\\src\\donor_fit_lowered.py::fit_view","parent":null,"state":"building","phase":"Meshing components","progress":[15,686],"elapsed":12.36}
{"model":"C:\\Users\\erena\\Desktop\\Nuclear Option Munitions Package\\cad\\phantom_visual_reboot\\src\\donor_fit_lowered.py::fit_view","parent":null,"state":"building","phase":"Meshing components","progress":[16,686],"elapsed":12.36}
{"model":"C:\\Users\\erena\\Desktop\\Nuclear Option Munitions Package\\cad\\phantom_visual_reboot\\src\\donor_fit_lowered.py::fit_view","parent":null,"state":"building","phase":"Meshing components","progress":[17,686],"elapsed":12.36}
{"model":"C:\\Users\\erena\\Desktop\\Nuclear Option Munitions Package\\cad\\phantom_visual_reboot\\src\\donor_fit_lowered.py::fit_view","parent":null,"state":"building","phase":"Meshing components","progress":[18,686],"elapsed":12.36}
{"model":"C:\\Users\\erena\\Desktop\\Nuclear Option Munitions Package\\cad\\phantom_visual_reboot\\src\\donor_fit_lowered.py::fit_view","parent":null,"state":"building","phase":"Meshing components","progress":[19,686],"elapsed":12.36}
{"model":"C:\\Users\\erena\\Desktop\\Nuclear Option Munitions Package\\cad\\phantom_visual_reboot\\src\\donor_fit_lowered.py::fit_view","parent":null,"state":"building","phase":"Meshing components","progress":[20,686],"elapsed":12.375}
{"model":"C:\\Users\\erena\\Desktop\\Nuclear Option Munitions Package\\cad\\phantom_visual_reboot\\src\\donor_fit_lowered.py::fit_view","parent":null,"state":"building","phase":"Meshing components","progress":[21,686],"elapsed":12.375}
{"model":"C:\\Users\\erena\\Desktop\\Nuclear Option Munitions Package\\cad\\phantom_visual_reboot\\src\\donor_fit_lowered.py::fit_view","parent":null,"state":"building","phase":"Meshing components","progress":[22,686],"elapsed":12.375}
{"model":"C:\\Users\\erena\\Desktop\\Nuclear Option Munitions Package\\cad\\phantom_visual_reboot\\src\\donor_fit_lowered.py::fit_view","parent":null,"state":"building","phase":"Meshing components","progress":[23,686],"elapsed":12.375}
{"model":"C:\\Users\\erena\\Desktop\\Nuclear Option Munitions Package\\cad\\phantom_visual_reboot\\src\\donor_fit_lowered.py::fit_view","parent":null,"state":"building","phase":"Meshing components","progress":[24,686],"elapsed":12.375}
{"model":"C:\\Users\\erena\\Desktop\\Nuclear Option Munitions Package\\cad\\phantom_visual_reboot\\src\\donor_fit_lowered.py::fit_view","parent":null,"state":"building","phase":"Meshing components","progress":[25,686],"elapsed":12.391}
{"model":"C:\\Users\\erena\\Desktop\\Nuclear Option Munitions Package\\cad\\phantom_visual_reboot\\src\\donor_fit_lowered.py::fit_view","parent":null,"state":"building","phase":"Meshing components","progress":[26,686],"elapsed":12.391}
{"model":"C:\\Users\\erena\\Desktop\\Nuclear Option Munitions Package\\cad\\phantom_visual_reboot\\src\\donor_fit_lowered.py::fit_view","parent":null,"state":"building","phase":"Meshing components","progress":[27,686],"elapsed":12.391}
{"model":"C:\\Users\\erena\\Desktop\\Nuclear Option Munitions Package\\cad\\phantom_visual_reboot\\src\\donor_fit_lowered.py::fit_view","parent":null,"state":"building","phase":"Meshing components","progress":[28,686],"elapsed":12.406}
{"model":"C:\\Users\\erena\\Desktop\\Nuclear Option Munitions Package\\cad\\phantom_visual_reboot\\src\\donor_fit_lowered.py::fit_view","parent":null,"state":"building","phase":"Meshing components","progress":[29,686],"elapsed":12.406}
{"model":"C:\\Users\\erena\\Desktop\\Nuclear Option Munitions Package\\cad\\phantom_visual_reboot\\src\\donor_fit_lowered.py::fit_view","parent":null,"state":"building","phase":"Meshing components","progress":[30,686],"elapsed":12.422}
{"model":"C:\\Users\\erena\\Desktop\\Nuclear Option Munitions Package\\cad\\phantom_visual_reboot\\src\\donor_fit_lowered.py::fit_view","parent":null,"state":"building","phase":"Meshing components","progress":[31,686],"elapsed":12.422}
{"model":"C:\\Users\\erena\\Desktop\\Nuclear Option Munitions Package\\cad\\phantom_visual_reboot\\src\\donor_fit_lowered.py::fit_view","parent":null,"state":"building","phase":"Meshing components","progress":[32,686],"elapsed":12.422}
{"model":"C:\\Users\\erena\\Desktop\\Nuclear Option Munitions Package\\cad\\phantom_visual_reboot\\src\\donor_fit_lowered.py::fit_view","parent":null,"state":"building","phase":"Meshing components","progress":[33,686],"elapsed":12.422}
{"model":"C:\\Users\\erena\\Desktop\\Nuclear Option Munitions Package\\cad\\phantom_visual_reboot\\src\\donor_fit_lowered.py::fit_view","parent":null,"state":"building","phase":"Meshing components","progress":[34,686],"elapsed":12.438}
{"model":"C:\\Users\\erena\\Desktop\\Nuclear Option Munitions Package\\cad\\phantom_visual_reboot\\src\\donor_fit_lowered.py::fit_view","parent":null,"state":"building","phase":"Meshing components","progress":[35,686],"elapsed":12.453}
{"model":"C:\\Users\\erena\\Desktop\\Nuclear Option Munitions Package\\cad\\phantom_visual_reboot\\src\\donor_fit_lowered.py::fit_view","parent":null,"state":"building","phase":"Meshing components","progress":[36,686],"elapsed":12.453}
{"model":"C:\\Users\\erena\\Desktop\\Nuclear Option Munitions Package\\cad\\phantom_visual_reboot\\src\\donor_fit_lowered.py::fit_view","parent":null,"state":"building","phase":"Meshing components","progress":[37,686],"elapsed":12.453}
{"model":"C:\\Users\\erena\\Desktop\\Nuclear Option Munitions Package\\cad\\phantom_visual_reboot\\src\\donor_fit_lowered.py::fit_view","parent":null,"state":"building","phase":"Meshing components","progress":[38,686],"elapsed":12.453}
{"model":"C:\\Users\\erena\\Desktop\\Nuclear Option Munitions Package\\cad\\phantom_visual_reboot\\src\\donor_fit_lowered.py::fit_view","parent":null,"state":"building","phase":"Meshing components","progress":[39,686],"elapsed":12.469}
{"model":"C:\\Users\\erena\\Desktop\\Nuclear Option Munitions Package\\cad\\phantom_visual_reboot\\src\\donor_fit_lowered.py::fit_view","parent":null,"state":"building","phase":"Meshing components","progress":[40,686],"elapsed":12.469}
{"model":"C:\\Users\\erena\\Desktop\\Nuclear Option Munitions Package\\cad\\phantom_visual_reboot\\src\\donor_fit_lowered.py::fit_view","parent":null,"state":"building","phase":"Meshing components","progress":[41,686],"elapsed":12.469}
{"model":"C:\\Users\\erena\\Desktop\\Nuclear Option Munitions Package\\cad\\phantom_visual_reboot\\src\\donor_fit_lowered.py::fit_view","parent":null,"state":"building","phase":"Meshing components","progress":[42,686],"elapsed":12.485}
{"model":"C:\\Users\\erena\\Desktop\\Nuclear Option Munitions Package\\cad\\phantom_visual_reboot\\src\\donor_fit_lowered.py::fit_view","parent":null,"state":"building","phase":"Meshing components","progress":[43,686],"elapsed":12.485}
{"model":"C:\\Users\\erena\\Desktop\\Nuclear Option Munitions Package\\cad\\phantom_visual_reboot\\src\\donor_fit_lowered.py::fit_view","parent":null,"state":"building","phase":"Meshing components","progress":[44,686],"elapsed":12.485}
{"model":"C:\\Users\\erena\\Desktop\\Nuclear Option Munitions Package\\cad\\phantom_visual_reboot\\src\\donor_fit_lowered.py::fit_view","parent":null,"state":"building","phase":"Meshing components","progress":[45,686],"elapsed":12.5}
{"model":"C:\\Users\\erena\\Desktop\\Nuclear Option Munitions Package\\cad\\phantom_visual_reboot\\src\\donor_fit_lowered.py::fit_view","parent":null,"state":"building","phase":"Meshing components","progress":[46,686],"elapsed":12.5}
{"model":"C:\\Users\\erena\\Desktop\\Nuclear Option Munitions Package\\cad\\phantom_visual_reboot\\src\\donor_fit_lowered.py::fit_view","parent":null,"state":"building","phase":"Meshing components","progress":[47,686],"elapsed":12.516}
{"model":"C:\\Users\\erena\\Desktop\\Nuclear Option Munitions Package\\cad\\phantom_visual_reboot\\src\\donor_fit_lowered.py::fit_view","parent":null,"state":"building","phase":"Meshing components","progress":[48,686],"elapsed":12.516}
{"model":"C:\\Users\\erena\\Desktop\\Nuclear Option Munitions Package\\cad\\phantom_visual_reboot\\src\\donor_fit_lowered.py::fit_view","parent":null,"state":"building","phase":"Meshing components","progress":[49,686],"elapsed":12.516}
{"model":"C:\\Users\\erena\\Desktop\\Nuclear Option Munitions Package\\cad\\phantom_visual_reboot\\src\\donor_fit_lowered.py::fit_view","parent":null,"state":"building","phase":"Meshing components","progress":[50,686],"elapsed":12.531}
{"model":"C:\\Users\\erena\\Desktop\\Nuclear Option Munitions Package\\cad\\phantom_visual_reboot\\src\\donor_fit_lowered.py::fit_view","parent":null,"state":"building","phase":"Meshing components","progress":[51,686],"elapsed":12.531}
{"model":"C:\\Users\\erena\\Desktop\\Nuclear Option Munitions Package\\cad\\phantom_visual_reboot\\src\\donor_fit_lowered.py::fit_view","parent":null,"state":"building","phase":"Meshing components","progress":[52,686],"elapsed":12.531}
{"model":"C:\\Users\\erena\\Desktop\\Nuclear Option Munitions Package\\cad\\phantom_visual_reboot\\src\\donor_fit_lowered.py::fit_view","parent":null,"state":"building","phase":"Meshing components","progress":[53,686],"elapsed":12.531}
{"model":"C:\\Users\\erena\\Desktop\\Nuclear Option Munitions Package\\cad\\phantom_visual_reboot\\src\\donor_fit_lowered.py::fit_view","parent":null,"state":"building","phase":"Meshing components","progress":[54,686],"elapsed":12.547}
{"model":"C:\\Users\\erena\\Desktop\\Nuclear Option Munitions Package\\cad\\phantom_visual_reboot\\src\\donor_fit_lowered.py::fit_view","parent":null,"state":"building","phase":"Meshing components","progress":[55,686],"elapsed":12.547}
{"model":"C:\\Users\\erena\\Desktop\\Nuclear Option Munitions Package\\cad\\phantom_visual_reboot\\src\\donor_fit_lowered.py::fit_view","parent":null,"state":"building","phase":"Meshing components","progress":[56,686],"elapsed":12.547}
{"model":"C:\\Users\\erena\\Desktop\\Nuclear Option Munitions Package\\cad\\phantom_visual_reboot\\src\\donor_fit_lowered.py::fit_view","parent":null,"state":"building","phase":"Meshing components","progress":[57,686],"elapsed":12.547}
{"model":"C:\\Users\\erena\\Desktop\\Nuclear Option Munitions Package\\cad\\phantom_visual_reboot\\src\\donor_fit_lowered.py::fit_view","parent":null,"state":"building","phase":"Meshing components","progress":[58,686],"elapsed":12.563}
{"model":"C:\\Users\\erena\\Desktop\\Nuclear Option Munitions Package\\cad\\phantom_visual_reboot\\src\\donor_fit_lowered.py::fit_view","parent":null,"state":"building","phase":"Meshing components","progress":[59,686],"elapsed":12.563}
{"model":"C:\\Users\\erena\\Desktop\\Nuclear Option Munitions Package\\cad\\phantom_visual_reboot\\src\\donor_fit_lowered.py::fit_view","parent":null,"state":"building","phase":"Meshing components","progress":[60,686],"elapsed":12.563}
{"model":"C:\\Users\\erena\\Desktop\\Nuclear Option Munitions Package\\cad\\phantom_visual_reboot\\src\\donor_fit_lowered.py::fit_view","parent":null,"state":"building","phase":"Meshing components","progress":[61,686],"elapsed":12.563}
{"model":"C:\\Users\\erena\\Desktop\\Nuclear Option Munitions Package\\cad\\phantom_visual_reboot\\src\\donor_fit_lowered.py::fit_view","parent":null,"state":"building","phase":"Meshing components","progress":[62,686],"elapsed":12.563}
{"model":"C:\\Users\\erena\\Desktop\\Nuclear Option Munitions Package\\cad\\phantom_visual_reboot\\src\\donor_fit_lowered.py::fit_view","parent":null,"state":"building","phase":"Meshing components","progress":[63,686],"elapsed":12.563}
{"model":"C:\\Users\\erena\\Desktop\\Nuclear Option Munitions Package\\cad\\phantom_visual_reboot\\src\\donor_fit_lowered.py::fit_view","parent":null,"state":"building","phase":"Meshing components","progress":[64,686],"elapsed":12.578}
{"model":"C:\\Users\\erena\\Desktop\\Nuclear Option Munitions Package\\cad\\phantom_visual_reboot\\src\\donor_fit_lowered.py::fit_view","parent":null,"state":"building","phase":"Meshing components","progress":[65,686],"elapsed":12.578}
{"model":"C:\\Users\\erena\\Desktop\\Nuclear Option Munitions Package\\cad\\phantom_visual_reboot\\src\\donor_fit_lowered.py::fit_view","parent":null,"state":"building","phase":"Meshing components","progress":[66,686],"elapsed":12.578}
{"model":"C:\\Users\\erena\\Desktop\\Nuclear Option Munitions Package\\cad\\phantom_visual_reboot\\src\\donor_fit_lowered.py::fit_view","parent":null,"state":"building","phase":"Meshing components","progress":[67,686],"elapsed":12.594}
{"model":"C:\\Users\\erena\\Desktop\\Nuclear Option Munitions Package\\cad\\phantom_visual_reboot\\src\\donor_fit_lowered.py::fit_view","parent":null,"state":"building","phase":"Meshing components","progress":[68,686],"elapsed":12.594}
{"model":"C:\\Users\\erena\\Desktop\\Nuclear Option Munitions Package\\cad\\phantom_visual_reboot\\src\\donor_fit_lowered.py::fit_view","parent":null,"state":"building","phase":"Meshing components","progress":[69,686],"elapsed":12.61}
{"model":"C:\\Users\\erena\\Desktop\\Nuclear Option Munitions Package\\cad\\phantom_visual_reboot\\src\\donor_fit_lowered.py::fit_view","parent":null,"state":"building","phase":"Meshing components","progress":[70,686],"elapsed":12.61}
{"model":"C:\\Users\\erena\\Desktop\\Nuclear Option Munitions Package\\cad\\phantom_visual_reboot\\src\\donor_fit_lowered.py::fit_view","parent":null,"state":"building","phase":"Meshing components","progress":[71,686],"elapsed":12.61}
{"model":"C:\\Users\\erena\\Desktop\\Nuclear Option Munitions Package\\cad\\phantom_visual_reboot\\src\\donor_fit_lowered.py::fit_view","parent":null,"state":"building","phase":"Meshing components","progress":[72,686],"elapsed":12.625}
{"model":"C:\\Users\\erena\\Desktop\\Nuclear Option Munitions Package\\cad\\phantom_visual_reboot\\src\\donor_fit_lowered.py::fit_view","parent":null,"state":"building","phase":"Meshing components","progress":[73,686],"elapsed":12.625}
{"model":"C:\\Users\\erena\\Desktop\\Nuclear Option Munitions Package\\cad\\phantom_visual_reboot\\src\\donor_fit_lowered.py::fit_view","parent":null,"state":"building","phase":"Meshing components","progress":[74,686],"elapsed":12.625}
{"model":"C:\\Users\\erena\\Desktop\\Nuclear Option Munitions Package\\cad\\phantom_visual_reboot\\src\\donor_fit_lowered.py::fit_view","parent":null,"state":"building","phase":"Meshing components","progress":[75,686],"elapsed":12.641}
{"model":"C:\\Users\\erena\\Desktop\\Nuclear Option Munitions Package\\cad\\phantom_visual_reboot\\src\\donor_fit_lowered.py::fit_view","parent":null,"state":"building","phase":"Meshing components","progress":[76,686],"elapsed":12.641}
{"model":"C:\\Users\\erena\\Desktop\\Nuclear Option Munitions Package\\cad\\phantom_visual_reboot\\src\\donor_fit_lowered.py::fit_view","parent":null,"state":"building","phase":"Meshing components","progress":[77,686],"elapsed":12.641}
{"model":"C:\\Users\\erena\\Desktop\\Nuclear Option Munitions Package\\cad\\phantom_visual_reboot\\src\\donor_fit_lowered.py::fit_view","parent":null,"state":"building","phase":"Meshing components","progress":[78,686],"elapsed":12.641}
{"model":"C:\\Users\\erena\\Desktop\\Nuclear Option Munitions Package\\cad\\phantom_visual_reboot\\src\\donor_fit_lowered.py::fit_view","parent":null,"state":"building","phase":"Meshing components","progress":[79,686],"elapsed":12.656}
{"model":"C:\\Users\\erena\\Desktop\\Nuclear Option Munitions Package\\cad\\phantom_visual_reboot\\src\\donor_fit_lowered.py::fit_view","parent":null,"state":"building","phase":"Meshing components","progress":[80,686],"elapsed":12.656}
{"model":"C:\\Users\\erena\\Desktop\\Nuclear Option Munitions Package\\cad\\phantom_visual_reboot\\src\\donor_fit_lowered.py::fit_view","parent":null,"state":"building","phase":"Meshing components","progress":[81,686],"elapsed":12.672}
{"model":"C:\\Users\\erena\\Desktop\\Nuclear Option Munitions Package\\cad\\phantom_visual_reboot\\src\\donor_fit_lowered.py::fit_view","parent":null,"state":"building","phase":"Meshing components","progress":[82,686],"elapsed":12.672}
{"model":"C:\\Users\\erena\\Desktop\\Nuclear Option Munitions Package\\cad\\phantom_visual_reboot\\src\\donor_fit_lowered.py::fit_view","parent":null,"state":"building","phase":"Meshing components","progress":[83,686],"elapsed":12.672}
{"model":"C:\\Users\\erena\\Desktop\\Nuclear Option Munitions Package\\cad\\phantom_visual_reboot\\src\\donor_fit_lowered.py::fit_view","parent":null,"state":"building","phase":"Meshing components","progress":[84,686],"elapsed":12.688}
{"model":"C:\\Users\\erena\\Desktop\\Nuclear Option Munitions Package\\cad\\phantom_visual_reboot\\src\\donor_fit_lowered.py::fit_view","parent":null,"state":"building","phase":"Meshing components","progress":[85,686],"elapsed":12.688}
{"model":"C:\\Users\\erena\\Desktop\\Nuclear Option Munitions Package\\cad\\phantom_visual_reboot\\src\\donor_fit_lowered.py::fit_view","parent":null,"state":"building","phase":"Meshing components","progress":[86,686],"elapsed":12.688}
{"model":"C:\\Users\\erena\\Desktop\\Nuclear Option Munitions Package\\cad\\phantom_visual_reboot\\src\\donor_fit_lowered.py::fit_view","parent":null,"state":"building","phase":"Meshing components","progress":[87,686],"elapsed":12.688}
{"model":"C:\\Users\\erena\\Desktop\\Nuclear Option Munitions Package\\cad\\phantom_visual_reboot\\src\\donor_fit_lowered.py::fit_view","parent":null,"state":"building","phase":"Meshing components","progress":[88,686],"elapsed":12.703}
{"model":"C:\\Users\\erena\\Desktop\\Nuclear Option Munitions Package\\cad\\phantom_visual_reboot\\src\\donor_fit_lowered.py::fit_view","parent":null,"state":"building","phase":"Meshing components","progress":[89,686],"elapsed":12.703}
{"model":"C:\\Users\\erena\\Desktop\\Nuclear Option Munitions Package\\cad\\phantom_visual_reboot\\src\\donor_fit_lowered.py::fit_view","parent":null,"state":"building","phase":"Meshing components","progress":[90,686],"elapsed":12.703}
{"model":"C:\\Users\\erena\\Desktop\\Nuclear Option Munitions Package\\cad\\phantom_visual_reboot\\src\\donor_fit_lowered.py::fit_view","parent":null,"state":"building","phase":"Meshing components","progress":[91,686],"elapsed":12.703}
{"model":"C:\\Users\\erena\\Desktop\\Nuclear Option Munitions Package\\cad\\phantom_visual_reboot\\src\\donor_fit_lowered.py::fit_view","parent":null,"state":"building","phase":"Meshing components","progress":[92,686],"elapsed":12.719}
{"model":"C:\\Users\\erena\\Desktop\\Nuclear Option Munitions Package\\cad\\phantom_visual_reboot\\src\\donor_fit_lowered.py::fit_view","parent":null,"state":"building","phase":"Meshing components","progress":[93,686],"elapsed":12.719}
{"model":"C:\\Users\\erena\\Desktop\\Nuclear Option Munitions Package\\cad\\phantom_visual_reboot\\src\\donor_fit_lowered.py::fit_view","parent":null,"state":"building","phase":"Meshing components","progress":[94,686],"elapsed":12.719}
{"model":"C:\\Users\\erena\\Desktop\\Nuclear Option Munitions Package\\cad\\phantom_visual_reboot\\src\\donor_fit_lowered.py::fit_view","parent":null,"state":"building","phase":"Meshing components","progress":[95,686],"elapsed":12.719}
{"model":"C:\\Users\\erena\\Desktop\\Nuclear Option Munitions Package\\cad\\phantom_visual_reboot\\src\\donor_fit_lowered.py::fit_view","parent":null,"state":"building","phase":"Meshing components","progress":[96,686],"elapsed":12.735}
{"model":"C:\\Users\\erena\\Desktop\\Nuclear Option Munitions Package\\cad\\phantom_visual_reboot\\src\\donor_fit_lowered.py::fit_view","parent":null,"state":"building","phase":"Meshing components","progress":[97,686],"elapsed":12.735}
{"model":"C:\\Users\\erena\\Desktop\\Nuclear Option Munitions Package\\cad\\phantom_visual_reboot\\src\\donor_fit_lowered.py::fit_view","parent":null,"state":"building","phase":"Meshing components","progress":[98,686],"elapsed":12.735}
{"model":"C:\\Users\\erena\\Desktop\\Nuclear Option Munitions Package\\cad\\phantom_visual_reboot\\src\\donor_fit_lowered.py::fit_view","parent":null,"state":"building","phase":"Meshing components","progress":[99,686],"elapsed":12.735}
{"model":"C:\\Users\\erena\\Desktop\\Nuclear Option Munitions Package\\cad\\phantom_visual_reboot\\src\\donor_fit_lowered.py::fit_view","parent":null,"state":"building","phase":"Meshing components","progress":[100,686],"elapsed":12.75}
{"model":"C:\\Users\\erena\\Desktop\\Nuclear Option Munitions Package\\cad\\phantom_visual_reboot\\src\\donor_fit_lowered.py::fit_view","parent":null,"state":"building","phase":"Meshing components","progress":[101,686],"elapsed":12.75}
{"model":"C:\\Users\\erena\\Desktop\\Nuclear Option Munitions Package\\cad\\phantom_visual_reboot\\src\\donor_fit_lowered.py::fit_view","parent":null,"state":"building","phase":"Meshing components","progress":[102,686],"elapsed":12.766}
{"model":"C:\\Users\\erena\\Desktop\\Nuclear Option Munitions Package\\cad\\phantom_visual_reboot\\src\\donor_fit_lowered.py::fit_view","parent":null,"state":"building","phase":"Meshing components","progress":[103,686],"elapsed":12.766}
{"model":"C:\\Users\\erena\\Desktop\\Nuclear Option Munitions Package\\cad\\phantom_visual_reboot\\src\\donor_fit_lowered.py::fit_view","parent":null,"state":"building","phase":"Meshing components","progress":[104,686],"elapsed":12.766}
{"model":"C:\\Users\\erena\\Desktop\\Nuclear Option Munitions Package\\cad\\phantom_visual_reboot\\src\\donor_fit_lowered.py::fit_view","parent":null,"state":"building","phase":"Meshing components","progress":[105,686],"elapsed":12.781}
{"model":"C:\\Users\\erena\\Desktop\\Nuclear Option Munitions Package\\cad\\phantom_visual_reboot\\src\\donor_fit_lowered.py::fit_view","parent":null,"state":"building","phase":"Meshing components","progress":[106,686],"elapsed":12.781}
{"model":"C:\\Users\\erena\\Desktop\\Nuclear Option Munitions Package\\cad\\phantom_visual_reboot\\src\\donor_fit_lowered.py::fit_view","parent":null,"state":"building","phase":"Meshing components","progress":[107,686],"elapsed":12.781}
{"model":"C:\\Users\\erena\\Desktop\\Nuclear Option Munitions Package\\cad\\phantom_visual_reboot\\src\\donor_fit_lowered.py::fit_view","parent":null,"state":"building","phase":"Meshing components","progress":[108,686],"elapsed":12.797}
{"model":"C:\\Users\\erena\\Desktop\\Nuclear Option Munitions Package\\cad\\phantom_visual_reboot\\src\\donor_fit_lowered.py::fit_view","parent":null,"state":"building","phase":"Meshing components","progress":[109,686],"elapsed":12.797}
{"model":"C:\\Users\\erena\\Desktop\\Nuclear Option Munitions Package\\cad\\phantom_visual_reboot\\src\\donor_fit_lowered.py::fit_view","parent":null,"state":"building","phase":"Meshing components","progress":[110,686],"elapsed":12.797}
{"model":"C:\\Users\\erena\\Desktop\\Nuclear Option Munitions Package\\cad\\phantom_visual_reboot\\src\\donor_fit_lowered.py::fit_view","parent":null,"state":"building","phase":"Meshing components","progress":[111,686],"elapsed":12.813}
{"model":"C:\\Users\\erena\\Desktop\\Nuclear Option Munitions Package\\cad\\phantom_visual_reboot\\src\\donor_fit_lowered.py::fit_view","parent":null,"state":"building","phase":"Meshing components","progress":[112,686],"elapsed":12.828}
{"model":"C:\\Users\\erena\\Desktop\\Nuclear Option Munitions Package\\cad\\phantom_visual_reboot\\src\\donor_fit_lowered.py::fit_view","parent":null,"state":"building","phase":"Meshing components","progress":[113,686],"elapsed":12.828}
{"model":"C:\\Users\\erena\\Desktop\\Nuclear Option Munitions Package\\cad\\phantom_visual_reboot\\src\\donor_fit_lowered.py::fit_view","parent":null,"state":"building","phase":"Meshing components","progress":[114,686],"elapsed":12.828}
{"model":"C:\\Users\\erena\\Desktop\\Nuclear Option Munitions Package\\cad\\phantom_visual_reboot\\src\\donor_fit_lowered.py::fit_view","parent":null,"state":"building","phase":"Meshing components","progress":[115,686],"elapsed":12.828}
{"model":"C:\\Users\\erena\\Desktop\\Nuclear Option Munitions Package\\cad\\phantom_visual_reboot\\src\\donor_fit_lowered.py::fit_view","parent":null,"state":"building","phase":"Meshing components","progress":[116,686],"elapsed":12.828}
{"model":"C:\\Users\\erena\\Desktop\\Nuclear Option Munitions Package\\cad\\phantom_visual_reboot\\src\\donor_fit_lowered.py::fit_view","parent":null,"state":"building","phase":"Meshing components","progress":[117,686],"elapsed":12.844}
{"model":"C:\\Users\\erena\\Desktop\\Nuclear Option Munitions Package\\cad\\phantom_visual_reboot\\src\\donor_fit_lowered.py::fit_view","parent":null,"state":"building","phase":"Meshing components","progress":[118,686],"elapsed":12.844}
{"model":"C:\\Users\\erena\\Desktop\\Nuclear Option Munitions Package\\cad\\phantom_visual_reboot\\src\\donor_fit_lowered.py::fit_view","parent":null,"state":"building","phase":"Meshing components","progress":[119,686],"elapsed":12.844}
{"model":"C:\\Users\\erena\\Desktop\\Nuclear Option Munitions Package\\cad\\phantom_visual_reboot\\src\\donor_fit_lowered.py::fit_view","parent":null,"state":"building","phase":"Meshing components","progress":[120,686],"elapsed":12.844}
{"model":"C:\\Users\\erena\\Desktop\\Nuclear Option Munitions Package\\cad\\phantom_visual_reboot\\src\\donor_fit_lowered.py::fit_view","parent":null,"state":"building","phase":"Meshing components","progress":[121,686],"elapsed":12.86}
{"model":"C:\\Users\\erena\\Desktop\\Nuclear Option Munitions Package\\cad\\phantom_visual_reboot\\src\\donor_fit_lowered.py::fit_view","parent":null,"state":"building","phase":"Meshing components","progress":[122,686],"elapsed":12.86}
{"model":"C:\\Users\\erena\\Desktop\\Nuclear Option Munitions Package\\cad\\phantom_visual_reboot\\src\\donor_fit_lowered.py::fit_view","parent":null,"state":"building","phase":"Meshing components","progress":[123,686],"elapsed":12.86}
{"model":"C:\\Users\\erena\\Desktop\\Nuclear Option Munitions Package\\cad\\phantom_visual_reboot\\src\\donor_fit_lowered.py::fit_view","parent":null,"state":"building","phase":"Meshing components","progress":[124,686],"elapsed":12.86}
{"model":"C:\\Users\\erena\\Desktop\\Nuclear Option Munitions Package\\cad\\phantom_visual_reboot\\src\\donor_fit_lowered.py::fit_view","parent":null,"state":"building","phase":"Meshing components","progress":[125,686],"elapsed":12.875}
{"model":"C:\\Users\\erena\\Desktop\\Nuclear Option Munitions Package\\cad\\phantom_visual_reboot\\src\\donor_fit_lowered.py::fit_view","parent":null,"state":"building","phase":"Meshing components","progress":[126,686],"elapsed":12.875}
{"model":"C:\\Users\\erena\\Desktop\\Nuclear Option Munitions Package\\cad\\phantom_visual_reboot\\src\\donor_fit_lowered.py::fit_view","parent":null,"state":"building","phase":"Meshing components","progress":[127,686],"elapsed":12.875}
{"model":"C:\\Users\\erena\\Desktop\\Nuclear Option Munitions Package\\cad\\phantom_visual_reboot\\src\\donor_fit_lowered.py::fit_view","parent":null,"state":"building","phase":"Meshing components","progress":[128,686],"elapsed":12.891}
{"model":"C:\\Users\\erena\\Desktop\\Nuclear Option Munitions Package\\cad\\phantom_visual_reboot\\src\\donor_fit_lowered.py::fit_view","parent":null,"state":"building","phase":"Meshing components","progress":[129,686],"elapsed":12.891}
{"model":"C:\\Users\\erena\\Desktop\\Nuclear Option Munitions Package\\cad\\phantom_visual_reboot\\src\\donor_fit_lowered.py::fit_view","parent":null,"state":"building","phase":"Meshing components","progress":[130,686],"elapsed":12.891}
{"model":"C:\\Users\\erena\\Desktop\\Nuclear Option Munitions Package\\cad\\phantom_visual_reboot\\src\\donor_fit_lowered.py::fit_view","parent":null,"state":"building","phase":"Meshing components","progress":[131,686],"elapsed":12.891}
{"model":"C:\\Users\\erena\\Desktop\\Nuclear Option Munitions Package\\cad\\phantom_visual_reboot\\src\\donor_fit_lowered.py::fit_view","parent":null,"state":"building","phase":"Meshing components","progress":[132,686],"elapsed":12.906}
{"model":"C:\\Users\\erena\\Desktop\\Nuclear Option Munitions Package\\cad\\phantom_visual_reboot\\src\\donor_fit_lowered.py::fit_view","parent":null,"state":"building","phase":"Meshing components","progress":[133,686],"elapsed":12.906}
{"model":"C:\\Users\\erena\\Desktop\\Nuclear Option Munitions Package\\cad\\phantom_visual_reboot\\src\\donor_fit_lowered.py::fit_view","parent":null,"state":"building","phase":"Meshing components","progress":[134,686],"elapsed":12.906}
{"model":"C:\\Users\\erena\\Desktop\\Nuclear Option Munitions Package\\cad\\phantom_visual_reboot\\src\\donor_fit_lowered.py::fit_view","parent":null,"state":"building","phase":"Meshing components","progress":[135,686],"elapsed":12.922}
{"model":"C:\\Users\\erena\\Desktop\\Nuclear Option Munitions Package\\cad\\phantom_visual_reboot\\src\\donor_fit_lowered.py::fit_view","parent":null,"state":"building","phase":"Meshing components","progress":[136,686],"elapsed":12.922}
{"model":"C:\\Users\\erena\\Desktop\\Nuclear Option Munitions Package\\cad\\phantom_visual_reboot\\src\\donor_fit_lowered.py::fit_view","parent":null,"state":"building","phase":"Meshing components","progress":[137,686],"elapsed":12.938}
{"model":"C:\\Users\\erena\\Desktop\\Nuclear Option Munitions Package\\cad\\phantom_visual_reboot\\src\\donor_fit_lowered.py::fit_view","parent":null,"state":"building","phase":"Meshing components","progress":[138,686],"elapsed":12.938}
{"model":"C:\\Users\\erena\\Desktop\\Nuclear Option Munitions Package\\cad\\phantom_visual_reboot\\src\\donor_fit_lowered.py::fit_view","parent":null,"state":"building","phase":"Meshing components","progress":[139,686],"elapsed":12.953}
{"model":"C:\\Users\\erena\\Desktop\\Nuclear Option Munitions Package\\cad\\phantom_visual_reboot\\src\\donor_fit_lowered.py::fit_view","parent":null,"state":"building","phase":"Meshing components","progress":[140,686],"elapsed":12.953}
{"model":"C:\\Users\\erena\\Desktop\\Nuclear Option Munitions Package\\cad\\phantom_visual_reboot\\src\\donor_fit_lowered.py::fit_view","parent":null,"state":"building","phase":"Meshing components","progress":[141,686],"elapsed":12.953}
{"model":"C:\\Users\\erena\\Desktop\\Nuclear Option Munitions Package\\cad\\phantom_visual_reboot\\src\\donor_fit_lowered.py::fit_view","parent":null,"state":"building","phase":"Meshing components","progress":[142,686],"elapsed":12.969}
{"model":"C:\\Users\\erena\\Desktop\\Nuclear Option Munitions Package\\cad\\phantom_visual_reboot\\src\\donor_fit_lowered.py::fit_view","parent":null,"state":"building","phase":"Meshing components","progress":[143,686],"elapsed":12.969}
{"model":"C:\\Users\\erena\\Desktop\\Nuclear Option Munitions Package\\cad\\phantom_visual_reboot\\src\\donor_fit_lowered.py::fit_view","parent":null,"state":"building","phase":"Meshing components","progress":[144,686],"elapsed":12.969}
{"model":"C:\\Users\\erena\\Desktop\\Nuclear Option Munitions Package\\cad\\phantom_visual_reboot\\src\\donor_fit_lowered.py::fit_view","parent":null,"state":"building","phase":"Meshing components","progress":[145,686],"elapsed":12.985}
{"model":"C:\\Users\\erena\\Desktop\\Nuclear Option Munitions Package\\cad\\phantom_visual_reboot\\src\\donor_fit_lowered.py::fit_view","parent":null,"state":"building","phase":"Meshing components","progress":[146,686],"elapsed":12.985}
{"model":"C:\\Users\\erena\\Desktop\\Nuclear Option Munitions Package\\cad\\phantom_visual_reboot\\src\\donor_fit_lowered.py::fit_view","parent":null,"state":"building","phase":"Meshing components","progress":[147,686],"elapsed":12.985}
{"model":"C:\\Users\\erena\\Desktop\\Nuclear Option Munitions Package\\cad\\phantom_visual_reboot\\src\\donor_fit_lowered.py::fit_view","parent":null,"state":"building","phase":"Meshing components","progress":[148,686],"elapsed":13.0}
{"model":"C:\\Users\\erena\\Desktop\\Nuclear Option Munitions Package\\cad\\phantom_visual_reboot\\src\\donor_fit_lowered.py::fit_view","parent":null,"state":"building","phase":"Meshing components","progress":[149,686],"elapsed":13.0}
{"model":"C:\\Users\\erena\\Desktop\\Nuclear Option Munitions Package\\cad\\phantom_visual_reboot\\src\\donor_fit_lowered.py::fit_view","parent":null,"state":"building","phase":"Meshing components","progress":[150,686],"elapsed":13.0}
{"model":"C:\\Users\\erena\\Desktop\\Nuclear Option Munitions Package\\cad\\phantom_visual_reboot\\src\\donor_fit_lowered.py::fit_view","parent":null,"state":"building","phase":"Meshing components","progress":[151,686],"elapsed":13.016}
{"model":"C:\\Users\\erena\\Desktop\\Nuclear Option Munitions Package\\cad\\phantom_visual_reboot\\src\\donor_fit_lowered.py::fit_view","parent":null,"state":"building","phase":"Meshing components","progress":[152,686],"elapsed":13.016}
{"model":"C:\\Users\\erena\\Desktop\\Nuclear Option Munitions Package\\cad\\phantom_visual_reboot\\src\\donor_fit_lowered.py::fit_view","parent":null,"state":"building","phase":"Meshing components","progress":[153,686],"elapsed":13.016}
{"model":"C:\\Users\\erena\\Desktop\\Nuclear Option Munitions Package\\cad\\phantom_visual_reboot\\src\\donor_fit_lowered.py::fit_view","parent":null,"state":"building","phase":"Meshing components","progress":[154,686],"elapsed":13.016}
{"model":"C:\\Users\\erena\\Desktop\\Nuclear Option Munitions Package\\cad\\phantom_visual_reboot\\src\\donor_fit_lowered.py::fit_view","parent":null,"state":"building","phase":"Meshing components","progress":[155,686],"elapsed":13.031}
{"model":"C:\\Users\\erena\\Desktop\\Nuclear Option Munitions Package\\cad\\phantom_visual_reboot\\src\\donor_fit_lowered.py::fit_view","parent":null,"state":"building","phase":"Meshing components","progress":[156,686],"elapsed":13.031}
{"model":"C:\\Users\\erena\\Desktop\\Nuclear Option Munitions Package\\cad\\phantom_visual_reboot\\src\\donor_fit_lowered.py::fit_view","parent":null,"state":"building","phase":"Meshing components","progress":[157,686],"elapsed":13.031}
{"model":"C:\\Users\\erena\\Desktop\\Nuclear Option Munitions Package\\cad\\phantom_visual_reboot\\src\\donor_fit_lowered.py::fit_view","parent":null,"state":"building","phase":"Meshing components","progress":[158,686],"elapsed":13.047}
{"model":"C:\\Users\\erena\\Desktop\\Nuclear Option Munitions Package\\cad\\phantom_visual_reboot\\src\\donor_fit_lowered.py::fit_view","parent":null,"state":"building","phase":"Meshing components","progress":[159,686],"elapsed":13.047}
{"model":"C:\\Users\\erena\\Desktop\\Nuclear Option Munitions Package\\cad\\phantom_visual_reboot\\src\\donor_fit_lowered.py::fit_view","parent":null,"state":"building","phase":"Meshing components","progress":[160,686],"elapsed":13.063}
{"model":"C:\\Users\\erena\\Desktop\\Nuclear Option Munitions Package\\cad\\phantom_visual_reboot\\src\\donor_fit_lowered.py::fit_view","parent":null,"state":"building","phase":"Meshing components","progress":[161,686],"elapsed":13.063}
{"model":"C:\\Users\\erena\\Desktop\\Nuclear Option Munitions Package\\cad\\phantom_visual_reboot\\src\\donor_fit_lowered.py::fit_view","parent":null,"state":"building","phase":"Meshing components","progress":[162,686],"elapsed":13.063}
{"model":"C:\\Users\\erena\\Desktop\\Nuclear Option Munitions Package\\cad\\phantom_visual_reboot\\src\\donor_fit_lowered.py::fit_view","parent":null,"state":"building","phase":"Meshing components","progress":[163,686],"elapsed":13.078}
{"model":"C:\\Users\\erena\\Desktop\\Nuclear Option Munitions Package\\cad\\phantom_visual_reboot\\src\\donor_fit_lowered.py::fit_view","parent":null,"state":"building","phase":"Meshing components","progress":[164,686],"elapsed":13.078}
{"model":"C:\\Users\\erena\\Desktop\\Nuclear Option Munitions Package\\cad\\phantom_visual_reboot\\src\\donor_fit_lowered.py::fit_view","parent":null,"state":"building","phase":"Meshing components","progress":[165,686],"elapsed":13.078}
{"model":"C:\\Users\\erena\\Desktop\\Nuclear Option Munitions Package\\cad\\phantom_visual_reboot\\src\\donor_fit_lowered.py::fit_view","parent":null,"state":"building","phase":"Meshing components","progress":[166,686],"elapsed":13.094}
{"model":"C:\\Users\\erena\\Desktop\\Nuclear Option Munitions Package\\cad\\phantom_visual_reboot\\src\\donor_fit_lowered.py::fit_view","parent":null,"state":"building","phase":"Meshing components","progress":[167,686],"elapsed":13.094}
{"model":"C:\\Users\\erena\\Desktop\\Nuclear Option Munitions Package\\cad\\phantom_visual_reboot\\src\\donor_fit_lowered.py::fit_view","parent":null,"state":"building","phase":"Meshing components","progress":[168,686],"elapsed":13.094}
{"model":"C:\\Users\\erena\\Desktop\\Nuclear Option Munitions Package\\cad\\phantom_visual_reboot\\src\\donor_fit_lowered.py::fit_view","parent":null,"state":"building","phase":"Meshing components","progress":[169,686],"elapsed":13.11}
{"model":"C:\\Users\\erena\\Desktop\\Nuclear Option Munitions Package\\cad\\phantom_visual_reboot\\src\\donor_fit_lowered.py::fit_view","parent":null,"state":"building","phase":"Meshing components","progress":[170,686],"elapsed":13.11}
{"model":"C:\\Users\\erena\\Desktop\\Nuclear Option Munitions Package\\cad\\phantom_visual_reboot\\src\\donor_fit_lowered.py::fit_view","parent":null,"state":"building","phase":"Meshing components","progress":[171,686],"elapsed":13.11}
{"model":"C:\\Users\\erena\\Desktop\\Nuclear Option Munitions Package\\cad\\phantom_visual_reboot\\src\\donor_fit_lowered.py::fit_view","parent":null,"state":"building","phase":"Meshing components","progress":[172,686],"elapsed":13.125}
{"model":"C:\\Users\\erena\\Desktop\\Nuclear Option Munitions Package\\cad\\phantom_visual_reboot\\src\\donor_fit_lowered.py::fit_view","parent":null,"state":"building","phase":"Meshing components","progress":[173,686],"elapsed":13.125}
{"model":"C:\\Users\\erena\\Desktop\\Nuclear Option Munitions Package\\cad\\phantom_visual_reboot\\src\\donor_fit_lowered.py::fit_view","parent":null,"state":"building","phase":"Meshing components","progress":[174,686],"elapsed":13.125}
{"model":"C:\\Users\\erena\\Desktop\\Nuclear Option Munitions Package\\cad\\phantom_visual_reboot\\src\\donor_fit_lowered.py::fit_view","parent":null,"state":"building","phase":"Meshing components","progress":[175,686],"elapsed":13.125}
{"model":"C:\\Users\\erena\\Desktop\\Nuclear Option Munitions Package\\cad\\phantom_visual_reboot\\src\\donor_fit_lowered.py::fit_view","parent":null,"state":"building","phase":"Meshing components","progress":[176,686],"elapsed":13.141}
{"model":"C:\\Users\\erena\\Desktop\\Nuclear Option Munitions Package\\cad\\phantom_visual_reboot\\src\\donor_fit_lowered.py::fit_view","parent":null,"state":"building","phase":"Meshing components","progress":[177,686],"elapsed":13.141}
{"model":"C:\\Users\\erena\\Desktop\\Nuclear Option Munitions Package\\cad\\phantom_visual_reboot\\src\\donor_fit_lowered.py::fit_view","parent":null,"state":"building","phase":"Meshing components","progress":[178,686],"elapsed":13.141}
{"model":"C:\\Users\\erena\\Desktop\\Nuclear Option Munitions Package\\cad\\phantom_visual_reboot\\src\\donor_fit_lowered.py::fit_view","parent":null,"state":"building","phase":"Meshing components","progress":[179,686],"elapsed":13.141}
{"model":"C:\\Users\\erena\\Desktop\\Nuclear Option Munitions Package\\cad\\phantom_visual_reboot\\src\\donor_fit_lowered.py::fit_view","parent":null,"state":"building","phase":"Meshing components","progress":[180,686],"elapsed":13.156}
{"model":"C:\\Users\\erena\\Desktop\\Nuclear Option Munitions Package\\cad\\phantom_visual_reboot\\src\\donor_fit_lowered.py::fit_view","parent":null,"state":"building","phase":"Meshing components","progress":[181,686],"elapsed":13.156}
{"model":"C:\\Users\\erena\\Desktop\\Nuclear Option Munitions Package\\cad\\phantom_visual_reboot\\src\\donor_fit_lowered.py::fit_view","parent":null,"state":"building","phase":"Meshing components","progress":[182,686],"elapsed":13.172}
{"model":"C:\\Users\\erena\\Desktop\\Nuclear Option Munitions Package\\cad\\phantom_visual_reboot\\src\\donor_fit_lowered.py::fit_view","parent":null,"state":"building","phase":"Meshing components","progress":[183,686],"elapsed":13.172}
{"model":"C:\\Users\\erena\\Desktop\\Nuclear Option Munitions Package\\cad\\phantom_visual_reboot\\src\\donor_fit_lowered.py::fit_view","parent":null,"state":"building","phase":"Meshing components","progress":[184,686],"elapsed":13.172}
{"model":"C:\\Users\\erena\\Desktop\\Nuclear Option Munitions Package\\cad\\phantom_visual_reboot\\src\\donor_fit_lowered.py::fit_view","parent":null,"state":"building","phase":"Meshing components","progress":[185,686],"elapsed":13.188}
{"model":"C:\\Users\\erena\\Desktop\\Nuclear Option Munitions Package\\cad\\phantom_visual_reboot\\src\\donor_fit_lowered.py::fit_view","parent":null,"state":"building","phase":"Meshing components","progress":[186,686],"elapsed":13.188}
{"model":"C:\\Users\\erena\\Desktop\\Nuclear Option Munitions Package\\cad\\phantom_visual_reboot\\src\\donor_fit_lowered.py::fit_view","parent":null,"state":"building","phase":"Meshing components","progress":[187,686],"elapsed":13.203}
{"model":"C:\\Users\\erena\\Desktop\\Nuclear Option Munitions Package\\cad\\phantom_visual_reboot\\src\\donor_fit_lowered.py::fit_view","parent":null,"state":"building","phase":"Meshing components","progress":[188,686],"elapsed":13.203}
{"model":"C:\\Users\\erena\\Desktop\\Nuclear Option Munitions Package\\cad\\phantom_visual_reboot\\src\\donor_fit_lowered.py::fit_view","parent":null,"state":"building","phase":"Meshing components","progress":[189,686],"elapsed":13.219}
{"model":"C:\\Users\\erena\\Desktop\\Nuclear Option Munitions Package\\cad\\phantom_visual_reboot\\src\\donor_fit_lowered.py::fit_view","parent":null,"state":"building","phase":"Meshing components","progress":[190,686],"elapsed":13.219}
{"model":"C:\\Users\\erena\\Desktop\\Nuclear Option Munitions Package\\cad\\phantom_visual_reboot\\src\\donor_fit_lowered.py::fit_view","parent":null,"state":"building","phase":"Meshing components","progress":[191,686],"elapsed":13.235}
{"model":"C:\\Users\\erena\\Desktop\\Nuclear Option Munitions Package\\cad\\phantom_visual_reboot\\src\\donor_fit_lowered.py::fit_view","parent":null,"state":"building","phase":"Meshing components","progress":[192,686],"elapsed":13.235}
{"model":"C:\\Users\\erena\\Desktop\\Nuclear Option Munitions Package\\cad\\phantom_visual_reboot\\src\\donor_fit_lowered.py::fit_view","parent":null,"state":"building","phase":"Meshing components","progress":[193,686],"elapsed":13.235}
{"model":"C:\\Users\\erena\\Desktop\\Nuclear Option Munitions Package\\cad\\phantom_visual_reboot\\src\\donor_fit_lowered.py::fit_view","parent":null,"state":"building","phase":"Meshing components","progress":[194,686],"elapsed":13.25}
{"model":"C:\\Users\\erena\\Desktop\\Nuclear Option Munitions Package\\cad\\phantom_visual_reboot\\src\\donor_fit_lowered.py::fit_view","parent":null,"state":"building","phase":"Meshing components","progress":[195,686],"elapsed":13.25}
{"model":"C:\\Users\\erena\\Desktop\\Nuclear Option Munitions Package\\cad\\phantom_visual_reboot\\src\\donor_fit_lowered.py::fit_view","parent":null,"state":"building","phase":"Meshing components","progress":[196,686],"elapsed":13.25}
{"model":"C:\\Users\\erena\\Desktop\\Nuclear Option Munitions Package\\cad\\phantom_visual_reboot\\src\\donor_fit_lowered.py::fit_view","parent":null,"state":"building","phase":"Meshing components","progress":[197,686],"elapsed":13.25}
{"model":"C:\\Users\\erena\\Desktop\\Nuclear Option Munitions Package\\cad\\phantom_visual_reboot\\src\\donor_fit_lowered.py::fit_view","parent":null,"state":"building","phase":"Meshing components","progress":[198,686],"elapsed":13.266}
{"model":"C:\\Users\\erena\\Desktop\\Nuclear Option Munitions Package\\cad\\phantom_visual_reboot\\src\\donor_fit_lowered.py::fit_view","parent":null,"state":"building","phase":"Meshing components","progress":[199,686],"elapsed":13.266}
{"model":"C:\\Users\\erena\\Desktop\\Nuclear Option Munitions Package\\cad\\phantom_visual_reboot\\src\\donor_fit_lowered.py::fit_view","parent":null,"state":"building","phase":"Meshing components","progress":[200,686],"elapsed":13.266}
{"model":"C:\\Users\\erena\\Desktop\\Nuclear Option Munitions Package\\cad\\phantom_visual_reboot\\src\\donor_fit_lowered.py::fit_view","parent":null,"state":"building","phase":"Meshing components","progress":[201,686],"elapsed":13.266}
{"model":"C:\\Users\\erena\\Desktop\\Nuclear Option Munitions Package\\cad\\phantom_visual_reboot\\src\\donor_fit_lowered.py::fit_view","parent":null,"state":"building","phase":"Meshing components","progress":[202,686],"elapsed":13.281}
{"model":"C:\\Users\\erena\\Desktop\\Nuclear Option Munitions Package\\cad\\phantom_visual_reboot\\src\\donor_fit_lowered.py::fit_view","parent":null,"state":"building","phase":"Meshing components","progress":[203,686],"elapsed":13.281}
{"model":"C:\\Users\\erena\\Desktop\\Nuclear Option Munitions Package\\cad\\phantom_visual_reboot\\src\\donor_fit_lowered.py::fit_view","parent":null,"state":"building","phase":"Meshing components","progress":[204,686],"elapsed":13.281}
{"model":"C:\\Users\\erena\\Desktop\\Nuclear Option Munitions Package\\cad\\phantom_visual_reboot\\src\\donor_fit_lowered.py::fit_view","parent":null,"state":"building","phase":"Meshing components","progress":[205,686],"elapsed":13.281}
{"model":"C:\\Users\\erena\\Desktop\\Nuclear Option Munitions Package\\cad\\phantom_visual_reboot\\src\\donor_fit_lowered.py::fit_view","parent":null,"state":"building","phase":"Meshing components","progress":[206,686],"elapsed":13.281}
{"model":"C:\\Users\\erena\\Desktop\\Nuclear Option Munitions Package\\cad\\phantom_visual_reboot\\src\\donor_fit_lowered.py::fit_view","parent":null,"state":"building","phase":"Meshing components","progress":[207,686],"elapsed":13.281}
{"model":"C:\\Users\\erena\\Desktop\\Nuclear Option Munitions Package\\cad\\phantom_visual_reboot\\src\\donor_fit_lowered.py::fit_view","parent":null,"state":"building","phase":"Meshing components","progress":[208,686],"elapsed":13.297}
{"model":"C:\\Users\\erena\\Desktop\\Nuclear Option Munitions Package\\cad\\phantom_visual_reboot\\src\\donor_fit_lowered.py::fit_view","parent":null,"state":"building","phase":"Meshing components","progress":[209,686],"elapsed":13.297}
{"model":"C:\\Users\\erena\\Desktop\\Nuclear Option Munitions Package\\cad\\phantom_visual_reboot\\src\\donor_fit_lowered.py::fit_view","parent":null,"state":"building","phase":"Meshing components","progress":[210,686],"elapsed":13.297}
{"model":"C:\\Users\\erena\\Desktop\\Nuclear Option Munitions Package\\cad\\phantom_visual_reboot\\src\\donor_fit_lowered.py::fit_view","parent":null,"state":"building","phase":"Meshing components","progress":[211,686],"elapsed":13.313}
{"model":"C:\\Users\\erena\\Desktop\\Nuclear Option Munitions Package\\cad\\phantom_visual_reboot\\src\\donor_fit_lowered.py::fit_view","parent":null,"state":"building","phase":"Meshing components","progress":[212,686],"elapsed":13.313}
{"model":"C:\\Users\\erena\\Desktop\\Nuclear Option Munitions Package\\cad\\phantom_visual_reboot\\src\\donor_fit_lowered.py::fit_view","parent":null,"state":"building","phase":"Meshing components","progress":[213,686],"elapsed":13.313}
{"model":"C:\\Users\\erena\\Desktop\\Nuclear Option Munitions Package\\cad\\phantom_visual_reboot\\src\\donor_fit_lowered.py::fit_view","parent":null,"state":"building","phase":"Meshing components","progress":[214,686],"elapsed":13.328}
{"model":"C:\\Users\\erena\\Desktop\\Nuclear Option Munitions Package\\cad\\phantom_visual_reboot\\src\\donor_fit_lowered.py::fit_view","parent":null,"state":"building","phase":"Meshing components","progress":[215,686],"elapsed":13.328}
{"model":"C:\\Users\\erena\\Desktop\\Nuclear Option Munitions Package\\cad\\phantom_visual_reboot\\src\\donor_fit_lowered.py::fit_view","parent":null,"state":"building","phase":"Meshing components","progress":[216,686],"elapsed":13.344}
{"model":"C:\\Users\\erena\\Desktop\\Nuclear Option Munitions Package\\cad\\phantom_visual_reboot\\src\\donor_fit_lowered.py::fit_view","parent":null,"state":"building","phase":"Meshing components","progress":[217,686],"elapsed":13.344}
{"model":"C:\\Users\\erena\\Desktop\\Nuclear Option Munitions Package\\cad\\phantom_visual_reboot\\src\\donor_fit_lowered.py::fit_view","parent":null,"state":"building","phase":"Meshing components","progress":[218,686],"elapsed":13.36}
{"model":"C:\\Users\\erena\\Desktop\\Nuclear Option Munitions Package\\cad\\phantom_visual_reboot\\src\\donor_fit_lowered.py::fit_view","parent":null,"state":"building","phase":"Meshing components","progress":[219,686],"elapsed":13.36}
{"model":"C:\\Users\\erena\\Desktop\\Nuclear Option Munitions Package\\cad\\phantom_visual_reboot\\src\\donor_fit_lowered.py::fit_view","parent":null,"state":"building","phase":"Meshing components","progress":[220,686],"elapsed":13.36}
{"model":"C:\\Users\\erena\\Desktop\\Nuclear Option Munitions Package\\cad\\phantom_visual_reboot\\src\\donor_fit_lowered.py::fit_view","parent":null,"state":"building","phase":"Meshing components","progress":[221,686],"elapsed":13.36}
{"model":"C:\\Users\\erena\\Desktop\\Nuclear Option Munitions Package\\cad\\phantom_visual_reboot\\src\\donor_fit_lowered.py::fit_view","parent":null,"state":"building","phase":"Meshing components","progress":[222,686],"elapsed":13.36}
{"model":"C:\\Users\\erena\\Desktop\\Nuclear Option Munitions Package\\cad\\phantom_visual_reboot\\src\\donor_fit_lowered.py::fit_view","parent":null,"state":"building","phase":"Meshing components","progress":[223,686],"elapsed":13.375}
{"model":"C:\\Users\\erena\\Desktop\\Nuclear Option Munitions Package\\cad\\phantom_visual_reboot\\src\\donor_fit_lowered.py::fit_view","parent":null,"state":"building","phase":"Meshing components","progress":[224,686],"elapsed":13.375}
{"model":"C:\\Users\\erena\\Desktop\\Nuclear Option Munitions Package\\cad\\phantom_visual_reboot\\src\\donor_fit_lowered.py::fit_view","parent":null,"state":"building","phase":"Meshing components","progress":[225,686],"elapsed":13.375}
{"model":"C:\\Users\\erena\\Desktop\\Nuclear Option Munitions Package\\cad\\phantom_visual_reboot\\src\\donor_fit_lowered.py::fit_view","parent":null,"state":"building","phase":"Meshing components","progress":[226,686],"elapsed":13.391}
{"model":"C:\\Users\\erena\\Desktop\\Nuclear Option Munitions Package\\cad\\phantom_visual_reboot\\src\\donor_fit_lowered.py::fit_view","parent":null,"state":"building","phase":"Meshing components","progress":[227,686],"elapsed":13.391}
{"model":"C:\\Users\\erena\\Desktop\\Nuclear Option Munitions Package\\cad\\phantom_visual_reboot\\src\\donor_fit_lowered.py::fit_view","parent":null,"state":"building","phase":"Meshing components","progress":[228,686],"elapsed":13.391}
{"model":"C:\\Users\\erena\\Desktop\\Nuclear Option Munitions Package\\cad\\phantom_visual_reboot\\src\\donor_fit_lowered.py::fit_view","parent":null,"state":"building","phase":"Meshing components","progress":[229,686],"elapsed":13.391}
{"model":"C:\\Users\\erena\\Desktop\\Nuclear Option Munitions Package\\cad\\phantom_visual_reboot\\src\\donor_fit_lowered.py::fit_view","parent":null,"state":"building","phase":"Meshing components","progress":[230,686],"elapsed":13.406}
{"model":"C:\\Users\\erena\\Desktop\\Nuclear Option Munitions Package\\cad\\phantom_visual_reboot\\src\\donor_fit_lowered.py::fit_view","parent":null,"state":"building","phase":"Meshing components","progress":[231,686],"elapsed":13.406}
{"model":"C:\\Users\\erena\\Desktop\\Nuclear Option Munitions Package\\cad\\phantom_visual_reboot\\src\\donor_fit_lowered.py::fit_view","parent":null,"state":"building","phase":"Meshing components","progress":[232,686],"elapsed":13.406}
{"model":"C:\\Users\\erena\\Desktop\\Nuclear Option Munitions Package\\cad\\phantom_visual_reboot\\src\\donor_fit_lowered.py::fit_view","parent":null,"state":"building","phase":"Meshing components","progress":[233,686],"elapsed":13.406}
{"model":"C:\\Users\\erena\\Desktop\\Nuclear Option Munitions Package\\cad\\phantom_visual_reboot\\src\\donor_fit_lowered.py::fit_view","parent":null,"state":"building","phase":"Meshing components","progress":[234,686],"elapsed":13.422}
{"model":"C:\\Users\\erena\\Desktop\\Nuclear Option Munitions Package\\cad\\phantom_visual_reboot\\src\\donor_fit_lowered.py::fit_view","parent":null,"state":"building","phase":"Meshing components","progress":[235,686],"elapsed":13.438}
{"model":"C:\\Users\\erena\\Desktop\\Nuclear Option Munitions Package\\cad\\phantom_visual_reboot\\src\\donor_fit_lowered.py::fit_view","parent":null,"state":"building","phase":"Meshing components","progress":[236,686],"elapsed":13.438}
{"model":"C:\\Users\\erena\\Desktop\\Nuclear Option Munitions Package\\cad\\phantom_visual_reboot\\src\\donor_fit_lowered.py::fit_view","parent":null,"state":"building","phase":"Meshing components","progress":[237,686],"elapsed":13.438}
{"model":"C:\\Users\\erena\\Desktop\\Nuclear Option Munitions Package\\cad\\phantom_visual_reboot\\src\\donor_fit_lowered.py::fit_view","parent":null,"state":"building","phase":"Meshing components","progress":[238,686],"elapsed":13.453}
{"model":"C:\\Users\\erena\\Desktop\\Nuclear Option Munitions Package\\cad\\phantom_visual_reboot\\src\\donor_fit_lowered.py::fit_view","parent":null,"state":"building","phase":"Meshing components","progress":[239,686],"elapsed":13.453}
{"model":"C:\\Users\\erena\\Desktop\\Nuclear Option Munitions Package\\cad\\phantom_visual_reboot\\src\\donor_fit_lowered.py::fit_view","parent":null,"state":"building","phase":"Meshing components","progress":[240,686],"elapsed":13.469}
{"model":"C:\\Users\\erena\\Desktop\\Nuclear Option Munitions Package\\cad\\phantom_visual_reboot\\src\\donor_fit_lowered.py::fit_view","parent":null,"state":"building","phase":"Meshing components","progress":[241,686],"elapsed":13.469}
{"model":"C:\\Users\\erena\\Desktop\\Nuclear Option Munitions Package\\cad\\phantom_visual_reboot\\src\\donor_fit_lowered.py::fit_view","parent":null,"state":"building","phase":"Meshing components","progress":[242,686],"elapsed":13.469}
{"model":"C:\\Users\\erena\\Desktop\\Nuclear Option Munitions Package\\cad\\phantom_visual_reboot\\src\\donor_fit_lowered.py::fit_view","parent":null,"state":"building","phase":"Meshing components","progress":[243,686],"elapsed":13.485}
{"model":"C:\\Users\\erena\\Desktop\\Nuclear Option Munitions Package\\cad\\phantom_visual_reboot\\src\\donor_fit_lowered.py::fit_view","parent":null,"state":"building","phase":"Meshing components","progress":[244,686],"elapsed":13.485}
{"model":"C:\\Users\\erena\\Desktop\\Nuclear Option Munitions Package\\cad\\phantom_visual_reboot\\src\\donor_fit_lowered.py::fit_view","parent":null,"state":"building","phase":"Meshing components","progress":[245,686],"elapsed":13.485}
{"model":"C:\\Users\\erena\\Desktop\\Nuclear Option Munitions Package\\cad\\phantom_visual_reboot\\src\\donor_fit_lowered.py::fit_view","parent":null,"state":"building","phase":"Meshing components","progress":[246,686],"elapsed":13.5}
{"model":"C:\\Users\\erena\\Desktop\\Nuclear Option Munitions Package\\cad\\phantom_visual_reboot\\src\\donor_fit_lowered.py::fit_view","parent":null,"state":"building","phase":"Meshing components","progress":[247,686],"elapsed":13.5}
{"model":"C:\\Users\\erena\\Desktop\\Nuclear Option Munitions Package\\cad\\phantom_visual_reboot\\src\\donor_fit_lowered.py::fit_view","parent":null,"state":"building","phase":"Meshing components","progress":[248,686],"elapsed":13.516}
{"model":"C:\\Users\\erena\\Desktop\\Nuclear Option Munitions Package\\cad\\phantom_visual_reboot\\src\\donor_fit_lowered.py::fit_view","parent":null,"state":"building","phase":"Meshing components","progress":[249,686],"elapsed":13.516}
{"model":"C:\\Users\\erena\\Desktop\\Nuclear Option Munitions Package\\cad\\phantom_visual_reboot\\src\\donor_fit_lowered.py::fit_view","parent":null,"state":"building","phase":"Meshing components","progress":[250,686],"elapsed":13.531}
{"model":"C:\\Users\\erena\\Desktop\\Nuclear Option Munitions Package\\cad\\phantom_visual_reboot\\src\\donor_fit_lowered.py::fit_view","parent":null,"state":"building","phase":"Meshing components","progress":[251,686],"elapsed":13.531}
{"model":"C:\\Users\\erena\\Desktop\\Nuclear Option Munitions Package\\cad\\phantom_visual_reboot\\src\\donor_fit_lowered.py::fit_view","parent":null,"state":"building","phase":"Meshing components","progress":[252,686],"elapsed":13.547}
{"model":"C:\\Users\\erena\\Desktop\\Nuclear Option Munitions Package\\cad\\phantom_visual_reboot\\src\\donor_fit_lowered.py::fit_view","parent":null,"state":"building","phase":"Meshing components","progress":[253,686],"elapsed":13.547}
{"model":"C:\\Users\\erena\\Desktop\\Nuclear Option Munitions Package\\cad\\phantom_visual_reboot\\src\\donor_fit_lowered.py::fit_view","parent":null,"state":"building","phase":"Meshing components","progress":[254,686],"elapsed":13.547}
{"model":"C:\\Users\\erena\\Desktop\\Nuclear Option Munitions Package\\cad\\phantom_visual_reboot\\src\\donor_fit_lowered.py::fit_view","parent":null,"state":"building","phase":"Meshing components","progress":[255,686],"elapsed":13.547}
{"model":"C:\\Users\\erena\\Desktop\\Nuclear Option Munitions Package\\cad\\phantom_visual_reboot\\src\\donor_fit_lowered.py::fit_view","parent":null,"state":"building","phase":"Meshing components","progress":[256,686],"elapsed":13.563}
{"model":"C:\\Users\\erena\\Desktop\\Nuclear Option Munitions Package\\cad\\phantom_visual_reboot\\src\\donor_fit_lowered.py::fit_view","parent":null,"state":"building","phase":"Meshing components","progress":[257,686],"elapsed":13.563}
{"model":"C:\\Users\\erena\\Desktop\\Nuclear Option Munitions Package\\cad\\phantom_visual_reboot\\src\\donor_fit_lowered.py::fit_view","parent":null,"state":"building","phase":"Meshing components","progress":[258,686],"elapsed":13.563}
{"model":"C:\\Users\\erena\\Desktop\\Nuclear Option Munitions Package\\cad\\phantom_visual_reboot\\src\\donor_fit_lowered.py::fit_view","parent":null,"state":"building","phase":"Meshing components","progress":[259,686],"elapsed":13.563}
{"model":"C:\\Users\\erena\\Desktop\\Nuclear Option Munitions Package\\cad\\phantom_visual_reboot\\src\\donor_fit_lowered.py::fit_view","parent":null,"state":"building","phase":"Meshing components","progress":[260,686],"elapsed":13.578}
{"model":"C:\\Users\\erena\\Desktop\\Nuclear Option Munitions Package\\cad\\phantom_visual_reboot\\src\\donor_fit_lowered.py::fit_view","parent":null,"state":"building","phase":"Meshing components","progress":[261,686],"elapsed":13.578}
{"model":"C:\\Users\\erena\\Desktop\\Nuclear Option Munitions Package\\cad\\phantom_visual_reboot\\src\\donor_fit_lowered.py::fit_view","parent":null,"state":"building","phase":"Meshing components","progress":[262,686],"elapsed":13.578}
{"model":"C:\\Users\\erena\\Desktop\\Nuclear Option Munitions Package\\cad\\phantom_visual_reboot\\src\\donor_fit_lowered.py::fit_view","parent":null,"state":"building","phase":"Meshing components","progress":[263,686],"elapsed":13.594}
{"model":"C:\\Users\\erena\\Desktop\\Nuclear Option Munitions Package\\cad\\phantom_visual_reboot\\src\\donor_fit_lowered.py::fit_view","parent":null,"state":"building","phase":"Meshing components","progress":[264,686],"elapsed":13.594}
{"model":"C:\\Users\\erena\\Desktop\\Nuclear Option Munitions Package\\cad\\phantom_visual_reboot\\src\\donor_fit_lowered.py::fit_view","parent":null,"state":"building","phase":"Meshing components","progress":[265,686],"elapsed":13.594}
{"model":"C:\\Users\\erena\\Desktop\\Nuclear Option Munitions Package\\cad\\phantom_visual_reboot\\src\\donor_fit_lowered.py::fit_view","parent":null,"state":"building","phase":"Meshing components","progress":[266,686],"elapsed":13.61}
{"model":"C:\\Users\\erena\\Desktop\\Nuclear Option Munitions Package\\cad\\phantom_visual_reboot\\src\\donor_fit_lowered.py::fit_view","parent":null,"state":"building","phase":"Meshing components","progress":[267,686],"elapsed":13.61}
{"model":"C:\\Users\\erena\\Desktop\\Nuclear Option Munitions Package\\cad\\phantom_visual_reboot\\src\\donor_fit_lowered.py::fit_view","parent":null,"state":"building","phase":"Meshing components","progress":[268,686],"elapsed":13.61}
{"model":"C:\\Users\\erena\\Desktop\\Nuclear Option Munitions Package\\cad\\phantom_visual_reboot\\src\\donor_fit_lowered.py::fit_view","parent":null,"state":"building","phase":"Meshing components","progress":[269,686],"elapsed":13.61}
{"model":"C:\\Users\\erena\\Desktop\\Nuclear Option Munitions Package\\cad\\phantom_visual_reboot\\src\\donor_fit_lowered.py::fit_view","parent":null,"state":"building","phase":"Meshing components","progress":[270,686],"elapsed":13.61}
{"model":"C:\\Users\\erena\\Desktop\\Nuclear Option Munitions Package\\cad\\phantom_visual_reboot\\src\\donor_fit_lowered.py::fit_view","parent":null,"state":"building","phase":"Meshing components","progress":[271,686],"elapsed":13.625}
{"model":"C:\\Users\\erena\\Desktop\\Nuclear Option Munitions Package\\cad\\phantom_visual_reboot\\src\\donor_fit_lowered.py::fit_view","parent":null,"state":"building","phase":"Meshing components","progress":[272,686],"elapsed":13.625}
{"model":"C:\\Users\\erena\\Desktop\\Nuclear Option Munitions Package\\cad\\phantom_visual_reboot\\src\\donor_fit_lowered.py::fit_view","parent":null,"state":"building","phase":"Meshing components","progress":[273,686],"elapsed":13.625}
{"model":"C:\\Users\\erena\\Desktop\\Nuclear Option Munitions Package\\cad\\phantom_visual_reboot\\src\\donor_fit_lowered.py::fit_view","parent":null,"state":"building","phase":"Meshing components","progress":[274,686],"elapsed":13.625}
{"model":"C:\\Users\\erena\\Desktop\\Nuclear Option Munitions Package\\cad\\phantom_visual_reboot\\src\\donor_fit_lowered.py::fit_view","parent":null,"state":"building","phase":"Meshing components","progress":[275,686],"elapsed":13.641}
{"model":"C:\\Users\\erena\\Desktop\\Nuclear Option Munitions Package\\cad\\phantom_visual_reboot\\src\\donor_fit_lowered.py::fit_view","parent":null,"state":"building","phase":"Meshing components","progress":[276,686],"elapsed":13.641}
{"model":"C:\\Users\\erena\\Desktop\\Nuclear Option Munitions Package\\cad\\phantom_visual_reboot\\src\\donor_fit_lowered.py::fit_view","parent":null,"state":"building","phase":"Meshing components","progress":[277,686],"elapsed":13.641}
{"model":"C:\\Users\\erena\\Desktop\\Nuclear Option Munitions Package\\cad\\phantom_visual_reboot\\src\\donor_fit_lowered.py::fit_view","parent":null,"state":"building","phase":"Meshing components","progress":[278,686],"elapsed":13.656}
{"model":"C:\\Users\\erena\\Desktop\\Nuclear Option Munitions Package\\cad\\phantom_visual_reboot\\src\\donor_fit_lowered.py::fit_view","parent":null,"state":"building","phase":"Meshing components","progress":[279,686],"elapsed":13.656}
{"model":"C:\\Users\\erena\\Desktop\\Nuclear Option Munitions Package\\cad\\phantom_visual_reboot\\src\\donor_fit_lowered.py::fit_view","parent":null,"state":"building","phase":"Meshing components","progress":[280,686],"elapsed":13.656}
{"model":"C:\\Users\\erena\\Desktop\\Nuclear Option Munitions Package\\cad\\phantom_visual_reboot\\src\\donor_fit_lowered.py::fit_view","parent":null,"state":"building","phase":"Meshing components","progress":[281,686],"elapsed":13.672}
{"model":"C:\\Users\\erena\\Desktop\\Nuclear Option Munitions Package\\cad\\phantom_visual_reboot\\src\\donor_fit_lowered.py::fit_view","parent":null,"state":"building","phase":"Meshing components","progress":[282,686],"elapsed":13.672}
{"model":"C:\\Users\\erena\\Desktop\\Nuclear Option Munitions Package\\cad\\phantom_visual_reboot\\src\\donor_fit_lowered.py::fit_view","parent":null,"state":"building","phase":"Meshing components","progress":[283,686],"elapsed":13.672}
{"model":"C:\\Users\\erena\\Desktop\\Nuclear Option Munitions Package\\cad\\phantom_visual_reboot\\src\\donor_fit_lowered.py::fit_view","parent":null,"state":"building","phase":"Meshing components","progress":[284,686],"elapsed":13.688}
{"model":"C:\\Users\\erena\\Desktop\\Nuclear Option Munitions Package\\cad\\phantom_visual_reboot\\src\\donor_fit_lowered.py::fit_view","parent":null,"state":"building","phase":"Meshing components","progress":[285,686],"elapsed":13.688}
{"model":"C:\\Users\\erena\\Desktop\\Nuclear Option Munitions Package\\cad\\phantom_visual_reboot\\src\\donor_fit_lowered.py::fit_view","parent":null,"state":"building","phase":"Meshing components","progress":[286,686],"elapsed":13.688}
{"model":"C:\\Users\\erena\\Desktop\\Nuclear Option Munitions Package\\cad\\phantom_visual_reboot\\src\\donor_fit_lowered.py::fit_view","parent":null,"state":"building","phase":"Meshing components","progress":[287,686],"elapsed":13.703}
{"model":"C:\\Users\\erena\\Desktop\\Nuclear Option Munitions Package\\cad\\phantom_visual_reboot\\src\\donor_fit_lowered.py::fit_view","parent":null,"state":"building","phase":"Meshing components","progress":[288,686],"elapsed":13.703}
{"model":"C:\\Users\\erena\\Desktop\\Nuclear Option Munitions Package\\cad\\phantom_visual_reboot\\src\\donor_fit_lowered.py::fit_view","parent":null,"state":"building","phase":"Meshing components","progress":[289,686],"elapsed":13.703}
{"model":"C:\\Users\\erena\\Desktop\\Nuclear Option Munitions Package\\cad\\phantom_visual_reboot\\src\\donor_fit_lowered.py::fit_view","parent":null,"state":"building","phase":"Meshing components","progress":[290,686],"elapsed":13.719}
{"model":"C:\\Users\\erena\\Desktop\\Nuclear Option Munitions Package\\cad\\phantom_visual_reboot\\src\\donor_fit_lowered.py::fit_view","parent":null,"state":"building","phase":"Meshing components","progress":[291,686],"elapsed":13.719}
{"model":"C:\\Users\\erena\\Desktop\\Nuclear Option Munitions Package\\cad\\phantom_visual_reboot\\src\\donor_fit_lowered.py::fit_view","parent":null,"state":"building","phase":"Meshing components","progress":[292,686],"elapsed":13.735}
{"model":"C:\\Users\\erena\\Desktop\\Nuclear Option Munitions Package\\cad\\phantom_visual_reboot\\src\\donor_fit_lowered.py::fit_view","parent":null,"state":"building","phase":"Meshing components","progress":[293,686],"elapsed":13.735}
{"model":"C:\\Users\\erena\\Desktop\\Nuclear Option Munitions Package\\cad\\phantom_visual_reboot\\src\\donor_fit_lowered.py::fit_view","parent":null,"state":"building","phase":"Meshing components","progress":[294,686],"elapsed":13.75}
{"model":"C:\\Users\\erena\\Desktop\\Nuclear Option Munitions Package\\cad\\phantom_visual_reboot\\src\\donor_fit_lowered.py::fit_view","parent":null,"state":"building","phase":"Meshing components","progress":[295,686],"elapsed":13.75}
{"model":"C:\\Users\\erena\\Desktop\\Nuclear Option Munitions Package\\cad\\phantom_visual_reboot\\src\\donor_fit_lowered.py::fit_view","parent":null,"state":"building","phase":"Meshing components","progress":[296,686],"elapsed":13.75}
{"model":"C:\\Users\\erena\\Desktop\\Nuclear Option Munitions Package\\cad\\phantom_visual_reboot\\src\\donor_fit_lowered.py::fit_view","parent":null,"state":"building","phase":"Meshing components","progress":[297,686],"elapsed":13.766}
{"model":"C:\\Users\\erena\\Desktop\\Nuclear Option Munitions Package\\cad\\phantom_visual_reboot\\src\\donor_fit_lowered.py::fit_view","parent":null,"state":"building","phase":"Meshing components","progress":[298,686],"elapsed":13.766}
{"model":"C:\\Users\\erena\\Desktop\\Nuclear Option Munitions Package\\cad\\phantom_visual_reboot\\src\\donor_fit_lowered.py::fit_view","parent":null,"state":"building","phase":"Meshing components","progress":[299,686],"elapsed":13.766}
{"model":"C:\\Users\\erena\\Desktop\\Nuclear Option Munitions Package\\cad\\phantom_visual_reboot\\src\\donor_fit_lowered.py::fit_view","parent":null,"state":"building","phase":"Meshing components","progress":[300,686],"elapsed":13.781}
{"model":"C:\\Users\\erena\\Desktop\\Nuclear Option Munitions Package\\cad\\phantom_visual_reboot\\src\\donor_fit_lowered.py::fit_view","parent":null,"state":"building","phase":"Meshing components","progress":[301,686],"elapsed":13.781}
{"model":"C:\\Users\\erena\\Desktop\\Nuclear Option Munitions Package\\cad\\phantom_visual_reboot\\src\\donor_fit_lowered.py::fit_view","parent":null,"state":"building","phase":"Meshing components","progress":[302,686],"elapsed":13.781}
{"model":"C:\\Users\\erena\\Desktop\\Nuclear Option Munitions Package\\cad\\phantom_visual_reboot\\src\\donor_fit_lowered.py::fit_view","parent":null,"state":"building","phase":"Meshing components","progress":[303,686],"elapsed":13.781}
{"model":"C:\\Users\\erena\\Desktop\\Nuclear Option Munitions Package\\cad\\phantom_visual_reboot\\src\\donor_fit_lowered.py::fit_view","parent":null,"state":"building","phase":"Meshing components","progress":[304,686],"elapsed":13.813}
{"model":"C:\\Users\\erena\\Desktop\\Nuclear Option Munitions Package\\cad\\phantom_visual_reboot\\src\\donor_fit_lowered.py::fit_view","parent":null,"state":"building","phase":"Meshing components","progress":[305,686],"elapsed":13.813}
{"model":"C:\\Users\\erena\\Desktop\\Nuclear Option Munitions Package\\cad\\phantom_visual_reboot\\src\\donor_fit_lowered.py::fit_view","parent":null,"state":"building","phase":"Meshing components","progress":[306,686],"elapsed":13.813}
{"model":"C:\\Users\\erena\\Desktop\\Nuclear Option Munitions Package\\cad\\phantom_visual_reboot\\src\\donor_fit_lowered.py::fit_view","parent":null,"state":"building","phase":"Meshing components","progress":[307,686],"elapsed":13.828}
{"model":"C:\\Users\\erena\\Desktop\\Nuclear Option Munitions Package\\cad\\phantom_visual_reboot\\src\\donor_fit_lowered.py::fit_view","parent":null,"state":"building","phase":"Meshing components","progress":[308,686],"elapsed":13.828}
{"model":"C:\\Users\\erena\\Desktop\\Nuclear Option Munitions Package\\cad\\phantom_visual_reboot\\src\\donor_fit_lowered.py::fit_view","parent":null,"state":"building","phase":"Meshing components","progress":[309,686],"elapsed":13.828}
{"model":"C:\\Users\\erena\\Desktop\\Nuclear Option Munitions Package\\cad\\phantom_visual_reboot\\src\\donor_fit_lowered.py::fit_view","parent":null,"state":"building","phase":"Meshing components","progress":[310,686],"elapsed":13.828}
{"model":"C:\\Users\\erena\\Desktop\\Nuclear Option Munitions Package\\cad\\phantom_visual_reboot\\src\\donor_fit_lowered.py::fit_view","parent":null,"state":"building","phase":"Meshing components","progress":[311,686],"elapsed":13.844}
{"model":"C:\\Users\\erena\\Desktop\\Nuclear Option Munitions Package\\cad\\phantom_visual_reboot\\src\\donor_fit_lowered.py::fit_view","parent":null,"state":"building","phase":"Meshing components","progress":[312,686],"elapsed":13.844}
{"model":"C:\\Users\\erena\\Desktop\\Nuclear Option Munitions Package\\cad\\phantom_visual_reboot\\src\\donor_fit_lowered.py::fit_view","parent":null,"state":"building","phase":"Meshing components","progress":[313,686],"elapsed":13.844}
{"model":"C:\\Users\\erena\\Desktop\\Nuclear Option Munitions Package\\cad\\phantom_visual_reboot\\src\\donor_fit_lowered.py::fit_view","parent":null,"state":"building","phase":"Meshing components","progress":[314,686],"elapsed":13.86}
{"model":"C:\\Users\\erena\\Desktop\\Nuclear Option Munitions Package\\cad\\phantom_visual_reboot\\src\\donor_fit_lowered.py::fit_view","parent":null,"state":"building","phase":"Meshing components","progress":[315,686],"elapsed":13.86}
{"model":"C:\\Users\\erena\\Desktop\\Nuclear Option Munitions Package\\cad\\phantom_visual_reboot\\src\\donor_fit_lowered.py::fit_view","parent":null,"state":"building","phase":"Meshing components","progress":[316,686],"elapsed":13.875}
{"model":"C:\\Users\\erena\\Desktop\\Nuclear Option Munitions Package\\cad\\phantom_visual_reboot\\src\\donor_fit_lowered.py::fit_view","parent":null,"state":"building","phase":"Meshing components","progress":[317,686],"elapsed":13.875}
{"model":"C:\\Users\\erena\\Desktop\\Nuclear Option Munitions Package\\cad\\phantom_visual_reboot\\src\\donor_fit_lowered.py::fit_view","parent":null,"state":"building","phase":"Meshing components","progress":[318,686],"elapsed":13.875}
{"model":"C:\\Users\\erena\\Desktop\\Nuclear Option Munitions Package\\cad\\phantom_visual_reboot\\src\\donor_fit_lowered.py::fit_view","parent":null,"state":"building","phase":"Meshing components","progress":[319,686],"elapsed":13.891}
{"model":"C:\\Users\\erena\\Desktop\\Nuclear Option Munitions Package\\cad\\phantom_visual_reboot\\src\\donor_fit_lowered.py::fit_view","parent":null,"state":"building","phase":"Meshing components","progress":[320,686],"elapsed":13.891}
{"model":"C:\\Users\\erena\\Desktop\\Nuclear Option Munitions Package\\cad\\phantom_visual_reboot\\src\\donor_fit_lowered.py::fit_view","parent":null,"state":"building","phase":"Meshing components","progress":[321,686],"elapsed":13.891}
{"model":"C:\\Users\\erena\\Desktop\\Nuclear Option Munitions Package\\cad\\phantom_visual_reboot\\src\\donor_fit_lowered.py::fit_view","parent":null,"state":"building","phase":"Meshing components","progress":[322,686],"elapsed":13.891}
{"model":"C:\\Users\\erena\\Desktop\\Nuclear Option Munitions Package\\cad\\phantom_visual_reboot\\src\\donor_fit_lowered.py::fit_view","parent":null,"state":"building","phase":"Meshing components","progress":[323,686],"elapsed":13.906}
{"model":"C:\\Users\\erena\\Desktop\\Nuclear Option Munitions Package\\cad\\phantom_visual_reboot\\src\\donor_fit_lowered.py::fit_view","parent":null,"state":"building","phase":"Meshing components","progress":[324,686],"elapsed":13.906}
{"model":"C:\\Users\\erena\\Desktop\\Nuclear Option Munitions Package\\cad\\phantom_visual_reboot\\src\\donor_fit_lowered.py::fit_view","parent":null,"state":"building","phase":"Meshing components","progress":[325,686],"elapsed":13.906}
{"model":"C:\\Users\\erena\\Desktop\\Nuclear Option Munitions Package\\cad\\phantom_visual_reboot\\src\\donor_fit_lowered.py::fit_view","parent":null,"state":"building","phase":"Meshing components","progress":[326,686],"elapsed":13.922}
{"model":"C:\\Users\\erena\\Desktop\\Nuclear Option Munitions Package\\cad\\phantom_visual_reboot\\src\\donor_fit_lowered.py::fit_view","parent":null,"state":"building","phase":"Meshing components","progress":[327,686],"elapsed":13.922}
{"model":"C:\\Users\\erena\\Desktop\\Nuclear Option Munitions Package\\cad\\phantom_visual_reboot\\src\\donor_fit_lowered.py::fit_view","parent":null,"state":"building","phase":"Meshing components","progress":[328,686],"elapsed":13.922}
{"model":"C:\\Users\\erena\\Desktop\\Nuclear Option Munitions Package\\cad\\phantom_visual_reboot\\src\\donor_fit_lowered.py::fit_view","parent":null,"state":"building","phase":"Meshing components","progress":[329,686],"elapsed":13.938}
{"model":"C:\\Users\\erena\\Desktop\\Nuclear Option Munitions Package\\cad\\phantom_visual_reboot\\src\\donor_fit_lowered.py::fit_view","parent":null,"state":"building","phase":"Meshing components","progress":[330,686],"elapsed":13.938}
{"model":"C:\\Users\\erena\\Desktop\\Nuclear Option Munitions Package\\cad\\phantom_visual_reboot\\src\\donor_fit_lowered.py::fit_view","parent":null,"state":"building","phase":"Meshing components","progress":[331,686],"elapsed":13.953}
{"model":"C:\\Users\\erena\\Desktop\\Nuclear Option Munitions Package\\cad\\phantom_visual_reboot\\src\\donor_fit_lowered.py::fit_view","parent":null,"state":"building","phase":"Meshing components","progress":[332,686],"elapsed":13.953}
{"model":"C:\\Users\\erena\\Desktop\\Nuclear Option Munitions Package\\cad\\phantom_visual_reboot\\src\\donor_fit_lowered.py::fit_view","parent":null,"state":"building","phase":"Meshing components","progress":[333,686],"elapsed":13.969}
{"model":"C:\\Users\\erena\\Desktop\\Nuclear Option Munitions Package\\cad\\phantom_visual_reboot\\src\\donor_fit_lowered.py::fit_view","parent":null,"state":"building","phase":"Meshing components","progress":[334,686],"elapsed":13.969}
{"model":"C:\\Users\\erena\\Desktop\\Nuclear Option Munitions Package\\cad\\phantom_visual_reboot\\src\\donor_fit_lowered.py::fit_view","parent":null,"state":"building","phase":"Meshing components","progress":[335,686],"elapsed":13.985}
{"model":"C:\\Users\\erena\\Desktop\\Nuclear Option Munitions Package\\cad\\phantom_visual_reboot\\src\\donor_fit_lowered.py::fit_view","parent":null,"state":"building","phase":"Meshing components","progress":[336,686],"elapsed":13.985}
{"model":"C:\\Users\\erena\\Desktop\\Nuclear Option Munitions Package\\cad\\phantom_visual_reboot\\src\\donor_fit_lowered.py::fit_view","parent":null,"state":"building","phase":"Meshing components","progress":[337,686],"elapsed":13.985}
{"model":"C:\\Users\\erena\\Desktop\\Nuclear Option Munitions Package\\cad\\phantom_visual_reboot\\src\\donor_fit_lowered.py::fit_view","parent":null,"state":"building","phase":"Meshing components","progress":[338,686],"elapsed":14.0}
{"model":"C:\\Users\\erena\\Desktop\\Nuclear Option Munitions Package\\cad\\phantom_visual_reboot\\src\\donor_fit_lowered.py::fit_view","parent":null,"state":"building","phase":"Meshing components","progress":[339,686],"elapsed":14.0}
{"model":"C:\\Users\\erena\\Desktop\\Nuclear Option Munitions Package\\cad\\phantom_visual_reboot\\src\\donor_fit_lowered.py::fit_view","parent":null,"state":"building","phase":"Meshing components","progress":[340,686],"elapsed":14.0}
{"model":"C:\\Users\\erena\\Desktop\\Nuclear Option Munitions Package\\cad\\phantom_visual_reboot\\src\\donor_fit_lowered.py::fit_view","parent":null,"state":"building","phase":"Meshing components","progress":[341,686],"elapsed":14.016}
{"model":"C:\\Users\\erena\\Desktop\\Nuclear Option Munitions Package\\cad\\phantom_visual_reboot\\src\\donor_fit_lowered.py::fit_view","parent":null,"state":"building","phase":"Meshing components","progress":[342,686],"elapsed":14.016}
{"model":"C:\\Users\\erena\\Desktop\\Nuclear Option Munitions Package\\cad\\phantom_visual_reboot\\src\\donor_fit_lowered.py::fit_view","parent":null,"state":"building","phase":"Meshing components","progress":[343,686],"elapsed":14.031}
{"model":"C:\\Users\\erena\\Desktop\\Nuclear Option Munitions Package\\cad\\phantom_visual_reboot\\src\\donor_fit_lowered.py::fit_view","parent":null,"state":"building","phase":"Meshing components","progress":[344,686],"elapsed":14.031}
{"model":"C:\\Users\\erena\\Desktop\\Nuclear Option Munitions Package\\cad\\phantom_visual_reboot\\src\\donor_fit_lowered.py::fit_view","parent":null,"state":"building","phase":"Meshing components","progress":[345,686],"elapsed":14.031}
{"model":"C:\\Users\\erena\\Desktop\\Nuclear Option Munitions Package\\cad\\phantom_visual_reboot\\src\\donor_fit_lowered.py::fit_view","parent":null,"state":"building","phase":"Meshing components","progress":[346,686],"elapsed":14.031}
{"model":"C:\\Users\\erena\\Desktop\\Nuclear Option Munitions Package\\cad\\phantom_visual_reboot\\src\\donor_fit_lowered.py::fit_view","parent":null,"state":"building","phase":"Meshing components","progress":[347,686],"elapsed":14.031}
{"model":"C:\\Users\\erena\\Desktop\\Nuclear Option Munitions Package\\cad\\phantom_visual_reboot\\src\\donor_fit_lowered.py::fit_view","parent":null,"state":"building","phase":"Meshing components","progress":[348,686],"elapsed":14.047}
{"model":"C:\\Users\\erena\\Desktop\\Nuclear Option Munitions Package\\cad\\phantom_visual_reboot\\src\\donor_fit_lowered.py::fit_view","parent":null,"state":"building","phase":"Meshing components","progress":[349,686],"elapsed":14.047}
{"model":"C:\\Users\\erena\\Desktop\\Nuclear Option Munitions Package\\cad\\phantom_visual_reboot\\src\\donor_fit_lowered.py::fit_view","parent":null,"state":"building","phase":"Meshing components","progress":[350,686],"elapsed":14.063}
{"model":"C:\\Users\\erena\\Desktop\\Nuclear Option Munitions Package\\cad\\phantom_visual_reboot\\src\\donor_fit_lowered.py::fit_view","parent":null,"state":"building","phase":"Meshing components","progress":[351,686],"elapsed":14.063}
{"model":"C:\\Users\\erena\\Desktop\\Nuclear Option Munitions Package\\cad\\phantom_visual_reboot\\src\\donor_fit_lowered.py::fit_view","parent":null,"state":"building","phase":"Meshing components","progress":[352,686],"elapsed":14.078}
{"model":"C:\\Users\\erena\\Desktop\\Nuclear Option Munitions Package\\cad\\phantom_visual_reboot\\src\\donor_fit_lowered.py::fit_view","parent":null,"state":"building","phase":"Meshing components","progress":[353,686],"elapsed":14.078}
{"model":"C:\\Users\\erena\\Desktop\\Nuclear Option Munitions Package\\cad\\phantom_visual_reboot\\src\\donor_fit_lowered.py::fit_view","parent":null,"state":"building","phase":"Meshing components","progress":[354,686],"elapsed":14.078}
{"model":"C:\\Users\\erena\\Desktop\\Nuclear Option Munitions Package\\cad\\phantom_visual_reboot\\src\\donor_fit_lowered.py::fit_view","parent":null,"state":"building","phase":"Meshing components","progress":[355,686],"elapsed":14.094}
{"model":"C:\\Users\\erena\\Desktop\\Nuclear Option Munitions Package\\cad\\phantom_visual_reboot\\src\\donor_fit_lowered.py::fit_view","parent":null,"state":"building","phase":"Meshing components","progress":[356,686],"elapsed":14.094}
{"model":"C:\\Users\\erena\\Desktop\\Nuclear Option Munitions Package\\cad\\phantom_visual_reboot\\src\\donor_fit_lowered.py::fit_view","parent":null,"state":"building","phase":"Meshing components","progress":[357,686],"elapsed":14.11}
{"model":"C:\\Users\\erena\\Desktop\\Nuclear Option Munitions Package\\cad\\phantom_visual_reboot\\src\\donor_fit_lowered.py::fit_view","parent":null,"state":"building","phase":"Meshing components","progress":[358,686],"elapsed":14.11}
{"model":"C:\\Users\\erena\\Desktop\\Nuclear Option Munitions Package\\cad\\phantom_visual_reboot\\src\\donor_fit_lowered.py::fit_view","parent":null,"state":"building","phase":"Meshing components","progress":[359,686],"elapsed":14.11}
{"model":"C:\\Users\\erena\\Desktop\\Nuclear Option Munitions Package\\cad\\phantom_visual_reboot\\src\\donor_fit_lowered.py::fit_view","parent":null,"state":"building","phase":"Meshing components","progress":[360,686],"elapsed":14.11}
{"model":"C:\\Users\\erena\\Desktop\\Nuclear Option Munitions Package\\cad\\phantom_visual_reboot\\src\\donor_fit_lowered.py::fit_view","parent":null,"state":"building","phase":"Meshing components","progress":[361,686],"elapsed":14.125}
{"model":"C:\\Users\\erena\\Desktop\\Nuclear Option Munitions Package\\cad\\phantom_visual_reboot\\src\\donor_fit_lowered.py::fit_view","parent":null,"state":"building","phase":"Meshing components","progress":[362,686],"elapsed":14.125}
{"model":"C:\\Users\\erena\\Desktop\\Nuclear Option Munitions Package\\cad\\phantom_visual_reboot\\src\\donor_fit_lowered.py::fit_view","parent":null,"state":"building","phase":"Meshing components","progress":[363,686],"elapsed":14.125}
{"model":"C:\\Users\\erena\\Desktop\\Nuclear Option Munitions Package\\cad\\phantom_visual_reboot\\src\\donor_fit_lowered.py::fit_view","parent":null,"state":"building","phase":"Meshing components","progress":[364,686],"elapsed":14.125}
{"model":"C:\\Users\\erena\\Desktop\\Nuclear Option Munitions Package\\cad\\phantom_visual_reboot\\src\\donor_fit_lowered.py::fit_view","parent":null,"state":"building","phase":"Meshing components","progress":[365,686],"elapsed":14.141}
{"model":"C:\\Users\\erena\\Desktop\\Nuclear Option Munitions Package\\cad\\phantom_visual_reboot\\src\\donor_fit_lowered.py::fit_view","parent":null,"state":"building","phase":"Meshing components","progress":[366,686],"elapsed":14.141}
{"model":"C:\\Users\\erena\\Desktop\\Nuclear Option Munitions Package\\cad\\phantom_visual_reboot\\src\\donor_fit_lowered.py::fit_view","parent":null,"state":"building","phase":"Meshing components","progress":[367,686],"elapsed":14.141}
{"model":"C:\\Users\\erena\\Desktop\\Nuclear Option Munitions Package\\cad\\phantom_visual_reboot\\src\\donor_fit_lowered.py::fit_view","parent":null,"state":"building","phase":"Meshing components","progress":[368,686],"elapsed":14.156}
{"model":"C:\\Users\\erena\\Desktop\\Nuclear Option Munitions Package\\cad\\phantom_visual_reboot\\src\\donor_fit_lowered.py::fit_view","parent":null,"state":"building","phase":"Meshing components","progress":[369,686],"elapsed":14.156}
{"model":"C:\\Users\\erena\\Desktop\\Nuclear Option Munitions Package\\cad\\phantom_visual_reboot\\src\\donor_fit_lowered.py::fit_view","parent":null,"state":"building","phase":"Meshing components","progress":[370,686],"elapsed":14.172}
{"model":"C:\\Users\\erena\\Desktop\\Nuclear Option Munitions Package\\cad\\phantom_visual_reboot\\src\\donor_fit_lowered.py::fit_view","parent":null,"state":"building","phase":"Meshing components","progress":[371,686],"elapsed":14.172}
{"model":"C:\\Users\\erena\\Desktop\\Nuclear Option Munitions Package\\cad\\phantom_visual_reboot\\src\\donor_fit_lowered.py::fit_view","parent":null,"state":"building","phase":"Meshing components","progress":[372,686],"elapsed":14.188}
{"model":"C:\\Users\\erena\\Desktop\\Nuclear Option Munitions Package\\cad\\phantom_visual_reboot\\src\\donor_fit_lowered.py::fit_view","parent":null,"state":"building","phase":"Meshing components","progress":[373,686],"elapsed":14.188}
{"model":"C:\\Users\\erena\\Desktop\\Nuclear Option Munitions Package\\cad\\phantom_visual_reboot\\src\\donor_fit_lowered.py::fit_view","parent":null,"state":"building","phase":"Meshing components","progress":[374,686],"elapsed":14.188}
{"model":"C:\\Users\\erena\\Desktop\\Nuclear Option Munitions Package\\cad\\phantom_visual_reboot\\src\\donor_fit_lowered.py::fit_view","parent":null,"state":"building","phase":"Meshing components","progress":[375,686],"elapsed":14.203}
{"model":"C:\\Users\\erena\\Desktop\\Nuclear Option Munitions Package\\cad\\phantom_visual_reboot\\src\\donor_fit_lowered.py::fit_view","parent":null,"state":"building","phase":"Meshing components","progress":[376,686],"elapsed":14.203}
{"model":"C:\\Users\\erena\\Desktop\\Nuclear Option Munitions Package\\cad\\phantom_visual_reboot\\src\\donor_fit_lowered.py::fit_view","parent":null,"state":"building","phase":"Meshing components","progress":[377,686],"elapsed":14.203}
{"model":"C:\\Users\\erena\\Desktop\\Nuclear Option Munitions Package\\cad\\phantom_visual_reboot\\src\\donor_fit_lowered.py::fit_view","parent":null,"state":"building","phase":"Meshing components","progress":[378,686],"elapsed":14.219}
{"model":"C:\\Users\\erena\\Desktop\\Nuclear Option Munitions Package\\cad\\phantom_visual_reboot\\src\\donor_fit_lowered.py::fit_view","parent":null,"state":"building","phase":"Meshing components","progress":[379,686],"elapsed":14.219}
{"model":"C:\\Users\\erena\\Desktop\\Nuclear Option Munitions Package\\cad\\phantom_visual_reboot\\src\\donor_fit_lowered.py::fit_view","parent":null,"state":"building","phase":"Meshing components","progress":[380,686],"elapsed":14.235}
{"model":"C:\\Users\\erena\\Desktop\\Nuclear Option Munitions Package\\cad\\phantom_visual_reboot\\src\\donor_fit_lowered.py::fit_view","parent":null,"state":"building","phase":"Meshing components","progress":[381,686],"elapsed":14.235}
{"model":"C:\\Users\\erena\\Desktop\\Nuclear Option Munitions Package\\cad\\phantom_visual_reboot\\src\\donor_fit_lowered.py::fit_view","parent":null,"state":"building","phase":"Meshing components","progress":[382,686],"elapsed":14.235}
{"model":"C:\\Users\\erena\\Desktop\\Nuclear Option Munitions Package\\cad\\phantom_visual_reboot\\src\\donor_fit_lowered.py::fit_view","parent":null,"state":"building","phase":"Meshing components","progress":[383,686],"elapsed":14.235}
{"model":"C:\\Users\\erena\\Desktop\\Nuclear Option Munitions Package\\cad\\phantom_visual_reboot\\src\\donor_fit_lowered.py::fit_view","parent":null,"state":"building","phase":"Meshing components","progress":[384,686],"elapsed":14.25}
{"model":"C:\\Users\\erena\\Desktop\\Nuclear Option Munitions Package\\cad\\phantom_visual_reboot\\src\\donor_fit_lowered.py::fit_view","parent":null,"state":"building","phase":"Meshing components","progress":[385,686],"elapsed":14.25}
{"model":"C:\\Users\\erena\\Desktop\\Nuclear Option Munitions Package\\cad\\phantom_visual_reboot\\src\\donor_fit_lowered.py::fit_view","parent":null,"state":"building","phase":"Meshing components","progress":[386,686],"elapsed":14.25}
{"model":"C:\\Users\\erena\\Desktop\\Nuclear Option Munitions Package\\cad\\phantom_visual_reboot\\src\\donor_fit_lowered.py::fit_view","parent":null,"state":"building","phase":"Meshing components","progress":[387,686],"elapsed":14.266}
{"model":"C:\\Users\\erena\\Desktop\\Nuclear Option Munitions Package\\cad\\phantom_visual_reboot\\src\\donor_fit_lowered.py::fit_view","parent":null,"state":"building","phase":"Meshing components","progress":[388,686],"elapsed":14.266}
{"model":"C:\\Users\\erena\\Desktop\\Nuclear Option Munitions Package\\cad\\phantom_visual_reboot\\src\\donor_fit_lowered.py::fit_view","parent":null,"state":"building","phase":"Meshing components","progress":[389,686],"elapsed":14.266}
{"model":"C:\\Users\\erena\\Desktop\\Nuclear Option Munitions Package\\cad\\phantom_visual_reboot\\src\\donor_fit_lowered.py::fit_view","parent":null,"state":"building","phase":"Meshing components","progress":[390,686],"elapsed":14.281}
{"model":"C:\\Users\\erena\\Desktop\\Nuclear Option Munitions Package\\cad\\phantom_visual_reboot\\src\\donor_fit_lowered.py::fit_view","parent":null,"state":"building","phase":"Meshing components","progress":[391,686],"elapsed":14.281}
{"model":"C:\\Users\\erena\\Desktop\\Nuclear Option Munitions Package\\cad\\phantom_visual_reboot\\src\\donor_fit_lowered.py::fit_view","parent":null,"state":"building","phase":"Meshing components","progress":[392,686],"elapsed":14.281}
{"model":"C:\\Users\\erena\\Desktop\\Nuclear Option Munitions Package\\cad\\phantom_visual_reboot\\src\\donor_fit_lowered.py::fit_view","parent":null,"state":"building","phase":"Meshing components","progress":[393,686],"elapsed":14.297}
{"model":"C:\\Users\\erena\\Desktop\\Nuclear Option Munitions Package\\cad\\phantom_visual_reboot\\src\\donor_fit_lowered.py::fit_view","parent":null,"state":"building","phase":"Meshing components","progress":[394,686],"elapsed":14.297}
{"model":"C:\\Users\\erena\\Desktop\\Nuclear Option Munitions Package\\cad\\phantom_visual_reboot\\src\\donor_fit_lowered.py::fit_view","parent":null,"state":"building","phase":"Meshing components","progress":[395,686],"elapsed":14.297}
{"model":"C:\\Users\\erena\\Desktop\\Nuclear Option Munitions Package\\cad\\phantom_visual_reboot\\src\\donor_fit_lowered.py::fit_view","parent":null,"state":"building","phase":"Meshing components","progress":[396,686],"elapsed":14.313}
{"model":"C:\\Users\\erena\\Desktop\\Nuclear Option Munitions Package\\cad\\phantom_visual_reboot\\src\\donor_fit_lowered.py::fit_view","parent":null,"state":"building","phase":"Meshing components","progress":[397,686],"elapsed":14.313}
{"model":"C:\\Users\\erena\\Desktop\\Nuclear Option Munitions Package\\cad\\phantom_visual_reboot\\src\\donor_fit_lowered.py::fit_view","parent":null,"state":"building","phase":"Meshing components","progress":[398,686],"elapsed":14.313}
{"model":"C:\\Users\\erena\\Desktop\\Nuclear Option Munitions Package\\cad\\phantom_visual_reboot\\src\\donor_fit_lowered.py::fit_view","parent":null,"state":"building","phase":"Meshing components","progress":[399,686],"elapsed":14.328}
{"model":"C:\\Users\\erena\\Desktop\\Nuclear Option Munitions Package\\cad\\phantom_visual_reboot\\src\\donor_fit_lowered.py::fit_view","parent":null,"state":"building","phase":"Meshing components","progress":[400,686],"elapsed":14.328}
{"model":"C:\\Users\\erena\\Desktop\\Nuclear Option Munitions Package\\cad\\phantom_visual_reboot\\src\\donor_fit_lowered.py::fit_view","parent":null,"state":"building","phase":"Meshing components","progress":[401,686],"elapsed":14.328}
{"model":"C:\\Users\\erena\\Desktop\\Nuclear Option Munitions Package\\cad\\phantom_visual_reboot\\src\\donor_fit_lowered.py::fit_view","parent":null,"state":"building","phase":"Meshing components","progress":[402,686],"elapsed":14.344}
{"model":"C:\\Users\\erena\\Desktop\\Nuclear Option Munitions Package\\cad\\phantom_visual_reboot\\src\\donor_fit_lowered.py::fit_view","parent":null,"state":"building","phase":"Meshing components","progress":[403,686],"elapsed":14.344}
{"model":"C:\\Users\\erena\\Desktop\\Nuclear Option Munitions Package\\cad\\phantom_visual_reboot\\src\\donor_fit_lowered.py::fit_view","parent":null,"state":"building","phase":"Meshing components","progress":[404,686],"elapsed":14.344}
{"model":"C:\\Users\\erena\\Desktop\\Nuclear Option Munitions Package\\cad\\phantom_visual_reboot\\src\\donor_fit_lowered.py::fit_view","parent":null,"state":"building","phase":"Meshing components","progress":[405,686],"elapsed":14.344}
{"model":"C:\\Users\\erena\\Desktop\\Nuclear Option Munitions Package\\cad\\phantom_visual_reboot\\src\\donor_fit_lowered.py::fit_view","parent":null,"state":"building","phase":"Meshing components","progress":[406,686],"elapsed":14.344}
{"model":"C:\\Users\\erena\\Desktop\\Nuclear Option Munitions Package\\cad\\phantom_visual_reboot\\src\\donor_fit_lowered.py::fit_view","parent":null,"state":"building","phase":"Meshing components","progress":[407,686],"elapsed":14.36}
{"model":"C:\\Users\\erena\\Desktop\\Nuclear Option Munitions Package\\cad\\phantom_visual_reboot\\src\\donor_fit_lowered.py::fit_view","parent":null,"state":"building","phase":"Meshing components","progress":[408,686],"elapsed":14.36}
{"model":"C:\\Users\\erena\\Desktop\\Nuclear Option Munitions Package\\cad\\phantom_visual_reboot\\src\\donor_fit_lowered.py::fit_view","parent":null,"state":"building","phase":"Meshing components","progress":[409,686],"elapsed":14.375}
{"model":"C:\\Users\\erena\\Desktop\\Nuclear Option Munitions Package\\cad\\phantom_visual_reboot\\src\\donor_fit_lowered.py::fit_view","parent":null,"state":"building","phase":"Meshing components","progress":[410,686],"elapsed":14.375}
{"model":"C:\\Users\\erena\\Desktop\\Nuclear Option Munitions Package\\cad\\phantom_visual_reboot\\src\\donor_fit_lowered.py::fit_view","parent":null,"state":"building","phase":"Meshing components","progress":[411,686],"elapsed":14.375}
{"model":"C:\\Users\\erena\\Desktop\\Nuclear Option Munitions Package\\cad\\phantom_visual_reboot\\src\\donor_fit_lowered.py::fit_view","parent":null,"state":"building","phase":"Meshing components","progress":[412,686],"elapsed":14.375}
{"model":"C:\\Users\\erena\\Desktop\\Nuclear Option Munitions Package\\cad\\phantom_visual_reboot\\src\\donor_fit_lowered.py::fit_view","parent":null,"state":"building","phase":"Meshing components","progress":[413,686],"elapsed":14.391}
{"model":"C:\\Users\\erena\\Desktop\\Nuclear Option Munitions Package\\cad\\phantom_visual_reboot\\src\\donor_fit_lowered.py::fit_view","parent":null,"state":"building","phase":"Meshing components","progress":[414,686],"elapsed":14.391}
{"model":"C:\\Users\\erena\\Desktop\\Nuclear Option Munitions Package\\cad\\phantom_visual_reboot\\src\\donor_fit_lowered.py::fit_view","parent":null,"state":"building","phase":"Meshing components","progress":[415,686],"elapsed":14.391}
{"model":"C:\\Users\\erena\\Desktop\\Nuclear Option Munitions Package\\cad\\phantom_visual_reboot\\src\\donor_fit_lowered.py::fit_view","parent":null,"state":"building","phase":"Meshing components","progress":[416,686],"elapsed":14.406}
{"model":"C:\\Users\\erena\\Desktop\\Nuclear Option Munitions Package\\cad\\phantom_visual_reboot\\src\\donor_fit_lowered.py::fit_view","parent":null,"state":"building","phase":"Meshing components","progress":[417,686],"elapsed":14.406}
{"model":"C:\\Users\\erena\\Desktop\\Nuclear Option Munitions Package\\cad\\phantom_visual_reboot\\src\\donor_fit_lowered.py::fit_view","parent":null,"state":"building","phase":"Meshing components","progress":[418,686],"elapsed":14.406}
{"model":"C:\\Users\\erena\\Desktop\\Nuclear Option Munitions Package\\cad\\phantom_visual_reboot\\src\\donor_fit_lowered.py::fit_view","parent":null,"state":"building","phase":"Meshing components","progress":[419,686],"elapsed":14.422}
{"model":"C:\\Users\\erena\\Desktop\\Nuclear Option Munitions Package\\cad\\phantom_visual_reboot\\src\\donor_fit_lowered.py::fit_view","parent":null,"state":"building","phase":"Meshing components","progress":[420,686],"elapsed":14.422}
{"model":"C:\\Users\\erena\\Desktop\\Nuclear Option Munitions Package\\cad\\phantom_visual_reboot\\src\\donor_fit_lowered.py::fit_view","parent":null,"state":"building","phase":"Meshing components","progress":[421,686],"elapsed":14.422}
{"model":"C:\\Users\\erena\\Desktop\\Nuclear Option Munitions Package\\cad\\phantom_visual_reboot\\src\\donor_fit_lowered.py::fit_view","parent":null,"state":"building","phase":"Meshing components","progress":[422,686],"elapsed":14.422}
{"model":"C:\\Users\\erena\\Desktop\\Nuclear Option Munitions Package\\cad\\phantom_visual_reboot\\src\\donor_fit_lowered.py::fit_view","parent":null,"state":"building","phase":"Meshing components","progress":[423,686],"elapsed":14.438}
{"model":"C:\\Users\\erena\\Desktop\\Nuclear Option Munitions Package\\cad\\phantom_visual_reboot\\src\\donor_fit_lowered.py::fit_view","parent":null,"state":"building","phase":"Meshing components","progress":[424,686],"elapsed":14.438}
{"model":"C:\\Users\\erena\\Desktop\\Nuclear Option Munitions Package\\cad\\phantom_visual_reboot\\src\\donor_fit_lowered.py::fit_view","parent":null,"state":"building","phase":"Meshing components","progress":[425,686],"elapsed":14.438}
{"model":"C:\\Users\\erena\\Desktop\\Nuclear Option Munitions Package\\cad\\phantom_visual_reboot\\src\\donor_fit_lowered.py::fit_view","parent":null,"state":"building","phase":"Meshing components","progress":[426,686],"elapsed":14.438}
{"model":"C:\\Users\\erena\\Desktop\\Nuclear Option Munitions Package\\cad\\phantom_visual_reboot\\src\\donor_fit_lowered.py::fit_view","parent":null,"state":"building","phase":"Meshing components","progress":[427,686],"elapsed":14.438}
{"model":"C:\\Users\\erena\\Desktop\\Nuclear Option Munitions Package\\cad\\phantom_visual_reboot\\src\\donor_fit_lowered.py::fit_view","parent":null,"state":"building","phase":"Meshing components","progress":[428,686],"elapsed":14.453}
{"model":"C:\\Users\\erena\\Desktop\\Nuclear Option Munitions Package\\cad\\phantom_visual_reboot\\src\\donor_fit_lowered.py::fit_view","parent":null,"state":"building","phase":"Meshing components","progress":[429,686],"elapsed":14.453}
{"model":"C:\\Users\\erena\\Desktop\\Nuclear Option Munitions Package\\cad\\phantom_visual_reboot\\src\\donor_fit_lowered.py::fit_view","parent":null,"state":"building","phase":"Meshing components","progress":[430,686],"elapsed":14.453}
{"model":"C:\\Users\\erena\\Desktop\\Nuclear Option Munitions Package\\cad\\phantom_visual_reboot\\src\\donor_fit_lowered.py::fit_view","parent":null,"state":"building","phase":"Meshing components","progress":[431,686],"elapsed":14.453}
{"model":"C:\\Users\\erena\\Desktop\\Nuclear Option Munitions Package\\cad\\phantom_visual_reboot\\src\\donor_fit_lowered.py::fit_view","parent":null,"state":"building","phase":"Meshing components","progress":[432,686],"elapsed":14.469}
{"model":"C:\\Users\\erena\\Desktop\\Nuclear Option Munitions Package\\cad\\phantom_visual_reboot\\src\\donor_fit_lowered.py::fit_view","parent":null,"state":"building","phase":"Meshing components","progress":[433,686],"elapsed":14.469}
{"model":"C:\\Users\\erena\\Desktop\\Nuclear Option Munitions Package\\cad\\phantom_visual_reboot\\src\\donor_fit_lowered.py::fit_view","parent":null,"state":"building","phase":"Meshing components","progress":[434,686],"elapsed":14.469}
{"model":"C:\\Users\\erena\\Desktop\\Nuclear Option Munitions Package\\cad\\phantom_visual_reboot\\src\\donor_fit_lowered.py::fit_view","parent":null,"state":"building","phase":"Meshing components","progress":[435,686],"elapsed":14.469}
{"model":"C:\\Users\\erena\\Desktop\\Nuclear Option Munitions Package\\cad\\phantom_visual_reboot\\src\\donor_fit_lowered.py::fit_view","parent":null,"state":"building","phase":"Meshing components","progress":[436,686],"elapsed":14.469}
{"model":"C:\\Users\\erena\\Desktop\\Nuclear Option Munitions Package\\cad\\phantom_visual_reboot\\src\\donor_fit_lowered.py::fit_view","parent":null,"state":"building","phase":"Meshing components","progress":[437,686],"elapsed":14.485}
{"model":"C:\\Users\\erena\\Desktop\\Nuclear Option Munitions Package\\cad\\phantom_visual_reboot\\src\\donor_fit_lowered.py::fit_view","parent":null,"state":"building","phase":"Meshing components","progress":[438,686],"elapsed":14.485}
{"model":"C:\\Users\\erena\\Desktop\\Nuclear Option Munitions Package\\cad\\phantom_visual_reboot\\src\\donor_fit_lowered.py::fit_view","parent":null,"state":"building","phase":"Meshing components","progress":[439,686],"elapsed":14.485}
{"model":"C:\\Users\\erena\\Desktop\\Nuclear Option Munitions Package\\cad\\phantom_visual_reboot\\src\\donor_fit_lowered.py::fit_view","parent":null,"state":"building","phase":"Meshing components","progress":[440,686],"elapsed":14.5}
{"model":"C:\\Users\\erena\\Desktop\\Nuclear Option Munitions Package\\cad\\phantom_visual_reboot\\src\\donor_fit_lowered.py::fit_view","parent":null,"state":"building","phase":"Meshing components","progress":[441,686],"elapsed":14.5}
{"model":"C:\\Users\\erena\\Desktop\\Nuclear Option Munitions Package\\cad\\phantom_visual_reboot\\src\\donor_fit_lowered.py::fit_view","parent":null,"state":"building","phase":"Meshing components","progress":[442,686],"elapsed":14.5}
{"model":"C:\\Users\\erena\\Desktop\\Nuclear Option Munitions Package\\cad\\phantom_visual_reboot\\src\\donor_fit_lowered.py::fit_view","parent":null,"state":"building","phase":"Meshing components","progress":[443,686],"elapsed":14.516}
{"model":"C:\\Users\\erena\\Desktop\\Nuclear Option Munitions Package\\cad\\phantom_visual_reboot\\src\\donor_fit_lowered.py::fit_view","parent":null,"state":"building","phase":"Meshing components","progress":[444,686],"elapsed":14.516}
{"model":"C:\\Users\\erena\\Desktop\\Nuclear Option Munitions Package\\cad\\phantom_visual_reboot\\src\\donor_fit_lowered.py::fit_view","parent":null,"state":"building","phase":"Meshing components","progress":[445,686],"elapsed":14.516}
{"model":"C:\\Users\\erena\\Desktop\\Nuclear Option Munitions Package\\cad\\phantom_visual_reboot\\src\\donor_fit_lowered.py::fit_view","parent":null,"state":"building","phase":"Meshing components","progress":[446,686],"elapsed":14.531}
{"model":"C:\\Users\\erena\\Desktop\\Nuclear Option Munitions Package\\cad\\phantom_visual_reboot\\src\\donor_fit_lowered.py::fit_view","parent":null,"state":"building","phase":"Meshing components","progress":[447,686],"elapsed":14.531}
{"model":"C:\\Users\\erena\\Desktop\\Nuclear Option Munitions Package\\cad\\phantom_visual_reboot\\src\\donor_fit_lowered.py::fit_view","parent":null,"state":"building","phase":"Meshing components","progress":[448,686],"elapsed":14.531}
{"model":"C:\\Users\\erena\\Desktop\\Nuclear Option Munitions Package\\cad\\phantom_visual_reboot\\src\\donor_fit_lowered.py::fit_view","parent":null,"state":"building","phase":"Meshing components","progress":[449,686],"elapsed":14.547}
{"model":"C:\\Users\\erena\\Desktop\\Nuclear Option Munitions Package\\cad\\phantom_visual_reboot\\src\\donor_fit_lowered.py::fit_view","parent":null,"state":"building","phase":"Meshing components","progress":[450,686],"elapsed":14.547}
{"model":"C:\\Users\\erena\\Desktop\\Nuclear Option Munitions Package\\cad\\phantom_visual_reboot\\src\\donor_fit_lowered.py::fit_view","parent":null,"state":"building","phase":"Meshing components","progress":[451,686],"elapsed":14.547}
{"model":"C:\\Users\\erena\\Desktop\\Nuclear Option Munitions Package\\cad\\phantom_visual_reboot\\src\\donor_fit_lowered.py::fit_view","parent":null,"state":"building","phase":"Meshing components","progress":[452,686],"elapsed":14.547}
{"model":"C:\\Users\\erena\\Desktop\\Nuclear Option Munitions Package\\cad\\phantom_visual_reboot\\src\\donor_fit_lowered.py::fit_view","parent":null,"state":"building","phase":"Meshing components","progress":[453,686],"elapsed":14.547}
{"model":"C:\\Users\\erena\\Desktop\\Nuclear Option Munitions Package\\cad\\phantom_visual_reboot\\src\\donor_fit_lowered.py::fit_view","parent":null,"state":"building","phase":"Meshing components","progress":[454,686],"elapsed":14.563}
{"model":"C:\\Users\\erena\\Desktop\\Nuclear Option Munitions Package\\cad\\phantom_visual_reboot\\src\\donor_fit_lowered.py::fit_view","parent":null,"state":"building","phase":"Meshing components","progress":[455,686],"elapsed":14.563}
{"model":"C:\\Users\\erena\\Desktop\\Nuclear Option Munitions Package\\cad\\phantom_visual_reboot\\src\\donor_fit_lowered.py::fit_view","parent":null,"state":"building","phase":"Meshing components","progress":[456,686],"elapsed":14.578}
{"model":"C:\\Users\\erena\\Desktop\\Nuclear Option Munitions Package\\cad\\phantom_visual_reboot\\src\\donor_fit_lowered.py::fit_view","parent":null,"state":"building","phase":"Meshing components","progress":[457,686],"elapsed":14.578}
{"model":"C:\\Users\\erena\\Desktop\\Nuclear Option Munitions Package\\cad\\phantom_visual_reboot\\src\\donor_fit_lowered.py::fit_view","parent":null,"state":"building","phase":"Meshing components","progress":[458,686],"elapsed":14.594}
{"model":"C:\\Users\\erena\\Desktop\\Nuclear Option Munitions Package\\cad\\phantom_visual_reboot\\src\\donor_fit_lowered.py::fit_view","parent":null,"state":"building","phase":"Meshing components","progress":[459,686],"elapsed":14.594}
{"model":"C:\\Users\\erena\\Desktop\\Nuclear Option Munitions Package\\cad\\phantom_visual_reboot\\src\\donor_fit_lowered.py::fit_view","parent":null,"state":"building","phase":"Meshing components","progress":[460,686],"elapsed":14.594}
{"model":"C:\\Users\\erena\\Desktop\\Nuclear Option Munitions Package\\cad\\phantom_visual_reboot\\src\\donor_fit_lowered.py::fit_view","parent":null,"state":"building","phase":"Meshing components","progress":[461,686],"elapsed":14.61}
{"model":"C:\\Users\\erena\\Desktop\\Nuclear Option Munitions Package\\cad\\phantom_visual_reboot\\src\\donor_fit_lowered.py::fit_view","parent":null,"state":"building","phase":"Meshing components","progress":[462,686],"elapsed":14.61}
{"model":"C:\\Users\\erena\\Desktop\\Nuclear Option Munitions Package\\cad\\phantom_visual_reboot\\src\\donor_fit_lowered.py::fit_view","parent":null,"state":"building","phase":"Meshing components","progress":[463,686],"elapsed":14.61}
{"model":"C:\\Users\\erena\\Desktop\\Nuclear Option Munitions Package\\cad\\phantom_visual_reboot\\src\\donor_fit_lowered.py::fit_view","parent":null,"state":"building","phase":"Meshing components","progress":[464,686],"elapsed":14.625}
{"model":"C:\\Users\\erena\\Desktop\\Nuclear Option Munitions Package\\cad\\phantom_visual_reboot\\src\\donor_fit_lowered.py::fit_view","parent":null,"state":"building","phase":"Meshing components","progress":[465,686],"elapsed":14.625}
{"model":"C:\\Users\\erena\\Desktop\\Nuclear Option Munitions Package\\cad\\phantom_visual_reboot\\src\\donor_fit_lowered.py::fit_view","parent":null,"state":"building","phase":"Meshing components","progress":[466,686],"elapsed":14.625}
{"model":"C:\\Users\\erena\\Desktop\\Nuclear Option Munitions Package\\cad\\phantom_visual_reboot\\src\\donor_fit_lowered.py::fit_view","parent":null,"state":"building","phase":"Meshing components","progress":[467,686],"elapsed":14.641}
{"model":"C:\\Users\\erena\\Desktop\\Nuclear Option Munitions Package\\cad\\phantom_visual_reboot\\src\\donor_fit_lowered.py::fit_view","parent":null,"state":"building","phase":"Meshing components","progress":[468,686],"elapsed":14.641}
{"model":"C:\\Users\\erena\\Desktop\\Nuclear Option Munitions Package\\cad\\phantom_visual_reboot\\src\\donor_fit_lowered.py::fit_view","parent":null,"state":"building","phase":"Meshing components","progress":[469,686],"elapsed":14.641}
{"model":"C:\\Users\\erena\\Desktop\\Nuclear Option Munitions Package\\cad\\phantom_visual_reboot\\src\\donor_fit_lowered.py::fit_view","parent":null,"state":"building","phase":"Meshing components","progress":[470,686],"elapsed":14.656}
{"model":"C:\\Users\\erena\\Desktop\\Nuclear Option Munitions Package\\cad\\phantom_visual_reboot\\src\\donor_fit_lowered.py::fit_view","parent":null,"state":"building","phase":"Meshing components","progress":[471,686],"elapsed":14.656}
{"model":"C:\\Users\\erena\\Desktop\\Nuclear Option Munitions Package\\cad\\phantom_visual_reboot\\src\\donor_fit_lowered.py::fit_view","parent":null,"state":"building","phase":"Meshing components","progress":[472,686],"elapsed":14.656}
{"model":"C:\\Users\\erena\\Desktop\\Nuclear Option Munitions Package\\cad\\phantom_visual_reboot\\src\\donor_fit_lowered.py::fit_view","parent":null,"state":"building","phase":"Meshing components","progress":[473,686],"elapsed":14.656}
{"model":"C:\\Users\\erena\\Desktop\\Nuclear Option Munitions Package\\cad\\phantom_visual_reboot\\src\\donor_fit_lowered.py::fit_view","parent":null,"state":"building","phase":"Meshing components","progress":[474,686],"elapsed":14.656}
{"model":"C:\\Users\\erena\\Desktop\\Nuclear Option Munitions Package\\cad\\phantom_visual_reboot\\src\\donor_fit_lowered.py::fit_view","parent":null,"state":"building","phase":"Meshing components","progress":[475,686],"elapsed":14.672}
{"model":"C:\\Users\\erena\\Desktop\\Nuclear Option Munitions Package\\cad\\phantom_visual_reboot\\src\\donor_fit_lowered.py::fit_view","parent":null,"state":"building","phase":"Meshing components","progress":[476,686],"elapsed":14.672}
{"model":"C:\\Users\\erena\\Desktop\\Nuclear Option Munitions Package\\cad\\phantom_visual_reboot\\src\\donor_fit_lowered.py::fit_view","parent":null,"state":"building","phase":"Meshing components","progress":[477,686],"elapsed":14.672}
{"model":"C:\\Users\\erena\\Desktop\\Nuclear Option Munitions Package\\cad\\phantom_visual_reboot\\src\\donor_fit_lowered.py::fit_view","parent":null,"state":"building","phase":"Meshing components","progress":[478,686],"elapsed":14.672}
{"model":"C:\\Users\\erena\\Desktop\\Nuclear Option Munitions Package\\cad\\phantom_visual_reboot\\src\\donor_fit_lowered.py::fit_view","parent":null,"state":"building","phase":"Meshing components","progress":[479,686],"elapsed":14.672}
{"model":"C:\\Users\\erena\\Desktop\\Nuclear Option Munitions Package\\cad\\phantom_visual_reboot\\src\\donor_fit_lowered.py::fit_view","parent":null,"state":"building","phase":"Meshing components","progress":[480,686],"elapsed":14.688}
{"model":"C:\\Users\\erena\\Desktop\\Nuclear Option Munitions Package\\cad\\phantom_visual_reboot\\src\\donor_fit_lowered.py::fit_view","parent":null,"state":"building","phase":"Meshing components","progress":[481,686],"elapsed":14.688}
{"model":"C:\\Users\\erena\\Desktop\\Nuclear Option Munitions Package\\cad\\phantom_visual_reboot\\src\\donor_fit_lowered.py::fit_view","parent":null,"state":"building","phase":"Meshing components","progress":[482,686],"elapsed":14.688}
{"model":"C:\\Users\\erena\\Desktop\\Nuclear Option Munitions Package\\cad\\phantom_visual_reboot\\src\\donor_fit_lowered.py::fit_view","parent":null,"state":"building","phase":"Meshing components","progress":[483,686],"elapsed":14.703}
{"model":"C:\\Users\\erena\\Desktop\\Nuclear Option Munitions Package\\cad\\phantom_visual_reboot\\src\\donor_fit_lowered.py::fit_view","parent":null,"state":"building","phase":"Meshing components","progress":[484,686],"elapsed":14.703}
{"model":"C:\\Users\\erena\\Desktop\\Nuclear Option Munitions Package\\cad\\phantom_visual_reboot\\src\\donor_fit_lowered.py::fit_view","parent":null,"state":"building","phase":"Meshing components","progress":[485,686],"elapsed":14.703}
{"model":"C:\\Users\\erena\\Desktop\\Nuclear Option Munitions Package\\cad\\phantom_visual_reboot\\src\\donor_fit_lowered.py::fit_view","parent":null,"state":"building","phase":"Meshing components","progress":[486,686],"elapsed":14.719}
{"model":"C:\\Users\\erena\\Desktop\\Nuclear Option Munitions Package\\cad\\phantom_visual_reboot\\src\\donor_fit_lowered.py::fit_view","parent":null,"state":"building","phase":"Meshing components","progress":[487,686],"elapsed":14.719}
{"model":"C:\\Users\\erena\\Desktop\\Nuclear Option Munitions Package\\cad\\phantom_visual_reboot\\src\\donor_fit_lowered.py::fit_view","parent":null,"state":"building","phase":"Meshing components","progress":[488,686],"elapsed":14.719}
{"model":"C:\\Users\\erena\\Desktop\\Nuclear Option Munitions Package\\cad\\phantom_visual_reboot\\src\\donor_fit_lowered.py::fit_view","parent":null,"state":"building","phase":"Meshing components","progress":[489,686],"elapsed":14.719}
{"model":"C:\\Users\\erena\\Desktop\\Nuclear Option Munitions Package\\cad\\phantom_visual_reboot\\src\\donor_fit_lowered.py::fit_view","parent":null,"state":"building","phase":"Meshing components","progress":[490,686],"elapsed":14.735}
{"model":"C:\\Users\\erena\\Desktop\\Nuclear Option Munitions Package\\cad\\phantom_visual_reboot\\src\\donor_fit_lowered.py::fit_view","parent":null,"state":"building","phase":"Meshing components","progress":[491,686],"elapsed":14.735}
{"model":"C:\\Users\\erena\\Desktop\\Nuclear Option Munitions Package\\cad\\phantom_visual_reboot\\src\\donor_fit_lowered.py::fit_view","parent":null,"state":"building","phase":"Meshing components","progress":[492,686],"elapsed":14.735}
{"model":"C:\\Users\\erena\\Desktop\\Nuclear Option Munitions Package\\cad\\phantom_visual_reboot\\src\\donor_fit_lowered.py::fit_view","parent":null,"state":"building","phase":"Meshing components","progress":[493,686],"elapsed":14.735}
{"model":"C:\\Users\\erena\\Desktop\\Nuclear Option Munitions Package\\cad\\phantom_visual_reboot\\src\\donor_fit_lowered.py::fit_view","parent":null,"state":"building","phase":"Meshing components","progress":[494,686],"elapsed":14.735}
{"model":"C:\\Users\\erena\\Desktop\\Nuclear Option Munitions Package\\cad\\phantom_visual_reboot\\src\\donor_fit_lowered.py::fit_view","parent":null,"state":"building","phase":"Meshing components","progress":[495,686],"elapsed":14.75}
{"model":"C:\\Users\\erena\\Desktop\\Nuclear Option Munitions Package\\cad\\phantom_visual_reboot\\src\\donor_fit_lowered.py::fit_view","parent":null,"state":"building","phase":"Meshing components","progress":[496,686],"elapsed":14.75}
{"model":"C:\\Users\\erena\\Desktop\\Nuclear Option Munitions Package\\cad\\phantom_visual_reboot\\src\\donor_fit_lowered.py::fit_view","parent":null,"state":"building","phase":"Meshing components","progress":[497,686],"elapsed":14.75}
{"model":"C:\\Users\\erena\\Desktop\\Nuclear Option Munitions Package\\cad\\phantom_visual_reboot\\src\\donor_fit_lowered.py::fit_view","parent":null,"state":"building","phase":"Meshing components","progress":[498,686],"elapsed":14.766}
{"model":"C:\\Users\\erena\\Desktop\\Nuclear Option Munitions Package\\cad\\phantom_visual_reboot\\src\\donor_fit_lowered.py::fit_view","parent":null,"state":"building","phase":"Meshing components","progress":[499,686],"elapsed":14.766}
{"model":"C:\\Users\\erena\\Desktop\\Nuclear Option Munitions Package\\cad\\phantom_visual_reboot\\src\\donor_fit_lowered.py::fit_view","parent":null,"state":"building","phase":"Meshing components","progress":[500,686],"elapsed":14.766}
{"model":"C:\\Users\\erena\\Desktop\\Nuclear Option Munitions Package\\cad\\phantom_visual_reboot\\src\\donor_fit_lowered.py::fit_view","parent":null,"state":"building","phase":"Meshing components","progress":[501,686],"elapsed":14.781}
{"model":"C:\\Users\\erena\\Desktop\\Nuclear Option Munitions Package\\cad\\phantom_visual_reboot\\src\\donor_fit_lowered.py::fit_view","parent":null,"state":"building","phase":"Meshing components","progress":[502,686],"elapsed":14.781}
{"model":"C:\\Users\\erena\\Desktop\\Nuclear Option Munitions Package\\cad\\phantom_visual_reboot\\src\\donor_fit_lowered.py::fit_view","parent":null,"state":"building","phase":"Meshing components","progress":[503,686],"elapsed":14.781}
{"model":"C:\\Users\\erena\\Desktop\\Nuclear Option Munitions Package\\cad\\phantom_visual_reboot\\src\\donor_fit_lowered.py::fit_view","parent":null,"state":"building","phase":"Meshing components","progress":[504,686],"elapsed":14.797}
{"model":"C:\\Users\\erena\\Desktop\\Nuclear Option Munitions Package\\cad\\phantom_visual_reboot\\src\\donor_fit_lowered.py::fit_view","parent":null,"state":"building","phase":"Meshing components","progress":[505,686],"elapsed":14.797}
{"model":"C:\\Users\\erena\\Desktop\\Nuclear Option Munitions Package\\cad\\phantom_visual_reboot\\src\\donor_fit_lowered.py::fit_view","parent":null,"state":"building","phase":"Meshing components","progress":[506,686],"elapsed":14.797}
{"model":"C:\\Users\\erena\\Desktop\\Nuclear Option Munitions Package\\cad\\phantom_visual_reboot\\src\\donor_fit_lowered.py::fit_view","parent":null,"state":"building","phase":"Meshing components","progress":[507,686],"elapsed":14.797}
{"model":"C:\\Users\\erena\\Desktop\\Nuclear Option Munitions Package\\cad\\phantom_visual_reboot\\src\\donor_fit_lowered.py::fit_view","parent":null,"state":"building","phase":"Meshing components","progress":[508,686],"elapsed":14.813}
{"model":"C:\\Users\\erena\\Desktop\\Nuclear Option Munitions Package\\cad\\phantom_visual_reboot\\src\\donor_fit_lowered.py::fit_view","parent":null,"state":"building","phase":"Meshing components","progress":[509,686],"elapsed":14.813}
{"model":"C:\\Users\\erena\\Desktop\\Nuclear Option Munitions Package\\cad\\phantom_visual_reboot\\src\\donor_fit_lowered.py::fit_view","parent":null,"state":"building","phase":"Meshing components","progress":[510,686],"elapsed":14.828}
{"model":"C:\\Users\\erena\\Desktop\\Nuclear Option Munitions Package\\cad\\phantom_visual_reboot\\src\\donor_fit_lowered.py::fit_view","parent":null,"state":"building","phase":"Meshing components","progress":[511,686],"elapsed":14.828}
{"model":"C:\\Users\\erena\\Desktop\\Nuclear Option Munitions Package\\cad\\phantom_visual_reboot\\src\\donor_fit_lowered.py::fit_view","parent":null,"state":"building","phase":"Meshing components","progress":[512,686],"elapsed":14.828}
{"model":"C:\\Users\\erena\\Desktop\\Nuclear Option Munitions Package\\cad\\phantom_visual_reboot\\src\\donor_fit_lowered.py::fit_view","parent":null,"state":"building","phase":"Meshing components","progress":[513,686],"elapsed":14.844}
{"model":"C:\\Users\\erena\\Desktop\\Nuclear Option Munitions Package\\cad\\phantom_visual_reboot\\src\\donor_fit_lowered.py::fit_view","parent":null,"state":"building","phase":"Meshing components","progress":[514,686],"elapsed":14.844}
{"model":"C:\\Users\\erena\\Desktop\\Nuclear Option Munitions Package\\cad\\phantom_visual_reboot\\src\\donor_fit_lowered.py::fit_view","parent":null,"state":"building","phase":"Meshing components","progress":[515,686],"elapsed":14.844}
{"model":"C:\\Users\\erena\\Desktop\\Nuclear Option Munitions Package\\cad\\phantom_visual_reboot\\src\\donor_fit_lowered.py::fit_view","parent":null,"state":"building","phase":"Meshing components","progress":[516,686],"elapsed":14.844}
{"model":"C:\\Users\\erena\\Desktop\\Nuclear Option Munitions Package\\cad\\phantom_visual_reboot\\src\\donor_fit_lowered.py::fit_view","parent":null,"state":"building","phase":"Meshing components","progress":[517,686],"elapsed":14.86}
{"model":"C:\\Users\\erena\\Desktop\\Nuclear Option Munitions Package\\cad\\phantom_visual_reboot\\src\\donor_fit_lowered.py::fit_view","parent":null,"state":"building","phase":"Meshing components","progress":[518,686],"elapsed":14.86}
{"model":"C:\\Users\\erena\\Desktop\\Nuclear Option Munitions Package\\cad\\phantom_visual_reboot\\src\\donor_fit_lowered.py::fit_view","parent":null,"state":"building","phase":"Meshing components","progress":[519,686],"elapsed":14.86}
{"model":"C:\\Users\\erena\\Desktop\\Nuclear Option Munitions Package\\cad\\phantom_visual_reboot\\src\\donor_fit_lowered.py::fit_view","parent":null,"state":"building","phase":"Meshing components","progress":[520,686],"elapsed":14.875}
{"model":"C:\\Users\\erena\\Desktop\\Nuclear Option Munitions Package\\cad\\phantom_visual_reboot\\src\\donor_fit_lowered.py::fit_view","parent":null,"state":"building","phase":"Meshing components","progress":[521,686],"elapsed":14.875}
{"model":"C:\\Users\\erena\\Desktop\\Nuclear Option Munitions Package\\cad\\phantom_visual_reboot\\src\\donor_fit_lowered.py::fit_view","parent":null,"state":"building","phase":"Meshing components","progress":[522,686],"elapsed":14.875}
{"model":"C:\\Users\\erena\\Desktop\\Nuclear Option Munitions Package\\cad\\phantom_visual_reboot\\src\\donor_fit_lowered.py::fit_view","parent":null,"state":"building","phase":"Meshing components","progress":[523,686],"elapsed":14.875}
{"model":"C:\\Users\\erena\\Desktop\\Nuclear Option Munitions Package\\cad\\phantom_visual_reboot\\src\\donor_fit_lowered.py::fit_view","parent":null,"state":"building","phase":"Meshing components","progress":[524,686],"elapsed":14.891}
{"model":"C:\\Users\\erena\\Desktop\\Nuclear Option Munitions Package\\cad\\phantom_visual_reboot\\src\\donor_fit_lowered.py::fit_view","parent":null,"state":"building","phase":"Meshing components","progress":[525,686],"elapsed":14.891}
{"model":"C:\\Users\\erena\\Desktop\\Nuclear Option Munitions Package\\cad\\phantom_visual_reboot\\src\\donor_fit_lowered.py::fit_view","parent":null,"state":"building","phase":"Meshing components","progress":[526,686],"elapsed":14.891}
{"model":"C:\\Users\\erena\\Desktop\\Nuclear Option Munitions Package\\cad\\phantom_visual_reboot\\src\\donor_fit_lowered.py::fit_view","parent":null,"state":"building","phase":"Meshing components","progress":[527,686],"elapsed":14.906}
{"model":"C:\\Users\\erena\\Desktop\\Nuclear Option Munitions Package\\cad\\phantom_visual_reboot\\src\\donor_fit_lowered.py::fit_view","parent":null,"state":"building","phase":"Meshing components","progress":[528,686],"elapsed":14.906}
{"model":"C:\\Users\\erena\\Desktop\\Nuclear Option Munitions Package\\cad\\phantom_visual_reboot\\src\\donor_fit_lowered.py::fit_view","parent":null,"state":"building","phase":"Meshing components","progress":[529,686],"elapsed":14.906}
{"model":"C:\\Users\\erena\\Desktop\\Nuclear Option Munitions Package\\cad\\phantom_visual_reboot\\src\\donor_fit_lowered.py::fit_view","parent":null,"state":"building","phase":"Meshing components","progress":[530,686],"elapsed":14.906}
{"model":"C:\\Users\\erena\\Desktop\\Nuclear Option Munitions Package\\cad\\phantom_visual_reboot\\src\\donor_fit_lowered.py::fit_view","parent":null,"state":"building","phase":"Meshing components","progress":[531,686],"elapsed":14.922}
{"model":"C:\\Users\\erena\\Desktop\\Nuclear Option Munitions Package\\cad\\phantom_visual_reboot\\src\\donor_fit_lowered.py::fit_view","parent":null,"state":"building","phase":"Meshing components","progress":[532,686],"elapsed":14.922}
{"model":"C:\\Users\\erena\\Desktop\\Nuclear Option Munitions Package\\cad\\phantom_visual_reboot\\src\\donor_fit_lowered.py::fit_view","parent":null,"state":"building","phase":"Meshing components","progress":[533,686],"elapsed":14.922}
{"model":"C:\\Users\\erena\\Desktop\\Nuclear Option Munitions Package\\cad\\phantom_visual_reboot\\src\\donor_fit_lowered.py::fit_view","parent":null,"state":"building","phase":"Meshing components","progress":[534,686],"elapsed":14.938}
{"model":"C:\\Users\\erena\\Desktop\\Nuclear Option Munitions Package\\cad\\phantom_visual_reboot\\src\\donor_fit_lowered.py::fit_view","parent":null,"state":"building","phase":"Meshing components","progress":[535,686],"elapsed":14.938}
{"model":"C:\\Users\\erena\\Desktop\\Nuclear Option Munitions Package\\cad\\phantom_visual_reboot\\src\\donor_fit_lowered.py::fit_view","parent":null,"state":"building","phase":"Meshing components","progress":[536,686],"elapsed":14.938}
{"model":"C:\\Users\\erena\\Desktop\\Nuclear Option Munitions Package\\cad\\phantom_visual_reboot\\src\\donor_fit_lowered.py::fit_view","parent":null,"state":"building","phase":"Meshing components","progress":[537,686],"elapsed":14.938}
{"model":"C:\\Users\\erena\\Desktop\\Nuclear Option Munitions Package\\cad\\phantom_visual_reboot\\src\\donor_fit_lowered.py::fit_view","parent":null,"state":"building","phase":"Meshing components","progress":[538,686],"elapsed":14.938}
{"model":"C:\\Users\\erena\\Desktop\\Nuclear Option Munitions Package\\cad\\phantom_visual_reboot\\src\\donor_fit_lowered.py::fit_view","parent":null,"state":"building","phase":"Meshing components","progress":[539,686],"elapsed":14.953}
{"model":"C:\\Users\\erena\\Desktop\\Nuclear Option Munitions Package\\cad\\phantom_visual_reboot\\src\\donor_fit_lowered.py::fit_view","parent":null,"state":"building","phase":"Meshing components","progress":[540,686],"elapsed":14.953}
{"model":"C:\\Users\\erena\\Desktop\\Nuclear Option Munitions Package\\cad\\phantom_visual_reboot\\src\\donor_fit_lowered.py::fit_view","parent":null,"state":"building","phase":"Meshing components","progress":[541,686],"elapsed":14.953}
{"model":"C:\\Users\\erena\\Desktop\\Nuclear Option Munitions Package\\cad\\phantom_visual_reboot\\src\\donor_fit_lowered.py::fit_view","parent":null,"state":"building","phase":"Meshing components","progress":[542,686],"elapsed":14.953}
{"model":"C:\\Users\\erena\\Desktop\\Nuclear Option Munitions Package\\cad\\phantom_visual_reboot\\src\\donor_fit_lowered.py::fit_view","parent":null,"state":"building","phase":"Meshing components","progress":[543,686],"elapsed":14.969}
{"model":"C:\\Users\\erena\\Desktop\\Nuclear Option Munitions Package\\cad\\phantom_visual_reboot\\src\\donor_fit_lowered.py::fit_view","parent":null,"state":"building","phase":"Meshing components","progress":[544,686],"elapsed":14.969}
{"model":"C:\\Users\\erena\\Desktop\\Nuclear Option Munitions Package\\cad\\phantom_visual_reboot\\src\\donor_fit_lowered.py::fit_view","parent":null,"state":"building","phase":"Meshing components","progress":[545,686],"elapsed":14.969}
{"model":"C:\\Users\\erena\\Desktop\\Nuclear Option Munitions Package\\cad\\phantom_visual_reboot\\src\\donor_fit_lowered.py::fit_view","parent":null,"state":"building","phase":"Meshing components","progress":[546,686],"elapsed":14.969}
{"model":"C:\\Users\\erena\\Desktop\\Nuclear Option Munitions Package\\cad\\phantom_visual_reboot\\src\\donor_fit_lowered.py::fit_view","parent":null,"state":"building","phase":"Meshing components","progress":[547,686],"elapsed":14.985}
{"model":"C:\\Users\\erena\\Desktop\\Nuclear Option Munitions Package\\cad\\phantom_visual_reboot\\src\\donor_fit_lowered.py::fit_view","parent":null,"state":"building","phase":"Meshing components","progress":[548,686],"elapsed":14.985}
{"model":"C:\\Users\\erena\\Desktop\\Nuclear Option Munitions Package\\cad\\phantom_visual_reboot\\src\\donor_fit_lowered.py::fit_view","parent":null,"state":"building","phase":"Meshing components","progress":[549,686],"elapsed":14.985}
{"model":"C:\\Users\\erena\\Desktop\\Nuclear Option Munitions Package\\cad\\phantom_visual_reboot\\src\\donor_fit_lowered.py::fit_view","parent":null,"state":"building","phase":"Meshing components","progress":[550,686],"elapsed":14.985}
{"model":"C:\\Users\\erena\\Desktop\\Nuclear Option Munitions Package\\cad\\phantom_visual_reboot\\src\\donor_fit_lowered.py::fit_view","parent":null,"state":"building","phase":"Meshing components","progress":[551,686],"elapsed":15.0}
{"model":"C:\\Users\\erena\\Desktop\\Nuclear Option Munitions Package\\cad\\phantom_visual_reboot\\src\\donor_fit_lowered.py::fit_view","parent":null,"state":"building","phase":"Meshing components","progress":[552,686],"elapsed":15.0}
{"model":"C:\\Users\\erena\\Desktop\\Nuclear Option Munitions Package\\cad\\phantom_visual_reboot\\src\\donor_fit_lowered.py::fit_view","parent":null,"state":"building","phase":"Meshing components","progress":[553,686],"elapsed":15.0}
{"model":"C:\\Users\\erena\\Desktop\\Nuclear Option Munitions Package\\cad\\phantom_visual_reboot\\src\\donor_fit_lowered.py::fit_view","parent":null,"state":"building","phase":"Meshing components","progress":[554,686],"elapsed":15.0}
{"model":"C:\\Users\\erena\\Desktop\\Nuclear Option Munitions Package\\cad\\phantom_visual_reboot\\src\\donor_fit_lowered.py::fit_view","parent":null,"state":"building","phase":"Meshing components","progress":[555,686],"elapsed":15.016}
{"model":"C:\\Users\\erena\\Desktop\\Nuclear Option Munitions Package\\cad\\phantom_visual_reboot\\src\\donor_fit_lowered.py::fit_view","parent":null,"state":"building","phase":"Meshing components","progress":[556,686],"elapsed":15.016}
{"model":"C:\\Users\\erena\\Desktop\\Nuclear Option Munitions Package\\cad\\phantom_visual_reboot\\src\\donor_fit_lowered.py::fit_view","parent":null,"state":"building","phase":"Meshing components","progress":[557,686],"elapsed":15.031}
{"model":"C:\\Users\\erena\\Desktop\\Nuclear Option Munitions Package\\cad\\phantom_visual_reboot\\src\\donor_fit_lowered.py::fit_view","parent":null,"state":"building","phase":"Meshing components","progress":[558,686],"elapsed":15.031}
{"model":"C:\\Users\\erena\\Desktop\\Nuclear Option Munitions Package\\cad\\phantom_visual_reboot\\src\\donor_fit_lowered.py::fit_view","parent":null,"state":"building","phase":"Meshing components","progress":[559,686],"elapsed":15.047}
{"model":"C:\\Users\\erena\\Desktop\\Nuclear Option Munitions Package\\cad\\phantom_visual_reboot\\src\\donor_fit_lowered.py::fit_view","parent":null,"state":"building","phase":"Meshing components","progress":[560,686],"elapsed":15.047}
{"model":"C:\\Users\\erena\\Desktop\\Nuclear Option Munitions Package\\cad\\phantom_visual_reboot\\src\\donor_fit_lowered.py::fit_view","parent":null,"state":"building","phase":"Meshing components","progress":[561,686],"elapsed":15.047}
{"model":"C:\\Users\\erena\\Desktop\\Nuclear Option Munitions Package\\cad\\phantom_visual_reboot\\src\\donor_fit_lowered.py::fit_view","parent":null,"state":"building","phase":"Meshing components","progress":[562,686],"elapsed":15.047}
{"model":"C:\\Users\\erena\\Desktop\\Nuclear Option Munitions Package\\cad\\phantom_visual_reboot\\src\\donor_fit_lowered.py::fit_view","parent":null,"state":"building","phase":"Meshing components","progress":[563,686],"elapsed":15.063}
{"model":"C:\\Users\\erena\\Desktop\\Nuclear Option Munitions Package\\cad\\phantom_visual_reboot\\src\\donor_fit_lowered.py::fit_view","parent":null,"state":"building","phase":"Meshing components","progress":[564,686],"elapsed":15.063}
{"model":"C:\\Users\\erena\\Desktop\\Nuclear Option Munitions Package\\cad\\phantom_visual_reboot\\src\\donor_fit_lowered.py::fit_view","parent":null,"state":"building","phase":"Meshing components","progress":[565,686],"elapsed":15.063}
{"model":"C:\\Users\\erena\\Desktop\\Nuclear Option Munitions Package\\cad\\phantom_visual_reboot\\src\\donor_fit_lowered.py::fit_view","parent":null,"state":"building","phase":"Meshing components","progress":[566,686],"elapsed":15.063}
{"model":"C:\\Users\\erena\\Desktop\\Nuclear Option Munitions Package\\cad\\phantom_visual_reboot\\src\\donor_fit_lowered.py::fit_view","parent":null,"state":"building","phase":"Meshing components","progress":[567,686],"elapsed":15.063}
{"model":"C:\\Users\\erena\\Desktop\\Nuclear Option Munitions Package\\cad\\phantom_visual_reboot\\src\\donor_fit_lowered.py::fit_view","parent":null,"state":"building","phase":"Meshing components","progress":[568,686],"elapsed":15.078}
{"model":"C:\\Users\\erena\\Desktop\\Nuclear Option Munitions Package\\cad\\phantom_visual_reboot\\src\\donor_fit_lowered.py::fit_view","parent":null,"state":"building","phase":"Meshing components","progress":[569,686],"elapsed":15.078}
{"model":"C:\\Users\\erena\\Desktop\\Nuclear Option Munitions Package\\cad\\phantom_visual_reboot\\src\\donor_fit_lowered.py::fit_view","parent":null,"state":"building","phase":"Meshing components","progress":[570,686],"elapsed":15.078}
{"model":"C:\\Users\\erena\\Desktop\\Nuclear Option Munitions Package\\cad\\phantom_visual_reboot\\src\\donor_fit_lowered.py::fit_view","parent":null,"state":"building","phase":"Meshing components","progress":[571,686],"elapsed":15.078}
{"model":"C:\\Users\\erena\\Desktop\\Nuclear Option Munitions Package\\cad\\phantom_visual_reboot\\src\\donor_fit_lowered.py::fit_view","parent":null,"state":"building","phase":"Meshing components","progress":[572,686],"elapsed":15.094}
{"model":"C:\\Users\\erena\\Desktop\\Nuclear Option Munitions Package\\cad\\phantom_visual_reboot\\src\\donor_fit_lowered.py::fit_view","parent":null,"state":"building","phase":"Meshing components","progress":[573,686],"elapsed":15.094}
{"model":"C:\\Users\\erena\\Desktop\\Nuclear Option Munitions Package\\cad\\phantom_visual_reboot\\src\\donor_fit_lowered.py::fit_view","parent":null,"state":"building","phase":"Meshing components","progress":[574,686],"elapsed":15.094}
{"model":"C:\\Users\\erena\\Desktop\\Nuclear Option Munitions Package\\cad\\phantom_visual_reboot\\src\\donor_fit_lowered.py::fit_view","parent":null,"state":"building","phase":"Meshing components","progress":[575,686],"elapsed":15.094}
{"model":"C:\\Users\\erena\\Desktop\\Nuclear Option Munitions Package\\cad\\phantom_visual_reboot\\src\\donor_fit_lowered.py::fit_view","parent":null,"state":"building","phase":"Meshing components","progress":[576,686],"elapsed":15.11}
{"model":"C:\\Users\\erena\\Desktop\\Nuclear Option Munitions Package\\cad\\phantom_visual_reboot\\src\\donor_fit_lowered.py::fit_view","parent":null,"state":"building","phase":"Meshing components","progress":[577,686],"elapsed":15.11}
{"model":"C:\\Users\\erena\\Desktop\\Nuclear Option Munitions Package\\cad\\phantom_visual_reboot\\src\\donor_fit_lowered.py::fit_view","parent":null,"state":"building","phase":"Meshing components","progress":[578,686],"elapsed":15.125}
{"model":"C:\\Users\\erena\\Desktop\\Nuclear Option Munitions Package\\cad\\phantom_visual_reboot\\src\\donor_fit_lowered.py::fit_view","parent":null,"state":"building","phase":"Meshing components","progress":[579,686],"elapsed":15.125}
{"model":"C:\\Users\\erena\\Desktop\\Nuclear Option Munitions Package\\cad\\phantom_visual_reboot\\src\\donor_fit_lowered.py::fit_view","parent":null,"state":"building","phase":"Meshing components","progress":[580,686],"elapsed":15.141}
{"model":"C:\\Users\\erena\\Desktop\\Nuclear Option Munitions Package\\cad\\phantom_visual_reboot\\src\\donor_fit_lowered.py::fit_view","parent":null,"state":"building","phase":"Meshing components","progress":[581,686],"elapsed":15.141}
{"model":"C:\\Users\\erena\\Desktop\\Nuclear Option Munitions Package\\cad\\phantom_visual_reboot\\src\\donor_fit_lowered.py::fit_view","parent":null,"state":"building","phase":"Meshing components","progress":[582,686],"elapsed":15.156}
{"model":"C:\\Users\\erena\\Desktop\\Nuclear Option Munitions Package\\cad\\phantom_visual_reboot\\src\\donor_fit_lowered.py::fit_view","parent":null,"state":"building","phase":"Meshing components","progress":[583,686],"elapsed":15.156}
{"model":"C:\\Users\\erena\\Desktop\\Nuclear Option Munitions Package\\cad\\phantom_visual_reboot\\src\\donor_fit_lowered.py::fit_view","parent":null,"state":"building","phase":"Meshing components","progress":[584,686],"elapsed":15.156}
{"model":"C:\\Users\\erena\\Desktop\\Nuclear Option Munitions Package\\cad\\phantom_visual_reboot\\src\\donor_fit_lowered.py::fit_view","parent":null,"state":"building","phase":"Meshing components","progress":[585,686],"elapsed":15.172}
{"model":"C:\\Users\\erena\\Desktop\\Nuclear Option Munitions Package\\cad\\phantom_visual_reboot\\src\\donor_fit_lowered.py::fit_view","parent":null,"state":"building","phase":"Meshing components","progress":[586,686],"elapsed":15.188}
{"model":"C:\\Users\\erena\\Desktop\\Nuclear Option Munitions Package\\cad\\phantom_visual_reboot\\src\\donor_fit_lowered.py::fit_view","parent":null,"state":"building","phase":"Meshing components","progress":[587,686],"elapsed":15.188}
{"model":"C:\\Users\\erena\\Desktop\\Nuclear Option Munitions Package\\cad\\phantom_visual_reboot\\src\\donor_fit_lowered.py::fit_view","parent":null,"state":"building","phase":"Meshing components","progress":[588,686],"elapsed":15.188}
{"model":"C:\\Users\\erena\\Desktop\\Nuclear Option Munitions Package\\cad\\phantom_visual_reboot\\src\\donor_fit_lowered.py::fit_view","parent":null,"state":"building","phase":"Meshing components","progress":[589,686],"elapsed":15.203}
{"model":"C:\\Users\\erena\\Desktop\\Nuclear Option Munitions Package\\cad\\phantom_visual_reboot\\src\\donor_fit_lowered.py::fit_view","parent":null,"state":"building","phase":"Meshing components","progress":[590,686],"elapsed":15.203}
{"model":"C:\\Users\\erena\\Desktop\\Nuclear Option Munitions Package\\cad\\phantom_visual_reboot\\src\\donor_fit_lowered.py::fit_view","parent":null,"state":"building","phase":"Meshing components","progress":[591,686],"elapsed":15.203}
{"model":"C:\\Users\\erena\\Desktop\\Nuclear Option Munitions Package\\cad\\phantom_visual_reboot\\src\\donor_fit_lowered.py::fit_view","parent":null,"state":"building","phase":"Meshing components","progress":[592,686],"elapsed":15.219}
{"model":"C:\\Users\\erena\\Desktop\\Nuclear Option Munitions Package\\cad\\phantom_visual_reboot\\src\\donor_fit_lowered.py::fit_view","parent":null,"state":"building","phase":"Meshing components","progress":[593,686],"elapsed":15.219}
{"model":"C:\\Users\\erena\\Desktop\\Nuclear Option Munitions Package\\cad\\phantom_visual_reboot\\src\\donor_fit_lowered.py::fit_view","parent":null,"state":"building","phase":"Meshing components","progress":[594,686],"elapsed":15.219}
{"model":"C:\\Users\\erena\\Desktop\\Nuclear Option Munitions Package\\cad\\phantom_visual_reboot\\src\\donor_fit_lowered.py::fit_view","parent":null,"state":"building","phase":"Meshing components","progress":[595,686],"elapsed":15.219}
{"model":"C:\\Users\\erena\\Desktop\\Nuclear Option Munitions Package\\cad\\phantom_visual_reboot\\src\\donor_fit_lowered.py::fit_view","parent":null,"state":"building","phase":"Meshing components","progress":[596,686],"elapsed":15.235}
{"model":"C:\\Users\\erena\\Desktop\\Nuclear Option Munitions Package\\cad\\phantom_visual_reboot\\src\\donor_fit_lowered.py::fit_view","parent":null,"state":"building","phase":"Meshing components","progress":[597,686],"elapsed":15.235}
{"model":"C:\\Users\\erena\\Desktop\\Nuclear Option Munitions Package\\cad\\phantom_visual_reboot\\src\\donor_fit_lowered.py::fit_view","parent":null,"state":"building","phase":"Meshing components","progress":[598,686],"elapsed":15.25}
{"model":"C:\\Users\\erena\\Desktop\\Nuclear Option Munitions Package\\cad\\phantom_visual_reboot\\src\\donor_fit_lowered.py::fit_view","parent":null,"state":"building","phase":"Meshing components","progress":[599,686],"elapsed":15.25}
{"model":"C:\\Users\\erena\\Desktop\\Nuclear Option Munitions Package\\cad\\phantom_visual_reboot\\src\\donor_fit_lowered.py::fit_view","parent":null,"state":"building","phase":"Meshing components","progress":[600,686],"elapsed":15.25}
{"model":"C:\\Users\\erena\\Desktop\\Nuclear Option Munitions Package\\cad\\phantom_visual_reboot\\src\\donor_fit_lowered.py::fit_view","parent":null,"state":"building","phase":"Meshing components","progress":[601,686],"elapsed":15.266}
{"model":"C:\\Users\\erena\\Desktop\\Nuclear Option Munitions Package\\cad\\phantom_visual_reboot\\src\\donor_fit_lowered.py::fit_view","parent":null,"state":"building","phase":"Meshing components","progress":[602,686],"elapsed":15.266}
{"model":"C:\\Users\\erena\\Desktop\\Nuclear Option Munitions Package\\cad\\phantom_visual_reboot\\src\\donor_fit_lowered.py::fit_view","parent":null,"state":"building","phase":"Meshing components","progress":[603,686],"elapsed":15.281}
{"model":"C:\\Users\\erena\\Desktop\\Nuclear Option Munitions Package\\cad\\phantom_visual_reboot\\src\\donor_fit_lowered.py::fit_view","parent":null,"state":"building","phase":"Meshing components","progress":[604,686],"elapsed":15.281}
{"model":"C:\\Users\\erena\\Desktop\\Nuclear Option Munitions Package\\cad\\phantom_visual_reboot\\src\\donor_fit_lowered.py::fit_view","parent":null,"state":"building","phase":"Meshing components","progress":[605,686],"elapsed":15.281}
{"model":"C:\\Users\\erena\\Desktop\\Nuclear Option Munitions Package\\cad\\phantom_visual_reboot\\src\\donor_fit_lowered.py::fit_view","parent":null,"state":"building","phase":"Meshing components","progress":[606,686],"elapsed":15.281}
{"model":"C:\\Users\\erena\\Desktop\\Nuclear Option Munitions Package\\cad\\phantom_visual_reboot\\src\\donor_fit_lowered.py::fit_view","parent":null,"state":"building","phase":"Meshing components","progress":[607,686],"elapsed":15.297}
{"model":"C:\\Users\\erena\\Desktop\\Nuclear Option Munitions Package\\cad\\phantom_visual_reboot\\src\\donor_fit_lowered.py::fit_view","parent":null,"state":"building","phase":"Meshing components","progress":[608,686],"elapsed":15.297}
{"model":"C:\\Users\\erena\\Desktop\\Nuclear Option Munitions Package\\cad\\phantom_visual_reboot\\src\\donor_fit_lowered.py::fit_view","parent":null,"state":"building","phase":"Meshing components","progress":[609,686],"elapsed":15.297}
{"model":"C:\\Users\\erena\\Desktop\\Nuclear Option Munitions Package\\cad\\phantom_visual_reboot\\src\\donor_fit_lowered.py::fit_view","parent":null,"state":"building","phase":"Meshing components","progress":[610,686],"elapsed":15.313}
{"model":"C:\\Users\\erena\\Desktop\\Nuclear Option Munitions Package\\cad\\phantom_visual_reboot\\src\\donor_fit_lowered.py::fit_view","parent":null,"state":"building","phase":"Meshing components","progress":[611,686],"elapsed":15.313}
{"model":"C:\\Users\\erena\\Desktop\\Nuclear Option Munitions Package\\cad\\phantom_visual_reboot\\src\\donor_fit_lowered.py::fit_view","parent":null,"state":"building","phase":"Meshing components","progress":[612,686],"elapsed":15.313}
{"model":"C:\\Users\\erena\\Desktop\\Nuclear Option Munitions Package\\cad\\phantom_visual_reboot\\src\\donor_fit_lowered.py::fit_view","parent":null,"state":"building","phase":"Meshing components","progress":[613,686],"elapsed":15.313}
{"model":"C:\\Users\\erena\\Desktop\\Nuclear Option Munitions Package\\cad\\phantom_visual_reboot\\src\\donor_fit_lowered.py::fit_view","parent":null,"state":"building","phase":"Meshing components","progress":[614,686],"elapsed":15.328}
{"model":"C:\\Users\\erena\\Desktop\\Nuclear Option Munitions Package\\cad\\phantom_visual_reboot\\src\\donor_fit_lowered.py::fit_view","parent":null,"state":"building","phase":"Meshing components","progress":[615,686],"elapsed":15.328}
{"model":"C:\\Users\\erena\\Desktop\\Nuclear Option Munitions Package\\cad\\phantom_visual_reboot\\src\\donor_fit_lowered.py::fit_view","parent":null,"state":"building","phase":"Meshing components","progress":[616,686],"elapsed":15.328}
{"model":"C:\\Users\\erena\\Desktop\\Nuclear Option Munitions Package\\cad\\phantom_visual_reboot\\src\\donor_fit_lowered.py::fit_view","parent":null,"state":"building","phase":"Meshing components","progress":[617,686],"elapsed":15.344}
{"model":"C:\\Users\\erena\\Desktop\\Nuclear Option Munitions Package\\cad\\phantom_visual_reboot\\src\\donor_fit_lowered.py::fit_view","parent":null,"state":"building","phase":"Meshing components","progress":[618,686],"elapsed":15.344}
{"model":"C:\\Users\\erena\\Desktop\\Nuclear Option Munitions Package\\cad\\phantom_visual_reboot\\src\\donor_fit_lowered.py::fit_view","parent":null,"state":"building","phase":"Meshing components","progress":[619,686],"elapsed":15.36}
{"model":"C:\\Users\\erena\\Desktop\\Nuclear Option Munitions Package\\cad\\phantom_visual_reboot\\src\\donor_fit_lowered.py::fit_view","parent":null,"state":"building","phase":"Meshing components","progress":[620,686],"elapsed":15.375}
{"model":"C:\\Users\\erena\\Desktop\\Nuclear Option Munitions Package\\cad\\phantom_visual_reboot\\src\\donor_fit_lowered.py::fit_view","parent":null,"state":"building","phase":"Meshing components","progress":[621,686],"elapsed":15.375}
{"model":"C:\\Users\\erena\\Desktop\\Nuclear Option Munitions Package\\cad\\phantom_visual_reboot\\src\\donor_fit_lowered.py::fit_view","parent":null,"state":"building","phase":"Meshing components","progress":[622,686],"elapsed":15.375}
{"model":"C:\\Users\\erena\\Desktop\\Nuclear Option Munitions Package\\cad\\phantom_visual_reboot\\src\\donor_fit_lowered.py::fit_view","parent":null,"state":"building","phase":"Meshing components","progress":[623,686],"elapsed":15.375}
{"model":"C:\\Users\\erena\\Desktop\\Nuclear Option Munitions Package\\cad\\phantom_visual_reboot\\src\\donor_fit_lowered.py::fit_view","parent":null,"state":"building","phase":"Meshing components","progress":[624,686],"elapsed":15.375}
{"model":"C:\\Users\\erena\\Desktop\\Nuclear Option Munitions Package\\cad\\phantom_visual_reboot\\src\\donor_fit_lowered.py::fit_view","parent":null,"state":"building","phase":"Meshing components","progress":[625,686],"elapsed":15.391}
{"model":"C:\\Users\\erena\\Desktop\\Nuclear Option Munitions Package\\cad\\phantom_visual_reboot\\src\\donor_fit_lowered.py::fit_view","parent":null,"state":"building","phase":"Meshing components","progress":[626,686],"elapsed":15.391}
{"model":"C:\\Users\\erena\\Desktop\\Nuclear Option Munitions Package\\cad\\phantom_visual_reboot\\src\\donor_fit_lowered.py::fit_view","parent":null,"state":"building","phase":"Meshing components","progress":[627,686],"elapsed":15.391}
{"model":"C:\\Users\\erena\\Desktop\\Nuclear Option Munitions Package\\cad\\phantom_visual_reboot\\src\\donor_fit_lowered.py::fit_view","parent":null,"state":"building","phase":"Meshing components","progress":[628,686],"elapsed":15.406}
{"model":"C:\\Users\\erena\\Desktop\\Nuclear Option Munitions Package\\cad\\phantom_visual_reboot\\src\\donor_fit_lowered.py::fit_view","parent":null,"state":"building","phase":"Meshing components","progress":[629,686],"elapsed":15.406}
{"model":"C:\\Users\\erena\\Desktop\\Nuclear Option Munitions Package\\cad\\phantom_visual_reboot\\src\\donor_fit_lowered.py::fit_view","parent":null,"state":"building","phase":"Meshing components","progress":[630,686],"elapsed":15.406}
{"model":"C:\\Users\\erena\\Desktop\\Nuclear Option Munitions Package\\cad\\phantom_visual_reboot\\src\\donor_fit_lowered.py::fit_view","parent":null,"state":"building","phase":"Meshing components","progress":[631,686],"elapsed":15.406}
{"model":"C:\\Users\\erena\\Desktop\\Nuclear Option Munitions Package\\cad\\phantom_visual_reboot\\src\\donor_fit_lowered.py::fit_view","parent":null,"state":"building","phase":"Meshing components","progress":[632,686],"elapsed":15.406}
{"model":"C:\\Users\\erena\\Desktop\\Nuclear Option Munitions Package\\cad\\phantom_visual_reboot\\src\\donor_fit_lowered.py::fit_view","parent":null,"state":"building","phase":"Meshing components","progress":[633,686],"elapsed":15.422}
{"model":"C:\\Users\\erena\\Desktop\\Nuclear Option Munitions Package\\cad\\phantom_visual_reboot\\src\\donor_fit_lowered.py::fit_view","parent":null,"state":"building","phase":"Meshing components","progress":[634,686],"elapsed":15.422}
{"model":"C:\\Users\\erena\\Desktop\\Nuclear Option Munitions Package\\cad\\phantom_visual_reboot\\src\\donor_fit_lowered.py::fit_view","parent":null,"state":"building","phase":"Meshing components","progress":[635,686],"elapsed":15.422}
{"model":"C:\\Users\\erena\\Desktop\\Nuclear Option Munitions Package\\cad\\phantom_visual_reboot\\src\\donor_fit_lowered.py::fit_view","parent":null,"state":"building","phase":"Meshing components","progress":[636,686],"elapsed":15.422}
{"model":"C:\\Users\\erena\\Desktop\\Nuclear Option Munitions Package\\cad\\phantom_visual_reboot\\src\\donor_fit_lowered.py::fit_view","parent":null,"state":"building","phase":"Meshing components","progress":[637,686],"elapsed":15.438}
{"model":"C:\\Users\\erena\\Desktop\\Nuclear Option Munitions Package\\cad\\phantom_visual_reboot\\src\\donor_fit_lowered.py::fit_view","parent":null,"state":"building","phase":"Meshing components","progress":[638,686],"elapsed":15.438}
{"model":"C:\\Users\\erena\\Desktop\\Nuclear Option Munitions Package\\cad\\phantom_visual_reboot\\src\\donor_fit_lowered.py::fit_view","parent":null,"state":"building","phase":"Meshing components","progress":[639,686],"elapsed":15.438}
{"model":"C:\\Users\\erena\\Desktop\\Nuclear Option Munitions Package\\cad\\phantom_visual_reboot\\src\\donor_fit_lowered.py::fit_view","parent":null,"state":"building","phase":"Meshing components","progress":[640,686],"elapsed":15.438}
{"model":"C:\\Users\\erena\\Desktop\\Nuclear Option Munitions Package\\cad\\phantom_visual_reboot\\src\\donor_fit_lowered.py::fit_view","parent":null,"state":"building","phase":"Meshing components","progress":[641,686],"elapsed":15.453}
{"model":"C:\\Users\\erena\\Desktop\\Nuclear Option Munitions Package\\cad\\phantom_visual_reboot\\src\\donor_fit_lowered.py::fit_view","parent":null,"state":"building","phase":"Meshing components","progress":[642,686],"elapsed":15.453}
{"model":"C:\\Users\\erena\\Desktop\\Nuclear Option Munitions Package\\cad\\phantom_visual_reboot\\src\\donor_fit_lowered.py::fit_view","parent":null,"state":"building","phase":"Meshing components","progress":[643,686],"elapsed":15.453}
{"model":"C:\\Users\\erena\\Desktop\\Nuclear Option Munitions Package\\cad\\phantom_visual_reboot\\src\\donor_fit_lowered.py::fit_view","parent":null,"state":"building","phase":"Meshing components","progress":[644,686],"elapsed":15.469}
{"model":"C:\\Users\\erena\\Desktop\\Nuclear Option Munitions Package\\cad\\phantom_visual_reboot\\src\\donor_fit_lowered.py::fit_view","parent":null,"state":"building","phase":"Meshing components","progress":[645,686],"elapsed":15.469}
{"model":"C:\\Users\\erena\\Desktop\\Nuclear Option Munitions Package\\cad\\phantom_visual_reboot\\src\\donor_fit_lowered.py::fit_view","parent":null,"state":"building","phase":"Meshing components","progress":[646,686],"elapsed":15.469}
{"model":"C:\\Users\\erena\\Desktop\\Nuclear Option Munitions Package\\cad\\phantom_visual_reboot\\src\\donor_fit_lowered.py::fit_view","parent":null,"state":"building","phase":"Meshing components","progress":[647,686],"elapsed":15.485}
{"model":"C:\\Users\\erena\\Desktop\\Nuclear Option Munitions Package\\cad\\phantom_visual_reboot\\src\\donor_fit_lowered.py::fit_view","parent":null,"state":"building","phase":"Meshing components","progress":[648,686],"elapsed":15.485}
{"model":"C:\\Users\\erena\\Desktop\\Nuclear Option Munitions Package\\cad\\phantom_visual_reboot\\src\\donor_fit_lowered.py::fit_view","parent":null,"state":"building","phase":"Meshing components","progress":[649,686],"elapsed":15.485}
{"model":"C:\\Users\\erena\\Desktop\\Nuclear Option Munitions Package\\cad\\phantom_visual_reboot\\src\\donor_fit_lowered.py::fit_view","parent":null,"state":"building","phase":"Meshing components","progress":[650,686],"elapsed":15.485}
{"model":"C:\\Users\\erena\\Desktop\\Nuclear Option Munitions Package\\cad\\phantom_visual_reboot\\src\\donor_fit_lowered.py::fit_view","parent":null,"state":"building","phase":"Meshing components","progress":[651,686],"elapsed":15.5}
{"model":"C:\\Users\\erena\\Desktop\\Nuclear Option Munitions Package\\cad\\phantom_visual_reboot\\src\\donor_fit_lowered.py::fit_view","parent":null,"state":"building","phase":"Meshing components","progress":[652,686],"elapsed":15.5}
{"model":"C:\\Users\\erena\\Desktop\\Nuclear Option Munitions Package\\cad\\phantom_visual_reboot\\src\\donor_fit_lowered.py::fit_view","parent":null,"state":"building","phase":"Meshing components","progress":[653,686],"elapsed":15.5}
{"model":"C:\\Users\\erena\\Desktop\\Nuclear Option Munitions Package\\cad\\phantom_visual_reboot\\src\\donor_fit_lowered.py::fit_view","parent":null,"state":"building","phase":"Meshing components","progress":[654,686],"elapsed":15.516}
{"model":"C:\\Users\\erena\\Desktop\\Nuclear Option Munitions Package\\cad\\phantom_visual_reboot\\src\\donor_fit_lowered.py::fit_view","parent":null,"state":"building","phase":"Meshing components","progress":[655,686],"elapsed":15.516}
{"model":"C:\\Users\\erena\\Desktop\\Nuclear Option Munitions Package\\cad\\phantom_visual_reboot\\src\\donor_fit_lowered.py::fit_view","parent":null,"state":"building","phase":"Meshing components","progress":[656,686],"elapsed":15.516}
{"model":"C:\\Users\\erena\\Desktop\\Nuclear Option Munitions Package\\cad\\phantom_visual_reboot\\src\\donor_fit_lowered.py::fit_view","parent":null,"state":"building","phase":"Meshing components","progress":[657,686],"elapsed":15.531}
{"model":"C:\\Users\\erena\\Desktop\\Nuclear Option Munitions Package\\cad\\phantom_visual_reboot\\src\\donor_fit_lowered.py::fit_view","parent":null,"state":"building","phase":"Meshing components","progress":[658,686],"elapsed":15.531}
{"model":"C:\\Users\\erena\\Desktop\\Nuclear Option Munitions Package\\cad\\phantom_visual_reboot\\src\\donor_fit_lowered.py::fit_view","parent":null,"state":"building","phase":"Meshing components","progress":[659,686],"elapsed":15.547}
{"model":"C:\\Users\\erena\\Desktop\\Nuclear Option Munitions Package\\cad\\phantom_visual_reboot\\src\\donor_fit_lowered.py::fit_view","parent":null,"state":"building","phase":"Meshing components","progress":[660,686],"elapsed":15.547}
{"model":"C:\\Users\\erena\\Desktop\\Nuclear Option Munitions Package\\cad\\phantom_visual_reboot\\src\\donor_fit_lowered.py::fit_view","parent":null,"state":"building","phase":"Meshing components","progress":[661,686],"elapsed":15.547}
{"model":"C:\\Users\\erena\\Desktop\\Nuclear Option Munitions Package\\cad\\phantom_visual_reboot\\src\\donor_fit_lowered.py::fit_view","parent":null,"state":"building","phase":"Meshing components","progress":[662,686],"elapsed":15.563}
{"model":"C:\\Users\\erena\\Desktop\\Nuclear Option Munitions Package\\cad\\phantom_visual_reboot\\src\\donor_fit_lowered.py::fit_view","parent":null,"state":"building","phase":"Meshing components","progress":[663,686],"elapsed":15.563}
{"model":"C:\\Users\\erena\\Desktop\\Nuclear Option Munitions Package\\cad\\phantom_visual_reboot\\src\\donor_fit_lowered.py::fit_view","parent":null,"state":"building","phase":"Meshing components","progress":[664,686],"elapsed":15.563}
{"model":"C:\\Users\\erena\\Desktop\\Nuclear Option Munitions Package\\cad\\phantom_visual_reboot\\src\\donor_fit_lowered.py::fit_view","parent":null,"state":"building","phase":"Meshing components","progress":[665,686],"elapsed":15.578}
{"model":"C:\\Users\\erena\\Desktop\\Nuclear Option Munitions Package\\cad\\phantom_visual_reboot\\src\\donor_fit_lowered.py::fit_view","parent":null,"state":"building","phase":"Meshing components","progress":[666,686],"elapsed":15.578}
{"model":"C:\\Users\\erena\\Desktop\\Nuclear Option Munitions Package\\cad\\phantom_visual_reboot\\src\\donor_fit_lowered.py::fit_view","parent":null,"state":"building","phase":"Meshing components","progress":[667,686],"elapsed":15.578}
{"model":"C:\\Users\\erena\\Desktop\\Nuclear Option Munitions Package\\cad\\phantom_visual_reboot\\src\\donor_fit_lowered.py::fit_view","parent":null,"state":"building","phase":"Meshing components","progress":[668,686],"elapsed":15.578}
{"model":"C:\\Users\\erena\\Desktop\\Nuclear Option Munitions Package\\cad\\phantom_visual_reboot\\src\\donor_fit_lowered.py::fit_view","parent":null,"state":"building","phase":"Meshing components","progress":[669,686],"elapsed":15.594}
{"model":"C:\\Users\\erena\\Desktop\\Nuclear Option Munitions Package\\cad\\phantom_visual_reboot\\src\\donor_fit_lowered.py::fit_view","parent":null,"state":"building","phase":"Meshing components","progress":[670,686],"elapsed":15.594}
{"model":"C:\\Users\\erena\\Desktop\\Nuclear Option Munitions Package\\cad\\phantom_visual_reboot\\src\\donor_fit_lowered.py::fit_view","parent":null,"state":"building","phase":"Meshing components","progress":[671,686],"elapsed":15.594}
{"model":"C:\\Users\\erena\\Desktop\\Nuclear Option Munitions Package\\cad\\phantom_visual_reboot\\src\\donor_fit_lowered.py::fit_view","parent":null,"state":"building","phase":"Meshing components","progress":[672,686],"elapsed":15.61}
{"model":"C:\\Users\\erena\\Desktop\\Nuclear Option Munitions Package\\cad\\phantom_visual_reboot\\src\\donor_fit_lowered.py::fit_view","parent":null,"state":"building","phase":"Meshing components","progress":[673,686],"elapsed":15.61}
{"model":"C:\\Users\\erena\\Desktop\\Nuclear Option Munitions Package\\cad\\phantom_visual_reboot\\src\\donor_fit_lowered.py::fit_view","parent":null,"state":"building","phase":"Meshing components","progress":[674,686],"elapsed":15.61}
{"model":"C:\\Users\\erena\\Desktop\\Nuclear Option Munitions Package\\cad\\phantom_visual_reboot\\src\\donor_fit_lowered.py::fit_view","parent":null,"state":"building","phase":"Meshing components","progress":[675,686],"elapsed":15.625}
{"model":"C:\\Users\\erena\\Desktop\\Nuclear Option Munitions Package\\cad\\phantom_visual_reboot\\src\\donor_fit_lowered.py::fit_view","parent":null,"state":"building","phase":"Meshing components","progress":[676,686],"elapsed":15.625}
{"model":"C:\\Users\\erena\\Desktop\\Nuclear Option Munitions Package\\cad\\phantom_visual_reboot\\src\\donor_fit_lowered.py::fit_view","parent":null,"state":"building","phase":"Meshing components","progress":[677,686],"elapsed":15.625}
{"model":"C:\\Users\\erena\\Desktop\\Nuclear Option Munitions Package\\cad\\phantom_visual_reboot\\src\\donor_fit_lowered.py::fit_view","parent":null,"state":"building","phase":"Meshing components","progress":[678,686],"elapsed":15.641}
{"model":"C:\\Users\\erena\\Desktop\\Nuclear Option Munitions Package\\cad\\phantom_visual_reboot\\src\\donor_fit_lowered.py::fit_view","parent":null,"state":"building","phase":"Meshing components","progress":[679,686],"elapsed":15.641}
{"model":"C:\\Users\\erena\\Desktop\\Nuclear Option Munitions Package\\cad\\phantom_visual_reboot\\src\\donor_fit_lowered.py::fit_view","parent":null,"state":"building","phase":"Meshing components","progress":[680,686],"elapsed":15.641}
{"model":"C:\\Users\\erena\\Desktop\\Nuclear Option Munitions Package\\cad\\phantom_visual_reboot\\src\\donor_fit_lowered.py::fit_view","parent":null,"state":"building","phase":"Meshing components","progress":[681,686],"elapsed":15.656}
{"model":"C:\\Users\\erena\\Desktop\\Nuclear Option Munitions Package\\cad\\phantom_visual_reboot\\src\\donor_fit_lowered.py::fit_view","parent":null,"state":"building","phase":"Meshing components","progress":[682,686],"elapsed":15.656}
{"model":"C:\\Users\\erena\\Desktop\\Nuclear Option Munitions Package\\cad\\phantom_visual_reboot\\src\\donor_fit_lowered.py::fit_view","parent":null,"state":"building","phase":"Meshing components","progress":[683,686],"elapsed":15.656}
{"model":"C:\\Users\\erena\\Desktop\\Nuclear Option Munitions Package\\cad\\phantom_visual_reboot\\src\\donor_fit_lowered.py::fit_view","parent":null,"state":"building","phase":"Meshing components","progress":[684,686],"elapsed":15.672}
{"model":"C:\\Users\\erena\\Desktop\\Nuclear Option Munitions Package\\cad\\phantom_visual_reboot\\src\\donor_fit_lowered.py::fit_view","parent":null,"state":"building","phase":"Meshing components","progress":[685,686],"elapsed":15.672}
{"model":"C:\\Users\\erena\\Desktop\\Nuclear Option Munitions Package\\cad\\phantom_visual_reboot\\src\\donor_fit_lowered.py::fit_view","parent":null,"state":"building","phase":"Meshing components","progress":[686,686],"elapsed":15.672}
{"model":"C:\\Users\\erena\\Desktop\\Nuclear Option Munitions Package\\cad\\phantom_visual_reboot\\src\\donor_fit_lowered.py::fit_view","parent":null,"state":"building","phase":"Writing outputs","progress":null,"elapsed":15.688}
{"model":"C:\\Users\\erena\\Desktop\\Nuclear Option Munitions Package\\cad\\phantom_visual_reboot\\src\\donor_fit_lowered.py::fit_view","parent":null,"state":"building","phase":"Source ready","progress":null,"elapsed":23.188}
{"model":"C:\\Users\\erena\\Desktop\\Nuclear Option Munitions Package\\cad\\phantom_visual_reboot\\src\\donor_fit_lowered.py::fit_view","parent":null,"state":"building","phase":"Saving STEP","progress":null,"elapsed":23.188}
{"model":"C:\\Users\\erena\\Desktop\\Nuclear Option Munitions Package\\cad\\phantom_visual_reboot\\src\\donor_fit_lowered.py::fit_view","parent":null,"state":"building","phase":"Collecting parts","progress":null,"elapsed":29.688}
{"model":"C:\\Users\\erena\\Desktop\\Nuclear Option Munitions Package\\cad\\phantom_visual_reboot\\src\\donor_fit_lowered.py::fit_view","parent":null,"state":"building","phase":"Meshing components","progress":[0,686],"elapsed":29.891}
{"model":"C:\\Users\\erena\\Desktop\\Nuclear Option Munitions Package\\cad\\phantom_visual_reboot\\src\\donor_fit_lowered.py::fit_view","parent":null,"state":"building","phase":"Meshing components","progress":[1,686],"elapsed":29.906}
{"model":"C:\\Users\\erena\\Desktop\\Nuclear Option Munitions Package\\cad\\phantom_visual_reboot\\src\\donor_fit_lowered.py::fit_view","parent":null,"state":"building","phase":"Meshing components","progress":[2,686],"elapsed":29.906}
{"model":"C:\\Users\\erena\\Desktop\\Nuclear Option Munitions Package\\cad\\phantom_visual_reboot\\src\\donor_fit_lowered.py::fit_view","parent":null,"state":"building","phase":"Meshing components","progress":[3,686],"elapsed":29.906}
{"model":"C:\\Users\\erena\\Desktop\\Nuclear Option Munitions Package\\cad\\phantom_visual_reboot\\src\\donor_fit_lowered.py::fit_view","parent":null,"state":"building","phase":"Meshing components","progress":[4,686],"elapsed":29.906}
{"model":"C:\\Users\\erena\\Desktop\\Nuclear Option Munitions Package\\cad\\phantom_visual_reboot\\src\\donor_fit_lowered.py::fit_view","parent":null,"state":"building","phase":"Meshing components","progress":[5,686],"elapsed":29.906}
{"model":"C:\\Users\\erena\\Desktop\\Nuclear Option Munitions Package\\cad\\phantom_visual_reboot\\src\\donor_fit_lowered.py::fit_view","parent":null,"state":"building","phase":"Meshing components","progress":[6,686],"elapsed":29.906}
{"model":"C:\\Users\\erena\\Desktop\\Nuclear Option Munitions Package\\cad\\phantom_visual_reboot\\src\\donor_fit_lowered.py::fit_view","parent":null,"state":"building","phase":"Meshing components","progress":[7,686],"elapsed":29.922}
{"model":"C:\\Users\\erena\\Desktop\\Nuclear Option Munitions Package\\cad\\phantom_visual_reboot\\src\\donor_fit_lowered.py::fit_view","parent":null,"state":"building","phase":"Meshing components","progress":[8,686],"elapsed":29.922}
{"model":"C:\\Users\\erena\\Desktop\\Nuclear Option Munitions Package\\cad\\phantom_visual_reboot\\src\\donor_fit_lowered.py::fit_view","parent":null,"state":"building","phase":"Meshing components","progress":[9,686],"elapsed":29.922}
{"model":"C:\\Users\\erena\\Desktop\\Nuclear Option Munitions Package\\cad\\phantom_visual_reboot\\src\\donor_fit_lowered.py::fit_view","parent":null,"state":"building","phase":"Meshing components","progress":[10,686],"elapsed":29.922}
{"model":"C:\\Users\\erena\\Desktop\\Nuclear Option Munitions Package\\cad\\phantom_visual_reboot\\src\\donor_fit_lowered.py::fit_view","parent":null,"state":"building","phase":"Meshing components","progress":[11,686],"elapsed":29.922}
{"model":"C:\\Users\\erena\\Desktop\\Nuclear Option Munitions Package\\cad\\phantom_visual_reboot\\src\\donor_fit_lowered.py::fit_view","parent":null,"state":"building","phase":"Meshing components","progress":[12,686],"elapsed":29.922}
{"model":"C:\\Users\\erena\\Desktop\\Nuclear Option Munitions Package\\cad\\phantom_visual_reboot\\src\\donor_fit_lowered.py::fit_view","parent":null,"state":"building","phase":"Meshing components","progress":[13,686],"elapsed":29.938}
{"model":"C:\\Users\\erena\\Desktop\\Nuclear Option Munitions Package\\cad\\phantom_visual_reboot\\src\\donor_fit_lowered.py::fit_view","parent":null,"state":"building","phase":"Meshing components","progress":[14,686],"elapsed":29.938}
{"model":"C:\\Users\\erena\\Desktop\\Nuclear Option Munitions Package\\cad\\phantom_visual_reboot\\src\\donor_fit_lowered.py::fit_view","parent":null,"state":"building","phase":"Meshing components","progress":[15,686],"elapsed":29.938}
{"model":"C:\\Users\\erena\\Desktop\\Nuclear Option Munitions Package\\cad\\phantom_visual_reboot\\src\\donor_fit_lowered.py::fit_view","parent":null,"state":"building","phase":"Meshing components","progress":[16,686],"elapsed":29.938}
{"model":"C:\\Users\\erena\\Desktop\\Nuclear Option Munitions Package\\cad\\phantom_visual_reboot\\src\\donor_fit_lowered.py::fit_view","parent":null,"state":"building","phase":"Meshing components","progress":[17,686],"elapsed":29.938}
{"model":"C:\\Users\\erena\\Desktop\\Nuclear Option Munitions Package\\cad\\phantom_visual_reboot\\src\\donor_fit_lowered.py::fit_view","parent":null,"state":"building","phase":"Meshing components","progress":[18,686],"elapsed":29.953}
{"model":"C:\\Users\\erena\\Desktop\\Nuclear Option Munitions Package\\cad\\phantom_visual_reboot\\src\\donor_fit_lowered.py::fit_view","parent":null,"state":"building","phase":"Meshing components","progress":[19,686],"elapsed":29.953}
{"model":"C:\\Users\\erena\\Desktop\\Nuclear Option Munitions Package\\cad\\phantom_visual_reboot\\src\\donor_fit_lowered.py::fit_view","parent":null,"state":"building","phase":"Meshing components","progress":[20,686],"elapsed":29.953}
{"model":"C:\\Users\\erena\\Desktop\\Nuclear Option Munitions Package\\cad\\phantom_visual_reboot\\src\\donor_fit_lowered.py::fit_view","parent":null,"state":"building","phase":"Meshing components","progress":[21,686],"elapsed":29.953}
{"model":"C:\\Users\\erena\\Desktop\\Nuclear Option Munitions Package\\cad\\phantom_visual_reboot\\src\\donor_fit_lowered.py::fit_view","parent":null,"state":"building","phase":"Meshing components","progress":[22,686],"elapsed":29.953}
{"model":"C:\\Users\\erena\\Desktop\\Nuclear Option Munitions Package\\cad\\phantom_visual_reboot\\src\\donor_fit_lowered.py::fit_view","parent":null,"state":"building","phase":"Meshing components","progress":[23,686],"elapsed":29.969}
{"model":"C:\\Users\\erena\\Desktop\\Nuclear Option Munitions Package\\cad\\phantom_visual_reboot\\src\\donor_fit_lowered.py::fit_view","parent":null,"state":"building","phase":"Meshing components","progress":[24,686],"elapsed":29.969}
{"model":"C:\\Users\\erena\\Desktop\\Nuclear Option Munitions Package\\cad\\phantom_visual_reboot\\src\\donor_fit_lowered.py::fit_view","parent":null,"state":"building","phase":"Meshing components","progress":[25,686],"elapsed":29.969}
{"model":"C:\\Users\\erena\\Desktop\\Nuclear Option Munitions Package\\cad\\phantom_visual_reboot\\src\\donor_fit_lowered.py::fit_view","parent":null,"state":"building","phase":"Meshing components","progress":[26,686],"elapsed":29.985}
{"model":"C:\\Users\\erena\\Desktop\\Nuclear Option Munitions Package\\cad\\phantom_visual_reboot\\src\\donor_fit_lowered.py::fit_view","parent":null,"state":"building","phase":"Meshing components","progress":[27,686],"elapsed":29.985}
{"model":"C:\\Users\\erena\\Desktop\\Nuclear Option Munitions Package\\cad\\phantom_visual_reboot\\src\\donor_fit_lowered.py::fit_view","parent":null,"state":"building","phase":"Meshing components","progress":[28,686],"elapsed":29.985}
{"model":"C:\\Users\\erena\\Desktop\\Nuclear Option Munitions Package\\cad\\phantom_visual_reboot\\src\\donor_fit_lowered.py::fit_view","parent":null,"state":"building","phase":"Meshing components","progress":[29,686],"elapsed":29.985}
{"model":"C:\\Users\\erena\\Desktop\\Nuclear Option Munitions Package\\cad\\phantom_visual_reboot\\src\\donor_fit_lowered.py::fit_view","parent":null,"state":"building","phase":"Meshing components","progress":[30,686],"elapsed":29.985}
{"model":"C:\\Users\\erena\\Desktop\\Nuclear Option Munitions Package\\cad\\phantom_visual_reboot\\src\\donor_fit_lowered.py::fit_view","parent":null,"state":"building","phase":"Meshing components","progress":[31,686],"elapsed":30.0}
{"model":"C:\\Users\\erena\\Desktop\\Nuclear Option Munitions Package\\cad\\phantom_visual_reboot\\src\\donor_fit_lowered.py::fit_view","parent":null,"state":"building","phase":"Meshing components","progress":[32,686],"elapsed":30.0}
{"model":"C:\\Users\\erena\\Desktop\\Nuclear Option Munitions Package\\cad\\phantom_visual_reboot\\src\\donor_fit_lowered.py::fit_view","parent":null,"state":"building","phase":"Meshing components","progress":[33,686],"elapsed":30.0}
{"model":"C:\\Users\\erena\\Desktop\\Nuclear Option Munitions Package\\cad\\phantom_visual_reboot\\src\\donor_fit_lowered.py::fit_view","parent":null,"state":"building","phase":"Meshing components","progress":[34,686],"elapsed":30.0}
{"model":"C:\\Users\\erena\\Desktop\\Nuclear Option Munitions Package\\cad\\phantom_visual_reboot\\src\\donor_fit_lowered.py::fit_view","parent":null,"state":"building","phase":"Meshing components","progress":[35,686],"elapsed":30.0}
{"model":"C:\\Users\\erena\\Desktop\\Nuclear Option Munitions Package\\cad\\phantom_visual_reboot\\src\\donor_fit_lowered.py::fit_view","parent":null,"state":"building","phase":"Meshing components","progress":[36,686],"elapsed":30.0}
{"model":"C:\\Users\\erena\\Desktop\\Nuclear Option Munitions Package\\cad\\phantom_visual_reboot\\src\\donor_fit_lowered.py::fit_view","parent":null,"state":"building","phase":"Meshing components","progress":[37,686],"elapsed":30.016}
{"model":"C:\\Users\\erena\\Desktop\\Nuclear Option Munitions Package\\cad\\phantom_visual_reboot\\src\\donor_fit_lowered.py::fit_view","parent":null,"state":"building","phase":"Meshing components","progress":[38,686],"elapsed":30.016}
{"model":"C:\\Users\\erena\\Desktop\\Nuclear Option Munitions Package\\cad\\phantom_visual_reboot\\src\\donor_fit_lowered.py::fit_view","parent":null,"state":"building","phase":"Meshing components","progress":[39,686],"elapsed":30.016}
{"model":"C:\\Users\\erena\\Desktop\\Nuclear Option Munitions Package\\cad\\phantom_visual_reboot\\src\\donor_fit_lowered.py::fit_view","parent":null,"state":"building","phase":"Meshing components","progress":[40,686],"elapsed":30.031}
{"model":"C:\\Users\\erena\\Desktop\\Nuclear Option Munitions Package\\cad\\phantom_visual_reboot\\src\\donor_fit_lowered.py::fit_view","parent":null,"state":"building","phase":"Meshing components","progress":[41,686],"elapsed":30.031}
{"model":"C:\\Users\\erena\\Desktop\\Nuclear Option Munitions Package\\cad\\phantom_visual_reboot\\src\\donor_fit_lowered.py::fit_view","parent":null,"state":"building","phase":"Meshing components","progress":[42,686],"elapsed":30.031}
{"model":"C:\\Users\\erena\\Desktop\\Nuclear Option Munitions Package\\cad\\phantom_visual_reboot\\src\\donor_fit_lowered.py::fit_view","parent":null,"state":"building","phase":"Meshing components","progress":[43,686],"elapsed":30.031}
{"model":"C:\\Users\\erena\\Desktop\\Nuclear Option Munitions Package\\cad\\phantom_visual_reboot\\src\\donor_fit_lowered.py::fit_view","parent":null,"state":"building","phase":"Meshing components","progress":[44,686],"elapsed":30.047}
{"model":"C:\\Users\\erena\\Desktop\\Nuclear Option Munitions Package\\cad\\phantom_visual_reboot\\src\\donor_fit_lowered.py::fit_view","parent":null,"state":"building","phase":"Meshing components","progress":[45,686],"elapsed":30.047}
{"model":"C:\\Users\\erena\\Desktop\\Nuclear Option Munitions Package\\cad\\phantom_visual_reboot\\src\\donor_fit_lowered.py::fit_view","parent":null,"state":"building","phase":"Meshing components","progress":[46,686],"elapsed":30.063}
{"model":"C:\\Users\\erena\\Desktop\\Nuclear Option Munitions Package\\cad\\phantom_visual_reboot\\src\\donor_fit_lowered.py::fit_view","parent":null,"state":"building","phase":"Meshing components","progress":[47,686],"elapsed":30.078}
{"model":"C:\\Users\\erena\\Desktop\\Nuclear Option Munitions Package\\cad\\phantom_visual_reboot\\src\\donor_fit_lowered.py::fit_view","parent":null,"state":"building","phase":"Meshing components","progress":[48,686],"elapsed":30.078}
{"model":"C:\\Users\\erena\\Desktop\\Nuclear Option Munitions Package\\cad\\phantom_visual_reboot\\src\\donor_fit_lowered.py::fit_view","parent":null,"state":"building","phase":"Meshing components","progress":[49,686],"elapsed":30.078}
{"model":"C:\\Users\\erena\\Desktop\\Nuclear Option Munitions Package\\cad\\phantom_visual_reboot\\src\\donor_fit_lowered.py::fit_view","parent":null,"state":"building","phase":"Meshing components","progress":[50,686],"elapsed":30.078}
{"model":"C:\\Users\\erena\\Desktop\\Nuclear Option Munitions Package\\cad\\phantom_visual_reboot\\src\\donor_fit_lowered.py::fit_view","parent":null,"state":"building","phase":"Meshing components","progress":[51,686],"elapsed":30.094}
{"model":"C:\\Users\\erena\\Desktop\\Nuclear Option Munitions Package\\cad\\phantom_visual_reboot\\src\\donor_fit_lowered.py::fit_view","parent":null,"state":"building","phase":"Meshing components","progress":[52,686],"elapsed":30.094}
{"model":"C:\\Users\\erena\\Desktop\\Nuclear Option Munitions Package\\cad\\phantom_visual_reboot\\src\\donor_fit_lowered.py::fit_view","parent":null,"state":"building","phase":"Meshing components","progress":[53,686],"elapsed":30.094}
{"model":"C:\\Users\\erena\\Desktop\\Nuclear Option Munitions Package\\cad\\phantom_visual_reboot\\src\\donor_fit_lowered.py::fit_view","parent":null,"state":"building","phase":"Meshing components","progress":[54,686],"elapsed":30.11}
{"model":"C:\\Users\\erena\\Desktop\\Nuclear Option Munitions Package\\cad\\phantom_visual_reboot\\src\\donor_fit_lowered.py::fit_view","parent":null,"state":"building","phase":"Meshing components","progress":[55,686],"elapsed":30.11}
{"model":"C:\\Users\\erena\\Desktop\\Nuclear Option Munitions Package\\cad\\phantom_visual_reboot\\src\\donor_fit_lowered.py::fit_view","parent":null,"state":"building","phase":"Meshing components","progress":[56,686],"elapsed":30.125}
{"model":"C:\\Users\\erena\\Desktop\\Nuclear Option Munitions Package\\cad\\phantom_visual_reboot\\src\\donor_fit_lowered.py::fit_view","parent":null,"state":"building","phase":"Meshing components","progress":[57,686],"elapsed":30.125}
{"model":"C:\\Users\\erena\\Desktop\\Nuclear Option Munitions Package\\cad\\phantom_visual_reboot\\src\\donor_fit_lowered.py::fit_view","parent":null,"state":"building","phase":"Meshing components","progress":[58,686],"elapsed":30.125}
{"model":"C:\\Users\\erena\\Desktop\\Nuclear Option Munitions Package\\cad\\phantom_visual_reboot\\src\\donor_fit_lowered.py::fit_view","parent":null,"state":"building","phase":"Meshing components","progress":[59,686],"elapsed":30.141}
{"model":"C:\\Users\\erena\\Desktop\\Nuclear Option Munitions Package\\cad\\phantom_visual_reboot\\src\\donor_fit_lowered.py::fit_view","parent":null,"state":"building","phase":"Meshing components","progress":[60,686],"elapsed":30.156}
{"model":"C:\\Users\\erena\\Desktop\\Nuclear Option Munitions Package\\cad\\phantom_visual_reboot\\src\\donor_fit_lowered.py::fit_view","parent":null,"state":"building","phase":"Meshing components","progress":[61,686],"elapsed":30.156}
{"model":"C:\\Users\\erena\\Desktop\\Nuclear Option Munitions Package\\cad\\phantom_visual_reboot\\src\\donor_fit_lowered.py::fit_view","parent":null,"state":"building","phase":"Meshing components","progress":[62,686],"elapsed":30.172}
{"model":"C:\\Users\\erena\\Desktop\\Nuclear Option Munitions Package\\cad\\phantom_visual_reboot\\src\\donor_fit_lowered.py::fit_view","parent":null,"state":"building","phase":"Meshing components","progress":[63,686],"elapsed":30.172}
{"model":"C:\\Users\\erena\\Desktop\\Nuclear Option Munitions Package\\cad\\phantom_visual_reboot\\src\\donor_fit_lowered.py::fit_view","parent":null,"state":"building","phase":"Meshing components","progress":[64,686],"elapsed":30.172}
{"model":"C:\\Users\\erena\\Desktop\\Nuclear Option Munitions Package\\cad\\phantom_visual_reboot\\src\\donor_fit_lowered.py::fit_view","parent":null,"state":"building","phase":"Meshing components","progress":[65,686],"elapsed":30.188}
{"model":"C:\\Users\\erena\\Desktop\\Nuclear Option Munitions Package\\cad\\phantom_visual_reboot\\src\\donor_fit_lowered.py::fit_view","parent":null,"state":"building","phase":"Meshing components","progress":[66,686],"elapsed":30.188}
{"model":"C:\\Users\\erena\\Desktop\\Nuclear Option Munitions Package\\cad\\phantom_visual_reboot\\src\\donor_fit_lowered.py::fit_view","parent":null,"state":"building","phase":"Meshing components","progress":[67,686],"elapsed":30.203}
{"model":"C:\\Users\\erena\\Desktop\\Nuclear Option Munitions Package\\cad\\phantom_visual_reboot\\src\\donor_fit_lowered.py::fit_view","parent":null,"state":"building","phase":"Meshing components","progress":[68,686],"elapsed":30.203}
{"model":"C:\\Users\\erena\\Desktop\\Nuclear Option Munitions Package\\cad\\phantom_visual_reboot\\src\\donor_fit_lowered.py::fit_view","parent":null,"state":"building","phase":"Meshing components","progress":[69,686],"elapsed":30.219}
{"model":"C:\\Users\\erena\\Desktop\\Nuclear Option Munitions Package\\cad\\phantom_visual_reboot\\src\\donor_fit_lowered.py::fit_view","parent":null,"state":"building","phase":"Meshing components","progress":[70,686],"elapsed":30.219}
{"model":"C:\\Users\\erena\\Desktop\\Nuclear Option Munitions Package\\cad\\phantom_visual_reboot\\src\\donor_fit_lowered.py::fit_view","parent":null,"state":"building","phase":"Meshing components","progress":[71,686],"elapsed":30.235}
{"model":"C:\\Users\\erena\\Desktop\\Nuclear Option Munitions Package\\cad\\phantom_visual_reboot\\src\\donor_fit_lowered.py::fit_view","parent":null,"state":"building","phase":"Meshing components","progress":[72,686],"elapsed":30.235}
{"model":"C:\\Users\\erena\\Desktop\\Nuclear Option Munitions Package\\cad\\phantom_visual_reboot\\src\\donor_fit_lowered.py::fit_view","parent":null,"state":"building","phase":"Meshing components","progress":[73,686],"elapsed":30.25}
{"model":"C:\\Users\\erena\\Desktop\\Nuclear Option Munitions Package\\cad\\phantom_visual_reboot\\src\\donor_fit_lowered.py::fit_view","parent":null,"state":"building","phase":"Meshing components","progress":[74,686],"elapsed":30.25}
{"model":"C:\\Users\\erena\\Desktop\\Nuclear Option Munitions Package\\cad\\phantom_visual_reboot\\src\\donor_fit_lowered.py::fit_view","parent":null,"state":"building","phase":"Meshing components","progress":[75,686],"elapsed":30.25}
{"model":"C:\\Users\\erena\\Desktop\\Nuclear Option Munitions Package\\cad\\phantom_visual_reboot\\src\\donor_fit_lowered.py::fit_view","parent":null,"state":"building","phase":"Meshing components","progress":[76,686],"elapsed":30.266}
{"model":"C:\\Users\\erena\\Desktop\\Nuclear Option Munitions Package\\cad\\phantom_visual_reboot\\src\\donor_fit_lowered.py::fit_view","parent":null,"state":"building","phase":"Meshing components","progress":[77,686],"elapsed":30.266}
{"model":"C:\\Users\\erena\\Desktop\\Nuclear Option Munitions Package\\cad\\phantom_visual_reboot\\src\\donor_fit_lowered.py::fit_view","parent":null,"state":"building","phase":"Meshing components","progress":[78,686],"elapsed":30.266}
{"model":"C:\\Users\\erena\\Desktop\\Nuclear Option Munitions Package\\cad\\phantom_visual_reboot\\src\\donor_fit_lowered.py::fit_view","parent":null,"state":"building","phase":"Meshing components","progress":[79,686],"elapsed":30.266}
{"model":"C:\\Users\\erena\\Desktop\\Nuclear Option Munitions Package\\cad\\phantom_visual_reboot\\src\\donor_fit_lowered.py::fit_view","parent":null,"state":"building","phase":"Meshing components","progress":[80,686],"elapsed":30.266}
{"model":"C:\\Users\\erena\\Desktop\\Nuclear Option Munitions Package\\cad\\phantom_visual_reboot\\src\\donor_fit_lowered.py::fit_view","parent":null,"state":"building","phase":"Meshing components","progress":[81,686],"elapsed":30.281}
{"model":"C:\\Users\\erena\\Desktop\\Nuclear Option Munitions Package\\cad\\phantom_visual_reboot\\src\\donor_fit_lowered.py::fit_view","parent":null,"state":"building","phase":"Meshing components","progress":[82,686],"elapsed":30.281}
{"model":"C:\\Users\\erena\\Desktop\\Nuclear Option Munitions Package\\cad\\phantom_visual_reboot\\src\\donor_fit_lowered.py::fit_view","parent":null,"state":"building","phase":"Meshing components","progress":[83,686],"elapsed":30.281}
{"model":"C:\\Users\\erena\\Desktop\\Nuclear Option Munitions Package\\cad\\phantom_visual_reboot\\src\\donor_fit_lowered.py::fit_view","parent":null,"state":"building","phase":"Meshing components","progress":[84,686],"elapsed":30.297}
{"model":"C:\\Users\\erena\\Desktop\\Nuclear Option Munitions Package\\cad\\phantom_visual_reboot\\src\\donor_fit_lowered.py::fit_view","parent":null,"state":"building","phase":"Meshing components","progress":[85,686],"elapsed":30.297}
{"model":"C:\\Users\\erena\\Desktop\\Nuclear Option Munitions Package\\cad\\phantom_visual_reboot\\src\\donor_fit_lowered.py::fit_view","parent":null,"state":"building","phase":"Meshing components","progress":[86,686],"elapsed":30.313}
{"model":"C:\\Users\\erena\\Desktop\\Nuclear Option Munitions Package\\cad\\phantom_visual_reboot\\src\\donor_fit_lowered.py::fit_view","parent":null,"state":"building","phase":"Meshing components","progress":[87,686],"elapsed":30.313}
{"model":"C:\\Users\\erena\\Desktop\\Nuclear Option Munitions Package\\cad\\phantom_visual_reboot\\src\\donor_fit_lowered.py::fit_view","parent":null,"state":"building","phase":"Meshing components","progress":[88,686],"elapsed":30.313}
{"model":"C:\\Users\\erena\\Desktop\\Nuclear Option Munitions Package\\cad\\phantom_visual_reboot\\src\\donor_fit_lowered.py::fit_view","parent":null,"state":"building","phase":"Meshing components","progress":[89,686],"elapsed":30.328}
{"model":"C:\\Users\\erena\\Desktop\\Nuclear Option Munitions Package\\cad\\phantom_visual_reboot\\src\\donor_fit_lowered.py::fit_view","parent":null,"state":"building","phase":"Meshing components","progress":[90,686],"elapsed":30.328}
{"model":"C:\\Users\\erena\\Desktop\\Nuclear Option Munitions Package\\cad\\phantom_visual_reboot\\src\\donor_fit_lowered.py::fit_view","parent":null,"state":"building","phase":"Meshing components","progress":[91,686],"elapsed":30.344}
{"model":"C:\\Users\\erena\\Desktop\\Nuclear Option Munitions Package\\cad\\phantom_visual_reboot\\src\\donor_fit_lowered.py::fit_view","parent":null,"state":"building","phase":"Meshing components","progress":[92,686],"elapsed":30.344}
{"model":"C:\\Users\\erena\\Desktop\\Nuclear Option Munitions Package\\cad\\phantom_visual_reboot\\src\\donor_fit_lowered.py::fit_view","parent":null,"state":"building","phase":"Meshing components","progress":[93,686],"elapsed":30.36}
{"model":"C:\\Users\\erena\\Desktop\\Nuclear Option Munitions Package\\cad\\phantom_visual_reboot\\src\\donor_fit_lowered.py::fit_view","parent":null,"state":"building","phase":"Meshing components","progress":[94,686],"elapsed":30.36}
{"model":"C:\\Users\\erena\\Desktop\\Nuclear Option Munitions Package\\cad\\phantom_visual_reboot\\src\\donor_fit_lowered.py::fit_view","parent":null,"state":"building","phase":"Meshing components","progress":[95,686],"elapsed":30.36}
{"model":"C:\\Users\\erena\\Desktop\\Nuclear Option Munitions Package\\cad\\phantom_visual_reboot\\src\\donor_fit_lowered.py::fit_view","parent":null,"state":"building","phase":"Meshing components","progress":[96,686],"elapsed":30.36}
{"model":"C:\\Users\\erena\\Desktop\\Nuclear Option Munitions Package\\cad\\phantom_visual_reboot\\src\\donor_fit_lowered.py::fit_view","parent":null,"state":"building","phase":"Meshing components","progress":[97,686],"elapsed":30.375}
{"model":"C:\\Users\\erena\\Desktop\\Nuclear Option Munitions Package\\cad\\phantom_visual_reboot\\src\\donor_fit_lowered.py::fit_view","parent":null,"state":"building","phase":"Meshing components","progress":[98,686],"elapsed":30.375}
{"model":"C:\\Users\\erena\\Desktop\\Nuclear Option Munitions Package\\cad\\phantom_visual_reboot\\src\\donor_fit_lowered.py::fit_view","parent":null,"state":"building","phase":"Meshing components","progress":[99,686],"elapsed":30.391}
{"model":"C:\\Users\\erena\\Desktop\\Nuclear Option Munitions Package\\cad\\phantom_visual_reboot\\src\\donor_fit_lowered.py::fit_view","parent":null,"state":"building","phase":"Meshing components","progress":[100,686],"elapsed":30.391}
{"model":"C:\\Users\\erena\\Desktop\\Nuclear Option Munitions Package\\cad\\phantom_visual_reboot\\src\\donor_fit_lowered.py::fit_view","parent":null,"state":"building","phase":"Meshing components","progress":[101,686],"elapsed":30.391}
{"model":"C:\\Users\\erena\\Desktop\\Nuclear Option Munitions Package\\cad\\phantom_visual_reboot\\src\\donor_fit_lowered.py::fit_view","parent":null,"state":"building","phase":"Meshing components","progress":[102,686],"elapsed":30.406}
{"model":"C:\\Users\\erena\\Desktop\\Nuclear Option Munitions Package\\cad\\phantom_visual_reboot\\src\\donor_fit_lowered.py::fit_view","parent":null,"state":"building","phase":"Meshing components","progress":[103,686],"elapsed":30.406}
{"model":"C:\\Users\\erena\\Desktop\\Nuclear Option Munitions Package\\cad\\phantom_visual_reboot\\src\\donor_fit_lowered.py::fit_view","parent":null,"state":"building","phase":"Meshing components","progress":[104,686],"elapsed":30.406}
{"model":"C:\\Users\\erena\\Desktop\\Nuclear Option Munitions Package\\cad\\phantom_visual_reboot\\src\\donor_fit_lowered.py::fit_view","parent":null,"state":"building","phase":"Meshing components","progress":[105,686],"elapsed":30.406}
{"model":"C:\\Users\\erena\\Desktop\\Nuclear Option Munitions Package\\cad\\phantom_visual_reboot\\src\\donor_fit_lowered.py::fit_view","parent":null,"state":"building","phase":"Meshing components","progress":[106,686],"elapsed":30.422}
{"model":"C:\\Users\\erena\\Desktop\\Nuclear Option Munitions Package\\cad\\phantom_visual_reboot\\src\\donor_fit_lowered.py::fit_view","parent":null,"state":"building","phase":"Meshing components","progress":[107,686],"elapsed":30.422}
{"model":"C:\\Users\\erena\\Desktop\\Nuclear Option Munitions Package\\cad\\phantom_visual_reboot\\src\\donor_fit_lowered.py::fit_view","parent":null,"state":"building","phase":"Meshing components","progress":[108,686],"elapsed":30.422}
{"model":"C:\\Users\\erena\\Desktop\\Nuclear Option Munitions Package\\cad\\phantom_visual_reboot\\src\\donor_fit_lowered.py::fit_view","parent":null,"state":"building","phase":"Meshing components","progress":[109,686],"elapsed":30.422}
{"model":"C:\\Users\\erena\\Desktop\\Nuclear Option Munitions Package\\cad\\phantom_visual_reboot\\src\\donor_fit_lowered.py::fit_view","parent":null,"state":"building","phase":"Meshing components","progress":[110,686],"elapsed":30.438}
{"model":"C:\\Users\\erena\\Desktop\\Nuclear Option Munitions Package\\cad\\phantom_visual_reboot\\src\\donor_fit_lowered.py::fit_view","parent":null,"state":"building","phase":"Meshing components","progress":[111,686],"elapsed":30.438}
{"model":"C:\\Users\\erena\\Desktop\\Nuclear Option Munitions Package\\cad\\phantom_visual_reboot\\src\\donor_fit_lowered.py::fit_view","parent":null,"state":"building","phase":"Meshing components","progress":[112,686],"elapsed":30.453}
{"model":"C:\\Users\\erena\\Desktop\\Nuclear Option Munitions Package\\cad\\phantom_visual_reboot\\src\\donor_fit_lowered.py::fit_view","parent":null,"state":"building","phase":"Meshing components","progress":[113,686],"elapsed":30.453}
{"model":"C:\\Users\\erena\\Desktop\\Nuclear Option Munitions Package\\cad\\phantom_visual_reboot\\src\\donor_fit_lowered.py::fit_view","parent":null,"state":"building","phase":"Meshing components","progress":[114,686],"elapsed":30.453}
{"model":"C:\\Users\\erena\\Desktop\\Nuclear Option Munitions Package\\cad\\phantom_visual_reboot\\src\\donor_fit_lowered.py::fit_view","parent":null,"state":"building","phase":"Meshing components","progress":[115,686],"elapsed":30.469}
{"model":"C:\\Users\\erena\\Desktop\\Nuclear Option Munitions Package\\cad\\phantom_visual_reboot\\src\\donor_fit_lowered.py::fit_view","parent":null,"state":"building","phase":"Meshing components","progress":[116,686],"elapsed":30.469}
{"model":"C:\\Users\\erena\\Desktop\\Nuclear Option Munitions Package\\cad\\phantom_visual_reboot\\src\\donor_fit_lowered.py::fit_view","parent":null,"state":"building","phase":"Meshing components","progress":[117,686],"elapsed":30.485}
{"model":"C:\\Users\\erena\\Desktop\\Nuclear Option Munitions Package\\cad\\phantom_visual_reboot\\src\\donor_fit_lowered.py::fit_view","parent":null,"state":"building","phase":"Meshing components","progress":[118,686],"elapsed":30.485}
{"model":"C:\\Users\\erena\\Desktop\\Nuclear Option Munitions Package\\cad\\phantom_visual_reboot\\src\\donor_fit_lowered.py::fit_view","parent":null,"state":"building","phase":"Meshing components","progress":[119,686],"elapsed":30.5}
{"model":"C:\\Users\\erena\\Desktop\\Nuclear Option Munitions Package\\cad\\phantom_visual_reboot\\src\\donor_fit_lowered.py::fit_view","parent":null,"state":"building","phase":"Meshing components","progress":[120,686],"elapsed":30.5}
{"model":"C:\\Users\\erena\\Desktop\\Nuclear Option Munitions Package\\cad\\phantom_visual_reboot\\src\\donor_fit_lowered.py::fit_view","parent":null,"state":"building","phase":"Meshing components","progress":[121,686],"elapsed":30.516}
{"model":"C:\\Users\\erena\\Desktop\\Nuclear Option Munitions Package\\cad\\phantom_visual_reboot\\src\\donor_fit_lowered.py::fit_view","parent":null,"state":"building","phase":"Meshing components","progress":[122,686],"elapsed":30.516}
{"model":"C:\\Users\\erena\\Desktop\\Nuclear Option Munitions Package\\cad\\phantom_visual_reboot\\src\\donor_fit_lowered.py::fit_view","parent":null,"state":"building","phase":"Meshing components","progress":[123,686],"elapsed":30.516}
{"model":"C:\\Users\\erena\\Desktop\\Nuclear Option Munitions Package\\cad\\phantom_visual_reboot\\src\\donor_fit_lowered.py::fit_view","parent":null,"state":"building","phase":"Meshing components","progress":[124,686],"elapsed":30.531}
{"model":"C:\\Users\\erena\\Desktop\\Nuclear Option Munitions Package\\cad\\phantom_visual_reboot\\src\\donor_fit_lowered.py::fit_view","parent":null,"state":"building","phase":"Meshing components","progress":[125,686],"elapsed":30.531}
{"model":"C:\\Users\\erena\\Desktop\\Nuclear Option Munitions Package\\cad\\phantom_visual_reboot\\src\\donor_fit_lowered.py::fit_view","parent":null,"state":"building","phase":"Meshing components","progress":[126,686],"elapsed":30.531}
{"model":"C:\\Users\\erena\\Desktop\\Nuclear Option Munitions Package\\cad\\phantom_visual_reboot\\src\\donor_fit_lowered.py::fit_view","parent":null,"state":"building","phase":"Meshing components","progress":[127,686],"elapsed":30.547}
{"model":"C:\\Users\\erena\\Desktop\\Nuclear Option Munitions Package\\cad\\phantom_visual_reboot\\src\\donor_fit_lowered.py::fit_view","parent":null,"state":"building","phase":"Meshing components","progress":[128,686],"elapsed":30.547}
{"model":"C:\\Users\\erena\\Desktop\\Nuclear Option Munitions Package\\cad\\phantom_visual_reboot\\src\\donor_fit_lowered.py::fit_view","parent":null,"state":"building","phase":"Meshing components","progress":[129,686],"elapsed":30.563}
{"model":"C:\\Users\\erena\\Desktop\\Nuclear Option Munitions Package\\cad\\phantom_visual_reboot\\src\\donor_fit_lowered.py::fit_view","parent":null,"state":"building","phase":"Meshing components","progress":[130,686],"elapsed":30.563}
{"model":"C:\\Users\\erena\\Desktop\\Nuclear Option Munitions Package\\cad\\phantom_visual_reboot\\src\\donor_fit_lowered.py::fit_view","parent":null,"state":"building","phase":"Meshing components","progress":[131,686],"elapsed":30.578}
{"model":"C:\\Users\\erena\\Desktop\\Nuclear Option Munitions Package\\cad\\phantom_visual_reboot\\src\\donor_fit_lowered.py::fit_view","parent":null,"state":"building","phase":"Meshing components","progress":[132,686],"elapsed":30.578}
{"model":"C:\\Users\\erena\\Desktop\\Nuclear Option Munitions Package\\cad\\phantom_visual_reboot\\src\\donor_fit_lowered.py::fit_view","parent":null,"state":"building","phase":"Meshing components","progress":[133,686],"elapsed":30.578}
{"model":"C:\\Users\\erena\\Desktop\\Nuclear Option Munitions Package\\cad\\phantom_visual_reboot\\src\\donor_fit_lowered.py::fit_view","parent":null,"state":"building","phase":"Meshing components","progress":[134,686],"elapsed":30.594}
{"model":"C:\\Users\\erena\\Desktop\\Nuclear Option Munitions Package\\cad\\phantom_visual_reboot\\src\\donor_fit_lowered.py::fit_view","parent":null,"state":"building","phase":"Meshing components","progress":[135,686],"elapsed":30.594}
{"model":"C:\\Users\\erena\\Desktop\\Nuclear Option Munitions Package\\cad\\phantom_visual_reboot\\src\\donor_fit_lowered.py::fit_view","parent":null,"state":"building","phase":"Meshing components","progress":[136,686],"elapsed":30.594}
{"model":"C:\\Users\\erena\\Desktop\\Nuclear Option Munitions Package\\cad\\phantom_visual_reboot\\src\\donor_fit_lowered.py::fit_view","parent":null,"state":"building","phase":"Meshing components","progress":[137,686],"elapsed":30.61}
{"model":"C:\\Users\\erena\\Desktop\\Nuclear Option Munitions Package\\cad\\phantom_visual_reboot\\src\\donor_fit_lowered.py::fit_view","parent":null,"state":"building","phase":"Meshing components","progress":[138,686],"elapsed":30.61}
{"model":"C:\\Users\\erena\\Desktop\\Nuclear Option Munitions Package\\cad\\phantom_visual_reboot\\src\\donor_fit_lowered.py::fit_view","parent":null,"state":"building","phase":"Meshing components","progress":[139,686],"elapsed":30.61}
{"model":"C:\\Users\\erena\\Desktop\\Nuclear Option Munitions Package\\cad\\phantom_visual_reboot\\src\\donor_fit_lowered.py::fit_view","parent":null,"state":"building","phase":"Meshing components","progress":[140,686],"elapsed":30.625}
{"model":"C:\\Users\\erena\\Desktop\\Nuclear Option Munitions Package\\cad\\phantom_visual_reboot\\src\\donor_fit_lowered.py::fit_view","parent":null,"state":"building","phase":"Meshing components","progress":[141,686],"elapsed":30.625}
{"model":"C:\\Users\\erena\\Desktop\\Nuclear Option Munitions Package\\cad\\phantom_visual_reboot\\src\\donor_fit_lowered.py::fit_view","parent":null,"state":"building","phase":"Meshing components","progress":[142,686],"elapsed":30.625}
{"model":"C:\\Users\\erena\\Desktop\\Nuclear Option Munitions Package\\cad\\phantom_visual_reboot\\src\\donor_fit_lowered.py::fit_view","parent":null,"state":"building","phase":"Meshing components","progress":[143,686],"elapsed":30.625}
{"model":"C:\\Users\\erena\\Desktop\\Nuclear Option Munitions Package\\cad\\phantom_visual_reboot\\src\\donor_fit_lowered.py::fit_view","parent":null,"state":"building","phase":"Meshing components","progress":[144,686],"elapsed":30.641}
{"model":"C:\\Users\\erena\\Desktop\\Nuclear Option Munitions Package\\cad\\phantom_visual_reboot\\src\\donor_fit_lowered.py::fit_view","parent":null,"state":"building","phase":"Meshing components","progress":[145,686],"elapsed":30.641}
{"model":"C:\\Users\\erena\\Desktop\\Nuclear Option Munitions Package\\cad\\phantom_visual_reboot\\src\\donor_fit_lowered.py::fit_view","parent":null,"state":"building","phase":"Meshing components","progress":[146,686],"elapsed":30.641}
{"model":"C:\\Users\\erena\\Desktop\\Nuclear Option Munitions Package\\cad\\phantom_visual_reboot\\src\\donor_fit_lowered.py::fit_view","parent":null,"state":"building","phase":"Meshing components","progress":[147,686],"elapsed":30.656}
{"model":"C:\\Users\\erena\\Desktop\\Nuclear Option Munitions Package\\cad\\phantom_visual_reboot\\src\\donor_fit_lowered.py::fit_view","parent":null,"state":"building","phase":"Meshing components","progress":[148,686],"elapsed":30.656}
{"model":"C:\\Users\\erena\\Desktop\\Nuclear Option Munitions Package\\cad\\phantom_visual_reboot\\src\\donor_fit_lowered.py::fit_view","parent":null,"state":"building","phase":"Meshing components","progress":[149,686],"elapsed":30.656}
{"model":"C:\\Users\\erena\\Desktop\\Nuclear Option Munitions Package\\cad\\phantom_visual_reboot\\src\\donor_fit_lowered.py::fit_view","parent":null,"state":"building","phase":"Meshing components","progress":[150,686],"elapsed":30.672}
{"model":"C:\\Users\\erena\\Desktop\\Nuclear Option Munitions Package\\cad\\phantom_visual_reboot\\src\\donor_fit_lowered.py::fit_view","parent":null,"state":"building","phase":"Meshing components","progress":[151,686],"elapsed":30.672}
{"model":"C:\\Users\\erena\\Desktop\\Nuclear Option Munitions Package\\cad\\phantom_visual_reboot\\src\\donor_fit_lowered.py::fit_view","parent":null,"state":"building","phase":"Meshing components","progress":[152,686],"elapsed":30.688}
{"model":"C:\\Users\\erena\\Desktop\\Nuclear Option Munitions Package\\cad\\phantom_visual_reboot\\src\\donor_fit_lowered.py::fit_view","parent":null,"state":"building","phase":"Meshing components","progress":[153,686],"elapsed":30.688}
{"model":"C:\\Users\\erena\\Desktop\\Nuclear Option Munitions Package\\cad\\phantom_visual_reboot\\src\\donor_fit_lowered.py::fit_view","parent":null,"state":"building","phase":"Meshing components","progress":[154,686],"elapsed":30.688}
{"model":"C:\\Users\\erena\\Desktop\\Nuclear Option Munitions Package\\cad\\phantom_visual_reboot\\src\\donor_fit_lowered.py::fit_view","parent":null,"state":"building","phase":"Meshing components","progress":[155,686],"elapsed":30.703}
{"model":"C:\\Users\\erena\\Desktop\\Nuclear Option Munitions Package\\cad\\phantom_visual_reboot\\src\\donor_fit_lowered.py::fit_view","parent":null,"state":"building","phase":"Meshing components","progress":[156,686],"elapsed":30.703}
{"model":"C:\\Users\\erena\\Desktop\\Nuclear Option Munitions Package\\cad\\phantom_visual_reboot\\src\\donor_fit_lowered.py::fit_view","parent":null,"state":"building","phase":"Meshing components","progress":[157,686],"elapsed":30.703}
{"model":"C:\\Users\\erena\\Desktop\\Nuclear Option Munitions Package\\cad\\phantom_visual_reboot\\src\\donor_fit_lowered.py::fit_view","parent":null,"state":"building","phase":"Meshing components","progress":[158,686],"elapsed":30.703}
{"model":"C:\\Users\\erena\\Desktop\\Nuclear Option Munitions Package\\cad\\phantom_visual_reboot\\src\\donor_fit_lowered.py::fit_view","parent":null,"state":"building","phase":"Meshing components","progress":[159,686],"elapsed":30.719}
{"model":"C:\\Users\\erena\\Desktop\\Nuclear Option Munitions Package\\cad\\phantom_visual_reboot\\src\\donor_fit_lowered.py::fit_view","parent":null,"state":"building","phase":"Meshing components","progress":[160,686],"elapsed":30.719}
{"model":"C:\\Users\\erena\\Desktop\\Nuclear Option Munitions Package\\cad\\phantom_visual_reboot\\src\\donor_fit_lowered.py::fit_view","parent":null,"state":"building","phase":"Meshing components","progress":[161,686],"elapsed":30.719}
{"model":"C:\\Users\\erena\\Desktop\\Nuclear Option Munitions Package\\cad\\phantom_visual_reboot\\src\\donor_fit_lowered.py::fit_view","parent":null,"state":"building","phase":"Meshing components","progress":[162,686],"elapsed":30.735}
{"model":"C:\\Users\\erena\\Desktop\\Nuclear Option Munitions Package\\cad\\phantom_visual_reboot\\src\\donor_fit_lowered.py::fit_view","parent":null,"state":"building","phase":"Meshing components","progress":[163,686],"elapsed":30.735}
{"model":"C:\\Users\\erena\\Desktop\\Nuclear Option Munitions Package\\cad\\phantom_visual_reboot\\src\\donor_fit_lowered.py::fit_view","parent":null,"state":"building","phase":"Meshing components","progress":[164,686],"elapsed":30.75}
{"model":"C:\\Users\\erena\\Desktop\\Nuclear Option Munitions Package\\cad\\phantom_visual_reboot\\src\\donor_fit_lowered.py::fit_view","parent":null,"state":"building","phase":"Meshing components","progress":[165,686],"elapsed":30.75}
{"model":"C:\\Users\\erena\\Desktop\\Nuclear Option Munitions Package\\cad\\phantom_visual_reboot\\src\\donor_fit_lowered.py::fit_view","parent":null,"state":"building","phase":"Meshing components","progress":[166,686],"elapsed":30.75}
{"model":"C:\\Users\\erena\\Desktop\\Nuclear Option Munitions Package\\cad\\phantom_visual_reboot\\src\\donor_fit_lowered.py::fit_view","parent":null,"state":"building","phase":"Meshing components","progress":[167,686],"elapsed":30.766}
{"model":"C:\\Users\\erena\\Desktop\\Nuclear Option Munitions Package\\cad\\phantom_visual_reboot\\src\\donor_fit_lowered.py::fit_view","parent":null,"state":"building","phase":"Meshing components","progress":[168,686],"elapsed":30.766}
{"model":"C:\\Users\\erena\\Desktop\\Nuclear Option Munitions Package\\cad\\phantom_visual_reboot\\src\\donor_fit_lowered.py::fit_view","parent":null,"state":"building","phase":"Meshing components","progress":[169,686],"elapsed":30.781}
{"model":"C:\\Users\\erena\\Desktop\\Nuclear Option Munitions Package\\cad\\phantom_visual_reboot\\src\\donor_fit_lowered.py::fit_view","parent":null,"state":"building","phase":"Meshing components","progress":[170,686],"elapsed":30.781}
{"model":"C:\\Users\\erena\\Desktop\\Nuclear Option Munitions Package\\cad\\phantom_visual_reboot\\src\\donor_fit_lowered.py::fit_view","parent":null,"state":"building","phase":"Meshing components","progress":[171,686],"elapsed":30.797}
{"model":"C:\\Users\\erena\\Desktop\\Nuclear Option Munitions Package\\cad\\phantom_visual_reboot\\src\\donor_fit_lowered.py::fit_view","parent":null,"state":"building","phase":"Meshing components","progress":[172,686],"elapsed":30.797}
{"model":"C:\\Users\\erena\\Desktop\\Nuclear Option Munitions Package\\cad\\phantom_visual_reboot\\src\\donor_fit_lowered.py::fit_view","parent":null,"state":"building","phase":"Meshing components","progress":[173,686],"elapsed":30.797}
{"model":"C:\\Users\\erena\\Desktop\\Nuclear Option Munitions Package\\cad\\phantom_visual_reboot\\src\\donor_fit_lowered.py::fit_view","parent":null,"state":"building","phase":"Meshing components","progress":[174,686],"elapsed":30.813}
{"model":"C:\\Users\\erena\\Desktop\\Nuclear Option Munitions Package\\cad\\phantom_visual_reboot\\src\\donor_fit_lowered.py::fit_view","parent":null,"state":"building","phase":"Meshing components","progress":[175,686],"elapsed":30.813}
{"model":"C:\\Users\\erena\\Desktop\\Nuclear Option Munitions Package\\cad\\phantom_visual_reboot\\src\\donor_fit_lowered.py::fit_view","parent":null,"state":"building","phase":"Meshing components","progress":[176,686],"elapsed":30.813}
{"model":"C:\\Users\\erena\\Desktop\\Nuclear Option Munitions Package\\cad\\phantom_visual_reboot\\src\\donor_fit_lowered.py::fit_view","parent":null,"state":"building","phase":"Meshing components","progress":[177,686],"elapsed":30.828}
{"model":"C:\\Users\\erena\\Desktop\\Nuclear Option Munitions Package\\cad\\phantom_visual_reboot\\src\\donor_fit_lowered.py::fit_view","parent":null,"state":"building","phase":"Meshing components","progress":[178,686],"elapsed":30.828}
{"model":"C:\\Users\\erena\\Desktop\\Nuclear Option Munitions Package\\cad\\phantom_visual_reboot\\src\\donor_fit_lowered.py::fit_view","parent":null,"state":"building","phase":"Meshing components","progress":[179,686],"elapsed":30.828}
{"model":"C:\\Users\\erena\\Desktop\\Nuclear Option Munitions Package\\cad\\phantom_visual_reboot\\src\\donor_fit_lowered.py::fit_view","parent":null,"state":"building","phase":"Meshing components","progress":[180,686],"elapsed":30.844}
{"model":"C:\\Users\\erena\\Desktop\\Nuclear Option Munitions Package\\cad\\phantom_visual_reboot\\src\\donor_fit_lowered.py::fit_view","parent":null,"state":"building","phase":"Meshing components","progress":[181,686],"elapsed":30.844}
{"model":"C:\\Users\\erena\\Desktop\\Nuclear Option Munitions Package\\cad\\phantom_visual_reboot\\src\\donor_fit_lowered.py::fit_view","parent":null,"state":"building","phase":"Meshing components","progress":[182,686],"elapsed":30.844}
{"model":"C:\\Users\\erena\\Desktop\\Nuclear Option Munitions Package\\cad\\phantom_visual_reboot\\src\\donor_fit_lowered.py::fit_view","parent":null,"state":"building","phase":"Meshing components","progress":[183,686],"elapsed":30.86}
{"model":"C:\\Users\\erena\\Desktop\\Nuclear Option Munitions Package\\cad\\phantom_visual_reboot\\src\\donor_fit_lowered.py::fit_view","parent":null,"state":"building","phase":"Meshing components","progress":[184,686],"elapsed":30.86}
{"model":"C:\\Users\\erena\\Desktop\\Nuclear Option Munitions Package\\cad\\phantom_visual_reboot\\src\\donor_fit_lowered.py::fit_view","parent":null,"state":"building","phase":"Meshing components","progress":[185,686],"elapsed":30.86}
{"model":"C:\\Users\\erena\\Desktop\\Nuclear Option Munitions Package\\cad\\phantom_visual_reboot\\src\\donor_fit_lowered.py::fit_view","parent":null,"state":"building","phase":"Meshing components","progress":[186,686],"elapsed":30.875}
{"model":"C:\\Users\\erena\\Desktop\\Nuclear Option Munitions Package\\cad\\phantom_visual_reboot\\src\\donor_fit_lowered.py::fit_view","parent":null,"state":"building","phase":"Meshing components","progress":[187,686],"elapsed":30.891}
{"model":"C:\\Users\\erena\\Desktop\\Nuclear Option Munitions Package\\cad\\phantom_visual_reboot\\src\\donor_fit_lowered.py::fit_view","parent":null,"state":"building","phase":"Meshing components","progress":[188,686],"elapsed":30.891}
{"model":"C:\\Users\\erena\\Desktop\\Nuclear Option Munitions Package\\cad\\phantom_visual_reboot\\src\\donor_fit_lowered.py::fit_view","parent":null,"state":"building","phase":"Meshing components","progress":[189,686],"elapsed":30.891}
{"model":"C:\\Users\\erena\\Desktop\\Nuclear Option Munitions Package\\cad\\phantom_visual_reboot\\src\\donor_fit_lowered.py::fit_view","parent":null,"state":"building","phase":"Meshing components","progress":[190,686],"elapsed":30.906}
{"model":"C:\\Users\\erena\\Desktop\\Nuclear Option Munitions Package\\cad\\phantom_visual_reboot\\src\\donor_fit_lowered.py::fit_view","parent":null,"state":"building","phase":"Meshing components","progress":[191,686],"elapsed":30.906}
{"model":"C:\\Users\\erena\\Desktop\\Nuclear Option Munitions Package\\cad\\phantom_visual_reboot\\src\\donor_fit_lowered.py::fit_view","parent":null,"state":"building","phase":"Meshing components","progress":[192,686],"elapsed":30.906}
{"model":"C:\\Users\\erena\\Desktop\\Nuclear Option Munitions Package\\cad\\phantom_visual_reboot\\src\\donor_fit_lowered.py::fit_view","parent":null,"state":"building","phase":"Meshing components","progress":[193,686],"elapsed":30.906}
{"model":"C:\\Users\\erena\\Desktop\\Nuclear Option Munitions Package\\cad\\phantom_visual_reboot\\src\\donor_fit_lowered.py::fit_view","parent":null,"state":"building","phase":"Meshing components","progress":[194,686],"elapsed":30.922}
{"model":"C:\\Users\\erena\\Desktop\\Nuclear Option Munitions Package\\cad\\phantom_visual_reboot\\src\\donor_fit_lowered.py::fit_view","parent":null,"state":"building","phase":"Meshing components","progress":[195,686],"elapsed":30.922}
{"model":"C:\\Users\\erena\\Desktop\\Nuclear Option Munitions Package\\cad\\phantom_visual_reboot\\src\\donor_fit_lowered.py::fit_view","parent":null,"state":"building","phase":"Meshing components","progress":[196,686],"elapsed":30.922}
{"model":"C:\\Users\\erena\\Desktop\\Nuclear Option Munitions Package\\cad\\phantom_visual_reboot\\src\\donor_fit_lowered.py::fit_view","parent":null,"state":"building","phase":"Meshing components","progress":[197,686],"elapsed":30.922}
{"model":"C:\\Users\\erena\\Desktop\\Nuclear Option Munitions Package\\cad\\phantom_visual_reboot\\src\\donor_fit_lowered.py::fit_view","parent":null,"state":"building","phase":"Meshing components","progress":[198,686],"elapsed":30.938}
{"model":"C:\\Users\\erena\\Desktop\\Nuclear Option Munitions Package\\cad\\phantom_visual_reboot\\src\\donor_fit_lowered.py::fit_view","parent":null,"state":"building","phase":"Meshing components","progress":[199,686],"elapsed":30.938}
{"model":"C:\\Users\\erena\\Desktop\\Nuclear Option Munitions Package\\cad\\phantom_visual_reboot\\src\\donor_fit_lowered.py::fit_view","parent":null,"state":"building","phase":"Meshing components","progress":[200,686],"elapsed":30.938}
{"model":"C:\\Users\\erena\\Desktop\\Nuclear Option Munitions Package\\cad\\phantom_visual_reboot\\src\\donor_fit_lowered.py::fit_view","parent":null,"state":"building","phase":"Meshing components","progress":[201,686],"elapsed":30.938}
{"model":"C:\\Users\\erena\\Desktop\\Nuclear Option Munitions Package\\cad\\phantom_visual_reboot\\src\\donor_fit_lowered.py::fit_view","parent":null,"state":"building","phase":"Meshing components","progress":[202,686],"elapsed":30.953}
{"model":"C:\\Users\\erena\\Desktop\\Nuclear Option Munitions Package\\cad\\phantom_visual_reboot\\src\\donor_fit_lowered.py::fit_view","parent":null,"state":"building","phase":"Meshing components","progress":[203,686],"elapsed":30.953}
{"model":"C:\\Users\\erena\\Desktop\\Nuclear Option Munitions Package\\cad\\phantom_visual_reboot\\src\\donor_fit_lowered.py::fit_view","parent":null,"state":"building","phase":"Meshing components","progress":[204,686],"elapsed":30.953}
{"model":"C:\\Users\\erena\\Desktop\\Nuclear Option Munitions Package\\cad\\phantom_visual_reboot\\src\\donor_fit_lowered.py::fit_view","parent":null,"state":"building","phase":"Meshing components","progress":[205,686],"elapsed":30.953}
{"model":"C:\\Users\\erena\\Desktop\\Nuclear Option Munitions Package\\cad\\phantom_visual_reboot\\src\\donor_fit_lowered.py::fit_view","parent":null,"state":"building","phase":"Meshing components","progress":[206,686],"elapsed":30.969}
{"model":"C:\\Users\\erena\\Desktop\\Nuclear Option Munitions Package\\cad\\phantom_visual_reboot\\src\\donor_fit_lowered.py::fit_view","parent":null,"state":"building","phase":"Meshing components","progress":[207,686],"elapsed":30.969}
{"model":"C:\\Users\\erena\\Desktop\\Nuclear Option Munitions Package\\cad\\phantom_visual_reboot\\src\\donor_fit_lowered.py::fit_view","parent":null,"state":"building","phase":"Meshing components","progress":[208,686],"elapsed":30.969}
{"model":"C:\\Users\\erena\\Desktop\\Nuclear Option Munitions Package\\cad\\phantom_visual_reboot\\src\\donor_fit_lowered.py::fit_view","parent":null,"state":"building","phase":"Meshing components","progress":[209,686],"elapsed":30.985}
{"model":"C:\\Users\\erena\\Desktop\\Nuclear Option Munitions Package\\cad\\phantom_visual_reboot\\src\\donor_fit_lowered.py::fit_view","parent":null,"state":"building","phase":"Meshing components","progress":[210,686],"elapsed":30.985}
{"model":"C:\\Users\\erena\\Desktop\\Nuclear Option Munitions Package\\cad\\phantom_visual_reboot\\src\\donor_fit_lowered.py::fit_view","parent":null,"state":"building","phase":"Meshing components","progress":[211,686],"elapsed":30.985}
{"model":"C:\\Users\\erena\\Desktop\\Nuclear Option Munitions Package\\cad\\phantom_visual_reboot\\src\\donor_fit_lowered.py::fit_view","parent":null,"state":"building","phase":"Meshing components","progress":[212,686],"elapsed":31.0}
{"model":"C:\\Users\\erena\\Desktop\\Nuclear Option Munitions Package\\cad\\phantom_visual_reboot\\src\\donor_fit_lowered.py::fit_view","parent":null,"state":"building","phase":"Meshing components","progress":[213,686],"elapsed":31.0}
{"model":"C:\\Users\\erena\\Desktop\\Nuclear Option Munitions Package\\cad\\phantom_visual_reboot\\src\\donor_fit_lowered.py::fit_view","parent":null,"state":"building","phase":"Meshing components","progress":[214,686],"elapsed":31.0}
{"model":"C:\\Users\\erena\\Desktop\\Nuclear Option Munitions Package\\cad\\phantom_visual_reboot\\src\\donor_fit_lowered.py::fit_view","parent":null,"state":"building","phase":"Meshing components","progress":[215,686],"elapsed":31.0}
{"model":"C:\\Users\\erena\\Desktop\\Nuclear Option Munitions Package\\cad\\phantom_visual_reboot\\src\\donor_fit_lowered.py::fit_view","parent":null,"state":"building","phase":"Meshing components","progress":[216,686],"elapsed":31.016}
{"model":"C:\\Users\\erena\\Desktop\\Nuclear Option Munitions Package\\cad\\phantom_visual_reboot\\src\\donor_fit_lowered.py::fit_view","parent":null,"state":"building","phase":"Meshing components","progress":[217,686],"elapsed":31.016}
{"model":"C:\\Users\\erena\\Desktop\\Nuclear Option Munitions Package\\cad\\phantom_visual_reboot\\src\\donor_fit_lowered.py::fit_view","parent":null,"state":"building","phase":"Meshing components","progress":[218,686],"elapsed":31.031}
{"model":"C:\\Users\\erena\\Desktop\\Nuclear Option Munitions Package\\cad\\phantom_visual_reboot\\src\\donor_fit_lowered.py::fit_view","parent":null,"state":"building","phase":"Meshing components","progress":[219,686],"elapsed":31.031}
{"model":"C:\\Users\\erena\\Desktop\\Nuclear Option Munitions Package\\cad\\phantom_visual_reboot\\src\\donor_fit_lowered.py::fit_view","parent":null,"state":"building","phase":"Meshing components","progress":[220,686],"elapsed":31.031}
{"model":"C:\\Users\\erena\\Desktop\\Nuclear Option Munitions Package\\cad\\phantom_visual_reboot\\src\\donor_fit_lowered.py::fit_view","parent":null,"state":"building","phase":"Meshing components","progress":[221,686],"elapsed":31.031}
{"model":"C:\\Users\\erena\\Desktop\\Nuclear Option Munitions Package\\cad\\phantom_visual_reboot\\src\\donor_fit_lowered.py::fit_view","parent":null,"state":"building","phase":"Meshing components","progress":[222,686],"elapsed":31.047}
{"model":"C:\\Users\\erena\\Desktop\\Nuclear Option Munitions Package\\cad\\phantom_visual_reboot\\src\\donor_fit_lowered.py::fit_view","parent":null,"state":"building","phase":"Meshing components","progress":[223,686],"elapsed":31.047}
{"model":"C:\\Users\\erena\\Desktop\\Nuclear Option Munitions Package\\cad\\phantom_visual_reboot\\src\\donor_fit_lowered.py::fit_view","parent":null,"state":"building","phase":"Meshing components","progress":[224,686],"elapsed":31.047}
{"model":"C:\\Users\\erena\\Desktop\\Nuclear Option Munitions Package\\cad\\phantom_visual_reboot\\src\\donor_fit_lowered.py::fit_view","parent":null,"state":"building","phase":"Meshing components","progress":[225,686],"elapsed":31.047}
{"model":"C:\\Users\\erena\\Desktop\\Nuclear Option Munitions Package\\cad\\phantom_visual_reboot\\src\\donor_fit_lowered.py::fit_view","parent":null,"state":"building","phase":"Meshing components","progress":[226,686],"elapsed":31.063}
{"model":"C:\\Users\\erena\\Desktop\\Nuclear Option Munitions Package\\cad\\phantom_visual_reboot\\src\\donor_fit_lowered.py::fit_view","parent":null,"state":"building","phase":"Meshing components","progress":[227,686],"elapsed":31.063}
{"model":"C:\\Users\\erena\\Desktop\\Nuclear Option Munitions Package\\cad\\phantom_visual_reboot\\src\\donor_fit_lowered.py::fit_view","parent":null,"state":"building","phase":"Meshing components","progress":[228,686],"elapsed":31.063}
{"model":"C:\\Users\\erena\\Desktop\\Nuclear Option Munitions Package\\cad\\phantom_visual_reboot\\src\\donor_fit_lowered.py::fit_view","parent":null,"state":"building","phase":"Meshing components","progress":[229,686],"elapsed":31.078}
{"model":"C:\\Users\\erena\\Desktop\\Nuclear Option Munitions Package\\cad\\phantom_visual_reboot\\src\\donor_fit_lowered.py::fit_view","parent":null,"state":"building","phase":"Meshing components","progress":[230,686],"elapsed":31.078}
{"model":"C:\\Users\\erena\\Desktop\\Nuclear Option Munitions Package\\cad\\phantom_visual_reboot\\src\\donor_fit_lowered.py::fit_view","parent":null,"state":"building","phase":"Meshing components","progress":[231,686],"elapsed":31.078}
{"model":"C:\\Users\\erena\\Desktop\\Nuclear Option Munitions Package\\cad\\phantom_visual_reboot\\src\\donor_fit_lowered.py::fit_view","parent":null,"state":"building","phase":"Meshing components","progress":[232,686],"elapsed":31.078}
{"model":"C:\\Users\\erena\\Desktop\\Nuclear Option Munitions Package\\cad\\phantom_visual_reboot\\src\\donor_fit_lowered.py::fit_view","parent":null,"state":"building","phase":"Meshing components","progress":[233,686],"elapsed":31.094}
{"model":"C:\\Users\\erena\\Desktop\\Nuclear Option Munitions Package\\cad\\phantom_visual_reboot\\src\\donor_fit_lowered.py::fit_view","parent":null,"state":"building","phase":"Meshing components","progress":[234,686],"elapsed":31.094}
{"model":"C:\\Users\\erena\\Desktop\\Nuclear Option Munitions Package\\cad\\phantom_visual_reboot\\src\\donor_fit_lowered.py::fit_view","parent":null,"state":"building","phase":"Meshing components","progress":[235,686],"elapsed":31.11}
{"model":"C:\\Users\\erena\\Desktop\\Nuclear Option Munitions Package\\cad\\phantom_visual_reboot\\src\\donor_fit_lowered.py::fit_view","parent":null,"state":"building","phase":"Meshing components","progress":[236,686],"elapsed":31.11}
{"model":"C:\\Users\\erena\\Desktop\\Nuclear Option Munitions Package\\cad\\phantom_visual_reboot\\src\\donor_fit_lowered.py::fit_view","parent":null,"state":"building","phase":"Meshing components","progress":[237,686],"elapsed":31.11}
{"model":"C:\\Users\\erena\\Desktop\\Nuclear Option Munitions Package\\cad\\phantom_visual_reboot\\src\\donor_fit_lowered.py::fit_view","parent":null,"state":"building","phase":"Meshing components","progress":[238,686],"elapsed":31.11}
{"model":"C:\\Users\\erena\\Desktop\\Nuclear Option Munitions Package\\cad\\phantom_visual_reboot\\src\\donor_fit_lowered.py::fit_view","parent":null,"state":"building","phase":"Meshing components","progress":[239,686],"elapsed":31.125}
{"model":"C:\\Users\\erena\\Desktop\\Nuclear Option Munitions Package\\cad\\phantom_visual_reboot\\src\\donor_fit_lowered.py::fit_view","parent":null,"state":"building","phase":"Meshing components","progress":[240,686],"elapsed":31.125}
{"model":"C:\\Users\\erena\\Desktop\\Nuclear Option Munitions Package\\cad\\phantom_visual_reboot\\src\\donor_fit_lowered.py::fit_view","parent":null,"state":"building","phase":"Meshing components","progress":[241,686],"elapsed":31.125}
{"model":"C:\\Users\\erena\\Desktop\\Nuclear Option Munitions Package\\cad\\phantom_visual_reboot\\src\\donor_fit_lowered.py::fit_view","parent":null,"state":"building","phase":"Meshing components","progress":[242,686],"elapsed":31.125}
{"model":"C:\\Users\\erena\\Desktop\\Nuclear Option Munitions Package\\cad\\phantom_visual_reboot\\src\\donor_fit_lowered.py::fit_view","parent":null,"state":"building","phase":"Meshing components","progress":[243,686],"elapsed":31.141}
{"model":"C:\\Users\\erena\\Desktop\\Nuclear Option Munitions Package\\cad\\phantom_visual_reboot\\src\\donor_fit_lowered.py::fit_view","parent":null,"state":"building","phase":"Meshing components","progress":[244,686],"elapsed":31.141}
{"model":"C:\\Users\\erena\\Desktop\\Nuclear Option Munitions Package\\cad\\phantom_visual_reboot\\src\\donor_fit_lowered.py::fit_view","parent":null,"state":"building","phase":"Meshing components","progress":[245,686],"elapsed":31.141}
{"model":"C:\\Users\\erena\\Desktop\\Nuclear Option Munitions Package\\cad\\phantom_visual_reboot\\src\\donor_fit_lowered.py::fit_view","parent":null,"state":"building","phase":"Meshing components","progress":[246,686],"elapsed":31.156}
{"model":"C:\\Users\\erena\\Desktop\\Nuclear Option Munitions Package\\cad\\phantom_visual_reboot\\src\\donor_fit_lowered.py::fit_view","parent":null,"state":"building","phase":"Meshing components","progress":[247,686],"elapsed":31.156}
{"model":"C:\\Users\\erena\\Desktop\\Nuclear Option Munitions Package\\cad\\phantom_visual_reboot\\src\\donor_fit_lowered.py::fit_view","parent":null,"state":"building","phase":"Meshing components","progress":[248,686],"elapsed":31.156}
{"model":"C:\\Users\\erena\\Desktop\\Nuclear Option Munitions Package\\cad\\phantom_visual_reboot\\src\\donor_fit_lowered.py::fit_view","parent":null,"state":"building","phase":"Meshing components","progress":[249,686],"elapsed":31.172}
{"model":"C:\\Users\\erena\\Desktop\\Nuclear Option Munitions Package\\cad\\phantom_visual_reboot\\src\\donor_fit_lowered.py::fit_view","parent":null,"state":"building","phase":"Meshing components","progress":[250,686],"elapsed":31.172}
{"model":"C:\\Users\\erena\\Desktop\\Nuclear Option Munitions Package\\cad\\phantom_visual_reboot\\src\\donor_fit_lowered.py::fit_view","parent":null,"state":"building","phase":"Meshing components","progress":[251,686],"elapsed":31.172}
{"model":"C:\\Users\\erena\\Desktop\\Nuclear Option Munitions Package\\cad\\phantom_visual_reboot\\src\\donor_fit_lowered.py::fit_view","parent":null,"state":"building","phase":"Meshing components","progress":[252,686],"elapsed":31.188}
{"model":"C:\\Users\\erena\\Desktop\\Nuclear Option Munitions Package\\cad\\phantom_visual_reboot\\src\\donor_fit_lowered.py::fit_view","parent":null,"state":"building","phase":"Meshing components","progress":[253,686],"elapsed":31.188}
{"model":"C:\\Users\\erena\\Desktop\\Nuclear Option Munitions Package\\cad\\phantom_visual_reboot\\src\\donor_fit_lowered.py::fit_view","parent":null,"state":"building","phase":"Meshing components","progress":[254,686],"elapsed":31.188}
{"model":"C:\\Users\\erena\\Desktop\\Nuclear Option Munitions Package\\cad\\phantom_visual_reboot\\src\\donor_fit_lowered.py::fit_view","parent":null,"state":"building","phase":"Meshing components","progress":[255,686],"elapsed":31.188}
{"model":"C:\\Users\\erena\\Desktop\\Nuclear Option Munitions Package\\cad\\phantom_visual_reboot\\src\\donor_fit_lowered.py::fit_view","parent":null,"state":"building","phase":"Meshing components","progress":[256,686],"elapsed":31.203}
{"model":"C:\\Users\\erena\\Desktop\\Nuclear Option Munitions Package\\cad\\phantom_visual_reboot\\src\\donor_fit_lowered.py::fit_view","parent":null,"state":"building","phase":"Meshing components","progress":[257,686],"elapsed":31.203}
{"model":"C:\\Users\\erena\\Desktop\\Nuclear Option Munitions Package\\cad\\phantom_visual_reboot\\src\\donor_fit_lowered.py::fit_view","parent":null,"state":"building","phase":"Meshing components","progress":[258,686],"elapsed":31.203}
{"model":"C:\\Users\\erena\\Desktop\\Nuclear Option Munitions Package\\cad\\phantom_visual_reboot\\src\\donor_fit_lowered.py::fit_view","parent":null,"state":"building","phase":"Meshing components","progress":[259,686],"elapsed":31.219}
{"model":"C:\\Users\\erena\\Desktop\\Nuclear Option Munitions Package\\cad\\phantom_visual_reboot\\src\\donor_fit_lowered.py::fit_view","parent":null,"state":"building","phase":"Meshing components","progress":[260,686],"elapsed":31.219}
{"model":"C:\\Users\\erena\\Desktop\\Nuclear Option Munitions Package\\cad\\phantom_visual_reboot\\src\\donor_fit_lowered.py::fit_view","parent":null,"state":"building","phase":"Meshing components","progress":[261,686],"elapsed":31.219}
{"model":"C:\\Users\\erena\\Desktop\\Nuclear Option Munitions Package\\cad\\phantom_visual_reboot\\src\\donor_fit_lowered.py::fit_view","parent":null,"state":"building","phase":"Meshing components","progress":[262,686],"elapsed":31.219}
{"model":"C:\\Users\\erena\\Desktop\\Nuclear Option Munitions Package\\cad\\phantom_visual_reboot\\src\\donor_fit_lowered.py::fit_view","parent":null,"state":"building","phase":"Meshing components","progress":[263,686],"elapsed":31.235}
{"model":"C:\\Users\\erena\\Desktop\\Nuclear Option Munitions Package\\cad\\phantom_visual_reboot\\src\\donor_fit_lowered.py::fit_view","parent":null,"state":"building","phase":"Meshing components","progress":[264,686],"elapsed":31.235}
{"model":"C:\\Users\\erena\\Desktop\\Nuclear Option Munitions Package\\cad\\phantom_visual_reboot\\src\\donor_fit_lowered.py::fit_view","parent":null,"state":"building","phase":"Meshing components","progress":[265,686],"elapsed":31.235}
{"model":"C:\\Users\\erena\\Desktop\\Nuclear Option Munitions Package\\cad\\phantom_visual_reboot\\src\\donor_fit_lowered.py::fit_view","parent":null,"state":"building","phase":"Meshing components","progress":[266,686],"elapsed":31.235}
{"model":"C:\\Users\\erena\\Desktop\\Nuclear Option Munitions Package\\cad\\phantom_visual_reboot\\src\\donor_fit_lowered.py::fit_view","parent":null,"state":"building","phase":"Meshing components","progress":[267,686],"elapsed":31.25}
{"model":"C:\\Users\\erena\\Desktop\\Nuclear Option Munitions Package\\cad\\phantom_visual_reboot\\src\\donor_fit_lowered.py::fit_view","parent":null,"state":"building","phase":"Meshing components","progress":[268,686],"elapsed":31.25}
{"model":"C:\\Users\\erena\\Desktop\\Nuclear Option Munitions Package\\cad\\phantom_visual_reboot\\src\\donor_fit_lowered.py::fit_view","parent":null,"state":"building","phase":"Meshing components","progress":[269,686],"elapsed":31.25}
{"model":"C:\\Users\\erena\\Desktop\\Nuclear Option Munitions Package\\cad\\phantom_visual_reboot\\src\\donor_fit_lowered.py::fit_view","parent":null,"state":"building","phase":"Meshing components","progress":[270,686],"elapsed":31.266}
{"model":"C:\\Users\\erena\\Desktop\\Nuclear Option Munitions Package\\cad\\phantom_visual_reboot\\src\\donor_fit_lowered.py::fit_view","parent":null,"state":"building","phase":"Meshing components","progress":[271,686],"elapsed":31.266}
{"model":"C:\\Users\\erena\\Desktop\\Nuclear Option Munitions Package\\cad\\phantom_visual_reboot\\src\\donor_fit_lowered.py::fit_view","parent":null,"state":"building","phase":"Meshing components","progress":[272,686],"elapsed":31.266}
{"model":"C:\\Users\\erena\\Desktop\\Nuclear Option Munitions Package\\cad\\phantom_visual_reboot\\src\\donor_fit_lowered.py::fit_view","parent":null,"state":"building","phase":"Meshing components","progress":[273,686],"elapsed":31.281}
{"model":"C:\\Users\\erena\\Desktop\\Nuclear Option Munitions Package\\cad\\phantom_visual_reboot\\src\\donor_fit_lowered.py::fit_view","parent":null,"state":"building","phase":"Meshing components","progress":[274,686],"elapsed":31.281}
{"model":"C:\\Users\\erena\\Desktop\\Nuclear Option Munitions Package\\cad\\phantom_visual_reboot\\src\\donor_fit_lowered.py::fit_view","parent":null,"state":"building","phase":"Meshing components","progress":[275,686],"elapsed":31.281}
{"model":"C:\\Users\\erena\\Desktop\\Nuclear Option Munitions Package\\cad\\phantom_visual_reboot\\src\\donor_fit_lowered.py::fit_view","parent":null,"state":"building","phase":"Meshing components","progress":[276,686],"elapsed":31.281}
{"model":"C:\\Users\\erena\\Desktop\\Nuclear Option Munitions Package\\cad\\phantom_visual_reboot\\src\\donor_fit_lowered.py::fit_view","parent":null,"state":"building","phase":"Meshing components","progress":[277,686],"elapsed":31.297}
{"model":"C:\\Users\\erena\\Desktop\\Nuclear Option Munitions Package\\cad\\phantom_visual_reboot\\src\\donor_fit_lowered.py::fit_view","parent":null,"state":"building","phase":"Meshing components","progress":[278,686],"elapsed":31.297}
{"model":"C:\\Users\\erena\\Desktop\\Nuclear Option Munitions Package\\cad\\phantom_visual_reboot\\src\\donor_fit_lowered.py::fit_view","parent":null,"state":"building","phase":"Meshing components","progress":[279,686],"elapsed":31.313}
{"model":"C:\\Users\\erena\\Desktop\\Nuclear Option Munitions Package\\cad\\phantom_visual_reboot\\src\\donor_fit_lowered.py::fit_view","parent":null,"state":"building","phase":"Meshing components","progress":[280,686],"elapsed":31.313}
{"model":"C:\\Users\\erena\\Desktop\\Nuclear Option Munitions Package\\cad\\phantom_visual_reboot\\src\\donor_fit_lowered.py::fit_view","parent":null,"state":"building","phase":"Meshing components","progress":[281,686],"elapsed":31.328}
{"model":"C:\\Users\\erena\\Desktop\\Nuclear Option Munitions Package\\cad\\phantom_visual_reboot\\src\\donor_fit_lowered.py::fit_view","parent":null,"state":"building","phase":"Meshing components","progress":[282,686],"elapsed":31.328}
{"model":"C:\\Users\\erena\\Desktop\\Nuclear Option Munitions Package\\cad\\phantom_visual_reboot\\src\\donor_fit_lowered.py::fit_view","parent":null,"state":"building","phase":"Meshing components","progress":[283,686],"elapsed":31.344}
{"model":"C:\\Users\\erena\\Desktop\\Nuclear Option Munitions Package\\cad\\phantom_visual_reboot\\src\\donor_fit_lowered.py::fit_view","parent":null,"state":"building","phase":"Meshing components","progress":[284,686],"elapsed":31.344}
{"model":"C:\\Users\\erena\\Desktop\\Nuclear Option Munitions Package\\cad\\phantom_visual_reboot\\src\\donor_fit_lowered.py::fit_view","parent":null,"state":"building","phase":"Meshing components","progress":[285,686],"elapsed":31.344}
{"model":"C:\\Users\\erena\\Desktop\\Nuclear Option Munitions Package\\cad\\phantom_visual_reboot\\src\\donor_fit_lowered.py::fit_view","parent":null,"state":"building","phase":"Meshing components","progress":[286,686],"elapsed":31.344}
{"model":"C:\\Users\\erena\\Desktop\\Nuclear Option Munitions Package\\cad\\phantom_visual_reboot\\src\\donor_fit_lowered.py::fit_view","parent":null,"state":"building","phase":"Meshing components","progress":[287,686],"elapsed":31.36}
{"model":"C:\\Users\\erena\\Desktop\\Nuclear Option Munitions Package\\cad\\phantom_visual_reboot\\src\\donor_fit_lowered.py::fit_view","parent":null,"state":"building","phase":"Meshing components","progress":[288,686],"elapsed":31.36}
{"model":"C:\\Users\\erena\\Desktop\\Nuclear Option Munitions Package\\cad\\phantom_visual_reboot\\src\\donor_fit_lowered.py::fit_view","parent":null,"state":"building","phase":"Meshing components","progress":[289,686],"elapsed":31.36}
{"model":"C:\\Users\\erena\\Desktop\\Nuclear Option Munitions Package\\cad\\phantom_visual_reboot\\src\\donor_fit_lowered.py::fit_view","parent":null,"state":"building","phase":"Meshing components","progress":[290,686],"elapsed":31.375}
{"model":"C:\\Users\\erena\\Desktop\\Nuclear Option Munitions Package\\cad\\phantom_visual_reboot\\src\\donor_fit_lowered.py::fit_view","parent":null,"state":"building","phase":"Meshing components","progress":[291,686],"elapsed":31.375}
{"model":"C:\\Users\\erena\\Desktop\\Nuclear Option Munitions Package\\cad\\phantom_visual_reboot\\src\\donor_fit_lowered.py::fit_view","parent":null,"state":"building","phase":"Meshing components","progress":[292,686],"elapsed":31.375}
{"model":"C:\\Users\\erena\\Desktop\\Nuclear Option Munitions Package\\cad\\phantom_visual_reboot\\src\\donor_fit_lowered.py::fit_view","parent":null,"state":"building","phase":"Meshing components","progress":[293,686],"elapsed":31.391}
{"model":"C:\\Users\\erena\\Desktop\\Nuclear Option Munitions Package\\cad\\phantom_visual_reboot\\src\\donor_fit_lowered.py::fit_view","parent":null,"state":"building","phase":"Meshing components","progress":[294,686],"elapsed":31.391}
{"model":"C:\\Users\\erena\\Desktop\\Nuclear Option Munitions Package\\cad\\phantom_visual_reboot\\src\\donor_fit_lowered.py::fit_view","parent":null,"state":"building","phase":"Meshing components","progress":[295,686],"elapsed":31.391}
{"model":"C:\\Users\\erena\\Desktop\\Nuclear Option Munitions Package\\cad\\phantom_visual_reboot\\src\\donor_fit_lowered.py::fit_view","parent":null,"state":"building","phase":"Meshing components","progress":[296,686],"elapsed":31.406}
{"model":"C:\\Users\\erena\\Desktop\\Nuclear Option Munitions Package\\cad\\phantom_visual_reboot\\src\\donor_fit_lowered.py::fit_view","parent":null,"state":"building","phase":"Meshing components","progress":[297,686],"elapsed":31.406}
{"model":"C:\\Users\\erena\\Desktop\\Nuclear Option Munitions Package\\cad\\phantom_visual_reboot\\src\\donor_fit_lowered.py::fit_view","parent":null,"state":"building","phase":"Meshing components","progress":[298,686],"elapsed":31.406}
{"model":"C:\\Users\\erena\\Desktop\\Nuclear Option Munitions Package\\cad\\phantom_visual_reboot\\src\\donor_fit_lowered.py::fit_view","parent":null,"state":"building","phase":"Meshing components","progress":[299,686],"elapsed":31.422}
{"model":"C:\\Users\\erena\\Desktop\\Nuclear Option Munitions Package\\cad\\phantom_visual_reboot\\src\\donor_fit_lowered.py::fit_view","parent":null,"state":"building","phase":"Meshing components","progress":[300,686],"elapsed":31.422}
{"model":"C:\\Users\\erena\\Desktop\\Nuclear Option Munitions Package\\cad\\phantom_visual_reboot\\src\\donor_fit_lowered.py::fit_view","parent":null,"state":"building","phase":"Meshing components","progress":[301,686],"elapsed":31.422}
{"model":"C:\\Users\\erena\\Desktop\\Nuclear Option Munitions Package\\cad\\phantom_visual_reboot\\src\\donor_fit_lowered.py::fit_view","parent":null,"state":"building","phase":"Meshing components","progress":[302,686],"elapsed":31.438}
{"model":"C:\\Users\\erena\\Desktop\\Nuclear Option Munitions Package\\cad\\phantom_visual_reboot\\src\\donor_fit_lowered.py::fit_view","parent":null,"state":"building","phase":"Meshing components","progress":[303,686],"elapsed":31.438}
{"model":"C:\\Users\\erena\\Desktop\\Nuclear Option Munitions Package\\cad\\phantom_visual_reboot\\src\\donor_fit_lowered.py::fit_view","parent":null,"state":"building","phase":"Meshing components","progress":[304,686],"elapsed":31.438}
{"model":"C:\\Users\\erena\\Desktop\\Nuclear Option Munitions Package\\cad\\phantom_visual_reboot\\src\\donor_fit_lowered.py::fit_view","parent":null,"state":"building","phase":"Meshing components","progress":[305,686],"elapsed":31.438}
{"model":"C:\\Users\\erena\\Desktop\\Nuclear Option Munitions Package\\cad\\phantom_visual_reboot\\src\\donor_fit_lowered.py::fit_view","parent":null,"state":"building","phase":"Meshing components","progress":[306,686],"elapsed":31.453}
{"model":"C:\\Users\\erena\\Desktop\\Nuclear Option Munitions Package\\cad\\phantom_visual_reboot\\src\\donor_fit_lowered.py::fit_view","parent":null,"state":"building","phase":"Meshing components","progress":[307,686],"elapsed":31.453}
{"model":"C:\\Users\\erena\\Desktop\\Nuclear Option Munitions Package\\cad\\phantom_visual_reboot\\src\\donor_fit_lowered.py::fit_view","parent":null,"state":"building","phase":"Meshing components","progress":[308,686],"elapsed":31.453}
{"model":"C:\\Users\\erena\\Desktop\\Nuclear Option Munitions Package\\cad\\phantom_visual_reboot\\src\\donor_fit_lowered.py::fit_view","parent":null,"state":"building","phase":"Meshing components","progress":[309,686],"elapsed":31.469}
{"model":"C:\\Users\\erena\\Desktop\\Nuclear Option Munitions Package\\cad\\phantom_visual_reboot\\src\\donor_fit_lowered.py::fit_view","parent":null,"state":"building","phase":"Meshing components","progress":[310,686],"elapsed":31.469}
{"model":"C:\\Users\\erena\\Desktop\\Nuclear Option Munitions Package\\cad\\phantom_visual_reboot\\src\\donor_fit_lowered.py::fit_view","parent":null,"state":"building","phase":"Meshing components","progress":[311,686],"elapsed":31.469}
{"model":"C:\\Users\\erena\\Desktop\\Nuclear Option Munitions Package\\cad\\phantom_visual_reboot\\src\\donor_fit_lowered.py::fit_view","parent":null,"state":"building","phase":"Meshing components","progress":[312,686],"elapsed":31.485}
{"model":"C:\\Users\\erena\\Desktop\\Nuclear Option Munitions Package\\cad\\phantom_visual_reboot\\src\\donor_fit_lowered.py::fit_view","parent":null,"state":"building","phase":"Meshing components","progress":[313,686],"elapsed":31.485}
{"model":"C:\\Users\\erena\\Desktop\\Nuclear Option Munitions Package\\cad\\phantom_visual_reboot\\src\\donor_fit_lowered.py::fit_view","parent":null,"state":"building","phase":"Meshing components","progress":[314,686],"elapsed":31.5}
{"model":"C:\\Users\\erena\\Desktop\\Nuclear Option Munitions Package\\cad\\phantom_visual_reboot\\src\\donor_fit_lowered.py::fit_view","parent":null,"state":"building","phase":"Meshing components","progress":[315,686],"elapsed":31.5}
{"model":"C:\\Users\\erena\\Desktop\\Nuclear Option Munitions Package\\cad\\phantom_visual_reboot\\src\\donor_fit_lowered.py::fit_view","parent":null,"state":"building","phase":"Meshing components","progress":[316,686],"elapsed":31.5}
{"model":"C:\\Users\\erena\\Desktop\\Nuclear Option Munitions Package\\cad\\phantom_visual_reboot\\src\\donor_fit_lowered.py::fit_view","parent":null,"state":"building","phase":"Meshing components","progress":[317,686],"elapsed":31.5}
{"model":"C:\\Users\\erena\\Desktop\\Nuclear Option Munitions Package\\cad\\phantom_visual_reboot\\src\\donor_fit_lowered.py::fit_view","parent":null,"state":"building","phase":"Meshing components","progress":[318,686],"elapsed":31.516}
{"model":"C:\\Users\\erena\\Desktop\\Nuclear Option Munitions Package\\cad\\phantom_visual_reboot\\src\\donor_fit_lowered.py::fit_view","parent":null,"state":"building","phase":"Meshing components","progress":[319,686],"elapsed":31.531}
{"model":"C:\\Users\\erena\\Desktop\\Nuclear Option Munitions Package\\cad\\phantom_visual_reboot\\src\\donor_fit_lowered.py::fit_view","parent":null,"state":"building","phase":"Meshing components","progress":[320,686],"elapsed":31.531}
{"model":"C:\\Users\\erena\\Desktop\\Nuclear Option Munitions Package\\cad\\phantom_visual_reboot\\src\\donor_fit_lowered.py::fit_view","parent":null,"state":"building","phase":"Meshing components","progress":[321,686],"elapsed":31.547}
{"model":"C:\\Users\\erena\\Desktop\\Nuclear Option Munitions Package\\cad\\phantom_visual_reboot\\src\\donor_fit_lowered.py::fit_view","parent":null,"state":"building","phase":"Meshing components","progress":[322,686],"elapsed":31.547}
{"model":"C:\\Users\\erena\\Desktop\\Nuclear Option Munitions Package\\cad\\phantom_visual_reboot\\src\\donor_fit_lowered.py::fit_view","parent":null,"state":"building","phase":"Meshing components","progress":[323,686],"elapsed":31.547}
{"model":"C:\\Users\\erena\\Desktop\\Nuclear Option Munitions Package\\cad\\phantom_visual_reboot\\src\\donor_fit_lowered.py::fit_view","parent":null,"state":"building","phase":"Meshing components","progress":[324,686],"elapsed":31.563}
{"model":"C:\\Users\\erena\\Desktop\\Nuclear Option Munitions Package\\cad\\phantom_visual_reboot\\src\\donor_fit_lowered.py::fit_view","parent":null,"state":"building","phase":"Meshing components","progress":[325,686],"elapsed":31.563}
{"model":"C:\\Users\\erena\\Desktop\\Nuclear Option Munitions Package\\cad\\phantom_visual_reboot\\src\\donor_fit_lowered.py::fit_view","parent":null,"state":"building","phase":"Meshing components","progress":[326,686],"elapsed":31.563}
{"model":"C:\\Users\\erena\\Desktop\\Nuclear Option Munitions Package\\cad\\phantom_visual_reboot\\src\\donor_fit_lowered.py::fit_view","parent":null,"state":"building","phase":"Meshing components","progress":[327,686],"elapsed":31.578}
{"model":"C:\\Users\\erena\\Desktop\\Nuclear Option Munitions Package\\cad\\phantom_visual_reboot\\src\\donor_fit_lowered.py::fit_view","parent":null,"state":"building","phase":"Meshing components","progress":[328,686],"elapsed":31.578}
{"model":"C:\\Users\\erena\\Desktop\\Nuclear Option Munitions Package\\cad\\phantom_visual_reboot\\src\\donor_fit_lowered.py::fit_view","parent":null,"state":"building","phase":"Meshing components","progress":[329,686],"elapsed":31.594}
{"model":"C:\\Users\\erena\\Desktop\\Nuclear Option Munitions Package\\cad\\phantom_visual_reboot\\src\\donor_fit_lowered.py::fit_view","parent":null,"state":"building","phase":"Meshing components","progress":[330,686],"elapsed":31.594}
{"model":"C:\\Users\\erena\\Desktop\\Nuclear Option Munitions Package\\cad\\phantom_visual_reboot\\src\\donor_fit_lowered.py::fit_view","parent":null,"state":"building","phase":"Meshing components","progress":[331,686],"elapsed":31.61}
{"model":"C:\\Users\\erena\\Desktop\\Nuclear Option Munitions Package\\cad\\phantom_visual_reboot\\src\\donor_fit_lowered.py::fit_view","parent":null,"state":"building","phase":"Meshing components","progress":[332,686],"elapsed":31.61}
{"model":"C:\\Users\\erena\\Desktop\\Nuclear Option Munitions Package\\cad\\phantom_visual_reboot\\src\\donor_fit_lowered.py::fit_view","parent":null,"state":"building","phase":"Meshing components","progress":[333,686],"elapsed":31.625}
{"model":"C:\\Users\\erena\\Desktop\\Nuclear Option Munitions Package\\cad\\phantom_visual_reboot\\src\\donor_fit_lowered.py::fit_view","parent":null,"state":"building","phase":"Meshing components","progress":[334,686],"elapsed":31.625}
{"model":"C:\\Users\\erena\\Desktop\\Nuclear Option Munitions Package\\cad\\phantom_visual_reboot\\src\\donor_fit_lowered.py::fit_view","parent":null,"state":"building","phase":"Meshing components","progress":[335,686],"elapsed":31.641}
{"model":"C:\\Users\\erena\\Desktop\\Nuclear Option Munitions Package\\cad\\phantom_visual_reboot\\src\\donor_fit_lowered.py::fit_view","parent":null,"state":"building","phase":"Meshing components","progress":[336,686],"elapsed":31.641}
{"model":"C:\\Users\\erena\\Desktop\\Nuclear Option Munitions Package\\cad\\phantom_visual_reboot\\src\\donor_fit_lowered.py::fit_view","parent":null,"state":"building","phase":"Meshing components","progress":[337,686],"elapsed":31.641}
{"model":"C:\\Users\\erena\\Desktop\\Nuclear Option Munitions Package\\cad\\phantom_visual_reboot\\src\\donor_fit_lowered.py::fit_view","parent":null,"state":"building","phase":"Meshing components","progress":[338,686],"elapsed":31.656}
{"model":"C:\\Users\\erena\\Desktop\\Nuclear Option Munitions Package\\cad\\phantom_visual_reboot\\src\\donor_fit_lowered.py::fit_view","parent":null,"state":"building","phase":"Meshing components","progress":[339,686],"elapsed":31.656}
{"model":"C:\\Users\\erena\\Desktop\\Nuclear Option Munitions Package\\cad\\phantom_visual_reboot\\src\\donor_fit_lowered.py::fit_view","parent":null,"state":"building","phase":"Meshing components","progress":[340,686],"elapsed":31.656}
{"model":"C:\\Users\\erena\\Desktop\\Nuclear Option Munitions Package\\cad\\phantom_visual_reboot\\src\\donor_fit_lowered.py::fit_view","parent":null,"state":"building","phase":"Meshing components","progress":[341,686],"elapsed":31.672}
{"model":"C:\\Users\\erena\\Desktop\\Nuclear Option Munitions Package\\cad\\phantom_visual_reboot\\src\\donor_fit_lowered.py::fit_view","parent":null,"state":"building","phase":"Meshing components","progress":[342,686],"elapsed":31.672}
{"model":"C:\\Users\\erena\\Desktop\\Nuclear Option Munitions Package\\cad\\phantom_visual_reboot\\src\\donor_fit_lowered.py::fit_view","parent":null,"state":"building","phase":"Meshing components","progress":[343,686],"elapsed":31.688}
{"model":"C:\\Users\\erena\\Desktop\\Nuclear Option Munitions Package\\cad\\phantom_visual_reboot\\src\\donor_fit_lowered.py::fit_view","parent":null,"state":"building","phase":"Meshing components","progress":[344,686],"elapsed":31.688}
{"model":"C:\\Users\\erena\\Desktop\\Nuclear Option Munitions Package\\cad\\phantom_visual_reboot\\src\\donor_fit_lowered.py::fit_view","parent":null,"state":"building","phase":"Meshing components","progress":[345,686],"elapsed":31.703}
{"model":"C:\\Users\\erena\\Desktop\\Nuclear Option Munitions Package\\cad\\phantom_visual_reboot\\src\\donor_fit_lowered.py::fit_view","parent":null,"state":"building","phase":"Meshing components","progress":[346,686],"elapsed":31.703}
{"model":"C:\\Users\\erena\\Desktop\\Nuclear Option Munitions Package\\cad\\phantom_visual_reboot\\src\\donor_fit_lowered.py::fit_view","parent":null,"state":"building","phase":"Meshing components","progress":[347,686],"elapsed":31.703}
{"model":"C:\\Users\\erena\\Desktop\\Nuclear Option Munitions Package\\cad\\phantom_visual_reboot\\src\\donor_fit_lowered.py::fit_view","parent":null,"state":"building","phase":"Meshing components","progress":[348,686],"elapsed":31.719}
{"model":"C:\\Users\\erena\\Desktop\\Nuclear Option Munitions Package\\cad\\phantom_visual_reboot\\src\\donor_fit_lowered.py::fit_view","parent":null,"state":"building","phase":"Meshing components","progress":[349,686],"elapsed":31.719}
{"model":"C:\\Users\\erena\\Desktop\\Nuclear Option Munitions Package\\cad\\phantom_visual_reboot\\src\\donor_fit_lowered.py::fit_view","parent":null,"state":"building","phase":"Meshing components","progress":[350,686],"elapsed":31.735}
{"model":"C:\\Users\\erena\\Desktop\\Nuclear Option Munitions Package\\cad\\phantom_visual_reboot\\src\\donor_fit_lowered.py::fit_view","parent":null,"state":"building","phase":"Meshing components","progress":[351,686],"elapsed":31.735}
{"model":"C:\\Users\\erena\\Desktop\\Nuclear Option Munitions Package\\cad\\phantom_visual_reboot\\src\\donor_fit_lowered.py::fit_view","parent":null,"state":"building","phase":"Meshing components","progress":[352,686],"elapsed":31.735}
{"model":"C:\\Users\\erena\\Desktop\\Nuclear Option Munitions Package\\cad\\phantom_visual_reboot\\src\\donor_fit_lowered.py::fit_view","parent":null,"state":"building","phase":"Meshing components","progress":[353,686],"elapsed":31.75}
{"model":"C:\\Users\\erena\\Desktop\\Nuclear Option Munitions Package\\cad\\phantom_visual_reboot\\src\\donor_fit_lowered.py::fit_view","parent":null,"state":"building","phase":"Meshing components","progress":[354,686],"elapsed":31.75}
{"model":"C:\\Users\\erena\\Desktop\\Nuclear Option Munitions Package\\cad\\phantom_visual_reboot\\src\\donor_fit_lowered.py::fit_view","parent":null,"state":"building","phase":"Meshing components","progress":[355,686],"elapsed":31.75}
{"model":"C:\\Users\\erena\\Desktop\\Nuclear Option Munitions Package\\cad\\phantom_visual_reboot\\src\\donor_fit_lowered.py::fit_view","parent":null,"state":"building","phase":"Meshing components","progress":[356,686],"elapsed":31.75}
{"model":"C:\\Users\\erena\\Desktop\\Nuclear Option Munitions Package\\cad\\phantom_visual_reboot\\src\\donor_fit_lowered.py::fit_view","parent":null,"state":"building","phase":"Meshing components","progress":[357,686],"elapsed":31.766}
{"model":"C:\\Users\\erena\\Desktop\\Nuclear Option Munitions Package\\cad\\phantom_visual_reboot\\src\\donor_fit_lowered.py::fit_view","parent":null,"state":"building","phase":"Meshing components","progress":[358,686],"elapsed":31.766}
{"model":"C:\\Users\\erena\\Desktop\\Nuclear Option Munitions Package\\cad\\phantom_visual_reboot\\src\\donor_fit_lowered.py::fit_view","parent":null,"state":"building","phase":"Meshing components","progress":[359,686],"elapsed":31.766}
{"model":"C:\\Users\\erena\\Desktop\\Nuclear Option Munitions Package\\cad\\phantom_visual_reboot\\src\\donor_fit_lowered.py::fit_view","parent":null,"state":"building","phase":"Meshing components","progress":[360,686],"elapsed":31.781}
{"model":"C:\\Users\\erena\\Desktop\\Nuclear Option Munitions Package\\cad\\phantom_visual_reboot\\src\\donor_fit_lowered.py::fit_view","parent":null,"state":"building","phase":"Meshing components","progress":[361,686],"elapsed":31.781}
{"model":"C:\\Users\\erena\\Desktop\\Nuclear Option Munitions Package\\cad\\phantom_visual_reboot\\src\\donor_fit_lowered.py::fit_view","parent":null,"state":"building","phase":"Meshing components","progress":[362,686],"elapsed":31.797}
{"model":"C:\\Users\\erena\\Desktop\\Nuclear Option Munitions Package\\cad\\phantom_visual_reboot\\src\\donor_fit_lowered.py::fit_view","parent":null,"state":"building","phase":"Meshing components","progress":[363,686],"elapsed":31.813}
{"model":"C:\\Users\\erena\\Desktop\\Nuclear Option Munitions Package\\cad\\phantom_visual_reboot\\src\\donor_fit_lowered.py::fit_view","parent":null,"state":"building","phase":"Meshing components","progress":[364,686],"elapsed":31.813}
{"model":"C:\\Users\\erena\\Desktop\\Nuclear Option Munitions Package\\cad\\phantom_visual_reboot\\src\\donor_fit_lowered.py::fit_view","parent":null,"state":"building","phase":"Meshing components","progress":[365,686],"elapsed":31.828}
{"model":"C:\\Users\\erena\\Desktop\\Nuclear Option Munitions Package\\cad\\phantom_visual_reboot\\src\\donor_fit_lowered.py::fit_view","parent":null,"state":"building","phase":"Meshing components","progress":[366,686],"elapsed":31.828}
{"model":"C:\\Users\\erena\\Desktop\\Nuclear Option Munitions Package\\cad\\phantom_visual_reboot\\src\\donor_fit_lowered.py::fit_view","parent":null,"state":"building","phase":"Meshing components","progress":[367,686],"elapsed":31.828}
{"model":"C:\\Users\\erena\\Desktop\\Nuclear Option Munitions Package\\cad\\phantom_visual_reboot\\src\\donor_fit_lowered.py::fit_view","parent":null,"state":"building","phase":"Meshing components","progress":[368,686],"elapsed":31.844}
{"model":"C:\\Users\\erena\\Desktop\\Nuclear Option Munitions Package\\cad\\phantom_visual_reboot\\src\\donor_fit_lowered.py::fit_view","parent":null,"state":"building","phase":"Meshing components","progress":[369,686],"elapsed":31.844}
{"model":"C:\\Users\\erena\\Desktop\\Nuclear Option Munitions Package\\cad\\phantom_visual_reboot\\src\\donor_fit_lowered.py::fit_view","parent":null,"state":"building","phase":"Meshing components","progress":[370,686],"elapsed":31.86}
{"model":"C:\\Users\\erena\\Desktop\\Nuclear Option Munitions Package\\cad\\phantom_visual_reboot\\src\\donor_fit_lowered.py::fit_view","parent":null,"state":"building","phase":"Meshing components","progress":[371,686],"elapsed":31.86}
{"model":"C:\\Users\\erena\\Desktop\\Nuclear Option Munitions Package\\cad\\phantom_visual_reboot\\src\\donor_fit_lowered.py::fit_view","parent":null,"state":"building","phase":"Meshing components","progress":[372,686],"elapsed":31.86}
{"model":"C:\\Users\\erena\\Desktop\\Nuclear Option Munitions Package\\cad\\phantom_visual_reboot\\src\\donor_fit_lowered.py::fit_view","parent":null,"state":"building","phase":"Meshing components","progress":[373,686],"elapsed":31.875}
{"model":"C:\\Users\\erena\\Desktop\\Nuclear Option Munitions Package\\cad\\phantom_visual_reboot\\src\\donor_fit_lowered.py::fit_view","parent":null,"state":"building","phase":"Meshing components","progress":[374,686],"elapsed":31.875}
{"model":"C:\\Users\\erena\\Desktop\\Nuclear Option Munitions Package\\cad\\phantom_visual_reboot\\src\\donor_fit_lowered.py::fit_view","parent":null,"state":"building","phase":"Meshing components","progress":[375,686],"elapsed":31.875}
{"model":"C:\\Users\\erena\\Desktop\\Nuclear Option Munitions Package\\cad\\phantom_visual_reboot\\src\\donor_fit_lowered.py::fit_view","parent":null,"state":"building","phase":"Meshing components","progress":[376,686],"elapsed":31.875}
{"model":"C:\\Users\\erena\\Desktop\\Nuclear Option Munitions Package\\cad\\phantom_visual_reboot\\src\\donor_fit_lowered.py::fit_view","parent":null,"state":"building","phase":"Meshing components","progress":[377,686],"elapsed":31.891}
{"model":"C:\\Users\\erena\\Desktop\\Nuclear Option Munitions Package\\cad\\phantom_visual_reboot\\src\\donor_fit_lowered.py::fit_view","parent":null,"state":"building","phase":"Meshing components","progress":[378,686],"elapsed":31.891}
{"model":"C:\\Users\\erena\\Desktop\\Nuclear Option Munitions Package\\cad\\phantom_visual_reboot\\src\\donor_fit_lowered.py::fit_view","parent":null,"state":"building","phase":"Meshing components","progress":[379,686],"elapsed":31.891}
{"model":"C:\\Users\\erena\\Desktop\\Nuclear Option Munitions Package\\cad\\phantom_visual_reboot\\src\\donor_fit_lowered.py::fit_view","parent":null,"state":"building","phase":"Meshing components","progress":[380,686],"elapsed":31.906}
{"model":"C:\\Users\\erena\\Desktop\\Nuclear Option Munitions Package\\cad\\phantom_visual_reboot\\src\\donor_fit_lowered.py::fit_view","parent":null,"state":"building","phase":"Meshing components","progress":[381,686],"elapsed":31.906}
{"model":"C:\\Users\\erena\\Desktop\\Nuclear Option Munitions Package\\cad\\phantom_visual_reboot\\src\\donor_fit_lowered.py::fit_view","parent":null,"state":"building","phase":"Meshing components","progress":[382,686],"elapsed":31.906}
{"model":"C:\\Users\\erena\\Desktop\\Nuclear Option Munitions Package\\cad\\phantom_visual_reboot\\src\\donor_fit_lowered.py::fit_view","parent":null,"state":"building","phase":"Meshing components","progress":[383,686],"elapsed":31.922}
{"model":"C:\\Users\\erena\\Desktop\\Nuclear Option Munitions Package\\cad\\phantom_visual_reboot\\src\\donor_fit_lowered.py::fit_view","parent":null,"state":"building","phase":"Meshing components","progress":[384,686],"elapsed":31.922}
{"model":"C:\\Users\\erena\\Desktop\\Nuclear Option Munitions Package\\cad\\phantom_visual_reboot\\src\\donor_fit_lowered.py::fit_view","parent":null,"state":"building","phase":"Meshing components","progress":[385,686],"elapsed":31.938}
{"model":"C:\\Users\\erena\\Desktop\\Nuclear Option Munitions Package\\cad\\phantom_visual_reboot\\src\\donor_fit_lowered.py::fit_view","parent":null,"state":"building","phase":"Meshing components","progress":[386,686],"elapsed":31.938}
{"model":"C:\\Users\\erena\\Desktop\\Nuclear Option Munitions Package\\cad\\phantom_visual_reboot\\src\\donor_fit_lowered.py::fit_view","parent":null,"state":"building","phase":"Meshing components","progress":[387,686],"elapsed":31.953}
{"model":"C:\\Users\\erena\\Desktop\\Nuclear Option Munitions Package\\cad\\phantom_visual_reboot\\src\\donor_fit_lowered.py::fit_view","parent":null,"state":"building","phase":"Meshing components","progress":[388,686],"elapsed":31.953}
{"model":"C:\\Users\\erena\\Desktop\\Nuclear Option Munitions Package\\cad\\phantom_visual_reboot\\src\\donor_fit_lowered.py::fit_view","parent":null,"state":"building","phase":"Meshing components","progress":[389,686],"elapsed":31.953}
{"model":"C:\\Users\\erena\\Desktop\\Nuclear Option Munitions Package\\cad\\phantom_visual_reboot\\src\\donor_fit_lowered.py::fit_view","parent":null,"state":"building","phase":"Meshing components","progress":[390,686],"elapsed":31.953}
{"model":"C:\\Users\\erena\\Desktop\\Nuclear Option Munitions Package\\cad\\phantom_visual_reboot\\src\\donor_fit_lowered.py::fit_view","parent":null,"state":"building","phase":"Meshing components","progress":[391,686],"elapsed":31.969}
{"model":"C:\\Users\\erena\\Desktop\\Nuclear Option Munitions Package\\cad\\phantom_visual_reboot\\src\\donor_fit_lowered.py::fit_view","parent":null,"state":"building","phase":"Meshing components","progress":[392,686],"elapsed":31.969}
{"model":"C:\\Users\\erena\\Desktop\\Nuclear Option Munitions Package\\cad\\phantom_visual_reboot\\src\\donor_fit_lowered.py::fit_view","parent":null,"state":"building","phase":"Meshing components","progress":[393,686],"elapsed":31.969}
{"model":"C:\\Users\\erena\\Desktop\\Nuclear Option Munitions Package\\cad\\phantom_visual_reboot\\src\\donor_fit_lowered.py::fit_view","parent":null,"state":"building","phase":"Meshing components","progress":[394,686],"elapsed":31.985}
{"model":"C:\\Users\\erena\\Desktop\\Nuclear Option Munitions Package\\cad\\phantom_visual_reboot\\src\\donor_fit_lowered.py::fit_view","parent":null,"state":"building","phase":"Meshing components","progress":[395,686],"elapsed":31.985}
{"model":"C:\\Users\\erena\\Desktop\\Nuclear Option Munitions Package\\cad\\phantom_visual_reboot\\src\\donor_fit_lowered.py::fit_view","parent":null,"state":"building","phase":"Meshing components","progress":[396,686],"elapsed":31.985}
{"model":"C:\\Users\\erena\\Desktop\\Nuclear Option Munitions Package\\cad\\phantom_visual_reboot\\src\\donor_fit_lowered.py::fit_view","parent":null,"state":"building","phase":"Meshing components","progress":[397,686],"elapsed":32.0}
{"model":"C:\\Users\\erena\\Desktop\\Nuclear Option Munitions Package\\cad\\phantom_visual_reboot\\src\\donor_fit_lowered.py::fit_view","parent":null,"state":"building","phase":"Meshing components","progress":[398,686],"elapsed":32.0}
{"model":"C:\\Users\\erena\\Desktop\\Nuclear Option Munitions Package\\cad\\phantom_visual_reboot\\src\\donor_fit_lowered.py::fit_view","parent":null,"state":"building","phase":"Meshing components","progress":[399,686],"elapsed":32.0}
{"model":"C:\\Users\\erena\\Desktop\\Nuclear Option Munitions Package\\cad\\phantom_visual_reboot\\src\\donor_fit_lowered.py::fit_view","parent":null,"state":"building","phase":"Meshing components","progress":[400,686],"elapsed":32.016}
{"model":"C:\\Users\\erena\\Desktop\\Nuclear Option Munitions Package\\cad\\phantom_visual_reboot\\src\\donor_fit_lowered.py::fit_view","parent":null,"state":"building","phase":"Meshing components","progress":[401,686],"elapsed":32.016}
{"model":"C:\\Users\\erena\\Desktop\\Nuclear Option Munitions Package\\cad\\phantom_visual_reboot\\src\\donor_fit_lowered.py::fit_view","parent":null,"state":"building","phase":"Meshing components","progress":[402,686],"elapsed":32.016}
{"model":"C:\\Users\\erena\\Desktop\\Nuclear Option Munitions Package\\cad\\phantom_visual_reboot\\src\\donor_fit_lowered.py::fit_view","parent":null,"state":"building","phase":"Meshing components","progress":[403,686],"elapsed":32.031}
{"model":"C:\\Users\\erena\\Desktop\\Nuclear Option Munitions Package\\cad\\phantom_visual_reboot\\src\\donor_fit_lowered.py::fit_view","parent":null,"state":"building","phase":"Meshing components","progress":[404,686],"elapsed":32.031}
{"model":"C:\\Users\\erena\\Desktop\\Nuclear Option Munitions Package\\cad\\phantom_visual_reboot\\src\\donor_fit_lowered.py::fit_view","parent":null,"state":"building","phase":"Meshing components","progress":[405,686],"elapsed":32.047}
{"model":"C:\\Users\\erena\\Desktop\\Nuclear Option Munitions Package\\cad\\phantom_visual_reboot\\src\\donor_fit_lowered.py::fit_view","parent":null,"state":"building","phase":"Meshing components","progress":[406,686],"elapsed":32.047}
{"model":"C:\\Users\\erena\\Desktop\\Nuclear Option Munitions Package\\cad\\phantom_visual_reboot\\src\\donor_fit_lowered.py::fit_view","parent":null,"state":"building","phase":"Meshing components","progress":[407,686],"elapsed":32.047}
{"model":"C:\\Users\\erena\\Desktop\\Nuclear Option Munitions Package\\cad\\phantom_visual_reboot\\src\\donor_fit_lowered.py::fit_view","parent":null,"state":"building","phase":"Meshing components","progress":[408,686],"elapsed":32.063}
{"model":"C:\\Users\\erena\\Desktop\\Nuclear Option Munitions Package\\cad\\phantom_visual_reboot\\src\\donor_fit_lowered.py::fit_view","parent":null,"state":"building","phase":"Meshing components","progress":[409,686],"elapsed":32.063}
{"model":"C:\\Users\\erena\\Desktop\\Nuclear Option Munitions Package\\cad\\phantom_visual_reboot\\src\\donor_fit_lowered.py::fit_view","parent":null,"state":"building","phase":"Meshing components","progress":[410,686],"elapsed":32.063}
{"model":"C:\\Users\\erena\\Desktop\\Nuclear Option Munitions Package\\cad\\phantom_visual_reboot\\src\\donor_fit_lowered.py::fit_view","parent":null,"state":"building","phase":"Meshing components","progress":[411,686],"elapsed":32.078}
{"model":"C:\\Users\\erena\\Desktop\\Nuclear Option Munitions Package\\cad\\phantom_visual_reboot\\src\\donor_fit_lowered.py::fit_view","parent":null,"state":"building","phase":"Meshing components","progress":[412,686],"elapsed":32.078}
{"model":"C:\\Users\\erena\\Desktop\\Nuclear Option Munitions Package\\cad\\phantom_visual_reboot\\src\\donor_fit_lowered.py::fit_view","parent":null,"state":"building","phase":"Meshing components","progress":[413,686],"elapsed":32.078}
{"model":"C:\\Users\\erena\\Desktop\\Nuclear Option Munitions Package\\cad\\phantom_visual_reboot\\src\\donor_fit_lowered.py::fit_view","parent":null,"state":"building","phase":"Meshing components","progress":[414,686],"elapsed":32.094}
{"model":"C:\\Users\\erena\\Desktop\\Nuclear Option Munitions Package\\cad\\phantom_visual_reboot\\src\\donor_fit_lowered.py::fit_view","parent":null,"state":"building","phase":"Meshing components","progress":[415,686],"elapsed":32.094}
{"model":"C:\\Users\\erena\\Desktop\\Nuclear Option Munitions Package\\cad\\phantom_visual_reboot\\src\\donor_fit_lowered.py::fit_view","parent":null,"state":"building","phase":"Meshing components","progress":[416,686],"elapsed":32.094}
{"model":"C:\\Users\\erena\\Desktop\\Nuclear Option Munitions Package\\cad\\phantom_visual_reboot\\src\\donor_fit_lowered.py::fit_view","parent":null,"state":"building","phase":"Meshing components","progress":[417,686],"elapsed":32.11}
{"model":"C:\\Users\\erena\\Desktop\\Nuclear Option Munitions Package\\cad\\phantom_visual_reboot\\src\\donor_fit_lowered.py::fit_view","parent":null,"state":"building","phase":"Meshing components","progress":[418,686],"elapsed":32.11}
{"model":"C:\\Users\\erena\\Desktop\\Nuclear Option Munitions Package\\cad\\phantom_visual_reboot\\src\\donor_fit_lowered.py::fit_view","parent":null,"state":"building","phase":"Meshing components","progress":[419,686],"elapsed":32.11}
{"model":"C:\\Users\\erena\\Desktop\\Nuclear Option Munitions Package\\cad\\phantom_visual_reboot\\src\\donor_fit_lowered.py::fit_view","parent":null,"state":"building","phase":"Meshing components","progress":[420,686],"elapsed":32.125}
{"model":"C:\\Users\\erena\\Desktop\\Nuclear Option Munitions Package\\cad\\phantom_visual_reboot\\src\\donor_fit_lowered.py::fit_view","parent":null,"state":"building","phase":"Meshing components","progress":[421,686],"elapsed":32.125}
{"model":"C:\\Users\\erena\\Desktop\\Nuclear Option Munitions Package\\cad\\phantom_visual_reboot\\src\\donor_fit_lowered.py::fit_view","parent":null,"state":"building","phase":"Meshing components","progress":[422,686],"elapsed":32.141}
{"model":"C:\\Users\\erena\\Desktop\\Nuclear Option Munitions Package\\cad\\phantom_visual_reboot\\src\\donor_fit_lowered.py::fit_view","parent":null,"state":"building","phase":"Meshing components","progress":[423,686],"elapsed":32.141}
{"model":"C:\\Users\\erena\\Desktop\\Nuclear Option Munitions Package\\cad\\phantom_visual_reboot\\src\\donor_fit_lowered.py::fit_view","parent":null,"state":"building","phase":"Meshing components","progress":[424,686],"elapsed":32.141}
{"model":"C:\\Users\\erena\\Desktop\\Nuclear Option Munitions Package\\cad\\phantom_visual_reboot\\src\\donor_fit_lowered.py::fit_view","parent":null,"state":"building","phase":"Meshing components","progress":[425,686],"elapsed":32.156}
{"model":"C:\\Users\\erena\\Desktop\\Nuclear Option Munitions Package\\cad\\phantom_visual_reboot\\src\\donor_fit_lowered.py::fit_view","parent":null,"state":"building","phase":"Meshing components","progress":[426,686],"elapsed":32.156}
{"model":"C:\\Users\\erena\\Desktop\\Nuclear Option Munitions Package\\cad\\phantom_visual_reboot\\src\\donor_fit_lowered.py::fit_view","parent":null,"state":"building","phase":"Meshing components","progress":[427,686],"elapsed":32.156}
{"model":"C:\\Users\\erena\\Desktop\\Nuclear Option Munitions Package\\cad\\phantom_visual_reboot\\src\\donor_fit_lowered.py::fit_view","parent":null,"state":"building","phase":"Meshing components","progress":[428,686],"elapsed":32.172}
{"model":"C:\\Users\\erena\\Desktop\\Nuclear Option Munitions Package\\cad\\phantom_visual_reboot\\src\\donor_fit_lowered.py::fit_view","parent":null,"state":"building","phase":"Meshing components","progress":[429,686],"elapsed":32.172}
{"model":"C:\\Users\\erena\\Desktop\\Nuclear Option Munitions Package\\cad\\phantom_visual_reboot\\src\\donor_fit_lowered.py::fit_view","parent":null,"state":"building","phase":"Meshing components","progress":[430,686],"elapsed":32.172}
{"model":"C:\\Users\\erena\\Desktop\\Nuclear Option Munitions Package\\cad\\phantom_visual_reboot\\src\\donor_fit_lowered.py::fit_view","parent":null,"state":"building","phase":"Meshing components","progress":[431,686],"elapsed":32.172}
{"model":"C:\\Users\\erena\\Desktop\\Nuclear Option Munitions Package\\cad\\phantom_visual_reboot\\src\\donor_fit_lowered.py::fit_view","parent":null,"state":"building","phase":"Meshing components","progress":[432,686],"elapsed":32.188}
{"model":"C:\\Users\\erena\\Desktop\\Nuclear Option Munitions Package\\cad\\phantom_visual_reboot\\src\\donor_fit_lowered.py::fit_view","parent":null,"state":"building","phase":"Meshing components","progress":[433,686],"elapsed":32.188}
{"model":"C:\\Users\\erena\\Desktop\\Nuclear Option Munitions Package\\cad\\phantom_visual_reboot\\src\\donor_fit_lowered.py::fit_view","parent":null,"state":"building","phase":"Meshing components","progress":[434,686],"elapsed":32.203}
{"model":"C:\\Users\\erena\\Desktop\\Nuclear Option Munitions Package\\cad\\phantom_visual_reboot\\src\\donor_fit_lowered.py::fit_view","parent":null,"state":"building","phase":"Meshing components","progress":[435,686],"elapsed":32.203}
{"model":"C:\\Users\\erena\\Desktop\\Nuclear Option Munitions Package\\cad\\phantom_visual_reboot\\src\\donor_fit_lowered.py::fit_view","parent":null,"state":"building","phase":"Meshing components","progress":[436,686],"elapsed":32.203}
{"model":"C:\\Users\\erena\\Desktop\\Nuclear Option Munitions Package\\cad\\phantom_visual_reboot\\src\\donor_fit_lowered.py::fit_view","parent":null,"state":"building","phase":"Meshing components","progress":[437,686],"elapsed":32.219}
{"model":"C:\\Users\\erena\\Desktop\\Nuclear Option Munitions Package\\cad\\phantom_visual_reboot\\src\\donor_fit_lowered.py::fit_view","parent":null,"state":"building","phase":"Meshing components","progress":[438,686],"elapsed":32.219}
{"model":"C:\\Users\\erena\\Desktop\\Nuclear Option Munitions Package\\cad\\phantom_visual_reboot\\src\\donor_fit_lowered.py::fit_view","parent":null,"state":"building","phase":"Meshing components","progress":[439,686],"elapsed":32.235}
{"model":"C:\\Users\\erena\\Desktop\\Nuclear Option Munitions Package\\cad\\phantom_visual_reboot\\src\\donor_fit_lowered.py::fit_view","parent":null,"state":"building","phase":"Meshing components","progress":[440,686],"elapsed":32.235}
{"model":"C:\\Users\\erena\\Desktop\\Nuclear Option Munitions Package\\cad\\phantom_visual_reboot\\src\\donor_fit_lowered.py::fit_view","parent":null,"state":"building","phase":"Meshing components","progress":[441,686],"elapsed":32.25}
{"model":"C:\\Users\\erena\\Desktop\\Nuclear Option Munitions Package\\cad\\phantom_visual_reboot\\src\\donor_fit_lowered.py::fit_view","parent":null,"state":"building","phase":"Meshing components","progress":[442,686],"elapsed":32.25}
{"model":"C:\\Users\\erena\\Desktop\\Nuclear Option Munitions Package\\cad\\phantom_visual_reboot\\src\\donor_fit_lowered.py::fit_view","parent":null,"state":"building","phase":"Meshing components","progress":[443,686],"elapsed":32.25}
{"model":"C:\\Users\\erena\\Desktop\\Nuclear Option Munitions Package\\cad\\phantom_visual_reboot\\src\\donor_fit_lowered.py::fit_view","parent":null,"state":"building","phase":"Meshing components","progress":[444,686],"elapsed":32.266}
{"model":"C:\\Users\\erena\\Desktop\\Nuclear Option Munitions Package\\cad\\phantom_visual_reboot\\src\\donor_fit_lowered.py::fit_view","parent":null,"state":"building","phase":"Meshing components","progress":[445,686],"elapsed":32.266}
{"model":"C:\\Users\\erena\\Desktop\\Nuclear Option Munitions Package\\cad\\phantom_visual_reboot\\src\\donor_fit_lowered.py::fit_view","parent":null,"state":"building","phase":"Meshing components","progress":[446,686],"elapsed":32.281}
{"model":"C:\\Users\\erena\\Desktop\\Nuclear Option Munitions Package\\cad\\phantom_visual_reboot\\src\\donor_fit_lowered.py::fit_view","parent":null,"state":"building","phase":"Meshing components","progress":[447,686],"elapsed":32.281}
{"model":"C:\\Users\\erena\\Desktop\\Nuclear Option Munitions Package\\cad\\phantom_visual_reboot\\src\\donor_fit_lowered.py::fit_view","parent":null,"state":"building","phase":"Meshing components","progress":[448,686],"elapsed":32.281}
{"model":"C:\\Users\\erena\\Desktop\\Nuclear Option Munitions Package\\cad\\phantom_visual_reboot\\src\\donor_fit_lowered.py::fit_view","parent":null,"state":"building","phase":"Meshing components","progress":[449,686],"elapsed":32.281}
{"model":"C:\\Users\\erena\\Desktop\\Nuclear Option Munitions Package\\cad\\phantom_visual_reboot\\src\\donor_fit_lowered.py::fit_view","parent":null,"state":"building","phase":"Meshing components","progress":[450,686],"elapsed":32.297}
{"model":"C:\\Users\\erena\\Desktop\\Nuclear Option Munitions Package\\cad\\phantom_visual_reboot\\src\\donor_fit_lowered.py::fit_view","parent":null,"state":"building","phase":"Meshing components","progress":[451,686],"elapsed":32.297}
{"model":"C:\\Users\\erena\\Desktop\\Nuclear Option Munitions Package\\cad\\phantom_visual_reboot\\src\\donor_fit_lowered.py::fit_view","parent":null,"state":"building","phase":"Meshing components","progress":[452,686],"elapsed":32.297}
{"model":"C:\\Users\\erena\\Desktop\\Nuclear Option Munitions Package\\cad\\phantom_visual_reboot\\src\\donor_fit_lowered.py::fit_view","parent":null,"state":"building","phase":"Meshing components","progress":[453,686],"elapsed":32.313}
{"model":"C:\\Users\\erena\\Desktop\\Nuclear Option Munitions Package\\cad\\phantom_visual_reboot\\src\\donor_fit_lowered.py::fit_view","parent":null,"state":"building","phase":"Meshing components","progress":[454,686],"elapsed":32.313}
{"model":"C:\\Users\\erena\\Desktop\\Nuclear Option Munitions Package\\cad\\phantom_visual_reboot\\src\\donor_fit_lowered.py::fit_view","parent":null,"state":"building","phase":"Meshing components","progress":[455,686],"elapsed":32.313}
{"model":"C:\\Users\\erena\\Desktop\\Nuclear Option Munitions Package\\cad\\phantom_visual_reboot\\src\\donor_fit_lowered.py::fit_view","parent":null,"state":"building","phase":"Meshing components","progress":[456,686],"elapsed":32.313}
{"model":"C:\\Users\\erena\\Desktop\\Nuclear Option Munitions Package\\cad\\phantom_visual_reboot\\src\\donor_fit_lowered.py::fit_view","parent":null,"state":"building","phase":"Meshing components","progress":[457,686],"elapsed":32.328}
{"model":"C:\\Users\\erena\\Desktop\\Nuclear Option Munitions Package\\cad\\phantom_visual_reboot\\src\\donor_fit_lowered.py::fit_view","parent":null,"state":"building","phase":"Meshing components","progress":[458,686],"elapsed":32.328}
{"model":"C:\\Users\\erena\\Desktop\\Nuclear Option Munitions Package\\cad\\phantom_visual_reboot\\src\\donor_fit_lowered.py::fit_view","parent":null,"state":"building","phase":"Meshing components","progress":[459,686],"elapsed":32.344}
{"model":"C:\\Users\\erena\\Desktop\\Nuclear Option Munitions Package\\cad\\phantom_visual_reboot\\src\\donor_fit_lowered.py::fit_view","parent":null,"state":"building","phase":"Meshing components","progress":[460,686],"elapsed":32.344}
{"model":"C:\\Users\\erena\\Desktop\\Nuclear Option Munitions Package\\cad\\phantom_visual_reboot\\src\\donor_fit_lowered.py::fit_view","parent":null,"state":"building","phase":"Meshing components","progress":[461,686],"elapsed":32.36}
{"model":"C:\\Users\\erena\\Desktop\\Nuclear Option Munitions Package\\cad\\phantom_visual_reboot\\src\\donor_fit_lowered.py::fit_view","parent":null,"state":"building","phase":"Meshing components","progress":[462,686],"elapsed":32.36}
{"model":"C:\\Users\\erena\\Desktop\\Nuclear Option Munitions Package\\cad\\phantom_visual_reboot\\src\\donor_fit_lowered.py::fit_view","parent":null,"state":"building","phase":"Meshing components","progress":[463,686],"elapsed":32.375}
{"model":"C:\\Users\\erena\\Desktop\\Nuclear Option Munitions Package\\cad\\phantom_visual_reboot\\src\\donor_fit_lowered.py::fit_view","parent":null,"state":"building","phase":"Meshing components","progress":[464,686],"elapsed":32.375}
{"model":"C:\\Users\\erena\\Desktop\\Nuclear Option Munitions Package\\cad\\phantom_visual_reboot\\src\\donor_fit_lowered.py::fit_view","parent":null,"state":"building","phase":"Meshing components","progress":[465,686],"elapsed":32.375}
{"model":"C:\\Users\\erena\\Desktop\\Nuclear Option Munitions Package\\cad\\phantom_visual_reboot\\src\\donor_fit_lowered.py::fit_view","parent":null,"state":"building","phase":"Meshing components","progress":[466,686],"elapsed":32.391}
{"model":"C:\\Users\\erena\\Desktop\\Nuclear Option Munitions Package\\cad\\phantom_visual_reboot\\src\\donor_fit_lowered.py::fit_view","parent":null,"state":"building","phase":"Meshing components","progress":[467,686],"elapsed":32.391}
{"model":"C:\\Users\\erena\\Desktop\\Nuclear Option Munitions Package\\cad\\phantom_visual_reboot\\src\\donor_fit_lowered.py::fit_view","parent":null,"state":"building","phase":"Meshing components","progress":[468,686],"elapsed":32.391}
{"model":"C:\\Users\\erena\\Desktop\\Nuclear Option Munitions Package\\cad\\phantom_visual_reboot\\src\\donor_fit_lowered.py::fit_view","parent":null,"state":"building","phase":"Meshing components","progress":[469,686],"elapsed":32.406}
{"model":"C:\\Users\\erena\\Desktop\\Nuclear Option Munitions Package\\cad\\phantom_visual_reboot\\src\\donor_fit_lowered.py::fit_view","parent":null,"state":"building","phase":"Meshing components","progress":[470,686],"elapsed":32.406}
{"model":"C:\\Users\\erena\\Desktop\\Nuclear Option Munitions Package\\cad\\phantom_visual_reboot\\src\\donor_fit_lowered.py::fit_view","parent":null,"state":"building","phase":"Meshing components","progress":[471,686],"elapsed":32.422}
{"model":"C:\\Users\\erena\\Desktop\\Nuclear Option Munitions Package\\cad\\phantom_visual_reboot\\src\\donor_fit_lowered.py::fit_view","parent":null,"state":"building","phase":"Meshing components","progress":[472,686],"elapsed":32.422}
{"model":"C:\\Users\\erena\\Desktop\\Nuclear Option Munitions Package\\cad\\phantom_visual_reboot\\src\\donor_fit_lowered.py::fit_view","parent":null,"state":"building","phase":"Meshing components","progress":[473,686],"elapsed":32.422}
{"model":"C:\\Users\\erena\\Desktop\\Nuclear Option Munitions Package\\cad\\phantom_visual_reboot\\src\\donor_fit_lowered.py::fit_view","parent":null,"state":"building","phase":"Meshing components","progress":[474,686],"elapsed":32.422}
{"model":"C:\\Users\\erena\\Desktop\\Nuclear Option Munitions Package\\cad\\phantom_visual_reboot\\src\\donor_fit_lowered.py::fit_view","parent":null,"state":"building","phase":"Meshing components","progress":[475,686],"elapsed":32.438}
{"model":"C:\\Users\\erena\\Desktop\\Nuclear Option Munitions Package\\cad\\phantom_visual_reboot\\src\\donor_fit_lowered.py::fit_view","parent":null,"state":"building","phase":"Meshing components","progress":[476,686],"elapsed":32.438}
{"model":"C:\\Users\\erena\\Desktop\\Nuclear Option Munitions Package\\cad\\phantom_visual_reboot\\src\\donor_fit_lowered.py::fit_view","parent":null,"state":"building","phase":"Meshing components","progress":[477,686],"elapsed":32.453}
{"model":"C:\\Users\\erena\\Desktop\\Nuclear Option Munitions Package\\cad\\phantom_visual_reboot\\src\\donor_fit_lowered.py::fit_view","parent":null,"state":"building","phase":"Meshing components","progress":[478,686],"elapsed":32.453}
{"model":"C:\\Users\\erena\\Desktop\\Nuclear Option Munitions Package\\cad\\phantom_visual_reboot\\src\\donor_fit_lowered.py::fit_view","parent":null,"state":"building","phase":"Meshing components","progress":[479,686],"elapsed":32.453}
{"model":"C:\\Users\\erena\\Desktop\\Nuclear Option Munitions Package\\cad\\phantom_visual_reboot\\src\\donor_fit_lowered.py::fit_view","parent":null,"state":"building","phase":"Meshing components","progress":[480,686],"elapsed":32.469}
{"model":"C:\\Users\\erena\\Desktop\\Nuclear Option Munitions Package\\cad\\phantom_visual_reboot\\src\\donor_fit_lowered.py::fit_view","parent":null,"state":"building","phase":"Meshing components","progress":[481,686],"elapsed":32.469}
{"model":"C:\\Users\\erena\\Desktop\\Nuclear Option Munitions Package\\cad\\phantom_visual_reboot\\src\\donor_fit_lowered.py::fit_view","parent":null,"state":"building","phase":"Meshing components","progress":[482,686],"elapsed":32.469}
{"model":"C:\\Users\\erena\\Desktop\\Nuclear Option Munitions Package\\cad\\phantom_visual_reboot\\src\\donor_fit_lowered.py::fit_view","parent":null,"state":"building","phase":"Meshing components","progress":[483,686],"elapsed":32.485}
{"model":"C:\\Users\\erena\\Desktop\\Nuclear Option Munitions Package\\cad\\phantom_visual_reboot\\src\\donor_fit_lowered.py::fit_view","parent":null,"state":"building","phase":"Meshing components","progress":[484,686],"elapsed":32.485}
{"model":"C:\\Users\\erena\\Desktop\\Nuclear Option Munitions Package\\cad\\phantom_visual_reboot\\src\\donor_fit_lowered.py::fit_view","parent":null,"state":"building","phase":"Meshing components","progress":[485,686],"elapsed":32.485}
{"model":"C:\\Users\\erena\\Desktop\\Nuclear Option Munitions Package\\cad\\phantom_visual_reboot\\src\\donor_fit_lowered.py::fit_view","parent":null,"state":"building","phase":"Meshing components","progress":[486,686],"elapsed":32.5}
{"model":"C:\\Users\\erena\\Desktop\\Nuclear Option Munitions Package\\cad\\phantom_visual_reboot\\src\\donor_fit_lowered.py::fit_view","parent":null,"state":"building","phase":"Meshing components","progress":[487,686],"elapsed":32.5}
{"model":"C:\\Users\\erena\\Desktop\\Nuclear Option Munitions Package\\cad\\phantom_visual_reboot\\src\\donor_fit_lowered.py::fit_view","parent":null,"state":"building","phase":"Meshing components","progress":[488,686],"elapsed":32.5}
{"model":"C:\\Users\\erena\\Desktop\\Nuclear Option Munitions Package\\cad\\phantom_visual_reboot\\src\\donor_fit_lowered.py::fit_view","parent":null,"state":"building","phase":"Meshing components","progress":[489,686],"elapsed":32.5}
{"model":"C:\\Users\\erena\\Desktop\\Nuclear Option Munitions Package\\cad\\phantom_visual_reboot\\src\\donor_fit_lowered.py::fit_view","parent":null,"state":"building","phase":"Meshing components","progress":[490,686],"elapsed":32.516}
{"model":"C:\\Users\\erena\\Desktop\\Nuclear Option Munitions Package\\cad\\phantom_visual_reboot\\src\\donor_fit_lowered.py::fit_view","parent":null,"state":"building","phase":"Meshing components","progress":[491,686],"elapsed":32.516}
{"model":"C:\\Users\\erena\\Desktop\\Nuclear Option Munitions Package\\cad\\phantom_visual_reboot\\src\\donor_fit_lowered.py::fit_view","parent":null,"state":"building","phase":"Meshing components","progress":[492,686],"elapsed":32.516}
{"model":"C:\\Users\\erena\\Desktop\\Nuclear Option Munitions Package\\cad\\phantom_visual_reboot\\src\\donor_fit_lowered.py::fit_view","parent":null,"state":"building","phase":"Meshing components","progress":[493,686],"elapsed":32.516}
{"model":"C:\\Users\\erena\\Desktop\\Nuclear Option Munitions Package\\cad\\phantom_visual_reboot\\src\\donor_fit_lowered.py::fit_view","parent":null,"state":"building","phase":"Meshing components","progress":[494,686],"elapsed":32.531}
{"model":"C:\\Users\\erena\\Desktop\\Nuclear Option Munitions Package\\cad\\phantom_visual_reboot\\src\\donor_fit_lowered.py::fit_view","parent":null,"state":"building","phase":"Meshing components","progress":[495,686],"elapsed":32.531}
{"model":"C:\\Users\\erena\\Desktop\\Nuclear Option Munitions Package\\cad\\phantom_visual_reboot\\src\\donor_fit_lowered.py::fit_view","parent":null,"state":"building","phase":"Meshing components","progress":[496,686],"elapsed":32.531}
{"model":"C:\\Users\\erena\\Desktop\\Nuclear Option Munitions Package\\cad\\phantom_visual_reboot\\src\\donor_fit_lowered.py::fit_view","parent":null,"state":"building","phase":"Meshing components","progress":[497,686],"elapsed":32.547}
{"model":"C:\\Users\\erena\\Desktop\\Nuclear Option Munitions Package\\cad\\phantom_visual_reboot\\src\\donor_fit_lowered.py::fit_view","parent":null,"state":"building","phase":"Meshing components","progress":[498,686],"elapsed":32.547}
{"model":"C:\\Users\\erena\\Desktop\\Nuclear Option Munitions Package\\cad\\phantom_visual_reboot\\src\\donor_fit_lowered.py::fit_view","parent":null,"state":"building","phase":"Meshing components","progress":[499,686],"elapsed":32.563}
{"model":"C:\\Users\\erena\\Desktop\\Nuclear Option Munitions Package\\cad\\phantom_visual_reboot\\src\\donor_fit_lowered.py::fit_view","parent":null,"state":"building","phase":"Meshing components","progress":[500,686],"elapsed":32.563}
{"model":"C:\\Users\\erena\\Desktop\\Nuclear Option Munitions Package\\cad\\phantom_visual_reboot\\src\\donor_fit_lowered.py::fit_view","parent":null,"state":"building","phase":"Meshing components","progress":[501,686],"elapsed":32.578}
{"model":"C:\\Users\\erena\\Desktop\\Nuclear Option Munitions Package\\cad\\phantom_visual_reboot\\src\\donor_fit_lowered.py::fit_view","parent":null,"state":"building","phase":"Meshing components","progress":[502,686],"elapsed":32.578}
{"model":"C:\\Users\\erena\\Desktop\\Nuclear Option Munitions Package\\cad\\phantom_visual_reboot\\src\\donor_fit_lowered.py::fit_view","parent":null,"state":"building","phase":"Meshing components","progress":[503,686],"elapsed":32.578}
{"model":"C:\\Users\\erena\\Desktop\\Nuclear Option Munitions Package\\cad\\phantom_visual_reboot\\src\\donor_fit_lowered.py::fit_view","parent":null,"state":"building","phase":"Meshing components","progress":[504,686],"elapsed":32.594}
{"model":"C:\\Users\\erena\\Desktop\\Nuclear Option Munitions Package\\cad\\phantom_visual_reboot\\src\\donor_fit_lowered.py::fit_view","parent":null,"state":"building","phase":"Meshing components","progress":[505,686],"elapsed":32.594}
{"model":"C:\\Users\\erena\\Desktop\\Nuclear Option Munitions Package\\cad\\phantom_visual_reboot\\src\\donor_fit_lowered.py::fit_view","parent":null,"state":"building","phase":"Meshing components","progress":[506,686],"elapsed":32.594}
{"model":"C:\\Users\\erena\\Desktop\\Nuclear Option Munitions Package\\cad\\phantom_visual_reboot\\src\\donor_fit_lowered.py::fit_view","parent":null,"state":"building","phase":"Meshing components","progress":[507,686],"elapsed":32.61}
{"model":"C:\\Users\\erena\\Desktop\\Nuclear Option Munitions Package\\cad\\phantom_visual_reboot\\src\\donor_fit_lowered.py::fit_view","parent":null,"state":"building","phase":"Meshing components","progress":[508,686],"elapsed":32.61}
{"model":"C:\\Users\\erena\\Desktop\\Nuclear Option Munitions Package\\cad\\phantom_visual_reboot\\src\\donor_fit_lowered.py::fit_view","parent":null,"state":"building","phase":"Meshing components","progress":[509,686],"elapsed":32.61}
{"model":"C:\\Users\\erena\\Desktop\\Nuclear Option Munitions Package\\cad\\phantom_visual_reboot\\src\\donor_fit_lowered.py::fit_view","parent":null,"state":"building","phase":"Meshing components","progress":[510,686],"elapsed":32.61}
{"model":"C:\\Users\\erena\\Desktop\\Nuclear Option Munitions Package\\cad\\phantom_visual_reboot\\src\\donor_fit_lowered.py::fit_view","parent":null,"state":"building","phase":"Meshing components","progress":[511,686],"elapsed":32.625}
{"model":"C:\\Users\\erena\\Desktop\\Nuclear Option Munitions Package\\cad\\phantom_visual_reboot\\src\\donor_fit_lowered.py::fit_view","parent":null,"state":"building","phase":"Meshing components","progress":[512,686],"elapsed":32.625}
{"model":"C:\\Users\\erena\\Desktop\\Nuclear Option Munitions Package\\cad\\phantom_visual_reboot\\src\\donor_fit_lowered.py::fit_view","parent":null,"state":"building","phase":"Meshing components","progress":[513,686],"elapsed":32.625}
{"model":"C:\\Users\\erena\\Desktop\\Nuclear Option Munitions Package\\cad\\phantom_visual_reboot\\src\\donor_fit_lowered.py::fit_view","parent":null,"state":"building","phase":"Meshing components","progress":[514,686],"elapsed":32.625}
{"model":"C:\\Users\\erena\\Desktop\\Nuclear Option Munitions Package\\cad\\phantom_visual_reboot\\src\\donor_fit_lowered.py::fit_view","parent":null,"state":"building","phase":"Meshing components","progress":[515,686],"elapsed":32.641}
{"model":"C:\\Users\\erena\\Desktop\\Nuclear Option Munitions Package\\cad\\phantom_visual_reboot\\src\\donor_fit_lowered.py::fit_view","parent":null,"state":"building","phase":"Meshing components","progress":[516,686],"elapsed":32.641}
{"model":"C:\\Users\\erena\\Desktop\\Nuclear Option Munitions Package\\cad\\phantom_visual_reboot\\src\\donor_fit_lowered.py::fit_view","parent":null,"state":"building","phase":"Meshing components","progress":[517,686],"elapsed":32.641}
{"model":"C:\\Users\\erena\\Desktop\\Nuclear Option Munitions Package\\cad\\phantom_visual_reboot\\src\\donor_fit_lowered.py::fit_view","parent":null,"state":"building","phase":"Meshing components","progress":[518,686],"elapsed":32.656}
{"model":"C:\\Users\\erena\\Desktop\\Nuclear Option Munitions Package\\cad\\phantom_visual_reboot\\src\\donor_fit_lowered.py::fit_view","parent":null,"state":"building","phase":"Meshing components","progress":[519,686],"elapsed":32.656}
{"model":"C:\\Users\\erena\\Desktop\\Nuclear Option Munitions Package\\cad\\phantom_visual_reboot\\src\\donor_fit_lowered.py::fit_view","parent":null,"state":"building","phase":"Meshing components","progress":[520,686],"elapsed":32.672}
{"model":"C:\\Users\\erena\\Desktop\\Nuclear Option Munitions Package\\cad\\phantom_visual_reboot\\src\\donor_fit_lowered.py::fit_view","parent":null,"state":"building","phase":"Meshing components","progress":[521,686],"elapsed":32.672}
{"model":"C:\\Users\\erena\\Desktop\\Nuclear Option Munitions Package\\cad\\phantom_visual_reboot\\src\\donor_fit_lowered.py::fit_view","parent":null,"state":"building","phase":"Meshing components","progress":[522,686],"elapsed":32.688}
{"model":"C:\\Users\\erena\\Desktop\\Nuclear Option Munitions Package\\cad\\phantom_visual_reboot\\src\\donor_fit_lowered.py::fit_view","parent":null,"state":"building","phase":"Meshing components","progress":[523,686],"elapsed":32.688}
{"model":"C:\\Users\\erena\\Desktop\\Nuclear Option Munitions Package\\cad\\phantom_visual_reboot\\src\\donor_fit_lowered.py::fit_view","parent":null,"state":"building","phase":"Meshing components","progress":[524,686],"elapsed":32.703}
{"model":"C:\\Users\\erena\\Desktop\\Nuclear Option Munitions Package\\cad\\phantom_visual_reboot\\src\\donor_fit_lowered.py::fit_view","parent":null,"state":"building","phase":"Meshing components","progress":[525,686],"elapsed":32.719}
{"model":"C:\\Users\\erena\\Desktop\\Nuclear Option Munitions Package\\cad\\phantom_visual_reboot\\src\\donor_fit_lowered.py::fit_view","parent":null,"state":"building","phase":"Meshing components","progress":[526,686],"elapsed":32.719}
{"model":"C:\\Users\\erena\\Desktop\\Nuclear Option Munitions Package\\cad\\phantom_visual_reboot\\src\\donor_fit_lowered.py::fit_view","parent":null,"state":"building","phase":"Meshing components","progress":[527,686],"elapsed":32.735}
{"model":"C:\\Users\\erena\\Desktop\\Nuclear Option Munitions Package\\cad\\phantom_visual_reboot\\src\\donor_fit_lowered.py::fit_view","parent":null,"state":"building","phase":"Meshing components","progress":[528,686],"elapsed":32.735}
{"model":"C:\\Users\\erena\\Desktop\\Nuclear Option Munitions Package\\cad\\phantom_visual_reboot\\src\\donor_fit_lowered.py::fit_view","parent":null,"state":"building","phase":"Meshing components","progress":[529,686],"elapsed":32.735}
{"model":"C:\\Users\\erena\\Desktop\\Nuclear Option Munitions Package\\cad\\phantom_visual_reboot\\src\\donor_fit_lowered.py::fit_view","parent":null,"state":"building","phase":"Meshing components","progress":[530,686],"elapsed":32.75}
{"model":"C:\\Users\\erena\\Desktop\\Nuclear Option Munitions Package\\cad\\phantom_visual_reboot\\src\\donor_fit_lowered.py::fit_view","parent":null,"state":"building","phase":"Meshing components","progress":[531,686],"elapsed":32.75}
{"model":"C:\\Users\\erena\\Desktop\\Nuclear Option Munitions Package\\cad\\phantom_visual_reboot\\src\\donor_fit_lowered.py::fit_view","parent":null,"state":"building","phase":"Meshing components","progress":[532,686],"elapsed":32.766}
{"model":"C:\\Users\\erena\\Desktop\\Nuclear Option Munitions Package\\cad\\phantom_visual_reboot\\src\\donor_fit_lowered.py::fit_view","parent":null,"state":"building","phase":"Meshing components","progress":[533,686],"elapsed":32.766}
{"model":"C:\\Users\\erena\\Desktop\\Nuclear Option Munitions Package\\cad\\phantom_visual_reboot\\src\\donor_fit_lowered.py::fit_view","parent":null,"state":"building","phase":"Meshing components","progress":[534,686],"elapsed":32.766}
{"model":"C:\\Users\\erena\\Desktop\\Nuclear Option Munitions Package\\cad\\phantom_visual_reboot\\src\\donor_fit_lowered.py::fit_view","parent":null,"state":"building","phase":"Meshing components","progress":[535,686],"elapsed":32.781}
{"model":"C:\\Users\\erena\\Desktop\\Nuclear Option Munitions Package\\cad\\phantom_visual_reboot\\src\\donor_fit_lowered.py::fit_view","parent":null,"state":"building","phase":"Meshing components","progress":[536,686],"elapsed":32.781}
{"model":"C:\\Users\\erena\\Desktop\\Nuclear Option Munitions Package\\cad\\phantom_visual_reboot\\src\\donor_fit_lowered.py::fit_view","parent":null,"state":"building","phase":"Meshing components","progress":[537,686],"elapsed":32.781}
{"model":"C:\\Users\\erena\\Desktop\\Nuclear Option Munitions Package\\cad\\phantom_visual_reboot\\src\\donor_fit_lowered.py::fit_view","parent":null,"state":"building","phase":"Meshing components","progress":[538,686],"elapsed":32.781}
{"model":"C:\\Users\\erena\\Desktop\\Nuclear Option Munitions Package\\cad\\phantom_visual_reboot\\src\\donor_fit_lowered.py::fit_view","parent":null,"state":"building","phase":"Meshing components","progress":[539,686],"elapsed":32.797}
{"model":"C:\\Users\\erena\\Desktop\\Nuclear Option Munitions Package\\cad\\phantom_visual_reboot\\src\\donor_fit_lowered.py::fit_view","parent":null,"state":"building","phase":"Meshing components","progress":[540,686],"elapsed":32.797}
{"model":"C:\\Users\\erena\\Desktop\\Nuclear Option Munitions Package\\cad\\phantom_visual_reboot\\src\\donor_fit_lowered.py::fit_view","parent":null,"state":"building","phase":"Meshing components","progress":[541,686],"elapsed":32.797}
{"model":"C:\\Users\\erena\\Desktop\\Nuclear Option Munitions Package\\cad\\phantom_visual_reboot\\src\\donor_fit_lowered.py::fit_view","parent":null,"state":"building","phase":"Meshing components","progress":[542,686],"elapsed":32.797}
{"model":"C:\\Users\\erena\\Desktop\\Nuclear Option Munitions Package\\cad\\phantom_visual_reboot\\src\\donor_fit_lowered.py::fit_view","parent":null,"state":"building","phase":"Meshing components","progress":[543,686],"elapsed":32.797}
{"model":"C:\\Users\\erena\\Desktop\\Nuclear Option Munitions Package\\cad\\phantom_visual_reboot\\src\\donor_fit_lowered.py::fit_view","parent":null,"state":"building","phase":"Meshing components","progress":[544,686],"elapsed":32.813}
{"model":"C:\\Users\\erena\\Desktop\\Nuclear Option Munitions Package\\cad\\phantom_visual_reboot\\src\\donor_fit_lowered.py::fit_view","parent":null,"state":"building","phase":"Meshing components","progress":[545,686],"elapsed":32.813}
{"model":"C:\\Users\\erena\\Desktop\\Nuclear Option Munitions Package\\cad\\phantom_visual_reboot\\src\\donor_fit_lowered.py::fit_view","parent":null,"state":"building","phase":"Meshing components","progress":[546,686],"elapsed":32.813}
{"model":"C:\\Users\\erena\\Desktop\\Nuclear Option Munitions Package\\cad\\phantom_visual_reboot\\src\\donor_fit_lowered.py::fit_view","parent":null,"state":"building","phase":"Meshing components","progress":[547,686],"elapsed":32.828}
{"model":"C:\\Users\\erena\\Desktop\\Nuclear Option Munitions Package\\cad\\phantom_visual_reboot\\src\\donor_fit_lowered.py::fit_view","parent":null,"state":"building","phase":"Meshing components","progress":[548,686],"elapsed":32.828}
{"model":"C:\\Users\\erena\\Desktop\\Nuclear Option Munitions Package\\cad\\phantom_visual_reboot\\src\\donor_fit_lowered.py::fit_view","parent":null,"state":"building","phase":"Meshing components","progress":[549,686],"elapsed":32.828}
{"model":"C:\\Users\\erena\\Desktop\\Nuclear Option Munitions Package\\cad\\phantom_visual_reboot\\src\\donor_fit_lowered.py::fit_view","parent":null,"state":"building","phase":"Meshing components","progress":[550,686],"elapsed":32.844}
{"model":"C:\\Users\\erena\\Desktop\\Nuclear Option Munitions Package\\cad\\phantom_visual_reboot\\src\\donor_fit_lowered.py::fit_view","parent":null,"state":"building","phase":"Meshing components","progress":[551,686],"elapsed":32.844}
{"model":"C:\\Users\\erena\\Desktop\\Nuclear Option Munitions Package\\cad\\phantom_visual_reboot\\src\\donor_fit_lowered.py::fit_view","parent":null,"state":"building","phase":"Meshing components","progress":[552,686],"elapsed":32.844}
{"model":"C:\\Users\\erena\\Desktop\\Nuclear Option Munitions Package\\cad\\phantom_visual_reboot\\src\\donor_fit_lowered.py::fit_view","parent":null,"state":"building","phase":"Meshing components","progress":[553,686],"elapsed":32.844}
{"model":"C:\\Users\\erena\\Desktop\\Nuclear Option Munitions Package\\cad\\phantom_visual_reboot\\src\\donor_fit_lowered.py::fit_view","parent":null,"state":"building","phase":"Meshing components","progress":[554,686],"elapsed":32.86}
{"model":"C:\\Users\\erena\\Desktop\\Nuclear Option Munitions Package\\cad\\phantom_visual_reboot\\src\\donor_fit_lowered.py::fit_view","parent":null,"state":"building","phase":"Meshing components","progress":[555,686],"elapsed":32.86}
{"model":"C:\\Users\\erena\\Desktop\\Nuclear Option Munitions Package\\cad\\phantom_visual_reboot\\src\\donor_fit_lowered.py::fit_view","parent":null,"state":"building","phase":"Meshing components","progress":[556,686],"elapsed":32.875}
{"model":"C:\\Users\\erena\\Desktop\\Nuclear Option Munitions Package\\cad\\phantom_visual_reboot\\src\\donor_fit_lowered.py::fit_view","parent":null,"state":"building","phase":"Meshing components","progress":[557,686],"elapsed":32.875}
{"model":"C:\\Users\\erena\\Desktop\\Nuclear Option Munitions Package\\cad\\phantom_visual_reboot\\src\\donor_fit_lowered.py::fit_view","parent":null,"state":"building","phase":"Meshing components","progress":[558,686],"elapsed":32.891}
{"model":"C:\\Users\\erena\\Desktop\\Nuclear Option Munitions Package\\cad\\phantom_visual_reboot\\src\\donor_fit_lowered.py::fit_view","parent":null,"state":"building","phase":"Meshing components","progress":[559,686],"elapsed":32.891}
{"model":"C:\\Users\\erena\\Desktop\\Nuclear Option Munitions Package\\cad\\phantom_visual_reboot\\src\\donor_fit_lowered.py::fit_view","parent":null,"state":"building","phase":"Meshing components","progress":[560,686],"elapsed":32.906}
{"model":"C:\\Users\\erena\\Desktop\\Nuclear Option Munitions Package\\cad\\phantom_visual_reboot\\src\\donor_fit_lowered.py::fit_view","parent":null,"state":"building","phase":"Meshing components","progress":[561,686],"elapsed":32.906}
{"model":"C:\\Users\\erena\\Desktop\\Nuclear Option Munitions Package\\cad\\phantom_visual_reboot\\src\\donor_fit_lowered.py::fit_view","parent":null,"state":"building","phase":"Meshing components","progress":[562,686],"elapsed":32.906}
{"model":"C:\\Users\\erena\\Desktop\\Nuclear Option Munitions Package\\cad\\phantom_visual_reboot\\src\\donor_fit_lowered.py::fit_view","parent":null,"state":"building","phase":"Meshing components","progress":[563,686],"elapsed":32.906}
{"model":"C:\\Users\\erena\\Desktop\\Nuclear Option Munitions Package\\cad\\phantom_visual_reboot\\src\\donor_fit_lowered.py::fit_view","parent":null,"state":"building","phase":"Meshing components","progress":[564,686],"elapsed":32.922}
{"model":"C:\\Users\\erena\\Desktop\\Nuclear Option Munitions Package\\cad\\phantom_visual_reboot\\src\\donor_fit_lowered.py::fit_view","parent":null,"state":"building","phase":"Meshing components","progress":[565,686],"elapsed":32.922}
{"model":"C:\\Users\\erena\\Desktop\\Nuclear Option Munitions Package\\cad\\phantom_visual_reboot\\src\\donor_fit_lowered.py::fit_view","parent":null,"state":"building","phase":"Meshing components","progress":[566,686],"elapsed":32.922}
{"model":"C:\\Users\\erena\\Desktop\\Nuclear Option Munitions Package\\cad\\phantom_visual_reboot\\src\\donor_fit_lowered.py::fit_view","parent":null,"state":"building","phase":"Meshing components","progress":[567,686],"elapsed":32.922}
{"model":"C:\\Users\\erena\\Desktop\\Nuclear Option Munitions Package\\cad\\phantom_visual_reboot\\src\\donor_fit_lowered.py::fit_view","parent":null,"state":"building","phase":"Meshing components","progress":[568,686],"elapsed":32.938}
{"model":"C:\\Users\\erena\\Desktop\\Nuclear Option Munitions Package\\cad\\phantom_visual_reboot\\src\\donor_fit_lowered.py::fit_view","parent":null,"state":"building","phase":"Meshing components","progress":[569,686],"elapsed":32.938}
{"model":"C:\\Users\\erena\\Desktop\\Nuclear Option Munitions Package\\cad\\phantom_visual_reboot\\src\\donor_fit_lowered.py::fit_view","parent":null,"state":"building","phase":"Meshing components","progress":[570,686],"elapsed":32.938}
{"model":"C:\\Users\\erena\\Desktop\\Nuclear Option Munitions Package\\cad\\phantom_visual_reboot\\src\\donor_fit_lowered.py::fit_view","parent":null,"state":"building","phase":"Meshing components","progress":[571,686],"elapsed":32.953}
{"model":"C:\\Users\\erena\\Desktop\\Nuclear Option Munitions Package\\cad\\phantom_visual_reboot\\src\\donor_fit_lowered.py::fit_view","parent":null,"state":"building","phase":"Meshing components","progress":[572,686],"elapsed":32.953}
{"model":"C:\\Users\\erena\\Desktop\\Nuclear Option Munitions Package\\cad\\phantom_visual_reboot\\src\\donor_fit_lowered.py::fit_view","parent":null,"state":"building","phase":"Meshing components","progress":[573,686],"elapsed":32.953}
{"model":"C:\\Users\\erena\\Desktop\\Nuclear Option Munitions Package\\cad\\phantom_visual_reboot\\src\\donor_fit_lowered.py::fit_view","parent":null,"state":"building","phase":"Meshing components","progress":[574,686],"elapsed":32.953}
{"model":"C:\\Users\\erena\\Desktop\\Nuclear Option Munitions Package\\cad\\phantom_visual_reboot\\src\\donor_fit_lowered.py::fit_view","parent":null,"state":"building","phase":"Meshing components","progress":[575,686],"elapsed":32.969}
{"model":"C:\\Users\\erena\\Desktop\\Nuclear Option Munitions Package\\cad\\phantom_visual_reboot\\src\\donor_fit_lowered.py::fit_view","parent":null,"state":"building","phase":"Meshing components","progress":[576,686],"elapsed":32.985}
{"model":"C:\\Users\\erena\\Desktop\\Nuclear Option Munitions Package\\cad\\phantom_visual_reboot\\src\\donor_fit_lowered.py::fit_view","parent":null,"state":"building","phase":"Meshing components","progress":[577,686],"elapsed":32.985}
{"model":"C:\\Users\\erena\\Desktop\\Nuclear Option Munitions Package\\cad\\phantom_visual_reboot\\src\\donor_fit_lowered.py::fit_view","parent":null,"state":"building","phase":"Meshing components","progress":[578,686],"elapsed":32.985}
{"model":"C:\\Users\\erena\\Desktop\\Nuclear Option Munitions Package\\cad\\phantom_visual_reboot\\src\\donor_fit_lowered.py::fit_view","parent":null,"state":"building","phase":"Meshing components","progress":[579,686],"elapsed":33.0}
{"model":"C:\\Users\\erena\\Desktop\\Nuclear Option Munitions Package\\cad\\phantom_visual_reboot\\src\\donor_fit_lowered.py::fit_view","parent":null,"state":"building","phase":"Meshing components","progress":[580,686],"elapsed":33.0}
{"model":"C:\\Users\\erena\\Desktop\\Nuclear Option Munitions Package\\cad\\phantom_visual_reboot\\src\\donor_fit_lowered.py::fit_view","parent":null,"state":"building","phase":"Meshing components","progress":[581,686],"elapsed":33.0}
{"model":"C:\\Users\\erena\\Desktop\\Nuclear Option Munitions Package\\cad\\phantom_visual_reboot\\src\\donor_fit_lowered.py::fit_view","parent":null,"state":"building","phase":"Meshing components","progress":[582,686],"elapsed":33.016}
{"model":"C:\\Users\\erena\\Desktop\\Nuclear Option Munitions Package\\cad\\phantom_visual_reboot\\src\\donor_fit_lowered.py::fit_view","parent":null,"state":"building","phase":"Meshing components","progress":[583,686],"elapsed":33.016}
{"model":"C:\\Users\\erena\\Desktop\\Nuclear Option Munitions Package\\cad\\phantom_visual_reboot\\src\\donor_fit_lowered.py::fit_view","parent":null,"state":"building","phase":"Meshing components","progress":[584,686],"elapsed":33.016}
{"model":"C:\\Users\\erena\\Desktop\\Nuclear Option Munitions Package\\cad\\phantom_visual_reboot\\src\\donor_fit_lowered.py::fit_view","parent":null,"state":"building","phase":"Meshing components","progress":[585,686],"elapsed":33.016}
{"model":"C:\\Users\\erena\\Desktop\\Nuclear Option Munitions Package\\cad\\phantom_visual_reboot\\src\\donor_fit_lowered.py::fit_view","parent":null,"state":"building","phase":"Meshing components","progress":[586,686],"elapsed":33.031}
{"model":"C:\\Users\\erena\\Desktop\\Nuclear Option Munitions Package\\cad\\phantom_visual_reboot\\src\\donor_fit_lowered.py::fit_view","parent":null,"state":"building","phase":"Meshing components","progress":[587,686],"elapsed":33.031}
{"model":"C:\\Users\\erena\\Desktop\\Nuclear Option Munitions Package\\cad\\phantom_visual_reboot\\src\\donor_fit_lowered.py::fit_view","parent":null,"state":"building","phase":"Meshing components","progress":[588,686],"elapsed":33.031}
{"model":"C:\\Users\\erena\\Desktop\\Nuclear Option Munitions Package\\cad\\phantom_visual_reboot\\src\\donor_fit_lowered.py::fit_view","parent":null,"state":"building","phase":"Meshing components","progress":[589,686],"elapsed":33.031}
{"model":"C:\\Users\\erena\\Desktop\\Nuclear Option Munitions Package\\cad\\phantom_visual_reboot\\src\\donor_fit_lowered.py::fit_view","parent":null,"state":"building","phase":"Meshing components","progress":[590,686],"elapsed":33.047}
{"model":"C:\\Users\\erena\\Desktop\\Nuclear Option Munitions Package\\cad\\phantom_visual_reboot\\src\\donor_fit_lowered.py::fit_view","parent":null,"state":"building","phase":"Meshing components","progress":[591,686],"elapsed":33.047}
{"model":"C:\\Users\\erena\\Desktop\\Nuclear Option Munitions Package\\cad\\phantom_visual_reboot\\src\\donor_fit_lowered.py::fit_view","parent":null,"state":"building","phase":"Meshing components","progress":[592,686],"elapsed":33.047}
{"model":"C:\\Users\\erena\\Desktop\\Nuclear Option Munitions Package\\cad\\phantom_visual_reboot\\src\\donor_fit_lowered.py::fit_view","parent":null,"state":"building","phase":"Meshing components","progress":[593,686],"elapsed":33.063}
{"model":"C:\\Users\\erena\\Desktop\\Nuclear Option Munitions Package\\cad\\phantom_visual_reboot\\src\\donor_fit_lowered.py::fit_view","parent":null,"state":"building","phase":"Meshing components","progress":[594,686],"elapsed":33.078}
{"model":"C:\\Users\\erena\\Desktop\\Nuclear Option Munitions Package\\cad\\phantom_visual_reboot\\src\\donor_fit_lowered.py::fit_view","parent":null,"state":"building","phase":"Meshing components","progress":[595,686],"elapsed":33.078}
{"model":"C:\\Users\\erena\\Desktop\\Nuclear Option Munitions Package\\cad\\phantom_visual_reboot\\src\\donor_fit_lowered.py::fit_view","parent":null,"state":"building","phase":"Meshing components","progress":[596,686],"elapsed":33.094}
{"model":"C:\\Users\\erena\\Desktop\\Nuclear Option Munitions Package\\cad\\phantom_visual_reboot\\src\\donor_fit_lowered.py::fit_view","parent":null,"state":"building","phase":"Meshing components","progress":[597,686],"elapsed":33.094}
{"model":"C:\\Users\\erena\\Desktop\\Nuclear Option Munitions Package\\cad\\phantom_visual_reboot\\src\\donor_fit_lowered.py::fit_view","parent":null,"state":"building","phase":"Meshing components","progress":[598,686],"elapsed":33.094}
{"model":"C:\\Users\\erena\\Desktop\\Nuclear Option Munitions Package\\cad\\phantom_visual_reboot\\src\\donor_fit_lowered.py::fit_view","parent":null,"state":"building","phase":"Meshing components","progress":[599,686],"elapsed":33.11}
{"model":"C:\\Users\\erena\\Desktop\\Nuclear Option Munitions Package\\cad\\phantom_visual_reboot\\src\\donor_fit_lowered.py::fit_view","parent":null,"state":"building","phase":"Meshing components","progress":[600,686],"elapsed":33.11}
{"model":"C:\\Users\\erena\\Desktop\\Nuclear Option Munitions Package\\cad\\phantom_visual_reboot\\src\\donor_fit_lowered.py::fit_view","parent":null,"state":"building","phase":"Meshing components","progress":[601,686],"elapsed":33.125}
{"model":"C:\\Users\\erena\\Desktop\\Nuclear Option Munitions Package\\cad\\phantom_visual_reboot\\src\\donor_fit_lowered.py::fit_view","parent":null,"state":"building","phase":"Meshing components","progress":[602,686],"elapsed":33.125}
{"model":"C:\\Users\\erena\\Desktop\\Nuclear Option Munitions Package\\cad\\phantom_visual_reboot\\src\\donor_fit_lowered.py::fit_view","parent":null,"state":"building","phase":"Meshing components","progress":[603,686],"elapsed":33.141}
{"model":"C:\\Users\\erena\\Desktop\\Nuclear Option Munitions Package\\cad\\phantom_visual_reboot\\src\\donor_fit_lowered.py::fit_view","parent":null,"state":"building","phase":"Meshing components","progress":[604,686],"elapsed":33.141}
{"model":"C:\\Users\\erena\\Desktop\\Nuclear Option Munitions Package\\cad\\phantom_visual_reboot\\src\\donor_fit_lowered.py::fit_view","parent":null,"state":"building","phase":"Meshing components","progress":[605,686],"elapsed":33.141}
{"model":"C:\\Users\\erena\\Desktop\\Nuclear Option Munitions Package\\cad\\phantom_visual_reboot\\src\\donor_fit_lowered.py::fit_view","parent":null,"state":"building","phase":"Meshing components","progress":[606,686],"elapsed":33.156}
{"model":"C:\\Users\\erena\\Desktop\\Nuclear Option Munitions Package\\cad\\phantom_visual_reboot\\src\\donor_fit_lowered.py::fit_view","parent":null,"state":"building","phase":"Meshing components","progress":[607,686],"elapsed":33.156}
{"model":"C:\\Users\\erena\\Desktop\\Nuclear Option Munitions Package\\cad\\phantom_visual_reboot\\src\\donor_fit_lowered.py::fit_view","parent":null,"state":"building","phase":"Meshing components","progress":[608,686],"elapsed":33.156}
{"model":"C:\\Users\\erena\\Desktop\\Nuclear Option Munitions Package\\cad\\phantom_visual_reboot\\src\\donor_fit_lowered.py::fit_view","parent":null,"state":"building","phase":"Meshing components","progress":[609,686],"elapsed":33.172}
{"model":"C:\\Users\\erena\\Desktop\\Nuclear Option Munitions Package\\cad\\phantom_visual_reboot\\src\\donor_fit_lowered.py::fit_view","parent":null,"state":"building","phase":"Meshing components","progress":[610,686],"elapsed":33.172}
{"model":"C:\\Users\\erena\\Desktop\\Nuclear Option Munitions Package\\cad\\phantom_visual_reboot\\src\\donor_fit_lowered.py::fit_view","parent":null,"state":"building","phase":"Meshing components","progress":[611,686],"elapsed":33.172}
{"model":"C:\\Users\\erena\\Desktop\\Nuclear Option Munitions Package\\cad\\phantom_visual_reboot\\src\\donor_fit_lowered.py::fit_view","parent":null,"state":"building","phase":"Meshing components","progress":[612,686],"elapsed":33.172}
{"model":"C:\\Users\\erena\\Desktop\\Nuclear Option Munitions Package\\cad\\phantom_visual_reboot\\src\\donor_fit_lowered.py::fit_view","parent":null,"state":"building","phase":"Meshing components","progress":[613,686],"elapsed":33.188}
{"model":"C:\\Users\\erena\\Desktop\\Nuclear Option Munitions Package\\cad\\phantom_visual_reboot\\src\\donor_fit_lowered.py::fit_view","parent":null,"state":"building","phase":"Meshing components","progress":[614,686],"elapsed":33.188}
{"model":"C:\\Users\\erena\\Desktop\\Nuclear Option Munitions Package\\cad\\phantom_visual_reboot\\src\\donor_fit_lowered.py::fit_view","parent":null,"state":"building","phase":"Meshing components","progress":[615,686],"elapsed":33.188}
{"model":"C:\\Users\\erena\\Desktop\\Nuclear Option Munitions Package\\cad\\phantom_visual_reboot\\src\\donor_fit_lowered.py::fit_view","parent":null,"state":"building","phase":"Meshing components","progress":[616,686],"elapsed":33.203}
{"model":"C:\\Users\\erena\\Desktop\\Nuclear Option Munitions Package\\cad\\phantom_visual_reboot\\src\\donor_fit_lowered.py::fit_view","parent":null,"state":"building","phase":"Meshing components","progress":[617,686],"elapsed":33.203}
{"model":"C:\\Users\\erena\\Desktop\\Nuclear Option Munitions Package\\cad\\phantom_visual_reboot\\src\\donor_fit_lowered.py::fit_view","parent":null,"state":"building","phase":"Meshing components","progress":[618,686],"elapsed":33.219}
{"model":"C:\\Users\\erena\\Desktop\\Nuclear Option Munitions Package\\cad\\phantom_visual_reboot\\src\\donor_fit_lowered.py::fit_view","parent":null,"state":"building","phase":"Meshing components","progress":[619,686],"elapsed":33.219}
{"model":"C:\\Users\\erena\\Desktop\\Nuclear Option Munitions Package\\cad\\phantom_visual_reboot\\src\\donor_fit_lowered.py::fit_view","parent":null,"state":"building","phase":"Meshing components","progress":[620,686],"elapsed":33.219}
{"model":"C:\\Users\\erena\\Desktop\\Nuclear Option Munitions Package\\cad\\phantom_visual_reboot\\src\\donor_fit_lowered.py::fit_view","parent":null,"state":"building","phase":"Meshing components","progress":[621,686],"elapsed":33.235}
{"model":"C:\\Users\\erena\\Desktop\\Nuclear Option Munitions Package\\cad\\phantom_visual_reboot\\src\\donor_fit_lowered.py::fit_view","parent":null,"state":"building","phase":"Meshing components","progress":[622,686],"elapsed":33.235}
{"model":"C:\\Users\\erena\\Desktop\\Nuclear Option Munitions Package\\cad\\phantom_visual_reboot\\src\\donor_fit_lowered.py::fit_view","parent":null,"state":"building","phase":"Meshing components","progress":[623,686],"elapsed":33.235}
{"model":"C:\\Users\\erena\\Desktop\\Nuclear Option Munitions Package\\cad\\phantom_visual_reboot\\src\\donor_fit_lowered.py::fit_view","parent":null,"state":"building","phase":"Meshing components","progress":[624,686],"elapsed":33.25}
{"model":"C:\\Users\\erena\\Desktop\\Nuclear Option Munitions Package\\cad\\phantom_visual_reboot\\src\\donor_fit_lowered.py::fit_view","parent":null,"state":"building","phase":"Meshing components","progress":[625,686],"elapsed":33.25}
{"model":"C:\\Users\\erena\\Desktop\\Nuclear Option Munitions Package\\cad\\phantom_visual_reboot\\src\\donor_fit_lowered.py::fit_view","parent":null,"state":"building","phase":"Meshing components","progress":[626,686],"elapsed":33.266}
{"model":"C:\\Users\\erena\\Desktop\\Nuclear Option Munitions Package\\cad\\phantom_visual_reboot\\src\\donor_fit_lowered.py::fit_view","parent":null,"state":"building","phase":"Meshing components","progress":[627,686],"elapsed":33.266}
{"model":"C:\\Users\\erena\\Desktop\\Nuclear Option Munitions Package\\cad\\phantom_visual_reboot\\src\\donor_fit_lowered.py::fit_view","parent":null,"state":"building","phase":"Meshing components","progress":[628,686],"elapsed":33.266}
{"model":"C:\\Users\\erena\\Desktop\\Nuclear Option Munitions Package\\cad\\phantom_visual_reboot\\src\\donor_fit_lowered.py::fit_view","parent":null,"state":"building","phase":"Meshing components","progress":[629,686],"elapsed":33.266}
{"model":"C:\\Users\\erena\\Desktop\\Nuclear Option Munitions Package\\cad\\phantom_visual_reboot\\src\\donor_fit_lowered.py::fit_view","parent":null,"state":"building","phase":"Meshing components","progress":[630,686],"elapsed":33.281}
{"model":"C:\\Users\\erena\\Desktop\\Nuclear Option Munitions Package\\cad\\phantom_visual_reboot\\src\\donor_fit_lowered.py::fit_view","parent":null,"state":"building","phase":"Meshing components","progress":[631,686],"elapsed":33.281}
{"model":"C:\\Users\\erena\\Desktop\\Nuclear Option Munitions Package\\cad\\phantom_visual_reboot\\src\\donor_fit_lowered.py::fit_view","parent":null,"state":"building","phase":"Meshing components","progress":[632,686],"elapsed":33.281}
{"model":"C:\\Users\\erena\\Desktop\\Nuclear Option Munitions Package\\cad\\phantom_visual_reboot\\src\\donor_fit_lowered.py::fit_view","parent":null,"state":"building","phase":"Meshing components","progress":[633,686],"elapsed":33.297}
{"model":"C:\\Users\\erena\\Desktop\\Nuclear Option Munitions Package\\cad\\phantom_visual_reboot\\src\\donor_fit_lowered.py::fit_view","parent":null,"state":"building","phase":"Meshing components","progress":[634,686],"elapsed":33.297}
{"model":"C:\\Users\\erena\\Desktop\\Nuclear Option Munitions Package\\cad\\phantom_visual_reboot\\src\\donor_fit_lowered.py::fit_view","parent":null,"state":"building","phase":"Meshing components","progress":[635,686],"elapsed":33.313}
{"model":"C:\\Users\\erena\\Desktop\\Nuclear Option Munitions Package\\cad\\phantom_visual_reboot\\src\\donor_fit_lowered.py::fit_view","parent":null,"state":"building","phase":"Meshing components","progress":[636,686],"elapsed":33.313}
{"model":"C:\\Users\\erena\\Desktop\\Nuclear Option Munitions Package\\cad\\phantom_visual_reboot\\src\\donor_fit_lowered.py::fit_view","parent":null,"state":"building","phase":"Meshing components","progress":[637,686],"elapsed":33.328}
{"model":"C:\\Users\\erena\\Desktop\\Nuclear Option Munitions Package\\cad\\phantom_visual_reboot\\src\\donor_fit_lowered.py::fit_view","parent":null,"state":"building","phase":"Meshing components","progress":[638,686],"elapsed":33.328}
{"model":"C:\\Users\\erena\\Desktop\\Nuclear Option Munitions Package\\cad\\phantom_visual_reboot\\src\\donor_fit_lowered.py::fit_view","parent":null,"state":"building","phase":"Meshing components","progress":[639,686],"elapsed":33.328}
{"model":"C:\\Users\\erena\\Desktop\\Nuclear Option Munitions Package\\cad\\phantom_visual_reboot\\src\\donor_fit_lowered.py::fit_view","parent":null,"state":"building","phase":"Meshing components","progress":[640,686],"elapsed":33.328}
{"model":"C:\\Users\\erena\\Desktop\\Nuclear Option Munitions Package\\cad\\phantom_visual_reboot\\src\\donor_fit_lowered.py::fit_view","parent":null,"state":"building","phase":"Meshing components","progress":[641,686],"elapsed":33.344}
{"model":"C:\\Users\\erena\\Desktop\\Nuclear Option Munitions Package\\cad\\phantom_visual_reboot\\src\\donor_fit_lowered.py::fit_view","parent":null,"state":"building","phase":"Meshing components","progress":[642,686],"elapsed":33.344}
{"model":"C:\\Users\\erena\\Desktop\\Nuclear Option Munitions Package\\cad\\phantom_visual_reboot\\src\\donor_fit_lowered.py::fit_view","parent":null,"state":"building","phase":"Meshing components","progress":[643,686],"elapsed":33.344}
{"model":"C:\\Users\\erena\\Desktop\\Nuclear Option Munitions Package\\cad\\phantom_visual_reboot\\src\\donor_fit_lowered.py::fit_view","parent":null,"state":"building","phase":"Meshing components","progress":[644,686],"elapsed":33.36}
{"model":"C:\\Users\\erena\\Desktop\\Nuclear Option Munitions Package\\cad\\phantom_visual_reboot\\src\\donor_fit_lowered.py::fit_view","parent":null,"state":"building","phase":"Meshing components","progress":[645,686],"elapsed":33.36}
{"model":"C:\\Users\\erena\\Desktop\\Nuclear Option Munitions Package\\cad\\phantom_visual_reboot\\src\\donor_fit_lowered.py::fit_view","parent":null,"state":"building","phase":"Meshing components","progress":[646,686],"elapsed":33.36}
{"model":"C:\\Users\\erena\\Desktop\\Nuclear Option Munitions Package\\cad\\phantom_visual_reboot\\src\\donor_fit_lowered.py::fit_view","parent":null,"state":"building","phase":"Meshing components","progress":[647,686],"elapsed":33.36}
{"model":"C:\\Users\\erena\\Desktop\\Nuclear Option Munitions Package\\cad\\phantom_visual_reboot\\src\\donor_fit_lowered.py::fit_view","parent":null,"state":"building","phase":"Meshing components","progress":[648,686],"elapsed":33.375}
{"model":"C:\\Users\\erena\\Desktop\\Nuclear Option Munitions Package\\cad\\phantom_visual_reboot\\src\\donor_fit_lowered.py::fit_view","parent":null,"state":"building","phase":"Meshing components","progress":[649,686],"elapsed":33.375}
{"model":"C:\\Users\\erena\\Desktop\\Nuclear Option Munitions Package\\cad\\phantom_visual_reboot\\src\\donor_fit_lowered.py::fit_view","parent":null,"state":"building","phase":"Meshing components","progress":[650,686],"elapsed":33.375}
{"model":"C:\\Users\\erena\\Desktop\\Nuclear Option Munitions Package\\cad\\phantom_visual_reboot\\src\\donor_fit_lowered.py::fit_view","parent":null,"state":"building","phase":"Meshing components","progress":[651,686],"elapsed":33.375}
{"model":"C:\\Users\\erena\\Desktop\\Nuclear Option Munitions Package\\cad\\phantom_visual_reboot\\src\\donor_fit_lowered.py::fit_view","parent":null,"state":"building","phase":"Meshing components","progress":[652,686],"elapsed":33.391}
{"model":"C:\\Users\\erena\\Desktop\\Nuclear Option Munitions Package\\cad\\phantom_visual_reboot\\src\\donor_fit_lowered.py::fit_view","parent":null,"state":"building","phase":"Meshing components","progress":[653,686],"elapsed":33.391}
{"model":"C:\\Users\\erena\\Desktop\\Nuclear Option Munitions Package\\cad\\phantom_visual_reboot\\src\\donor_fit_lowered.py::fit_view","parent":null,"state":"building","phase":"Meshing components","progress":[654,686],"elapsed":33.391}
{"model":"C:\\Users\\erena\\Desktop\\Nuclear Option Munitions Package\\cad\\phantom_visual_reboot\\src\\donor_fit_lowered.py::fit_view","parent":null,"state":"building","phase":"Meshing components","progress":[655,686],"elapsed":33.406}
{"model":"C:\\Users\\erena\\Desktop\\Nuclear Option Munitions Package\\cad\\phantom_visual_reboot\\src\\donor_fit_lowered.py::fit_view","parent":null,"state":"building","phase":"Meshing components","progress":[656,686],"elapsed":33.406}
{"model":"C:\\Users\\erena\\Desktop\\Nuclear Option Munitions Package\\cad\\phantom_visual_reboot\\src\\donor_fit_lowered.py::fit_view","parent":null,"state":"building","phase":"Meshing components","progress":[657,686],"elapsed":33.406}
{"model":"C:\\Users\\erena\\Desktop\\Nuclear Option Munitions Package\\cad\\phantom_visual_reboot\\src\\donor_fit_lowered.py::fit_view","parent":null,"state":"building","phase":"Meshing components","progress":[658,686],"elapsed":33.422}
{"model":"C:\\Users\\erena\\Desktop\\Nuclear Option Munitions Package\\cad\\phantom_visual_reboot\\src\\donor_fit_lowered.py::fit_view","parent":null,"state":"building","phase":"Meshing components","progress":[659,686],"elapsed":33.422}
{"model":"C:\\Users\\erena\\Desktop\\Nuclear Option Munitions Package\\cad\\phantom_visual_reboot\\src\\donor_fit_lowered.py::fit_view","parent":null,"state":"building","phase":"Meshing components","progress":[660,686],"elapsed":33.422}
{"model":"C:\\Users\\erena\\Desktop\\Nuclear Option Munitions Package\\cad\\phantom_visual_reboot\\src\\donor_fit_lowered.py::fit_view","parent":null,"state":"building","phase":"Meshing components","progress":[661,686],"elapsed":33.438}
{"model":"C:\\Users\\erena\\Desktop\\Nuclear Option Munitions Package\\cad\\phantom_visual_reboot\\src\\donor_fit_lowered.py::fit_view","parent":null,"state":"building","phase":"Meshing components","progress":[662,686],"elapsed":33.438}
{"model":"C:\\Users\\erena\\Desktop\\Nuclear Option Munitions Package\\cad\\phantom_visual_reboot\\src\\donor_fit_lowered.py::fit_view","parent":null,"state":"building","phase":"Meshing components","progress":[663,686],"elapsed":33.438}
{"model":"C:\\Users\\erena\\Desktop\\Nuclear Option Munitions Package\\cad\\phantom_visual_reboot\\src\\donor_fit_lowered.py::fit_view","parent":null,"state":"building","phase":"Meshing components","progress":[664,686],"elapsed":33.453}
{"model":"C:\\Users\\erena\\Desktop\\Nuclear Option Munitions Package\\cad\\phantom_visual_reboot\\src\\donor_fit_lowered.py::fit_view","parent":null,"state":"building","phase":"Meshing components","progress":[665,686],"elapsed":33.453}
{"model":"C:\\Users\\erena\\Desktop\\Nuclear Option Munitions Package\\cad\\phantom_visual_reboot\\src\\donor_fit_lowered.py::fit_view","parent":null,"state":"building","phase":"Meshing components","progress":[666,686],"elapsed":33.453}
{"model":"C:\\Users\\erena\\Desktop\\Nuclear Option Munitions Package\\cad\\phantom_visual_reboot\\src\\donor_fit_lowered.py::fit_view","parent":null,"state":"building","phase":"Meshing components","progress":[667,686],"elapsed":33.469}
{"model":"C:\\Users\\erena\\Desktop\\Nuclear Option Munitions Package\\cad\\phantom_visual_reboot\\src\\donor_fit_lowered.py::fit_view","parent":null,"state":"building","phase":"Meshing components","progress":[668,686],"elapsed":33.469}
{"model":"C:\\Users\\erena\\Desktop\\Nuclear Option Munitions Package\\cad\\phantom_visual_reboot\\src\\donor_fit_lowered.py::fit_view","parent":null,"state":"building","phase":"Meshing components","progress":[669,686],"elapsed":33.469}
{"model":"C:\\Users\\erena\\Desktop\\Nuclear Option Munitions Package\\cad\\phantom_visual_reboot\\src\\donor_fit_lowered.py::fit_view","parent":null,"state":"building","phase":"Meshing components","progress":[670,686],"elapsed":33.485}
{"model":"C:\\Users\\erena\\Desktop\\Nuclear Option Munitions Package\\cad\\phantom_visual_reboot\\src\\donor_fit_lowered.py::fit_view","parent":null,"state":"building","phase":"Meshing components","progress":[671,686],"elapsed":33.485}
{"model":"C:\\Users\\erena\\Desktop\\Nuclear Option Munitions Package\\cad\\phantom_visual_reboot\\src\\donor_fit_lowered.py::fit_view","parent":null,"state":"building","phase":"Meshing components","progress":[672,686],"elapsed":33.5}
{"model":"C:\\Users\\erena\\Desktop\\Nuclear Option Munitions Package\\cad\\phantom_visual_reboot\\src\\donor_fit_lowered.py::fit_view","parent":null,"state":"building","phase":"Meshing components","progress":[673,686],"elapsed":33.5}
{"model":"C:\\Users\\erena\\Desktop\\Nuclear Option Munitions Package\\cad\\phantom_visual_reboot\\src\\donor_fit_lowered.py::fit_view","parent":null,"state":"building","phase":"Meshing components","progress":[674,686],"elapsed":33.5}
{"model":"C:\\Users\\erena\\Desktop\\Nuclear Option Munitions Package\\cad\\phantom_visual_reboot\\src\\donor_fit_lowered.py::fit_view","parent":null,"state":"building","phase":"Meshing components","progress":[675,686],"elapsed":33.516}
{"model":"C:\\Users\\erena\\Desktop\\Nuclear Option Munitions Package\\cad\\phantom_visual_reboot\\src\\donor_fit_lowered.py::fit_view","parent":null,"state":"building","phase":"Meshing components","progress":[676,686],"elapsed":33.516}
{"model":"C:\\Users\\erena\\Desktop\\Nuclear Option Munitions Package\\cad\\phantom_visual_reboot\\src\\donor_fit_lowered.py::fit_view","parent":null,"state":"building","phase":"Meshing components","progress":[677,686],"elapsed":33.516}
{"model":"C:\\Users\\erena\\Desktop\\Nuclear Option Munitions Package\\cad\\phantom_visual_reboot\\src\\donor_fit_lowered.py::fit_view","parent":null,"state":"building","phase":"Meshing components","progress":[678,686],"elapsed":33.531}
{"model":"C:\\Users\\erena\\Desktop\\Nuclear Option Munitions Package\\cad\\phantom_visual_reboot\\src\\donor_fit_lowered.py::fit_view","parent":null,"state":"building","phase":"Meshing components","progress":[679,686],"elapsed":33.531}
{"model":"C:\\Users\\erena\\Desktop\\Nuclear Option Munitions Package\\cad\\phantom_visual_reboot\\src\\donor_fit_lowered.py::fit_view","parent":null,"state":"building","phase":"Meshing components","progress":[680,686],"elapsed":33.531}
{"model":"C:\\Users\\erena\\Desktop\\Nuclear Option Munitions Package\\cad\\phantom_visual_reboot\\src\\donor_fit_lowered.py::fit_view","parent":null,"state":"building","phase":"Meshing components","progress":[681,686],"elapsed":33.547}
{"model":"C:\\Users\\erena\\Desktop\\Nuclear Option Munitions Package\\cad\\phantom_visual_reboot\\src\\donor_fit_lowered.py::fit_view","parent":null,"state":"building","phase":"Meshing components","progress":[682,686],"elapsed":33.547}
{"model":"C:\\Users\\erena\\Desktop\\Nuclear Option Munitions Package\\cad\\phantom_visual_reboot\\src\\donor_fit_lowered.py::fit_view","parent":null,"state":"building","phase":"Meshing components","progress":[683,686],"elapsed":33.547}
{"model":"C:\\Users\\erena\\Desktop\\Nuclear Option Munitions Package\\cad\\phantom_visual_reboot\\src\\donor_fit_lowered.py::fit_view","parent":null,"state":"building","phase":"Meshing components","progress":[684,686],"elapsed":33.563}
{"model":"C:\\Users\\erena\\Desktop\\Nuclear Option Munitions Package\\cad\\phantom_visual_reboot\\src\\donor_fit_lowered.py::fit_view","parent":null,"state":"building","phase":"Meshing components","progress":[685,686],"elapsed":33.563}
{"model":"C:\\Users\\erena\\Desktop\\Nuclear Option Munitions Package\\cad\\phantom_visual_reboot\\src\\donor_fit_lowered.py::fit_view","parent":null,"state":"building","phase":"Meshing components","progress":[686,686],"elapsed":33.563}
{"model":"C:\\Users\\erena\\Desktop\\Nuclear Option Munitions Package\\cad\\phantom_visual_reboot\\src\\donor_fit_lowered.py::fit_view","parent":null,"state":"building","phase":"Writing outputs","progress":null,"elapsed":33.563}
{"model":"C:\\Users\\erena\\Desktop\\Nuclear Option Munitions Package\\cad\\phantom_visual_reboot\\src\\donor_fit_lowered.py::fit_view","parent":null,"state":"building","phase":"STEP saved","progress":null,"elapsed":44.453}
{"model":"C:\\Users\\erena\\Desktop\\Nuclear Option Munitions Package\\cad\\phantom_visual_reboot\\src\\donor_fit_lowered.py::fit_view","parent":null,"state":"done","phase":"STEP saved","progress":null,"elapsed":44.513}
[cadgen] wrote STEP: C:/Users/erena/Desktop/Nuclear Option Munitions Package/cad/phantom_visual_reboot/reference/agm1_mount/Phantom_DonorFit_Lowered_9574.step
built C:/Users/erena/Desktop/Nuclear Option Munitions Package/cad/phantom_visual_reboot/reference/agm1_mount/Phantom_DonorFit_Lowered_9574.step
exit 0
