# https://github.com/mikedh/trimesh
v 0.00000000 -0.08000000 -1.68350000
v 0.00478433 -0.07985681 -1.68350000
v 0.00955154 -0.07942775 -1.68350000
v 0.01428455 -0.07871437 -1.68350000
v 0.01896643 -0.07771920 -1.68350000
v 0.02358041 -0.07644582 -1.68350000
v 0.02810999 -0.07489879 -1.68350000
v 0.03253893 -0.07308364 -1.68350000
v 0.03685140 -0.07100686 -1.68350000
v 0.04103194 -0.06867590 -1.68350000
v 0.04506560 -0.06609910 -1.68350000
v 0.04893794 -0.06328568 -1.68350000
v 0.05263510 -0.06024572 -1.68350000
v 0.05614383 -0.05699009 -1.68350000
v 0.05945159 -0.05353045 -1.68350000
v 0.06254652 -0.04987918 -1.68350000
v 0.06541755 -0.04604937 -1.68350000
v 0.06805441 -0.04205470 -1.68350000
v 0.07044764 -0.03790949 -1.68350000
v 0.07258870 -0.03362858 -1.68350000
v 0.07446990 -0.02922728 -1.68350000
v 0.07608452 -0.02472136 -1.68350000
v 0.07742678 -0.02012694 -1.68350000
v 0.07849187 -0.01546047 -1.68350000
v 0.07927598 -0.01073866 -1.68350000
v 0.07977630 -0.00597841 -1.68350000
v 0.07999105 -0.00119675 -1.68350000
v 0.07991945 0.00358919 -1.68350000
v 0.07956175 0.00836228 -1.68350000
v 0.07891925 0.01310543 -1.68350000
v 0.07799423 0.01780167 -1.68350000
v 0.07679002 0.02243419 -1.68350000
v 0.07531092 0.02698640 -1.68350000
v 0.07356222 0.03144200 -1.68350000
v 0.07155019 0.03578505 -1.68350000
v 0.06928203 0.04000000 -1.68350000
v 0.06676586 0.04407176 -1.68350000
v 0.06401068 0.04798575 -1.68350000
v 0.06102637 0.05172797 -1.68350000
v 0.05782359 0.05528501 -1.68350000
v 0.05441382 0.05864415 -1.68350000
v 0.05080926 0.06179336 -1.68350000
v 0.04702282 0.06472136 -1.68350000
v 0.04306805 0.06741768 -1.68350000
v 0.03895911 0.06987266 -1.68350000
v 0.03471070 0.07207751 -1.68350000
v 0.03033804 0.07402434 -1.68350000
v 0.02585677 0.07570619 -1.68350000
v 0.02128295 0.07711703 -1.68350000
v 0.01663294 0.07825181 -1.68350000
v 0.01192338 0.07910647 -1.68350000
v 0.00717114 0.07967794 -1.68350000
v 0.00239324 0.07996419 -1.68350000
v -0.00239324 0.07996419 -1.68350000
v -0.00717114 0.07967794 -1.68350000
v -0.01192338 0.07910647 -1.68350000
v -0.01663294 0.07825181 -1.68350000
v -0.02128295 0.07711703 -1.68350000
v -0.02585677 0.07570619 -1.68350000
v -0.03033804 0.07402434 -1.68350000
v -0.03471070 0.07207751 -1.68350000
v -0.03895911 0.06987266 -1.68350000
v -0.04306805 0.06741768 -1.68350000
v -0.04702282 0.06472136 -1.68350000
v -0.05080926 0.06179336 -1.68350000
v -0.05441382 0.05864415 -1.68350000
v -0.05782359 0.05528501 -1.68350000
v -0.06102637 0.05172797 -1.68350000
v -0.06401068 0.04798575 -1.68350000
v -0.06676586 0.04407176 -1.68350000
v -0.06928203 0.04000000 -1.68350000
v -0.07155019 0.03578505 -1.68350000
v -0.07356222 0.03144200 -1.68350000
v -0.07531092 0.02698640 -1.68350000
v -0.07679002 0.02243419 -1.68350000
v -0.07799423 0.01780167 -1.68350000
v -0.07891925 0.01310543 -1.68350000
v -0.07956175 0.00836228 -1.68350000
v -0.07991945 0.00358919 -1.68350000
v -0.07999105 -0.00119675 -1.68350000
v -0.07977630 -0.00597841 -1.68350000
v -0.07927598 -0.01073866 -1.68350000
v -0.07849187 -0.01546047 -1.68350000
v -0.07742678 -0.02012694 -1.68350000
v -0.07608452 -0.02472136 -1.68350000
v -0.07446990 -0.02922728 -1.68350000
v -0.07258870 -0.03362858 -1.68350000
v -0.07044764 -0.03790949 -1.68350000
v -0.06805441 -0.04205470 -1.68350000
v -0.06541755 -0.04604937 -1.68350000
v -0.06254652 -0.04987918 -1.68350000
v -0.05945159 -0.05353045 -1.68350000
v -0.05614383 -0.05699009 -1.68350000
v -0.05263510 -0.06024572 -1.68350000
v -0.04893794 -0.06328568 -1.68350000
v -0.04506560 -0.06609910 -1.68350000
v -0.04103194 -0.06867590 -1.68350000
v -0.03685140 -0.07100686 -1.68350000
v -0.03253893 -0.07308364 -1.68350000
v -0.02810999 -0.07489879 -1.68350000
v -0.02358041 -0.07644582 -1.68350000
v -0.01896643 -0.07771920 -1.68350000
v -0.01428455 -0.07871437 -1.68350000
v -0.00955154 -0.07942775 -1.68350000
v -0.00478433 -0.07985681 -1.68350000
v 0.00000000 -0.08000000 -1.66800000
v 0.00478433 -0.07985681 -1.66800000
v 0.00955154 -0.07942775 -1.66800000
v 0.01428455 -0.07871437 -1.66800000
v 0.01896643 -0.07771920 -1.66800000
v 0.02358041 -0.07644582 -1.66800000
v 0.02810999 -0.07489879 -1.66800000
v 0.03253893 -0.07308364 -1.66800000
v 0.03685140 -0.07100686 -1.66800000
v 0.04103194 -0.06867590 -1.66800000
v 0.04506560 -0.06609910 -1.66800000
v 0.04893794 -0.06328568 -1.66800000
v 0.05263510 -0.06024572 -1.66800000
v 0.05614383 -0.05699009 -1.66800000
v 0.05945159 -0.05353045 -1.66800000
v 0.06254652 -0.04987918 -1.66800000
v 0.06541755 -0.04604937 -1.66800000
v 0.06805441 -0.04205470 -1.66800000
v 0.07044764 -0.03790949 -1.66800000
v 0.07258870 -0.03362858 -1.66800000
v 0.07446990 -0.02922728 -1.66800000
v 0.07608452 -0.02472136 -1.66800000
v 0.07742678 -0.02012694 -1.66800000
v 0.07849187 -0.01546047 -1.66800000
v 0.07927598 -0.01073866 -1.66800000
v 0.07977630 -0.00597841 -1.66800000
v 0.07999105 -0.00119675 -1.66800000
v 0.07991945 0.00358919 -1.66800000
v 0.07956175 0.00836228 -1.66800000
v 0.07891925 0.01310543 -1.66800000
v 0.07799423 0.01780167 -1.66800000
v 0.07679002 0.02243419 -1.66800000
v 0.07531092 0.02698640 -1.66800000
v 0.07356222 0.03144200 -1.66800000
v 0.07155019 0.03578505 -1.66800000
v 0.06928203 0.04000000 -1.66800000
v 0.06676586 0.04407176 -1.66800000
v 0.06401068 0.04798575 -1.66800000
v 0.06102637 0.05172797 -1.66800000
v 0.05782359 0.05528501 -1.66800000
v 0.05441382 0.05864415 -1.66800000
v 0.05080926 0.06179336 -1.66800000
v 0.04702282 0.06472136 -1.66800000
v 0.04306805 0.06741768 -1.66800000
v 0.03895911 0.06987266 -1.66800000
v 0.03471070 0.07207751 -1.66800000
v 0.03033804 0.07402434 -1.66800000
v 0.02585677 0.07570619 -1.66800000
v 0.02128295 0.07711703 -1.66800000
v 0.01663294 0.07825181 -1.66800000
v 0.01192338 0.07910647 -1.66800000
v 0.00717114 0.07967794 -1.66800000
v 0.00239324 0.07996419 -1.66800000
v -0.00239324 0.07996419 -1.66800000
v -0.00717114 0.07967794 -1.66800000
v -0.01192338 0.07910647 -1.66800000
v -0.01663294 0.07825181 -1.66800000
v -0.02128295 0.07711703 -1.66800000
v -0.02585677 0.07570619 -1.66800000
v -0.03033804 0.07402434 -1.66800000
v -0.03471070 0.07207751 -1.66800000
v -0.03895911 0.06987266 -1.66800000
v -0.04306805 0.06741768 -1.66800000
v -0.04702282 0.06472136 -1.66800000
v -0.05080926 0.06179336 -1.66800000
v -0.05441382 0.05864415 -1.66800000
v -0.05782359 0.05528501 -1.66800000
v -0.06102637 0.05172797 -1.66800000
v -0.06401068 0.04798575 -1.66800000
v -0.06676586 0.04407176 -1.66800000
v -0.06928203 0.04000000 -1.66800000
v -0.07155019 0.03578505 -1.66800000
v -0.07356222 0.03144200 -1.66800000
v -0.07531092 0.02698640 -1.66800000
v -0.07679002 0.02243419 -1.66800000
v -0.07799423 0.01780167 -1.66800000
v -0.07891925 0.01310543 -1.66800000
v -0.07956175 0.00836228 -1.66800000
v -0.07991945 0.00358919 -1.66800000
v -0.07999105 -0.00119675 -1.66800000
v -0.07977630 -0.00597841 -1.66800000
v -0.07927598 -0.01073866 -1.66800000
v -0.07849187 -0.01546047 -1.66800000
v -0.07742678 -0.02012694 -1.66800000
v -0.07608452 -0.02472136 -1.66800000
v -0.07446990 -0.02922728 -1.66800000
v -0.07258870 -0.03362858 -1.66800000
v -0.07044764 -0.03790949 -1.66800000
v -0.06805441 -0.04205470 -1.66800000
v -0.06541755 -0.04604937 -1.66800000
v -0.06254652 -0.04987918 -1.66800000
v -0.05945159 -0.05353045 -1.66800000
v -0.05614383 -0.05699009 -1.66800000
v -0.05263510 -0.06024572 -1.66800000
v -0.04893794 -0.06328568 -1.66800000
v -0.04506560 -0.06609910 -1.66800000
v -0.04103194 -0.06867590 -1.66800000
v -0.03685140 -0.07100686 -1.66800000
v -0.03253893 -0.07308364 -1.66800000
v -0.02810999 -0.07489879 -1.66800000
v -0.02358041 -0.07644582 -1.66800000
v -0.01896643 -0.07771920 -1.66800000
v -0.01428455 -0.07871437 -1.66800000
v -0.00955154 -0.07942775 -1.66800000
v -0.00478433 -0.07985681 -1.66800000
v 0.00000000 -0.07500000 -1.68350000
v 0.00448531 -0.07486576 -1.68350000
v 0.00895457 -0.07446352 -1.68350000
v 0.01339177 -0.07379472 -1.68350000
v 0.01778103 -0.07286175 -1.68350000
v 0.02210664 -0.07166796 -1.68350000
v 0.02635311 -0.07021762 -1.68350000
v 0.03050525 -0.06851591 -1.68350000
v 0.03454818 -0.06656893 -1.68350000
v 0.03846745 -0.06438366 -1.68350000
v 0.04224900 -0.06196791 -1.68350000
v 0.04587932 -0.05933033 -1.68350000
v 0.04934540 -0.05648036 -1.68350000
v 0.05263484 -0.05342821 -1.68350000
v 0.05573586 -0.05018480 -1.68350000
v 0.05863736 -0.04676174 -1.68350000
v 0.06132895 -0.04317128 -1.68350000
v 0.06380100 -0.03942628 -1.68350000
v 0.06604466 -0.03554015 -1.68350000
v 0.06805190 -0.03152679 -1.68350000
v 0.06981553 -0.02740058 -1.68350000
v 0.07132924 -0.02317627 -1.68350000
v 0.07258761 -0.01886901 -1.68350000
v 0.07358613 -0.01449419 -1.68350000
v 0.07432123 -0.01006749 -1.68350000
v 0.07479028 -0.00560476 -1.68350000
v 0.07499161 -0.00112196 -1.68350000
v 0.07492448 0.00336486 -1.68350000
v 0.07458914 0.00783963 -1.68350000
v 0.07398679 0.01228634 -1.68350000
v 0.07311959 0.01668907 -1.68350000
v 0.07199064 0.02103205 -1.68350000
v 0.07060398 0.02529975 -1.68350000
v 0.06896458 0.02947688 -1.68350000
v 0.06707831 0.03354849 -1.68350000
v 0.06495191 0.03750000 -1.68350000
v 0.06259299 0.04131727 -1.68350000
v 0.06001002 0.04498664 -1.68350000
v 0.05721222 0.04849497 -1.68350000
v 0.05420961 0.05182970 -1.68350000
v 0.05101296 0.05497889 -1.68350000
v 0.04763368 0.05793127 -1.68350000
v 0.04408389 0.06067627 -1.68350000
v 0.04037630 0.06320407 -1.68350000
v 0.03652416 0.06550562 -1.68350000
v 0.03254128 0.06757267 -1.68350000
v 0.02844191 0.06939782 -1.68350000
v 0.02424072 0.07097455 -1.68350000
v 0.01995276 0.07229721 -1.68350000
v 0.01559338 0.07336107 -1.68350000
v 0.01117817 0.07416231 -1.68350000
v 0.00672295 0.07469807 -1.68350000
v 0.00224366 0.07496643 -1.68350000
v -0.00224366 0.07496643 -1.68350000
v -0.00672295 0.07469807 -1.68350000
v -0.01117817 0.07416231 -1.68350000
v -0.01559338 0.07336107 -1.68350000
v -0.01995276 0.07229721 -1.68350000
v -0.02424072 0.07097455 -1.68350000
v -0.02844191 0.06939782 -1.68350000
v -0.03254128 0.06757267 -1.68350000
v -0.03652416 0.06550562 -1.68350000
v -0.04037630 0.06320407 -1.68350000
v -0.04408389 0.06067627 -1.68350000
v -0.04763368 0.05793127 -1.68350000
v -0.05101296 0.05497889 -1.68350000
v -0.05420961 0.05182970 -1.68350000
v -0.05721222 0.04849497 -1.68350000
v -0.06001002 0.04498664 -1.68350000
v -0.06259299 0.04131727 -1.68350000
v -0.06495191 0.03750000 -1.68350000
v -0.06707831 0.03354849 -1.68350000
v -0.06896458 0.02947688 -1.68350000
v -0.07060398 0.02529975 -1.68350000
v -0.07199064 0.02103205 -1.68350000
v -0.07311959 0.01668907 -1.68350000
v -0.07398679 0.01228634 -1.68350000
v -0.07458914 0.00783963 -1.68350000
v -0.07492448 0.00336486 -1.68350000
v -0.07499161 -0.00112196 -1.68350000
v -0.07479028 -0.00560476 -1.68350000
v -0.07432123 -0.01006749 -1.68350000
v -0.07358613 -0.01449419 -1.68350000
v -0.07258761 -0.01886901 -1.68350000
v -0.07132924 -0.02317627 -1.68350000
v -0.06981553 -0.02740058 -1.68350000
v -0.06805190 -0.03152679 -1.68350000
v -0.06604466 -0.03554015 -1.68350000
v -0.06380100 -0.03942628 -1.68350000
v -0.06132895 -0.04317128 -1.68350000
v -0.05863736 -0.04676174 -1.68350000
v -0.05573586 -0.05018480 -1.68350000
v -0.05263484 -0.05342821 -1.68350000
v -0.04934540 -0.05648036 -1.68350000
v -0.04587932 -0.05933033 -1.68350000
v -0.04224900 -0.06196791 -1.68350000
v -0.03846745 -0.06438366 -1.68350000
v -0.03454818 -0.06656893 -1.68350000
v -0.03050525 -0.06851591 -1.68350000
v -0.02635311 -0.07021762 -1.68350000
v -0.02210664 -0.07166796 -1.68350000
v -0.01778103 -0.07286175 -1.68350000
v -0.01339177 -0.07379472 -1.68350000
v -0.00895457 -0.07446352 -1.68350000
v -0.00448531 -0.07486576 -1.68350000
v 0.00000000 -0.07400000 -1.66033333
v 0.00000000 -0.06800000 -1.65266667
v 0.00000000 -0.06200000 -1.64500000
v 0.00370786 -0.06188903 -1.64500000
v 0.00740244 -0.06155651 -1.64500000
v 0.01107053 -0.06100363 -1.64500000
v 0.01469898 -0.06023238 -1.64500000
v 0.01827482 -0.05924551 -1.64500000
v 0.02178524 -0.05804656 -1.64500000
v 0.02521767 -0.05663982 -1.64500000
v 0.02855983 -0.05503032 -1.64500000
v 0.03179976 -0.05322383 -1.64500000
v 0.03492584 -0.05122680 -1.64500000
v 0.03792691 -0.04904640 -1.64500000
v 0.04079220 -0.04669043 -1.64500000
v 0.04351147 -0.04416732 -1.64500000
v 0.04607498 -0.04148610 -1.64500000
v 0.04847355 -0.03865637 -1.64500000
v 0.05069860 -0.03568826 -1.64500000
v 0.05274216 -0.03259239 -1.64500000
v 0.05459692 -0.02937986 -1.64500000
v 0.05625624 -0.02606215 -1.64500000
v 0.05771417 -0.02265114 -1.64500000
v 0.05896550 -0.01915905 -1.64500000
v 0.06000575 -0.01559838 -1.64500000
v 0.06083120 -0.01198187 -1.64500000
v 0.06143889 -0.00832246 -1.64500000
v 0.06182664 -0.00463327 -1.64500000
v 0.06199306 -0.00092748 -1.64500000
v 0.06193757 0.00278162 -1.64500000
v 0.06166036 0.00648076 -1.64500000
v 0.06116242 0.01015671 -1.64500000
v 0.06044553 0.01379630 -1.64500000
v 0.05951226 0.01738650 -1.64500000
v 0.05836596 0.02091446 -1.64500000
v 0.05701072 0.02436755 -1.64500000
v 0.05545140 0.02773342 -1.64500000
v 0.05369358 0.03100000 -1.64500000
v 0.05174354 0.03415561 -1.64500000
v 0.04960828 0.03718896 -1.64500000
v 0.04729543 0.04008918 -1.64500000
v 0.04481328 0.04284588 -1.64500000
v 0.04217071 0.04544922 -1.64500000
v 0.03937718 0.04788985 -1.64500000
v 0.03644269 0.05015905 -1.64500000
v 0.03337774 0.05224870 -1.64500000
v 0.03019331 0.05415131 -1.64500000
v 0.02690079 0.05586007 -1.64500000
v 0.02351198 0.05736887 -1.64500000
v 0.02003900 0.05867230 -1.64500000
v 0.01649428 0.05976570 -1.64500000
v 0.01289052 0.06064515 -1.64500000
v 0.00924062 0.06130751 -1.64500000
v 0.00555764 0.06175041 -1.64500000
v 0.00185476 0.06197225 -1.64500000
v -0.00185476 0.06197225 -1.64500000
v -0.00555764 0.06175041 -1.64500000
v -0.00924062 0.06130751 -1.64500000
v -0.01289052 0.06064515 -1.64500000
v -0.01649428 0.05976570 -1.64500000
v -0.02003900 0.05867230 -1.64500000
v -0.02351198 0.05736887 -1.64500000
v -0.02690079 0.05586007 -1.64500000
v -0.03019331 0.05415131 -1.64500000
v -0.03337774 0.05224870 -1.64500000
v -0.03644269 0.05015905 -1.64500000
v -0.03937718 0.04788985 -1.64500000
v -0.04217071 0.04544922 -1.64500000
v -0.04481328 0.04284588 -1.64500000
v -0.04729543 0.04008918 -1.64500000
v -0.04960828 0.03718896 -1.64500000
v -0.05174354 0.03415561 -1.64500000
v -0.05369358 0.03100000 -1.64500000
v -0.05545140 0.02773342 -1.64500000
v -0.05701072 0.02436755 -1.64500000
v -0.05836596 0.02091446 -1.64500000
v -0.05951226 0.01738650 -1.64500000
v -0.06044553 0.01379630 -1.64500000
v -0.06116242 0.01015671 -1.64500000
v -0.06166036 0.00648076 -1.64500000
v -0.06193757 0.00278162 -1.64500000
v -0.06199306 -0.00092748 -1.64500000
v -0.06182664 -0.00463327 -1.64500000
v -0.06143889 -0.00832246 -1.64500000
v -0.06083120 -0.01198187 -1.64500000
v -0.06000575 -0.01559838 -1.64500000
v -0.05896550 -0.01915905 -1.64500000
v -0.05771417 -0.02265114 -1.64500000
v -0.05625624 -0.02606215 -1.64500000
v -0.05459692 -0.02937986 -1.64500000
v -0.05274216 -0.03259239 -1.64500000
v -0.05069860 -0.03568826 -1.64500000
v -0.04847355 -0.03865637 -1.64500000
v -0.04607498 -0.04148610 -1.64500000
v -0.04351147 -0.04416732 -1.64500000
v -0.04079220 -0.04669043 -1.64500000
v -0.03792691 -0.04904640 -1.64500000
v -0.03492584 -0.05122680 -1.64500000
v -0.03179976 -0.05322383 -1.64500000
v -0.02855983 -0.05503032 -1.64500000
v -0.02521767 -0.05663982 -1.64500000
v -0.02178524 -0.05804656 -1.64500000
v -0.01827482 -0.05924551 -1.64500000
v -0.01469898 -0.06023238 -1.64500000
v -0.01107053 -0.06100363 -1.64500000
v -0.00740244 -0.06155651 -1.64500000
v -0.00370786 -0.06188903 -1.64500000
v 0.00875221 -0.07348060 -1.66033333
v 0.01738157 -0.07192970 -1.66033333
v 0.00804258 -0.06752271 -1.65266667
v 0.02576692 -0.06936905 -1.66033333
v 0.01597225 -0.06609756 -1.65266667
v 0.03379056 -0.06583462 -1.66033333
v 0.02367771 -0.06374454 -1.65266667
v 0.04133986 -0.06137602 -1.66033333
v 0.03105079 -0.06049668 -1.65266667
v 0.04830884 -0.05605583 -1.66033333
v 0.03798798 -0.05639959 -1.65266667
v 0.05459966 -0.04994874 -1.66033333
v 0.04439190 -0.05151076 -1.65266667
v 0.06012403 -0.04314048 -1.66033333
v 0.05017266 -0.04589884 -1.65266667
v 0.06480439 -0.03572662 -1.66033333
v 0.05524911 -0.03964260 -1.65266667
v 0.06857503 -0.02781124 -1.66033333
v 0.05954998 -0.03282987 -1.65266667
v 0.07138303 -0.01950545 -1.66033333
v 0.06301489 -0.02555628 -1.65266667
v 0.07318897 -0.01092585 -1.66033333
v 0.06559522 -0.01792393 -1.65266667
v 0.07396750 -0.00219287 -1.66033333
v 0.06725473 -0.01003997 -1.65266667
v 0.07370769 0.00657090 -1.66033333
v 0.06797014 -0.00201507 -1.65266667
v 0.07241318 0.01524242 -1.66033333
v 0.06773139 0.00603812 -1.65266667
v 0.07010215 0.02369997 -1.66033333
v 0.06654184 0.01400655 -1.65266667
v 0.06680704 0.03182482 -1.66033333
v 0.06441819 0.02177835 -1.65266667
v 0.06257410 0.03950293 -1.66033333
v 0.06139025 0.02924443 -1.65266667
v 0.05746277 0.04662650 -1.66033333
v 0.05750053 0.03629999 -1.65266667
v 0.05154478 0.05309554 -1.66033333
v 0.05280362 0.04284597 -1.65266667
v 0.04490321 0.05881923 -1.66033333
v 0.04736547 0.04879049 -1.65266667
v 0.03763130 0.06371723 -1.66033333
v 0.04126241 0.05405010 -1.65266667
v 0.02983113 0.06772078 -1.66033333
v 0.03458012 0.05855097 -1.65266667
v 0.02161220 0.07077367 -1.66033333
v 0.02741239 0.06222990 -1.65266667
v 0.01308988 0.07283306 -1.66033333
v 0.01985986 0.06503527 -1.65266667
v 0.00438381 0.07387004 -1.66033333
v 0.01202854 0.06692768 -1.65266667
v -0.00438381 0.07387004 -1.66033333
v 0.00402836 0.06788057 -1.65266667
v -0.01308988 0.07283306 -1.66033333
v -0.00402836 0.06788057 -1.65266667
v -0.02161220 0.07077367 -1.66033333
v -0.01202854 0.06692768 -1.65266667
v -0.02983113 0.06772078 -1.66033333
v -0.01985986 0.06503527 -1.65266667
v -0.03763130 0.06371723 -1.66033333
v -0.02741239 0.06222990 -1.65266667
v -0.04490321 0.05881923 -1.66033333
v -0.03458012 0.05855097 -1.65266667
v -0.05154478 0.05309554 -1.66033333
v -0.04126241 0.05405010 -1.65266667
v -0.05746277 0.04662650 -1.66033333
v -0.04736547 0.04879049 -1.65266667
v -0.06257410 0.03950293 -1.66033333
v -0.05280362 0.04284597 -1.65266667
v -0.06680704 0.03182482 -1.66033333
v -0.05750053 0.03629999 -1.65266667
v -0.07010215 0.02369997 -1.66033333
v -0.06139025 0.02924443 -1.65266667
v -0.07241318 0.01524242 -1.66033333
v -0.06441819 0.02177835 -1.65266667
v -0.07370769 0.00657090 -1.66033333
v -0.06654184 0.01400655 -1.65266667
v -0.07396750 -0.00219287 -1.66033333
v -0.06773139 0.00603812 -1.65266667
v -0.07318897 -0.01092585 -1.66033333
v -0.06797014 -0.00201507 -1.65266667
v -0.07138303 -0.01950545 -1.66033333
v -0.06725473 -0.01003997 -1.65266667
v -0.06857503 -0.02781124 -1.66033333
v -0.06559522 -0.01792393 -1.65266667
v -0.06480439 -0.03572662 -1.66033333
v -0.06301489 -0.02555628 -1.65266667
v -0.06012403 -0.04314048 -1.66033333
v -0.05954998 -0.03282987 -1.65266667
v -0.05459966 -0.04994874 -1.66033333
v -0.05524911 -0.03964260 -1.65266667
v -0.04830884 -0.05605583 -1.66033333
v -0.05017266 -0.04589884 -1.65266667
v -0.04133986 -0.06137602 -1.66033333
v -0.04439190 -0.05151076 -1.65266667
v -0.03379056 -0.06583462 -1.66033333
v -0.03798798 -0.05639959 -1.65266667
v -0.02576692 -0.06936905 -1.66033333
v -0.03105079 -0.06049668 -1.65266667
v -0.01738157 -0.07192970 -1.66033333
v -0.02367771 -0.06374454 -1.65266667
v -0.00875221 -0.07348060 -1.66033333
v -0.01597225 -0.06609756 -1.65266667
v -0.00804258 -0.06752271 -1.65266667
v 0.00000000 -0.07500000 -1.66800000
v 0.00448531 -0.07486576 -1.66800000
v 0.00895457 -0.07446352 -1.66800000
v 0.01339177 -0.07379472 -1.66800000
v 0.01778103 -0.07286175 -1.66800000
v 0.02210664 -0.07166796 -1.66800000
v 0.02635311 -0.07021762 -1.66800000
v 0.03050525 -0.06851591 -1.66800000
v 0.03454818 -0.06656893 -1.66800000
v 0.03846745 -0.06438366 -1.66800000
v 0.04224900 -0.06196791 -1.66800000
v 0.04587932 -0.05933033 -1.66800000
v 0.04934540 -0.05648036 -1.66800000
v 0.05263484 -0.05342821 -1.66800000
v 0.05573586 -0.05018480 -1.66800000
v 0.05863736 -0.04676174 -1.66800000
v 0.06132895 -0.04317128 -1.66800000
v 0.06380100 -0.03942628 -1.66800000
v 0.06604466 -0.03554015 -1.66800000
v 0.06805190 -0.03152679 -1.66800000
v 0.06981553 -0.02740058 -1.66800000
v 0.07132924 -0.02317627 -1.66800000
v 0.07258761 -0.01886901 -1.66800000
v 0.07358613 -0.01449419 -1.66800000
v 0.07432123 -0.01006749 -1.66800000
v 0.07479028 -0.00560476 -1.66800000
v 0.07499161 -0.00112196 -1.66800000
v 0.07492448 0.00336486 -1.66800000
v 0.07458914 0.00783963 -1.66800000
v 0.07398679 0.01228634 -1.66800000
v 0.07311959 0.01668907 -1.66800000
v 0.07199064 0.02103205 -1.66800000
v 0.07060398 0.02529975 -1.66800000
v 0.06896458 0.02947688 -1.66800000
v 0.06707831 0.03354849 -1.66800000
v 0.06495191 0.03750000 -1.66800000
v 0.06259299 0.04131727 -1.66800000
v 0.06001002 0.04498664 -1.66800000
v 0.05721222 0.04849497 -1.66800000
v 0.05420961 0.05182970 -1.66800000
v 0.05101296 0.05497889 -1.66800000
v 0.04763368 0.05793127 -1.66800000
v 0.04408389 0.06067627 -1.66800000
v 0.04037630 0.06320407 -1.66800000
v 0.03652416 0.06550562 -1.66800000
v 0.03254128 0.06757267 -1.66800000
v 0.02844191 0.06939782 -1.66800000
v 0.02424072 0.07097455 -1.66800000
v 0.01995276 0.07229721 -1.66800000
v 0.01559338 0.07336107 -1.66800000
v 0.01117817 0.07416231 -1.66800000
v 0.00672295 0.07469807 -1.66800000
v 0.00224366 0.07496643 -1.66800000
v -0.00224366 0.07496643 -1.66800000
v -0.00672295 0.07469807 -1.66800000
v -0.01117817 0.07416231 -1.66800000
v -0.01559338 0.07336107 -1.66800000
v -0.01995276 0.07229721 -1.66800000
v -0.02424072 0.07097455 -1.66800000
v -0.02844191 0.06939782 -1.66800000
v -0.03254128 0.06757267 -1.66800000
v -0.03652416 0.06550562 -1.66800000
v -0.04037630 0.06320407 -1.66800000
v -0.04408389 0.06067627 -1.66800000
v -0.04763368 0.05793127 -1.66800000
v -0.05101296 0.05497889 -1.66800000
v -0.05420961 0.05182970 -1.66800000
v -0.05721222 0.04849497 -1.66800000
v -0.06001002 0.04498664 -1.66800000
v -0.06259299 0.04131727 -1.66800000
v -0.06495191 0.03750000 -1.66800000
v -0.06707831 0.03354849 -1.66800000
v -0.06896458 0.02947688 -1.66800000
v -0.07060398 0.02529975 -1.66800000
v -0.07199064 0.02103205 -1.66800000
v -0.07311959 0.01668907 -1.66800000
v -0.07398679 0.01228634 -1.66800000
v -0.07458914 0.00783963 -1.66800000
v -0.07492448 0.00336486 -1.66800000
v -0.07499161 -0.00112196 -1.66800000
v -0.07479028 -0.00560476 -1.66800000
v -0.07432123 -0.01006749 -1.66800000
v -0.07358613 -0.01449419 -1.66800000
v -0.07258761 -0.01886901 -1.66800000
v -0.07132924 -0.02317627 -1.66800000
v -0.06981553 -0.02740058 -1.66800000
v -0.06805190 -0.03152679 -1.66800000
v -0.06604466 -0.03554015 -1.66800000
v -0.06380100 -0.03942628 -1.66800000
v -0.06132895 -0.04317128 -1.66800000
v -0.05863736 -0.04676174 -1.66800000
v -0.05573586 -0.05018480 -1.66800000
v -0.05263484 -0.05342821 -1.66800000
v -0.04934540 -0.05648036 -1.66800000
v -0.04587932 -0.05933033 -1.66800000
v -0.04224900 -0.06196791 -1.66800000
v -0.03846745 -0.06438366 -1.66800000
v -0.03454818 -0.06656893 -1.66800000
v -0.03050525 -0.06851591 -1.66800000
v -0.02635311 -0.07021762 -1.66800000
v -0.02210664 -0.07166796 -1.66800000
v -0.01778103 -0.07286175 -1.66800000
v -0.01339177 -0.07379472 -1.66800000
v -0.00895457 -0.07446352 -1.66800000
v -0.00448531 -0.07486576 -1.66800000
v 0.00000000 -0.05450000 -1.63500000
v 0.00000000 -0.04700000 -1.62500000
v 0.00000000 -0.03950000 -1.61500000
v 0.00000000 -0.03200000 -1.60500000
v 0.00191373 -0.03194272 -1.60500000
v 0.00382062 -0.03177110 -1.60500000
v 0.00571382 -0.03148575 -1.60500000
v 0.00758657 -0.03108768 -1.60500000
v 0.00943217 -0.03057833 -1.60500000
v 0.01124399 -0.02995952 -1.60500000
v 0.01301557 -0.02923345 -1.60500000
v 0.01474056 -0.02840275 -1.60500000
v 0.01641278 -0.02747036 -1.60500000
v 0.01802624 -0.02643964 -1.60500000
v 0.01957518 -0.02531427 -1.60500000
v 0.02105404 -0.02409829 -1.60500000
v 0.02245753 -0.02279604 -1.60500000
v 0.02378063 -0.02141218 -1.60500000
v 0.02501861 -0.01995167 -1.60500000
v 0.02616702 -0.01841975 -1.60500000
v 0.02722176 -0.01682188 -1.60500000
v 0.02817906 -0.01516380 -1.60500000
v 0.02903548 -0.01345143 -1.60500000
v 0.02978796 -0.01169091 -1.60500000
v 0.03043381 -0.00988854 -1.60500000
v 0.03097071 -0.00805078 -1.60500000
v 0.03139675 -0.00618419 -1.60500000
v 0.03171039 -0.00429546 -1.60500000
v 0.03191052 -0.00239136 -1.60500000
v 0.03199642 -0.00047870 -1.60500000
v 0.03196778 0.00143567 -1.60500000
v 0.03182470 0.00334491 -1.60500000
v 0.03156770 0.00524217 -1.60500000
v 0.03119769 0.00712067 -1.60500000
v 0.03071601 0.00897368 -1.60500000
v 0.03012437 0.01079456 -1.60500000
v 0.02942489 0.01257680 -1.60500000
v 0.02862008 0.01431402 -1.60500000
v 0.02771281 0.01600000 -1.60500000
v 0.02670634 0.01762870 -1.60500000
v 0.02560427 0.01919430 -1.60500000
v 0.02441055 0.02069119 -1.60500000
v 0.02312944 0.02211400 -1.60500000
v 0.02176553 0.02345766 -1.60500000
v 0.02032370 0.02471734 -1.60500000
v 0.01880913 0.02588854 -1.60500000
v 0.01722722 0.02696707 -1.60500000
v 0.01558364 0.02794906 -1.60500000
v 0.01388428 0.02883100 -1.60500000
v 0.01213521 0.02960974 -1.60500000
v 0.01034271 0.03028248 -1.60500000
v 0.00851318 0.03084681 -1.60500000
v 0.00665317 0.03130072 -1.60500000
v 0.00476935 0.03164259 -1.60500000
v 0.00286846 0.03187118 -1.60500000
v 0.00095729 0.03198568 -1.60500000
v -0.00095729 0.03198568 -1.60500000
v -0.00286846 0.03187118 -1.60500000
v -0.00476935 0.03164259 -1.60500000
v -0.00665317 0.03130072 -1.60500000
v -0.00851318 0.03084681 -1.60500000
v -0.01034271 0.03028248 -1.60500000
v -0.01213521 0.02960974 -1.60500000
v -0.01388428 0.02883100 -1.60500000
v -0.01558364 0.02794906 -1.60500000
v -0.01722722 0.02696707 -1.60500000
v -0.01880913 0.02588854 -1.60500000
v -0.02032370 0.02471734 -1.60500000
v -0.02176553 0.02345766 -1.60500000
v -0.02312944 0.02211400 -1.60500000
v -0.02441055 0.02069119 -1.60500000
v -0.02560427 0.01919430 -1.60500000
v -0.02670634 0.01762870 -1.60500000
v -0.02771281 0.01600000 -1.60500000
v -0.02862008 0.01431402 -1.60500000
v -0.02942489 0.01257680 -1.60500000
v -0.03012437 0.01079456 -1.60500000
v -0.03071601 0.00897368 -1.60500000
v -0.03119769 0.00712067 -1.60500000
v -0.03156770 0.00524217 -1.60500000
v -0.03182470 0.00334491 -1.60500000
v -0.03196778 0.00143567 -1.60500000
v -0.03199642 -0.00047870 -1.60500000
v -0.03191052 -0.00239136 -1.60500000
v -0.03171039 -0.00429546 -1.60500000
v -0.03139675 -0.00618419 -1.60500000
v -0.03097071 -0.00805078 -1.60500000
v -0.03043381 -0.00988854 -1.60500000
v -0.02978796 -0.01169091 -1.60500000
v -0.02903548 -0.01345143 -1.60500000
v -0.02817906 -0.01516380 -1.60500000
v -0.02722176 -0.01682188 -1.60500000
v -0.02616702 -0.01841975 -1.60500000
v -0.02501861 -0.01995167 -1.60500000
v -0.02378063 -0.02141218 -1.60500000
v -0.02245753 -0.02279604 -1.60500000
v -0.02105404 -0.02409829 -1.60500000
v -0.01957518 -0.02531427 -1.60500000
v -0.01802624 -0.02643964 -1.60500000
v -0.01641278 -0.02747036 -1.60500000
v -0.01474056 -0.02840275 -1.60500000
v -0.01301557 -0.02923345 -1.60500000
v -0.01124399 -0.02995952 -1.60500000
v -0.00943217 -0.03057833 -1.60500000
v -0.00758657 -0.03108768 -1.60500000
v -0.00571382 -0.03148575 -1.60500000
v -0.00382062 -0.03177110 -1.60500000
v -0.00191373 -0.03194272 -1.60500000
v 0.03741939 0.01265066 -1.61500000
v 0.04599216 0.00968100 -1.62500000
v 0.04452434 0.01505268 -1.62500000
v 0.03865298 0.00813616 -1.61500000
v 0.03307061 0.04331957 -1.63500000
v 0.03796203 0.03910415 -1.63500000
v 0.03649662 0.02961413 -1.62500000
v 0.04608498 0.02909337 -1.63500000
v 0.04232055 0.03433979 -1.63500000
v 0.03974301 0.02508970 -1.62500000
v 0.03566051 0.01698758 -1.61500000
v 0.04243150 0.02021306 -1.62500000
v 0.02771495 0.04692688 -1.63500000
v 0.03273790 0.03372284 -1.62500000
v 0.03340104 0.02108602 -1.61500000
v 0.02197023 0.04987544 -1.63500000
v 0.02851961 0.03735816 -1.62500000
v 0.03067269 0.02488847 -1.61500000
v 0.01591709 0.05212385 -1.63500000
v 0.02390096 0.04046905 -1.62500000
v 0.02751377 0.02834154 -1.61500000
v 0.00964052 0.05364057 -1.63500000
v 0.01894680 0.04301184 -1.62500000
v 0.02396861 0.03139675 -1.61500000
v 0.00322861 0.05440428 -1.63500000
v 0.01372667 0.04495085 -1.62500000
v 0.02008698 0.03401122 -1.61500000
v -0.00322861 0.05440428 -1.63500000
v 0.00831384 0.04625884 -1.62500000
v 0.01592338 0.03614825 -1.61500000
v -0.00964052 0.05364057 -1.63500000
v 0.00278431 0.04691746 -1.62500000
v 0.01153624 0.03777784 -1.61500000
v -0.01591709 0.05212385 -1.63500000
v -0.00278431 0.04691746 -1.62500000
v 0.00698717 0.03887711 -1.61500000
v -0.02197023 0.04987544 -1.63500000
v -0.00831384 0.04625884 -1.62500000
v 0.00234000 0.03943063 -1.61500000
v -0.02771495 0.04692688 -1.63500000
v -0.01372667 0.04495085 -1.62500000
v -0.00234000 0.03943063 -1.61500000
v -0.03307061 0.04331957 -1.63500000
v -0.01894680 0.04301184 -1.62500000
v -0.00698717 0.03887711 -1.61500000
v -0.03796203 0.03910415 -1.63500000
v -0.02390096 0.04046905 -1.62500000
v -0.01153624 0.03777784 -1.61500000
v -0.04232055 0.03433979 -1.63500000
v -0.02851961 0.03735816 -1.62500000
v -0.01592338 0.03614825 -1.61500000
v -0.04608498 0.02909337 -1.63500000
v -0.03273790 0.03372284 -1.62500000
v -0.02008698 0.03401122 -1.61500000
v -0.04920248 0.02343855 -1.63500000
v -0.03649662 0.02961413 -1.62500000
v -0.02396861 0.03139675 -1.61500000
v -0.05162929 0.01745471 -1.63500000
v -0.03974301 0.02508970 -1.62500000
v -0.02751377 0.02834154 -1.61500000
v -0.05333133 0.01122583 -1.63500000
v -0.04243150 0.02021306 -1.62500000
v -0.03067269 0.02488847 -1.61500000
v -0.05428472 0.00483938 -1.63500000
v -0.04452434 0.01505268 -1.62500000
v -0.03340104 0.02108602 -1.61500000
v -0.05447607 -0.00161502 -1.63500000
v -0.04599216 0.00968100 -1.62500000
v -0.03566051 0.01698758 -1.61500000
v -0.05390269 -0.00804674 -1.63500000
v -0.04681434 0.00417341 -1.62500000
v -0.03741939 0.01265066 -1.61500000
v -0.05257264 -0.01436550 -1.63500000
v -0.04697936 -0.00139277 -1.62500000
v -0.03865298 0.00813616 -1.61500000
v -0.05050458 -0.02048260 -1.63500000
v -0.04648489 -0.00693939 -1.62500000
v -0.03934397 0.00350744 -1.61500000
v -0.04772755 -0.02631218 -1.63500000
v -0.04533787 -0.01238860 -1.62500000
v -0.03948265 -0.00117052 -1.61500000
v -0.04428053 -0.03177238 -1.63500000
v -0.04355441 -0.01766390 -1.62500000
v -0.03906709 -0.00583204 -1.61500000
v -0.04021191 -0.03678657 -1.63500000
v -0.04115954 -0.02269123 -1.62500000
v -0.03810311 -0.01041169 -1.61500000
v -0.03557881 -0.04128436 -1.63500000
v -0.03818688 -0.02740004 -1.62500000
v -0.03660424 -0.01484519 -1.61500000
v -0.03044625 -0.04520261 -1.63500000
v -0.03467816 -0.03172420 -1.62500000
v -0.03459153 -0.01907029 -1.61500000
v -0.02488629 -0.04848631 -1.63500000
v -0.03068264 -0.03560303 -1.62500000
v -0.03209323 -0.02302769 -1.61500000
v -0.01897699 -0.05108937 -1.63500000
v -0.02625640 -0.03898207 -1.62500000
v -0.02914441 -0.02666183 -1.61500000
v -0.01280129 -0.05297525 -1.63500000
v -0.02146157 -0.04181388 -1.62500000
v -0.02578647 -0.02992169 -1.61500000
v -0.00644589 -0.05411747 -1.63500000
v -0.01636548 -0.04405872 -1.62500000
v -0.02206655 -0.03276152 -1.61500000
v -0.01103964 -0.04568508 -1.62500000
v -0.01803685 -0.03514146 -1.61500000
v -0.00555884 -0.04667011 -1.62500000
v -0.01375396 -0.03702808 -1.61500000
v -0.00927800 -0.03839491 -1.61500000
v -0.00467179 -0.03922275 -1.61500000
v 0.00644589 -0.05411747 -1.63500000
v 0.01280129 -0.05297525 -1.63500000
v 0.01897699 -0.05108937 -1.63500000
v 0.00555884 -0.04667011 -1.62500000
v 0.02488629 -0.04848631 -1.63500000
v 0.01103964 -0.04568508 -1.62500000
v 0.03044625 -0.04520261 -1.63500000
v 0.01636548 -0.04405872 -1.62500000
v 0.00467179 -0.03922275 -1.61500000
v 0.03557881 -0.04128436 -1.63500000
v 0.02146157 -0.04181388 -1.62500000
v 0.00927800 -0.03839491 -1.61500000
v 0.04021191 -0.03678657 -1.63500000
v 0.02625640 -0.03898207 -1.62500000
v 0.01375396 -0.03702808 -1.61500000
v 0.04428053 -0.03177238 -1.63500000
v 0.03068264 -0.03560303 -1.62500000
v 0.01803685 -0.03514146 -1.61500000
v 0.04772755 -0.02631218 -1.63500000
v 0.03467816 -0.03172420 -1.62500000
v 0.02206655 -0.03276152 -1.61500000
v 0.05050458 -0.02048260 -1.63500000
v 0.03818688 -0.02740004 -1.62500000
v 0.02578647 -0.02992169 -1.61500000
v 0.05257264 -0.01436550 -1.63500000
v 0.04115954 -0.02269123 -1.62500000
v 0.02914441 -0.02666183 -1.61500000
v 0.05390269 -0.00804674 -1.63500000
v 0.04355441 -0.01766390 -1.62500000
v 0.03209323 -0.02302769 -1.61500000
v 0.05447607 -0.00161502 -1.63500000
v 0.04533787 -0.01238860 -1.62500000
v 0.03459153 -0.01907029 -1.61500000
v 0.05428472 0.00483938 -1.63500000
v 0.04648489 -0.00693939 -1.62500000
v 0.03660424 -0.01484519 -1.61500000
v 0.05333133 0.01122583 -1.63500000
v 0.04697936 -0.00139277 -1.62500000
v 0.03810311 -0.01041169 -1.61500000
v 0.05162929 0.01745471 -1.63500000
v 0.04681434 0.00417341 -1.62500000
v 0.03906709 -0.00583204 -1.61500000
v 0.04920248 0.02343855 -1.63500000
v 0.03948265 -0.00117052 -1.61500000
v 0.03934397 0.00350744 -1.61500000
v 0.00000000 -0.06900000 -1.66033333
v 0.00000000 -0.06300000 -1.65266667
v 0.00000000 -0.05700000 -1.64500000
v 0.00340884 -0.05689798 -1.64500000
v 0.00680547 -0.05659227 -1.64500000
v 0.01017774 -0.05608399 -1.64500000
v 0.01351358 -0.05537493 -1.64500000
v 0.01680104 -0.05446765 -1.64500000
v 0.02002836 -0.05336539 -1.64500000
v 0.02318399 -0.05207209 -1.64500000
v 0.02625662 -0.05059239 -1.64500000
v 0.02923526 -0.04893158 -1.64500000
v 0.03210924 -0.04709561 -1.64500000
v 0.03486829 -0.04509105 -1.64500000
v 0.03750251 -0.04292507 -1.64500000
v 0.04000248 -0.04060544 -1.64500000
v 0.04235926 -0.03814044 -1.64500000
v 0.04456439 -0.03553892 -1.64500000
v 0.04661000 -0.03281017 -1.64500000
v 0.04848876 -0.02996397 -1.64500000
v 0.05019395 -0.02701051 -1.64500000
v 0.05171945 -0.02396036 -1.64500000
v 0.05305980 -0.02082444 -1.64500000
v 0.05421022 -0.01761397 -1.64500000
v 0.05516658 -0.01434045 -1.64500000
v 0.05592546 -0.01101559 -1.64500000
v 0.05648414 -0.00765130 -1.64500000
v 0.05684062 -0.00425962 -1.64500000
v 0.05699362 -0.00085269 -1.64500000
v 0.05694260 0.00255730 -1.64500000
v 0.05668775 0.00595812 -1.64500000
v 0.05622996 0.00933762 -1.64500000
v 0.05557089 0.01268369 -1.64500000
v 0.05471289 0.01598436 -1.64500000
v 0.05365903 0.01922781 -1.64500000
v 0.05241308 0.02240243 -1.64500000
v 0.05097951 0.02549685 -1.64500000
v 0.04936345 0.02850000 -1.64500000
v 0.04757068 0.03140113 -1.64500000
v 0.04560761 0.03418985 -1.64500000
v 0.04348129 0.03685618 -1.64500000
v 0.04119931 0.03939057 -1.64500000
v 0.03876985 0.04178396 -1.64500000
v 0.03620160 0.04402777 -1.64500000
v 0.03350376 0.04611397 -1.64500000
v 0.03068599 0.04803509 -1.64500000
v 0.02775836 0.04978427 -1.64500000
v 0.02473137 0.05135523 -1.64500000
v 0.02161585 0.05274235 -1.64500000
v 0.01842295 0.05394066 -1.64500000
v 0.01516410 0.05494588 -1.64500000
v 0.01185097 0.05575441 -1.64500000
v 0.00849541 0.05636336 -1.64500000
v 0.00510944 0.05677053 -1.64500000
v 0.00170518 0.05697449 -1.64500000
v -0.00170518 0.05697449 -1.64500000
v -0.00510944 0.05677053 -1.64500000
v -0.00849541 0.05636336 -1.64500000
v -0.01185097 0.05575441 -1.64500000
v -0.01516410 0.05494588 -1.64500000
v -0.01842295 0.05394066 -1.64500000
v -0.02161585 0.05274235 -1.64500000
v -0.02473137 0.05135523 -1.64500000
v -0.02775836 0.04978427 -1.64500000
v -0.03068599 0.04803509 -1.64500000
v -0.03350376 0.04611397 -1.64500000
v -0.03620160 0.04402777 -1.64500000
v -0.03876985 0.04178396 -1.64500000
v -0.04119931 0.03939057 -1.64500000
v -0.04348129 0.03685618 -1.64500000
v -0.04560761 0.03418985 -1.64500000
v -0.04757068 0.03140113 -1.64500000
v -0.04936345 0.02850000 -1.64500000
v -0.05097951 0.02549685 -1.64500000
v -0.05241308 0.02240243 -1.64500000
v -0.05365903 0.01922781 -1.64500000
v -0.05471289 0.01598436 -1.64500000
v -0.05557089 0.01268369 -1.64500000
v -0.05622996 0.00933762 -1.64500000
v -0.05668775 0.00595812 -1.64500000
v -0.05694260 0.00255730 -1.64500000
v -0.05699362 -0.00085269 -1.64500000
v -0.05684062 -0.00425962 -1.64500000
v -0.05648414 -0.00765130 -1.64500000
v -0.05592546 -0.01101559 -1.64500000
v -0.05516658 -0.01434045 -1.64500000
v -0.05421022 -0.01761397 -1.64500000
v -0.05305980 -0.02082444 -1.64500000
v -0.05171945 -0.02396036 -1.64500000
v -0.05019395 -0.02701051 -1.64500000
v -0.04848876 -0.02996397 -1.64500000
v -0.04661000 -0.03281017 -1.64500000
v -0.04456439 -0.03553892 -1.64500000
v -0.04235926 -0.03814044 -1.64500000
v -0.04000248 -0.04060544 -1.64500000
v -0.03750251 -0.04292507 -1.64500000
v -0.03486829 -0.04509105 -1.64500000
v -0.03210924 -0.04709561 -1.64500000
v -0.02923526 -0.04893158 -1.64500000
v -0.02625662 -0.05059239 -1.64500000
v -0.02318399 -0.05207209 -1.64500000
v -0.02002836 -0.05336539 -1.64500000
v -0.01680104 -0.05446765 -1.64500000
v -0.01351358 -0.05537493 -1.64500000
v -0.01017774 -0.05608399 -1.64500000
v -0.00680547 -0.05659227 -1.64500000
v -0.00340884 -0.05689798 -1.64500000
v 0.00816085 -0.06851570 -1.66033333
v 0.01620714 -0.06706958 -1.66033333
v 0.00745121 -0.06255781 -1.65266667
v 0.02402591 -0.06468196 -1.66033333
v 0.01479782 -0.06123744 -1.65266667
v 0.03150742 -0.06138634 -1.66033333
v 0.02193670 -0.05905744 -1.65266667
v 0.03854663 -0.05722899 -1.66033333
v 0.02876764 -0.05604840 -1.65266667
v 0.04504473 -0.05226828 -1.66033333
v 0.03519475 -0.05225256 -1.65266667
v 0.05091050 -0.04657383 -1.66033333
v 0.04112779 -0.04772321 -1.65266667
v 0.05606159 -0.04022558 -1.66033333
v 0.04648350 -0.04252393 -1.65266667
v 0.06042571 -0.03331266 -1.66033333
v 0.05118667 -0.03672771 -1.65266667
v 0.06394158 -0.02593210 -1.66033333
v 0.05517130 -0.03041591 -1.65266667
v 0.06655986 -0.01818751 -1.66033333
v 0.05838145 -0.02367714 -1.65266667
v 0.06824377 -0.01018761 -1.66033333
v 0.06077204 -0.01660599 -1.65266667
v 0.06896970 -0.00204470 -1.66033333
v 0.06230953 -0.00930173 -1.65266667
v 0.06872744 0.00612692 -1.66033333
v 0.06297233 -0.00186690 -1.65266667
v 0.06752040 0.01421252 -1.66033333
v 0.06275114 0.00559414 -1.65266667
v 0.06536552 0.02209862 -1.66033333
v 0.06164906 0.01297665 -1.65266667
v 0.06229305 0.02967450 -1.66033333
v 0.05968156 0.02017700 -1.65266667
v 0.05834612 0.03683381 -1.66033333
v 0.05687626 0.02709411 -1.65266667
v 0.05358015 0.04347606 -1.66033333
v 0.05327255 0.03363087 -1.65266667
v 0.04806202 0.04950800 -1.66033333
v 0.04892100 0.03969553 -1.65266667
v 0.04186921 0.05484496 -1.66033333
v 0.04388271 0.04520296 -1.65266667
v 0.03508865 0.05941201 -1.66033333
v 0.03822841 0.05007583 -1.65266667
v 0.02781552 0.06314505 -1.66033333
v 0.03203746 0.05424575 -1.65266667
v 0.02015192 0.06599167 -1.66033333
v 0.02539678 0.05765417 -1.65266667
v 0.01220543 0.06791191 -1.66033333
v 0.01839958 0.06025326 -1.65266667
v 0.00408760 0.06887882 -1.66033333
v 0.01114409 0.06200653 -1.65266667
v -0.00408760 0.06887882 -1.66033333
v 0.00373216 0.06288936 -1.65266667
v -0.01220543 0.06791191 -1.66033333
v -0.00373216 0.06288936 -1.65266667
v -0.02015192 0.06599167 -1.66033333
v -0.01114409 0.06200653 -1.65266667
v -0.02781552 0.06314505 -1.66033333
v -0.01839958 0.06025326 -1.65266667
v -0.03508865 0.05941201 -1.66033333
v -0.02539678 0.05765417 -1.65266667
v -0.04186921 0.05484496 -1.66033333
v -0.03203746 0.05424575 -1.65266667
v -0.04806202 0.04950800 -1.66033333
v -0.03822841 0.05007583 -1.65266667
v -0.05358015 0.04347606 -1.66033333
v -0.04388271 0.04520296 -1.65266667
v -0.05834612 0.03683381 -1.66033333
v -0.04892100 0.03969553 -1.65266667
v -0.06229305 0.02967450 -1.66033333
v -0.05327255 0.03363087 -1.65266667
v -0.06536552 0.02209862 -1.66033333
v -0.05687626 0.02709411 -1.65266667
v -0.06752040 0.01421252 -1.66033333
v -0.05968156 0.02017700 -1.65266667
v -0.06872744 0.00612692 -1.66033333
v -0.06164906 0.01297665 -1.65266667
v -0.06896970 -0.00204470 -1.66033333
v -0.06275114 0.00559414 -1.65266667
v -0.06824377 -0.01018761 -1.66033333
v -0.06297233 -0.00186690 -1.65266667
v -0.06655986 -0.01818751 -1.66033333
v -0.06230953 -0.00930173 -1.65266667
v -0.06394158 -0.02593210 -1.66033333
v -0.06077204 -0.01660599 -1.65266667
v -0.06042571 -0.03331266 -1.66033333
v -0.05838145 -0.02367714 -1.65266667
v -0.05606159 -0.04022558 -1.66033333
v -0.05517130 -0.03041591 -1.65266667
v -0.05091050 -0.04657383 -1.66033333
v -0.05118667 -0.03672771 -1.65266667
v -0.04504473 -0.05226828 -1.66033333
v -0.04648350 -0.04252393 -1.65266667
v -0.03854663 -0.05722899 -1.66033333
v -0.04112779 -0.04772321 -1.65266667
v -0.03150742 -0.06138634 -1.66033333
v -0.03519475 -0.05225256 -1.65266667
v -0.02402591 -0.06468196 -1.66033333
v -0.02876764 -0.05604840 -1.65266667
v -0.01620714 -0.06706958 -1.66033333
v -0.02193670 -0.05905744 -1.65266667
v -0.00816085 -0.06851570 -1.66033333
v -0.01479782 -0.06123744 -1.65266667
v -0.00745121 -0.06255781 -1.65266667
v 0.00000000 -0.03075000 -1.60000000
v 0.00000000 -0.02950000 -1.59500000
v 0.00000000 -0.02825000 -1.59000000
v 0.00000000 -0.02700000 -1.58500000
v 0.00161471 -0.02695167 -1.58500000
v 0.00322364 -0.02680687 -1.58500000
v 0.00482104 -0.02656610 -1.58500000
v 0.00640117 -0.02623023 -1.58500000
v 0.00795839 -0.02580047 -1.58500000
v 0.00948712 -0.02527834 -1.58500000
v 0.01098189 -0.02466573 -1.58500000
v 0.01243735 -0.02396482 -1.58500000
v 0.01384828 -0.02317812 -1.58500000
v 0.01520964 -0.02230845 -1.58500000
v 0.01651656 -0.02135892 -1.58500000
v 0.01776435 -0.02033293 -1.58500000
v 0.01894854 -0.01923415 -1.58500000
v 0.02006491 -0.01806653 -1.58500000
v 0.02110945 -0.01683422 -1.58500000
v 0.02207842 -0.01554166 -1.58500000
v 0.02296836 -0.01419346 -1.58500000
v 0.02377608 -0.01279445 -1.58500000
v 0.02449868 -0.01134965 -1.58500000
v 0.02513359 -0.00986421 -1.58500000
v 0.02567853 -0.00834346 -1.58500000
v 0.02613154 -0.00679284 -1.58500000
v 0.02649101 -0.00521791 -1.58500000
v 0.02675564 -0.00362430 -1.58500000
v 0.02692450 -0.00201771 -1.58500000
v 0.02699698 -0.00040390 -1.58500000
v 0.02697281 0.00121135 -1.58500000
v 0.02685209 0.00282227 -1.58500000
v 0.02663525 0.00442308 -1.58500000
v 0.02632305 0.00600807 -1.58500000
v 0.02591663 0.00757154 -1.58500000
v 0.02541743 0.00910791 -1.58500000
v 0.02482725 0.01061168 -1.58500000
v 0.02414819 0.01207746 -1.58500000
v 0.02338269 0.01350000 -1.58500000
v 0.02253348 0.01487422 -1.58500000
v 0.02160361 0.01619519 -1.58500000
v 0.02059640 0.01745819 -1.58500000
v 0.01951546 0.01865869 -1.58500000
v 0.01836466 0.01979240 -1.58500000
v 0.01714813 0.02085526 -1.58500000
v 0.01587020 0.02184346 -1.58500000
v 0.01453547 0.02275347 -1.58500000
v 0.01314870 0.02358202 -1.58500000
v 0.01171486 0.02432616 -1.58500000
v 0.01023909 0.02498322 -1.58500000
v 0.00872666 0.02555084 -1.58500000
v 0.00718299 0.02602700 -1.58500000
v 0.00561362 0.02640999 -1.58500000
v 0.00402414 0.02669843 -1.58500000
v 0.00242026 0.02689131 -1.58500000
v 0.00080772 0.02698792 -1.58500000
v -0.00080772 0.02698792 -1.58500000
v -0.00242026 0.02689131 -1.58500000
v -0.00402414 0.02669843 -1.58500000
v -0.00561362 0.02640999 -1.58500000
v -0.00718299 0.02602700 -1.58500000
v -0.00872666 0.02555084 -1.58500000
v -0.01023909 0.02498322 -1.58500000
v -0.01171486 0.02432616 -1.58500000
v -0.01314870 0.02358202 -1.58500000
v -0.01453547 0.02275347 -1.58500000
v -0.01587020 0.02184346 -1.58500000
v -0.01714813 0.02085526 -1.58500000
v -0.01836466 0.01979240 -1.58500000
v -0.01951546 0.01865869 -1.58500000
v -0.02059640 0.01745819 -1.58500000
v -0.02160361 0.01619519 -1.58500000
v -0.02253348 0.01487422 -1.58500000
v -0.02338269 0.01350000 -1.58500000
v -0.02414819 0.01207746 -1.58500000
v -0.02482725 0.01061168 -1.58500000
v -0.02541743 0.00910791 -1.58500000
v -0.02591663 0.00757154 -1.58500000
v -0.02632305 0.00600807 -1.58500000
v -0.02663525 0.00442308 -1.58500000
v -0.02685209 0.00282227 -1.58500000
v -0.02697281 0.00121135 -1.58500000
v -0.02699698 -0.00040390 -1.58500000
v -0.02692450 -0.00201771 -1.58500000
v -0.02675564 -0.00362430 -1.58500000
v -0.02649101 -0.00521791 -1.58500000
v -0.02613154 -0.00679284 -1.58500000
v -0.02567853 -0.00834346 -1.58500000
v -0.02513359 -0.00986421 -1.58500000
v -0.02449868 -0.01134965 -1.58500000
v -0.02377608 -0.01279445 -1.58500000
v -0.02296836 -0.01419346 -1.58500000
v -0.02207842 -0.01554166 -1.58500000
v -0.02110945 -0.01683422 -1.58500000
v -0.02006491 -0.01806653 -1.58500000
v -0.01894854 -0.01923415 -1.58500000
v -0.01776435 -0.02033293 -1.58500000
v -0.01651656 -0.02135892 -1.58500000
v -0.01520964 -0.02230845 -1.58500000
v -0.01384828 -0.02317812 -1.58500000
v -0.01243735 -0.02396482 -1.58500000
v -0.01098189 -0.02466573 -1.58500000
v -0.00948712 -0.02527834 -1.58500000
v -0.00795839 -0.02580047 -1.58500000
v -0.00640117 -0.02623023 -1.58500000
v -0.00482104 -0.02656610 -1.58500000
v -0.00322364 -0.02680687 -1.58500000
v -0.00161471 -0.02695167 -1.58500000
v -0.02794613 0.00944796 -1.59500000
v -0.02663254 0.01268692 -1.59500000
v -0.02776103 0.01322450 -1.60000000
v -0.02550404 0.01214934 -1.59000000
v -0.02388809 0.01508051 -1.59000000
v -0.02494508 0.01574779 -1.59500000
v -0.03062853 0.00273047 -1.60000000
v -0.03009061 0.00633384 -1.60000000
v -0.02886742 0.00607637 -1.59500000
v -0.02913029 0.00984830 -1.60000000
v -0.02676197 0.00904762 -1.59000000
v -0.03073650 -0.00091122 -1.60000000
v -0.02938347 0.00261948 -1.59500000
v -0.02764422 0.00581890 -1.59000000
v -0.03041299 -0.00454013 -1.60000000
v -0.02948704 -0.00087418 -1.59500000
v -0.02813841 0.00250848 -1.59000000
v -0.02966254 -0.00810531 -1.60000000
v -0.02917669 -0.00435557 -1.59500000
v -0.02823759 -0.00083714 -1.59000000
v -0.02849571 -0.01155670 -1.60000000
v -0.02845675 -0.00777582 -1.59500000
v -0.02794039 -0.00417102 -1.59000000
v -0.02692885 -0.01484586 -1.60000000
v -0.02733734 -0.01108691 -1.59500000
v -0.02725096 -0.00744634 -1.59000000
v -0.02498397 -0.01792662 -1.60000000
v -0.02583418 -0.01424237 -1.59500000
v -0.02617898 -0.01061713 -1.59000000
v -0.02268837 -0.02075573 -1.60000000
v -0.02396836 -0.01719789 -1.59500000
v -0.02473951 -0.01363888 -1.59000000
v -0.02007428 -0.02329347 -1.60000000
v -0.02176608 -0.01991200 -1.59500000
v -0.02295275 -0.01646917 -1.59000000
v -0.01717839 -0.02550422 -1.60000000
v -0.01925825 -0.02234658 -1.59500000
v -0.02084379 -0.01906827 -1.59000000
v -0.01404135 -0.02735696 -1.60000000
v -0.01648008 -0.02446747 -1.59500000
v -0.01844222 -0.02139969 -1.59000000
v -0.01070720 -0.02882565 -1.60000000
v -0.01347056 -0.02624488 -1.59500000
v -0.01578177 -0.02343071 -1.59000000
v -0.00722275 -0.02988970 -1.60000000
v -0.01027195 -0.02765388 -1.59500000
v -0.01289978 -0.02513281 -1.59000000
v -0.00363690 -0.03053417 -1.60000000
v -0.00692914 -0.02867468 -1.59500000
v -0.00983670 -0.02648211 -1.59000000
v -0.00348906 -0.02929294 -1.59500000
v -0.00663553 -0.02745965 -1.59000000
v -0.00334122 -0.02805172 -1.59000000
v 0.00363690 -0.03053417 -1.60000000
v 0.00722275 -0.02988970 -1.60000000
v 0.00348906 -0.02929294 -1.59500000
v 0.01070720 -0.02882565 -1.60000000
v 0.00692914 -0.02867468 -1.59500000
v 0.00334122 -0.02805172 -1.59000000
v 0.01404135 -0.02735696 -1.60000000
v 0.01027195 -0.02765388 -1.59500000
v 0.00663553 -0.02745965 -1.59000000
v 0.01717839 -0.02550422 -1.60000000
v 0.01347056 -0.02624488 -1.59500000
v 0.00983670 -0.02648211 -1.59000000
v 0.02007428 -0.02329347 -1.60000000
v 0.01648008 -0.02446747 -1.59500000
v 0.01289978 -0.02513281 -1.59000000
v 0.02268837 -0.02075573 -1.60000000
v 0.01925825 -0.02234658 -1.59500000
v 0.01578177 -0.02343071 -1.59000000
v 0.02498397 -0.01792662 -1.60000000
v 0.02176608 -0.01991200 -1.59500000
v 0.01844222 -0.02139969 -1.59000000
v 0.02692885 -0.01484586 -1.60000000
v 0.02396836 -0.01719789 -1.59500000
v 0.02084379 -0.01906827 -1.59000000
v 0.02849571 -0.01155670 -1.60000000
v 0.02583418 -0.01424237 -1.59500000
v 0.02295275 -0.01646917 -1.59000000
v 0.02966254 -0.00810531 -1.60000000
v 0.02733734 -0.01108691 -1.59500000
v 0.02473951 -0.01363888 -1.59000000
v 0.03041299 -0.00454013 -1.60000000
v 0.02845675 -0.00777582 -1.59500000
v 0.02617898 -0.01061713 -1.59000000
v 0.03073650 -0.00091122 -1.60000000
v 0.02917669 -0.00435557 -1.59500000
v 0.02725096 -0.00744634 -1.59000000
v 0.03062853 0.00273047 -1.60000000
v 0.02948704 -0.00087418 -1.59500000
v 0.02794039 -0.00417102 -1.59000000
v 0.03009061 0.00633384 -1.60000000
v 0.02938347 0.00261948 -1.59500000
v 0.02823759 -0.00083714 -1.59000000
v 0.02913029 0.00984830 -1.60000000
v 0.02886742 0.00607637 -1.59500000
v 0.02813841 0.00250848 -1.59000000
v 0.02776103 0.01322450 -1.60000000
v 0.02794613 0.00944796 -1.59500000
v 0.02764422 0.00581890 -1.59000000
v 0.02600208 0.01641507 -1.60000000
v 0.02663254 0.01268692 -1.59500000
v 0.02676197 0.00904762 -1.59000000
v 0.02387811 0.01937520 -1.60000000
v 0.02494508 0.01574779 -1.59500000
v 0.02550404 0.01214934 -1.59000000
v 0.02141894 0.02206335 -1.60000000
v 0.02290745 0.01858759 -1.59500000
v 0.02388809 0.01508051 -1.59000000
v 0.01865910 0.02444177 -1.60000000
v 0.02054826 0.02116646 -1.59500000
v 0.02193680 0.01779998 -1.59000000
v 0.01563733 0.02647709 -1.60000000
v 0.01790060 0.02344821 -1.59500000
v 0.01967757 0.02026958 -1.59000000
v 0.01239605 0.02814073 -1.60000000
v 0.01500167 0.02540079 -1.59500000
v 0.01714210 0.02245464 -1.59000000
v 0.00898075 0.02940933 -1.60000000
v 0.01189214 0.02699680 -1.59500000
v 0.01436600 0.02432448 -1.59000000
v 0.00543938 0.03026509 -1.60000000
v 0.00861567 0.02821383 -1.59500000
v 0.01138824 0.02585286 -1.59000000
v 0.00182165 0.03069599 -1.60000000
v 0.00521826 0.02903480 -1.59500000
v 0.00825060 0.02701833 -1.59000000
v -0.00182165 0.03069599 -1.60000000
v 0.00174760 0.02944819 -1.59500000
v 0.00499715 0.02780451 -1.59000000
v -0.00543938 0.03026509 -1.60000000
v -0.00174760 0.02944819 -1.59500000
v 0.00167355 0.02820039 -1.59000000
v -0.00898075 0.02940933 -1.60000000
v -0.00521826 0.02903480 -1.59500000
v -0.00167355 0.02820039 -1.59000000
v -0.01239605 0.02814073 -1.60000000
v -0.00861567 0.02821383 -1.59500000
v -0.00499715 0.02780451 -1.59000000
v -0.01563733 0.02647709 -1.60000000
v -0.01189214 0.02699680 -1.59500000
v -0.00825060 0.02701833 -1.59000000
v -0.01865910 0.02444177 -1.60000000
v -0.01500167 0.02540079 -1.59500000
v -0.01138824 0.02585286 -1.59000000
v -0.02141894 0.02206335 -1.60000000
v -0.01790060 0.02344821 -1.59500000
v -0.01436600 0.02432448 -1.59000000
v -0.02387811 0.01937520 -1.60000000
v -0.02054826 0.02116646 -1.59500000
v -0.01714210 0.02245464 -1.59000000
v -0.02600208 0.01641507 -1.60000000
v -0.02290745 0.01858759 -1.59500000
v -0.01967757 0.02026958 -1.59000000
v -0.02193680 0.01779998 -1.59000000
v 0.00000000 -0.04950000 -1.63500000
v 0.00000000 -0.04200000 -1.62500000
v 0.00000000 -0.03450000 -1.61500000
v 0.00000000 -0.02700000 -1.60500000
v 0.00161471 -0.02695167 -1.60500000
v 0.00322364 -0.02680687 -1.60500000
v 0.00482104 -0.02656610 -1.60500000
v 0.00640117 -0.02623023 -1.60500000
v 0.00795839 -0.02580047 -1.60500000
v 0.00948712 -0.02527834 -1.60500000
v 0.01098189 -0.02466573 -1.60500000
v 0.01243735 -0.02396482 -1.60500000
v 0.01384828 -0.02317812 -1.60500000
v 0.01520964 -0.02230845 -1.60500000
v 0.01651656 -0.02135892 -1.60500000
v 0.01776435 -0.02033293 -1.60500000
v 0.01894854 -0.01923415 -1.60500000
v 0.02006491 -0.01806653 -1.60500000
v 0.02110945 -0.01683422 -1.60500000
v 0.02207842 -0.01554166 -1.60500000
v 0.02296836 -0.01419346 -1.60500000
v 0.02377608 -0.01279445 -1.60500000
v 0.02449868 -0.01134965 -1.60500000
v 0.02513359 -0.00986421 -1.60500000
v 0.02567853 -0.00834346 -1.60500000
v 0.02613154 -0.00679284 -1.60500000
v 0.02649101 -0.00521791 -1.60500000
v 0.02675564 -0.00362430 -1.60500000
v 0.02692450 -0.00201771 -1.60500000
v 0.02699698 -0.00040390 -1.60500000
v 0.02697281 0.00121135 -1.60500000
v 0.02685209 0.00282227 -1.60500000
v 0.02663525 0.00442308 -1.60500000
v 0.02632305 0.00600807 -1.60500000
v 0.02591663 0.00757154 -1.60500000
v 0.02541743 0.00910791 -1.60500000
v 0.02482725 0.01061168 -1.60500000
v 0.02414819 0.01207746 -1.60500000
v 0.02338269 0.01350000 -1.60500000
v 0.02253348 0.01487422 -1.60500000
v 0.02160361 0.01619519 -1.60500000
v 0.02059640 0.01745819 -1.60500000
v 0.01951546 0.01865869 -1.60500000
v 0.01836466 0.01979240 -1.60500000
v 0.01714813 0.02085526 -1.60500000
v 0.01587020 0.02184346 -1.60500000
v 0.01453547 0.02275347 -1.60500000
v 0.01314870 0.02358202 -1.60500000
v 0.01171486 0.02432616 -1.60500000
v 0.01023909 0.02498322 -1.60500000
v 0.00872666 0.02555084 -1.60500000
v 0.00718299 0.02602700 -1.60500000
v 0.00561362 0.02640999 -1.60500000
v 0.00402414 0.02669843 -1.60500000
v 0.00242026 0.02689131 -1.60500000
v 0.00080772 0.02698792 -1.60500000
v -0.00080772 0.02698792 -1.60500000
v -0.00242026 0.02689131 -1.60500000
v -0.00402414 0.02669843 -1.60500000
v -0.00561362 0.02640999 -1.60500000
v -0.00718299 0.02602700 -1.60500000
v -0.00872666 0.02555084 -1.60500000
v -0.01023909 0.02498322 -1.60500000
v -0.01171486 0.02432616 -1.60500000
v -0.01314870 0.02358202 -1.60500000
v -0.01453547 0.02275347 -1.60500000
v -0.01587020 0.02184346 -1.60500000
v -0.01714813 0.02085526 -1.60500000
v -0.01836466 0.01979240 -1.60500000
v -0.01951546 0.01865869 -1.60500000
v -0.02059640 0.01745819 -1.60500000
v -0.02160361 0.01619519 -1.60500000
v -0.02253348 0.01487422 -1.60500000
v -0.02338269 0.01350000 -1.60500000
v -0.02414819 0.01207746 -1.60500000
v -0.02482725 0.01061168 -1.60500000
v -0.02541743 0.00910791 -1.60500000
v -0.02591663 0.00757154 -1.60500000
v -0.02632305 0.00600807 -1.60500000
v -0.02663525 0.00442308 -1.60500000
v -0.02685209 0.00282227 -1.60500000
v -0.02697281 0.00121135 -1.60500000
v -0.02699698 -0.00040390 -1.60500000
v -0.02692450 -0.00201771 -1.60500000
v -0.02675564 -0.00362430 -1.60500000
v -0.02649101 -0.00521791 -1.60500000
v -0.02613154 -0.00679284 -1.60500000
v -0.02567853 -0.00834346 -1.60500000
v -0.02513359 -0.00986421 -1.60500000
v -0.02449868 -0.01134965 -1.60500000
v -0.02377608 -0.01279445 -1.60500000
v -0.02296836 -0.01419346 -1.60500000
v -0.02207842 -0.01554166 -1.60500000
v -0.02110945 -0.01683422 -1.60500000
v -0.02006491 -0.01806653 -1.60500000
v -0.01894854 -0.01923415 -1.60500000
v -0.01776435 -0.02033293 -1.60500000
v -0.01651656 -0.02135892 -1.60500000
v -0.01520964 -0.02230845 -1.60500000
v -0.01384828 -0.02317812 -1.60500000
v -0.01243735 -0.02396482 -1.60500000
v -0.01098189 -0.02466573 -1.60500000
v -0.00948712 -0.02527834 -1.60500000
v -0.00795839 -0.02580047 -1.60500000
v -0.00640117 -0.02623023 -1.60500000
v -0.00482104 -0.02656610 -1.60500000
v -0.00322364 -0.02680687 -1.60500000
v -0.00161471 -0.02695167 -1.60500000
v 0.04689265 0.01585336 -1.63500000
v 0.04843855 0.01019594 -1.63500000
v 0.03327993 -0.00909376 -1.61500000
v 0.03197079 -0.01296605 -1.61500000
v 0.03892096 -0.01578476 -1.62500000
v 0.04051469 -0.01107066 -1.62500000
v 0.04153969 -0.00620116 -1.62500000
v 0.04183409 0.00372943 -1.62500000
v 0.04198156 -0.00124460 -1.62500000
v 0.04947826 -0.00146685 -1.63500000
v 0.04930447 0.00439540 -1.63500000
v 0.04468849 0.02128823 -1.63500000
v 0.03412189 -0.00509381 -1.61500000
v 0.04109937 0.00865110 -1.62500000
v 0.04185700 0.02642426 -1.63500000
v 0.03448485 -0.00102235 -1.61500000
v 0.03978771 0.01345133 -1.62500000
v 0.03843793 0.03118935 -1.63500000
v 0.03436372 0.00306346 -1.61500000
v 0.03791751 0.01806274 -1.62500000
v 0.03447928 0.03551661 -1.63500000
v 0.03376020 0.00710626 -1.61500000
v 0.03551503 0.02242058 -1.62500000
v 0.03003661 0.03934529 -1.63500000
v 0.03268276 0.01104931 -1.61500000
v 0.03261400 0.02646369 -1.62500000
v 0.02517229 0.04262166 -1.63500000
v 0.03114653 0.01483725 -1.61500000
v 0.02925514 0.03013530 -1.62500000
v 0.01995461 0.04529971 -1.63500000
v 0.02917306 0.01841691 -1.61500000
v 0.02548561 0.03338389 -1.62500000
v 0.01445681 0.04734185 -1.63500000
v 0.02679007 0.02173803 -1.61500000
v 0.02135831 0.03616383 -1.62500000
v 0.00875607 0.04871941 -1.63500000
v 0.02403101 0.02475400 -1.61500000
v 0.01693118 0.03843612 -1.62500000
v 0.00293241 0.04941306 -1.63500000
v 0.02093461 0.02742248 -1.61500000
v 0.01226638 0.04016884 -1.62500000
v -0.00293241 0.04941306 -1.63500000
v 0.01754432 0.02970600 -1.61500000
v 0.00742939 0.04133768 -1.62500000
v -0.00875607 0.04871941 -1.63500000
v 0.01390776 0.03157252 -1.61500000
v 0.00248811 0.04192624 -1.62500000
v -0.01445681 0.04734185 -1.63500000
v 0.01007596 0.03299583 -1.61500000
v -0.00248811 0.04192624 -1.62500000
v -0.01995461 0.04529971 -1.63500000
v 0.00610271 0.03395595 -1.61500000
v -0.00742939 0.04133768 -1.62500000
v -0.02517229 0.04262166 -1.63500000
v 0.00204380 0.03443941 -1.61500000
v -0.01226638 0.04016884 -1.62500000
v -0.03003661 0.03934529 -1.63500000
v -0.00204380 0.03443941 -1.61500000
v -0.01693118 0.03843612 -1.62500000
v -0.03447928 0.03551661 -1.63500000
v -0.00610271 0.03395595 -1.61500000
v -0.02135831 0.03616383 -1.62500000
v -0.03843793 0.03118935 -1.63500000
v -0.01007596 0.03299583 -1.61500000
v -0.02548561 0.03338389 -1.62500000
v -0.04185700 0.02642426 -1.63500000
v -0.01390776 0.03157252 -1.61500000
v -0.02925514 0.03013530 -1.62500000
v -0.04468849 0.02128823 -1.63500000
v -0.01754432 0.02970600 -1.61500000
v -0.03261400 0.02646369 -1.62500000
v -0.04689265 0.01585336 -1.63500000
v -0.02093461 0.02742248 -1.61500000
v -0.03551503 0.02242058 -1.62500000
v -0.04843855 0.01019594 -1.63500000
v -0.02403101 0.02475400 -1.61500000
v -0.03791751 0.01806274 -1.62500000
v -0.04930447 0.00439540 -1.63500000
v -0.02679007 0.02173803 -1.61500000
v -0.03978771 0.01345133 -1.62500000
v -0.04947826 -0.00146685 -1.63500000
v -0.02917306 0.01841691 -1.61500000
v -0.04109937 0.00865110 -1.62500000
v -0.04895749 -0.00730850 -1.63500000
v -0.03114653 0.01483725 -1.61500000
v -0.04183409 0.00372943 -1.62500000
v -0.04774946 -0.01304756 -1.63500000
v -0.03268276 0.01104931 -1.61500000
v -0.04198156 -0.00124460 -1.62500000
v -0.04587114 -0.01860347 -1.63500000
v -0.03376020 0.00710626 -1.61500000
v -0.04153969 -0.00620116 -1.62500000
v -0.04334888 -0.02389821 -1.63500000
v -0.03436372 0.00306346 -1.61500000
v -0.04051469 -0.01107066 -1.62500000
v -0.04021810 -0.02885748 -1.63500000
v -0.03448485 -0.00102235 -1.61500000
v -0.03892096 -0.01578476 -1.62500000
v -0.03652275 -0.03341166 -1.63500000
v -0.03412189 -0.00509381 -1.61500000
v -0.03678087 -0.02027727 -1.62500000
v -0.03231469 -0.03749681 -1.63500000
v -0.03327993 -0.00909376 -1.61500000
v -0.03412445 -0.02448514 -1.62500000
v -0.02765301 -0.04105558 -1.63500000
v -0.03197079 -0.01296605 -1.61500000
v -0.03098900 -0.02834929 -1.62500000
v -0.02260315 -0.04403803 -1.63500000
v -0.03021286 -0.01665633 -1.61500000
v -0.02741853 -0.03181547 -1.62500000
v -0.01723598 -0.04640227 -1.63500000
v -0.02803080 -0.02011279 -1.61500000
v -0.02346316 -0.03483504 -1.62500000
v -0.01162686 -0.04811513 -1.63500000
v -0.02545525 -0.02328691 -1.61500000
v -0.01917843 -0.03736560 -1.62500000
v -0.00585452 -0.04915256 -1.63500000
v -0.02252236 -0.02613414 -1.61500000
v -0.01462447 -0.03937163 -1.62500000
v -0.01927331 -0.02861450 -1.61500000
v -0.00986521 -0.04082496 -1.62500000
v -0.01575371 -0.03069317 -1.61500000
v -0.00496747 -0.04170521 -1.62500000
v -0.01201296 -0.03234098 -1.61500000
v -0.00810357 -0.03353479 -1.61500000
v -0.00408042 -0.03425785 -1.61500000
v 0.00585452 -0.04915256 -1.63500000
v 0.01162686 -0.04811513 -1.63500000
v 0.01723598 -0.04640227 -1.63500000
v 0.00496747 -0.04170521 -1.62500000
v 0.02260315 -0.04403803 -1.63500000
v 0.00986521 -0.04082496 -1.62500000
v 0.02765301 -0.04105558 -1.63500000
v 0.01462447 -0.03937163 -1.62500000
v 0.03231469 -0.03749681 -1.63500000
v 0.00408042 -0.03425785 -1.61500000
v 0.01917843 -0.03736560 -1.62500000
v 0.03652275 -0.03341166 -1.63500000
v 0.00810357 -0.03353479 -1.61500000
v 0.02346316 -0.03483504 -1.62500000
v 0.04021810 -0.02885748 -1.63500000
v 0.01201296 -0.03234098 -1.61500000
v 0.02741853 -0.03181547 -1.62500000
v 0.04334888 -0.02389821 -1.63500000
v 0.01575371 -0.03069317 -1.61500000
v 0.03098900 -0.02834929 -1.62500000
v 0.04587114 -0.01860347 -1.63500000
v 0.01927331 -0.02861450 -1.61500000
v 0.03412445 -0.02448514 -1.62500000
v 0.04774946 -0.01304756 -1.63500000
v 0.02252236 -0.02613414 -1.61500000
v 0.03678087 -0.02027727 -1.62500000
v 0.04895749 -0.00730850 -1.63500000
v 0.02545525 -0.02328691 -1.61500000
v 0.02803080 -0.02011279 -1.61500000
v 0.03021286 -0.01665633 -1.61500000
v 0.00000000 -0.02875000 -1.58000000
v 0.00000000 -0.03050000 -1.57500000
v 0.00000000 -0.03225000 -1.57000000
v 0.00000000 -0.03400000 -1.56500000
v 0.00203334 -0.03393914 -1.56500000
v 0.00405940 -0.03375680 -1.56500000
v 0.00607093 -0.03345361 -1.56500000
v 0.00806073 -0.03303066 -1.56500000
v 0.01002168 -0.03248948 -1.56500000
v 0.01194674 -0.03183199 -1.56500000
v 0.01382905 -0.03106055 -1.56500000
v 0.01566184 -0.03017792 -1.56500000
v 0.01743858 -0.02918726 -1.56500000
v 0.01915288 -0.02809212 -1.56500000
v 0.02079863 -0.02689642 -1.56500000
v 0.02236992 -0.02560443 -1.56500000
v 0.02386113 -0.02422079 -1.56500000
v 0.02526692 -0.02275044 -1.56500000
v 0.02658227 -0.02119865 -1.56500000
v 0.02780246 -0.01957098 -1.56500000
v 0.02892312 -0.01787325 -1.56500000
v 0.02994025 -0.01611153 -1.56500000
v 0.03085020 -0.01429215 -1.56500000
v 0.03164971 -0.01242159 -1.56500000
v 0.03233592 -0.01050658 -1.56500000
v 0.03290638 -0.00855395 -1.56500000
v 0.03335905 -0.00657070 -1.56500000
v 0.03369229 -0.00456393 -1.56500000
v 0.03390493 -0.00254082 -1.56500000
v 0.03399620 -0.00050862 -1.56500000
v 0.03396576 0.00152540 -1.56500000
v 0.03381374 0.00355397 -1.56500000
v 0.03354068 0.00556981 -1.56500000
v 0.03314755 0.00756571 -1.56500000
v 0.03263576 0.00953453 -1.56500000
v 0.03200714 0.01146922 -1.56500000
v 0.03126394 0.01336285 -1.56500000
v 0.03040883 0.01520865 -1.56500000
v 0.02944486 0.01700000 -1.56500000
v 0.02837549 0.01873050 -1.56500000
v 0.02720454 0.02039394 -1.56500000
v 0.02593621 0.02198439 -1.56500000
v 0.02457503 0.02349613 -1.56500000
v 0.02312587 0.02492376 -1.56500000
v 0.02159394 0.02626218 -1.56500000
v 0.01998470 0.02750658 -1.56500000
v 0.01830392 0.02865251 -1.56500000
v 0.01655762 0.02969588 -1.56500000
v 0.01475205 0.03063294 -1.56500000
v 0.01289367 0.03146035 -1.56500000
v 0.01098913 0.03217513 -1.56500000
v 0.00904525 0.03277474 -1.56500000
v 0.00706900 0.03325702 -1.56500000
v 0.00506744 0.03362025 -1.56500000
v 0.00304774 0.03386313 -1.56500000
v 0.00101713 0.03398478 -1.56500000
v -0.00101713 0.03398478 -1.56500000
v -0.00304774 0.03386313 -1.56500000
v -0.00506744 0.03362025 -1.56500000
v -0.00706900 0.03325702 -1.56500000
v -0.00904525 0.03277474 -1.56500000
v -0.01098913 0.03217513 -1.56500000
v -0.01289367 0.03146035 -1.56500000
v -0.01475205 0.03063294 -1.56500000
v -0.01655762 0.02969588 -1.56500000
v -0.01830392 0.02865251 -1.56500000
v -0.01998470 0.02750658 -1.56500000
v -0.02159394 0.02626218 -1.56500000
v -0.02312587 0.02492376 -1.56500000
v -0.02457503 0.02349613 -1.56500000
v -0.02593621 0.02198439 -1.56500000
v -0.02720454 0.02039394 -1.56500000
v -0.02837549 0.01873050 -1.56500000
v -0.02944486 0.01700000 -1.56500000
v -0.03040883 0.01520865 -1.56500000
v -0.03126394 0.01336285 -1.56500000
v -0.03200714 0.01146922 -1.56500000
v -0.03263576 0.00953453 -1.56500000
v -0.03314755 0.00756571 -1.56500000
v -0.03354068 0.00556981 -1.56500000
v -0.03381374 0.00355397 -1.56500000
v -0.03396576 0.00152540 -1.56500000
v -0.03399620 -0.00050862 -1.56500000
v -0.03390493 -0.00254082 -1.56500000
v -0.03369229 -0.00456393 -1.56500000
v -0.03335905 -0.00657070 -1.56500000
v -0.03290638 -0.00855395 -1.56500000
v -0.03233592 -0.01050658 -1.56500000
v -0.03164971 -0.01242159 -1.56500000
v -0.03085020 -0.01429215 -1.56500000
v -0.02994025 -0.01611153 -1.56500000
v -0.02892312 -0.01787325 -1.56500000
v -0.02780246 -0.01957098 -1.56500000
v -0.02658227 -0.02119865 -1.56500000
v -0.02526692 -0.02275044 -1.56500000
v -0.02386113 -0.02422079 -1.56500000
v -0.02236992 -0.02560443 -1.56500000
v -0.02079863 -0.02689642 -1.56500000
v -0.01915288 -0.02809212 -1.56500000
v -0.01743858 -0.02918726 -1.56500000
v -0.01566184 -0.03017792 -1.56500000
v -0.01382905 -0.03106055 -1.56500000
v -0.01194674 -0.03183199 -1.56500000
v -0.01002168 -0.03248948 -1.56500000
v -0.00806073 -0.03303066 -1.56500000
v -0.00607093 -0.03345361 -1.56500000
v -0.00405940 -0.03375680 -1.56500000
v -0.00203334 -0.03393914 -1.56500000
v -0.02889345 0.00976823 -1.57500000
v -0.02753533 0.01311699 -1.57500000
v -0.02723563 0.00920776 -1.58000000
v -0.02911523 0.01386960 -1.57000000
v -0.02727047 0.01721580 -1.57000000
v -0.02863643 0.00255288 -1.58000000
v -0.02813350 0.00592189 -1.58000000
v -0.02984597 0.00628235 -1.57500000
v -0.03055127 0.01032870 -1.57000000
v -0.02873737 -0.00085196 -1.58000000
v -0.03037952 0.00270827 -1.57500000
v -0.03155845 0.00664281 -1.57000000
v -0.02843491 -0.00424484 -1.58000000
v -0.03048661 -0.00090382 -1.57500000
v -0.03212261 0.00286367 -1.57000000
v -0.02773327 -0.00757813 -1.58000000
v -0.03016573 -0.00450322 -1.57500000
v -0.03223584 -0.00095567 -1.57000000
v -0.02664233 -0.01080504 -1.58000000
v -0.02942139 -0.00803941 -1.57500000
v -0.03189655 -0.00476160 -1.57000000
v -0.02517738 -0.01388028 -1.58000000
v -0.02826403 -0.01146274 -1.57500000
v -0.03110950 -0.00850069 -1.57000000
v -0.02335900 -0.01676066 -1.58000000
v -0.02670992 -0.01472516 -1.57500000
v -0.02988574 -0.01212044 -1.57000000
v -0.02121271 -0.01940576 -1.58000000
v -0.02478085 -0.01778087 -1.57500000
v -0.02824245 -0.01557005 -1.57000000
v -0.01876864 -0.02177845 -1.58000000
v -0.02250392 -0.02058698 -1.57500000
v -0.02620270 -0.01880109 -1.57000000
v -0.01606109 -0.02384541 -1.58000000
v -0.01991107 -0.02310409 -1.57500000
v -0.02379512 -0.02176820 -1.57000000
v -0.01312809 -0.02557764 -1.58000000
v -0.01703873 -0.02529687 -1.57500000
v -0.02105351 -0.02442974 -1.57000000
v -0.01001080 -0.02695082 -1.58000000
v -0.01392719 -0.02713454 -1.57500000
v -0.01801636 -0.02674833 -1.57000000
v -0.00675297 -0.02794566 -1.58000000
v -0.01062015 -0.02859130 -1.57500000
v -0.01472629 -0.02869144 -1.57000000
v -0.00340035 -0.02854821 -1.58000000
v -0.00716402 -0.02964670 -1.57500000
v -0.01122950 -0.03023178 -1.57000000
v -0.00360733 -0.03028592 -1.57500000
v -0.00757507 -0.03134774 -1.57000000
v -0.00381431 -0.03202364 -1.57000000
v 0.00340035 -0.02854821 -1.58000000
v 0.00675297 -0.02794566 -1.58000000
v 0.00360733 -0.03028592 -1.57500000
v 0.01001080 -0.02695082 -1.58000000
v 0.00716402 -0.02964670 -1.57500000
v 0.00381431 -0.03202364 -1.57000000
v 0.01312809 -0.02557764 -1.58000000
v 0.01062015 -0.02859130 -1.57500000
v 0.00757507 -0.03134774 -1.57000000
v 0.01606109 -0.02384541 -1.58000000
v 0.01392719 -0.02713454 -1.57500000
v 0.01122950 -0.03023178 -1.57000000
v 0.01876864 -0.02177845 -1.58000000
v 0.01703873 -0.02529687 -1.57500000
v 0.01472629 -0.02869144 -1.57000000
v 0.02121271 -0.01940576 -1.58000000
v 0.01991107 -0.02310409 -1.57500000
v 0.01801636 -0.02674833 -1.57000000
v 0.02335900 -0.01676066 -1.58000000
v 0.02250392 -0.02058698 -1.57500000
v 0.02105351 -0.02442974 -1.57000000
v 0.02517738 -0.01388028 -1.58000000
v 0.02478085 -0.01778087 -1.57500000
v 0.02379512 -0.02176820 -1.57000000
v 0.02664233 -0.01080504 -1.58000000
v 0.02670992 -0.01472516 -1.57500000
v 0.02620270 -0.01880109 -1.57000000
v 0.02773327 -0.00757813 -1.58000000
v 0.02826403 -0.01146274 -1.57500000
v 0.02824245 -0.01557005 -1.57000000
v 0.02843491 -0.00424484 -1.58000000
v 0.02942139 -0.00803941 -1.57500000
v 0.02988574 -0.01212044 -1.57000000
v 0.02873737 -0.00085196 -1.58000000
v 0.03016573 -0.00450322 -1.57500000
v 0.03110950 -0.00850069 -1.57000000
v 0.02863643 0.00255288 -1.58000000
v 0.03048661 -0.00090382 -1.57500000
v 0.03189655 -0.00476160 -1.57000000
v 0.02813350 0.00592189 -1.58000000
v 0.03037952 0.00270827 -1.57500000
v 0.03223584 -0.00095567 -1.57000000
v 0.02723563 0.00920776 -1.58000000
v 0.02984597 0.00628235 -1.57500000
v 0.03212261 0.00286367 -1.57000000
v 0.02595544 0.01236437 -1.58000000
v 0.02889345 0.00976823 -1.57500000
v 0.03155845 0.00664281 -1.57000000
v 0.02431089 0.01534742 -1.58000000
v 0.02753533 0.01311699 -1.57500000
v 0.03055127 0.01032870 -1.57000000
v 0.02232506 0.01811503 -1.58000000
v 0.02579068 0.01628161 -1.57500000
v 0.02911523 0.01386960 -1.57000000
v 0.02002584 0.02062833 -1.58000000
v 0.02368398 0.01921768 -1.57500000
v 0.02727047 0.01721580 -1.57000000
v 0.01744550 0.02285207 -1.58000000
v 0.02124481 0.02188397 -1.57500000
v 0.02504289 0.02032033 -1.57000000
v 0.01462027 0.02475500 -1.58000000
v 0.01850740 0.02424306 -1.57500000
v 0.02246377 0.02313961 -1.57000000
v 0.01158980 0.02631044 -1.58000000
v 0.01551020 0.02626183 -1.57500000
v 0.01956930 0.02563406 -1.57000000
v 0.00839663 0.02749653 -1.58000000
v 0.01229526 0.02791194 -1.57500000
v 0.01640013 0.02776866 -1.57000000
v 0.00508560 0.02829663 -1.58000000
v 0.00890773 0.02917023 -1.57500000
v 0.01300073 0.02951345 -1.57000000
v 0.00170317 0.02869951 -1.58000000
v 0.00539515 0.03001903 -1.57500000
v 0.00941883 0.03084393 -1.57000000
v -0.00170317 0.02869951 -1.58000000
v 0.00180684 0.03044643 -1.57500000
v 0.00570471 0.03174144 -1.57000000
v -0.00508560 0.02829663 -1.58000000
v -0.00180684 0.03044643 -1.57500000
v 0.00191051 0.03219336 -1.57000000
v -0.00839663 0.02749653 -1.58000000
v -0.00539515 0.03001903 -1.57500000
v -0.00191051 0.03219336 -1.57000000
v -0.01158980 0.02631044 -1.58000000
v -0.00890773 0.02917023 -1.57500000
v -0.00570471 0.03174144 -1.57000000
v -0.01462027 0.02475500 -1.58000000
v -0.01229526 0.02791194 -1.57500000
v -0.00941883 0.03084393 -1.57000000
v -0.01744550 0.02285207 -1.58000000
v -0.01551020 0.02626183 -1.57500000
v -0.01300073 0.02951345 -1.57000000
v -0.02002584 0.02062833 -1.58000000
v -0.01850740 0.02424306 -1.57500000
v -0.01640013 0.02776866 -1.57000000
v -0.02232506 0.01811503 -1.58000000
v -0.02124481 0.02188397 -1.57500000
v -0.01956930 0.02563406 -1.57000000
v -0.02431089 0.01534742 -1.58000000
v -0.02368398 0.01921768 -1.57500000
v -0.02246377 0.02313961 -1.57000000
v -0.02595544 0.01236437 -1.58000000
v -0.02579068 0.01628161 -1.57500000
v -0.02504289 0.02032033 -1.57000000
v 0.00000000 -0.02575000 -1.60000000
v 0.00000000 -0.02450000 -1.59500000
v 0.00000000 -0.02325000 -1.59000000
v 0.00000000 -0.02200000 -1.58500000
v 0.00131569 -0.02196062 -1.58500000
v 0.00262667 -0.02184263 -1.58500000
v 0.00392825 -0.02164645 -1.58500000
v 0.00521577 -0.02137278 -1.58500000
v 0.00648461 -0.02102260 -1.58500000
v 0.00773025 -0.02059717 -1.58500000
v 0.00894821 -0.02009800 -1.58500000
v 0.01013413 -0.01952689 -1.58500000
v 0.01128378 -0.01888587 -1.58500000
v 0.01239304 -0.01817725 -1.58500000
v 0.01345793 -0.01740356 -1.58500000
v 0.01447465 -0.01656757 -1.58500000
v 0.01543955 -0.01567227 -1.58500000
v 0.01634919 -0.01472087 -1.58500000
v 0.01720029 -0.01371678 -1.58500000
v 0.01798983 -0.01266358 -1.58500000
v 0.01871496 -0.01156504 -1.58500000
v 0.01937310 -0.01042511 -1.58500000
v 0.01996189 -0.00924786 -1.58500000
v 0.02047922 -0.00803750 -1.58500000
v 0.02092324 -0.00679837 -1.58500000
v 0.02129236 -0.00553491 -1.58500000
v 0.02158526 -0.00425163 -1.58500000
v 0.02180089 -0.00295313 -1.58500000
v 0.02193848 -0.00164406 -1.58500000
v 0.02199754 -0.00032911 -1.58500000
v 0.02197785 0.00098703 -1.58500000
v 0.02187948 0.00229963 -1.58500000
v 0.02170279 0.00360399 -1.58500000
v 0.02144841 0.00489546 -1.58500000
v 0.02111726 0.00616940 -1.58500000
v 0.02071050 0.00742126 -1.58500000
v 0.02022961 0.00864655 -1.58500000
v 0.01967630 0.00984089 -1.58500000
v 0.01905256 0.01100000 -1.58500000
v 0.01836061 0.01211973 -1.58500000
v 0.01760294 0.01319608 -1.58500000
v 0.01678225 0.01422519 -1.58500000
v 0.01590149 0.01520338 -1.58500000
v 0.01496380 0.01612714 -1.58500000
v 0.01397255 0.01699317 -1.58500000
v 0.01293128 0.01779837 -1.58500000
v 0.01184371 0.01853986 -1.58500000
v 0.01071375 0.01921498 -1.58500000
v 0.00954544 0.01982132 -1.58500000
v 0.00834296 0.02035669 -1.58500000
v 0.00711061 0.02081920 -1.58500000
v 0.00585281 0.02120718 -1.58500000
v 0.00457406 0.02151925 -1.58500000
v 0.00327893 0.02175428 -1.58500000
v 0.00197206 0.02191143 -1.58500000
v 0.00065814 0.02199015 -1.58500000
v -0.00065814 0.02199015 -1.58500000
v -0.00197206 0.02191143 -1.58500000
v -0.00327893 0.02175428 -1.58500000
v -0.00457406 0.02151925 -1.58500000
v -0.00585281 0.02120718 -1.58500000
v -0.00711061 0.02081920 -1.58500000
v -0.00834296 0.02035669 -1.58500000
v -0.00954544 0.01982132 -1.58500000
v -0.01071375 0.01921498 -1.58500000
v -0.01184371 0.01853986 -1.58500000
v -0.01293128 0.01779837 -1.58500000
v -0.01397255 0.01699317 -1.58500000
v -0.01496380 0.01612714 -1.58500000
v -0.01590149 0.01520338 -1.58500000
v -0.01678225 0.01422519 -1.58500000
v -0.01760294 0.01319608 -1.58500000
v -0.01836061 0.01211973 -1.58500000
v -0.01905256 0.01100000 -1.58500000
v -0.01967630 0.00984089 -1.58500000
v -0.02022961 0.00864655 -1.58500000
v -0.02071050 0.00742126 -1.58500000
v -0.02111726 0.00616940 -1.58500000
v -0.02144841 0.00489546 -1.58500000
v -0.02170279 0.00360399 -1.58500000
v -0.02187948 0.00229963 -1.58500000
v -0.02197785 0.00098703 -1.58500000
v -0.02199754 -0.00032911 -1.58500000
v -0.02193848 -0.00164406 -1.58500000
v -0.02180089 -0.00295313 -1.58500000
v -0.02158526 -0.00425163 -1.58500000
v -0.02129236 -0.00553491 -1.58500000
v -0.02092324 -0.00679837 -1.58500000
v -0.02047922 -0.00803750 -1.58500000
v -0.01996189 -0.00924786 -1.58500000
v -0.01937310 -0.01042511 -1.58500000
v -0.01871496 -0.01156504 -1.58500000
v -0.01798983 -0.01266358 -1.58500000
v -0.01720029 -0.01371678 -1.58500000
v -0.01634919 -0.01472087 -1.58500000
v -0.01543955 -0.01567227 -1.58500000
v -0.01447465 -0.01656757 -1.58500000
v -0.01345793 -0.01740356 -1.58500000
v -0.01239304 -0.01817725 -1.58500000
v -0.01128378 -0.01888587 -1.58500000
v -0.01013413 -0.01952689 -1.58500000
v -0.00894821 -0.02009800 -1.58500000
v -0.00773025 -0.02059717 -1.58500000
v -0.00648461 -0.02102260 -1.58500000
v -0.00521577 -0.02137278 -1.58500000
v -0.00392825 -0.02164645 -1.58500000
v -0.00262667 -0.02184263 -1.58500000
v -0.00131569 -0.02196062 -1.58500000
v -0.00752046 0.02462733 -1.60000000
v 0.00137734 0.02320917 -1.59000000
v 0.00145140 0.02445697 -1.59500000
v -0.00145140 0.02445697 -1.59500000
v 0.00411270 0.02288336 -1.59000000
v 0.00433381 0.02411365 -1.59500000
v -0.00433381 0.02411365 -1.59500000
v -0.00152545 0.02570478 -1.60000000
v -0.00455492 0.02534394 -1.60000000
v -0.01038043 0.02356500 -1.60000000
v -0.00137734 0.02320917 -1.59000000
v -0.00715539 0.02343182 -1.59500000
v -0.01309468 0.02217187 -1.60000000
v -0.00411270 0.02288336 -1.59000000
v -0.00987652 0.02242107 -1.59500000
v -0.01562510 0.02046750 -1.60000000
v -0.00679032 0.02223632 -1.59000000
v -0.01245901 0.02109557 -1.59500000
v -0.01793619 0.01847581 -1.60000000
v -0.00937262 0.02127714 -1.59000000
v -0.01486660 0.01947393 -1.59500000
v -0.01999549 0.01622476 -1.60000000
v -0.01182335 0.02001926 -1.59000000
v -0.01706550 0.01757893 -1.59500000
v -0.02177410 0.01374595 -1.60000000
v -0.01410810 0.01848037 -1.59000000
v -0.01902483 0.01543715 -1.59500000
v -0.02324704 0.01107418 -1.60000000
v -0.01619481 0.01668204 -1.59000000
v -0.02071710 0.01307867 -1.59500000
v -0.02439365 0.00824695 -1.60000000
v -0.01805418 0.01464954 -1.59000000
v -0.02211855 0.01053660 -1.59500000
v -0.02519783 0.00530395 -1.60000000
v -0.01966011 0.01241139 -1.59000000
v -0.02320950 0.00784661 -1.59500000
v -0.02564828 0.00228649 -1.60000000
v -0.02099005 0.00999902 -1.59000000
v -0.02397463 0.00504648 -1.59500000
v -0.02573869 -0.00076306 -1.60000000
v -0.02202534 0.00744627 -1.59000000
v -0.02440322 0.00217550 -1.59500000
v -0.02546778 -0.00380190 -1.60000000
v -0.02275144 0.00478900 -1.59000000
v -0.02448924 -0.00072602 -1.59500000
v -0.02483937 -0.00678737 -1.60000000
v -0.02315816 0.00206450 -1.59000000
v -0.02423148 -0.00361734 -1.59500000
v -0.02386226 -0.00967756 -1.60000000
v -0.02323979 -0.00068897 -1.59000000
v -0.02363357 -0.00645789 -1.59500000
v -0.02255017 -0.01243190 -1.60000000
v -0.02299518 -0.00343278 -1.59000000
v -0.02270390 -0.00920778 -1.59500000
v -0.02092154 -0.01501172 -1.60000000
v -0.02242778 -0.00612840 -1.59000000
v -0.02145551 -0.01182841 -1.59500000
v -0.01899921 -0.01738081 -1.60000000
v -0.02154553 -0.00873799 -1.59000000
v -0.01990593 -0.01428300 -1.59500000
v -0.01681017 -0.01950591 -1.60000000
v -0.02036084 -0.01122492 -1.59000000
v -0.01807692 -0.01653708 -1.59500000
v -0.01438515 -0.02135720 -1.60000000
v -0.01889032 -0.01355427 -1.59000000
v -0.01599414 -0.01855903 -1.59500000
v -0.01175820 -0.02290867 -1.60000000
v -0.01715462 -0.01569335 -1.59000000
v -0.01368685 -0.02032044 -1.59500000
v -0.00896619 -0.02413856 -1.60000000
v -0.01517811 -0.01761214 -1.59000000
v -0.01118742 -0.02179660 -1.59500000
v -0.00604832 -0.02502959 -1.60000000
v -0.01298854 -0.01928368 -1.59000000
v -0.00853094 -0.02296678 -1.59500000
v -0.00304553 -0.02556926 -1.60000000
v -0.01061663 -0.02068453 -1.59000000
v -0.00575471 -0.02381456 -1.59500000
v -0.00809569 -0.02179501 -1.59000000
v -0.00289769 -0.02432804 -1.59500000
v -0.00546110 -0.02259953 -1.59000000
v -0.00274985 -0.02308681 -1.59000000
v 0.00304553 -0.02556926 -1.60000000
v 0.00604832 -0.02502959 -1.60000000
v 0.00289769 -0.02432804 -1.59500000
v 0.00896619 -0.02413856 -1.60000000
v 0.00575471 -0.02381456 -1.59500000
v 0.01175820 -0.02290867 -1.60000000
v 0.00274985 -0.02308681 -1.59000000
v 0.00853094 -0.02296678 -1.59500000
v 0.01438515 -0.02135720 -1.60000000
v 0.00546110 -0.02259953 -1.59000000
v 0.01118742 -0.02179660 -1.59500000
v 0.01681017 -0.01950591 -1.60000000
v 0.00809569 -0.02179501 -1.59000000
v 0.01368685 -0.02032044 -1.59500000
v 0.01899921 -0.01738081 -1.60000000
v 0.01061663 -0.02068453 -1.59000000
v 0.01599414 -0.01855903 -1.59500000
v 0.02092154 -0.01501172 -1.60000000
v 0.01298854 -0.01928368 -1.59000000
v 0.01807692 -0.01653708 -1.59500000
v 0.02255017 -0.01243190 -1.60000000
v 0.01517811 -0.01761214 -1.59000000
v 0.01990593 -0.01428300 -1.59500000
v 0.02386226 -0.00967756 -1.60000000
v 0.01715462 -0.01569335 -1.59000000
v 0.02145551 -0.01182841 -1.59500000
v 0.02483937 -0.00678737 -1.60000000
v 0.01889032 -0.01355427 -1.59000000
v 0.02270390 -0.00920778 -1.59500000
v 0.02546778 -0.00380190 -1.60000000
v 0.02036084 -0.01122492 -1.59000000
v 0.02363357 -0.00645789 -1.59500000
v 0.02573869 -0.00076306 -1.60000000
v 0.02154553 -0.00873799 -1.59000000
v 0.02423148 -0.00361734 -1.59500000
v 0.02564828 0.00228649 -1.60000000
v 0.02242778 -0.00612840 -1.59000000
v 0.02448924 -0.00072602 -1.59500000
v 0.02519783 0.00530395 -1.60000000
v 0.02299518 -0.00343278 -1.59000000
v 0.02440322 0.00217550 -1.59500000
v 0.02439365 0.00824695 -1.60000000
v 0.02323979 -0.00068897 -1.59000000
v 0.02397463 0.00504648 -1.59500000
v 0.02324704 0.01107418 -1.60000000
v 0.02315816 0.00206450 -1.59000000
v 0.02320950 0.00784661 -1.59500000
v 0.02177410 0.01374595 -1.60000000
v 0.02275144 0.00478900 -1.59000000
v 0.02211855 0.01053660 -1.59500000
v 0.01999549 0.01622476 -1.60000000
v 0.02202534 0.00744627 -1.59000000
v 0.02071710 0.01307867 -1.59500000
v 0.01793619 0.01847581 -1.60000000
v 0.02099005 0.00999902 -1.59000000
v 0.01902483 0.01543715 -1.59500000
v 0.01562510 0.02046750 -1.60000000
v 0.01966011 0.01241139 -1.59000000
v 0.01706550 0.01757893 -1.59500000
v 0.01309468 0.02217187 -1.60000000
v 0.01805418 0.01464954 -1.59000000
v 0.01486660 0.01947393 -1.59500000
v 0.01038043 0.02356500 -1.60000000
v 0.01619481 0.01668204 -1.59000000
v 0.01245901 0.02109557 -1.59500000
v 0.00752046 0.02462733 -1.60000000
v 0.01410810 0.01848037 -1.59000000
v 0.00987652 0.02242107 -1.59500000
v 0.00455492 0.02534394 -1.60000000
v 0.01182335 0.02001926 -1.59000000
v 0.00715539 0.02343182 -1.59500000
v 0.00152545 0.02570478 -1.60000000
v 0.00937262 0.02127714 -1.59000000
v 0.00679032 0.02223632 -1.59000000
v 0.00000000 -0.03900000 -1.55750000
v 0.00000000 -0.04400000 -1.55000000
v 0.00000000 -0.04900000 -1.54250000
v 0.00000000 -0.05400000 -1.53500000
v 0.00322942 -0.05390335 -1.53500000
v 0.00644729 -0.05361373 -1.53500000
v 0.00964207 -0.05313220 -1.53500000
v 0.01280234 -0.05246046 -1.53500000
v 0.01591678 -0.05160093 -1.53500000
v 0.01897424 -0.05055668 -1.53500000
v 0.02196378 -0.04933145 -1.53500000
v 0.02487469 -0.04792963 -1.53500000
v 0.02769656 -0.04635623 -1.53500000
v 0.03041928 -0.04461689 -1.53500000
v 0.03303311 -0.04271784 -1.53500000
v 0.03552869 -0.04066586 -1.53500000
v 0.03789709 -0.03846831 -1.53500000
v 0.04012982 -0.03613305 -1.53500000
v 0.04221890 -0.03366845 -1.53500000
v 0.04415685 -0.03108332 -1.53500000
v 0.04593672 -0.02838692 -1.53500000
v 0.04755216 -0.02558891 -1.53500000
v 0.04899737 -0.02269929 -1.53500000
v 0.05026718 -0.01972842 -1.53500000
v 0.05135705 -0.01668692 -1.53500000
v 0.05226308 -0.01358569 -1.53500000
v 0.05298201 -0.01043582 -1.53500000
v 0.05351129 -0.00724860 -1.53500000
v 0.05384901 -0.00403543 -1.53500000
v 0.05399396 -0.00080781 -1.53500000
v 0.05394563 0.00242270 -1.53500000
v 0.05370418 0.00564454 -1.53500000
v 0.05327049 0.00884617 -1.53500000
v 0.05264611 0.01201613 -1.53500000
v 0.05183326 0.01514308 -1.53500000
v 0.05083487 0.01821582 -1.53500000
v 0.04965450 0.02122335 -1.53500000
v 0.04829638 0.02415491 -1.53500000
v 0.04676537 0.02700000 -1.53500000
v 0.04506696 0.02974844 -1.53500000
v 0.04320721 0.03239038 -1.53500000
v 0.04119280 0.03491638 -1.53500000
v 0.03903092 0.03731738 -1.53500000
v 0.03672933 0.03958480 -1.53500000
v 0.03429625 0.04171052 -1.53500000
v 0.03174040 0.04368692 -1.53500000
v 0.02907093 0.04550693 -1.53500000
v 0.02629740 0.04716404 -1.53500000
v 0.02342972 0.04865232 -1.53500000
v 0.02047817 0.04996643 -1.53500000
v 0.01745332 0.05110168 -1.53500000
v 0.01436599 0.05205399 -1.53500000
v 0.01122723 0.05281997 -1.53500000
v 0.00804828 0.05339686 -1.53500000
v 0.00484052 0.05378261 -1.53500000
v 0.00161544 0.05397583 -1.53500000
v -0.00161544 0.05397583 -1.53500000
v -0.00484052 0.05378261 -1.53500000
v -0.00804828 0.05339686 -1.53500000
v -0.01122723 0.05281997 -1.53500000
v -0.01436599 0.05205399 -1.53500000
v -0.01745332 0.05110168 -1.53500000
v -0.02047817 0.04996643 -1.53500000
v -0.02342972 0.04865232 -1.53500000
v -0.02629740 0.04716404 -1.53500000
v -0.02907093 0.04550693 -1.53500000
v -0.03174040 0.04368692 -1.53500000
v -0.03429625 0.04171052 -1.53500000
v -0.03672933 0.03958480 -1.53500000
v -0.03903092 0.03731738 -1.53500000
v -0.04119280 0.03491638 -1.53500000
v -0.04320721 0.03239038 -1.53500000
v -0.04506696 0.02974844 -1.53500000
v -0.04676537 0.02700000 -1.53500000
v -0.04829638 0.02415491 -1.53500000
v -0.04965450 0.02122335 -1.53500000
v -0.05083487 0.01821582 -1.53500000
v -0.05183326 0.01514308 -1.53500000
v -0.05264611 0.01201613 -1.53500000
v -0.05327049 0.00884617 -1.53500000
v -0.05370418 0.00564454 -1.53500000
v -0.05394563 0.00242270 -1.53500000
v -0.05399396 -0.00080781 -1.53500000
v -0.05384901 -0.00403543 -1.53500000
v -0.05351129 -0.00724860 -1.53500000
v -0.05298201 -0.01043582 -1.53500000
v -0.05226308 -0.01358569 -1.53500000
v -0.05135705 -0.01668692 -1.53500000
v -0.05026718 -0.01972842 -1.53500000
v -0.04899737 -0.02269929 -1.53500000
v -0.04755216 -0.02558891 -1.53500000
v -0.04593672 -0.02838692 -1.53500000
v -0.04415685 -0.03108332 -1.53500000
v -0.04221890 -0.03366845 -1.53500000
v -0.04012982 -0.03613305 -1.53500000
v -0.03789709 -0.03846831 -1.53500000
v -0.03552869 -0.04066586 -1.53500000
v -0.03303311 -0.04271784 -1.53500000
v -0.03041928 -0.04461689 -1.53500000
v -0.02769656 -0.04635623 -1.53500000
v -0.02487469 -0.04792963 -1.53500000
v -0.02196378 -0.04933145 -1.53500000
v -0.01897424 -0.05055668 -1.53500000
v -0.01591678 -0.05160093 -1.53500000
v -0.01280234 -0.05246046 -1.53500000
v -0.00964207 -0.05313220 -1.53500000
v -0.00644729 -0.05361373 -1.53500000
v -0.00322942 -0.05390335 -1.53500000
v -0.00866762 0.04822730 -1.54250000
v -0.00260659 0.04392272 -1.55000000
v -0.00778317 0.04330615 -1.55000000
v -0.00290279 0.04891394 -1.54250000
v -0.01773743 0.04026641 -1.55000000
v -0.01285050 0.04208164 -1.55000000
v -0.01139021 0.03729964 -1.55750000
v -0.01572181 0.03569068 -1.55750000
v -0.01983271 0.03358070 -1.55750000
v -0.02366521 0.03099932 -1.55750000
v -0.01431078 0.04686365 -1.54250000
v -0.02237537 0.03788592 -1.55000000
v -0.02716549 0.02798278 -1.55750000
v -0.01975305 0.04484214 -1.54250000
v -0.02669921 0.03497360 -1.55000000
v -0.03028443 0.02457343 -1.55750000
v -0.02491802 0.04219114 -1.54250000
v -0.03064825 0.03157032 -1.55000000
v -0.03297824 0.02081911 -1.55750000
v -0.02973321 0.03894787 -1.54250000
v -0.03416705 0.02772387 -1.55000000
v -0.03520912 0.01677254 -1.55750000
v -0.03413100 0.03515786 -1.54250000
v -0.03720622 0.02348823 -1.55000000
v -0.03694573 0.01249052 -1.55750000
v -0.03804967 0.03087430 -1.54250000
v -0.03972310 0.01892287 -1.55000000
v -0.03816370 0.00803317 -1.55750000
v -0.04143420 0.02615735 -1.54250000
v -0.04168236 0.01409187 -1.55000000
v -0.03884594 0.00346304 -1.55750000
v -0.04423709 0.02107319 -1.54250000
v -0.04305649 0.00906306 -1.55000000
v -0.03898287 -0.00115570 -1.55750000
v -0.04641899 0.01569322 -1.54250000
v -0.04382619 0.00390702 -1.55000000
v -0.03857257 -0.00575822 -1.55750000
v -0.04794927 0.01009295 -1.54250000
v -0.04398068 -0.00130387 -1.55000000
v -0.03762079 -0.01027990 -1.55750000
v -0.04880644 0.00435100 -1.54250000
v -0.04351777 -0.00649645 -1.55000000
v -0.03614089 -0.01465728 -1.55750000
v -0.04897848 -0.00145203 -1.54250000
v -0.04244397 -0.01159784 -1.55000000
v -0.03415366 -0.01882890 -1.55750000
v -0.04846297 -0.00723468 -1.54250000
v -0.04077434 -0.01653641 -1.55000000
v -0.03168699 -0.02273620 -1.55750000
v -0.04726714 -0.01291577 -1.54250000
v -0.03853234 -0.02124286 -1.55000000
v -0.02877550 -0.02632434 -1.55750000
v -0.04540779 -0.01841555 -1.54250000
v -0.03574942 -0.02565110 -1.55000000
v -0.02546006 -0.02954294 -1.55750000
v -0.04291101 -0.02365682 -1.54250000
v -0.03246466 -0.02969925 -1.55000000
v -0.02178722 -0.03234682 -1.55750000
v -0.03981186 -0.02856599 -1.54250000
v -0.02872417 -0.03333049 -1.55000000
v -0.01780854 -0.03469663 -1.55750000
v -0.03615383 -0.03307417 -1.54250000
v -0.02458046 -0.03649385 -1.55000000
v -0.01357986 -0.03655937 -1.55750000
v -0.03198828 -0.03711805 -1.54250000
v -0.02009169 -0.03914491 -1.55000000
v -0.00916056 -0.03790889 -1.55750000
v -0.02737369 -0.04064088 -1.54250000
v -0.01532087 -0.04124647 -1.55000000
v -0.00461265 -0.03872626 -1.55750000
v -0.02237483 -0.04359320 -1.54250000
v -0.01033499 -0.04276901 -1.55000000
v -0.01706188 -0.04593356 -1.54250000
v -0.00520402 -0.04369117 -1.55000000
v -0.01150942 -0.04762912 -1.54250000
v -0.00579539 -0.04865607 -1.54250000
v 0.00461265 -0.03872626 -1.55750000
v 0.00916056 -0.03790889 -1.55750000
v 0.00520402 -0.04369117 -1.55000000
v 0.01357986 -0.03655937 -1.55750000
v 0.01033499 -0.04276901 -1.55000000
v 0.01780854 -0.03469663 -1.55750000
v 0.00579539 -0.04865607 -1.54250000
v 0.01532087 -0.04124647 -1.55000000
v 0.02178722 -0.03234682 -1.55750000
v 0.01150942 -0.04762912 -1.54250000
v 0.02009169 -0.03914491 -1.55000000
v 0.02546006 -0.02954294 -1.55750000
v 0.01706188 -0.04593356 -1.54250000
v 0.02458046 -0.03649385 -1.55000000
v 0.02877550 -0.02632434 -1.55750000
v 0.02237483 -0.04359320 -1.54250000
v 0.02872417 -0.03333049 -1.55000000
v 0.03168699 -0.02273620 -1.55750000
v 0.02737369 -0.04064088 -1.54250000
v 0.03246466 -0.02969925 -1.55000000
v 0.03415366 -0.01882890 -1.55750000
v 0.03198828 -0.03711805 -1.54250000
v 0.03574942 -0.02565110 -1.55000000
v 0.03614089 -0.01465728 -1.55750000
v 0.03615383 -0.03307417 -1.54250000
v 0.03853234 -0.02124286 -1.55000000
v 0.03762079 -0.01027990 -1.55750000
v 0.03981186 -0.02856599 -1.54250000
v 0.04077434 -0.01653641 -1.55000000
v 0.03857257 -0.00575822 -1.55750000
v 0.04291101 -0.02365682 -1.54250000
v 0.04244397 -0.01159784 -1.55000000
v 0.03898287 -0.00115570 -1.55750000
v 0.04540779 -0.01841555 -1.54250000
v 0.04351777 -0.00649645 -1.55000000
v 0.03884594 0.00346304 -1.55750000
v 0.04726714 -0.01291577 -1.54250000
v 0.04398068 -0.00130387 -1.55000000
v 0.03816370 0.00803317 -1.55750000
v 0.04846297 -0.00723468 -1.54250000
v 0.04382619 0.00390702 -1.55000000
v 0.03694573 0.01249052 -1.55750000
v 0.04897848 -0.00145203 -1.54250000
v 0.04305649 0.00906306 -1.55000000
v 0.03520912 0.01677254 -1.55750000
v 0.04880644 0.00435100 -1.54250000
v 0.04168236 0.01409187 -1.55000000
v 0.03297824 0.02081911 -1.55750000
v 0.04794927 0.01009295 -1.54250000
v 0.03972310 0.01892287 -1.55000000
v 0.03028443 0.02457343 -1.55750000
v 0.04641899 0.01569322 -1.54250000
v 0.03720622 0.02348823 -1.55000000
v 0.02716549 0.02798278 -1.55750000
v 0.04423709 0.02107319 -1.54250000
v 0.03416705 0.02772387 -1.55000000
v 0.02366521 0.03099932 -1.55750000
v 0.04143420 0.02615735 -1.54250000
v 0.03064825 0.03157032 -1.55000000
v 0.01983271 0.03358070 -1.55750000
v 0.03804967 0.03087430 -1.54250000
v 0.02669921 0.03497360 -1.55000000
v 0.01572181 0.03569068 -1.55750000
v 0.03413100 0.03515786 -1.54250000
v 0.02237537 0.03788592 -1.55000000
v 0.01139021 0.03729964 -1.55750000
v 0.02973321 0.03894787 -1.54250000
v 0.01773743 0.04026641 -1.55000000
v 0.00689872 0.03838499 -1.55750000
v 0.02491802 0.04219114 -1.54250000
v 0.01285050 0.04208164 -1.55000000
v 0.00231038 0.03893151 -1.55750000
v 0.01975305 0.04484214 -1.54250000
v 0.00778317 0.04330615 -1.55000000
v -0.00231038 0.03893151 -1.55750000
v 0.01431078 0.04686365 -1.54250000
v 0.00260659 0.04392272 -1.55000000
v -0.00689872 0.03838499 -1.55750000
v 0.00866762 0.04822730 -1.54250000
v 0.00290279 0.04891394 -1.54250000
v 0.00000000 -0.02375000 -1.58000000
v 0.00000000 -0.02550000 -1.57500000
v 0.00000000 -0.02725000 -1.57000000
v 0.00000000 -0.02900000 -1.56500000
v 0.00173432 -0.02894809 -1.56500000
v 0.00346243 -0.02879256 -1.56500000
v 0.00517815 -0.02853396 -1.56500000
v 0.00687533 -0.02817321 -1.56500000
v 0.00854790 -0.02771161 -1.56500000
v 0.01018987 -0.02715081 -1.56500000
v 0.01179536 -0.02649282 -1.56500000
v 0.01335863 -0.02573999 -1.56500000
v 0.01487408 -0.02489502 -1.56500000
v 0.01633628 -0.02396092 -1.56500000
v 0.01774000 -0.02294106 -1.56500000
v 0.01908022 -0.02183907 -1.56500000
v 0.02035214 -0.02065891 -1.56500000
v 0.02155120 -0.01940479 -1.56500000
v 0.02267311 -0.01808120 -1.56500000
v 0.02371386 -0.01669289 -1.56500000
v 0.02466972 -0.01524483 -1.56500000
v 0.02553727 -0.01374219 -1.56500000
v 0.02631340 -0.01219036 -1.56500000
v 0.02699534 -0.01059489 -1.56500000
v 0.02758064 -0.00896149 -1.56500000
v 0.02806721 -0.00729602 -1.56500000
v 0.02845330 -0.00560442 -1.56500000
v 0.02873754 -0.00389276 -1.56500000
v 0.02891891 -0.00216717 -1.56500000
v 0.02899675 -0.00043382 -1.56500000
v 0.02897080 0.00130108 -1.56500000
v 0.02884113 0.00303133 -1.56500000
v 0.02860823 0.00475072 -1.56500000
v 0.02827291 0.00645311 -1.56500000
v 0.02783638 0.00813239 -1.56500000
v 0.02730021 0.00978257 -1.56500000
v 0.02666631 0.01139773 -1.56500000
v 0.02593694 0.01297208 -1.56500000
v 0.02511474 0.01450000 -1.56500000
v 0.02420262 0.01597601 -1.56500000
v 0.02320387 0.01739483 -1.56500000
v 0.02212206 0.01875139 -1.56500000
v 0.02096105 0.02004082 -1.56500000
v 0.01972501 0.02125850 -1.56500000
v 0.01841836 0.02240009 -1.56500000
v 0.01704577 0.02346149 -1.56500000
v 0.01561217 0.02443891 -1.56500000
v 0.01412268 0.02532884 -1.56500000
v 0.01258263 0.02612810 -1.56500000
v 0.01099754 0.02683382 -1.56500000
v 0.00937308 0.02744349 -1.56500000
v 0.00771507 0.02795492 -1.56500000
v 0.00602944 0.02836628 -1.56500000
v 0.00432223 0.02867609 -1.56500000
v 0.00259954 0.02888325 -1.56500000
v 0.00086755 0.02898702 -1.56500000
v -0.00086755 0.02898702 -1.56500000
v -0.00259954 0.02888325 -1.56500000
v -0.00432223 0.02867609 -1.56500000
v -0.00602944 0.02836628 -1.56500000
v -0.00771507 0.02795492 -1.56500000
v -0.00937308 0.02744349 -1.56500000
v -0.01099754 0.02683382 -1.56500000
v -0.01258263 0.02612810 -1.56500000
v -0.01412268 0.02532884 -1.56500000
v -0.01561217 0.02443891 -1.56500000
v -0.01704577 0.02346149 -1.56500000
v -0.01841836 0.02240009 -1.56500000
v -0.01972501 0.02125850 -1.56500000
v -0.02096105 0.02004082 -1.56500000
v -0.02212206 0.01875139 -1.56500000
v -0.02320387 0.01739483 -1.56500000
v -0.02420262 0.01597601 -1.56500000
v -0.02511474 0.01450000 -1.56500000
v -0.02593694 0.01297208 -1.56500000
v -0.02666631 0.01139773 -1.56500000
v -0.02730021 0.00978257 -1.56500000
v -0.02783638 0.00813239 -1.56500000
v -0.02827291 0.00645311 -1.56500000
v -0.02860823 0.00475072 -1.56500000
v -0.02884113 0.00303133 -1.56500000
v -0.02897080 0.00130108 -1.56500000
v -0.02899675 -0.00043382 -1.56500000
v -0.02891891 -0.00216717 -1.56500000
v -0.02873754 -0.00389276 -1.56500000
v -0.02845330 -0.00560442 -1.56500000
v -0.02806721 -0.00729602 -1.56500000
v -0.02758064 -0.00896149 -1.56500000
v -0.02699534 -0.01059489 -1.56500000
v -0.02631340 -0.01219036 -1.56500000
v -0.02553727 -0.01374219 -1.56500000
v -0.02466972 -0.01524483 -1.56500000
v -0.02371386 -0.01669289 -1.56500000
v -0.02267311 -0.01808120 -1.56500000
v -0.02155120 -0.01940479 -1.56500000
v -0.02035214 -0.02065891 -1.56500000
v -0.01908022 -0.02183907 -1.56500000
v -0.01774000 -0.02294106 -1.56500000
v -0.01633628 -0.02396092 -1.56500000
v -0.01487408 -0.02489502 -1.56500000
v -0.01335863 -0.02573999 -1.56500000
v -0.01179536 -0.02649282 -1.56500000
v -0.01018987 -0.02715081 -1.56500000
v -0.00854790 -0.02771161 -1.56500000
v -0.00687533 -0.02817321 -1.56500000
v -0.00517815 -0.02853396 -1.56500000
v -0.00346243 -0.02879256 -1.56500000
v -0.00173432 -0.02894809 -1.56500000
v -0.01027965 0.02333621 -1.57500000
v -0.00744745 0.02438823 -1.57500000
v -0.00957418 0.02173471 -1.58000000
v -0.01441150 0.01887779 -1.58000000
v -0.01207761 0.02044979 -1.58000000
v -0.00795855 0.02606193 -1.57000000
v -0.00451070 0.02509788 -1.57500000
v -0.00482026 0.02682028 -1.57000000
v -0.01296754 0.02195661 -1.57500000
v -0.01654309 0.01704080 -1.58000000
v -0.01098511 0.02493772 -1.57000000
v -0.01547340 0.02026879 -1.57500000
v -0.01844244 0.01496459 -1.58000000
v -0.01385747 0.02346344 -1.57000000
v -0.01776205 0.01829644 -1.57500000
v -0.02008291 0.01267831 -1.58000000
v -0.01653530 0.02165978 -1.57000000
v -0.01980136 0.01606724 -1.57500000
v -0.02144145 0.01021405 -1.58000000
v -0.01898102 0.01955207 -1.57000000
v -0.02156270 0.01361250 -1.57500000
v -0.02249900 0.00760641 -1.58000000
v -0.02116028 0.01716989 -1.57000000
v -0.02302134 0.01096666 -1.57500000
v -0.02324072 0.00489199 -1.58000000
v -0.02304249 0.01454669 -1.57000000
v -0.02415682 0.00816688 -1.57500000
v -0.02365618 0.00210890 -1.58000000
v -0.02460124 0.01171928 -1.57000000
v -0.02495319 0.00525245 -1.57500000
v -0.02373957 -0.00070379 -1.58000000
v -0.02581464 0.00872735 -1.57000000
v -0.02539927 0.00226430 -1.57500000
v -0.02348970 -0.00350661 -1.58000000
v -0.02666566 0.00561292 -1.57000000
v -0.02548880 -0.00075565 -1.57500000
v -0.02291010 -0.00626020 -1.58000000
v -0.02714236 0.00241969 -1.57000000
v -0.02522052 -0.00376499 -1.57500000
v -0.02200888 -0.00892591 -1.58000000
v -0.02723803 -0.00080751 -1.57000000
v -0.02459821 -0.00672147 -1.57500000
v -0.02079870 -0.01146631 -1.58000000
v -0.02695135 -0.00402337 -1.57000000
v -0.02363058 -0.00958360 -1.57500000
v -0.01929656 -0.01384576 -1.58000000
v -0.02628632 -0.00718275 -1.57000000
v -0.02233124 -0.01231120 -1.57500000
v -0.01752354 -0.01603085 -1.58000000
v -0.02525229 -0.01024130 -1.57000000
v -0.02071842 -0.01486598 -1.57500000
v -0.01550453 -0.01799089 -1.58000000
v -0.02386378 -0.01315609 -1.57000000
v -0.01881475 -0.01721207 -1.57500000
v -0.01326786 -0.01969839 -1.58000000
v -0.02214027 -0.01588619 -1.57000000
v -0.01664696 -0.01931654 -1.57500000
v -0.01084494 -0.02112936 -1.58000000
v -0.02010596 -0.01839329 -1.57000000
v -0.01424549 -0.02114984 -1.57500000
v -0.00826979 -0.02226372 -1.58000000
v -0.01778940 -0.02064218 -1.57000000
v -0.01164405 -0.02268626 -1.57500000
v -0.00557854 -0.02308554 -1.58000000
v -0.01522312 -0.02260130 -1.57000000
v -0.00887914 -0.02390420 -1.57500000
v -0.00280899 -0.02358330 -1.58000000
v -0.01244315 -0.02424316 -1.57000000
v -0.00598959 -0.02478658 -1.57500000
v -0.00948849 -0.02554469 -1.57000000
v -0.00301597 -0.02532102 -1.57500000
v -0.00640064 -0.02648762 -1.57000000
v -0.00322294 -0.02705873 -1.57000000
v 0.00280899 -0.02358330 -1.58000000
v 0.00557854 -0.02308554 -1.58000000
v 0.00301597 -0.02532102 -1.57500000
v 0.00826979 -0.02226372 -1.58000000
v 0.00598959 -0.02478658 -1.57500000
v 0.01084494 -0.02112936 -1.58000000
v 0.00322294 -0.02705873 -1.57000000
v 0.00887914 -0.02390420 -1.57500000
v 0.01326786 -0.01969839 -1.58000000
v 0.00640064 -0.02648762 -1.57000000
v 0.01164405 -0.02268626 -1.57500000
v 0.01550453 -0.01799089 -1.58000000
v 0.00948849 -0.02554469 -1.57000000
v 0.01424549 -0.02114984 -1.57500000
v 0.01752354 -0.01603085 -1.58000000
v 0.01244315 -0.02424316 -1.57000000
v 0.01664696 -0.01931654 -1.57500000
v 0.01929656 -0.01384576 -1.58000000
v 0.01522312 -0.02260130 -1.57000000
v 0.01881475 -0.01721207 -1.57500000
v 0.02079870 -0.01146631 -1.58000000
v 0.01778940 -0.02064218 -1.57000000
v 0.02071842 -0.01486598 -1.57500000
v 0.02200888 -0.00892591 -1.58000000
v 0.02010596 -0.01839329 -1.57000000
v 0.02233124 -0.01231120 -1.57500000
v 0.02291010 -0.00626020 -1.58000000
v 0.02214027 -0.01588619 -1.57000000
v 0.02363058 -0.00958360 -1.57500000
v 0.02348970 -0.00350661 -1.58000000
v 0.02386378 -0.01315609 -1.57000000
v 0.02459821 -0.00672147 -1.57500000
v 0.02373957 -0.00070379 -1.58000000
v 0.02525229 -0.01024130 -1.57000000
v 0.02522052 -0.00376499 -1.57500000
v 0.02365618 0.00210890 -1.58000000
v 0.02628632 -0.00718275 -1.57000000
v 0.02548880 -0.00075565 -1.57500000
v 0.02324072 0.00489199 -1.58000000
v 0.02695135 -0.00402337 -1.57000000
v 0.02539927 0.00226430 -1.57500000
v 0.02249900 0.00760641 -1.58000000
v 0.02723803 -0.00080751 -1.57000000
v 0.02495319 0.00525245 -1.57500000
v 0.02144145 0.01021405 -1.58000000
v 0.02714236 0.00241969 -1.57000000
v 0.02415682 0.00816688 -1.57500000
v 0.02008291 0.01267831 -1.58000000
v 0.02666566 0.00561292 -1.57000000
v 0.02302134 0.01096666 -1.57500000
v 0.01844244 0.01496459 -1.58000000
v 0.02581464 0.00872735 -1.57000000
v 0.02156270 0.01361250 -1.57500000
v 0.01654309 0.01704080 -1.58000000
v 0.02460124 0.01171928 -1.57000000
v 0.01980136 0.01606724 -1.57500000
v 0.01441150 0.01887779 -1.58000000
v 0.02304249 0.01454669 -1.57000000
v 0.01776205 0.01829644 -1.57500000
v 0.01207761 0.02044979 -1.58000000
v 0.02116028 0.01716989 -1.57000000
v 0.01547340 0.02026879 -1.57500000
v 0.00957418 0.02173471 -1.58000000
v 0.01898102 0.01955207 -1.57000000
v 0.01296754 0.02195661 -1.57500000
v 0.00693635 0.02271452 -1.58000000
v 0.01653530 0.02165978 -1.57000000
v 0.01027965 0.02333621 -1.57500000
v 0.00420114 0.02337548 -1.58000000
v 0.01385747 0.02346344 -1.57000000
v 0.00744745 0.02438823 -1.57500000
v 0.00140696 0.02370829 -1.58000000
v 0.01098511 0.02493772 -1.57000000
v 0.00451070 0.02509788 -1.57500000
v -0.00140696 0.02370829 -1.58000000
v 0.00795855 0.02606193 -1.57000000
v 0.00151064 0.02545522 -1.57500000
v -0.00420114 0.02337548 -1.58000000
v 0.00482026 0.02682028 -1.57000000
v -0.00151064 0.02545522 -1.57500000
v -0.00693635 0.02271452 -1.58000000
v 0.00161431 0.02720214 -1.57000000
v -0.00161431 0.02720214 -1.57000000
v 0.00000000 -0.06000000 -1.52666667
v 0.00000000 -0.06600000 -1.51833333
v 0.00000000 -0.07200000 -1.51000000
v 0.00430590 -0.07187113 -1.51000000
v 0.00859638 -0.07148498 -1.51000000
v 0.01285610 -0.07084293 -1.51000000
v 0.01706979 -0.06994728 -1.51000000
v 0.02122237 -0.06880124 -1.51000000
v 0.02529899 -0.06740891 -1.51000000
v 0.02928504 -0.06577527 -1.51000000
v 0.03316626 -0.06390618 -1.51000000
v 0.03692875 -0.06180831 -1.51000000
v 0.04055904 -0.05948919 -1.51000000
v 0.04404415 -0.05695711 -1.51000000
v 0.04737159 -0.05422115 -1.51000000
v 0.05052945 -0.05129108 -1.51000000
v 0.05350643 -0.04817740 -1.51000000
v 0.05629187 -0.04489127 -1.51000000
v 0.05887580 -0.04144443 -1.51000000
v 0.06124896 -0.03784923 -1.51000000
v 0.06340288 -0.03411854 -1.51000000
v 0.06532983 -0.03026572 -1.51000000
v 0.06702291 -0.02630455 -1.51000000
v 0.06847607 -0.02224922 -1.51000000
v 0.06968410 -0.01811425 -1.51000000
v 0.07064268 -0.01391443 -1.51000000
v 0.07134838 -0.00966480 -1.51000000
v 0.07179867 -0.00538057 -1.51000000
v 0.07199194 -0.00107708 -1.51000000
v 0.07192750 0.00323027 -1.51000000
v 0.07160558 0.00752605 -1.51000000
v 0.07102732 0.01179489 -1.51000000
v 0.07019481 0.01602151 -1.51000000
v 0.06911102 0.02019077 -1.51000000
v 0.06777983 0.02428776 -1.51000000
v 0.06620600 0.02829780 -1.51000000
v 0.06439517 0.03220655 -1.51000000
v 0.06235383 0.03600000 -1.51000000
v 0.06008927 0.03966458 -1.51000000
v 0.05760962 0.04318718 -1.51000000
v 0.05492373 0.04655517 -1.51000000
v 0.05204123 0.04975651 -1.51000000
v 0.04897244 0.05277973 -1.51000000
v 0.04572834 0.05561402 -1.51000000
v 0.04232054 0.05824922 -1.51000000
v 0.03876124 0.06067591 -1.51000000
v 0.03506320 0.06288539 -1.51000000
v 0.03123963 0.06486976 -1.51000000
v 0.02730423 0.06662191 -1.51000000
v 0.02327110 0.06813557 -1.51000000
v 0.01915465 0.06940533 -1.51000000
v 0.01496964 0.07042663 -1.51000000
v 0.01073104 0.07119582 -1.51000000
v 0.00645403 0.07171015 -1.51000000
v 0.00215391 0.07196778 -1.51000000
v -0.00215391 0.07196778 -1.51000000
v -0.00645403 0.07171015 -1.51000000
v -0.01073104 0.07119582 -1.51000000
v -0.01496964 0.07042663 -1.51000000
v -0.01915465 0.06940533 -1.51000000
v -0.02327110 0.06813557 -1.51000000
v -0.02730423 0.06662191 -1.51000000
v -0.03123963 0.06486976 -1.51000000
v -0.03506320 0.06288539 -1.51000000
v -0.03876124 0.06067591 -1.51000000
v -0.04232054 0.05824922 -1.51000000
v -0.04572834 0.05561402 -1.51000000
v -0.04897244 0.05277973 -1.51000000
v -0.05204123 0.04975651 -1.51000000
v -0.05492373 0.04655517 -1.51000000
v -0.05760962 0.04318718 -1.51000000
v -0.06008927 0.03966458 -1.51000000
v -0.06235383 0.03600000 -1.51000000
v -0.06439517 0.03220655 -1.51000000
v -0.06620600 0.02829780 -1.51000000
v -0.06777983 0.02428776 -1.51000000
v -0.06911102 0.02019077 -1.51000000
v -0.07019481 0.01602151 -1.51000000
v -0.07102732 0.01179489 -1.51000000
v -0.07160558 0.00752605 -1.51000000
v -0.07192750 0.00323027 -1.51000000
v -0.07199194 -0.00107708 -1.51000000
v -0.07179867 -0.00538057 -1.51000000
v -0.07134838 -0.00966480 -1.51000000
v -0.07064268 -0.01391443 -1.51000000
v -0.06968410 -0.01811425 -1.51000000
v -0.06847607 -0.02224922 -1.51000000
v -0.06702291 -0.02630455 -1.51000000
v -0.06532983 -0.03026572 -1.51000000
v -0.06340288 -0.03411854 -1.51000000
v -0.06124896 -0.03784923 -1.51000000
v -0.05887580 -0.04144443 -1.51000000
v -0.05629187 -0.04489127 -1.51000000
v -0.05350643 -0.04817740 -1.51000000
v -0.05052945 -0.05129108 -1.51000000
v -0.04737159 -0.05422115 -1.51000000
v -0.04404415 -0.05695711 -1.51000000
v -0.04055904 -0.05948919 -1.51000000
v -0.03692875 -0.06180831 -1.51000000
v -0.03316626 -0.06390618 -1.51000000
v -0.02928504 -0.06577527 -1.51000000
v -0.02529899 -0.06740891 -1.51000000
v -0.02122237 -0.06880124 -1.51000000
v -0.01706979 -0.06994728 -1.51000000
v -0.01285610 -0.07084293 -1.51000000
v -0.00859638 -0.07148498 -1.51000000
v -0.00430590 -0.07187113 -1.51000000
v 0.00709639 -0.05957887 -1.52666667
v 0.01409316 -0.05832137 -1.52666667
v 0.00780603 -0.06553675 -1.51833333
v 0.02089210 -0.05624518 -1.52666667
v 0.01550248 -0.06415351 -1.51833333
v 0.02739775 -0.05337943 -1.52666667
v 0.02298131 -0.06186970 -1.51833333
v 0.03351881 -0.04976434 -1.52666667
v 0.03013753 -0.05871737 -1.51833333
v 0.03916933 -0.04545067 -1.52666667
v 0.03687069 -0.05474078 -1.51833333
v 0.04427000 -0.04049898 -1.52666667
v 0.04308626 -0.04999574 -1.51833333
v 0.04874921 -0.03497877 -1.52666667
v 0.04869700 -0.04454888 -1.51833333
v 0.05254410 -0.02896753 -1.52666667
v 0.05362413 -0.03847665 -1.51833333
v 0.05560138 -0.02254965 -1.52666667
v 0.05779851 -0.03186429 -1.51833333
v 0.05787813 -0.01581523 -1.52666667
v 0.06116151 -0.02480462 -1.51833333
v 0.05934241 -0.00885879 -1.52666667
v 0.06366595 -0.01739675 -1.51833333
v 0.05997365 -0.00177800 -1.52666667
v 0.06527665 -0.00974467 -1.51833333
v 0.05976299 0.00532775 -1.52666667
v 0.06597102 -0.00195580 -1.51833333
v 0.05871339 0.01235872 -1.52666667
v 0.06573929 0.00586053 -1.51833333
v 0.05683958 0.01921619 -1.52666667
v 0.06458473 0.01359459 -1.51833333
v 0.05416787 0.02580391 -1.52666667
v 0.06252354 0.02113781 -1.51833333
v 0.05073576 0.03202940 -1.52666667
v 0.05958466 0.02838430 -1.51833333
v 0.04659143 0.03780527 -1.52666667
v 0.05580934 0.03523234 -1.51833333
v 0.04179306 0.04305044 -1.52666667
v 0.05125057 0.04158580 -1.51833333
v 0.03640801 0.04769127 -1.52666667
v 0.04597237 0.04735548 -1.51833333
v 0.03051187 0.05166262 -1.52666667
v 0.04004881 0.05246039 -1.51833333
v 0.02418741 0.05490874 -1.52666667
v 0.03356305 0.05682888 -1.51833333
v 0.01752341 0.05738406 -1.52666667
v 0.02660615 0.06039961 -1.51833333
v 0.01061342 0.05905383 -1.52666667
v 0.01927575 0.06312246 -1.51833333
v 0.00355444 0.05989462 -1.52666667
v 0.01167476 0.06495922 -1.51833333
v -0.00355444 0.05989462 -1.52666667
v 0.00390988 0.06588409 -1.51833333
v -0.01061342 0.05905383 -1.52666667
v -0.00390988 0.06588409 -1.51833333
v -0.01752341 0.05738406 -1.52666667
v -0.01167476 0.06495922 -1.51833333
v -0.02418741 0.05490874 -1.52666667
v -0.01927575 0.06312246 -1.51833333
v -0.03051187 0.05166262 -1.52666667
v -0.02660615 0.06039961 -1.51833333
v -0.03640801 0.04769127 -1.52666667
v -0.03356305 0.05682888 -1.51833333
v -0.04179306 0.04305044 -1.52666667
v -0.04004881 0.05246039 -1.51833333
v -0.04659143 0.03780527 -1.52666667
v -0.04597237 0.04735548 -1.51833333
v -0.05073576 0.03202940 -1.52666667
v -0.05125057 0.04158580 -1.51833333
v -0.05416787 0.02580391 -1.52666667
v -0.05580934 0.03523234 -1.51833333
v -0.05683958 0.01921619 -1.52666667
v -0.05958466 0.02838430 -1.51833333
v -0.05871339 0.01235872 -1.52666667
v -0.06252354 0.02113781 -1.51833333
v -0.05976299 0.00532775 -1.52666667
v -0.06458473 0.01359459 -1.51833333
v -0.05997365 -0.00177800 -1.52666667
v -0.06573929 0.00586053 -1.51833333
v -0.05934241 -0.00885879 -1.52666667
v -0.06597102 -0.00195580 -1.51833333
v -0.05787813 -0.01581523 -1.52666667
v -0.06527665 -0.00974467 -1.51833333
v -0.05560138 -0.02254965 -1.52666667
v -0.06366595 -0.01739675 -1.51833333
v -0.05254410 -0.02896753 -1.52666667
v -0.06116151 -0.02480462 -1.51833333
v -0.04874921 -0.03497877 -1.52666667
v -0.05779851 -0.03186429 -1.51833333
v -0.04427000 -0.04049898 -1.52666667
v -0.05362413 -0.03847665 -1.51833333
v -0.03916933 -0.04545067 -1.52666667
v -0.04869700 -0.04454888 -1.51833333
v -0.03351881 -0.04976434 -1.52666667
v -0.04308626 -0.04999574 -1.51833333
v -0.02739775 -0.05337943 -1.52666667
v -0.03687069 -0.05474078 -1.51833333
v -0.02089210 -0.05624518 -1.52666667
v -0.03013753 -0.05871737 -1.51833333
v -0.01409316 -0.05832137 -1.52666667
v -0.02298131 -0.06186970 -1.51833333
v -0.00709639 -0.05957887 -1.52666667
v -0.01550248 -0.06415351 -1.51833333
v -0.00780603 -0.06553675 -1.51833333
v 0.00000000 -0.03400000 -1.55750000
v 0.00000000 -0.03900000 -1.55000000
v 0.00000000 -0.04400000 -1.54250000
v 0.00000000 -0.04900000 -1.53500000
v 0.00293040 -0.04891230 -1.53500000
v 0.00585032 -0.04864950 -1.53500000
v 0.00874929 -0.04821255 -1.53500000
v 0.01161694 -0.04760301 -1.53500000
v 0.01444300 -0.04682307 -1.53500000
v 0.01721737 -0.04587551 -1.53500000
v 0.01993010 -0.04476373 -1.53500000
v 0.02257148 -0.04349170 -1.53500000
v 0.02513206 -0.04206399 -1.53500000
v 0.02760268 -0.04048570 -1.53500000
v 0.02997449 -0.03876248 -1.53500000
v 0.03223900 -0.03690050 -1.53500000
v 0.03438810 -0.03490643 -1.53500000
v 0.03641410 -0.03278740 -1.53500000
v 0.03830974 -0.03055100 -1.53500000
v 0.04006825 -0.02820524 -1.53500000
v 0.04168332 -0.02575850 -1.53500000
v 0.04314918 -0.02321956 -1.53500000
v 0.04446058 -0.02059750 -1.53500000
v 0.04561281 -0.01790171 -1.53500000
v 0.04660177 -0.01514183 -1.53500000
v 0.04742390 -0.01232775 -1.53500000
v 0.04807627 -0.00946954 -1.53500000
v 0.04855654 -0.00657743 -1.53500000
v 0.04886299 -0.00366177 -1.53500000
v 0.04899452 -0.00073301 -1.53500000
v 0.04895066 0.00219838 -1.53500000
v 0.04873157 0.00512189 -1.53500000
v 0.04833804 0.00802708 -1.53500000
v 0.04777147 0.01090353 -1.53500000
v 0.04703389 0.01374094 -1.53500000
v 0.04612794 0.01652917 -1.53500000
v 0.04505686 0.01925823 -1.53500000
v 0.04382449 0.02191834 -1.53500000
v 0.04243524 0.02450000 -1.53500000
v 0.04089409 0.02699395 -1.53500000
v 0.03920654 0.02939127 -1.53500000
v 0.03737865 0.03168338 -1.53500000
v 0.03541695 0.03386207 -1.53500000
v 0.03332846 0.03591954 -1.53500000
v 0.03112067 0.03784843 -1.53500000
v 0.02880148 0.03964183 -1.53500000
v 0.02637918 0.04129333 -1.53500000
v 0.02386245 0.04279700 -1.53500000
v 0.02126030 0.04414747 -1.53500000
v 0.01858205 0.04533991 -1.53500000
v 0.01583727 0.04637004 -1.53500000
v 0.01303581 0.04723418 -1.53500000
v 0.01018767 0.04792923 -1.53500000
v 0.00730307 0.04845271 -1.53500000
v 0.00439233 0.04880274 -1.53500000
v 0.00146586 0.04897807 -1.53500000
v -0.00146586 0.04897807 -1.53500000
v -0.00439233 0.04880274 -1.53500000
v -0.00730307 0.04845271 -1.53500000
v -0.01018767 0.04792923 -1.53500000
v -0.01303581 0.04723418 -1.53500000
v -0.01583727 0.04637004 -1.53500000
v -0.01858205 0.04533991 -1.53500000
v -0.02126030 0.04414747 -1.53500000
v -0.02386245 0.04279700 -1.53500000
v -0.02637918 0.04129333 -1.53500000
v -0.02880148 0.03964183 -1.53500000
v -0.03112067 0.03784843 -1.53500000
v -0.03332846 0.03591954 -1.53500000
v -0.03541695 0.03386207 -1.53500000
v -0.03737865 0.03168338 -1.53500000
v -0.03920654 0.02939127 -1.53500000
v -0.04089409 0.02699395 -1.53500000
v -0.04243524 0.02450000 -1.53500000
v -0.04382449 0.02191834 -1.53500000
v -0.04505686 0.01925823 -1.53500000
v -0.04612794 0.01652917 -1.53500000
v -0.04703389 0.01374094 -1.53500000
v -0.04777147 0.01090353 -1.53500000
v -0.04833804 0.00802708 -1.53500000
v -0.04873157 0.00512189 -1.53500000
v -0.04895066 0.00219838 -1.53500000
v -0.04899452 -0.00073301 -1.53500000
v -0.04886299 -0.00366177 -1.53500000
v -0.04855654 -0.00657743 -1.53500000
v -0.04807627 -0.00946954 -1.53500000
v -0.04742390 -0.01232775 -1.53500000
v -0.04660177 -0.01514183 -1.53500000
v -0.04561281 -0.01790171 -1.53500000
v -0.04446058 -0.02059750 -1.53500000
v -0.04314918 -0.02321956 -1.53500000
v -0.04168332 -0.02575850 -1.53500000
v -0.04006825 -0.02820524 -1.53500000
v -0.03830974 -0.03055100 -1.53500000
v -0.03641410 -0.03278740 -1.53500000
v -0.03438810 -0.03490643 -1.53500000
v -0.03223900 -0.03690050 -1.53500000
v -0.02997449 -0.03876248 -1.53500000
v -0.02760268 -0.04048570 -1.53500000
v -0.02513206 -0.04206399 -1.53500000
v -0.02257148 -0.04349170 -1.53500000
v -0.01993010 -0.04476373 -1.53500000
v -0.01721737 -0.04587551 -1.53500000
v -0.01444300 -0.04682307 -1.53500000
v -0.01161694 -0.04760301 -1.53500000
v -0.00874929 -0.04821255 -1.53500000
v -0.00585032 -0.04864950 -1.53500000
v -0.00293040 -0.04891230 -1.53500000
v 0.00689872 0.03838499 -1.55000000
v 0.00992993 0.03251763 -1.55750000
v 0.00601427 0.03346384 -1.55750000
v 0.00201418 0.03394029 -1.55750000
v -0.00201418 0.03394029 -1.55750000
v 0.01285050 0.04208164 -1.54250000
v 0.01773743 0.04026641 -1.54250000
v 0.01139021 0.03729964 -1.55000000
v 0.00231038 0.03893151 -1.55000000
v -0.00601427 0.03346384 -1.55750000
v 0.00778317 0.04330615 -1.54250000
v -0.00231038 0.03893151 -1.55000000
v -0.00992993 0.03251763 -1.55750000
v 0.00260659 0.04392272 -1.54250000
v -0.00689872 0.03838499 -1.55000000
v -0.01370620 0.03111495 -1.55750000
v -0.00260659 0.04392272 -1.54250000
v -0.01139021 0.03729964 -1.55000000
v -0.01729006 0.02927548 -1.55750000
v -0.00778317 0.04330615 -1.54250000
v -0.01572181 0.03569068 -1.55000000
v -0.02063120 0.02702505 -1.55750000
v -0.01285050 0.04208164 -1.54250000
v -0.01983271 0.03358070 -1.55000000
v -0.02368273 0.02439525 -1.55750000
v -0.01773743 0.04026641 -1.54250000
v -0.02366521 0.03099932 -1.55000000
v -0.02640181 0.02142299 -1.55750000
v -0.02237537 0.03788592 -1.54250000
v -0.02716549 0.02798278 -1.55000000
v -0.02875026 0.01814999 -1.55750000
v -0.02669921 0.03497360 -1.54250000
v -0.03028443 0.02457343 -1.55000000
v -0.03069513 0.01462222 -1.55750000
v -0.03064825 0.03157032 -1.54250000
v -0.03297824 0.02081911 -1.55000000
v -0.03220910 0.01088918 -1.55750000
v -0.03416705 0.02772387 -1.54250000
v -0.03520912 0.01677254 -1.55000000
v -0.03327092 0.00700327 -1.55750000
v -0.03720622 0.02348823 -1.54250000
v -0.03694573 0.01249052 -1.55000000
v -0.03386569 0.00301906 -1.55750000
v -0.03972310 0.01892287 -1.54250000
v -0.03816370 0.00803317 -1.55000000
v -0.03398507 -0.00100753 -1.55750000
v -0.04168236 0.01409187 -1.54250000
v -0.03884594 0.00346304 -1.55000000
v -0.03362737 -0.00501998 -1.55750000
v -0.04305649 0.00906306 -1.54250000
v -0.03898287 -0.00115570 -1.55000000
v -0.03279761 -0.00896196 -1.55750000
v -0.04382619 0.00390702 -1.54250000
v -0.03857257 -0.00575822 -1.55000000
v -0.03150745 -0.01277814 -1.55750000
v -0.04398068 -0.00130387 -1.54250000
v -0.03762079 -0.01027990 -1.55000000
v -0.02977499 -0.01641493 -1.55750000
v -0.04351777 -0.00649645 -1.54250000
v -0.03614089 -0.01465728 -1.55000000
v -0.02762455 -0.01982130 -1.55750000
v -0.04244397 -0.01159784 -1.54250000
v -0.03415366 -0.01882890 -1.55000000
v -0.02508633 -0.02294942 -1.55750000
v -0.04077434 -0.01653641 -1.54250000
v -0.03168699 -0.02273620 -1.55000000
v -0.02219595 -0.02575538 -1.55750000
v -0.03853234 -0.02124286 -1.54250000
v -0.02877550 -0.02632434 -1.55000000
v -0.01899399 -0.02819979 -1.55750000
v -0.03574942 -0.02565110 -1.54250000
v -0.02546006 -0.02954294 -1.55000000
v -0.01552539 -0.03024834 -1.55750000
v -0.03246466 -0.02969925 -1.54250000
v -0.02178722 -0.03234682 -1.55000000
v -0.01183886 -0.03187227 -1.55750000
v -0.02872417 -0.03333049 -1.54250000
v -0.01780854 -0.03469663 -1.55000000
v -0.00798613 -0.03304878 -1.55750000
v -0.02458046 -0.03649385 -1.54250000
v -0.01357986 -0.03655937 -1.55000000
v -0.00402129 -0.03376136 -1.55750000
v -0.02009169 -0.03914491 -1.54250000
v -0.00916056 -0.03790889 -1.55000000
v -0.01532087 -0.04124647 -1.54250000
v -0.00461265 -0.03872626 -1.55000000
v -0.01033499 -0.04276901 -1.54250000
v -0.00520402 -0.04369117 -1.54250000
v 0.00402129 -0.03376136 -1.55750000
v 0.00798613 -0.03304878 -1.55750000
v 0.00461265 -0.03872626 -1.55000000
v 0.01183886 -0.03187227 -1.55750000
v 0.00916056 -0.03790889 -1.55000000
v 0.01552539 -0.03024834 -1.55750000
v 0.00520402 -0.04369117 -1.54250000
v 0.01357986 -0.03655937 -1.55000000
v 0.01899399 -0.02819979 -1.55750000
v 0.01033499 -0.04276901 -1.54250000
v 0.01780854 -0.03469663 -1.55000000
v 0.02219595 -0.02575538 -1.55750000
v 0.01532087 -0.04124647 -1.54250000
v 0.02178722 -0.03234682 -1.55000000
v 0.02508633 -0.02294942 -1.55750000
v 0.02009169 -0.03914491 -1.54250000
v 0.02546006 -0.02954294 -1.55000000
v 0.02762455 -0.01982130 -1.55750000
v 0.02458046 -0.03649385 -1.54250000
v 0.02877550 -0.02632434 -1.55000000
v 0.02977499 -0.01641493 -1.55750000
v 0.02872417 -0.03333049 -1.54250000
v 0.03168699 -0.02273620 -1.55000000
v 0.03150745 -0.01277814 -1.55750000
v 0.03246466 -0.02969925 -1.54250000
v 0.03415366 -0.01882890 -1.55000000
v 0.03279761 -0.00896196 -1.55750000
v 0.03574942 -0.02565110 -1.54250000
v 0.03614089 -0.01465728 -1.55000000
v 0.03362737 -0.00501998 -1.55750000
v 0.03853234 -0.02124286 -1.54250000
v 0.03762079 -0.01027990 -1.55000000
v 0.03398507 -0.00100753 -1.55750000
v 0.04077434 -0.01653641 -1.54250000
v 0.03857257 -0.00575822 -1.55000000
v 0.03386569 0.00301906 -1.55750000
v 0.04244397 -0.01159784 -1.54250000
v 0.03898287 -0.00115570 -1.55000000
v 0.03327092 0.00700327 -1.55750000
v 0.04351777 -0.00649645 -1.54250000
v 0.03884594 0.00346304 -1.55000000
v 0.03220910 0.01088918 -1.55750000
v 0.04398068 -0.00130387 -1.54250000
v 0.03816370 0.00803317 -1.55000000
v 0.03069513 0.01462222 -1.55750000
v 0.04382619 0.00390702 -1.54250000
v 0.03694573 0.01249052 -1.55000000
v 0.02875026 0.01814999 -1.55750000
v 0.04305649 0.00906306 -1.54250000
v 0.03520912 0.01677254 -1.55000000
v 0.02640181 0.02142299 -1.55750000
v 0.04168236 0.01409187 -1.54250000
v 0.03297824 0.02081911 -1.55000000
v 0.02368273 0.02439525 -1.55750000
v 0.03972310 0.01892287 -1.54250000
v 0.03028443 0.02457343 -1.55000000
v 0.02063120 0.02702505 -1.55750000
v 0.03720622 0.02348823 -1.54250000
v 0.02716549 0.02798278 -1.55000000
v 0.01729006 0.02927548 -1.55750000
v 0.03416705 0.02772387 -1.54250000
v 0.02366521 0.03099932 -1.55000000
v 0.01370620 0.03111495 -1.55750000
v 0.03064825 0.03157032 -1.54250000
v 0.01983271 0.03358070 -1.55000000
v 0.02669921 0.03497360 -1.54250000
v 0.01572181 0.03569068 -1.55000000
v 0.02237537 0.03788592 -1.54250000
v 0.00000000 -0.06598113 -1.51000000
v 0.00394595 -0.06586303 -1.51000000
v 0.00787777 -0.06550916 -1.51000000
v 0.01178139 -0.06492079 -1.51000000
v 0.01564283 -0.06410001 -1.51000000
v 0.01944828 -0.06304978 -1.51000000
v 0.02318411 -0.06177384 -1.51000000
v 0.02683694 -0.06027676 -1.51000000
v 0.03039371 -0.05856392 -1.51000000
v 0.03384167 -0.05664142 -1.51000000
v 0.03716850 -0.05451617 -1.51000000
v 0.04036226 -0.05219576 -1.51000000
v 0.04341154 -0.04968851 -1.51000000
v 0.04630542 -0.04700338 -1.51000000
v 0.04903354 -0.04414999 -1.51000000
v 0.05158613 -0.04113856 -1.51000000
v 0.05395405 -0.03797987 -1.51000000
v 0.05612883 -0.03468521 -1.51000000
v 0.05810269 -0.03126639 -1.51000000
v 0.05986855 -0.02773565 -1.51000000
v 0.06142010 -0.02410561 -1.51000000
v 0.06275179 -0.02038929 -1.51000000
v 0.06385883 -0.01659998 -1.51000000
v 0.06473728 -0.01275124 -1.51000000
v 0.06538399 -0.00885686 -1.51000000
v 0.06579664 -0.00493078 -1.51000000
v 0.06597375 -0.00098704 -1.51000000
v 0.06591469 0.00296023 -1.51000000
v 0.06561968 0.00689691 -1.51000000
v 0.06508977 0.01080889 -1.51000000
v 0.06432685 0.01468218 -1.51000000
v 0.06333366 0.01850292 -1.51000000
v 0.06211374 0.02225741 -1.51000000
v 0.06067148 0.02593224 -1.51000000
v 0.05901203 0.02951423 -1.51000000
v 0.05714134 0.03299057 -1.51000000
v 0.05506609 0.03634881 -1.51000000
v 0.05279372 0.03957693 -1.51000000
v 0.05033236 0.04266337 -1.51000000
v 0.04769082 0.04559710 -1.51000000
v 0.04487857 0.04836759 -1.51000000
v 0.04190566 0.05096495 -1.51000000
v 0.03878274 0.05337986 -1.51000000
v 0.03552098 0.05560368 -1.51000000
v 0.03213207 0.05762846 -1.51000000
v 0.02862814 0.05944695 -1.51000000
v 0.02502173 0.06105263 -1.51000000
v 0.02132574 0.06243975 -1.51000000
v 0.01755341 0.06360336 -1.51000000
v 0.01371825 0.06453929 -1.51000000
v 0.00983398 0.06524418 -1.51000000
v 0.00591450 0.06571551 -1.51000000
v 0.00197386 0.06595160 -1.51000000
v -0.00197386 0.06595160 -1.51000000
v -0.00591450 0.06571551 -1.51000000
v -0.00983398 0.06524418 -1.51000000
v -0.01371825 0.06453929 -1.51000000
v -0.01755341 0.06360336 -1.51000000
v -0.02132574 0.06243975 -1.51000000
v -0.02502173 0.06105263 -1.51000000
v -0.02862814 0.05944695 -1.51000000
v -0.03213207 0.05762846 -1.51000000
v -0.03552098 0.05560368 -1.51000000
v -0.03878274 0.05337986 -1.51000000
v -0.04190566 0.05096495 -1.51000000
v -0.04487857 0.04836759 -1.51000000
v -0.04769082 0.04559710 -1.51000000
v -0.05033236 0.04266337 -1.51000000
v -0.05279372 0.03957693 -1.51000000
v -0.05506609 0.03634881 -1.51000000
v -0.05714134 0.03299057 -1.51000000
v -0.05901203 0.02951423 -1.51000000
v -0.06067148 0.02593224 -1.51000000
v -0.06211374 0.02225741 -1.51000000
v -0.06333366 0.01850292 -1.51000000
v -0.06432685 0.01468218 -1.51000000
v -0.06508977 0.01080889 -1.51000000
v -0.06561968 0.00689691 -1.51000000
v -0.06591469 0.00296023 -1.51000000
v -0.06597375 -0.00098704 -1.51000000
v -0.06579664 -0.00493078 -1.51000000
v -0.06538399 -0.00885686 -1.51000000
v -0.06473728 -0.01275124 -1.51000000
v -0.06385883 -0.01659998 -1.51000000
v -0.06275179 -0.02038929 -1.51000000
v -0.06142010 -0.02410561 -1.51000000
v -0.05986855 -0.02773565 -1.51000000
v -0.05810269 -0.03126639 -1.51000000
v -0.05612883 -0.03468521 -1.51000000
v -0.05395405 -0.03797987 -1.51000000
v -0.05158613 -0.04113856 -1.51000000
v -0.04903354 -0.04414999 -1.51000000
v -0.04630542 -0.04700338 -1.51000000
v -0.04341154 -0.04968851 -1.51000000
v -0.04036226 -0.05219576 -1.51000000
v -0.03716850 -0.05451617 -1.51000000
v -0.03384167 -0.05664142 -1.51000000
v -0.03039371 -0.05856392 -1.51000000
v -0.02683694 -0.06027676 -1.51000000
v -0.02318411 -0.06177384 -1.51000000
v -0.01944828 -0.06304978 -1.51000000
v -0.01564283 -0.06410001 -1.51000000
v -0.01178139 -0.06492079 -1.51000000
v -0.00787777 -0.06550916 -1.51000000
v -0.00394595 -0.06586303 -1.51000000
v 0.00000000 -0.05466038 -1.52666667
v 0.00000000 -0.06032075 -1.51833333
v 0.00646486 -0.05427672 -1.52666667
v 0.01283896 -0.05313114 -1.52666667
v 0.00713433 -0.05989737 -1.51833333
v 0.01903283 -0.05123971 -1.52666667
v 0.01416850 -0.05863316 -1.51833333
v 0.02495953 -0.04862899 -1.52666667
v 0.02100379 -0.05654586 -1.51833333
v 0.03053584 -0.04533563 -1.52666667
v 0.02754422 -0.05366479 -1.51833333
v 0.03568350 -0.04140585 -1.52666667
v 0.03369799 -0.05003038 -1.51833333
v 0.04033025 -0.03689483 -1.52666667
v 0.03937872 -0.04569365 -1.51833333
v 0.04441084 -0.03186588 -1.52666667
v 0.04450666 -0.04071548 -1.51833333
v 0.04786800 -0.02638960 -1.52666667
v 0.04900982 -0.03516576 -1.51833333
v 0.05065320 -0.02054288 -1.52666667
v 0.05282499 -0.02912239 -1.51833333
v 0.05272734 -0.01440777 -1.52666667
v 0.05589862 -0.02267020 -1.51833333
v 0.05406131 -0.00807042 -1.52666667
v 0.05818755 -0.01589978 -1.51833333
v 0.05463637 -0.00161977 -1.52666667
v 0.05965965 -0.00890615 -1.51833333
v 0.05444446 0.00485362 -1.52666667
v 0.06029426 -0.00178750 -1.51833333
v 0.05348827 0.01125887 -1.52666667
v 0.06008248 0.00535624 -1.51833333
v 0.05178122 0.01750607 -1.52666667
v 0.05902727 0.01242479 -1.51833333
v 0.04934727 0.02350753 -1.52666667
v 0.05714344 0.01931892 -1.51833333
v 0.04622060 0.02917899 -1.52666667
v 0.05445745 0.02594186 -1.51833333
v 0.04244509 0.03444084 -1.52666667
v 0.05100699 0.03220063 -1.51833333
v 0.03807374 0.03921922 -1.52666667
v 0.04684051 0.03800737 -1.51833333
v 0.03316792 0.04344704 -1.52666667
v 0.04201648 0.04328058 -1.51833333
v 0.02779650 0.04706497 -1.52666667
v 0.03660264 0.04794622 -1.51833333
v 0.02203488 0.05002220 -1.52666667
v 0.03067498 0.05193880 -1.51833333
v 0.01596393 0.05227724 -1.52666667
v 0.02431671 0.05520227 -1.51833333
v 0.00966889 0.05379841 -1.52666667
v 0.01761708 0.05769083 -1.51833333
v 0.00323812 0.05456438 -1.52666667
v 0.01067015 0.05936953 -1.51833333
v -0.00323812 0.05456438 -1.52666667
v 0.00357344 0.06021482 -1.51833333
v -0.00966889 0.05379841 -1.52666667
v -0.00357344 0.06021482 -1.51833333
v -0.01596393 0.05227724 -1.52666667
v -0.01067015 0.05936953 -1.51833333
v -0.02203488 0.05002220 -1.52666667
v -0.01761708 0.05769083 -1.51833333
v -0.02779650 0.04706497 -1.52666667
v -0.02431671 0.05520227 -1.51833333
v -0.03316792 0.04344704 -1.52666667
v -0.03067498 0.05193880 -1.51833333
v -0.03807374 0.03921922 -1.52666667
v -0.03660264 0.04794622 -1.51833333
v -0.04244509 0.03444084 -1.52666667
v -0.04201648 0.04328058 -1.51833333
v -0.04622060 0.02917899 -1.52666667
v -0.04684051 0.03800737 -1.51833333
v -0.04934727 0.02350753 -1.52666667
v -0.05100699 0.03220063 -1.51833333
v -0.05178122 0.01750607 -1.52666667
v -0.05445745 0.02594186 -1.51833333
v -0.05348827 0.01125887 -1.52666667
v -0.05714344 0.01931892 -1.51833333
v -0.05444446 0.00485362 -1.52666667
v -0.05902727 0.01242479 -1.51833333
v -0.05463637 -0.00161977 -1.52666667
v -0.06008248 0.00535624 -1.51833333
v -0.05406131 -0.00807042 -1.52666667
v -0.06029426 -0.00178750 -1.51833333
v -0.05272734 -0.01440777 -1.52666667
v -0.05965965 -0.00890615 -1.51833333
v -0.05065320 -0.02054288 -1.52666667
v -0.05818755 -0.01589978 -1.51833333
v -0.04786800 -0.02638960 -1.52666667
v -0.05589862 -0.02267020 -1.51833333
v -0.04441084 -0.03186588 -1.52666667
v -0.05282499 -0.02912239 -1.51833333
v -0.04033025 -0.03689483 -1.52666667
v -0.04900982 -0.03516576 -1.51833333
v -0.03568350 -0.04140585 -1.52666667
v -0.04450666 -0.04071548 -1.51833333
v -0.03053584 -0.04533563 -1.52666667
v -0.03937872 -0.04569365 -1.51833333
v -0.02495953 -0.04862899 -1.52666667
v -0.03369799 -0.05003038 -1.51833333
v -0.01903283 -0.05123971 -1.52666667
v -0.02754422 -0.05366479 -1.51833333
v -0.01283896 -0.05313114 -1.52666667
v -0.02100379 -0.05654586 -1.51833333
v -0.00646486 -0.05427672 -1.52666667
v -0.01416850 -0.05863316 -1.51833333
v -0.00713433 -0.05989737 -1.51833333
f 106 1 2
f 107 106 2
f 108 2 3
f 108 3 4
f 108 107 2
f 109 4 5
f 109 108 4
f 110 109 5
f 111 5 6
f 111 6 7
f 111 110 5
f 112 111 7
f 113 7 8
f 113 112 7
f 114 8 9
f 114 113 8
f 115 9 10
f 115 114 9
f 116 10 11
f 116 115 10
f 117 11 12
f 117 116 11
f 118 12 13
f 118 13 14
f 118 117 12
f 119 118 14
f 120 14 15
f 120 119 14
f 121 15 16
f 121 120 15
f 122 16 17
f 122 121 16
f 123 17 18
f 123 18 19
f 123 122 17
f 124 19 20
f 124 123 19
f 125 124 20
f 126 20 21
f 126 125 20
f 127 21 22
f 127 22 23
f 127 126 21
f 128 127 23
f 128 23 24
f 129 128 24
f 130 129 24
f 130 24 25
f 131 130 25
f 131 25 26
f 131 26 27
f 132 131 27
f 133 132 27
f 133 27 28
f 134 28 29
f 134 133 28
f 134 29 30
f 135 30 31
f 135 134 30
f 136 135 31
f 137 31 32
f 137 32 33
f 137 136 31
f 138 33 34
f 138 137 33
f 139 138 34
f 140 34 35
f 140 139 34
f 141 35 36
f 141 140 35
f 142 36 37
f 142 37 38
f 142 141 36
f 143 142 38
f 144 38 39
f 144 143 38
f 145 39 40
f 145 144 39
f 146 40 41
f 146 41 42
f 146 145 40
f 147 42 43
f 147 146 42
f 148 43 44
f 148 147 43
f 149 44 45
f 149 148 44
f 150 149 45
f 151 45 46
f 151 150 45
f 152 46 47
f 152 47 48
f 152 151 46
f 153 152 48
f 154 153 48
f 154 48 49
f 154 49 50
f 155 154 50
f 155 50 51
f 156 155 51
f 156 51 52
f 157 156 52
f 158 157 52
f 158 52 53
f 159 158 53
f 159 53 54
f 159 54 55
f 160 159 55
f 161 160 55
f 161 55 56
f 161 56 57
f 162 161 57
f 163 162 57
f 163 57 58
f 163 58 59
f 164 163 59
f 165 164 59
f 165 59 60
f 166 165 60
f 166 60 61
f 166 61 62
f 167 166 62
f 168 167 62
f 168 62 63
f 168 63 64
f 169 168 64
f 170 64 65
f 170 65 66
f 170 169 64
f 171 170 66
f 172 66 67
f 172 171 66
f 173 67 68
f 173 68 69
f 173 172 67
f 174 173 69
f 175 69 70
f 175 70 71
f 175 174 69
f 176 71 72
f 176 175 71
f 177 72 73
f 177 176 72
f 178 177 73
f 179 178 73
f 179 73 74
f 180 179 74
f 180 74 75
f 181 180 75
f 181 75 76
f 182 181 76
f 182 76 77
f 182 77 78
f 183 182 78
f 184 183 78
f 184 78 79
f 184 79 80
f 185 184 80
f 186 185 80
f 186 80 81
f 186 81 82
f 187 186 82
f 188 187 82
f 188 82 83
f 189 188 83
f 189 83 84
f 189 84 85
f 190 189 85
f 190 85 86
f 191 190 86
f 192 191 86
f 192 86 87
f 193 192 87
f 193 87 88
f 194 193 88
f 194 88 89
f 194 89 90
f 195 194 90
f 196 195 90
f 196 90 91
f 196 91 92
f 197 196 92
f 197 92 93
f 198 197 93
f 198 93 94
f 199 198 94
f 199 94 95
f 200 199 95
f 201 200 95
f 201 95 96
f 201 96 97
f 202 201 97
f 203 202 97
f 203 97 98
f 204 203 98
f 204 98 99
f 204 99 100
f 205 204 100
f 205 100 101
f 206 205 101
f 207 101 102
f 207 102 103
f 207 206 101
f 208 207 103
f 209 103 104
f 209 208 103
f 210 104 105
f 210 209 104
f 106 105 1
f 106 210 105
f 276 277 67
f 276 67 66
f 278 67 277
f 278 68 67
f 278 69 68
f 275 276 66
f 275 65 64
f 275 66 65
f 279 69 278
f 274 275 64
f 280 69 279
f 280 70 69
f 280 71 70
f 273 274 64
f 273 64 63
f 281 71 280
f 281 72 71
f 272 273 63
f 272 63 62
f 282 72 281
f 282 73 72
f 271 62 61
f 271 272 62
f 283 73 282
f 270 271 61
f 270 60 59
f 270 61 60
f 284 73 283
f 284 74 73
f 269 270 59
f 285 75 74
f 285 76 75
f 285 74 284
f 268 269 59
f 268 59 58
f 286 77 76
f 286 76 285
f 267 58 57
f 267 268 58
f 287 78 77
f 287 77 286
f 266 57 56
f 266 267 57
f 288 78 287
f 265 266 56
f 265 56 55
f 289 79 78
f 289 78 288
f 264 265 55
f 264 55 54
f 290 79 289
f 290 80 79
f 263 264 54
f 263 54 53
f 291 80 290
f 291 81 80
f 262 263 53
f 262 53 52
f 292 81 291
f 292 82 81
f 261 262 52
f 261 52 51
f 293 82 292
f 293 83 82
f 260 261 51
f 260 51 50
f 294 83 293
f 294 84 83
f 259 260 50
f 259 50 49
f 295 84 294
f 295 85 84
f 258 259 49
f 258 49 48
f 86 85 295
f 296 86 295
f 257 258 48
f 257 48 47
f 297 86 296
f 297 87 86
f 256 47 46
f 256 257 47
f 45 256 46
f 298 87 297
f 298 88 87
f 255 256 45
f 299 88 298
f 299 89 88
f 254 45 44
f 254 255 45
f 300 90 89
f 300 89 299
f 253 44 43
f 253 254 44
f 301 91 90
f 301 90 300
f 252 253 43
f 252 43 42
f 302 92 91
f 302 91 301
f 251 252 42
f 251 42 41
f 93 92 302
f 93 302 303
f 250 251 41
f 40 250 41
f 304 93 303
f 94 93 304
f 249 250 40
f 39 249 40
f 95 94 304
f 95 304 305
f 38 249 39
f 38 248 249
f 306 95 305
f 96 95 306
f 247 248 38
f 37 247 38
f 97 96 306
f 97 306 307
f 36 246 247
f 36 247 37
f 98 307 308
f 98 97 307
f 35 245 246
f 35 246 36
f 99 308 309
f 99 98 308
f 34 244 245
f 34 245 35
f 100 309 310
f 100 99 309
f 33 243 244
f 33 244 34
f 242 243 33
f 101 310 311
f 101 100 310
f 32 242 33
f 312 101 311
f 241 242 32
f 102 101 312
f 31 241 32
f 313 102 312
f 103 102 313
f 314 103 313
f 30 240 241
f 30 241 31
f 239 240 30
f 104 103 314
f 29 239 30
f 105 314 315
f 105 104 314
f 28 238 239
f 28 239 29
f 1 315 211
f 1 105 315
f 27 238 28
f 27 237 238
f 2 211 212
f 2 1 211
f 26 236 237
f 26 237 27
f 3 212 213
f 3 2 212
f 25 234 235
f 25 235 236
f 25 236 26
f 4 213 214
f 4 3 213
f 24 234 25
f 5 214 215
f 5 4 214
f 23 232 233
f 23 233 234
f 23 234 24
f 6 215 216
f 6 5 215
f 22 232 23
f 7 216 217
f 7 6 216
f 21 230 231
f 21 231 232
f 21 232 22
f 8 217 218
f 8 218 219
f 8 7 217
f 20 229 230
f 20 230 21
f 9 8 219
f 19 229 20
f 10 219 220
f 10 9 219
f 18 227 228
f 18 228 229
f 18 229 19
f 11 10 220
f 11 220 221
f 11 221 222
f 17 227 18
f 17 226 227
f 12 11 222
f 16 226 17
f 13 222 223
f 13 223 224
f 13 12 222
f 15 225 226
f 15 226 16
f 14 224 225
f 14 225 15
f 14 13 224
f 316 106 107
f 319 318 317
f 316 210 106
f 318 422 317
f 423 107 108
f 423 108 109
f 423 316 107
f 424 109 110
f 424 110 111
f 424 423 109
f 425 320 319
f 425 321 320
f 425 317 316
f 425 319 317
f 425 316 423
f 425 423 424
f 426 111 112
f 426 112 113
f 426 424 111
f 427 321 425
f 427 322 321
f 427 323 322
f 427 425 424
f 428 113 114
f 428 114 115
f 428 426 113
f 429 324 323
f 429 325 324
f 429 424 426
f 429 323 427
f 429 427 424
f 430 115 116
f 430 116 117
f 430 428 115
f 431 428 430
f 431 326 325
f 431 327 326
f 431 426 428
f 431 325 429
f 431 429 426
f 432 117 118
f 432 118 119
f 432 430 117
f 433 328 327
f 433 329 328
f 433 431 430
f 433 327 431
f 434 119 120
f 434 120 121
f 434 432 119
f 435 329 433
f 435 330 329
f 435 331 330
f 435 433 430
f 435 432 434
f 435 430 432
f 436 121 122
f 436 122 123
f 436 434 121
f 437 435 434
f 437 332 331
f 437 333 332
f 437 331 435
f 438 436 123
f 438 123 124
f 438 124 125
f 439 334 333
f 439 335 334
f 439 434 436
f 439 437 434
f 439 333 437
f 440 438 125
f 440 125 126
f 440 126 127
f 441 336 335
f 441 337 336
f 441 335 439
f 441 439 436
f 441 436 438
f 442 127 128
f 442 128 129
f 442 440 127
f 443 337 441
f 443 441 438
f 443 338 337
f 443 339 338
f 443 438 440
f 444 129 130
f 444 130 131
f 444 442 129
f 445 443 440
f 445 340 339
f 445 341 340
f 445 440 442
f 445 339 443
f 446 444 131
f 446 131 132
f 446 132 133
f 447 341 445
f 447 445 442
f 447 342 341
f 447 343 342
f 447 442 444
f 448 133 134
f 448 134 135
f 448 446 133
f 449 444 446
f 449 344 343
f 449 345 344
f 449 447 444
f 449 343 447
f 449 446 448
f 450 135 136
f 450 136 137
f 450 448 135
f 451 345 449
f 451 346 345
f 451 347 346
f 451 449 448
f 452 137 138
f 452 138 139
f 452 450 137
f 453 451 448
f 453 347 451
f 453 348 347
f 453 349 348
f 453 448 450
f 454 139 140
f 454 452 139
f 454 140 141
f 455 349 453
f 455 453 450
f 455 350 349
f 455 351 350
f 455 450 452
f 456 141 142
f 456 142 143
f 456 454 141
f 457 352 351
f 457 353 352
f 457 351 455
f 457 455 452
f 457 452 454
f 458 143 144
f 458 144 145
f 458 456 143
f 459 457 454
f 459 454 456
f 459 354 353
f 459 355 354
f 459 353 457
f 460 458 145
f 460 145 146
f 460 146 147
f 461 459 456
f 461 456 458
f 461 355 459
f 461 356 355
f 461 357 356
f 461 458 460
f 462 460 147
f 462 147 148
f 462 148 149
f 463 358 357
f 463 359 358
f 463 461 460
f 463 460 462
f 463 357 461
f 464 462 149
f 464 149 150
f 464 150 151
f 465 359 463
f 465 463 462
f 465 360 359
f 465 361 360
f 466 464 151
f 466 151 152
f 466 152 153
f 467 465 462
f 467 462 464
f 467 362 361
f 467 363 362
f 467 361 465
f 467 464 466
f 468 153 154
f 468 154 155
f 468 466 153
f 469 467 466
f 469 363 467
f 469 364 363
f 469 365 364
f 470 155 156
f 470 156 157
f 470 468 155
f 471 469 466
f 471 468 470
f 471 366 365
f 471 367 366
f 471 365 469
f 471 466 468
f 472 470 157
f 472 157 158
f 473 367 471
f 473 368 367
f 473 369 368
f 473 471 470
f 474 158 159
f 474 159 160
f 474 472 158
f 475 470 472
f 475 370 369
f 475 473 470
f 475 369 473
f 476 474 160
f 476 160 161
f 476 161 162
f 477 472 474
f 477 475 472
f 477 370 475
f 477 371 370
f 477 372 371
f 478 476 162
f 478 162 163
f 478 163 164
f 479 477 474
f 479 474 476
f 479 373 372
f 479 374 373
f 479 372 477
f 479 476 478
f 480 164 165
f 480 165 166
f 480 478 164
f 481 374 479
f 481 479 478
f 481 478 480
f 481 375 374
f 481 376 375
f 482 166 167
f 482 480 166
f 482 167 168
f 483 376 481
f 483 481 480
f 483 377 376
f 483 378 377
f 484 168 169
f 484 169 170
f 484 482 168
f 485 378 483
f 485 480 482
f 485 379 378
f 485 380 379
f 485 483 480
f 486 484 170
f 486 170 171
f 486 171 172
f 487 380 485
f 487 381 380
f 487 382 381
f 487 482 484
f 487 485 482
f 488 172 173
f 488 173 174
f 488 486 172
f 489 382 487
f 489 487 484
f 489 484 486
f 489 383 382
f 489 486 488
f 489 384 383
f 490 174 175
f 490 175 176
f 490 488 174
f 491 384 489
f 491 385 384
f 491 386 385
f 491 489 488
f 492 176 177
f 492 177 178
f 492 490 176
f 493 490 492
f 493 386 491
f 493 488 490
f 493 387 386
f 493 388 387
f 493 491 488
f 494 492 178
f 494 178 179
f 494 179 180
f 495 493 492
f 495 389 388
f 495 390 389
f 495 388 493
f 496 494 180
f 496 180 181
f 496 181 182
f 497 495 492
f 497 492 494
f 497 390 495
f 497 391 390
f 497 392 391
f 498 496 182
f 498 182 183
f 498 183 184
f 499 494 496
f 499 497 494
f 499 392 497
f 499 393 392
f 499 394 393
f 500 498 184
f 500 184 185
f 500 185 186
f 501 496 498
f 501 499 496
f 501 394 499
f 501 395 394
f 501 396 395
f 502 500 186
f 502 186 187
f 502 187 188
f 503 498 500
f 503 501 498
f 503 500 502
f 503 396 501
f 503 397 396
f 503 398 397
f 504 502 188
f 504 188 189
f 504 189 190
f 505 398 503
f 505 399 398
f 505 400 399
f 505 503 502
f 506 504 190
f 506 190 191
f 506 191 192
f 507 505 502
f 507 502 504
f 507 400 505
f 507 401 400
f 507 402 401
f 508 506 192
f 508 192 193
f 508 193 194
f 509 504 506
f 509 507 504
f 509 506 508
f 509 402 507
f 509 403 402
f 509 404 403
f 510 508 194
f 510 194 195
f 510 195 196
f 511 509 508
f 511 404 509
f 511 405 404
f 511 406 405
f 512 510 196
f 512 196 197
f 512 197 198
f 513 508 510
f 513 511 508
f 513 406 511
f 513 407 406
f 513 408 407
f 514 512 198
f 514 198 199
f 514 199 200
f 515 513 510
f 515 408 513
f 515 409 408
f 515 510 512
f 515 410 409
f 516 200 201
f 516 201 202
f 516 514 200
f 517 412 411
f 517 410 515
f 517 512 514
f 517 515 512
f 517 411 410
f 518 516 202
f 518 202 203
f 518 203 204
f 519 413 412
f 519 414 413
f 519 517 514
f 519 514 516
f 519 412 517
f 520 518 204
f 520 204 205
f 520 205 206
f 521 415 414
f 521 416 415
f 521 519 516
f 521 414 519
f 521 516 518
f 522 206 207
f 522 207 208
f 522 520 206
f 523 417 416
f 523 418 417
f 523 518 520
f 523 416 521
f 523 521 518
f 524 208 209
f 524 209 210
f 524 210 316
f 524 522 208
f 525 419 418
f 525 420 419
f 525 520 522
f 525 523 520
f 525 418 523
f 526 316 317
f 526 421 420
f 526 422 421
f 526 420 525
f 526 522 524
f 526 525 522
f 526 524 316
f 526 317 422
f 527 212 211
f 528 212 527
f 529 213 212
f 529 212 528
f 530 214 213
f 530 215 214
f 530 213 529
f 531 215 530
f 532 216 215
f 532 215 531
f 533 217 216
f 533 216 532
f 534 218 217
f 534 217 533
f 535 219 218
f 535 218 534
f 536 220 219
f 536 219 535
f 537 221 220
f 537 220 536
f 538 222 221
f 538 221 537
f 539 223 222
f 539 224 223
f 539 222 538
f 540 225 224
f 540 224 539
f 541 225 540
f 542 226 225
f 542 227 226
f 542 225 541
f 543 227 542
f 544 228 227
f 544 227 543
f 545 229 228
f 545 228 544
f 546 230 229
f 546 231 230
f 546 229 545
f 547 232 231
f 547 231 546
f 548 232 547
f 549 232 548
f 549 233 232
f 550 233 549
f 550 234 233
f 550 235 234
f 551 235 550
f 552 235 551
f 552 236 235
f 552 237 236
f 553 237 552
f 554 237 553
f 554 238 237
f 555 239 238
f 555 238 554
f 555 240 239
f 556 240 555
f 557 241 240
f 557 242 241
f 557 240 556
f 558 242 557
f 559 243 242
f 559 244 243
f 559 242 558
f 560 244 559
f 561 245 244
f 561 244 560
f 562 246 245
f 562 247 246
f 562 245 561
f 563 248 247
f 563 247 562
f 564 248 563
f 565 249 248
f 565 250 249
f 565 248 564
f 566 250 565
f 567 251 250
f 567 250 566
f 568 252 251
f 568 253 252
f 568 251 567
f 569 254 253
f 569 253 568
f 570 255 254
f 570 254 569
f 571 255 570
f 572 256 255
f 572 255 571
f 573 257 256
f 573 256 572
f 574 258 257
f 574 259 258
f 574 257 573
f 575 259 574
f 575 260 259
f 576 260 575
f 576 261 260
f 577 261 576
f 578 261 577
f 578 262 261
f 579 262 578
f 579 263 262
f 580 263 579
f 580 264 263
f 580 265 264
f 581 265 580
f 581 266 265
f 582 266 581
f 583 266 582
f 583 267 266
f 583 268 267
f 584 268 583
f 585 268 584
f 585 269 268
f 586 269 585
f 586 270 269
f 586 271 270
f 587 271 586
f 588 271 587
f 588 272 271
f 588 273 272
f 589 273 588
f 590 274 273
f 590 273 589
f 591 275 274
f 591 276 275
f 591 274 590
f 592 277 276
f 592 276 591
f 593 278 277
f 593 277 592
f 594 278 593
f 595 279 278
f 595 280 279
f 595 278 594
f 596 281 280
f 596 280 595
f 597 281 596
f 598 282 281
f 598 283 282
f 598 281 597
f 599 283 598
f 600 283 599
f 600 284 283
f 601 284 600
f 601 285 284
f 602 285 601
f 602 286 285
f 602 287 286
f 603 287 602
f 604 287 603
f 604 288 287
f 605 288 604
f 605 289 288
f 606 289 605
f 606 290 289
f 607 290 606
f 607 291 290
f 608 291 607
f 608 292 291
f 608 293 292
f 609 293 608
f 610 293 609
f 610 294 293
f 610 295 294
f 611 295 610
f 611 296 295
f 612 296 611
f 613 296 612
f 613 297 296
f 613 298 297
f 614 298 613
f 615 298 614
f 615 299 298
f 616 299 615
f 616 300 299
f 616 301 300
f 617 301 616
f 617 302 301
f 618 302 617
f 619 302 618
f 619 303 302
f 619 304 303
f 620 304 619
f 621 304 620
f 621 305 304
f 621 306 305
f 622 306 621
f 623 307 306
f 623 308 307
f 623 306 622
f 624 308 623
f 625 308 624
f 625 309 308
f 626 309 625
f 626 310 309
f 627 312 311
f 627 310 626
f 627 311 310
f 628 313 312
f 628 312 627
f 629 313 628
f 630 314 313
f 630 315 314
f 630 313 629
f 631 315 630
f 527 211 315
f 527 315 631
f 740 741 742
f 740 666 743
f 740 667 666
f 740 668 667
f 740 743 741
f 744 745 359
f 744 359 360
f 744 360 361
f 632 318 319
f 746 747 748
f 746 749 747
f 750 742 751
f 750 740 742
f 750 751 749
f 750 669 668
f 750 670 669
f 750 668 740
f 752 744 361
f 752 361 362
f 752 362 363
f 753 746 748
f 753 748 745
f 753 745 744
f 754 671 670
f 754 672 671
f 754 750 749
f 754 670 750
f 755 752 363
f 755 363 364
f 755 364 365
f 756 753 744
f 636 635 634
f 757 672 754
f 757 673 672
f 757 674 673
f 757 749 746
f 757 754 749
f 758 755 365
f 758 365 366
f 758 366 367
f 759 756 744
f 759 744 752
f 760 757 746
f 760 753 756
f 760 674 757
f 760 675 674
f 760 676 675
f 760 746 753
f 761 758 367
f 761 367 368
f 761 368 369
f 762 759 752
f 762 752 755
f 762 755 758
f 763 676 760
f 763 760 756
f 763 677 676
f 763 678 677
f 764 369 370
f 764 761 369
f 765 762 758
f 766 763 756
f 766 756 759
f 766 679 678
f 766 680 679
f 766 678 763
f 767 764 370
f 767 370 371
f 767 371 372
f 768 765 758
f 768 758 761
f 769 759 762
f 769 762 765
f 769 681 680
f 769 682 681
f 769 680 766
f 769 766 759
f 770 372 373
f 770 373 374
f 770 767 372
f 771 761 764
f 771 764 767
f 771 768 761
f 772 769 765
f 772 683 682
f 772 684 683
f 772 682 769
f 773 374 375
f 773 375 376
f 773 770 374
f 774 771 767
f 775 684 772
f 775 772 765
f 775 685 684
f 775 686 685
f 775 765 768
f 776 773 376
f 776 376 377
f 776 377 378
f 777 767 770
f 777 774 767
f 778 768 771
f 778 775 768
f 778 687 686
f 778 771 774
f 778 686 775
f 779 378 379
f 779 379 380
f 779 776 378
f 780 770 773
f 780 777 770
f 781 687 778
f 781 688 687
f 781 689 688
f 781 778 774
f 782 380 381
f 782 381 382
f 782 779 380
f 783 773 776
f 783 780 773
f 784 690 689
f 784 691 690
f 784 774 777
f 784 689 781
f 784 781 774
f 785 782 382
f 785 382 383
f 785 383 384
f 786 783 776
f 786 776 779
f 787 777 780
f 787 692 691
f 787 693 692
f 787 784 777
f 787 691 784
f 788 785 384
f 788 384 385
f 788 385 386
f 789 786 779
f 789 779 782
f 789 782 785
f 790 694 693
f 790 695 694
f 790 693 787
f 790 787 780
f 790 780 783
f 791 788 386
f 791 386 387
f 791 387 388
f 792 785 788
f 792 789 785
f 793 695 790
f 793 790 783
f 793 696 695
f 793 697 696
f 793 783 786
f 794 791 388
f 794 388 389
f 794 389 390
f 795 792 788
f 796 789 792
f 796 793 786
f 796 698 697
f 796 699 698
f 796 697 793
f 796 786 789
f 797 794 390
f 797 390 391
f 797 391 392
f 798 788 791
f 798 791 794
f 798 795 788
f 799 792 795
f 799 796 792
f 799 699 796
f 799 700 699
f 799 701 700
f 800 797 392
f 800 392 393
f 800 393 394
f 801 798 794
f 802 701 799
f 802 799 795
f 802 702 701
f 802 703 702
f 803 800 394
f 803 394 395
f 803 395 396
f 804 794 797
f 804 801 794
f 805 795 798
f 805 703 802
f 805 802 795
f 805 704 703
f 805 705 704
f 806 803 396
f 806 396 397
f 806 397 398
f 807 797 800
f 807 800 803
f 807 804 797
f 808 705 805
f 808 805 798
f 808 706 705
f 808 707 706
f 808 798 801
f 809 398 399
f 809 399 400
f 809 806 398
f 810 807 803
f 811 801 804
f 811 707 808
f 811 808 801
f 811 708 707
f 811 709 708
f 812 809 400
f 812 400 401
f 812 401 402
f 813 803 806
f 813 806 809
f 813 810 803
f 814 804 807
f 814 709 811
f 814 811 804
f 814 710 709
f 814 711 710
f 815 812 402
f 815 402 403
f 815 403 404
f 816 809 812
f 816 813 809
f 817 807 810
f 817 711 814
f 817 814 807
f 817 712 711
f 817 713 712
f 818 815 404
f 818 404 405
f 818 405 406
f 819 816 812
f 819 812 815
f 820 810 813
f 820 713 817
f 820 817 810
f 820 714 713
f 820 715 714
f 821 818 406
f 821 406 407
f 821 407 408
f 822 819 815
f 823 813 816
f 823 715 820
f 823 716 715
f 823 717 716
f 823 820 813
f 824 821 408
f 824 408 409
f 824 409 410
f 825 822 815
f 825 815 818
f 826 823 816
f 826 816 819
f 826 718 717
f 826 719 718
f 826 717 823
f 827 824 410
f 827 410 411
f 827 411 412
f 828 825 818
f 828 818 821
f 829 819 822
f 829 826 819
f 829 720 719
f 829 721 720
f 829 719 826
f 830 827 412
f 830 412 413
f 830 413 414
f 831 828 821
f 831 824 827
f 831 821 824
f 832 822 825
f 832 829 822
f 832 722 721
f 832 721 829
f 832 723 722
f 833 830 414
f 833 414 415
f 833 415 416
f 834 831 827
f 835 825 828
f 835 723 832
f 835 832 825
f 835 724 723
f 835 725 724
f 836 833 416
f 836 416 417
f 836 417 418
f 837 827 830
f 837 834 827
f 838 828 831
f 838 835 828
f 838 725 835
f 838 726 725
f 838 727 726
f 839 418 419
f 839 419 420
f 839 836 418
f 840 830 833
f 840 837 830
f 841 728 727
f 841 729 728
f 841 838 831
f 841 727 838
f 841 831 834
f 842 420 421
f 842 421 422
f 842 422 632
f 842 839 420
f 843 840 833
f 843 833 836
f 844 730 729
f 844 731 730
f 844 834 837
f 844 729 841
f 844 841 834
f 845 836 839
f 845 843 836
f 846 732 731
f 846 733 732
f 846 837 840
f 846 731 844
f 846 844 837
f 847 632 633
f 847 842 632
f 847 839 842
f 847 845 839
f 848 734 733
f 848 735 734
f 848 733 846
f 848 840 843
f 848 846 840
f 848 843 845
f 849 736 735
f 849 737 736
f 849 735 848
f 849 848 845
f 850 633 634
f 850 738 737
f 850 739 738
f 850 737 849
f 850 634 739
f 850 847 633
f 850 845 847
f 850 849 845
f 632 422 318
f 635 739 634
f 851 319 320
f 851 320 321
f 851 632 319
f 852 321 322
f 852 322 323
f 852 851 321
f 853 323 324
f 853 324 325
f 853 852 323
f 854 633 632
f 854 632 851
f 855 325 326
f 855 326 327
f 855 853 325
f 856 852 853
f 856 851 852
f 856 854 851
f 857 327 328
f 857 328 329
f 857 855 327
f 858 856 853
f 859 637 636
f 859 638 637
f 859 634 633
f 859 633 854
f 859 636 634
f 860 857 329
f 860 329 330
f 860 330 331
f 861 855 857
f 861 853 855
f 861 858 853
f 862 639 638
f 862 640 639
f 862 638 859
f 862 854 856
f 862 859 854
f 863 331 332
f 863 332 333
f 863 860 331
f 864 857 860
f 864 861 857
f 865 641 640
f 865 642 641
f 865 640 862
f 865 856 858
f 865 862 856
f 866 333 334
f 866 334 335
f 866 863 333
f 867 864 860
f 868 643 642
f 868 644 643
f 868 865 858
f 868 861 864
f 868 642 865
f 868 858 861
f 869 335 336
f 869 336 337
f 869 866 335
f 870 867 860
f 870 860 863
f 871 645 644
f 871 646 645
f 871 644 868
f 871 868 864
f 872 337 338
f 872 338 339
f 872 869 337
f 873 866 869
f 873 870 863
f 873 863 866
f 874 647 646
f 874 648 647
f 874 646 871
f 874 871 864
f 874 864 867
f 875 339 340
f 875 340 341
f 875 872 339
f 876 869 872
f 876 873 869
f 877 867 870
f 877 649 648
f 877 650 649
f 877 874 867
f 877 648 874
f 878 341 342
f 878 342 343
f 878 875 341
f 879 876 872
f 880 651 650
f 880 652 651
f 880 873 876
f 880 877 870
f 880 870 873
f 880 650 877
f 881 343 344
f 881 344 345
f 881 878 343
f 882 872 875
f 882 879 872
f 883 652 880
f 883 653 652
f 883 654 653
f 883 876 879
f 883 880 876
f 884 345 346
f 884 346 347
f 884 881 345
f 885 882 875
f 885 878 881
f 885 875 878
f 886 655 654
f 886 656 655
f 886 883 879
f 886 654 883
f 887 347 348
f 887 348 349
f 887 884 347
f 888 885 881
f 889 879 882
f 889 657 656
f 889 658 657
f 889 886 879
f 889 656 886
f 889 882 885
f 890 887 349
f 890 349 350
f 890 350 351
f 891 884 887
f 891 888 881
f 891 881 884
f 892 889 885
f 892 659 658
f 892 658 889
f 892 660 659
f 892 885 888
f 893 890 351
f 893 351 352
f 893 352 353
f 741 891 887
f 894 660 892
f 894 661 660
f 894 662 661
f 894 892 888
f 747 893 353
f 747 353 354
f 747 354 355
f 742 741 887
f 742 887 890
f 895 894 888
f 895 663 662
f 895 664 663
f 895 891 741
f 895 888 891
f 895 662 894
f 748 747 355
f 748 355 356
f 748 356 357
f 751 893 747
f 751 890 893
f 751 742 890
f 743 664 895
f 743 665 664
f 743 666 665
f 743 895 741
f 745 357 358
f 745 358 359
f 745 748 357
f 749 751 747
f 896 528 527
f 899 897 898
f 896 527 631
f 898 897 1002
f 1003 529 528
f 1003 530 529
f 1003 528 896
f 1004 531 530
f 1004 532 531
f 1004 530 1003
f 1005 899 900
f 1005 900 901
f 1005 896 897
f 1005 897 899
f 1005 1003 896
f 1006 533 532
f 1006 534 533
f 1006 532 1004
f 1007 901 902
f 1007 1005 901
f 1007 902 903
f 1007 1003 1005
f 1007 1004 1003
f 1008 535 534
f 1008 536 535
f 1008 534 1006
f 1009 1004 1007
f 1009 903 904
f 1009 904 905
f 1009 1006 1004
f 1009 1007 903
f 1010 537 536
f 1010 538 537
f 1010 536 1008
f 1011 1010 1008
f 1011 905 906
f 1011 906 907
f 1011 1008 1006
f 1011 1009 905
f 1011 1006 1009
f 1012 538 1010
f 1012 539 538
f 1012 540 539
f 1013 907 908
f 1013 908 909
f 1013 1010 1011
f 1013 1011 907
f 1013 1012 1010
f 1014 541 540
f 1014 542 541
f 1014 540 1012
f 1015 909 910
f 1015 910 911
f 1015 1013 909
f 1015 1012 1013
f 1016 543 542
f 1016 544 543
f 1016 542 1014
f 1017 1012 1015
f 1017 911 912
f 1017 912 913
f 1017 1014 1012
f 1017 1015 911
f 1018 544 1016
f 1018 545 544
f 1018 546 545
f 1019 913 914
f 1019 914 915
f 1019 1016 1014
f 1019 1017 913
f 1019 1014 1017
f 1019 1018 1016
f 1020 546 1018
f 1020 547 546
f 1020 548 547
f 1021 915 916
f 1021 916 917
f 1021 1018 1019
f 1021 1019 915
f 1021 1020 1018
f 1022 549 548
f 1022 550 549
f 1022 548 1020
f 1023 1020 1021
f 1023 1021 917
f 1023 917 918
f 1023 918 919
f 1024 551 550
f 1024 552 551
f 1024 550 1022
f 1025 919 920
f 1025 920 921
f 1025 1024 1022
f 1025 1022 1020
f 1025 1020 1023
f 1025 1023 919
f 1026 552 1024
f 1026 553 552
f 1026 554 553
f 1027 1025 921
f 1027 1024 1025
f 1027 921 922
f 1027 922 923
f 1028 555 554
f 1028 556 555
f 1028 554 1026
f 1029 1026 1024
f 1029 1027 923
f 1029 923 924
f 1029 924 925
f 1029 1024 1027
f 1030 557 556
f 1030 558 557
f 1030 556 1028
f 1031 925 926
f 1031 926 927
f 1031 1028 1026
f 1031 1026 1029
f 1031 1029 925
f 1032 558 1030
f 1032 559 558
f 1032 560 559
f 1033 1032 1030
f 1033 927 928
f 1033 928 929
f 1033 1028 1031
f 1033 1031 927
f 1033 1030 1028
f 1034 561 560
f 1034 562 561
f 1034 560 1032
f 1035 1032 1033
f 1035 929 930
f 1035 930 931
f 1035 1033 929
f 1036 563 562
f 1036 564 563
f 1036 562 1034
f 1037 1034 1032
f 1037 931 932
f 1037 932 933
f 1037 1035 931
f 1037 1032 1035
f 1038 564 1036
f 1038 565 564
f 1038 566 565
f 1039 1036 1034
f 1039 1034 1037
f 1039 1037 933
f 1039 933 934
f 1039 934 935
f 1040 566 1038
f 1040 567 566
f 1040 568 567
f 1041 1036 1039
f 1041 935 936
f 1041 936 937
f 1041 1038 1036
f 1041 1039 935
f 1042 568 1040
f 1042 569 568
f 1042 570 569
f 1043 1041 937
f 1043 1040 1038
f 1043 1038 1041
f 1043 937 938
f 1043 938 939
f 1043 1042 1040
f 1044 570 1042
f 1044 571 570
f 1044 572 571
f 1045 1042 1043
f 1045 1043 939
f 1045 939 940
f 1045 1044 1042
f 1045 940 941
f 1046 572 1044
f 1046 573 572
f 1046 574 573
f 1047 941 942
f 1047 942 943
f 1047 1044 1045
f 1047 1045 941
f 1048 575 574
f 1048 576 575
f 1048 574 1046
f 1049 1046 1044
f 1049 943 944
f 1049 944 945
f 1049 1047 943
f 1049 1044 1047
f 1050 577 576
f 1050 578 577
f 1050 576 1048
f 1051 1046 1049
f 1051 945 946
f 1051 946 947
f 1051 1048 1046
f 1051 1049 945
f 1052 579 578
f 1052 578 1050
f 1053 1050 1048
f 1053 1052 1050
f 1053 1051 947
f 1053 947 948
f 1053 948 949
f 1053 1048 1051
f 1054 580 579
f 1054 581 580
f 1054 579 1052
f 1055 1053 949
f 1055 949 950
f 1055 1052 1053
f 1056 582 581
f 1056 583 582
f 1056 581 1054
f 1057 1054 1052
f 1057 1052 1055
f 1057 1055 950
f 1057 1056 1054
f 1057 950 951
f 1057 951 952
f 1058 583 1056
f 1058 584 583
f 1058 585 584
f 1059 1056 1057
f 1059 1058 1056
f 1059 1057 952
f 1059 952 953
f 1059 953 954
f 1060 585 1058
f 1060 586 585
f 1060 587 586
f 1061 1059 954
f 1061 954 955
f 1061 955 956
f 1061 1058 1059
f 1062 587 1060
f 1062 588 587
f 1062 589 588
f 1063 1062 1060
f 1063 1058 1061
f 1063 1060 1058
f 1063 956 957
f 1063 957 958
f 1063 1061 956
f 1064 589 1062
f 1064 590 589
f 1064 591 590
f 1065 958 959
f 1065 959 960
f 1065 1063 958
f 1065 1062 1063
f 1066 591 1064
f 1066 592 591
f 1066 593 592
f 1067 1066 1064
f 1067 1065 960
f 1067 960 961
f 1067 961 962
f 1067 1064 1062
f 1067 1062 1065
f 1068 594 593
f 1068 595 594
f 1068 593 1066
f 1069 1067 962
f 1069 1068 1066
f 1069 1066 1067
f 1069 962 963
f 1069 963 964
f 1070 596 595
f 1070 597 596
f 1070 595 1068
f 1071 1069 964
f 1071 1068 1069
f 1071 964 965
f 1071 965 966
f 1072 597 1070
f 1072 598 597
f 1072 599 598
f 1073 1068 1071
f 1073 1070 1068
f 1073 1071 966
f 1073 966 967
f 1073 967 968
f 1074 599 1072
f 1074 600 599
f 1074 601 600
f 1075 1073 968
f 1075 1070 1073
f 1075 1072 1070
f 1075 968 969
f 1075 969 970
f 1075 1074 1072
f 1076 602 601
f 1076 603 602
f 1076 601 1074
f 1077 1075 970
f 1077 970 971
f 1077 971 972
f 1077 1074 1075
f 1078 603 1076
f 1078 604 603
f 1078 605 604
f 1079 1076 1074
f 1079 1078 1076
f 1079 1077 972
f 1079 1074 1077
f 1079 972 973
f 1079 973 974
f 1080 606 605
f 1080 607 606
f 1080 605 1078
f 1081 1078 1079
f 1081 1079 974
f 1081 974 975
f 1081 975 976
f 1082 607 1080
f 1082 608 607
f 1082 609 608
f 1083 1078 1081
f 1083 1080 1078
f 1083 1081 976
f 1083 976 977
f 1083 977 978
f 1084 609 1082
f 1084 610 609
f 1084 611 610
f 1085 1082 1080
f 1085 1080 1083
f 1085 1084 1082
f 1085 1083 978
f 1085 978 979
f 1085 979 980
f 1086 611 1084
f 1086 612 611
f 1086 613 612
f 1087 1084 1085
f 1087 1085 980
f 1087 980 981
f 1087 981 982
f 1088 613 1086
f 1088 614 613
f 1088 615 614
f 1089 1084 1087
f 1089 1086 1084
f 1089 1088 1086
f 1089 1087 982
f 1089 982 983
f 1089 983 984
f 1090 615 1088
f 1090 616 615
f 1090 617 616
f 1091 1088 1089
f 1091 1089 984
f 1091 984 985
f 1091 985 986
f 1092 618 617
f 1092 619 618
f 1092 617 1090
f 1093 1088 1091
f 1093 1090 1088
f 1093 1091 986
f 1093 986 987
f 1093 1092 1090
f 1093 987 988
f 1094 620 619
f 1094 619 1092
f 1094 621 620
f 1095 1092 1093
f 1095 1093 988
f 1095 988 989
f 1095 989 990
f 1096 622 621
f 1096 623 622
f 1096 621 1094
f 1097 991 992
f 1097 1095 990
f 1097 1094 1092
f 1097 1092 1095
f 1097 990 991
f 1098 623 1096
f 1098 624 623
f 1098 625 624
f 1099 992 993
f 1099 993 994
f 1099 1094 1097
f 1099 1096 1094
f 1099 1097 992
f 1100 625 1098
f 1100 626 625
f 1100 627 626
f 1101 994 995
f 1101 1098 1096
f 1101 995 996
f 1101 1096 1099
f 1101 1099 994
f 1102 628 627
f 1102 629 628
f 1102 627 1100
f 1103 996 997
f 1103 997 998
f 1103 1098 1101
f 1103 1100 1098
f 1103 1101 996
f 1104 630 629
f 1104 631 630
f 1104 896 631
f 1104 629 1102
f 1105 998 999
f 1105 999 1000
f 1105 1103 998
f 1105 1102 1100
f 1105 1100 1103
f 1106 897 896
f 1106 1000 1001
f 1106 1001 1002
f 1106 896 1104
f 1106 1105 1000
f 1106 1104 1102
f 1106 1102 1105
f 1106 1002 897
f 1215 1216 1217
f 1218 1219 1220
f 1218 1180 1219
f 1218 1220 1216
f 1218 1181 1180
f 1218 1182 1181
f 1221 1222 711
f 1221 711 712
f 1221 712 713
f 1107 635 636
f 1223 1224 1222
f 1223 1215 1224
f 1223 1222 1221
f 1225 1218 1216
f 1225 1182 1218
f 1225 1216 1215
f 1225 1183 1182
f 1225 1184 1183
f 1226 1221 713
f 1226 713 714
f 1226 714 715
f 1227 1223 1221
f 1228 1225 1215
f 1228 1215 1223
f 1228 1184 1225
f 1228 1223 1227
f 1228 1185 1184
f 1228 1186 1185
f 1229 1226 715
f 1229 715 716
f 1229 716 717
f 1111 1110 1109
f 1230 1227 1221
f 1230 1221 1226
f 1231 1186 1228
f 1231 1228 1227
f 1231 1227 1230
f 1231 1187 1186
f 1231 1188 1187
f 1232 1229 717
f 1232 717 718
f 1232 718 719
f 1233 1226 1229
f 1233 1230 1226
f 1234 1231 1230
f 1234 1188 1231
f 1234 1189 1188
f 1234 1190 1189
f 1235 719 720
f 1235 1232 719
f 1235 720 721
f 1236 1229 1232
f 1236 1233 1229
f 1237 1234 1230
f 1237 1230 1233
f 1237 1191 1190
f 1237 1192 1191
f 1237 1190 1234
f 1238 1235 721
f 1238 721 722
f 1238 722 723
f 1239 1232 1235
f 1239 1236 1232
f 1240 1192 1237
f 1240 1233 1236
f 1240 1193 1192
f 1240 1194 1193
f 1240 1237 1233
f 1241 1238 723
f 1241 723 724
f 1241 724 725
f 1242 1238 1241
f 1242 1235 1238
f 1242 1239 1235
f 1243 1240 1236
f 1243 1236 1239
f 1243 1239 1242
f 1243 1194 1240
f 1243 1195 1194
f 1243 1196 1195
f 1244 725 726
f 1244 726 727
f 1244 1241 725
f 1245 1242 1241
f 1246 1243 1242
f 1246 1196 1243
f 1246 1197 1196
f 1246 1198 1197
f 1247 1244 727
f 1247 727 728
f 1247 728 729
f 1248 1241 1244
f 1248 1245 1241
f 1249 1242 1245
f 1249 1246 1242
f 1249 1198 1246
f 1249 1199 1198
f 1249 1200 1199
f 1250 1247 729
f 1250 729 730
f 1250 730 731
f 1251 1244 1247
f 1251 1248 1244
f 1252 1245 1248
f 1252 1249 1245
f 1252 1200 1249
f 1252 1201 1200
f 1252 1202 1201
f 1253 1250 731
f 1253 731 732
f 1253 732 733
f 1254 1251 1247
f 1254 1250 1253
f 1254 1247 1250
f 1255 1203 1202
f 1255 1204 1203
f 1255 1251 1254
f 1255 1252 1248
f 1255 1202 1252
f 1255 1248 1251
f 1256 1253 733
f 1256 733 734
f 1256 734 735
f 1257 1254 1253
f 1258 1205 1204
f 1258 1206 1205
f 1258 1204 1255
f 1258 1255 1254
f 1259 735 736
f 1259 736 737
f 1259 1256 735
f 1260 1253 1256
f 1260 1257 1253
f 1261 1207 1206
f 1261 1208 1207
f 1261 1206 1258
f 1261 1254 1257
f 1261 1258 1254
f 1262 737 738
f 1262 738 739
f 1262 1107 1108
f 1262 739 1107
f 1262 1259 737
f 1263 1256 1259
f 1263 1260 1256
f 1264 1209 1208
f 1264 1210 1209
f 1264 1208 1261
f 1264 1257 1260
f 1264 1261 1257
f 1264 1260 1263
f 1265 1262 1108
f 1265 1259 1262
f 1265 1263 1259
f 1266 1211 1210
f 1266 1212 1211
f 1266 1210 1264
f 1266 1264 1263
f 1267 1108 1109
f 1267 1213 1212
f 1267 1214 1213
f 1267 1109 1214
f 1267 1212 1266
f 1267 1265 1108
f 1267 1263 1265
f 1267 1266 1263
f 1107 739 635
f 1110 1214 1109
f 1268 636 637
f 1268 637 638
f 1268 1107 636
f 1269 638 639
f 1269 639 640
f 1269 1268 638
f 1270 1268 1269
f 1270 1108 1107
f 1270 1107 1268
f 1271 640 641
f 1271 641 642
f 1271 1269 640
f 1272 1270 1269
f 1273 1112 1111
f 1273 1113 1112
f 1273 1109 1108
f 1273 1108 1270
f 1273 1111 1109
f 1274 642 643
f 1274 643 644
f 1274 1271 642
f 1275 1269 1271
f 1275 1272 1269
f 1276 1114 1113
f 1276 1115 1114
f 1276 1270 1272
f 1276 1113 1273
f 1276 1273 1270
f 1277 1274 644
f 1277 644 645
f 1277 645 646
f 1278 1271 1274
f 1278 1275 1271
f 1279 1276 1272
f 1279 1115 1276
f 1279 1116 1115
f 1279 1117 1116
f 1279 1272 1275
f 1280 646 647
f 1280 647 648
f 1280 1277 646
f 1281 1277 1280
f 1281 1274 1277
f 1281 1278 1274
f 1282 1278 1281
f 1282 1118 1117
f 1282 1119 1118
f 1282 1275 1278
f 1282 1117 1279
f 1282 1279 1275
f 1283 1280 648
f 1283 648 649
f 1283 649 650
f 1284 1280 1283
f 1284 1281 1280
f 1285 1282 1281
f 1285 1120 1119
f 1285 1121 1120
f 1285 1119 1282
f 1286 650 651
f 1286 651 652
f 1286 1283 650
f 1287 1284 1283
f 1288 1122 1121
f 1288 1123 1122
f 1288 1121 1285
f 1288 1285 1281
f 1288 1281 1284
f 1289 1286 652
f 1289 652 653
f 1289 653 654
f 1290 1287 1283
f 1290 1283 1286
f 1291 1124 1123
f 1291 1125 1124
f 1291 1284 1287
f 1291 1123 1288
f 1291 1288 1284
f 1292 654 655
f 1292 655 656
f 1292 1289 654
f 1293 1290 1286
f 1293 1286 1289
f 1294 1287 1290
f 1294 1126 1125
f 1294 1127 1126
f 1294 1291 1287
f 1294 1125 1291
f 1295 656 657
f 1295 657 658
f 1295 1292 656
f 1296 1293 1289
f 1296 1289 1292
f 1297 1128 1127
f 1297 1129 1128
f 1297 1127 1294
f 1297 1290 1293
f 1297 1294 1290
f 1297 1293 1296
f 1298 658 659
f 1298 659 660
f 1298 1295 658
f 1299 1296 1292
f 1299 1292 1295
f 1300 1297 1296
f 1300 1130 1129
f 1300 1131 1130
f 1300 1129 1297
f 1301 1298 660
f 1301 660 661
f 1301 661 662
f 1302 1299 1295
f 1302 1298 1301
f 1302 1295 1298
f 1303 1132 1131
f 1303 1133 1132
f 1303 1131 1300
f 1303 1296 1299
f 1303 1300 1296
f 1304 662 663
f 1304 663 664
f 1304 1301 662
f 1305 1302 1301
f 1306 1134 1133
f 1306 1135 1134
f 1306 1133 1303
f 1306 1299 1302
f 1306 1303 1299
f 1307 1304 664
f 1307 664 665
f 1307 665 666
f 1308 1301 1304
f 1308 1305 1301
f 1308 1304 1307
f 1309 1306 1302
f 1309 1135 1306
f 1309 1136 1135
f 1309 1137 1136
f 1309 1302 1305
f 1310 1307 666
f 1310 666 667
f 1310 667 668
f 1311 1308 1307
f 1312 1305 1308
f 1312 1309 1305
f 1312 1138 1137
f 1312 1139 1138
f 1312 1137 1309
f 1313 668 669
f 1313 669 670
f 1313 1310 668
f 1314 1307 1310
f 1314 1311 1307
f 1315 1140 1139
f 1315 1141 1140
f 1315 1139 1312
f 1315 1311 1314
f 1315 1308 1311
f 1315 1312 1308
f 1316 1313 670
f 1316 670 671
f 1316 671 672
f 1317 1314 1310
f 1317 1313 1316
f 1317 1310 1313
f 1318 1141 1315
f 1318 1142 1141
f 1318 1143 1142
f 1318 1315 1314
f 1319 1316 672
f 1319 672 673
f 1319 673 674
f 1320 1317 1316
f 1320 1316 1319
f 1321 1318 1314
f 1321 1144 1143
f 1321 1145 1144
f 1321 1143 1318
f 1321 1314 1317
f 1322 674 675
f 1322 675 676
f 1322 1319 674
f 1323 1320 1319
f 1323 1319 1322
f 1324 1317 1320
f 1324 1146 1145
f 1324 1147 1146
f 1324 1321 1317
f 1324 1145 1321
f 1325 676 677
f 1325 677 678
f 1325 1322 676
f 1326 1323 1322
f 1327 1320 1323
f 1327 1147 1324
f 1327 1148 1147
f 1327 1323 1326
f 1327 1149 1148
f 1327 1324 1320
f 1328 678 679
f 1328 679 680
f 1328 1325 678
f 1329 1322 1325
f 1329 1326 1322
f 1330 1327 1326
f 1330 1149 1327
f 1330 1150 1149
f 1330 1151 1150
f 1331 1328 680
f 1331 680 681
f 1331 681 682
f 1332 1325 1328
f 1332 1329 1325
f 1333 1330 1326
f 1333 1326 1329
f 1333 1151 1330
f 1333 1329 1332
f 1333 1152 1151
f 1333 1153 1152
f 1334 1331 682
f 1334 682 683
f 1334 683 684
f 1335 1332 1328
f 1335 1328 1331
f 1336 1153 1333
f 1336 1154 1153
f 1336 1155 1154
f 1336 1333 1332
f 1337 684 685
f 1337 685 686
f 1337 1334 684
f 1338 1335 1331
f 1338 1331 1334
f 1339 1336 1332
f 1339 1332 1335
f 1339 1156 1155
f 1339 1157 1156
f 1339 1155 1336
f 1340 686 687
f 1340 1337 686
f 1341 1338 1334
f 1341 1334 1337
f 1342 1157 1339
f 1342 1158 1157
f 1342 1159 1158
f 1342 1335 1338
f 1342 1339 1335
f 1343 1340 687
f 1343 687 688
f 1343 688 689
f 1344 1337 1340
f 1344 1341 1337
f 1345 1159 1342
f 1345 1342 1338
f 1345 1160 1159
f 1345 1161 1160
f 1345 1338 1341
f 1346 689 690
f 1346 690 691
f 1346 1343 689
f 1347 1340 1343
f 1347 1343 1346
f 1347 1344 1340
f 1348 1341 1344
f 1348 1345 1341
f 1348 1161 1345
f 1348 1162 1161
f 1348 1163 1162
f 1348 1344 1347
f 1349 691 692
f 1349 692 693
f 1349 1346 691
f 1350 1347 1346
f 1351 1348 1347
f 1351 1164 1163
f 1351 1163 1348
f 1351 1347 1350
f 1352 693 694
f 1352 694 695
f 1352 1349 693
f 1353 1346 1349
f 1353 1350 1346
f 1354 1165 1164
f 1354 1166 1165
f 1354 1351 1350
f 1354 1164 1351
f 1355 695 696
f 1355 696 697
f 1355 1352 695
f 1356 1349 1352
f 1356 1353 1349
f 1357 1167 1166
f 1357 1168 1167
f 1357 1350 1353
f 1357 1166 1354
f 1357 1354 1350
f 1357 1353 1356
f 1358 697 698
f 1358 698 699
f 1358 1355 697
f 1359 1355 1358
f 1359 1356 1352
f 1359 1352 1355
f 1360 1356 1359
f 1360 1169 1168
f 1360 1170 1169
f 1360 1168 1357
f 1360 1357 1356
f 1361 699 700
f 1361 700 701
f 1361 1358 699
f 1362 1358 1361
f 1362 1359 1358
f 1363 1170 1360
f 1363 1171 1170
f 1363 1172 1171
f 1363 1360 1359
f 1364 1361 701
f 1364 701 702
f 1364 702 703
f 1365 1362 1361
f 1366 1359 1362
f 1366 1172 1363
f 1366 1173 1172
f 1366 1174 1173
f 1366 1363 1359
f 1367 1364 703
f 1367 703 704
f 1367 704 705
f 1368 1365 1361
f 1368 1361 1364
f 1369 1362 1365
f 1369 1366 1362
f 1369 1174 1366
f 1369 1175 1174
f 1369 1176 1175
f 1217 1367 705
f 1217 705 706
f 1217 706 707
f 1220 1368 1364
f 1220 1364 1367
f 1370 1369 1365
f 1370 1365 1368
f 1370 1368 1220
f 1370 1176 1369
f 1370 1177 1176
f 1370 1178 1177
f 1224 1217 707
f 1224 707 708
f 1224 708 709
f 1216 1367 1217
f 1216 1220 1367
f 1219 1370 1220
f 1219 1178 1370
f 1219 1179 1178
f 1219 1180 1179
f 1222 1224 709
f 1222 709 710
f 1222 710 711
f 1215 1217 1224
f 1479 929 1480
f 1481 1395 1396
f 1481 1396 1397
f 1481 1482 1395
f 1481 1484 1483
f 1481 1485 1484
f 1481 1483 1482
f 1486 1488 1487
f 1371 899 898
f 1486 1489 1488
f 1486 1480 1489
f 1490 932 931
f 1490 933 932
f 1490 931 1479
f 1491 1397 1398
f 1491 1398 1399
f 1491 1485 1481
f 1491 1481 1397
f 1492 1480 1486
f 1493 934 933
f 1493 935 934
f 1493 933 1490
f 1494 1399 1400
f 1494 1400 1401
f 1494 1491 1399
f 1494 1487 1485
f 1494 1485 1491
f 1495 1480 1492
f 1495 1479 1480
f 1496 936 935
f 1496 937 936
f 1496 935 1493
f 1497 1486 1487
f 1497 1487 1494
f 1497 1401 1402
f 1497 1402 1403
f 1497 1494 1401
f 1497 1492 1486
f 1375 1373 1374
f 1498 1479 1495
f 1498 1490 1479
f 1499 937 1496
f 1499 938 937
f 1499 939 938
f 1500 1492 1497
f 1500 1403 1404
f 1500 1404 1405
f 1500 1497 1403
f 1501 1490 1498
f 1501 1493 1490
f 1502 940 939
f 1502 941 940
f 1502 939 1499
f 1503 1492 1500
f 1503 1495 1492
f 1503 1405 1406
f 1503 1406 1407
f 1503 1498 1495
f 1503 1500 1405
f 1504 1493 1501
f 1504 1496 1493
f 1505 941 1502
f 1505 942 941
f 1505 943 942
f 1506 1503 1407
f 1506 1407 1408
f 1506 1408 1409
f 1506 1498 1503
f 1507 1496 1504
f 1507 1499 1496
f 1507 1502 1499
f 1508 944 943
f 1508 945 944
f 1508 943 1505
f 1509 1501 1498
f 1509 1409 1410
f 1509 1410 1411
f 1509 1506 1409
f 1509 1498 1506
f 1510 1502 1507
f 1511 946 945
f 1511 947 946
f 1511 945 1508
f 1512 1501 1509
f 1512 1411 1412
f 1512 1412 1413
f 1512 1509 1411
f 1512 1504 1501
f 1513 1508 1505
f 1513 1502 1510
f 1513 1505 1502
f 1514 948 947
f 1514 949 948
f 1514 947 1511
f 1515 1510 1507
f 1515 1512 1413
f 1515 1504 1512
f 1515 1413 1414
f 1515 1414 1415
f 1515 1507 1504
f 1516 1508 1513
f 1517 949 1514
f 1517 950 949
f 1518 1510 1515
f 1518 1415 1416
f 1518 1416 1417
f 1518 1515 1415
f 1519 1508 1516
f 1519 1511 1508
f 1520 951 950
f 1520 952 951
f 1520 950 1517
f 1521 1417 1418
f 1521 1418 1419
f 1521 1510 1518
f 1521 1518 1417
f 1521 1513 1510
f 1522 1517 1514
f 1522 1514 1511
f 1522 1511 1519
f 1523 953 952
f 1523 954 953
f 1523 952 1520
f 1524 1513 1521
f 1524 1516 1513
f 1524 1419 1420
f 1524 1420 1421
f 1524 1521 1419
f 1525 1520 1517
f 1525 1517 1522
f 1526 954 1523
f 1526 955 954
f 1526 956 955
f 1527 1516 1524
f 1527 1421 1422
f 1527 1422 1423
f 1527 1519 1516
f 1527 1524 1421
f 1528 1520 1525
f 1529 957 956
f 1529 958 957
f 1529 956 1526
f 1530 1527 1423
f 1530 1522 1519
f 1530 1423 1424
f 1530 1424 1425
f 1530 1519 1527
f 1531 1523 1520
f 1531 1520 1528
f 1532 958 1529
f 1532 959 958
f 1532 960 959
f 1533 1528 1525
f 1533 1525 1522
f 1533 1530 1425
f 1533 1425 1426
f 1533 1522 1530
f 1534 1523 1531
f 1534 1529 1526
f 1534 1526 1523
f 1535 960 1532
f 1535 961 960
f 1535 962 961
f 1536 1426 1427
f 1536 1427 1428
f 1536 1528 1533
f 1536 1533 1426
f 1537 1529 1534
f 1538 962 1535
f 1538 963 962
f 1538 964 963
f 1539 1531 1528
f 1539 1428 1429
f 1539 1429 1430
f 1539 1536 1428
f 1539 1528 1536
f 1540 1529 1537
f 1540 1532 1529
f 1541 964 1538
f 1541 965 964
f 1541 966 965
f 1542 1430 1431
f 1542 1431 1432
f 1542 1534 1531
f 1542 1531 1539
f 1542 1539 1430
f 1542 1537 1534
f 1543 1535 1532
f 1543 1532 1540
f 1544 966 1541
f 1544 967 966
f 1544 968 967
f 1545 1537 1542
f 1545 1432 1433
f 1545 1433 1434
f 1545 1542 1432
f 1546 1535 1543
f 1546 1538 1535
f 1547 968 1544
f 1547 969 968
f 1547 970 969
f 1548 1537 1545
f 1548 1434 1435
f 1548 1435 1436
f 1548 1545 1434
f 1548 1540 1537
f 1549 1538 1546
f 1549 1541 1538
f 1550 970 1547
f 1550 971 970
f 1550 972 971
f 1551 1548 1436
f 1551 1540 1548
f 1551 1543 1540
f 1551 1436 1437
f 1551 1437 1438
f 1552 1544 1541
f 1552 1541 1549
f 1553 973 972
f 1553 974 973
f 1553 972 1550
f 1554 1551 1438
f 1554 1543 1551
f 1554 1438 1439
f 1554 1439 1440
f 1554 1546 1543
f 1555 1547 1544
f 1555 1544 1552
f 1556 974 1553
f 1556 975 974
f 1556 976 975
f 1557 1554 1440
f 1557 1546 1554
f 1557 1549 1546
f 1557 1440 1441
f 1557 1441 1442
f 1558 1550 1547
f 1558 1547 1555
f 1559 977 976
f 1559 978 977
f 1559 976 1556
f 1560 1549 1557
f 1560 1557 1442
f 1560 1442 1443
f 1560 1443 1444
f 1560 1552 1549
f 1561 1553 1550
f 1561 1550 1558
f 1562 978 1559
f 1562 979 978
f 1562 980 979
f 1563 1552 1560
f 1563 1560 1444
f 1563 1555 1552
f 1563 1444 1445
f 1563 1445 1446
f 1564 1556 1553
f 1564 1553 1561
f 1565 980 1562
f 1565 981 980
f 1565 982 981
f 1566 1563 1446
f 1566 1555 1563
f 1566 1558 1555
f 1566 1446 1447
f 1566 1447 1448
f 1567 1559 1556
f 1567 1556 1564
f 1568 982 1565
f 1568 983 982
f 1568 984 983
f 1569 1566 1448
f 1569 1561 1558
f 1569 1558 1566
f 1569 1448 1449
f 1569 1449 1450
f 1570 1562 1559
f 1570 1559 1567
f 1571 984 1568
f 1571 985 984
f 1571 986 985
f 1572 1561 1569
f 1572 1564 1561
f 1572 1569 1450
f 1572 1450 1451
f 1572 1451 1452
f 1573 1562 1570
f 1573 1565 1562
f 1574 986 1571
f 1574 987 986
f 1574 988 987
f 1575 1567 1564
f 1575 1572 1452
f 1575 1452 1453
f 1575 1453 1454
f 1575 1564 1572
f 1576 1568 1565
f 1576 1571 1568
f 1576 1565 1573
f 1577 988 1574
f 1577 989 988
f 1577 990 989
f 1578 1567 1575
f 1578 1570 1567
f 1578 1575 1454
f 1578 1454 1455
f 1578 1455 1456
f 1579 1571 1576
f 1580 990 1577
f 1580 991 990
f 1580 992 991
f 1581 1570 1578
f 1581 1456 1457
f 1581 1457 1458
f 1581 1573 1570
f 1581 1578 1456
f 1582 1571 1579
f 1582 1574 1571
f 1583 992 1580
f 1583 993 992
f 1583 994 993
f 1584 1573 1581
f 1584 1576 1573
f 1584 1458 1459
f 1584 1459 1460
f 1584 1581 1458
f 1585 1574 1582
f 1585 1577 1574
f 1586 994 1583
f 1586 995 994
f 1586 996 995
f 1587 1576 1584
f 1587 1579 1576
f 1587 1584 1460
f 1587 1460 1461
f 1587 1461 1462
f 1588 1577 1585
f 1588 1580 1577
f 1589 996 1586
f 1589 997 996
f 1589 998 997
f 1590 1587 1462
f 1590 1579 1587
f 1590 1582 1579
f 1590 1462 1463
f 1590 1463 1464
f 1591 1580 1588
f 1591 1583 1580
f 1592 999 998
f 1592 1000 999
f 1592 998 1589
f 1593 1582 1590
f 1593 1590 1464
f 1593 1585 1582
f 1593 1464 1465
f 1593 1465 1466
f 1594 1586 1583
f 1594 1583 1591
f 1595 1001 1000
f 1595 1002 1001
f 1595 1371 1002
f 1595 1000 1592
f 1596 1466 1467
f 1596 1467 1468
f 1596 1593 1466
f 1596 1588 1585
f 1596 1585 1593
f 1597 1586 1594
f 1597 1589 1586
f 1598 1468 1469
f 1598 1588 1596
f 1598 1469 1470
f 1598 1591 1588
f 1598 1596 1468
f 1598 1594 1591
f 1599 1592 1589
f 1599 1589 1597
f 1600 1470 1471
f 1600 1471 1472
f 1600 1598 1470
f 1600 1594 1598
f 1601 1372 1371
f 1601 1371 1595
f 1601 1595 1592
f 1601 1592 1599
f 1602 1472 1473
f 1602 1473 1474
f 1602 1597 1594
f 1602 1594 1600
f 1602 1600 1472
f 1603 1474 1475
f 1603 1475 1476
f 1603 1602 1474
f 1603 1597 1602
f 1603 1599 1597
f 1604 1373 1372
f 1604 1476 1477
f 1604 1477 1478
f 1604 1603 1476
f 1604 1478 1373
f 1604 1372 1601
f 1604 1601 1599
f 1604 1599 1603
f 1371 898 1002
f 1374 1373 1478
f 1605 900 899
f 1605 901 900
f 1605 899 1371
f 1606 902 901
f 1606 903 902
f 1606 901 1605
f 1607 904 903
f 1607 905 904
f 1607 903 1606
f 1608 1371 1372
f 1608 1605 1371
f 1609 906 905
f 1609 907 906
f 1609 905 1607
f 1610 1606 1605
f 1610 1605 1608
f 1611 908 907
f 1611 909 908
f 1611 907 1609
f 1612 1609 1607
f 1612 1607 1606
f 1612 1606 1610
f 1613 910 909
f 1613 911 910
f 1613 909 1611
f 1614 1375 1376
f 1614 1376 1377
f 1614 1372 1373
f 1614 1608 1372
f 1614 1373 1375
f 1615 1609 1612
f 1616 911 1613
f 1616 912 911
f 1616 913 912
f 1617 1610 1608
f 1617 1614 1377
f 1617 1377 1378
f 1617 1378 1379
f 1617 1608 1614
f 1618 1611 1609
f 1618 1609 1615
f 1619 913 1616
f 1619 914 913
f 1619 915 914
f 1620 1379 1380
f 1620 1380 1381
f 1620 1617 1379
f 1620 1610 1617
f 1620 1612 1610
f 1621 1611 1618
f 1621 1613 1611
f 1622 916 915
f 1622 917 916
f 1622 915 1619
f 1623 1620 1381
f 1623 1381 1382
f 1623 1382 1383
f 1623 1612 1620
f 1623 1615 1612
f 1624 1616 1613
f 1624 1619 1616
f 1624 1613 1621
f 1625 918 917
f 1625 919 918
f 1625 917 1622
f 1626 1383 1384
f 1626 1384 1385
f 1626 1623 1383
f 1626 1618 1615
f 1626 1615 1623
f 1627 1619 1624
f 1628 920 919
f 1628 921 920
f 1628 919 1625
f 1629 1385 1386
f 1629 1386 1387
f 1629 1621 1618
f 1629 1618 1626
f 1629 1626 1385
f 1630 1622 1619
f 1630 1619 1627
f 1631 922 921
f 1631 923 922
f 1631 921 1628
f 1632 1629 1387
f 1632 1387 1388
f 1632 1388 1389
f 1632 1624 1621
f 1632 1621 1629
f 1483 1622 1630
f 1483 1625 1622
f 1488 923 1631
f 1488 924 923
f 1488 925 924
f 1633 1389 1390
f 1633 1390 1391
f 1633 1632 1389
f 1633 1627 1624
f 1633 1624 1632
f 1484 1625 1483
f 1484 1628 1625
f 1484 1631 1628
f 1489 926 925
f 1489 927 926
f 1489 925 1488
f 1634 1633 1391
f 1634 1391 1392
f 1634 1630 1627
f 1634 1392 1393
f 1634 1627 1633
f 1634 1483 1630
f 1485 1631 1484
f 1480 928 927
f 1480 929 928
f 1480 927 1489
f 1482 1483 1634
f 1482 1393 1394
f 1482 1394 1395
f 1482 1634 1393
f 1487 1488 1631
f 1487 1631 1485
f 1479 930 929
f 1479 931 930
f 1743 1744 1745
f 1746 1747 1744
f 1746 1708 1747
f 1746 1709 1708
f 1746 1710 1709
f 1748 1749 1186
f 1748 1186 1187
f 1748 1187 1188
f 1635 1110 1111
f 1750 1743 1745
f 1750 1745 1749
f 1751 1746 1744
f 1751 1744 1743
f 1751 1710 1746
f 1751 1711 1710
f 1751 1712 1711
f 1752 1748 1188
f 1752 1188 1189
f 1752 1189 1190
f 1753 1750 1749
f 1753 1749 1748
f 1754 1751 1743
f 1754 1743 1750
f 1754 1712 1751
f 1754 1713 1712
f 1754 1714 1713
f 1755 1752 1190
f 1639 1638 1637
f 1755 1190 1191
f 1755 1191 1192
f 1756 1748 1752
f 1756 1753 1748
f 1757 1754 1750
f 1757 1750 1753
f 1757 1714 1754
f 1757 1715 1714
f 1757 1716 1715
f 1758 1755 1192
f 1758 1192 1193
f 1758 1193 1194
f 1759 1752 1755
f 1759 1756 1752
f 1760 1757 1753
f 1760 1753 1756
f 1760 1716 1757
f 1760 1717 1716
f 1760 1718 1717
f 1761 1758 1194
f 1761 1194 1195
f 1761 1195 1196
f 1762 1755 1758
f 1762 1759 1755
f 1762 1758 1761
f 1763 1760 1756
f 1763 1756 1759
f 1763 1719 1718
f 1763 1720 1719
f 1763 1718 1760
f 1764 1761 1196
f 1764 1196 1197
f 1764 1197 1198
f 1765 1762 1761
f 1766 1720 1763
f 1766 1721 1720
f 1766 1722 1721
f 1766 1763 1759
f 1766 1759 1762
f 1767 1198 1199
f 1767 1199 1200
f 1767 1764 1198
f 1768 1761 1764
f 1768 1765 1761
f 1769 1722 1766
f 1769 1766 1762
f 1769 1723 1722
f 1769 1724 1723
f 1769 1762 1765
f 1770 1767 1200
f 1770 1200 1201
f 1770 1201 1202
f 1771 1764 1767
f 1771 1768 1764
f 1772 1769 1765
f 1772 1765 1768
f 1772 1724 1769
f 1772 1725 1724
f 1772 1726 1725
f 1773 1770 1202
f 1773 1202 1203
f 1773 1203 1204
f 1774 1771 1767
f 1774 1770 1773
f 1774 1767 1770
f 1775 1768 1771
f 1775 1772 1768
f 1775 1726 1772
f 1775 1727 1726
f 1775 1728 1727
f 1776 1773 1204
f 1776 1204 1205
f 1776 1205 1206
f 1777 1774 1773
f 1778 1771 1774
f 1778 1774 1777
f 1778 1775 1771
f 1778 1728 1775
f 1778 1729 1728
f 1778 1730 1729
f 1779 1776 1206
f 1779 1206 1207
f 1779 1207 1208
f 1780 1773 1776
f 1780 1777 1773
f 1781 1731 1730
f 1781 1732 1731
f 1781 1730 1778
f 1781 1778 1777
f 1782 1779 1208
f 1782 1208 1209
f 1782 1209 1210
f 1783 1780 1776
f 1783 1776 1779
f 1784 1733 1732
f 1784 1734 1733
f 1784 1732 1781
f 1784 1777 1780
f 1784 1781 1777
f 1785 1210 1211
f 1785 1211 1212
f 1785 1782 1210
f 1786 1779 1782
f 1786 1783 1779
f 1787 1735 1734
f 1787 1736 1735
f 1787 1734 1784
f 1787 1780 1783
f 1787 1784 1780
f 1788 1212 1213
f 1788 1213 1214
f 1788 1635 1636
f 1788 1214 1635
f 1788 1785 1212
f 1789 1782 1785
f 1789 1786 1782
f 1789 1785 1788
f 1790 1737 1736
f 1790 1738 1737
f 1790 1783 1786
f 1790 1736 1787
f 1790 1787 1783
f 1791 1788 1636
f 1791 1789 1788
f 1792 1739 1738
f 1792 1740 1739
f 1792 1738 1790
f 1792 1786 1789
f 1792 1790 1786
f 1793 1636 1637
f 1793 1741 1740
f 1793 1742 1741
f 1793 1740 1792
f 1793 1637 1742
f 1793 1791 1636
f 1793 1789 1791
f 1793 1792 1789
f 1635 1214 1110
f 1638 1742 1637
f 1794 1111 1112
f 1794 1112 1113
f 1794 1635 1111
f 1795 1113 1114
f 1795 1114 1115
f 1795 1794 1113
f 1796 1636 1635
f 1796 1635 1794
f 1797 1115 1116
f 1797 1116 1117
f 1797 1795 1115
f 1798 1794 1795
f 1798 1796 1794
f 1799 1640 1639
f 1799 1641 1640
f 1799 1637 1636
f 1799 1636 1796
f 1799 1639 1637
f 1800 1117 1118
f 1800 1118 1119
f 1800 1797 1117
f 1801 1795 1797
f 1801 1798 1795
f 1802 1642 1641
f 1802 1643 1642
f 1802 1796 1798
f 1802 1641 1799
f 1802 1799 1796
f 1803 1119 1120
f 1803 1800 1119
f 1803 1120 1121
f 1804 1797 1800
f 1804 1801 1797
f 1804 1800 1803
f 1805 1644 1643
f 1805 1645 1644
f 1805 1643 1802
f 1805 1802 1798
f 1805 1798 1801
f 1806 1121 1122
f 1806 1122 1123
f 1806 1803 1121
f 1807 1804 1803
f 1808 1805 1801
f 1808 1646 1645
f 1808 1647 1646
f 1808 1801 1804
f 1808 1645 1805
f 1809 1123 1124
f 1809 1124 1125
f 1809 1806 1123
f 1810 1803 1806
f 1810 1807 1803
f 1811 1647 1808
f 1811 1648 1647
f 1811 1649 1648
f 1811 1808 1804
f 1811 1804 1807
f 1812 1125 1126
f 1812 1126 1127
f 1812 1809 1125
f 1813 1809 1812
f 1813 1810 1806
f 1813 1806 1809
f 1814 1811 1807
f 1814 1650 1649
f 1814 1651 1650
f 1814 1649 1811
f 1814 1807 1810
f 1815 1127 1128
f 1815 1812 1127
f 1815 1128 1129
f 1816 1813 1812
f 1817 1652 1651
f 1817 1653 1652
f 1817 1813 1816
f 1817 1814 1810
f 1817 1651 1814
f 1817 1810 1813
f 1818 1129 1130
f 1818 1130 1131
f 1818 1815 1129
f 1819 1816 1812
f 1819 1812 1815
f 1820 1654 1653
f 1820 1655 1654
f 1820 1816 1819
f 1820 1817 1816
f 1820 1653 1817
f 1821 1131 1132
f 1821 1132 1133
f 1821 1818 1131
f 1822 1819 1815
f 1822 1815 1818
f 1823 1655 1820
f 1823 1820 1819
f 1823 1656 1655
f 1823 1657 1656
f 1824 1133 1134
f 1824 1134 1135
f 1824 1821 1133
f 1825 1822 1818
f 1825 1818 1821
f 1826 1658 1657
f 1826 1659 1658
f 1826 1823 1819
f 1826 1657 1823
f 1826 1819 1822
f 1827 1135 1136
f 1827 1136 1137
f 1827 1824 1135
f 1828 1824 1827
f 1828 1821 1824
f 1828 1825 1821
f 1829 1826 1822
f 1829 1660 1659
f 1829 1659 1826
f 1829 1661 1660
f 1829 1822 1825
f 1830 1137 1138
f 1830 1138 1139
f 1830 1827 1137
f 1831 1828 1827
f 1832 1662 1661
f 1832 1661 1829
f 1832 1663 1662
f 1832 1825 1828
f 1832 1829 1825
f 1833 1139 1140
f 1833 1140 1141
f 1833 1830 1139
f 1834 1831 1827
f 1834 1830 1833
f 1834 1827 1830
f 1835 1832 1828
f 1835 1664 1663
f 1835 1665 1664
f 1835 1663 1832
f 1835 1828 1831
f 1836 1141 1142
f 1836 1142 1143
f 1836 1833 1141
f 1837 1834 1833
f 1838 1665 1835
f 1838 1666 1665
f 1838 1667 1666
f 1838 1831 1834
f 1838 1835 1831
f 1839 1143 1144
f 1839 1144 1145
f 1839 1836 1143
f 1840 1833 1836
f 1840 1837 1833
f 1840 1836 1839
f 1841 1834 1837
f 1841 1668 1667
f 1841 1669 1668
f 1841 1838 1834
f 1841 1667 1838
f 1842 1145 1146
f 1842 1146 1147
f 1842 1839 1145
f 1843 1840 1839
f 1844 1837 1840
f 1844 1841 1837
f 1844 1670 1669
f 1844 1671 1670
f 1844 1669 1841
f 1845 1147 1148
f 1845 1148 1149
f 1845 1842 1147
f 1846 1843 1839
f 1846 1842 1845
f 1846 1839 1842
f 1847 1840 1843
f 1847 1672 1671
f 1847 1673 1672
f 1847 1844 1840
f 1847 1671 1844
f 1848 1149 1150
f 1848 1150 1151
f 1848 1845 1149
f 1849 1846 1845
f 1850 1673 1847
f 1850 1674 1673
f 1850 1675 1674
f 1850 1847 1843
f 1850 1843 1846
f 1851 1151 1152
f 1851 1152 1153
f 1851 1848 1151
f 1852 1845 1848
f 1852 1849 1845
f 1853 1676 1675
f 1853 1677 1676
f 1853 1675 1850
f 1853 1846 1849
f 1853 1850 1846
f 1854 1153 1154
f 1854 1154 1155
f 1854 1851 1153
f 1855 1852 1848
f 1855 1848 1851
f 1856 1853 1849
f 1856 1678 1677
f 1856 1679 1678
f 1856 1849 1852
f 1856 1677 1853
f 1857 1155 1156
f 1857 1156 1157
f 1857 1854 1155
f 1858 1851 1854
f 1858 1855 1851
f 1859 1856 1852
f 1859 1679 1856
f 1859 1680 1679
f 1859 1681 1680
f 1859 1852 1855
f 1860 1157 1158
f 1860 1158 1159
f 1860 1857 1157
f 1861 1858 1854
f 1861 1854 1857
f 1862 1681 1859
f 1862 1855 1858
f 1862 1859 1855
f 1862 1682 1681
f 1862 1683 1682
f 1863 1159 1160
f 1863 1160 1161
f 1863 1860 1159
f 1864 1861 1857
f 1864 1860 1863
f 1864 1857 1860
f 1865 1683 1862
f 1865 1684 1683
f 1865 1858 1861
f 1865 1685 1684
f 1865 1862 1858
f 1866 1863 1161
f 1866 1161 1162
f 1866 1162 1163
f 1867 1863 1866
f 1867 1864 1863
f 1868 1685 1865
f 1868 1861 1864
f 1868 1686 1685
f 1868 1687 1686
f 1868 1865 1861
f 1869 1866 1163
f 1869 1163 1164
f 1870 1867 1866
f 1871 1687 1868
f 1871 1688 1687
f 1871 1689 1688
f 1871 1868 1864
f 1871 1864 1867
f 1871 1867 1870
f 1872 1164 1165
f 1872 1165 1166
f 1872 1869 1164
f 1873 1866 1869
f 1873 1870 1866
f 1874 1689 1871
f 1874 1690 1689
f 1874 1691 1690
f 1874 1871 1870
f 1875 1872 1166
f 1875 1166 1167
f 1875 1167 1168
f 1876 1873 1869
f 1876 1872 1875
f 1876 1869 1872
f 1877 1692 1691
f 1877 1870 1873
f 1877 1691 1874
f 1877 1874 1870
f 1878 1168 1169
f 1878 1169 1170
f 1878 1875 1168
f 1879 1876 1875
f 1879 1875 1878
f 1880 1693 1692
f 1880 1694 1693
f 1880 1877 1873
f 1880 1873 1876
f 1880 1692 1877
f 1881 1170 1171
f 1881 1878 1170
f 1881 1171 1172
f 1882 1879 1878
f 1883 1876 1879
f 1883 1695 1694
f 1883 1696 1695
f 1883 1694 1880
f 1883 1879 1882
f 1883 1880 1876
f 1884 1172 1173
f 1884 1173 1174
f 1884 1881 1172
f 1885 1878 1881
f 1885 1882 1878
f 1886 1883 1882
f 1886 1697 1696
f 1886 1698 1697
f 1886 1882 1885
f 1886 1696 1883
f 1887 1884 1174
f 1887 1174 1175
f 1887 1175 1176
f 1888 1885 1881
f 1888 1884 1887
f 1888 1881 1884
f 1889 1886 1885
f 1889 1699 1698
f 1889 1700 1699
f 1889 1698 1886
f 1890 1176 1177
f 1890 1177 1178
f 1890 1887 1176
f 1891 1888 1887
f 1892 1889 1885
f 1892 1885 1888
f 1892 1700 1889
f 1892 1701 1700
f 1892 1702 1701
f 1892 1888 1891
f 1893 1890 1178
f 1893 1178 1179
f 1893 1179 1180
f 1894 1891 1887
f 1894 1887 1890
f 1895 1702 1892
f 1895 1891 1894
f 1895 1892 1891
f 1895 1703 1702
f 1895 1704 1703
f 1896 1893 1180
f 1896 1180 1181
f 1896 1181 1182
f 1897 1894 1890
f 1897 1890 1893
f 1897 1893 1896
f 1898 1895 1894
f 1898 1704 1895
f 1898 1705 1704
f 1898 1706 1705
f 1745 1896 1182
f 1745 1182 1183
f 1745 1183 1184
f 1744 1897 1896
f 1744 1896 1745
f 1747 1894 1897
f 1747 1706 1898
f 1747 1897 1744
f 1747 1707 1706
f 1747 1708 1707
f 1747 1898 1894
f 1749 1745 1184
f 1749 1184 1185
f 1749 1185 1186
f 2007 1431 1430
f 2007 1432 1431
f 2008 2010 2009
f 2008 2012 2011
f 2008 1953 1954
f 2008 2011 1953
f 2008 2009 2012
f 2013 2015 2014
f 2013 2007 2015
f 1899 1375 1374
f 2013 2014 2010
f 2016 1433 1432
f 2016 1434 1433
f 2016 1432 2007
f 2017 1954 1955
f 2017 1955 1956
f 2017 2008 1954
f 2017 2010 2008
f 2018 2007 2013
f 2019 1435 1434
f 2019 1436 1435
f 2019 1434 2016
f 2020 1956 1957
f 2020 1957 1958
f 2020 2017 1956
f 2020 2013 2010
f 2020 2010 2017
f 2021 2007 2018
f 2021 2016 2007
f 2022 1436 2019
f 2022 1437 1436
f 2022 1438 1437
f 1903 1901 1902
f 2023 2021 2018
f 2023 2018 2013
f 2023 1958 1959
f 2023 1959 1960
f 2023 2013 2020
f 2023 2020 1958
f 2024 2016 2021
f 2024 2019 2016
f 2025 1438 2022
f 2025 1439 1438
f 2025 1440 1439
f 2026 2021 2023
f 2026 1960 1961
f 2026 1961 1962
f 2026 2023 1960
f 2027 2019 2024
f 2027 2022 2019
f 2028 1441 1440
f 2028 1442 1441
f 2028 1440 2025
f 2029 1962 1963
f 2029 1963 1964
f 2029 2021 2026
f 2029 2024 2021
f 2029 2026 1962
f 2030 2022 2027
f 2030 2025 2022
f 2031 1442 2028
f 2031 1443 1442
f 2031 1444 1443
f 2032 2029 1964
f 2032 2024 2029
f 2032 2030 2027
f 2032 1964 1965
f 2032 1965 1966
f 2032 2027 2024
f 2033 2028 2025
f 2033 2025 2030
f 2034 1444 2031
f 2034 1445 1444
f 2034 1446 1445
f 2035 2030 2032
f 2035 2032 1966
f 2035 1966 1967
f 2035 1967 1968
f 2036 2031 2028
f 2036 2028 2033
f 2037 1446 2034
f 2037 1447 1446
f 2037 1448 1447
f 2038 2033 2030
f 2038 2035 1968
f 2038 2030 2035
f 2038 1968 1969
f 2038 1969 1970
f 2039 2034 2031
f 2039 2031 2036
f 2040 1448 2037
f 2040 1449 1448
f 2040 1450 1449
f 2041 2036 2033
f 2041 2039 2036
f 2041 2033 2038
f 2041 2038 1970
f 2041 1970 1971
f 2041 1971 1972
f 2042 2037 2034
f 2042 2034 2039
f 2043 1450 2040
f 2043 1451 1450
f 2043 1452 1451
f 2044 2039 2041
f 2044 2041 1972
f 2044 1972 1973
f 2044 1973 1974
f 2045 2040 2037
f 2045 2037 2042
f 2046 1452 2043
f 2046 1453 1452
f 2046 1454 1453
f 2047 2042 2039
f 2047 2044 1974
f 2047 2039 2044
f 2047 1974 1975
f 2047 1975 1976
f 2048 2043 2040
f 2048 2040 2045
f 2049 1454 2046
f 2049 1455 1454
f 2049 1456 1455
f 2050 2042 2047
f 2050 2045 2042
f 2050 2047 1976
f 2050 1976 1977
f 2050 1977 1978
f 2051 2046 2043
f 2051 2043 2048
f 2052 1457 1456
f 2052 1458 1457
f 2052 1456 2049
f 2053 2048 2045
f 2053 2045 2050
f 2053 2051 2048
f 2053 2050 1978
f 2053 1978 1979
f 2053 1979 1980
f 2054 2046 2051
f 2054 2049 2046
f 2055 1458 2052
f 2055 1459 1458
f 2055 1460 1459
f 2056 2051 2053
f 2056 2054 2051
f 2056 2053 1980
f 2056 1980 1981
f 2056 1981 1982
f 2057 2052 2049
f 2057 2049 2054
f 2058 1460 2055
f 2058 1461 1460
f 2058 1462 1461
f 2059 2054 2056
f 2059 1982 1983
f 2059 1983 1984
f 2059 2056 1982
f 2060 2055 2052
f 2060 2052 2057
f 2061 1462 2058
f 2061 1463 1462
f 2061 1464 1463
f 2062 2059 1984
f 2062 2057 2054
f 2062 2054 2059
f 2062 1984 1985
f 2062 1985 1986
f 2063 2055 2060
f 2063 2058 2055
f 2064 1464 2061
f 2064 1465 1464
f 2064 1466 1465
f 2065 2060 2057
f 2065 2062 1986
f 2065 2063 2060
f 2065 1986 1987
f 2065 1987 1988
f 2065 2057 2062
f 2066 2061 2058
f 2066 2058 2063
f 2067 1466 2064
f 2067 1467 1466
f 2067 1468 1467
f 2068 2063 2065
f 2068 2065 1988
f 2068 1988 1989
f 2068 1989 1990
f 2069 2064 2061
f 2069 2061 2066
f 2070 1468 2067
f 2070 1469 1468
f 2070 1470 1469
f 2071 2066 2063
f 2071 2063 2068
f 2071 2068 1990
f 2071 1990 1991
f 2071 1991 1992
f 2072 2064 2069
f 2072 2067 2064
f 2073 1470 2070
f 2073 1471 1470
f 2073 1472 1471
f 2074 2069 2066
f 2074 2066 2071
f 2074 2071 1992
f 2074 1992 1993
f 2074 1993 1994
f 2075 2067 2072
f 2075 2070 2067
f 2076 1472 2073
f 2076 1473 1472
f 2076 1474 1473
f 2077 1994 1995
f 2077 1995 1996
f 2077 2074 1994
f 2077 2069 2074
f 2077 2072 2069
f 2078 2073 2070
f 2078 2070 2075
f 2078 2076 2073
f 2079 1475 1474
f 2079 1476 1475
f 2079 1474 2076
f 2080 1996 1997
f 2080 1997 1998
f 2080 2077 1996
f 2080 2075 2072
f 2080 2072 2077
f 2081 2076 2078
f 2082 1477 1476
f 2082 1478 1477
f 2082 1899 1478
f 2082 1476 2079
f 2083 1998 1999
f 2083 1999 2000
f 2083 2080 1998
f 2083 2078 2075
f 2083 2075 2080
f 2083 2081 2078
f 2084 2079 2076
f 2084 2076 2081
f 2085 2000 2001
f 2085 2001 2002
f 2085 2083 2000
f 2085 2081 2083
f 2086 1899 2082
f 2086 1900 1899
f 2086 2082 2079
f 2086 2079 2084
f 2087 2002 2003
f 2087 2003 2004
f 2087 2085 2002
f 2087 2084 2081
f 2087 2081 2085
f 2088 1901 1900
f 2088 2004 2005
f 2088 2005 2006
f 2088 2087 2004
f 2088 2006 1901
f 2088 1900 2086
f 2088 2086 2084
f 2088 2084 2087
f 1899 1374 1478
f 1902 1901 2006
f 2089 1376 1375
f 2089 1377 1376
f 2089 1375 1899
f 2090 1378 1377
f 2090 1379 1378
f 2090 1377 2089
f 2091 1899 1900
f 2091 2089 1899
f 2092 1380 1379
f 2092 1381 1380
f 2092 1379 2090
f 2093 2090 2089
f 2093 2089 2091
f 2094 1382 1381
f 2094 1383 1382
f 2094 1381 2092
f 2095 1903 1904
f 2095 1904 1905
f 2095 1900 1901
f 2095 2091 1900
f 2095 1901 1903
f 2096 2092 2090
f 2096 2090 2093
f 2097 1384 1383
f 2097 1385 1384
f 2097 1383 2094
f 2098 1905 1906
f 2098 1906 1907
f 2098 2095 1905
f 2098 2093 2091
f 2098 2091 2095
f 2099 2092 2096
f 2099 2094 2092
f 2100 1386 1385
f 2100 1387 1386
f 2100 1385 2097
f 2101 1907 1908
f 2101 1908 1909
f 2101 2096 2093
f 2101 2098 1907
f 2101 2093 2098
f 2102 2097 2094
f 2102 2100 2097
f 2102 2094 2099
f 2103 1387 2100
f 2103 1388 1387
f 2103 1389 1388
f 2104 1909 1910
f 2104 1910 1911
f 2104 2099 2096
f 2104 2101 1909
f 2104 2096 2101
f 2105 2100 2102
f 2106 1390 1389
f 2106 1391 1390
f 2106 1389 2103
f 2107 1911 1912
f 2107 1912 1913
f 2107 2104 1911
f 2107 2099 2104
f 2107 2102 2099
f 2108 2100 2105
f 2108 2103 2100
f 2109 1392 1391
f 2109 1393 1392
f 2109 1391 2106
f 2110 1913 1914
f 2110 1914 1915
f 2110 2107 1913
f 2110 2105 2102
f 2110 2102 2107
f 2111 2109 2106
f 2111 2106 2103
f 2111 2103 2108
f 2112 1394 1393
f 2112 1395 1394
f 2112 1393 2109
f 2113 2110 1915
f 2113 1915 1916
f 2113 1916 1917
f 2113 2105 2110
f 2113 2108 2105
f 2114 2109 2111
f 2115 1396 1395
f 2115 1397 1396
f 2115 1395 2112
f 2116 2113 1917
f 2116 1917 1918
f 2116 1918 1919
f 2116 2111 2108
f 2116 2114 2111
f 2116 2108 2113
f 2117 2115 2112
f 2117 2112 2109
f 2117 2109 2114
f 2118 1398 1397
f 2118 1399 1398
f 2118 1397 2115
f 2119 1919 1920
f 2119 1920 1921
f 2119 2116 1919
f 2119 2114 2116
f 2120 2115 2117
f 2121 1399 2118
f 2121 1400 1399
f 2121 1401 1400
f 2122 1921 1922
f 2122 1922 1923
f 2122 2117 2114
f 2122 2114 2119
f 2122 2119 1921
f 2123 2118 2115
f 2123 2115 2120
f 2124 1402 1401
f 2124 1403 1402
f 2124 1401 2121
f 2125 2117 2122
f 2125 1923 1924
f 2125 1924 1925
f 2125 2120 2117
f 2125 2122 1923
f 2126 2121 2118
f 2126 2118 2123
f 2127 1404 1403
f 2127 1405 1404
f 2127 1403 2124
f 2128 2125 1925
f 2128 1925 1926
f 2128 1926 1927
f 2128 2120 2125
f 2128 2123 2120
f 2129 2124 2121
f 2129 2121 2126
f 2129 2127 2124
f 2130 1406 1405
f 2130 1407 1406
f 2130 1405 2127
f 2131 1927 1928
f 2131 1928 1929
f 2131 2126 2123
f 2131 2123 2128
f 2131 2128 1927
f 2132 2127 2129
f 2132 2130 2127
f 2133 1407 2130
f 2133 1408 1407
f 2133 1409 1408
f 2134 2129 2126
f 2134 1929 1930
f 2134 1930 1931
f 2134 2131 1929
f 2134 2126 2131
f 2135 2130 2132
f 2136 1409 2133
f 2136 1410 1409
f 2136 1411 1410
f 2137 2132 2129
f 2137 1931 1932
f 2137 1932 1933
f 2137 2129 2134
f 2137 2134 1931
f 2138 2136 2133
f 2138 2133 2130
f 2138 2130 2135
f 2139 1412 1411
f 2139 1413 1412
f 2139 1411 2136
f 2140 1933 1934
f 2140 1934 1935
f 2140 2132 2137
f 2140 2135 2132
f 2140 2138 2135
f 2140 2137 1933
f 2141 2136 2138
f 2142 1414 1413
f 2142 1413 2139
f 2142 1415 1414
f 2143 2138 2140
f 2143 2140 1935
f 2143 1935 1936
f 2143 1936 1937
f 2143 2141 2138
f 2144 2136 2141
f 2144 2139 2136
f 2145 1415 2142
f 2145 1416 1415
f 2145 1417 1416
f 2146 2143 1937
f 2146 2141 2143
f 2146 1937 1938
f 2146 1938 1939
f 2147 2139 2144
f 2147 2142 2139
f 2147 2145 2142
f 2148 1418 1417
f 2148 1419 1418
f 2148 1417 2145
f 2149 2141 2146
f 2149 1939 1940
f 2149 1940 1941
f 2149 2146 1939
f 2149 2144 2141
f 2150 2145 2147
f 2151 1419 2148
f 2151 1420 1419
f 2151 1421 1420
f 2152 2149 1941
f 2152 1941 1942
f 2152 1942 1943
f 2152 2147 2144
f 2152 2144 2149
f 2152 2150 2147
f 2153 2145 2150
f 2153 2148 2145
f 2154 1422 1421
f 2154 1423 1422
f 2154 1421 2151
f 2155 2152 1943
f 2155 1943 1944
f 2155 1944 1945
f 2155 2150 2152
f 2156 2151 2148
f 2156 2148 2153
f 2157 1424 1423
f 2157 1425 1424
f 2157 1423 2154
f 2158 2155 1945
f 2158 2153 2150
f 2158 2150 2155
f 2158 1945 1946
f 2158 1946 1947
f 2158 2156 2153
f 2159 2154 2151
f 2159 2151 2156
f 2160 1425 2157
f 2160 1426 1425
f 2161 2158 1947
f 2161 1947 1948
f 2161 1948 1949
f 2161 2156 2158
f 2012 2160 2157
f 2012 2157 2154
f 2012 2154 2159
f 2014 1427 1426
f 2014 1428 1427
f 2014 1426 2160
f 2162 2156 2161
f 2162 2159 2156
f 2162 1949 1950
f 2162 1950 1951
f 2162 2161 1949
f 2009 2160 2012
f 2009 2014 2160
f 2015 1429 1428
f 2015 1430 1429
f 2015 1428 2014
f 2011 2012 2159
f 2011 2162 1951
f 2011 1951 1952
f 2011 1952 1953
f 2011 2159 2162
f 2010 2014 2009
f 2007 1430 2015
f 2271 2272 2273
f 2271 2274 2272
f 2275 2276 2277
f 2275 2278 2279
f 2275 2277 2278
f 2280 2279 1700
f 2280 1700 1701
f 2280 1701 1702
f 2163 1638 1639
f 2281 2223 2222
f 2281 2224 2223
f 2281 2276 2275
f 2281 2273 2276
f 2281 2271 2273
f 2281 2222 2271
f 2282 2275 2279
f 2283 2280 1702
f 2283 1702 1703
f 2283 1703 1704
f 2284 2281 2275
f 2284 2224 2281
f 2284 2225 2224
f 2284 2226 2225
f 2285 2282 2279
f 2285 2279 2280
f 2286 2283 1704
f 2286 1704 1705
f 2286 1705 1706
f 2287 2275 2282
f 2287 2284 2275
f 2287 2226 2284
f 2287 2227 2226
f 2287 2228 2227
f 2288 2285 2280
f 2288 2280 2283
f 2167 2166 2165
f 2289 2286 1706
f 2289 1706 1707
f 2289 1707 1708
f 2290 2287 2282
f 2290 2228 2287
f 2290 2282 2285
f 2290 2229 2228
f 2290 2230 2229
f 2291 2288 2283
f 2291 2283 2286
f 2292 2289 1708
f 2292 1708 1709
f 2292 1709 1710
f 2293 2285 2288
f 2293 2288 2291
f 2293 2231 2230
f 2293 2232 2231
f 2293 2230 2290
f 2293 2290 2285
f 2294 2286 2289
f 2294 2291 2286
f 2295 2292 1710
f 2295 1710 1711
f 2295 1711 1712
f 2296 2232 2293
f 2296 2293 2291
f 2296 2233 2232
f 2296 2234 2233
f 2297 2289 2292
f 2297 2292 2295
f 2297 2294 2289
f 2298 2295 1712
f 2298 1712 1713
f 2298 1713 1714
f 2299 2296 2291
f 2299 2291 2294
f 2299 2234 2296
f 2299 2235 2234
f 2299 2236 2235
f 2300 2297 2295
f 2301 2298 1714
f 2301 1714 1715
f 2301 1715 1716
f 2302 2294 2297
f 2302 2299 2294
f 2302 2236 2299
f 2302 2237 2236
f 2302 2238 2237
f 2303 2295 2298
f 2303 2300 2295
f 2304 2301 1716
f 2304 1716 1717
f 2304 1717 1718
f 2305 2302 2297
f 2305 2297 2300
f 2305 2238 2302
f 2305 2239 2238
f 2305 2240 2239
f 2306 2298 2301
f 2306 2303 2298
f 2307 2304 1718
f 2307 1718 1719
f 2307 1719 1720
f 2308 2305 2300
f 2308 2240 2305
f 2308 2300 2303
f 2308 2241 2240
f 2308 2242 2241
f 2309 2301 2304
f 2309 2306 2301
f 2310 2307 1720
f 2310 1720 1721
f 2310 1721 1722
f 2311 2303 2306
f 2311 2308 2303
f 2311 2242 2308
f 2311 2243 2242
f 2311 2244 2243
f 2312 2304 2307
f 2312 2309 2304
f 2313 1722 1723
f 2313 1723 1724
f 2313 2310 1722
f 2314 2306 2309
f 2314 2311 2306
f 2314 2244 2311
f 2314 2245 2244
f 2314 2246 2245
f 2315 2307 2310
f 2315 2312 2307
f 2316 2313 1724
f 2316 1724 1725
f 2316 1725 1726
f 2317 2314 2309
f 2317 2309 2312
f 2317 2247 2246
f 2317 2248 2247
f 2317 2246 2314
f 2318 2315 2310
f 2318 2310 2313
f 2319 2316 1726
f 2319 1726 1727
f 2319 1727 1728
f 2320 2315 2318
f 2320 2248 2317
f 2320 2249 2248
f 2320 2250 2249
f 2320 2312 2315
f 2320 2317 2312
f 2321 2318 2313
f 2321 2313 2316
f 2322 2319 1728
f 2322 1728 1729
f 2322 1729 1730
f 2323 2250 2320
f 2323 2320 2318
f 2323 2251 2250
f 2323 2252 2251
f 2324 2316 2319
f 2324 2321 2316
f 2325 2322 1730
f 2325 1730 1731
f 2325 1731 1732
f 2326 2323 2318
f 2326 2252 2323
f 2326 2318 2321
f 2326 2253 2252
f 2326 2254 2253
f 2327 2324 2319
f 2327 2322 2325
f 2327 2319 2322
f 2328 2325 1732
f 2328 1732 1733
f 2328 1733 1734
f 2329 2321 2324
f 2329 2326 2321
f 2329 2254 2326
f 2329 2255 2254
f 2329 2256 2255
f 2330 2327 2325
f 2331 2328 1734
f 2331 1734 1735
f 2331 1735 1736
f 2332 2329 2324
f 2332 2256 2329
f 2332 2327 2330
f 2332 2324 2327
f 2332 2257 2256
f 2332 2258 2257
f 2333 2330 2325
f 2333 2325 2328
f 2334 2331 1736
f 2334 1736 1737
f 2334 1737 1738
f 2335 2259 2258
f 2335 2260 2259
f 2335 2258 2332
f 2335 2332 2330
f 2335 2330 2333
f 2336 2333 2328
f 2336 2328 2331
f 2337 1738 1739
f 2337 1739 1740
f 2337 2334 1738
f 2338 2261 2260
f 2338 2262 2261
f 2338 2260 2335
f 2338 2335 2333
f 2339 2331 2334
f 2339 2336 2331
f 2340 1740 1741
f 2340 1741 1742
f 2340 1742 2163
f 2340 2337 1740
f 2341 2263 2262
f 2341 2264 2263
f 2341 2262 2338
f 2341 2333 2336
f 2341 2338 2333
f 2341 2336 2339
f 2342 2339 2334
f 2342 2334 2337
f 2343 2265 2264
f 2343 2266 2265
f 2343 2264 2341
f 2343 2341 2339
f 2344 2163 2164
f 2344 2340 2163
f 2344 2337 2340
f 2344 2342 2337
f 2345 2267 2266
f 2345 2268 2267
f 2345 2266 2343
f 2345 2339 2342
f 2345 2343 2339
f 2346 2164 2165
f 2346 2269 2268
f 2346 2270 2269
f 2346 2165 2270
f 2346 2344 2164
f 2346 2268 2345
f 2346 2342 2344
f 2346 2345 2342
f 2163 1742 1638
f 2166 2270 2165
f 2347 1639 1640
f 2347 1640 1641
f 2347 2163 1639
f 2348 1641 1642
f 2348 1642 1643
f 2348 2347 1641
f 2349 2347 2348
f 2349 2164 2163
f 2349 2165 2164
f 2349 2163 2347
f 2350 1643 1644
f 2350 1644 1645
f 2350 2348 1643
f 2351 2349 2348
f 2352 1645 1646
f 2352 1646 1647
f 2352 2350 1645
f 2353 2168 2167
f 2353 2169 2168
f 2353 2165 2349
f 2353 2167 2165
f 2354 2348 2350
f 2354 2350 2352
f 2354 2351 2348
f 2355 1647 1648
f 2355 1648 1649
f 2355 2352 1647
f 2356 2170 2169
f 2356 2171 2170
f 2356 2169 2353
f 2356 2349 2351
f 2356 2353 2349
f 2357 2354 2352
f 2358 1649 1650
f 2358 1650 1651
f 2358 2355 1649
f 2359 2171 2356
f 2359 2172 2171
f 2359 2173 2172
f 2359 2351 2354
f 2359 2356 2351
f 2360 2352 2355
f 2360 2357 2352
f 2361 2358 1651
f 2361 1651 1652
f 2361 1652 1653
f 2362 2174 2173
f 2362 2175 2174
f 2362 2354 2357
f 2362 2173 2359
f 2362 2359 2354
f 2363 2360 2355
f 2363 2355 2358
f 2364 1653 1654
f 2364 1654 1655
f 2364 2361 1653
f 2365 2357 2360
f 2365 2362 2357
f 2365 2176 2175
f 2365 2177 2176
f 2365 2175 2362
f 2366 2363 2358
f 2366 2361 2364
f 2366 2358 2361
f 2367 1655 1656
f 2367 1656 1657
f 2367 2364 1655
f 2368 2363 2366
f 2368 2178 2177
f 2368 2179 2178
f 2368 2365 2360
f 2368 2360 2363
f 2368 2177 2365
f 2369 2366 2364
f 2370 1657 1658
f 2370 1658 1659
f 2370 2367 1657
f 2371 2368 2366
f 2371 2180 2179
f 2371 2181 2180
f 2371 2179 2368
f 2372 2369 2364
f 2372 2364 2367
f 2373 1659 1660
f 2373 1660 1661
f 2373 2370 1659
f 2374 2366 2369
f 2374 2371 2366
f 2374 2182 2181
f 2374 2183 2182
f 2374 2181 2371
f 2374 2369 2372
f 2375 2367 2370
f 2375 2372 2367
f 2376 1661 1662
f 2376 1662 1663
f 2376 2373 1661
f 2377 2184 2183
f 2377 2185 2184
f 2377 2183 2374
f 2377 2374 2372
f 2378 2370 2373
f 2378 2375 2370
f 2379 1663 1664
f 2379 1664 1665
f 2379 2376 1663
f 2380 2185 2377
f 2380 2372 2375
f 2380 2377 2372
f 2380 2186 2185
f 2380 2187 2186
f 2381 2373 2376
f 2381 2378 2373
f 2382 2379 1665
f 2382 1665 1666
f 2382 1666 1667
f 2383 2188 2187
f 2383 2189 2188
f 2383 2187 2380
f 2383 2375 2378
f 2383 2380 2375
f 2383 2378 2381
f 2384 2376 2379
f 2384 2381 2376
f 2385 1667 1668
f 2385 1668 1669
f 2385 2382 1667
f 2386 2383 2381
f 2386 2190 2189
f 2386 2191 2190
f 2386 2189 2383
f 2387 2384 2379
f 2387 2379 2382
f 2387 2382 2385
f 2388 1669 1670
f 2388 1670 1671
f 2388 2385 1669
f 2389 2381 2384
f 2389 2192 2191
f 2389 2193 2192
f 2389 2384 2387
f 2389 2191 2386
f 2389 2386 2381
f 2390 2387 2385
f 2391 2388 1671
f 2391 1671 1672
f 2391 1672 1673
f 2392 2389 2387
f 2392 2194 2193
f 2392 2195 2194
f 2392 2193 2389
f 2393 2385 2388
f 2393 2388 2391
f 2393 2390 2385
f 2394 2391 1673
f 2394 1673 1674
f 2394 1674 1675
f 2395 2196 2195
f 2395 2197 2196
f 2395 2387 2390
f 2395 2195 2392
f 2395 2392 2387
f 2395 2390 2393
f 2396 2393 2391
f 2397 1675 1676
f 2397 1676 1677
f 2397 2394 1675
f 2398 2198 2197
f 2398 2199 2198
f 2398 2197 2395
f 2398 2395 2393
f 2399 2396 2391
f 2399 2391 2394
f 2400 2397 1677
f 2400 1677 1678
f 2400 1678 1679
f 2401 2396 2399
f 2401 2398 2393
f 2401 2200 2199
f 2401 2201 2200
f 2401 2393 2396
f 2401 2199 2398
f 2402 2394 2397
f 2402 2397 2400
f 2402 2399 2394
f 2403 1679 1680
f 2403 1680 1681
f 2403 2400 1679
f 2404 2201 2401
f 2404 2399 2402
f 2404 2202 2201
f 2404 2203 2202
f 2404 2401 2399
f 2405 2402 2400
f 2406 1681 1682
f 2406 1682 1683
f 2406 2403 1681
f 2407 2404 2402
f 2407 2204 2203
f 2407 2205 2204
f 2407 2203 2404
f 2408 2405 2400
f 2408 2400 2403
f 2409 2406 1683
f 2409 1683 1684
f 2409 1684 1685
f 2410 2402 2405
f 2410 2405 2408
f 2410 2205 2407
f 2410 2206 2205
f 2410 2207 2206
f 2410 2407 2402
f 2411 2408 2403
f 2411 2403 2406
f 2412 2409 1685
f 2412 1685 1686
f 2412 1686 1687
f 2413 2207 2410
f 2413 2208 2207
f 2413 2209 2208
f 2413 2410 2408
f 2413 2408 2411
f 2414 2411 2406
f 2414 2406 2409
f 2415 2412 1687
f 2415 1687 1688
f 2415 1688 1689
f 2416 2413 2411
f 2416 2209 2413
f 2416 2210 2209
f 2416 2211 2210
f 2417 2409 2412
f 2417 2414 2409
f 2418 1689 1690
f 2418 2415 1689
f 2419 2211 2416
f 2419 2411 2414
f 2419 2416 2411
f 2419 2212 2211
f 2419 2213 2212
f 2419 2414 2417
f 2420 2417 2412
f 2420 2412 2415
f 2421 2418 1690
f 2421 1690 1691
f 2421 1691 1692
f 2422 2419 2417
f 2422 2214 2213
f 2422 2215 2214
f 2422 2213 2419
f 2423 2415 2418
f 2423 2420 2415
f 2424 2421 1692
f 2424 1692 1693
f 2424 1693 1694
f 2425 2417 2420
f 2425 2215 2422
f 2425 2216 2215
f 2425 2422 2417
f 2425 2217 2216
f 2272 2423 2418
f 2272 2418 2421
f 2277 1694 1695
f 2277 2424 1694
f 2277 1695 1696
f 2426 2425 2420
f 2426 2218 2217
f 2426 2217 2425
f 2426 2420 2423
f 2426 2423 2272
f 2273 2421 2424
f 2273 2272 2421
f 2278 1696 1697
f 2278 1697 1698
f 2278 2277 1696
f 2274 2219 2218
f 2274 2220 2219
f 2274 2426 2272
f 2274 2218 2426
f 2276 2424 2277
f 2276 2273 2424
f 2279 1698 1699
f 2279 1699 1700
f 2279 2278 1698
f 2271 2221 2220
f 2271 2222 2221
f 2271 2220 2274
f 2535 2537 2536
f 2538 1964 2539
f 2538 1965 1964
f 2538 1966 1965
f 2540 2536 2541
f 2540 2542 2486
f 2540 2486 2487
f 2540 2487 2488
f 2427 1903 1902
f 2540 2541 2542
f 2543 2539 2537
f 2543 2537 2535
f 2544 1967 1966
f 2544 1968 1967
f 2544 1966 2538
f 2545 2540 2488
f 2545 2535 2536
f 2545 2536 2540
f 2545 2488 2489
f 2545 2489 2490
f 2546 2539 2543
f 2546 2538 2539
f 2546 2544 2538
f 2547 1968 2544
f 2547 1969 1968
f 2547 1970 1969
f 2548 2546 2543
f 2548 2490 2491
f 2548 2491 2492
f 2548 2543 2535
f 2548 2545 2490
f 2548 2535 2545
f 2549 2544 2546
f 2550 1971 1970
f 2550 1972 1971
f 2431 2429 2430
f 2550 1970 2547
f 2551 2546 2548
f 2551 2548 2492
f 2551 2549 2546
f 2551 2492 2493
f 2551 2493 2494
f 2552 2547 2544
f 2552 2544 2549
f 2553 1972 2550
f 2553 1973 1972
f 2553 1974 1973
f 2554 2551 2494
f 2554 2549 2551
f 2554 2494 2495
f 2554 2495 2496
f 2555 2553 2550
f 2555 2550 2547
f 2555 2547 2552
f 2556 1975 1974
f 2556 1976 1975
f 2556 1974 2553
f 2557 2554 2496
f 2557 2552 2549
f 2557 2549 2554
f 2557 2496 2497
f 2557 2497 2498
f 2558 2553 2555
f 2559 1976 2556
f 2559 1977 1976
f 2559 1978 1977
f 2560 2555 2552
f 2560 2552 2557
f 2560 2557 2498
f 2560 2498 2499
f 2560 2499 2500
f 2561 2556 2553
f 2561 2553 2558
f 2562 1978 2559
f 2562 1979 1978
f 2562 1980 1979
f 2563 2561 2558
f 2563 2560 2500
f 2563 2558 2555
f 2563 2500 2501
f 2563 2501 2502
f 2563 2555 2560
f 2564 2559 2556
f 2564 2556 2561
f 2565 1980 2562
f 2565 1981 1980
f 2565 1982 1981
f 2566 2561 2563
f 2566 2563 2502
f 2566 2502 2503
f 2566 2503 2504
f 2567 2562 2559
f 2567 2559 2564
f 2568 1982 2565
f 2568 1983 1982
f 2568 1984 1983
f 2569 2561 2566
f 2569 2564 2561
f 2569 2566 2504
f 2569 2504 2505
f 2569 2505 2506
f 2570 2565 2562
f 2570 2562 2567
f 2570 2568 2565
f 2571 1984 2568
f 2571 1985 1984
f 2571 1986 1985
f 2572 2567 2564
f 2572 2564 2569
f 2572 2570 2567
f 2572 2569 2506
f 2572 2506 2507
f 2572 2507 2508
f 2573 2568 2570
f 2574 1987 1986
f 2574 1988 1987
f 2574 1986 2571
f 2575 2572 2508
f 2575 2508 2509
f 2575 2509 2510
f 2575 2570 2572
f 2576 2568 2573
f 2576 2571 2568
f 2577 1989 1988
f 2577 1990 1989
f 2577 1988 2574
f 2578 2573 2570
f 2578 2570 2575
f 2578 2510 2511
f 2578 2511 2512
f 2578 2575 2510
f 2579 2577 2574
f 2579 2574 2571
f 2579 2571 2576
f 2580 1990 2577
f 2580 1991 1990
f 2580 1992 1991
f 2581 2578 2512
f 2581 2576 2573
f 2581 2573 2578
f 2581 2512 2513
f 2581 2513 2514
f 2582 2577 2579
f 2583 1992 2580
f 2583 1993 1992
f 2583 1994 1993
f 2584 2581 2514
f 2584 2576 2581
f 2584 2579 2576
f 2584 2514 2515
f 2584 2515 2516
f 2585 2580 2577
f 2585 2577 2582
f 2586 1994 2583
f 2586 1995 1994
f 2586 1996 1995
f 2587 2579 2584
f 2587 2582 2579
f 2587 2584 2516
f 2587 2516 2517
f 2587 2517 2518
f 2588 2580 2585
f 2588 2583 2580
f 2589 1996 2586
f 2589 1997 1996
f 2589 1998 1997
f 2590 2582 2587
f 2590 2585 2582
f 2590 2587 2518
f 2590 2518 2519
f 2590 2519 2520
f 2591 2586 2583
f 2591 2583 2588
f 2592 1998 2589
f 2592 1999 1998
f 2592 2000 1999
f 2593 2585 2590
f 2593 2588 2585
f 2593 2590 2520
f 2593 2591 2588
f 2593 2520 2521
f 2593 2521 2522
f 2594 2589 2586
f 2594 2586 2591
f 2595 2000 2592
f 2595 2001 2000
f 2595 2002 2001
f 2596 2522 2523
f 2596 2523 2524
f 2596 2593 2522
f 2596 2591 2593
f 2596 2594 2591
f 2597 2592 2589
f 2597 2589 2594
f 2598 2003 2002
f 2598 2004 2003
f 2598 2002 2595
f 2599 2524 2525
f 2599 2525 2526
f 2599 2596 2524
f 2599 2594 2596
f 2600 2595 2592
f 2600 2592 2597
f 2600 2598 2595
f 2601 2005 2004
f 2601 2006 2005
f 2601 2427 2006
f 2601 2004 2598
f 2602 2526 2527
f 2602 2527 2528
f 2602 2599 2526
f 2602 2597 2594
f 2602 2594 2599
f 2603 2598 2600
f 2604 2528 2529
f 2604 2529 2530
f 2604 2602 2528
f 2604 2600 2597
f 2604 2597 2602
f 2605 2428 2427
f 2605 2427 2601
f 2605 2601 2598
f 2605 2598 2603
f 2606 2530 2531
f 2606 2531 2532
f 2606 2604 2530
f 2606 2603 2600
f 2606 2600 2604
f 2606 2605 2603
f 2607 2429 2428
f 2607 2532 2533
f 2607 2533 2534
f 2607 2606 2532
f 2607 2605 2606
f 2607 2534 2429
f 2607 2428 2605
f 2427 1902 2006
f 2430 2429 2534
f 2608 1904 1903
f 2608 1905 1904
f 2608 1903 2427
f 2609 1906 1905
f 2609 1907 1906
f 2609 1905 2608
f 2610 2427 2428
f 2610 2428 2429
f 2610 2608 2427
f 2611 1908 1907
f 2611 1909 1908
f 2611 1907 2609
f 2612 2609 2608
f 2612 2608 2610
f 2612 2611 2609
f 2613 1910 1909
f 2613 1911 1910
f 2613 1909 2611
f 2614 2431 2432
f 2614 2432 2433
f 2614 2610 2429
f 2614 2429 2431
f 2615 2611 2612
f 2616 1912 1911
f 2616 1913 1912
f 2616 1911 2613
f 2617 2615 2612
f 2617 2433 2434
f 2617 2434 2435
f 2617 2614 2433
f 2617 2612 2610
f 2617 2610 2614
f 2618 2611 2615
f 2618 2613 2611
f 2619 1914 1913
f 2619 1915 1914
f 2619 1913 2616
f 2620 2615 2617
f 2620 2435 2436
f 2620 2436 2437
f 2620 2617 2435
f 2621 2619 2616
f 2621 2616 2613
f 2621 2613 2618
f 2622 1915 2619
f 2622 1916 1915
f 2622 1917 1916
f 2623 2437 2438
f 2623 2438 2439
f 2623 2621 2618
f 2623 2618 2615
f 2623 2615 2620
f 2623 2620 2437
f 2624 2619 2621
f 2625 1918 1917
f 2625 1919 1918
f 2625 1917 2622
f 2626 2621 2623
f 2626 2439 2440
f 2626 2440 2441
f 2626 2623 2439
f 2627 2619 2624
f 2627 2622 2619
f 2628 1920 1919
f 2628 1921 1920
f 2628 1919 2625
f 2629 2441 2442
f 2629 2442 2443
f 2629 2626 2441
f 2629 2621 2626
f 2629 2624 2621
f 2630 2628 2625
f 2630 2625 2622
f 2630 2622 2627
f 2631 1922 1921
f 2631 1923 1922
f 2631 1921 2628
f 2632 2629 2443
f 2632 2627 2624
f 2632 2443 2444
f 2632 2444 2445
f 2632 2624 2629
f 2632 2630 2627
f 2633 2628 2630
f 2634 1924 1923
f 2634 1925 1924
f 2634 1923 2631
f 2635 2445 2446
f 2635 2446 2447
f 2635 2632 2445
f 2635 2630 2632
f 2636 2634 2631
f 2636 2628 2633
f 2636 2631 2628
f 2637 1926 1925
f 2637 1927 1926
f 2637 1925 2634
f 2638 2636 2633
f 2638 2635 2447
f 2638 2447 2448
f 2638 2448 2449
f 2638 2630 2635
f 2638 2633 2630
f 2639 2634 2636
f 2640 1928 1927
f 2640 1929 1928
f 2640 1927 2637
f 2641 2636 2638
f 2641 2449 2450
f 2641 2450 2451
f 2641 2639 2636
f 2641 2638 2449
f 2642 2637 2634
f 2642 2634 2639
f 2643 1930 1929
f 2643 1931 1930
f 2643 1929 2640
f 2644 2451 2452
f 2644 2452 2453
f 2644 2641 2451
f 2644 2639 2641
f 2644 2642 2639
f 2645 2640 2637
f 2645 2637 2642
f 2645 2643 2640
f 2646 1931 2643
f 2646 1932 1931
f 2646 1933 1932
f 2647 2644 2453
f 2647 2642 2644
f 2647 2453 2454
f 2647 2454 2455
f 2648 2643 2645
f 2649 1934 1933
f 2649 1935 1934
f 2649 1933 2646
f 2650 2642 2647
f 2650 2647 2455
f 2650 2455 2456
f 2650 2456 2457
f 2650 2645 2642
f 2650 2648 2645
f 2651 2646 2643
f 2651 2643 2648
f 2652 1936 1935
f 2652 1937 1936
f 2652 1935 2649
f 2653 2651 2648
f 2653 2457 2458
f 2653 2458 2459
f 2653 2650 2457
f 2653 2648 2650
f 2654 2646 2651
f 2654 2649 2646
f 2655 1937 2652
f 2655 1938 1937
f 2655 1939 1938
f 2656 2459 2460
f 2656 2460 2461
f 2656 2651 2653
f 2656 2653 2459
f 2657 2649 2654
f 2657 2652 2649
f 2658 1940 1939
f 2658 1941 1940
f 2658 1939 2655
f 2659 2657 2654
f 2659 2651 2656
f 2659 2461 2462
f 2659 2462 2463
f 2659 2654 2651
f 2659 2656 2461
f 2660 2655 2652
f 2660 2652 2657
f 2661 1942 1941
f 2661 1943 1942
f 2661 1941 2658
f 2662 2659 2463
f 2662 2463 2464
f 2662 2464 2465
f 2662 2657 2659
f 2663 2661 2658
f 2663 2658 2655
f 2663 2655 2660
f 2664 1944 1943
f 2664 1945 1944
f 2664 1943 2661
f 2665 2465 2466
f 2665 2466 2467
f 2665 2660 2657
f 2665 2662 2465
f 2665 2657 2662
f 2666 2661 2663
f 2667 1946 1945
f 2667 1947 1946
f 2667 1945 2664
f 2668 2467 2468
f 2668 2468 2469
f 2668 2660 2665
f 2668 2665 2467
f 2668 2663 2660
f 2669 2661 2666
f 2669 2664 2661
f 2670 1947 2667
f 2670 1948 1947
f 2670 1949 1948
f 2671 2668 2469
f 2671 2666 2663
f 2671 2469 2470
f 2671 2470 2471
f 2671 2663 2668
f 2672 2667 2664
f 2672 2664 2669
f 2673 1949 2670
f 2673 1950 1949
f 2673 1951 1950
f 2674 2669 2666
f 2674 2666 2671
f 2674 2471 2472
f 2674 2472 2473
f 2674 2671 2471
f 2675 2670 2667
f 2675 2667 2672
f 2676 1951 2673
f 2676 1952 1951
f 2676 1953 1952
f 2677 2669 2674
f 2677 2675 2672
f 2677 2674 2473
f 2677 2473 2474
f 2677 2474 2475
f 2677 2672 2669
f 2678 2670 2675
f 2678 2673 2670
f 2679 1953 2676
f 2679 1954 1953
f 2680 2677 2475
f 2680 2675 2677
f 2680 2475 2476
f 2680 2476 2477
f 2681 2679 2676
f 2681 2676 2673
f 2681 2673 2678
f 2682 1955 1954
f 2682 1956 1955
f 2682 1954 2679
f 2683 2678 2675
f 2683 2477 2478
f 2683 2478 2479
f 2683 2680 2477
f 2683 2675 2680
f 2684 2679 2681
f 2685 1956 2682
f 2685 1957 1956
f 2685 1958 1957
f 2686 2678 2683
f 2686 2681 2678
f 2686 2683 2479
f 2686 2684 2681
f 2686 2479 2480
f 2686 2480 2481
f 2687 2682 2679
f 2687 2679 2684
f 2688 1959 1958
f 2688 1960 1959
f 2688 1958 2685
f 2689 2684 2686
f 2689 2481 2482
f 2689 2686 2481
f 2541 2682 2687
f 2541 2688 2685
f 2541 2685 2682
f 2537 1961 1960
f 2537 1962 1961
f 2537 1960 2688
f 2690 2684 2689
f 2690 2689 2482
f 2690 2482 2483
f 2690 2483 2484
f 2690 2687 2684
f 2690 2541 2687
f 2536 2688 2541
f 2536 2537 2688
f 2539 1963 1962
f 2539 1964 1963
f 2539 1962 2537
f 2542 2484 2485
f 2542 2485 2486
f 2542 2690 2484
f 2542 2541 2690
f 2691 2166 2167
f 2694 2693 2692
f 2691 2270 2166
f 2693 2797 2692
f 2798 2167 2168
f 2798 2168 2169
f 2798 2691 2167
f 2799 2169 2170
f 2799 2170 2171
f 2799 2798 2169
f 2800 2695 2694
f 2800 2696 2695
f 2800 2692 2691
f 2800 2798 2799
f 2800 2694 2692
f 2800 2691 2798
f 2801 2171 2172
f 2801 2172 2173
f 2801 2799 2171
f 2802 2697 2696
f 2802 2698 2697
f 2802 2696 2800
f 2802 2800 2799
f 2803 2173 2174
f 2803 2174 2175
f 2803 2801 2173
f 2804 2699 2698
f 2804 2700 2699
f 2804 2802 2799
f 2804 2801 2803
f 2804 2799 2801
f 2804 2698 2802
f 2805 2175 2176
f 2805 2176 2177
f 2805 2803 2175
f 2806 2804 2803
f 2806 2701 2700
f 2806 2702 2701
f 2806 2700 2804
f 2807 2177 2178
f 2807 2178 2179
f 2807 2805 2177
f 2808 2703 2702
f 2808 2704 2703
f 2808 2803 2805
f 2808 2806 2803
f 2808 2702 2806
f 2809 2807 2179
f 2809 2179 2180
f 2809 2180 2181
f 2810 2807 2809
f 2810 2705 2704
f 2810 2706 2705
f 2810 2805 2807
f 2810 2704 2808
f 2810 2808 2805
f 2811 2809 2181
f 2811 2181 2182
f 2811 2182 2183
f 2812 2707 2706
f 2812 2708 2707
f 2812 2810 2809
f 2812 2706 2810
f 2812 2809 2811
f 2813 2811 2183
f 2813 2183 2184
f 2813 2184 2185
f 2814 2709 2708
f 2814 2710 2709
f 2814 2708 2812
f 2814 2812 2811
f 2815 2185 2186
f 2815 2186 2187
f 2815 2813 2185
f 2816 2711 2710
f 2816 2712 2711
f 2816 2710 2814
f 2816 2814 2811
f 2816 2811 2813
f 2817 2187 2188
f 2817 2188 2189
f 2817 2815 2187
f 2818 2712 2816
f 2818 2713 2712
f 2818 2714 2713
f 2818 2816 2813
f 2818 2813 2815
f 2819 2189 2190
f 2819 2190 2191
f 2819 2817 2189
f 2820 2818 2815
f 2820 2817 2819
f 2820 2715 2714
f 2820 2716 2715
f 2820 2815 2817
f 2820 2714 2818
f 2821 2191 2192
f 2821 2192 2193
f 2821 2819 2191
f 2822 2716 2820
f 2822 2717 2716
f 2822 2718 2717
f 2822 2820 2819
f 2823 2193 2194
f 2823 2194 2195
f 2823 2821 2193
f 2824 2719 2718
f 2824 2720 2719
f 2824 2718 2822
f 2824 2822 2819
f 2824 2819 2821
f 2825 2195 2196
f 2825 2196 2197
f 2825 2823 2195
f 2826 2823 2825
f 2826 2721 2720
f 2826 2722 2721
f 2826 2821 2823
f 2826 2824 2821
f 2826 2720 2824
f 2827 2197 2198
f 2827 2198 2199
f 2827 2825 2197
f 2828 2723 2722
f 2828 2724 2723
f 2828 2722 2826
f 2828 2826 2825
f 2829 2199 2200
f 2829 2200 2201
f 2829 2827 2199
f 2830 2828 2825
f 2830 2724 2828
f 2830 2827 2829
f 2830 2725 2724
f 2830 2726 2725
f 2830 2825 2827
f 2831 2201 2202
f 2831 2202 2203
f 2831 2829 2201
f 2832 2726 2830
f 2832 2830 2829
f 2832 2727 2726
f 2832 2728 2727
f 2833 2831 2203
f 2833 2203 2204
f 2833 2204 2205
f 2834 2729 2728
f 2834 2730 2729
f 2834 2728 2832
f 2834 2829 2831
f 2834 2832 2829
f 2835 2833 2205
f 2835 2205 2206
f 2835 2206 2207
f 2836 2834 2831
f 2836 2731 2730
f 2836 2732 2731
f 2836 2730 2834
f 2836 2833 2835
f 2836 2831 2833
f 2837 2835 2207
f 2837 2207 2208
f 2837 2208 2209
f 2838 2836 2835
f 2838 2733 2732
f 2838 2734 2733
f 2838 2835 2837
f 2838 2732 2836
f 2839 2209 2210
f 2839 2210 2211
f 2839 2837 2209
f 2840 2838 2837
f 2840 2735 2734
f 2840 2736 2735
f 2840 2734 2838
f 2841 2211 2212
f 2841 2212 2213
f 2841 2839 2211
f 2842 2840 2837
f 2842 2837 2839
f 2842 2839 2841
f 2842 2737 2736
f 2842 2738 2737
f 2842 2736 2840
f 2843 2841 2213
f 2843 2213 2214
f 2843 2214 2215
f 2844 2738 2842
f 2844 2739 2738
f 2844 2740 2739
f 2844 2842 2841
f 2845 2843 2215
f 2845 2215 2216
f 2845 2216 2217
f 2846 2841 2843
f 2846 2844 2841
f 2846 2740 2844
f 2846 2843 2845
f 2846 2741 2740
f 2846 2742 2741
f 2847 2845 2217
f 2847 2217 2218
f 2847 2218 2219
f 2848 2742 2846
f 2848 2846 2845
f 2848 2743 2742
f 2848 2744 2743
f 2849 2847 2219
f 2849 2219 2220
f 2850 2845 2847
f 2850 2744 2848
f 2850 2848 2845
f 2850 2745 2744
f 2850 2746 2745
f 2851 2849 2220
f 2851 2220 2221
f 2851 2221 2222
f 2852 2850 2847
f 2852 2849 2851
f 2852 2747 2746
f 2852 2746 2850
f 2852 2847 2849
f 2853 2851 2222
f 2853 2222 2223
f 2853 2223 2224
f 2854 2852 2851
f 2854 2747 2852
f 2854 2748 2747
f 2854 2749 2748
f 2855 2224 2225
f 2855 2225 2226
f 2855 2853 2224
f 2856 2851 2853
f 2856 2750 2749
f 2856 2751 2750
f 2856 2854 2851
f 2856 2749 2854
f 2857 2226 2227
f 2857 2227 2228
f 2857 2855 2226
f 2858 2856 2853
f 2858 2853 2855
f 2858 2751 2856
f 2858 2752 2751
f 2858 2753 2752
f 2859 2857 2228
f 2859 2228 2229
f 2859 2229 2230
f 2860 2754 2753
f 2860 2755 2754
f 2860 2753 2858
f 2860 2855 2857
f 2860 2858 2855
f 2861 2230 2231
f 2861 2231 2232
f 2861 2859 2230
f 2862 2857 2859
f 2862 2755 2860
f 2862 2756 2755
f 2862 2757 2756
f 2862 2860 2857
f 2863 2861 2232
f 2863 2232 2233
f 2863 2233 2234
f 2864 2859 2861
f 2864 2862 2859
f 2864 2758 2757
f 2864 2759 2758
f 2864 2757 2862
f 2865 2863 2234
f 2865 2234 2235
f 2865 2235 2236
f 2866 2759 2864
f 2866 2861 2863
f 2866 2760 2759
f 2866 2864 2861
f 2866 2761 2760
f 2867 2865 2236
f 2867 2236 2237
f 2867 2237 2238
f 2868 2866 2863
f 2868 2761 2866
f 2868 2762 2761
f 2868 2763 2762
f 2868 2863 2865
f 2869 2867 2238
f 2869 2238 2239
f 2869 2239 2240
f 2870 2763 2868
f 2870 2865 2867
f 2870 2764 2763
f 2870 2765 2764
f 2870 2868 2865
f 2871 2869 2240
f 2871 2240 2241
f 2871 2241 2242
f 2872 2867 2869
f 2872 2870 2867
f 2872 2765 2870
f 2872 2766 2765
f 2872 2767 2766
f 2873 2871 2242
f 2873 2242 2243
f 2873 2243 2244
f 2874 2869 2871
f 2874 2872 2869
f 2874 2767 2872
f 2874 2768 2767
f 2874 2769 2768
f 2875 2873 2244
f 2875 2244 2245
f 2875 2245 2246
f 2876 2871 2873
f 2876 2874 2871
f 2876 2769 2874
f 2876 2770 2769
f 2876 2771 2770
f 2877 2875 2246
f 2877 2246 2247
f 2877 2247 2248
f 2878 2873 2875
f 2878 2771 2876
f 2878 2772 2771
f 2878 2773 2772
f 2878 2876 2873
f 2879 2877 2248
f 2879 2248 2249
f 2879 2249 2250
f 2880 2878 2875
f 2880 2875 2877
f 2880 2773 2878
f 2880 2774 2773
f 2880 2775 2774
f 2881 2879 2250
f 2881 2250 2251
f 2881 2251 2252
f 2882 2877 2879
f 2882 2775 2880
f 2882 2880 2877
f 2882 2776 2775
f 2882 2777 2776
f 2883 2881 2252
f 2883 2252 2253
f 2883 2253 2254
f 2884 2879 2881
f 2884 2882 2879
f 2884 2777 2882
f 2884 2778 2777
f 2884 2779 2778
f 2885 2883 2254
f 2885 2254 2255
f 2885 2255 2256
f 2886 2881 2883
f 2886 2779 2884
f 2886 2884 2881
f 2886 2780 2779
f 2886 2781 2780
f 2887 2885 2256
f 2887 2256 2257
f 2887 2257 2258
f 2888 2886 2883
f 2888 2883 2885
f 2888 2781 2886
f 2888 2782 2781
f 2888 2783 2782
f 2889 2887 2258
f 2889 2258 2259
f 2889 2259 2260
f 2890 2885 2887
f 2890 2888 2885
f 2890 2783 2888
f 2890 2784 2783
f 2890 2785 2784
f 2891 2260 2261
f 2891 2261 2262
f 2891 2889 2260
f 2892 2787 2786
f 2892 2785 2890
f 2892 2887 2889
f 2892 2890 2887
f 2892 2786 2785
f 2893 2891 2262
f 2893 2262 2263
f 2893 2263 2264
f 2894 2788 2787
f 2894 2789 2788
f 2894 2892 2889
f 2894 2787 2892
f 2894 2889 2891
f 2895 2893 2264
f 2895 2264 2265
f 2895 2265 2266
f 2896 2790 2789
f 2896 2891 2893
f 2896 2791 2790
f 2896 2894 2891
f 2896 2789 2894
f 2897 2266 2267
f 2897 2267 2268
f 2897 2895 2266
f 2898 2792 2791
f 2898 2793 2792
f 2898 2896 2893
f 2898 2893 2895
f 2898 2791 2896
f 2899 2268 2269
f 2899 2269 2270
f 2899 2270 2691
f 2899 2897 2268
f 2900 2794 2793
f 2900 2795 2794
f 2900 2793 2898
f 2900 2895 2897
f 2900 2898 2895
f 2900 2897 2899
f 2901 2691 2692
f 2901 2899 2691
f 2901 2796 2795
f 2901 2797 2796
f 2901 2795 2900
f 2901 2900 2899
f 2901 2692 2797
f 3010 3012 3011
f 3010 3013 3012
f 3014 2483 2482
f 3014 2484 2483
f 3014 2482 3013
f 3015 3017 3016
f 3015 2952 2953
f 2902 2431 2430
f 3015 2953 2954
f 3015 3016 2952
f 3018 3013 3010
f 3019 2484 3014
f 3019 2485 2484
f 3019 2486 2485
f 3020 3018 3010
f 3020 3015 2954
f 3020 3017 3015
f 3020 2954 2955
f 3020 2955 2956
f 3020 3010 3017
f 3021 3019 3014
f 3021 3013 3018
f 3021 3014 3013
f 3022 2487 2486
f 3022 2486 3019
f 3022 2488 2487
f 3023 3018 3020
f 3023 3020 2956
f 3023 2956 2957
f 3024 3019 3021
f 2906 2904 2905
f 3025 2488 3022
f 3025 2489 2488
f 3025 2490 2489
f 3026 3018 3023
f 3026 3023 2957
f 3026 2957 2958
f 3026 2958 2959
f 3026 3021 3018
f 3027 3019 3024
f 3027 3022 3019
f 3028 2491 2490
f 3028 2492 2491
f 3028 2490 3025
f 3029 3024 3021
f 3029 2959 2960
f 3029 2960 2961
f 3029 3021 3026
f 3029 3026 2959
f 3030 3028 3025
f 3030 3025 3022
f 3030 3022 3027
f 3031 2492 3028
f 3031 2493 2492
f 3031 2494 2493
f 3032 3027 3024
f 3032 2961 2962
f 3032 2962 2963
f 3032 3024 3029
f 3032 3029 2961
f 3033 3028 3030
f 3034 2495 2494
f 3034 2496 2495
f 3034 2494 3031
f 3035 3030 3027
f 3035 2963 2964
f 3035 2964 2965
f 3035 3027 3032
f 3035 3032 2963
f 3036 3028 3033
f 3036 3031 3028
f 3037 2496 3034
f 3037 2497 2496
f 3037 2498 2497
f 3038 3036 3033
f 3038 3035 2965
f 3038 3033 3030
f 3038 2965 2966
f 3038 2966 2967
f 3038 3030 3035
f 3039 3031 3036
f 3039 3034 3031
f 3040 2498 3037
f 3040 2499 2498
f 3040 2500 2499
f 3041 3036 3038
f 3041 3039 3036
f 3041 2967 2968
f 3041 2968 2969
f 3041 3038 2967
f 3042 3034 3039
f 3042 3037 3034
f 3043 2500 3040
f 3043 2501 2500
f 3043 2502 2501
f 3044 3041 2969
f 3044 2969 2970
f 3044 2970 2971
f 3044 3039 3041
f 3045 3037 3042
f 3045 3040 3037
f 3045 3043 3040
f 3046 2502 3043
f 3046 2503 2502
f 3046 2504 2503
f 3047 3039 3044
f 3047 3042 3039
f 3047 3044 2971
f 3047 3045 3042
f 3047 2971 2972
f 3047 2972 2973
f 3048 3043 3045
f 3049 2504 3046
f 3049 2505 2504
f 3049 2506 2505
f 3050 3045 3047
f 3050 3047 2973
f 3050 2973 2974
f 3050 2974 2975
f 3051 3046 3043
f 3051 3043 3048
f 3052 2506 3049
f 3052 2507 2506
f 3052 2508 2507
f 3053 3048 3045
f 3053 3045 3050
f 3053 3050 2975
f 3053 3051 3048
f 3053 2975 2976
f 3053 2976 2977
f 3054 3049 3046
f 3054 3046 3051
f 3055 2508 3052
f 3055 2509 2508
f 3055 2510 2509
f 3056 3053 2977
f 3056 3051 3053
f 3056 3054 3051
f 3056 2977 2978
f 3056 2978 2979
f 3057 3052 3049
f 3057 3049 3054
f 3058 2510 3055
f 3058 2511 2510
f 3058 2512 2511
f 3059 3054 3056
f 3059 3057 3054
f 3059 3056 2979
f 3059 2979 2980
f 3059 2980 2981
f 3060 3055 3052
f 3060 3052 3057
f 3061 2513 2512
f 3061 2514 2513
f 3061 2512 3058
f 3062 3057 3059
f 3062 3059 2981
f 3062 2981 2982
f 3062 2982 2983
f 3063 3058 3055
f 3063 3061 3058
f 3063 3055 3060
f 3064 2514 3061
f 3064 2515 2514
f 3064 2516 2515
f 3065 3060 3057
f 3065 3057 3062
f 3065 3062 2983
f 3065 2983 2984
f 3065 2984 2985
f 3066 3061 3063
f 3067 2516 3064
f 3067 2517 2516
f 3067 2518 2517
f 3068 3060 3065
f 3068 3063 3060
f 3068 2985 2986
f 3068 2986 2987
f 3068 3065 2985
f 3069 3061 3066
f 3069 3064 3061
f 3070 2518 3067
f 3070 2519 2518
f 3070 2520 2519
f 3071 3069 3066
f 3071 3063 3068
f 3071 2987 2988
f 3071 2988 2989
f 3071 3066 3063
f 3071 3068 2987
f 3072 3064 3069
f 3072 3067 3064
f 3073 2520 3070
f 3073 2521 2520
f 3073 2522 2521
f 3074 3071 2989
f 3074 2989 2990
f 3074 2990 2991
f 3074 3069 3071
f 3075 3067 3072
f 3075 3070 3067
f 3076 2522 3073
f 3076 2523 2522
f 3076 2524 2523
f 3077 3072 3069
f 3077 3069 3074
f 3077 3075 3072
f 3077 3074 2991
f 3077 2991 2992
f 3077 2992 2993
f 3078 3070 3075
f 3078 3076 3073
f 3078 3073 3070
f 3079 2524 3076
f 3079 2525 2524
f 3079 2526 2525
f 3080 3075 3077
f 3080 3077 2993
f 3080 2993 2994
f 3080 2994 2995
f 3081 3076 3078
f 3082 2526 3079
f 3082 2527 2526
f 3082 2528 2527
f 3083 3078 3075
f 3083 3075 3080
f 3083 3081 3078
f 3083 3080 2995
f 3083 2995 2996
f 3083 2996 2997
f 3084 3076 3081
f 3084 3079 3076
f 3085 2528 3082
f 3085 2529 2528
f 3085 2530 2529
f 3086 2997 2998
f 3086 2998 2999
f 3086 3083 2997
f 3086 3081 3083
f 3087 3082 3079
f 3087 3079 3084
f 3088 2531 2530
f 3088 2532 2531
f 3088 2530 3085
f 3089 2999 3000
f 3089 3000 3001
f 3089 3086 2999
f 3089 3084 3081
f 3089 3081 3086
f 3089 3087 3084
f 3090 3085 3082
f 3090 3082 3087
f 3091 2533 2532
f 3091 2534 2533
f 3091 2902 2534
f 3091 2532 3088
f 3092 3001 3002
f 3092 3002 3003
f 3092 3087 3089
f 3092 3089 3001
f 3092 3090 3087
f 3093 3088 3085
f 3093 3085 3090
f 3093 3091 3088
f 3094 3003 3004
f 3094 3004 3005
f 3094 3090 3092
f 3094 3092 3003
f 3095 2903 2902
f 3095 2902 3091
f 3095 3091 3093
f 3096 3094 3005
f 3096 3005 3006
f 3096 3006 3007
f 3096 3093 3090
f 3096 3090 3094
f 3097 2904 2903
f 3097 3007 3008
f 3097 3008 3009
f 3097 3096 3007
f 3097 2903 3095
f 3097 3009 2904
f 3097 3095 3093
f 3097 3093 3096
f 2902 2430 2534
f 2905 2904 3009
f 3098 2432 2431
f 3098 2433 2432
f 3098 2431 2902
f 3099 2434 2433
f 3099 2435 2434
f 3099 2433 3098
f 3100 2902 2903
f 3100 3098 2902
f 3101 2436 2435
f 3101 2437 2436
f 3101 2435 3099
f 3102 3099 3098
f 3102 3101 3099
f 3102 3098 3100
f 3103 2438 2437
f 3103 2439 2438
f 3103 2437 3101
f 3104 2906 2907
f 3104 2907 2908
f 3104 2903 2904
f 3104 3100 2903
f 3104 2904 2906
f 3104 3102 3100
f 3105 3103 3101
f 3105 3101 3102
f 3106 2440 2439
f 3106 2441 2440
f 3106 2439 3103
f 3107 2908 2909
f 3107 2909 2910
f 3107 3104 2908
f 3107 3105 3102
f 3107 3102 3104
f 3108 3103 3105
f 3109 2442 2441
f 3109 2443 2442
f 3109 2441 3106
f 3110 2910 2911
f 3110 2911 2912
f 3110 3105 3107
f 3110 3107 2910
f 3111 3103 3108
f 3111 3106 3103
f 3112 2444 2443
f 3112 2445 2444
f 3112 2443 3109
f 3113 3105 3110
f 3113 3108 3105
f 3113 2912 2913
f 3113 2913 2914
f 3113 3110 2912
f 3114 3109 3106
f 3114 3106 3111
f 3115 2446 2445
f 3115 2447 2446
f 3115 2445 3112
f 3116 2914 2915
f 3116 2915 2916
f 3116 3111 3108
f 3116 3108 3113
f 3116 3113 2914
f 3116 3114 3111
f 3117 3112 3109
f 3117 3109 3114
f 3117 3115 3112
f 3118 2448 2447
f 3118 2449 2448
f 3118 2447 3115
f 3119 3116 2916
f 3119 2916 2917
f 3119 2917 2918
f 3119 3114 3116
f 3120 3115 3117
f 3121 2450 2449
f 3121 2451 2450
f 3121 2449 3118
f 3122 3114 3119
f 3122 2918 2919
f 3122 2919 2920
f 3122 3117 3114
f 3122 3119 2918
f 3123 3118 3115
f 3123 3115 3120
f 3124 2452 2451
f 3124 2453 2452
f 3124 2451 3121
f 3125 3117 3122
f 3125 3123 3120
f 3125 2920 2921
f 3125 2921 2922
f 3125 3120 3117
f 3125 3122 2920
f 3126 3121 3118
f 3126 3118 3123
f 3127 2454 2453
f 3127 2455 2454
f 3127 2453 3124
f 3128 2922 2923
f 3128 2923 2924
f 3128 3125 2922
f 3128 3123 3125
f 3129 3121 3126
f 3129 3127 3124
f 3129 3124 3121
f 3130 2455 3127
f 3130 2456 2455
f 3130 2457 2456
f 3131 3123 3128
f 3131 3126 3123
f 3131 2924 2925
f 3131 2925 2926
f 3131 3129 3126
f 3131 3128 2924
f 3132 3127 3129
f 3132 3130 3127
f 3133 2457 3130
f 3133 2458 2457
f 3133 2459 2458
f 3134 3132 3129
f 3134 2926 2927
f 3134 2927 2928
f 3134 3131 2926
f 3134 3129 3131
f 3135 3130 3132
f 3136 2459 3133
f 3136 2460 2459
f 3136 2461 2460
f 3137 3132 3134
f 3137 3134 2928
f 3137 2928 2929
f 3137 2929 2930
f 3137 3135 3132
f 3138 3130 3135
f 3138 3133 3130
f 3139 2462 2461
f 3139 2463 2462
f 3139 2461 3136
f 3140 3135 3137
f 3140 2930 2931
f 3140 2931 2932
f 3140 3137 2930
f 3141 3133 3138
f 3141 3136 3133
f 3142 2464 2463
f 3142 2465 2464
f 3142 2463 3139
f 3143 3140 2932
f 3143 2932 2933
f 3143 2933 2934
f 3143 3138 3135
f 3143 3141 3138
f 3143 3135 3140
f 3144 3142 3139
f 3144 3139 3136
f 3144 3136 3141
f 3145 2466 2465
f 3145 2467 2466
f 3145 2465 3142
f 3146 2934 2935
f 3146 2935 2936
f 3146 3143 2934
f 3146 3141 3143
f 3147 3142 3144
f 3148 2467 3145
f 3148 2468 2467
f 3148 2469 2468
f 3149 3141 3146
f 3149 2936 2937
f 3149 2937 2938
f 3149 3146 2936
f 3149 3144 3141
f 3150 3145 3142
f 3150 3142 3147
f 3151 2470 2469
f 3151 2471 2470
f 3151 2469 3148
f 3152 3144 3149
f 3152 2938 2939
f 3152 3147 3144
f 3152 2939 2940
f 3152 3149 2938
f 3153 3145 3150
f 3153 3148 3145
f 3154 2471 3151
f 3154 2472 2471
f 3154 2473 2472
f 3155 3152 2940
f 3155 3147 3152
f 3155 3153 3150
f 3155 2940 2941
f 3155 2941 2942
f 3155 3150 3147
f 3156 3148 3153
f 3156 3151 3148
f 3157 2474 2473
f 3157 2475 2474
f 3157 2473 3154
f 3158 3153 3155
f 3158 2942 2943
f 3158 2943 2944
f 3158 3155 2942
f 3159 3151 3156
f 3159 3154 3151
f 3160 2475 3157
f 3160 2476 2475
f 3160 2477 2476
f 3161 3156 3153
f 3161 3158 2944
f 3161 2944 2945
f 3161 2945 2946
f 3161 3153 3158
f 3162 3154 3159
f 3162 3157 3154
f 3011 2477 3160
f 3011 2478 2477
f 3011 2479 2478
f 3163 3156 3161
f 3163 3159 3156
f 3163 2946 2947
f 3163 2947 2948
f 3163 3161 2946
f 3164 3157 3162
f 3164 3160 3157
f 3012 2479 3011
f 3012 2480 2479
f 3012 2481 2480
f 3165 3159 3163
f 3165 3163 2948
f 3165 2948 2949
f 3165 2949 2950
f 3165 3162 3159
f 3017 3011 3160
f 3017 3160 3164
f 3013 2481 3012
f 3013 2482 2481
f 3016 3162 3165
f 3016 3164 3162
f 3016 2950 2951
f 3016 2951 2952
f 3016 3165 2950
f 3016 3017 3164
f 3010 3011 3017
f 3231 2759 3232
f 3231 2757 2758
f 3231 2758 2759
f 3233 3232 2759
f 3233 2759 2760
f 3230 2757 3231
f 3234 3233 2760
f 3234 2760 2761
f 3229 2757 3230
f 3229 2756 2757
f 3235 3234 2761
f 3235 2761 2762
f 3228 2756 3229
f 3228 2755 2756
f 3236 3235 2762
f 3236 2762 2763
f 3227 2755 3228
f 3227 2754 2755
f 3237 3236 2763
f 3237 2763 2764
f 3237 2764 2765
f 3226 2753 2754
f 3226 2754 3227
f 3238 3237 2765
f 3225 2753 3226
f 3225 2751 2752
f 3225 2752 2753
f 3239 3238 2765
f 3239 2765 2766
f 3224 2751 3225
f 3240 2766 2767
f 3240 3239 2766
f 3223 2751 3224
f 3223 2750 2751
f 3241 3240 2767
f 3241 2767 2768
f 3222 2748 2749
f 3222 2749 2750
f 3222 2750 3223
f 3242 2768 2769
f 3242 3241 2768
f 3221 2748 3222
f 3243 3242 2769
f 3243 2769 2770
f 3220 2748 3221
f 3220 2747 2748
f 3244 3243 2770
f 3244 2770 2771
f 3244 2771 2772
f 3219 2746 2747
f 3219 2747 3220
f 3245 3244 2772
f 3218 2745 2746
f 3218 2746 3219
f 3246 3245 2772
f 3246 2772 2773
f 3217 2745 3218
f 3217 2744 2745
f 3247 3246 2773
f 3247 2773 2774
f 3216 2744 3217
f 3216 2743 2744
f 3248 3247 2774
f 3248 2774 2775
f 3215 2743 3216
f 3215 2742 2743
f 3249 3248 2775
f 3249 2775 2776
f 2777 3249 2776
f 3214 2742 3215
f 3214 2741 2742
f 3250 3249 2777
f 3213 2740 2741
f 3213 2741 3214
f 2739 2740 3213
f 3251 3250 2777
f 3251 2777 2778
f 3212 2739 3213
f 3252 3251 2778
f 3252 2778 2779
f 3211 2738 2739
f 3211 2739 3212
f 2737 2738 3211
f 3253 3252 2779
f 3253 2779 2780
f 3210 2737 3211
f 3254 3253 2780
f 3254 2780 2781
f 3209 2736 2737
f 3209 2737 3210
f 3255 2781 2782
f 3255 3254 2781
f 3208 2735 2736
f 3208 2736 3209
f 3256 3255 2782
f 3256 2782 2783
f 3207 2735 3208
f 3207 2734 2735
f 2784 3256 2783
f 3257 3256 2784
f 3206 2734 3207
f 3206 2733 2734
f 3258 3257 2784
f 2785 3258 2784
f 3205 2733 3206
f 2732 2733 3205
f 2786 3258 2785
f 2786 3259 3258
f 3204 2732 3205
f 2731 2732 3204
f 2787 3259 2786
f 2787 3260 3259
f 2730 2731 3204
f 2730 3204 3203
f 3261 3260 2787
f 3202 2730 3203
f 2788 3261 2787
f 2729 2730 3202
f 2789 3261 2788
f 2789 3262 3261
f 2728 3202 3201
f 2728 2729 3202
f 3200 2728 3201
f 2790 3263 3262
f 2790 3262 2789
f 2727 2728 3200
f 2791 3264 3263
f 2791 3263 2790
f 2726 3200 3199
f 2726 2727 3200
f 3265 3264 2791
f 2792 3265 2791
f 2725 3199 3198
f 2725 2726 3199
f 3197 2725 3198
f 2793 3266 3265
f 2793 3265 2792
f 3267 3266 2793
f 2724 2725 3197
f 2794 3267 2793
f 2723 3197 3196
f 2723 2724 3197
f 2795 3268 3267
f 2795 3269 3268
f 2795 3267 2794
f 2722 3196 3195
f 2722 2723 3196
f 2796 3269 2795
f 2721 3195 3194
f 2721 2722 3195
f 2797 3270 3269
f 2797 3269 2796
f 2720 2721 3194
f 2720 3193 3192
f 2720 3194 3193
f 2693 3167 3166
f 2693 3166 3270
f 2693 3270 2797
f 2719 2720 3192
f 2694 3168 3167
f 2694 3167 2693
f 2718 3192 3191
f 2718 2719 3192
f 2695 3169 3168
f 2695 3168 2694
f 2717 2718 3191
f 2717 3191 3190
f 2696 3169 2695
f 2716 3189 3188
f 2716 3190 3189
f 2716 2717 3190
f 2697 3170 3169
f 2697 3171 3170
f 2697 3169 2696
f 2715 3188 3187
f 2715 2716 3188
f 2698 3171 2697
f 2714 2715 3187
f 2699 3172 3171
f 2699 3171 2698
f 2713 3186 3185
f 2713 3187 3186
f 2713 2714 3187
f 2700 3173 3172
f 2700 3172 2699
f 2712 2713 3185
f 2701 3174 3173
f 2701 3175 3174
f 2701 3173 2700
f 2711 2712 3185
f 2711 3185 3184
f 2702 3175 2701
f 2710 2711 3184
f 2710 3184 3183
f 2703 3176 3175
f 2703 3175 2702
f 2709 2710 3183
f 2709 3182 3181
f 2709 3183 3182
f 2704 3176 2703
f 2704 3177 3176
f 2704 3178 3177
f 2708 2709 3181
f 2705 3178 2704
f 2707 3180 3179
f 2707 3181 3180
f 2707 2708 3181
f 2706 2707 3179
f 2706 3179 3178
f 2706 3178 2705
f 3271 2906 2905
f 3167 3272 3166
f 3271 2905 3009
f 3166 3272 3270
f 3273 2907 2906
f 3273 2908 2907
f 3273 2906 3271
f 3274 2909 2908
f 3274 2910 2909
f 3274 2908 3273
f 3275 3271 3272
f 3275 3167 3168
f 3275 3168 3169
f 3275 3273 3271
f 3275 3272 3167
f 3276 2911 2910
f 3276 2912 2911
f 3276 2910 3274
f 3277 3169 3170
f 3277 3170 3171
f 3277 3275 3169
f 3277 3273 3275
f 3277 3274 3273
f 3278 2913 2912
f 3278 2914 2913
f 3278 2912 3276
f 3279 3277 3171
f 3279 3171 3172
f 3279 3172 3173
f 3279 3274 3277
f 3279 3276 3274
f 3280 2915 2914
f 3280 2916 2915
f 3280 2914 3278
f 3281 3173 3174
f 3281 3174 3175
f 3281 3276 3279
f 3281 3280 3278
f 3281 3278 3276
f 3281 3279 3173
f 3282 2917 2916
f 3282 2918 2917
f 3282 2916 3280
f 3283 3280 3281
f 3283 3175 3176
f 3283 3176 3177
f 3283 3282 3280
f 3283 3281 3175
f 3284 2919 2918
f 3284 2920 2919
f 3284 2918 3282
f 3285 3177 3178
f 3285 3178 3179
f 3285 3282 3283
f 3285 3283 3177
f 3286 2921 2920
f 3286 2922 2921
f 3286 2920 3284
f 3287 3179 3180
f 3287 3180 3181
f 3287 3284 3282
f 3287 3285 3179
f 3287 3282 3285
f 3288 2922 3286
f 3288 2923 2922
f 3288 2924 2923
f 3289 3286 3284
f 3289 3181 3182
f 3289 3182 3183
f 3289 3284 3287
f 3289 3287 3181
f 3290 2925 2924
f 3290 2926 2925
f 3290 2924 3288
f 3291 3183 3184
f 3291 3184 3185
f 3291 3286 3289
f 3291 3289 3183
f 3291 3288 3286
f 3292 2927 2926
f 3292 2928 2927
f 3292 2926 3290
f 3293 3185 3186
f 3293 3290 3288
f 3293 3186 3187
f 3293 3292 3290
f 3293 3291 3185
f 3293 3288 3291
f 3294 2929 2928
f 3294 2930 2929
f 3294 2928 3292
f 3295 3293 3187
f 3295 3187 3188
f 3295 3188 3189
f 3295 3294 3292
f 3295 3292 3293
f 3296 2931 2930
f 3296 2932 2931
f 3296 2930 3294
f 3297 3189 3190
f 3297 3190 3191
f 3297 3294 3295
f 3297 3295 3189
f 3298 2932 3296
f 3298 2933 2932
f 3298 2934 2933
f 3299 3191 3192
f 3299 3192 3193
f 3299 3297 3191
f 3299 3294 3297
f 3299 3296 3294
f 3300 2935 2934
f 3300 2936 2935
f 3300 2934 3298
f 3301 3193 3194
f 3301 3194 3195
f 3301 3296 3299
f 3301 3298 3296
f 3301 3300 3298
f 3301 3299 3193
f 3302 2937 2936
f 3302 2938 2937
f 3302 2936 3300
f 3303 3301 3195
f 3303 3195 3196
f 3303 3196 3197
f 3303 3300 3301
f 3304 2939 2938
f 3304 2940 2939
f 3304 2938 3302
f 3305 3302 3300
f 3305 3300 3303
f 3305 3303 3197
f 3305 3197 3198
f 3305 3198 3199
f 3306 2940 3304
f 3306 2941 2940
f 3306 2942 2941
f 3307 3305 3199
f 3307 3302 3305
f 3307 3199 3200
f 3307 3200 3201
f 3307 3304 3302
f 3308 2943 2942
f 3308 2944 2943
f 3308 2942 3306
f 3309 3306 3304
f 3309 3307 3201
f 3309 3304 3307
f 3309 3201 3202
f 3309 3202 3203
f 3310 2945 2944
f 3310 2946 2945
f 3310 2944 3308
f 3311 3306 3309
f 3311 3308 3306
f 3311 3203 3204
f 3311 3204 3205
f 3311 3309 3203
f 3312 2947 2946
f 3312 2948 2947
f 3312 2946 3310
f 3313 3205 3206
f 3313 3310 3308
f 3313 3206 3207
f 3313 3311 3205
f 3313 3308 3311
f 3314 2948 3312
f 3314 2949 2948
f 3314 2950 2949
f 3315 3310 3313
f 3315 3313 3207
f 3315 3207 3208
f 3315 3208 3209
f 3315 3312 3310
f 3316 2951 2950
f 3316 2952 2951
f 3316 2950 3314
f 3317 3315 3209
f 3317 3312 3315
f 3317 3316 3314
f 3317 3209 3210
f 3317 3210 3211
f 3317 3314 3312
f 3318 2952 3316
f 3318 2953 2952
f 3318 2954 2953
f 3319 3317 3211
f 3319 3211 3212
f 3319 3212 3213
f 3319 3316 3317
f 3320 2955 2954
f 3320 2956 2955
f 3320 2954 3318
f 3321 3318 3316
f 3321 3316 3319
f 3321 3213 3214
f 3321 3214 3215
f 3321 3319 3213
f 3322 2956 3320
f 3322 2957 2956
f 3323 3321 3215
f 3323 3322 3320
f 3323 3320 3318
f 3323 3318 3321
f 3323 3215 3216
f 3323 3216 3217
f 3324 2958 2957
f 3324 2959 2958
f 3324 2957 3322
f 3325 3323 3217
f 3325 3322 3323
f 3325 3217 3218
f 3326 2959 3324
f 3326 2960 2959
f 3326 2961 2960
f 3327 3325 3218
f 3327 3322 3325
f 3327 3218 3219
f 3327 3324 3322
f 3327 3219 3220
f 3328 2961 3326
f 3328 2962 2961
f 3328 2963 2962
f 3329 3324 3327
f 3329 3327 3220
f 3329 3220 3221
f 3329 3221 3222
f 3329 3326 3324
f 3330 2964 2963
f 3330 2965 2964
f 3330 2963 3328
f 3331 3329 3222
f 3331 3328 3326
f 3331 3222 3223
f 3331 3223 3224
f 3331 3330 3328
f 3331 3326 3329
f 3332 2966 2965
f 3332 2967 2966
f 3332 2965 3330
f 3333 3331 3224
f 3333 3224 3225
f 3333 3225 3226
f 3333 3330 3331
f 3334 2968 2967
f 3334 2969 2968
f 3334 2967 3332
f 3335 3330 3333
f 3335 3226 3227
f 3335 3227 3228
f 3335 3333 3226
f 3335 3332 3330
f 3336 2969 3334
f 3336 2970 2969
f 3336 2971 2970
f 3337 3335 3228
f 3337 3334 3332
f 3337 3336 3334
f 3337 3228 3229
f 3337 3229 3230
f 3337 3332 3335
f 3338 2972 2971
f 3338 2973 2972
f 3338 2971 3336
f 3339 3336 3337
f 3339 3230 3231
f 3339 3231 3232
f 3339 3337 3230
f 3340 2974 2973
f 3340 2975 2974
f 3340 2973 3338
f 3341 3338 3336
f 3341 3336 3339
f 3341 3232 3233
f 3341 3233 3234
f 3341 3339 3232
f 3342 2975 3340
f 3342 2976 2975
f 3342 2977 2976
f 3343 3341 3234
f 3343 3338 3341
f 3343 3234 3235
f 3343 3235 3236
f 3343 3340 3338
f 3343 3342 3340
f 3344 2977 3342
f 3344 2978 2977
f 3344 2979 2978
f 3345 3342 3343
f 3345 3343 3236
f 3345 3344 3342
f 3345 3236 3237
f 3345 3237 3238
f 3346 2980 2979
f 3346 2981 2980
f 3346 2979 3344
f 3347 3345 3238
f 3347 3344 3345
f 3347 3238 3239
f 3347 3239 3240
f 3348 2981 3346
f 3348 2982 2981
f 3348 2983 2982
f 3349 3346 3344
f 3349 3344 3347
f 3349 3348 3346
f 3349 3347 3240
f 3349 3240 3241
f 3349 3241 3242
f 3350 2983 3348
f 3350 2984 2983
f 3350 2985 2984
f 3351 3348 3349
f 3351 3349 3242
f 3351 3242 3243
f 3351 3243 3244
f 3352 2985 3350
f 3352 2986 2985
f 3352 2987 2986
f 3353 3350 3348
f 3353 3351 3244
f 3353 3348 3351
f 3353 3244 3245
f 3353 3245 3246
f 3354 2987 3352
f 3354 2988 2987
f 3354 2989 2988
f 3355 3352 3350
f 3355 3350 3353
f 3355 3353 3246
f 3355 3246 3247
f 3355 3247 3248
f 3356 2989 3354
f 3356 2990 2989
f 3356 2991 2990
f 3357 3354 3352
f 3357 3355 3248
f 3357 3352 3355
f 3357 3248 3249
f 3357 3249 3250
f 3358 2991 3356
f 3358 2992 2991
f 3358 2993 2992
f 3359 3356 3354
f 3359 3354 3357
f 3359 3357 3250
f 3359 3250 3251
f 3359 3251 3252
f 3360 2993 3358
f 3360 2994 2993
f 3360 2995 2994
f 3361 3358 3356
f 3361 3356 3359
f 3361 3359 3252
f 3361 3252 3253
f 3361 3253 3254
f 3362 2995 3360
f 3362 2996 2995
f 3362 2997 2996
f 3363 3358 3361
f 3363 3361 3254
f 3363 3360 3358
f 3363 3254 3255
f 3363 3255 3256
f 3364 2997 3362
f 3364 2998 2997
f 3364 2999 2998
f 3365 3256 3257
f 3365 3257 3258
f 3365 3362 3360
f 3365 3360 3363
f 3365 3363 3256
f 3366 2999 3364
f 3366 3000 2999
f 3366 3001 3000
f 3367 3258 3259
f 3367 3259 3260
f 3367 3364 3362
f 3367 3365 3258
f 3367 3366 3364
f 3367 3362 3365
f 3368 3003 3002
f 3368 3001 3366
f 3368 3002 3001
f 3369 3260 3261
f 3369 3261 3262
f 3369 3366 3367
f 3369 3367 3260
f 3370 3004 3003
f 3370 3005 3004
f 3370 3003 3368
f 3371 3366 3369
f 3371 3262 3263
f 3371 3263 3264
f 3371 3369 3262
f 3371 3368 3366
f 3372 3006 3005
f 3372 3007 3006
f 3372 3005 3370
f 3373 3264 3265
f 3373 3265 3266
f 3373 3371 3264
f 3373 3370 3368
f 3373 3368 3371
f 3374 3271 3009
f 3374 3008 3007
f 3374 3009 3008
f 3374 3007 3372
f 3375 3372 3370
f 3375 3266 3267
f 3375 3267 3268
f 3375 3370 3373
f 3375 3373 3266
f 3376 3271 3374
f 3376 3272 3271
f 3376 3268 3269
f 3376 3269 3270
f 3376 3372 3375
f 3376 3375 3268
f 3376 3374 3372
f 3376 3270 3272

