ISO-10303-21;
HEADER;
FILE_DESCRIPTION(('Open CASCADE Model'),'2;1');
FILE_NAME('Halberd_C4_Petal_Intake_Prototype_Closeup',
  '2000-01-01T00:00:00',('Author'),('Open CASCADE'),
  'Open CASCADE STEP processor 7.9','cadgen','Unknown');
FILE_SCHEMA(('AUTOMOTIVE_DESIGN { 1 0 10303 214 1 1 1 1 }'));
ENDSEC;
DATA;
#1 = APPLICATION_PROTOCOL_DEFINITION('international standard',
  'automotive_design',2000,#2);
#2 = APPLICATION_CONTEXT(
  'core data for automotive mechanical design processes');
#3 = SHAPE_DEFINITION_REPRESENTATION(#4,#10);
#4 = PRODUCT_DEFINITION_SHAPE('','',#5);
#5 = PRODUCT_DEFINITION('design','',#6,#9);
#6 = PRODUCT_DEFINITION_FORMATION('','',#7);
#7 = PRODUCT('Halberd_C4_Petal_Intake_Prototype_Closeup',
  'Halberd_C4_Petal_Intake_Prototype_Closeup','',(#8));
#8 = PRODUCT_CONTEXT('',#2,'mechanical');
#9 = PRODUCT_DEFINITION_CONTEXT('part definition',#2,'design');
#10 = SHAPE_REPRESENTATION('',(#11,#15,#19,#23,#27),#31);
#11 = AXIS2_PLACEMENT_3D('',#12,#13,#14);
#12 = CARTESIAN_POINT('',(0.,0.,0.));
#13 = DIRECTION('',(0.,0.,1.));
#14 = DIRECTION('',(1.,0.,-0.));
#15 = AXIS2_PLACEMENT_3D('',#16,#17,#18);
#16 = CARTESIAN_POINT('',(0.,0.,0.));
#17 = DIRECTION('',(0.,0.,1.));
#18 = DIRECTION('',(1.,0.,0.));
#19 = AXIS2_PLACEMENT_3D('',#20,#21,#22);
#20 = CARTESIAN_POINT('',(0.,0.,0.));
#21 = DIRECTION('',(0.,0.,1.));
#22 = DIRECTION('',(1.,0.,0.));
#23 = AXIS2_PLACEMENT_3D('',#24,#25,#26);
#24 = CARTESIAN_POINT('',(0.,0.,0.));
#25 = DIRECTION('',(0.,0.,1.));
#26 = DIRECTION('',(1.,0.,0.));
#27 = AXIS2_PLACEMENT_3D('',#28,#29,#30);
#28 = CARTESIAN_POINT('',(0.,0.,0.));
#29 = DIRECTION('',(0.,0.,1.));
#30 = DIRECTION('',(1.,0.,0.));
#31 = ( GEOMETRIC_REPRESENTATION_CONTEXT(3) 
GLOBAL_UNCERTAINTY_ASSIGNED_CONTEXT((#35)) GLOBAL_UNIT_ASSIGNED_CONTEXT(
(#32,#33,#34)) REPRESENTATION_CONTEXT('Context #1',
  '3D Context with UNIT and UNCERTAINTY') );
#32 = ( LENGTH_UNIT() NAMED_UNIT(*) SI_UNIT(.MILLI.,.METRE.) );
#33 = ( NAMED_UNIT(*) PLANE_ANGLE_UNIT() SI_UNIT($,.RADIAN.) );
#34 = ( NAMED_UNIT(*) SI_UNIT($,.STERADIAN.) SOLID_ANGLE_UNIT() );
#35 = UNCERTAINTY_MEASURE_WITH_UNIT(LENGTH_MEASURE(1.E-06),#32,
  'distance_accuracy_value','confusion accuracy');
#36 = PRODUCT_RELATED_PRODUCT_CATEGORY('part',$,(#7));
#37 = SHAPE_DEFINITION_REPRESENTATION(#38,#44);
#38 = PRODUCT_DEFINITION_SHAPE('','',#39);
#39 = PRODUCT_DEFINITION('design','',#40,#43);
#40 = PRODUCT_DEFINITION_FORMATION('','',#41);
#41 = PRODUCT('sustainer_body','sustainer_body','',(#42));
#42 = PRODUCT_CONTEXT('',#2,'mechanical');
#43 = PRODUCT_DEFINITION_CONTEXT('part definition',#2,'design');
#44 = ADVANCED_BREP_SHAPE_REPRESENTATION('',(#11,#45),#6198);
#45 = MANIFOLD_SOLID_BREP('',#46);
#46 = CLOSED_SHELL('',(#47,#299,#865,#909,#1077,#1128,#1560,#1611,#2043,
    #2075,#2153,#2236,#2302,#2334,#2694,#2792,#2840,#2888,#2933,#3861,
    #3917,#3968,#4308,#4406,#4454,#4502,#4547,#4598,#4938,#5036,#5084,
    #5132,#5177,#5209,#5233,#5240,#5272,#5278,#5409,#5416,#5542,#5613,
    #5641,#5646,#5673,#5755,#5800,#5806,#5911,#5918,#5963,#5969,#6074,
    #6081,#6105,#6129,#6140,#6194));
#47 = ADVANCED_FACE('',(#48),#63,.F.);
#48 = FACE_BOUND('',#49,.F.);
#49 = EDGE_LOOP('',(#50,#90,#118,#151,#179,#212,#240,#273));
#50 = ORIENTED_EDGE('',*,*,#51,.F.);
#51 = EDGE_CURVE('',#52,#54,#56,.T.);
#52 = VERTEX_POINT('',#53);
#53 = CARTESIAN_POINT('',(260.,-92.,4.));
#54 = VERTEX_POINT('',#55);
#55 = CARTESIAN_POINT('',(260.,-4.000000039202,92.));
#56 = SURFACE_CURVE('',#57,(#62,#78),.PCURVE_S1.);
#57 = CIRCLE('',#58,88.);
#58 = AXIS2_PLACEMENT_3D('',#59,#60,#61);
#59 = CARTESIAN_POINT('',(260.,-4.000000039202,4.));
#60 = DIRECTION('',(-1.,0.,-1.110223024625E-16));
#61 = DIRECTION('',(-1.110223024625E-16,0.,1.));
#62 = PCURVE('',#63,#68);
#63 = PLANE('',#64);
#64 = AXIS2_PLACEMENT_3D('',#65,#66,#67);
#65 = CARTESIAN_POINT('',(260.,-260.,-260.));
#66 = DIRECTION('',(1.,0.,0.));
#67 = DIRECTION('',(0.,0.,1.));
#68 = DEFINITIONAL_REPRESENTATION('',(#69),#77);
#69 = ( BOUNDED_CURVE() B_SPLINE_CURVE(2,(#70,#71,#72,#73,#74,#75,#76),
.UNSPECIFIED.,.T.,.F.) B_SPLINE_CURVE_WITH_KNOTS((1,2,2,2,2,1),(
    -2.094395102393,0.,2.094395102393,4.188790204786,6.28318530718,
8.377580409573),.UNSPECIFIED.) CURVE() GEOMETRIC_REPRESENTATION_ITEM() 
RATIONAL_B_SPLINE_CURVE((1.,0.5,1.,0.5,1.,0.5,1.)) REPRESENTATION_ITEM(
  '') );
#70 = CARTESIAN_POINT('',(352.,-255.9999999607));
#71 = CARTESIAN_POINT('',(352.,-408.4204710268));
#72 = CARTESIAN_POINT('',(220.,-332.2102354938));
#73 = CARTESIAN_POINT('',(88.,-255.9999999607));
#74 = CARTESIAN_POINT('',(220.,-179.7897644277));
#75 = CARTESIAN_POINT('',(352.,-103.5795288947));
#76 = CARTESIAN_POINT('',(352.,-255.9999999607));
#77 = ( GEOMETRIC_REPRESENTATION_CONTEXT(2) 
PARAMETRIC_REPRESENTATION_CONTEXT() REPRESENTATION_CONTEXT('2D SPACE',''
  ) );
#78 = PCURVE('',#79,#84);
#79 = CONICAL_SURFACE('',#80,88.,3.997868712329E-02);
#80 = AXIS2_PLACEMENT_3D('',#81,#82,#83);
#81 = CARTESIAN_POINT('',(260.,-4.000000039202,4.));
#82 = DIRECTION('',(-1.,0.,-1.110223024625E-16));
#83 = DIRECTION('',(-1.110223024625E-16,0.,1.));
#84 = DEFINITIONAL_REPRESENTATION('',(#85),#89);
#85 = LINE('',#86,#87);
#86 = CARTESIAN_POINT('',(-6.28318530718,-0.));
#87 = VECTOR('',#88,1.);
#88 = DIRECTION('',(1.,-0.));
#89 = ( GEOMETRIC_REPRESENTATION_CONTEXT(2) 
PARAMETRIC_REPRESENTATION_CONTEXT() REPRESENTATION_CONTEXT('2D SPACE',''
  ) );
#90 = ORIENTED_EDGE('',*,*,#91,.T.);
#91 = EDGE_CURVE('',#52,#92,#94,.T.);
#92 = VERTEX_POINT('',#93);
#93 = CARTESIAN_POINT('',(260.,-91.99999996079,-3.99999999032));
#94 = SURFACE_CURVE('',#95,(#99,#106),.PCURVE_S1.);
#95 = LINE('',#96,#97);
#96 = CARTESIAN_POINT('',(260.,-91.99999996079,0.));
#97 = VECTOR('',#98,1.);
#98 = DIRECTION('',(1.110223024625E-16,0.,-1.));
#99 = PCURVE('',#63,#100);
#100 = DEFINITIONAL_REPRESENTATION('',(#101),#105);
#101 = LINE('',#102,#103);
#102 = CARTESIAN_POINT('',(260.,-168.0000000392));
#103 = VECTOR('',#104,1.);
#104 = DIRECTION('',(-1.,0.));
#105 = ( GEOMETRIC_REPRESENTATION_CONTEXT(2) 
PARAMETRIC_REPRESENTATION_CONTEXT() REPRESENTATION_CONTEXT('2D SPACE',''
  ) );
#106 = PCURVE('',#107,#112);
#107 = PLANE('',#108);
#108 = AXIS2_PLACEMENT_3D('',#109,#110,#111);
#109 = CARTESIAN_POINT('',(560.,-79.99999996052,0.));
#110 = DIRECTION('',(3.996803834977E-02,-0.999200958722,
    4.437343642501E-18));
#111 = DIRECTION('',(1.110223024625E-16,0.,-1.));
#112 = DEFINITIONAL_REPRESENTATION('',(#113),#117);
#113 = LINE('',#114,#115);
#114 = CARTESIAN_POINT('',(-3.330669073875E-14,-300.2399040767));
#115 = VECTOR('',#116,1.);
#116 = DIRECTION('',(1.,0.));
#117 = ( GEOMETRIC_REPRESENTATION_CONTEXT(2) 
PARAMETRIC_REPRESENTATION_CONTEXT() REPRESENTATION_CONTEXT('2D SPACE',''
  ) );
#118 = ORIENTED_EDGE('',*,*,#119,.F.);
#119 = EDGE_CURVE('',#120,#92,#122,.T.);
#120 = VERTEX_POINT('',#121);
#121 = CARTESIAN_POINT('',(260.,-3.999999960798,-91.99999999516));
#122 = SURFACE_CURVE('',#123,(#128,#139),.PCURVE_S1.);
#123 = CIRCLE('',#124,88.);
#124 = AXIS2_PLACEMENT_3D('',#125,#126,#127);
#125 = CARTESIAN_POINT('',(260.,-3.999999960798,-3.99999999032));
#126 = DIRECTION('',(-1.,0.,-1.110223024625E-16));
#127 = DIRECTION('',(-1.110223024625E-16,0.,1.));
#128 = PCURVE('',#63,#129);
#129 = DEFINITIONAL_REPRESENTATION('',(#130),#138);
#130 = ( BOUNDED_CURVE() B_SPLINE_CURVE(2,(#131,#132,#133,#134,#135,#136
,#137),.UNSPECIFIED.,.T.,.F.) B_SPLINE_CURVE_WITH_KNOTS((1,2,2,2,2,1),(
    -2.094395102393,0.,2.094395102393,4.188790204786,6.28318530718,
8.377580409573),.UNSPECIFIED.) CURVE() GEOMETRIC_REPRESENTATION_ITEM() 
RATIONAL_B_SPLINE_CURVE((1.,0.5,1.,0.5,1.,0.5,1.)) REPRESENTATION_ITEM(
  '') );
#131 = CARTESIAN_POINT('',(344.00000000968,-256.0000000392));
#132 = CARTESIAN_POINT('',(344.00000000968,-408.4204711052));
#133 = CARTESIAN_POINT('',(212.00000000968,-332.2102355722));
#134 = CARTESIAN_POINT('',(80.00000000968,-256.0000000392));
#135 = CARTESIAN_POINT('',(212.00000000968,-179.7897645061));
#136 = CARTESIAN_POINT('',(344.00000000968,-103.5795289731));
#137 = CARTESIAN_POINT('',(344.00000000968,-256.0000000392));
#138 = ( GEOMETRIC_REPRESENTATION_CONTEXT(2) 
PARAMETRIC_REPRESENTATION_CONTEXT() REPRESENTATION_CONTEXT('2D SPACE',''
  ) );
#139 = PCURVE('',#140,#145);
#140 = CONICAL_SURFACE('',#141,88.,3.997868712329E-02);
#141 = AXIS2_PLACEMENT_3D('',#142,#143,#144);
#142 = CARTESIAN_POINT('',(260.,-3.999999960798,-3.99999999032));
#143 = DIRECTION('',(-1.,0.,-1.110223024625E-16));
#144 = DIRECTION('',(-1.110223024625E-16,0.,1.));
#145 = DEFINITIONAL_REPRESENTATION('',(#146),#150);
#146 = LINE('',#147,#148);
#147 = CARTESIAN_POINT('',(-6.28318530718,-0.));
#148 = VECTOR('',#149,1.);
#149 = DIRECTION('',(1.,-0.));
#150 = ( GEOMETRIC_REPRESENTATION_CONTEXT(2) 
PARAMETRIC_REPRESENTATION_CONTEXT() REPRESENTATION_CONTEXT('2D SPACE',''
  ) );
#151 = ORIENTED_EDGE('',*,*,#152,.T.);
#152 = EDGE_CURVE('',#120,#153,#155,.T.);
#153 = VERTEX_POINT('',#154);
#154 = CARTESIAN_POINT('',(260.,4.000000029522,-92.));
#155 = SURFACE_CURVE('',#156,(#160,#167),.PCURVE_S1.);
#156 = LINE('',#157,#158);
#157 = CARTESIAN_POINT('',(260.,3.920191460338E-08,-92.));
#158 = VECTOR('',#159,1.);
#159 = DIRECTION('',(0.,1.,0.));
#160 = PCURVE('',#63,#161);
#161 = DEFINITIONAL_REPRESENTATION('',(#162),#166);
#162 = LINE('',#163,#164);
#163 = CARTESIAN_POINT('',(168.,-260.0000000392));
#164 = VECTOR('',#165,1.);
#165 = DIRECTION('',(0.,-1.));
#166 = ( GEOMETRIC_REPRESENTATION_CONTEXT(2) 
PARAMETRIC_REPRESENTATION_CONTEXT() REPRESENTATION_CONTEXT('2D SPACE',''
  ) );
#167 = PCURVE('',#168,#173);
#168 = PLANE('',#169);
#169 = AXIS2_PLACEMENT_3D('',#170,#171,#172);
#170 = CARTESIAN_POINT('',(560.,3.947181426156E-08,-80.));
#171 = DIRECTION('',(3.996803834887E-02,0.,-0.999200958722));
#172 = DIRECTION('',(0.,1.,0.));
#173 = DEFINITIONAL_REPRESENTATION('',(#174),#178);
#174 = LINE('',#175,#176);
#175 = CARTESIAN_POINT('',(-2.698996581785E-10,-300.2399040767));
#176 = VECTOR('',#177,1.);
#177 = DIRECTION('',(1.,0.));
#178 = ( GEOMETRIC_REPRESENTATION_CONTEXT(2) 
PARAMETRIC_REPRESENTATION_CONTEXT() REPRESENTATION_CONTEXT('2D SPACE',''
  ) );
#179 = ORIENTED_EDGE('',*,*,#180,.F.);
#180 = EDGE_CURVE('',#181,#153,#183,.T.);
#181 = VERTEX_POINT('',#182);
#182 = CARTESIAN_POINT('',(260.,92.000000034362,-4.));
#183 = SURFACE_CURVE('',#184,(#189,#200),.PCURVE_S1.);
#184 = CIRCLE('',#185,88.);
#185 = AXIS2_PLACEMENT_3D('',#186,#187,#188);
#186 = CARTESIAN_POINT('',(260.,4.000000029522,-4.));
#187 = DIRECTION('',(-1.,0.,-1.110223024625E-16));
#188 = DIRECTION('',(-1.110223024625E-16,0.,1.));
#189 = PCURVE('',#63,#190);
#190 = DEFINITIONAL_REPRESENTATION('',(#191),#199);
#191 = ( BOUNDED_CURVE() B_SPLINE_CURVE(2,(#192,#193,#194,#195,#196,#197
,#198),.UNSPECIFIED.,.T.,.F.) B_SPLINE_CURVE_WITH_KNOTS((1,2,2,2,2,1),(
    -2.094395102393,0.,2.094395102393,4.188790204786,6.28318530718,
8.377580409573),.UNSPECIFIED.) CURVE() GEOMETRIC_REPRESENTATION_ITEM() 
RATIONAL_B_SPLINE_CURVE((1.,0.5,1.,0.5,1.,0.5,1.)) REPRESENTATION_ITEM(
  '') );
#192 = CARTESIAN_POINT('',(344.,-264.0000000295));
#193 = CARTESIAN_POINT('',(344.,-416.4204710955));
#194 = CARTESIAN_POINT('',(212.,-340.2102355625));
#195 = CARTESIAN_POINT('',(80.,-264.0000000295));
#196 = CARTESIAN_POINT('',(212.,-187.7897644964));
#197 = CARTESIAN_POINT('',(344.,-111.5795289634));
#198 = CARTESIAN_POINT('',(344.,-264.0000000295));
#199 = ( GEOMETRIC_REPRESENTATION_CONTEXT(2) 
PARAMETRIC_REPRESENTATION_CONTEXT() REPRESENTATION_CONTEXT('2D SPACE',''
  ) );
#200 = PCURVE('',#201,#206);
#201 = CONICAL_SURFACE('',#202,88.,3.997868712329E-02);
#202 = AXIS2_PLACEMENT_3D('',#203,#204,#205);
#203 = CARTESIAN_POINT('',(260.,4.000000029522,-4.));
#204 = DIRECTION('',(-1.,0.,-1.110223024625E-16));
#205 = DIRECTION('',(-1.110223024625E-16,0.,1.));
#206 = DEFINITIONAL_REPRESENTATION('',(#207),#211);
#207 = LINE('',#208,#209);
#208 = CARTESIAN_POINT('',(-6.28318530718,-0.));
#209 = VECTOR('',#210,1.);
#210 = DIRECTION('',(1.,-0.));
#211 = ( GEOMETRIC_REPRESENTATION_CONTEXT(2) 
PARAMETRIC_REPRESENTATION_CONTEXT() REPRESENTATION_CONTEXT('2D SPACE',''
  ) );
#212 = ORIENTED_EDGE('',*,*,#213,.F.);
#213 = EDGE_CURVE('',#214,#181,#216,.T.);
#214 = VERTEX_POINT('',#215);
#215 = CARTESIAN_POINT('',(260.,92.000000034362,4.));
#216 = SURFACE_CURVE('',#217,(#221,#228),.PCURVE_S1.);
#217 = LINE('',#218,#219);
#218 = CARTESIAN_POINT('',(260.,92.000000039202,0.));
#219 = VECTOR('',#220,1.);
#220 = DIRECTION('',(1.110223024625E-16,0.,-1.));
#221 = PCURVE('',#63,#222);
#222 = DEFINITIONAL_REPRESENTATION('',(#223),#227);
#223 = LINE('',#224,#225);
#224 = CARTESIAN_POINT('',(260.,-352.0000000392));
#225 = VECTOR('',#226,1.);
#226 = DIRECTION('',(-1.,0.));
#227 = ( GEOMETRIC_REPRESENTATION_CONTEXT(2) 
PARAMETRIC_REPRESENTATION_CONTEXT() REPRESENTATION_CONTEXT('2D SPACE',''
  ) );
#228 = PCURVE('',#229,#234);
#229 = PLANE('',#230);
#230 = AXIS2_PLACEMENT_3D('',#231,#232,#233);
#231 = CARTESIAN_POINT('',(560.,80.000000039472,0.));
#232 = DIRECTION('',(3.996803834797E-02,0.999200958722,
    4.437343642302E-18));
#233 = DIRECTION('',(-1.110223024625E-16,0.,1.));
#234 = DEFINITIONAL_REPRESENTATION('',(#235),#239);
#235 = LINE('',#236,#237);
#236 = CARTESIAN_POINT('',(3.330669073875E-14,-300.2399040767));
#237 = VECTOR('',#238,1.);
#238 = DIRECTION('',(-1.,0.));
#239 = ( GEOMETRIC_REPRESENTATION_CONTEXT(2) 
PARAMETRIC_REPRESENTATION_CONTEXT() REPRESENTATION_CONTEXT('2D SPACE',''
  ) );
#240 = ORIENTED_EDGE('',*,*,#241,.F.);
#241 = EDGE_CURVE('',#242,#214,#244,.T.);
#242 = VERTEX_POINT('',#243);
#243 = CARTESIAN_POINT('',(260.,4.000000029522,92.));
#244 = SURFACE_CURVE('',#245,(#250,#261),.PCURVE_S1.);
#245 = CIRCLE('',#246,88.);
#246 = AXIS2_PLACEMENT_3D('',#247,#248,#249);
#247 = CARTESIAN_POINT('',(260.,4.000000029522,4.));
#248 = DIRECTION('',(-1.,0.,-1.110223024625E-16));
#249 = DIRECTION('',(-1.110223024625E-16,0.,1.));
#250 = PCURVE('',#63,#251);
#251 = DEFINITIONAL_REPRESENTATION('',(#252),#260);
#252 = ( BOUNDED_CURVE() B_SPLINE_CURVE(2,(#253,#254,#255,#256,#257,#258
,#259),.UNSPECIFIED.,.T.,.F.) B_SPLINE_CURVE_WITH_KNOTS((1,2,2,2,2,1),(
    -2.094395102393,0.,2.094395102393,4.188790204786,6.28318530718,
8.377580409573),.UNSPECIFIED.) CURVE() GEOMETRIC_REPRESENTATION_ITEM() 
RATIONAL_B_SPLINE_CURVE((1.,0.5,1.,0.5,1.,0.5,1.)) REPRESENTATION_ITEM(
  '') );
#253 = CARTESIAN_POINT('',(352.,-264.0000000295));
#254 = CARTESIAN_POINT('',(352.,-416.4204710955));
#255 = CARTESIAN_POINT('',(220.,-340.2102355625));
#256 = CARTESIAN_POINT('',(88.,-264.0000000295));
#257 = CARTESIAN_POINT('',(220.,-187.7897644964));
#258 = CARTESIAN_POINT('',(352.,-111.5795289634));
#259 = CARTESIAN_POINT('',(352.,-264.0000000295));
#260 = ( GEOMETRIC_REPRESENTATION_CONTEXT(2) 
PARAMETRIC_REPRESENTATION_CONTEXT() REPRESENTATION_CONTEXT('2D SPACE',''
  ) );
#261 = PCURVE('',#262,#267);
#262 = CONICAL_SURFACE('',#263,88.,3.997868712329E-02);
#263 = AXIS2_PLACEMENT_3D('',#264,#265,#266);
#264 = CARTESIAN_POINT('',(260.,4.000000029522,4.));
#265 = DIRECTION('',(-1.,0.,-1.110223024625E-16));
#266 = DIRECTION('',(-1.110223024625E-16,0.,1.));
#267 = DEFINITIONAL_REPRESENTATION('',(#268),#272);
#268 = LINE('',#269,#270);
#269 = CARTESIAN_POINT('',(-6.28318530718,-0.));
#270 = VECTOR('',#271,1.);
#271 = DIRECTION('',(1.,-0.));
#272 = ( GEOMETRIC_REPRESENTATION_CONTEXT(2) 
PARAMETRIC_REPRESENTATION_CONTEXT() REPRESENTATION_CONTEXT('2D SPACE',''
  ) );
#273 = ORIENTED_EDGE('',*,*,#274,.F.);
#274 = EDGE_CURVE('',#54,#242,#275,.T.);
#275 = SURFACE_CURVE('',#276,(#280,#287),.PCURVE_S1.);
#276 = LINE('',#277,#278);
#277 = CARTESIAN_POINT('',(260.,3.920191460338E-08,92.));
#278 = VECTOR('',#279,1.);
#279 = DIRECTION('',(0.,1.,0.));
#280 = PCURVE('',#63,#281);
#281 = DEFINITIONAL_REPRESENTATION('',(#282),#286);
#282 = LINE('',#283,#284);
#283 = CARTESIAN_POINT('',(352.,-260.0000000392));
#284 = VECTOR('',#285,1.);
#285 = DIRECTION('',(0.,-1.));
#286 = ( GEOMETRIC_REPRESENTATION_CONTEXT(2) 
PARAMETRIC_REPRESENTATION_CONTEXT() REPRESENTATION_CONTEXT('2D SPACE',''
  ) );
#287 = PCURVE('',#288,#293);
#288 = PLANE('',#289);
#289 = AXIS2_PLACEMENT_3D('',#290,#291,#292);
#290 = CARTESIAN_POINT('',(560.,3.947181426156E-08,80.));
#291 = DIRECTION('',(3.996803834887E-02,-0.,0.999200958722));
#292 = DIRECTION('',(-0.,-1.,0.));
#293 = DEFINITIONAL_REPRESENTATION('',(#294),#298);
#294 = LINE('',#295,#296);
#295 = CARTESIAN_POINT('',(2.698996581785E-10,-300.2399040767));
#296 = VECTOR('',#297,1.);
#297 = DIRECTION('',(-1.,0.));
#298 = ( GEOMETRIC_REPRESENTATION_CONTEXT(2) 
PARAMETRIC_REPRESENTATION_CONTEXT() REPRESENTATION_CONTEXT('2D SPACE',''
  ) );
#299 = ADVANCED_FACE('',(#300),#79,.T.);
#300 = FACE_BOUND('',#301,.T.);
#301 = EDGE_LOOP('',(#302,#303,#323,#352,#396,#530,#664,#708,#732,#757,
    #786,#818,#847));
#302 = ORIENTED_EDGE('',*,*,#51,.F.);
#303 = ORIENTED_EDGE('',*,*,#304,.T.);
#304 = EDGE_CURVE('',#52,#305,#307,.T.);
#305 = VERTEX_POINT('',#306);
#306 = CARTESIAN_POINT('',(560.,-80.,4.));
#307 = SURFACE_CURVE('',#308,(#311,#317),.PCURVE_S1.);
#308 = B_SPLINE_CURVE_WITH_KNOTS('',1,(#309,#310),.UNSPECIFIED.,.F.,.F.,
  (2,2),(0.,1.),.PIECEWISE_BEZIER_KNOTS.);
#309 = CARTESIAN_POINT('',(260.,-92.,4.));
#310 = CARTESIAN_POINT('',(560.,-80.,4.));
#311 = PCURVE('',#79,#312);
#312 = DEFINITIONAL_REPRESENTATION('',(#313),#316);
#313 = B_SPLINE_CURVE_WITH_KNOTS('',1,(#314,#315),.UNSPECIFIED.,.F.,.F.,
  (2,2),(0.,1.),.PIECEWISE_BEZIER_KNOTS.);
#314 = CARTESIAN_POINT('',(-1.570796326795,0.));
#315 = CARTESIAN_POINT('',(-1.570796326795,-300.));
#316 = ( GEOMETRIC_REPRESENTATION_CONTEXT(2) 
PARAMETRIC_REPRESENTATION_CONTEXT() REPRESENTATION_CONTEXT('2D SPACE',''
  ) );
#317 = PCURVE('',#107,#318);
#318 = DEFINITIONAL_REPRESENTATION('',(#319),#322);
#319 = B_SPLINE_CURVE_WITH_KNOTS('',1,(#320,#321),.UNSPECIFIED.,.F.,.F.,
  (2,2),(0.,1.),.PIECEWISE_BEZIER_KNOTS.);
#320 = CARTESIAN_POINT('',(-4.,-300.2399040783));
#321 = CARTESIAN_POINT('',(-4.,-1.577632247063E-09));
#322 = ( GEOMETRIC_REPRESENTATION_CONTEXT(2) 
PARAMETRIC_REPRESENTATION_CONTEXT() REPRESENTATION_CONTEXT('2D SPACE',''
  ) );
#323 = ORIENTED_EDGE('',*,*,#324,.T.);
#324 = EDGE_CURVE('',#305,#325,#327,.T.);
#325 = VERTEX_POINT('',#326);
#326 = CARTESIAN_POINT('',(560.,-69.64400214843,42.299673459683));
#327 = SURFACE_CURVE('',#328,(#333,#340),.PCURVE_S1.);
#328 = CIRCLE('',#329,76.);
#329 = AXIS2_PLACEMENT_3D('',#330,#331,#332);
#330 = CARTESIAN_POINT('',(560.,-4.000000039472,4.));
#331 = DIRECTION('',(-1.,0.,-1.110223024625E-16));
#332 = DIRECTION('',(-1.110223024625E-16,0.,1.));
#333 = PCURVE('',#79,#334);
#334 = DEFINITIONAL_REPRESENTATION('',(#335),#339);
#335 = LINE('',#336,#337);
#336 = CARTESIAN_POINT('',(-6.28318530718,-300.));
#337 = VECTOR('',#338,1.);
#338 = DIRECTION('',(1.,-0.));
#339 = ( GEOMETRIC_REPRESENTATION_CONTEXT(2) 
PARAMETRIC_REPRESENTATION_CONTEXT() REPRESENTATION_CONTEXT('2D SPACE',''
  ) );
#340 = PCURVE('',#341,#346);
#341 = CONICAL_SURFACE('',#342,76.,6.896442388348E-03);
#342 = AXIS2_PLACEMENT_3D('',#343,#344,#345);
#343 = CARTESIAN_POINT('',(560.,-4.000000039472,4.));
#344 = DIRECTION('',(-1.,0.,-1.110223024625E-16));
#345 = DIRECTION('',(-1.110223024625E-16,0.,1.));
#346 = DEFINITIONAL_REPRESENTATION('',(#347),#351);
#347 = LINE('',#348,#349);
#348 = CARTESIAN_POINT('',(-6.28318530718,-0.));
#349 = VECTOR('',#350,1.);
#350 = DIRECTION('',(1.,-0.));
#351 = ( GEOMETRIC_REPRESENTATION_CONTEXT(2) 
PARAMETRIC_REPRESENTATION_CONTEXT() REPRESENTATION_CONTEXT('2D SPACE',''
  ) );
#352 = ORIENTED_EDGE('',*,*,#353,.F.);
#353 = EDGE_CURVE('',#354,#325,#356,.T.);
#354 = VERTEX_POINT('',#355);
#355 = CARTESIAN_POINT('',(499.76196194545,-74.42966430788,
    38.463247907553));
#356 = SURFACE_CURVE('',#357,(#365,#376),.PCURVE_S1.);
#357 = B_SPLINE_CURVE_WITH_KNOTS('',6,(#358,#359,#360,#361,#362,#363,
    #364),.UNSPECIFIED.,.F.,.F.,(7,7),(0.,1.),.PIECEWISE_BEZIER_KNOTS.);
#358 = CARTESIAN_POINT('',(499.76196194545,-74.42966430789,
    38.463247907553));
#359 = CARTESIAN_POINT('',(509.80515541037,-73.6900189837,
    39.060803081394));
#360 = CARTESIAN_POINT('',(519.84687259382,-72.92729207493,
    39.679799866231));
#361 = CARTESIAN_POINT('',(529.88714878039,-72.14128368208,
    40.316737545021));
#362 = CARTESIAN_POINT('',(539.92603873448,-71.33192321511,
    40.968088202134));
#363 = CARTESIAN_POINT('',(549.96362007093,-70.4993421225,
    41.630285400228));
#364 = CARTESIAN_POINT('',(560.,-69.64400214812,42.29967345975));
#365 = PCURVE('',#79,#366);
#366 = DEFINITIONAL_REPRESENTATION('',(#367),#375);
#367 = B_SPLINE_CURVE_WITH_KNOTS('',6,(#368,#369,#370,#371,#372,#373,
    #374),.UNSPECIFIED.,.F.,.F.,(7,7),(0.,1.),.PIECEWISE_BEZIER_KNOTS.);
#368 = CARTESIAN_POINT('',(-1.115722237837,-239.7619619454));
#369 = CARTESIAN_POINT('',(-1.104730759766,-249.8051554103));
#370 = CARTESIAN_POINT('',(-1.093229115971,-259.8468725938));
#371 = CARTESIAN_POINT('',(-1.081242170641,-269.8871487803));
#372 = CARTESIAN_POINT('',(-1.068795849439,-279.9260387344));
#373 = CARTESIAN_POINT('',(-1.055917649654,-289.9636200709));
#374 = CARTESIAN_POINT('',(-1.042638468057,-300.));
#375 = ( GEOMETRIC_REPRESENTATION_CONTEXT(2) 
PARAMETRIC_REPRESENTATION_CONTEXT() REPRESENTATION_CONTEXT('2D SPACE',''
  ) );
#376 = PCURVE('',#377,#386);
#377 = ( BOUNDED_SURFACE() B_SPLINE_SURFACE(1,3,(
    (#378,#379,#380,#381)
    ,(#382,#383,#384,#385
)),.UNSPECIFIED.,.F.,.F.,.F.) B_SPLINE_SURFACE_WITH_KNOTS((2,2),(4,4),(
    2.,3.),(0.,1.),.PIECEWISE_BEZIER_KNOTS.) 
GEOMETRIC_REPRESENTATION_ITEM() RATIONAL_B_SPLINE_SURFACE((
    (1.,1.,1.,1.)
,(1.,1.,1.,1.))) REPRESENTATION_ITEM('') SURFACE() );
#378 = CARTESIAN_POINT('',(320.,-41.71930009,41.719300090006));
#379 = CARTESIAN_POINT('',(490.8100616207,-41.91316863998,
    41.913168639986));
#380 = CARTESIAN_POINT('',(658.74197351329,-53.32932196835,
    53.329321968351));
#381 = CARTESIAN_POINT('',(830.,-54.44722215136,54.447222151364));
#382 = CARTESIAN_POINT('',(320.,-57.98275605729,38.183766184074));
#383 = CARTESIAN_POINT('',(490.8100616207,-65.93028892841,36.06020848426
    ));
#384 = CARTESIAN_POINT('',(658.74197351329,-104.628852341,
    40.680523717717));
#385 = CARTESIAN_POINT('',(830.,-96.16652224137,52.325901807804));
#386 = DEFINITIONAL_REPRESENTATION('',(#387),#395);
#387 = B_SPLINE_CURVE_WITH_KNOTS('',6,(#388,#389,#390,#391,#392,#393,
    #394),.UNSPECIFIED.,.F.,.F.,(7,7),(0.,1.),.PIECEWISE_BEZIER_KNOTS.);
#388 = CARTESIAN_POINT('',(3.,0.352365247311));
#389 = CARTESIAN_POINT('',(2.934360313373,0.372109807987));
#390 = CARTESIAN_POINT('',(2.872241662813,0.391855284895));
#391 = CARTESIAN_POINT('',(2.813385412096,0.411600734082));
#392 = CARTESIAN_POINT('',(2.757516207759,0.431345248199));
#393 = CARTESIAN_POINT('',(2.704375023052,0.451087964852));
#394 = CARTESIAN_POINT('',(2.653722144145,0.470828081267));
#395 = ( GEOMETRIC_REPRESENTATION_CONTEXT(2) 
PARAMETRIC_REPRESENTATION_CONTEXT() REPRESENTATION_CONTEXT('2D SPACE',''
  ) );
#396 = ORIENTED_EDGE('',*,*,#397,.F.);
#397 = EDGE_CURVE('',#398,#354,#400,.T.);
#398 = VERTEX_POINT('',#399);
#399 = CARTESIAN_POINT('',(432.11186407147,-61.35733811571,
    61.357338115713));
#400 = SURFACE_CURVE('',#401,(#439,#480),.PCURVE_S1.);
#401 = B_SPLINE_CURVE_WITH_KNOTS('',8,(#402,#403,#404,#405,#406,#407,
    #408,#409,#410,#411,#412,#413,#414,#415,#416,#417,#418,#419,#420,
    #421,#422,#423,#424,#425,#426,#427,#428,#429,#430,#431,#432,#433,
    #434,#435,#436,#437,#438),.UNSPECIFIED.,.F.,.F.,(9,7,7,7,7,9),(0.,
    0.371984580167,0.710407237004,0.853146346087,0.978333144698,1.),
  .UNSPECIFIED.);
#402 = CARTESIAN_POINT('',(432.11186407147,-61.35733811571,
    61.357338115713));
#403 = CARTESIAN_POINT('',(435.3292646263,-61.8519282952,60.680744276612
    ));
#404 = CARTESIAN_POINT('',(438.54340141566,-62.35649612464,
    59.980692143899));
#405 = CARTESIAN_POINT('',(441.75402877258,-62.87110274174,
    59.255681331421));
#406 = CARTESIAN_POINT('',(444.96082430876,-63.39584289354,
    58.504005464533));
#407 = CARTESIAN_POINT('',(448.16337935224,-63.93085835855,
    57.723684692064));
#408 = CARTESIAN_POINT('',(451.36118954986,-64.47635149771,
    56.912397989408));
#409 = CARTESIAN_POINT('',(454.55363598154,-65.03261297794,
    56.067347537563));
#410 = CARTESIAN_POINT('',(460.63877666272,-66.11634352865,
    54.382237411741));
#411 = CARTESIAN_POINT('',(463.5323581807,-66.64185205848,
    53.548652976509));
#412 = CARTESIAN_POINT('',(466.42024849338,-67.17695295989,
    52.681533799656));
#413 = CARTESIAN_POINT('',(469.30173994342,-67.72207236743,
    51.777687902316));
#414 = CARTESIAN_POINT('',(472.17583781597,-68.27773643486,
    50.83330647307));
#415 = CARTESIAN_POINT('',(475.04119144388,-68.8446430299,
    49.843602595131));
#416 = CARTESIAN_POINT('',(477.89604105967,-69.42371932254,
    48.802522105632));
#417 = CARTESIAN_POINT('',(481.93657721972,-70.26642441356,
    47.23670677097));
#418 = CARTESIAN_POINT('',(483.13288202003,-70.51883569171,
    46.761498617546));
#419 = CARTESIAN_POINT('',(484.32666116344,-70.77377472231,
    46.27492832242));
#420 = CARTESIAN_POINT('',(485.51768357704,-71.03136392184,
    45.776250492675));
#421 = CARTESIAN_POINT('',(486.70566919574,-71.29174102572,
    45.26462421588));
#422 = CARTESIAN_POINT('',(487.89028206183,-71.55506480947,
    44.739083843435));
#423 = CARTESIAN_POINT('',(489.07111909673,-71.82152436076,
    44.198491833095));
#424 = CARTESIAN_POINT('',(491.27958912931,-72.32799935191,
    43.152950754108));
#425 = CARTESIAN_POINT('',(492.30816005043,-72.56722698036,
    42.651814491367));
#426 = CARTESIAN_POINT('',(493.33310981617,-72.80919845379,
    42.137122854845));
#427 = CARTESIAN_POINT('',(494.35404489317,-73.0540927727,
    41.607813297673));
#428 = CARTESIAN_POINT('',(495.3704626242,-73.30211255154,
    41.062658852756));
#429 = CARTESIAN_POINT('',(496.38173880101,-73.55349210231,
    40.500225573701));
#430 = CARTESIAN_POINT('',(497.38710180058,-73.80851433376,
    39.918784075674));
#431 = CARTESIAN_POINT('',(498.55839186431,-74.11237760375,
    39.211822523216));
#432 = CARTESIAN_POINT('',(498.73099729651,-74.15732957413,
    39.106882147403));
#433 = CARTESIAN_POINT('',(498.90339019866,-74.20240320461,
    39.001295619371));
#434 = CARTESIAN_POINT('',(499.07556499976,-74.24760037516,
    38.895051295596));
#435 = CARTESIAN_POINT('',(499.24751584799,-74.29292303004,
    38.788137096411));
#436 = CARTESIAN_POINT('',(499.41923661075,-74.33837317782,
    38.680540506003));
#437 = CARTESIAN_POINT('',(499.59072087464,-74.38395289137,
    38.572248572417));
#438 = CARTESIAN_POINT('',(499.76196194545,-74.42966430788,
    38.463247907553));
#439 = PCURVE('',#79,#440);
#440 = DEFINITIONAL_REPRESENTATION('',(#441),#479);
#441 = B_SPLINE_CURVE_WITH_KNOTS('',8,(#442,#443,#444,#445,#446,#447,
    #448,#449,#450,#451,#452,#453,#454,#455,#456,#457,#458,#459,#460,
    #461,#462,#463,#464,#465,#466,#467,#468,#469,#470,#471,#472,#473,
    #474,#475,#476,#477,#478),.UNSPECIFIED.,.F.,.F.,(9,7,7,7,7,9),(0.,
    0.371984580167,0.710407237004,0.853146346087,0.978333144698,1.),
  .UNSPECIFIED.);
#442 = CARTESIAN_POINT('',(-0.785398163056,-172.1118640714));
#443 = CARTESIAN_POINT('',(-0.795607702562,-175.3292646263));
#444 = CARTESIAN_POINT('',(-0.806145736563,-178.5434014156));
#445 = CARTESIAN_POINT('',(-0.817029520962,-181.7540287725));
#446 = CARTESIAN_POINT('',(-0.828278972472,-184.9608243087));
#447 = CARTESIAN_POINT('',(-0.839917552672,-188.1633793522));
#448 = CARTESIAN_POINT('',(-0.85197315538,-191.3611895498));
#449 = CARTESIAN_POINT('',(-0.864479882645,-194.5536359815));
#450 = CARTESIAN_POINT('',(-0.889310240717,-200.6387766627));
#451 = CARTESIAN_POINT('',(-0.901547895746,-203.5323581807));
#452 = CARTESIAN_POINT('',(-0.914228044336,-206.4202484933));
#453 = CARTESIAN_POINT('',(-0.927390514293,-209.3017399435));
#454 = CARTESIAN_POINT('',(-0.941083107764,-212.1758378159));
#455 = CARTESIAN_POINT('',(-0.955366322128,-215.0411914439));
#456 = CARTESIAN_POINT('',(-0.970317129283,-217.8960410596));
#457 = CARTESIAN_POINT('',(-0.992684320041,-221.9365772197));
#458 = CARTESIAN_POINT('',(-0.99945841606,-223.13288202));
#459 = CARTESIAN_POINT('',(-1.006379739262,-224.3266611634));
#460 = CARTESIAN_POINT('',(-1.013457850473,-225.517683577));
#461 = CARTESIAN_POINT('',(-1.020703545485,-226.7056691957));
#462 = CARTESIAN_POINT('',(-1.028129236877,-227.8902820618));
#463 = CARTESIAN_POINT('',(-1.035749570324,-229.0711190967));
#464 = CARTESIAN_POINT('',(-1.05045181016,-231.2795891293));
#465 = CARTESIAN_POINT('',(-1.057484396862,-232.3081600504));
#466 = CARTESIAN_POINT('',(-1.064692203104,-233.3331098161));
#467 = CARTESIAN_POINT('',(-1.072088941758,-234.3540448931));
#468 = CARTESIAN_POINT('',(-1.079690444064,-235.3704626242));
#469 = CARTESIAN_POINT('',(-1.087515215698,-236.381738801));
#470 = CARTESIAN_POINT('',(-1.095585592282,-237.3871018005));
#471 = CARTESIAN_POINT('',(-1.105374348352,-238.5583918643));
#472 = CARTESIAN_POINT('',(-1.106826790322,-238.7309972965));
#473 = CARTESIAN_POINT('',(-1.108287581508,-238.9033901986));
#474 = CARTESIAN_POINT('',(-1.10975687234,-239.0755649997));
#475 = CARTESIAN_POINT('',(-1.111234818879,-239.2475158479));
#476 = CARTESIAN_POINT('',(-1.112721582818,-239.4192366107));
#477 = CARTESIAN_POINT('',(-1.114217331485,-239.5907208746));
#478 = CARTESIAN_POINT('',(-1.115722237837,-239.7619619454));
#479 = ( GEOMETRIC_REPRESENTATION_CONTEXT(2) 
PARAMETRIC_REPRESENTATION_CONTEXT() REPRESENTATION_CONTEXT('2D SPACE',''
  ) );
#480 = PCURVE('',#481,#490);
#481 = ( BOUNDED_SURFACE() B_SPLINE_SURFACE(1,3,(
    (#482,#483,#484,#485)
    ,(#486,#487,#488,#489
)),.UNSPECIFIED.,.F.,.F.,.F.) B_SPLINE_SURFACE_WITH_KNOTS((2,2),(4,4),(
    3.,4.),(0.,1.),.PIECEWISE_BEZIER_KNOTS.) 
GEOMETRIC_REPRESENTATION_ITEM() RATIONAL_B_SPLINE_SURFACE((
    (1.,1.,1.,1.)
,(1.,1.,1.,1.))) REPRESENTATION_ITEM('') SURFACE() );
#482 = CARTESIAN_POINT('',(320.,-57.98275605729,38.183766184074));
#483 = CARTESIAN_POINT('',(490.8100616207,-65.93028892841,36.06020848426
    ));
#484 = CARTESIAN_POINT('',(658.74197351329,-104.628852341,
    40.680523717717));
#485 = CARTESIAN_POINT('',(830.,-96.16652224137,52.325901807804));
#486 = CARTESIAN_POINT('',(320.,-54.44722215136,54.447222151364));
#487 = CARTESIAN_POINT('',(490.8100616207,-60.07732877268,
    60.077328772687));
#488 = CARTESIAN_POINT('',(658.74197351329,-91.98005409046,
    91.980054090462));
#489 = CARTESIAN_POINT('',(830.,-94.04520189781,94.045201897811));
#490 = DEFINITIONAL_REPRESENTATION('',(#491),#529);
#491 = B_SPLINE_CURVE_WITH_KNOTS('',8,(#492,#493,#494,#495,#496,#497,
    #498,#499,#500,#501,#502,#503,#504,#505,#506,#507,#508,#509,#510,
    #511,#512,#513,#514,#515,#516,#517,#518,#519,#520,#521,#522,#523,
    #524,#525,#526,#527,#528),.UNSPECIFIED.,.F.,.F.,(9,7,7,7,7,9),(0.,
    0.371984580167,0.710407237004,0.853146346087,0.978333144698,1.),
  .UNSPECIFIED.);
#492 = CARTESIAN_POINT('',(4.,0.21946827473));
#493 = CARTESIAN_POINT('',(3.959714746454,0.225782639196));
#494 = CARTESIAN_POINT('',(3.91928991345,0.232091412019));
#495 = CARTESIAN_POINT('',(3.878686737143,0.23839408051));
#496 = CARTESIAN_POINT('',(3.837859098408,0.244689981255));
#497 = CARTESIAN_POINT('',(3.79675160771,0.250978281216));
#498 = CARTESIAN_POINT('',(3.755297670441,0.257257959184));
#499 = CARTESIAN_POINT('',(3.713415408877,0.263527768587));
#500 = CARTESIAN_POINT('',(3.632410172834,0.275479899671));
#501 = CARTESIAN_POINT('',(3.593381425298,0.281163854611));
#502 = CARTESIAN_POINT('',(3.553831940001,0.286837133285));
#503 = CARTESIAN_POINT('',(3.513665896383,0.292498321858));
#504 = CARTESIAN_POINT('',(3.472768784508,0.298145442178));
#505 = CARTESIAN_POINT('',(3.430995851768,0.303775816092));
#506 = CARTESIAN_POINT('',(3.388162991058,0.30938596078));
#507 = CARTESIAN_POINT('',(3.325370051969,0.317326680921));
#508 = CARTESIAN_POINT('',(3.306505741763,0.31967780474));
#509 = CARTESIAN_POINT('',(3.287384625674,0.322024032151));
#510 = CARTESIAN_POINT('',(3.267983775909,0.324364907075));
#511 = CARTESIAN_POINT('',(3.248277308962,0.326699877101));
#512 = CARTESIAN_POINT('',(3.228235434318,0.329028279901));
#513 = CARTESIAN_POINT('',(3.207822923333,0.331349321144));
#514 = CARTESIAN_POINT('',(3.168731990895,0.335690376285));
#515 = CARTESIAN_POINT('',(3.150149792881,0.337712220355));
#516 = CARTESIAN_POINT('',(3.131220982366,0.339726989916));
#517 = CARTESIAN_POINT('',(3.111912434514,0.341733909945));
#518 = CARTESIAN_POINT('',(3.092185863424,0.343731990847));
#519 = CARTESIAN_POINT('',(3.071996411082,0.345720003993));
#520 = CARTESIAN_POINT('',(3.051289735522,0.347696430848));
#521 = CARTESIAN_POINT('',(3.026310620221,0.349999093924));
#522 = CARTESIAN_POINT('',(3.022607625435,0.350338423573));
#523 = CARTESIAN_POINT('',(3.018886712137,0.3506773365));
#524 = CARTESIAN_POINT('',(3.015147512441,0.351015821742));
#525 = CARTESIAN_POINT('',(3.011389644407,0.351353867786));
#526 = CARTESIAN_POINT('',(3.007612712034,0.351691462565));
#527 = CARTESIAN_POINT('',(3.003816305269,0.352028593464));
#528 = CARTESIAN_POINT('',(3.,0.352365247311));
#529 = ( GEOMETRIC_REPRESENTATION_CONTEXT(2) 
PARAMETRIC_REPRESENTATION_CONTEXT() REPRESENTATION_CONTEXT('2D SPACE',''
  ) );
#530 = ORIENTED_EDGE('',*,*,#531,.F.);
#531 = EDGE_CURVE('',#532,#398,#534,.T.);
#532 = VERTEX_POINT('',#533);
#533 = CARTESIAN_POINT('',(499.76196182759,-38.4632479057,
    74.429664294025));
#534 = SURFACE_CURVE('',#535,(#573,#614),.PCURVE_S1.);
#535 = B_SPLINE_CURVE_WITH_KNOTS('',8,(#536,#537,#538,#539,#540,#541,
    #542,#543,#544,#545,#546,#547,#548,#549,#550,#551,#552,#553,#554,
    #555,#556,#557,#558,#559,#560,#561,#562,#563,#564,#565,#566,#567,
    #568,#569,#570,#571,#572),.UNSPECIFIED.,.F.,.F.,(9,7,7,7,7,9),(0.,
    0.133240923099,0.288636914791,0.626917324592,0.965409847166,1.),
  .UNSPECIFIED.);
#536 = CARTESIAN_POINT('',(499.76196182759,-38.4632479057,
    74.429664294025));
#537 = CARTESIAN_POINT('',(498.70891525904,-39.13354724383,
    74.148562043574));
#538 = CARTESIAN_POINT('',(497.64672723535,-39.77700882531,
    73.872455280861));
#539 = CARTESIAN_POINT('',(496.57686267132,-40.39682614417,
    73.600817570311));
#540 = CARTESIAN_POINT('',(495.50044734647,-40.99540324974,
    73.333259746885));
#541 = CARTESIAN_POINT('',(494.41837124723,-41.57469267202,
    73.069465721964));
#542 = CARTESIAN_POINT('',(493.33133377396,-42.13634453628,
    72.809164165905));
#543 = CARTESIAN_POINT('',(492.23986226893,-42.68176789137,
    72.55211693876));
#544 = CARTESIAN_POINT('',(489.86664606134,-43.83084286509,
    72.001856703188));
#545 = CARTESIAN_POINT('',(488.58354934376,-44.42904338218,
    71.709762386314));
#546 = CARTESIAN_POINT('',(487.29573529906,-45.00873704346,
    71.421495090157));
#547 = CARTESIAN_POINT('',(486.00376227351,-45.57147159962,
    71.136797609566));
#548 = CARTESIAN_POINT('',(484.70808873439,-46.11854480357,
    70.855456547831));
#549 = CARTESIAN_POINT('',(483.40908979912,-46.65107333102,
    70.577288783766));
#550 = CARTESIAN_POINT('',(482.10706592723,-47.17002905697,
    70.302134405315));
#551 = CARTESIAN_POINT('',(477.96180982476,-48.77831365508,
    69.437116120946));
#552 = CARTESIAN_POINT('',(475.10837481216,-49.82002734311,
    68.858031026869));
#553 = CARTESIAN_POINT('',(472.24441126752,-50.81029304861,
    68.291123270899));
#554 = CARTESIAN_POINT('',(469.37168511447,-51.75517990448,
    67.735462871989));
#555 = CARTESIAN_POINT('',(466.49155148646,-52.65948604574,
    67.190349787039));
#556 = CARTESIAN_POINT('',(463.6050080078,-53.52702820253,
    66.655256238605));
#557 = CARTESIAN_POINT('',(460.71276409811,-54.36100474429,
    66.129754672718));
#558 = CARTESIAN_POINT('',(454.91594632467,-55.96774104989,
    65.096909975203));
#559 = CARTESIAN_POINT('',(452.01153271442,-56.7404163175,
    64.589608060087));
#560 = CARTESIAN_POINT('',(449.10261074144,-57.48482592337,64.0912599581
    ));
#561 = CARTESIAN_POINT('',(446.18966083162,-58.20313358922,
    63.601636265573));
#562 = CARTESIAN_POINT('',(443.27308021318,-58.89715979074,
    63.120571205773));
#563 = CARTESIAN_POINT('',(440.3531957518,-59.56847300912,
    62.647943985418));
#564 = CARTESIAN_POINT('',(437.43027085672,-60.21843894096,
    62.183668919632));
#565 = CARTESIAN_POINT('',(434.20553216241,-60.91262774831,
    61.681089962777));
#566 = CARTESIAN_POINT('',(433.90652292646,-60.9767787342,
    61.634580261781));
#567 = CARTESIAN_POINT('',(433.60748455681,-61.04072065981,
    61.588157128917));
#568 = CARTESIAN_POINT('',(433.30841729652,-61.10445479148,
    61.541820507735));
#569 = CARTESIAN_POINT('',(433.00932138466,-61.16798237869,
    61.495570344782));
#570 = CARTESIAN_POINT('',(432.71019705641,-61.23130465408,
    61.449406589601));
#571 = CARTESIAN_POINT('',(432.41104454293,-61.29442283344,
    61.403329194732));
#572 = CARTESIAN_POINT('',(432.11186407147,-61.35733811571,
    61.357338115713));
#573 = PCURVE('',#79,#574);
#574 = DEFINITIONAL_REPRESENTATION('',(#575),#613);
#575 = B_SPLINE_CURVE_WITH_KNOTS('',8,(#576,#577,#578,#579,#580,#581,
    #582,#583,#584,#585,#586,#587,#588,#589,#590,#591,#592,#593,#594,
    #595,#596,#597,#598,#599,#600,#601,#602,#603,#604,#605,#606,#607,
    #608,#609,#610,#611,#612),.UNSPECIFIED.,.F.,.F.,(9,7,7,7,7,9),(0.,
    0.133240923099,0.288636914791,0.626917324592,0.965409847166,1.),
  .UNSPECIFIED.);
#576 = CARTESIAN_POINT('',(-0.455074088345,-239.7619618275));
#577 = CARTESIAN_POINT('',(-0.464328506498,-238.708915259));
#578 = CARTESIAN_POINT('',(-0.473236116232,-237.6467272353));
#579 = CARTESIAN_POINT('',(-0.481838230792,-236.5768626713));
#580 = CARTESIAN_POINT('',(-0.490165900538,-235.5004473464));
#581 = CARTESIAN_POINT('',(-0.498244325273,-234.4183712472));
#582 = CARTESIAN_POINT('',(-0.506094801862,-233.3313337739));
#583 = CARTESIAN_POINT('',(-0.513735525614,-232.2398622689));
#584 = CARTESIAN_POINT('',(-0.529867882785,-229.8666460613));
#585 = CARTESIAN_POINT('',(-0.538289004876,-228.5835493437));
#586 = CARTESIAN_POINT('',(-0.546470841693,-227.295735299));
#587 = CARTESIAN_POINT('',(-0.554433326518,-226.0037622735));
#588 = CARTESIAN_POINT('',(-0.562193145676,-224.7080887343));
#589 = CARTESIAN_POINT('',(-0.569764639294,-223.4090897991));
#590 = CARTESIAN_POINT('',(-0.577160275355,-222.1070659272));
#591 = CARTESIAN_POINT('',(-0.60013183251,-217.9618098247));
#592 = CARTESIAN_POINT('',(-0.615090267061,-215.1083748121));
#593 = CARTESIAN_POINT('',(-0.629380210686,-212.2444112674));
#594 = CARTESIAN_POINT('',(-0.643078831645,-209.3716851145));
#595 = CARTESIAN_POINT('',(-0.656246775053,-206.4915514864));
#596 = CARTESIAN_POINT('',(-0.668931948073,-203.6050080078));
#597 = CARTESIAN_POINT('',(-0.681174263942,-200.7127640981));
#598 = CARTESIAN_POINT('',(-0.704847707517,-194.9159463246));
#599 = CARTESIAN_POINT('',(-0.716277646471,-192.0115327144));
#600 = CARTESIAN_POINT('',(-0.727330233035,-189.1026107414));
#601 = CARTESIAN_POINT('',(-0.738031886723,-186.1896608316));
#602 = CARTESIAN_POINT('',(-0.748404557711,-183.2730802131));
#603 = CARTESIAN_POINT('',(-0.758466921585,-180.3531957518));
#604 = CARTESIAN_POINT('',(-0.768235024056,-177.4302708567));
#605 = CARTESIAN_POINT('',(-0.778692435387,-174.2055321624));
#606 = CARTESIAN_POINT('',(-0.7796590613,-173.9065229264));
#607 = CARTESIAN_POINT('',(-0.780622774905,-173.6074845568));
#608 = CARTESIAN_POINT('',(-0.781583590843,-173.3084172965));
#609 = CARTESIAN_POINT('',(-0.782541523533,-173.0093213846));
#610 = CARTESIAN_POINT('',(-0.78349658718,-172.7101970564));
#611 = CARTESIAN_POINT('',(-0.784448795765,-172.4110445429));
#612 = CARTESIAN_POINT('',(-0.785398163056,-172.1118640714));
#613 = ( GEOMETRIC_REPRESENTATION_CONTEXT(2) 
PARAMETRIC_REPRESENTATION_CONTEXT() REPRESENTATION_CONTEXT('2D SPACE',''
  ) );
#614 = PCURVE('',#615,#624);
#615 = ( BOUNDED_SURFACE() B_SPLINE_SURFACE(1,3,(
    (#616,#617,#618,#619)
    ,(#620,#621,#622,#623
)),.UNSPECIFIED.,.F.,.F.,.F.) B_SPLINE_SURFACE_WITH_KNOTS((2,2),(4,4),(
    0.,1.),(0.,1.),.PIECEWISE_BEZIER_KNOTS.) 
GEOMETRIC_REPRESENTATION_ITEM() RATIONAL_B_SPLINE_SURFACE((
    (1.,1.,1.,1.)
,(1.,1.,1.,1.))) REPRESENTATION_ITEM('') SURFACE() );
#616 = CARTESIAN_POINT('',(320.,-54.44722215136,54.447222151364));
#617 = CARTESIAN_POINT('',(490.8100616207,-60.07732877268,
    60.077328772687));
#618 = CARTESIAN_POINT('',(658.74197351329,-91.98005409046,
    91.980054090462));
#619 = CARTESIAN_POINT('',(830.,-94.04520189781,94.045201897811));
#620 = CARTESIAN_POINT('',(320.,-38.18376618407,57.982756057297));
#621 = CARTESIAN_POINT('',(490.8100616207,-36.06020848426,
    65.930288928413));
#622 = CARTESIAN_POINT('',(658.74197351329,-40.68052371771,
    104.62885234109));
#623 = CARTESIAN_POINT('',(830.,-52.3259018078,96.16652224137));
#624 = DEFINITIONAL_REPRESENTATION('',(#625),#663);
#625 = B_SPLINE_CURVE_WITH_KNOTS('',8,(#626,#627,#628,#629,#630,#631,
    #632,#633,#634,#635,#636,#637,#638,#639,#640,#641,#642,#643,#644,
    #645,#646,#647,#648,#649,#650,#651,#652,#653,#654,#655,#656,#657,
    #658,#659,#660,#661,#662),.UNSPECIFIED.,.F.,.F.,(9,7,7,7,7,9),(0.,
    0.133240923099,0.288636914791,0.626917324592,0.965409847166,1.),
  .UNSPECIFIED.);
#626 = CARTESIAN_POINT('',(1.,0.352365247079));
#627 = CARTESIAN_POINT('',(0.976531639511,0.350294995028));
#628 = CARTESIAN_POINT('',(0.953817031471,0.348206811183));
#629 = CARTESIAN_POINT('',(0.931754801132,0.346103577717));
#630 = CARTESIAN_POINT('',(0.910269220799,0.343987509848));
#631 = CARTESIAN_POINT('',(0.889299097079,0.341860359084));
#632 = CARTESIAN_POINT('',(0.868792850447,0.339723502141));
#633 = CARTESIAN_POINT('',(0.848706470573,0.337577977414));
#634 = CARTESIAN_POINT('',(0.806019004918,0.332913012921));
#635 = CARTESIAN_POINT('',(0.7835571061,0.330390933484));
#636 = CARTESIAN_POINT('',(0.761555156857,0.327859651862));
#637 = CARTESIAN_POINT('',(0.739965189736,0.325320268208));
#638 = CARTESIAN_POINT('',(0.718747147979,0.322773686246));
#639 = CARTESIAN_POINT('',(0.697866645919,0.32022064579));
#640 = CARTESIAN_POINT('',(0.677293785399,0.317661739853));
#641 = CARTESIAN_POINT('',(0.61282903696,0.309515206167));
#642 = CARTESIAN_POINT('',(0.569991740907,0.303907833104));
#643 = CARTESIAN_POINT('',(0.528216971069,0.298280181854));
#644 = CARTESIAN_POINT('',(0.487320153026,0.292635747314));
#645 = CARTESIAN_POINT('',(0.447156183953,0.286977216394));
#646 = CARTESIAN_POINT('',(0.407610305785,0.281306572936));
#647 = CARTESIAN_POINT('',(0.368586493761,0.275625234216));
#648 = CARTESIAN_POINT('',(0.291396204177,0.264239388771));
#649 = CARTESIAN_POINT('',(0.253232486064,0.258535197466));
#650 = CARTESIAN_POINT('',(0.215432583951,0.252822700303));
#651 = CARTESIAN_POINT('',(0.177933059134,0.24710286424));
#652 = CARTESIAN_POINT('',(0.140681442702,0.241376492582));
#653 = CARTESIAN_POINT('',(0.103633479747,0.235644250261));
#654 = CARTESIAN_POINT('',(6.67516997334E-02,0.229906677453));
#655 = CARTESIAN_POINT('',(2.624890198153E-02,0.223577385735));
#656 = CARTESIAN_POINT('',(2.24951114511E-02,0.222990518199));
#657 = CARTESIAN_POINT('',(1.874269099004E-02,0.222403600399));
#658 = CARTESIAN_POINT('',(1.499160742852E-02,0.221816632837));
#659 = CARTESIAN_POINT('',(1.124182820297E-02,0.221229616008));
#660 = CARTESIAN_POINT('',(7.493321356046E-03,0.220642550395));
#661 = CARTESIAN_POINT('',(3.746055536669E-03,0.22005543648));
#662 = CARTESIAN_POINT('',(0.,0.21946827473));
#663 = ( GEOMETRIC_REPRESENTATION_CONTEXT(2) 
PARAMETRIC_REPRESENTATION_CONTEXT() REPRESENTATION_CONTEXT('2D SPACE',''
  ) );
#664 = ORIENTED_EDGE('',*,*,#665,.F.);
#665 = EDGE_CURVE('',#666,#532,#668,.T.);
#666 = VERTEX_POINT('',#667);
#667 = CARTESIAN_POINT('',(560.,-42.2996734638,69.644002129586));
#668 = SURFACE_CURVE('',#669,(#677,#688),.PCURVE_S1.);
#669 = B_SPLINE_CURVE_WITH_KNOTS('',6,(#670,#671,#672,#673,#674,#675,
    #676),.UNSPECIFIED.,.F.,.F.,(7,7),(0.,1.),.PIECEWISE_BEZIER_KNOTS.);
#670 = CARTESIAN_POINT('',(560.,-42.29967346384,69.644002129406));
#671 = CARTESIAN_POINT('',(549.96362005129,-41.63028540322,
    70.499342104714));
#672 = CARTESIAN_POINT('',(539.92603869521,-40.96808820404,
    71.331923198203));
#673 = CARTESIAN_POINT('',(529.88714872146,-40.31673754587,
    72.141283666016));
#674 = CARTESIAN_POINT('',(519.84687251528,-39.67979986609,
    72.927292059653));
#675 = CARTESIAN_POINT('',(509.80515531216,-39.06080308035,
    73.690018969158));
#676 = CARTESIAN_POINT('',(499.76196182759,-38.4632479057,
    74.429664294025));
#677 = PCURVE('',#79,#678);
#678 = DEFINITIONAL_REPRESENTATION('',(#679),#687);
#679 = B_SPLINE_CURVE_WITH_KNOTS('',6,(#680,#681,#682,#683,#684,#685,
    #686),.UNSPECIFIED.,.F.,.F.,(7,7),(0.,1.),.PIECEWISE_BEZIER_KNOTS.);
#680 = CARTESIAN_POINT('',(-0.528157858204,-300.));
#681 = CARTESIAN_POINT('',(-0.51487867659,-289.9636200512));
#682 = CARTESIAN_POINT('',(-0.50200047679,-279.9260386952));
#683 = CARTESIAN_POINT('',(-0.489554155574,-269.8871487214));
#684 = CARTESIAN_POINT('',(-0.477567210232,-259.8468725152));
#685 = CARTESIAN_POINT('',(-0.466065566426,-249.8051553121));
#686 = CARTESIAN_POINT('',(-0.455074088345,-239.7619618275));
#687 = ( GEOMETRIC_REPRESENTATION_CONTEXT(2) 
PARAMETRIC_REPRESENTATION_CONTEXT() REPRESENTATION_CONTEXT('2D SPACE',''
  ) );
#688 = PCURVE('',#689,#698);
#689 = ( BOUNDED_SURFACE() B_SPLINE_SURFACE(1,3,(
    (#690,#691,#692,#693)
    ,(#694,#695,#696,#697
)),.UNSPECIFIED.,.F.,.F.,.F.) B_SPLINE_SURFACE_WITH_KNOTS((2,2),(4,4),(
    1.,2.),(0.,1.),.PIECEWISE_BEZIER_KNOTS.) 
GEOMETRIC_REPRESENTATION_ITEM() RATIONAL_B_SPLINE_SURFACE((
    (1.,1.,1.,1.)
,(1.,1.,1.,1.))) REPRESENTATION_ITEM('') SURFACE() );
#690 = CARTESIAN_POINT('',(320.,-38.18376618407,57.982756057297));
#691 = CARTESIAN_POINT('',(490.8100616207,-36.06020848426,
    65.930288928413));
#692 = CARTESIAN_POINT('',(658.74197351329,-40.68052371771,
    104.62885234109));
#693 = CARTESIAN_POINT('',(830.,-52.3259018078,96.16652224137));
#694 = CARTESIAN_POINT('',(320.,-41.71930009,41.719300090006));
#695 = CARTESIAN_POINT('',(490.8100616207,-41.91316863998,
    41.913168639986));
#696 = CARTESIAN_POINT('',(658.74197351329,-53.32932196835,
    53.329321968351));
#697 = CARTESIAN_POINT('',(830.,-54.44722215136,54.447222151364));
#698 = DEFINITIONAL_REPRESENTATION('',(#699),#707);
#699 = B_SPLINE_CURVE_WITH_KNOTS('',6,(#700,#701,#702,#703,#704,#705,
    #706),.UNSPECIFIED.,.F.,.F.,(7,7),(0.,1.),.PIECEWISE_BEZIER_KNOTS.);
#700 = CARTESIAN_POINT('',(1.3462778564,0.470828081267));
#701 = CARTESIAN_POINT('',(1.295624977429,0.451087964814));
#702 = CARTESIAN_POINT('',(1.242483792649,0.431345248122));
#703 = CARTESIAN_POINT('',(1.186614588228,0.411600733966));
#704 = CARTESIAN_POINT('',(1.127758337417,0.391855284741));
#705 = CARTESIAN_POINT('',(1.065639686748,0.372109807794));
#706 = CARTESIAN_POINT('',(1.,0.352365247079));
#707 = ( GEOMETRIC_REPRESENTATION_CONTEXT(2) 
PARAMETRIC_REPRESENTATION_CONTEXT() REPRESENTATION_CONTEXT('2D SPACE',''
  ) );
#708 = ORIENTED_EDGE('',*,*,#709,.T.);
#709 = EDGE_CURVE('',#666,#710,#712,.T.);
#710 = VERTEX_POINT('',#711);
#711 = CARTESIAN_POINT('',(560.,-4.000000039472,80.));
#712 = SURFACE_CURVE('',#713,(#718,#725),.PCURVE_S1.);
#713 = CIRCLE('',#714,76.);
#714 = AXIS2_PLACEMENT_3D('',#715,#716,#717);
#715 = CARTESIAN_POINT('',(560.,-4.000000039472,4.));
#716 = DIRECTION('',(-1.,0.,-1.110223024625E-16));
#717 = DIRECTION('',(-1.110223024625E-16,0.,1.));
#718 = PCURVE('',#79,#719);
#719 = DEFINITIONAL_REPRESENTATION('',(#720),#724);
#720 = LINE('',#721,#722);
#721 = CARTESIAN_POINT('',(-6.28318530718,-300.));
#722 = VECTOR('',#723,1.);
#723 = DIRECTION('',(1.,-0.));
#724 = ( GEOMETRIC_REPRESENTATION_CONTEXT(2) 
PARAMETRIC_REPRESENTATION_CONTEXT() REPRESENTATION_CONTEXT('2D SPACE',''
  ) );
#725 = PCURVE('',#341,#726);
#726 = DEFINITIONAL_REPRESENTATION('',(#727),#731);
#727 = LINE('',#728,#729);
#728 = CARTESIAN_POINT('',(-6.28318530718,-0.));
#729 = VECTOR('',#730,1.);
#730 = DIRECTION('',(1.,-0.));
#731 = ( GEOMETRIC_REPRESENTATION_CONTEXT(2) 
PARAMETRIC_REPRESENTATION_CONTEXT() REPRESENTATION_CONTEXT('2D SPACE',''
  ) );
#732 = ORIENTED_EDGE('',*,*,#733,.F.);
#733 = EDGE_CURVE('',#734,#710,#736,.T.);
#734 = VERTEX_POINT('',#735);
#735 = CARTESIAN_POINT('',(515.,-4.000000039431,81.8));
#736 = SURFACE_CURVE('',#737,(#740,#746),.PCURVE_S1.);
#737 = B_SPLINE_CURVE_WITH_KNOTS('',1,(#738,#739),.UNSPECIFIED.,.F.,.F.,
  (2,2),(0.,1.),.PIECEWISE_BEZIER_KNOTS.);
#738 = CARTESIAN_POINT('',(260.,-4.000000039202,92.));
#739 = CARTESIAN_POINT('',(560.,-4.000000039472,80.));
#740 = PCURVE('',#79,#741);
#741 = DEFINITIONAL_REPRESENTATION('',(#742),#745);
#742 = B_SPLINE_CURVE_WITH_KNOTS('',1,(#743,#744),.UNSPECIFIED.,.F.,.F.,
  (2,2),(0.,1.),.PIECEWISE_BEZIER_KNOTS.);
#743 = CARTESIAN_POINT('',(0.,0.));
#744 = CARTESIAN_POINT('',(0.,-300.));
#745 = ( GEOMETRIC_REPRESENTATION_CONTEXT(2) 
PARAMETRIC_REPRESENTATION_CONTEXT() REPRESENTATION_CONTEXT('2D SPACE',''
  ) );
#746 = PCURVE('',#747,#752);
#747 = PLANE('',#748);
#748 = AXIS2_PLACEMENT_3D('',#749,#750,#751);
#749 = CARTESIAN_POINT('',(560.,3.947181426156E-08,80.));
#750 = DIRECTION('',(3.996803834887E-02,-0.,0.999200958722));
#751 = DIRECTION('',(-0.,-1.,0.));
#752 = DEFINITIONAL_REPRESENTATION('',(#753),#756);
#753 = B_SPLINE_CURVE_WITH_KNOTS('',1,(#754,#755),.UNSPECIFIED.,.F.,.F.,
  (2,2),(0.,1.),.PIECEWISE_BEZIER_KNOTS.);
#754 = CARTESIAN_POINT('',(4.000000078674,-300.2399040767));
#755 = CARTESIAN_POINT('',(4.000000078944,0.));
#756 = ( GEOMETRIC_REPRESENTATION_CONTEXT(2) 
PARAMETRIC_REPRESENTATION_CONTEXT() REPRESENTATION_CONTEXT('2D SPACE',''
  ) );
#757 = ORIENTED_EDGE('',*,*,#758,.T.);
#758 = EDGE_CURVE('',#734,#759,#761,.T.);
#759 = VERTEX_POINT('',#760);
#760 = CARTESIAN_POINT('',(515.,-15.,81.018439356186));
#761 = SURFACE_CURVE('',#762,(#767,#774),.PCURVE_S1.);
#762 = CIRCLE('',#763,77.8);
#763 = AXIS2_PLACEMENT_3D('',#764,#765,#766);
#764 = CARTESIAN_POINT('',(515.,-4.000000039202,4.));
#765 = DIRECTION('',(1.,0.,1.110223024625E-16));
#766 = DIRECTION('',(-1.110223024625E-16,0.,1.));
#767 = PCURVE('',#79,#768);
#768 = DEFINITIONAL_REPRESENTATION('',(#769),#773);
#769 = LINE('',#770,#771);
#770 = CARTESIAN_POINT('',(-0.,-255.));
#771 = VECTOR('',#772,1.);
#772 = DIRECTION('',(-1.,-0.));
#773 = ( GEOMETRIC_REPRESENTATION_CONTEXT(2) 
PARAMETRIC_REPRESENTATION_CONTEXT() REPRESENTATION_CONTEXT('2D SPACE',''
  ) );
#774 = PCURVE('',#775,#780);
#775 = PLANE('',#776);
#776 = AXIS2_PLACEMENT_3D('',#777,#778,#779);
#777 = CARTESIAN_POINT('',(515.,-15.,68.));
#778 = DIRECTION('',(1.,0.,0.));
#779 = DIRECTION('',(0.,0.,1.));
#780 = DEFINITIONAL_REPRESENTATION('',(#781),#785);
#781 = CIRCLE('',#782,77.8);
#782 = AXIS2_PLACEMENT_2D('',#783,#784);
#783 = CARTESIAN_POINT('',(-64.,-10.99999996079));
#784 = DIRECTION('',(1.,0.));
#785 = ( GEOMETRIC_REPRESENTATION_CONTEXT(2) 
PARAMETRIC_REPRESENTATION_CONTEXT() REPRESENTATION_CONTEXT('2D SPACE',''
  ) );
#786 = ORIENTED_EDGE('',*,*,#787,.T.);
#787 = EDGE_CURVE('',#759,#788,#790,.T.);
#788 = VERTEX_POINT('',#789);
#789 = CARTESIAN_POINT('',(445.,-15.,83.845851494379));
#790 = SURFACE_CURVE('',#791,(#796,#806),.PCURVE_S1.);
#791 = HYPERBOLA('',#792,274.99999901995,10.999999960798);
#792 = AXIS2_PLACEMENT_3D('',#793,#794,#795);
#793 = CARTESIAN_POINT('',(2.46E+03,-15.,4.));
#794 = DIRECTION('',(0.,1.,0.));
#795 = DIRECTION('',(-1.,0.,-1.110223024625E-16));
#796 = PCURVE('',#79,#797);
#797 = DEFINITIONAL_REPRESENTATION('',(#798),#805);
#798 = B_SPLINE_CURVE_WITH_KNOTS('',5,(#799,#800,#801,#802,#803,#804),
  .UNSPECIFIED.,.F.,.F.,(6,6),(2.64071561706,2.683561807559),
  .PIECEWISE_BEZIER_KNOTS.);
#799 = CARTESIAN_POINT('',(-0.142379427231,-262.));
#800 = CARTESIAN_POINT('',(-0.141163462077,-245.5608619829));
#801 = CARTESIAN_POINT('',(-0.139960389995,-228.9438353299));
#802 = CARTESIAN_POINT('',(-0.138770032454,-212.1464051298));
#803 = CARTESIAN_POINT('',(-0.137592214392,-195.1660020545));
#804 = CARTESIAN_POINT('',(-0.13642676411,-178.));
#805 = ( GEOMETRIC_REPRESENTATION_CONTEXT(2) 
PARAMETRIC_REPRESENTATION_CONTEXT() REPRESENTATION_CONTEXT('2D SPACE',''
  ) );
#806 = PCURVE('',#807,#812);
#807 = PLANE('',#808);
#808 = AXIS2_PLACEMENT_3D('',#809,#810,#811);
#809 = CARTESIAN_POINT('',(445.,-15.,68.));
#810 = DIRECTION('',(0.,1.,0.));
#811 = DIRECTION('',(0.,0.,1.));
#812 = DEFINITIONAL_REPRESENTATION('',(#813),#817);
#813 = ( BOUNDED_CURVE() B_SPLINE_CURVE(2,(#814,#815,#816),
.UNSPECIFIED.,.F.,.F.) B_SPLINE_CURVE_WITH_KNOTS((3,3),(2.64071561706,
2.683561807559),.PIECEWISE_BEZIER_KNOTS.) CURVE() 
GEOMETRIC_REPRESENTATION_ITEM() RATIONAL_B_SPLINE_CURVE((1.,
1.000229483282,1.)) REPRESENTATION_ITEM('') );
#814 = CARTESIAN_POINT('',(12.735587577489,77.));
#815 = CARTESIAN_POINT('',(14.39605190619,35.908441075097));
#816 = CARTESIAN_POINT('',(16.128486824989,-7.));
#817 = ( GEOMETRIC_REPRESENTATION_CONTEXT(2) 
PARAMETRIC_REPRESENTATION_CONTEXT() REPRESENTATION_CONTEXT('2D SPACE',''
  ) );
#818 = ORIENTED_EDGE('',*,*,#819,.F.);
#819 = EDGE_CURVE('',#820,#788,#822,.T.);
#820 = VERTEX_POINT('',#821);
#821 = CARTESIAN_POINT('',(445.,-4.000000039368,84.6));
#822 = SURFACE_CURVE('',#823,(#828,#835),.PCURVE_S1.);
#823 = CIRCLE('',#824,80.6);
#824 = AXIS2_PLACEMENT_3D('',#825,#826,#827);
#825 = CARTESIAN_POINT('',(445.,-4.000000039202,4.));
#826 = DIRECTION('',(1.,0.,1.110223024625E-16));
#827 = DIRECTION('',(-1.110223024625E-16,0.,1.));
#828 = PCURVE('',#79,#829);
#829 = DEFINITIONAL_REPRESENTATION('',(#830),#834);
#830 = LINE('',#831,#832);
#831 = CARTESIAN_POINT('',(-0.,-185.));
#832 = VECTOR('',#833,1.);
#833 = DIRECTION('',(-1.,-0.));
#834 = ( GEOMETRIC_REPRESENTATION_CONTEXT(2) 
PARAMETRIC_REPRESENTATION_CONTEXT() REPRESENTATION_CONTEXT('2D SPACE',''
  ) );
#835 = PCURVE('',#836,#841);
#836 = PLANE('',#837);
#837 = AXIS2_PLACEMENT_3D('',#838,#839,#840);
#838 = CARTESIAN_POINT('',(445.,-15.,68.));
#839 = DIRECTION('',(1.,0.,0.));
#840 = DIRECTION('',(0.,0.,1.));
#841 = DEFINITIONAL_REPRESENTATION('',(#842),#846);
#842 = CIRCLE('',#843,80.6);
#843 = AXIS2_PLACEMENT_2D('',#844,#845);
#844 = CARTESIAN_POINT('',(-64.,-10.99999996079));
#845 = DIRECTION('',(1.,0.));
#846 = ( GEOMETRIC_REPRESENTATION_CONTEXT(2) 
PARAMETRIC_REPRESENTATION_CONTEXT() REPRESENTATION_CONTEXT('2D SPACE',''
  ) );
#847 = ORIENTED_EDGE('',*,*,#848,.F.);
#848 = EDGE_CURVE('',#54,#820,#849,.T.);
#849 = SURFACE_CURVE('',#850,(#853,#859),.PCURVE_S1.);
#850 = B_SPLINE_CURVE_WITH_KNOTS('',1,(#851,#852),.UNSPECIFIED.,.F.,.F.,
  (2,2),(0.,1.),.PIECEWISE_BEZIER_KNOTS.);
#851 = CARTESIAN_POINT('',(260.,-4.000000039202,92.));
#852 = CARTESIAN_POINT('',(560.,-4.000000039472,80.));
#853 = PCURVE('',#79,#854);
#854 = DEFINITIONAL_REPRESENTATION('',(#855),#858);
#855 = B_SPLINE_CURVE_WITH_KNOTS('',1,(#856,#857),.UNSPECIFIED.,.F.,.F.,
  (2,2),(0.,1.),.PIECEWISE_BEZIER_KNOTS.);
#856 = CARTESIAN_POINT('',(0.,0.));
#857 = CARTESIAN_POINT('',(0.,-300.));
#858 = ( GEOMETRIC_REPRESENTATION_CONTEXT(2) 
PARAMETRIC_REPRESENTATION_CONTEXT() REPRESENTATION_CONTEXT('2D SPACE',''
  ) );
#859 = PCURVE('',#288,#860);
#860 = DEFINITIONAL_REPRESENTATION('',(#861),#864);
#861 = B_SPLINE_CURVE_WITH_KNOTS('',1,(#862,#863),.UNSPECIFIED.,.F.,.F.,
  (2,2),(0.,1.),.PIECEWISE_BEZIER_KNOTS.);
#862 = CARTESIAN_POINT('',(4.000000078674,-300.2399040767));
#863 = CARTESIAN_POINT('',(4.000000078944,0.));
#864 = ( GEOMETRIC_REPRESENTATION_CONTEXT(2) 
PARAMETRIC_REPRESENTATION_CONTEXT() REPRESENTATION_CONTEXT('2D SPACE',''
  ) );
#865 = ADVANCED_FACE('',(#866),#288,.T.);
#866 = FACE_BOUND('',#867,.T.);
#867 = EDGE_LOOP('',(#868,#869,#870,#891));
#868 = ORIENTED_EDGE('',*,*,#274,.F.);
#869 = ORIENTED_EDGE('',*,*,#848,.T.);
#870 = ORIENTED_EDGE('',*,*,#871,.T.);
#871 = EDGE_CURVE('',#820,#872,#874,.T.);
#872 = VERTEX_POINT('',#873);
#873 = CARTESIAN_POINT('',(445.,4.000000029689,84.6));
#874 = SURFACE_CURVE('',#875,(#879,#885),.PCURVE_S1.);
#875 = LINE('',#876,#877);
#876 = CARTESIAN_POINT('',(445.,-7.499999980264,84.6));
#877 = VECTOR('',#878,1.);
#878 = DIRECTION('',(0.,1.,0.));
#879 = PCURVE('',#288,#880);
#880 = DEFINITIONAL_REPRESENTATION('',(#881),#884);
#881 = B_SPLINE_CURVE_WITH_KNOTS('',1,(#882,#883),.UNSPECIFIED.,.F.,.F.,
  (2,2),(3.499999940792,11.500000010056),.PIECEWISE_BEZIER_KNOTS.);
#882 = CARTESIAN_POINT('',(4.000000078944,-115.0919632294));
#883 = CARTESIAN_POINT('',(-3.99999999032,-115.0919632294));
#884 = ( GEOMETRIC_REPRESENTATION_CONTEXT(2) 
PARAMETRIC_REPRESENTATION_CONTEXT() REPRESENTATION_CONTEXT('2D SPACE',''
  ) );
#885 = PCURVE('',#836,#886);
#886 = DEFINITIONAL_REPRESENTATION('',(#887),#890);
#887 = B_SPLINE_CURVE_WITH_KNOTS('',1,(#888,#889),.UNSPECIFIED.,.F.,.F.,
  (2,2),(3.499999940792,11.500000010056),.PIECEWISE_BEZIER_KNOTS.);
#888 = CARTESIAN_POINT('',(16.6,-10.99999996052));
#889 = CARTESIAN_POINT('',(16.6,-19.00000002979));
#890 = ( GEOMETRIC_REPRESENTATION_CONTEXT(2) 
PARAMETRIC_REPRESENTATION_CONTEXT() REPRESENTATION_CONTEXT('2D SPACE',''
  ) );
#891 = ORIENTED_EDGE('',*,*,#892,.F.);
#892 = EDGE_CURVE('',#242,#872,#893,.T.);
#893 = SURFACE_CURVE('',#894,(#897,#903),.PCURVE_S1.);
#894 = B_SPLINE_CURVE_WITH_KNOTS('',1,(#895,#896),.UNSPECIFIED.,.F.,.F.,
  (2,2),(0.,1.),.PIECEWISE_BEZIER_KNOTS.);
#895 = CARTESIAN_POINT('',(260.,4.000000029522,92.));
#896 = CARTESIAN_POINT('',(560.,4.000000029792,80.));
#897 = PCURVE('',#288,#898);
#898 = DEFINITIONAL_REPRESENTATION('',(#899),#902);
#899 = B_SPLINE_CURVE_WITH_KNOTS('',1,(#900,#901),.UNSPECIFIED.,.F.,.F.,
  (2,2),(0.,1.),.PIECEWISE_BEZIER_KNOTS.);
#900 = CARTESIAN_POINT('',(-3.99999999005,-300.2399040767));
#901 = CARTESIAN_POINT('',(-3.99999999032,0.));
#902 = ( GEOMETRIC_REPRESENTATION_CONTEXT(2) 
PARAMETRIC_REPRESENTATION_CONTEXT() REPRESENTATION_CONTEXT('2D SPACE',''
  ) );
#903 = PCURVE('',#262,#904);
#904 = DEFINITIONAL_REPRESENTATION('',(#905),#908);
#905 = B_SPLINE_CURVE_WITH_KNOTS('',1,(#906,#907),.UNSPECIFIED.,.F.,.F.,
  (2,2),(0.,1.),.PIECEWISE_BEZIER_KNOTS.);
#906 = CARTESIAN_POINT('',(-6.28318530718,0.));
#907 = CARTESIAN_POINT('',(-6.28318530718,-300.));
#908 = ( GEOMETRIC_REPRESENTATION_CONTEXT(2) 
PARAMETRIC_REPRESENTATION_CONTEXT() REPRESENTATION_CONTEXT('2D SPACE',''
  ) );
#909 = ADVANCED_FACE('',(#910),#262,.T.);
#910 = FACE_BOUND('',#911,.T.);
#911 = EDGE_LOOP('',(#912,#913,#914,#938,#970,#994,#1014,#1059));
#912 = ORIENTED_EDGE('',*,*,#241,.F.);
#913 = ORIENTED_EDGE('',*,*,#892,.T.);
#914 = ORIENTED_EDGE('',*,*,#915,.F.);
#915 = EDGE_CURVE('',#916,#872,#918,.T.);
#916 = VERTEX_POINT('',#917);
#917 = CARTESIAN_POINT('',(445.,15.,83.845851493046));
#918 = SURFACE_CURVE('',#919,(#924,#931),.PCURVE_S1.);
#919 = CIRCLE('',#920,80.6);
#920 = AXIS2_PLACEMENT_3D('',#921,#922,#923);
#921 = CARTESIAN_POINT('',(445.,4.000000029522,4.));
#922 = DIRECTION('',(1.,0.,1.110223024625E-16));
#923 = DIRECTION('',(-1.110223024625E-16,0.,1.));
#924 = PCURVE('',#262,#925);
#925 = DEFINITIONAL_REPRESENTATION('',(#926),#930);
#926 = LINE('',#927,#928);
#927 = CARTESIAN_POINT('',(-0.,-185.));
#928 = VECTOR('',#929,1.);
#929 = DIRECTION('',(-1.,-0.));
#930 = ( GEOMETRIC_REPRESENTATION_CONTEXT(2) 
PARAMETRIC_REPRESENTATION_CONTEXT() REPRESENTATION_CONTEXT('2D SPACE',''
  ) );
#931 = PCURVE('',#836,#932);
#932 = DEFINITIONAL_REPRESENTATION('',(#933),#937);
#933 = CIRCLE('',#934,80.6);
#934 = AXIS2_PLACEMENT_2D('',#935,#936);
#935 = CARTESIAN_POINT('',(-64.,-19.00000002952));
#936 = DIRECTION('',(1.,0.));
#937 = ( GEOMETRIC_REPRESENTATION_CONTEXT(2) 
PARAMETRIC_REPRESENTATION_CONTEXT() REPRESENTATION_CONTEXT('2D SPACE',''
  ) );
#938 = ORIENTED_EDGE('',*,*,#939,.F.);
#939 = EDGE_CURVE('',#940,#916,#942,.T.);
#940 = VERTEX_POINT('',#941);
#941 = CARTESIAN_POINT('',(515.,15.,81.018439354803));
#942 = SURFACE_CURVE('',#943,(#948,#958),.PCURVE_S1.);
#943 = HYPERBOLA('',#944,274.99999926195,10.999999970478);
#944 = AXIS2_PLACEMENT_3D('',#945,#946,#947);
#945 = CARTESIAN_POINT('',(2.46E+03,15.,4.));
#946 = DIRECTION('',(0.,1.,0.));
#947 = DIRECTION('',(-1.,0.,-1.110223024625E-16));
#948 = PCURVE('',#262,#949);
#949 = DEFINITIONAL_REPRESENTATION('',(#950),#957);
#950 = B_SPLINE_CURVE_WITH_KNOTS('',5,(#951,#952,#953,#954,#955,#956),
  .UNSPECIFIED.,.F.,.F.,(6,6),(2.640715616171,2.683561806671),
  .PIECEWISE_BEZIER_KNOTS.);
#951 = CARTESIAN_POINT('',(-6.140805879822,-262.));
#952 = CARTESIAN_POINT('',(-6.142021844978,-245.5608619829));
#953 = CARTESIAN_POINT('',(-6.143224917061,-228.9438353299));
#954 = CARTESIAN_POINT('',(-6.144415274603,-212.1464051298));
#955 = CARTESIAN_POINT('',(-6.145593092666,-195.1660020545));
#956 = CARTESIAN_POINT('',(-6.146758542949,-177.9999999999));
#957 = ( GEOMETRIC_REPRESENTATION_CONTEXT(2) 
PARAMETRIC_REPRESENTATION_CONTEXT() REPRESENTATION_CONTEXT('2D SPACE',''
  ) );
#958 = PCURVE('',#959,#964);
#959 = PLANE('',#960);
#960 = AXIS2_PLACEMENT_3D('',#961,#962,#963);
#961 = CARTESIAN_POINT('',(445.,15.,68.));
#962 = DIRECTION('',(0.,1.,0.));
#963 = DIRECTION('',(0.,0.,1.));
#964 = DEFINITIONAL_REPRESENTATION('',(#965),#969);
#965 = ( BOUNDED_CURVE() B_SPLINE_CURVE(2,(#966,#967,#968),
.UNSPECIFIED.,.F.,.F.) B_SPLINE_CURVE_WITH_KNOTS((3,3),(2.640715616171,
2.683561806671),.PIECEWISE_BEZIER_KNOTS.) CURVE() 
GEOMETRIC_REPRESENTATION_ITEM() RATIONAL_B_SPLINE_CURVE((1.,
1.000229483282,1.)) REPRESENTATION_ITEM('') );
#966 = CARTESIAN_POINT('',(12.735587576101,77.));
#967 = CARTESIAN_POINT('',(14.396051904831,35.908441075131));
#968 = CARTESIAN_POINT('',(16.12848682366,-7.000000000001));
#969 = ( GEOMETRIC_REPRESENTATION_CONTEXT(2) 
PARAMETRIC_REPRESENTATION_CONTEXT() REPRESENTATION_CONTEXT('2D SPACE',''
  ) );
#970 = ORIENTED_EDGE('',*,*,#971,.T.);
#971 = EDGE_CURVE('',#940,#972,#974,.T.);
#972 = VERTEX_POINT('',#973);
#973 = CARTESIAN_POINT('',(515.,4.000000029752,81.8));
#974 = SURFACE_CURVE('',#975,(#980,#987),.PCURVE_S1.);
#975 = CIRCLE('',#976,77.8);
#976 = AXIS2_PLACEMENT_3D('',#977,#978,#979);
#977 = CARTESIAN_POINT('',(515.,4.000000029522,4.));
#978 = DIRECTION('',(1.,0.,1.110223024625E-16));
#979 = DIRECTION('',(-1.110223024625E-16,0.,1.));
#980 = PCURVE('',#262,#981);
#981 = DEFINITIONAL_REPRESENTATION('',(#982),#986);
#982 = LINE('',#983,#984);
#983 = CARTESIAN_POINT('',(-0.,-255.));
#984 = VECTOR('',#985,1.);
#985 = DIRECTION('',(-1.,-0.));
#986 = ( GEOMETRIC_REPRESENTATION_CONTEXT(2) 
PARAMETRIC_REPRESENTATION_CONTEXT() REPRESENTATION_CONTEXT('2D SPACE',''
  ) );
#987 = PCURVE('',#775,#988);
#988 = DEFINITIONAL_REPRESENTATION('',(#989),#993);
#989 = CIRCLE('',#990,77.8);
#990 = AXIS2_PLACEMENT_2D('',#991,#992);
#991 = CARTESIAN_POINT('',(-64.,-19.00000002952));
#992 = DIRECTION('',(1.,0.));
#993 = ( GEOMETRIC_REPRESENTATION_CONTEXT(2) 
PARAMETRIC_REPRESENTATION_CONTEXT() REPRESENTATION_CONTEXT('2D SPACE',''
  ) );
#994 = ORIENTED_EDGE('',*,*,#995,.T.);
#995 = EDGE_CURVE('',#972,#996,#998,.T.);
#996 = VERTEX_POINT('',#997);
#997 = CARTESIAN_POINT('',(560.,4.000000029792,80.));
#998 = SURFACE_CURVE('',#999,(#1002,#1008),.PCURVE_S1.);
#999 = B_SPLINE_CURVE_WITH_KNOTS('',1,(#1000,#1001),.UNSPECIFIED.,.F.,
  .F.,(2,2),(0.,1.),.PIECEWISE_BEZIER_KNOTS.);
#1000 = CARTESIAN_POINT('',(260.,4.000000029522,92.));
#1001 = CARTESIAN_POINT('',(560.,4.000000029792,80.));
#1002 = PCURVE('',#262,#1003);
#1003 = DEFINITIONAL_REPRESENTATION('',(#1004),#1007);
#1004 = B_SPLINE_CURVE_WITH_KNOTS('',1,(#1005,#1006),.UNSPECIFIED.,.F.,
  .F.,(2,2),(0.,1.),.PIECEWISE_BEZIER_KNOTS.);
#1005 = CARTESIAN_POINT('',(-6.28318530718,0.));
#1006 = CARTESIAN_POINT('',(-6.28318530718,-300.));
#1007 = ( GEOMETRIC_REPRESENTATION_CONTEXT(2) 
PARAMETRIC_REPRESENTATION_CONTEXT() REPRESENTATION_CONTEXT('2D SPACE',''
  ) );
#1008 = PCURVE('',#747,#1009);
#1009 = DEFINITIONAL_REPRESENTATION('',(#1010),#1013);
#1010 = B_SPLINE_CURVE_WITH_KNOTS('',1,(#1011,#1012),.UNSPECIFIED.,.F.,
  .F.,(2,2),(0.,1.),.PIECEWISE_BEZIER_KNOTS.);
#1011 = CARTESIAN_POINT('',(-3.99999999005,-300.2399040767));
#1012 = CARTESIAN_POINT('',(-3.99999999032,0.));
#1013 = ( GEOMETRIC_REPRESENTATION_CONTEXT(2) 
PARAMETRIC_REPRESENTATION_CONTEXT() REPRESENTATION_CONTEXT('2D SPACE',''
  ) );
#1014 = ORIENTED_EDGE('',*,*,#1015,.T.);
#1015 = EDGE_CURVE('',#996,#1016,#1018,.T.);
#1016 = VERTEX_POINT('',#1017);
#1017 = CARTESIAN_POINT('',(560.,80.000000034632,4.));
#1018 = SURFACE_CURVE('',#1019,(#1024,#1031),.PCURVE_S1.);
#1019 = CIRCLE('',#1020,76.);
#1020 = AXIS2_PLACEMENT_3D('',#1021,#1022,#1023);
#1021 = CARTESIAN_POINT('',(560.,4.000000029792,4.));
#1022 = DIRECTION('',(-1.,0.,-1.110223024625E-16));
#1023 = DIRECTION('',(-1.110223024625E-16,0.,1.));
#1024 = PCURVE('',#262,#1025);
#1025 = DEFINITIONAL_REPRESENTATION('',(#1026),#1030);
#1026 = LINE('',#1027,#1028);
#1027 = CARTESIAN_POINT('',(-6.28318530718,-300.));
#1028 = VECTOR('',#1029,1.);
#1029 = DIRECTION('',(1.,-0.));
#1030 = ( GEOMETRIC_REPRESENTATION_CONTEXT(2) 
PARAMETRIC_REPRESENTATION_CONTEXT() REPRESENTATION_CONTEXT('2D SPACE',''
  ) );
#1031 = PCURVE('',#1032,#1053);
#1032 = B_SPLINE_SURFACE_WITH_KNOTS('',9,1,(
    (#1033,#1034)
    ,(#1035,#1036)
    ,(#1037,#1038)
    ,(#1039,#1040)
    ,(#1041,#1042)
    ,(#1043,#1044)
    ,(#1045,#1046)
    ,(#1047,#1048)
    ,(#1049,#1050)
    ,(#1051,#1052
    )),.UNSPECIFIED.,.F.,.F.,.F.,(10,10),(2,2),(4.712388980385,
    6.28318530718),(0.,1.),.PIECEWISE_BEZIER_KNOTS.);
#1033 = CARTESIAN_POINT('',(559.99999999999,80.000000029792,4.));
#1034 = CARTESIAN_POINT('',(850.,78.000000034689,4.));
#1035 = CARTESIAN_POINT('',(559.99999999999,80.000000029791,
    17.264502315156));
#1036 = CARTESIAN_POINT('',(849.99999999999,78.000000034689,
    16.915436464758));
#1037 = CARTESIAN_POINT('',(560.00000000003,77.395521301174,
    30.5290048204));
#1038 = CARTESIAN_POINT('',(850.,75.464060219978,29.830873114598));
#1039 = CARTESIAN_POINT('',(559.99999999993,72.186562021782,
    43.209062200216));
#1040 = CARTESIAN_POINT('',(849.99999999999,70.392178816372,
    42.1772447739));
#1041 = CARTESIAN_POINT('',(560.00000000008,64.526137025005,
    54.720237410972));
#1042 = CARTESIAN_POINT('',(849.99999999999,62.933343951065,
    53.385494321201));
#1043 = CARTESIAN_POINT('',(559.99999999992,54.720237440745,
    64.526136995194));
#1044 = CARTESIAN_POINT('',(850.,53.385494355895,62.933343916381));
#1045 = CARTESIAN_POINT('',(560.00000000005,43.20906223002,
    72.186561992004));
#1046 = CARTESIAN_POINT('',(849.99999999999,42.177244808585,
    70.392178781681));
#1047 = CARTESIAN_POINT('',(559.99999999997,30.529004850187,
    77.395521271375));
#1048 = CARTESIAN_POINT('',(850.,29.830873149288,75.46406018529));
#1049 = CARTESIAN_POINT('',(560.,17.26450234495,80.000000000001));
#1050 = CARTESIAN_POINT('',(849.99999999999,16.915436499446,78.));
#1051 = CARTESIAN_POINT('',(560.,4.000000029792,80.));
#1052 = CARTESIAN_POINT('',(850.,4.000000034689,78.));
#1053 = DEFINITIONAL_REPRESENTATION('',(#1054),#1058);
#1054 = LINE('',#1055,#1056);
#1055 = CARTESIAN_POINT('',(6.28318530718,0.));
#1056 = VECTOR('',#1057,1.);
#1057 = DIRECTION('',(-1.,0.));
#1058 = ( GEOMETRIC_REPRESENTATION_CONTEXT(2) 
PARAMETRIC_REPRESENTATION_CONTEXT() REPRESENTATION_CONTEXT('2D SPACE',''
  ) );
#1059 = ORIENTED_EDGE('',*,*,#1060,.F.);
#1060 = EDGE_CURVE('',#214,#1016,#1061,.T.);
#1061 = SURFACE_CURVE('',#1062,(#1065,#1071),.PCURVE_S1.);
#1062 = B_SPLINE_CURVE_WITH_KNOTS('',1,(#1063,#1064),.UNSPECIFIED.,.F.,
  .F.,(2,2),(0.,1.),.PIECEWISE_BEZIER_KNOTS.);
#1063 = CARTESIAN_POINT('',(260.,92.000000034362,4.));
#1064 = CARTESIAN_POINT('',(560.,80.000000034632,4.));
#1065 = PCURVE('',#262,#1066);
#1066 = DEFINITIONAL_REPRESENTATION('',(#1067),#1070);
#1067 = B_SPLINE_CURVE_WITH_KNOTS('',1,(#1068,#1069),.UNSPECIFIED.,.F.,
  .F.,(2,2),(0.,1.),.PIECEWISE_BEZIER_KNOTS.);
#1068 = CARTESIAN_POINT('',(-4.712388980385,0.));
#1069 = CARTESIAN_POINT('',(-4.712388980385,-300.));
#1070 = ( GEOMETRIC_REPRESENTATION_CONTEXT(2) 
PARAMETRIC_REPRESENTATION_CONTEXT() REPRESENTATION_CONTEXT('2D SPACE',''
  ) );
#1071 = PCURVE('',#229,#1072);
#1072 = DEFINITIONAL_REPRESENTATION('',(#1073),#1076);
#1073 = B_SPLINE_CURVE_WITH_KNOTS('',1,(#1074,#1075),.UNSPECIFIED.,.F.,
  .F.,(2,2),(0.,1.),.PIECEWISE_BEZIER_KNOTS.);
#1074 = CARTESIAN_POINT('',(4.,-300.2399040765));
#1075 = CARTESIAN_POINT('',(4.,1.933813109645E-10));
#1076 = ( GEOMETRIC_REPRESENTATION_CONTEXT(2) 
PARAMETRIC_REPRESENTATION_CONTEXT() REPRESENTATION_CONTEXT('2D SPACE',''
  ) );
#1077 = ADVANCED_FACE('',(#1078),#229,.T.);
#1078 = FACE_BOUND('',#1079,.T.);
#1079 = EDGE_LOOP('',(#1080,#1081,#1082,#1110));
#1080 = ORIENTED_EDGE('',*,*,#213,.F.);
#1081 = ORIENTED_EDGE('',*,*,#1060,.T.);
#1082 = ORIENTED_EDGE('',*,*,#1083,.T.);
#1083 = EDGE_CURVE('',#1016,#1084,#1086,.T.);
#1084 = VERTEX_POINT('',#1085);
#1085 = CARTESIAN_POINT('',(560.,80.000000034632,-4.));
#1086 = SURFACE_CURVE('',#1087,(#1091,#1098),.PCURVE_S1.);
#1087 = LINE('',#1088,#1089);
#1088 = CARTESIAN_POINT('',(560.,80.000000039472,0.));
#1089 = VECTOR('',#1090,1.);
#1090 = DIRECTION('',(1.110223024625E-16,0.,-1.));
#1091 = PCURVE('',#229,#1092);
#1092 = DEFINITIONAL_REPRESENTATION('',(#1093),#1097);
#1093 = LINE('',#1094,#1095);
#1094 = CARTESIAN_POINT('',(0.,0.));
#1095 = VECTOR('',#1096,1.);
#1096 = DIRECTION('',(-1.,0.));
#1097 = ( GEOMETRIC_REPRESENTATION_CONTEXT(2) 
PARAMETRIC_REPRESENTATION_CONTEXT() REPRESENTATION_CONTEXT('2D SPACE',''
  ) );
#1098 = PCURVE('',#1099,#1104);
#1099 = PLANE('',#1100);
#1100 = AXIS2_PLACEMENT_3D('',#1101,#1102,#1103);
#1101 = CARTESIAN_POINT('',(850.,78.000000039525,0.));
#1102 = DIRECTION('',(6.896387721439E-03,0.999976219635,
    7.656528435084E-19));
#1103 = DIRECTION('',(-1.110223024625E-16,0.,1.));
#1104 = DEFINITIONAL_REPRESENTATION('',(#1105),#1109);
#1105 = LINE('',#1106,#1107);
#1106 = CARTESIAN_POINT('',(3.219646771413E-14,-290.0068964697));
#1107 = VECTOR('',#1108,1.);
#1108 = DIRECTION('',(-1.,0.));
#1109 = ( GEOMETRIC_REPRESENTATION_CONTEXT(2) 
PARAMETRIC_REPRESENTATION_CONTEXT() REPRESENTATION_CONTEXT('2D SPACE',''
  ) );
#1110 = ORIENTED_EDGE('',*,*,#1111,.F.);
#1111 = EDGE_CURVE('',#181,#1084,#1112,.T.);
#1112 = SURFACE_CURVE('',#1113,(#1116,#1122),.PCURVE_S1.);
#1113 = B_SPLINE_CURVE_WITH_KNOTS('',1,(#1114,#1115),.UNSPECIFIED.,.F.,
  .F.,(2,2),(0.,1.),.PIECEWISE_BEZIER_KNOTS.);
#1114 = CARTESIAN_POINT('',(260.,92.000000034362,-4.));
#1115 = CARTESIAN_POINT('',(560.,80.000000034632,-4.));
#1116 = PCURVE('',#229,#1117);
#1117 = DEFINITIONAL_REPRESENTATION('',(#1118),#1121);
#1118 = B_SPLINE_CURVE_WITH_KNOTS('',1,(#1119,#1120),.UNSPECIFIED.,.F.,
  .F.,(2,2),(0.,1.),.PIECEWISE_BEZIER_KNOTS.);
#1119 = CARTESIAN_POINT('',(-4.,-300.2399040765));
#1120 = CARTESIAN_POINT('',(-4.,1.933813109645E-10));
#1121 = ( GEOMETRIC_REPRESENTATION_CONTEXT(2) 
PARAMETRIC_REPRESENTATION_CONTEXT() REPRESENTATION_CONTEXT('2D SPACE',''
  ) );
#1122 = PCURVE('',#201,#1123);
#1123 = DEFINITIONAL_REPRESENTATION('',(#1124),#1127);
#1124 = B_SPLINE_CURVE_WITH_KNOTS('',1,(#1125,#1126),.UNSPECIFIED.,.F.,
  .F.,(2,2),(0.,1.),.PIECEWISE_BEZIER_KNOTS.);
#1125 = CARTESIAN_POINT('',(-4.712388980385,0.));
#1126 = CARTESIAN_POINT('',(-4.712388980385,-300.));
#1127 = ( GEOMETRIC_REPRESENTATION_CONTEXT(2) 
PARAMETRIC_REPRESENTATION_CONTEXT() REPRESENTATION_CONTEXT('2D SPACE',''
  ) );
#1128 = ADVANCED_FACE('',(#1129),#201,.T.);
#1129 = FACE_BOUND('',#1130,.T.);
#1130 = EDGE_LOOP('',(#1131,#1132,#1133,#1162,#1206,#1340,#1474,#1518,
    #1542));
#1131 = ORIENTED_EDGE('',*,*,#180,.F.);
#1132 = ORIENTED_EDGE('',*,*,#1111,.T.);
#1133 = ORIENTED_EDGE('',*,*,#1134,.T.);
#1134 = EDGE_CURVE('',#1084,#1135,#1137,.T.);
#1135 = VERTEX_POINT('',#1136);
#1136 = CARTESIAN_POINT('',(560.,69.644002137339,-42.29967346211));
#1137 = SURFACE_CURVE('',#1138,(#1143,#1150),.PCURVE_S1.);
#1138 = CIRCLE('',#1139,76.);
#1139 = AXIS2_PLACEMENT_3D('',#1140,#1141,#1142);
#1140 = CARTESIAN_POINT('',(560.,4.000000029792,-4.));
#1141 = DIRECTION('',(-1.,0.,-1.110223024625E-16));
#1142 = DIRECTION('',(-1.110223024625E-16,0.,1.));
#1143 = PCURVE('',#201,#1144);
#1144 = DEFINITIONAL_REPRESENTATION('',(#1145),#1149);
#1145 = LINE('',#1146,#1147);
#1146 = CARTESIAN_POINT('',(-6.28318530718,-300.));
#1147 = VECTOR('',#1148,1.);
#1148 = DIRECTION('',(1.,-0.));
#1149 = ( GEOMETRIC_REPRESENTATION_CONTEXT(2) 
PARAMETRIC_REPRESENTATION_CONTEXT() REPRESENTATION_CONTEXT('2D SPACE',''
  ) );
#1150 = PCURVE('',#1151,#1156);
#1151 = CONICAL_SURFACE('',#1152,76.,6.896442388348E-03);
#1152 = AXIS2_PLACEMENT_3D('',#1153,#1154,#1155);
#1153 = CARTESIAN_POINT('',(560.,4.000000029792,-4.));
#1154 = DIRECTION('',(-1.,0.,-1.110223024625E-16));
#1155 = DIRECTION('',(-1.110223024625E-16,0.,1.));
#1156 = DEFINITIONAL_REPRESENTATION('',(#1157),#1161);
#1157 = LINE('',#1158,#1159);
#1158 = CARTESIAN_POINT('',(-6.28318530718,-0.));
#1159 = VECTOR('',#1160,1.);
#1160 = DIRECTION('',(1.,-0.));
#1161 = ( GEOMETRIC_REPRESENTATION_CONTEXT(2) 
PARAMETRIC_REPRESENTATION_CONTEXT() REPRESENTATION_CONTEXT('2D SPACE',''
  ) );
#1162 = ORIENTED_EDGE('',*,*,#1163,.F.);
#1163 = EDGE_CURVE('',#1164,#1135,#1166,.T.);
#1164 = VERTEX_POINT('',#1165);
#1165 = CARTESIAN_POINT('',(499.76196188846,74.429664301186,
    -38.46324790665));
#1166 = SURFACE_CURVE('',#1167,(#1175,#1186),.PCURVE_S1.);
#1167 = B_SPLINE_CURVE_WITH_KNOTS('',6,(#1168,#1169,#1170,#1171,#1172,
    #1173,#1174),.UNSPECIFIED.,.F.,.F.,(7,7),(0.,1.),
  .PIECEWISE_BEZIER_KNOTS.);
#1168 = CARTESIAN_POINT('',(499.76196188846,74.429664301186,
    -38.46324790665));
#1169 = CARTESIAN_POINT('',(509.80515536289,73.690018976381,
    -39.06080308095));
#1170 = CARTESIAN_POINT('',(519.84687255584,72.927292066947,
    -39.6797998663));
#1171 = CARTESIAN_POINT('',(529.88714875191,72.141283673383,
    -40.31673754564));
#1172 = CARTESIAN_POINT('',(539.92603871549,71.331923205654,
    -40.96808820334));
#1173 = CARTESIAN_POINT('',(549.96362006144,70.49934211225,
    -41.63028540204));
#1174 = CARTESIAN_POINT('',(560.,69.644002137029,-42.29967346217));
#1175 = PCURVE('',#201,#1176);
#1176 = DEFINITIONAL_REPRESENTATION('',(#1177),#1185);
#1177 = B_SPLINE_CURVE_WITH_KNOTS('',6,(#1178,#1179,#1180,#1181,#1182,
    #1183,#1184),.UNSPECIFIED.,.F.,.F.,(7,7),(0.,1.),
  .PIECEWISE_BEZIER_KNOTS.);
#1178 = CARTESIAN_POINT('',(-4.257314891454,-239.7619618884));
#1179 = CARTESIAN_POINT('',(-4.246323413375,-249.8051553628));
#1180 = CARTESIAN_POINT('',(-4.23482176957,-259.8468725558));
#1181 = CARTESIAN_POINT('',(-4.22283482423,-269.8871487519));
#1182 = CARTESIAN_POINT('',(-4.210388503017,-279.9260387154));
#1183 = CARTESIAN_POINT('',(-4.19751030322,-289.9636200614));
#1184 = CARTESIAN_POINT('',(-4.184231121609,-300.));
#1185 = ( GEOMETRIC_REPRESENTATION_CONTEXT(2) 
PARAMETRIC_REPRESENTATION_CONTEXT() REPRESENTATION_CONTEXT('2D SPACE',''
  ) );
#1186 = PCURVE('',#1187,#1196);
#1187 = ( BOUNDED_SURFACE() B_SPLINE_SURFACE(1,3,(
    (#1188,#1189,#1190,#1191)
    ,(#1192,#1193,#1194,#1195
)),.UNSPECIFIED.,.F.,.F.,.F.) B_SPLINE_SURFACE_WITH_KNOTS((2,2),(4,4),(
    2.,3.),(0.,1.),.PIECEWISE_BEZIER_KNOTS.) 
GEOMETRIC_REPRESENTATION_ITEM() RATIONAL_B_SPLINE_SURFACE((
    (1.,1.,1.,1.)
,(1.,1.,1.,1.))) REPRESENTATION_ITEM('') SURFACE() );
#1188 = CARTESIAN_POINT('',(320.,41.719300090006,-41.71930009));
#1189 = CARTESIAN_POINT('',(490.8100616207,41.913168639986,
    -41.91316863998));
#1190 = CARTESIAN_POINT('',(658.74197351329,53.329321968351,
    -53.32932196835));
#1191 = CARTESIAN_POINT('',(830.,54.447222151364,-54.44722215136));
#1192 = CARTESIAN_POINT('',(320.,57.982756057297,-38.18376618407));
#1193 = CARTESIAN_POINT('',(490.8100616207,65.930288928413,
    -36.06020848426));
#1194 = CARTESIAN_POINT('',(658.74197351329,104.62885234109,
    -40.68052371771));
#1195 = CARTESIAN_POINT('',(830.,96.16652224137,-52.3259018078));
#1196 = DEFINITIONAL_REPRESENTATION('',(#1197),#1205);
#1197 = B_SPLINE_CURVE_WITH_KNOTS('',6,(#1198,#1199,#1200,#1201,#1202,
    #1203,#1204),.UNSPECIFIED.,.F.,.F.,(7,7),(0.,1.),
  .PIECEWISE_BEZIER_KNOTS.);
#1198 = CARTESIAN_POINT('',(3.,0.352365247198));
#1199 = CARTESIAN_POINT('',(2.934360313304,0.372109807894));
#1200 = CARTESIAN_POINT('',(2.872241662682,0.391855284821));
#1201 = CARTESIAN_POINT('',(2.813385411909,0.411600734026));
#1202 = CARTESIAN_POINT('',(2.757516207522,0.431345248161));
#1203 = CARTESIAN_POINT('',(2.70437502277,0.451087964834));
#1204 = CARTESIAN_POINT('',(2.653722143822,0.470828081267));
#1205 = ( GEOMETRIC_REPRESENTATION_CONTEXT(2) 
PARAMETRIC_REPRESENTATION_CONTEXT() REPRESENTATION_CONTEXT('2D SPACE',''
  ) );
#1206 = ORIENTED_EDGE('',*,*,#1207,.F.);
#1207 = EDGE_CURVE('',#1208,#1164,#1210,.T.);
#1208 = VERTEX_POINT('',#1209);
#1209 = CARTESIAN_POINT('',(432.11186402879,61.35733811208,
    -61.35733811208));
#1210 = SURFACE_CURVE('',#1211,(#1249,#1290),.PCURVE_S1.);
#1211 = B_SPLINE_CURVE_WITH_KNOTS('',8,(#1212,#1213,#1214,#1215,#1216,
    #1217,#1218,#1219,#1220,#1221,#1222,#1223,#1224,#1225,#1226,#1227,
    #1228,#1229,#1230,#1231,#1232,#1233,#1234,#1235,#1236,#1237,#1238,
    #1239,#1240,#1241,#1242,#1243,#1244,#1245,#1246,#1247,#1248),
  .UNSPECIFIED.,.F.,.F.,(9,7,7,7,7,9),(0.,0.371984580181,0.710407237016,
    0.853146346094,0.978333144699,1.),.UNSPECIFIED.);
#1212 = CARTESIAN_POINT('',(432.11186402879,61.35733811208,
    -61.35733811208));
#1213 = CARTESIAN_POINT('',(435.32926458306,61.851928291443,
    -60.68074427304));
#1214 = CARTESIAN_POINT('',(438.54340137184,62.356496120747,
    -59.98069214039));
#1215 = CARTESIAN_POINT('',(441.7540287282,62.871102737723,
    -59.25568132798));
#1216 = CARTESIAN_POINT('',(444.9608242638,63.395842889395,
    -58.50400546116));
#1217 = CARTESIAN_POINT('',(448.1633793067,63.930858354275,
    -57.72368468876));
#1218 = CARTESIAN_POINT('',(451.36118950376,64.476351493306,
    -56.91239798618));
#1219 = CARTESIAN_POINT('',(454.55363593486,65.032612973404,
    -56.06734753441));
#1220 = CARTESIAN_POINT('',(460.63877661483,66.116343523857,
    -54.38223740876));
#1221 = CARTESIAN_POINT('',(463.53235813229,66.641852053568,
    -53.5486529736));
#1222 = CARTESIAN_POINT('',(466.42024844405,67.176952954786,
    -52.68153379692));
#1223 = CARTESIAN_POINT('',(469.30173989394,67.722072362292,
    -51.77768789958));
#1224 = CARTESIAN_POINT('',(472.17583776539,68.277736429497,
    -50.83330647056));
#1225 = CARTESIAN_POINT('',(475.04119139297,68.844643024457,
    -49.84360259266));
#1226 = CARTESIAN_POINT('',(477.89604100803,69.423719316949,
    -48.80252210331));
#1227 = CARTESIAN_POINT('',(481.93657716718,70.266424407788,
    -47.23670676883));
#1228 = CARTESIAN_POINT('',(483.1328819672,70.518835685875,
    -46.76149861547));
#1229 = CARTESIAN_POINT('',(484.32666111033,70.773774716419,
    -46.27492832041));
#1230 = CARTESIAN_POINT('',(485.51768352363,71.031363915883,
    -45.77625049074));
#1231 = CARTESIAN_POINT('',(486.70566914204,71.291741019702,
    -45.26462421401));
#1232 = CARTESIAN_POINT('',(487.89028200785,71.555064803398,
    -44.73908384163));
#1233 = CARTESIAN_POINT('',(489.07111904245,71.82152435463,
    -44.19849183137));
#1234 = CARTESIAN_POINT('',(491.27958907448,72.327999345664,
    -43.15295075253));
#1235 = CARTESIAN_POINT('',(492.30815999536,72.56722697407,
    -42.65181448985));
#1236 = CARTESIAN_POINT('',(493.33310976082,72.809198447437,
    -42.13712285341));
#1237 = CARTESIAN_POINT('',(494.35404483757,73.054092766288,
    -41.60781329631));
#1238 = CARTESIAN_POINT('',(495.37046256835,73.302112545081,
    -41.06265885147));
#1239 = CARTESIAN_POINT('',(496.38173874489,73.553492095797,
    -40.5002255725));
#1240 = CARTESIAN_POINT('',(497.3871017442,73.808514327191,
    -39.91878407456));
#1241 = CARTESIAN_POINT('',(498.55839180764,74.112377597119,
    -39.2118225222));
#1242 = CARTESIAN_POINT('',(498.73099723979,74.157329567483,
    -39.10688214641));
#1243 = CARTESIAN_POINT('',(498.90339014189,74.202403197958,
    -39.00129561839));
#1244 = CARTESIAN_POINT('',(499.07556494295,74.247600368499,
    -38.89505129463));
#1245 = CARTESIAN_POINT('',(499.24751579114,74.29292302337,
    -38.78813709546));
#1246 = CARTESIAN_POINT('',(499.41923655385,74.338373171139,
    -38.68054050507));
#1247 = CARTESIAN_POINT('',(499.59072081769,74.383952884683,
    -38.5722485715));
#1248 = CARTESIAN_POINT('',(499.76196188846,74.429664301186,
    -38.46324790665));
#1249 = PCURVE('',#201,#1250);
#1250 = DEFINITIONAL_REPRESENTATION('',(#1251),#1289);
#1251 = B_SPLINE_CURVE_WITH_KNOTS('',8,(#1252,#1253,#1254,#1255,#1256,
    #1257,#1258,#1259,#1260,#1261,#1262,#1263,#1264,#1265,#1266,#1267,
    #1268,#1269,#1270,#1271,#1272,#1273,#1274,#1275,#1276,#1277,#1278,
    #1279,#1280,#1281,#1282,#1283,#1284,#1285,#1286,#1287,#1288),
  .UNSPECIFIED.,.F.,.F.,(9,7,7,7,7,9),(0.,0.371984580181,0.710407237016,
    0.853146346094,0.978333144699,1.),.UNSPECIFIED.);
#1252 = CARTESIAN_POINT('',(-3.92699081673,-172.1118640287));
#1253 = CARTESIAN_POINT('',(-3.937200356234,-175.329264583));
#1254 = CARTESIAN_POINT('',(-3.947738390234,-178.5434013718));
#1255 = CARTESIAN_POINT('',(-3.958622174631,-181.7540287281));
#1256 = CARTESIAN_POINT('',(-3.969871626139,-184.9608242638));
#1257 = CARTESIAN_POINT('',(-3.981510206337,-188.1633793067));
#1258 = CARTESIAN_POINT('',(-3.993565809043,-191.3611895037));
#1259 = CARTESIAN_POINT('',(-4.006072536306,-194.5536359348));
#1260 = CARTESIAN_POINT('',(-4.030902894374,-200.6387766148));
#1261 = CARTESIAN_POINT('',(-4.043140549401,-203.5323581322));
#1262 = CARTESIAN_POINT('',(-4.055820697988,-206.420248444));
#1263 = CARTESIAN_POINT('',(-4.068983167945,-209.3017398939));
#1264 = CARTESIAN_POINT('',(-4.082675761411,-212.1758377654));
#1265 = CARTESIAN_POINT('',(-4.096958975774,-215.0411913929));
#1266 = CARTESIAN_POINT('',(-4.111909782926,-217.896041008));
#1267 = CARTESIAN_POINT('',(-4.13427697368,-221.9365771671));
#1268 = CARTESIAN_POINT('',(-4.141051069698,-223.1328819672));
#1269 = CARTESIAN_POINT('',(-4.147972392899,-224.3266611103));
#1270 = CARTESIAN_POINT('',(-4.155050504108,-225.5176835236));
#1271 = CARTESIAN_POINT('',(-4.162296199119,-226.705669142));
#1272 = CARTESIAN_POINT('',(-4.16972189051,-227.8902820078));
#1273 = CARTESIAN_POINT('',(-4.177342223956,-229.0711190424));
#1274 = CARTESIAN_POINT('',(-4.192044463788,-231.2795890744));
#1275 = CARTESIAN_POINT('',(-4.19907705049,-232.3081599953));
#1276 = CARTESIAN_POINT('',(-4.20628485673,-233.3331097608));
#1277 = CARTESIAN_POINT('',(-4.213681595383,-234.3540448375));
#1278 = CARTESIAN_POINT('',(-4.221283097688,-235.3704625683));
#1279 = CARTESIAN_POINT('',(-4.22910786932,-236.3817387448));
#1280 = CARTESIAN_POINT('',(-4.237178245902,-237.3871017442));
#1281 = CARTESIAN_POINT('',(-4.246967001971,-238.5583918076));
#1282 = CARTESIAN_POINT('',(-4.24841944394,-238.7309972397));
#1283 = CARTESIAN_POINT('',(-4.249880235126,-238.9033901418));
#1284 = CARTESIAN_POINT('',(-4.251349525958,-239.0755649429));
#1285 = CARTESIAN_POINT('',(-4.252827472496,-239.2475157911));
#1286 = CARTESIAN_POINT('',(-4.254314236436,-239.4192365538));
#1287 = CARTESIAN_POINT('',(-4.255809985102,-239.5907208176));
#1288 = CARTESIAN_POINT('',(-4.257314891454,-239.7619618884));
#1289 = ( GEOMETRIC_REPRESENTATION_CONTEXT(2) 
PARAMETRIC_REPRESENTATION_CONTEXT() REPRESENTATION_CONTEXT('2D SPACE',''
  ) );
#1290 = PCURVE('',#1291,#1300);
#1291 = ( BOUNDED_SURFACE() B_SPLINE_SURFACE(1,3,(
    (#1292,#1293,#1294,#1295)
    ,(#1296,#1297,#1298,#1299
)),.UNSPECIFIED.,.F.,.F.,.F.) B_SPLINE_SURFACE_WITH_KNOTS((2,2),(4,4),(
    3.,4.),(0.,1.),.PIECEWISE_BEZIER_KNOTS.) 
GEOMETRIC_REPRESENTATION_ITEM() RATIONAL_B_SPLINE_SURFACE((
    (1.,1.,1.,1.)
,(1.,1.,1.,1.))) REPRESENTATION_ITEM('') SURFACE() );
#1292 = CARTESIAN_POINT('',(320.,57.982756057297,-38.18376618407));
#1293 = CARTESIAN_POINT('',(490.8100616207,65.930288928413,
    -36.06020848426));
#1294 = CARTESIAN_POINT('',(658.74197351329,104.62885234109,
    -40.68052371771));
#1295 = CARTESIAN_POINT('',(830.,96.16652224137,-52.3259018078));
#1296 = CARTESIAN_POINT('',(320.,54.447222151364,-54.44722215136));
#1297 = CARTESIAN_POINT('',(490.8100616207,60.077328772687,
    -60.07732877268));
#1298 = CARTESIAN_POINT('',(658.74197351329,91.980054090462,
    -91.98005409046));
#1299 = CARTESIAN_POINT('',(830.,94.045201897811,-94.04520189781));
#1300 = DEFINITIONAL_REPRESENTATION('',(#1301),#1339);
#1301 = B_SPLINE_CURVE_WITH_KNOTS('',8,(#1302,#1303,#1304,#1305,#1306,
    #1307,#1308,#1309,#1310,#1311,#1312,#1313,#1314,#1315,#1316,#1317,
    #1318,#1319,#1320,#1321,#1322,#1323,#1324,#1325,#1326,#1327,#1328,
    #1329,#1330,#1331,#1332,#1333,#1334,#1335,#1336,#1337,#1338),
  .UNSPECIFIED.,.F.,.F.,(9,7,7,7,7,9),(0.,0.371984580181,0.710407237016,
    0.853146346094,0.978333144699,1.),.UNSPECIFIED.);
#1302 = CARTESIAN_POINT('',(4.,0.219468274646));
#1303 = CARTESIAN_POINT('',(3.959714746454,0.225782639112));
#1304 = CARTESIAN_POINT('',(3.919289913451,0.232091411933));
#1305 = CARTESIAN_POINT('',(3.878686737145,0.238394080423));
#1306 = CARTESIAN_POINT('',(3.83785909841,0.244689981167));
#1307 = CARTESIAN_POINT('',(3.796751607711,0.250978281127));
#1308 = CARTESIAN_POINT('',(3.755297670443,0.257257959093));
#1309 = CARTESIAN_POINT('',(3.713415408878,0.263527768495));
#1310 = CARTESIAN_POINT('',(3.632410172835,0.275479899577));
#1311 = CARTESIAN_POINT('',(3.593381425298,0.281163854516));
#1312 = CARTESIAN_POINT('',(3.553831940005,0.286837133188));
#1313 = CARTESIAN_POINT('',(3.513665896382,0.292498321761));
#1314 = CARTESIAN_POINT('',(3.472768784511,0.298145442079));
#1315 = CARTESIAN_POINT('',(3.430995851768,0.303775815992));
#1316 = CARTESIAN_POINT('',(3.388162991059,0.309385960679));
#1317 = CARTESIAN_POINT('',(3.325370051969,0.317326680818));
#1318 = CARTESIAN_POINT('',(3.306505741763,0.319677804636));
#1319 = CARTESIAN_POINT('',(3.287384625674,0.322024032046));
#1320 = CARTESIAN_POINT('',(3.26798377591,0.32436490697));
#1321 = CARTESIAN_POINT('',(3.248277308962,0.326699876995));
#1322 = CARTESIAN_POINT('',(3.228235434318,0.329028279794));
#1323 = CARTESIAN_POINT('',(3.207822923333,0.331349321037));
#1324 = CARTESIAN_POINT('',(3.168731990895,0.335690376177));
#1325 = CARTESIAN_POINT('',(3.150149792881,0.337712220247));
#1326 = CARTESIAN_POINT('',(3.131220982366,0.339726989807));
#1327 = CARTESIAN_POINT('',(3.111912434514,0.341733909836));
#1328 = CARTESIAN_POINT('',(3.092185863424,0.343731990737));
#1329 = CARTESIAN_POINT('',(3.071996411082,0.345720003883));
#1330 = CARTESIAN_POINT('',(3.051289735522,0.347696430737));
#1331 = CARTESIAN_POINT('',(3.026310620221,0.349999093812));
#1332 = CARTESIAN_POINT('',(3.022607625435,0.350338423462));
#1333 = CARTESIAN_POINT('',(3.018886712137,0.350677336388));
#1334 = CARTESIAN_POINT('',(3.015147512441,0.35101582163));
#1335 = CARTESIAN_POINT('',(3.011389644407,0.351353867674));
#1336 = CARTESIAN_POINT('',(3.007612712034,0.351691462454));
#1337 = CARTESIAN_POINT('',(3.003816305269,0.352028593352));
#1338 = CARTESIAN_POINT('',(3.,0.352365247198));
#1339 = ( GEOMETRIC_REPRESENTATION_CONTEXT(2) 
PARAMETRIC_REPRESENTATION_CONTEXT() REPRESENTATION_CONTEXT('2D SPACE',''
  ) );
#1340 = ORIENTED_EDGE('',*,*,#1341,.F.);
#1341 = EDGE_CURVE('',#1342,#1208,#1344,.T.);
#1342 = VERTEX_POINT('',#1343);
#1343 = CARTESIAN_POINT('',(499.7619617997,38.463247905263,
    -74.42966429074));
#1344 = SURFACE_CURVE('',#1345,(#1383,#1424),.PCURVE_S1.);
#1345 = B_SPLINE_CURVE_WITH_KNOTS('',8,(#1346,#1347,#1348,#1349,#1350,
    #1351,#1352,#1353,#1354,#1355,#1356,#1357,#1358,#1359,#1360,#1361,
    #1362,#1363,#1364,#1365,#1366,#1367,#1368,#1369,#1370,#1371,#1372,
    #1373,#1374,#1375,#1376,#1377,#1378,#1379,#1380,#1381,#1382),
  .UNSPECIFIED.,.F.,.F.,(9,7,7,7,7,9),(0.,0.133240923121,0.288636914825,
    0.626917324622,0.96540984717,1.),.UNSPECIFIED.);
#1346 = CARTESIAN_POINT('',(499.7619617997,38.463247905263,
    -74.42966429074));
#1347 = CARTESIAN_POINT('',(498.70891523068,39.133547243313,
    -74.14856204025));
#1348 = CARTESIAN_POINT('',(497.64672720655,39.777008824696,
    -73.87245527751));
#1349 = CARTESIAN_POINT('',(496.57686264205,40.396826143501,
    -73.60081756692));
#1350 = CARTESIAN_POINT('',(495.50044731676,40.995403249013,
    -73.33325974345));
#1351 = CARTESIAN_POINT('',(494.41837121709,41.574692671232,
    -73.0694657185));
#1352 = CARTESIAN_POINT('',(493.33133374337,42.136344535456,
    -72.8091641624));
#1353 = CARTESIAN_POINT('',(492.23986223791,42.681767890504,
    -72.55211693521));
#1354 = CARTESIAN_POINT('',(489.86664602949,43.830842864093,
    -72.00185669958));
#1355 = CARTESIAN_POINT('',(488.58354931152,44.429043381102,
    -71.70976238268));
#1356 = CARTESIAN_POINT('',(487.2957352664,45.008737042312,
    -71.42149508649));
#1357 = CARTESIAN_POINT('',(486.00376224047,45.571471598395,
    -71.13679760588));
#1358 = CARTESIAN_POINT('',(484.70808870098,46.118544802285,
    -70.85545654412));
#1359 = CARTESIAN_POINT('',(483.40908976529,46.651073329681,
    -70.57728878003));
#1360 = CARTESIAN_POINT('',(482.10706589304,47.170029055573,
    -70.30213440155));
#1361 = CARTESIAN_POINT('',(477.9618097896,48.778313653431,
    -69.43711611715));
#1362 = CARTESIAN_POINT('',(475.10837477625,49.820027341342,
    -68.85803102303));
#1363 = CARTESIAN_POINT('',(472.24441123146,50.810293046556,
    -68.29112326712));
#1364 = CARTESIAN_POINT('',(469.37168507712,51.755179902491,
    -67.73546286809));
#1365 = CARTESIAN_POINT('',(466.49155144925,52.659486043431,
    -67.19034978323));
#1366 = CARTESIAN_POINT('',(463.60500796956,53.527028200227,
    -66.65525623472));
#1367 = CARTESIAN_POINT('',(460.71276405946,54.361004741835,
    -66.12975466885));
#1368 = CARTESIAN_POINT('',(454.91594628502,55.967741047194,
    -65.09690997134));
#1369 = CARTESIAN_POINT('',(452.01153267438,56.740416314656,
    -64.58960805625));
#1370 = CARTESIAN_POINT('',(449.102610701,57.484825920404,
    -64.09125995429));
#1371 = CARTESIAN_POINT('',(446.18966079078,58.203133586127,
    -63.60163626178));
#1372 = CARTESIAN_POINT('',(443.27308017195,58.897159787522,
    -63.12057120201));
#1373 = CARTESIAN_POINT('',(440.35319571018,59.568473005799,
    -62.64794398168));
#1374 = CARTESIAN_POINT('',(437.43027081471,60.218438937528,
    -62.18366891593));
#1375 = CARTESIAN_POINT('',(434.20553211997,60.912627744767,
    -61.68108995911));
#1376 = CARTESIAN_POINT('',(433.90652288399,60.976778730642,
    -61.63458025812));
#1377 = CARTESIAN_POINT('',(433.60748451431,61.040720656243,
    -61.58815712526));
#1378 = CARTESIAN_POINT('',(433.30841725398,61.104454787901,
    -61.54182050408));
#1379 = CARTESIAN_POINT('',(433.00932134209,61.1679823751,
    -61.49557034113));
#1380 = CARTESIAN_POINT('',(432.7101970138,61.231304650477,
    -61.44940658595));
#1381 = CARTESIAN_POINT('',(432.41104450029,61.294422829822,
    -61.40332919109));
#1382 = CARTESIAN_POINT('',(432.11186402879,61.35733811208,
    -61.35733811208));
#1383 = PCURVE('',#201,#1384);
#1384 = DEFINITIONAL_REPRESENTATION('',(#1385),#1423);
#1385 = B_SPLINE_CURVE_WITH_KNOTS('',8,(#1386,#1387,#1388,#1389,#1390,
    #1391,#1392,#1393,#1394,#1395,#1396,#1397,#1398,#1399,#1400,#1401,
    #1402,#1403,#1404,#1405,#1406,#1407,#1408,#1409,#1410,#1411,#1412,
    #1413,#1414,#1415,#1416,#1417,#1418,#1419,#1420,#1421,#1422),
  .UNSPECIFIED.,.F.,.F.,(9,7,7,7,7,9),(0.,0.133240923121,0.288636914825,
    0.626917324622,0.96540984717,1.),.UNSPECIFIED.);
#1386 = CARTESIAN_POINT('',(-3.59666674206,-239.7619617997));
#1387 = CARTESIAN_POINT('',(-3.605921160211,-238.7089152306));
#1388 = CARTESIAN_POINT('',(-3.614828769944,-237.6467272065));
#1389 = CARTESIAN_POINT('',(-3.623430884504,-236.576862642));
#1390 = CARTESIAN_POINT('',(-3.631758554248,-235.5004473167));
#1391 = CARTESIAN_POINT('',(-3.639836978983,-234.418371217));
#1392 = CARTESIAN_POINT('',(-3.647687455572,-233.3313337433));
#1393 = CARTESIAN_POINT('',(-3.655328179324,-232.2398622379));
#1394 = CARTESIAN_POINT('',(-3.671460536493,-229.8666460294));
#1395 = CARTESIAN_POINT('',(-3.679881658583,-228.5835493115));
#1396 = CARTESIAN_POINT('',(-3.688063495399,-227.2957352664));
#1397 = CARTESIAN_POINT('',(-3.696025980224,-226.0037622404));
#1398 = CARTESIAN_POINT('',(-3.703785799381,-224.7080887009));
#1399 = CARTESIAN_POINT('',(-3.711357292998,-223.4090897652));
#1400 = CARTESIAN_POINT('',(-3.718752929059,-222.107065893));
#1401 = CARTESIAN_POINT('',(-3.74172448621,-217.9618097896));
#1402 = CARTESIAN_POINT('',(-3.75668292076,-215.1083747762));
#1403 = CARTESIAN_POINT('',(-3.770972864381,-212.2444112314));
#1404 = CARTESIAN_POINT('',(-3.784671485342,-209.3716850771));
#1405 = CARTESIAN_POINT('',(-3.797839428745,-206.4915514492));
#1406 = CARTESIAN_POINT('',(-3.810524601765,-203.6050079695));
#1407 = CARTESIAN_POINT('',(-3.822766917633,-200.7127640594));
#1408 = CARTESIAN_POINT('',(-3.846440361204,-194.915946285));
#1409 = CARTESIAN_POINT('',(-3.857870300156,-192.0115326743));
#1410 = CARTESIAN_POINT('',(-3.868922886718,-189.102610701));
#1411 = CARTESIAN_POINT('',(-3.879624540405,-186.1896607907));
#1412 = CARTESIAN_POINT('',(-3.889997211391,-183.2730801719));
#1413 = CARTESIAN_POINT('',(-3.900059575263,-180.3531957101));
#1414 = CARTESIAN_POINT('',(-3.909827677733,-177.4302708147));
#1415 = CARTESIAN_POINT('',(-3.920285089063,-174.2055321199));
#1416 = CARTESIAN_POINT('',(-3.921251714975,-173.9065228839));
#1417 = CARTESIAN_POINT('',(-3.92221542858,-173.6074845143));
#1418 = CARTESIAN_POINT('',(-3.923176244517,-173.3084172539));
#1419 = CARTESIAN_POINT('',(-3.924134177208,-173.009321342));
#1420 = CARTESIAN_POINT('',(-3.925089240854,-172.7101970138));
#1421 = CARTESIAN_POINT('',(-3.92604144944,-172.4110445002));
#1422 = CARTESIAN_POINT('',(-3.92699081673,-172.1118640287));
#1423 = ( GEOMETRIC_REPRESENTATION_CONTEXT(2) 
PARAMETRIC_REPRESENTATION_CONTEXT() REPRESENTATION_CONTEXT('2D SPACE',''
  ) );
#1424 = PCURVE('',#1425,#1434);
#1425 = ( BOUNDED_SURFACE() B_SPLINE_SURFACE(1,3,(
    (#1426,#1427,#1428,#1429)
    ,(#1430,#1431,#1432,#1433
)),.UNSPECIFIED.,.F.,.F.,.F.) B_SPLINE_SURFACE_WITH_KNOTS((2,2),(4,4),(
    0.,1.),(0.,1.),.PIECEWISE_BEZIER_KNOTS.) 
GEOMETRIC_REPRESENTATION_ITEM() RATIONAL_B_SPLINE_SURFACE((
    (1.,1.,1.,1.)
,(1.,1.,1.,1.))) REPRESENTATION_ITEM('') SURFACE() );
#1426 = CARTESIAN_POINT('',(320.,54.447222151364,-54.44722215136));
#1427 = CARTESIAN_POINT('',(490.8100616207,60.077328772687,
    -60.07732877268));
#1428 = CARTESIAN_POINT('',(658.74197351329,91.980054090462,
    -91.98005409046));
#1429 = CARTESIAN_POINT('',(830.,94.045201897811,-94.04520189781));
#1430 = CARTESIAN_POINT('',(320.,38.183766184074,-57.98275605729));
#1431 = CARTESIAN_POINT('',(490.8100616207,36.06020848426,
    -65.93028892841));
#1432 = CARTESIAN_POINT('',(658.74197351329,40.680523717717,
    -104.628852341));
#1433 = CARTESIAN_POINT('',(830.,52.325901807805,-96.16652224137));
#1434 = DEFINITIONAL_REPRESENTATION('',(#1435),#1473);
#1435 = B_SPLINE_CURVE_WITH_KNOTS('',8,(#1436,#1437,#1438,#1439,#1440,
    #1441,#1442,#1443,#1444,#1445,#1446,#1447,#1448,#1449,#1450,#1451,
    #1452,#1453,#1454,#1455,#1456,#1457,#1458,#1459,#1460,#1461,#1462,
    #1463,#1464,#1465,#1466,#1467,#1468,#1469,#1470,#1471,#1472),
  .UNSPECIFIED.,.F.,.F.,(9,7,7,7,7,9),(0.,0.133240923121,0.288636914825,
    0.626917324622,0.96540984717,1.),.UNSPECIFIED.);
#1436 = CARTESIAN_POINT('',(1.,0.352365247024));
#1437 = CARTESIAN_POINT('',(0.976531639512,0.350294994972));
#1438 = CARTESIAN_POINT('',(0.953817031473,0.348206811127));
#1439 = CARTESIAN_POINT('',(0.931754801134,0.346103577659));
#1440 = CARTESIAN_POINT('',(0.910269220801,0.34398750979));
#1441 = CARTESIAN_POINT('',(0.889299097081,0.341860359025));
#1442 = CARTESIAN_POINT('',(0.868792850449,0.339723502081));
#1443 = CARTESIAN_POINT('',(0.848706470573,0.337577977353));
#1444 = CARTESIAN_POINT('',(0.806019004919,0.332913012858));
#1445 = CARTESIAN_POINT('',(0.783557106101,0.33039093342));
#1446 = CARTESIAN_POINT('',(0.761555156859,0.327859651798));
#1447 = CARTESIAN_POINT('',(0.739965189738,0.325320268143));
#1448 = CARTESIAN_POINT('',(0.718747147981,0.322773686181));
#1449 = CARTESIAN_POINT('',(0.69786664592,0.320220645724));
#1450 = CARTESIAN_POINT('',(0.6772937854,0.317661739786));
#1451 = CARTESIAN_POINT('',(0.612829036963,0.309515206098));
#1452 = CARTESIAN_POINT('',(0.569991740909,0.303907833033));
#1453 = CARTESIAN_POINT('',(0.528216971077,0.298280181783));
#1454 = CARTESIAN_POINT('',(0.487320153025,0.292635747241));
#1455 = CARTESIAN_POINT('',(0.44715618396,0.28697721632));
#1456 = CARTESIAN_POINT('',(0.407610305786,0.281306572861));
#1457 = CARTESIAN_POINT('',(0.368586493763,0.275625234141));
#1458 = CARTESIAN_POINT('',(0.291396204178,0.264239388693));
#1459 = CARTESIAN_POINT('',(0.253232486066,0.258535197387));
#1460 = CARTESIAN_POINT('',(0.215432583953,0.252822700224));
#1461 = CARTESIAN_POINT('',(0.177933059136,0.24710286416));
#1462 = CARTESIAN_POINT('',(0.140681442703,0.241376492502));
#1463 = CARTESIAN_POINT('',(0.103633479748,0.235644250179));
#1464 = CARTESIAN_POINT('',(6.6751699734E-02,0.229906677371));
#1465 = CARTESIAN_POINT('',(2.624890198153E-02,0.223577385651));
#1466 = CARTESIAN_POINT('',(2.249511145111E-02,0.222990518115));
#1467 = CARTESIAN_POINT('',(1.874269099005E-02,0.222403600316));
#1468 = CARTESIAN_POINT('',(1.499160742853E-02,0.221816632754));
#1469 = CARTESIAN_POINT('',(1.124182820298E-02,0.221229615924));
#1470 = CARTESIAN_POINT('',(7.493321356052E-03,0.220642550312));
#1471 = CARTESIAN_POINT('',(3.746055536673E-03,0.220055436396));
#1472 = CARTESIAN_POINT('',(0.,0.219468274646));
#1473 = ( GEOMETRIC_REPRESENTATION_CONTEXT(2) 
PARAMETRIC_REPRESENTATION_CONTEXT() REPRESENTATION_CONTEXT('2D SPACE',''
  ) );
#1474 = ORIENTED_EDGE('',*,*,#1475,.F.);
#1475 = EDGE_CURVE('',#1476,#1342,#1478,.T.);
#1476 = VERTEX_POINT('',#1477);
#1477 = CARTESIAN_POINT('',(560.,42.299673465226,-69.64400212311));
#1478 = SURFACE_CURVE('',#1479,(#1487,#1498),.PCURVE_S1.);
#1479 = B_SPLINE_CURVE_WITH_KNOTS('',6,(#1480,#1481,#1482,#1483,#1484,
    #1485,#1486),.UNSPECIFIED.,.F.,.F.,(7,7),(0.,1.),
  .PIECEWISE_BEZIER_KNOTS.);
#1480 = CARTESIAN_POINT('',(560.,42.299673465265,-69.64400212293));
#1481 = CARTESIAN_POINT('',(549.96362004664,41.630285404294,
    -70.49934209885));
#1482 = CARTESIAN_POINT('',(539.92603868593,40.968088204779,
    -71.33192319292));
#1483 = CARTESIAN_POINT('',(529.88714870751,40.31673754629,
    -72.14128366128));
#1484 = CARTESIAN_POINT('',(519.8468724967,39.679799866206,
    -72.92729205543));
#1485 = CARTESIAN_POINT('',(509.80515528892,39.060803080173,
    -73.69001896542));
#1486 = CARTESIAN_POINT('',(499.7619617997,38.463247905263,
    -74.42966429074));
#1487 = PCURVE('',#201,#1488);
#1488 = DEFINITIONAL_REPRESENTATION('',(#1489),#1497);
#1489 = B_SPLINE_CURVE_WITH_KNOTS('',6,(#1490,#1491,#1492,#1493,#1494,
    #1495,#1496),.UNSPECIFIED.,.F.,.F.,(7,7),(0.,1.),
  .PIECEWISE_BEZIER_KNOTS.);
#1490 = CARTESIAN_POINT('',(-3.669750511962,-300.));
#1491 = CARTESIAN_POINT('',(-3.65647133034,-289.9636200466));
#1492 = CARTESIAN_POINT('',(-3.643593130532,-279.9260386859));
#1493 = CARTESIAN_POINT('',(-3.631146809308,-269.8871487075));
#1494 = CARTESIAN_POINT('',(-3.619159863959,-259.8468724967));
#1495 = CARTESIAN_POINT('',(-3.607658220146,-249.8051552889));
#1496 = CARTESIAN_POINT('',(-3.59666674206,-239.7619617997));
#1497 = ( GEOMETRIC_REPRESENTATION_CONTEXT(2) 
PARAMETRIC_REPRESENTATION_CONTEXT() REPRESENTATION_CONTEXT('2D SPACE',''
  ) );
#1498 = PCURVE('',#1499,#1508);
#1499 = ( BOUNDED_SURFACE() B_SPLINE_SURFACE(1,3,(
    (#1500,#1501,#1502,#1503)
    ,(#1504,#1505,#1506,#1507
)),.UNSPECIFIED.,.F.,.F.,.F.) B_SPLINE_SURFACE_WITH_KNOTS((2,2),(4,4),(
    1.,2.),(0.,1.),.PIECEWISE_BEZIER_KNOTS.) 
GEOMETRIC_REPRESENTATION_ITEM() RATIONAL_B_SPLINE_SURFACE((
    (1.,1.,1.,1.)
,(1.,1.,1.,1.))) REPRESENTATION_ITEM('') SURFACE() );
#1500 = CARTESIAN_POINT('',(320.,38.183766184074,-57.98275605729));
#1501 = CARTESIAN_POINT('',(490.8100616207,36.06020848426,
    -65.93028892841));
#1502 = CARTESIAN_POINT('',(658.74197351329,40.680523717717,
    -104.628852341));
#1503 = CARTESIAN_POINT('',(830.,52.325901807805,-96.16652224137));
#1504 = CARTESIAN_POINT('',(320.,41.719300090006,-41.71930009));
#1505 = CARTESIAN_POINT('',(490.8100616207,41.913168639986,
    -41.91316863998));
#1506 = CARTESIAN_POINT('',(658.74197351329,53.329321968351,
    -53.32932196835));
#1507 = CARTESIAN_POINT('',(830.,54.447222151364,-54.44722215136));
#1508 = DEFINITIONAL_REPRESENTATION('',(#1509),#1517);
#1509 = B_SPLINE_CURVE_WITH_KNOTS('',6,(#1510,#1511,#1512,#1513,#1514,
    #1515,#1516),.UNSPECIFIED.,.F.,.F.,(7,7),(0.,1.),
  .PIECEWISE_BEZIER_KNOTS.);
#1510 = CARTESIAN_POINT('',(1.346277856589,0.470828081267));
#1511 = CARTESIAN_POINT('',(1.295624977593,0.451087964804));
#1512 = CARTESIAN_POINT('',(1.242483792785,0.431345248103));
#1513 = CARTESIAN_POINT('',(1.186614588335,0.411600733939));
#1514 = CARTESIAN_POINT('',(1.127758337491,0.391855284704));
#1515 = CARTESIAN_POINT('',(1.065639686787,0.372109807749));
#1516 = CARTESIAN_POINT('',(1.,0.352365247024));
#1517 = ( GEOMETRIC_REPRESENTATION_CONTEXT(2) 
PARAMETRIC_REPRESENTATION_CONTEXT() REPRESENTATION_CONTEXT('2D SPACE',''
  ) );
#1518 = ORIENTED_EDGE('',*,*,#1519,.T.);
#1519 = EDGE_CURVE('',#1476,#1520,#1522,.T.);
#1520 = VERTEX_POINT('',#1521);
#1521 = CARTESIAN_POINT('',(560.,4.000000029792,-80.));
#1522 = SURFACE_CURVE('',#1523,(#1528,#1535),.PCURVE_S1.);
#1523 = CIRCLE('',#1524,76.);
#1524 = AXIS2_PLACEMENT_3D('',#1525,#1526,#1527);
#1525 = CARTESIAN_POINT('',(560.,4.000000029792,-4.));
#1526 = DIRECTION('',(-1.,0.,-1.110223024625E-16));
#1527 = DIRECTION('',(-1.110223024625E-16,0.,1.));
#1528 = PCURVE('',#201,#1529);
#1529 = DEFINITIONAL_REPRESENTATION('',(#1530),#1534);
#1530 = LINE('',#1531,#1532);
#1531 = CARTESIAN_POINT('',(-6.28318530718,-300.));
#1532 = VECTOR('',#1533,1.);
#1533 = DIRECTION('',(1.,-0.));
#1534 = ( GEOMETRIC_REPRESENTATION_CONTEXT(2) 
PARAMETRIC_REPRESENTATION_CONTEXT() REPRESENTATION_CONTEXT('2D SPACE',''
  ) );
#1535 = PCURVE('',#1151,#1536);
#1536 = DEFINITIONAL_REPRESENTATION('',(#1537),#1541);
#1537 = LINE('',#1538,#1539);
#1538 = CARTESIAN_POINT('',(-6.28318530718,-0.));
#1539 = VECTOR('',#1540,1.);
#1540 = DIRECTION('',(1.,-0.));
#1541 = ( GEOMETRIC_REPRESENTATION_CONTEXT(2) 
PARAMETRIC_REPRESENTATION_CONTEXT() REPRESENTATION_CONTEXT('2D SPACE',''
  ) );
#1542 = ORIENTED_EDGE('',*,*,#1543,.F.);
#1543 = EDGE_CURVE('',#153,#1520,#1544,.T.);
#1544 = SURFACE_CURVE('',#1545,(#1548,#1554),.PCURVE_S1.);
#1545 = B_SPLINE_CURVE_WITH_KNOTS('',1,(#1546,#1547),.UNSPECIFIED.,.F.,
  .F.,(2,2),(0.,1.),.PIECEWISE_BEZIER_KNOTS.);
#1546 = CARTESIAN_POINT('',(260.,4.000000029522,-92.));
#1547 = CARTESIAN_POINT('',(560.,4.000000029792,-80.));
#1548 = PCURVE('',#201,#1549);
#1549 = DEFINITIONAL_REPRESENTATION('',(#1550),#1553);
#1550 = B_SPLINE_CURVE_WITH_KNOTS('',1,(#1551,#1552),.UNSPECIFIED.,.F.,
  .F.,(2,2),(0.,1.),.PIECEWISE_BEZIER_KNOTS.);
#1551 = CARTESIAN_POINT('',(-3.14159265359,0.));
#1552 = CARTESIAN_POINT('',(-3.14159265359,-300.));
#1553 = ( GEOMETRIC_REPRESENTATION_CONTEXT(2) 
PARAMETRIC_REPRESENTATION_CONTEXT() REPRESENTATION_CONTEXT('2D SPACE',''
  ) );
#1554 = PCURVE('',#168,#1555);
#1555 = DEFINITIONAL_REPRESENTATION('',(#1556),#1559);
#1556 = B_SPLINE_CURVE_WITH_KNOTS('',1,(#1557,#1558),.UNSPECIFIED.,.F.,
  .F.,(2,2),(0.,1.),.PIECEWISE_BEZIER_KNOTS.);
#1557 = CARTESIAN_POINT('',(3.99999999005,-300.2399040767));
#1558 = CARTESIAN_POINT('',(3.99999999032,0.));
#1559 = ( GEOMETRIC_REPRESENTATION_CONTEXT(2) 
PARAMETRIC_REPRESENTATION_CONTEXT() REPRESENTATION_CONTEXT('2D SPACE',''
  ) );
#1560 = ADVANCED_FACE('',(#1561),#168,.T.);
#1561 = FACE_BOUND('',#1562,.T.);
#1562 = EDGE_LOOP('',(#1563,#1564,#1565,#1593));
#1563 = ORIENTED_EDGE('',*,*,#152,.T.);
#1564 = ORIENTED_EDGE('',*,*,#1543,.T.);
#1565 = ORIENTED_EDGE('',*,*,#1566,.F.);
#1566 = EDGE_CURVE('',#1567,#1520,#1569,.T.);
#1567 = VERTEX_POINT('',#1568);
#1568 = CARTESIAN_POINT('',(560.,-3.999999960528,-79.99999999516));
#1569 = SURFACE_CURVE('',#1570,(#1574,#1581),.PCURVE_S1.);
#1570 = LINE('',#1571,#1572);
#1571 = CARTESIAN_POINT('',(560.,3.947181426156E-08,-80.));
#1572 = VECTOR('',#1573,1.);
#1573 = DIRECTION('',(0.,1.,0.));
#1574 = PCURVE('',#168,#1575);
#1575 = DEFINITIONAL_REPRESENTATION('',(#1576),#1580);
#1576 = LINE('',#1577,#1578);
#1577 = CARTESIAN_POINT('',(0.,0.));
#1578 = VECTOR('',#1579,1.);
#1579 = DIRECTION('',(1.,0.));
#1580 = ( GEOMETRIC_REPRESENTATION_CONTEXT(2) 
PARAMETRIC_REPRESENTATION_CONTEXT() REPRESENTATION_CONTEXT('2D SPACE',''
  ) );
#1581 = PCURVE('',#1582,#1587);
#1582 = PLANE('',#1583);
#1583 = AXIS2_PLACEMENT_3D('',#1584,#1585,#1586);
#1584 = CARTESIAN_POINT('',(850.,3.952530391871E-08,-78.));
#1585 = DIRECTION('',(6.896387721624E-03,0.,-0.999976219635));
#1586 = DIRECTION('',(0.,1.,0.));
#1587 = DEFINITIONAL_REPRESENTATION('',(#1588),#1592);
#1588 = LINE('',#1589,#1590);
#1589 = CARTESIAN_POINT('',(-5.348965714802E-11,-290.0068964697));
#1590 = VECTOR('',#1591,1.);
#1591 = DIRECTION('',(1.,0.));
#1592 = ( GEOMETRIC_REPRESENTATION_CONTEXT(2) 
PARAMETRIC_REPRESENTATION_CONTEXT() REPRESENTATION_CONTEXT('2D SPACE',''
  ) );
#1593 = ORIENTED_EDGE('',*,*,#1594,.F.);
#1594 = EDGE_CURVE('',#120,#1567,#1595,.T.);
#1595 = SURFACE_CURVE('',#1596,(#1599,#1605),.PCURVE_S1.);
#1596 = B_SPLINE_CURVE_WITH_KNOTS('',1,(#1597,#1598),.UNSPECIFIED.,.F.,
  .F.,(2,2),(0.,1.),.PIECEWISE_BEZIER_KNOTS.);
#1597 = CARTESIAN_POINT('',(260.,-3.999999960798,-91.99999999516));
#1598 = CARTESIAN_POINT('',(560.,-3.999999960528,-79.99999999516));
#1599 = PCURVE('',#168,#1600);
#1600 = DEFINITIONAL_REPRESENTATION('',(#1601),#1604);
#1601 = B_SPLINE_CURVE_WITH_KNOTS('',1,(#1602,#1603),.UNSPECIFIED.,.F.,
  .F.,(2,2),(0.,1.),.PIECEWISE_BEZIER_KNOTS.);
#1602 = CARTESIAN_POINT('',(-4.00000000027,-300.2399040765));
#1603 = CARTESIAN_POINT('',(-4.,1.933813109645E-10));
#1604 = ( GEOMETRIC_REPRESENTATION_CONTEXT(2) 
PARAMETRIC_REPRESENTATION_CONTEXT() REPRESENTATION_CONTEXT('2D SPACE',''
  ) );
#1605 = PCURVE('',#140,#1606);
#1606 = DEFINITIONAL_REPRESENTATION('',(#1607),#1610);
#1607 = B_SPLINE_CURVE_WITH_KNOTS('',1,(#1608,#1609),.UNSPECIFIED.,.F.,
  .F.,(2,2),(0.,1.),.PIECEWISE_BEZIER_KNOTS.);
#1608 = CARTESIAN_POINT('',(-3.14159265359,0.));
#1609 = CARTESIAN_POINT('',(-3.14159265359,-300.));
#1610 = ( GEOMETRIC_REPRESENTATION_CONTEXT(2) 
PARAMETRIC_REPRESENTATION_CONTEXT() REPRESENTATION_CONTEXT('2D SPACE',''
  ) );
#1611 = ADVANCED_FACE('',(#1612),#140,.T.);
#1612 = FACE_BOUND('',#1613,.T.);
#1613 = EDGE_LOOP('',(#1614,#1615,#1616,#1645,#1689,#1823,#1957,#2001,
    #2025));
#1614 = ORIENTED_EDGE('',*,*,#119,.F.);
#1615 = ORIENTED_EDGE('',*,*,#1594,.T.);
#1616 = ORIENTED_EDGE('',*,*,#1617,.T.);
#1617 = EDGE_CURVE('',#1567,#1618,#1620,.T.);
#1618 = VERTEX_POINT('',#1619);
#1619 = CARTESIAN_POINT('',(560.,-42.29967347779,-69.64400206568));
#1620 = SURFACE_CURVE('',#1621,(#1626,#1633),.PCURVE_S1.);
#1621 = CIRCLE('',#1622,76.);
#1622 = AXIS2_PLACEMENT_3D('',#1623,#1624,#1625);
#1623 = CARTESIAN_POINT('',(560.,-3.999999960528,-3.99999999032));
#1624 = DIRECTION('',(-1.,0.,-1.110223024625E-16));
#1625 = DIRECTION('',(-1.110223024625E-16,0.,1.));
#1626 = PCURVE('',#140,#1627);
#1627 = DEFINITIONAL_REPRESENTATION('',(#1628),#1632);
#1628 = LINE('',#1629,#1630);
#1629 = CARTESIAN_POINT('',(-6.28318530718,-300.));
#1630 = VECTOR('',#1631,1.);
#1631 = DIRECTION('',(1.,-0.));
#1632 = ( GEOMETRIC_REPRESENTATION_CONTEXT(2) 
PARAMETRIC_REPRESENTATION_CONTEXT() REPRESENTATION_CONTEXT('2D SPACE',''
  ) );
#1633 = PCURVE('',#1634,#1639);
#1634 = CONICAL_SURFACE('',#1635,76.,6.896442388348E-03);
#1635 = AXIS2_PLACEMENT_3D('',#1636,#1637,#1638);
#1636 = CARTESIAN_POINT('',(560.,-3.999999960528,-3.99999999032));
#1637 = DIRECTION('',(-1.,0.,-1.110223024625E-16));
#1638 = DIRECTION('',(-1.110223024625E-16,0.,1.));
#1639 = DEFINITIONAL_REPRESENTATION('',(#1640),#1644);
#1640 = LINE('',#1641,#1642);
#1641 = CARTESIAN_POINT('',(-6.28318530718,-0.));
#1642 = VECTOR('',#1643,1.);
#1643 = DIRECTION('',(1.,-0.));
#1644 = ( GEOMETRIC_REPRESENTATION_CONTEXT(2) 
PARAMETRIC_REPRESENTATION_CONTEXT() REPRESENTATION_CONTEXT('2D SPACE',''
  ) );
#1645 = ORIENTED_EDGE('',*,*,#1646,.F.);
#1646 = EDGE_CURVE('',#1647,#1618,#1649,.T.);
#1647 = VERTEX_POINT('',#1648);
#1648 = CARTESIAN_POINT('',(499.76196154473,-38.46324790125,
    -74.42966426075));
#1649 = SURFACE_CURVE('',#1650,(#1658,#1669),.PCURVE_S1.);
#1650 = B_SPLINE_CURVE_WITH_KNOTS('',6,(#1651,#1652,#1653,#1654,#1655,
    #1656,#1657),.UNSPECIFIED.,.F.,.F.,(7,7),(0.,1.),
  .PIECEWISE_BEZIER_KNOTS.);
#1651 = CARTESIAN_POINT('',(499.76196154473,-38.46324790125,
    -74.42966426075));
#1652 = CARTESIAN_POINT('',(509.80515507649,-39.06080307846,
    -73.69001893159));
#1653 = CARTESIAN_POINT('',(519.84687232676,-39.67979986703,
    -72.9272920175));
#1654 = CARTESIAN_POINT('',(529.88714858013,-40.31673754985,
    -72.14128361897));
#1655 = CARTESIAN_POINT('',(539.92603860099,-40.96808821122,
    -71.33192314597));
#1656 = CARTESIAN_POINT('',(549.96362000419,-41.63028541373,
    -70.49934204697));
#1657 = CARTESIAN_POINT('',(560.,-42.29967347775,-69.64400206586));
#1658 = PCURVE('',#140,#1659);
#1659 = DEFINITIONAL_REPRESENTATION('',(#1660),#1668);
#1660 = B_SPLINE_CURVE_WITH_KNOTS('',6,(#1661,#1662,#1663,#1664,#1665,
    #1666,#1667),.UNSPECIFIED.,.F.,.F.,(7,7),(0.,1.),
  .PIECEWISE_BEZIER_KNOTS.);
#1661 = CARTESIAN_POINT('',(-2.686518564265,-239.7619615447));
#1662 = CARTESIAN_POINT('',(-2.675527086128,-249.8051550764));
#1663 = CARTESIAN_POINT('',(-2.664025442259,-259.8468723267));
#1664 = CARTESIAN_POINT('',(-2.652038496848,-269.8871485801));
#1665 = CARTESIAN_POINT('',(-2.639592175557,-279.9260386009));
#1666 = CARTESIAN_POINT('',(-2.626713975678,-289.9636200041));
#1667 = CARTESIAN_POINT('',(-2.61343479398,-300.));
#1668 = ( GEOMETRIC_REPRESENTATION_CONTEXT(2) 
PARAMETRIC_REPRESENTATION_CONTEXT() REPRESENTATION_CONTEXT('2D SPACE',''
  ) );
#1669 = PCURVE('',#1670,#1679);
#1670 = ( BOUNDED_SURFACE() B_SPLINE_SURFACE(1,3,(
    (#1671,#1672,#1673,#1674)
    ,(#1675,#1676,#1677,#1678
)),.UNSPECIFIED.,.F.,.F.,.F.) B_SPLINE_SURFACE_WITH_KNOTS((2,2),(4,4),(
    2.,3.),(0.,1.),.PIECEWISE_BEZIER_KNOTS.) 
GEOMETRIC_REPRESENTATION_ITEM() RATIONAL_B_SPLINE_SURFACE((
    (1.,1.,1.,1.)
,(1.,1.,1.,1.))) REPRESENTATION_ITEM('') SURFACE() );
#1671 = CARTESIAN_POINT('',(320.,-41.71930009,-41.71930009));
#1672 = CARTESIAN_POINT('',(490.8100616207,-41.91316863998,
    -41.91316863998));
#1673 = CARTESIAN_POINT('',(658.74197351329,-53.32932196835,
    -53.32932196835));
#1674 = CARTESIAN_POINT('',(830.,-54.44722215136,-54.44722215136));
#1675 = CARTESIAN_POINT('',(320.,-38.18376618407,-57.98275605729));
#1676 = CARTESIAN_POINT('',(490.8100616207,-36.06020848426,
    -65.93028892841));
#1677 = CARTESIAN_POINT('',(658.74197351329,-40.68052371771,
    -104.628852341));
#1678 = CARTESIAN_POINT('',(830.,-52.3259018078,-96.16652224137));
#1679 = DEFINITIONAL_REPRESENTATION('',(#1680),#1688);
#1680 = B_SPLINE_CURVE_WITH_KNOTS('',6,(#1681,#1682,#1683,#1684,#1685,
    #1686,#1687),.UNSPECIFIED.,.F.,.F.,(7,7),(0.,1.),
  .PIECEWISE_BEZIER_KNOTS.);
#1681 = CARTESIAN_POINT('',(3.,0.352365246523));
#1682 = CARTESIAN_POINT('',(2.934360312868,0.372109807331));
#1683 = CARTESIAN_POINT('',(2.872241661852,0.39185528437));
#1684 = CARTESIAN_POINT('',(2.813385410723,0.411600733688));
#1685 = CARTESIAN_POINT('',(2.757516206013,0.431345247936));
#1686 = CARTESIAN_POINT('',(2.704375020965,0.451087964721));
#1687 = CARTESIAN_POINT('',(2.653722141748,0.470828081267));
#1688 = ( GEOMETRIC_REPRESENTATION_CONTEXT(2) 
PARAMETRIC_REPRESENTATION_CONTEXT() REPRESENTATION_CONTEXT('2D SPACE',''
  ) );
#1689 = ORIENTED_EDGE('',*,*,#1690,.F.);
#1690 = EDGE_CURVE('',#1691,#1647,#1693,.T.);
#1691 = VERTEX_POINT('',#1692);
#1692 = CARTESIAN_POINT('',(432.11186368315,-61.35733808265,
    -61.35733808265));
#1693 = SURFACE_CURVE('',#1694,(#1732,#1773),.PCURVE_S1.);
#1694 = B_SPLINE_CURVE_WITH_KNOTS('',8,(#1695,#1696,#1697,#1698,#1699,
    #1700,#1701,#1702,#1703,#1704,#1705,#1706,#1707,#1708,#1709,#1710,
    #1711,#1712,#1713,#1714,#1715,#1716,#1717,#1718,#1719,#1720,#1721,
    #1722,#1723,#1724,#1725,#1726,#1727,#1728,#1729,#1730,#1731),
  .UNSPECIFIED.,.F.,.F.,(9,7,7,7,7,9),(0.,0.371984580117,0.710407236927,
    0.853146346028,0.978333144686,1.),.UNSPECIFIED.);
#1695 = CARTESIAN_POINT('',(432.11186368315,-61.35733808265,
    -61.35733808265));
#1696 = CARTESIAN_POINT('',(435.3292642368,-60.68074424433,
    -61.85192826133));
#1697 = CARTESIAN_POINT('',(438.543401025,-59.98069211242,
    -62.35649608996));
#1698 = CARTESIAN_POINT('',(441.75402838072,-59.25568130078,
    -62.87110270628));
#1699 = CARTESIAN_POINT('',(444.96082391575,-58.50400543476,
    -63.3958428573));
#1700 = CARTESIAN_POINT('',(448.16337895808,-57.72368466318,
    -63.93085832154));
#1701 = CARTESIAN_POINT('',(451.36118915453,-56.91239796148,
    -64.47635145994));
#1702 = CARTESIAN_POINT('',(454.55363558508,-56.06734751062,
    -65.03261293942));
#1703 = CARTESIAN_POINT('',(460.63877626427,-54.38223738674,
    -66.11634348875));
#1704 = CARTESIAN_POINT('',(463.53235778148,-53.54865295244,
    -66.64185201796));
#1705 = CARTESIAN_POINT('',(466.42024809314,-52.6815337766,
    -67.17695291871));
#1706 = CARTESIAN_POINT('',(469.30173954265,-51.77768788028,
    -67.72207232567));
#1707 = CARTESIAN_POINT('',(472.17583741416,-50.83330645217,
    -68.27773639247));
#1708 = CARTESIAN_POINT('',(475.04119104141,-49.84360257542,
    -68.8446429869));
#1709 = CARTESIAN_POINT('',(477.89604065642,-48.80252208722,
    -69.42371927893));
#1710 = CARTESIAN_POINT('',(481.93657681571,-47.2367067545,
    -70.26642436914));
#1711 = CARTESIAN_POINT('',(483.13288161597,-46.7614986016,
    -70.51883564708));
#1712 = CARTESIAN_POINT('',(484.32666075934,-46.27492830703,
    -70.77377467747));
#1713 = CARTESIAN_POINT('',(485.51768317291,-45.77625047786,
    -71.03136387679));
#1714 = CARTESIAN_POINT('',(486.70566879158,-45.26462420166,
    -71.29174098046));
#1715 = CARTESIAN_POINT('',(487.89028165766,-44.73908382985,
    -71.555064764));
#1716 = CARTESIAN_POINT('',(489.07111869255,-44.19849182018,
    -71.82152431508));
#1717 = CARTESIAN_POINT('',(491.27958872541,-43.1529507424,
    -72.32799930589));
#1718 = CARTESIAN_POINT('',(492.30815964684,-42.65181448018,
    -72.56722693421));
#1719 = CARTESIAN_POINT('',(493.33310941285,-42.13712284422,
    -72.8091984075));
#1720 = CARTESIAN_POINT('',(494.35404449016,-41.60781328763,
    -73.05409272627));
#1721 = CARTESIAN_POINT('',(495.37046222152,-41.06265884333,
    -73.30211250498));
#1722 = CARTESIAN_POINT('',(496.38173839867,-40.50022556495,
    -73.55349205561));
#1723 = CARTESIAN_POINT('',(497.3871013986,-39.91878406764,
    -73.80851428691));
#1724 = CARTESIAN_POINT('',(498.55839146284,-39.21182251607,
    -74.11237755674));
#1725 = CARTESIAN_POINT('',(498.73099689514,-39.10688214038,
    -74.15732952709));
#1726 = CARTESIAN_POINT('',(498.90338979739,-39.00129561246,
    -74.20240315756));
#1727 = CARTESIAN_POINT('',(499.0755645986,-38.8950512888,
    -74.24760032809));
#1728 = CARTESIAN_POINT('',(499.24751544694,-38.78813708974,
    -74.29292298296));
#1729 = CARTESIAN_POINT('',(499.41923620981,-38.68054049945,
    -74.33837313072));
#1730 = CARTESIAN_POINT('',(499.5907204738,-38.57224856599,
    -74.38395284425));
#1731 = CARTESIAN_POINT('',(499.76196154473,-38.46324790125,
    -74.42966426075));
#1732 = PCURVE('',#140,#1733);
#1733 = DEFINITIONAL_REPRESENTATION('',(#1734),#1772);
#1734 = B_SPLINE_CURVE_WITH_KNOTS('',8,(#1735,#1736,#1737,#1738,#1739,
    #1740,#1741,#1742,#1743,#1744,#1745,#1746,#1747,#1748,#1749,#1750,
    #1751,#1752,#1753,#1754,#1755,#1756,#1757,#1758,#1759,#1760,#1761,
    #1762,#1763,#1764,#1765,#1766,#1767,#1768,#1769,#1770,#1771),
  .UNSPECIFIED.,.F.,.F.,(9,7,7,7,7,9),(0.,0.371984580117,0.710407236927,
    0.853146346028,0.978333144686,1.),.UNSPECIFIED.);
#1735 = CARTESIAN_POINT('',(-2.356194489935,-172.1118636831));
#1736 = CARTESIAN_POINT('',(-2.366404029426,-175.3292642368));
#1737 = CARTESIAN_POINT('',(-2.376942063411,-178.543401025));
#1738 = CARTESIAN_POINT('',(-2.387825847793,-181.7540283807));
#1739 = CARTESIAN_POINT('',(-2.399075299287,-184.9608239157));
#1740 = CARTESIAN_POINT('',(-2.41071387947,-188.163378958));
#1741 = CARTESIAN_POINT('',(-2.42276948216,-191.3611891545));
#1742 = CARTESIAN_POINT('',(-2.435276209408,-194.553635585));
#1743 = CARTESIAN_POINT('',(-2.460106567445,-200.6387762642));
#1744 = CARTESIAN_POINT('',(-2.472344222457,-203.5323577814));
#1745 = CARTESIAN_POINT('',(-2.48502437103,-206.4202480931));
#1746 = CARTESIAN_POINT('',(-2.498186840969,-209.3017395425));
#1747 = CARTESIAN_POINT('',(-2.511879434421,-212.1758374142));
#1748 = CARTESIAN_POINT('',(-2.526162648765,-215.0411910414));
#1749 = CARTESIAN_POINT('',(-2.541113455899,-217.8960406564));
#1750 = CARTESIAN_POINT('',(-2.563480646626,-221.9365768157));
#1751 = CARTESIAN_POINT('',(-2.570254742637,-223.1328816159));
#1752 = CARTESIAN_POINT('',(-2.57717606583,-224.3266607593));
#1753 = CARTESIAN_POINT('',(-2.584254177031,-225.5176831729));
#1754 = CARTESIAN_POINT('',(-2.591499872034,-226.7056687915));
#1755 = CARTESIAN_POINT('',(-2.598925563417,-227.8902816576));
#1756 = CARTESIAN_POINT('',(-2.606545896853,-229.0711186925));
#1757 = CARTESIAN_POINT('',(-2.621248136669,-231.2795887254));
#1758 = CARTESIAN_POINT('',(-2.628280723364,-232.3081596468));
#1759 = CARTESIAN_POINT('',(-2.635488529597,-233.3331094128));
#1760 = CARTESIAN_POINT('',(-2.642885268242,-234.3540444901));
#1761 = CARTESIAN_POINT('',(-2.650486770539,-235.3704622215));
#1762 = CARTESIAN_POINT('',(-2.658311542162,-236.3817383986));
#1763 = CARTESIAN_POINT('',(-2.666381918736,-237.3871013986));
#1764 = CARTESIAN_POINT('',(-2.676170674793,-238.5583914628));
#1765 = CARTESIAN_POINT('',(-2.677623116761,-238.7309968951));
#1766 = CARTESIAN_POINT('',(-2.679083907945,-238.9033897973));
#1767 = CARTESIAN_POINT('',(-2.680553198775,-239.0755645986));
#1768 = CARTESIAN_POINT('',(-2.682031145312,-239.2475154469));
#1769 = CARTESIAN_POINT('',(-2.68351790925,-239.4192362098));
#1770 = CARTESIAN_POINT('',(-2.685013657915,-239.5907204738));
#1771 = CARTESIAN_POINT('',(-2.686518564265,-239.7619615447));
#1772 = ( GEOMETRIC_REPRESENTATION_CONTEXT(2) 
PARAMETRIC_REPRESENTATION_CONTEXT() REPRESENTATION_CONTEXT('2D SPACE',''
  ) );
#1773 = PCURVE('',#1774,#1783);
#1774 = ( BOUNDED_SURFACE() B_SPLINE_SURFACE(1,3,(
    (#1775,#1776,#1777,#1778)
    ,(#1779,#1780,#1781,#1782
)),.UNSPECIFIED.,.F.,.F.,.F.) B_SPLINE_SURFACE_WITH_KNOTS((2,2),(4,4),(
    3.,4.),(0.,1.),.PIECEWISE_BEZIER_KNOTS.) 
GEOMETRIC_REPRESENTATION_ITEM() RATIONAL_B_SPLINE_SURFACE((
    (1.,1.,1.,1.)
,(1.,1.,1.,1.))) REPRESENTATION_ITEM('') SURFACE() );
#1775 = CARTESIAN_POINT('',(320.,-38.18376618407,-57.98275605729));
#1776 = CARTESIAN_POINT('',(490.8100616207,-36.06020848426,
    -65.93028892841));
#1777 = CARTESIAN_POINT('',(658.74197351329,-40.68052371771,
    -104.628852341));
#1778 = CARTESIAN_POINT('',(830.,-52.3259018078,-96.16652224137));
#1779 = CARTESIAN_POINT('',(320.,-54.44722215136,-54.44722215136));
#1780 = CARTESIAN_POINT('',(490.8100616207,-60.07732877268,
    -60.07732877268));
#1781 = CARTESIAN_POINT('',(658.74197351329,-91.98005409046,
    -91.98005409046));
#1782 = CARTESIAN_POINT('',(830.,-94.04520189781,-94.04520189781));
#1783 = DEFINITIONAL_REPRESENTATION('',(#1784),#1822);
#1784 = B_SPLINE_CURVE_WITH_KNOTS('',8,(#1785,#1786,#1787,#1788,#1789,
    #1790,#1791,#1792,#1793,#1794,#1795,#1796,#1797,#1798,#1799,#1800,
    #1801,#1802,#1803,#1804,#1805,#1806,#1807,#1808,#1809,#1810,#1811,
    #1812,#1813,#1814,#1815,#1816,#1817,#1818,#1819,#1820,#1821),
  .UNSPECIFIED.,.F.,.F.,(9,7,7,7,7,9),(0.,0.371984580117,0.710407236927,
    0.853146346028,0.978333144686,1.),.UNSPECIFIED.);
#1785 = CARTESIAN_POINT('',(4.,0.219468273968));
#1786 = CARTESIAN_POINT('',(3.959714746455,0.225782638432));
#1787 = CARTESIAN_POINT('',(3.919289913452,0.232091411252));
#1788 = CARTESIAN_POINT('',(3.878686737145,0.238394079741));
#1789 = CARTESIAN_POINT('',(3.83785909841,0.244689980484));
#1790 = CARTESIAN_POINT('',(3.796751607711,0.250978280443));
#1791 = CARTESIAN_POINT('',(3.755297670442,0.257257958407));
#1792 = CARTESIAN_POINT('',(3.713415408877,0.263527767808));
#1793 = CARTESIAN_POINT('',(3.632410172832,0.275479898888));
#1794 = CARTESIAN_POINT('',(3.593381425292,0.281163853827));
#1795 = CARTESIAN_POINT('',(3.553831939995,0.286837132499));
#1796 = CARTESIAN_POINT('',(3.513665896374,0.292498321071));
#1797 = CARTESIAN_POINT('',(3.4727687845,0.298145441389));
#1798 = CARTESIAN_POINT('',(3.43099585176,0.303775815301));
#1799 = CARTESIAN_POINT('',(3.388162991053,0.309385959988));
#1800 = CARTESIAN_POINT('',(3.325370051967,0.317326680127));
#1801 = CARTESIAN_POINT('',(3.30650574176,0.319677803946));
#1802 = CARTESIAN_POINT('',(3.28738462567,0.322024031357));
#1803 = CARTESIAN_POINT('',(3.267983775905,0.324364906281));
#1804 = CARTESIAN_POINT('',(3.248277308958,0.326699876306));
#1805 = CARTESIAN_POINT('',(3.228235434314,0.329028279106));
#1806 = CARTESIAN_POINT('',(3.207822923331,0.33134932035));
#1807 = CARTESIAN_POINT('',(3.168731990892,0.335690375491));
#1808 = CARTESIAN_POINT('',(3.150149792876,0.337712219562));
#1809 = CARTESIAN_POINT('',(3.13122098236,0.339726989123));
#1810 = CARTESIAN_POINT('',(3.111912434507,0.341733909153));
#1811 = CARTESIAN_POINT('',(3.092185863418,0.343731990056));
#1812 = CARTESIAN_POINT('',(3.071996411076,0.345720003202));
#1813 = CARTESIAN_POINT('',(3.051289735518,0.347696430057));
#1814 = CARTESIAN_POINT('',(3.026310620221,0.349999093134));
#1815 = CARTESIAN_POINT('',(3.022607625435,0.350338422784));
#1816 = CARTESIAN_POINT('',(3.018886712137,0.350677335711));
#1817 = CARTESIAN_POINT('',(3.015147512441,0.351015820953));
#1818 = CARTESIAN_POINT('',(3.011389644406,0.351353866997));
#1819 = CARTESIAN_POINT('',(3.007612712034,0.351691461777));
#1820 = CARTESIAN_POINT('',(3.003816305269,0.352028592676));
#1821 = CARTESIAN_POINT('',(3.,0.352365246523));
#1822 = ( GEOMETRIC_REPRESENTATION_CONTEXT(2) 
PARAMETRIC_REPRESENTATION_CONTEXT() REPRESENTATION_CONTEXT('2D SPACE',''
  ) );
#1823 = ORIENTED_EDGE('',*,*,#1824,.F.);
#1824 = EDGE_CURVE('',#1825,#1691,#1827,.T.);
#1825 = VERTEX_POINT('',#1826);
#1826 = CARTESIAN_POINT('',(499.76196145597,-74.42966425031,
    -38.46324789986));
#1827 = SURFACE_CURVE('',#1828,(#1866,#1907),.PCURVE_S1.);
#1828 = B_SPLINE_CURVE_WITH_KNOTS('',8,(#1829,#1830,#1831,#1832,#1833,
    #1834,#1835,#1836,#1837,#1838,#1839,#1840,#1841,#1842,#1843,#1844,
    #1845,#1846,#1847,#1848,#1849,#1850,#1851,#1852,#1853,#1854,#1855,
    #1856,#1857,#1858,#1859,#1860,#1861,#1862,#1863,#1864,#1865),
  .UNSPECIFIED.,.F.,.F.,(9,7,7,7,7,9),(0.,0.13324092318,0.288636914908,
    0.626917324682,0.965409847175,1.),.UNSPECIFIED.);
#1829 = CARTESIAN_POINT('',(499.76196145597,-74.42966425031,
    -38.46324789986));
#1830 = CARTESIAN_POINT('',(498.70891488616,-74.14856199992,
    -39.13354723713));
#1831 = CARTESIAN_POINT('',(497.64672686127,-73.87245523726,
    -39.77700881781));
#1832 = CARTESIAN_POINT('',(496.57686229607,-73.60081752675,
    -40.39682613597));
#1833 = CARTESIAN_POINT('',(495.50044697009,-73.33325970337,
    -40.99540324089));
#1834 = CARTESIAN_POINT('',(494.41837086975,-73.06946567849,
    -41.57469266256));
#1835 = CARTESIAN_POINT('',(493.33133339538,-72.80916412246,
    -42.13634452627));
#1836 = CARTESIAN_POINT('',(492.23986188928,-72.55211689535,
    -42.68176788083));
#1837 = CARTESIAN_POINT('',(489.86664567989,-72.00185665996,
    -43.83084285326));
#1838 = CARTESIAN_POINT('',(488.58354896155,-71.70976234322,
    -44.42904336962));
#1839 = CARTESIAN_POINT('',(487.29573491616,-71.4214950472,
    -45.00873703019));
#1840 = CARTESIAN_POINT('',(486.00376188991,-71.13679756674,
    -45.5714715857));
#1841 = CARTESIAN_POINT('',(484.70808835009,-70.85545650514,
    -46.11854478905));
#1842 = CARTESIAN_POINT('',(483.40908941416,-70.57728874121,
    -46.6510733159));
#1843 = CARTESIAN_POINT('',(482.1070655416,-70.30213436289,
    -47.1700290413));
#1844 = CARTESIAN_POINT('',(477.96180943796,-69.43711607912,
    -48.77831363738));
#1845 = CARTESIAN_POINT('',(475.10837442492,-68.85803098551,
    -49.82002732405));
#1846 = CARTESIAN_POINT('',(472.24441087974,-68.29112323,-50.81029302832
    ));
#1847 = CARTESIAN_POINT('',(469.37168472641,-67.73546283156,
    -51.75517988306));
#1848 = CARTESIAN_POINT('',(466.49155109792,-67.19034974709,
    -52.65948602323));
#1849 = CARTESIAN_POINT('',(463.60500761891,-66.65525619913,
    -53.52702817904));
#1850 = CARTESIAN_POINT('',(460.71276370886,-66.12975463373,
    -54.36100471984));
#1851 = CARTESIAN_POINT('',(454.91594593518,-65.0969099373,
    -55.96774102351));
#1852 = CARTESIAN_POINT('',(452.01153232504,-64.58960802276,
    -56.74041629014));
#1853 = CARTESIAN_POINT('',(449.10261035222,-64.09125992138,
    -57.48482589507));
#1854 = CARTESIAN_POINT('',(446.18966044253,-63.60163622945,
    -58.20313356003));
#1855 = CARTESIAN_POINT('',(443.27307982422,-63.12057117026,
    -58.8971597607));
#1856 = CARTESIAN_POINT('',(440.35319536302,-62.64794395054,
    -59.56847297825));
#1857 = CARTESIAN_POINT('',(437.43027046809,-62.18366888539,
    -60.2184389093));
#1858 = CARTESIAN_POINT('',(434.20553177396,-61.68108992925,
    -60.9126277158));
#1859 = CARTESIAN_POINT('',(433.90652253803,-61.63458022832,
    -60.97677870161));
#1860 = CARTESIAN_POINT('',(433.6074841684,-61.58815709552,
    -61.04072062714));
#1861 = CARTESIAN_POINT('',(433.30841690812,-61.5418204744,
    -61.10445475874));
#1862 = CARTESIAN_POINT('',(433.00932099629,-61.49557031152,
    -61.16798234587));
#1863 = CARTESIAN_POINT('',(432.71019666805,-61.4494065564,
    -61.23130462118));
#1864 = CARTESIAN_POINT('',(432.41104415459,-61.4033291616,
    -61.29442280046));
#1865 = CARTESIAN_POINT('',(432.11186368315,-61.35733808265,
    -61.35733808265));
#1866 = PCURVE('',#140,#1867);
#1867 = DEFINITIONAL_REPRESENTATION('',(#1868),#1906);
#1868 = B_SPLINE_CURVE_WITH_KNOTS('',8,(#1869,#1870,#1871,#1872,#1873,
    #1874,#1875,#1876,#1877,#1878,#1879,#1880,#1881,#1882,#1883,#1884,
    #1885,#1886,#1887,#1888,#1889,#1890,#1891,#1892,#1893,#1894,#1895,
    #1896,#1897,#1898,#1899,#1900,#1901,#1902,#1903,#1904,#1905),
  .UNSPECIFIED.,.F.,.F.,(9,7,7,7,7,9),(0.,0.13324092318,0.288636914908,
    0.626917324682,0.965409847175,1.),.UNSPECIFIED.);
#1869 = CARTESIAN_POINT('',(-2.025870415659,-239.7619614559));
#1870 = CARTESIAN_POINT('',(-2.035124833798,-238.7089148861));
#1871 = CARTESIAN_POINT('',(-2.044032443521,-237.6467268612));
#1872 = CARTESIAN_POINT('',(-2.052634558072,-236.576862296));
#1873 = CARTESIAN_POINT('',(-2.060962227808,-235.50044697));
#1874 = CARTESIAN_POINT('',(-2.069040652534,-234.4183708697));
#1875 = CARTESIAN_POINT('',(-2.076891129116,-233.3313333953));
#1876 = CARTESIAN_POINT('',(-2.08453185286,-232.2398618892));
#1877 = CARTESIAN_POINT('',(-2.100664210011,-229.8666456798));
#1878 = CARTESIAN_POINT('',(-2.109085332091,-228.5835489615));
#1879 = CARTESIAN_POINT('',(-2.117267168898,-227.2957349161));
#1880 = CARTESIAN_POINT('',(-2.125229653714,-226.0037618899));
#1881 = CARTESIAN_POINT('',(-2.132989472862,-224.70808835));
#1882 = CARTESIAN_POINT('',(-2.140560966471,-223.4090894141));
#1883 = CARTESIAN_POINT('',(-2.147956602524,-222.1070655416));
#1884 = CARTESIAN_POINT('',(-2.170928159648,-217.9618094379));
#1885 = CARTESIAN_POINT('',(-2.185886594179,-215.1083744249));
#1886 = CARTESIAN_POINT('',(-2.200176537784,-212.2444108798));
#1887 = CARTESIAN_POINT('',(-2.213875158725,-209.3716847263));
#1888 = CARTESIAN_POINT('',(-2.227043102116,-206.4915510979));
#1889 = CARTESIAN_POINT('',(-2.239728275119,-203.6050076188));
#1890 = CARTESIAN_POINT('',(-2.251970590973,-200.7127637088));
#1891 = CARTESIAN_POINT('',(-2.275644034515,-194.9159459351));
#1892 = CARTESIAN_POINT('',(-2.287073973452,-192.011532325));
#1893 = CARTESIAN_POINT('',(-2.29812656,-189.1026103522));
#1894 = CARTESIAN_POINT('',(-2.308828213673,-186.1896604425));
#1895 = CARTESIAN_POINT('',(-2.319200884646,-183.2730798242));
#1896 = CARTESIAN_POINT('',(-2.329263248505,-180.353195363));
#1897 = CARTESIAN_POINT('',(-2.339031350961,-177.430270468));
#1898 = CARTESIAN_POINT('',(-2.349488762277,-174.2055317739));
#1899 = CARTESIAN_POINT('',(-2.350455388188,-173.906522538));
#1900 = CARTESIAN_POINT('',(-2.351419101792,-173.6074841684));
#1901 = CARTESIAN_POINT('',(-2.352379917728,-173.3084169081));
#1902 = CARTESIAN_POINT('',(-2.353337850417,-173.0093209962));
#1903 = CARTESIAN_POINT('',(-2.354292914062,-172.710196668));
#1904 = CARTESIAN_POINT('',(-2.355245122646,-172.4110441545));
#1905 = CARTESIAN_POINT('',(-2.356194489935,-172.1118636831));
#1906 = ( GEOMETRIC_REPRESENTATION_CONTEXT(2) 
PARAMETRIC_REPRESENTATION_CONTEXT() REPRESENTATION_CONTEXT('2D SPACE',''
  ) );
#1907 = PCURVE('',#1908,#1917);
#1908 = ( BOUNDED_SURFACE() B_SPLINE_SURFACE(1,3,(
    (#1909,#1910,#1911,#1912)
    ,(#1913,#1914,#1915,#1916
)),.UNSPECIFIED.,.F.,.F.,.F.) B_SPLINE_SURFACE_WITH_KNOTS((2,2),(4,4),(
    0.,1.),(0.,1.),.PIECEWISE_BEZIER_KNOTS.) 
GEOMETRIC_REPRESENTATION_ITEM() RATIONAL_B_SPLINE_SURFACE((
    (1.,1.,1.,1.)
,(1.,1.,1.,1.))) REPRESENTATION_ITEM('') SURFACE() );
#1909 = CARTESIAN_POINT('',(320.,-54.44722215136,-54.44722215136));
#1910 = CARTESIAN_POINT('',(490.8100616207,-60.07732877268,
    -60.07732877268));
#1911 = CARTESIAN_POINT('',(658.74197351329,-91.98005409046,
    -91.98005409046));
#1912 = CARTESIAN_POINT('',(830.,-94.04520189781,-94.04520189781));
#1913 = CARTESIAN_POINT('',(320.,-57.98275605729,-38.18376618407));
#1914 = CARTESIAN_POINT('',(490.8100616207,-65.93028892841,
    -36.06020848426));
#1915 = CARTESIAN_POINT('',(658.74197351329,-104.628852341,
    -40.68052371771));
#1916 = CARTESIAN_POINT('',(830.,-96.16652224137,-52.3259018078));
#1917 = DEFINITIONAL_REPRESENTATION('',(#1918),#1956);
#1918 = B_SPLINE_CURVE_WITH_KNOTS('',8,(#1919,#1920,#1921,#1922,#1923,
    #1924,#1925,#1926,#1927,#1928,#1929,#1930,#1931,#1932,#1933,#1934,
    #1935,#1936,#1937,#1938,#1939,#1940,#1941,#1942,#1943,#1944,#1945,
    #1946,#1947,#1948,#1949,#1950,#1951,#1952,#1953,#1954,#1955),
  .UNSPECIFIED.,.F.,.F.,(9,7,7,7,7,9),(0.,0.13324092318,0.288636914908,
    0.626917324682,0.965409847175,1.),.UNSPECIFIED.);
#1919 = CARTESIAN_POINT('',(1.,0.352365246348));
#1920 = CARTESIAN_POINT('',(0.976531639516,0.350294994295));
#1921 = CARTESIAN_POINT('',(0.95381703148,0.348206810448));
#1922 = CARTESIAN_POINT('',(0.931754801143,0.346103576979));
#1923 = CARTESIAN_POINT('',(0.91026922081,0.343987509109));
#1924 = CARTESIAN_POINT('',(0.889299097088,0.341860358342));
#1925 = CARTESIAN_POINT('',(0.868792850454,0.339723501397));
#1926 = CARTESIAN_POINT('',(0.848706470577,0.337577976668));
#1927 = CARTESIAN_POINT('',(0.806019004922,0.332913012171));
#1928 = CARTESIAN_POINT('',(0.783557106106,0.330390932732));
#1929 = CARTESIAN_POINT('',(0.761555156865,0.327859651109));
#1930 = CARTESIAN_POINT('',(0.739965189744,0.325320267454));
#1931 = CARTESIAN_POINT('',(0.718747147986,0.322773685491));
#1932 = CARTESIAN_POINT('',(0.697866645924,0.320220645034));
#1933 = CARTESIAN_POINT('',(0.677293785402,0.317661739095));
#1934 = CARTESIAN_POINT('',(0.612829036968,0.309515205407));
#1935 = CARTESIAN_POINT('',(0.569991740919,0.303907832343));
#1936 = CARTESIAN_POINT('',(0.528216971083,0.298280181092));
#1937 = CARTESIAN_POINT('',(0.487320153039,0.292635746552));
#1938 = CARTESIAN_POINT('',(0.447156183965,0.28697721563));
#1939 = CARTESIAN_POINT('',(0.407610305794,0.281306572172));
#1940 = CARTESIAN_POINT('',(0.368586493766,0.275625233452));
#1941 = CARTESIAN_POINT('',(0.291396204179,0.264239388006));
#1942 = CARTESIAN_POINT('',(0.253232486066,0.258535196701));
#1943 = CARTESIAN_POINT('',(0.215432583953,0.252822699539));
#1944 = CARTESIAN_POINT('',(0.177933059136,0.247102863476));
#1945 = CARTESIAN_POINT('',(0.140681442703,0.241376491819));
#1946 = CARTESIAN_POINT('',(0.103633479747,0.235644249498));
#1947 = CARTESIAN_POINT('',(6.675169973361E-02,0.22990667669));
#1948 = CARTESIAN_POINT('',(2.624890198151E-02,0.223577384972));
#1949 = CARTESIAN_POINT('',(2.249511145108E-02,0.222990517436));
#1950 = CARTESIAN_POINT('',(1.874269099001E-02,0.222403599637));
#1951 = CARTESIAN_POINT('',(1.49916074285E-02,0.221816632075));
#1952 = CARTESIAN_POINT('',(1.124182820294E-02,0.221229615245));
#1953 = CARTESIAN_POINT('',(7.493321356025E-03,0.220642549633));
#1954 = CARTESIAN_POINT('',(3.746055536657E-03,0.220055435717));
#1955 = CARTESIAN_POINT('',(0.,0.219468273968));
#1956 = ( GEOMETRIC_REPRESENTATION_CONTEXT(2) 
PARAMETRIC_REPRESENTATION_CONTEXT() REPRESENTATION_CONTEXT('2D SPACE',''
  ) );
#1957 = ORIENTED_EDGE('',*,*,#1958,.F.);
#1958 = EDGE_CURVE('',#1959,#1825,#1961,.T.);
#1959 = VERTEX_POINT('',#1960);
#1960 = CARTESIAN_POINT('',(560.,-69.64400205146,-42.29967348091));
#1961 = SURFACE_CURVE('',#1962,(#1970,#1981),.PCURVE_S1.);
#1962 = B_SPLINE_CURVE_WITH_KNOTS('',6,(#1963,#1964,#1965,#1966,#1967,
    #1968,#1969),.UNSPECIFIED.,.F.,.F.,(7,7),(0.,1.),
  .PIECEWISE_BEZIER_KNOTS.);
#1963 = CARTESIAN_POINT('',(560.,-69.64400205176,-42.29967348084));
#1964 = CARTESIAN_POINT('',(549.9636199894,-70.49934203358,
    -41.63028541598));
#1965 = CARTESIAN_POINT('',(539.92603857143,-71.33192313323,
    -40.96808821266));
#1966 = CARTESIAN_POINT('',(529.88714853573,-72.14128360687,
    -40.31673755049));
#1967 = CARTESIAN_POINT('',(519.84687226762,-72.92729200599,
    -39.67979986693));
#1968 = CARTESIAN_POINT('',(509.80515500253,-73.69001892063,
    -39.06080307767));
#1969 = CARTESIAN_POINT('',(499.76196145597,-74.42966425031,
    -38.46324789986));
#1970 = PCURVE('',#140,#1971);
#1971 = DEFINITIONAL_REPRESENTATION('',(#1972),#1980);
#1972 = B_SPLINE_CURVE_WITH_KNOTS('',6,(#1973,#1974,#1975,#1976,#1977,
    #1978,#1979),.UNSPECIFIED.,.F.,.F.,(7,7),(0.,1.),
  .PIECEWISE_BEZIER_KNOTS.);
#1973 = CARTESIAN_POINT('',(-2.098954186002,-300.));
#1974 = CARTESIAN_POINT('',(-2.085675004292,-289.9636199894));
#1975 = CARTESIAN_POINT('',(-2.072796804401,-279.9260385714));
#1976 = CARTESIAN_POINT('',(-2.060350483101,-269.8871485357));
#1977 = CARTESIAN_POINT('',(-2.04836353768,-259.8468722676));
#1978 = CARTESIAN_POINT('',(-2.036861893803,-249.8051550025));
#1979 = CARTESIAN_POINT('',(-2.025870415659,-239.7619614559));
#1980 = ( GEOMETRIC_REPRESENTATION_CONTEXT(2) 
PARAMETRIC_REPRESENTATION_CONTEXT() REPRESENTATION_CONTEXT('2D SPACE',''
  ) );
#1981 = PCURVE('',#1982,#1991);
#1982 = ( BOUNDED_SURFACE() B_SPLINE_SURFACE(1,3,(
    (#1983,#1984,#1985,#1986)
    ,(#1987,#1988,#1989,#1990
)),.UNSPECIFIED.,.F.,.F.,.F.) B_SPLINE_SURFACE_WITH_KNOTS((2,2),(4,4),(
    1.,2.),(0.,1.),.PIECEWISE_BEZIER_KNOTS.) 
GEOMETRIC_REPRESENTATION_ITEM() RATIONAL_B_SPLINE_SURFACE((
    (1.,1.,1.,1.)
,(1.,1.,1.,1.))) REPRESENTATION_ITEM('') SURFACE() );
#1983 = CARTESIAN_POINT('',(320.,-57.98275605729,-38.18376618407));
#1984 = CARTESIAN_POINT('',(490.8100616207,-65.93028892841,
    -36.06020848426));
#1985 = CARTESIAN_POINT('',(658.74197351329,-104.628852341,
    -40.68052371771));
#1986 = CARTESIAN_POINT('',(830.,-96.16652224137,-52.3259018078));
#1987 = CARTESIAN_POINT('',(320.,-41.71930009,-41.71930009));
#1988 = CARTESIAN_POINT('',(490.8100616207,-41.91316863998,
    -41.91316863998));
#1989 = CARTESIAN_POINT('',(658.74197351329,-53.32932196835,
    -53.32932196835));
#1990 = CARTESIAN_POINT('',(830.,-54.44722215136,-54.44722215136));
#1991 = DEFINITIONAL_REPRESENTATION('',(#1992),#2000);
#1992 = B_SPLINE_CURVE_WITH_KNOTS('',6,(#1993,#1994,#1995,#1996,#1997,
    #1998,#1999),.UNSPECIFIED.,.F.,.F.,(7,7),(0.,1.),
  .PIECEWISE_BEZIER_KNOTS.);
#1993 = CARTESIAN_POINT('',(1.346277858662,0.470828081267));
#1994 = CARTESIAN_POINT('',(1.295624979397,0.451087964692));
#1995 = CARTESIAN_POINT('',(1.242483794295,0.431345247878));
#1996 = CARTESIAN_POINT('',(1.186614589521,0.411600733601));
#1997 = CARTESIAN_POINT('',(1.127758338321,0.391855284254));
#1998 = CARTESIAN_POINT('',(1.065639687223,0.372109807185));
#1999 = CARTESIAN_POINT('',(1.,0.352365246348));
#2000 = ( GEOMETRIC_REPRESENTATION_CONTEXT(2) 
PARAMETRIC_REPRESENTATION_CONTEXT() REPRESENTATION_CONTEXT('2D SPACE',''
  ) );
#2001 = ORIENTED_EDGE('',*,*,#2002,.T.);
#2002 = EDGE_CURVE('',#1959,#2003,#2005,.T.);
#2003 = VERTEX_POINT('',#2004);
#2004 = CARTESIAN_POINT('',(560.,-79.99999996052,-3.99999999032));
#2005 = SURFACE_CURVE('',#2006,(#2011,#2018),.PCURVE_S1.);
#2006 = CIRCLE('',#2007,76.);
#2007 = AXIS2_PLACEMENT_3D('',#2008,#2009,#2010);
#2008 = CARTESIAN_POINT('',(560.,-3.999999960528,-3.99999999032));
#2009 = DIRECTION('',(-1.,0.,-1.110223024625E-16));
#2010 = DIRECTION('',(-1.110223024625E-16,0.,1.));
#2011 = PCURVE('',#140,#2012);
#2012 = DEFINITIONAL_REPRESENTATION('',(#2013),#2017);
#2013 = LINE('',#2014,#2015);
#2014 = CARTESIAN_POINT('',(-6.28318530718,-300.));
#2015 = VECTOR('',#2016,1.);
#2016 = DIRECTION('',(1.,-0.));
#2017 = ( GEOMETRIC_REPRESENTATION_CONTEXT(2) 
PARAMETRIC_REPRESENTATION_CONTEXT() REPRESENTATION_CONTEXT('2D SPACE',''
  ) );
#2018 = PCURVE('',#1634,#2019);
#2019 = DEFINITIONAL_REPRESENTATION('',(#2020),#2024);
#2020 = LINE('',#2021,#2022);
#2021 = CARTESIAN_POINT('',(-6.28318530718,-0.));
#2022 = VECTOR('',#2023,1.);
#2023 = DIRECTION('',(1.,-0.));
#2024 = ( GEOMETRIC_REPRESENTATION_CONTEXT(2) 
PARAMETRIC_REPRESENTATION_CONTEXT() REPRESENTATION_CONTEXT('2D SPACE',''
  ) );
#2025 = ORIENTED_EDGE('',*,*,#2026,.F.);
#2026 = EDGE_CURVE('',#92,#2003,#2027,.T.);
#2027 = SURFACE_CURVE('',#2028,(#2031,#2037),.PCURVE_S1.);
#2028 = B_SPLINE_CURVE_WITH_KNOTS('',1,(#2029,#2030),.UNSPECIFIED.,.F.,
  .F.,(2,2),(0.,1.),.PIECEWISE_BEZIER_KNOTS.);
#2029 = CARTESIAN_POINT('',(260.,-91.99999996079,-3.99999999032));
#2030 = CARTESIAN_POINT('',(560.,-79.99999996052,-3.99999999032));
#2031 = PCURVE('',#140,#2032);
#2032 = DEFINITIONAL_REPRESENTATION('',(#2033),#2036);
#2033 = B_SPLINE_CURVE_WITH_KNOTS('',1,(#2034,#2035),.UNSPECIFIED.,.F.,
  .F.,(2,2),(0.,1.),.PIECEWISE_BEZIER_KNOTS.);
#2034 = CARTESIAN_POINT('',(-1.570796326795,0.));
#2035 = CARTESIAN_POINT('',(-1.570796326795,-300.));
#2036 = ( GEOMETRIC_REPRESENTATION_CONTEXT(2) 
PARAMETRIC_REPRESENTATION_CONTEXT() REPRESENTATION_CONTEXT('2D SPACE',''
  ) );
#2037 = PCURVE('',#107,#2038);
#2038 = DEFINITIONAL_REPRESENTATION('',(#2039),#2042);
#2039 = B_SPLINE_CURVE_WITH_KNOTS('',1,(#2040,#2041),.UNSPECIFIED.,.F.,
  .F.,(2,2),(0.,1.),.PIECEWISE_BEZIER_KNOTS.);
#2040 = CARTESIAN_POINT('',(3.99999999032,-300.2399040767));
#2041 = CARTESIAN_POINT('',(3.99999999032,0.));
#2042 = ( GEOMETRIC_REPRESENTATION_CONTEXT(2) 
PARAMETRIC_REPRESENTATION_CONTEXT() REPRESENTATION_CONTEXT('2D SPACE',''
  ) );
#2043 = ADVANCED_FACE('',(#2044),#107,.T.);
#2044 = FACE_BOUND('',#2045,.T.);
#2045 = EDGE_LOOP('',(#2046,#2047,#2048,#2074));
#2046 = ORIENTED_EDGE('',*,*,#91,.T.);
#2047 = ORIENTED_EDGE('',*,*,#2026,.T.);
#2048 = ORIENTED_EDGE('',*,*,#2049,.F.);
#2049 = EDGE_CURVE('',#305,#2003,#2050,.T.);
#2050 = SURFACE_CURVE('',#2051,(#2055,#2062),.PCURVE_S1.);
#2051 = LINE('',#2052,#2053);
#2052 = CARTESIAN_POINT('',(560.,-79.99999996052,0.));
#2053 = VECTOR('',#2054,1.);
#2054 = DIRECTION('',(1.110223024625E-16,0.,-1.));
#2055 = PCURVE('',#107,#2056);
#2056 = DEFINITIONAL_REPRESENTATION('',(#2057),#2061);
#2057 = LINE('',#2058,#2059);
#2058 = CARTESIAN_POINT('',(0.,0.));
#2059 = VECTOR('',#2060,1.);
#2060 = DIRECTION('',(1.,0.));
#2061 = ( GEOMETRIC_REPRESENTATION_CONTEXT(2) 
PARAMETRIC_REPRESENTATION_CONTEXT() REPRESENTATION_CONTEXT('2D SPACE',''
  ) );
#2062 = PCURVE('',#2063,#2068);
#2063 = PLANE('',#2064);
#2064 = AXIS2_PLACEMENT_3D('',#2065,#2066,#2067);
#2065 = CARTESIAN_POINT('',(850.,-77.99999996047,0.));
#2066 = DIRECTION('',(6.896387721808E-03,-0.999976219635,
    7.656528435494E-19));
#2067 = DIRECTION('',(1.110223024625E-16,0.,-1.));
#2068 = DEFINITIONAL_REPRESENTATION('',(#2069),#2073);
#2069 = LINE('',#2070,#2071);
#2070 = CARTESIAN_POINT('',(-3.219646771413E-14,-290.0068964697));
#2071 = VECTOR('',#2072,1.);
#2072 = DIRECTION('',(1.,0.));
#2073 = ( GEOMETRIC_REPRESENTATION_CONTEXT(2) 
PARAMETRIC_REPRESENTATION_CONTEXT() REPRESENTATION_CONTEXT('2D SPACE',''
  ) );
#2074 = ORIENTED_EDGE('',*,*,#304,.F.);
#2075 = ADVANCED_FACE('',(#2076),#836,.F.);
#2076 = FACE_BOUND('',#2077,.F.);
#2077 = EDGE_LOOP('',(#2078,#2101,#2102,#2103,#2104,#2127));
#2078 = ORIENTED_EDGE('',*,*,#2079,.F.);
#2079 = EDGE_CURVE('',#788,#2080,#2082,.T.);
#2080 = VERTEX_POINT('',#2081);
#2081 = CARTESIAN_POINT('',(445.,-15.,102.));
#2082 = SURFACE_CURVE('',#2083,(#2087,#2094),.PCURVE_S1.);
#2083 = LINE('',#2084,#2085);
#2084 = CARTESIAN_POINT('',(445.,-15.,68.));
#2085 = VECTOR('',#2086,1.);
#2086 = DIRECTION('',(0.,0.,1.));
#2087 = PCURVE('',#836,#2088);
#2088 = DEFINITIONAL_REPRESENTATION('',(#2089),#2093);
#2089 = LINE('',#2090,#2091);
#2090 = CARTESIAN_POINT('',(0.,0.));
#2091 = VECTOR('',#2092,1.);
#2092 = DIRECTION('',(1.,0.));
#2093 = ( GEOMETRIC_REPRESENTATION_CONTEXT(2) 
PARAMETRIC_REPRESENTATION_CONTEXT() REPRESENTATION_CONTEXT('2D SPACE',''
  ) );
#2094 = PCURVE('',#807,#2095);
#2095 = DEFINITIONAL_REPRESENTATION('',(#2096),#2100);
#2096 = LINE('',#2097,#2098);
#2097 = CARTESIAN_POINT('',(0.,0.));
#2098 = VECTOR('',#2099,1.);
#2099 = DIRECTION('',(1.,0.));
#2100 = ( GEOMETRIC_REPRESENTATION_CONTEXT(2) 
PARAMETRIC_REPRESENTATION_CONTEXT() REPRESENTATION_CONTEXT('2D SPACE',''
  ) );
#2101 = ORIENTED_EDGE('',*,*,#819,.F.);
#2102 = ORIENTED_EDGE('',*,*,#871,.T.);
#2103 = ORIENTED_EDGE('',*,*,#915,.F.);
#2104 = ORIENTED_EDGE('',*,*,#2105,.T.);
#2105 = EDGE_CURVE('',#916,#2106,#2108,.T.);
#2106 = VERTEX_POINT('',#2107);
#2107 = CARTESIAN_POINT('',(445.,15.,102.));
#2108 = SURFACE_CURVE('',#2109,(#2113,#2120),.PCURVE_S1.);
#2109 = LINE('',#2110,#2111);
#2110 = CARTESIAN_POINT('',(445.,15.,68.));
#2111 = VECTOR('',#2112,1.);
#2112 = DIRECTION('',(0.,0.,1.));
#2113 = PCURVE('',#836,#2114);
#2114 = DEFINITIONAL_REPRESENTATION('',(#2115),#2119);
#2115 = LINE('',#2116,#2117);
#2116 = CARTESIAN_POINT('',(0.,-30.));
#2117 = VECTOR('',#2118,1.);
#2118 = DIRECTION('',(1.,0.));
#2119 = ( GEOMETRIC_REPRESENTATION_CONTEXT(2) 
PARAMETRIC_REPRESENTATION_CONTEXT() REPRESENTATION_CONTEXT('2D SPACE',''
  ) );
#2120 = PCURVE('',#959,#2121);
#2121 = DEFINITIONAL_REPRESENTATION('',(#2122),#2126);
#2122 = LINE('',#2123,#2124);
#2123 = CARTESIAN_POINT('',(0.,0.));
#2124 = VECTOR('',#2125,1.);
#2125 = DIRECTION('',(1.,0.));
#2126 = ( GEOMETRIC_REPRESENTATION_CONTEXT(2) 
PARAMETRIC_REPRESENTATION_CONTEXT() REPRESENTATION_CONTEXT('2D SPACE',''
  ) );
#2127 = ORIENTED_EDGE('',*,*,#2128,.F.);
#2128 = EDGE_CURVE('',#2080,#2106,#2129,.T.);
#2129 = SURFACE_CURVE('',#2130,(#2134,#2141),.PCURVE_S1.);
#2130 = LINE('',#2131,#2132);
#2131 = CARTESIAN_POINT('',(445.,-15.,102.));
#2132 = VECTOR('',#2133,1.);
#2133 = DIRECTION('',(0.,1.,0.));
#2134 = PCURVE('',#836,#2135);
#2135 = DEFINITIONAL_REPRESENTATION('',(#2136),#2140);
#2136 = LINE('',#2137,#2138);
#2137 = CARTESIAN_POINT('',(34.,0.));
#2138 = VECTOR('',#2139,1.);
#2139 = DIRECTION('',(0.,-1.));
#2140 = ( GEOMETRIC_REPRESENTATION_CONTEXT(2) 
PARAMETRIC_REPRESENTATION_CONTEXT() REPRESENTATION_CONTEXT('2D SPACE',''
  ) );
#2141 = PCURVE('',#2142,#2147);
#2142 = PLANE('',#2143);
#2143 = AXIS2_PLACEMENT_3D('',#2144,#2145,#2146);
#2144 = CARTESIAN_POINT('',(445.,-15.,102.));
#2145 = DIRECTION('',(0.,0.,1.));
#2146 = DIRECTION('',(1.,0.,0.));
#2147 = DEFINITIONAL_REPRESENTATION('',(#2148),#2152);
#2148 = LINE('',#2149,#2150);
#2149 = CARTESIAN_POINT('',(0.,0.));
#2150 = VECTOR('',#2151,1.);
#2151 = DIRECTION('',(0.,1.));
#2152 = ( GEOMETRIC_REPRESENTATION_CONTEXT(2) 
PARAMETRIC_REPRESENTATION_CONTEXT() REPRESENTATION_CONTEXT('2D SPACE',''
  ) );
#2153 = ADVANCED_FACE('',(#2154),#807,.F.);
#2154 = FACE_BOUND('',#2155,.F.);
#2155 = EDGE_LOOP('',(#2156,#2179,#2180,#2181,#2204));
#2156 = ORIENTED_EDGE('',*,*,#2157,.F.);
#2157 = EDGE_CURVE('',#759,#2158,#2160,.T.);
#2158 = VERTEX_POINT('',#2159);
#2159 = CARTESIAN_POINT('',(515.,-15.,100.32));
#2160 = SURFACE_CURVE('',#2161,(#2165,#2172),.PCURVE_S1.);
#2161 = LINE('',#2162,#2163);
#2162 = CARTESIAN_POINT('',(515.,-15.,68.));
#2163 = VECTOR('',#2164,1.);
#2164 = DIRECTION('',(0.,0.,1.));
#2165 = PCURVE('',#807,#2166);
#2166 = DEFINITIONAL_REPRESENTATION('',(#2167),#2171);
#2167 = LINE('',#2168,#2169);
#2168 = CARTESIAN_POINT('',(0.,70.));
#2169 = VECTOR('',#2170,1.);
#2170 = DIRECTION('',(1.,0.));
#2171 = ( GEOMETRIC_REPRESENTATION_CONTEXT(2) 
PARAMETRIC_REPRESENTATION_CONTEXT() REPRESENTATION_CONTEXT('2D SPACE',''
  ) );
#2172 = PCURVE('',#775,#2173);
#2173 = DEFINITIONAL_REPRESENTATION('',(#2174),#2178);
#2174 = LINE('',#2175,#2176);
#2175 = CARTESIAN_POINT('',(0.,0.));
#2176 = VECTOR('',#2177,1.);
#2177 = DIRECTION('',(1.,0.));
#2178 = ( GEOMETRIC_REPRESENTATION_CONTEXT(2) 
PARAMETRIC_REPRESENTATION_CONTEXT() REPRESENTATION_CONTEXT('2D SPACE',''
  ) );
#2179 = ORIENTED_EDGE('',*,*,#787,.T.);
#2180 = ORIENTED_EDGE('',*,*,#2079,.T.);
#2181 = ORIENTED_EDGE('',*,*,#2182,.T.);
#2182 = EDGE_CURVE('',#2080,#2183,#2185,.T.);
#2183 = VERTEX_POINT('',#2184);
#2184 = CARTESIAN_POINT('',(462.5,-15.,102.));
#2185 = SURFACE_CURVE('',#2186,(#2190,#2197),.PCURVE_S1.);
#2186 = LINE('',#2187,#2188);
#2187 = CARTESIAN_POINT('',(445.,-15.,102.));
#2188 = VECTOR('',#2189,1.);
#2189 = DIRECTION('',(1.,0.,0.));
#2190 = PCURVE('',#807,#2191);
#2191 = DEFINITIONAL_REPRESENTATION('',(#2192),#2196);
#2192 = LINE('',#2193,#2194);
#2193 = CARTESIAN_POINT('',(34.,0.));
#2194 = VECTOR('',#2195,1.);
#2195 = DIRECTION('',(0.,1.));
#2196 = ( GEOMETRIC_REPRESENTATION_CONTEXT(2) 
PARAMETRIC_REPRESENTATION_CONTEXT() REPRESENTATION_CONTEXT('2D SPACE',''
  ) );
#2197 = PCURVE('',#2142,#2198);
#2198 = DEFINITIONAL_REPRESENTATION('',(#2199),#2203);
#2199 = LINE('',#2200,#2201);
#2200 = CARTESIAN_POINT('',(0.,0.));
#2201 = VECTOR('',#2202,1.);
#2202 = DIRECTION('',(1.,0.));
#2203 = ( GEOMETRIC_REPRESENTATION_CONTEXT(2) 
PARAMETRIC_REPRESENTATION_CONTEXT() REPRESENTATION_CONTEXT('2D SPACE',''
  ) );
#2204 = ORIENTED_EDGE('',*,*,#2205,.T.);
#2205 = EDGE_CURVE('',#2183,#2158,#2206,.T.);
#2206 = SURFACE_CURVE('',#2207,(#2213,#2222),.PCURVE_S1.);
#2207 = B_SPLINE_CURVE_WITH_KNOTS('',4,(#2208,#2209,#2210,#2211,#2212),
  .UNSPECIFIED.,.F.,.F.,(5,5),(0.,1.),.PIECEWISE_BEZIER_KNOTS.);
#2208 = CARTESIAN_POINT('',(462.5,-15.,102.));
#2209 = CARTESIAN_POINT('',(475.62500511152,-15.,101.57999983643));
#2210 = CARTESIAN_POINT('',(488.75000690863,-15.,101.15999977892));
#2211 = CARTESIAN_POINT('',(501.87500525496,-15.,100.73999983184));
#2212 = CARTESIAN_POINT('',(515.,-15.,100.32));
#2213 = PCURVE('',#807,#2214);
#2214 = DEFINITIONAL_REPRESENTATION('',(#2215),#2221);
#2215 = B_SPLINE_CURVE_WITH_KNOTS('',4,(#2216,#2217,#2218,#2219,#2220),
  .UNSPECIFIED.,.F.,.F.,(5,5),(0.,1.),.PIECEWISE_BEZIER_KNOTS.);
#2216 = CARTESIAN_POINT('',(34.,17.5));
#2217 = CARTESIAN_POINT('',(33.579999836431,30.625005111523));
#2218 = CARTESIAN_POINT('',(33.159999778924,43.750006908636));
#2219 = CARTESIAN_POINT('',(32.739999831841,56.875005254964));
#2220 = CARTESIAN_POINT('',(32.32,70.));
#2221 = ( GEOMETRIC_REPRESENTATION_CONTEXT(2) 
PARAMETRIC_REPRESENTATION_CONTEXT() REPRESENTATION_CONTEXT('2D SPACE',''
  ) );
#2222 = PCURVE('',#2223,#2228);
#2223 = B_SPLINE_SURFACE_WITH_KNOTS('',1,1,(
    (#2224,#2225)
    ,(#2226,#2227
    )),.UNSPECIFIED.,.F.,.F.,.F.,(2,2),(2,2),(-69.33333332418,
    69.333333334085),(0.,1.),.PIECEWISE_BEZIER_KNOTS.);
#2224 = CARTESIAN_POINT('',(400.,69.333333324185,104.));
#2225 = CARTESIAN_POINT('',(650.,63.999999994859,96.));
#2226 = CARTESIAN_POINT('',(400.,-69.33333333408,104.));
#2227 = CARTESIAN_POINT('',(650.,-64.,96.));
#2228 = DEFINITIONAL_REPRESENTATION('',(#2229),#2235);
#2229 = B_SPLINE_CURVE_WITH_KNOTS('',4,(#2230,#2231,#2232,#2233,#2234),
  .UNSPECIFIED.,.F.,.F.,(5,5),(0.,1.),.PIECEWISE_BEZIER_KNOTS.);
#2230 = CARTESIAN_POINT('',(15.294117648546,0.25));
#2231 = CARTESIAN_POINT('',(15.357093451716,0.302500020446));
#2232 = CARTESIAN_POINT('',(15.420760734948,0.355000027635));
#2233 = CARTESIAN_POINT('',(15.485136587058,0.40750002102));
#2234 = CARTESIAN_POINT('',(15.550239237317,0.46));
#2235 = ( GEOMETRIC_REPRESENTATION_CONTEXT(2) 
PARAMETRIC_REPRESENTATION_CONTEXT() REPRESENTATION_CONTEXT('2D SPACE',''
  ) );
#2236 = ADVANCED_FACE('',(#2237),#775,.T.);
#2237 = FACE_BOUND('',#2238,.T.);
#2238 = EDGE_LOOP('',(#2239,#2240,#2241,#2260,#2261,#2284));
#2239 = ORIENTED_EDGE('',*,*,#2157,.F.);
#2240 = ORIENTED_EDGE('',*,*,#758,.F.);
#2241 = ORIENTED_EDGE('',*,*,#2242,.T.);
#2242 = EDGE_CURVE('',#734,#972,#2243,.T.);
#2243 = SURFACE_CURVE('',#2244,(#2248,#2254),.PCURVE_S1.);
#2244 = LINE('',#2245,#2246);
#2245 = CARTESIAN_POINT('',(515.,-7.499999980264,81.8));
#2246 = VECTOR('',#2247,1.);
#2247 = DIRECTION('',(0.,1.,0.));
#2248 = PCURVE('',#775,#2249);
#2249 = DEFINITIONAL_REPRESENTATION('',(#2250),#2253);
#2250 = B_SPLINE_CURVE_WITH_KNOTS('',1,(#2251,#2252),.UNSPECIFIED.,.F.,
  .F.,(2,2),(3.499999940792,11.500000010056),.PIECEWISE_BEZIER_KNOTS.);
#2251 = CARTESIAN_POINT('',(13.8,-10.99999996052));
#2252 = CARTESIAN_POINT('',(13.8,-19.00000002979));
#2253 = ( GEOMETRIC_REPRESENTATION_CONTEXT(2) 
PARAMETRIC_REPRESENTATION_CONTEXT() REPRESENTATION_CONTEXT('2D SPACE',''
  ) );
#2254 = PCURVE('',#747,#2255);
#2255 = DEFINITIONAL_REPRESENTATION('',(#2256),#2259);
#2256 = B_SPLINE_CURVE_WITH_KNOTS('',1,(#2257,#2258),.UNSPECIFIED.,.F.,
  .F.,(2,2),(3.499999940792,11.500000010056),.PIECEWISE_BEZIER_KNOTS.);
#2257 = CARTESIAN_POINT('',(4.000000078944,-45.0359856115));
#2258 = CARTESIAN_POINT('',(-3.99999999032,-45.0359856115));
#2259 = ( GEOMETRIC_REPRESENTATION_CONTEXT(2) 
PARAMETRIC_REPRESENTATION_CONTEXT() REPRESENTATION_CONTEXT('2D SPACE',''
  ) );
#2260 = ORIENTED_EDGE('',*,*,#971,.F.);
#2261 = ORIENTED_EDGE('',*,*,#2262,.T.);
#2262 = EDGE_CURVE('',#940,#2263,#2265,.T.);
#2263 = VERTEX_POINT('',#2264);
#2264 = CARTESIAN_POINT('',(515.,15.,100.32));
#2265 = SURFACE_CURVE('',#2266,(#2270,#2277),.PCURVE_S1.);
#2266 = LINE('',#2267,#2268);
#2267 = CARTESIAN_POINT('',(515.,15.,68.));
#2268 = VECTOR('',#2269,1.);
#2269 = DIRECTION('',(0.,0.,1.));
#2270 = PCURVE('',#775,#2271);
#2271 = DEFINITIONAL_REPRESENTATION('',(#2272),#2276);
#2272 = LINE('',#2273,#2274);
#2273 = CARTESIAN_POINT('',(0.,-30.));
#2274 = VECTOR('',#2275,1.);
#2275 = DIRECTION('',(1.,0.));
#2276 = ( GEOMETRIC_REPRESENTATION_CONTEXT(2) 
PARAMETRIC_REPRESENTATION_CONTEXT() REPRESENTATION_CONTEXT('2D SPACE',''
  ) );
#2277 = PCURVE('',#959,#2278);
#2278 = DEFINITIONAL_REPRESENTATION('',(#2279),#2283);
#2279 = LINE('',#2280,#2281);
#2280 = CARTESIAN_POINT('',(0.,70.));
#2281 = VECTOR('',#2282,1.);
#2282 = DIRECTION('',(1.,0.));
#2283 = ( GEOMETRIC_REPRESENTATION_CONTEXT(2) 
PARAMETRIC_REPRESENTATION_CONTEXT() REPRESENTATION_CONTEXT('2D SPACE',''
  ) );
#2284 = ORIENTED_EDGE('',*,*,#2285,.F.);
#2285 = EDGE_CURVE('',#2158,#2263,#2286,.T.);
#2286 = SURFACE_CURVE('',#2287,(#2290,#2296),.PCURVE_S1.);
#2287 = B_SPLINE_CURVE_WITH_KNOTS('',1,(#2288,#2289),.UNSPECIFIED.,.F.,
  .F.,(2,2),(0.,1.),.PIECEWISE_BEZIER_KNOTS.);
#2288 = CARTESIAN_POINT('',(515.,-15.,100.32));
#2289 = CARTESIAN_POINT('',(515.,15.,100.32));
#2290 = PCURVE('',#775,#2291);
#2291 = DEFINITIONAL_REPRESENTATION('',(#2292),#2295);
#2292 = B_SPLINE_CURVE_WITH_KNOTS('',1,(#2293,#2294),.UNSPECIFIED.,.F.,
  .F.,(2,2),(0.,1.),.PIECEWISE_BEZIER_KNOTS.);
#2293 = CARTESIAN_POINT('',(32.32,0.));
#2294 = CARTESIAN_POINT('',(32.32,-30.));
#2295 = ( GEOMETRIC_REPRESENTATION_CONTEXT(2) 
PARAMETRIC_REPRESENTATION_CONTEXT() REPRESENTATION_CONTEXT('2D SPACE',''
  ) );
#2296 = PCURVE('',#2223,#2297);
#2297 = DEFINITIONAL_REPRESENTATION('',(#2298),#2301);
#2298 = B_SPLINE_CURVE_WITH_KNOTS('',1,(#2299,#2300),.UNSPECIFIED.,.F.,
  .F.,(2,2),(0.,1.),.PIECEWISE_BEZIER_KNOTS.);
#2299 = CARTESIAN_POINT('',(15.550239235265,0.46));
#2300 = CARTESIAN_POINT('',(-15.55023923335,0.46));
#2301 = ( GEOMETRIC_REPRESENTATION_CONTEXT(2) 
PARAMETRIC_REPRESENTATION_CONTEXT() REPRESENTATION_CONTEXT('2D SPACE',''
  ) );
#2302 = ADVANCED_FACE('',(#2303),#747,.T.);
#2303 = FACE_BOUND('',#2304,.T.);
#2304 = EDGE_LOOP('',(#2305,#2306,#2307,#2333));
#2305 = ORIENTED_EDGE('',*,*,#2242,.F.);
#2306 = ORIENTED_EDGE('',*,*,#733,.T.);
#2307 = ORIENTED_EDGE('',*,*,#2308,.T.);
#2308 = EDGE_CURVE('',#710,#996,#2309,.T.);
#2309 = SURFACE_CURVE('',#2310,(#2314,#2321),.PCURVE_S1.);
#2310 = LINE('',#2311,#2312);
#2311 = CARTESIAN_POINT('',(560.,3.947181426156E-08,80.));
#2312 = VECTOR('',#2313,1.);
#2313 = DIRECTION('',(0.,1.,0.));
#2314 = PCURVE('',#747,#2315);
#2315 = DEFINITIONAL_REPRESENTATION('',(#2316),#2320);
#2316 = LINE('',#2317,#2318);
#2317 = CARTESIAN_POINT('',(0.,0.));
#2318 = VECTOR('',#2319,1.);
#2319 = DIRECTION('',(-1.,0.));
#2320 = ( GEOMETRIC_REPRESENTATION_CONTEXT(2) 
PARAMETRIC_REPRESENTATION_CONTEXT() REPRESENTATION_CONTEXT('2D SPACE',''
  ) );
#2321 = PCURVE('',#2322,#2327);
#2322 = B_SPLINE_SURFACE_WITH_KNOTS('',1,1,(
    (#2323,#2324)
    ,(#2325,#2326
    )),.UNSPECIFIED.,.F.,.F.,.F.,(2,2),(2,2),(-3.999999995163,
    4.000000079051),(0.,1.),.PIECEWISE_BEZIER_KNOTS.);
#2323 = CARTESIAN_POINT('',(560.,4.000000029792,80.));
#2324 = CARTESIAN_POINT('',(850.,4.000000034689,78.));
#2325 = CARTESIAN_POINT('',(560.,-4.000000039472,80.));
#2326 = CARTESIAN_POINT('',(850.,-4.000000039525,78.));
#2327 = DEFINITIONAL_REPRESENTATION('',(#2328),#2332);
#2328 = LINE('',#2329,#2330);
#2329 = CARTESIAN_POINT('',(0.,0.));
#2330 = VECTOR('',#2331,1.);
#2331 = DIRECTION('',(-1.,0.));
#2332 = ( GEOMETRIC_REPRESENTATION_CONTEXT(2) 
PARAMETRIC_REPRESENTATION_CONTEXT() REPRESENTATION_CONTEXT('2D SPACE',''
  ) );
#2333 = ORIENTED_EDGE('',*,*,#995,.F.);
#2334 = ADVANCED_FACE('',(#2335),#341,.T.);
#2335 = FACE_BOUND('',#2336,.T.);
#2336 = EDGE_LOOP('',(#2337,#2338,#2358,#2403,#2422,#2423,#2551,#2580));
#2337 = ORIENTED_EDGE('',*,*,#324,.F.);
#2338 = ORIENTED_EDGE('',*,*,#2339,.T.);
#2339 = EDGE_CURVE('',#305,#2340,#2342,.T.);
#2340 = VERTEX_POINT('',#2341);
#2341 = CARTESIAN_POINT('',(850.,-78.,4.));
#2342 = SURFACE_CURVE('',#2343,(#2346,#2352),.PCURVE_S1.);
#2343 = B_SPLINE_CURVE_WITH_KNOTS('',1,(#2344,#2345),.UNSPECIFIED.,.F.,
  .F.,(2,2),(0.,1.),.PIECEWISE_BEZIER_KNOTS.);
#2344 = CARTESIAN_POINT('',(560.,-80.,4.));
#2345 = CARTESIAN_POINT('',(850.,-78.,4.));
#2346 = PCURVE('',#341,#2347);
#2347 = DEFINITIONAL_REPRESENTATION('',(#2348),#2351);
#2348 = B_SPLINE_CURVE_WITH_KNOTS('',1,(#2349,#2350),.UNSPECIFIED.,.F.,
  .F.,(2,2),(0.,1.),.PIECEWISE_BEZIER_KNOTS.);
#2349 = CARTESIAN_POINT('',(-1.570796326795,0.));
#2350 = CARTESIAN_POINT('',(-1.570796326795,-290.));
#2351 = ( GEOMETRIC_REPRESENTATION_CONTEXT(2) 
PARAMETRIC_REPRESENTATION_CONTEXT() REPRESENTATION_CONTEXT('2D SPACE',''
  ) );
#2352 = PCURVE('',#2063,#2353);
#2353 = DEFINITIONAL_REPRESENTATION('',(#2354),#2357);
#2354 = B_SPLINE_CURVE_WITH_KNOTS('',1,(#2355,#2356),.UNSPECIFIED.,.F.,
  .F.,(2,2),(0.,1.),.PIECEWISE_BEZIER_KNOTS.);
#2355 = CARTESIAN_POINT('',(-4.,-290.0068964699));
#2356 = CARTESIAN_POINT('',(-4.,-2.726210368564E-10));
#2357 = ( GEOMETRIC_REPRESENTATION_CONTEXT(2) 
PARAMETRIC_REPRESENTATION_CONTEXT() REPRESENTATION_CONTEXT('2D SPACE',''
  ) );
#2358 = ORIENTED_EDGE('',*,*,#2359,.F.);
#2359 = EDGE_CURVE('',#2360,#2340,#2362,.T.);
#2360 = VERTEX_POINT('',#2361);
#2361 = CARTESIAN_POINT('',(850.,-4.000000039525,78.));
#2362 = SURFACE_CURVE('',#2363,(#2368,#2375),.PCURVE_S1.);
#2363 = CIRCLE('',#2364,74.);
#2364 = AXIS2_PLACEMENT_3D('',#2365,#2366,#2367);
#2365 = CARTESIAN_POINT('',(850.,-4.000000039525,4.));
#2366 = DIRECTION('',(1.,-0.,1.110223024625E-16));
#2367 = DIRECTION('',(1.110223024625E-16,0.,-1.));
#2368 = PCURVE('',#341,#2369);
#2369 = DEFINITIONAL_REPRESENTATION('',(#2370),#2374);
#2370 = LINE('',#2371,#2372);
#2371 = CARTESIAN_POINT('',(3.14159265359,-290.));
#2372 = VECTOR('',#2373,1.);
#2373 = DIRECTION('',(-1.,-0.));
#2374 = ( GEOMETRIC_REPRESENTATION_CONTEXT(2) 
PARAMETRIC_REPRESENTATION_CONTEXT() REPRESENTATION_CONTEXT('2D SPACE',''
  ) );
#2375 = PCURVE('',#2376,#2397);
#2376 = B_SPLINE_SURFACE_WITH_KNOTS('',9,1,(
    (#2377,#2378)
    ,(#2379,#2380)
    ,(#2381,#2382)
    ,(#2383,#2384)
    ,(#2385,#2386)
    ,(#2387,#2388)
    ,(#2389,#2390)
    ,(#2391,#2392)
    ,(#2393,#2394)
    ,(#2395,#2396
    )),.UNSPECIFIED.,.F.,.F.,.F.,(10,10),(2,2),(3.14159265359,
    4.712388980385),(0.,1.),.PIECEWISE_BEZIER_KNOTS.);
#2377 = CARTESIAN_POINT('',(850.,-4.000000039525,78.));
#2378 = CARTESIAN_POINT('',(1.08E+03,-3.000000029177,83.));
#2379 = CARTESIAN_POINT('',(849.99999999998,-16.91543650428,
    77.999999999999));
#2380 = CARTESIAN_POINT('',(1.08E+03,-16.96263404513,82.999999999999));
#2381 = CARTESIAN_POINT('',(850.00000000005,-29.83087315412,
    75.464060185293));
#2382 = CARTESIAN_POINT('',(1.08E+03,-30.92526826117,80.258443443561));
#2383 = CARTESIAN_POINT('',(849.99999999988,-42.17724481342,
    70.392178781676));
#2384 = CARTESIAN_POINT('',(1.08E+03,-44.27269708204,74.775328412619));
#2385 = CARTESIAN_POINT('',(850.00000000015,-53.38549436073,
    62.933343916389));
#2386 = CARTESIAN_POINT('',(1.08E+03,-56.38972361966,66.711723152858));
#2387 = CARTESIAN_POINT('',(849.99999999984,-62.9333439559,
    53.385494321194));
#2388 = CARTESIAN_POINT('',(1.08E+03,-66.71172318202,56.389723590475));
#2389 = CARTESIAN_POINT('',(850.0000000001,-70.39217882121,
    42.177244773905));
#2390 = CARTESIAN_POINT('',(1.08E+03,-74.7753284418,44.272697052874));
#2391 = CARTESIAN_POINT('',(849.99999999995,-75.46406022481,
    29.830873114595));
#2392 = CARTESIAN_POINT('',(1.08E+03,-80.25844347273,30.925268231993));
#2393 = CARTESIAN_POINT('',(850.00000000001,-78.00000003952,
    16.915436464759));
#2394 = CARTESIAN_POINT('',(1.08E+03,-83.00000002917,16.962634015956));
#2395 = CARTESIAN_POINT('',(850.,-78.00000003952,4.));
#2396 = CARTESIAN_POINT('',(1.08E+03,-83.00000002917,3.));
#2397 = DEFINITIONAL_REPRESENTATION('',(#2398),#2402);
#2398 = LINE('',#2399,#2400);
#2399 = CARTESIAN_POINT('',(0.,0.));
#2400 = VECTOR('',#2401,1.);
#2401 = DIRECTION('',(1.,0.));
#2402 = ( GEOMETRIC_REPRESENTATION_CONTEXT(2) 
PARAMETRIC_REPRESENTATION_CONTEXT() REPRESENTATION_CONTEXT('2D SPACE',''
  ) );
#2403 = ORIENTED_EDGE('',*,*,#2404,.F.);
#2404 = EDGE_CURVE('',#710,#2360,#2405,.T.);
#2405 = SURFACE_CURVE('',#2406,(#2409,#2415),.PCURVE_S1.);
#2406 = B_SPLINE_CURVE_WITH_KNOTS('',1,(#2407,#2408),.UNSPECIFIED.,.F.,
  .F.,(2,2),(0.,1.),.PIECEWISE_BEZIER_KNOTS.);
#2407 = CARTESIAN_POINT('',(560.,-4.000000039472,80.));
#2408 = CARTESIAN_POINT('',(850.,-4.000000039525,78.));
#2409 = PCURVE('',#341,#2410);
#2410 = DEFINITIONAL_REPRESENTATION('',(#2411),#2414);
#2411 = B_SPLINE_CURVE_WITH_KNOTS('',1,(#2412,#2413),.UNSPECIFIED.,.F.,
  .F.,(2,2),(0.,1.),.PIECEWISE_BEZIER_KNOTS.);
#2412 = CARTESIAN_POINT('',(0.,0.));
#2413 = CARTESIAN_POINT('',(0.,-290.));
#2414 = ( GEOMETRIC_REPRESENTATION_CONTEXT(2) 
PARAMETRIC_REPRESENTATION_CONTEXT() REPRESENTATION_CONTEXT('2D SPACE',''
  ) );
#2415 = PCURVE('',#2322,#2416);
#2416 = DEFINITIONAL_REPRESENTATION('',(#2417),#2421);
#2417 = LINE('',#2418,#2419);
#2418 = CARTESIAN_POINT('',(4.000000079051,0.));
#2419 = VECTOR('',#2420,1.);
#2420 = DIRECTION('',(0.,1.));
#2421 = ( GEOMETRIC_REPRESENTATION_CONTEXT(2) 
PARAMETRIC_REPRESENTATION_CONTEXT() REPRESENTATION_CONTEXT('2D SPACE',''
  ) );
#2422 = ORIENTED_EDGE('',*,*,#709,.F.);
#2423 = ORIENTED_EDGE('',*,*,#2424,.T.);
#2424 = EDGE_CURVE('',#666,#2425,#2427,.T.);
#2425 = VERTEX_POINT('',#2426);
#2426 = CARTESIAN_POINT('',(830.,-54.24016522477,58.519341707571));
#2427 = SURFACE_CURVE('',#2428,(#2467,#2509),.PCURVE_S1.);
#2428 = B_SPLINE_CURVE_WITH_KNOTS('',5,(#2429,#2430,#2431,#2432,#2433,
    #2434,#2435,#2436,#2437,#2438,#2439,#2440,#2441,#2442,#2443,#2444,
    #2445,#2446,#2447,#2448,#2449,#2450,#2451,#2452,#2453,#2454,#2455,
    #2456,#2457,#2458,#2459,#2460,#2461,#2462,#2463,#2464,#2465,#2466),
  .UNSPECIFIED.,.F.,.F.,(6,4,4,4,4,4,4,4,4,6),(0.,0.10883688059,
    0.221442748324,0.33404855307,0.446216092821,0.5587969106,
    0.670925016747,0.783455678692,0.895529765104,1.),.UNSPECIFIED.);
#2429 = CARTESIAN_POINT('',(560.,-42.2996734638,69.644002129586));
#2430 = CARTESIAN_POINT('',(565.87561116863,-42.63504604059,
    69.401416511234));
#2431 = CARTESIAN_POINT('',(571.75104782512,-42.97310746976,
    69.154032418112));
#2432 = CARTESIAN_POINT('',(577.62633434269,-43.31309341882,
    68.902138218494));
#2433 = CARTESIAN_POINT('',(583.50149754961,-43.65423667843,
    68.646069169727));
#2434 = CARTESIAN_POINT('',(595.45508806218,-44.34912630695,
    68.117364818999));
#2435 = CARTESIAN_POINT('',(601.53350860675,-44.70289999737,
    67.844462932793));
#2436 = CARTESIAN_POINT('',(607.61186119254,-45.0562370992,
    67.567943532007));
#2437 = CARTESIAN_POINT('',(613.69018048956,-45.40828306675,
    67.28830372096));
#2438 = CARTESIAN_POINT('',(625.84682254757,-46.1080855414,
    66.723919106432));
#2439 = CARTESIAN_POINT('',(631.9251451103,-46.45584203251,
    66.439174330652));
#2440 = CARTESIAN_POINT('',(638.00350766541,-46.80060061607,
    66.15244445038));
#2441 = CARTESIAN_POINT('',(644.08194771281,-47.14150883877,
    65.864368072014));
#2442 = CARTESIAN_POINT('',(656.21540081337,-47.81262974969,
    65.288062680469));
#2443 = CARTESIAN_POINT('',(662.27041272565,-48.14287888107,
    64.999838655558));
#2444 = CARTESIAN_POINT('',(668.32557649868,-48.46763797903,
    64.711680919644));
#2445 = CARTESIAN_POINT('',(674.3809285092,-48.78608298523,
    64.424358118762));
#2446 = CARTESIAN_POINT('',(686.51438951624,-49.40989200418,
    63.851976593967));
#2447 = CARTESIAN_POINT('',(692.59249989031,-49.7152034774,
    63.566930144782));
#2448 = CARTESIAN_POINT('',(698.67086913891,-50.01253997385,
    63.28438584127));
#2449 = CARTESIAN_POINT('',(704.7495282895,-50.30111732366,
    63.005231333143));
#2450 = CARTESIAN_POINT('',(716.88303328462,-50.85816039673,
    62.456626556909));
#2451 = CARTESIAN_POINT('',(722.93787639375,-51.12670231539,
    62.187141794399));
#2452 = CARTESIAN_POINT('',(728.99305791226,-51.38509951729,
    61.922819703401));
#2453 = CARTESIAN_POINT('',(735.04859671004,-51.63267350797,
    61.664579858307));
#2454 = CARTESIAN_POINT('',(747.18215129003,-52.10582931419,
    61.161132913854));
#2455 = CARTESIAN_POINT('',(753.26016973401,-52.33132898248,
    60.915975917316));
#2456 = CARTESIAN_POINT('',(759.33856867298,-52.54472376527,
    60.678730156955));
#2457 = CARTESIAN_POINT('',(765.41734963449,-52.74549377703,
    60.450254092411));
#2458 = CARTESIAN_POINT('',(777.55099158926,-53.12023902607,
    60.013217213103));
#2459 = CARTESIAN_POINT('',(783.60584997633,-53.29431967751,
    59.804579307445));
#2460 = CARTESIAN_POINT('',(789.66106846859,-53.45510283195,
    59.606111785427));
#2461 = CARTESIAN_POINT('',(795.71662902127,-53.60232804135,
    59.418434905762));
#2462 = CARTESIAN_POINT('',(807.41750662781,-53.86044224684,
    59.077464607169));
#2463 = CARTESIAN_POINT('',(813.06278325693,-53.97311883206,
    58.92270225596));
#2464 = CARTESIAN_POINT('',(818.70830970324,-54.07388383992,
    58.77801178497));
#2465 = CARTESIAN_POINT('',(824.35405917106,-54.16281154635,
    58.643573012669));
#2466 = CARTESIAN_POINT('',(830.,-54.24016522477,58.519341707571));
#2467 = PCURVE('',#341,#2468);
#2468 = DEFINITIONAL_REPRESENTATION('',(#2469),#2508);
#2469 = B_SPLINE_CURVE_WITH_KNOTS('',5,(#2470,#2471,#2472,#2473,#2474,
    #2475,#2476,#2477,#2478,#2479,#2480,#2481,#2482,#2483,#2484,#2485,
    #2486,#2487,#2488,#2489,#2490,#2491,#2492,#2493,#2494,#2495,#2496,
    #2497,#2498,#2499,#2500,#2501,#2502,#2503,#2504,#2505,#2506,#2507),
  .UNSPECIFIED.,.F.,.F.,(6,4,4,4,4,4,4,4,4,6),(0.,0.10883688059,
    0.221442748324,0.33404855307,0.446216092821,0.5587969106,
    0.670925016747,0.783455678692,0.895529765104,1.),.UNSPECIFIED.);
#2470 = CARTESIAN_POINT('',(-0.528157858199,0.));
#2471 = CARTESIAN_POINT('',(-0.533577897691,-5.875611168639));
#2472 = CARTESIAN_POINT('',(-0.539067538406,-11.75104782512));
#2473 = CARTESIAN_POINT('',(-0.544616698095,-17.62633434269));
#2474 = CARTESIAN_POINT('',(-0.550214948193,-23.50149754961));
#2475 = CARTESIAN_POINT('',(-0.561683081497,-35.45508806218));
#2476 = CARTESIAN_POINT('',(-0.567555657446,-41.53350860675));
#2477 = CARTESIAN_POINT('',(-0.573457113086,-47.61186119253));
#2478 = CARTESIAN_POINT('',(-0.579374904255,-53.69018048956));
#2479 = CARTESIAN_POINT('',(-0.591216913465,-65.84682254757));
#2480 = CARTESIAN_POINT('',(-0.597141131078,-71.9251451103));
#2481 = CARTESIAN_POINT('',(-0.603055448079,-78.00350766541));
#2482 = CARTESIAN_POINT('',(-0.608946166103,-84.08194771281));
#2483 = CARTESIAN_POINT('',(-0.620629135562,-96.21540081337));
#2484 = CARTESIAN_POINT('',(-0.626421680486,-102.2704127256));
#2485 = CARTESIAN_POINT('',(-0.632162605317,-108.3255764986));
#2486 = CARTESIAN_POINT('',(-0.637837293996,-114.3809285092));
#2487 = CARTESIAN_POINT('',(-0.649044915853,-126.5143895162));
#2488 = CARTESIAN_POINT('',(-0.654577249151,-132.5924998903));
#2489 = CARTESIAN_POINT('',(-0.660012701411,-138.6708691389));
#2490 = CARTESIAN_POINT('',(-0.665335829992,-144.7495282895));
#2491 = CARTESIAN_POINT('',(-0.675705959641,-156.8830332846));
#2492 = CARTESIAN_POINT('',(-0.680753984694,-162.9378763937));
#2493 = CARTESIAN_POINT('',(-0.685660321981,-168.9930579122));
#2494 = CARTESIAN_POINT('',(-0.690410019096,-175.04859671));
#2495 = CARTESIAN_POINT('',(-0.699584588218,-187.18215129));
#2496 = CARTESIAN_POINT('',(-0.70400823292,-193.260169734));
#2497 = CARTESIAN_POINT('',(-0.708245891214,-199.3385686729));
#2498 = CARTESIAN_POINT('',(-0.712284412365,-205.4173496344));
#2499 = CARTESIAN_POINT('',(-0.719925669989,-217.5509915892));
#2500 = CARTESIAN_POINT('',(-0.723530108607,-223.6058499763));
#2501 = CARTESIAN_POINT('',(-0.726915282019,-229.6610684685));
#2502 = CARTESIAN_POINT('',(-0.73007248329,-235.7166290212));
#2503 = CARTESIAN_POINT('',(-0.735722312778,-247.4175066278));
#2504 = CARTESIAN_POINT('',(-0.738245497346,-253.0627832473));
#2505 = CARTESIAN_POINT('',(-0.740562010876,-258.70830972));
#2506 = CARTESIAN_POINT('',(-0.742670428193,-264.3540591644));
#2507 = CARTESIAN_POINT('',(-0.744573239209,-269.9999999933));
#2508 = ( GEOMETRIC_REPRESENTATION_CONTEXT(2) 
PARAMETRIC_REPRESENTATION_CONTEXT() REPRESENTATION_CONTEXT('2D SPACE',''
  ) );
#2509 = PCURVE('',#689,#2510);
#2510 = DEFINITIONAL_REPRESENTATION('',(#2511),#2550);
#2511 = B_SPLINE_CURVE_WITH_KNOTS('',5,(#2512,#2513,#2514,#2515,#2516,
    #2517,#2518,#2519,#2520,#2521,#2522,#2523,#2524,#2525,#2526,#2527,
    #2528,#2529,#2530,#2531,#2532,#2533,#2534,#2535,#2536,#2537,#2538,
    #2539,#2540,#2541,#2542,#2543,#2544,#2545,#2546,#2547,#2548,#2549),
  .UNSPECIFIED.,.F.,.F.,(6,4,4,4,4,4,4,4,4,6),(0.,0.10883688059,
    0.221442748324,0.33404855307,0.446216092821,0.5587969106,
    0.670925016747,0.783455678692,0.895529765104,1.),.UNSPECIFIED.);
#2512 = CARTESIAN_POINT('',(1.346277856395,0.470828081267));
#2513 = CARTESIAN_POINT('',(1.368408918934,0.482384563714));
#2514 = CARTESIAN_POINT('',(1.389814529656,0.493940618222));
#2515 = CARTESIAN_POINT('',(1.410525980251,0.505496057319));
#2516 = CARTESIAN_POINT('',(1.430572909738,0.517050698478));
#2517 = CARTESIAN_POINT('',(1.470063950805,0.540558130713));
#2518 = CARTESIAN_POINT('',(1.48946314715,0.552510852802));
#2519 = CARTESIAN_POINT('',(1.508209929298,0.564462334956));
#2520 = CARTESIAN_POINT('',(1.526331331385,0.576412385526));
#2521 = CARTESIAN_POINT('',(1.561370701662,0.600309242843));
#2522 = CARTESIAN_POINT('',(1.578288670795,0.612256049201));
#2523 = CARTESIAN_POINT('',(1.594628614138,0.624201049689));
#2524 = CARTESIAN_POINT('',(1.610410867004,0.636144059477));
#2525 = CARTESIAN_POINT('',(1.640834498816,0.659979257477));
#2526 = CARTESIAN_POINT('',(1.655480078751,0.671871462097));
#2527 = CARTESIAN_POINT('',(1.669605808385,0.683761328489));
#2528 = CARTESIAN_POINT('',(1.683225048722,0.69564867432));
#2529 = CARTESIAN_POINT('',(1.709519096736,0.719461743467));
#2530 = CARTESIAN_POINT('',(1.722190239359,0.731387446285));
#2531 = CARTESIAN_POINT('',(1.734371539871,0.743310235898));
#2532 = CARTESIAN_POINT('',(1.74606990064,0.755229918862));
#2533 = CARTESIAN_POINT('',(1.768463224735,0.779014748877));
#2534 = CARTESIAN_POINT('',(1.77916203364,0.790879922092));
#2535 = CARTESIAN_POINT('',(1.789389301703,0.802741612546));
#2536 = CARTESIAN_POINT('',(1.79914573251,0.814599608746));
#2537 = CARTESIAN_POINT('',(1.817746065746,0.83835031783));
#2538 = CARTESIAN_POINT('',(1.826586566969,0.850243002544));
#2539 = CARTESIAN_POINT('',(1.834948619719,0.862131508948));
#2540 = CARTESIAN_POINT('',(1.842827285072,0.874015592362));
#2541 = CARTESIAN_POINT('',(1.857572725779,0.897726186651));
#2542 = CARTESIAN_POINT('',(1.864443478718,0.909552736287));
#2543 = CARTESIAN_POINT('',(1.870819755028,0.921374375903));
#2544 = CARTESIAN_POINT('',(1.876691501448,0.933190829821));
#2545 = CARTESIAN_POINT('',(1.887037113871,0.956011444496));
#2546 = CARTESIAN_POINT('',(1.891578794072,0.967016324847));
#2547 = CARTESIAN_POINT('',(1.895660617808,0.978016207422));
#2548 = CARTESIAN_POINT('',(1.899270188873,0.989010849214));
#2549 = CARTESIAN_POINT('',(1.902392428746,1.));
#2550 = ( GEOMETRIC_REPRESENTATION_CONTEXT(2) 
PARAMETRIC_REPRESENTATION_CONTEXT() REPRESENTATION_CONTEXT('2D SPACE',''
  ) );
#2551 = ORIENTED_EDGE('',*,*,#2552,.T.);
#2552 = EDGE_CURVE('',#2425,#2553,#2555,.T.);
#2553 = VERTEX_POINT('',#2554);
#2554 = CARTESIAN_POINT('',(830.,-58.51934171082,54.240165224612));
#2555 = SURFACE_CURVE('',#2556,(#2561,#2568),.PCURVE_S1.);
#2556 = CIRCLE('',#2557,74.137931034483);
#2557 = AXIS2_PLACEMENT_3D('',#2558,#2559,#2560);
#2558 = CARTESIAN_POINT('',(830.,-4.000000039472,4.));
#2559 = DIRECTION('',(1.,0.,1.110223024625E-16));
#2560 = DIRECTION('',(-1.110223024625E-16,0.,1.));
#2561 = PCURVE('',#341,#2562);
#2562 = DEFINITIONAL_REPRESENTATION('',(#2563),#2567);
#2563 = LINE('',#2564,#2565);
#2564 = CARTESIAN_POINT('',(-0.,-270.));
#2565 = VECTOR('',#2566,1.);
#2566 = DIRECTION('',(-1.,-0.));
#2567 = ( GEOMETRIC_REPRESENTATION_CONTEXT(2) 
PARAMETRIC_REPRESENTATION_CONTEXT() REPRESENTATION_CONTEXT('2D SPACE',''
  ) );
#2568 = PCURVE('',#2569,#2574);
#2569 = PLANE('',#2570);
#2570 = AXIS2_PLACEMENT_3D('',#2571,#2572,#2573);
#2571 = CARTESIAN_POINT('',(830.,-94.04520189781,94.045201897811));
#2572 = DIRECTION('',(1.,0.,0.));
#2573 = DIRECTION('',(0.,0.707106781187,-0.707106781187));
#2574 = DEFINITIONAL_REPRESENTATION('',(#2575),#2579);
#2575 = CIRCLE('',#2576,74.137931034483);
#2576 = AXIS2_PLACEMENT_2D('',#2577,#2578);
#2577 = CARTESIAN_POINT('',(127.34314572259,-2.791076525455E-08));
#2578 = DIRECTION('',(-0.707106781187,0.707106781187));
#2579 = ( GEOMETRIC_REPRESENTATION_CONTEXT(2) 
PARAMETRIC_REPRESENTATION_CONTEXT() REPRESENTATION_CONTEXT('2D SPACE',''
  ) );
#2580 = ORIENTED_EDGE('',*,*,#2581,.T.);
#2581 = EDGE_CURVE('',#2553,#325,#2582,.T.);
#2582 = SURFACE_CURVE('',#2583,(#2618,#2656),.PCURVE_S1.);
#2583 = B_SPLINE_CURVE_WITH_KNOTS('',5,(#2584,#2585,#2586,#2587,#2588,
    #2589,#2590,#2591,#2592,#2593,#2594,#2595,#2596,#2597,#2598,#2599,
    #2600,#2601,#2602,#2603,#2604,#2605,#2606,#2607,#2608,#2609,#2610,
    #2611,#2612,#2613,#2614,#2615,#2616,#2617),.UNSPECIFIED.,.F.,.F.,(6,
    4,4,4,4,4,4,4,6),(0.,0.153347199236,0.305807550578,0.458317818004,
    0.610438913025,0.708858365993,0.806852121294,0.905272789628,1.),
  .UNSPECIFIED.);
#2584 = CARTESIAN_POINT('',(830.,-58.51934171082,54.240165224612));
#2585 = CARTESIAN_POINT('',(821.71257506502,-58.70169530753,
    54.126621207222));
#2586 = CARTESIAN_POINT('',(813.42556096865,-58.90604202153,
    53.988139338058));
#2587 = CARTESIAN_POINT('',(805.1390613595,-59.13252123263,
    53.823889443882));
#2588 = CARTESIAN_POINT('',(796.85315234978,-59.3802337953,
    53.633910256862));
#2589 = CARTESIAN_POINT('',(780.33054758208,-59.91362602723,
    53.204892170748));
#2590 = CARTESIAN_POINT('',(772.09384102715,-60.19907818453,
    52.966143491306));
#2591 = CARTESIAN_POINT('',(763.85782503188,-60.50260620715,
    52.703105251267));
#2592 = CARTESIAN_POINT('',(755.62251344423,-60.82219914542,
    52.416880411116));
#2593 = CARTESIAN_POINT('',(739.15057456417,-61.48927337576,
    51.80077118401));
#2594 = CARTESIAN_POINT('',(730.91394722576,-61.83676395579,
    51.47087253388));
#2595 = CARTESIAN_POINT('',(722.67799283686,-62.19596998781,
    51.120592087495));
#2596 = CARTESIAN_POINT('',(714.44266397276,-62.56454766987,
    50.75164663546));
#2597 = CARTESIAN_POINT('',(697.9941333944,-63.3150092408,49.9811346003)
  );
#2598 = CARTESIAN_POINT('',(689.78092975708,-63.69685665337,
    49.579653734515));
#2599 = CARTESIAN_POINT('',(681.56821197242,-64.08357135485,
    49.163306818659));
#2600 = CARTESIAN_POINT('',(673.35589677227,-64.47302601126,
    48.734089821154));
#2601 = CARTESIAN_POINT('',(659.8308812661,-65.1158276944,
    48.009348965062));
#2602 = CARTESIAN_POINT('',(654.51800076792,-65.36868833281,
    47.72011904519));
#2603 = CARTESIAN_POINT('',(649.20522583721,-65.6213823178,
    47.426912312819));
#2604 = CARTESIAN_POINT('',(643.89253135102,-65.87343073772,
    47.130292391152));
#2605 = CARTESIAN_POINT('',(633.29023167823,-66.37427655911,
    46.532655015559));
#2606 = CARTESIAN_POINT('',(628.00062613532,-66.62308325365,
    46.231661972614));
#2607 = CARTESIAN_POINT('',(622.71105044255,-66.87038487122,
    45.928407187386));
#2608 = CARTESIAN_POINT('',(617.42148029285,-67.1157901882,
    45.623452443222));
#2609 = CARTESIAN_POINT('',(606.81925949666,-67.6031658869,
    45.009936153476));
#2610 = CARTESIAN_POINT('',(601.50660878799,-67.84511640415,
    44.701364443848));
#2611 = CARTESIAN_POINT('',(596.19391597128,-68.08444494807,
    44.392216335801));
#2612 = CARTESIAN_POINT('',(590.88115841946,-68.32083515389,
    44.083061412805));
#2613 = CARTESIAN_POINT('',(580.45484765932,-68.77843300047,
    43.477456084576));
#2614 = CARTESIAN_POINT('',(575.34130085004,-68.99987708249,
    43.180964213867));
#2615 = CARTESIAN_POINT('',(570.22765539441,-69.21809402413,
    42.885499745956));
#2616 = CARTESIAN_POINT('',(565.11389378627,-69.43286545944,
    42.591568155869));
#2617 = CARTESIAN_POINT('',(560.,-69.64400214843,42.299673459683));
#2618 = PCURVE('',#341,#2619);
#2619 = DEFINITIONAL_REPRESENTATION('',(#2620),#2655);
#2620 = B_SPLINE_CURVE_WITH_KNOTS('',5,(#2621,#2622,#2623,#2624,#2625,
    #2626,#2627,#2628,#2629,#2630,#2631,#2632,#2633,#2634,#2635,#2636,
    #2637,#2638,#2639,#2640,#2641,#2642,#2643,#2644,#2645,#2646,#2647,
    #2648,#2649,#2650,#2651,#2652,#2653,#2654),.UNSPECIFIED.,.F.,.F.,(6,
    4,4,4,4,4,4,4,6),(0.,0.153347199236,0.305807550578,0.458317818004,
    0.610438913025,0.708858365993,0.806852121294,0.905272789628,1.),
  .UNSPECIFIED.);
#2621 = CARTESIAN_POINT('',(-0.826223086864,-269.9999999964));
#2622 = CARTESIAN_POINT('',(-0.82901613836,-261.7125750615));
#2623 = CARTESIAN_POINT('',(-0.832252195288,-253.4255609775));
#2624 = CARTESIAN_POINT('',(-0.835939099745,-245.1390613544));
#2625 = CARTESIAN_POINT('',(-0.840066629453,-236.8531523497));
#2626 = CARTESIAN_POINT('',(-0.849135870954,-220.330547582));
#2627 = CARTESIAN_POINT('',(-0.854072738163,-212.0938410271));
#2628 = CARTESIAN_POINT('',(-0.85940488573,-203.8578250318));
#2629 = CARTESIAN_POINT('',(-0.86510229239,-195.6225134442));
#2630 = CARTESIAN_POINT('',(-0.877161688454,-179.1505745641));
#2631 = CARTESIAN_POINT('',(-0.883523896321,-170.9139472257));
#2632 = CARTESIAN_POINT('',(-0.890183539774,-162.6779928368));
#2633 = CARTESIAN_POINT('',(-0.897102622467,-154.4426639727));
#2634 = CARTESIAN_POINT('',(-0.911365346709,-137.9941333944));
#2635 = CARTESIAN_POINT('',(-0.91870785745,-129.780929757));
#2636 = CARTESIAN_POINT('',(-0.926232771857,-121.5682119724));
#2637 = CARTESIAN_POINT('',(-0.933902139139,-113.3558967722));
#2638 = CARTESIAN_POINT('',(-0.946711616904,-99.8308812661));
#2639 = CARTESIAN_POINT('',(-0.951788825241,-94.51800076792));
#2640 = CARTESIAN_POINT('',(-0.956901478853,-89.20522583721));
#2641 = CARTESIAN_POINT('',(-0.962040013546,-83.89253135101));
#2642 = CARTESIAN_POINT('',(-0.972328092503,-73.29023167823));
#2643 = CARTESIAN_POINT('',(-0.977477492693,-68.00062613532));
#2644 = CARTESIAN_POINT('',(-0.982634291609,-62.71105044255));
#2645 = CARTESIAN_POINT('',(-0.987789705109,-57.42148029285));
#2646 = CARTESIAN_POINT('',(-0.998103263458,-46.81925949666));
#2647 = CARTESIAN_POINT('',(-1.003261320062,-41.50660878799));
#2648 = CARTESIAN_POINT('',(-1.008400883151,-36.19391597128));
#2649 = CARTESIAN_POINT('',(-1.013513698914,-30.88115841946));
#2650 = CARTESIAN_POINT('',(-1.023479377541,-20.45484765932));
#2651 = CARTESIAN_POINT('',(-1.028334790987,-15.34130085004));
#2652 = CARTESIAN_POINT('',(-1.033150980331,-10.22765539441));
#2653 = CARTESIAN_POINT('',(-1.037921085389,-5.113893786271));
#2654 = CARTESIAN_POINT('',(-1.042638468058,0.));
#2655 = ( GEOMETRIC_REPRESENTATION_CONTEXT(2) 
PARAMETRIC_REPRESENTATION_CONTEXT() REPRESENTATION_CONTEXT('2D SPACE',''
  ) );
#2656 = PCURVE('',#377,#2657);
#2657 = DEFINITIONAL_REPRESENTATION('',(#2658),#2693);
#2658 = B_SPLINE_CURVE_WITH_KNOTS('',5,(#2659,#2660,#2661,#2662,#2663,
    #2664,#2665,#2666,#2667,#2668,#2669,#2670,#2671,#2672,#2673,#2674,
    #2675,#2676,#2677,#2678,#2679,#2680,#2681,#2682,#2683,#2684,#2685,
    #2686,#2687,#2688,#2689,#2690,#2691,#2692),.UNSPECIFIED.,.F.,.F.,(6,
    4,4,4,4,4,4,4,6),(0.,0.153347199236,0.305807550578,0.458317818004,
    0.610438913025,0.708858365993,0.806852121294,0.905272789628,1.),
  .UNSPECIFIED.);
#2659 = CARTESIAN_POINT('',(2.097607571332,1.));
#2660 = CARTESIAN_POINT('',(2.102190568105,0.983869515286));
#2661 = CARTESIAN_POINT('',(2.107823550475,0.967727196794));
#2662 = CARTESIAN_POINT('',(2.114458934313,0.951573842736));
#2663 = CARTESIAN_POINT('',(2.12206122061,0.9354102082));
#2664 = CARTESIAN_POINT('',(2.139096468264,0.90315736855));
#2665 = CARTESIAN_POINT('',(2.148518605623,0.88706826713));
#2666 = CARTESIAN_POINT('',(2.158843750879,0.870970424266));
#2667 = CARTESIAN_POINT('',(2.170054492109,0.854864479359));
#2668 = CARTESIAN_POINT('',(2.194234740679,0.822632290871));
#2669 = CARTESIAN_POINT('',(2.207204829638,0.806506041397));
#2670 = CARTESIAN_POINT('',(2.221044749723,0.79037285989));
#2671 = CARTESIAN_POINT('',(2.235755732568,0.774233278614));
#2672 = CARTESIAN_POINT('',(2.266903642405,0.741983506629));
#2673 = CARTESIAN_POINT('',(2.283336069429,0.725873347811));
#2674 = CARTESIAN_POINT('',(2.300658565186,0.709757805679));
#2675 = CARTESIAN_POINT('',(2.318893325974,0.69363734634));
#2676 = CARTESIAN_POINT('',(2.350483277771,0.667079902441));
#2677 = CARTESIAN_POINT('',(2.363288588014,0.656645514668));
#2678 = CARTESIAN_POINT('',(2.3764988414,0.646209381311));
#2679 = CARTESIAN_POINT('',(2.390125074569,0.635771624998));
#2680 = CARTESIAN_POINT('',(2.418174763875,0.614938265327));
#2681 = CARTESIAN_POINT('',(2.432594512837,0.604542675149));
#2682 = CARTESIAN_POINT('',(2.447452433811,0.594145719158));
#2683 = CARTESIAN_POINT('',(2.462763319041,0.583747520214));
#2684 = CARTESIAN_POINT('',(2.494393193836,0.562903580489));
#2685 = CARTESIAN_POINT('',(2.510716267705,0.552457830118));
#2686 = CARTESIAN_POINT('',(2.527530064713,0.542011077953));
#2687 = CARTESIAN_POINT('',(2.544853337498,0.531563453058));
#2688 = CARTESIAN_POINT('',(2.579889938141,0.511058820126));
#2689 = CARTESIAN_POINT('',(2.597564195034,0.501001866741));
#2690 = CARTESIAN_POINT('',(2.615747756779,0.49094434486));
#2691 = CARTESIAN_POINT('',(2.634460164373,0.480886375156));
#2692 = CARTESIAN_POINT('',(2.653722144111,0.47082808129));
#2693 = ( GEOMETRIC_REPRESENTATION_CONTEXT(2) 
PARAMETRIC_REPRESENTATION_CONTEXT() REPRESENTATION_CONTEXT('2D SPACE',''
  ) );
#2694 = ADVANCED_FACE('',(#2695),#689,.T.);
#2695 = FACE_BOUND('',#2696,.T.);
#2696 = EDGE_LOOP('',(#2697,#2721,#2747,#2771,#2790,#2791));
#2697 = ORIENTED_EDGE('',*,*,#2698,.F.);
#2698 = EDGE_CURVE('',#2699,#532,#2701,.T.);
#2699 = VERTEX_POINT('',#2700);
#2700 = CARTESIAN_POINT('',(320.,-38.18376618407,57.982756057297));
#2701 = SURFACE_CURVE('',#2702,(#2707,#2714),.PCURVE_S1.);
#2702 = ( BOUNDED_CURVE() B_SPLINE_CURVE(3,(#2703,#2704,#2705,#2706),
.UNSPECIFIED.,.F.,.F.) B_SPLINE_CURVE_WITH_KNOTS((4,4),(0.,1.),
.PIECEWISE_BEZIER_KNOTS.) CURVE() GEOMETRIC_REPRESENTATION_ITEM() 
RATIONAL_B_SPLINE_CURVE((1.,1.,1.,1.)) REPRESENTATION_ITEM('') );
#2703 = CARTESIAN_POINT('',(320.,-38.18376618407,57.982756057297));
#2704 = CARTESIAN_POINT('',(490.8100616207,-36.06020848426,
    65.930288928413));
#2705 = CARTESIAN_POINT('',(658.74197351329,-40.68052371771,
    104.62885234109));
#2706 = CARTESIAN_POINT('',(830.,-52.3259018078,96.16652224137));
#2707 = PCURVE('',#689,#2708);
#2708 = DEFINITIONAL_REPRESENTATION('',(#2709),#2713);
#2709 = LINE('',#2710,#2711);
#2710 = CARTESIAN_POINT('',(1.,0.));
#2711 = VECTOR('',#2712,1.);
#2712 = DIRECTION('',(0.,1.));
#2713 = ( GEOMETRIC_REPRESENTATION_CONTEXT(2) 
PARAMETRIC_REPRESENTATION_CONTEXT() REPRESENTATION_CONTEXT('2D SPACE',''
  ) );
#2714 = PCURVE('',#615,#2715);
#2715 = DEFINITIONAL_REPRESENTATION('',(#2716),#2720);
#2716 = LINE('',#2717,#2718);
#2717 = CARTESIAN_POINT('',(1.,0.));
#2718 = VECTOR('',#2719,1.);
#2719 = DIRECTION('',(0.,1.));
#2720 = ( GEOMETRIC_REPRESENTATION_CONTEXT(2) 
PARAMETRIC_REPRESENTATION_CONTEXT() REPRESENTATION_CONTEXT('2D SPACE',''
  ) );
#2721 = ORIENTED_EDGE('',*,*,#2722,.T.);
#2722 = EDGE_CURVE('',#2699,#2723,#2725,.T.);
#2723 = VERTEX_POINT('',#2724);
#2724 = CARTESIAN_POINT('',(320.,-41.71930009,41.719300090006));
#2725 = SURFACE_CURVE('',#2726,(#2729,#2736),.PCURVE_S1.);
#2726 = B_SPLINE_CURVE_WITH_KNOTS('',1,(#2727,#2728),.UNSPECIFIED.,.F.,
  .F.,(2,2),(1.,2.),.PIECEWISE_BEZIER_KNOTS.);
#2727 = CARTESIAN_POINT('',(320.,-38.18376618407,57.982756057297));
#2728 = CARTESIAN_POINT('',(320.,-41.71930009,41.719300090006));
#2729 = PCURVE('',#689,#2730);
#2730 = DEFINITIONAL_REPRESENTATION('',(#2731),#2735);
#2731 = LINE('',#2732,#2733);
#2732 = CARTESIAN_POINT('',(0.,0.));
#2733 = VECTOR('',#2734,1.);
#2734 = DIRECTION('',(1.,0.));
#2735 = ( GEOMETRIC_REPRESENTATION_CONTEXT(2) 
PARAMETRIC_REPRESENTATION_CONTEXT() REPRESENTATION_CONTEXT('2D SPACE',''
  ) );
#2736 = PCURVE('',#2737,#2742);
#2737 = PLANE('',#2738);
#2738 = AXIS2_PLACEMENT_3D('',#2739,#2740,#2741);
#2739 = CARTESIAN_POINT('',(320.,-54.44722215136,54.447222151364));
#2740 = DIRECTION('',(1.,0.,0.));
#2741 = DIRECTION('',(0.,0.707106781187,-0.707106781187));
#2742 = DEFINITIONAL_REPRESENTATION('',(#2743),#2746);
#2743 = B_SPLINE_CURVE_WITH_KNOTS('',1,(#2744,#2745),.UNSPECIFIED.,.F.,
  .F.,(2,2),(1.,2.),.PIECEWISE_BEZIER_KNOTS.);
#2744 = CARTESIAN_POINT('',(9.,14.));
#2745 = CARTESIAN_POINT('',(18.,0.));
#2746 = ( GEOMETRIC_REPRESENTATION_CONTEXT(2) 
PARAMETRIC_REPRESENTATION_CONTEXT() REPRESENTATION_CONTEXT('2D SPACE',''
  ) );
#2747 = ORIENTED_EDGE('',*,*,#2748,.T.);
#2748 = EDGE_CURVE('',#2723,#2749,#2751,.T.);
#2749 = VERTEX_POINT('',#2750);
#2750 = CARTESIAN_POINT('',(830.,-54.44722215136,54.447222151364));
#2751 = SURFACE_CURVE('',#2752,(#2757,#2764),.PCURVE_S1.);
#2752 = ( BOUNDED_CURVE() B_SPLINE_CURVE(3,(#2753,#2754,#2755,#2756),
.UNSPECIFIED.,.F.,.F.) B_SPLINE_CURVE_WITH_KNOTS((4,4),(0.,1.),
.PIECEWISE_BEZIER_KNOTS.) CURVE() GEOMETRIC_REPRESENTATION_ITEM() 
RATIONAL_B_SPLINE_CURVE((1.,1.,1.,1.)) REPRESENTATION_ITEM('') );
#2753 = CARTESIAN_POINT('',(320.,-41.71930009,41.719300090006));
#2754 = CARTESIAN_POINT('',(490.8100616207,-41.91316863998,
    41.913168639986));
#2755 = CARTESIAN_POINT('',(658.74197351329,-53.32932196835,
    53.329321968351));
#2756 = CARTESIAN_POINT('',(830.,-54.44722215136,54.447222151364));
#2757 = PCURVE('',#689,#2758);
#2758 = DEFINITIONAL_REPRESENTATION('',(#2759),#2763);
#2759 = LINE('',#2760,#2761);
#2760 = CARTESIAN_POINT('',(2.,0.));
#2761 = VECTOR('',#2762,1.);
#2762 = DIRECTION('',(0.,1.));
#2763 = ( GEOMETRIC_REPRESENTATION_CONTEXT(2) 
PARAMETRIC_REPRESENTATION_CONTEXT() REPRESENTATION_CONTEXT('2D SPACE',''
  ) );
#2764 = PCURVE('',#377,#2765);
#2765 = DEFINITIONAL_REPRESENTATION('',(#2766),#2770);
#2766 = LINE('',#2767,#2768);
#2767 = CARTESIAN_POINT('',(2.,0.));
#2768 = VECTOR('',#2769,1.);
#2769 = DIRECTION('',(0.,1.));
#2770 = ( GEOMETRIC_REPRESENTATION_CONTEXT(2) 
PARAMETRIC_REPRESENTATION_CONTEXT() REPRESENTATION_CONTEXT('2D SPACE',''
  ) );
#2771 = ORIENTED_EDGE('',*,*,#2772,.F.);
#2772 = EDGE_CURVE('',#2425,#2749,#2773,.T.);
#2773 = SURFACE_CURVE('',#2774,(#2777,#2784),.PCURVE_S1.);
#2774 = B_SPLINE_CURVE_WITH_KNOTS('',1,(#2775,#2776),.UNSPECIFIED.,.F.,
  .F.,(2,2),(1.,2.),.PIECEWISE_BEZIER_KNOTS.);
#2775 = CARTESIAN_POINT('',(830.,-52.3259018078,96.16652224137));
#2776 = CARTESIAN_POINT('',(830.,-54.44722215136,54.447222151364));
#2777 = PCURVE('',#689,#2778);
#2778 = DEFINITIONAL_REPRESENTATION('',(#2779),#2783);
#2779 = LINE('',#2780,#2781);
#2780 = CARTESIAN_POINT('',(0.,1.));
#2781 = VECTOR('',#2782,1.);
#2782 = DIRECTION('',(1.,0.));
#2783 = ( GEOMETRIC_REPRESENTATION_CONTEXT(2) 
PARAMETRIC_REPRESENTATION_CONTEXT() REPRESENTATION_CONTEXT('2D SPACE',''
  ) );
#2784 = PCURVE('',#2569,#2785);
#2785 = DEFINITIONAL_REPRESENTATION('',(#2786),#2789);
#2786 = B_SPLINE_CURVE_WITH_KNOTS('',1,(#2787,#2788),.UNSPECIFIED.,.F.,
  .F.,(2,2),(1.,2.),.PIECEWISE_BEZIER_KNOTS.);
#2787 = CARTESIAN_POINT('',(28.,31.));
#2788 = CARTESIAN_POINT('',(56.,0.));
#2789 = ( GEOMETRIC_REPRESENTATION_CONTEXT(2) 
PARAMETRIC_REPRESENTATION_CONTEXT() REPRESENTATION_CONTEXT('2D SPACE',''
  ) );
#2790 = ORIENTED_EDGE('',*,*,#2424,.F.);
#2791 = ORIENTED_EDGE('',*,*,#665,.T.);
#2792 = ADVANCED_FACE('',(#2793),#615,.T.);
#2793 = FACE_BOUND('',#2794,.T.);
#2794 = EDGE_LOOP('',(#2795,#2819,#2838,#2839));
#2795 = ORIENTED_EDGE('',*,*,#2796,.F.);
#2796 = EDGE_CURVE('',#2797,#398,#2799,.T.);
#2797 = VERTEX_POINT('',#2798);
#2798 = CARTESIAN_POINT('',(320.,-54.44722215136,54.447222151364));
#2799 = SURFACE_CURVE('',#2800,(#2805,#2812),.PCURVE_S1.);
#2800 = ( BOUNDED_CURVE() B_SPLINE_CURVE(3,(#2801,#2802,#2803,#2804),
.UNSPECIFIED.,.F.,.F.) B_SPLINE_CURVE_WITH_KNOTS((4,4),(0.,1.),
.PIECEWISE_BEZIER_KNOTS.) CURVE() GEOMETRIC_REPRESENTATION_ITEM() 
RATIONAL_B_SPLINE_CURVE((1.,1.,1.,1.)) REPRESENTATION_ITEM('') );
#2801 = CARTESIAN_POINT('',(320.,-54.44722215136,54.447222151364));
#2802 = CARTESIAN_POINT('',(490.8100616207,-60.07732877268,
    60.077328772687));
#2803 = CARTESIAN_POINT('',(658.74197351329,-91.98005409046,
    91.980054090462));
#2804 = CARTESIAN_POINT('',(830.,-94.04520189781,94.045201897811));
#2805 = PCURVE('',#615,#2806);
#2806 = DEFINITIONAL_REPRESENTATION('',(#2807),#2811);
#2807 = LINE('',#2808,#2809);
#2808 = CARTESIAN_POINT('',(0.,0.));
#2809 = VECTOR('',#2810,1.);
#2810 = DIRECTION('',(0.,1.));
#2811 = ( GEOMETRIC_REPRESENTATION_CONTEXT(2) 
PARAMETRIC_REPRESENTATION_CONTEXT() REPRESENTATION_CONTEXT('2D SPACE',''
  ) );
#2812 = PCURVE('',#481,#2813);
#2813 = DEFINITIONAL_REPRESENTATION('',(#2814),#2818);
#2814 = LINE('',#2815,#2816);
#2815 = CARTESIAN_POINT('',(4.,0.));
#2816 = VECTOR('',#2817,1.);
#2817 = DIRECTION('',(0.,1.));
#2818 = ( GEOMETRIC_REPRESENTATION_CONTEXT(2) 
PARAMETRIC_REPRESENTATION_CONTEXT() REPRESENTATION_CONTEXT('2D SPACE',''
  ) );
#2819 = ORIENTED_EDGE('',*,*,#2820,.T.);
#2820 = EDGE_CURVE('',#2797,#2699,#2821,.T.);
#2821 = SURFACE_CURVE('',#2822,(#2825,#2832),.PCURVE_S1.);
#2822 = B_SPLINE_CURVE_WITH_KNOTS('',1,(#2823,#2824),.UNSPECIFIED.,.F.,
  .F.,(2,2),(0.,1.),.PIECEWISE_BEZIER_KNOTS.);
#2823 = CARTESIAN_POINT('',(320.,-54.44722215136,54.447222151364));
#2824 = CARTESIAN_POINT('',(320.,-38.18376618407,57.982756057297));
#2825 = PCURVE('',#615,#2826);
#2826 = DEFINITIONAL_REPRESENTATION('',(#2827),#2831);
#2827 = LINE('',#2828,#2829);
#2828 = CARTESIAN_POINT('',(0.,0.));
#2829 = VECTOR('',#2830,1.);
#2830 = DIRECTION('',(1.,0.));
#2831 = ( GEOMETRIC_REPRESENTATION_CONTEXT(2) 
PARAMETRIC_REPRESENTATION_CONTEXT() REPRESENTATION_CONTEXT('2D SPACE',''
  ) );
#2832 = PCURVE('',#2737,#2833);
#2833 = DEFINITIONAL_REPRESENTATION('',(#2834),#2837);
#2834 = B_SPLINE_CURVE_WITH_KNOTS('',1,(#2835,#2836),.UNSPECIFIED.,.F.,
  .F.,(2,2),(0.,1.),.PIECEWISE_BEZIER_KNOTS.);
#2835 = CARTESIAN_POINT('',(0.,0.));
#2836 = CARTESIAN_POINT('',(9.,14.));
#2837 = ( GEOMETRIC_REPRESENTATION_CONTEXT(2) 
PARAMETRIC_REPRESENTATION_CONTEXT() REPRESENTATION_CONTEXT('2D SPACE',''
  ) );
#2838 = ORIENTED_EDGE('',*,*,#2698,.T.);
#2839 = ORIENTED_EDGE('',*,*,#531,.T.);
#2840 = ADVANCED_FACE('',(#2841),#481,.T.);
#2841 = FACE_BOUND('',#2842,.T.);
#2842 = EDGE_LOOP('',(#2843,#2867,#2886,#2887));
#2843 = ORIENTED_EDGE('',*,*,#2844,.F.);
#2844 = EDGE_CURVE('',#2845,#354,#2847,.T.);
#2845 = VERTEX_POINT('',#2846);
#2846 = CARTESIAN_POINT('',(320.,-57.98275605729,38.183766184074));
#2847 = SURFACE_CURVE('',#2848,(#2853,#2860),.PCURVE_S1.);
#2848 = ( BOUNDED_CURVE() B_SPLINE_CURVE(3,(#2849,#2850,#2851,#2852),
.UNSPECIFIED.,.F.,.F.) B_SPLINE_CURVE_WITH_KNOTS((4,4),(0.,1.),
.PIECEWISE_BEZIER_KNOTS.) CURVE() GEOMETRIC_REPRESENTATION_ITEM() 
RATIONAL_B_SPLINE_CURVE((1.,1.,1.,1.)) REPRESENTATION_ITEM('') );
#2849 = CARTESIAN_POINT('',(320.,-57.98275605729,38.183766184074));
#2850 = CARTESIAN_POINT('',(490.8100616207,-65.93028892841,
    36.06020848426));
#2851 = CARTESIAN_POINT('',(658.74197351329,-104.628852341,
    40.680523717717));
#2852 = CARTESIAN_POINT('',(830.,-96.16652224137,52.325901807804));
#2853 = PCURVE('',#481,#2854);
#2854 = DEFINITIONAL_REPRESENTATION('',(#2855),#2859);
#2855 = LINE('',#2856,#2857);
#2856 = CARTESIAN_POINT('',(3.,0.));
#2857 = VECTOR('',#2858,1.);
#2858 = DIRECTION('',(0.,1.));
#2859 = ( GEOMETRIC_REPRESENTATION_CONTEXT(2) 
PARAMETRIC_REPRESENTATION_CONTEXT() REPRESENTATION_CONTEXT('2D SPACE',''
  ) );
#2860 = PCURVE('',#377,#2861);
#2861 = DEFINITIONAL_REPRESENTATION('',(#2862),#2866);
#2862 = LINE('',#2863,#2864);
#2863 = CARTESIAN_POINT('',(3.,0.));
#2864 = VECTOR('',#2865,1.);
#2865 = DIRECTION('',(0.,1.));
#2866 = ( GEOMETRIC_REPRESENTATION_CONTEXT(2) 
PARAMETRIC_REPRESENTATION_CONTEXT() REPRESENTATION_CONTEXT('2D SPACE',''
  ) );
#2867 = ORIENTED_EDGE('',*,*,#2868,.T.);
#2868 = EDGE_CURVE('',#2845,#2797,#2869,.T.);
#2869 = SURFACE_CURVE('',#2870,(#2873,#2880),.PCURVE_S1.);
#2870 = B_SPLINE_CURVE_WITH_KNOTS('',1,(#2871,#2872),.UNSPECIFIED.,.F.,
  .F.,(2,2),(3.,4.),.PIECEWISE_BEZIER_KNOTS.);
#2871 = CARTESIAN_POINT('',(320.,-57.98275605729,38.183766184074));
#2872 = CARTESIAN_POINT('',(320.,-54.44722215136,54.447222151364));
#2873 = PCURVE('',#481,#2874);
#2874 = DEFINITIONAL_REPRESENTATION('',(#2875),#2879);
#2875 = LINE('',#2876,#2877);
#2876 = CARTESIAN_POINT('',(0.,0.));
#2877 = VECTOR('',#2878,1.);
#2878 = DIRECTION('',(1.,0.));
#2879 = ( GEOMETRIC_REPRESENTATION_CONTEXT(2) 
PARAMETRIC_REPRESENTATION_CONTEXT() REPRESENTATION_CONTEXT('2D SPACE',''
  ) );
#2880 = PCURVE('',#2737,#2881);
#2881 = DEFINITIONAL_REPRESENTATION('',(#2882),#2885);
#2882 = B_SPLINE_CURVE_WITH_KNOTS('',1,(#2883,#2884),.UNSPECIFIED.,.F.,
  .F.,(2,2),(3.,4.),.PIECEWISE_BEZIER_KNOTS.);
#2883 = CARTESIAN_POINT('',(9.,-14.));
#2884 = CARTESIAN_POINT('',(0.,0.));
#2885 = ( GEOMETRIC_REPRESENTATION_CONTEXT(2) 
PARAMETRIC_REPRESENTATION_CONTEXT() REPRESENTATION_CONTEXT('2D SPACE',''
  ) );
#2886 = ORIENTED_EDGE('',*,*,#2796,.T.);
#2887 = ORIENTED_EDGE('',*,*,#397,.T.);
#2888 = ADVANCED_FACE('',(#2889),#377,.T.);
#2889 = FACE_BOUND('',#2890,.T.);
#2890 = EDGE_LOOP('',(#2891,#2892,#2911,#2912,#2913,#2914));
#2891 = ORIENTED_EDGE('',*,*,#2748,.F.);
#2892 = ORIENTED_EDGE('',*,*,#2893,.T.);
#2893 = EDGE_CURVE('',#2723,#2845,#2894,.T.);
#2894 = SURFACE_CURVE('',#2895,(#2898,#2905),.PCURVE_S1.);
#2895 = B_SPLINE_CURVE_WITH_KNOTS('',1,(#2896,#2897),.UNSPECIFIED.,.F.,
  .F.,(2,2),(2.,3.),.PIECEWISE_BEZIER_KNOTS.);
#2896 = CARTESIAN_POINT('',(320.,-41.71930009,41.719300090006));
#2897 = CARTESIAN_POINT('',(320.,-57.98275605729,38.183766184074));
#2898 = PCURVE('',#377,#2899);
#2899 = DEFINITIONAL_REPRESENTATION('',(#2900),#2904);
#2900 = LINE('',#2901,#2902);
#2901 = CARTESIAN_POINT('',(0.,0.));
#2902 = VECTOR('',#2903,1.);
#2903 = DIRECTION('',(1.,0.));
#2904 = ( GEOMETRIC_REPRESENTATION_CONTEXT(2) 
PARAMETRIC_REPRESENTATION_CONTEXT() REPRESENTATION_CONTEXT('2D SPACE',''
  ) );
#2905 = PCURVE('',#2737,#2906);
#2906 = DEFINITIONAL_REPRESENTATION('',(#2907),#2910);
#2907 = B_SPLINE_CURVE_WITH_KNOTS('',1,(#2908,#2909),.UNSPECIFIED.,.F.,
  .F.,(2,2),(2.,3.),.PIECEWISE_BEZIER_KNOTS.);
#2908 = CARTESIAN_POINT('',(18.,0.));
#2909 = CARTESIAN_POINT('',(9.,-14.));
#2910 = ( GEOMETRIC_REPRESENTATION_CONTEXT(2) 
PARAMETRIC_REPRESENTATION_CONTEXT() REPRESENTATION_CONTEXT('2D SPACE',''
  ) );
#2911 = ORIENTED_EDGE('',*,*,#2844,.T.);
#2912 = ORIENTED_EDGE('',*,*,#353,.T.);
#2913 = ORIENTED_EDGE('',*,*,#2581,.F.);
#2914 = ORIENTED_EDGE('',*,*,#2915,.F.);
#2915 = EDGE_CURVE('',#2749,#2553,#2916,.T.);
#2916 = SURFACE_CURVE('',#2917,(#2920,#2927),.PCURVE_S1.);
#2917 = B_SPLINE_CURVE_WITH_KNOTS('',1,(#2918,#2919),.UNSPECIFIED.,.F.,
  .F.,(2,2),(2.,3.),.PIECEWISE_BEZIER_KNOTS.);
#2918 = CARTESIAN_POINT('',(830.,-54.44722215136,54.447222151364));
#2919 = CARTESIAN_POINT('',(830.,-96.16652224137,52.325901807804));
#2920 = PCURVE('',#377,#2921);
#2921 = DEFINITIONAL_REPRESENTATION('',(#2922),#2926);
#2922 = LINE('',#2923,#2924);
#2923 = CARTESIAN_POINT('',(0.,1.));
#2924 = VECTOR('',#2925,1.);
#2925 = DIRECTION('',(1.,0.));
#2926 = ( GEOMETRIC_REPRESENTATION_CONTEXT(2) 
PARAMETRIC_REPRESENTATION_CONTEXT() REPRESENTATION_CONTEXT('2D SPACE',''
  ) );
#2927 = PCURVE('',#2569,#2928);
#2928 = DEFINITIONAL_REPRESENTATION('',(#2929),#2932);
#2929 = B_SPLINE_CURVE_WITH_KNOTS('',1,(#2930,#2931),.UNSPECIFIED.,.F.,
  .F.,(2,2),(2.,3.),.PIECEWISE_BEZIER_KNOTS.);
#2930 = CARTESIAN_POINT('',(56.,0.));
#2931 = CARTESIAN_POINT('',(28.,-31.));
#2932 = ( GEOMETRIC_REPRESENTATION_CONTEXT(2) 
PARAMETRIC_REPRESENTATION_CONTEXT() REPRESENTATION_CONTEXT('2D SPACE',''
  ) );
#2933 = ADVANCED_FACE('',(#2934,#3023),#1032,.T.);
#2934 = FACE_BOUND('',#2935,.T.);
#2935 = EDGE_LOOP('',(#2936,#2937,#2959,#3004));
#2936 = ORIENTED_EDGE('',*,*,#1015,.F.);
#2937 = ORIENTED_EDGE('',*,*,#2938,.T.);
#2938 = EDGE_CURVE('',#996,#2939,#2941,.T.);
#2939 = VERTEX_POINT('',#2940);
#2940 = CARTESIAN_POINT('',(850.,4.000000034689,78.));
#2941 = SURFACE_CURVE('',#2942,(#2945,#2952),.PCURVE_S1.);
#2942 = B_SPLINE_CURVE_WITH_KNOTS('',1,(#2943,#2944),.UNSPECIFIED.,.F.,
  .F.,(2,2),(0.,1.),.PIECEWISE_BEZIER_KNOTS.);
#2943 = CARTESIAN_POINT('',(560.,4.000000029792,80.));
#2944 = CARTESIAN_POINT('',(850.,4.000000034689,78.));
#2945 = PCURVE('',#1032,#2946);
#2946 = DEFINITIONAL_REPRESENTATION('',(#2947),#2951);
#2947 = LINE('',#2948,#2949);
#2948 = CARTESIAN_POINT('',(6.28318530718,0.));
#2949 = VECTOR('',#2950,1.);
#2950 = DIRECTION('',(0.,1.));
#2951 = ( GEOMETRIC_REPRESENTATION_CONTEXT(2) 
PARAMETRIC_REPRESENTATION_CONTEXT() REPRESENTATION_CONTEXT('2D SPACE',''
  ) );
#2952 = PCURVE('',#2322,#2953);
#2953 = DEFINITIONAL_REPRESENTATION('',(#2954),#2958);
#2954 = LINE('',#2955,#2956);
#2955 = CARTESIAN_POINT('',(-3.999999995163,0.));
#2956 = VECTOR('',#2957,1.);
#2957 = DIRECTION('',(0.,1.));
#2958 = ( GEOMETRIC_REPRESENTATION_CONTEXT(2) 
PARAMETRIC_REPRESENTATION_CONTEXT() REPRESENTATION_CONTEXT('2D SPACE',''
  ) );
#2959 = ORIENTED_EDGE('',*,*,#2960,.F.);
#2960 = EDGE_CURVE('',#2961,#2939,#2963,.T.);
#2961 = VERTEX_POINT('',#2962);
#2962 = CARTESIAN_POINT('',(850.,78.000000037107,4.));
#2963 = SURFACE_CURVE('',#2964,(#2969,#2976),.PCURVE_S1.);
#2964 = CIRCLE('',#2965,74.);
#2965 = AXIS2_PLACEMENT_3D('',#2966,#2967,#2968);
#2966 = CARTESIAN_POINT('',(850.,4.000000034689,4.));
#2967 = DIRECTION('',(1.,-0.,1.110223024625E-16));
#2968 = DIRECTION('',(1.110223024625E-16,0.,-1.));
#2969 = PCURVE('',#1032,#2970);
#2970 = DEFINITIONAL_REPRESENTATION('',(#2971),#2975);
#2971 = LINE('',#2972,#2973);
#2972 = CARTESIAN_POINT('',(3.14159265359,1.));
#2973 = VECTOR('',#2974,1.);
#2974 = DIRECTION('',(1.,0.));
#2975 = ( GEOMETRIC_REPRESENTATION_CONTEXT(2) 
PARAMETRIC_REPRESENTATION_CONTEXT() REPRESENTATION_CONTEXT('2D SPACE',''
  ) );
#2976 = PCURVE('',#2977,#2998);
#2977 = B_SPLINE_SURFACE_WITH_KNOTS('',9,1,(
    (#2978,#2979)
    ,(#2980,#2981)
    ,(#2982,#2983)
    ,(#2984,#2985)
    ,(#2986,#2987)
    ,(#2988,#2989)
    ,(#2990,#2991)
    ,(#2992,#2993)
    ,(#2994,#2995)
    ,(#2996,#2997
    )),.UNSPECIFIED.,.F.,.F.,.F.,(10,10),(2,2),(1.570796326795,
    3.14159265359),(0.,1.),.PIECEWISE_BEZIER_KNOTS.);
#2978 = CARTESIAN_POINT('',(850.,78.000000034689,4.));
#2979 = CARTESIAN_POINT('',(1.08E+03,83.000000021917,3.));
#2980 = CARTESIAN_POINT('',(849.99999999999,78.000000034689,
    16.915436464758));
#2981 = CARTESIAN_POINT('',(1.08E+03,83.000000021916,16.962634015954));
#2982 = CARTESIAN_POINT('',(850.,75.464060219978,29.830873114598));
#2983 = CARTESIAN_POINT('',(1.08E+03,80.258443465474,30.925268231999));
#2984 = CARTESIAN_POINT('',(849.99999999999,70.392178816372,
    42.1772447739));
#2985 = CARTESIAN_POINT('',(1.08E+03,74.775328434544,44.272697052861));
#2986 = CARTESIAN_POINT('',(849.99999999999,62.933343951065,
    53.385494321201));
#2987 = CARTESIAN_POINT('',(1.08E+03,66.711723174762,56.389723590493));
#2988 = CARTESIAN_POINT('',(850.,53.385494355895,62.933343916381));
#2989 = CARTESIAN_POINT('',(1.08E+03,56.389723612404,66.71172315284));
#2990 = CARTESIAN_POINT('',(849.99999999999,42.177244808585,
    70.392178781681));
#2991 = CARTESIAN_POINT('',(1.08E+03,44.272697074782,74.775328412632));
#2992 = CARTESIAN_POINT('',(850.,29.830873149288,75.46406018529));
#2993 = CARTESIAN_POINT('',(1.08E+03,30.925268253914,80.258443443555));
#2994 = CARTESIAN_POINT('',(849.99999999999,16.915436499446,78.));
#2995 = CARTESIAN_POINT('',(1.08E+03,16.962634037872,83.));
#2996 = CARTESIAN_POINT('',(850.,4.000000034689,78.));
#2997 = CARTESIAN_POINT('',(1.08E+03,3.000000021917,83.));
#2998 = DEFINITIONAL_REPRESENTATION('',(#2999),#3003);
#2999 = LINE('',#3000,#3001);
#3000 = CARTESIAN_POINT('',(0.,0.));
#3001 = VECTOR('',#3002,1.);
#3002 = DIRECTION('',(1.,0.));
#3003 = ( GEOMETRIC_REPRESENTATION_CONTEXT(2) 
PARAMETRIC_REPRESENTATION_CONTEXT() REPRESENTATION_CONTEXT('2D SPACE',''
  ) );
#3004 = ORIENTED_EDGE('',*,*,#3005,.F.);
#3005 = EDGE_CURVE('',#1016,#2961,#3006,.T.);
#3006 = SURFACE_CURVE('',#3007,(#3010,#3017),.PCURVE_S1.);
#3007 = B_SPLINE_CURVE_WITH_KNOTS('',1,(#3008,#3009),.UNSPECIFIED.,.F.,
  .F.,(2,2),(0.,1.),.PIECEWISE_BEZIER_KNOTS.);
#3008 = CARTESIAN_POINT('',(560.,80.000000034632,4.));
#3009 = CARTESIAN_POINT('',(850.,78.000000037107,4.));
#3010 = PCURVE('',#1032,#3011);
#3011 = DEFINITIONAL_REPRESENTATION('',(#3012),#3016);
#3012 = LINE('',#3013,#3014);
#3013 = CARTESIAN_POINT('',(4.712388980385,0.));
#3014 = VECTOR('',#3015,1.);
#3015 = DIRECTION('',(0.,1.));
#3016 = ( GEOMETRIC_REPRESENTATION_CONTEXT(2) 
PARAMETRIC_REPRESENTATION_CONTEXT() REPRESENTATION_CONTEXT('2D SPACE',''
  ) );
#3017 = PCURVE('',#1099,#3018);
#3018 = DEFINITIONAL_REPRESENTATION('',(#3019),#3022);
#3019 = B_SPLINE_CURVE_WITH_KNOTS('',1,(#3020,#3021),.UNSPECIFIED.,.F.,
  .F.,(2,2),(0.,1.),.PIECEWISE_BEZIER_KNOTS.);
#3020 = CARTESIAN_POINT('',(4.,-290.0068964696));
#3021 = CARTESIAN_POINT('',(4.,1.671196514508E-11));
#3022 = ( GEOMETRIC_REPRESENTATION_CONTEXT(2) 
PARAMETRIC_REPRESENTATION_CONTEXT() REPRESENTATION_CONTEXT('2D SPACE',''
  ) );
#3023 = FACE_BOUND('',#3024,.T.);
#3024 = EDGE_LOOP('',(#3025,#3174,#3567,#3666,#3722,#3785,#3831));
#3025 = ORIENTED_EDGE('',*,*,#3026,.T.);
#3026 = EDGE_CURVE('',#3027,#3029,#3031,.T.);
#3027 = VERTEX_POINT('',#3028);
#3028 = CARTESIAN_POINT('',(810.,36.468840530759,70.803278985961));
#3029 = VERTEX_POINT('',#3030);
#3030 = CARTESIAN_POINT('',(680.,39.886064469684,70.053631053848));
#3031 = SURFACE_CURVE('',#3032,(#3067,#3105),.PCURVE_S1.);
#3032 = B_SPLINE_CURVE_WITH_KNOTS('',5,(#3033,#3034,#3035,#3036,#3037,
    #3038,#3039,#3040,#3041,#3042,#3043,#3044,#3045,#3046,#3047,#3048,
    #3049,#3050,#3051,#3052,#3053,#3054,#3055,#3056,#3057,#3058,#3059,
    #3060,#3061,#3062,#3063,#3064,#3065,#3066),.UNSPECIFIED.,.F.,.F.,(6,
    4,4,4,4,4,4,4,6),(0.,0.125116296178,0.249884543267,0.374659905262,
    0.499491513699,0.624710732011,0.749572275047,0.874495386118,1.),
  .UNSPECIFIED.);
#3033 = CARTESIAN_POINT('',(810.,36.468840537596,70.803278982638));
#3034 = CARTESIAN_POINT('',(806.74518733996,36.454839081743,
    70.835042105313));
#3035 = CARTESIAN_POINT('',(803.49032682709,36.446149476128,
    70.864210681053));
#3036 = CARTESIAN_POINT('',(800.23543225233,36.442834559109,
    70.890765914741));
#3037 = CARTESIAN_POINT('',(796.98051819042,36.44496817785,
    70.914678392785));
#3038 = CARTESIAN_POINT('',(790.47973635581,36.460280861685,
    70.957078727345));
#3039 = CARTESIAN_POINT('',(787.23386868162,36.473429324728,
    70.97558129899));
#3040 = CARTESIAN_POINT('',(783.9880121922,36.492164629372,
    70.991376216435));
#3041 = CARTESIAN_POINT('',(780.74218337699,36.516582646477,
    71.004412138562));
#3042 = CARTESIAN_POINT('',(774.25043153206,36.577001196231,
    71.024840387416));
#3043 = CARTESIAN_POINT('',(771.00450860392,36.613002634806,
    71.032232075752));
#3044 = CARTESIAN_POINT('',(767.75864895322,36.654902964292,
    71.03673807043));
#3045 = CARTESIAN_POINT('',(764.51287223067,36.702823215585,
    71.038281552123));
#3046 = CARTESIAN_POINT('',(758.02006467942,36.810996879015,
    71.035261470344));
#3047 = CARTESIAN_POINT('',(754.773034078,36.871256230201,
    71.030694663876));
#3048 = CARTESIAN_POINT('',(751.52612973871,36.937810401747,
    71.02298083653));
#3049 = CARTESIAN_POINT('',(748.27937600085,37.010809922315,
    71.012012274472));
#3050 = CARTESIAN_POINT('',(741.77614317865,37.170279986211,
    70.983271476925));
#3051 = CARTESIAN_POINT('',(738.51966539757,37.256792268177,
    70.965477465622));
#3052 = CARTESIAN_POINT('',(735.26339395762,37.35012605463,
    70.944156436355));
#3053 = CARTESIAN_POINT('',(732.00736029876,37.450469498393,
    70.919160374702));
#3054 = CARTESIAN_POINT('',(725.5051394296,37.665285349475,
    70.861559891992));
#3055 = CARTESIAN_POINT('',(722.25895096687,37.779717551911,
    70.828976241815));
#3056 = CARTESIAN_POINT('',(719.01306973562,37.901533876442,
    70.792399602243));
#3057 = CARTESIAN_POINT('',(715.76753696709,38.030966998494,
    70.751631840352));
#3058 = CARTESIAN_POINT('',(709.27566288192,38.305652752827,
    70.661236079704));
#3059 = CARTESIAN_POINT('',(706.02932246818,38.450914771796,
    70.611601839456));
#3060 = CARTESIAN_POINT('',(702.78342587348,38.604320750403,
    70.557315084453));
#3061 = CARTESIAN_POINT('',(699.53802969252,38.766166471741,
    70.498106348618));
#3062 = CARTESIAN_POINT('',(693.03326601531,39.108197743239,
    70.368921285453));
#3063 = CARTESIAN_POINT('',(689.77390458571,39.28846612091,
    70.298894985132));
#3064 = CARTESIAN_POINT('',(686.51518255603,39.477931412324,
    70.223264747353));
#3065 = CARTESIAN_POINT('',(683.25718151241,39.676979006741,
    70.141660003387));
#3066 = CARTESIAN_POINT('',(680.,39.886064483918,70.053631046115));
#3067 = PCURVE('',#1032,#3068);
#3068 = DEFINITIONAL_REPRESENTATION('',(#3069),#3104);
#3069 = B_SPLINE_CURVE_WITH_KNOTS('',5,(#3070,#3071,#3072,#3073,#3074,
    #3075,#3076,#3077,#3078,#3079,#3080,#3081,#3082,#3083,#3084,#3085,
    #3086,#3087,#3088,#3089,#3090,#3091,#3092,#3093,#3094,#3095,#3096,
    #3097,#3098,#3099,#3100,#3101,#3102,#3103),.UNSPECIFIED.,.F.,.F.,(6,
    4,4,4,4,4,4,4,6),(0.,0.125116296178,0.249884543267,0.374659905262,
    0.499491513699,0.624710732011,0.749572275047,0.874495386118,1.),
  .UNSPECIFIED.);
#3070 = CARTESIAN_POINT('',(5.830770665414,0.862068965517));
#3071 = CARTESIAN_POINT('',(5.831127143408,0.850845473586));
#3072 = CARTESIAN_POINT('',(5.831403762103,0.839621816645));
#3073 = CARTESIAN_POINT('',(5.831599770346,0.828398042249));
#3074 = CARTESIAN_POINT('',(5.831714224153,0.817174200657));
#3075 = CARTESIAN_POINT('',(5.831777661079,0.794757711572));
#3076 = CARTESIAN_POINT('',(5.831727101034,0.783565064419));
#3077 = CARTESIAN_POINT('',(5.83159318115,0.772372455835));
#3078 = CARTESIAN_POINT('',(5.831374568188,0.761179942679));
#3079 = CARTESIAN_POINT('',(5.830764856822,0.73879459149));
#3080 = CARTESIAN_POINT('',(5.830373743919,0.727601753807));
#3081 = CARTESIAN_POINT('',(5.829894843534,0.716409134321));
#3082 = CARTESIAN_POINT('',(5.829326378066,0.705216800795));
#3083 = CARTESIAN_POINT('',(5.828005987035,0.682827809239));
#3084 = CARTESIAN_POINT('',(5.827253971378,0.671631151993));
#3085 = CARTESIAN_POINT('',(5.826408268663,0.660434930134));
#3086 = CARTESIAN_POINT('',(5.825466574487,0.649239227589));
#3087 = CARTESIAN_POINT('',(5.823382787051,0.626814286823));
#3088 = CARTESIAN_POINT('',(5.822240068682,0.615585053095));
#3089 = CARTESIAN_POINT('',(5.820995528699,0.604356530888));
#3090 = CARTESIAN_POINT('',(5.819646183849,0.593128828616));
#3091 = CARTESIAN_POINT('',(5.816735338991,0.570707377343));
#3092 = CARTESIAN_POINT('',(5.815174437075,0.559513624024));
#3093 = CARTESIAN_POINT('',(5.813502656896,0.548320930123));
#3094 = CARTESIAN_POINT('',(5.811716190035,0.537129437818));
#3095 = CARTESIAN_POINT('',(5.807904344825,0.51474366511));
#3096 = CARTESIAN_POINT('',(5.805878817721,0.503549387821));
#3097 = CARTESIAN_POINT('',(5.803729865971,0.492356640943));
#3098 = CARTESIAN_POINT('',(5.801452501495,0.481165619629));
#3099 = CARTESIAN_POINT('',(5.796618342936,0.458735400053));
#3100 = CARTESIAN_POINT('',(5.794060278646,0.447496222709));
#3101 = CARTESIAN_POINT('',(5.791361004678,0.436259250193));
#3102 = CARTESIAN_POINT('',(5.788513849244,0.425024763836));
#3103 = CARTESIAN_POINT('',(5.785510806829,0.413793103448));
#3104 = ( GEOMETRIC_REPRESENTATION_CONTEXT(2) 
PARAMETRIC_REPRESENTATION_CONTEXT() REPRESENTATION_CONTEXT('2D SPACE',''
  ) );
#3105 = PCURVE('',#3106,#3137);
#3106 = B_SPLINE_SURFACE_WITH_KNOTS('',14,1,(
    (#3107,#3108)
    ,(#3109,#3110)
    ,(#3111,#3112)
    ,(#3113,#3114)
    ,(#3115,#3116)
    ,(#3117,#3118)
    ,(#3119,#3120)
    ,(#3121,#3122)
    ,(#3123,#3124)
    ,(#3125,#3126)
    ,(#3127,#3128)
    ,(#3129,#3130)
    ,(#3131,#3132)
    ,(#3133,#3134)
    ,(#3135,#3136
    )),.UNSPECIFIED.,.T.,.F.,.F.,(15,15),(2,2),(0.,6.28318530718),(0.,1.
    ),.PIECEWISE_BEZIER_KNOTS.);
#3107 = CARTESIAN_POINT('',(680.,68.589357775095,36.062445840514));
#3108 = CARTESIAN_POINT('',(810.,72.831998462214,37.476659402887));
#3109 = CARTESIAN_POINT('',(679.99999999983,71.762845588063,
    39.235933653474));
#3110 = CARTESIAN_POINT('',(809.99999999981,75.68813749388,
    40.33279843455));
#3111 = CARTESIAN_POINT('',(680.00000000081,71.408557410429,
    45.937199799962));
#3112 = CARTESIAN_POINT('',(810.00000000093,74.709737186354,
    47.023478914077));
#3113 = CARTESIAN_POINT('',(679.99999999752,66.723370978344,
    55.363131035783));
#3114 = CARTESIAN_POINT('',(809.99999999706,69.173986658845,
    56.825899764843));
#3115 = CARTESIAN_POINT('',(680.00000000555,57.95937332274,
    65.655585951236));
#3116 = CARTESIAN_POINT('',(810.00000000686,59.505024724376,
    67.870473233434));
#3117 = CARTESIAN_POINT('',(679.9999999903,46.711423350535,
    74.189366860793));
#3118 = CARTESIAN_POINT('',(809.99999998741,47.532707949096,
    77.40003785183));
#3119 = CARTESIAN_POINT('',(680.00000001353,35.744879458514,
    78.323963607249));
#3120 = CARTESIAN_POINT('',(810.0000000185,36.251190082961,
    82.532803287758));
#3121 = CARTESIAN_POINT('',(679.99999998473,28.193720674517,
    76.458082939173));
#3122 = CARTESIAN_POINT('',(809.99999997795,28.923697265644,
    81.384960597141));
#3123 = CARTESIAN_POINT('',(680.000000014,26.327840010104,
    68.906924158804));
#3124 = CARTESIAN_POINT('',(810.00000002136,27.775854579417,
    74.057467784247));
#3125 = CARTESIAN_POINT('',(679.99999998955,30.462436753537,
    57.940380263845));
#3126 = CARTESIAN_POINT('',(809.99999998319,32.908620011762,
    62.775949914449));
#3127 = CARTESIAN_POINT('',(680.00000000628,38.996217665124,
    46.692430293578));
#3128 = CARTESIAN_POINT('',(810.0000000106,42.438184632551,
    50.80363314165));
#3129 = CARTESIAN_POINT('',(679.99999999702,49.288672579481,
    37.928432636945));
#3130 = CARTESIAN_POINT('',(809.99999999477,53.482758099852,
    41.134671205826));
#3131 = CARTESIAN_POINT('',(680.00000000103,58.714603815764,
    33.243246205287));
#3132 = CARTESIAN_POINT('',(810.00000000188,63.285178951162,
    35.598920678895));
#3133 = CARTESIAN_POINT('',(679.99999999977,65.415869962111,
    32.888958027524));
#3134 = CARTESIAN_POINT('',(809.99999999958,69.975859430522,
    34.62052037119));
#3135 = CARTESIAN_POINT('',(680.,68.589357775095,36.062445840514));
#3136 = CARTESIAN_POINT('',(810.,72.831998462214,37.476659402887));
#3137 = DEFINITIONAL_REPRESENTATION('',(#3138),#3173);
#3138 = B_SPLINE_CURVE_WITH_KNOTS('',5,(#3139,#3140,#3141,#3142,#3143,
    #3144,#3145,#3146,#3147,#3148,#3149,#3150,#3151,#3152,#3153,#3154,
    #3155,#3156,#3157,#3158,#3159,#3160,#3161,#3162,#3163,#3164,#3165,
    #3166,#3167,#3168,#3169,#3170,#3171,#3172),.UNSPECIFIED.,.F.,.F.,(6,
    4,4,4,4,4,4,4,6),(0.,0.125116296178,0.249884543267,0.374659905262,
    0.499491513699,0.624710732011,0.749572275047,0.874495386118,1.),
  .UNSPECIFIED.);
#3139 = CARTESIAN_POINT('',(3.382488793049,1.));
#3140 = CARTESIAN_POINT('',(3.368909963588,0.974962979538));
#3141 = CARTESIAN_POINT('',(3.355262164637,0.949925590978));
#3142 = CARTESIAN_POINT('',(3.34153959689,0.924887940403));
#3143 = CARTESIAN_POINT('',(3.327736258768,0.899850139926));
#3144 = CARTESIAN_POINT('',(3.299994274495,0.849844125814));
#3145 = CARTESIAN_POINT('',(3.286056093358,0.824875912936));
#3146 = CARTESIAN_POINT('',(3.272025254027,0.799907786094));
#3147 = CARTESIAN_POINT('',(3.257895287068,0.774939872131));
#3148 = CARTESIAN_POINT('',(3.229422706874,0.725003319477));
#3149 = CARTESIAN_POINT('',(3.215080058929,0.700034681569));
#3150 = CARTESIAN_POINT('',(3.200624673878,0.675066530409));
#3151 = CARTESIAN_POINT('',(3.186049296365,0.650099017159));
#3152 = CARTESIAN_POINT('',(3.156636477843,0.600154343688));
#3153 = CARTESIAN_POINT('',(3.141798891127,0.575177185215));
#3154 = CARTESIAN_POINT('',(3.126825714725,0.55020099799));
#3155 = CARTESIAN_POINT('',(3.111708549487,0.525225969237));
#3156 = CARTESIAN_POINT('',(3.081120682886,0.475201101374));
#3157 = CARTESIAN_POINT('',(3.06564898501,0.450151272289));
#3158 = CARTESIAN_POINT('',(3.05001409051,0.425103030443));
#3159 = CARTESIAN_POINT('',(3.034205884137,0.400056617683));
#3160 = CARTESIAN_POINT('',(3.002266348083,0.350039534074));
#3161 = CARTESIAN_POINT('',(2.986136002611,0.325068853591));
#3162 = CARTESIAN_POINT('',(2.969811272119,0.300100536428));
#3163 = CARTESIAN_POINT('',(2.953279780055,0.275134899747));
#3164 = CARTESIAN_POINT('',(2.919767442972,0.225197406784));
#3165 = CARTESIAN_POINT('',(2.902786269984,0.200225557448));
#3166 = CARTESIAN_POINT('',(2.885570471586,0.175257122104));
#3167 = CARTESIAN_POINT('',(2.868104159754,0.150292536096));
#3168 = CARTESIAN_POINT('',(2.832551882372,0.100255892426));
#3169 = CARTESIAN_POINT('',(2.814463346124,7.518388142857E-02));
#3170 = CARTESIAN_POINT('',(2.79608515874,5.011678889259E-02));
#3171 = CARTESIAN_POINT('',(2.777396188898,2.50552424032E-02));
#3172 = CARTESIAN_POINT('',(2.758370946809,-3.498056573076E-15));
#3173 = ( GEOMETRIC_REPRESENTATION_CONTEXT(2) 
PARAMETRIC_REPRESENTATION_CONTEXT() REPRESENTATION_CONTEXT('2D SPACE',''
  ) );
#3174 = ORIENTED_EDGE('',*,*,#3175,.T.);
#3175 = EDGE_CURVE('',#3029,#3176,#3178,.T.);
#3176 = VERTEX_POINT('',#3177);
#3177 = CARTESIAN_POINT('',(680.,70.053631054792,39.886064494695));
#3178 = SURFACE_CURVE('',#3179,(#3296,#3416),.PCURVE_S1.);
#3179 = B_SPLINE_CURVE_WITH_KNOTS('',7,(#3180,#3181,#3182,#3183,#3184,
    #3185,#3186,#3187,#3188,#3189,#3190,#3191,#3192,#3193,#3194,#3195,
    #3196,#3197,#3198,#3199,#3200,#3201,#3202,#3203,#3204,#3205,#3206,
    #3207,#3208,#3209,#3210,#3211,#3212,#3213,#3214,#3215,#3216,#3217,
    #3218,#3219,#3220,#3221,#3222,#3223,#3224,#3225,#3226,#3227,#3228,
    #3229,#3230,#3231,#3232,#3233,#3234,#3235,#3236,#3237,#3238,#3239,
    #3240,#3241,#3242,#3243,#3244,#3245,#3246,#3247,#3248,#3249,#3250,
    #3251,#3252,#3253,#3254,#3255,#3256,#3257,#3258,#3259,#3260,#3261,
    #3262,#3263,#3264,#3265,#3266,#3267,#3268,#3269,#3270,#3271,#3272,
    #3273,#3274,#3275,#3276,#3277,#3278,#3279,#3280,#3281,#3282,#3283,
    #3284,#3285,#3286,#3287,#3288,#3289,#3290,#3291,#3292,#3293,#3294,
    #3295),.UNSPECIFIED.,.F.,.F.,(8,6,6,6,6,6,6,6,6,6,6,6,6,6,6,6,6,6,6,
    8),(0.,0.117543857143,0.237192712028,0.301251901718,0.368716208446,
    0.412212117515,0.449198630612,0.469109523897,0.479672205965,
    0.500138622549,0.515510745352,0.522976247377,0.535197164139,
    0.561611576056,0.607970662453,0.666345281139,0.722163880651,
    0.824049553893,0.924898014471,1.),.UNSPECIFIED.);
#3180 = CARTESIAN_POINT('',(680.,39.886064483918,70.053631046115));
#3181 = CARTESIAN_POINT('',(678.05761631894,40.111323865573,
    69.946495691233));
#3182 = CARTESIAN_POINT('',(676.11689672149,40.347404477475,
    69.832372229948));
#3183 = CARTESIAN_POINT('',(674.17804750514,40.595123786461,
    69.710613152927));
#3184 = CARTESIAN_POINT('',(672.24135708892,40.855424530301,
    69.580457224342));
#3185 = CARTESIAN_POINT('',(670.30720054934,41.129397185021,
    69.441008447916));
#3186 = CARTESIAN_POINT('',(668.37605227462,41.418341640938,
    69.291175743799));
#3187 = CARTESIAN_POINT('',(664.48644239186,42.034866137422,
    68.965076737833));
#3188 = CARTESIAN_POINT('',(662.52823411252,42.363025928448,
    68.788395412879));
#3189 = CARTESIAN_POINT('',(660.57439727794,42.710064709934,
    68.598055830596));
#3190 = CARTESIAN_POINT('',(658.62578932248,43.078001231087,
    68.392285796278));
#3191 = CARTESIAN_POINT('',(656.68365520872,43.469301627068,
    68.168861491431));
#3192 = CARTESIAN_POINT('',(654.74966512521,43.887001115481,
    67.924980866513));
#3193 = CARTESIAN_POINT('',(651.79624704467,44.575345576684,
    67.512932088649));
#3194 = CARTESIAN_POINT('',(650.76944187869,44.824134306825,
    67.362239667516));
#3195 = CARTESIAN_POINT('',(649.74604334575,45.082329704045,
    67.203920897959));
#3196 = CARTESIAN_POINT('',(648.72652843427,45.35066123439,
    67.03726406931));
#3197 = CARTESIAN_POINT('',(647.71150587023,45.629957540205,
    66.861445031709));
#3198 = CARTESIAN_POINT('',(646.70173603324,45.92118999128,
    66.675478112408));
#3199 = CARTESIAN_POINT('',(644.64124691027,46.54607985516,
    66.270300626283));
#3200 = CARTESIAN_POINT('',(643.59139032733,46.881112980929,
    66.049885090331));
#3201 = CARTESIAN_POINT('',(642.54952255677,47.232080153978,
    65.815420892032));
#3202 = CARTESIAN_POINT('',(641.51713286219,47.600590871407,
    65.565199906345));
#3203 = CARTESIAN_POINT('',(640.49634096653,47.98853006783,
    65.297147728298));
#3204 = CARTESIAN_POINT('',(639.48993974874,48.39811678696,
    65.008740568047));
#3205 = CARTESIAN_POINT('',(637.86457315891,49.112352594486,
    64.495118576918));
#3206 = CARTESIAN_POINT('',(637.23516491344,49.402509898842,
    64.283909639398));
#3207 = CARTESIAN_POINT('',(636.6144459711,49.703664160485,
    64.061884109309));
#3208 = CARTESIAN_POINT('',(636.00380286745,50.016677479425,
    63.827987146206));
#3209 = CARTESIAN_POINT('',(635.40504947492,50.342455015876,
    63.581046991936));
#3210 = CARTESIAN_POINT('',(634.82047904262,50.681993161743,
    63.319708879892));
#3211 = CARTESIAN_POINT('',(633.77038529693,51.337912702742,
    62.806425364102));
#3212 = CARTESIAN_POINT('',(633.30035435811,51.650021215333,
    62.559031070617));
#3213 = CARTESIAN_POINT('',(632.84451285609,51.973588673954,
    62.29906738518));
#3214 = CARTESIAN_POINT('',(632.40520371244,52.309279417359,
    62.025476583991));
#3215 = CARTESIAN_POINT('',(631.98544585361,52.657614868086,
    61.73722127257));
#3216 = CARTESIAN_POINT('',(631.58890654417,53.018951323835,
    61.433302664461));
#3217 = CARTESIAN_POINT('',(631.02121262107,53.595065195132,
    60.94023199025));
#3218 = CARTESIAN_POINT('',(630.83056678593,53.800446777005,
    60.762909233239));
#3219 = CARTESIAN_POINT('',(630.6486187593,54.009602236621,
    60.580688958097));
#3220 = CARTESIAN_POINT('',(630.47614232768,54.22247540994,
    60.393488619107));
#3221 = CARTESIAN_POINT('',(630.31397470237,54.438944716279,
    60.201279120204));
#3222 = CARTESIAN_POINT('',(630.16298870239,54.658813647866,
    60.004099179557));
#3223 = CARTESIAN_POINT('',(629.95036601295,55.000095620705,
    59.694893613925));
#3224 = CARTESIAN_POINT('',(629.88006237546,55.119265957018,
    59.586354380605));
#3225 = CARTESIAN_POINT('',(629.81328564797,55.239268396802,
    59.47647200132));
#3226 = CARTESIAN_POINT('',(629.75016770793,55.360051651979,
    59.365273811147));
#3227 = CARTESIAN_POINT('',(629.69083824362,55.481556577963,
    59.252795369009));
#3228 = CARTESIAN_POINT('',(629.63542231062,55.603715733697,
    59.139081353596));
#3229 = CARTESIAN_POINT('',(629.48447429881,55.964270392942,
    58.801564409235));
#3230 = CARTESIAN_POINT('',(629.4000330339,56.2042929098,58.574476285392
    ));
#3231 = CARTESIAN_POINT('',(629.33159649489,56.445917096359,
    58.34336516964));
#3232 = CARTESIAN_POINT('',(629.27990405025,56.688479128067,
    58.108759970089));
#3233 = CARTESIAN_POINT('',(629.24549788594,56.931254402733,
    57.871286066586));
#3234 = CARTESIAN_POINT('',(629.22866885606,57.173457191521,
    57.631675956226));
#3235 = CARTESIAN_POINT('',(629.22995294024,57.595090091359,
    57.209845255867));
#3236 = CARTESIAN_POINT('',(629.2404106728,57.775171761354,
    57.028152402234));
#3237 = CARTESIAN_POINT('',(629.26077364286,57.954138368408,
    56.846048534801));
#3238 = CARTESIAN_POINT('',(629.29094567477,58.131674289481,
    56.663866863229));
#3239 = CARTESIAN_POINT('',(629.3307471183,58.307493320796,
    56.481926441659));
#3240 = CARTESIAN_POINT('',(629.3799256614,58.481336788618,
    56.300532000386));
#3241 = CARTESIAN_POINT('',(629.46645209158,58.73632651151,
    56.032285304223));
#3242 = CARTESIAN_POINT('',(629.4968756731,58.819162563556,
    55.944791758826));
#3243 = CARTESIAN_POINT('',(629.52940191378,58.901454734481,
    55.857524784409));
#3244 = CARTESIAN_POINT('',(629.56399270149,58.983180251252,
    55.770514101303));
#3245 = CARTESIAN_POINT('',(629.60060778571,59.064318649499,
    55.683787507092));
#3246 = CARTESIAN_POINT('',(629.63920477749,59.144851773515,
    55.597370876609));
#3247 = CARTESIAN_POINT('',(629.74609347705,59.355578492682,
    55.370372051356));
#3248 = CARTESIAN_POINT('',(629.81764074819,59.48472891355,
    55.230350366453));
#3249 = CARTESIAN_POINT('',(629.89418810429,59.612145091043,
    55.091328152113));
#3250 = CARTESIAN_POINT('',(629.97553404797,59.737774043143,
    54.953395023796));
#3251 = CARTESIAN_POINT('',(630.06147296253,59.861577936395,
    54.816626148891));
#3252 = CARTESIAN_POINT('',(630.15179963126,59.983532268661,
    54.681083228082));
#3253 = CARTESIAN_POINT('',(630.45059740385,60.363191698092,
    54.256607777819));
#3254 = CARTESIAN_POINT('',(630.67442096867,60.61402957817,
    53.972389187137));
#3255 = CARTESIAN_POINT('',(630.9157855236,60.856058042502,
    53.694601814817));
#3256 = CARTESIAN_POINT('',(631.17276930927,61.089385608175,
    53.423483645997));
#3257 = CARTESIAN_POINT('',(631.44362491266,61.314250674908,
    53.159107790518));
#3258 = CARTESIAN_POINT('',(631.72684486734,61.530983220622,
    52.90141029278));
#3259 = CARTESIAN_POINT('',(632.53780150708,62.106801251622,
    52.209326890845));
#3260 = CARTESIAN_POINT('',(633.08831160828,62.449536259243,
    51.788775746283));
#3261 = CARTESIAN_POINT('',(633.66618245747,62.77057466484,
    51.387330239169));
#3262 = CARTESIAN_POINT('',(634.26623882687,63.071936395391,
    51.003855210422));
#3263 = CARTESIAN_POINT('',(634.88442163963,63.355510411318,
    50.637118712933));
#3264 = CARTESIAN_POINT('',(635.51781271487,63.623047402218,
    50.285826652051));
#3265 = CARTESIAN_POINT('',(636.97902432481,64.194972473186,
    49.523991075789));
#3266 = CARTESIAN_POINT('',(637.81403713871,64.49068453537,
    49.122028867958));
#3267 = CARTESIAN_POINT('',(638.66547385636,64.766510289927,
    48.740187596803));
#3268 = CARTESIAN_POINT('',(639.53021724974,65.0247767287,48.37656465093
    ));
#3269 = CARTESIAN_POINT('',(640.40587934216,65.267434351631,
    48.029498429173));
#3270 = CARTESIAN_POINT('',(641.29076418259,65.496121893769,
    47.69752953932));
#3271 = CARTESIAN_POINT('',(643.03773301072,65.918956312212,
    47.07504638527));
#3272 = CARTESIAN_POINT('',(643.89893440108,66.114132559594,
    46.783419113153));
#3273 = CARTESIAN_POINT('',(644.76630197966,66.299017628583,
    46.503322535769));
#3274 = CARTESIAN_POINT('',(645.63894816502,66.474592129047,
    46.233839339459));
#3275 = CARTESIAN_POINT('',(646.51616127733,66.641680387743,
    45.974181807657));
#3276 = CARTESIAN_POINT('',(647.39738271267,66.800998391323,
    45.723650784815));
#3277 = CARTESIAN_POINT('',(649.89725671439,67.230926224966,
    45.039851470528));
#3278 = CARTESIAN_POINT('',(651.5240532824,67.484831529336,
    44.626475291279));
#3279 = CARTESIAN_POINT('',(653.16007469513,67.718692238943,
    44.237687497404));
#3280 = CARTESIAN_POINT('',(654.80347698653,67.935181868914,
    43.870730333318));
#3281 = CARTESIAN_POINT('',(656.4528775059,68.136437447464,
    43.523345735511));
#3282 = CARTESIAN_POINT('',(658.10731494267,68.324175001055,
    43.193670627274));
#3283 = CARTESIAN_POINT('',(661.40819738887,68.673697785534,
    42.569736766832));
#3284 = CARTESIAN_POINT('',(663.05442382013,68.83571420999,
    42.275175856587));
#3285 = CARTESIAN_POINT('',(664.70419407748,68.987258844394,
    41.994897398082));
#3286 = CARTESIAN_POINT('',(666.35696121705,69.129420223726,
    41.727666939575));
#3287 = CARTESIAN_POINT('',(668.01229198005,69.263094718058,
    41.472446840673));
#3288 = CARTESIAN_POINT('',(669.66985188512,69.389045910671,
    41.228337817083));
#3289 = CARTESIAN_POINT('',(672.56526773492,69.596454533896,
    40.820462187509));
#3290 = CARTESIAN_POINT('',(673.80222526494,69.681061641617,
    40.652095900349));
#3291 = CARTESIAN_POINT('',(675.04016305458,69.762014754875,
    40.489137758461));
#3292 = CARTESIAN_POINT('',(676.27898571067,69.83954993417,
    40.331301054003));
#3293 = CARTESIAN_POINT('',(677.51861097853,69.913876037452,
    40.178328659456));
#3294 = CARTESIAN_POINT('',(678.75896873808,69.98517982307,
    40.029987745436));
#3295 = CARTESIAN_POINT('',(679.99999999999,70.053631052716,
    39.886064498517));
#3296 = PCURVE('',#1032,#3297);
#3297 = DEFINITIONAL_REPRESENTATION('',(#3298),#3415);
#3298 = B_SPLINE_CURVE_WITH_KNOTS('',7,(#3299,#3300,#3301,#3302,#3303,
    #3304,#3305,#3306,#3307,#3308,#3309,#3310,#3311,#3312,#3313,#3314,
    #3315,#3316,#3317,#3318,#3319,#3320,#3321,#3322,#3323,#3324,#3325,
    #3326,#3327,#3328,#3329,#3330,#3331,#3332,#3333,#3334,#3335,#3336,
    #3337,#3338,#3339,#3340,#3341,#3342,#3343,#3344,#3345,#3346,#3347,
    #3348,#3349,#3350,#3351,#3352,#3353,#3354,#3355,#3356,#3357,#3358,
    #3359,#3360,#3361,#3362,#3363,#3364,#3365,#3366,#3367,#3368,#3369,
    #3370,#3371,#3372,#3373,#3374,#3375,#3376,#3377,#3378,#3379,#3380,
    #3381,#3382,#3383,#3384,#3385,#3386,#3387,#3388,#3389,#3390,#3391,
    #3392,#3393,#3394,#3395,#3396,#3397,#3398,#3399,#3400,#3401,#3402,
    #3403,#3404,#3405,#3406,#3407,#3408,#3409,#3410,#3411,#3412,#3413,
    #3414),.UNSPECIFIED.,.F.,.F.,(8,6,6,6,6,6,6,6,6,6,6,6,6,6,6,6,6,6,6,
    8),(0.,0.117543857143,0.237192712028,0.301251901718,0.368716208446,
    0.412212117515,0.449198630612,0.469109523897,0.479672205965,
    0.500138622549,0.515510745352,0.522976247377,0.535197164139,
    0.561611576056,0.607970662453,0.666345281139,0.722163880651,
    0.824049553893,0.924898014471,1.),.UNSPECIFIED.);
#3299 = CARTESIAN_POINT('',(5.785510806829,0.413793103448));
#3300 = CARTESIAN_POINT('',(5.782197371225,0.407095228686));
#3301 = CARTESIAN_POINT('',(5.778714444972,0.400403092143));
#3302 = CARTESIAN_POINT('',(5.775048426904,0.39371740519));
#3303 = CARTESIAN_POINT('',(5.771183515499,0.387039162376));
#3304 = CARTESIAN_POINT('',(5.767101309423,0.380369657067));
#3305 = CARTESIAN_POINT('',(5.762779681559,0.373710525085));
#3306 = CARTESIAN_POINT('',(5.753519991885,0.360298077213));
#3307 = CARTESIAN_POINT('',(5.748572569451,0.353545634871));
#3308 = CARTESIAN_POINT('',(5.743319137334,0.346808266476));
#3309 = CARTESIAN_POINT('',(5.737724670339,0.340088928698));
#3310 = CARTESIAN_POINT('',(5.731745879426,0.333391914513));
#3311 = CARTESIAN_POINT('',(5.725328930949,0.32672298319));
#3312 = CARTESIAN_POINT('',(5.714686792252,0.316538782913));
#3313 = CARTESIAN_POINT('',(5.710828675293,0.312998075444));
#3314 = CARTESIAN_POINT('',(5.706811741367,0.309469114985));
#3315 = CARTESIAN_POINT('',(5.702622704603,0.305953546325));
#3316 = CARTESIAN_POINT('',(5.698246336643,0.302453468518));
#3317 = CARTESIAN_POINT('',(5.693664606456,0.298971503563));
#3318 = CARTESIAN_POINT('',(5.68379022762,0.291866368656));
#3319 = CARTESIAN_POINT('',(5.678473628823,0.288246173543));
#3320 = CARTESIAN_POINT('',(5.672878659819,0.284653526058));
#3321 = CARTESIAN_POINT('',(5.666974751067,0.281093561594));
#3322 = CARTESIAN_POINT('',(5.660725441627,0.27757358954));
#3323 = CARTESIAN_POINT('',(5.654087061572,0.274103240513));
#3324 = CARTESIAN_POINT('',(5.642429447195,0.268498528134));
#3325 = CARTESIAN_POINT('',(5.637674094683,0.266328154874));
#3326 = CARTESIAN_POINT('',(5.63271685001,0.264187744728));
#3327 = CARTESIAN_POINT('',(5.62754003646,0.262082078853));
#3328 = CARTESIAN_POINT('',(5.622124520503,0.260017411982));
#3329 = CARTESIAN_POINT('',(5.61644862667,0.258001651871));
#3330 = CARTESIAN_POINT('',(5.605415743129,0.254380638955));
#3331 = CARTESIAN_POINT('',(5.600140393101,0.252759842614));
#3332 = CARTESIAN_POINT('',(5.594642883236,0.251187975366));
#3333 = CARTESIAN_POINT('',(5.588907323601,0.24967311625));
#3334 = CARTESIAN_POINT('',(5.582919348223,0.248225675357));
#3335 = CARTESIAN_POINT('',(5.576666443749,0.246858298428));
#3336 = CARTESIAN_POINT('',(5.56662398271,0.244900733176));
#3337 = CARTESIAN_POINT('',(5.563030656175,0.244243333745));
#3338 = CARTESIAN_POINT('',(5.559357172564,0.243615926756));
#3339 = CARTESIAN_POINT('',(5.555603286533,0.24302118044));
#3340 = CARTESIAN_POINT('',(5.551769852099,0.242461981732));
#3341 = CARTESIAN_POINT('',(5.547859041414,0.241941340353));
#3342 = CARTESIAN_POINT('',(5.541760808611,0.241208158665));
#3343 = CARTESIAN_POINT('',(5.539626353139,0.240965732329));
#3344 = CARTESIAN_POINT('',(5.537471787359,0.240735467752));
#3345 = CARTESIAN_POINT('',(5.535297837731,0.240517819683));
#3346 = CARTESIAN_POINT('',(5.533105379385,0.240313235323));
#3347 = CARTESIAN_POINT('',(5.530895448566,0.240122145899));
#3348 = CARTESIAN_POINT('',(5.524355749627,0.239601635513));
#3349 = CARTESIAN_POINT('',(5.519980555414,0.239310458738));
#3350 = CARTESIAN_POINT('',(5.515553360776,0.239074470672));
#3351 = CARTESIAN_POINT('',(5.511085190429,0.238896220863));
#3352 = CARTESIAN_POINT('',(5.506588518322,0.238777578917));
#3353 = CARTESIAN_POINT('',(5.502077380474,0.23871954778));
#3354 = CARTESIAN_POINT('',(5.494180152204,0.238723975656));
#3355 = CARTESIAN_POINT('',(5.490792906057,0.238760036803));
#3356 = CARTESIAN_POINT('',(5.487412171746,0.238830253941));
#3357 = CARTESIAN_POINT('',(5.484043948179,0.23893429543));
#3358 = CARTESIAN_POINT('',(5.480693829642,0.239071541787));
#3359 = CARTESIAN_POINT('',(5.477367024646,0.23924112297));
#3360 = CARTESIAN_POINT('',(5.472466378427,0.239539489971));
#3361 = CARTESIAN_POINT('',(5.470870981316,0.239644398873));
#3362 = CARTESIAN_POINT('',(5.469282707846,0.239756558323));
#3363 = CARTESIAN_POINT('',(5.467702043286,0.239875836902));
#3364 = CARTESIAN_POINT('',(5.466129433764,0.240002095813));
#3365 = CARTESIAN_POINT('',(5.464565286263,0.240135188888));
#3366 = CARTESIAN_POINT('',(5.460463937321,0.240503770611));
#3367 = CARTESIAN_POINT('',(5.457941562847,0.240750485339));
#3368 = CARTESIAN_POINT('',(5.45544446262,0.241014441739));
#3369 = CARTESIAN_POINT('',(5.452973954383,0.241294944993));
#3370 = CARTESIAN_POINT('',(5.450531082162,0.241591286078));
#3371 = CARTESIAN_POINT('',(5.448116642225,0.241902757349));
#3372 = CARTESIAN_POINT('',(5.440575308882,0.242933094496));
#3373 = CARTESIAN_POINT('',(5.435555485928,0.243704899892));
#3374 = CARTESIAN_POINT('',(5.43067654338,0.244537191461));
#3375 = CARTESIAN_POINT('',(5.425939673435,0.245423342446));
#3376 = CARTESIAN_POINT('',(5.421343352247,0.246357327285));
#3377 = CARTESIAN_POINT('',(5.416883940645,0.247333947818));
#3378 = CARTESIAN_POINT('',(5.404960146613,0.250130350024));
#3379 = CARTESIAN_POINT('',(5.397774859711,0.252028660718));
#3380 = CARTESIAN_POINT('',(5.390966673771,0.254021318819));
#3381 = CARTESIAN_POINT('',(5.38450650368,0.256090478713));
#3382 = CARTESIAN_POINT('',(5.37836559924,0.258222143585));
#3383 = CARTESIAN_POINT('',(5.372515870086,0.260406250741));
#3384 = CARTESIAN_POINT('',(5.359894820099,0.265444911465));
#3385 = CARTESIAN_POINT('',(5.353283230218,0.268324265996));
#3386 = CARTESIAN_POINT('',(5.347041829429,0.271260254677));
#3387 = CARTESIAN_POINT('',(5.341131662861,0.274242128447));
#3388 = CARTESIAN_POINT('',(5.335519464252,0.277261652904));
#3389 = CARTESIAN_POINT('',(5.33017668252,0.28031297994));
#3390 = CARTESIAN_POINT('',(5.320202091273,0.286337010382));
#3391 = CARTESIAN_POINT('',(5.31555044648,0.289306670349));
#3392 = CARTESIAN_POINT('',(5.3111012952,0.292297593033));
#3393 = CARTESIAN_POINT('',(5.306837153861,0.29530671781));
#3394 = CARTESIAN_POINT('',(5.302743174379,0.298331590611));
#3395 = CARTESIAN_POINT('',(5.298806315597,0.301370285216));
#3396 = CARTESIAN_POINT('',(5.288094968761,0.309990540394));
#3397 = CARTESIAN_POINT('',(5.281661045274,0.315600183732));
#3398 = CARTESIAN_POINT('',(5.275643092975,0.32124163688));
#3399 = CARTESIAN_POINT('',(5.269991067626,0.326908541333));
#3400 = CARTESIAN_POINT('',(5.264664447642,0.332596129331));
#3401 = CARTESIAN_POINT('',(5.259630208751,0.338301086009));
#3402 = CARTESIAN_POINT('',(5.250138998037,0.349683439272));
#3403 = CARTESIAN_POINT('',(5.245677039623,0.355360082138));
#3404 = CARTESIAN_POINT('',(5.241447610296,0.361048945095));
#3405 = CARTESIAN_POINT('',(5.237429252631,0.366748142128));
#3406 = CARTESIAN_POINT('',(5.233604090282,0.372456179242));
#3407 = CARTESIAN_POINT('',(5.229956739462,0.378171903052));
#3408 = CARTESIAN_POINT('',(5.223880278081,0.388156095638));
#3409 = CARTESIAN_POINT('',(5.221377893617,0.392421466431));
#3410 = CARTESIAN_POINT('',(5.218961315325,0.39669021743));
#3411 = CARTESIAN_POINT('',(5.216625700408,0.400962019692));
#3412 = CARTESIAN_POINT('',(5.214366729301,0.405236589581));
#3413 = CARTESIAN_POINT('',(5.212180509841,0.409513685304));
#3414 = CARTESIAN_POINT('',(5.210063481438,0.413793103448));
#3415 = ( GEOMETRIC_REPRESENTATION_CONTEXT(2) 
PARAMETRIC_REPRESENTATION_CONTEXT() REPRESENTATION_CONTEXT('2D SPACE',''
  ) );
#3416 = PCURVE('',#3417,#3448);
#3417 = B_SPLINE_SURFACE_WITH_KNOTS('',14,1,(
    (#3418,#3419)
    ,(#3420,#3421)
    ,(#3422,#3423)
    ,(#3424,#3425)
    ,(#3426,#3427)
    ,(#3428,#3429)
    ,(#3430,#3431)
    ,(#3432,#3433)
    ,(#3434,#3435)
    ,(#3436,#3437)
    ,(#3438,#3439)
    ,(#3440,#3441)
    ,(#3442,#3443)
    ,(#3444,#3445)
    ,(#3446,#3447
    )),.UNSPECIFIED.,.T.,.F.,.F.,(15,15),(2,2),(0.,6.28318530718),(0.,1.
    ),.PIECEWISE_BEZIER_KNOTS.);
#3418 = CARTESIAN_POINT('',(500.,57.982756057297,35.355339059327));
#3419 = CARTESIAN_POINT('',(680.,68.589357775095,36.062445840514));
#3420 = CARTESIAN_POINT('',(500.00000000001,60.521546307673,
    37.894129309698));
#3421 = CARTESIAN_POINT('',(679.99999999983,71.762845588063,
    39.235933653474));
#3422 = CARTESIAN_POINT('',(499.99999999998,60.606231643335,
    42.887026349096));
#3423 = CARTESIAN_POINT('',(680.00000000081,71.408557410429,
    45.937199799962));
#3424 = CARTESIAN_POINT('',(499.99999999988,57.59431472385,
    49.691539111638));
#3425 = CARTESIAN_POINT('',(679.99999999752,66.723370978344,
    55.363131035783));
#3426 = CARTESIAN_POINT('',(500.00000000064,51.577366298662,
    56.931253344563));
#3427 = CARTESIAN_POINT('',(680.00000000555,57.95937332274,
    65.655585951236));
#3428 = CARTESIAN_POINT('',(499.99999999826,43.61109662788,
    62.726187765461));
#3429 = CARTESIAN_POINT('',(679.9999999903,46.711423350535,
    74.189366860793));
#3430 = CARTESIAN_POINT('',(500.00000000317,35.625747112642,
    65.245979563933));
#3431 = CARTESIAN_POINT('',(680.00000001353,35.744879458514,
    78.323963607249));
#3432 = CARTESIAN_POINT('',(499.99999999568,29.881443291669,
    63.456651823592));
#3433 = CARTESIAN_POINT('',(679.99999998473,28.193720674517,
    76.458082939173));
#3434 = CARTESIAN_POINT('',(500.00000000452,28.092115553914,
    57.712348005213));
#3435 = CARTESIAN_POINT('',(680.000000014,26.327840010104,
    68.906924158804));
#3436 = CARTESIAN_POINT('',(499.99999999627,30.61190735028,
    49.726998487849));
#3437 = CARTESIAN_POINT('',(679.99999998955,30.462436753537,
    57.940380263845));
#3438 = CARTESIAN_POINT('',(500.00000000241,36.406841772572,
    41.760728818484));
#3439 = CARTESIAN_POINT('',(680.00000000628,38.996217665124,
    46.692430293578));
#3440 = CARTESIAN_POINT('',(499.99999999879,43.646556004756,
    35.743780392538));
#3441 = CARTESIAN_POINT('',(679.99999999702,49.288672579481,
    37.928432636945));
#3442 = CARTESIAN_POINT('',(500.00000000043,50.451068767605,
    32.731863473368));
#3443 = CARTESIAN_POINT('',(680.00000000103,58.714603815764,
    33.243246205287));
#3444 = CARTESIAN_POINT('',(499.9999999999,55.443965806911,
    32.816548808935));
#3445 = CARTESIAN_POINT('',(679.99999999977,65.415869962111,
    32.888958027524));
#3446 = CARTESIAN_POINT('',(500.,57.982756057297,35.355339059327));
#3447 = CARTESIAN_POINT('',(680.,68.589357775095,36.062445840514));
#3448 = DEFINITIONAL_REPRESENTATION('',(#3449),#3566);
#3449 = B_SPLINE_CURVE_WITH_KNOTS('',7,(#3450,#3451,#3452,#3453,#3454,
    #3455,#3456,#3457,#3458,#3459,#3460,#3461,#3462,#3463,#3464,#3465,
    #3466,#3467,#3468,#3469,#3470,#3471,#3472,#3473,#3474,#3475,#3476,
    #3477,#3478,#3479,#3480,#3481,#3482,#3483,#3484,#3485,#3486,#3487,
    #3488,#3489,#3490,#3491,#3492,#3493,#3494,#3495,#3496,#3497,#3498,
    #3499,#3500,#3501,#3502,#3503,#3504,#3505,#3506,#3507,#3508,#3509,
    #3510,#3511,#3512,#3513,#3514,#3515,#3516,#3517,#3518,#3519,#3520,
    #3521,#3522,#3523,#3524,#3525,#3526,#3527,#3528,#3529,#3530,#3531,
    #3532,#3533,#3534,#3535,#3536,#3537,#3538,#3539,#3540,#3541,#3542,
    #3543,#3544,#3545,#3546,#3547,#3548,#3549,#3550,#3551,#3552,#3553,
    #3554,#3555,#3556,#3557,#3558,#3559,#3560,#3561,#3562,#3563,#3564,
    #3565),.UNSPECIFIED.,.F.,.F.,(8,6,6,6,6,6,6,6,6,6,6,6,6,6,6,6,6,6,6,
    8),(0.,0.117543857143,0.237192712028,0.301251901718,0.368716208446,
    0.412212117515,0.449198630612,0.469109523897,0.479672205965,
    0.500138622549,0.515510745352,0.522976247377,0.535197164139,
    0.561611576056,0.607970662453,0.666345281139,0.722163880651,
    0.824049553893,0.924898014471,1.),.UNSPECIFIED.);
#3450 = CARTESIAN_POINT('',(2.758370946809,1.));
#3451 = CARTESIAN_POINT('',(2.739187021165,0.98920897955));
#3452 = CARTESIAN_POINT('',(2.719449837848,0.978427204008));
#3453 = CARTESIAN_POINT('',(2.699114836692,0.967655819473));
#3454 = CARTESIAN_POINT('',(2.678130468691,0.956896428272));
#3455 = CARTESIAN_POINT('',(2.656436891616,0.946151114163));
#3456 = CARTESIAN_POINT('',(2.633962220098,0.935422512637));
#3457 = CARTESIAN_POINT('',(2.586852345989,0.913813568844));
#3458 = CARTESIAN_POINT('',(2.562187150697,0.902934633958));
#3459 = CARTESIAN_POINT('',(2.536524202844,0.892079984878));
#3460 = CARTESIAN_POINT('',(2.509749916859,0.881254385125));
#3461 = CARTESIAN_POINT('',(2.481724337698,0.87046475116));
#3462 = CARTESIAN_POINT('',(2.452273639673,0.859720361807));
#3463 = CARTESIAN_POINT('',(2.404486656933,0.843312483582));
#3464 = CARTESIAN_POINT('',(2.387344751302,0.837608010437));
#3465 = CARTESIAN_POINT('',(2.369686474732,0.831922463032));
#3466 = CARTESIAN_POINT('',(2.351468759772,0.826258491301));
#3467 = CARTESIAN_POINT('',(2.332642355805,0.820619477057));
#3468 = CARTESIAN_POINT('',(2.31314884423,0.815009644629));
#3469 = CARTESIAN_POINT('',(2.271606872517,0.803562482835));
#3470 = CARTESIAN_POINT('',(2.249481440855,0.797729946263));
#3471 = CARTESIAN_POINT('',(2.226451188473,0.791941791982));
#3472 = CARTESIAN_POINT('',(2.202416733979,0.786206293679));
#3473 = CARTESIAN_POINT('',(2.177259897801,0.780535227592));
#3474 = CARTESIAN_POINT('',(2.150838961767,0.774944109715));
#3475 = CARTESIAN_POINT('',(2.104976236052,0.765914295327));
#3476 = CARTESIAN_POINT('',(2.086394616169,0.762417582852));
#3477 = CARTESIAN_POINT('',(2.067155402902,0.758969144284));
#3478 = CARTESIAN_POINT('',(2.047200573726,0.755576682597));
#3479 = CARTESIAN_POINT('',(2.026467663946,0.752250274861));
#3480 = CARTESIAN_POINT('',(2.004885481875,0.749002661348));
#3481 = CARTESIAN_POINT('',(1.963216490965,0.743168807205));
#3482 = CARTESIAN_POINT('',(1.943397783063,0.740557524212));
#3483 = CARTESIAN_POINT('',(1.922851955866,0.738025071423));
#3484 = CARTESIAN_POINT('',(1.90152641343,0.735584465069));
#3485 = CARTESIAN_POINT('',(1.8793738565,0.733252476965));
#3486 = CARTESIAN_POINT('',(1.856352343636,0.731049480801));
#3487 = CARTESIAN_POINT('',(1.819544774128,0.727895625673));
#3488 = CARTESIAN_POINT('',(1.806404484336,0.726836482144));
#3489 = CARTESIAN_POINT('',(1.793000529221,0.725825659774));
#3490 = CARTESIAN_POINT('',(1.779331920251,0.724867457376));
#3491 = CARTESIAN_POINT('',(1.765401317306,0.723966526124));
#3492 = CARTESIAN_POINT('',(1.751215711899,0.723127715013));
#3493 = CARTESIAN_POINT('',(1.729132776084,0.72194647785));
#3494 = CARTESIAN_POINT('',(1.721410170362,0.721555902086));
#3495 = CARTESIAN_POINT('',(1.713621219519,0.721184920267));
#3496 = CARTESIAN_POINT('',(1.705768299107,0.720834265044));
#3497 = CARTESIAN_POINT('',(1.697854277481,0.720504656909));
#3498 = CARTESIAN_POINT('',(1.689882559323,0.720196790615));
#3499 = CARTESIAN_POINT('',(1.666306940731,0.719358190549));
#3500 = CARTESIAN_POINT('',(1.650552801449,0.718889072411));
#3501 = CARTESIAN_POINT('',(1.634626954364,0.718508869416));
#3502 = CARTESIAN_POINT('',(1.618565726936,0.718221689168));
#3503 = CARTESIAN_POINT('',(1.602410151618,0.718030543811));
#3504 = CARTESIAN_POINT('',(1.586206586435,0.7179370492));
#3505 = CARTESIAN_POINT('',(1.557840241221,0.717944183001));
#3506 = CARTESIAN_POINT('',(1.545673390511,0.718002281516));
#3507 = CARTESIAN_POINT('',(1.533528114432,0.718115409127));
#3508 = CARTESIAN_POINT('',(1.521424236518,0.718283031527));
#3509 = CARTESIAN_POINT('',(1.509380199795,0.718504150657));
#3510 = CARTESIAN_POINT('',(1.497413193762,0.718777364786));
#3511 = CARTESIAN_POINT('',(1.479772690122,0.719258067175));
#3512 = CARTESIAN_POINT('',(1.474027906542,0.719427087073));
#3513 = CARTESIAN_POINT('',(1.468306660408,0.71960778841));
#3514 = CARTESIAN_POINT('',(1.462610551253,0.719799959453));
#3515 = CARTESIAN_POINT('',(1.456941048355,0.720003376587));
#3516 = CARTESIAN_POINT('',(1.451299490742,0.720217804319));
#3517 = CARTESIAN_POINT('',(1.436499667957,0.720811630428));
#3518 = CARTESIAN_POINT('',(1.427390357524,0.721209115268));
#3519 = CARTESIAN_POINT('',(1.418364472057,0.721634378357));
#3520 = CARTESIAN_POINT('',(1.409426330499,0.722086300267));
#3521 = CARTESIAN_POINT('',(1.400579342584,0.722563738681));
#3522 = CARTESIAN_POINT('',(1.391826096851,0.723065553507));
#3523 = CARTESIAN_POINT('',(1.364455717143,0.724725541133));
#3524 = CARTESIAN_POINT('',(1.346191643847,0.725969005381));
#3525 = CARTESIAN_POINT('',(1.32839134155,0.727309919576));
#3526 = CARTESIAN_POINT('',(1.311058308328,0.728737607274));
#3527 = CARTESIAN_POINT('',(1.2941872607,0.730242360626));
#3528 = CARTESIAN_POINT('',(1.277765895084,0.731815804819));
#3529 = CARTESIAN_POINT('',(1.233711492946,0.736321119484));
#3530 = CARTESIAN_POINT('',(1.206995921864,0.739379508935));
#3531 = CARTESIAN_POINT('',(1.18151380603,0.742589902542));
#3532 = CARTESIAN_POINT('',(1.157169261495,0.745923549038));
#3533 = CARTESIAN_POINT('',(1.133868245331,0.749357897998));
#3534 = CARTESIAN_POINT('',(1.111518128148,0.752876737305));
#3535 = CARTESIAN_POINT('',(1.0629602601,0.760994579582));
#3536 = CARTESIAN_POINT('',(1.037275730278,0.76563353966));
#3537 = CARTESIAN_POINT('',(1.01279559667,0.770363743646));
#3538 = CARTESIAN_POINT('',(0.989392962569,0.77516787361));
#3539 = CARTESIAN_POINT('',(0.966959700931,0.780032663012));
#3540 = CARTESIAN_POINT('',(0.94540268453,0.784948689903));
#3541 = CARTESIAN_POINT('',(0.904781352635,0.794654072282));
#3542 = CARTESIAN_POINT('',(0.885653506924,0.79943852445));
#3543 = CARTESIAN_POINT('',(0.867183436467,0.80425723322));
#3544 = CARTESIAN_POINT('',(0.84931437211,0.809105267583));
#3545 = CARTESIAN_POINT('',(0.831998220317,0.813978673763));
#3546 = CARTESIAN_POINT('',(0.815192639318,0.818874348404));
#3547 = CARTESIAN_POINT('',(0.769048506975,0.832762537302));
#3548 = CARTESIAN_POINT('',(0.740817392945,0.841800296013));
#3549 = CARTESIAN_POINT('',(0.713937741946,0.850889303862));
#3550 = CARTESIAN_POINT('',(0.688247994693,0.860019316592));
#3551 = CARTESIAN_POINT('',(0.663617257252,0.869182652811));
#3552 = CARTESIAN_POINT('',(0.639938559515,0.878373971904));
#3553 = CARTESIAN_POINT('',(0.594534379888,0.896712207716));
#3554 = CARTESIAN_POINT('',(0.572793232497,0.905857910112));
#3555 = CARTESIAN_POINT('',(0.551809700191,0.91502330043));
#3556 = CARTESIAN_POINT('',(0.531514262908,0.924205340095));
#3557 = CARTESIAN_POINT('',(0.511848990417,0.933401622111));
#3558 = CARTESIAN_POINT('',(0.492763889809,0.942610288251));
#3559 = CARTESIAN_POINT('',(0.460402777906,0.958695931861));
#3560 = CARTESIAN_POINT('',(0.446887738126,0.965567918139));
#3561 = CARTESIAN_POINT('',(0.433652767898,0.972445350303));
#3562 = CARTESIAN_POINT('',(0.420682099716,0.979327698393));
#3563 = CARTESIAN_POINT('',(0.407961658465,0.986214505436));
#3564 = CARTESIAN_POINT('',(0.395478742886,0.993105381878));
#3565 = CARTESIAN_POINT('',(0.383221707054,1.));
#3566 = ( GEOMETRIC_REPRESENTATION_CONTEXT(2) 
PARAMETRIC_REPRESENTATION_CONTEXT() REPRESENTATION_CONTEXT('2D SPACE',''
  ) );
#3567 = ORIENTED_EDGE('',*,*,#3568,.T.);
#3568 = EDGE_CURVE('',#3176,#3569,#3571,.T.);
#3569 = VERTEX_POINT('',#3570);
#3570 = CARTESIAN_POINT('',(754.7460239286,71.028746408325,
    36.875575384924));
#3571 = SURFACE_CURVE('',#3572,(#3591,#3613),.PCURVE_S1.);
#3572 = B_SPLINE_CURVE_WITH_KNOTS('',5,(#3573,#3574,#3575,#3576,#3577,
    #3578,#3579,#3580,#3581,#3582,#3583,#3584,#3585,#3586,#3587,#3588,
    #3589,#3590),.UNSPECIFIED.,.F.,.F.,(6,4,4,4,6),(0.,0.249878136427,
    0.50043160877,0.75078753666,1.),.UNSPECIFIED.);
#3573 = CARTESIAN_POINT('',(680.,70.053631052716,39.886064498517));
#3574 = CARTESIAN_POINT('',(683.73017139478,70.154443072797,
    39.646616797074));
#3575 = CARTESIAN_POINT('',(687.46141732006,70.246829730167,
    39.420333859103));
#3576 = CARTESIAN_POINT('',(691.1935903944,70.33146612017,
    39.206531731754));
#3577 = CARTESIAN_POINT('',(694.92657156939,70.408892204432,
    39.004646275942));
#3578 = CARTESIAN_POINT('',(702.4040513761,70.550433317868,
    38.623206684761));
#3579 = CARTESIAN_POINT('',(706.14855255048,70.614511661857,
    38.443714563289));
#3580 = CARTESIAN_POINT('',(709.89367321117,70.672263767352,
    38.275211324768));
#3581 = CARTESIAN_POINT('',(713.63933301756,70.724067695461,
    38.117274168056));
#3582 = CARTESIAN_POINT('',(721.12864545483,70.816389631651,
    37.82189947184));
#3583 = CARTESIAN_POINT('',(724.87229656017,70.856917678541,
    37.684444910043));
#3584 = CARTESIAN_POINT('',(728.61635331015,70.89214966953,
    37.55679468583));
#3585 = CARTESIAN_POINT('',(732.36075895478,70.922357257713,
    37.438620681459));
#3586 = CARTESIAN_POINT('',(739.8330696642,70.973057269474,
    37.221150480377));
#3587 = CARTESIAN_POINT('',(743.56097147858,70.993595357259,
    37.121768942905));
#3588 = CARTESIAN_POINT('',(747.28912435041,71.009602262257,
    37.031208975634));
#3589 = CARTESIAN_POINT('',(751.01748699048,71.02126731343,
    36.949218274951));
#3590 = CARTESIAN_POINT('',(754.7460239286,71.028746408325,
    36.875575384924));
#3591 = PCURVE('',#1032,#3592);
#3592 = DEFINITIONAL_REPRESENTATION('',(#3593),#3612);
#3593 = B_SPLINE_CURVE_WITH_KNOTS('',5,(#3594,#3595,#3596,#3597,#3598,
    #3599,#3600,#3601,#3602,#3603,#3604,#3605,#3606,#3607,#3608,#3609,
    #3610,#3611),.UNSPECIFIED.,.F.,.F.,(6,4,4,4,6),(0.,0.249878136427,
    0.50043160877,0.75078753666,1.),.UNSPECIFIED.);
#3594 = CARTESIAN_POINT('',(5.210063481438,0.413793103448));
#3595 = CARTESIAN_POINT('',(5.206624354067,0.42665576343));
#3596 = CARTESIAN_POINT('',(5.203389673361,0.43952212869));
#3597 = CARTESIAN_POINT('',(5.200347421375,0.452391691015));
#3598 = CARTESIAN_POINT('',(5.197487856706,0.465264039894));
#3599 = CARTESIAN_POINT('',(5.192110026058,0.491048453021));
#3600 = CARTESIAN_POINT('',(5.18959270653,0.503960526036));
#3601 = CARTESIAN_POINT('',(5.187242161644,0.516874735211));
#3602 = CARTESIAN_POINT('',(5.185051325349,0.529790803509));
#3603 = CARTESIAN_POINT('',(5.180978342372,0.55561601881));
#3604 = CARTESIAN_POINT('',(5.179095934876,0.568525160552));
#3605 = CARTESIAN_POINT('',(5.177360722169,0.581435701069));
#3606 = CARTESIAN_POINT('',(5.17576739566,0.594347444672));
#3607 = CARTESIAN_POINT('',(5.172862096171,0.620114033325));
#3608 = CARTESIAN_POINT('',(5.171548840553,0.632968867168));
#3609 = CARTESIAN_POINT('',(5.170367165669,0.645824566726));
#3610 = CARTESIAN_POINT('',(5.169313141715,0.658680989622));
#3611 = CARTESIAN_POINT('',(5.168383398332,0.671538013547));
#3612 = ( GEOMETRIC_REPRESENTATION_CONTEXT(2) 
PARAMETRIC_REPRESENTATION_CONTEXT() REPRESENTATION_CONTEXT('2D SPACE',''
  ) );
#3613 = PCURVE('',#3614,#3645);
#3614 = B_SPLINE_SURFACE_WITH_KNOTS('',14,1,(
    (#3615,#3616)
    ,(#3617,#3618)
    ,(#3619,#3620)
    ,(#3621,#3622)
    ,(#3623,#3624)
    ,(#3625,#3626)
    ,(#3627,#3628)
    ,(#3629,#3630)
    ,(#3631,#3632)
    ,(#3633,#3634)
    ,(#3635,#3636)
    ,(#3637,#3638)
    ,(#3639,#3640)
    ,(#3641,#3642)
    ,(#3643,#3644
    )),.UNSPECIFIED.,.T.,.F.,.F.,(15,15),(2,2),(0.,6.28318530718),(0.,1.
    ),.PIECEWISE_BEZIER_KNOTS.);
#3615 = CARTESIAN_POINT('',(680.,68.589357775095,36.062445840514));
#3616 = CARTESIAN_POINT('',(810.,72.831998462214,37.476659402887));
#3617 = CARTESIAN_POINT('',(679.99999999983,71.762845588063,
    39.235933653474));
#3618 = CARTESIAN_POINT('',(809.99999999981,75.68813749388,
    40.33279843455));
#3619 = CARTESIAN_POINT('',(680.00000000081,71.408557410429,
    45.937199799962));
#3620 = CARTESIAN_POINT('',(810.00000000093,74.709737186354,
    47.023478914077));
#3621 = CARTESIAN_POINT('',(679.99999999752,66.723370978344,
    55.363131035783));
#3622 = CARTESIAN_POINT('',(809.99999999706,69.173986658845,
    56.825899764843));
#3623 = CARTESIAN_POINT('',(680.00000000555,57.95937332274,
    65.655585951236));
#3624 = CARTESIAN_POINT('',(810.00000000686,59.505024724376,
    67.870473233434));
#3625 = CARTESIAN_POINT('',(679.9999999903,46.711423350535,
    74.189366860793));
#3626 = CARTESIAN_POINT('',(809.99999998741,47.532707949096,
    77.40003785183));
#3627 = CARTESIAN_POINT('',(680.00000001353,35.744879458514,
    78.323963607249));
#3628 = CARTESIAN_POINT('',(810.0000000185,36.251190082961,
    82.532803287758));
#3629 = CARTESIAN_POINT('',(679.99999998473,28.193720674517,
    76.458082939173));
#3630 = CARTESIAN_POINT('',(809.99999997795,28.923697265644,
    81.384960597141));
#3631 = CARTESIAN_POINT('',(680.000000014,26.327840010104,
    68.906924158804));
#3632 = CARTESIAN_POINT('',(810.00000002136,27.775854579417,
    74.057467784247));
#3633 = CARTESIAN_POINT('',(679.99999998955,30.462436753537,
    57.940380263845));
#3634 = CARTESIAN_POINT('',(809.99999998319,32.908620011762,
    62.775949914449));
#3635 = CARTESIAN_POINT('',(680.00000000628,38.996217665124,
    46.692430293578));
#3636 = CARTESIAN_POINT('',(810.0000000106,42.438184632551,
    50.80363314165));
#3637 = CARTESIAN_POINT('',(679.99999999702,49.288672579481,
    37.928432636945));
#3638 = CARTESIAN_POINT('',(809.99999999477,53.482758099852,
    41.134671205826));
#3639 = CARTESIAN_POINT('',(680.00000000103,58.714603815764,
    33.243246205287));
#3640 = CARTESIAN_POINT('',(810.00000000188,63.285178951162,
    35.598920678895));
#3641 = CARTESIAN_POINT('',(679.99999999977,65.415869962111,
    32.888958027524));
#3642 = CARTESIAN_POINT('',(809.99999999958,69.975859430522,
    34.62052037119));
#3643 = CARTESIAN_POINT('',(680.,68.589357775095,36.062445840514));
#3644 = CARTESIAN_POINT('',(810.,72.831998462214,37.476659402887));
#3645 = DEFINITIONAL_REPRESENTATION('',(#3646),#3665);
#3646 = B_SPLINE_CURVE_WITH_KNOTS('',5,(#3647,#3648,#3649,#3650,#3651,
    #3652,#3653,#3654,#3655,#3656,#3657,#3658,#3659,#3660,#3661,#3662,
    #3663,#3664),.UNSPECIFIED.,.F.,.F.,(6,4,4,4,6),(0.,0.249878136427,
    0.50043160877,0.75078753666,1.),.UNSPECIFIED.);
#3647 = CARTESIAN_POINT('',(0.383221707054,1.836479678325E-14));
#3648 = CARTESIAN_POINT('',(0.361433725088,2.869362611379E-02));
#3649 = CARTESIAN_POINT('',(0.340086764691,5.739551784672E-02));
#3650 = CARTESIAN_POINT('',(0.319142560688,8.61045414955E-02));
#3651 = CARTESIAN_POINT('',(0.298570285344,0.114819781303));
#3652 = CARTESIAN_POINT('',(0.25806149165,0.172338856739));
#3653 = CARTESIAN_POINT('',(0.238126856666,0.201142711927));
#3654 = CARTESIAN_POINT('',(0.218512482352,0.229951332394));
#3655 = CARTESIAN_POINT('',(0.19919584538,0.258764100135));
#3656 = CARTESIAN_POINT('',(0.161133193533,0.316374195807));
#3657 = CARTESIAN_POINT('',(0.142386675025,0.345171512001));
#3658 = CARTESIAN_POINT('',(0.123897812815,0.37397194854));
#3659 = CARTESIAN_POINT('',(0.105649129068,0.402775068883));
#3660 = CARTESIAN_POINT('',(6.9683796409E-02,0.460254382033));
#3661 = CARTESIAN_POINT('',(5.196498618285E-02,0.488930549835));
#3662 = CARTESIAN_POINT('',(3.445370590314E-02,0.517608648849));
#3663 = CARTESIAN_POINT('',(1.713617486019E-02,0.546288361465));
#3664 = CARTESIAN_POINT('',(0.,0.574969414835));
#3665 = ( GEOMETRIC_REPRESENTATION_CONTEXT(2) 
PARAMETRIC_REPRESENTATION_CONTEXT() REPRESENTATION_CONTEXT('2D SPACE',''
  ) );
#3666 = ORIENTED_EDGE('',*,*,#3667,.T.);
#3667 = EDGE_CURVE('',#3569,#3668,#3670,.T.);
#3668 = VERTEX_POINT('',#3669);
#3669 = CARTESIAN_POINT('',(810.,70.803279001973,36.468840533782));
#3670 = SURFACE_CURVE('',#3671,(#3686,#3704),.PCURVE_S1.);
#3671 = B_SPLINE_CURVE_WITH_KNOTS('',4,(#3672,#3673,#3674,#3675,#3676,
    #3677,#3678,#3679,#3680,#3681,#3682,#3683,#3684,#3685),
  .UNSPECIFIED.,.F.,.F.,(5,3,3,3,5),(0.,0.249460525818,0.499981892266,
    0.750495286373,1.),.UNSPECIFIED.);
#3672 = CARTESIAN_POINT('',(754.7460239286,71.028746408325,
    36.875575384924));
#3673 = CARTESIAN_POINT('',(758.19148725789,71.035657799085,
    36.807523430001));
#3674 = CARTESIAN_POINT('',(761.63710913144,71.038757224824,
    36.747074425701));
#3675 = CARTESIAN_POINT('',(765.08285341639,71.038203337313,
    36.694003722286));
#3676 = CARTESIAN_POINT('',(771.98918002615,71.030009615573,
    36.602050107509));
#3677 = CARTESIAN_POINT('',(775.44976305232,71.022339958635,
    36.56322825363));
#3678 = CARTESIAN_POINT('',(778.91040843164,71.011226916528,
    36.531469524327));
#3679 = CARTESIAN_POINT('',(785.8316613272,70.982287396637,
    36.481767770496));
#3680 = CARTESIAN_POINT('',(789.29226877465,70.964461338546,
    36.463824148128));
#3681 = CARTESIAN_POINT('',(792.75288604504,70.943365308706,
    36.452631626657));
#3682 = CARTESIAN_POINT('',(799.66015988315,70.894843951886,
    36.443516774493));
#3683 = CARTESIAN_POINT('',(803.10681650433,70.867444579396,
    36.445541099925));
#3684 = CARTESIAN_POINT('',(806.55343687743,70.836913381768,
    36.45401420225));
#3685 = CARTESIAN_POINT('',(809.99999999996,70.803279009195,
    36.468840518923));
#3686 = PCURVE('',#1032,#3687);
#3687 = DEFINITIONAL_REPRESENTATION('',(#3688),#3703);
#3688 = B_SPLINE_CURVE_WITH_KNOTS('',4,(#3689,#3690,#3691,#3692,#3693,
    #3694,#3695,#3696,#3697,#3698,#3699,#3700,#3701,#3702),
  .UNSPECIFIED.,.F.,.F.,(5,3,3,3,5),(0.,0.249460525818,0.499981892266,
    0.750495286373,1.),.UNSPECIFIED.);
#3689 = CARTESIAN_POINT('',(5.168383398332,0.671538013547));
#3690 = CARTESIAN_POINT('',(5.16752424001,0.683418921579));
#3691 = CARTESIAN_POINT('',(5.166778269965,0.695300376315));
#3692 = CARTESIAN_POINT('',(5.166142065079,0.70718225316));
#3693 = CARTESIAN_POINT('',(5.165081439364,0.730997172504));
#3694 = CARTESIAN_POINT('',(5.164657926128,0.742930217422));
#3695 = CARTESIAN_POINT('',(5.164339551921,0.754863477351));
#3696 = CARTESIAN_POINT('',(5.163908708878,0.778729866646));
#3697 = CARTESIAN_POINT('',(5.163796230507,0.790662995775));
#3698 = CARTESIAN_POINT('',(5.163784500203,0.802596158776));
#3699 = CARTESIAN_POINT('',(5.163958873777,0.826414344425));
#3700 = CARTESIAN_POINT('',(5.164144179571,0.838299367256));
#3701 = CARTESIAN_POINT('',(5.164426143331,0.850184265095));
#3702 = CARTESIAN_POINT('',(5.16480362238,0.862068965517));
#3703 = ( GEOMETRIC_REPRESENTATION_CONTEXT(2) 
PARAMETRIC_REPRESENTATION_CONTEXT() REPRESENTATION_CONTEXT('2D SPACE',''
  ) );
#3704 = PCURVE('',#3106,#3705);
#3705 = DEFINITIONAL_REPRESENTATION('',(#3706),#3721);
#3706 = B_SPLINE_CURVE_WITH_KNOTS('',4,(#3707,#3708,#3709,#3710,#3711,
    #3712,#3713,#3714,#3715,#3716,#3717,#3718,#3719,#3720),
  .UNSPECIFIED.,.F.,.F.,(5,3,3,3,5),(0.,0.249460525818,0.499981892266,
    0.750495286373,1.),.UNSPECIFIED.);
#3707 = CARTESIAN_POINT('',(6.28318530718,0.574969414835));
#3708 = CARTESIAN_POINT('',(6.26735011807,0.601472978907));
#3709 = CARTESIAN_POINT('',(6.251680069141,0.62797776255));
#3710 = CARTESIAN_POINT('',(6.236162574627,0.654483487819));
#3711 = CARTESIAN_POINT('',(6.205345040034,0.707609077125));
#3712 = CARTESIAN_POINT('',(6.190046185635,0.734228946557));
#3713 = CARTESIAN_POINT('',(6.174878654398,0.760849295628));
#3714 = CARTESIAN_POINT('',(6.144786317387,0.814089702517));
#3715 = CARTESIAN_POINT('',(6.129861488168,0.840709759805));
#3716 = CARTESIAN_POINT('',(6.115047555167,0.867329892654));
#3717 = CARTESIAN_POINT('',(6.085681853657,0.920462768332));
#3718 = CARTESIAN_POINT('',(6.071129256652,0.946975511572));
#3719 = CARTESIAN_POINT('',(6.056667970904,0.973487975981));
#3720 = CARTESIAN_POINT('',(6.042289172095,1.));
#3721 = ( GEOMETRIC_REPRESENTATION_CONTEXT(2) 
PARAMETRIC_REPRESENTATION_CONTEXT() REPRESENTATION_CONTEXT('2D SPACE',''
  ) );
#3722 = ORIENTED_EDGE('',*,*,#3723,.T.);
#3723 = EDGE_CURVE('',#3668,#3724,#3726,.T.);
#3724 = VERTEX_POINT('',#3725);
#3725 = CARTESIAN_POINT('',(849.,69.264165896279,38.894260162693));
#3726 = SURFACE_CURVE('',#3727,(#3734,#3744),.PCURVE_S1.);
#3727 = B_SPLINE_CURVE_WITH_KNOTS('',5,(#3728,#3729,#3730,#3731,#3732,
    #3733),.UNSPECIFIED.,.F.,.F.,(6,6),(0.,1.),
  .PIECEWISE_BEZIER_KNOTS.);
#3728 = CARTESIAN_POINT('',(809.99999999996,70.803279009195,
    36.468840518924));
#3729 = CARTESIAN_POINT('',(817.80020462687,70.506067550644,
    36.957280057523));
#3730 = CARTESIAN_POINT('',(825.60030896807,70.203576547664,
    37.444109701089));
#3731 = CARTESIAN_POINT('',(833.40031149771,69.895782526952,
    37.92925670713));
#3732 = CARTESIAN_POINT('',(841.20021015992,69.582660573743,
    38.41265268371));
#3733 = CARTESIAN_POINT('',(848.99999999997,69.264165903387,
    38.894260149399));
#3734 = PCURVE('',#1032,#3735);
#3735 = DEFINITIONAL_REPRESENTATION('',(#3736),#3743);
#3736 = B_SPLINE_CURVE_WITH_KNOTS('',5,(#3737,#3738,#3739,#3740,#3741,
    #3742),.UNSPECIFIED.,.F.,.F.,(6,6),(0.,1.),
  .PIECEWISE_BEZIER_KNOTS.);
#3737 = CARTESIAN_POINT('',(5.16480362238,0.862068965517));
#3738 = CARTESIAN_POINT('',(5.172467246163,0.888966222851));
#3739 = CARTESIAN_POINT('',(5.180156323782,0.915863134373));
#3740 = CARTESIAN_POINT('',(5.187871142573,0.94275969482));
#3741 = CARTESIAN_POINT('',(5.195612081807,0.969655897103));
#3742 = CARTESIAN_POINT('',(5.203380054097,0.996551724138));
#3743 = ( GEOMETRIC_REPRESENTATION_CONTEXT(2) 
PARAMETRIC_REPRESENTATION_CONTEXT() REPRESENTATION_CONTEXT('2D SPACE',''
  ) );
#3744 = PCURVE('',#3745,#3776);
#3745 = B_SPLINE_SURFACE_WITH_KNOTS('',14,1,(
    (#3746,#3747)
    ,(#3748,#3749)
    ,(#3750,#3751)
    ,(#3752,#3753)
    ,(#3754,#3755)
    ,(#3756,#3757)
    ,(#3758,#3759)
    ,(#3760,#3761)
    ,(#3762,#3763)
    ,(#3764,#3765)
    ,(#3766,#3767)
    ,(#3768,#3769)
    ,(#3770,#3771)
    ,(#3772,#3773)
    ,(#3774,#3775
    )),.UNSPECIFIED.,.T.,.F.,.F.,(15,15),(2,2),(0.,6.28318530718),(0.,1.
    ),.PIECEWISE_BEZIER_KNOTS.);
#3746 = CARTESIAN_POINT('',(810.,72.831998462214,37.476659402887));
#3747 = CARTESIAN_POINT('',(849.,70.710678118655,39.597979746447));
#3748 = CARTESIAN_POINT('',(809.99999999981,75.68813749388,
    40.33279843455));
#3749 = CARTESIAN_POINT('',(848.9999999999,72.932119587733,
    41.819421215516));
#3750 = CARTESIAN_POINT('',(810.00000000093,74.709737186354,
    47.023478914077));
#3751 = CARTESIAN_POINT('',(849.0000000005,71.779166330517,
    47.415259050943));
#3752 = CARTESIAN_POINT('',(809.99999999706,69.173986658845,
    56.825899764843));
#3753 = CARTESIAN_POINT('',(848.99999999826,66.689631605409,
    55.823315138604));
#3754 = CARTESIAN_POINT('',(810.00000000686,59.505024724376,
    67.870473233434));
#3755 = CARTESIAN_POINT('',(849.00000000435,58.110636068986,
    65.472230757123));
#3756 = CARTESIAN_POINT('',(809.99999998741,47.532707949096,
    77.40003785183));
#3757 = CARTESIAN_POINT('',(848.99999999159,47.699849083814,
    73.983099397962));
#3758 = CARTESIAN_POINT('',(810.0000000185,36.251190082961,
    82.532803287758));
#3759 = CARTESIAN_POINT('',(849.00000001281,38.086382930105,
    78.814202550649));
#3760 = CARTESIAN_POINT('',(809.99999997795,28.923697265644,
    81.384960597141));
#3761 = CARTESIAN_POINT('',(848.99999998437,32.071373065831,
    78.237284797221));
#3762 = CARTESIAN_POINT('',(810.00000002136,27.775854579417,
    74.057467784247));
#3763 = CARTESIAN_POINT('',(849.00000001537,31.494455316308,
    72.222274936832));
#3764 = CARTESIAN_POINT('',(809.99999998319,32.908620011762,
    62.775949914449));
#3765 = CARTESIAN_POINT('',(848.99999998777,36.325558465783,
    62.608808779958));
#3766 = CARTESIAN_POINT('',(810.0000000106,42.438184632551,
    50.80363314165));
#3767 = CARTESIAN_POINT('',(849.00000000778,44.836427108773,
    52.198021796887));
#3768 = CARTESIAN_POINT('',(809.99999999477,53.482758099852,
    41.134671205826));
#3769 = CARTESIAN_POINT('',(848.99999999613,54.485342726133,
    43.619026259343));
#3770 = CARTESIAN_POINT('',(810.00000000188,63.285178951162,
    35.598920678895));
#3771 = CARTESIAN_POINT('',(849.0000000014,62.893398814281,
    38.529491534701));
#3772 = CARTESIAN_POINT('',(809.99999999958,69.975859430522,
    34.62052037119));
#3773 = CARTESIAN_POINT('',(848.99999999969,68.48923664956,
    37.376538277344));
#3774 = CARTESIAN_POINT('',(810.,72.831998462214,37.476659402887));
#3775 = CARTESIAN_POINT('',(849.,70.710678118655,39.597979746447));
#3776 = DEFINITIONAL_REPRESENTATION('',(#3777),#3784);
#3777 = B_SPLINE_CURVE_WITH_KNOTS('',5,(#3778,#3779,#3780,#3781,#3782,
    #3783),.UNSPECIFIED.,.F.,.F.,(6,6),(0.,1.),
  .PIECEWISE_BEZIER_KNOTS.);
#3778 = CARTESIAN_POINT('',(6.042289172095,0.));
#3779 = CARTESIAN_POINT('',(6.046841369974,0.200005246844));
#3780 = CARTESIAN_POINT('',(6.05133593561,0.400007922259));
#3781 = CARTESIAN_POINT('',(6.055753513291,0.600007987122));
#3782 = CARTESIAN_POINT('',(6.060068978738,0.800005388717));
#3783 = CARTESIAN_POINT('',(6.064233872476,1.));
#3784 = ( GEOMETRIC_REPRESENTATION_CONTEXT(2) 
PARAMETRIC_REPRESENTATION_CONTEXT() REPRESENTATION_CONTEXT('2D SPACE',''
  ) );
#3785 = ORIENTED_EDGE('',*,*,#3786,.F.);
#3786 = EDGE_CURVE('',#3787,#3724,#3789,.T.);
#3787 = VERTEX_POINT('',#3788);
#3788 = CARTESIAN_POINT('',(849.,38.894260160086,69.264165881539));
#3789 = SURFACE_CURVE('',#3790,(#3800,#3813),.PCURVE_S1.);
#3790 = B_SPLINE_CURVE_WITH_KNOTS('',8,(#3791,#3792,#3793,#3794,#3795,
    #3796,#3797,#3798,#3799),.UNSPECIFIED.,.F.,.F.,(9,9),(0.,1.),
  .PIECEWISE_BEZIER_KNOTS.);
#3791 = CARTESIAN_POINT('',(849.,38.408742329135,69.521440701343));
#3792 = CARTESIAN_POINT('',(849.,43.352422588644,66.925255117494));
#3793 = CARTESIAN_POINT('',(849.,48.073368499809,63.902179354377));
#3794 = CARTESIAN_POINT('',(849.,52.52679659824,60.475295455641));
#3795 = CARTESIAN_POINT('',(849.,56.672788223013,56.672788224916));
#3796 = CARTESIAN_POINT('',(849.,60.475295456656,52.526796602737));
#3797 = CARTESIAN_POINT('',(849.,63.902179358459,48.073368506714));
#3798 = CARTESIAN_POINT('',(849.,66.92525512486,43.352422597635));
#3799 = CARTESIAN_POINT('',(849.,69.521440712138,38.40874233993));
#3800 = PCURVE('',#1032,#3801);
#3801 = DEFINITIONAL_REPRESENTATION('',(#3802),#3812);
#3802 = B_SPLINE_CURVE_WITH_KNOTS('',8,(#3803,#3804,#3805,#3806,#3807,
    #3808,#3809,#3810,#3811),.UNSPECIFIED.,.F.,.F.,(9,9),(0.,1.),
  .PIECEWISE_BEZIER_KNOTS.);
#3803 = CARTESIAN_POINT('',(5.799618836787,0.996551724138));
#3804 = CARTESIAN_POINT('',(5.724167500487,0.996551724138));
#3805 = CARTESIAN_POINT('',(5.64869884922,0.996551724138));
#3806 = CARTESIAN_POINT('',(5.573239038719,0.996551724138));
#3807 = CARTESIAN_POINT('',(5.49778714413,0.996551724138));
#3808 = CARTESIAN_POINT('',(5.422335249538,0.996551724138));
#3809 = CARTESIAN_POINT('',(5.346875439039,0.996551724138));
#3810 = CARTESIAN_POINT('',(5.271406787771,0.996551724138));
#3811 = CARTESIAN_POINT('',(5.195955451471,0.996551724138));
#3812 = ( GEOMETRIC_REPRESENTATION_CONTEXT(2) 
PARAMETRIC_REPRESENTATION_CONTEXT() REPRESENTATION_CONTEXT('2D SPACE',''
  ) );
#3813 = PCURVE('',#3814,#3819);
#3814 = PLANE('',#3815);
#3815 = AXIS2_PLACEMENT_3D('',#3816,#3817,#3818);
#3816 = CARTESIAN_POINT('',(849.,55.154328932551,55.154328932551));
#3817 = DIRECTION('',(1.,7.850462293419E-17,7.850462293419E-17));
#3818 = DIRECTION('',(1.232595164408E-32,0.707106781187,-0.707106781187)
  );
#3819 = DEFINITIONAL_REPRESENTATION('',(#3820),#3830);
#3820 = B_SPLINE_CURVE_WITH_KNOTS('',8,(#3821,#3822,#3823,#3824,#3825,
    #3826,#3827,#3828,#3829),.UNSPECIFIED.,.F.,.F.,(9,9),(0.,1.),
  .PIECEWISE_BEZIER_KNOTS.);
#3821 = CARTESIAN_POINT('',(-22.,-1.681835684443));
#3822 = CARTESIAN_POINT('',(-16.66850973292,-2.190628048464E-02));
#3823 = CARTESIAN_POINT('',(-11.19265949338,1.178669214774));
#3824 = CARTESIAN_POINT('',(-5.620437442322,1.904545579566));
#3825 = CARTESIAN_POINT('',(-1.345561884136E-09,2.147425723829));
#3826 = CARTESIAN_POINT('',(5.620437439859,1.904545583463));
#3827 = CARTESIAN_POINT('',(11.192659491388,1.178669222543));
#3828 = CARTESIAN_POINT('',(16.668509731775,-2.190626891882E-02));
#3829 = CARTESIAN_POINT('',(22.,-1.681835669177));
#3830 = ( GEOMETRIC_REPRESENTATION_CONTEXT(2) 
PARAMETRIC_REPRESENTATION_CONTEXT() REPRESENTATION_CONTEXT('2D SPACE',''
  ) );
#3831 = ORIENTED_EDGE('',*,*,#3832,.T.);
#3832 = EDGE_CURVE('',#3787,#3027,#3833,.T.);
#3833 = SURFACE_CURVE('',#3834,(#3841,#3851),.PCURVE_S1.);
#3834 = B_SPLINE_CURVE_WITH_KNOTS('',5,(#3835,#3836,#3837,#3838,#3839,
    #3840),.UNSPECIFIED.,.F.,.F.,(6,6),(0.,1.),
  .PIECEWISE_BEZIER_KNOTS.);
#3835 = CARTESIAN_POINT('',(849.,38.894260165519,69.264165878634));
#3836 = CARTESIAN_POINT('',(841.20021015995,38.412652700369,
    69.582660548578));
#3837 = CARTESIAN_POINT('',(833.40031149773,37.929256724331,
    69.895782501392));
#3838 = CARTESIAN_POINT('',(825.60030896809,37.444109718805,
    70.203576521743));
#3839 = CARTESIAN_POINT('',(817.80020462689,36.957280075738,
    70.506067524386));
#3840 = CARTESIAN_POINT('',(810.,36.468840537596,70.803278982638));
#3841 = PCURVE('',#1032,#3842);
#3842 = DEFINITIONAL_REPRESENTATION('',(#3843),#3850);
#3843 = B_SPLINE_CURVE_WITH_KNOTS('',5,(#3844,#3845,#3846,#3847,#3848,
    #3849),.UNSPECIFIED.,.F.,.F.,(6,6),(0.,1.),
  .PIECEWISE_BEZIER_KNOTS.);
#3844 = CARTESIAN_POINT('',(5.792194233751,0.996551724138));
#3845 = CARTESIAN_POINT('',(5.799962206029,0.969655897103));
#3846 = CARTESIAN_POINT('',(5.807703145253,0.94275969482));
#3847 = CARTESIAN_POINT('',(5.815417964032,0.915863134373));
#3848 = CARTESIAN_POINT('',(5.823107041641,0.888966222851));
#3849 = CARTESIAN_POINT('',(5.830770665414,0.862068965517));
#3850 = ( GEOMETRIC_REPRESENTATION_CONTEXT(2) 
PARAMETRIC_REPRESENTATION_CONTEXT() REPRESENTATION_CONTEXT('2D SPACE',''
  ) );
#3851 = PCURVE('',#3745,#3852);
#3852 = DEFINITIONAL_REPRESENTATION('',(#3853),#3860);
#3853 = B_SPLINE_CURVE_WITH_KNOTS('',5,(#3854,#3855,#3856,#3857,#3858,
    #3859),.UNSPECIFIED.,.F.,.F.,(6,6),(0.,1.),
  .PIECEWISE_BEZIER_KNOTS.);
#3854 = CARTESIAN_POINT('',(3.360544093037,1.));
#3855 = CARTESIAN_POINT('',(3.364708986699,0.800005388717));
#3856 = CARTESIAN_POINT('',(3.369024452076,0.600007987121));
#3857 = CARTESIAN_POINT('',(3.373442029681,0.400007922259));
#3858 = CARTESIAN_POINT('',(3.377936595246,0.200005246844));
#3859 = CARTESIAN_POINT('',(3.382488793049,0.));
#3860 = ( GEOMETRIC_REPRESENTATION_CONTEXT(2) 
PARAMETRIC_REPRESENTATION_CONTEXT() REPRESENTATION_CONTEXT('2D SPACE',''
  ) );
#3861 = ADVANCED_FACE('',(#3862),#959,.T.);
#3862 = FACE_BOUND('',#3863,.T.);
#3863 = EDGE_LOOP('',(#3864,#3865,#3866,#3867,#3890));
#3864 = ORIENTED_EDGE('',*,*,#2262,.F.);
#3865 = ORIENTED_EDGE('',*,*,#939,.T.);
#3866 = ORIENTED_EDGE('',*,*,#2105,.T.);
#3867 = ORIENTED_EDGE('',*,*,#3868,.T.);
#3868 = EDGE_CURVE('',#2106,#3869,#3871,.T.);
#3869 = VERTEX_POINT('',#3870);
#3870 = CARTESIAN_POINT('',(462.5,15.,102.));
#3871 = SURFACE_CURVE('',#3872,(#3876,#3883),.PCURVE_S1.);
#3872 = LINE('',#3873,#3874);
#3873 = CARTESIAN_POINT('',(445.,15.,102.));
#3874 = VECTOR('',#3875,1.);
#3875 = DIRECTION('',(1.,0.,0.));
#3876 = PCURVE('',#959,#3877);
#3877 = DEFINITIONAL_REPRESENTATION('',(#3878),#3882);
#3878 = LINE('',#3879,#3880);
#3879 = CARTESIAN_POINT('',(34.,0.));
#3880 = VECTOR('',#3881,1.);
#3881 = DIRECTION('',(0.,1.));
#3882 = ( GEOMETRIC_REPRESENTATION_CONTEXT(2) 
PARAMETRIC_REPRESENTATION_CONTEXT() REPRESENTATION_CONTEXT('2D SPACE',''
  ) );
#3883 = PCURVE('',#2142,#3884);
#3884 = DEFINITIONAL_REPRESENTATION('',(#3885),#3889);
#3885 = LINE('',#3886,#3887);
#3886 = CARTESIAN_POINT('',(0.,30.));
#3887 = VECTOR('',#3888,1.);
#3888 = DIRECTION('',(1.,0.));
#3889 = ( GEOMETRIC_REPRESENTATION_CONTEXT(2) 
PARAMETRIC_REPRESENTATION_CONTEXT() REPRESENTATION_CONTEXT('2D SPACE',''
  ) );
#3890 = ORIENTED_EDGE('',*,*,#3891,.T.);
#3891 = EDGE_CURVE('',#3869,#2263,#3892,.T.);
#3892 = SURFACE_CURVE('',#3893,(#3899,#3908),.PCURVE_S1.);
#3893 = B_SPLINE_CURVE_WITH_KNOTS('',4,(#3894,#3895,#3896,#3897,#3898),
  .UNSPECIFIED.,.F.,.F.,(5,5),(0.,1.),.PIECEWISE_BEZIER_KNOTS.);
#3894 = CARTESIAN_POINT('',(462.5,15.,102.));
#3895 = CARTESIAN_POINT('',(475.62500511152,15.,101.57999983643));
#3896 = CARTESIAN_POINT('',(488.75000690863,15.,101.15999977892));
#3897 = CARTESIAN_POINT('',(501.87500525496,15.,100.73999983184));
#3898 = CARTESIAN_POINT('',(515.,15.,100.32));
#3899 = PCURVE('',#959,#3900);
#3900 = DEFINITIONAL_REPRESENTATION('',(#3901),#3907);
#3901 = B_SPLINE_CURVE_WITH_KNOTS('',4,(#3902,#3903,#3904,#3905,#3906),
  .UNSPECIFIED.,.F.,.F.,(5,5),(0.,1.),.PIECEWISE_BEZIER_KNOTS.);
#3902 = CARTESIAN_POINT('',(34.,17.5));
#3903 = CARTESIAN_POINT('',(33.579999836431,30.625005111523));
#3904 = CARTESIAN_POINT('',(33.159999778924,43.750006908636));
#3905 = CARTESIAN_POINT('',(32.739999831841,56.875005254964));
#3906 = CARTESIAN_POINT('',(32.32,70.));
#3907 = ( GEOMETRIC_REPRESENTATION_CONTEXT(2) 
PARAMETRIC_REPRESENTATION_CONTEXT() REPRESENTATION_CONTEXT('2D SPACE',''
  ) );
#3908 = PCURVE('',#2223,#3909);
#3909 = DEFINITIONAL_REPRESENTATION('',(#3910),#3916);
#3910 = B_SPLINE_CURVE_WITH_KNOTS('',4,(#3911,#3912,#3913,#3914,#3915),
  .UNSPECIFIED.,.F.,.F.,(5,5),(0.,1.),.PIECEWISE_BEZIER_KNOTS.);
#3911 = CARTESIAN_POINT('',(-15.29411764752,0.25));
#3912 = CARTESIAN_POINT('',(-15.35709345047,0.302500020446));
#3913 = CARTESIAN_POINT('',(-15.42076073348,0.355000027635));
#3914 = CARTESIAN_POINT('',(-15.48513658537,0.40750002102));
#3915 = CARTESIAN_POINT('',(-15.5502392354,0.46));
#3916 = ( GEOMETRIC_REPRESENTATION_CONTEXT(2) 
PARAMETRIC_REPRESENTATION_CONTEXT() REPRESENTATION_CONTEXT('2D SPACE',''
  ) );
#3917 = ADVANCED_FACE('',(#3918),#1099,.T.);
#3918 = FACE_BOUND('',#3919,.T.);
#3919 = EDGE_LOOP('',(#3920,#3921,#3922,#3950));
#3920 = ORIENTED_EDGE('',*,*,#1083,.F.);
#3921 = ORIENTED_EDGE('',*,*,#3005,.T.);
#3922 = ORIENTED_EDGE('',*,*,#3923,.T.);
#3923 = EDGE_CURVE('',#2961,#3924,#3926,.T.);
#3924 = VERTEX_POINT('',#3925);
#3925 = CARTESIAN_POINT('',(850.,78.000000034685,-4.));
#3926 = SURFACE_CURVE('',#3927,(#3931,#3938),.PCURVE_S1.);
#3927 = LINE('',#3928,#3929);
#3928 = CARTESIAN_POINT('',(850.,78.000000039525,0.));
#3929 = VECTOR('',#3930,1.);
#3930 = DIRECTION('',(1.110223024625E-16,0.,-1.));
#3931 = PCURVE('',#1099,#3932);
#3932 = DEFINITIONAL_REPRESENTATION('',(#3933),#3937);
#3933 = LINE('',#3934,#3935);
#3934 = CARTESIAN_POINT('',(0.,0.));
#3935 = VECTOR('',#3936,1.);
#3936 = DIRECTION('',(-1.,0.));
#3937 = ( GEOMETRIC_REPRESENTATION_CONTEXT(2) 
PARAMETRIC_REPRESENTATION_CONTEXT() REPRESENTATION_CONTEXT('2D SPACE',''
  ) );
#3938 = PCURVE('',#3939,#3944);
#3939 = B_SPLINE_SURFACE_WITH_KNOTS('',1,1,(
    (#3940,#3941)
    ,(#3942,#3943
    )),.UNSPECIFIED.,.F.,.F.,.F.,(2,2),(2,2),(-4.,4.),(0.,1.),
  .PIECEWISE_BEZIER_KNOTS.);
#3940 = CARTESIAN_POINT('',(850.,78.000000039525,-4.));
#3941 = CARTESIAN_POINT('',(1.08E+03,83.000000029177,-3.));
#3942 = CARTESIAN_POINT('',(850.,78.000000039525,4.));
#3943 = CARTESIAN_POINT('',(1.08E+03,83.000000029177,3.));
#3944 = DEFINITIONAL_REPRESENTATION('',(#3945),#3949);
#3945 = LINE('',#3946,#3947);
#3946 = CARTESIAN_POINT('',(0.,0.));
#3947 = VECTOR('',#3948,1.);
#3948 = DIRECTION('',(-1.,0.));
#3949 = ( GEOMETRIC_REPRESENTATION_CONTEXT(2) 
PARAMETRIC_REPRESENTATION_CONTEXT() REPRESENTATION_CONTEXT('2D SPACE',''
  ) );
#3950 = ORIENTED_EDGE('',*,*,#3951,.F.);
#3951 = EDGE_CURVE('',#1084,#3924,#3952,.T.);
#3952 = SURFACE_CURVE('',#3953,(#3956,#3962),.PCURVE_S1.);
#3953 = B_SPLINE_CURVE_WITH_KNOTS('',1,(#3954,#3955),.UNSPECIFIED.,.F.,
  .F.,(2,2),(0.,1.),.PIECEWISE_BEZIER_KNOTS.);
#3954 = CARTESIAN_POINT('',(560.,80.000000034632,-4.));
#3955 = CARTESIAN_POINT('',(850.,78.000000034685,-4.));
#3956 = PCURVE('',#1099,#3957);
#3957 = DEFINITIONAL_REPRESENTATION('',(#3958),#3961);
#3958 = B_SPLINE_CURVE_WITH_KNOTS('',1,(#3959,#3960),.UNSPECIFIED.,.F.,
  .F.,(2,2),(0.,1.),.PIECEWISE_BEZIER_KNOTS.);
#3959 = CARTESIAN_POINT('',(-4.,-290.0068964696));
#3960 = CARTESIAN_POINT('',(-4.,3.342393029016E-11));
#3961 = ( GEOMETRIC_REPRESENTATION_CONTEXT(2) 
PARAMETRIC_REPRESENTATION_CONTEXT() REPRESENTATION_CONTEXT('2D SPACE',''
  ) );
#3962 = PCURVE('',#1151,#3963);
#3963 = DEFINITIONAL_REPRESENTATION('',(#3964),#3967);
#3964 = B_SPLINE_CURVE_WITH_KNOTS('',1,(#3965,#3966),.UNSPECIFIED.,.F.,
  .F.,(2,2),(0.,1.),.PIECEWISE_BEZIER_KNOTS.);
#3965 = CARTESIAN_POINT('',(-4.712388980385,0.));
#3966 = CARTESIAN_POINT('',(-4.712388980385,-290.));
#3967 = ( GEOMETRIC_REPRESENTATION_CONTEXT(2) 
PARAMETRIC_REPRESENTATION_CONTEXT() REPRESENTATION_CONTEXT('2D SPACE',''
  ) );
#3968 = ADVANCED_FACE('',(#3969),#1151,.T.);
#3969 = FACE_BOUND('',#3970,.T.);
#3970 = EDGE_LOOP('',(#3971,#3972,#3973,#4018,#4036,#4037,#4165,#4194));
#3971 = ORIENTED_EDGE('',*,*,#1134,.F.);
#3972 = ORIENTED_EDGE('',*,*,#3951,.T.);
#3973 = ORIENTED_EDGE('',*,*,#3974,.F.);
#3974 = EDGE_CURVE('',#3975,#3924,#3977,.T.);
#3975 = VERTEX_POINT('',#3976);
#3976 = CARTESIAN_POINT('',(850.,4.000000029846,-78.));
#3977 = SURFACE_CURVE('',#3978,(#3983,#3990),.PCURVE_S1.);
#3978 = CIRCLE('',#3979,74.);
#3979 = AXIS2_PLACEMENT_3D('',#3980,#3981,#3982);
#3980 = CARTESIAN_POINT('',(850.,4.000000029846,-4.));
#3981 = DIRECTION('',(1.,-0.,1.110223024625E-16));
#3982 = DIRECTION('',(1.110223024625E-16,0.,-1.));
#3983 = PCURVE('',#1151,#3984);
#3984 = DEFINITIONAL_REPRESENTATION('',(#3985),#3989);
#3985 = LINE('',#3986,#3987);
#3986 = CARTESIAN_POINT('',(-3.14159265359,-290.));
#3987 = VECTOR('',#3988,1.);
#3988 = DIRECTION('',(-1.,-0.));
#3989 = ( GEOMETRIC_REPRESENTATION_CONTEXT(2) 
PARAMETRIC_REPRESENTATION_CONTEXT() REPRESENTATION_CONTEXT('2D SPACE',''
  ) );
#3990 = PCURVE('',#3991,#4012);
#3991 = B_SPLINE_SURFACE_WITH_KNOTS('',9,1,(
    (#3992,#3993)
    ,(#3994,#3995)
    ,(#3996,#3997)
    ,(#3998,#3999)
    ,(#4000,#4001)
    ,(#4002,#4003)
    ,(#4004,#4005)
    ,(#4006,#4007)
    ,(#4008,#4009)
    ,(#4010,#4011
    )),.UNSPECIFIED.,.F.,.F.,.F.,(10,10),(2,2),(0.,1.570796326795),(0.,
    1.),.PIECEWISE_BEZIER_KNOTS.);
#3992 = CARTESIAN_POINT('',(850.,4.000000029846,-78.));
#3993 = CARTESIAN_POINT('',(1.08E+03,3.000000021917,-83.));
#3994 = CARTESIAN_POINT('',(849.99999999999,16.915436494603,-78.));
#3995 = CARTESIAN_POINT('',(1.08E+03,16.962634037871,-83.));
#3996 = CARTESIAN_POINT('',(850.00000000003,29.830873144445,
    -75.46406018529));
#3997 = CARTESIAN_POINT('',(1.08E+03,30.925268253916,-80.25844344355));
#3998 = CARTESIAN_POINT('',(849.99999999992,42.177244803742,
    -70.39217878167));
#3999 = CARTESIAN_POINT('',(1.08E+03,44.272697074778,-74.77532841262));
#4000 = CARTESIAN_POINT('',(850.00000000009,53.385494351051,
    -62.93334391638));
#4001 = CARTESIAN_POINT('',(1.08E+03,56.38972361241,-66.71172315285));
#4002 = CARTESIAN_POINT('',(849.99999999992,62.933343946223,
    -53.38549432119));
#4003 = CARTESIAN_POINT('',(1.08E+03,66.711723174757,-56.38972359048));
#4004 = CARTESIAN_POINT('',(850.00000000004,70.392178811529,
    -42.1772447739));
#4005 = CARTESIAN_POINT('',(1.08E+03,74.775328434548,-44.27269705286));
#4006 = CARTESIAN_POINT('',(849.99999999998,75.464060215134,
    -29.83087311459));
#4007 = CARTESIAN_POINT('',(1.08E+03,80.258443465472,-30.92526823199));
#4008 = CARTESIAN_POINT('',(850.,78.000000029846,-16.91543646475));
#4009 = CARTESIAN_POINT('',(1.08E+03,83.000000021917,-16.96263401595));
#4010 = CARTESIAN_POINT('',(850.,78.000000029846,-4.));
#4011 = CARTESIAN_POINT('',(1.08E+03,83.000000021917,-3.));
#4012 = DEFINITIONAL_REPRESENTATION('',(#4013),#4017);
#4013 = LINE('',#4014,#4015);
#4014 = CARTESIAN_POINT('',(0.,0.));
#4015 = VECTOR('',#4016,1.);
#4016 = DIRECTION('',(1.,0.));
#4017 = ( GEOMETRIC_REPRESENTATION_CONTEXT(2) 
PARAMETRIC_REPRESENTATION_CONTEXT() REPRESENTATION_CONTEXT('2D SPACE',''
  ) );
#4018 = ORIENTED_EDGE('',*,*,#4019,.F.);
#4019 = EDGE_CURVE('',#1520,#3975,#4020,.T.);
#4020 = SURFACE_CURVE('',#4021,(#4024,#4030),.PCURVE_S1.);
#4021 = B_SPLINE_CURVE_WITH_KNOTS('',1,(#4022,#4023),.UNSPECIFIED.,.F.,
  .F.,(2,2),(0.,1.),.PIECEWISE_BEZIER_KNOTS.);
#4022 = CARTESIAN_POINT('',(560.,4.000000029792,-80.));
#4023 = CARTESIAN_POINT('',(850.,4.000000029846,-78.));
#4024 = PCURVE('',#1151,#4025);
#4025 = DEFINITIONAL_REPRESENTATION('',(#4026),#4029);
#4026 = B_SPLINE_CURVE_WITH_KNOTS('',1,(#4027,#4028),.UNSPECIFIED.,.F.,
  .F.,(2,2),(0.,1.),.PIECEWISE_BEZIER_KNOTS.);
#4027 = CARTESIAN_POINT('',(-3.14159265359,0.));
#4028 = CARTESIAN_POINT('',(-3.14159265359,-290.));
#4029 = ( GEOMETRIC_REPRESENTATION_CONTEXT(2) 
PARAMETRIC_REPRESENTATION_CONTEXT() REPRESENTATION_CONTEXT('2D SPACE',''
  ) );
#4030 = PCURVE('',#1582,#4031);
#4031 = DEFINITIONAL_REPRESENTATION('',(#4032),#4035);
#4032 = B_SPLINE_CURVE_WITH_KNOTS('',1,(#4033,#4034),.UNSPECIFIED.,.F.,
  .F.,(2,2),(0.,1.),.PIECEWISE_BEZIER_KNOTS.);
#4033 = CARTESIAN_POINT('',(3.999999990267,-290.0068964697));
#4034 = CARTESIAN_POINT('',(3.99999999032,0.));
#4035 = ( GEOMETRIC_REPRESENTATION_CONTEXT(2) 
PARAMETRIC_REPRESENTATION_CONTEXT() REPRESENTATION_CONTEXT('2D SPACE',''
  ) );
#4036 = ORIENTED_EDGE('',*,*,#1519,.F.);
#4037 = ORIENTED_EDGE('',*,*,#4038,.T.);
#4038 = EDGE_CURVE('',#1476,#4039,#4041,.T.);
#4039 = VERTEX_POINT('',#4040);
#4040 = CARTESIAN_POINT('',(830.,54.240165225253,-58.51934169821));
#4041 = SURFACE_CURVE('',#4042,(#4081,#4123),.PCURVE_S1.);
#4042 = B_SPLINE_CURVE_WITH_KNOTS('',5,(#4043,#4044,#4045,#4046,#4047,
    #4048,#4049,#4050,#4051,#4052,#4053,#4054,#4055,#4056,#4057,#4058,
    #4059,#4060,#4061,#4062,#4063,#4064,#4065,#4066,#4067,#4068,#4069,
    #4070,#4071,#4072,#4073,#4074,#4075,#4076,#4077,#4078,#4079,#4080),
  .UNSPECIFIED.,.F.,.F.,(6,4,4,4,4,4,4,4,4,6),(0.,0.10883688059,
    0.221442748324,0.33404855307,0.446216092821,0.5587969106,
    0.670925016747,0.783455678692,0.895529765104,1.),.UNSPECIFIED.);
#4043 = CARTESIAN_POINT('',(560.,42.299673465226,-69.64400212311));
#4044 = CARTESIAN_POINT('',(565.87561116863,42.635046042018,
    -69.40141650467));
#4045 = CARTESIAN_POINT('',(571.75104782511,42.973107471201,
    -69.15403241146));
#4046 = CARTESIAN_POINT('',(577.62633434267,43.313093420268,
    -68.90213821175));
#4047 = CARTESIAN_POINT('',(583.50149754958,43.654236679893,
    -68.64606916289));
#4048 = CARTESIAN_POINT('',(595.45508806215,44.349126308423,
    -68.11736481198));
#4049 = CARTESIAN_POINT('',(601.53350860672,44.702899998858,
    -67.84446292568));
#4050 = CARTESIAN_POINT('',(607.6118611925,45.056237100691,
    -67.56794352479));
#4051 = CARTESIAN_POINT('',(613.69018048953,45.408283068246,
    -67.28830371365));
#4052 = CARTESIAN_POINT('',(625.84682254754,46.108085542904,
    -66.72391909892));
#4053 = CARTESIAN_POINT('',(631.92514511026,46.455842034018,
    -66.43917432304));
#4054 = CARTESIAN_POINT('',(638.00350766538,46.800600617582,
    -66.15244444267));
#4055 = CARTESIAN_POINT('',(644.08194771277,47.141508840281,
    -65.86436806421));
#4056 = CARTESIAN_POINT('',(656.21540081334,47.812629751195,
    -65.28806267247));
#4057 = CARTESIAN_POINT('',(662.2704127256,48.142878882574,
    -64.99983864746));
#4058 = CARTESIAN_POINT('',(668.32557649866,48.467637980537,
    -64.71168091145));
#4059 = CARTESIAN_POINT('',(674.38092850916,48.786082986728,
    -64.42435811048));
#4060 = CARTESIAN_POINT('',(686.51438951621,49.409892005661,
    -63.8519765855));
#4061 = CARTESIAN_POINT('',(692.59249989028,49.715203478869,
    -63.56693013623));
#4062 = CARTESIAN_POINT('',(698.67086913887,50.012539975298,
    -63.28438583263));
#4063 = CARTESIAN_POINT('',(704.74952828947,50.301117325093,
    -63.00523132442));
#4064 = CARTESIAN_POINT('',(716.88303328458,50.858160398124,
    -62.45662654803));
#4065 = CARTESIAN_POINT('',(722.93787639371,51.12670231677,
    -62.18714178544));
#4066 = CARTESIAN_POINT('',(728.99305791222,51.385099518636,
    -61.92281969438));
#4067 = CARTESIAN_POINT('',(735.04859671,51.632673509297,-61.66457984922
    ));
#4068 = CARTESIAN_POINT('',(747.18215128999,52.105829315454,
    -61.16113290465));
#4069 = CARTESIAN_POINT('',(753.26016973396,52.331328983701,
    -60.91597590806));
#4070 = CARTESIAN_POINT('',(759.33856867296,52.544723766452,
    -60.67873014765));
#4071 = CARTESIAN_POINT('',(765.41734963444,52.745493778176,
    -60.45025408307));
#4072 = CARTESIAN_POINT('',(777.55099158923,53.12023902712,
    -60.0132172037));
#4073 = CARTESIAN_POINT('',(783.60584997629,53.294319678511,
    -59.80457929801));
#4074 = CARTESIAN_POINT('',(789.66106846856,53.455102832887,
    -59.60611177598));
#4075 = CARTESIAN_POINT('',(795.71662902123,53.60232804223,
    -59.41843489631));
#4076 = CARTESIAN_POINT('',(807.41750662778,53.860442247601,
    -59.07746459772));
#4077 = CARTESIAN_POINT('',(813.0627832569,53.973118832755,
    -58.92270224652));
#4078 = CARTESIAN_POINT('',(818.70830970323,54.073883840547,
    -58.77801177555));
#4079 = CARTESIAN_POINT('',(824.35405917105,54.162811546905,
    -58.64357300327));
#4080 = CARTESIAN_POINT('',(830.,54.240165225253,-58.51934169821));
#4081 = PCURVE('',#1151,#4082);
#4082 = DEFINITIONAL_REPRESENTATION('',(#4083),#4122);
#4083 = B_SPLINE_CURVE_WITH_KNOTS('',5,(#4084,#4085,#4086,#4087,#4088,
    #4089,#4090,#4091,#4092,#4093,#4094,#4095,#4096,#4097,#4098,#4099,
    #4100,#4101,#4102,#4103,#4104,#4105,#4106,#4107,#4108,#4109,#4110,
    #4111,#4112,#4113,#4114,#4115,#4116,#4117,#4118,#4119,#4120,#4121),
  .UNSPECIFIED.,.F.,.F.,(6,4,4,4,4,4,4,4,4,6),(0.,0.10883688059,
    0.221442748324,0.33404855307,0.446216092821,0.5587969106,
    0.670925016747,0.783455678692,0.895529765104,1.),.UNSPECIFIED.);
#4084 = CARTESIAN_POINT('',(-3.669750511958,0.));
#4085 = CARTESIAN_POINT('',(-3.67517055145,-5.875611168633));
#4086 = CARTESIAN_POINT('',(-3.680660192167,-11.75104782511));
#4087 = CARTESIAN_POINT('',(-3.686209351856,-17.62633434267));
#4088 = CARTESIAN_POINT('',(-3.691807601955,-23.50149754958));
#4089 = CARTESIAN_POINT('',(-3.703275735261,-35.45508806215));
#4090 = CARTESIAN_POINT('',(-3.709148311211,-41.53350860672));
#4091 = CARTESIAN_POINT('',(-3.715049766851,-47.6118611925));
#4092 = CARTESIAN_POINT('',(-3.720967558021,-53.69018048953));
#4093 = CARTESIAN_POINT('',(-3.732809567234,-65.84682254754));
#4094 = CARTESIAN_POINT('',(-3.738733784847,-71.92514511026));
#4095 = CARTESIAN_POINT('',(-3.744648101848,-78.00350766538));
#4096 = CARTESIAN_POINT('',(-3.750538819873,-84.08194771277));
#4097 = CARTESIAN_POINT('',(-3.762221789334,-96.21540081334));
#4098 = CARTESIAN_POINT('',(-3.76801433426,-102.2704127256));
#4099 = CARTESIAN_POINT('',(-3.773755259091,-108.3255764986));
#4100 = CARTESIAN_POINT('',(-3.779429947771,-114.3809285091));
#4101 = CARTESIAN_POINT('',(-3.790637569629,-126.5143895162));
#4102 = CARTESIAN_POINT('',(-3.796169902928,-132.5924998902));
#4103 = CARTESIAN_POINT('',(-3.801605355188,-138.6708691388));
#4104 = CARTESIAN_POINT('',(-3.806928483771,-144.7495282894));
#4105 = CARTESIAN_POINT('',(-3.81729861342,-156.8830332845));
#4106 = CARTESIAN_POINT('',(-3.822346638473,-162.9378763937));
#4107 = CARTESIAN_POINT('',(-3.827252975761,-168.9930579122));
#4108 = CARTESIAN_POINT('',(-3.832002672876,-175.04859671));
#4109 = CARTESIAN_POINT('',(-3.841177241999,-187.1821512899));
#4110 = CARTESIAN_POINT('',(-3.845600886701,-193.2601697339));
#4111 = CARTESIAN_POINT('',(-3.849838544995,-199.3385686729));
#4112 = CARTESIAN_POINT('',(-3.853877066146,-205.4173496344));
#4113 = CARTESIAN_POINT('',(-3.86151832377,-217.5509915892));
#4114 = CARTESIAN_POINT('',(-3.865122762388,-223.6058499762));
#4115 = CARTESIAN_POINT('',(-3.868507935799,-229.6610684685));
#4116 = CARTESIAN_POINT('',(-3.87166513707,-235.7166290212));
#4117 = CARTESIAN_POINT('',(-3.877314966558,-247.4175066277));
#4118 = CARTESIAN_POINT('',(-3.879838151124,-253.0627832473));
#4119 = CARTESIAN_POINT('',(-3.882154664654,-258.70830972));
#4120 = CARTESIAN_POINT('',(-3.88426308197,-264.3540591644));
#4121 = CARTESIAN_POINT('',(-3.886165892985,-269.9999999933));
#4122 = ( GEOMETRIC_REPRESENTATION_CONTEXT(2) 
PARAMETRIC_REPRESENTATION_CONTEXT() REPRESENTATION_CONTEXT('2D SPACE',''
  ) );
#4123 = PCURVE('',#1499,#4124);
#4124 = DEFINITIONAL_REPRESENTATION('',(#4125),#4164);
#4125 = B_SPLINE_CURVE_WITH_KNOTS('',5,(#4126,#4127,#4128,#4129,#4130,
    #4131,#4132,#4133,#4134,#4135,#4136,#4137,#4138,#4139,#4140,#4141,
    #4142,#4143,#4144,#4145,#4146,#4147,#4148,#4149,#4150,#4151,#4152,
    #4153,#4154,#4155,#4156,#4157,#4158,#4159,#4160,#4161,#4162,#4163),
  .UNSPECIFIED.,.F.,.F.,(6,4,4,4,4,4,4,4,4,6),(0.,0.10883688059,
    0.221442748324,0.33404855307,0.446216092821,0.5587969106,
    0.670925016747,0.783455678692,0.895529765104,1.),.UNSPECIFIED.);
#4126 = CARTESIAN_POINT('',(1.346277856583,0.470828081267));
#4127 = CARTESIAN_POINT('',(1.368408919122,0.482384563714));
#4128 = CARTESIAN_POINT('',(1.389814529845,0.493940618222));
#4129 = CARTESIAN_POINT('',(1.41052598044,0.505496057319));
#4130 = CARTESIAN_POINT('',(1.430572909927,0.517050698478));
#4131 = CARTESIAN_POINT('',(1.470063950994,0.540558130713));
#4132 = CARTESIAN_POINT('',(1.48946314734,0.552510852802));
#4133 = CARTESIAN_POINT('',(1.508209929488,0.564462334956));
#4134 = CARTESIAN_POINT('',(1.526331331575,0.576412385526));
#4135 = CARTESIAN_POINT('',(1.561370701854,0.600309242843));
#4136 = CARTESIAN_POINT('',(1.578288670988,0.612256049201));
#4137 = CARTESIAN_POINT('',(1.594628614331,0.624201049689));
#4138 = CARTESIAN_POINT('',(1.610410867198,0.636144059477));
#4139 = CARTESIAN_POINT('',(1.640834499011,0.659979257477));
#4140 = CARTESIAN_POINT('',(1.655480078947,0.671871462097));
#4141 = CARTESIAN_POINT('',(1.669605808582,0.683761328489));
#4142 = CARTESIAN_POINT('',(1.68322504892,0.69564867432));
#4143 = CARTESIAN_POINT('',(1.709519096936,0.719461743467));
#4144 = CARTESIAN_POINT('',(1.72219023956,0.731387446284));
#4145 = CARTESIAN_POINT('',(1.734371540072,0.743310235898));
#4146 = CARTESIAN_POINT('',(1.746069900843,0.755229918862));
#4147 = CARTESIAN_POINT('',(1.76846322494,0.779014748877));
#4148 = CARTESIAN_POINT('',(1.779162033846,0.790879922092));
#4149 = CARTESIAN_POINT('',(1.78938930191,0.802741612546));
#4150 = CARTESIAN_POINT('',(1.799145732718,0.814599608746));
#4151 = CARTESIAN_POINT('',(1.817746065957,0.83835031783));
#4152 = CARTESIAN_POINT('',(1.82658656718,0.850243002544));
#4153 = CARTESIAN_POINT('',(1.834948619932,0.862131508948));
#4154 = CARTESIAN_POINT('',(1.842827285286,0.874015592362));
#4155 = CARTESIAN_POINT('',(1.857572725995,0.897726186651));
#4156 = CARTESIAN_POINT('',(1.864443478935,0.909552736286));
#4157 = CARTESIAN_POINT('',(1.870819755246,0.921374375903));
#4158 = CARTESIAN_POINT('',(1.876691501667,0.933190829821));
#4159 = CARTESIAN_POINT('',(1.887037114092,0.956011444496));
#4160 = CARTESIAN_POINT('',(1.891578794294,0.967016324847));
#4161 = CARTESIAN_POINT('',(1.895660618031,0.978016207422));
#4162 = CARTESIAN_POINT('',(1.899270189097,0.989010849214));
#4163 = CARTESIAN_POINT('',(1.90239242897,1.));
#4164 = ( GEOMETRIC_REPRESENTATION_CONTEXT(2) 
PARAMETRIC_REPRESENTATION_CONTEXT() REPRESENTATION_CONTEXT('2D SPACE',''
  ) );
#4165 = ORIENTED_EDGE('',*,*,#4166,.T.);
#4166 = EDGE_CURVE('',#4039,#4167,#4169,.T.);
#4167 = VERTEX_POINT('',#4168);
#4168 = CARTESIAN_POINT('',(830.,58.519341700666,-54.24016522512));
#4169 = SURFACE_CURVE('',#4170,(#4175,#4182),.PCURVE_S1.);
#4170 = CIRCLE('',#4171,74.137931034483);
#4171 = AXIS2_PLACEMENT_3D('',#4172,#4173,#4174);
#4172 = CARTESIAN_POINT('',(830.,4.000000029792,-4.));
#4173 = DIRECTION('',(1.,0.,1.110223024625E-16));
#4174 = DIRECTION('',(-1.110223024625E-16,0.,1.));
#4175 = PCURVE('',#1151,#4176);
#4176 = DEFINITIONAL_REPRESENTATION('',(#4177),#4181);
#4177 = LINE('',#4178,#4179);
#4178 = CARTESIAN_POINT('',(-0.,-270.));
#4179 = VECTOR('',#4180,1.);
#4180 = DIRECTION('',(-1.,-0.));
#4181 = ( GEOMETRIC_REPRESENTATION_CONTEXT(2) 
PARAMETRIC_REPRESENTATION_CONTEXT() REPRESENTATION_CONTEXT('2D SPACE',''
  ) );
#4182 = PCURVE('',#4183,#4188);
#4183 = PLANE('',#4184);
#4184 = AXIS2_PLACEMENT_3D('',#4185,#4186,#4187);
#4185 = CARTESIAN_POINT('',(830.,94.045201897811,-94.04520189781));
#4186 = DIRECTION('',(1.,0.,0.));
#4187 = DIRECTION('',(0.,-0.707106781187,0.707106781187));
#4188 = DEFINITIONAL_REPRESENTATION('',(#4189),#4193);
#4189 = CIRCLE('',#4190,74.137931034483);
#4190 = AXIS2_PLACEMENT_2D('',#4191,#4192);
#4191 = CARTESIAN_POINT('',(127.34314572944,-2.106617102982E-08));
#4192 = DIRECTION('',(0.707106781187,-0.707106781187));
#4193 = ( GEOMETRIC_REPRESENTATION_CONTEXT(2) 
PARAMETRIC_REPRESENTATION_CONTEXT() REPRESENTATION_CONTEXT('2D SPACE',''
  ) );
#4194 = ORIENTED_EDGE('',*,*,#4195,.T.);
#4195 = EDGE_CURVE('',#4167,#1135,#4196,.T.);
#4196 = SURFACE_CURVE('',#4197,(#4232,#4270),.PCURVE_S1.);
#4197 = B_SPLINE_CURVE_WITH_KNOTS('',5,(#4198,#4199,#4200,#4201,#4202,
    #4203,#4204,#4205,#4206,#4207,#4208,#4209,#4210,#4211,#4212,#4213,
    #4214,#4215,#4216,#4217,#4218,#4219,#4220,#4221,#4222,#4223,#4224,
    #4225,#4226,#4227,#4228,#4229,#4230,#4231),.UNSPECIFIED.,.F.,.F.,(6,
    4,4,4,4,4,4,4,6),(0.,0.153347199222,0.305807550564,0.45831781799,
    0.610438913011,0.70885836598,0.80685212128,0.905272789615,1.),
  .UNSPECIFIED.);
#4198 = CARTESIAN_POINT('',(830.,58.519341700666,-54.24016522512));
#4199 = CARTESIAN_POINT('',(821.71257506575,58.701695297251,
    -54.12662120787));
#4200 = CARTESIAN_POINT('',(813.42556097009,58.906042011124,
    -53.98813933883));
#4201 = CARTESIAN_POINT('',(805.13906136168,59.132521222112,
    -53.82388944479));
#4202 = CARTESIAN_POINT('',(796.85315235267,59.380233784674,
    -53.63391025789));
#4203 = CARTESIAN_POINT('',(780.33054758571,59.913626016408,
    -53.20489217201));
#4204 = CARTESIAN_POINT('',(772.09384103075,60.199078173634,
    -52.96614349266));
#4205 = CARTESIAN_POINT('',(763.85782503553,60.50260619618,
    -52.70310525272));
#4206 = CARTESIAN_POINT('',(755.62251344785,60.822199134396,
    -52.41688041265));
#4207 = CARTESIAN_POINT('',(739.15057456779,61.48927336463,
    -51.80077118571));
#4208 = CARTESIAN_POINT('',(730.91394722939,61.836763944618,
    -51.47087253566));
#4209 = CARTESIAN_POINT('',(722.67799284047,62.195969976598,
    -51.12059208935));
#4210 = CARTESIAN_POINT('',(714.44266397638,62.564547658629,
    -50.75164663738));
#4211 = CARTESIAN_POINT('',(697.99413339801,63.315009229508,
    -49.98113460234));
#4212 = CARTESIAN_POINT('',(689.78092976071,63.696856642056,
    -49.57965373662));
#4213 = CARTESIAN_POINT('',(681.56821197603,64.083571343517,
    -49.16330682081));
#4214 = CARTESIAN_POINT('',(673.3558967759,64.473025999918,
    -48.73408982336));
#4215 = CARTESIAN_POINT('',(659.83088126972,65.115827683044,
    -48.00934896734));
#4216 = CARTESIAN_POINT('',(654.51800077154,65.36868832145,
    -47.7201190475));
#4217 = CARTESIAN_POINT('',(649.20522584084,65.621382306449,
    -47.42691231516));
#4218 = CARTESIAN_POINT('',(643.89253135464,65.873430726367,
    -47.13029239351));
#4219 = CARTESIAN_POINT('',(633.29023168185,66.374276547759,
    -46.53265501797));
#4220 = CARTESIAN_POINT('',(628.00062613895,66.623083242304,
    -46.23166197505));
#4221 = CARTESIAN_POINT('',(622.71105044618,66.870384859874,
    -45.92840718984));
#4222 = CARTESIAN_POINT('',(617.42148029647,67.11579017686,
    -45.6234524457));
#4223 = CARTESIAN_POINT('',(606.81925950028,67.603165875575,
    -45.00993615599));
#4224 = CARTESIAN_POINT('',(601.5066087916,67.845116392833,
    -44.70136444638));
#4225 = CARTESIAN_POINT('',(596.19391597489,68.084444936762,
    -44.39221633835));
#4226 = CARTESIAN_POINT('',(590.88115842307,68.320835142592,
    -44.08306141536));
#4227 = CARTESIAN_POINT('',(580.45484766221,68.778432989219,
    -43.47745608712));
#4228 = CARTESIAN_POINT('',(575.34130085221,68.999877071278,
    -43.18096421638));
#4229 = CARTESIAN_POINT('',(570.22765539585,69.218094012956,
    -42.88549974844));
#4230 = CARTESIAN_POINT('',(565.11389378699,69.432865448309,
    -42.59156815832));
#4231 = CARTESIAN_POINT('',(560.,69.644002137339,-42.29967346211));
#4232 = PCURVE('',#1151,#4233);
#4233 = DEFINITIONAL_REPRESENTATION('',(#4234),#4269);
#4234 = B_SPLINE_CURVE_WITH_KNOTS('',5,(#4235,#4236,#4237,#4238,#4239,
    #4240,#4241,#4242,#4243,#4244,#4245,#4246,#4247,#4248,#4249,#4250,
    #4251,#4252,#4253,#4254,#4255,#4256,#4257,#4258,#4259,#4260,#4261,
    #4262,#4263,#4264,#4265,#4266,#4267,#4268),.UNSPECIFIED.,.F.,.F.,(6,
    4,4,4,4,4,4,4,6),(0.,0.153347199222,0.305807550564,0.45831781799,
    0.610438913011,0.70885836598,0.80685212128,0.905272789615,1.),
  .UNSPECIFIED.);
#4235 = CARTESIAN_POINT('',(-3.967815740444,-269.9999999964));
#4236 = CARTESIAN_POINT('',(-3.970608791938,-261.7125750622));
#4237 = CARTESIAN_POINT('',(-3.973844848863,-253.4255609789));
#4238 = CARTESIAN_POINT('',(-3.977531753319,-245.1390613566));
#4239 = CARTESIAN_POINT('',(-3.981659283024,-236.8531523526));
#4240 = CARTESIAN_POINT('',(-3.990728524521,-220.3305475857));
#4241 = CARTESIAN_POINT('',(-3.995665391729,-212.0938410307));
#4242 = CARTESIAN_POINT('',(-4.000997539294,-203.8578250355));
#4243 = CARTESIAN_POINT('',(-4.006694945952,-195.6225134478));
#4244 = CARTESIAN_POINT('',(-4.018754342014,-179.1505745677));
#4245 = CARTESIAN_POINT('',(-4.02511654988,-170.9139472293));
#4246 = CARTESIAN_POINT('',(-4.031776193332,-162.6779928404));
#4247 = CARTESIAN_POINT('',(-4.038695276023,-154.4426639763));
#4248 = CARTESIAN_POINT('',(-4.052958000264,-137.994133398));
#4249 = CARTESIAN_POINT('',(-4.060300511004,-129.7809297607));
#4250 = CARTESIAN_POINT('',(-4.067825425411,-121.568211976));
#4251 = CARTESIAN_POINT('',(-4.075494792692,-113.3558967759));
#4252 = CARTESIAN_POINT('',(-4.088304270456,-99.83088126972));
#4253 = CARTESIAN_POINT('',(-4.093381478792,-94.51800077154));
#4254 = CARTESIAN_POINT('',(-4.098494132404,-89.20522584084));
#4255 = CARTESIAN_POINT('',(-4.103632667097,-83.89253135464));
#4256 = CARTESIAN_POINT('',(-4.113920746054,-73.29023168185));
#4257 = CARTESIAN_POINT('',(-4.119070146243,-68.00062613895));
#4258 = CARTESIAN_POINT('',(-4.12422694516,-62.71105044618));
#4259 = CARTESIAN_POINT('',(-4.129382358659,-57.42148029647));
#4260 = CARTESIAN_POINT('',(-4.139695917009,-46.81925950028));
#4261 = CARTESIAN_POINT('',(-4.144853973612,-41.5066087916));
#4262 = CARTESIAN_POINT('',(-4.149993536701,-36.19391597489));
#4263 = CARTESIAN_POINT('',(-4.155106352464,-30.88115842307));
#4264 = CARTESIAN_POINT('',(-4.165072031091,-20.45484766221));
#4265 = CARTESIAN_POINT('',(-4.169927444538,-15.34130085221));
#4266 = CARTESIAN_POINT('',(-4.174743633882,-10.22765539585));
#4267 = CARTESIAN_POINT('',(-4.179513738941,-5.113893786993));
#4268 = CARTESIAN_POINT('',(-4.18423112161,0.));
#4269 = ( GEOMETRIC_REPRESENTATION_CONTEXT(2) 
PARAMETRIC_REPRESENTATION_CONTEXT() REPRESENTATION_CONTEXT('2D SPACE',''
  ) );
#4270 = PCURVE('',#1187,#4271);
#4271 = DEFINITIONAL_REPRESENTATION('',(#4272),#4307);
#4272 = B_SPLINE_CURVE_WITH_KNOTS('',5,(#4273,#4274,#4275,#4276,#4277,
    #4278,#4279,#4280,#4281,#4282,#4283,#4284,#4285,#4286,#4287,#4288,
    #4289,#4290,#4291,#4292,#4293,#4294,#4295,#4296,#4297,#4298,#4299,
    #4300,#4301,#4302,#4303,#4304,#4305,#4306),.UNSPECIFIED.,.F.,.F.,(6,
    4,4,4,4,4,4,4,6),(0.,0.153347199222,0.305807550564,0.45831781799,
    0.610438913011,0.70885836598,0.80685212128,0.905272789615,1.),
  .UNSPECIFIED.);
#4273 = CARTESIAN_POINT('',(2.097607571089,1.));
#4274 = CARTESIAN_POINT('',(2.102190567861,0.983869515288));
#4275 = CARTESIAN_POINT('',(2.10782355023,0.967727196797));
#4276 = CARTESIAN_POINT('',(2.114458934067,0.951573842741));
#4277 = CARTESIAN_POINT('',(2.122061220363,0.935410208206));
#4278 = CARTESIAN_POINT('',(2.139096468014,0.903157368557));
#4279 = CARTESIAN_POINT('',(2.148518605372,0.887068267137));
#4280 = CARTESIAN_POINT('',(2.158843750626,0.870970424273));
#4281 = CARTESIAN_POINT('',(2.170054491855,0.854864479366));
#4282 = CARTESIAN_POINT('',(2.194234740422,0.822632290878));
#4283 = CARTESIAN_POINT('',(2.207204829379,0.806506041404));
#4284 = CARTESIAN_POINT('',(2.221044749463,0.790372859897));
#4285 = CARTESIAN_POINT('',(2.235755732305,0.774233278621));
#4286 = CARTESIAN_POINT('',(2.266903642137,0.741983506636));
#4287 = CARTESIAN_POINT('',(2.283336069159,0.725873347818));
#4288 = CARTESIAN_POINT('',(2.300658564913,0.709757805687));
#4289 = CARTESIAN_POINT('',(2.318893325699,0.693637346347));
#4290 = CARTESIAN_POINT('',(2.35048327749,0.667079902448));
#4291 = CARTESIAN_POINT('',(2.363288587732,0.656645514675));
#4292 = CARTESIAN_POINT('',(2.376498841115,0.646209381318));
#4293 = CARTESIAN_POINT('',(2.390125074282,0.635771625005));
#4294 = CARTESIAN_POINT('',(2.418174763583,0.614938265335));
#4295 = CARTESIAN_POINT('',(2.432594512542,0.604542675156));
#4296 = CARTESIAN_POINT('',(2.447452433513,0.594145719165));
#4297 = CARTESIAN_POINT('',(2.462763318741,0.583747520221));
#4298 = CARTESIAN_POINT('',(2.49439319353,0.562903580496));
#4299 = CARTESIAN_POINT('',(2.510716267396,0.552457830125));
#4300 = CARTESIAN_POINT('',(2.527530064401,0.542011077961));
#4301 = CARTESIAN_POINT('',(2.544853337183,0.531563453065));
#4302 = CARTESIAN_POINT('',(2.579889937821,0.511058820132));
#4303 = CARTESIAN_POINT('',(2.597564194713,0.501001866745));
#4304 = CARTESIAN_POINT('',(2.615747756457,0.490944344862));
#4305 = CARTESIAN_POINT('',(2.63446016405,0.480886375157));
#4306 = CARTESIAN_POINT('',(2.653722143787,0.47082808129));
#4307 = ( GEOMETRIC_REPRESENTATION_CONTEXT(2) 
PARAMETRIC_REPRESENTATION_CONTEXT() REPRESENTATION_CONTEXT('2D SPACE',''
  ) );
#4308 = ADVANCED_FACE('',(#4309),#1499,.T.);
#4309 = FACE_BOUND('',#4310,.T.);
#4310 = EDGE_LOOP('',(#4311,#4335,#4361,#4385,#4404,#4405));
#4311 = ORIENTED_EDGE('',*,*,#4312,.F.);
#4312 = EDGE_CURVE('',#4313,#1342,#4315,.T.);
#4313 = VERTEX_POINT('',#4314);
#4314 = CARTESIAN_POINT('',(320.,38.183766184074,-57.98275605729));
#4315 = SURFACE_CURVE('',#4316,(#4321,#4328),.PCURVE_S1.);
#4316 = ( BOUNDED_CURVE() B_SPLINE_CURVE(3,(#4317,#4318,#4319,#4320),
.UNSPECIFIED.,.F.,.F.) B_SPLINE_CURVE_WITH_KNOTS((4,4),(0.,1.),
.PIECEWISE_BEZIER_KNOTS.) CURVE() GEOMETRIC_REPRESENTATION_ITEM() 
RATIONAL_B_SPLINE_CURVE((1.,1.,1.,1.)) REPRESENTATION_ITEM('') );
#4317 = CARTESIAN_POINT('',(320.,38.183766184074,-57.98275605729));
#4318 = CARTESIAN_POINT('',(490.8100616207,36.06020848426,
    -65.93028892841));
#4319 = CARTESIAN_POINT('',(658.74197351329,40.680523717717,
    -104.628852341));
#4320 = CARTESIAN_POINT('',(830.,52.325901807805,-96.16652224137));
#4321 = PCURVE('',#1499,#4322);
#4322 = DEFINITIONAL_REPRESENTATION('',(#4323),#4327);
#4323 = LINE('',#4324,#4325);
#4324 = CARTESIAN_POINT('',(1.,0.));
#4325 = VECTOR('',#4326,1.);
#4326 = DIRECTION('',(0.,1.));
#4327 = ( GEOMETRIC_REPRESENTATION_CONTEXT(2) 
PARAMETRIC_REPRESENTATION_CONTEXT() REPRESENTATION_CONTEXT('2D SPACE',''
  ) );
#4328 = PCURVE('',#1425,#4329);
#4329 = DEFINITIONAL_REPRESENTATION('',(#4330),#4334);
#4330 = LINE('',#4331,#4332);
#4331 = CARTESIAN_POINT('',(1.,0.));
#4332 = VECTOR('',#4333,1.);
#4333 = DIRECTION('',(0.,1.));
#4334 = ( GEOMETRIC_REPRESENTATION_CONTEXT(2) 
PARAMETRIC_REPRESENTATION_CONTEXT() REPRESENTATION_CONTEXT('2D SPACE',''
  ) );
#4335 = ORIENTED_EDGE('',*,*,#4336,.T.);
#4336 = EDGE_CURVE('',#4313,#4337,#4339,.T.);
#4337 = VERTEX_POINT('',#4338);
#4338 = CARTESIAN_POINT('',(320.,41.719300090006,-41.71930009));
#4339 = SURFACE_CURVE('',#4340,(#4343,#4350),.PCURVE_S1.);
#4340 = B_SPLINE_CURVE_WITH_KNOTS('',1,(#4341,#4342),.UNSPECIFIED.,.F.,
  .F.,(2,2),(1.,2.),.PIECEWISE_BEZIER_KNOTS.);
#4341 = CARTESIAN_POINT('',(320.,38.183766184074,-57.98275605729));
#4342 = CARTESIAN_POINT('',(320.,41.719300090006,-41.71930009));
#4343 = PCURVE('',#1499,#4344);
#4344 = DEFINITIONAL_REPRESENTATION('',(#4345),#4349);
#4345 = LINE('',#4346,#4347);
#4346 = CARTESIAN_POINT('',(0.,0.));
#4347 = VECTOR('',#4348,1.);
#4348 = DIRECTION('',(1.,0.));
#4349 = ( GEOMETRIC_REPRESENTATION_CONTEXT(2) 
PARAMETRIC_REPRESENTATION_CONTEXT() REPRESENTATION_CONTEXT('2D SPACE',''
  ) );
#4350 = PCURVE('',#4351,#4356);
#4351 = PLANE('',#4352);
#4352 = AXIS2_PLACEMENT_3D('',#4353,#4354,#4355);
#4353 = CARTESIAN_POINT('',(320.,54.447222151364,-54.44722215136));
#4354 = DIRECTION('',(1.,0.,0.));
#4355 = DIRECTION('',(0.,-0.707106781187,0.707106781187));
#4356 = DEFINITIONAL_REPRESENTATION('',(#4357),#4360);
#4357 = B_SPLINE_CURVE_WITH_KNOTS('',1,(#4358,#4359),.UNSPECIFIED.,.F.,
  .F.,(2,2),(1.,2.),.PIECEWISE_BEZIER_KNOTS.);
#4358 = CARTESIAN_POINT('',(9.,14.));
#4359 = CARTESIAN_POINT('',(18.,0.));
#4360 = ( GEOMETRIC_REPRESENTATION_CONTEXT(2) 
PARAMETRIC_REPRESENTATION_CONTEXT() REPRESENTATION_CONTEXT('2D SPACE',''
  ) );
#4361 = ORIENTED_EDGE('',*,*,#4362,.T.);
#4362 = EDGE_CURVE('',#4337,#4363,#4365,.T.);
#4363 = VERTEX_POINT('',#4364);
#4364 = CARTESIAN_POINT('',(830.,54.447222151364,-54.44722215136));
#4365 = SURFACE_CURVE('',#4366,(#4371,#4378),.PCURVE_S1.);
#4366 = ( BOUNDED_CURVE() B_SPLINE_CURVE(3,(#4367,#4368,#4369,#4370),
.UNSPECIFIED.,.F.,.F.) B_SPLINE_CURVE_WITH_KNOTS((4,4),(0.,1.),
.PIECEWISE_BEZIER_KNOTS.) CURVE() GEOMETRIC_REPRESENTATION_ITEM() 
RATIONAL_B_SPLINE_CURVE((1.,1.,1.,1.)) REPRESENTATION_ITEM('') );
#4367 = CARTESIAN_POINT('',(320.,41.719300090006,-41.71930009));
#4368 = CARTESIAN_POINT('',(490.8100616207,41.913168639986,
    -41.91316863998));
#4369 = CARTESIAN_POINT('',(658.74197351329,53.329321968351,
    -53.32932196835));
#4370 = CARTESIAN_POINT('',(830.,54.447222151364,-54.44722215136));
#4371 = PCURVE('',#1499,#4372);
#4372 = DEFINITIONAL_REPRESENTATION('',(#4373),#4377);
#4373 = LINE('',#4374,#4375);
#4374 = CARTESIAN_POINT('',(2.,0.));
#4375 = VECTOR('',#4376,1.);
#4376 = DIRECTION('',(0.,1.));
#4377 = ( GEOMETRIC_REPRESENTATION_CONTEXT(2) 
PARAMETRIC_REPRESENTATION_CONTEXT() REPRESENTATION_CONTEXT('2D SPACE',''
  ) );
#4378 = PCURVE('',#1187,#4379);
#4379 = DEFINITIONAL_REPRESENTATION('',(#4380),#4384);
#4380 = LINE('',#4381,#4382);
#4381 = CARTESIAN_POINT('',(2.,0.));
#4382 = VECTOR('',#4383,1.);
#4383 = DIRECTION('',(0.,1.));
#4384 = ( GEOMETRIC_REPRESENTATION_CONTEXT(2) 
PARAMETRIC_REPRESENTATION_CONTEXT() REPRESENTATION_CONTEXT('2D SPACE',''
  ) );
#4385 = ORIENTED_EDGE('',*,*,#4386,.F.);
#4386 = EDGE_CURVE('',#4039,#4363,#4387,.T.);
#4387 = SURFACE_CURVE('',#4388,(#4391,#4398),.PCURVE_S1.);
#4388 = B_SPLINE_CURVE_WITH_KNOTS('',1,(#4389,#4390),.UNSPECIFIED.,.F.,
  .F.,(2,2),(1.,2.),.PIECEWISE_BEZIER_KNOTS.);
#4389 = CARTESIAN_POINT('',(830.,52.325901807805,-96.16652224137));
#4390 = CARTESIAN_POINT('',(830.,54.447222151364,-54.44722215136));
#4391 = PCURVE('',#1499,#4392);
#4392 = DEFINITIONAL_REPRESENTATION('',(#4393),#4397);
#4393 = LINE('',#4394,#4395);
#4394 = CARTESIAN_POINT('',(0.,1.));
#4395 = VECTOR('',#4396,1.);
#4396 = DIRECTION('',(1.,0.));
#4397 = ( GEOMETRIC_REPRESENTATION_CONTEXT(2) 
PARAMETRIC_REPRESENTATION_CONTEXT() REPRESENTATION_CONTEXT('2D SPACE',''
  ) );
#4398 = PCURVE('',#4183,#4399);
#4399 = DEFINITIONAL_REPRESENTATION('',(#4400),#4403);
#4400 = B_SPLINE_CURVE_WITH_KNOTS('',1,(#4401,#4402),.UNSPECIFIED.,.F.,
  .F.,(2,2),(1.,2.),.PIECEWISE_BEZIER_KNOTS.);
#4401 = CARTESIAN_POINT('',(28.,31.));
#4402 = CARTESIAN_POINT('',(56.,0.));
#4403 = ( GEOMETRIC_REPRESENTATION_CONTEXT(2) 
PARAMETRIC_REPRESENTATION_CONTEXT() REPRESENTATION_CONTEXT('2D SPACE',''
  ) );
#4404 = ORIENTED_EDGE('',*,*,#4038,.F.);
#4405 = ORIENTED_EDGE('',*,*,#1475,.T.);
#4406 = ADVANCED_FACE('',(#4407),#1425,.T.);
#4407 = FACE_BOUND('',#4408,.T.);
#4408 = EDGE_LOOP('',(#4409,#4433,#4452,#4453));
#4409 = ORIENTED_EDGE('',*,*,#4410,.F.);
#4410 = EDGE_CURVE('',#4411,#1208,#4413,.T.);
#4411 = VERTEX_POINT('',#4412);
#4412 = CARTESIAN_POINT('',(320.,54.447222151364,-54.44722215136));
#4413 = SURFACE_CURVE('',#4414,(#4419,#4426),.PCURVE_S1.);
#4414 = ( BOUNDED_CURVE() B_SPLINE_CURVE(3,(#4415,#4416,#4417,#4418),
.UNSPECIFIED.,.F.,.F.) B_SPLINE_CURVE_WITH_KNOTS((4,4),(0.,1.),
.PIECEWISE_BEZIER_KNOTS.) CURVE() GEOMETRIC_REPRESENTATION_ITEM() 
RATIONAL_B_SPLINE_CURVE((1.,1.,1.,1.)) REPRESENTATION_ITEM('') );
#4415 = CARTESIAN_POINT('',(320.,54.447222151364,-54.44722215136));
#4416 = CARTESIAN_POINT('',(490.8100616207,60.077328772687,
    -60.07732877268));
#4417 = CARTESIAN_POINT('',(658.74197351329,91.980054090462,
    -91.98005409046));
#4418 = CARTESIAN_POINT('',(830.,94.045201897811,-94.04520189781));
#4419 = PCURVE('',#1425,#4420);
#4420 = DEFINITIONAL_REPRESENTATION('',(#4421),#4425);
#4421 = LINE('',#4422,#4423);
#4422 = CARTESIAN_POINT('',(0.,0.));
#4423 = VECTOR('',#4424,1.);
#4424 = DIRECTION('',(0.,1.));
#4425 = ( GEOMETRIC_REPRESENTATION_CONTEXT(2) 
PARAMETRIC_REPRESENTATION_CONTEXT() REPRESENTATION_CONTEXT('2D SPACE',''
  ) );
#4426 = PCURVE('',#1291,#4427);
#4427 = DEFINITIONAL_REPRESENTATION('',(#4428),#4432);
#4428 = LINE('',#4429,#4430);
#4429 = CARTESIAN_POINT('',(4.,0.));
#4430 = VECTOR('',#4431,1.);
#4431 = DIRECTION('',(0.,1.));
#4432 = ( GEOMETRIC_REPRESENTATION_CONTEXT(2) 
PARAMETRIC_REPRESENTATION_CONTEXT() REPRESENTATION_CONTEXT('2D SPACE',''
  ) );
#4433 = ORIENTED_EDGE('',*,*,#4434,.T.);
#4434 = EDGE_CURVE('',#4411,#4313,#4435,.T.);
#4435 = SURFACE_CURVE('',#4436,(#4439,#4446),.PCURVE_S1.);
#4436 = B_SPLINE_CURVE_WITH_KNOTS('',1,(#4437,#4438),.UNSPECIFIED.,.F.,
  .F.,(2,2),(0.,1.),.PIECEWISE_BEZIER_KNOTS.);
#4437 = CARTESIAN_POINT('',(320.,54.447222151364,-54.44722215136));
#4438 = CARTESIAN_POINT('',(320.,38.183766184074,-57.98275605729));
#4439 = PCURVE('',#1425,#4440);
#4440 = DEFINITIONAL_REPRESENTATION('',(#4441),#4445);
#4441 = LINE('',#4442,#4443);
#4442 = CARTESIAN_POINT('',(0.,0.));
#4443 = VECTOR('',#4444,1.);
#4444 = DIRECTION('',(1.,0.));
#4445 = ( GEOMETRIC_REPRESENTATION_CONTEXT(2) 
PARAMETRIC_REPRESENTATION_CONTEXT() REPRESENTATION_CONTEXT('2D SPACE',''
  ) );
#4446 = PCURVE('',#4351,#4447);
#4447 = DEFINITIONAL_REPRESENTATION('',(#4448),#4451);
#4448 = B_SPLINE_CURVE_WITH_KNOTS('',1,(#4449,#4450),.UNSPECIFIED.,.F.,
  .F.,(2,2),(0.,1.),.PIECEWISE_BEZIER_KNOTS.);
#4449 = CARTESIAN_POINT('',(0.,0.));
#4450 = CARTESIAN_POINT('',(9.,14.));
#4451 = ( GEOMETRIC_REPRESENTATION_CONTEXT(2) 
PARAMETRIC_REPRESENTATION_CONTEXT() REPRESENTATION_CONTEXT('2D SPACE',''
  ) );
#4452 = ORIENTED_EDGE('',*,*,#4312,.T.);
#4453 = ORIENTED_EDGE('',*,*,#1341,.T.);
#4454 = ADVANCED_FACE('',(#4455),#1291,.T.);
#4455 = FACE_BOUND('',#4456,.T.);
#4456 = EDGE_LOOP('',(#4457,#4481,#4500,#4501));
#4457 = ORIENTED_EDGE('',*,*,#4458,.F.);
#4458 = EDGE_CURVE('',#4459,#1164,#4461,.T.);
#4459 = VERTEX_POINT('',#4460);
#4460 = CARTESIAN_POINT('',(320.,57.982756057297,-38.18376618407));
#4461 = SURFACE_CURVE('',#4462,(#4467,#4474),.PCURVE_S1.);
#4462 = ( BOUNDED_CURVE() B_SPLINE_CURVE(3,(#4463,#4464,#4465,#4466),
.UNSPECIFIED.,.F.,.F.) B_SPLINE_CURVE_WITH_KNOTS((4,4),(0.,1.),
.PIECEWISE_BEZIER_KNOTS.) CURVE() GEOMETRIC_REPRESENTATION_ITEM() 
RATIONAL_B_SPLINE_CURVE((1.,1.,1.,1.)) REPRESENTATION_ITEM('') );
#4463 = CARTESIAN_POINT('',(320.,57.982756057297,-38.18376618407));
#4464 = CARTESIAN_POINT('',(490.8100616207,65.930288928413,
    -36.06020848426));
#4465 = CARTESIAN_POINT('',(658.74197351329,104.62885234109,
    -40.68052371771));
#4466 = CARTESIAN_POINT('',(830.,96.16652224137,-52.3259018078));
#4467 = PCURVE('',#1291,#4468);
#4468 = DEFINITIONAL_REPRESENTATION('',(#4469),#4473);
#4469 = LINE('',#4470,#4471);
#4470 = CARTESIAN_POINT('',(3.,0.));
#4471 = VECTOR('',#4472,1.);
#4472 = DIRECTION('',(0.,1.));
#4473 = ( GEOMETRIC_REPRESENTATION_CONTEXT(2) 
PARAMETRIC_REPRESENTATION_CONTEXT() REPRESENTATION_CONTEXT('2D SPACE',''
  ) );
#4474 = PCURVE('',#1187,#4475);
#4475 = DEFINITIONAL_REPRESENTATION('',(#4476),#4480);
#4476 = LINE('',#4477,#4478);
#4477 = CARTESIAN_POINT('',(3.,0.));
#4478 = VECTOR('',#4479,1.);
#4479 = DIRECTION('',(0.,1.));
#4480 = ( GEOMETRIC_REPRESENTATION_CONTEXT(2) 
PARAMETRIC_REPRESENTATION_CONTEXT() REPRESENTATION_CONTEXT('2D SPACE',''
  ) );
#4481 = ORIENTED_EDGE('',*,*,#4482,.T.);
#4482 = EDGE_CURVE('',#4459,#4411,#4483,.T.);
#4483 = SURFACE_CURVE('',#4484,(#4487,#4494),.PCURVE_S1.);
#4484 = B_SPLINE_CURVE_WITH_KNOTS('',1,(#4485,#4486),.UNSPECIFIED.,.F.,
  .F.,(2,2),(3.,4.),.PIECEWISE_BEZIER_KNOTS.);
#4485 = CARTESIAN_POINT('',(320.,57.982756057297,-38.18376618407));
#4486 = CARTESIAN_POINT('',(320.,54.447222151364,-54.44722215136));
#4487 = PCURVE('',#1291,#4488);
#4488 = DEFINITIONAL_REPRESENTATION('',(#4489),#4493);
#4489 = LINE('',#4490,#4491);
#4490 = CARTESIAN_POINT('',(0.,0.));
#4491 = VECTOR('',#4492,1.);
#4492 = DIRECTION('',(1.,0.));
#4493 = ( GEOMETRIC_REPRESENTATION_CONTEXT(2) 
PARAMETRIC_REPRESENTATION_CONTEXT() REPRESENTATION_CONTEXT('2D SPACE',''
  ) );
#4494 = PCURVE('',#4351,#4495);
#4495 = DEFINITIONAL_REPRESENTATION('',(#4496),#4499);
#4496 = B_SPLINE_CURVE_WITH_KNOTS('',1,(#4497,#4498),.UNSPECIFIED.,.F.,
  .F.,(2,2),(3.,4.),.PIECEWISE_BEZIER_KNOTS.);
#4497 = CARTESIAN_POINT('',(9.,-14.));
#4498 = CARTESIAN_POINT('',(0.,0.));
#4499 = ( GEOMETRIC_REPRESENTATION_CONTEXT(2) 
PARAMETRIC_REPRESENTATION_CONTEXT() REPRESENTATION_CONTEXT('2D SPACE',''
  ) );
#4500 = ORIENTED_EDGE('',*,*,#4410,.T.);
#4501 = ORIENTED_EDGE('',*,*,#1207,.T.);
#4502 = ADVANCED_FACE('',(#4503),#1187,.T.);
#4503 = FACE_BOUND('',#4504,.T.);
#4504 = EDGE_LOOP('',(#4505,#4506,#4525,#4526,#4527,#4528));
#4505 = ORIENTED_EDGE('',*,*,#4362,.F.);
#4506 = ORIENTED_EDGE('',*,*,#4507,.T.);
#4507 = EDGE_CURVE('',#4337,#4459,#4508,.T.);
#4508 = SURFACE_CURVE('',#4509,(#4512,#4519),.PCURVE_S1.);
#4509 = B_SPLINE_CURVE_WITH_KNOTS('',1,(#4510,#4511),.UNSPECIFIED.,.F.,
  .F.,(2,2),(2.,3.),.PIECEWISE_BEZIER_KNOTS.);
#4510 = CARTESIAN_POINT('',(320.,41.719300090006,-41.71930009));
#4511 = CARTESIAN_POINT('',(320.,57.982756057297,-38.18376618407));
#4512 = PCURVE('',#1187,#4513);
#4513 = DEFINITIONAL_REPRESENTATION('',(#4514),#4518);
#4514 = LINE('',#4515,#4516);
#4515 = CARTESIAN_POINT('',(0.,0.));
#4516 = VECTOR('',#4517,1.);
#4517 = DIRECTION('',(1.,0.));
#4518 = ( GEOMETRIC_REPRESENTATION_CONTEXT(2) 
PARAMETRIC_REPRESENTATION_CONTEXT() REPRESENTATION_CONTEXT('2D SPACE',''
  ) );
#4519 = PCURVE('',#4351,#4520);
#4520 = DEFINITIONAL_REPRESENTATION('',(#4521),#4524);
#4521 = B_SPLINE_CURVE_WITH_KNOTS('',1,(#4522,#4523),.UNSPECIFIED.,.F.,
  .F.,(2,2),(2.,3.),.PIECEWISE_BEZIER_KNOTS.);
#4522 = CARTESIAN_POINT('',(18.,0.));
#4523 = CARTESIAN_POINT('',(9.,-14.));
#4524 = ( GEOMETRIC_REPRESENTATION_CONTEXT(2) 
PARAMETRIC_REPRESENTATION_CONTEXT() REPRESENTATION_CONTEXT('2D SPACE',''
  ) );
#4525 = ORIENTED_EDGE('',*,*,#4458,.T.);
#4526 = ORIENTED_EDGE('',*,*,#1163,.T.);
#4527 = ORIENTED_EDGE('',*,*,#4195,.F.);
#4528 = ORIENTED_EDGE('',*,*,#4529,.F.);
#4529 = EDGE_CURVE('',#4363,#4167,#4530,.T.);
#4530 = SURFACE_CURVE('',#4531,(#4534,#4541),.PCURVE_S1.);
#4531 = B_SPLINE_CURVE_WITH_KNOTS('',1,(#4532,#4533),.UNSPECIFIED.,.F.,
  .F.,(2,2),(2.,3.),.PIECEWISE_BEZIER_KNOTS.);
#4532 = CARTESIAN_POINT('',(830.,54.447222151364,-54.44722215136));
#4533 = CARTESIAN_POINT('',(830.,96.16652224137,-52.3259018078));
#4534 = PCURVE('',#1187,#4535);
#4535 = DEFINITIONAL_REPRESENTATION('',(#4536),#4540);
#4536 = LINE('',#4537,#4538);
#4537 = CARTESIAN_POINT('',(0.,1.));
#4538 = VECTOR('',#4539,1.);
#4539 = DIRECTION('',(1.,0.));
#4540 = ( GEOMETRIC_REPRESENTATION_CONTEXT(2) 
PARAMETRIC_REPRESENTATION_CONTEXT() REPRESENTATION_CONTEXT('2D SPACE',''
  ) );
#4541 = PCURVE('',#4183,#4542);
#4542 = DEFINITIONAL_REPRESENTATION('',(#4543),#4546);
#4543 = B_SPLINE_CURVE_WITH_KNOTS('',1,(#4544,#4545),.UNSPECIFIED.,.F.,
  .F.,(2,2),(2.,3.),.PIECEWISE_BEZIER_KNOTS.);
#4544 = CARTESIAN_POINT('',(56.,0.));
#4545 = CARTESIAN_POINT('',(28.,-31.));
#4546 = ( GEOMETRIC_REPRESENTATION_CONTEXT(2) 
PARAMETRIC_REPRESENTATION_CONTEXT() REPRESENTATION_CONTEXT('2D SPACE',''
  ) );
#4547 = ADVANCED_FACE('',(#4548),#1582,.T.);
#4548 = FACE_BOUND('',#4549,.T.);
#4549 = EDGE_LOOP('',(#4550,#4551,#4552,#4580));
#4550 = ORIENTED_EDGE('',*,*,#1566,.T.);
#4551 = ORIENTED_EDGE('',*,*,#4019,.T.);
#4552 = ORIENTED_EDGE('',*,*,#4553,.F.);
#4553 = EDGE_CURVE('',#4554,#3975,#4556,.T.);
#4554 = VERTEX_POINT('',#4555);
#4555 = CARTESIAN_POINT('',(850.,-3.999999960475,-77.99999999516));
#4556 = SURFACE_CURVE('',#4557,(#4561,#4568),.PCURVE_S1.);
#4557 = LINE('',#4558,#4559);
#4558 = CARTESIAN_POINT('',(850.,3.952530391871E-08,-78.));
#4559 = VECTOR('',#4560,1.);
#4560 = DIRECTION('',(0.,1.,0.));
#4561 = PCURVE('',#1582,#4562);
#4562 = DEFINITIONAL_REPRESENTATION('',(#4563),#4567);
#4563 = LINE('',#4564,#4565);
#4564 = CARTESIAN_POINT('',(0.,0.));
#4565 = VECTOR('',#4566,1.);
#4566 = DIRECTION('',(1.,0.));
#4567 = ( GEOMETRIC_REPRESENTATION_CONTEXT(2) 
PARAMETRIC_REPRESENTATION_CONTEXT() REPRESENTATION_CONTEXT('2D SPACE',''
  ) );
#4568 = PCURVE('',#4569,#4574);
#4569 = B_SPLINE_SURFACE_WITH_KNOTS('',1,1,(
    (#4570,#4571)
    ,(#4572,#4573
    )),.UNSPECIFIED.,.F.,.F.,.F.,(2,2),(2,2),(-4.,3.99999999032),(0.,1.)
  ,.PIECEWISE_BEZIER_KNOTS.);
#4570 = CARTESIAN_POINT('',(850.,-3.999999960475,-78.));
#4571 = CARTESIAN_POINT('',(1.08E+03,-2.999999970823,-83.));
#4572 = CARTESIAN_POINT('',(850.,4.000000029846,-78.));
#4573 = CARTESIAN_POINT('',(1.08E+03,3.000000021917,-83.));
#4574 = DEFINITIONAL_REPRESENTATION('',(#4575),#4579);
#4575 = LINE('',#4576,#4577);
#4576 = CARTESIAN_POINT('',(0.,0.));
#4577 = VECTOR('',#4578,1.);
#4578 = DIRECTION('',(1.,0.));
#4579 = ( GEOMETRIC_REPRESENTATION_CONTEXT(2) 
PARAMETRIC_REPRESENTATION_CONTEXT() REPRESENTATION_CONTEXT('2D SPACE',''
  ) );
#4580 = ORIENTED_EDGE('',*,*,#4581,.F.);
#4581 = EDGE_CURVE('',#1567,#4554,#4582,.T.);
#4582 = SURFACE_CURVE('',#4583,(#4586,#4592),.PCURVE_S1.);
#4583 = B_SPLINE_CURVE_WITH_KNOTS('',1,(#4584,#4585),.UNSPECIFIED.,.F.,
  .F.,(2,2),(0.,1.),.PIECEWISE_BEZIER_KNOTS.);
#4584 = CARTESIAN_POINT('',(560.,-3.999999960528,-79.99999999516));
#4585 = CARTESIAN_POINT('',(850.,-3.999999960475,-77.99999999516));
#4586 = PCURVE('',#1582,#4587);
#4587 = DEFINITIONAL_REPRESENTATION('',(#4588),#4591);
#4588 = B_SPLINE_CURVE_WITH_KNOTS('',1,(#4589,#4590),.UNSPECIFIED.,.F.,
  .F.,(2,2),(0.,1.),.PIECEWISE_BEZIER_KNOTS.);
#4589 = CARTESIAN_POINT('',(-4.000000000053,-290.0068964696));
#4590 = CARTESIAN_POINT('',(-4.,3.342393029016E-11));
#4591 = ( GEOMETRIC_REPRESENTATION_CONTEXT(2) 
PARAMETRIC_REPRESENTATION_CONTEXT() REPRESENTATION_CONTEXT('2D SPACE',''
  ) );
#4592 = PCURVE('',#1634,#4593);
#4593 = DEFINITIONAL_REPRESENTATION('',(#4594),#4597);
#4594 = B_SPLINE_CURVE_WITH_KNOTS('',1,(#4595,#4596),.UNSPECIFIED.,.F.,
  .F.,(2,2),(0.,1.),.PIECEWISE_BEZIER_KNOTS.);
#4595 = CARTESIAN_POINT('',(-3.14159265359,0.));
#4596 = CARTESIAN_POINT('',(-3.14159265359,-290.));
#4597 = ( GEOMETRIC_REPRESENTATION_CONTEXT(2) 
PARAMETRIC_REPRESENTATION_CONTEXT() REPRESENTATION_CONTEXT('2D SPACE',''
  ) );
#4598 = ADVANCED_FACE('',(#4599),#1634,.T.);
#4599 = FACE_BOUND('',#4600,.T.);
#4600 = EDGE_LOOP('',(#4601,#4602,#4603,#4648,#4666,#4667,#4795,#4824));
#4601 = ORIENTED_EDGE('',*,*,#1617,.F.);
#4602 = ORIENTED_EDGE('',*,*,#4581,.T.);
#4603 = ORIENTED_EDGE('',*,*,#4604,.F.);
#4604 = EDGE_CURVE('',#4605,#4554,#4607,.T.);
#4605 = VERTEX_POINT('',#4606);
#4606 = CARTESIAN_POINT('',(850.,-77.99999996047,-3.99999999032));
#4607 = SURFACE_CURVE('',#4608,(#4613,#4620),.PCURVE_S1.);
#4608 = CIRCLE('',#4609,74.);
#4609 = AXIS2_PLACEMENT_3D('',#4610,#4611,#4612);
#4610 = CARTESIAN_POINT('',(850.,-3.999999960475,-3.99999999032));
#4611 = DIRECTION('',(1.,-0.,1.110223024625E-16));
#4612 = DIRECTION('',(1.110223024625E-16,0.,-1.));
#4613 = PCURVE('',#1634,#4614);
#4614 = DEFINITIONAL_REPRESENTATION('',(#4615),#4619);
#4615 = LINE('',#4616,#4617);
#4616 = CARTESIAN_POINT('',(3.14159265359,-290.));
#4617 = VECTOR('',#4618,1.);
#4618 = DIRECTION('',(-1.,-0.));
#4619 = ( GEOMETRIC_REPRESENTATION_CONTEXT(2) 
PARAMETRIC_REPRESENTATION_CONTEXT() REPRESENTATION_CONTEXT('2D SPACE',''
  ) );
#4620 = PCURVE('',#4621,#4642);
#4621 = B_SPLINE_SURFACE_WITH_KNOTS('',9,1,(
    (#4622,#4623)
    ,(#4624,#4625)
    ,(#4626,#4627)
    ,(#4628,#4629)
    ,(#4630,#4631)
    ,(#4632,#4633)
    ,(#4634,#4635)
    ,(#4636,#4637)
    ,(#4638,#4639)
    ,(#4640,#4641
    )),.UNSPECIFIED.,.F.,.F.,.F.,(10,10),(2,2),(4.712388980385,
    6.28318530718),(0.,1.),.PIECEWISE_BEZIER_KNOTS.);
#4622 = CARTESIAN_POINT('',(849.99999999999,-77.99999996047,
    -3.99999999032));
#4623 = CARTESIAN_POINT('',(1.08E+03,-82.99999997082,-2.99999999274));
#4624 = CARTESIAN_POINT('',(849.99999999999,-77.99999996047,
    -16.91543645507));
#4625 = CARTESIAN_POINT('',(1.08E+03,-82.99999997082,-16.96263400869));
#4626 = CARTESIAN_POINT('',(850.00000000002,-75.46406014576,
    -29.83087310492));
#4627 = CARTESIAN_POINT('',(1.08E+03,-80.25844341438,-30.92526822474));
#4628 = CARTESIAN_POINT('',(849.99999999995,-70.39217874214,
    -42.17724476421));
#4629 = CARTESIAN_POINT('',(1.08E+03,-74.77532838344,-44.27269704559));
#4630 = CARTESIAN_POINT('',(850.00000000005,-62.93334387687,
    -53.38549431153));
#4631 = CARTESIAN_POINT('',(1.08E+03,-66.71172312367,-56.38972358323));
#4632 = CARTESIAN_POINT('',(849.99999999994,-53.38549428166,
    -62.93334390668));
#4633 = CARTESIAN_POINT('',(1.08E+03,-56.38972356129,-66.71172314557));
#4634 = CARTESIAN_POINT('',(850.00000000003,-42.17724473438,
    -70.39217877201));
#4635 = CARTESIAN_POINT('',(1.08E+03,-44.27269702369,-74.77532840537));
#4636 = CARTESIAN_POINT('',(849.99999999998,-29.83087307506,
    -75.4640601756));
#4637 = CARTESIAN_POINT('',(1.08E+03,-30.92526820281,-80.25844343629));
#4638 = CARTESIAN_POINT('',(850.,-16.91543642523,-77.99999999032));
#4639 = CARTESIAN_POINT('',(1.08E+03,-16.96263398677,-82.99999999274));
#4640 = CARTESIAN_POINT('',(850.,-3.999999960475,-77.99999999032));
#4641 = CARTESIAN_POINT('',(1.08E+03,-2.999999970823,-82.99999999274));
#4642 = DEFINITIONAL_REPRESENTATION('',(#4643),#4647);
#4643 = LINE('',#4644,#4645);
#4644 = CARTESIAN_POINT('',(0.,0.));
#4645 = VECTOR('',#4646,1.);
#4646 = DIRECTION('',(1.,0.));
#4647 = ( GEOMETRIC_REPRESENTATION_CONTEXT(2) 
PARAMETRIC_REPRESENTATION_CONTEXT() REPRESENTATION_CONTEXT('2D SPACE',''
  ) );
#4648 = ORIENTED_EDGE('',*,*,#4649,.F.);
#4649 = EDGE_CURVE('',#2003,#4605,#4650,.T.);
#4650 = SURFACE_CURVE('',#4651,(#4654,#4660),.PCURVE_S1.);
#4651 = B_SPLINE_CURVE_WITH_KNOTS('',1,(#4652,#4653),.UNSPECIFIED.,.F.,
  .F.,(2,2),(0.,1.),.PIECEWISE_BEZIER_KNOTS.);
#4652 = CARTESIAN_POINT('',(560.,-79.99999996052,-3.99999999032));
#4653 = CARTESIAN_POINT('',(850.,-77.99999996047,-3.99999999032));
#4654 = PCURVE('',#1634,#4655);
#4655 = DEFINITIONAL_REPRESENTATION('',(#4656),#4659);
#4656 = B_SPLINE_CURVE_WITH_KNOTS('',1,(#4657,#4658),.UNSPECIFIED.,.F.,
  .F.,(2,2),(0.,1.),.PIECEWISE_BEZIER_KNOTS.);
#4657 = CARTESIAN_POINT('',(-1.570796326795,0.));
#4658 = CARTESIAN_POINT('',(-1.570796326795,-290.));
#4659 = ( GEOMETRIC_REPRESENTATION_CONTEXT(2) 
PARAMETRIC_REPRESENTATION_CONTEXT() REPRESENTATION_CONTEXT('2D SPACE',''
  ) );
#4660 = PCURVE('',#2063,#4661);
#4661 = DEFINITIONAL_REPRESENTATION('',(#4662),#4665);
#4662 = B_SPLINE_CURVE_WITH_KNOTS('',1,(#4663,#4664),.UNSPECIFIED.,.F.,
  .F.,(2,2),(0.,1.),.PIECEWISE_BEZIER_KNOTS.);
#4663 = CARTESIAN_POINT('',(3.99999999032,-290.0068964697));
#4664 = CARTESIAN_POINT('',(3.99999999032,0.));
#4665 = ( GEOMETRIC_REPRESENTATION_CONTEXT(2) 
PARAMETRIC_REPRESENTATION_CONTEXT() REPRESENTATION_CONTEXT('2D SPACE',''
  ) );
#4666 = ORIENTED_EDGE('',*,*,#2002,.F.);
#4667 = ORIENTED_EDGE('',*,*,#4668,.T.);
#4668 = EDGE_CURVE('',#1959,#4669,#4671,.T.);
#4669 = VERTEX_POINT('',#4670);
#4670 = CARTESIAN_POINT('',(830.,-58.51934161863,-54.24016522929));
#4671 = SURFACE_CURVE('',#4672,(#4711,#4753),.PCURVE_S1.);
#4672 = B_SPLINE_CURVE_WITH_KNOTS('',5,(#4673,#4674,#4675,#4676,#4677,
    #4678,#4679,#4680,#4681,#4682,#4683,#4684,#4685,#4686,#4687,#4688,
    #4689,#4690,#4691,#4692,#4693,#4694,#4695,#4696,#4697,#4698,#4699,
    #4700,#4701,#4702,#4703,#4704,#4705,#4706,#4707,#4708,#4709,#4710),
  .UNSPECIFIED.,.F.,.F.,(6,4,4,4,4,4,4,4,4,6),(0.,0.108836880644,
    0.221442748379,0.334048553125,0.446216092876,0.558796910655,
    0.670925016801,0.783455678746,0.895529765159,1.),.UNSPECIFIED.);
#4673 = CARTESIAN_POINT('',(560.,-69.64400205146,-42.29967348091));
#4674 = CARTESIAN_POINT('',(565.87561117157,-69.4014164325,
    -42.63504605786));
#4675 = CARTESIAN_POINT('',(571.75104783098,-69.15403233876,
    -42.9731074872));
#4676 = CARTESIAN_POINT('',(577.62633435148,-68.90213813852,
    -43.31309343642));
#4677 = CARTESIAN_POINT('',(583.50149756133,-68.64606908912,
    -43.65423669619));
#4678 = CARTESIAN_POINT('',(595.45508807683,-68.11736473722,
    -44.34912632483));
#4679 = CARTESIAN_POINT('',(601.5335086214,-67.84446285049,
    -44.70290001522));
#4680 = CARTESIAN_POINT('',(607.61186120719,-67.56794344917,
    -45.056237117));
#4681 = CARTESIAN_POINT('',(613.69018050422,-67.2883036376,
    -45.40828308449));
#4682 = CARTESIAN_POINT('',(625.84682256223,-66.72391902202,
    -46.108085559));
#4683 = CARTESIAN_POINT('',(631.92514512495,-66.43917424572,
    -46.45584205003));
#4684 = CARTESIAN_POINT('',(638.00350768006,-66.15244436494,
    -46.80060063349));
#4685 = CARTESIAN_POINT('',(644.08194772746,-65.86436798607,
    -47.14150885608));
#4686 = CARTESIAN_POINT('',(656.21540082803,-65.28806259355,
    -47.81262976673));
#4687 = CARTESIAN_POINT('',(662.2704127403,-64.99983856816,
    -48.14287889797));
#4688 = CARTESIAN_POINT('',(668.32557651334,-64.71168083178,
    -48.46763799577));
#4689 = CARTESIAN_POINT('',(674.38092852385,-64.42435803046,
    -48.78608300179));
#4690 = CARTESIAN_POINT('',(686.51438953089,-63.85197650482,
    -49.40989202034));
#4691 = CARTESIAN_POINT('',(692.59249990499,-63.56693005523,
    -49.71520349334));
#4692 = CARTESIAN_POINT('',(698.67086915354,-63.28438575134,
    -50.01253998953));
#4693 = CARTESIAN_POINT('',(704.74952830416,-63.00523124287,
    -50.30111733908));
#4694 = CARTESIAN_POINT('',(716.88303329927,-62.45662646601,
    -50.85816041156));
#4695 = CARTESIAN_POINT('',(722.93787640839,-62.18714170322,
    -51.12670232991));
#4696 = CARTESIAN_POINT('',(728.99305792692,-61.92281961198,
    -51.38509953146));
#4697 = CARTESIAN_POINT('',(735.04859672469,-61.66457976669,
    -51.63267352178));
#4698 = CARTESIAN_POINT('',(747.18215130468,-61.16113282193,
    -52.10582932721));
#4699 = CARTESIAN_POINT('',(753.26016974865,-60.91597582528,
    -52.33132899506));
#4700 = CARTESIAN_POINT('',(759.33856868765,-60.67873006486,
    -52.54472377739));
#4701 = CARTESIAN_POINT('',(765.41734964913,-60.45025400031,
    -52.74549378867));
#4702 = CARTESIAN_POINT('',(777.55099160392,-60.01321712111,
    -53.12023903666));
#4703 = CARTESIAN_POINT('',(783.60584999096,-59.80457921556,
    -53.29431968754));
#4704 = CARTESIAN_POINT('',(789.66106848327,-59.6061116937,
    -53.45510284138));
#4705 = CARTESIAN_POINT('',(795.71662903591,-59.41843481427,
    -53.60232805016));
#4706 = CARTESIAN_POINT('',(807.41750663954,-59.07746451633,
    -53.86044225431));
#4707 = CARTESIAN_POINT('',(813.0627832657,-58.92270216552,
    -53.97311883882));
#4708 = CARTESIAN_POINT('',(818.70830970912,-58.77801169498,
    -54.07388384596));
#4709 = CARTESIAN_POINT('',(824.35405917398,-58.64357292318,
    -54.16281155164));
#4710 = CARTESIAN_POINT('',(830.,-58.51934161863,-54.24016522929));
#4711 = PCURVE('',#1634,#4712);
#4712 = DEFINITIONAL_REPRESENTATION('',(#4713),#4752);
#4713 = B_SPLINE_CURVE_WITH_KNOTS('',5,(#4714,#4715,#4716,#4717,#4718,
    #4719,#4720,#4721,#4722,#4723,#4724,#4725,#4726,#4727,#4728,#4729,
    #4730,#4731,#4732,#4733,#4734,#4735,#4736,#4737,#4738,#4739,#4740,
    #4741,#4742,#4743,#4744,#4745,#4746,#4747,#4748,#4749,#4750,#4751),
  .UNSPECIFIED.,.F.,.F.,(6,4,4,4,4,4,4,4,4,6),(0.,0.108836880644,
    0.221442748379,0.334048553125,0.446216092876,0.558796910655,
    0.670925016801,0.783455678746,0.895529765159,1.),.UNSPECIFIED.);
#4714 = CARTESIAN_POINT('',(-2.098954186003,0.));
#4715 = CARTESIAN_POINT('',(-2.104374225501,-5.875611171571));
#4716 = CARTESIAN_POINT('',(-2.109863866224,-11.75104783098));
#4717 = CARTESIAN_POINT('',(-2.115413025919,-17.62633435148));
#4718 = CARTESIAN_POINT('',(-2.121011276024,-23.50149756133));
#4719 = CARTESIAN_POINT('',(-2.132479409338,-35.45508807683));
#4720 = CARTESIAN_POINT('',(-2.138351985291,-41.5335086214));
#4721 = CARTESIAN_POINT('',(-2.144253440935,-47.61186120719));
#4722 = CARTESIAN_POINT('',(-2.150171232107,-53.69018050422));
#4723 = CARTESIAN_POINT('',(-2.162013241325,-65.84682256223));
#4724 = CARTESIAN_POINT('',(-2.167937458941,-71.92514512496));
#4725 = CARTESIAN_POINT('',(-2.173851775946,-78.00350768006));
#4726 = CARTESIAN_POINT('',(-2.179742493973,-84.08194772746));
#4727 = CARTESIAN_POINT('',(-2.191425463438,-96.21540082803));
#4728 = CARTESIAN_POINT('',(-2.197218008365,-102.2704127403));
#4729 = CARTESIAN_POINT('',(-2.202958933198,-108.3255765133));
#4730 = CARTESIAN_POINT('',(-2.208633621879,-114.3809285238));
#4731 = CARTESIAN_POINT('',(-2.21984124374,-126.5143895308));
#4732 = CARTESIAN_POINT('',(-2.22537357704,-132.5924999049));
#4733 = CARTESIAN_POINT('',(-2.2308090293,-138.6708691535));
#4734 = CARTESIAN_POINT('',(-2.236132157883,-144.7495283041));
#4735 = CARTESIAN_POINT('',(-2.246502287532,-156.8830332992));
#4736 = CARTESIAN_POINT('',(-2.251550312584,-162.9378764083));
#4737 = CARTESIAN_POINT('',(-2.25645664987,-168.9930579269));
#4738 = CARTESIAN_POINT('',(-2.261206346983,-175.0485967246));
#4739 = CARTESIAN_POINT('',(-2.270380916101,-187.1821513046));
#4740 = CARTESIAN_POINT('',(-2.274804560801,-193.2601697486));
#4741 = CARTESIAN_POINT('',(-2.279042219091,-199.3385686876));
#4742 = CARTESIAN_POINT('',(-2.283080740238,-205.4173496491));
#4743 = CARTESIAN_POINT('',(-2.290721997852,-217.5509916039));
#4744 = CARTESIAN_POINT('',(-2.294326436464,-223.6058499909));
#4745 = CARTESIAN_POINT('',(-2.297711609868,-229.6610684832));
#4746 = CARTESIAN_POINT('',(-2.300868811132,-235.7166290359));
#4747 = CARTESIAN_POINT('',(-2.306518640602,-247.4175066395));
#4748 = CARTESIAN_POINT('',(-2.309041825159,-253.0627832561));
#4749 = CARTESIAN_POINT('',(-2.311358338679,-258.7083097259));
#4750 = CARTESIAN_POINT('',(-2.313466755984,-264.3540591673));
#4751 = CARTESIAN_POINT('',(-2.315369566988,-269.9999999933));
#4752 = ( GEOMETRIC_REPRESENTATION_CONTEXT(2) 
PARAMETRIC_REPRESENTATION_CONTEXT() REPRESENTATION_CONTEXT('2D SPACE',''
  ) );
#4753 = PCURVE('',#1982,#4754);
#4754 = DEFINITIONAL_REPRESENTATION('',(#4755),#4794);
#4755 = B_SPLINE_CURVE_WITH_KNOTS('',5,(#4756,#4757,#4758,#4759,#4760,
    #4761,#4762,#4763,#4764,#4765,#4766,#4767,#4768,#4769,#4770,#4771,
    #4772,#4773,#4774,#4775,#4776,#4777,#4778,#4779,#4780,#4781,#4782,
    #4783,#4784,#4785,#4786,#4787,#4788,#4789,#4790,#4791,#4792,#4793),
  .UNSPECIFIED.,.F.,.F.,(6,4,4,4,4,4,4,4,4,6),(0.,0.108836880644,
    0.221442748379,0.334048553125,0.446216092876,0.558796910655,
    0.670925016801,0.783455678746,0.895529765159,1.),.UNSPECIFIED.);
#4756 = CARTESIAN_POINT('',(1.346277858671,0.470828081267));
#4757 = CARTESIAN_POINT('',(1.368408921204,0.48238456372));
#4758 = CARTESIAN_POINT('',(1.389814531921,0.493940618234));
#4759 = CARTESIAN_POINT('',(1.410525982511,0.505496057336));
#4760 = CARTESIAN_POINT('',(1.430572911993,0.517050698501));
#4761 = CARTESIAN_POINT('',(1.470063953041,0.540558130742));
#4762 = CARTESIAN_POINT('',(1.489463149373,0.552510852831));
#4763 = CARTESIAN_POINT('',(1.508209931509,0.564462334984));
#4764 = CARTESIAN_POINT('',(1.526331333585,0.576412385555));
#4765 = CARTESIAN_POINT('',(1.561370703842,0.600309242872));
#4766 = CARTESIAN_POINT('',(1.578288672966,0.61225604923));
#4767 = CARTESIAN_POINT('',(1.5946286163,0.624201049718));
#4768 = CARTESIAN_POINT('',(1.610410869159,0.636144059506));
#4769 = CARTESIAN_POINT('',(1.640834500958,0.659979257506));
#4770 = CARTESIAN_POINT('',(1.655480080888,0.671871462126));
#4771 = CARTESIAN_POINT('',(1.669605810517,0.683761328518));
#4772 = CARTESIAN_POINT('',(1.68322505085,0.695648674349));
#4773 = CARTESIAN_POINT('',(1.709519098856,0.719461743496));
#4774 = CARTESIAN_POINT('',(1.722190241477,0.731387446313));
#4775 = CARTESIAN_POINT('',(1.734371541986,0.743310235926));
#4776 = CARTESIAN_POINT('',(1.746069902753,0.755229918891));
#4777 = CARTESIAN_POINT('',(1.768463226846,0.779014748906));
#4778 = CARTESIAN_POINT('',(1.77916203575,0.790879922121));
#4779 = CARTESIAN_POINT('',(1.789389303812,0.802741612575));
#4780 = CARTESIAN_POINT('',(1.799145734619,0.814599608775));
#4781 = CARTESIAN_POINT('',(1.817746067857,0.838350317858));
#4782 = CARTESIAN_POINT('',(1.82658656908,0.850243002573));
#4783 = CARTESIAN_POINT('',(1.834948621831,0.862131508976));
#4784 = CARTESIAN_POINT('',(1.842827287186,0.87401559239));
#4785 = CARTESIAN_POINT('',(1.857572727896,0.89772618668));
#4786 = CARTESIAN_POINT('',(1.864443480836,0.909552736315));
#4787 = CARTESIAN_POINT('',(1.870819757148,0.921374375932));
#4788 = CARTESIAN_POINT('',(1.876691503571,0.93319082985));
#4789 = CARTESIAN_POINT('',(1.887037115996,0.956011444519));
#4790 = CARTESIAN_POINT('',(1.891578796198,0.967016324864));
#4791 = CARTESIAN_POINT('',(1.895660619935,0.978016207434));
#4792 = CARTESIAN_POINT('',(1.899270191002,0.98901084922));
#4793 = CARTESIAN_POINT('',(1.902392430878,1.));
#4794 = ( GEOMETRIC_REPRESENTATION_CONTEXT(2) 
PARAMETRIC_REPRESENTATION_CONTEXT() REPRESENTATION_CONTEXT('2D SPACE',''
  ) );
#4795 = ORIENTED_EDGE('',*,*,#4796,.T.);
#4796 = EDGE_CURVE('',#4669,#4797,#4799,.T.);
#4797 = VERTEX_POINT('',#4798);
#4798 = CARTESIAN_POINT('',(830.,-54.24016522917,-58.51934162109));
#4799 = SURFACE_CURVE('',#4800,(#4805,#4812),.PCURVE_S1.);
#4800 = CIRCLE('',#4801,74.137931034483);
#4801 = AXIS2_PLACEMENT_3D('',#4802,#4803,#4804);
#4802 = CARTESIAN_POINT('',(830.,-3.999999960528,-3.99999999032));
#4803 = DIRECTION('',(1.,0.,1.110223024625E-16));
#4804 = DIRECTION('',(-1.110223024625E-16,0.,1.));
#4805 = PCURVE('',#1634,#4806);
#4806 = DEFINITIONAL_REPRESENTATION('',(#4807),#4811);
#4807 = LINE('',#4808,#4809);
#4808 = CARTESIAN_POINT('',(-0.,-270.));
#4809 = VECTOR('',#4810,1.);
#4810 = DIRECTION('',(-1.,-0.));
#4811 = ( GEOMETRIC_REPRESENTATION_CONTEXT(2) 
PARAMETRIC_REPRESENTATION_CONTEXT() REPRESENTATION_CONTEXT('2D SPACE',''
  ) );
#4812 = PCURVE('',#4813,#4818);
#4813 = PLANE('',#4814);
#4814 = AXIS2_PLACEMENT_3D('',#4815,#4816,#4817);
#4815 = CARTESIAN_POINT('',(830.,-94.04520189781,-94.04520189781));
#4816 = DIRECTION('',(1.,0.,0.));
#4817 = DIRECTION('',(0.,0.707106781187,0.707106781187));
#4818 = DEFINITIONAL_REPRESENTATION('',(#4819),#4823);
#4819 = CIRCLE('',#4820,74.137931034483);
#4820 = AXIS2_PLACEMENT_2D('',#4821,#4822);
#4821 = CARTESIAN_POINT('',(127.34314578526,-2.106612839725E-08));
#4822 = DIRECTION('',(0.707106781187,0.707106781187));
#4823 = ( GEOMETRIC_REPRESENTATION_CONTEXT(2) 
PARAMETRIC_REPRESENTATION_CONTEXT() REPRESENTATION_CONTEXT('2D SPACE',''
  ) );
#4824 = ORIENTED_EDGE('',*,*,#4825,.T.);
#4825 = EDGE_CURVE('',#4797,#1618,#4826,.T.);
#4826 = SURFACE_CURVE('',#4827,(#4862,#4900),.PCURVE_S1.);
#4827 = B_SPLINE_CURVE_WITH_KNOTS('',5,(#4828,#4829,#4830,#4831,#4832,
    #4833,#4834,#4835,#4836,#4837,#4838,#4839,#4840,#4841,#4842,#4843,
    #4844,#4845,#4846,#4847,#4848,#4849,#4850,#4851,#4852,#4853,#4854,
    #4855,#4856,#4857,#4858,#4859,#4860,#4861),.UNSPECIFIED.,.F.,.F.,(6,
    4,4,4,4,4,4,4,6),(0.,0.153347199168,0.30580755051,0.458317817936,
    0.610438912957,0.708858365925,0.806852121226,0.905272789561,1.),
  .UNSPECIFIED.);
#4828 = CARTESIAN_POINT('',(830.,-54.24016522917,-58.51934162109));
#4829 = CARTESIAN_POINT('',(821.71257506866,-54.12662121291,
    -58.70169521695));
#4830 = CARTESIAN_POINT('',(813.425560976,-53.98813934483,
    -58.90604193019));
#4831 = CARTESIAN_POINT('',(805.13906137042,-53.82388945168,
    -59.13252114064));
#4832 = CARTESIAN_POINT('',(796.85315236442,-53.63391026565,
    -59.38023370275));
#4833 = CARTESIAN_POINT('',(780.33054760036,-53.20489218133,
    -59.91362593386));
#4834 = CARTESIAN_POINT('',(772.0938410454,-52.96614350266,
    -60.19907809091));
#4835 = CARTESIAN_POINT('',(763.85782505018,-52.70310526335,
    -60.50260611338));
#4836 = CARTESIAN_POINT('',(755.6225134625,-52.41688042386,
    -60.8221990516));
#4837 = CARTESIAN_POINT('',(739.15057458244,-51.80077119797,
    -61.48927328201));
#4838 = CARTESIAN_POINT('',(730.91394724403,-51.4708725484,
    -61.83676386216));
#4839 = CARTESIAN_POINT('',(722.67799285513,-51.12059210252,
    -62.19596989437));
#4840 = CARTESIAN_POINT('',(714.44266399103,-50.75164665094,
    -62.56454757669));
#4841 = CARTESIAN_POINT('',(697.99413341267,-49.98113461661,
    -63.31500914825));
#4842 = CARTESIAN_POINT('',(689.78092977536,-49.5796537512,
    -63.69685656118));
#4843 = CARTESIAN_POINT('',(681.56821199068,-49.16330683567,
    -64.08357126308));
#4844 = CARTESIAN_POINT('',(673.35589679055,-48.73408983846,
    -64.47302591995));
#4845 = CARTESIAN_POINT('',(659.83088128438,-48.0093489828,
    -65.11582760389));
#4846 = CARTESIAN_POINT('',(654.5180007862,-47.72011906308,
    -65.36868824263));
#4847 = CARTESIAN_POINT('',(649.20522585549,-47.42691233085,
    -65.62138222797));
#4848 = CARTESIAN_POINT('',(643.8925313693,-47.13029240931,
    -65.87343064824));
#4849 = CARTESIAN_POINT('',(633.29023169651,-46.53265503396,
    -66.37427647035));
#4850 = CARTESIAN_POINT('',(628.0006261536,-46.23166199112,
    -66.62308316525));
#4851 = CARTESIAN_POINT('',(622.71105046083,-45.92840720598,
    -66.87038478319));
#4852 = CARTESIAN_POINT('',(617.42148031113,-45.6234524619,
    -67.11579010055));
#4853 = CARTESIAN_POINT('',(606.81925951492,-45.0099361723,
    -67.60316580001));
#4854 = CARTESIAN_POINT('',(601.50660880625,-44.70136446274,
    -67.84511631764));
#4855 = CARTESIAN_POINT('',(596.19391598953,-44.39221635475,
    -68.08444486195));
#4856 = CARTESIAN_POINT('',(590.8811584377,-44.0830614318,
    -68.32083506816));
#4857 = CARTESIAN_POINT('',(580.45484767391,-43.47745610343,
    -68.77843291565));
#4858 = CARTESIAN_POINT('',(575.34130086098,-43.18096423254,
    -68.9998769982));
#4859 = CARTESIAN_POINT('',(570.2276554017,-42.88549976445,
    -69.21809394036));
#4860 = CARTESIAN_POINT('',(565.11389378991,-42.59156817417,
    -69.43286537619));
#4861 = CARTESIAN_POINT('',(560.,-42.29967347779,-69.64400206568));
#4862 = PCURVE('',#1634,#4863);
#4863 = DEFINITIONAL_REPRESENTATION('',(#4864),#4899);
#4864 = B_SPLINE_CURVE_WITH_KNOTS('',5,(#4865,#4866,#4867,#4868,#4869,
    #4870,#4871,#4872,#4873,#4874,#4875,#4876,#4877,#4878,#4879,#4880,
    #4881,#4882,#4883,#4884,#4885,#4886,#4887,#4888,#4889,#4890,#4891,
    #4892,#4893,#4894,#4895,#4896,#4897,#4898),.UNSPECIFIED.,.F.,.F.,(6,
    4,4,4,4,4,4,4,6),(0.,0.153347199168,0.30580755051,0.458317817936,
    0.610438912957,0.708858365925,0.806852121226,0.905272789561,1.),
  .UNSPECIFIED.);
#4865 = CARTESIAN_POINT('',(-2.397019412851,-269.9999999964));
#4866 = CARTESIAN_POINT('',(-2.399812464329,-261.7125750651));
#4867 = CARTESIAN_POINT('',(-2.40304852124,-253.4255609849));
#4868 = CARTESIAN_POINT('',(-2.406735425682,-245.1390613653));
#4869 = CARTESIAN_POINT('',(-2.410862955375,-236.8531523644));
#4870 = CARTESIAN_POINT('',(-2.419932196852,-220.3305476003));
#4871 = CARTESIAN_POINT('',(-2.424869064052,-212.0938410454));
#4872 = CARTESIAN_POINT('',(-2.430201211611,-203.8578250501));
#4873 = CARTESIAN_POINT('',(-2.435898618265,-195.6225134625));
#4874 = CARTESIAN_POINT('',(-2.447958014318,-179.1505745824));
#4875 = CARTESIAN_POINT('',(-2.454320222181,-170.913947244));
#4876 = CARTESIAN_POINT('',(-2.460979865631,-162.6779928551));
#4877 = CARTESIAN_POINT('',(-2.467898948322,-154.442663991));
#4878 = CARTESIAN_POINT('',(-2.482161672562,-137.9941334126));
#4879 = CARTESIAN_POINT('',(-2.489504183303,-129.7809297753));
#4880 = CARTESIAN_POINT('',(-2.497029097711,-121.5682119906));
#4881 = CARTESIAN_POINT('',(-2.504698464994,-113.3558967905));
#4882 = CARTESIAN_POINT('',(-2.517507942762,-99.83088128438));
#4883 = CARTESIAN_POINT('',(-2.5225851511,-94.5180007862));
#4884 = CARTESIAN_POINT('',(-2.527697804713,-89.20522585549));
#4885 = CARTESIAN_POINT('',(-2.532836339408,-83.8925313693));
#4886 = CARTESIAN_POINT('',(-2.543124418369,-73.29023169651));
#4887 = CARTESIAN_POINT('',(-2.548273818561,-68.0006261536));
#4888 = CARTESIAN_POINT('',(-2.55343061748,-62.71105046083));
#4889 = CARTESIAN_POINT('',(-2.558586030981,-57.42148031113));
#4890 = CARTESIAN_POINT('',(-2.568899589336,-46.81925951492));
#4891 = CARTESIAN_POINT('',(-2.574057645942,-41.50660880625));
#4892 = CARTESIAN_POINT('',(-2.579197209033,-36.19391598953));
#4893 = CARTESIAN_POINT('',(-2.584310024799,-30.8811584377));
#4894 = CARTESIAN_POINT('',(-2.594275703435,-20.45484767391));
#4895 = CARTESIAN_POINT('',(-2.599131116887,-15.34130086098));
#4896 = CARTESIAN_POINT('',(-2.603947306236,-10.2276554017));
#4897 = CARTESIAN_POINT('',(-2.6087174113,-5.113893789918));
#4898 = CARTESIAN_POINT('',(-2.613434793975,0.));
#4899 = ( GEOMETRIC_REPRESENTATION_CONTEXT(2) 
PARAMETRIC_REPRESENTATION_CONTEXT() REPRESENTATION_CONTEXT('2D SPACE',''
  ) );
#4900 = PCURVE('',#1670,#4901);
#4901 = DEFINITIONAL_REPRESENTATION('',(#4902),#4937);
#4902 = B_SPLINE_CURVE_WITH_KNOTS('',5,(#4903,#4904,#4905,#4906,#4907,
    #4908,#4909,#4910,#4911,#4912,#4913,#4914,#4915,#4916,#4917,#4918,
    #4919,#4920,#4921,#4922,#4923,#4924,#4925,#4926,#4927,#4928,#4929,
    #4930,#4931,#4932,#4933,#4934,#4935,#4936),.UNSPECIFIED.,.F.,.F.,(6,
    4,4,4,4,4,4,4,6),(0.,0.153347199168,0.30580755051,0.458317817936,
    0.610438912957,0.708858365925,0.806852121226,0.905272789561,1.),
  .UNSPECIFIED.);
#4903 = CARTESIAN_POINT('',(2.097607569181,1.));
#4904 = CARTESIAN_POINT('',(2.102190565958,0.983869515293));
#4905 = CARTESIAN_POINT('',(2.107823548329,0.967727196808));
#4906 = CARTESIAN_POINT('',(2.114458932167,0.951573842758));
#4907 = CARTESIAN_POINT('',(2.122061218462,0.935410208228));
#4908 = CARTESIAN_POINT('',(2.139096466113,0.903157368585));
#4909 = CARTESIAN_POINT('',(2.148518603473,0.887068267165));
#4910 = CARTESIAN_POINT('',(2.158843748727,0.870970424302));
#4911 = CARTESIAN_POINT('',(2.170054489956,0.854864479394));
#4912 = CARTESIAN_POINT('',(2.194234738521,0.822632290907));
#4913 = CARTESIAN_POINT('',(2.207204827477,0.806506041433));
#4914 = CARTESIAN_POINT('',(2.221044747559,0.790372859926));
#4915 = CARTESIAN_POINT('',(2.235755730399,0.77423327865));
#4916 = CARTESIAN_POINT('',(2.266903640224,0.741983506664));
#4917 = CARTESIAN_POINT('',(2.283336067241,0.725873347847));
#4918 = CARTESIAN_POINT('',(2.30065856299,0.709757805715));
#4919 = CARTESIAN_POINT('',(2.318893323769,0.693637346376));
#4920 = CARTESIAN_POINT('',(2.350483275547,0.667079902476));
#4921 = CARTESIAN_POINT('',(2.363288585783,0.656645514704));
#4922 = CARTESIAN_POINT('',(2.37649883916,0.646209381347));
#4923 = CARTESIAN_POINT('',(2.39012507232,0.635771625034));
#4924 = CARTESIAN_POINT('',(2.418174761606,0.614938265363));
#4925 = CARTESIAN_POINT('',(2.432594510558,0.604542675185));
#4926 = CARTESIAN_POINT('',(2.447452431521,0.594145719194));
#4927 = CARTESIAN_POINT('',(2.462763316739,0.58374752025));
#4928 = CARTESIAN_POINT('',(2.494393191507,0.562903580525));
#4929 = CARTESIAN_POINT('',(2.510716265363,0.552457830154));
#4930 = CARTESIAN_POINT('',(2.527530062356,0.542011077989));
#4931 = CARTESIAN_POINT('',(2.544853335125,0.531563453094));
#4932 = CARTESIAN_POINT('',(2.579889935748,0.511058820155));
#4933 = CARTESIAN_POINT('',(2.597564192637,0.501001866763));
#4934 = CARTESIAN_POINT('',(2.615747754377,0.490944344874));
#4935 = CARTESIAN_POINT('',(2.634460161966,0.480886375163));
#4936 = CARTESIAN_POINT('',(2.653722141699,0.47082808129));
#4937 = ( GEOMETRIC_REPRESENTATION_CONTEXT(2) 
PARAMETRIC_REPRESENTATION_CONTEXT() REPRESENTATION_CONTEXT('2D SPACE',''
  ) );
#4938 = ADVANCED_FACE('',(#4939),#1982,.T.);
#4939 = FACE_BOUND('',#4940,.T.);
#4940 = EDGE_LOOP('',(#4941,#4965,#4991,#5015,#5034,#5035));
#4941 = ORIENTED_EDGE('',*,*,#4942,.F.);
#4942 = EDGE_CURVE('',#4943,#1825,#4945,.T.);
#4943 = VERTEX_POINT('',#4944);
#4944 = CARTESIAN_POINT('',(320.,-57.98275605729,-38.18376618407));
#4945 = SURFACE_CURVE('',#4946,(#4951,#4958),.PCURVE_S1.);
#4946 = ( BOUNDED_CURVE() B_SPLINE_CURVE(3,(#4947,#4948,#4949,#4950),
.UNSPECIFIED.,.F.,.F.) B_SPLINE_CURVE_WITH_KNOTS((4,4),(0.,1.),
.PIECEWISE_BEZIER_KNOTS.) CURVE() GEOMETRIC_REPRESENTATION_ITEM() 
RATIONAL_B_SPLINE_CURVE((1.,1.,1.,1.)) REPRESENTATION_ITEM('') );
#4947 = CARTESIAN_POINT('',(320.,-57.98275605729,-38.18376618407));
#4948 = CARTESIAN_POINT('',(490.8100616207,-65.93028892841,
    -36.06020848426));
#4949 = CARTESIAN_POINT('',(658.74197351329,-104.628852341,
    -40.68052371771));
#4950 = CARTESIAN_POINT('',(830.,-96.16652224137,-52.3259018078));
#4951 = PCURVE('',#1982,#4952);
#4952 = DEFINITIONAL_REPRESENTATION('',(#4953),#4957);
#4953 = LINE('',#4954,#4955);
#4954 = CARTESIAN_POINT('',(1.,0.));
#4955 = VECTOR('',#4956,1.);
#4956 = DIRECTION('',(0.,1.));
#4957 = ( GEOMETRIC_REPRESENTATION_CONTEXT(2) 
PARAMETRIC_REPRESENTATION_CONTEXT() REPRESENTATION_CONTEXT('2D SPACE',''
  ) );
#4958 = PCURVE('',#1908,#4959);
#4959 = DEFINITIONAL_REPRESENTATION('',(#4960),#4964);
#4960 = LINE('',#4961,#4962);
#4961 = CARTESIAN_POINT('',(1.,0.));
#4962 = VECTOR('',#4963,1.);
#4963 = DIRECTION('',(0.,1.));
#4964 = ( GEOMETRIC_REPRESENTATION_CONTEXT(2) 
PARAMETRIC_REPRESENTATION_CONTEXT() REPRESENTATION_CONTEXT('2D SPACE',''
  ) );
#4965 = ORIENTED_EDGE('',*,*,#4966,.T.);
#4966 = EDGE_CURVE('',#4943,#4967,#4969,.T.);
#4967 = VERTEX_POINT('',#4968);
#4968 = CARTESIAN_POINT('',(320.,-41.71930009,-41.71930009));
#4969 = SURFACE_CURVE('',#4970,(#4973,#4980),.PCURVE_S1.);
#4970 = B_SPLINE_CURVE_WITH_KNOTS('',1,(#4971,#4972),.UNSPECIFIED.,.F.,
  .F.,(2,2),(1.,2.),.PIECEWISE_BEZIER_KNOTS.);
#4971 = CARTESIAN_POINT('',(320.,-57.98275605729,-38.18376618407));
#4972 = CARTESIAN_POINT('',(320.,-41.71930009,-41.71930009));
#4973 = PCURVE('',#1982,#4974);
#4974 = DEFINITIONAL_REPRESENTATION('',(#4975),#4979);
#4975 = LINE('',#4976,#4977);
#4976 = CARTESIAN_POINT('',(0.,0.));
#4977 = VECTOR('',#4978,1.);
#4978 = DIRECTION('',(1.,0.));
#4979 = ( GEOMETRIC_REPRESENTATION_CONTEXT(2) 
PARAMETRIC_REPRESENTATION_CONTEXT() REPRESENTATION_CONTEXT('2D SPACE',''
  ) );
#4980 = PCURVE('',#4981,#4986);
#4981 = PLANE('',#4982);
#4982 = AXIS2_PLACEMENT_3D('',#4983,#4984,#4985);
#4983 = CARTESIAN_POINT('',(320.,-54.44722215136,-54.44722215136));
#4984 = DIRECTION('',(1.,0.,0.));
#4985 = DIRECTION('',(0.,0.707106781187,0.707106781187));
#4986 = DEFINITIONAL_REPRESENTATION('',(#4987),#4990);
#4987 = B_SPLINE_CURVE_WITH_KNOTS('',1,(#4988,#4989),.UNSPECIFIED.,.F.,
  .F.,(2,2),(1.,2.),.PIECEWISE_BEZIER_KNOTS.);
#4988 = CARTESIAN_POINT('',(9.,14.));
#4989 = CARTESIAN_POINT('',(18.,0.));
#4990 = ( GEOMETRIC_REPRESENTATION_CONTEXT(2) 
PARAMETRIC_REPRESENTATION_CONTEXT() REPRESENTATION_CONTEXT('2D SPACE',''
  ) );
#4991 = ORIENTED_EDGE('',*,*,#4992,.T.);
#4992 = EDGE_CURVE('',#4967,#4993,#4995,.T.);
#4993 = VERTEX_POINT('',#4994);
#4994 = CARTESIAN_POINT('',(830.,-54.44722215136,-54.44722215136));
#4995 = SURFACE_CURVE('',#4996,(#5001,#5008),.PCURVE_S1.);
#4996 = ( BOUNDED_CURVE() B_SPLINE_CURVE(3,(#4997,#4998,#4999,#5000),
.UNSPECIFIED.,.F.,.F.) B_SPLINE_CURVE_WITH_KNOTS((4,4),(0.,1.),
.PIECEWISE_BEZIER_KNOTS.) CURVE() GEOMETRIC_REPRESENTATION_ITEM() 
RATIONAL_B_SPLINE_CURVE((1.,1.,1.,1.)) REPRESENTATION_ITEM('') );
#4997 = CARTESIAN_POINT('',(320.,-41.71930009,-41.71930009));
#4998 = CARTESIAN_POINT('',(490.8100616207,-41.91316863998,
    -41.91316863998));
#4999 = CARTESIAN_POINT('',(658.74197351329,-53.32932196835,
    -53.32932196835));
#5000 = CARTESIAN_POINT('',(830.,-54.44722215136,-54.44722215136));
#5001 = PCURVE('',#1982,#5002);
#5002 = DEFINITIONAL_REPRESENTATION('',(#5003),#5007);
#5003 = LINE('',#5004,#5005);
#5004 = CARTESIAN_POINT('',(2.,0.));
#5005 = VECTOR('',#5006,1.);
#5006 = DIRECTION('',(0.,1.));
#5007 = ( GEOMETRIC_REPRESENTATION_CONTEXT(2) 
PARAMETRIC_REPRESENTATION_CONTEXT() REPRESENTATION_CONTEXT('2D SPACE',''
  ) );
#5008 = PCURVE('',#1670,#5009);
#5009 = DEFINITIONAL_REPRESENTATION('',(#5010),#5014);
#5010 = LINE('',#5011,#5012);
#5011 = CARTESIAN_POINT('',(2.,0.));
#5012 = VECTOR('',#5013,1.);
#5013 = DIRECTION('',(0.,1.));
#5014 = ( GEOMETRIC_REPRESENTATION_CONTEXT(2) 
PARAMETRIC_REPRESENTATION_CONTEXT() REPRESENTATION_CONTEXT('2D SPACE',''
  ) );
#5015 = ORIENTED_EDGE('',*,*,#5016,.F.);
#5016 = EDGE_CURVE('',#4669,#4993,#5017,.T.);
#5017 = SURFACE_CURVE('',#5018,(#5021,#5028),.PCURVE_S1.);
#5018 = B_SPLINE_CURVE_WITH_KNOTS('',1,(#5019,#5020),.UNSPECIFIED.,.F.,
  .F.,(2,2),(1.,2.),.PIECEWISE_BEZIER_KNOTS.);
#5019 = CARTESIAN_POINT('',(830.,-96.16652224137,-52.3259018078));
#5020 = CARTESIAN_POINT('',(830.,-54.44722215136,-54.44722215136));
#5021 = PCURVE('',#1982,#5022);
#5022 = DEFINITIONAL_REPRESENTATION('',(#5023),#5027);
#5023 = LINE('',#5024,#5025);
#5024 = CARTESIAN_POINT('',(0.,1.));
#5025 = VECTOR('',#5026,1.);
#5026 = DIRECTION('',(1.,0.));
#5027 = ( GEOMETRIC_REPRESENTATION_CONTEXT(2) 
PARAMETRIC_REPRESENTATION_CONTEXT() REPRESENTATION_CONTEXT('2D SPACE',''
  ) );
#5028 = PCURVE('',#4813,#5029);
#5029 = DEFINITIONAL_REPRESENTATION('',(#5030),#5033);
#5030 = B_SPLINE_CURVE_WITH_KNOTS('',1,(#5031,#5032),.UNSPECIFIED.,.F.,
  .F.,(2,2),(1.,2.),.PIECEWISE_BEZIER_KNOTS.);
#5031 = CARTESIAN_POINT('',(28.,31.));
#5032 = CARTESIAN_POINT('',(56.,0.));
#5033 = ( GEOMETRIC_REPRESENTATION_CONTEXT(2) 
PARAMETRIC_REPRESENTATION_CONTEXT() REPRESENTATION_CONTEXT('2D SPACE',''
  ) );
#5034 = ORIENTED_EDGE('',*,*,#4668,.F.);
#5035 = ORIENTED_EDGE('',*,*,#1958,.T.);
#5036 = ADVANCED_FACE('',(#5037),#1908,.T.);
#5037 = FACE_BOUND('',#5038,.T.);
#5038 = EDGE_LOOP('',(#5039,#5063,#5082,#5083));
#5039 = ORIENTED_EDGE('',*,*,#5040,.F.);
#5040 = EDGE_CURVE('',#5041,#1691,#5043,.T.);
#5041 = VERTEX_POINT('',#5042);
#5042 = CARTESIAN_POINT('',(320.,-54.44722215136,-54.44722215136));
#5043 = SURFACE_CURVE('',#5044,(#5049,#5056),.PCURVE_S1.);
#5044 = ( BOUNDED_CURVE() B_SPLINE_CURVE(3,(#5045,#5046,#5047,#5048),
.UNSPECIFIED.,.F.,.F.) B_SPLINE_CURVE_WITH_KNOTS((4,4),(0.,1.),
.PIECEWISE_BEZIER_KNOTS.) CURVE() GEOMETRIC_REPRESENTATION_ITEM() 
RATIONAL_B_SPLINE_CURVE((1.,1.,1.,1.)) REPRESENTATION_ITEM('') );
#5045 = CARTESIAN_POINT('',(320.,-54.44722215136,-54.44722215136));
#5046 = CARTESIAN_POINT('',(490.8100616207,-60.07732877268,
    -60.07732877268));
#5047 = CARTESIAN_POINT('',(658.74197351329,-91.98005409046,
    -91.98005409046));
#5048 = CARTESIAN_POINT('',(830.,-94.04520189781,-94.04520189781));
#5049 = PCURVE('',#1908,#5050);
#5050 = DEFINITIONAL_REPRESENTATION('',(#5051),#5055);
#5051 = LINE('',#5052,#5053);
#5052 = CARTESIAN_POINT('',(0.,0.));
#5053 = VECTOR('',#5054,1.);
#5054 = DIRECTION('',(0.,1.));
#5055 = ( GEOMETRIC_REPRESENTATION_CONTEXT(2) 
PARAMETRIC_REPRESENTATION_CONTEXT() REPRESENTATION_CONTEXT('2D SPACE',''
  ) );
#5056 = PCURVE('',#1774,#5057);
#5057 = DEFINITIONAL_REPRESENTATION('',(#5058),#5062);
#5058 = LINE('',#5059,#5060);
#5059 = CARTESIAN_POINT('',(4.,0.));
#5060 = VECTOR('',#5061,1.);
#5061 = DIRECTION('',(0.,1.));
#5062 = ( GEOMETRIC_REPRESENTATION_CONTEXT(2) 
PARAMETRIC_REPRESENTATION_CONTEXT() REPRESENTATION_CONTEXT('2D SPACE',''
  ) );
#5063 = ORIENTED_EDGE('',*,*,#5064,.T.);
#5064 = EDGE_CURVE('',#5041,#4943,#5065,.T.);
#5065 = SURFACE_CURVE('',#5066,(#5069,#5076),.PCURVE_S1.);
#5066 = B_SPLINE_CURVE_WITH_KNOTS('',1,(#5067,#5068),.UNSPECIFIED.,.F.,
  .F.,(2,2),(0.,1.),.PIECEWISE_BEZIER_KNOTS.);
#5067 = CARTESIAN_POINT('',(320.,-54.44722215136,-54.44722215136));
#5068 = CARTESIAN_POINT('',(320.,-57.98275605729,-38.18376618407));
#5069 = PCURVE('',#1908,#5070);
#5070 = DEFINITIONAL_REPRESENTATION('',(#5071),#5075);
#5071 = LINE('',#5072,#5073);
#5072 = CARTESIAN_POINT('',(0.,0.));
#5073 = VECTOR('',#5074,1.);
#5074 = DIRECTION('',(1.,0.));
#5075 = ( GEOMETRIC_REPRESENTATION_CONTEXT(2) 
PARAMETRIC_REPRESENTATION_CONTEXT() REPRESENTATION_CONTEXT('2D SPACE',''
  ) );
#5076 = PCURVE('',#4981,#5077);
#5077 = DEFINITIONAL_REPRESENTATION('',(#5078),#5081);
#5078 = B_SPLINE_CURVE_WITH_KNOTS('',1,(#5079,#5080),.UNSPECIFIED.,.F.,
  .F.,(2,2),(0.,1.),.PIECEWISE_BEZIER_KNOTS.);
#5079 = CARTESIAN_POINT('',(0.,0.));
#5080 = CARTESIAN_POINT('',(9.,14.));
#5081 = ( GEOMETRIC_REPRESENTATION_CONTEXT(2) 
PARAMETRIC_REPRESENTATION_CONTEXT() REPRESENTATION_CONTEXT('2D SPACE',''
  ) );
#5082 = ORIENTED_EDGE('',*,*,#4942,.T.);
#5083 = ORIENTED_EDGE('',*,*,#1824,.T.);
#5084 = ADVANCED_FACE('',(#5085),#1774,.T.);
#5085 = FACE_BOUND('',#5086,.T.);
#5086 = EDGE_LOOP('',(#5087,#5111,#5130,#5131));
#5087 = ORIENTED_EDGE('',*,*,#5088,.F.);
#5088 = EDGE_CURVE('',#5089,#1647,#5091,.T.);
#5089 = VERTEX_POINT('',#5090);
#5090 = CARTESIAN_POINT('',(320.,-38.18376618407,-57.98275605729));
#5091 = SURFACE_CURVE('',#5092,(#5097,#5104),.PCURVE_S1.);
#5092 = ( BOUNDED_CURVE() B_SPLINE_CURVE(3,(#5093,#5094,#5095,#5096),
.UNSPECIFIED.,.F.,.F.) B_SPLINE_CURVE_WITH_KNOTS((4,4),(0.,1.),
.PIECEWISE_BEZIER_KNOTS.) CURVE() GEOMETRIC_REPRESENTATION_ITEM() 
RATIONAL_B_SPLINE_CURVE((1.,1.,1.,1.)) REPRESENTATION_ITEM('') );
#5093 = CARTESIAN_POINT('',(320.,-38.18376618407,-57.98275605729));
#5094 = CARTESIAN_POINT('',(490.8100616207,-36.06020848426,
    -65.93028892841));
#5095 = CARTESIAN_POINT('',(658.74197351329,-40.68052371771,
    -104.628852341));
#5096 = CARTESIAN_POINT('',(830.,-52.3259018078,-96.16652224137));
#5097 = PCURVE('',#1774,#5098);
#5098 = DEFINITIONAL_REPRESENTATION('',(#5099),#5103);
#5099 = LINE('',#5100,#5101);
#5100 = CARTESIAN_POINT('',(3.,0.));
#5101 = VECTOR('',#5102,1.);
#5102 = DIRECTION('',(0.,1.));
#5103 = ( GEOMETRIC_REPRESENTATION_CONTEXT(2) 
PARAMETRIC_REPRESENTATION_CONTEXT() REPRESENTATION_CONTEXT('2D SPACE',''
  ) );
#5104 = PCURVE('',#1670,#5105);
#5105 = DEFINITIONAL_REPRESENTATION('',(#5106),#5110);
#5106 = LINE('',#5107,#5108);
#5107 = CARTESIAN_POINT('',(3.,0.));
#5108 = VECTOR('',#5109,1.);
#5109 = DIRECTION('',(0.,1.));
#5110 = ( GEOMETRIC_REPRESENTATION_CONTEXT(2) 
PARAMETRIC_REPRESENTATION_CONTEXT() REPRESENTATION_CONTEXT('2D SPACE',''
  ) );
#5111 = ORIENTED_EDGE('',*,*,#5112,.T.);
#5112 = EDGE_CURVE('',#5089,#5041,#5113,.T.);
#5113 = SURFACE_CURVE('',#5114,(#5117,#5124),.PCURVE_S1.);
#5114 = B_SPLINE_CURVE_WITH_KNOTS('',1,(#5115,#5116),.UNSPECIFIED.,.F.,
  .F.,(2,2),(3.,4.),.PIECEWISE_BEZIER_KNOTS.);
#5115 = CARTESIAN_POINT('',(320.,-38.18376618407,-57.98275605729));
#5116 = CARTESIAN_POINT('',(320.,-54.44722215136,-54.44722215136));
#5117 = PCURVE('',#1774,#5118);
#5118 = DEFINITIONAL_REPRESENTATION('',(#5119),#5123);
#5119 = LINE('',#5120,#5121);
#5120 = CARTESIAN_POINT('',(0.,0.));
#5121 = VECTOR('',#5122,1.);
#5122 = DIRECTION('',(1.,0.));
#5123 = ( GEOMETRIC_REPRESENTATION_CONTEXT(2) 
PARAMETRIC_REPRESENTATION_CONTEXT() REPRESENTATION_CONTEXT('2D SPACE',''
  ) );
#5124 = PCURVE('',#4981,#5125);
#5125 = DEFINITIONAL_REPRESENTATION('',(#5126),#5129);
#5126 = B_SPLINE_CURVE_WITH_KNOTS('',1,(#5127,#5128),.UNSPECIFIED.,.F.,
  .F.,(2,2),(3.,4.),.PIECEWISE_BEZIER_KNOTS.);
#5127 = CARTESIAN_POINT('',(9.,-14.));
#5128 = CARTESIAN_POINT('',(0.,0.));
#5129 = ( GEOMETRIC_REPRESENTATION_CONTEXT(2) 
PARAMETRIC_REPRESENTATION_CONTEXT() REPRESENTATION_CONTEXT('2D SPACE',''
  ) );
#5130 = ORIENTED_EDGE('',*,*,#5040,.T.);
#5131 = ORIENTED_EDGE('',*,*,#1690,.T.);
#5132 = ADVANCED_FACE('',(#5133),#1670,.T.);
#5133 = FACE_BOUND('',#5134,.T.);
#5134 = EDGE_LOOP('',(#5135,#5136,#5155,#5156,#5157,#5158));
#5135 = ORIENTED_EDGE('',*,*,#4992,.F.);
#5136 = ORIENTED_EDGE('',*,*,#5137,.T.);
#5137 = EDGE_CURVE('',#4967,#5089,#5138,.T.);
#5138 = SURFACE_CURVE('',#5139,(#5142,#5149),.PCURVE_S1.);
#5139 = B_SPLINE_CURVE_WITH_KNOTS('',1,(#5140,#5141),.UNSPECIFIED.,.F.,
  .F.,(2,2),(2.,3.),.PIECEWISE_BEZIER_KNOTS.);
#5140 = CARTESIAN_POINT('',(320.,-41.71930009,-41.71930009));
#5141 = CARTESIAN_POINT('',(320.,-38.18376618407,-57.98275605729));
#5142 = PCURVE('',#1670,#5143);
#5143 = DEFINITIONAL_REPRESENTATION('',(#5144),#5148);
#5144 = LINE('',#5145,#5146);
#5145 = CARTESIAN_POINT('',(0.,0.));
#5146 = VECTOR('',#5147,1.);
#5147 = DIRECTION('',(1.,0.));
#5148 = ( GEOMETRIC_REPRESENTATION_CONTEXT(2) 
PARAMETRIC_REPRESENTATION_CONTEXT() REPRESENTATION_CONTEXT('2D SPACE',''
  ) );
#5149 = PCURVE('',#4981,#5150);
#5150 = DEFINITIONAL_REPRESENTATION('',(#5151),#5154);
#5151 = B_SPLINE_CURVE_WITH_KNOTS('',1,(#5152,#5153),.UNSPECIFIED.,.F.,
  .F.,(2,2),(2.,3.),.PIECEWISE_BEZIER_KNOTS.);
#5152 = CARTESIAN_POINT('',(18.,0.));
#5153 = CARTESIAN_POINT('',(9.,-14.));
#5154 = ( GEOMETRIC_REPRESENTATION_CONTEXT(2) 
PARAMETRIC_REPRESENTATION_CONTEXT() REPRESENTATION_CONTEXT('2D SPACE',''
  ) );
#5155 = ORIENTED_EDGE('',*,*,#5088,.T.);
#5156 = ORIENTED_EDGE('',*,*,#1646,.T.);
#5157 = ORIENTED_EDGE('',*,*,#4825,.F.);
#5158 = ORIENTED_EDGE('',*,*,#5159,.F.);
#5159 = EDGE_CURVE('',#4993,#4797,#5160,.T.);
#5160 = SURFACE_CURVE('',#5161,(#5164,#5171),.PCURVE_S1.);
#5161 = B_SPLINE_CURVE_WITH_KNOTS('',1,(#5162,#5163),.UNSPECIFIED.,.F.,
  .F.,(2,2),(2.,3.),.PIECEWISE_BEZIER_KNOTS.);
#5162 = CARTESIAN_POINT('',(830.,-54.44722215136,-54.44722215136));
#5163 = CARTESIAN_POINT('',(830.,-52.3259018078,-96.16652224137));
#5164 = PCURVE('',#1670,#5165);
#5165 = DEFINITIONAL_REPRESENTATION('',(#5166),#5170);
#5166 = LINE('',#5167,#5168);
#5167 = CARTESIAN_POINT('',(0.,1.));
#5168 = VECTOR('',#5169,1.);
#5169 = DIRECTION('',(1.,0.));
#5170 = ( GEOMETRIC_REPRESENTATION_CONTEXT(2) 
PARAMETRIC_REPRESENTATION_CONTEXT() REPRESENTATION_CONTEXT('2D SPACE',''
  ) );
#5171 = PCURVE('',#4813,#5172);
#5172 = DEFINITIONAL_REPRESENTATION('',(#5173),#5176);
#5173 = B_SPLINE_CURVE_WITH_KNOTS('',1,(#5174,#5175),.UNSPECIFIED.,.F.,
  .F.,(2,2),(2.,3.),.PIECEWISE_BEZIER_KNOTS.);
#5174 = CARTESIAN_POINT('',(56.,0.));
#5175 = CARTESIAN_POINT('',(28.,-31.));
#5176 = ( GEOMETRIC_REPRESENTATION_CONTEXT(2) 
PARAMETRIC_REPRESENTATION_CONTEXT() REPRESENTATION_CONTEXT('2D SPACE',''
  ) );
#5177 = ADVANCED_FACE('',(#5178),#2063,.T.);
#5178 = FACE_BOUND('',#5179,.T.);
#5179 = EDGE_LOOP('',(#5180,#5181,#5182,#5208));
#5180 = ORIENTED_EDGE('',*,*,#2049,.T.);
#5181 = ORIENTED_EDGE('',*,*,#4649,.T.);
#5182 = ORIENTED_EDGE('',*,*,#5183,.F.);
#5183 = EDGE_CURVE('',#2340,#4605,#5184,.T.);
#5184 = SURFACE_CURVE('',#5185,(#5189,#5196),.PCURVE_S1.);
#5185 = LINE('',#5186,#5187);
#5186 = CARTESIAN_POINT('',(850.,-77.99999996047,0.));
#5187 = VECTOR('',#5188,1.);
#5188 = DIRECTION('',(1.110223024625E-16,0.,-1.));
#5189 = PCURVE('',#2063,#5190);
#5190 = DEFINITIONAL_REPRESENTATION('',(#5191),#5195);
#5191 = LINE('',#5192,#5193);
#5192 = CARTESIAN_POINT('',(0.,0.));
#5193 = VECTOR('',#5194,1.);
#5194 = DIRECTION('',(1.,0.));
#5195 = ( GEOMETRIC_REPRESENTATION_CONTEXT(2) 
PARAMETRIC_REPRESENTATION_CONTEXT() REPRESENTATION_CONTEXT('2D SPACE',''
  ) );
#5196 = PCURVE('',#5197,#5202);
#5197 = B_SPLINE_SURFACE_WITH_KNOTS('',1,1,(
    (#5198,#5199)
    ,(#5200,#5201
    )),.UNSPECIFIED.,.F.,.F.,.F.,(2,2),(2,2),(-4.,3.99999999032),(0.,1.)
  ,.PIECEWISE_BEZIER_KNOTS.);
#5198 = CARTESIAN_POINT('',(850.,-77.99999996047,4.));
#5199 = CARTESIAN_POINT('',(1.08E+03,-82.99999997082,3.));
#5200 = CARTESIAN_POINT('',(850.,-77.99999996047,-3.99999999032));
#5201 = CARTESIAN_POINT('',(1.08E+03,-82.99999997082,-2.99999999274));
#5202 = DEFINITIONAL_REPRESENTATION('',(#5203),#5207);
#5203 = LINE('',#5204,#5205);
#5204 = CARTESIAN_POINT('',(0.,0.));
#5205 = VECTOR('',#5206,1.);
#5206 = DIRECTION('',(1.,0.));
#5207 = ( GEOMETRIC_REPRESENTATION_CONTEXT(2) 
PARAMETRIC_REPRESENTATION_CONTEXT() REPRESENTATION_CONTEXT('2D SPACE',''
  ) );
#5208 = ORIENTED_EDGE('',*,*,#2339,.F.);
#5209 = ADVANCED_FACE('',(#5210),#2142,.T.);
#5210 = FACE_BOUND('',#5211,.T.);
#5211 = EDGE_LOOP('',(#5212,#5213,#5214,#5215));
#5212 = ORIENTED_EDGE('',*,*,#3868,.F.);
#5213 = ORIENTED_EDGE('',*,*,#2128,.F.);
#5214 = ORIENTED_EDGE('',*,*,#2182,.T.);
#5215 = ORIENTED_EDGE('',*,*,#5216,.T.);
#5216 = EDGE_CURVE('',#2183,#3869,#5217,.T.);
#5217 = SURFACE_CURVE('',#5218,(#5221,#5227),.PCURVE_S1.);
#5218 = B_SPLINE_CURVE_WITH_KNOTS('',1,(#5219,#5220),.UNSPECIFIED.,.F.,
  .F.,(2,2),(0.,1.),.PIECEWISE_BEZIER_KNOTS.);
#5219 = CARTESIAN_POINT('',(462.5,-15.,102.));
#5220 = CARTESIAN_POINT('',(462.5,15.,102.));
#5221 = PCURVE('',#2142,#5222);
#5222 = DEFINITIONAL_REPRESENTATION('',(#5223),#5226);
#5223 = B_SPLINE_CURVE_WITH_KNOTS('',1,(#5224,#5225),.UNSPECIFIED.,.F.,
  .F.,(2,2),(0.,1.),.PIECEWISE_BEZIER_KNOTS.);
#5224 = CARTESIAN_POINT('',(17.5,0.));
#5225 = CARTESIAN_POINT('',(17.5,30.));
#5226 = ( GEOMETRIC_REPRESENTATION_CONTEXT(2) 
PARAMETRIC_REPRESENTATION_CONTEXT() REPRESENTATION_CONTEXT('2D SPACE',''
  ) );
#5227 = PCURVE('',#2223,#5228);
#5228 = DEFINITIONAL_REPRESENTATION('',(#5229),#5232);
#5229 = B_SPLINE_CURVE_WITH_KNOTS('',1,(#5230,#5231),.UNSPECIFIED.,.F.,
  .F.,(2,2),(0.,1.),.PIECEWISE_BEZIER_KNOTS.);
#5230 = CARTESIAN_POINT('',(15.294117647497,0.25));
#5231 = CARTESIAN_POINT('',(-15.29411764647,0.25));
#5232 = ( GEOMETRIC_REPRESENTATION_CONTEXT(2) 
PARAMETRIC_REPRESENTATION_CONTEXT() REPRESENTATION_CONTEXT('2D SPACE',''
  ) );
#5233 = ADVANCED_FACE('',(#5234),#2223,.T.);
#5234 = FACE_BOUND('',#5235,.T.);
#5235 = EDGE_LOOP('',(#5236,#5237,#5238,#5239));
#5236 = ORIENTED_EDGE('',*,*,#5216,.F.);
#5237 = ORIENTED_EDGE('',*,*,#2205,.T.);
#5238 = ORIENTED_EDGE('',*,*,#2285,.T.);
#5239 = ORIENTED_EDGE('',*,*,#3891,.F.);
#5240 = ADVANCED_FACE('',(#5241),#2322,.T.);
#5241 = FACE_BOUND('',#5242,.T.);
#5242 = EDGE_LOOP('',(#5243,#5244,#5245,#5271));
#5243 = ORIENTED_EDGE('',*,*,#2308,.F.);
#5244 = ORIENTED_EDGE('',*,*,#2404,.T.);
#5245 = ORIENTED_EDGE('',*,*,#5246,.T.);
#5246 = EDGE_CURVE('',#2360,#2939,#5247,.T.);
#5247 = SURFACE_CURVE('',#5248,(#5252,#5259),.PCURVE_S1.);
#5248 = LINE('',#5249,#5250);
#5249 = CARTESIAN_POINT('',(850.,3.952530391871E-08,78.));
#5250 = VECTOR('',#5251,1.);
#5251 = DIRECTION('',(0.,1.,0.));
#5252 = PCURVE('',#2322,#5253);
#5253 = DEFINITIONAL_REPRESENTATION('',(#5254),#5258);
#5254 = LINE('',#5255,#5256);
#5255 = CARTESIAN_POINT('',(0.,1.));
#5256 = VECTOR('',#5257,1.);
#5257 = DIRECTION('',(-1.,0.));
#5258 = ( GEOMETRIC_REPRESENTATION_CONTEXT(2) 
PARAMETRIC_REPRESENTATION_CONTEXT() REPRESENTATION_CONTEXT('2D SPACE',''
  ) );
#5259 = PCURVE('',#5260,#5265);
#5260 = B_SPLINE_SURFACE_WITH_KNOTS('',1,1,(
    (#5261,#5262)
    ,(#5263,#5264
    )),.UNSPECIFIED.,.F.,.F.,.F.,(2,2),(2,2),(-3.999999995163,
    4.000000079051),(0.,1.),.PIECEWISE_BEZIER_KNOTS.);
#5261 = CARTESIAN_POINT('',(850.,4.000000034689,78.));
#5262 = CARTESIAN_POINT('',(1.08E+03,3.000000021917,83.));
#5263 = CARTESIAN_POINT('',(850.,-4.000000039525,78.));
#5264 = CARTESIAN_POINT('',(1.08E+03,-3.000000029177,83.));
#5265 = DEFINITIONAL_REPRESENTATION('',(#5266),#5270);
#5266 = LINE('',#5267,#5268);
#5267 = CARTESIAN_POINT('',(0.,0.));
#5268 = VECTOR('',#5269,1.);
#5269 = DIRECTION('',(-1.,0.));
#5270 = ( GEOMETRIC_REPRESENTATION_CONTEXT(2) 
PARAMETRIC_REPRESENTATION_CONTEXT() REPRESENTATION_CONTEXT('2D SPACE',''
  ) );
#5271 = ORIENTED_EDGE('',*,*,#2938,.F.);
#5272 = ADVANCED_FACE('',(#5273),#2569,.F.);
#5273 = FACE_BOUND('',#5274,.F.);
#5274 = EDGE_LOOP('',(#5275,#5276,#5277));
#5275 = ORIENTED_EDGE('',*,*,#2772,.F.);
#5276 = ORIENTED_EDGE('',*,*,#2552,.T.);
#5277 = ORIENTED_EDGE('',*,*,#2915,.F.);
#5278 = ADVANCED_FACE('',(#5279),#2376,.T.);
#5279 = FACE_BOUND('',#5280,.T.);
#5280 = EDGE_LOOP('',(#5281,#5303,#5304,#5326));
#5281 = ORIENTED_EDGE('',*,*,#5282,.F.);
#5282 = EDGE_CURVE('',#2360,#5283,#5285,.T.);
#5283 = VERTEX_POINT('',#5284);
#5284 = CARTESIAN_POINT('',(880.,-3.869565255567,78.652173913043));
#5285 = SURFACE_CURVE('',#5286,(#5289,#5296),.PCURVE_S1.);
#5286 = B_SPLINE_CURVE_WITH_KNOTS('',1,(#5287,#5288),.UNSPECIFIED.,.F.,
  .F.,(2,2),(0.,1.),.PIECEWISE_BEZIER_KNOTS.);
#5287 = CARTESIAN_POINT('',(850.,-4.000000039525,78.));
#5288 = CARTESIAN_POINT('',(1.08E+03,-3.000000029177,83.));
#5289 = PCURVE('',#2376,#5290);
#5290 = DEFINITIONAL_REPRESENTATION('',(#5291),#5295);
#5291 = LINE('',#5292,#5293);
#5292 = CARTESIAN_POINT('',(3.14159265359,0.));
#5293 = VECTOR('',#5294,1.);
#5294 = DIRECTION('',(0.,1.));
#5295 = ( GEOMETRIC_REPRESENTATION_CONTEXT(2) 
PARAMETRIC_REPRESENTATION_CONTEXT() REPRESENTATION_CONTEXT('2D SPACE',''
  ) );
#5296 = PCURVE('',#5260,#5297);
#5297 = DEFINITIONAL_REPRESENTATION('',(#5298),#5302);
#5298 = LINE('',#5299,#5300);
#5299 = CARTESIAN_POINT('',(4.000000079051,0.));
#5300 = VECTOR('',#5301,1.);
#5301 = DIRECTION('',(0.,1.));
#5302 = ( GEOMETRIC_REPRESENTATION_CONTEXT(2) 
PARAMETRIC_REPRESENTATION_CONTEXT() REPRESENTATION_CONTEXT('2D SPACE',''
  ) );
#5303 = ORIENTED_EDGE('',*,*,#2359,.T.);
#5304 = ORIENTED_EDGE('',*,*,#5305,.T.);
#5305 = EDGE_CURVE('',#2340,#5306,#5308,.T.);
#5306 = VERTEX_POINT('',#5307);
#5307 = CARTESIAN_POINT('',(880.,-78.65217395121,3.869565217391));
#5308 = SURFACE_CURVE('',#5309,(#5312,#5319),.PCURVE_S1.);
#5309 = B_SPLINE_CURVE_WITH_KNOTS('',1,(#5310,#5311),.UNSPECIFIED.,.F.,
  .F.,(2,2),(0.,1.),.PIECEWISE_BEZIER_KNOTS.);
#5310 = CARTESIAN_POINT('',(850.,-78.00000003952,4.));
#5311 = CARTESIAN_POINT('',(1.08E+03,-83.00000002917,3.));
#5312 = PCURVE('',#2376,#5313);
#5313 = DEFINITIONAL_REPRESENTATION('',(#5314),#5318);
#5314 = LINE('',#5315,#5316);
#5315 = CARTESIAN_POINT('',(4.712388980385,0.));
#5316 = VECTOR('',#5317,1.);
#5317 = DIRECTION('',(0.,1.));
#5318 = ( GEOMETRIC_REPRESENTATION_CONTEXT(2) 
PARAMETRIC_REPRESENTATION_CONTEXT() REPRESENTATION_CONTEXT('2D SPACE',''
  ) );
#5319 = PCURVE('',#5197,#5320);
#5320 = DEFINITIONAL_REPRESENTATION('',(#5321),#5325);
#5321 = LINE('',#5322,#5323);
#5322 = CARTESIAN_POINT('',(-4.,0.));
#5323 = VECTOR('',#5324,1.);
#5324 = DIRECTION('',(0.,1.));
#5325 = ( GEOMETRIC_REPRESENTATION_CONTEXT(2) 
PARAMETRIC_REPRESENTATION_CONTEXT() REPRESENTATION_CONTEXT('2D SPACE',''
  ) );
#5326 = ORIENTED_EDGE('',*,*,#5327,.T.);
#5327 = EDGE_CURVE('',#5306,#5283,#5328,.T.);
#5328 = SURFACE_CURVE('',#5329,(#5352,#5378),.PCURVE_S1.);
#5329 = B_SPLINE_CURVE_WITH_KNOTS('',6,(#5330,#5331,#5332,#5333,#5334,
    #5335,#5336,#5337,#5338,#5339,#5340,#5341,#5342,#5343,#5344,#5345,
    #5346,#5347,#5348,#5349,#5350,#5351),.UNSPECIFIED.,.F.,.F.,(7,5,5,5,
    7),(0.,0.250999936004,0.50099993641,0.750999936817,1.),
  .UNSPECIFIED.);
#5330 = CARTESIAN_POINT('',(880.,-78.65217395121,3.869565217391));
#5331 = CARTESIAN_POINT('',(880.,-78.65217395121,8.783573253003));
#5332 = CARTESIAN_POINT('',(880.,-78.26469096036,13.697873188828));
#5333 = CARTESIAN_POINT('',(880.,-77.48964118764,18.573627036984));
#5334 = CARTESIAN_POINT('',(880.,-76.33228325717,23.373022871249));
#5335 = CARTESIAN_POINT('',(880.,-74.80228691655,28.059129806247));
#5336 = CARTESIAN_POINT('',(880.,-71.0345299651,37.115039190622));
#5337 = CARTESIAN_POINT('',(880.,-68.79939206815,41.486558955479));
#5338 = CARTESIAN_POINT('',(880.,-66.22389872365,45.675222966119));
#5339 = CARTESIAN_POINT('',(880.,-63.32717964335,49.648520179494));
#5340 = CARTESIAN_POINT('',(880.,-60.13204500035,53.376407125947));
#5341 = CARTESIAN_POINT('',(880.,-53.19940935567,60.28729739334));
#5342 = CARTESIAN_POINT('',(880.,-49.46150301066,63.470704786176));
#5343 = CARTESIAN_POINT('',(880.,-45.47912510826,66.35492711094));
#5344 = CARTESIAN_POINT('',(880.,-41.28239062992,68.917248691098));
#5345 = CARTESIAN_POINT('',(880.,-36.90387055627,71.138642046152));
#5346 = CARTESIAN_POINT('',(880.,-27.87236523463,74.863004121185));
#5347 = CARTESIAN_POINT('',(880.,-23.22002603755,76.369026001879));
#5348 = CARTESIAN_POINT('',(880.,-18.45706505855,77.50809517013));
#5349 = CARTESIAN_POINT('',(880.,-13.61955591845,78.270840973243));
#5350 = CARTESIAN_POINT('',(880.,-8.744420328404,78.652173913043));
#5351 = CARTESIAN_POINT('',(880.,-3.869565255567,78.652173913043));
#5352 = PCURVE('',#2376,#5353);
#5353 = DEFINITIONAL_REPRESENTATION('',(#5354),#5377);
#5354 = B_SPLINE_CURVE_WITH_KNOTS('',6,(#5355,#5356,#5357,#5358,#5359,
    #5360,#5361,#5362,#5363,#5364,#5365,#5366,#5367,#5368,#5369,#5370,
    #5371,#5372,#5373,#5374,#5375,#5376),.UNSPECIFIED.,.F.,.F.,(7,5,5,5,
    7),(0.,0.250999936004,0.50099993641,0.750999936817,1.),
  .UNSPECIFIED.);
#5355 = CARTESIAN_POINT('',(4.712388980385,0.130434782609));
#5356 = CARTESIAN_POINT('',(4.646678407815,0.130434782609));
#5357 = CARTESIAN_POINT('',(4.580963968646,0.130434782609));
#5358 = CARTESIAN_POINT('',(4.515254041309,0.130434782609));
#5359 = CARTESIAN_POINT('',(4.449544114401,0.130434782609));
#5360 = CARTESIAN_POINT('',(4.383829674808,0.130434782609));
#5361 = CARTESIAN_POINT('',(4.252670308226,0.130434782609));
#5362 = CARTESIAN_POINT('',(4.187217722772,0.130434782609));
#5363 = CARTESIAN_POINT('',(4.121769561554,0.130434782609));
#5364 = CARTESIAN_POINT('',(4.056321400297,0.130434782609));
#5365 = CARTESIAN_POINT('',(3.990868814809,0.130434782609));
#5366 = CARTESIAN_POINT('',(3.859971226512,0.130434782609));
#5367 = CARTESIAN_POINT('',(3.794518641023,0.130434782609));
#5368 = CARTESIAN_POINT('',(3.729070479765,0.130434782609));
#5369 = CARTESIAN_POINT('',(3.663622318549,0.130434782609));
#5370 = CARTESIAN_POINT('',(3.598169733095,0.130434782609));
#5371 = CARTESIAN_POINT('',(3.46753392357,0.130434782609));
#5372 = CARTESIAN_POINT('',(3.402343191292,0.130434782609));
#5373 = CARTESIAN_POINT('',(3.337156796331,0.130434782609));
#5374 = CARTESIAN_POINT('',(3.271970400961,0.130434782609));
#5375 = CARTESIAN_POINT('',(3.206779669099,0.130434782609));
#5376 = CARTESIAN_POINT('',(3.14159265359,0.130434782609));
#5377 = ( GEOMETRIC_REPRESENTATION_CONTEXT(2) 
PARAMETRIC_REPRESENTATION_CONTEXT() REPRESENTATION_CONTEXT('2D SPACE',''
  ) );
#5378 = PCURVE('',#5379,#5384);
#5379 = PLANE('',#5380);
#5380 = AXIS2_PLACEMENT_3D('',#5381,#5382,#5383);
#5381 = CARTESIAN_POINT('',(880.,-260.,-260.));
#5382 = DIRECTION('',(1.,0.,0.));
#5383 = DIRECTION('',(0.,0.,1.));
#5384 = DEFINITIONAL_REPRESENTATION('',(#5385),#5408);
#5385 = B_SPLINE_CURVE_WITH_KNOTS('',6,(#5386,#5387,#5388,#5389,#5390,
    #5391,#5392,#5393,#5394,#5395,#5396,#5397,#5398,#5399,#5400,#5401,
    #5402,#5403,#5404,#5405,#5406,#5407),.UNSPECIFIED.,.F.,.F.,(7,5,5,5,
    7),(0.,0.250999936004,0.50099993641,0.750999936817,1.),
  .UNSPECIFIED.);
#5386 = CARTESIAN_POINT('',(263.86956521739,-181.3478260487));
#5387 = CARTESIAN_POINT('',(268.783573253,-181.3478260487));
#5388 = CARTESIAN_POINT('',(273.69787318882,-181.7353090396));
#5389 = CARTESIAN_POINT('',(278.57362703698,-182.5103588123));
#5390 = CARTESIAN_POINT('',(283.37302287124,-183.6677167428));
#5391 = CARTESIAN_POINT('',(288.05912980624,-185.1977130834));
#5392 = CARTESIAN_POINT('',(297.11503919062,-188.9654700348));
#5393 = CARTESIAN_POINT('',(301.48655895547,-191.2006079318));
#5394 = CARTESIAN_POINT('',(305.67522296611,-193.7761012763));
#5395 = CARTESIAN_POINT('',(309.64852017949,-196.6728203566));
#5396 = CARTESIAN_POINT('',(313.37640712594,-199.8679549996));
#5397 = CARTESIAN_POINT('',(320.28729739334,-206.8005906443));
#5398 = CARTESIAN_POINT('',(323.47070478617,-210.5384969893));
#5399 = CARTESIAN_POINT('',(326.35492711094,-214.5208748917));
#5400 = CARTESIAN_POINT('',(328.91724869109,-218.71760937));
#5401 = CARTESIAN_POINT('',(331.13864204615,-223.0961294437));
#5402 = CARTESIAN_POINT('',(334.86300412118,-232.1276347653));
#5403 = CARTESIAN_POINT('',(336.36902600187,-236.7799739624));
#5404 = CARTESIAN_POINT('',(337.50809517013,-241.5429349414));
#5405 = CARTESIAN_POINT('',(338.27084097324,-246.3804440815));
#5406 = CARTESIAN_POINT('',(338.65217391304,-251.2555796715));
#5407 = CARTESIAN_POINT('',(338.65217391304,-256.1304347444));
#5408 = ( GEOMETRIC_REPRESENTATION_CONTEXT(2) 
PARAMETRIC_REPRESENTATION_CONTEXT() REPRESENTATION_CONTEXT('2D SPACE',''
  ) );
#5409 = ADVANCED_FACE('',(#5410),#2737,.T.);
#5410 = FACE_BOUND('',#5411,.T.);
#5411 = EDGE_LOOP('',(#5412,#5413,#5414,#5415));
#5412 = ORIENTED_EDGE('',*,*,#2820,.F.);
#5413 = ORIENTED_EDGE('',*,*,#2868,.F.);
#5414 = ORIENTED_EDGE('',*,*,#2893,.F.);
#5415 = ORIENTED_EDGE('',*,*,#2722,.F.);
#5416 = ADVANCED_FACE('',(#5417),#2977,.T.);
#5417 = FACE_BOUND('',#5418,.T.);
#5418 = EDGE_LOOP('',(#5419,#5441,#5442,#5464));
#5419 = ORIENTED_EDGE('',*,*,#5420,.F.);
#5420 = EDGE_CURVE('',#2961,#5421,#5423,.T.);
#5421 = VERTEX_POINT('',#5422);
#5422 = CARTESIAN_POINT('',(880.,78.652173951219,3.869565217391));
#5423 = SURFACE_CURVE('',#5424,(#5427,#5434),.PCURVE_S1.);
#5424 = B_SPLINE_CURVE_WITH_KNOTS('',1,(#5425,#5426),.UNSPECIFIED.,.F.,
  .F.,(2,2),(0.,1.),.PIECEWISE_BEZIER_KNOTS.);
#5425 = CARTESIAN_POINT('',(850.,78.000000039525,4.));
#5426 = CARTESIAN_POINT('',(1.08E+03,83.000000029177,3.));
#5427 = PCURVE('',#2977,#5428);
#5428 = DEFINITIONAL_REPRESENTATION('',(#5429),#5433);
#5429 = LINE('',#5430,#5431);
#5430 = CARTESIAN_POINT('',(1.570796326795,0.));
#5431 = VECTOR('',#5432,1.);
#5432 = DIRECTION('',(0.,1.));
#5433 = ( GEOMETRIC_REPRESENTATION_CONTEXT(2) 
PARAMETRIC_REPRESENTATION_CONTEXT() REPRESENTATION_CONTEXT('2D SPACE',''
  ) );
#5434 = PCURVE('',#3939,#5435);
#5435 = DEFINITIONAL_REPRESENTATION('',(#5436),#5440);
#5436 = LINE('',#5437,#5438);
#5437 = CARTESIAN_POINT('',(4.,0.));
#5438 = VECTOR('',#5439,1.);
#5439 = DIRECTION('',(0.,1.));
#5440 = ( GEOMETRIC_REPRESENTATION_CONTEXT(2) 
PARAMETRIC_REPRESENTATION_CONTEXT() REPRESENTATION_CONTEXT('2D SPACE',''
  ) );
#5441 = ORIENTED_EDGE('',*,*,#2960,.T.);
#5442 = ORIENTED_EDGE('',*,*,#5443,.T.);
#5443 = EDGE_CURVE('',#2939,#5444,#5446,.T.);
#5444 = VERTEX_POINT('',#5445);
#5445 = CARTESIAN_POINT('',(880.,3.869565250414,78.652173913043));
#5446 = SURFACE_CURVE('',#5447,(#5450,#5457),.PCURVE_S1.);
#5447 = B_SPLINE_CURVE_WITH_KNOTS('',1,(#5448,#5449),.UNSPECIFIED.,.F.,
  .F.,(2,2),(0.,1.),.PIECEWISE_BEZIER_KNOTS.);
#5448 = CARTESIAN_POINT('',(850.,4.000000034689,78.));
#5449 = CARTESIAN_POINT('',(1.08E+03,3.000000021917,83.));
#5450 = PCURVE('',#2977,#5451);
#5451 = DEFINITIONAL_REPRESENTATION('',(#5452),#5456);
#5452 = LINE('',#5453,#5454);
#5453 = CARTESIAN_POINT('',(3.14159265359,0.));
#5454 = VECTOR('',#5455,1.);
#5455 = DIRECTION('',(0.,1.));
#5456 = ( GEOMETRIC_REPRESENTATION_CONTEXT(2) 
PARAMETRIC_REPRESENTATION_CONTEXT() REPRESENTATION_CONTEXT('2D SPACE',''
  ) );
#5457 = PCURVE('',#5260,#5458);
#5458 = DEFINITIONAL_REPRESENTATION('',(#5459),#5463);
#5459 = LINE('',#5460,#5461);
#5460 = CARTESIAN_POINT('',(-3.999999995163,0.));
#5461 = VECTOR('',#5462,1.);
#5462 = DIRECTION('',(0.,1.));
#5463 = ( GEOMETRIC_REPRESENTATION_CONTEXT(2) 
PARAMETRIC_REPRESENTATION_CONTEXT() REPRESENTATION_CONTEXT('2D SPACE',''
  ) );
#5464 = ORIENTED_EDGE('',*,*,#5465,.T.);
#5465 = EDGE_CURVE('',#5444,#5421,#5466,.T.);
#5466 = SURFACE_CURVE('',#5467,(#5490,#5516),.PCURVE_S1.);
#5467 = B_SPLINE_CURVE_WITH_KNOTS('',6,(#5468,#5469,#5470,#5471,#5472,
    #5473,#5474,#5475,#5476,#5477,#5478,#5479,#5480,#5481,#5482,#5483,
    #5484,#5485,#5486,#5487,#5488,#5489),.UNSPECIFIED.,.F.,.F.,(7,5,5,5,
    7),(0.,0.250999936004,0.50099993641,0.750999936817,1.),
  .UNSPECIFIED.);
#5468 = CARTESIAN_POINT('',(880.,3.869565250414,78.652173913043));
#5469 = CARTESIAN_POINT('',(880.,8.783573286027,78.652173913043));
#5470 = CARTESIAN_POINT('',(880.,13.697873221853,78.26469092219));
#5471 = CARTESIAN_POINT('',(880.,18.573627069999,77.489641149466));
#5472 = CARTESIAN_POINT('',(880.,23.373022904279,76.332283218998));
#5473 = CARTESIAN_POINT('',(880.,28.059129839268,74.802286878376));
#5474 = CARTESIAN_POINT('',(880.,37.115039223646,71.034529926926));
#5475 = CARTESIAN_POINT('',(880.,41.4865589885,68.799392029981));
#5476 = CARTESIAN_POINT('',(880.,45.675222999144,66.223898685484));
#5477 = CARTESIAN_POINT('',(880.,49.648520212517,63.327179605178));
#5478 = CARTESIAN_POINT('',(880.,53.376407158969,60.132044962176));
#5479 = CARTESIAN_POINT('',(880.,60.287297426363,53.199409317494));
#5480 = CARTESIAN_POINT('',(880.,63.470704819199,49.461502972488));
#5481 = CARTESIAN_POINT('',(880.,66.354927143962,45.47912507009));
#5482 = CARTESIAN_POINT('',(880.,68.917248724121,41.282390591747));
#5483 = CARTESIAN_POINT('',(880.,71.138642079174,36.903870518095));
#5484 = CARTESIAN_POINT('',(880.,74.863004154206,27.872365196458));
#5485 = CARTESIAN_POINT('',(880.,76.369026034904,23.220025999371));
#5486 = CARTESIAN_POINT('',(880.,77.508095203151,18.457065020389));
#5487 = CARTESIAN_POINT('',(880.,78.270841006266,13.619555880274));
#5488 = CARTESIAN_POINT('',(880.,78.652173946066,8.744420290229));
#5489 = CARTESIAN_POINT('',(880.,78.652173946066,3.869565217391));
#5490 = PCURVE('',#2977,#5491);
#5491 = DEFINITIONAL_REPRESENTATION('',(#5492),#5515);
#5492 = B_SPLINE_CURVE_WITH_KNOTS('',6,(#5493,#5494,#5495,#5496,#5497,
    #5498,#5499,#5500,#5501,#5502,#5503,#5504,#5505,#5506,#5507,#5508,
    #5509,#5510,#5511,#5512,#5513,#5514),.UNSPECIFIED.,.F.,.F.,(7,5,5,5,
    7),(0.,0.250999936004,0.50099993641,0.750999936817,1.),
  .UNSPECIFIED.);
#5493 = CARTESIAN_POINT('',(3.14159265359,0.130434782609));
#5494 = CARTESIAN_POINT('',(3.075882081021,0.130434782609));
#5495 = CARTESIAN_POINT('',(3.010167641851,0.130434782609));
#5496 = CARTESIAN_POINT('',(2.944457714514,0.130434782609));
#5497 = CARTESIAN_POINT('',(2.878747787606,0.130434782609));
#5498 = CARTESIAN_POINT('',(2.813033348013,0.130434782609));
#5499 = CARTESIAN_POINT('',(2.681873981431,0.130434782609));
#5500 = CARTESIAN_POINT('',(2.616421395977,0.130434782609));
#5501 = CARTESIAN_POINT('',(2.550973234759,0.130434782609));
#5502 = CARTESIAN_POINT('',(2.485525073502,0.130434782609));
#5503 = CARTESIAN_POINT('',(2.420072488014,0.130434782609));
#5504 = CARTESIAN_POINT('',(2.289174899717,0.130434782609));
#5505 = CARTESIAN_POINT('',(2.223722314228,0.130434782609));
#5506 = CARTESIAN_POINT('',(2.15827415297,0.130434782609));
#5507 = CARTESIAN_POINT('',(2.092825991754,0.130434782609));
#5508 = CARTESIAN_POINT('',(2.0273734063,0.130434782609));
#5509 = CARTESIAN_POINT('',(1.896737596776,0.130434782609));
#5510 = CARTESIAN_POINT('',(1.831546864497,0.130434782609));
#5511 = CARTESIAN_POINT('',(1.766360469537,0.130434782609));
#5512 = CARTESIAN_POINT('',(1.701174074166,0.130434782609));
#5513 = CARTESIAN_POINT('',(1.635983342304,0.130434782609));
#5514 = CARTESIAN_POINT('',(1.570796326795,0.130434782609));
#5515 = ( GEOMETRIC_REPRESENTATION_CONTEXT(2) 
PARAMETRIC_REPRESENTATION_CONTEXT() REPRESENTATION_CONTEXT('2D SPACE',''
  ) );
#5516 = PCURVE('',#5379,#5517);
#5517 = DEFINITIONAL_REPRESENTATION('',(#5518),#5541);
#5518 = B_SPLINE_CURVE_WITH_KNOTS('',6,(#5519,#5520,#5521,#5522,#5523,
    #5524,#5525,#5526,#5527,#5528,#5529,#5530,#5531,#5532,#5533,#5534,
    #5535,#5536,#5537,#5538,#5539,#5540),.UNSPECIFIED.,.F.,.F.,(7,5,5,5,
    7),(0.,0.250999936004,0.50099993641,0.750999936817,1.),
  .UNSPECIFIED.);
#5519 = CARTESIAN_POINT('',(338.65217391304,-263.8695652504));
#5520 = CARTESIAN_POINT('',(338.65217391304,-268.783573286));
#5521 = CARTESIAN_POINT('',(338.26469092219,-273.6978732218));
#5522 = CARTESIAN_POINT('',(337.48964114946,-278.5736270699));
#5523 = CARTESIAN_POINT('',(336.33228321899,-283.3730229042));
#5524 = CARTESIAN_POINT('',(334.80228687837,-288.0591298392));
#5525 = CARTESIAN_POINT('',(331.03452992692,-297.1150392236));
#5526 = CARTESIAN_POINT('',(328.79939202998,-301.4865589885));
#5527 = CARTESIAN_POINT('',(326.22389868548,-305.6752229991));
#5528 = CARTESIAN_POINT('',(323.32717960517,-309.6485202125));
#5529 = CARTESIAN_POINT('',(320.13204496217,-313.3764071589));
#5530 = CARTESIAN_POINT('',(313.19940931749,-320.2872974263));
#5531 = CARTESIAN_POINT('',(309.46150297248,-323.4707048191));
#5532 = CARTESIAN_POINT('',(305.47912507009,-326.3549271439));
#5533 = CARTESIAN_POINT('',(301.28239059174,-328.9172487241));
#5534 = CARTESIAN_POINT('',(296.90387051809,-331.1386420791));
#5535 = CARTESIAN_POINT('',(287.87236519645,-334.8630041542));
#5536 = CARTESIAN_POINT('',(283.22002599937,-336.3690260349));
#5537 = CARTESIAN_POINT('',(278.45706502038,-337.5080952031));
#5538 = CARTESIAN_POINT('',(273.61955588027,-338.2708410062));
#5539 = CARTESIAN_POINT('',(268.74442029022,-338.652173946));
#5540 = CARTESIAN_POINT('',(263.86956521739,-338.652173946));
#5541 = ( GEOMETRIC_REPRESENTATION_CONTEXT(2) 
PARAMETRIC_REPRESENTATION_CONTEXT() REPRESENTATION_CONTEXT('2D SPACE',''
  ) );
#5542 = ADVANCED_FACE('',(#5543),#3106,.F.);
#5543 = FACE_BOUND('',#5544,.F.);
#5544 = EDGE_LOOP('',(#5545,#5569,#5589,#5590,#5612));
#5545 = ORIENTED_EDGE('',*,*,#5546,.T.);
#5546 = EDGE_CURVE('',#3029,#5547,#5549,.T.);
#5547 = VERTEX_POINT('',#5548);
#5548 = CARTESIAN_POINT('',(680.,68.589357775095,36.062445840514));
#5549 = SURFACE_CURVE('',#5550,(#5555,#5562),.PCURVE_S1.);
#5550 = ELLIPSE('',#5551,23.,10.);
#5551 = AXIS2_PLACEMENT_3D('',#5552,#5553,#5554);
#5552 = CARTESIAN_POINT('',(680.,52.325901807805,52.325901807805));
#5553 = DIRECTION('',(1.,7.850462293419E-17,7.850462293419E-17));
#5554 = DIRECTION('',(1.232595164408E-32,0.707106781187,-0.707106781187)
  );
#5555 = PCURVE('',#3106,#5556);
#5556 = DEFINITIONAL_REPRESENTATION('',(#5557),#5561);
#5557 = LINE('',#5558,#5559);
#5558 = CARTESIAN_POINT('',(0.,0.));
#5559 = VECTOR('',#5560,1.);
#5560 = DIRECTION('',(1.,0.));
#5561 = ( GEOMETRIC_REPRESENTATION_CONTEXT(2) 
PARAMETRIC_REPRESENTATION_CONTEXT() REPRESENTATION_CONTEXT('2D SPACE',''
  ) );
#5562 = PCURVE('',#3417,#5563);
#5563 = DEFINITIONAL_REPRESENTATION('',(#5564),#5568);
#5564 = LINE('',#5565,#5566);
#5565 = CARTESIAN_POINT('',(0.,1.));
#5566 = VECTOR('',#5567,1.);
#5567 = DIRECTION('',(1.,0.));
#5568 = ( GEOMETRIC_REPRESENTATION_CONTEXT(2) 
PARAMETRIC_REPRESENTATION_CONTEXT() REPRESENTATION_CONTEXT('2D SPACE',''
  ) );
#5569 = ORIENTED_EDGE('',*,*,#5570,.T.);
#5570 = EDGE_CURVE('',#5547,#3569,#5571,.T.);
#5571 = SURFACE_CURVE('',#5572,(#5575,#5582),.PCURVE_S1.);
#5572 = B_SPLINE_CURVE_WITH_KNOTS('',1,(#5573,#5574),.UNSPECIFIED.,.F.,
  .F.,(2,2),(0.,1.),.PIECEWISE_BEZIER_KNOTS.);
#5573 = CARTESIAN_POINT('',(680.,68.589357775095,36.062445840514));
#5574 = CARTESIAN_POINT('',(810.,72.831998462214,37.476659402887));
#5575 = PCURVE('',#3106,#5576);
#5576 = DEFINITIONAL_REPRESENTATION('',(#5577),#5581);
#5577 = LINE('',#5578,#5579);
#5578 = CARTESIAN_POINT('',(6.28318530718,0.));
#5579 = VECTOR('',#5580,1.);
#5580 = DIRECTION('',(0.,1.));
#5581 = ( GEOMETRIC_REPRESENTATION_CONTEXT(2) 
PARAMETRIC_REPRESENTATION_CONTEXT() REPRESENTATION_CONTEXT('2D SPACE',''
  ) );
#5582 = PCURVE('',#3614,#5583);
#5583 = DEFINITIONAL_REPRESENTATION('',(#5584),#5588);
#5584 = LINE('',#5585,#5586);
#5585 = CARTESIAN_POINT('',(0.,0.));
#5586 = VECTOR('',#5587,1.);
#5587 = DIRECTION('',(0.,1.));
#5588 = ( GEOMETRIC_REPRESENTATION_CONTEXT(2) 
PARAMETRIC_REPRESENTATION_CONTEXT() REPRESENTATION_CONTEXT('2D SPACE',''
  ) );
#5589 = ORIENTED_EDGE('',*,*,#3667,.T.);
#5590 = ORIENTED_EDGE('',*,*,#5591,.F.);
#5591 = EDGE_CURVE('',#3027,#3668,#5592,.T.);
#5592 = SURFACE_CURVE('',#5593,(#5598,#5605),.PCURVE_S1.);
#5593 = ELLIPSE('',#5594,25.,9.);
#5594 = AXIS2_PLACEMENT_3D('',#5595,#5596,#5597);
#5595 = CARTESIAN_POINT('',(810.,55.154328932551,55.154328932551));
#5596 = DIRECTION('',(1.,7.850462293419E-17,7.850462293419E-17));
#5597 = DIRECTION('',(1.232595164408E-32,0.707106781187,-0.707106781187)
  );
#5598 = PCURVE('',#3106,#5599);
#5599 = DEFINITIONAL_REPRESENTATION('',(#5600),#5604);
#5600 = LINE('',#5601,#5602);
#5601 = CARTESIAN_POINT('',(0.,1.));
#5602 = VECTOR('',#5603,1.);
#5603 = DIRECTION('',(1.,0.));
#5604 = ( GEOMETRIC_REPRESENTATION_CONTEXT(2) 
PARAMETRIC_REPRESENTATION_CONTEXT() REPRESENTATION_CONTEXT('2D SPACE',''
  ) );
#5605 = PCURVE('',#3745,#5606);
#5606 = DEFINITIONAL_REPRESENTATION('',(#5607),#5611);
#5607 = LINE('',#5608,#5609);
#5608 = CARTESIAN_POINT('',(0.,0.));
#5609 = VECTOR('',#5610,1.);
#5610 = DIRECTION('',(1.,0.));
#5611 = ( GEOMETRIC_REPRESENTATION_CONTEXT(2) 
PARAMETRIC_REPRESENTATION_CONTEXT() REPRESENTATION_CONTEXT('2D SPACE',''
  ) );
#5612 = ORIENTED_EDGE('',*,*,#3026,.T.);
#5613 = ADVANCED_FACE('',(#5614),#3745,.F.);
#5614 = FACE_BOUND('',#5615,.F.);
#5615 = EDGE_LOOP('',(#5616,#5617,#5618,#5619));
#5616 = ORIENTED_EDGE('',*,*,#3832,.T.);
#5617 = ORIENTED_EDGE('',*,*,#5591,.T.);
#5618 = ORIENTED_EDGE('',*,*,#3723,.T.);
#5619 = ORIENTED_EDGE('',*,*,#5620,.F.);
#5620 = EDGE_CURVE('',#3787,#3724,#5621,.T.);
#5621 = SURFACE_CURVE('',#5622,(#5627,#5634),.PCURVE_S1.);
#5622 = ELLIPSE('',#5623,22.,7.);
#5623 = AXIS2_PLACEMENT_3D('',#5624,#5625,#5626);
#5624 = CARTESIAN_POINT('',(849.,55.154328932551,55.154328932551));
#5625 = DIRECTION('',(1.,7.850462293419E-17,7.850462293419E-17));
#5626 = DIRECTION('',(1.232595164408E-32,0.707106781187,-0.707106781187)
  );
#5627 = PCURVE('',#3745,#5628);
#5628 = DEFINITIONAL_REPRESENTATION('',(#5629),#5633);
#5629 = LINE('',#5630,#5631);
#5630 = CARTESIAN_POINT('',(0.,1.));
#5631 = VECTOR('',#5632,1.);
#5632 = DIRECTION('',(1.,0.));
#5633 = ( GEOMETRIC_REPRESENTATION_CONTEXT(2) 
PARAMETRIC_REPRESENTATION_CONTEXT() REPRESENTATION_CONTEXT('2D SPACE',''
  ) );
#5634 = PCURVE('',#3814,#5635);
#5635 = DEFINITIONAL_REPRESENTATION('',(#5636),#5640);
#5636 = ELLIPSE('',#5637,22.,7.);
#5637 = AXIS2_PLACEMENT_2D('',#5638,#5639);
#5638 = CARTESIAN_POINT('',(0.,0.));
#5639 = DIRECTION('',(1.,0.));
#5640 = ( GEOMETRIC_REPRESENTATION_CONTEXT(2) 
PARAMETRIC_REPRESENTATION_CONTEXT() REPRESENTATION_CONTEXT('2D SPACE',''
  ) );
#5641 = ADVANCED_FACE('',(#5642),#3814,.F.);
#5642 = FACE_BOUND('',#5643,.F.);
#5643 = EDGE_LOOP('',(#5644,#5645));
#5644 = ORIENTED_EDGE('',*,*,#3786,.F.);
#5645 = ORIENTED_EDGE('',*,*,#5620,.T.);
#5646 = ADVANCED_FACE('',(#5647),#3614,.F.);
#5647 = FACE_BOUND('',#5648,.F.);
#5648 = EDGE_LOOP('',(#5649,#5650,#5672));
#5649 = ORIENTED_EDGE('',*,*,#5570,.F.);
#5650 = ORIENTED_EDGE('',*,*,#5651,.T.);
#5651 = EDGE_CURVE('',#5547,#3176,#5652,.T.);
#5652 = SURFACE_CURVE('',#5653,(#5658,#5665),.PCURVE_S1.);
#5653 = ELLIPSE('',#5654,23.,10.);
#5654 = AXIS2_PLACEMENT_3D('',#5655,#5656,#5657);
#5655 = CARTESIAN_POINT('',(680.,52.325901807805,52.325901807805));
#5656 = DIRECTION('',(1.,7.850462293419E-17,7.850462293419E-17));
#5657 = DIRECTION('',(1.232595164408E-32,0.707106781187,-0.707106781187)
  );
#5658 = PCURVE('',#3614,#5659);
#5659 = DEFINITIONAL_REPRESENTATION('',(#5660),#5664);
#5660 = LINE('',#5661,#5662);
#5661 = CARTESIAN_POINT('',(0.,0.));
#5662 = VECTOR('',#5663,1.);
#5663 = DIRECTION('',(1.,0.));
#5664 = ( GEOMETRIC_REPRESENTATION_CONTEXT(2) 
PARAMETRIC_REPRESENTATION_CONTEXT() REPRESENTATION_CONTEXT('2D SPACE',''
  ) );
#5665 = PCURVE('',#3417,#5666);
#5666 = DEFINITIONAL_REPRESENTATION('',(#5667),#5671);
#5667 = LINE('',#5668,#5669);
#5668 = CARTESIAN_POINT('',(0.,1.));
#5669 = VECTOR('',#5670,1.);
#5670 = DIRECTION('',(1.,0.));
#5671 = ( GEOMETRIC_REPRESENTATION_CONTEXT(2) 
PARAMETRIC_REPRESENTATION_CONTEXT() REPRESENTATION_CONTEXT('2D SPACE',''
  ) );
#5672 = ORIENTED_EDGE('',*,*,#3568,.T.);
#5673 = ADVANCED_FACE('',(#5674),#3417,.F.);
#5674 = FACE_BOUND('',#5675,.F.);
#5675 = EDGE_LOOP('',(#5676,#5698,#5751,#5752,#5753,#5754));
#5676 = ORIENTED_EDGE('',*,*,#5677,.F.);
#5677 = EDGE_CURVE('',#5678,#5547,#5680,.T.);
#5678 = VERTEX_POINT('',#5679);
#5679 = CARTESIAN_POINT('',(500.,57.982756057297,35.355339059327));
#5680 = SEAM_CURVE('',#5681,(#5684,#5691),.PCURVE_S1.);
#5681 = B_SPLINE_CURVE_WITH_KNOTS('',1,(#5682,#5683),.UNSPECIFIED.,.F.,
  .F.,(2,2),(0.,1.),.PIECEWISE_BEZIER_KNOTS.);
#5682 = CARTESIAN_POINT('',(500.,57.982756057297,35.355339059327));
#5683 = CARTESIAN_POINT('',(680.,68.589357775095,36.062445840514));
#5684 = PCURVE('',#3417,#5685);
#5685 = DEFINITIONAL_REPRESENTATION('',(#5686),#5690);
#5686 = LINE('',#5687,#5688);
#5687 = CARTESIAN_POINT('',(0.,0.));
#5688 = VECTOR('',#5689,1.);
#5689 = DIRECTION('',(0.,1.));
#5690 = ( GEOMETRIC_REPRESENTATION_CONTEXT(2) 
PARAMETRIC_REPRESENTATION_CONTEXT() REPRESENTATION_CONTEXT('2D SPACE',''
  ) );
#5691 = PCURVE('',#3417,#5692);
#5692 = DEFINITIONAL_REPRESENTATION('',(#5693),#5697);
#5693 = LINE('',#5694,#5695);
#5694 = CARTESIAN_POINT('',(6.28318530718,0.));
#5695 = VECTOR('',#5696,1.);
#5696 = DIRECTION('',(0.,1.));
#5697 = ( GEOMETRIC_REPRESENTATION_CONTEXT(2) 
PARAMETRIC_REPRESENTATION_CONTEXT() REPRESENTATION_CONTEXT('2D SPACE',''
  ) );
#5698 = ORIENTED_EDGE('',*,*,#5699,.T.);
#5699 = EDGE_CURVE('',#5678,#5678,#5700,.T.);
#5700 = SURFACE_CURVE('',#5701,(#5706,#5713),.PCURVE_S1.);
#5701 = ELLIPSE('',#5702,16.,8.);
#5702 = AXIS2_PLACEMENT_3D('',#5703,#5704,#5705);
#5703 = CARTESIAN_POINT('',(500.,46.669047558312,46.669047558312));
#5704 = DIRECTION('',(1.,7.850462293419E-17,7.850462293419E-17));
#5705 = DIRECTION('',(1.232595164408E-32,0.707106781187,-0.707106781187)
  );
#5706 = PCURVE('',#3417,#5707);
#5707 = DEFINITIONAL_REPRESENTATION('',(#5708),#5712);
#5708 = LINE('',#5709,#5710);
#5709 = CARTESIAN_POINT('',(0.,0.));
#5710 = VECTOR('',#5711,1.);
#5711 = DIRECTION('',(1.,0.));
#5712 = ( GEOMETRIC_REPRESENTATION_CONTEXT(2) 
PARAMETRIC_REPRESENTATION_CONTEXT() REPRESENTATION_CONTEXT('2D SPACE',''
  ) );
#5713 = PCURVE('',#5714,#5745);
#5714 = B_SPLINE_SURFACE_WITH_KNOTS('',14,1,(
    (#5715,#5716)
    ,(#5717,#5718)
    ,(#5719,#5720)
    ,(#5721,#5722)
    ,(#5723,#5724)
    ,(#5725,#5726)
    ,(#5727,#5728)
    ,(#5729,#5730)
    ,(#5731,#5732)
    ,(#5733,#5734)
    ,(#5735,#5736)
    ,(#5737,#5738)
    ,(#5739,#5740)
    ,(#5741,#5742)
    ,(#5743,#5744
    )),.UNSPECIFIED.,.T.,.F.,.F.,(15,15),(2,2),(0.,6.28318530718),(0.,1.
    ),.PIECEWISE_BEZIER_KNOTS.);
#5715 = CARTESIAN_POINT('',(320.,50.911688245431,36.7695526217));
#5716 = CARTESIAN_POINT('',(500.,57.982756057297,35.355339059327));
#5717 = CARTESIAN_POINT('',(319.99999999999,52.498432151917,
    38.356296528185));
#5718 = CARTESIAN_POINT('',(500.00000000001,60.521546307673,
    37.894129309698));
#5719 = CARTESIAN_POINT('',(320.00000000005,52.551360486702,
    41.476857177795));
#5720 = CARTESIAN_POINT('',(499.99999999998,60.606231643335,
    42.887026349096));
#5721 = CARTESIAN_POINT('',(319.99999999976,50.66891241203,
    45.729677654421));
#5722 = CARTESIAN_POINT('',(499.99999999988,57.59431472385,
    49.691539111638));
#5723 = CARTESIAN_POINT('',(320.00000000068,46.908319646287,
    50.254499049929));
#5724 = CARTESIAN_POINT('',(500.00000000064,51.577366298662,
    56.931253344563));
#5725 = CARTESIAN_POINT('',(319.99999999857,41.929401102026,
    53.876333063092));
#5726 = CARTESIAN_POINT('',(499.99999999826,43.61109662788,
    62.726187765461));
#5727 = CARTESIAN_POINT('',(320.00000000224,36.938557655062,
    55.451202937013));
#5728 = CARTESIAN_POINT('',(500.00000000317,35.625747112642,
    65.245979563933));
#5729 = CARTESIAN_POINT('',(319.99999999727,33.348367766861,
    54.332873099432));
#5730 = CARTESIAN_POINT('',(499.99999999568,29.881443291669,
    63.456651823592));
#5731 = CARTESIAN_POINT('',(320.00000000262,32.230037930867,
    50.742683212817));
#5732 = CARTESIAN_POINT('',(500.00000000452,28.092115553914,
    57.712348005213));
#5733 = CARTESIAN_POINT('',(319.99999999798,33.80490780351,
    45.751839764576));
#5734 = CARTESIAN_POINT('',(499.99999999627,30.61190735028,
    49.726998487849));
#5735 = CARTESIAN_POINT('',(320.00000000123,37.426741817498,
    40.772921221139));
#5736 = CARTESIAN_POINT('',(500.00000000241,36.406841772572,
    41.760728818484));
#5737 = CARTESIAN_POINT('',(319.99999999941,41.951563212586,
    37.012328454975));
#5738 = CARTESIAN_POINT('',(499.99999999879,43.646556004756,
    35.743780392538));
#5739 = CARTESIAN_POINT('',(320.0000000002,46.204383689376,
    35.129880380469));
#5740 = CARTESIAN_POINT('',(500.00000000043,50.451068767605,
    32.731863473368));
#5741 = CARTESIAN_POINT('',(319.99999999995,49.32494433894,
    35.182808715207));
#5742 = CARTESIAN_POINT('',(499.9999999999,55.443965806911,
    32.816548808935));
#5743 = CARTESIAN_POINT('',(320.,50.911688245431,36.7695526217));
#5744 = CARTESIAN_POINT('',(500.,57.982756057297,35.355339059327));
#5745 = DEFINITIONAL_REPRESENTATION('',(#5746),#5750);
#5746 = LINE('',#5747,#5748);
#5747 = CARTESIAN_POINT('',(0.,1.));
#5748 = VECTOR('',#5749,1.);
#5749 = DIRECTION('',(1.,0.));
#5750 = ( GEOMETRIC_REPRESENTATION_CONTEXT(2) 
PARAMETRIC_REPRESENTATION_CONTEXT() REPRESENTATION_CONTEXT('2D SPACE',''
  ) );
#5751 = ORIENTED_EDGE('',*,*,#5677,.T.);
#5752 = ORIENTED_EDGE('',*,*,#5546,.F.);
#5753 = ORIENTED_EDGE('',*,*,#3175,.T.);
#5754 = ORIENTED_EDGE('',*,*,#5651,.F.);
#5755 = ADVANCED_FACE('',(#5756),#3939,.T.);
#5756 = FACE_BOUND('',#5757,.T.);
#5757 = EDGE_LOOP('',(#5758,#5759,#5760,#5780));
#5758 = ORIENTED_EDGE('',*,*,#3923,.F.);
#5759 = ORIENTED_EDGE('',*,*,#5420,.T.);
#5760 = ORIENTED_EDGE('',*,*,#5761,.T.);
#5761 = EDGE_CURVE('',#5421,#5762,#5764,.T.);
#5762 = VERTEX_POINT('',#5763);
#5763 = CARTESIAN_POINT('',(880.,78.652173941855,-3.869565217391));
#5764 = SURFACE_CURVE('',#5765,(#5768,#5774),.PCURVE_S1.);
#5765 = B_SPLINE_CURVE_WITH_KNOTS('',1,(#5766,#5767),.UNSPECIFIED.,.F.,
  .F.,(2,2),(0.,1.),.PIECEWISE_BEZIER_KNOTS.);
#5766 = CARTESIAN_POINT('',(880.,78.652173951219,3.869565217391));
#5767 = CARTESIAN_POINT('',(880.,78.652173951219,-3.869565217391));
#5768 = PCURVE('',#3939,#5769);
#5769 = DEFINITIONAL_REPRESENTATION('',(#5770),#5773);
#5770 = B_SPLINE_CURVE_WITH_KNOTS('',1,(#5771,#5772),.UNSPECIFIED.,.F.,
  .F.,(2,2),(0.,1.),.PIECEWISE_BEZIER_KNOTS.);
#5771 = CARTESIAN_POINT('',(4.,0.130434782609));
#5772 = CARTESIAN_POINT('',(-4.,0.130434782609));
#5773 = ( GEOMETRIC_REPRESENTATION_CONTEXT(2) 
PARAMETRIC_REPRESENTATION_CONTEXT() REPRESENTATION_CONTEXT('2D SPACE',''
  ) );
#5774 = PCURVE('',#5379,#5775);
#5775 = DEFINITIONAL_REPRESENTATION('',(#5776),#5779);
#5776 = B_SPLINE_CURVE_WITH_KNOTS('',1,(#5777,#5778),.UNSPECIFIED.,.F.,
  .F.,(2,2),(0.,1.),.PIECEWISE_BEZIER_KNOTS.);
#5777 = CARTESIAN_POINT('',(263.86956521739,-338.6521739512));
#5778 = CARTESIAN_POINT('',(256.1304347826,-338.6521739512));
#5779 = ( GEOMETRIC_REPRESENTATION_CONTEXT(2) 
PARAMETRIC_REPRESENTATION_CONTEXT() REPRESENTATION_CONTEXT('2D SPACE',''
  ) );
#5780 = ORIENTED_EDGE('',*,*,#5781,.F.);
#5781 = EDGE_CURVE('',#3924,#5762,#5782,.T.);
#5782 = SURFACE_CURVE('',#5783,(#5786,#5793),.PCURVE_S1.);
#5783 = B_SPLINE_CURVE_WITH_KNOTS('',1,(#5784,#5785),.UNSPECIFIED.,.F.,
  .F.,(2,2),(0.,1.),.PIECEWISE_BEZIER_KNOTS.);
#5784 = CARTESIAN_POINT('',(850.,78.000000029846,-4.));
#5785 = CARTESIAN_POINT('',(1.08E+03,83.000000021917,-3.));
#5786 = PCURVE('',#3939,#5787);
#5787 = DEFINITIONAL_REPRESENTATION('',(#5788),#5792);
#5788 = LINE('',#5789,#5790);
#5789 = CARTESIAN_POINT('',(-4.,0.));
#5790 = VECTOR('',#5791,1.);
#5791 = DIRECTION('',(0.,1.));
#5792 = ( GEOMETRIC_REPRESENTATION_CONTEXT(2) 
PARAMETRIC_REPRESENTATION_CONTEXT() REPRESENTATION_CONTEXT('2D SPACE',''
  ) );
#5793 = PCURVE('',#3991,#5794);
#5794 = DEFINITIONAL_REPRESENTATION('',(#5795),#5799);
#5795 = LINE('',#5796,#5797);
#5796 = CARTESIAN_POINT('',(1.570796326795,0.));
#5797 = VECTOR('',#5798,1.);
#5798 = DIRECTION('',(0.,1.));
#5799 = ( GEOMETRIC_REPRESENTATION_CONTEXT(2) 
PARAMETRIC_REPRESENTATION_CONTEXT() REPRESENTATION_CONTEXT('2D SPACE',''
  ) );
#5800 = ADVANCED_FACE('',(#5801),#4183,.F.);
#5801 = FACE_BOUND('',#5802,.F.);
#5802 = EDGE_LOOP('',(#5803,#5804,#5805));
#5803 = ORIENTED_EDGE('',*,*,#4386,.F.);
#5804 = ORIENTED_EDGE('',*,*,#4166,.T.);
#5805 = ORIENTED_EDGE('',*,*,#4529,.F.);
#5806 = ADVANCED_FACE('',(#5807),#3991,.T.);
#5807 = FACE_BOUND('',#5808,.T.);
#5808 = EDGE_LOOP('',(#5809,#5831,#5832,#5833));
#5809 = ORIENTED_EDGE('',*,*,#5810,.F.);
#5810 = EDGE_CURVE('',#3975,#5811,#5813,.T.);
#5811 = VERTEX_POINT('',#5812);
#5812 = CARTESIAN_POINT('',(880.,3.869565246203,-78.65217391304));
#5813 = SURFACE_CURVE('',#5814,(#5817,#5824),.PCURVE_S1.);
#5814 = B_SPLINE_CURVE_WITH_KNOTS('',1,(#5815,#5816),.UNSPECIFIED.,.F.,
  .F.,(2,2),(0.,1.),.PIECEWISE_BEZIER_KNOTS.);
#5815 = CARTESIAN_POINT('',(850.,4.000000029846,-78.));
#5816 = CARTESIAN_POINT('',(1.08E+03,3.000000021917,-83.));
#5817 = PCURVE('',#3991,#5818);
#5818 = DEFINITIONAL_REPRESENTATION('',(#5819),#5823);
#5819 = LINE('',#5820,#5821);
#5820 = CARTESIAN_POINT('',(0.,0.));
#5821 = VECTOR('',#5822,1.);
#5822 = DIRECTION('',(0.,1.));
#5823 = ( GEOMETRIC_REPRESENTATION_CONTEXT(2) 
PARAMETRIC_REPRESENTATION_CONTEXT() REPRESENTATION_CONTEXT('2D SPACE',''
  ) );
#5824 = PCURVE('',#4569,#5825);
#5825 = DEFINITIONAL_REPRESENTATION('',(#5826),#5830);
#5826 = LINE('',#5827,#5828);
#5827 = CARTESIAN_POINT('',(3.99999999032,0.));
#5828 = VECTOR('',#5829,1.);
#5829 = DIRECTION('',(0.,1.));
#5830 = ( GEOMETRIC_REPRESENTATION_CONTEXT(2) 
PARAMETRIC_REPRESENTATION_CONTEXT() REPRESENTATION_CONTEXT('2D SPACE',''
  ) );
#5831 = ORIENTED_EDGE('',*,*,#3974,.T.);
#5832 = ORIENTED_EDGE('',*,*,#5781,.T.);
#5833 = ORIENTED_EDGE('',*,*,#5834,.T.);
#5834 = EDGE_CURVE('',#5762,#5811,#5835,.T.);
#5835 = SURFACE_CURVE('',#5836,(#5859,#5885),.PCURVE_S1.);
#5836 = B_SPLINE_CURVE_WITH_KNOTS('',6,(#5837,#5838,#5839,#5840,#5841,
    #5842,#5843,#5844,#5845,#5846,#5847,#5848,#5849,#5850,#5851,#5852,
    #5853,#5854,#5855,#5856,#5857,#5858),.UNSPECIFIED.,.F.,.F.,(7,5,5,5,
    7),(0.,0.249999999907,0.5,0.750000000093,1.),.UNSPECIFIED.);
#5837 = CARTESIAN_POINT('',(880.,78.652173941855,-3.869565217391));
#5838 = CARTESIAN_POINT('',(880.,78.652173941855,-8.763996783903));
#5839 = CARTESIAN_POINT('',(880.,78.267772124362,-13.65871451398));
#5840 = CARTESIAN_POINT('',(880.,77.498886650989,-18.51534784299));
#5841 = CARTESIAN_POINT('',(880.,76.350691054712,-23.29653169763));
#5842 = CARTESIAN_POINT('',(880.,74.832704670639,-27.96576544972));
#5843 = CARTESIAN_POINT('',(880.,71.086668941113,-37.00949573909));
#5844 = CARTESIAN_POINT('',(880.,68.858400566098,-41.38452105582));
#5845 = CARTESIAN_POINT('',(880.,66.28948993451,-45.57722547285));
#5846 = CARTESIAN_POINT('',(880.,63.399015665987,-49.55506793821));
#5847 = CARTESIAN_POINT('',(880.,60.209740713463,-53.28796918921));
#5848 = CARTESIAN_POINT('',(880.,53.287969218032,-60.20974068464));
#5849 = CARTESIAN_POINT('',(880.,49.555067967021,-63.39901563717));
#5850 = CARTESIAN_POINT('',(880.,45.577225501676,-66.28948990569));
#5851 = CARTESIAN_POINT('',(880.,41.384521084634,-68.85840053728));
#5852 = CARTESIAN_POINT('',(880.,37.009495767914,-71.0866689123));
#5853 = CARTESIAN_POINT('',(880.,27.965765478544,-74.83270464182));
#5854 = CARTESIAN_POINT('',(880.,23.296531726428,-76.3506910259));
#5855 = CARTESIAN_POINT('',(880.,18.515347871825,-77.49888662217));
#5856 = CARTESIAN_POINT('',(880.,13.65871454278,-78.26777209555));
#5857 = CARTESIAN_POINT('',(880.,8.763996812719,-78.65217391304));
#5858 = CARTESIAN_POINT('',(880.,3.869565246203,-78.65217391304));
#5859 = PCURVE('',#3991,#5860);
#5860 = DEFINITIONAL_REPRESENTATION('',(#5861),#5884);
#5861 = B_SPLINE_CURVE_WITH_KNOTS('',6,(#5862,#5863,#5864,#5865,#5866,
    #5867,#5868,#5869,#5870,#5871,#5872,#5873,#5874,#5875,#5876,#5877,
    #5878,#5879,#5880,#5881,#5882,#5883),.UNSPECIFIED.,.F.,.F.,(7,5,5,5,
    7),(0.,0.249999999907,0.5,0.750000000093,1.),.UNSPECIFIED.);
#5862 = CARTESIAN_POINT('',(1.570796326795,0.130434782609));
#5863 = CARTESIAN_POINT('',(1.505347532592,0.130434782609));
#5864 = CARTESIAN_POINT('',(1.439894947503,0.130434782609));
#5865 = CARTESIAN_POINT('',(1.374446785886,0.130434782609));
#5866 = CARTESIAN_POINT('',(1.308998624689,0.130434782609));
#5867 = CARTESIAN_POINT('',(1.243546039181,0.130434782609));
#5868 = CARTESIAN_POINT('',(1.112648450963,0.130434782609));
#5869 = CARTESIAN_POINT('',(1.047195865509,0.130434782609));
#5870 = CARTESIAN_POINT('',(0.981747704292,0.130434782609));
#5871 = CARTESIAN_POINT('',(0.916299543035,0.130434782609));
#5872 = CARTESIAN_POINT('',(0.850846957546,0.130434782609));
#5873 = CARTESIAN_POINT('',(0.719949369249,0.130434782609));
#5874 = CARTESIAN_POINT('',(0.65449678376,0.130434782609));
#5875 = CARTESIAN_POINT('',(0.589048622503,0.130434782609));
#5876 = CARTESIAN_POINT('',(0.523600461286,0.130434782609));
#5877 = CARTESIAN_POINT('',(0.458147875832,0.130434782609));
#5878 = CARTESIAN_POINT('',(0.327250287614,0.130434782609));
#5879 = CARTESIAN_POINT('',(0.261797702106,0.130434782609));
#5880 = CARTESIAN_POINT('',(0.196349540909,0.130434782609));
#5881 = CARTESIAN_POINT('',(0.130901379292,0.130434782609));
#5882 = CARTESIAN_POINT('',(6.544879420342E-02,0.130434782609));
#5883 = CARTESIAN_POINT('',(0.,0.130434782609));
#5884 = ( GEOMETRIC_REPRESENTATION_CONTEXT(2) 
PARAMETRIC_REPRESENTATION_CONTEXT() REPRESENTATION_CONTEXT('2D SPACE',''
  ) );
#5885 = PCURVE('',#5379,#5886);
#5886 = DEFINITIONAL_REPRESENTATION('',(#5887),#5910);
#5887 = B_SPLINE_CURVE_WITH_KNOTS('',6,(#5888,#5889,#5890,#5891,#5892,
    #5893,#5894,#5895,#5896,#5897,#5898,#5899,#5900,#5901,#5902,#5903,
    #5904,#5905,#5906,#5907,#5908,#5909),.UNSPECIFIED.,.F.,.F.,(7,5,5,5,
    7),(0.,0.249999999907,0.5,0.750000000093,1.),.UNSPECIFIED.);
#5888 = CARTESIAN_POINT('',(256.1304347826,-338.6521739418));
#5889 = CARTESIAN_POINT('',(251.23600321609,-338.6521739418));
#5890 = CARTESIAN_POINT('',(246.34128548601,-338.2677721243));
#5891 = CARTESIAN_POINT('',(241.484652157,-337.4988866509));
#5892 = CARTESIAN_POINT('',(236.70346830237,-336.3506910547));
#5893 = CARTESIAN_POINT('',(232.03423455027,-334.8327046706));
#5894 = CARTESIAN_POINT('',(222.9905042609,-331.0866689411));
#5895 = CARTESIAN_POINT('',(218.61547894417,-328.858400566));
#5896 = CARTESIAN_POINT('',(214.42277452714,-326.2894899345));
#5897 = CARTESIAN_POINT('',(210.44493206179,-323.3990156659));
#5898 = CARTESIAN_POINT('',(206.71203081078,-320.2097407134));
#5899 = CARTESIAN_POINT('',(199.79025931535,-313.287969218));
#5900 = CARTESIAN_POINT('',(196.60098436282,-309.555067967));
#5901 = CARTESIAN_POINT('',(193.7105100943,-305.5772255016));
#5902 = CARTESIAN_POINT('',(191.14159946271,-301.3845210846));
#5903 = CARTESIAN_POINT('',(188.9133310877,-297.0094957679));
#5904 = CARTESIAN_POINT('',(185.16729535817,-287.9657654785));
#5905 = CARTESIAN_POINT('',(183.64930897409,-283.2965317264));
#5906 = CARTESIAN_POINT('',(182.50111337782,-278.5153478718));
#5907 = CARTESIAN_POINT('',(181.73222790444,-273.6587145427));
#5908 = CARTESIAN_POINT('',(181.34782608695,-268.7639968127));
#5909 = CARTESIAN_POINT('',(181.34782608695,-263.8695652462));
#5910 = ( GEOMETRIC_REPRESENTATION_CONTEXT(2) 
PARAMETRIC_REPRESENTATION_CONTEXT() REPRESENTATION_CONTEXT('2D SPACE',''
  ) );
#5911 = ADVANCED_FACE('',(#5912),#4351,.T.);
#5912 = FACE_BOUND('',#5913,.T.);
#5913 = EDGE_LOOP('',(#5914,#5915,#5916,#5917));
#5914 = ORIENTED_EDGE('',*,*,#4434,.F.);
#5915 = ORIENTED_EDGE('',*,*,#4482,.F.);
#5916 = ORIENTED_EDGE('',*,*,#4507,.F.);
#5917 = ORIENTED_EDGE('',*,*,#4336,.F.);
#5918 = ADVANCED_FACE('',(#5919),#4569,.T.);
#5919 = FACE_BOUND('',#5920,.T.);
#5920 = EDGE_LOOP('',(#5921,#5943,#5944,#5945));
#5921 = ORIENTED_EDGE('',*,*,#5922,.F.);
#5922 = EDGE_CURVE('',#4554,#5923,#5925,.T.);
#5923 = VERTEX_POINT('',#5924);
#5924 = CARTESIAN_POINT('',(880.,-3.869565179216,-78.65217390367));
#5925 = SURFACE_CURVE('',#5926,(#5929,#5936),.PCURVE_S1.);
#5926 = B_SPLINE_CURVE_WITH_KNOTS('',1,(#5927,#5928),.UNSPECIFIED.,.F.,
  .F.,(2,2),(0.,1.),.PIECEWISE_BEZIER_KNOTS.);
#5927 = CARTESIAN_POINT('',(850.,-3.999999960475,-77.99999999032));
#5928 = CARTESIAN_POINT('',(1.08E+03,-2.999999970823,-82.99999999274));
#5929 = PCURVE('',#4569,#5930);
#5930 = DEFINITIONAL_REPRESENTATION('',(#5931),#5935);
#5931 = LINE('',#5932,#5933);
#5932 = CARTESIAN_POINT('',(-4.,0.));
#5933 = VECTOR('',#5934,1.);
#5934 = DIRECTION('',(0.,1.));
#5935 = ( GEOMETRIC_REPRESENTATION_CONTEXT(2) 
PARAMETRIC_REPRESENTATION_CONTEXT() REPRESENTATION_CONTEXT('2D SPACE',''
  ) );
#5936 = PCURVE('',#4621,#5937);
#5937 = DEFINITIONAL_REPRESENTATION('',(#5938),#5942);
#5938 = LINE('',#5939,#5940);
#5939 = CARTESIAN_POINT('',(6.28318530718,0.));
#5940 = VECTOR('',#5941,1.);
#5941 = DIRECTION('',(0.,1.));
#5942 = ( GEOMETRIC_REPRESENTATION_CONTEXT(2) 
PARAMETRIC_REPRESENTATION_CONTEXT() REPRESENTATION_CONTEXT('2D SPACE',''
  ) );
#5943 = ORIENTED_EDGE('',*,*,#4553,.T.);
#5944 = ORIENTED_EDGE('',*,*,#5810,.T.);
#5945 = ORIENTED_EDGE('',*,*,#5946,.T.);
#5946 = EDGE_CURVE('',#5811,#5923,#5947,.T.);
#5947 = SURFACE_CURVE('',#5948,(#5951,#5957),.PCURVE_S1.);
#5948 = B_SPLINE_CURVE_WITH_KNOTS('',1,(#5949,#5950),.UNSPECIFIED.,.F.,
  .F.,(2,2),(0.,1.),.PIECEWISE_BEZIER_KNOTS.);
#5949 = CARTESIAN_POINT('',(880.,3.869565246203,-78.65217391304));
#5950 = CARTESIAN_POINT('',(880.,-3.869565179216,-78.65217391304));
#5951 = PCURVE('',#4569,#5952);
#5952 = DEFINITIONAL_REPRESENTATION('',(#5953),#5956);
#5953 = B_SPLINE_CURVE_WITH_KNOTS('',1,(#5954,#5955),.UNSPECIFIED.,.F.,
  .F.,(2,2),(0.,1.),.PIECEWISE_BEZIER_KNOTS.);
#5954 = CARTESIAN_POINT('',(3.99999999032,0.130434782609));
#5955 = CARTESIAN_POINT('',(-4.,0.130434782609));
#5956 = ( GEOMETRIC_REPRESENTATION_CONTEXT(2) 
PARAMETRIC_REPRESENTATION_CONTEXT() REPRESENTATION_CONTEXT('2D SPACE',''
  ) );
#5957 = PCURVE('',#5379,#5958);
#5958 = DEFINITIONAL_REPRESENTATION('',(#5959),#5962);
#5959 = B_SPLINE_CURVE_WITH_KNOTS('',1,(#5960,#5961),.UNSPECIFIED.,.F.,
  .F.,(2,2),(0.,1.),.PIECEWISE_BEZIER_KNOTS.);
#5960 = CARTESIAN_POINT('',(181.34782608695,-263.8695652462));
#5961 = CARTESIAN_POINT('',(181.34782608695,-256.1304348207));
#5962 = ( GEOMETRIC_REPRESENTATION_CONTEXT(2) 
PARAMETRIC_REPRESENTATION_CONTEXT() REPRESENTATION_CONTEXT('2D SPACE',''
  ) );
#5963 = ADVANCED_FACE('',(#5964),#4813,.F.);
#5964 = FACE_BOUND('',#5965,.F.);
#5965 = EDGE_LOOP('',(#5966,#5967,#5968));
#5966 = ORIENTED_EDGE('',*,*,#5016,.F.);
#5967 = ORIENTED_EDGE('',*,*,#4796,.T.);
#5968 = ORIENTED_EDGE('',*,*,#5159,.F.);
#5969 = ADVANCED_FACE('',(#5970),#4621,.T.);
#5970 = FACE_BOUND('',#5971,.T.);
#5971 = EDGE_LOOP('',(#5972,#5994,#5995,#5996));
#5972 = ORIENTED_EDGE('',*,*,#5973,.F.);
#5973 = EDGE_CURVE('',#4605,#5974,#5976,.T.);
#5974 = VERTEX_POINT('',#5975);
#5975 = CARTESIAN_POINT('',(880.,-78.65217387486,-3.869565208027));
#5976 = SURFACE_CURVE('',#5977,(#5980,#5987),.PCURVE_S1.);
#5977 = B_SPLINE_CURVE_WITH_KNOTS('',1,(#5978,#5979),.UNSPECIFIED.,.F.,
  .F.,(2,2),(0.,1.),.PIECEWISE_BEZIER_KNOTS.);
#5978 = CARTESIAN_POINT('',(850.,-77.99999996047,-3.99999999032));
#5979 = CARTESIAN_POINT('',(1.08E+03,-82.99999997082,-2.99999999274));
#5980 = PCURVE('',#4621,#5981);
#5981 = DEFINITIONAL_REPRESENTATION('',(#5982),#5986);
#5982 = LINE('',#5983,#5984);
#5983 = CARTESIAN_POINT('',(4.712388980385,0.));
#5984 = VECTOR('',#5985,1.);
#5985 = DIRECTION('',(0.,1.));
#5986 = ( GEOMETRIC_REPRESENTATION_CONTEXT(2) 
PARAMETRIC_REPRESENTATION_CONTEXT() REPRESENTATION_CONTEXT('2D SPACE',''
  ) );
#5987 = PCURVE('',#5197,#5988);
#5988 = DEFINITIONAL_REPRESENTATION('',(#5989),#5993);
#5989 = LINE('',#5990,#5991);
#5990 = CARTESIAN_POINT('',(3.99999999032,0.));
#5991 = VECTOR('',#5992,1.);
#5992 = DIRECTION('',(0.,1.));
#5993 = ( GEOMETRIC_REPRESENTATION_CONTEXT(2) 
PARAMETRIC_REPRESENTATION_CONTEXT() REPRESENTATION_CONTEXT('2D SPACE',''
  ) );
#5994 = ORIENTED_EDGE('',*,*,#4604,.T.);
#5995 = ORIENTED_EDGE('',*,*,#5922,.T.);
#5996 = ORIENTED_EDGE('',*,*,#5997,.T.);
#5997 = EDGE_CURVE('',#5923,#5974,#5998,.T.);
#5998 = SURFACE_CURVE('',#5999,(#6022,#6048),.PCURVE_S1.);
#5999 = B_SPLINE_CURVE_WITH_KNOTS('',6,(#6000,#6001,#6002,#6003,#6004,
    #6005,#6006,#6007,#6008,#6009,#6010,#6011,#6012,#6013,#6014,#6015,
    #6016,#6017,#6018,#6019,#6020,#6021),.UNSPECIFIED.,.F.,.F.,(7,5,5,5,
    7),(0.,0.249999999907,0.5,0.750000000092,1.),.UNSPECIFIED.);
#6000 = CARTESIAN_POINT('',(880.,-3.869565179216,-78.65217390367));
#6001 = CARTESIAN_POINT('',(880.,-8.763996745727,-78.65217390368));
#6002 = CARTESIAN_POINT('',(880.,-13.6587144758,-78.26777208618));
#6003 = CARTESIAN_POINT('',(880.,-18.51534780481,-77.49888661281));
#6004 = CARTESIAN_POINT('',(880.,-23.29653165945,-76.35069101653));
#6005 = CARTESIAN_POINT('',(880.,-27.96576541154,-74.83270463246));
#6006 = CARTESIAN_POINT('',(880.,-37.00949570092,-71.08666890293));
#6007 = CARTESIAN_POINT('',(880.,-41.38452101764,-68.85840052792));
#6008 = CARTESIAN_POINT('',(880.,-45.57722543468,-66.28948989632));
#6009 = CARTESIAN_POINT('',(880.,-49.55506790002,-63.39901562781));
#6010 = CARTESIAN_POINT('',(880.,-53.28796915104,-60.20974067528));
#6011 = CARTESIAN_POINT('',(880.,-60.20974064647,-53.28796917985));
#6012 = CARTESIAN_POINT('',(880.,-63.39901559899,-49.55506792884));
#6013 = CARTESIAN_POINT('',(880.,-66.28948986751,-45.57722546349));
#6014 = CARTESIAN_POINT('',(880.,-68.8584004991,-41.38452104646));
#6015 = CARTESIAN_POINT('',(880.,-71.08666887412,-37.00949572973));
#6016 = CARTESIAN_POINT('',(880.,-74.83270460365,-27.96576544036));
#6017 = CARTESIAN_POINT('',(880.,-76.35069098771,-23.29653168828));
#6018 = CARTESIAN_POINT('',(880.,-77.49888658401,-18.5153478336));
#6019 = CARTESIAN_POINT('',(880.,-78.26777205737,-13.65871450463));
#6020 = CARTESIAN_POINT('',(880.,-78.65217387486,-8.763996774536));
#6021 = CARTESIAN_POINT('',(880.,-78.65217387486,-3.869565208027));
#6022 = PCURVE('',#4621,#6023);
#6023 = DEFINITIONAL_REPRESENTATION('',(#6024),#6047);
#6024 = B_SPLINE_CURVE_WITH_KNOTS('',6,(#6025,#6026,#6027,#6028,#6029,
    #6030,#6031,#6032,#6033,#6034,#6035,#6036,#6037,#6038,#6039,#6040,
    #6041,#6042,#6043,#6044,#6045,#6046),.UNSPECIFIED.,.F.,.F.,(7,5,5,5,
    7),(0.,0.249999999907,0.5,0.750000000092,1.),.UNSPECIFIED.);
#6025 = CARTESIAN_POINT('',(6.28318530718,0.130434782609));
#6026 = CARTESIAN_POINT('',(6.217736512976,0.130434782609));
#6027 = CARTESIAN_POINT('',(6.152283927888,0.130434782609));
#6028 = CARTESIAN_POINT('',(6.086835766271,0.130434782609));
#6029 = CARTESIAN_POINT('',(6.021387605074,0.130434782609));
#6030 = CARTESIAN_POINT('',(5.955935019565,0.130434782609));
#6031 = CARTESIAN_POINT('',(5.825037431348,0.130434782609));
#6032 = CARTESIAN_POINT('',(5.759584845894,0.130434782609));
#6033 = CARTESIAN_POINT('',(5.694136684677,0.130434782609));
#6034 = CARTESIAN_POINT('',(5.628688523419,0.130434782609));
#6035 = CARTESIAN_POINT('',(5.563235937931,0.130434782609));
#6036 = CARTESIAN_POINT('',(5.432338349634,0.130434782609));
#6037 = CARTESIAN_POINT('',(5.366885764145,0.130434782609));
#6038 = CARTESIAN_POINT('',(5.301437602888,0.130434782609));
#6039 = CARTESIAN_POINT('',(5.235989441671,0.130434782609));
#6040 = CARTESIAN_POINT('',(5.170536856216,0.130434782609));
#6041 = CARTESIAN_POINT('',(5.039639267999,0.130434782609));
#6042 = CARTESIAN_POINT('',(4.974186682491,0.130434782609));
#6043 = CARTESIAN_POINT('',(4.908738521293,0.130434782609));
#6044 = CARTESIAN_POINT('',(4.843290359677,0.130434782609));
#6045 = CARTESIAN_POINT('',(4.777837774588,0.130434782609));
#6046 = CARTESIAN_POINT('',(4.712388980385,0.130434782609));
#6047 = ( GEOMETRIC_REPRESENTATION_CONTEXT(2) 
PARAMETRIC_REPRESENTATION_CONTEXT() REPRESENTATION_CONTEXT('2D SPACE',''
  ) );
#6048 = PCURVE('',#5379,#6049);
#6049 = DEFINITIONAL_REPRESENTATION('',(#6050),#6073);
#6050 = B_SPLINE_CURVE_WITH_KNOTS('',6,(#6051,#6052,#6053,#6054,#6055,
    #6056,#6057,#6058,#6059,#6060,#6061,#6062,#6063,#6064,#6065,#6066,
    #6067,#6068,#6069,#6070,#6071,#6072),.UNSPECIFIED.,.F.,.F.,(7,5,5,5,
    7),(0.,0.249999999907,0.5,0.750000000092,1.),.UNSPECIFIED.);
#6051 = CARTESIAN_POINT('',(181.34782609632,-256.1304348207));
#6052 = CARTESIAN_POINT('',(181.34782609632,-251.2360032542));
#6053 = CARTESIAN_POINT('',(181.73222791381,-246.3412855241));
#6054 = CARTESIAN_POINT('',(182.50111338718,-241.4846521951));
#6055 = CARTESIAN_POINT('',(183.64930898346,-236.7034683405));
#6056 = CARTESIAN_POINT('',(185.16729536753,-232.0342345884));
#6057 = CARTESIAN_POINT('',(188.91333109706,-222.990504299));
#6058 = CARTESIAN_POINT('',(191.14159947207,-218.6154789823));
#6059 = CARTESIAN_POINT('',(193.71051010367,-214.4227745653));
#6060 = CARTESIAN_POINT('',(196.60098437218,-210.4449320999));
#6061 = CARTESIAN_POINT('',(199.79025932471,-206.7120308489));
#6062 = CARTESIAN_POINT('',(206.71203082014,-199.7902593535));
#6063 = CARTESIAN_POINT('',(210.44493207115,-196.600984401));
#6064 = CARTESIAN_POINT('',(214.4227745365,-193.7105101324));
#6065 = CARTESIAN_POINT('',(218.61547895353,-191.1415995008));
#6066 = CARTESIAN_POINT('',(222.99050427026,-188.9133311258));
#6067 = CARTESIAN_POINT('',(232.03423455963,-185.1672953963));
#6068 = CARTESIAN_POINT('',(236.70346831171,-183.6493090122));
#6069 = CARTESIAN_POINT('',(241.48465216639,-182.5011134159));
#6070 = CARTESIAN_POINT('',(246.34128549536,-181.7322279426));
#6071 = CARTESIAN_POINT('',(251.23600322546,-181.3478261251));
#6072 = CARTESIAN_POINT('',(256.13043479197,-181.3478261251));
#6073 = ( GEOMETRIC_REPRESENTATION_CONTEXT(2) 
PARAMETRIC_REPRESENTATION_CONTEXT() REPRESENTATION_CONTEXT('2D SPACE',''
  ) );
#6074 = ADVANCED_FACE('',(#6075),#4981,.T.);
#6075 = FACE_BOUND('',#6076,.T.);
#6076 = EDGE_LOOP('',(#6077,#6078,#6079,#6080));
#6077 = ORIENTED_EDGE('',*,*,#5064,.F.);
#6078 = ORIENTED_EDGE('',*,*,#5112,.F.);
#6079 = ORIENTED_EDGE('',*,*,#5137,.F.);
#6080 = ORIENTED_EDGE('',*,*,#4966,.F.);
#6081 = ADVANCED_FACE('',(#6082),#5197,.T.);
#6082 = FACE_BOUND('',#6083,.T.);
#6083 = EDGE_LOOP('',(#6084,#6085,#6086,#6087));
#6084 = ORIENTED_EDGE('',*,*,#5305,.F.);
#6085 = ORIENTED_EDGE('',*,*,#5183,.T.);
#6086 = ORIENTED_EDGE('',*,*,#5973,.T.);
#6087 = ORIENTED_EDGE('',*,*,#6088,.T.);
#6088 = EDGE_CURVE('',#5974,#5306,#6089,.T.);
#6089 = SURFACE_CURVE('',#6090,(#6093,#6099),.PCURVE_S1.);
#6090 = B_SPLINE_CURVE_WITH_KNOTS('',1,(#6091,#6092),.UNSPECIFIED.,.F.,
  .F.,(2,2),(0.,1.),.PIECEWISE_BEZIER_KNOTS.);
#6091 = CARTESIAN_POINT('',(880.,-78.65217387486,-3.869565208027));
#6092 = CARTESIAN_POINT('',(880.,-78.65217387486,3.869565217391));
#6093 = PCURVE('',#5197,#6094);
#6094 = DEFINITIONAL_REPRESENTATION('',(#6095),#6098);
#6095 = B_SPLINE_CURVE_WITH_KNOTS('',1,(#6096,#6097),.UNSPECIFIED.,.F.,
  .F.,(2,2),(0.,1.),.PIECEWISE_BEZIER_KNOTS.);
#6096 = CARTESIAN_POINT('',(3.99999999032,0.130434782609));
#6097 = CARTESIAN_POINT('',(-4.,0.130434782609));
#6098 = ( GEOMETRIC_REPRESENTATION_CONTEXT(2) 
PARAMETRIC_REPRESENTATION_CONTEXT() REPRESENTATION_CONTEXT('2D SPACE',''
  ) );
#6099 = PCURVE('',#5379,#6100);
#6100 = DEFINITIONAL_REPRESENTATION('',(#6101),#6104);
#6101 = B_SPLINE_CURVE_WITH_KNOTS('',1,(#6102,#6103),.UNSPECIFIED.,.F.,
  .F.,(2,2),(0.,1.),.PIECEWISE_BEZIER_KNOTS.);
#6102 = CARTESIAN_POINT('',(256.13043479197,-181.3478261251));
#6103 = CARTESIAN_POINT('',(263.86956521739,-181.3478261251));
#6104 = ( GEOMETRIC_REPRESENTATION_CONTEXT(2) 
PARAMETRIC_REPRESENTATION_CONTEXT() REPRESENTATION_CONTEXT('2D SPACE',''
  ) );
#6105 = ADVANCED_FACE('',(#6106),#5260,.T.);
#6106 = FACE_BOUND('',#6107,.T.);
#6107 = EDGE_LOOP('',(#6108,#6109,#6110,#6128));
#6108 = ORIENTED_EDGE('',*,*,#5246,.F.);
#6109 = ORIENTED_EDGE('',*,*,#5282,.T.);
#6110 = ORIENTED_EDGE('',*,*,#6111,.T.);
#6111 = EDGE_CURVE('',#5283,#5444,#6112,.T.);
#6112 = SURFACE_CURVE('',#6113,(#6116,#6122),.PCURVE_S1.);
#6113 = B_SPLINE_CURVE_WITH_KNOTS('',1,(#6114,#6115),.UNSPECIFIED.,.F.,
  .F.,(2,2),(0.,1.),.PIECEWISE_BEZIER_KNOTS.);
#6114 = CARTESIAN_POINT('',(880.,-3.869565255567,78.652173913043));
#6115 = CARTESIAN_POINT('',(880.,3.869565250414,78.652173913043));
#6116 = PCURVE('',#5260,#6117);
#6117 = DEFINITIONAL_REPRESENTATION('',(#6118),#6121);
#6118 = B_SPLINE_CURVE_WITH_KNOTS('',1,(#6119,#6120),.UNSPECIFIED.,.F.,
  .F.,(2,2),(0.,1.),.PIECEWISE_BEZIER_KNOTS.);
#6119 = CARTESIAN_POINT('',(4.000000079051,0.130434782609));
#6120 = CARTESIAN_POINT('',(-3.999999995163,0.130434782609));
#6121 = ( GEOMETRIC_REPRESENTATION_CONTEXT(2) 
PARAMETRIC_REPRESENTATION_CONTEXT() REPRESENTATION_CONTEXT('2D SPACE',''
  ) );
#6122 = PCURVE('',#5379,#6123);
#6123 = DEFINITIONAL_REPRESENTATION('',(#6124),#6127);
#6124 = B_SPLINE_CURVE_WITH_KNOTS('',1,(#6125,#6126),.UNSPECIFIED.,.F.,
  .F.,(2,2),(0.,1.),.PIECEWISE_BEZIER_KNOTS.);
#6125 = CARTESIAN_POINT('',(338.65217391304,-256.1304347444));
#6126 = CARTESIAN_POINT('',(338.65217391304,-263.8695652504));
#6127 = ( GEOMETRIC_REPRESENTATION_CONTEXT(2) 
PARAMETRIC_REPRESENTATION_CONTEXT() REPRESENTATION_CONTEXT('2D SPACE',''
  ) );
#6128 = ORIENTED_EDGE('',*,*,#5443,.F.);
#6129 = ADVANCED_FACE('',(#6130),#5379,.T.);
#6130 = FACE_BOUND('',#6131,.T.);
#6131 = EDGE_LOOP('',(#6132,#6133,#6134,#6135,#6136,#6137,#6138,#6139));
#6132 = ORIENTED_EDGE('',*,*,#5327,.F.);
#6133 = ORIENTED_EDGE('',*,*,#6088,.F.);
#6134 = ORIENTED_EDGE('',*,*,#5997,.F.);
#6135 = ORIENTED_EDGE('',*,*,#5946,.F.);
#6136 = ORIENTED_EDGE('',*,*,#5834,.F.);
#6137 = ORIENTED_EDGE('',*,*,#5761,.F.);
#6138 = ORIENTED_EDGE('',*,*,#5465,.F.);
#6139 = ORIENTED_EDGE('',*,*,#6111,.F.);
#6140 = ADVANCED_FACE('',(#6141),#5714,.F.);
#6141 = FACE_BOUND('',#6142,.F.);
#6142 = EDGE_LOOP('',(#6143,#6172,#6192,#6193));
#6143 = ORIENTED_EDGE('',*,*,#6144,.T.);
#6144 = EDGE_CURVE('',#6145,#6145,#6147,.T.);
#6145 = VERTEX_POINT('',#6146);
#6146 = CARTESIAN_POINT('',(320.,50.911688245431,36.7695526217));
#6147 = SURFACE_CURVE('',#6148,(#6153,#6160),.PCURVE_S1.);
#6148 = ELLIPSE('',#6149,10.,5.);
#6149 = AXIS2_PLACEMENT_3D('',#6150,#6151,#6152);
#6150 = CARTESIAN_POINT('',(320.,43.840620433566,43.840620433566));
#6151 = DIRECTION('',(1.,7.850462293419E-17,7.850462293419E-17));
#6152 = DIRECTION('',(1.232595164408E-32,0.707106781187,-0.707106781187)
  );
#6153 = PCURVE('',#5714,#6154);
#6154 = DEFINITIONAL_REPRESENTATION('',(#6155),#6159);
#6155 = LINE('',#6156,#6157);
#6156 = CARTESIAN_POINT('',(0.,0.));
#6157 = VECTOR('',#6158,1.);
#6158 = DIRECTION('',(1.,0.));
#6159 = ( GEOMETRIC_REPRESENTATION_CONTEXT(2) 
PARAMETRIC_REPRESENTATION_CONTEXT() REPRESENTATION_CONTEXT('2D SPACE',''
  ) );
#6160 = PCURVE('',#6161,#6166);
#6161 = PLANE('',#6162);
#6162 = AXIS2_PLACEMENT_3D('',#6163,#6164,#6165);
#6163 = CARTESIAN_POINT('',(320.,43.840620433566,43.840620433566));
#6164 = DIRECTION('',(1.,7.850462293419E-17,7.850462293419E-17));
#6165 = DIRECTION('',(1.232595164408E-32,0.707106781187,-0.707106781187)
  );
#6166 = DEFINITIONAL_REPRESENTATION('',(#6167),#6171);
#6167 = ELLIPSE('',#6168,10.,5.);
#6168 = AXIS2_PLACEMENT_2D('',#6169,#6170);
#6169 = CARTESIAN_POINT('',(0.,0.));
#6170 = DIRECTION('',(1.,0.));
#6171 = ( GEOMETRIC_REPRESENTATION_CONTEXT(2) 
PARAMETRIC_REPRESENTATION_CONTEXT() REPRESENTATION_CONTEXT('2D SPACE',''
  ) );
#6172 = ORIENTED_EDGE('',*,*,#6173,.T.);
#6173 = EDGE_CURVE('',#6145,#5678,#6174,.T.);
#6174 = SEAM_CURVE('',#6175,(#6178,#6185),.PCURVE_S1.);
#6175 = B_SPLINE_CURVE_WITH_KNOTS('',1,(#6176,#6177),.UNSPECIFIED.,.F.,
  .F.,(2,2),(0.,1.),.PIECEWISE_BEZIER_KNOTS.);
#6176 = CARTESIAN_POINT('',(320.,50.911688245431,36.7695526217));
#6177 = CARTESIAN_POINT('',(500.,57.982756057297,35.355339059327));
#6178 = PCURVE('',#5714,#6179);
#6179 = DEFINITIONAL_REPRESENTATION('',(#6180),#6184);
#6180 = LINE('',#6181,#6182);
#6181 = CARTESIAN_POINT('',(6.28318530718,0.));
#6182 = VECTOR('',#6183,1.);
#6183 = DIRECTION('',(0.,1.));
#6184 = ( GEOMETRIC_REPRESENTATION_CONTEXT(2) 
PARAMETRIC_REPRESENTATION_CONTEXT() REPRESENTATION_CONTEXT('2D SPACE',''
  ) );
#6185 = PCURVE('',#5714,#6186);
#6186 = DEFINITIONAL_REPRESENTATION('',(#6187),#6191);
#6187 = LINE('',#6188,#6189);
#6188 = CARTESIAN_POINT('',(0.,0.));
#6189 = VECTOR('',#6190,1.);
#6190 = DIRECTION('',(0.,1.));
#6191 = ( GEOMETRIC_REPRESENTATION_CONTEXT(2) 
PARAMETRIC_REPRESENTATION_CONTEXT() REPRESENTATION_CONTEXT('2D SPACE',''
  ) );
#6192 = ORIENTED_EDGE('',*,*,#5699,.F.);
#6193 = ORIENTED_EDGE('',*,*,#6173,.F.);
#6194 = ADVANCED_FACE('',(#6195),#6161,.T.);
#6195 = FACE_BOUND('',#6196,.T.);
#6196 = EDGE_LOOP('',(#6197));
#6197 = ORIENTED_EDGE('',*,*,#6144,.T.);
#6198 = ( GEOMETRIC_REPRESENTATION_CONTEXT(3) 
GLOBAL_UNCERTAINTY_ASSIGNED_CONTEXT((#6202)) 
GLOBAL_UNIT_ASSIGNED_CONTEXT((#6199,#6200,#6201)) REPRESENTATION_CONTEXT
('Context #1','3D Context with UNIT and UNCERTAINTY') );
#6199 = ( LENGTH_UNIT() NAMED_UNIT(*) SI_UNIT(.MILLI.,.METRE.) );
#6200 = ( NAMED_UNIT(*) PLANE_ANGLE_UNIT() SI_UNIT($,.RADIAN.) );
#6201 = ( NAMED_UNIT(*) SI_UNIT($,.STERADIAN.) SOLID_ANGLE_UNIT() );
#6202 = UNCERTAINTY_MEASURE_WITH_UNIT(LENGTH_MEASURE(2.E-06),#6199,
  'distance_accuracy_value','confusion accuracy');
#6203 = CONTEXT_DEPENDENT_SHAPE_REPRESENTATION(#6204,#6206);
#6204 = ( REPRESENTATION_RELATIONSHIP('','',#44,#10) 
REPRESENTATION_RELATIONSHIP_WITH_TRANSFORMATION(#6205) 
SHAPE_REPRESENTATION_RELATIONSHIP() );
#6205 = ITEM_DEFINED_TRANSFORMATION('','',#11,#15);
#6206 = PRODUCT_DEFINITION_SHAPE('Placement','Placement of an item',
  #6207);
#6207 = NEXT_ASSEMBLY_USAGE_OCCURRENCE('1','sustainer_body','',#5,#39,$
  );
#6208 = PRODUCT_RELATED_PRODUCT_CATEGORY('part',$,(#41));
#6209 = SHAPE_DEFINITION_REPRESENTATION(#6210,#6216);
#6210 = PRODUCT_DEFINITION_SHAPE('','',#6211);
#6211 = PRODUCT_DEFINITION('design','',#6212,#6215);
#6212 = PRODUCT_DEFINITION_FORMATION('','',#6213);
#6213 = PRODUCT('intake_floor_1','intake_floor_1','',(#6214));
#6214 = PRODUCT_CONTEXT('',#2,'mechanical');
#6215 = PRODUCT_DEFINITION_CONTEXT('part definition',#2,'design');
#6216 = ADVANCED_BREP_SHAPE_REPRESENTATION('',(#11,#6217),#6340);
#6217 = MANIFOLD_SOLID_BREP('',#6218);
#6218 = CLOSED_SHELL('',(#6219,#6332,#6336));
#6219 = ADVANCED_FACE('',(#6220),#6233,.T.);
#6220 = FACE_BOUND('',#6221,.T.);
#6221 = EDGE_LOOP('',(#6222,#6282,#6304,#6331));
#6222 = ORIENTED_EDGE('',*,*,#6223,.T.);
#6223 = EDGE_CURVE('',#6224,#6224,#6226,.T.);
#6224 = VERTEX_POINT('',#6225);
#6225 = CARTESIAN_POINT('',(318.5,50.204581464245,37.476659402887));
#6226 = SURFACE_CURVE('',#6227,(#6232,#6270),.PCURVE_S1.);
#6227 = ELLIPSE('',#6228,9.,4.5);
#6228 = AXIS2_PLACEMENT_3D('',#6229,#6230,#6231);
#6229 = CARTESIAN_POINT('',(318.5,43.840620433566,43.840620433566));
#6230 = DIRECTION('',(1.,7.850462293419E-17,7.850462293419E-17));
#6231 = DIRECTION('',(1.232595164408E-32,0.707106781187,-0.707106781187)
  );
#6232 = PCURVE('',#6233,#6264);
#6233 = B_SPLINE_SURFACE_WITH_KNOTS('',14,1,(
    (#6234,#6235)
    ,(#6236,#6237)
    ,(#6238,#6239)
    ,(#6240,#6241)
    ,(#6242,#6243)
    ,(#6244,#6245)
    ,(#6246,#6247)
    ,(#6248,#6249)
    ,(#6250,#6251)
    ,(#6252,#6253)
    ,(#6254,#6255)
    ,(#6256,#6257)
    ,(#6258,#6259)
    ,(#6260,#6261)
    ,(#6262,#6263
    )),.UNSPECIFIED.,.T.,.F.,.F.,(15,15),(2,2),(0.,6.28318530718),(0.,1.
    ),.PIECEWISE_BEZIER_KNOTS.);
#6234 = CARTESIAN_POINT('',(318.5,50.204581464245,37.476659402887));
#6235 = CARTESIAN_POINT('',(322.,48.790367901872,38.89087296526));
#6236 = CARTESIAN_POINT('',(318.49999999998,51.632650980084,
    38.904728918722));
#6237 = CARTESIAN_POINT('',(322.,49.901088636412,40.001593699799));
#6238 = CARTESIAN_POINT('',(318.50000000011,51.680286481381,
    41.713233503376));
#6239 = CARTESIAN_POINT('',(322.00000000002,49.938138470761,
    42.185986154525));
#6240 = CARTESIAN_POINT('',(318.49999999957,49.986083214206,
    45.540771932325));
#6241 = CARTESIAN_POINT('',(321.99999999984,48.620424818489,
    45.162960488163));
#6242 = CARTESIAN_POINT('',(318.50000000112,46.601549724966,
    49.613111188312));
#6243 = CARTESIAN_POINT('',(322.00000000057,45.988009882485,
    48.330335465033));
#6244 = CARTESIAN_POINT('',(318.49999999778,42.12052303526,
    52.872761800105));
#6245 = CARTESIAN_POINT('',(321.99999999865,42.502766901445,
    50.865619274191));
#6246 = CARTESIAN_POINT('',(318.50000000339,37.628763932812,
    54.290144686722));
#6247 = CARTESIAN_POINT('',(322.00000000232,39.009176488698,
    51.968028186067));
#6248 = CARTESIAN_POINT('',(318.49999999589,34.39759303363,
    53.283647832774));
#6249 = CARTESIAN_POINT('',(321.99999999695,36.496043566753,
    51.185197299544));
#6250 = CARTESIAN_POINT('',(318.50000000396,33.39109618106,
    50.05247693497));
#6251 = CARTESIAN_POINT('',(322.00000000311,35.713212681808,
    48.672064379185));
#6252 = CARTESIAN_POINT('',(318.49999999691,34.808479066564,
    45.560717831409));
#6253 = CARTESIAN_POINT('',(321.99999999748,36.815621592414,
    45.178473965149));
#6254 = CARTESIAN_POINT('',(318.50000000192,38.068129679079,
    41.079691142426));
#6255 = CARTESIAN_POINT('',(322.00000000159,39.350905402395,
    41.693230984953));
#6256 = CARTESIAN_POINT('',(318.49999999906,42.140468934694,
    37.695157652812));
#6257 = CARTESIAN_POINT('',(321.99999999921,42.518280378839,
    39.060816048508));
#6258 = CARTESIAN_POINT('',(318.50000000033,45.968007363792,
    36.000954385787));
#6259 = CARTESIAN_POINT('',(322.00000000028,45.495254712648,
    37.743102396415));
#6260 = CARTESIAN_POINT('',(318.49999999992,48.776511948403,
    36.048589887041));
#6261 = CARTESIAN_POINT('',(321.99999999993,47.679647167324,
    37.780152230711));
#6262 = CARTESIAN_POINT('',(318.5,50.204581464245,37.476659402887));
#6263 = CARTESIAN_POINT('',(322.,48.790367901872,38.89087296526));
#6264 = DEFINITIONAL_REPRESENTATION('',(#6265),#6269);
#6265 = LINE('',#6266,#6267);
#6266 = CARTESIAN_POINT('',(0.,0.));
#6267 = VECTOR('',#6268,1.);
#6268 = DIRECTION('',(1.,0.));
#6269 = ( GEOMETRIC_REPRESENTATION_CONTEXT(2) 
PARAMETRIC_REPRESENTATION_CONTEXT() REPRESENTATION_CONTEXT('2D SPACE',''
  ) );
#6270 = PCURVE('',#6271,#6276);
#6271 = PLANE('',#6272);
#6272 = AXIS2_PLACEMENT_3D('',#6273,#6274,#6275);
#6273 = CARTESIAN_POINT('',(318.5,43.840620433566,43.840620433566));
#6274 = DIRECTION('',(1.,7.850462293419E-17,7.850462293419E-17));
#6275 = DIRECTION('',(1.232595164408E-32,0.707106781187,-0.707106781187)
  );
#6276 = DEFINITIONAL_REPRESENTATION('',(#6277),#6281);
#6277 = ELLIPSE('',#6278,9.,4.5);
#6278 = AXIS2_PLACEMENT_2D('',#6279,#6280);
#6279 = CARTESIAN_POINT('',(0.,0.));
#6280 = DIRECTION('',(1.,0.));
#6281 = ( GEOMETRIC_REPRESENTATION_CONTEXT(2) 
PARAMETRIC_REPRESENTATION_CONTEXT() REPRESENTATION_CONTEXT('2D SPACE',''
  ) );
#6282 = ORIENTED_EDGE('',*,*,#6283,.T.);
#6283 = EDGE_CURVE('',#6224,#6284,#6286,.T.);
#6284 = VERTEX_POINT('',#6285);
#6285 = CARTESIAN_POINT('',(322.,48.790367901872,38.89087296526));
#6286 = SEAM_CURVE('',#6287,(#6290,#6297),.PCURVE_S1.);
#6287 = B_SPLINE_CURVE_WITH_KNOTS('',1,(#6288,#6289),.UNSPECIFIED.,.F.,
  .F.,(2,2),(0.,1.),.PIECEWISE_BEZIER_KNOTS.);
#6288 = CARTESIAN_POINT('',(318.5,50.204581464245,37.476659402887));
#6289 = CARTESIAN_POINT('',(322.,48.790367901872,38.89087296526));
#6290 = PCURVE('',#6233,#6291);
#6291 = DEFINITIONAL_REPRESENTATION('',(#6292),#6296);
#6292 = LINE('',#6293,#6294);
#6293 = CARTESIAN_POINT('',(6.28318530718,0.));
#6294 = VECTOR('',#6295,1.);
#6295 = DIRECTION('',(0.,1.));
#6296 = ( GEOMETRIC_REPRESENTATION_CONTEXT(2) 
PARAMETRIC_REPRESENTATION_CONTEXT() REPRESENTATION_CONTEXT('2D SPACE',''
  ) );
#6297 = PCURVE('',#6233,#6298);
#6298 = DEFINITIONAL_REPRESENTATION('',(#6299),#6303);
#6299 = LINE('',#6300,#6301);
#6300 = CARTESIAN_POINT('',(0.,0.));
#6301 = VECTOR('',#6302,1.);
#6302 = DIRECTION('',(0.,1.));
#6303 = ( GEOMETRIC_REPRESENTATION_CONTEXT(2) 
PARAMETRIC_REPRESENTATION_CONTEXT() REPRESENTATION_CONTEXT('2D SPACE',''
  ) );
#6304 = ORIENTED_EDGE('',*,*,#6305,.F.);
#6305 = EDGE_CURVE('',#6284,#6284,#6306,.T.);
#6306 = SURFACE_CURVE('',#6307,(#6312,#6319),.PCURVE_S1.);
#6307 = ELLIPSE('',#6308,7.,3.5);
#6308 = AXIS2_PLACEMENT_3D('',#6309,#6310,#6311);
#6309 = CARTESIAN_POINT('',(322.,43.840620433566,43.840620433566));
#6310 = DIRECTION('',(1.,7.850462293419E-17,7.850462293419E-17));
#6311 = DIRECTION('',(1.232595164408E-32,0.707106781187,-0.707106781187)
  );
#6312 = PCURVE('',#6233,#6313);
#6313 = DEFINITIONAL_REPRESENTATION('',(#6314),#6318);
#6314 = LINE('',#6315,#6316);
#6315 = CARTESIAN_POINT('',(0.,1.));
#6316 = VECTOR('',#6317,1.);
#6317 = DIRECTION('',(1.,0.));
#6318 = ( GEOMETRIC_REPRESENTATION_CONTEXT(2) 
PARAMETRIC_REPRESENTATION_CONTEXT() REPRESENTATION_CONTEXT('2D SPACE',''
  ) );
#6319 = PCURVE('',#6320,#6325);
#6320 = PLANE('',#6321);
#6321 = AXIS2_PLACEMENT_3D('',#6322,#6323,#6324);
#6322 = CARTESIAN_POINT('',(322.,43.840620433566,43.840620433566));
#6323 = DIRECTION('',(1.,7.850462293419E-17,7.850462293419E-17));
#6324 = DIRECTION('',(1.232595164408E-32,0.707106781187,-0.707106781187)
  );
#6325 = DEFINITIONAL_REPRESENTATION('',(#6326),#6330);
#6326 = ELLIPSE('',#6327,7.,3.5);
#6327 = AXIS2_PLACEMENT_2D('',#6328,#6329);
#6328 = CARTESIAN_POINT('',(0.,0.));
#6329 = DIRECTION('',(1.,0.));
#6330 = ( GEOMETRIC_REPRESENTATION_CONTEXT(2) 
PARAMETRIC_REPRESENTATION_CONTEXT() REPRESENTATION_CONTEXT('2D SPACE',''
  ) );
#6331 = ORIENTED_EDGE('',*,*,#6283,.F.);
#6332 = ADVANCED_FACE('',(#6333),#6271,.F.);
#6333 = FACE_BOUND('',#6334,.F.);
#6334 = EDGE_LOOP('',(#6335));
#6335 = ORIENTED_EDGE('',*,*,#6223,.T.);
#6336 = ADVANCED_FACE('',(#6337),#6320,.T.);
#6337 = FACE_BOUND('',#6338,.T.);
#6338 = EDGE_LOOP('',(#6339));
#6339 = ORIENTED_EDGE('',*,*,#6305,.T.);
#6340 = ( GEOMETRIC_REPRESENTATION_CONTEXT(3) 
GLOBAL_UNCERTAINTY_ASSIGNED_CONTEXT((#6344)) 
GLOBAL_UNIT_ASSIGNED_CONTEXT((#6341,#6342,#6343)) REPRESENTATION_CONTEXT
('Context #1','3D Context with UNIT and UNCERTAINTY') );
#6341 = ( LENGTH_UNIT() NAMED_UNIT(*) SI_UNIT(.MILLI.,.METRE.) );
#6342 = ( NAMED_UNIT(*) PLANE_ANGLE_UNIT() SI_UNIT($,.RADIAN.) );
#6343 = ( NAMED_UNIT(*) SI_UNIT($,.STERADIAN.) SOLID_ANGLE_UNIT() );
#6344 = UNCERTAINTY_MEASURE_WITH_UNIT(LENGTH_MEASURE(1.E-07),#6341,
  'distance_accuracy_value','confusion accuracy');
#6345 = CONTEXT_DEPENDENT_SHAPE_REPRESENTATION(#6346,#6348);
#6346 = ( REPRESENTATION_RELATIONSHIP('','',#6216,#10) 
REPRESENTATION_RELATIONSHIP_WITH_TRANSFORMATION(#6347) 
SHAPE_REPRESENTATION_RELATIONSHIP() );
#6347 = ITEM_DEFINED_TRANSFORMATION('','',#11,#19);
#6348 = PRODUCT_DEFINITION_SHAPE('Placement','Placement of an item',
  #6349);
#6349 = NEXT_ASSEMBLY_USAGE_OCCURRENCE('2','intake_floor_1','',#5,#6211,
  $);
#6350 = PRODUCT_RELATED_PRODUCT_CATEGORY('part',$,(#6213));
#6351 = SHAPE_DEFINITION_REPRESENTATION(#6352,#6358);
#6352 = PRODUCT_DEFINITION_SHAPE('','',#6353);
#6353 = PRODUCT_DEFINITION('design','',#6354,#6357);
#6354 = PRODUCT_DEFINITION_FORMATION('','',#6355);
#6355 = PRODUCT('intake_chine_port_prototype',
  'intake_chine_port_prototype','',(#6356));
#6356 = PRODUCT_CONTEXT('',#2,'mechanical');
#6357 = PRODUCT_DEFINITION_CONTEXT('part definition',#2,'design');
#6358 = ADVANCED_BREP_SHAPE_REPRESENTATION('',(#11,#6359),#8005);
#6359 = MANIFOLD_SOLID_BREP('',#6360);
#6360 = CLOSED_SHELL('',(#6361,#6506,#6602,#6695,#6791,#6884,#6980,#7054
    ,#7122,#7195,#7261,#7313,#7379,#7431,#7497,#7549,#7594,#7667,#7716,
    #7763,#7812,#7859,#7908,#7955,#7983,#7994));
#6361 = ADVANCED_FACE('',(#6362),#6376,.T.);
#6362 = FACE_BOUND('',#6363,.T.);
#6363 = EDGE_LOOP('',(#6364,#6398,#6439,#6467));
#6364 = ORIENTED_EDGE('',*,*,#6365,.F.);
#6365 = EDGE_CURVE('',#6366,#6368,#6370,.T.);
#6366 = VERTEX_POINT('',#6367);
#6367 = CARTESIAN_POINT('',(610.,37.971634149718,73.04413049657));
#6368 = VERTEX_POINT('',#6369);
#6369 = CARTESIAN_POINT('',(610.,39.103004999616,71.912759646672));
#6370 = SURFACE_CURVE('',#6371,(#6375,#6386),.PCURVE_S1.);
#6371 = LINE('',#6372,#6373);
#6372 = CARTESIAN_POINT('',(610.,38.537319571824,72.478445068778));
#6373 = VECTOR('',#6374,1.);
#6374 = DIRECTION('',(0.,0.707106781187,-0.707106781187));
#6375 = PCURVE('',#6376,#6381);
#6376 = B_SPLINE_SURFACE_WITH_KNOTS('',1,1,(
    (#6377,#6378)
    ,(#6379,#6380
    )),.UNSPECIFIED.,.F.,.F.,.F.,(2,2),(2,2),(-2.5,2.5),(0.,1.),
  .PIECEWISE_BEZIER_KNOTS.);
#6377 = CARTESIAN_POINT('',(610.,39.103004996773,71.912759643829));
#6378 = CARTESIAN_POINT('',(700.,38.183766179652,75.660425582539));
#6379 = CARTESIAN_POINT('',(610.,37.971634146875,73.044130493727));
#6380 = CARTESIAN_POINT('',(700.,34.648232273719,79.195959488472));
#6381 = DEFINITIONAL_REPRESENTATION('',(#6382),#6385);
#6382 = B_SPLINE_CURVE_WITH_KNOTS('',1,(#6383,#6384),.UNSPECIFIED.,.F.,
  .F.,(2,2),(-0.8,0.8),.PIECEWISE_BEZIER_KNOTS.);
#6383 = CARTESIAN_POINT('',(2.5,0.));
#6384 = CARTESIAN_POINT('',(-2.5,0.));
#6385 = ( GEOMETRIC_REPRESENTATION_CONTEXT(2) 
PARAMETRIC_REPRESENTATION_CONTEXT() REPRESENTATION_CONTEXT('2D SPACE',''
  ) );
#6386 = PCURVE('',#6387,#6392);
#6387 = PLANE('',#6388);
#6388 = AXIS2_PLACEMENT_3D('',#6389,#6390,#6391);
#6389 = CARTESIAN_POINT('',(610.,37.47665940573,72.549155752583));
#6390 = DIRECTION('',(-1.,-7.850462293419E-17,-7.850462293419E-17));
#6391 = DIRECTION('',(-1.110223024625E-16,0.707106781187,0.707106781187)
  );
#6392 = DEFINITIONAL_REPRESENTATION('',(#6393),#6397);
#6393 = LINE('',#6394,#6395);
#6394 = CARTESIAN_POINT('',(0.699999991959,0.8));
#6395 = VECTOR('',#6396,1.);
#6396 = DIRECTION('',(0.,1.));
#6397 = ( GEOMETRIC_REPRESENTATION_CONTEXT(2) 
PARAMETRIC_REPRESENTATION_CONTEXT() REPRESENTATION_CONTEXT('2D SPACE',''
  ) );
#6398 = ORIENTED_EDGE('',*,*,#6399,.T.);
#6399 = EDGE_CURVE('',#6366,#6400,#6402,.T.);
#6400 = VERTEX_POINT('',#6401);
#6401 = CARTESIAN_POINT('',(700.,34.648232278141,79.195959492893));
#6402 = SURFACE_CURVE('',#6403,(#6406,#6413),.PCURVE_S1.);
#6403 = B_SPLINE_CURVE_WITH_KNOTS('',1,(#6404,#6405),.UNSPECIFIED.,.F.,
  .F.,(2,2),(0.,1.),.PIECEWISE_BEZIER_KNOTS.);
#6404 = CARTESIAN_POINT('',(610.,37.971634146875,73.044130493727));
#6405 = CARTESIAN_POINT('',(700.,34.648232273719,79.195959488472));
#6406 = PCURVE('',#6376,#6407);
#6407 = DEFINITIONAL_REPRESENTATION('',(#6408),#6412);
#6408 = LINE('',#6409,#6410);
#6409 = CARTESIAN_POINT('',(2.5,0.));
#6410 = VECTOR('',#6411,1.);
#6411 = DIRECTION('',(0.,1.));
#6412 = ( GEOMETRIC_REPRESENTATION_CONTEXT(2) 
PARAMETRIC_REPRESENTATION_CONTEXT() REPRESENTATION_CONTEXT('2D SPACE',''
  ) );
#6413 = PCURVE('',#6414,#6433);
#6414 = B_SPLINE_SURFACE_WITH_KNOTS('',8,1,(
    (#6415,#6416)
    ,(#6417,#6418)
    ,(#6419,#6420)
    ,(#6421,#6422)
    ,(#6423,#6424)
    ,(#6425,#6426)
    ,(#6427,#6428)
    ,(#6429,#6430)
    ,(#6431,#6432
    )),.UNSPECIFIED.,.F.,.F.,.F.,(9,9),(2,2),(0.,1.570796326795),(0.,1.)
  ,.PIECEWISE_BEZIER_KNOTS.);
#6415 = CARTESIAN_POINT('',(610.,37.971634152561,73.044130499413));
#6416 = CARTESIAN_POINT('',(700.,34.648232282563,79.195959497315));
#6417 = CARTESIAN_POINT('',(610.,37.874446088288,73.141318563686));
#6418 = CARTESIAN_POINT('',(699.99999999999,34.439972144836,
    79.40421963504));
#6419 = CARTESIAN_POINT('',(609.99999999999,37.755449015562,
    73.216696813539));
#6420 = CARTESIAN_POINT('',(700.00000000002,34.184978417569,
    79.565746314337));
#6421 = CARTESIAN_POINT('',(610.,37.620352966224,73.264561021866));
#6422 = CARTESIAN_POINT('',(699.99999999995,33.895486883266,
    79.668304670685));
#6423 = CARTESIAN_POINT('',(610.,37.47665940573,73.280980698725));
#6424 = CARTESIAN_POINT('',(700.00000000004,33.587572110786,
    79.703503963332));
#6425 = CARTESIAN_POINT('',(609.99999999999,37.332965845236,
    73.264561021864));
#6426 = CARTESIAN_POINT('',(699.99999999996,33.279657338295,
    79.668304670687));
#6427 = CARTESIAN_POINT('',(610.,37.197869795898,73.216696813541));
#6428 = CARTESIAN_POINT('',(700.00000000001,32.990165803999,
    79.565746314336));
#6429 = CARTESIAN_POINT('',(609.99999999999,37.078872723171,
    73.141318563685));
#6430 = CARTESIAN_POINT('',(699.99999999999,32.735172076729,
    79.404219635041));
#6431 = CARTESIAN_POINT('',(610.,36.981684658899,73.044130499413));
#6432 = CARTESIAN_POINT('',(700.,32.526911939003,79.195959497315));
#6433 = DEFINITIONAL_REPRESENTATION('',(#6434),#6438);
#6434 = LINE('',#6435,#6436);
#6435 = CARTESIAN_POINT('',(0.,0.));
#6436 = VECTOR('',#6437,1.);
#6437 = DIRECTION('',(0.,1.));
#6438 = ( GEOMETRIC_REPRESENTATION_CONTEXT(2) 
PARAMETRIC_REPRESENTATION_CONTEXT() REPRESENTATION_CONTEXT('2D SPACE',''
  ) );
#6439 = ORIENTED_EDGE('',*,*,#6440,.T.);
#6440 = EDGE_CURVE('',#6400,#6441,#6443,.T.);
#6441 = VERTEX_POINT('',#6442);
#6442 = CARTESIAN_POINT('',(700.,38.183766184074,75.660425586961));
#6443 = SURFACE_CURVE('',#6444,(#6448,#6455),.PCURVE_S1.);
#6444 = LINE('',#6445,#6446);
#6445 = CARTESIAN_POINT('',(700.,36.415999226685,77.428192535505));
#6446 = VECTOR('',#6447,1.);
#6447 = DIRECTION('',(0.,0.707106781187,-0.707106781187));
#6448 = PCURVE('',#6376,#6449);
#6449 = DEFINITIONAL_REPRESENTATION('',(#6450),#6454);
#6450 = LINE('',#6451,#6452);
#6451 = CARTESIAN_POINT('',(0.,1.));
#6452 = VECTOR('',#6453,1.);
#6453 = DIRECTION('',(-1.,0.));
#6454 = ( GEOMETRIC_REPRESENTATION_CONTEXT(2) 
PARAMETRIC_REPRESENTATION_CONTEXT() REPRESENTATION_CONTEXT('2D SPACE',''
  ) );
#6455 = PCURVE('',#6456,#6461);
#6456 = B_SPLINE_SURFACE_WITH_KNOTS('',1,1,(
    (#6457,#6458)
    ,(#6459,#6460
    )),.UNSPECIFIED.,.F.,.F.,.F.,(2,2),(2,2),(-2.5,2.5),(0.,1.),
  .PIECEWISE_BEZIER_KNOTS.);
#6457 = CARTESIAN_POINT('',(700.,38.183766179652,75.660425582539));
#6458 = CARTESIAN_POINT('',(810.,37.688791434756,74.034079987745));
#6459 = CARTESIAN_POINT('',(700.,34.648232273719,79.195959488472));
#6460 = CARTESIAN_POINT('',(810.,34.436100241298,77.286771181203));
#6461 = DEFINITIONAL_REPRESENTATION('',(#6462),#6466);
#6462 = LINE('',#6463,#6464);
#6463 = CARTESIAN_POINT('',(0.,0.));
#6464 = VECTOR('',#6465,1.);
#6465 = DIRECTION('',(-1.,0.));
#6466 = ( GEOMETRIC_REPRESENTATION_CONTEXT(2) 
PARAMETRIC_REPRESENTATION_CONTEXT() REPRESENTATION_CONTEXT('2D SPACE',''
  ) );
#6467 = ORIENTED_EDGE('',*,*,#6468,.F.);
#6468 = EDGE_CURVE('',#6368,#6441,#6469,.T.);
#6469 = SURFACE_CURVE('',#6470,(#6473,#6480),.PCURVE_S1.);
#6470 = B_SPLINE_CURVE_WITH_KNOTS('',1,(#6471,#6472),.UNSPECIFIED.,.F.,
  .F.,(2,2),(0.,1.),.PIECEWISE_BEZIER_KNOTS.);
#6471 = CARTESIAN_POINT('',(610.,39.103004996773,71.912759643829));
#6472 = CARTESIAN_POINT('',(700.,38.183766179652,75.660425582539));
#6473 = PCURVE('',#6376,#6474);
#6474 = DEFINITIONAL_REPRESENTATION('',(#6475),#6479);
#6475 = LINE('',#6476,#6477);
#6476 = CARTESIAN_POINT('',(-2.5,0.));
#6477 = VECTOR('',#6478,1.);
#6478 = DIRECTION('',(0.,1.));
#6479 = ( GEOMETRIC_REPRESENTATION_CONTEXT(2) 
PARAMETRIC_REPRESENTATION_CONTEXT() REPRESENTATION_CONTEXT('2D SPACE',''
  ) );
#6480 = PCURVE('',#6481,#6500);
#6481 = B_SPLINE_SURFACE_WITH_KNOTS('',8,1,(
    (#6482,#6483)
    ,(#6484,#6485)
    ,(#6486,#6487)
    ,(#6488,#6489)
    ,(#6490,#6491)
    ,(#6492,#6493)
    ,(#6494,#6495)
    ,(#6496,#6497)
    ,(#6498,#6499
    )),.UNSPECIFIED.,.F.,.F.,.F.,(9,9),(2,2),(4.712388980385,
    6.28318530718),(0.,1.),.PIECEWISE_BEZIER_KNOTS.);
#6482 = CARTESIAN_POINT('',(610.,39.103005002459,70.922810155854));
#6483 = CARTESIAN_POINT('',(700.,38.183766188495,73.539105247823));
#6484 = CARTESIAN_POINT('',(610.,39.200193066732,71.019998220127));
#6485 = CARTESIAN_POINT('',(699.99999999999,38.392026326222,
    73.747365385549));
#6486 = CARTESIAN_POINT('',(609.99999999999,39.275571316585,
    71.13899529285));
#6487 = CARTESIAN_POINT('',(700.00000000001,38.553553005514,
    74.002359112819));
#6488 = CARTESIAN_POINT('',(610.,39.323435524911,71.274091342192));
#6489 = CARTESIAN_POINT('',(699.99999999998,38.656111361871,
    74.291850647116));
#6490 = CARTESIAN_POINT('',(610.,39.339855201771,71.417784902684));
#6491 = CARTESIAN_POINT('',(700.00000000001,38.691310654506,
    74.599765419603));
#6492 = CARTESIAN_POINT('',(609.99999999999,39.32343552491,
    71.561478463177));
#6493 = CARTESIAN_POINT('',(699.99999999998,38.656111361872,
    74.907680192089));
#6494 = CARTESIAN_POINT('',(610.,39.275571316586,71.696574512518));
#6495 = CARTESIAN_POINT('',(700.,38.553553005514,75.197171726387));
#6496 = CARTESIAN_POINT('',(609.99999999999,39.200193066731,
    71.815571585242));
#6497 = CARTESIAN_POINT('',(699.99999999999,38.392026326222,
    75.452165453656));
#6498 = CARTESIAN_POINT('',(610.,39.103005002459,71.912759649515));
#6499 = CARTESIAN_POINT('',(700.,38.183766188495,75.660425591382));
#6500 = DEFINITIONAL_REPRESENTATION('',(#6501),#6505);
#6501 = LINE('',#6502,#6503);
#6502 = CARTESIAN_POINT('',(6.28318530718,0.));
#6503 = VECTOR('',#6504,1.);
#6504 = DIRECTION('',(0.,1.));
#6505 = ( GEOMETRIC_REPRESENTATION_CONTEXT(2) 
PARAMETRIC_REPRESENTATION_CONTEXT() REPRESENTATION_CONTEXT('2D SPACE',''
  ) );
#6506 = ADVANCED_FACE('',(#6507),#6414,.T.);
#6507 = FACE_BOUND('',#6508,.T.);
#6508 = EDGE_LOOP('',(#6509,#6533,#6560,#6601));
#6509 = ORIENTED_EDGE('',*,*,#6510,.F.);
#6510 = EDGE_CURVE('',#6511,#6366,#6513,.T.);
#6511 = VERTEX_POINT('',#6512);
#6512 = CARTESIAN_POINT('',(610.,36.981684658899,73.044130499413));
#6513 = SURFACE_CURVE('',#6514,(#6519,#6526),.PCURVE_S1.);
#6514 = CIRCLE('',#6515,0.7);
#6515 = AXIS2_PLACEMENT_3D('',#6516,#6517,#6518);
#6516 = CARTESIAN_POINT('',(610.,37.47665940573,72.549155752583));
#6517 = DIRECTION('',(-1.,-7.850462293419E-17,-7.850462293419E-17));
#6518 = DIRECTION('',(-1.110223024625E-16,0.707106781187,0.707106781187)
  );
#6519 = PCURVE('',#6414,#6520);
#6520 = DEFINITIONAL_REPRESENTATION('',(#6521),#6525);
#6521 = LINE('',#6522,#6523);
#6522 = CARTESIAN_POINT('',(6.28318530718,0.));
#6523 = VECTOR('',#6524,1.);
#6524 = DIRECTION('',(-1.,0.));
#6525 = ( GEOMETRIC_REPRESENTATION_CONTEXT(2) 
PARAMETRIC_REPRESENTATION_CONTEXT() REPRESENTATION_CONTEXT('2D SPACE',''
  ) );
#6526 = PCURVE('',#6387,#6527);
#6527 = DEFINITIONAL_REPRESENTATION('',(#6528),#6532);
#6528 = CIRCLE('',#6529,0.7);
#6529 = AXIS2_PLACEMENT_2D('',#6530,#6531);
#6530 = CARTESIAN_POINT('',(0.,0.));
#6531 = DIRECTION('',(1.,0.));
#6532 = ( GEOMETRIC_REPRESENTATION_CONTEXT(2) 
PARAMETRIC_REPRESENTATION_CONTEXT() REPRESENTATION_CONTEXT('2D SPACE',''
  ) );
#6533 = ORIENTED_EDGE('',*,*,#6534,.T.);
#6534 = EDGE_CURVE('',#6511,#6535,#6537,.T.);
#6535 = VERTEX_POINT('',#6536);
#6536 = CARTESIAN_POINT('',(700.,32.526911939003,79.195959497315));
#6537 = SURFACE_CURVE('',#6538,(#6541,#6548),.PCURVE_S1.);
#6538 = B_SPLINE_CURVE_WITH_KNOTS('',1,(#6539,#6540),.UNSPECIFIED.,.F.,
  .F.,(2,2),(0.,1.),.PIECEWISE_BEZIER_KNOTS.);
#6539 = CARTESIAN_POINT('',(610.,36.981684658899,73.044130499413));
#6540 = CARTESIAN_POINT('',(700.,32.526911939003,79.195959497315));
#6541 = PCURVE('',#6414,#6542);
#6542 = DEFINITIONAL_REPRESENTATION('',(#6543),#6547);
#6543 = LINE('',#6544,#6545);
#6544 = CARTESIAN_POINT('',(1.570796326795,0.));
#6545 = VECTOR('',#6546,1.);
#6546 = DIRECTION('',(0.,1.));
#6547 = ( GEOMETRIC_REPRESENTATION_CONTEXT(2) 
PARAMETRIC_REPRESENTATION_CONTEXT() REPRESENTATION_CONTEXT('2D SPACE',''
  ) );
#6548 = PCURVE('',#6549,#6554);
#6549 = B_SPLINE_SURFACE_WITH_KNOTS('',1,1,(
    (#6550,#6551)
    ,(#6552,#6553
    )),.UNSPECIFIED.,.F.,.F.,.F.,(2,2),(2,2),(-0.500000012507,
    0.49999997021),(0.,1.),.PIECEWISE_BEZIER_KNOTS.);
#6550 = CARTESIAN_POINT('',(610.,36.981684658899,73.044130499413));
#6551 = CARTESIAN_POINT('',(700.,32.526911939003,79.195959497315));
#6552 = CARTESIAN_POINT('',(610.,36.557420586048,72.619866426562));
#6553 = CARTESIAN_POINT('',(700.,31.819805170037,78.488852728349));
#6554 = DEFINITIONAL_REPRESENTATION('',(#6555),#6559);
#6555 = LINE('',#6556,#6557);
#6556 = CARTESIAN_POINT('',(-0.500000012507,0.));
#6557 = VECTOR('',#6558,1.);
#6558 = DIRECTION('',(0.,1.));
#6559 = ( GEOMETRIC_REPRESENTATION_CONTEXT(2) 
PARAMETRIC_REPRESENTATION_CONTEXT() REPRESENTATION_CONTEXT('2D SPACE',''
  ) );
#6560 = ORIENTED_EDGE('',*,*,#6561,.F.);
#6561 = EDGE_CURVE('',#6400,#6535,#6562,.T.);
#6562 = SURFACE_CURVE('',#6563,(#6568,#6575),.PCURVE_S1.);
#6563 = CIRCLE('',#6564,1.5);
#6564 = AXIS2_PLACEMENT_3D('',#6565,#6566,#6567);
#6565 = CARTESIAN_POINT('',(700.,33.587572110783,78.135299325535));
#6566 = DIRECTION('',(1.,7.850462293419E-17,7.850462293419E-17));
#6567 = DIRECTION('',(1.110223024625E-16,-0.707106781187,-0.707106781187
    ));
#6568 = PCURVE('',#6414,#6569);
#6569 = DEFINITIONAL_REPRESENTATION('',(#6570),#6574);
#6570 = LINE('',#6571,#6572);
#6571 = CARTESIAN_POINT('',(-3.14159265359,1.));
#6572 = VECTOR('',#6573,1.);
#6573 = DIRECTION('',(1.,0.));
#6574 = ( GEOMETRIC_REPRESENTATION_CONTEXT(2) 
PARAMETRIC_REPRESENTATION_CONTEXT() REPRESENTATION_CONTEXT('2D SPACE',''
  ) );
#6575 = PCURVE('',#6576,#6595);
#6576 = B_SPLINE_SURFACE_WITH_KNOTS('',8,1,(
    (#6577,#6578)
    ,(#6579,#6580)
    ,(#6581,#6582)
    ,(#6583,#6584)
    ,(#6585,#6586)
    ,(#6587,#6588)
    ,(#6589,#6590)
    ,(#6591,#6592)
    ,(#6593,#6594
    )),.UNSPECIFIED.,.F.,.F.,.F.,(9,9),(2,2),(3.14159265359,
    4.712388980385),(0.,1.),.PIECEWISE_BEZIER_KNOTS.);
#6577 = CARTESIAN_POINT('',(700.,34.648232282563,79.195959497315));
#6578 = CARTESIAN_POINT('',(810.,34.436100246272,77.286771186177));
#6579 = CARTESIAN_POINT('',(699.99999999999,34.439972144836,
    79.40421963504));
#6580 = CARTESIAN_POINT('',(809.99999999999,34.269492136091,
    77.453379296357));
#6581 = CARTESIAN_POINT('',(700.00000000002,34.184978417569,
    79.565746314337));
#6582 = CARTESIAN_POINT('',(810.00000000001,34.065497154276,
    77.582599153252));
#6583 = CARTESIAN_POINT('',(699.99999999995,33.895486883266,
    79.668304670685));
#6584 = CARTESIAN_POINT('',(809.99999999998,33.833903926836,
    77.664652081807));
#6585 = CARTESIAN_POINT('',(700.00000000004,33.587572110786,
    79.703503963332));
#6586 = CARTESIAN_POINT('',(809.99999999999,33.587572108848,
    77.692800099283));
#6587 = CARTESIAN_POINT('',(699.99999999996,33.279657338295,
    79.668304670687));
#6588 = CARTESIAN_POINT('',(810.00000000001,33.34124029086,
    77.664652081809));
#6589 = CARTESIAN_POINT('',(700.00000000001,32.990165803999,
    79.565746314336));
#6590 = CARTESIAN_POINT('',(809.99999999998,33.10964706342,
    77.58259915325));
#6591 = CARTESIAN_POINT('',(699.99999999999,32.735172076729,
    79.404219635041));
#6592 = CARTESIAN_POINT('',(810.,32.905652081605,77.453379296358));
#6593 = CARTESIAN_POINT('',(700.,32.526911939003,79.195959497315));
#6594 = CARTESIAN_POINT('',(810.,32.739043971424,77.286771186177));
#6595 = DEFINITIONAL_REPRESENTATION('',(#6596),#6600);
#6596 = LINE('',#6597,#6598);
#6597 = CARTESIAN_POINT('',(0.,0.));
#6598 = VECTOR('',#6599,1.);
#6599 = DIRECTION('',(1.,0.));
#6600 = ( GEOMETRIC_REPRESENTATION_CONTEXT(2) 
PARAMETRIC_REPRESENTATION_CONTEXT() REPRESENTATION_CONTEXT('2D SPACE',''
  ) );
#6601 = ORIENTED_EDGE('',*,*,#6399,.F.);
#6602 = ADVANCED_FACE('',(#6603),#6549,.T.);
#6603 = FACE_BOUND('',#6604,.T.);
#6604 = EDGE_LOOP('',(#6605,#6627,#6668,#6694));
#6605 = ORIENTED_EDGE('',*,*,#6606,.T.);
#6606 = EDGE_CURVE('',#6511,#6607,#6609,.T.);
#6607 = VERTEX_POINT('',#6608);
#6608 = CARTESIAN_POINT('',(610.,36.557420586048,72.619866426562));
#6609 = SURFACE_CURVE('',#6610,(#6614,#6620),.PCURVE_S1.);
#6610 = LINE('',#6611,#6612);
#6611 = CARTESIAN_POINT('',(610.,36.769552618857,72.831998459371));
#6612 = VECTOR('',#6613,1.);
#6613 = DIRECTION('',(1.110223024625E-16,-0.707106781187,-0.707106781187
    ));
#6614 = PCURVE('',#6549,#6615);
#6615 = DEFINITIONAL_REPRESENTATION('',(#6616),#6619);
#6616 = B_SPLINE_CURVE_WITH_KNOTS('',1,(#6617,#6618),.UNSPECIFIED.,.F.,
  .F.,(2,2),(-0.300000008041,0.299999997813),.PIECEWISE_BEZIER_KNOTS.);
#6617 = CARTESIAN_POINT('',(-0.500000012507,0.));
#6618 = CARTESIAN_POINT('',(0.49999997021,0.));
#6619 = ( GEOMETRIC_REPRESENTATION_CONTEXT(2) 
PARAMETRIC_REPRESENTATION_CONTEXT() REPRESENTATION_CONTEXT('2D SPACE',''
  ) );
#6620 = PCURVE('',#6387,#6621);
#6621 = DEFINITIONAL_REPRESENTATION('',(#6622),#6626);
#6622 = LINE('',#6623,#6624);
#6623 = CARTESIAN_POINT('',(-0.300000008041,-0.7));
#6624 = VECTOR('',#6625,1.);
#6625 = DIRECTION('',(-1.,0.));
#6626 = ( GEOMETRIC_REPRESENTATION_CONTEXT(2) 
PARAMETRIC_REPRESENTATION_CONTEXT() REPRESENTATION_CONTEXT('2D SPACE',''
  ) );
#6627 = ORIENTED_EDGE('',*,*,#6628,.T.);
#6628 = EDGE_CURVE('',#6607,#6629,#6631,.T.);
#6629 = VERTEX_POINT('',#6630);
#6630 = CARTESIAN_POINT('',(700.,31.819805170037,78.488852728349));
#6631 = SURFACE_CURVE('',#6632,(#6635,#6642),.PCURVE_S1.);
#6632 = B_SPLINE_CURVE_WITH_KNOTS('',1,(#6633,#6634),.UNSPECIFIED.,.F.,
  .F.,(2,2),(0.,1.),.PIECEWISE_BEZIER_KNOTS.);
#6633 = CARTESIAN_POINT('',(610.,36.557420586048,72.619866426562));
#6634 = CARTESIAN_POINT('',(700.,31.819805170037,78.488852728349));
#6635 = PCURVE('',#6549,#6636);
#6636 = DEFINITIONAL_REPRESENTATION('',(#6637),#6641);
#6637 = LINE('',#6638,#6639);
#6638 = CARTESIAN_POINT('',(0.49999997021,0.));
#6639 = VECTOR('',#6640,1.);
#6640 = DIRECTION('',(0.,1.));
#6641 = ( GEOMETRIC_REPRESENTATION_CONTEXT(2) 
PARAMETRIC_REPRESENTATION_CONTEXT() REPRESENTATION_CONTEXT('2D SPACE',''
  ) );
#6642 = PCURVE('',#6643,#6662);
#6643 = B_SPLINE_SURFACE_WITH_KNOTS('',8,1,(
    (#6644,#6645)
    ,(#6646,#6647)
    ,(#6648,#6649)
    ,(#6650,#6651)
    ,(#6652,#6653)
    ,(#6654,#6655)
    ,(#6656,#6657)
    ,(#6658,#6659)
    ,(#6660,#6661
    )),.UNSPECIFIED.,.F.,.F.,.F.,(9,9),(2,2),(1.570796326795,
    3.14159265359),(0.,1.),.PIECEWISE_BEZIER_KNOTS.);
#6644 = CARTESIAN_POINT('',(610.,36.557420586048,72.619866426562));
#6645 = CARTESIAN_POINT('',(699.99999999999,31.819805170037,
    78.488852728349));
#6646 = CARTESIAN_POINT('',(610.,36.460232521776,72.52267836229));
#6647 = CARTESIAN_POINT('',(699.99999999999,31.611545032311,
    78.280592590622));
#6648 = CARTESIAN_POINT('',(609.99999999999,36.384854271921,
    72.403681289563));
#6649 = CARTESIAN_POINT('',(700.00000000002,31.45001835302,
    78.025598863357));
#6650 = CARTESIAN_POINT('',(610.00000000001,36.336990063597,
    72.268585240226));
#6651 = CARTESIAN_POINT('',(699.99999999996,31.347459996659,
    77.73610732905));
#6652 = CARTESIAN_POINT('',(610.,36.320570386736,72.124891679731));
#6653 = CARTESIAN_POINT('',(700.00000000003,31.312260704029,
    77.428192556576));
#6654 = CARTESIAN_POINT('',(609.99999999999,36.336990063596,
    71.981198119237));
#6655 = CARTESIAN_POINT('',(699.99999999997,31.347459996659,
    77.120277784079));
#6656 = CARTESIAN_POINT('',(610.,36.384854271922,71.846102069899));
#6657 = CARTESIAN_POINT('',(700.,31.45001835302,76.830786249788));
#6658 = CARTESIAN_POINT('',(609.99999999999,36.460232521776,
    71.727104997173));
#6659 = CARTESIAN_POINT('',(699.99999999999,31.611545032311,
    76.575792522515));
#6660 = CARTESIAN_POINT('',(610.,36.557420586048,71.629916932901));
#6661 = CARTESIAN_POINT('',(700.,31.819805170037,76.36753238479));
#6662 = DEFINITIONAL_REPRESENTATION('',(#6663),#6667);
#6663 = LINE('',#6664,#6665);
#6664 = CARTESIAN_POINT('',(1.570796326795,0.));
#6665 = VECTOR('',#6666,1.);
#6666 = DIRECTION('',(0.,1.));
#6667 = ( GEOMETRIC_REPRESENTATION_CONTEXT(2) 
PARAMETRIC_REPRESENTATION_CONTEXT() REPRESENTATION_CONTEXT('2D SPACE',''
  ) );
#6668 = ORIENTED_EDGE('',*,*,#6669,.F.);
#6669 = EDGE_CURVE('',#6535,#6629,#6670,.T.);
#6670 = SURFACE_CURVE('',#6671,(#6675,#6682),.PCURVE_S1.);
#6671 = LINE('',#6672,#6673);
#6672 = CARTESIAN_POINT('',(700.,32.173358539566,78.842406097878));
#6673 = VECTOR('',#6674,1.);
#6674 = DIRECTION('',(1.110223024625E-16,-0.707106781187,-0.707106781187
    ));
#6675 = PCURVE('',#6549,#6676);
#6676 = DEFINITIONAL_REPRESENTATION('',(#6677),#6681);
#6677 = LINE('',#6678,#6679);
#6678 = CARTESIAN_POINT('',(0.,1.));
#6679 = VECTOR('',#6680,1.);
#6680 = DIRECTION('',(1.,0.));
#6681 = ( GEOMETRIC_REPRESENTATION_CONTEXT(2) 
PARAMETRIC_REPRESENTATION_CONTEXT() REPRESENTATION_CONTEXT('2D SPACE',''
  ) );
#6682 = PCURVE('',#6683,#6688);
#6683 = B_SPLINE_SURFACE_WITH_KNOTS('',1,1,(
    (#6684,#6685)
    ,(#6686,#6687
    )),.UNSPECIFIED.,.F.,.F.,.F.,(2,2),(2,2),(-0.500000012507,
    0.49999997021),(0.,1.),.PIECEWISE_BEZIER_KNOTS.);
#6684 = CARTESIAN_POINT('',(700.,32.526911939003,79.195959497315));
#6685 = CARTESIAN_POINT('',(810.,32.739043971424,77.286771186177));
#6686 = CARTESIAN_POINT('',(700.,31.819805170037,78.488852728349));
#6687 = CARTESIAN_POINT('',(810.,32.314779910234,76.862507124987));
#6688 = DEFINITIONAL_REPRESENTATION('',(#6689),#6693);
#6689 = LINE('',#6690,#6691);
#6690 = CARTESIAN_POINT('',(0.,0.));
#6691 = VECTOR('',#6692,1.);
#6692 = DIRECTION('',(1.,0.));
#6693 = ( GEOMETRIC_REPRESENTATION_CONTEXT(2) 
PARAMETRIC_REPRESENTATION_CONTEXT() REPRESENTATION_CONTEXT('2D SPACE',''
  ) );
#6694 = ORIENTED_EDGE('',*,*,#6534,.F.);
#6695 = ADVANCED_FACE('',(#6696),#6643,.T.);
#6696 = FACE_BOUND('',#6697,.T.);
#6697 = EDGE_LOOP('',(#6698,#6722,#6749,#6790));
#6698 = ORIENTED_EDGE('',*,*,#6699,.F.);
#6699 = EDGE_CURVE('',#6700,#6607,#6702,.T.);
#6700 = VERTEX_POINT('',#6701);
#6701 = CARTESIAN_POINT('',(610.,36.557420585275,71.629916932128));
#6702 = SURFACE_CURVE('',#6703,(#6708,#6715),.PCURVE_S1.);
#6703 = CIRCLE('',#6704,0.7);
#6704 = AXIS2_PLACEMENT_3D('',#6705,#6706,#6707);
#6705 = CARTESIAN_POINT('',(610.,37.052395332879,72.124891679731));
#6706 = DIRECTION('',(-1.,-7.850462293419E-17,-7.850462293419E-17));
#6707 = DIRECTION('',(-1.110223024625E-16,0.707106781187,0.707106781187)
  );
#6708 = PCURVE('',#6643,#6709);
#6709 = DEFINITIONAL_REPRESENTATION('',(#6710),#6714);
#6710 = LINE('',#6711,#6712);
#6711 = CARTESIAN_POINT('',(6.28318530718,0.));
#6712 = VECTOR('',#6713,1.);
#6713 = DIRECTION('',(-1.,0.));
#6714 = ( GEOMETRIC_REPRESENTATION_CONTEXT(2) 
PARAMETRIC_REPRESENTATION_CONTEXT() REPRESENTATION_CONTEXT('2D SPACE',''
  ) );
#6715 = PCURVE('',#6387,#6716);
#6716 = DEFINITIONAL_REPRESENTATION('',(#6717),#6721);
#6717 = CIRCLE('',#6718,0.7);
#6718 = AXIS2_PLACEMENT_2D('',#6719,#6720);
#6719 = CARTESIAN_POINT('',(-0.600000005854,0.));
#6720 = DIRECTION('',(1.,0.));
#6721 = ( GEOMETRIC_REPRESENTATION_CONTEXT(2) 
PARAMETRIC_REPRESENTATION_CONTEXT() REPRESENTATION_CONTEXT('2D SPACE',''
  ) );
#6722 = ORIENTED_EDGE('',*,*,#6723,.T.);
#6723 = EDGE_CURVE('',#6700,#6724,#6726,.T.);
#6724 = VERTEX_POINT('',#6725);
#6725 = CARTESIAN_POINT('',(700.,31.819805159505,76.367532374258));
#6726 = SURFACE_CURVE('',#6727,(#6730,#6737),.PCURVE_S1.);
#6727 = B_SPLINE_CURVE_WITH_KNOTS('',1,(#6728,#6729),.UNSPECIFIED.,.F.,
  .F.,(2,2),(0.,1.),.PIECEWISE_BEZIER_KNOTS.);
#6728 = CARTESIAN_POINT('',(610.,36.557420586048,71.629916932901));
#6729 = CARTESIAN_POINT('',(700.,31.819805170037,76.36753238479));
#6730 = PCURVE('',#6643,#6731);
#6731 = DEFINITIONAL_REPRESENTATION('',(#6732),#6736);
#6732 = LINE('',#6733,#6734);
#6733 = CARTESIAN_POINT('',(3.14159265359,0.));
#6734 = VECTOR('',#6735,1.);
#6735 = DIRECTION('',(0.,1.));
#6736 = ( GEOMETRIC_REPRESENTATION_CONTEXT(2) 
PARAMETRIC_REPRESENTATION_CONTEXT() REPRESENTATION_CONTEXT('2D SPACE',''
  ) );
#6737 = PCURVE('',#6738,#6743);
#6738 = B_SPLINE_SURFACE_WITH_KNOTS('',1,1,(
    (#6739,#6740)
    ,(#6741,#6742
    )),.UNSPECIFIED.,.F.,.F.,.F.,(2,2),(2,2),(-2.5,2.5),(0.,1.),
  .PIECEWISE_BEZIER_KNOTS.);
#6739 = CARTESIAN_POINT('',(610.,36.557420584502,71.629916931354));
#6740 = CARTESIAN_POINT('',(700.,31.819805148973,76.367532363725));
#6741 = CARTESIAN_POINT('',(610.,37.6887914344,70.498546081456));
#6742 = CARTESIAN_POINT('',(700.,35.355339054906,72.831998457793));
#6743 = DEFINITIONAL_REPRESENTATION('',(#6744),#6748);
#6744 = LINE('',#6745,#6746);
#6745 = CARTESIAN_POINT('',(-2.5,0.));
#6746 = VECTOR('',#6747,1.);
#6747 = DIRECTION('',(0.,1.));
#6748 = ( GEOMETRIC_REPRESENTATION_CONTEXT(2) 
PARAMETRIC_REPRESENTATION_CONTEXT() REPRESENTATION_CONTEXT('2D SPACE',''
  ) );
#6749 = ORIENTED_EDGE('',*,*,#6750,.F.);
#6750 = EDGE_CURVE('',#6629,#6724,#6751,.T.);
#6751 = SURFACE_CURVE('',#6752,(#6757,#6764),.PCURVE_S1.);
#6752 = CIRCLE('',#6753,1.5);
#6753 = AXIS2_PLACEMENT_3D('',#6754,#6755,#6756);
#6754 = CARTESIAN_POINT('',(700.,32.880465341817,77.42819255657));
#6755 = DIRECTION('',(1.,7.850462293419E-17,7.850462293419E-17));
#6756 = DIRECTION('',(1.110223024625E-16,-0.707106781187,-0.707106781187
    ));
#6757 = PCURVE('',#6643,#6758);
#6758 = DEFINITIONAL_REPRESENTATION('',(#6759),#6763);
#6759 = LINE('',#6760,#6761);
#6760 = CARTESIAN_POINT('',(-3.14159265359,1.));
#6761 = VECTOR('',#6762,1.);
#6762 = DIRECTION('',(1.,0.));
#6763 = ( GEOMETRIC_REPRESENTATION_CONTEXT(2) 
PARAMETRIC_REPRESENTATION_CONTEXT() REPRESENTATION_CONTEXT('2D SPACE',''
  ) );
#6764 = PCURVE('',#6765,#6784);
#6765 = B_SPLINE_SURFACE_WITH_KNOTS('',8,1,(
    (#6766,#6767)
    ,(#6768,#6769)
    ,(#6770,#6771)
    ,(#6772,#6773)
    ,(#6774,#6775)
    ,(#6776,#6777)
    ,(#6778,#6779)
    ,(#6780,#6781)
    ,(#6782,#6783
    )),.UNSPECIFIED.,.F.,.F.,.F.,(9,9),(2,2),(4.712388980385,
    6.28318530718),(0.,1.),.PIECEWISE_BEZIER_KNOTS.);
#6766 = CARTESIAN_POINT('',(699.99999999999,31.819805170037,
    78.488852728349));
#6767 = CARTESIAN_POINT('',(809.99999999999,32.314779910234,
    76.862507124987));
#6768 = CARTESIAN_POINT('',(699.99999999999,31.611545032311,
    78.280592590622));
#6769 = CARTESIAN_POINT('',(810.,32.148171800054,76.695899014806));
#6770 = CARTESIAN_POINT('',(700.00000000002,31.45001835302,
    78.025598863357));
#6771 = CARTESIAN_POINT('',(809.99999999998,32.01895194316,
    76.49190403299));
#6772 = CARTESIAN_POINT('',(699.99999999996,31.347459996659,
    77.73610732905));
#6773 = CARTESIAN_POINT('',(810.,31.936899014603,76.260310805552));
#6774 = CARTESIAN_POINT('',(700.00000000003,31.312260704029,
    77.428192556576));
#6775 = CARTESIAN_POINT('',(810.,31.908750997128,76.013978987563));
#6776 = CARTESIAN_POINT('',(699.99999999997,31.347459996659,
    77.120277784079));
#6777 = CARTESIAN_POINT('',(809.99999999999,31.936899014603,
    75.767647169574));
#6778 = CARTESIAN_POINT('',(700.,31.45001835302,76.830786249788));
#6779 = CARTESIAN_POINT('',(810.,32.01895194316,75.536053942136));
#6780 = CARTESIAN_POINT('',(699.99999999999,31.611545032311,
    76.575792522515));
#6781 = CARTESIAN_POINT('',(809.99999999999,32.148171800053,
    75.33205896032));
#6782 = CARTESIAN_POINT('',(700.,31.819805170037,76.36753238479));
#6783 = CARTESIAN_POINT('',(810.,32.314779910234,75.165450850139));
#6784 = DEFINITIONAL_REPRESENTATION('',(#6785),#6789);
#6785 = LINE('',#6786,#6787);
#6786 = CARTESIAN_POINT('',(0.,0.));
#6787 = VECTOR('',#6788,1.);
#6788 = DIRECTION('',(1.,0.));
#6789 = ( GEOMETRIC_REPRESENTATION_CONTEXT(2) 
PARAMETRIC_REPRESENTATION_CONTEXT() REPRESENTATION_CONTEXT('2D SPACE',''
  ) );
#6790 = ORIENTED_EDGE('',*,*,#6628,.F.);
#6791 = ADVANCED_FACE('',(#6792),#6738,.T.);
#6792 = FACE_BOUND('',#6793,.T.);
#6793 = EDGE_LOOP('',(#6794,#6816,#6857,#6883));
#6794 = ORIENTED_EDGE('',*,*,#6795,.T.);
#6795 = EDGE_CURVE('',#6700,#6796,#6798,.T.);
#6796 = VERTEX_POINT('',#6797);
#6797 = CARTESIAN_POINT('',(610.,37.688791435173,70.498546082229));
#6798 = SURFACE_CURVE('',#6799,(#6803,#6809),.PCURVE_S1.);
#6799 = LINE('',#6800,#6801);
#6800 = CARTESIAN_POINT('',(610.,37.123106009451,71.064231506405));
#6801 = VECTOR('',#6802,1.);
#6802 = DIRECTION('',(0.,0.707106781187,-0.707106781187));
#6803 = PCURVE('',#6738,#6804);
#6804 = DEFINITIONAL_REPRESENTATION('',(#6805),#6808);
#6805 = B_SPLINE_CURVE_WITH_KNOTS('',1,(#6806,#6807),.UNSPECIFIED.,.F.,
  .F.,(2,2),(-0.8,0.8),.PIECEWISE_BEZIER_KNOTS.);
#6806 = CARTESIAN_POINT('',(-2.5,0.));
#6807 = CARTESIAN_POINT('',(2.5,0.));
#6808 = ( GEOMETRIC_REPRESENTATION_CONTEXT(2) 
PARAMETRIC_REPRESENTATION_CONTEXT() REPRESENTATION_CONTEXT('2D SPACE',''
  ) );
#6809 = PCURVE('',#6387,#6810);
#6810 = DEFINITIONAL_REPRESENTATION('',(#6811),#6815);
#6811 = LINE('',#6812,#6813);
#6812 = CARTESIAN_POINT('',(-1.300000008041,0.8));
#6813 = VECTOR('',#6814,1.);
#6814 = DIRECTION('',(0.,1.));
#6815 = ( GEOMETRIC_REPRESENTATION_CONTEXT(2) 
PARAMETRIC_REPRESENTATION_CONTEXT() REPRESENTATION_CONTEXT('2D SPACE',''
  ) );
#6816 = ORIENTED_EDGE('',*,*,#6817,.T.);
#6817 = EDGE_CURVE('',#6796,#6818,#6820,.T.);
#6818 = VERTEX_POINT('',#6819);
#6819 = CARTESIAN_POINT('',(700.,35.355339065438,72.831998468325));
#6820 = SURFACE_CURVE('',#6821,(#6824,#6831),.PCURVE_S1.);
#6821 = B_SPLINE_CURVE_WITH_KNOTS('',1,(#6822,#6823),.UNSPECIFIED.,.F.,
  .F.,(2,2),(0.,1.),.PIECEWISE_BEZIER_KNOTS.);
#6822 = CARTESIAN_POINT('',(610.,37.6887914344,70.498546081456));
#6823 = CARTESIAN_POINT('',(700.,35.355339054906,72.831998457793));
#6824 = PCURVE('',#6738,#6825);
#6825 = DEFINITIONAL_REPRESENTATION('',(#6826),#6830);
#6826 = LINE('',#6827,#6828);
#6827 = CARTESIAN_POINT('',(2.5,0.));
#6828 = VECTOR('',#6829,1.);
#6829 = DIRECTION('',(0.,1.));
#6830 = ( GEOMETRIC_REPRESENTATION_CONTEXT(2) 
PARAMETRIC_REPRESENTATION_CONTEXT() REPRESENTATION_CONTEXT('2D SPACE',''
  ) );
#6831 = PCURVE('',#6832,#6851);
#6832 = B_SPLINE_SURFACE_WITH_KNOTS('',8,1,(
    (#6833,#6834)
    ,(#6835,#6836)
    ,(#6837,#6838)
    ,(#6839,#6840)
    ,(#6841,#6842)
    ,(#6843,#6844)
    ,(#6845,#6846)
    ,(#6847,#6848)
    ,(#6849,#6850
    )),.UNSPECIFIED.,.F.,.F.,.F.,(9,9),(2,2),(3.14159265359,
    4.712388980385),(0.,1.),.PIECEWISE_BEZIER_KNOTS.);
#6833 = CARTESIAN_POINT('',(610.,37.688791435947,70.498546083002));
#6834 = CARTESIAN_POINT('',(700.,35.35533907597,72.831998478857));
#6835 = CARTESIAN_POINT('',(609.99999999999,37.785979500219,
    70.40135801873));
#6836 = CARTESIAN_POINT('',(700.,35.563599213696,72.623738341131));
#6837 = CARTESIAN_POINT('',(610.,37.904976572945,70.325979768877));
#6838 = CARTESIAN_POINT('',(700.,35.818592940966,72.462211661839));
#6839 = CARTESIAN_POINT('',(609.99999999999,38.040072622283,
    70.27811556055));
#6840 = CARTESIAN_POINT('',(700.,36.108084475264,72.359653305481));
#6841 = CARTESIAN_POINT('',(610.,38.183766182777,70.26169588369));
#6842 = CARTESIAN_POINT('',(699.99999999999,36.41599924775,
    72.324454012846));
#6843 = CARTESIAN_POINT('',(610.,38.327459743271,70.278115560552));
#6844 = CARTESIAN_POINT('',(700.,36.723914020235,72.359653305481));
#6845 = CARTESIAN_POINT('',(609.99999999999,38.462555792609,
    70.325979768875));
#6846 = CARTESIAN_POINT('',(699.99999999999,37.013405554534,
    72.462211661838));
#6847 = CARTESIAN_POINT('',(610.,38.581552865336,70.401358018731));
#6848 = CARTESIAN_POINT('',(700.,37.268399281803,72.623738341131));
#6849 = CARTESIAN_POINT('',(610.,38.678740929608,70.498546083002));
#6850 = CARTESIAN_POINT('',(700.,37.47665941953,72.831998478857));
#6851 = DEFINITIONAL_REPRESENTATION('',(#6852),#6856);
#6852 = LINE('',#6853,#6854);
#6853 = CARTESIAN_POINT('',(3.14159265359,0.));
#6854 = VECTOR('',#6855,1.);
#6855 = DIRECTION('',(0.,1.));
#6856 = ( GEOMETRIC_REPRESENTATION_CONTEXT(2) 
PARAMETRIC_REPRESENTATION_CONTEXT() REPRESENTATION_CONTEXT('2D SPACE',''
  ) );
#6857 = ORIENTED_EDGE('',*,*,#6858,.F.);
#6858 = EDGE_CURVE('',#6724,#6818,#6859,.T.);
#6859 = SURFACE_CURVE('',#6860,(#6864,#6871),.PCURVE_S1.);
#6860 = LINE('',#6861,#6862);
#6861 = CARTESIAN_POINT('',(700.,33.587572101939,74.599765410759));
#6862 = VECTOR('',#6863,1.);
#6863 = DIRECTION('',(0.,0.707106781187,-0.707106781187));
#6864 = PCURVE('',#6738,#6865);
#6865 = DEFINITIONAL_REPRESENTATION('',(#6866),#6870);
#6866 = LINE('',#6867,#6868);
#6867 = CARTESIAN_POINT('',(0.,1.));
#6868 = VECTOR('',#6869,1.);
#6869 = DIRECTION('',(1.,0.));
#6870 = ( GEOMETRIC_REPRESENTATION_CONTEXT(2) 
PARAMETRIC_REPRESENTATION_CONTEXT() REPRESENTATION_CONTEXT('2D SPACE',''
  ) );
#6871 = PCURVE('',#6872,#6877);
#6872 = B_SPLINE_SURFACE_WITH_KNOTS('',1,1,(
    (#6873,#6874)
    ,(#6875,#6876
    )),.UNSPECIFIED.,.F.,.F.,.F.,(2,2),(2,2),(-2.5,2.5),(0.,1.),
  .PIECEWISE_BEZIER_KNOTS.);
#6873 = CARTESIAN_POINT('',(700.,31.819805148973,76.367532363725));
#6874 = CARTESIAN_POINT('',(810.,32.314779897738,75.165450837643));
#6875 = CARTESIAN_POINT('',(700.,35.355339054906,72.831998457793));
#6876 = CARTESIAN_POINT('',(810.,35.567471091196,71.912759644185));
#6877 = DEFINITIONAL_REPRESENTATION('',(#6878),#6882);
#6878 = LINE('',#6879,#6880);
#6879 = CARTESIAN_POINT('',(0.,0.));
#6880 = VECTOR('',#6881,1.);
#6881 = DIRECTION('',(1.,0.));
#6882 = ( GEOMETRIC_REPRESENTATION_CONTEXT(2) 
PARAMETRIC_REPRESENTATION_CONTEXT() REPRESENTATION_CONTEXT('2D SPACE',''
  ) );
#6883 = ORIENTED_EDGE('',*,*,#6723,.F.);
#6884 = ADVANCED_FACE('',(#6885),#6832,.T.);
#6885 = FACE_BOUND('',#6886,.T.);
#6886 = EDGE_LOOP('',(#6887,#6911,#6938,#6979));
#6887 = ORIENTED_EDGE('',*,*,#6888,.F.);
#6888 = EDGE_CURVE('',#6889,#6796,#6891,.T.);
#6889 = VERTEX_POINT('',#6890);
#6890 = CARTESIAN_POINT('',(610.,38.678740929608,70.498546083002));
#6891 = SURFACE_CURVE('',#6892,(#6897,#6904),.PCURVE_S1.);
#6892 = CIRCLE('',#6893,0.7);
#6893 = AXIS2_PLACEMENT_3D('',#6894,#6895,#6896);
#6894 = CARTESIAN_POINT('',(610.,38.183766182777,70.993520829833));
#6895 = DIRECTION('',(-1.,-7.850462293419E-17,-7.850462293419E-17));
#6896 = DIRECTION('',(-1.110223024625E-16,0.707106781187,0.707106781187)
  );
#6897 = PCURVE('',#6832,#6898);
#6898 = DEFINITIONAL_REPRESENTATION('',(#6899),#6903);
#6899 = LINE('',#6900,#6901);
#6900 = CARTESIAN_POINT('',(6.28318530718,0.));
#6901 = VECTOR('',#6902,1.);
#6902 = DIRECTION('',(-1.,0.));
#6903 = ( GEOMETRIC_REPRESENTATION_CONTEXT(2) 
PARAMETRIC_REPRESENTATION_CONTEXT() REPRESENTATION_CONTEXT('2D SPACE',''
  ) );
#6904 = PCURVE('',#6387,#6905);
#6905 = DEFINITIONAL_REPRESENTATION('',(#6906),#6910);
#6906 = CIRCLE('',#6907,0.7);
#6907 = AXIS2_PLACEMENT_2D('',#6908,#6909);
#6908 = CARTESIAN_POINT('',(-0.600000005854,1.6));
#6909 = DIRECTION('',(1.,0.));
#6910 = ( GEOMETRIC_REPRESENTATION_CONTEXT(2) 
PARAMETRIC_REPRESENTATION_CONTEXT() REPRESENTATION_CONTEXT('2D SPACE',''
  ) );
#6911 = ORIENTED_EDGE('',*,*,#6912,.T.);
#6912 = EDGE_CURVE('',#6889,#6913,#6915,.T.);
#6913 = VERTEX_POINT('',#6914);
#6914 = CARTESIAN_POINT('',(700.,37.47665941953,72.831998478857));
#6915 = SURFACE_CURVE('',#6916,(#6919,#6926),.PCURVE_S1.);
#6916 = B_SPLINE_CURVE_WITH_KNOTS('',1,(#6917,#6918),.UNSPECIFIED.,.F.,
  .F.,(2,2),(0.,1.),.PIECEWISE_BEZIER_KNOTS.);
#6917 = CARTESIAN_POINT('',(610.,38.678740929608,70.498546083002));
#6918 = CARTESIAN_POINT('',(700.,37.47665941953,72.831998478857));
#6919 = PCURVE('',#6832,#6920);
#6920 = DEFINITIONAL_REPRESENTATION('',(#6921),#6925);
#6921 = LINE('',#6922,#6923);
#6922 = CARTESIAN_POINT('',(4.712388980385,0.));
#6923 = VECTOR('',#6924,1.);
#6924 = DIRECTION('',(0.,1.));
#6925 = ( GEOMETRIC_REPRESENTATION_CONTEXT(2) 
PARAMETRIC_REPRESENTATION_CONTEXT() REPRESENTATION_CONTEXT('2D SPACE',''
  ) );
#6926 = PCURVE('',#6927,#6932);
#6927 = B_SPLINE_SURFACE_WITH_KNOTS('',1,1,(
    (#6928,#6929)
    ,(#6930,#6931
    )),.UNSPECIFIED.,.F.,.F.,.F.,(2,2),(2,2),(-0.49999997021,
    0.500000012507),(0.,1.),.PIECEWISE_BEZIER_KNOTS.);
#6928 = CARTESIAN_POINT('',(610.,38.678740929608,70.498546083002));
#6929 = CARTESIAN_POINT('',(700.,37.47665941953,72.831998478857));
#6930 = CARTESIAN_POINT('',(610.,39.103005002459,70.922810155854));
#6931 = CARTESIAN_POINT('',(700.,38.183766188495,73.539105247823));
#6932 = DEFINITIONAL_REPRESENTATION('',(#6933),#6937);
#6933 = LINE('',#6934,#6935);
#6934 = CARTESIAN_POINT('',(-0.49999997021,0.));
#6935 = VECTOR('',#6936,1.);
#6936 = DIRECTION('',(0.,1.));
#6937 = ( GEOMETRIC_REPRESENTATION_CONTEXT(2) 
PARAMETRIC_REPRESENTATION_CONTEXT() REPRESENTATION_CONTEXT('2D SPACE',''
  ) );
#6938 = ORIENTED_EDGE('',*,*,#6939,.F.);
#6939 = EDGE_CURVE('',#6818,#6913,#6940,.T.);
#6940 = SURFACE_CURVE('',#6941,(#6946,#6953),.PCURVE_S1.);
#6941 = CIRCLE('',#6942,1.5);
#6942 = AXIS2_PLACEMENT_3D('',#6943,#6944,#6945);
#6943 = CARTESIAN_POINT('',(700.,36.41599924775,73.892658650637));
#6944 = DIRECTION('',(1.,7.850462293419E-17,7.850462293419E-17));
#6945 = DIRECTION('',(1.110223024625E-16,-0.707106781187,-0.707106781187
    ));
#6946 = PCURVE('',#6832,#6947);
#6947 = DEFINITIONAL_REPRESENTATION('',(#6948),#6952);
#6948 = LINE('',#6949,#6950);
#6949 = CARTESIAN_POINT('',(3.14159265359,1.));
#6950 = VECTOR('',#6951,1.);
#6951 = DIRECTION('',(1.,0.));
#6952 = ( GEOMETRIC_REPRESENTATION_CONTEXT(2) 
PARAMETRIC_REPRESENTATION_CONTEXT() REPRESENTATION_CONTEXT('2D SPACE',''
  ) );
#6953 = PCURVE('',#6954,#6973);
#6954 = B_SPLINE_SURFACE_WITH_KNOTS('',8,1,(
    (#6955,#6956)
    ,(#6957,#6958)
    ,(#6959,#6960)
    ,(#6961,#6962)
    ,(#6963,#6964)
    ,(#6965,#6966)
    ,(#6967,#6968)
    ,(#6969,#6970)
    ,(#6971,#6972
    )),.UNSPECIFIED.,.F.,.F.,.F.,(9,9),(2,2),(0.,1.570796326795),(0.,1.)
  ,.PIECEWISE_BEZIER_KNOTS.);
#6955 = CARTESIAN_POINT('',(700.,35.35533907597,72.831998478857));
#6956 = CARTESIAN_POINT('',(810.,35.567471103692,71.912759656681));
#6957 = CARTESIAN_POINT('',(700.,35.563599213696,72.623738341131));
#6958 = CARTESIAN_POINT('',(810.,35.734079213873,71.7461515465));
#6959 = CARTESIAN_POINT('',(700.,35.818592940966,72.462211661839));
#6960 = CARTESIAN_POINT('',(809.99999999999,35.938074195688,
    71.616931689606));
#6961 = CARTESIAN_POINT('',(700.,36.108084475264,72.359653305481));
#6962 = CARTESIAN_POINT('',(810.,36.169667423128,71.53487876105));
#6963 = CARTESIAN_POINT('',(699.99999999999,36.41599924775,
    72.324454012846));
#6964 = CARTESIAN_POINT('',(810.,36.415999241116,71.506730743575));
#6965 = CARTESIAN_POINT('',(700.,36.723914020235,72.359653305481));
#6966 = CARTESIAN_POINT('',(809.99999999999,36.662331059105,
    71.534878761049));
#6967 = CARTESIAN_POINT('',(699.99999999999,37.013405554534,
    72.462211661838));
#6968 = CARTESIAN_POINT('',(810.,36.893924286544,71.616931689607));
#6969 = CARTESIAN_POINT('',(700.,37.268399281803,72.623738341131));
#6970 = CARTESIAN_POINT('',(809.99999999999,37.097919268359,
    71.7461515465));
#6971 = CARTESIAN_POINT('',(700.,37.47665941953,72.831998478857));
#6972 = CARTESIAN_POINT('',(810.,37.26452737854,71.912759656681));
#6973 = DEFINITIONAL_REPRESENTATION('',(#6974),#6978);
#6974 = LINE('',#6975,#6976);
#6975 = CARTESIAN_POINT('',(0.,0.));
#6976 = VECTOR('',#6977,1.);
#6977 = DIRECTION('',(1.,0.));
#6978 = ( GEOMETRIC_REPRESENTATION_CONTEXT(2) 
PARAMETRIC_REPRESENTATION_CONTEXT() REPRESENTATION_CONTEXT('2D SPACE',''
  ) );
#6979 = ORIENTED_EDGE('',*,*,#6817,.F.);
#6980 = ADVANCED_FACE('',(#6981),#6927,.T.);
#6981 = FACE_BOUND('',#6982,.T.);
#6982 = EDGE_LOOP('',(#6983,#7005,#7027,#7053));
#6983 = ORIENTED_EDGE('',*,*,#6984,.F.);
#6984 = EDGE_CURVE('',#6985,#6889,#6987,.T.);
#6985 = VERTEX_POINT('',#6986);
#6986 = CARTESIAN_POINT('',(610.,39.103005002459,70.922810155854));
#6987 = SURFACE_CURVE('',#6988,(#6992,#6998),.PCURVE_S1.);
#6988 = LINE('',#6989,#6990);
#6989 = CARTESIAN_POINT('',(610.,38.890872962417,70.710678115812));
#6990 = VECTOR('',#6991,1.);
#6991 = DIRECTION('',(1.110223024625E-16,-0.707106781187,-0.707106781187
    ));
#6992 = PCURVE('',#6927,#6993);
#6993 = DEFINITIONAL_REPRESENTATION('',(#6994),#6997);
#6994 = B_SPLINE_CURVE_WITH_KNOTS('',1,(#6995,#6996),.UNSPECIFIED.,.F.,
  .F.,(2,2),(-0.300000008041,0.299999997813),.PIECEWISE_BEZIER_KNOTS.);
#6995 = CARTESIAN_POINT('',(0.500000012507,0.));
#6996 = CARTESIAN_POINT('',(-0.49999997021,0.));
#6997 = ( GEOMETRIC_REPRESENTATION_CONTEXT(2) 
PARAMETRIC_REPRESENTATION_CONTEXT() REPRESENTATION_CONTEXT('2D SPACE',''
  ) );
#6998 = PCURVE('',#6387,#6999);
#6999 = DEFINITIONAL_REPRESENTATION('',(#7000),#7004);
#7000 = LINE('',#7001,#7002);
#7001 = CARTESIAN_POINT('',(-0.300000008041,2.3));
#7002 = VECTOR('',#7003,1.);
#7003 = DIRECTION('',(-1.,0.));
#7004 = ( GEOMETRIC_REPRESENTATION_CONTEXT(2) 
PARAMETRIC_REPRESENTATION_CONTEXT() REPRESENTATION_CONTEXT('2D SPACE',''
  ) );
#7005 = ORIENTED_EDGE('',*,*,#7006,.T.);
#7006 = EDGE_CURVE('',#6985,#7007,#7009,.T.);
#7007 = VERTEX_POINT('',#7008);
#7008 = CARTESIAN_POINT('',(700.,38.183766188495,73.539105247823));
#7009 = SURFACE_CURVE('',#7010,(#7013,#7020),.PCURVE_S1.);
#7010 = B_SPLINE_CURVE_WITH_KNOTS('',1,(#7011,#7012),.UNSPECIFIED.,.F.,
  .F.,(2,2),(0.,1.),.PIECEWISE_BEZIER_KNOTS.);
#7011 = CARTESIAN_POINT('',(610.,39.103005002459,70.922810155854));
#7012 = CARTESIAN_POINT('',(700.,38.183766188495,73.539105247823));
#7013 = PCURVE('',#6927,#7014);
#7014 = DEFINITIONAL_REPRESENTATION('',(#7015),#7019);
#7015 = LINE('',#7016,#7017);
#7016 = CARTESIAN_POINT('',(0.500000012507,0.));
#7017 = VECTOR('',#7018,1.);
#7018 = DIRECTION('',(0.,1.));
#7019 = ( GEOMETRIC_REPRESENTATION_CONTEXT(2) 
PARAMETRIC_REPRESENTATION_CONTEXT() REPRESENTATION_CONTEXT('2D SPACE',''
  ) );
#7020 = PCURVE('',#6481,#7021);
#7021 = DEFINITIONAL_REPRESENTATION('',(#7022),#7026);
#7022 = LINE('',#7023,#7024);
#7023 = CARTESIAN_POINT('',(4.712388980385,0.));
#7024 = VECTOR('',#7025,1.);
#7025 = DIRECTION('',(0.,1.));
#7026 = ( GEOMETRIC_REPRESENTATION_CONTEXT(2) 
PARAMETRIC_REPRESENTATION_CONTEXT() REPRESENTATION_CONTEXT('2D SPACE',''
  ) );
#7027 = ORIENTED_EDGE('',*,*,#7028,.T.);
#7028 = EDGE_CURVE('',#7007,#6913,#7029,.T.);
#7029 = SURFACE_CURVE('',#7030,(#7034,#7041),.PCURVE_S1.);
#7030 = LINE('',#7031,#7032);
#7031 = CARTESIAN_POINT('',(700.,37.830212789058,73.185551848386));
#7032 = VECTOR('',#7033,1.);
#7033 = DIRECTION('',(1.110223024625E-16,-0.707106781187,-0.707106781187
    ));
#7034 = PCURVE('',#6927,#7035);
#7035 = DEFINITIONAL_REPRESENTATION('',(#7036),#7040);
#7036 = LINE('',#7037,#7038);
#7037 = CARTESIAN_POINT('',(0.,1.));
#7038 = VECTOR('',#7039,1.);
#7039 = DIRECTION('',(-1.,0.));
#7040 = ( GEOMETRIC_REPRESENTATION_CONTEXT(2) 
PARAMETRIC_REPRESENTATION_CONTEXT() REPRESENTATION_CONTEXT('2D SPACE',''
  ) );
#7041 = PCURVE('',#7042,#7047);
#7042 = B_SPLINE_SURFACE_WITH_KNOTS('',1,1,(
    (#7043,#7044)
    ,(#7045,#7046
    )),.UNSPECIFIED.,.F.,.F.,.F.,(2,2),(2,2),(-0.49999997021,
    0.500000012507),(0.,1.),.PIECEWISE_BEZIER_KNOTS.);
#7043 = CARTESIAN_POINT('',(700.,37.47665941953,72.831998478857));
#7044 = CARTESIAN_POINT('',(810.,37.26452737854,71.912759656681));
#7045 = CARTESIAN_POINT('',(700.,38.183766188495,73.539105247823));
#7046 = CARTESIAN_POINT('',(810.,37.68879143973,72.337023717871));
#7047 = DEFINITIONAL_REPRESENTATION('',(#7048),#7052);
#7048 = LINE('',#7049,#7050);
#7049 = CARTESIAN_POINT('',(0.,0.));
#7050 = VECTOR('',#7051,1.);
#7051 = DIRECTION('',(-1.,0.));
#7052 = ( GEOMETRIC_REPRESENTATION_CONTEXT(2) 
PARAMETRIC_REPRESENTATION_CONTEXT() REPRESENTATION_CONTEXT('2D SPACE',''
  ) );
#7053 = ORIENTED_EDGE('',*,*,#6912,.F.);
#7054 = ADVANCED_FACE('',(#7055),#6481,.T.);
#7055 = FACE_BOUND('',#7056,.T.);
#7056 = EDGE_LOOP('',(#7057,#7079,#7080,#7121));
#7057 = ORIENTED_EDGE('',*,*,#7058,.F.);
#7058 = EDGE_CURVE('',#6368,#6985,#7059,.T.);
#7059 = SURFACE_CURVE('',#7060,(#7065,#7072),.PCURVE_S1.);
#7060 = CIRCLE('',#7061,0.7);
#7061 = AXIS2_PLACEMENT_3D('',#7062,#7063,#7064);
#7062 = CARTESIAN_POINT('',(610.,38.608030255628,71.417784902684));
#7063 = DIRECTION('',(-1.,-7.850462293419E-17,-7.850462293419E-17));
#7064 = DIRECTION('',(-1.110223024625E-16,0.707106781187,0.707106781187)
  );
#7065 = PCURVE('',#6481,#7066);
#7066 = DEFINITIONAL_REPRESENTATION('',(#7067),#7071);
#7067 = LINE('',#7068,#7069);
#7068 = CARTESIAN_POINT('',(6.28318530718,0.));
#7069 = VECTOR('',#7070,1.);
#7070 = DIRECTION('',(-1.,0.));
#7071 = ( GEOMETRIC_REPRESENTATION_CONTEXT(2) 
PARAMETRIC_REPRESENTATION_CONTEXT() REPRESENTATION_CONTEXT('2D SPACE',''
  ) );
#7072 = PCURVE('',#6387,#7073);
#7073 = DEFINITIONAL_REPRESENTATION('',(#7074),#7078);
#7074 = CIRCLE('',#7075,0.7);
#7075 = AXIS2_PLACEMENT_2D('',#7076,#7077);
#7076 = CARTESIAN_POINT('',(0.,1.6));
#7077 = DIRECTION('',(1.,0.));
#7078 = ( GEOMETRIC_REPRESENTATION_CONTEXT(2) 
PARAMETRIC_REPRESENTATION_CONTEXT() REPRESENTATION_CONTEXT('2D SPACE',''
  ) );
#7079 = ORIENTED_EDGE('',*,*,#6468,.T.);
#7080 = ORIENTED_EDGE('',*,*,#7081,.F.);
#7081 = EDGE_CURVE('',#7007,#6441,#7082,.T.);
#7082 = SURFACE_CURVE('',#7083,(#7088,#7095),.PCURVE_S1.);
#7083 = CIRCLE('',#7084,1.5);
#7084 = AXIS2_PLACEMENT_3D('',#7085,#7086,#7087);
#7085 = CARTESIAN_POINT('',(700.,37.123106016716,74.599765419603));
#7086 = DIRECTION('',(1.,7.850462293419E-17,7.850462293419E-17));
#7087 = DIRECTION('',(1.110223024625E-16,-0.707106781187,-0.707106781187
    ));
#7088 = PCURVE('',#6481,#7089);
#7089 = DEFINITIONAL_REPRESENTATION('',(#7090),#7094);
#7090 = LINE('',#7091,#7092);
#7091 = CARTESIAN_POINT('',(3.14159265359,1.));
#7092 = VECTOR('',#7093,1.);
#7093 = DIRECTION('',(1.,0.));
#7094 = ( GEOMETRIC_REPRESENTATION_CONTEXT(2) 
PARAMETRIC_REPRESENTATION_CONTEXT() REPRESENTATION_CONTEXT('2D SPACE',''
  ) );
#7095 = PCURVE('',#7096,#7115);
#7096 = B_SPLINE_SURFACE_WITH_KNOTS('',8,1,(
    (#7097,#7098)
    ,(#7099,#7100)
    ,(#7101,#7102)
    ,(#7103,#7104)
    ,(#7105,#7106)
    ,(#7107,#7108)
    ,(#7109,#7110)
    ,(#7111,#7112)
    ,(#7113,#7114
    )),.UNSPECIFIED.,.F.,.F.,.F.,(9,9),(2,2),(1.570796326795,
    3.14159265359),(0.,1.),.PIECEWISE_BEZIER_KNOTS.);
#7097 = CARTESIAN_POINT('',(700.,38.183766188495,73.539105247823));
#7098 = CARTESIAN_POINT('',(810.,37.68879143973,72.337023717871));
#7099 = CARTESIAN_POINT('',(699.99999999999,38.392026326222,
    73.747365385549));
#7100 = CARTESIAN_POINT('',(810.,37.855399549911,72.503631828052));
#7101 = CARTESIAN_POINT('',(700.00000000001,38.553553005514,
    74.002359112819));
#7102 = CARTESIAN_POINT('',(809.99999999999,37.984619406803,
    72.707626809866));
#7103 = CARTESIAN_POINT('',(699.99999999998,38.656111361871,
    74.291850647116));
#7104 = CARTESIAN_POINT('',(810.00000000001,38.066672335362,
    72.939220037307));
#7105 = CARTESIAN_POINT('',(700.00000000001,38.691310654506,
    74.599765419603));
#7106 = CARTESIAN_POINT('',(810.,38.094820352836,73.185551855295));
#7107 = CARTESIAN_POINT('',(699.99999999998,38.656111361872,
    74.907680192089));
#7108 = CARTESIAN_POINT('',(809.99999999999,38.06667233536,
    73.431883673282));
#7109 = CARTESIAN_POINT('',(700.,38.553553005514,75.197171726387));
#7110 = CARTESIAN_POINT('',(810.,37.984619406805,73.663476900723));
#7111 = CARTESIAN_POINT('',(699.99999999999,38.392026326222,
    75.452165453656));
#7112 = CARTESIAN_POINT('',(809.99999999999,37.855399549911,
    73.867471882537));
#7113 = CARTESIAN_POINT('',(700.,38.183766188495,75.660425591382));
#7114 = CARTESIAN_POINT('',(810.,37.68879143973,74.034079992718));
#7115 = DEFINITIONAL_REPRESENTATION('',(#7116),#7120);
#7116 = LINE('',#7117,#7118);
#7117 = CARTESIAN_POINT('',(0.,0.));
#7118 = VECTOR('',#7119,1.);
#7119 = DIRECTION('',(1.,0.));
#7120 = ( GEOMETRIC_REPRESENTATION_CONTEXT(2) 
PARAMETRIC_REPRESENTATION_CONTEXT() REPRESENTATION_CONTEXT('2D SPACE',''
  ) );
#7121 = ORIENTED_EDGE('',*,*,#7006,.F.);
#7122 = ADVANCED_FACE('',(#7123),#6456,.T.);
#7123 = FACE_BOUND('',#7124,.T.);
#7124 = EDGE_LOOP('',(#7125,#7126,#7148,#7175));
#7125 = ORIENTED_EDGE('',*,*,#6440,.F.);
#7126 = ORIENTED_EDGE('',*,*,#7127,.T.);
#7127 = EDGE_CURVE('',#6400,#7128,#7130,.T.);
#7128 = VERTEX_POINT('',#7129);
#7129 = CARTESIAN_POINT('',(810.,34.436100243785,77.28677118369));
#7130 = SURFACE_CURVE('',#7131,(#7134,#7141),.PCURVE_S1.);
#7131 = B_SPLINE_CURVE_WITH_KNOTS('',1,(#7132,#7133),.UNSPECIFIED.,.F.,
  .F.,(2,2),(0.,1.),.PIECEWISE_BEZIER_KNOTS.);
#7132 = CARTESIAN_POINT('',(700.,34.648232273719,79.195959488472));
#7133 = CARTESIAN_POINT('',(810.,34.436100241298,77.286771181203));
#7134 = PCURVE('',#6456,#7135);
#7135 = DEFINITIONAL_REPRESENTATION('',(#7136),#7140);
#7136 = LINE('',#7137,#7138);
#7137 = CARTESIAN_POINT('',(2.5,0.));
#7138 = VECTOR('',#7139,1.);
#7139 = DIRECTION('',(0.,1.));
#7140 = ( GEOMETRIC_REPRESENTATION_CONTEXT(2) 
PARAMETRIC_REPRESENTATION_CONTEXT() REPRESENTATION_CONTEXT('2D SPACE',''
  ) );
#7141 = PCURVE('',#6576,#7142);
#7142 = DEFINITIONAL_REPRESENTATION('',(#7143),#7147);
#7143 = LINE('',#7144,#7145);
#7144 = CARTESIAN_POINT('',(3.14159265359,0.));
#7145 = VECTOR('',#7146,1.);
#7146 = DIRECTION('',(0.,1.));
#7147 = ( GEOMETRIC_REPRESENTATION_CONTEXT(2) 
PARAMETRIC_REPRESENTATION_CONTEXT() REPRESENTATION_CONTEXT('2D SPACE',''
  ) );
#7148 = ORIENTED_EDGE('',*,*,#7149,.T.);
#7149 = EDGE_CURVE('',#7128,#7150,#7152,.T.);
#7150 = VERTEX_POINT('',#7151);
#7151 = CARTESIAN_POINT('',(810.,37.688791437243,74.034079990232));
#7152 = SURFACE_CURVE('',#7153,(#7157,#7163),.PCURVE_S1.);
#7153 = LINE('',#7154,#7155);
#7154 = CARTESIAN_POINT('',(810.,36.062445838027,75.660425584474));
#7155 = VECTOR('',#7156,1.);
#7156 = DIRECTION('',(0.,0.707106781187,-0.707106781187));
#7157 = PCURVE('',#6456,#7158);
#7158 = DEFINITIONAL_REPRESENTATION('',(#7159),#7162);
#7159 = B_SPLINE_CURVE_WITH_KNOTS('',1,(#7160,#7161),.UNSPECIFIED.,.F.,
  .F.,(2,2),(-2.3,2.3),.PIECEWISE_BEZIER_KNOTS.);
#7160 = CARTESIAN_POINT('',(2.5,1.));
#7161 = CARTESIAN_POINT('',(-2.5,1.));
#7162 = ( GEOMETRIC_REPRESENTATION_CONTEXT(2) 
PARAMETRIC_REPRESENTATION_CONTEXT() REPRESENTATION_CONTEXT('2D SPACE',''
  ) );
#7163 = PCURVE('',#7164,#7169);
#7164 = B_SPLINE_SURFACE_WITH_KNOTS('',1,1,(
    (#7165,#7166)
    ,(#7167,#7168
    )),.UNSPECIFIED.,.F.,.F.,.F.,(2,2),(2,2),(-2.3,2.3),(0.,1.),
  .PIECEWISE_BEZIER_KNOTS.);
#7165 = CARTESIAN_POINT('',(810.,37.688791434756,74.034079987745));
#7166 = CARTESIAN_POINT('',(848.,38.71409626623,70.533901422116));
#7167 = CARTESIAN_POINT('',(810.,34.436100241298,77.286771181203));
#7168 = CARTESIAN_POINT('',(848.,38.006989486289,71.241008202057));
#7169 = DEFINITIONAL_REPRESENTATION('',(#7170),#7174);
#7170 = LINE('',#7171,#7172);
#7171 = CARTESIAN_POINT('',(0.,0.));
#7172 = VECTOR('',#7173,1.);
#7173 = DIRECTION('',(-1.,0.));
#7174 = ( GEOMETRIC_REPRESENTATION_CONTEXT(2) 
PARAMETRIC_REPRESENTATION_CONTEXT() REPRESENTATION_CONTEXT('2D SPACE',''
  ) );
#7175 = ORIENTED_EDGE('',*,*,#7176,.F.);
#7176 = EDGE_CURVE('',#6441,#7150,#7177,.T.);
#7177 = SURFACE_CURVE('',#7178,(#7181,#7188),.PCURVE_S1.);
#7178 = B_SPLINE_CURVE_WITH_KNOTS('',1,(#7179,#7180),.UNSPECIFIED.,.F.,
  .F.,(2,2),(0.,1.),.PIECEWISE_BEZIER_KNOTS.);
#7179 = CARTESIAN_POINT('',(700.,38.183766179652,75.660425582539));
#7180 = CARTESIAN_POINT('',(810.,37.688791434756,74.034079987745));
#7181 = PCURVE('',#6456,#7182);
#7182 = DEFINITIONAL_REPRESENTATION('',(#7183),#7187);
#7183 = LINE('',#7184,#7185);
#7184 = CARTESIAN_POINT('',(-2.5,0.));
#7185 = VECTOR('',#7186,1.);
#7186 = DIRECTION('',(0.,1.));
#7187 = ( GEOMETRIC_REPRESENTATION_CONTEXT(2) 
PARAMETRIC_REPRESENTATION_CONTEXT() REPRESENTATION_CONTEXT('2D SPACE',''
  ) );
#7188 = PCURVE('',#7096,#7189);
#7189 = DEFINITIONAL_REPRESENTATION('',(#7190),#7194);
#7190 = LINE('',#7191,#7192);
#7191 = CARTESIAN_POINT('',(3.14159265359,0.));
#7192 = VECTOR('',#7193,1.);
#7193 = DIRECTION('',(0.,1.));
#7194 = ( GEOMETRIC_REPRESENTATION_CONTEXT(2) 
PARAMETRIC_REPRESENTATION_CONTEXT() REPRESENTATION_CONTEXT('2D SPACE',''
  ) );
#7195 = ADVANCED_FACE('',(#7196),#6576,.T.);
#7196 = FACE_BOUND('',#7197,.T.);
#7197 = EDGE_LOOP('',(#7198,#7199,#7221,#7260));
#7198 = ORIENTED_EDGE('',*,*,#6561,.T.);
#7199 = ORIENTED_EDGE('',*,*,#7200,.T.);
#7200 = EDGE_CURVE('',#6535,#7201,#7203,.T.);
#7201 = VERTEX_POINT('',#7202);
#7202 = CARTESIAN_POINT('',(810.,32.739043971424,77.286771186177));
#7203 = SURFACE_CURVE('',#7204,(#7207,#7214),.PCURVE_S1.);
#7204 = B_SPLINE_CURVE_WITH_KNOTS('',1,(#7205,#7206),.UNSPECIFIED.,.F.,
  .F.,(2,2),(0.,1.),.PIECEWISE_BEZIER_KNOTS.);
#7205 = CARTESIAN_POINT('',(700.,32.526911939003,79.195959497315));
#7206 = CARTESIAN_POINT('',(810.,32.739043971424,77.286771186177));
#7207 = PCURVE('',#6576,#7208);
#7208 = DEFINITIONAL_REPRESENTATION('',(#7209),#7213);
#7209 = LINE('',#7210,#7211);
#7210 = CARTESIAN_POINT('',(4.712388980385,0.));
#7211 = VECTOR('',#7212,1.);
#7212 = DIRECTION('',(0.,1.));
#7213 = ( GEOMETRIC_REPRESENTATION_CONTEXT(2) 
PARAMETRIC_REPRESENTATION_CONTEXT() REPRESENTATION_CONTEXT('2D SPACE',''
  ) );
#7214 = PCURVE('',#6683,#7215);
#7215 = DEFINITIONAL_REPRESENTATION('',(#7216),#7220);
#7216 = LINE('',#7217,#7218);
#7217 = CARTESIAN_POINT('',(-0.500000012507,0.));
#7218 = VECTOR('',#7219,1.);
#7219 = DIRECTION('',(0.,1.));
#7220 = ( GEOMETRIC_REPRESENTATION_CONTEXT(2) 
PARAMETRIC_REPRESENTATION_CONTEXT() REPRESENTATION_CONTEXT('2D SPACE',''
  ) );
#7221 = ORIENTED_EDGE('',*,*,#7222,.F.);
#7222 = EDGE_CURVE('',#7128,#7201,#7223,.T.);
#7223 = SURFACE_CURVE('',#7224,(#7229,#7236),.PCURVE_S1.);
#7224 = CIRCLE('',#7225,1.2);
#7225 = AXIS2_PLACEMENT_3D('',#7226,#7227,#7228);
#7226 = CARTESIAN_POINT('',(810.,33.587572108848,76.438243048753));
#7227 = DIRECTION('',(1.,7.850462293419E-17,7.850462293419E-17));
#7228 = DIRECTION('',(1.110223024625E-16,-0.707106781187,-0.707106781187
    ));
#7229 = PCURVE('',#6576,#7230);
#7230 = DEFINITIONAL_REPRESENTATION('',(#7231),#7235);
#7231 = LINE('',#7232,#7233);
#7232 = CARTESIAN_POINT('',(0.,1.));
#7233 = VECTOR('',#7234,1.);
#7234 = DIRECTION('',(1.,0.));
#7235 = ( GEOMETRIC_REPRESENTATION_CONTEXT(2) 
PARAMETRIC_REPRESENTATION_CONTEXT() REPRESENTATION_CONTEXT('2D SPACE',''
  ) );
#7236 = PCURVE('',#7237,#7254);
#7237 = B_SPLINE_SURFACE_WITH_KNOTS('',7,1,(
    (#7238,#7239)
    ,(#7240,#7241)
    ,(#7242,#7243)
    ,(#7244,#7245)
    ,(#7246,#7247)
    ,(#7248,#7249)
    ,(#7250,#7251)
    ,(#7252,#7253
    )),.UNSPECIFIED.,.F.,.F.,.F.,(8,8),(2,2),(3.14159265359,
    4.712388980385),(0.,1.),.PIECEWISE_BEZIER_KNOTS.);
#7238 = CARTESIAN_POINT('',(810.,34.436100246272,77.286771186177));
#7239 = CARTESIAN_POINT('',(848.,38.006989491265,71.241008207033));
#7240 = CARTESIAN_POINT('',(809.99999999999,34.245690977493,
    77.477180454954));
#7241 = CARTESIAN_POINT('',(847.99999999999,37.92765229594,
    71.320345402356));
#7242 = CARTESIAN_POINT('',(810.00000000002,34.005432546537,
    77.617738719351));
#7243 = CARTESIAN_POINT('',(848.00000000001,37.827544616376,
    71.378911345857));
#7244 = CARTESIAN_POINT('',(809.99999999996,33.730986755016,
    77.69280009928));
#7245 = CARTESIAN_POINT('',(847.99999999998,37.71319220324,
    71.410186920823));
#7246 = CARTESIAN_POINT('',(810.00000000003,33.44415746268,
    77.692800099285));
#7247 = CARTESIAN_POINT('',(848.00000000001,37.593679998103,
    71.41018692083));
#7248 = CARTESIAN_POINT('',(809.99999999998,33.169711671159,
    77.617738719348));
#7249 = CARTESIAN_POINT('',(847.99999999999,37.479327584967,
    71.378911345853));
#7250 = CARTESIAN_POINT('',(810.,32.929453240203,77.477180454955));
#7251 = CARTESIAN_POINT('',(848.,37.379219905403,71.320345402357));
#7252 = CARTESIAN_POINT('',(810.,32.739043971424,77.286771186177));
#7253 = CARTESIAN_POINT('',(848.,37.299882710078,71.241008207033));
#7254 = DEFINITIONAL_REPRESENTATION('',(#7255),#7259);
#7255 = LINE('',#7256,#7257);
#7256 = CARTESIAN_POINT('',(0.,0.));
#7257 = VECTOR('',#7258,1.);
#7258 = DIRECTION('',(1.,0.));
#7259 = ( GEOMETRIC_REPRESENTATION_CONTEXT(2) 
PARAMETRIC_REPRESENTATION_CONTEXT() REPRESENTATION_CONTEXT('2D SPACE',''
  ) );
#7260 = ORIENTED_EDGE('',*,*,#7127,.F.);
#7261 = ADVANCED_FACE('',(#7262),#6683,.T.);
#7262 = FACE_BOUND('',#7263,.T.);
#7263 = EDGE_LOOP('',(#7264,#7265,#7287,#7312));
#7264 = ORIENTED_EDGE('',*,*,#6669,.T.);
#7265 = ORIENTED_EDGE('',*,*,#7266,.T.);
#7266 = EDGE_CURVE('',#6629,#7267,#7269,.T.);
#7267 = VERTEX_POINT('',#7268);
#7268 = CARTESIAN_POINT('',(810.,32.314779910234,76.862507124987));
#7269 = SURFACE_CURVE('',#7270,(#7273,#7280),.PCURVE_S1.);
#7270 = B_SPLINE_CURVE_WITH_KNOTS('',1,(#7271,#7272),.UNSPECIFIED.,.F.,
  .F.,(2,2),(0.,1.),.PIECEWISE_BEZIER_KNOTS.);
#7271 = CARTESIAN_POINT('',(700.,31.819805170037,78.488852728349));
#7272 = CARTESIAN_POINT('',(810.,32.314779910234,76.862507124987));
#7273 = PCURVE('',#6683,#7274);
#7274 = DEFINITIONAL_REPRESENTATION('',(#7275),#7279);
#7275 = LINE('',#7276,#7277);
#7276 = CARTESIAN_POINT('',(0.49999997021,0.));
#7277 = VECTOR('',#7278,1.);
#7278 = DIRECTION('',(0.,1.));
#7279 = ( GEOMETRIC_REPRESENTATION_CONTEXT(2) 
PARAMETRIC_REPRESENTATION_CONTEXT() REPRESENTATION_CONTEXT('2D SPACE',''
  ) );
#7280 = PCURVE('',#6765,#7281);
#7281 = DEFINITIONAL_REPRESENTATION('',(#7282),#7286);
#7282 = LINE('',#7283,#7284);
#7283 = CARTESIAN_POINT('',(4.712388980385,0.));
#7284 = VECTOR('',#7285,1.);
#7285 = DIRECTION('',(0.,1.));
#7286 = ( GEOMETRIC_REPRESENTATION_CONTEXT(2) 
PARAMETRIC_REPRESENTATION_CONTEXT() REPRESENTATION_CONTEXT('2D SPACE',''
  ) );
#7287 = ORIENTED_EDGE('',*,*,#7288,.F.);
#7288 = EDGE_CURVE('',#7201,#7267,#7289,.T.);
#7289 = SURFACE_CURVE('',#7290,(#7294,#7300),.PCURVE_S1.);
#7290 = LINE('',#7291,#7292);
#7291 = CARTESIAN_POINT('',(810.,32.526911932094,77.074639146847));
#7292 = VECTOR('',#7293,1.);
#7293 = DIRECTION('',(1.110223024625E-16,-0.707106781187,-0.707106781187
    ));
#7294 = PCURVE('',#6683,#7295);
#7295 = DEFINITIONAL_REPRESENTATION('',(#7296),#7299);
#7296 = B_SPLINE_CURVE_WITH_KNOTS('',1,(#7297,#7298),.UNSPECIFIED.,.F.,
  .F.,(2,2),(-0.300000007034,0.299999982328),.PIECEWISE_BEZIER_KNOTS.);
#7297 = CARTESIAN_POINT('',(-0.500000012507,1.));
#7298 = CARTESIAN_POINT('',(0.49999997021,1.));
#7299 = ( GEOMETRIC_REPRESENTATION_CONTEXT(2) 
PARAMETRIC_REPRESENTATION_CONTEXT() REPRESENTATION_CONTEXT('2D SPACE',''
  ) );
#7300 = PCURVE('',#7301,#7306);
#7301 = B_SPLINE_SURFACE_WITH_KNOTS('',1,1,(
    (#7302,#7303)
    ,(#7304,#7305
    )),.UNSPECIFIED.,.F.,.F.,.F.,(2,2),(2,2),(-0.300000007034,
    0.299999982328),(0.,1.),.PIECEWISE_BEZIER_KNOTS.);
#7302 = CARTESIAN_POINT('',(810.,32.739043971424,77.286771186177));
#7303 = CARTESIAN_POINT('',(848.,37.299882710078,71.241008207033));
#7304 = CARTESIAN_POINT('',(810.,32.314779910234,76.862507124987));
#7305 = CARTESIAN_POINT('',(848.,36.946329316997,70.887454813951));
#7306 = DEFINITIONAL_REPRESENTATION('',(#7307),#7311);
#7307 = LINE('',#7308,#7309);
#7308 = CARTESIAN_POINT('',(0.,0.));
#7309 = VECTOR('',#7310,1.);
#7310 = DIRECTION('',(1.,0.));
#7311 = ( GEOMETRIC_REPRESENTATION_CONTEXT(2) 
PARAMETRIC_REPRESENTATION_CONTEXT() REPRESENTATION_CONTEXT('2D SPACE',''
  ) );
#7312 = ORIENTED_EDGE('',*,*,#7200,.F.);
#7313 = ADVANCED_FACE('',(#7314),#6765,.T.);
#7314 = FACE_BOUND('',#7315,.T.);
#7315 = EDGE_LOOP('',(#7316,#7317,#7339,#7378));
#7316 = ORIENTED_EDGE('',*,*,#6750,.T.);
#7317 = ORIENTED_EDGE('',*,*,#7318,.T.);
#7318 = EDGE_CURVE('',#6724,#7319,#7321,.T.);
#7319 = VERTEX_POINT('',#7320);
#7320 = CARTESIAN_POINT('',(810.,32.314779903986,75.165450843891));
#7321 = SURFACE_CURVE('',#7322,(#7325,#7332),.PCURVE_S1.);
#7322 = B_SPLINE_CURVE_WITH_KNOTS('',1,(#7323,#7324),.UNSPECIFIED.,.F.,
  .F.,(2,2),(0.,1.),.PIECEWISE_BEZIER_KNOTS.);
#7323 = CARTESIAN_POINT('',(700.,31.819805170037,76.36753238479));
#7324 = CARTESIAN_POINT('',(810.,32.314779910234,75.165450850139));
#7325 = PCURVE('',#6765,#7326);
#7326 = DEFINITIONAL_REPRESENTATION('',(#7327),#7331);
#7327 = LINE('',#7328,#7329);
#7328 = CARTESIAN_POINT('',(6.28318530718,0.));
#7329 = VECTOR('',#7330,1.);
#7330 = DIRECTION('',(0.,1.));
#7331 = ( GEOMETRIC_REPRESENTATION_CONTEXT(2) 
PARAMETRIC_REPRESENTATION_CONTEXT() REPRESENTATION_CONTEXT('2D SPACE',''
  ) );
#7332 = PCURVE('',#6872,#7333);
#7333 = DEFINITIONAL_REPRESENTATION('',(#7334),#7338);
#7334 = LINE('',#7335,#7336);
#7335 = CARTESIAN_POINT('',(-2.5,0.));
#7336 = VECTOR('',#7337,1.);
#7337 = DIRECTION('',(0.,1.));
#7338 = ( GEOMETRIC_REPRESENTATION_CONTEXT(2) 
PARAMETRIC_REPRESENTATION_CONTEXT() REPRESENTATION_CONTEXT('2D SPACE',''
  ) );
#7339 = ORIENTED_EDGE('',*,*,#7340,.F.);
#7340 = EDGE_CURVE('',#7267,#7319,#7341,.T.);
#7341 = SURFACE_CURVE('',#7342,(#7347,#7354),.PCURVE_S1.);
#7342 = CIRCLE('',#7343,1.2);
#7343 = AXIS2_PLACEMENT_3D('',#7344,#7345,#7346);
#7344 = CARTESIAN_POINT('',(810.,33.163308047658,76.013978987563));
#7345 = DIRECTION('',(1.,7.850462293419E-17,7.850462293419E-17));
#7346 = DIRECTION('',(1.110223024625E-16,-0.707106781187,-0.707106781187
    ));
#7347 = PCURVE('',#6765,#7348);
#7348 = DEFINITIONAL_REPRESENTATION('',(#7349),#7353);
#7349 = LINE('',#7350,#7351);
#7350 = CARTESIAN_POINT('',(0.,1.));
#7351 = VECTOR('',#7352,1.);
#7352 = DIRECTION('',(1.,0.));
#7353 = ( GEOMETRIC_REPRESENTATION_CONTEXT(2) 
PARAMETRIC_REPRESENTATION_CONTEXT() REPRESENTATION_CONTEXT('2D SPACE',''
  ) );
#7354 = PCURVE('',#7355,#7372);
#7355 = B_SPLINE_SURFACE_WITH_KNOTS('',7,1,(
    (#7356,#7357)
    ,(#7358,#7359)
    ,(#7360,#7361)
    ,(#7362,#7363)
    ,(#7364,#7365)
    ,(#7366,#7367)
    ,(#7368,#7369)
    ,(#7370,#7371
    )),.UNSPECIFIED.,.F.,.F.,.F.,(8,8),(2,2),(4.712388980385,
    6.28318530718),(0.,1.),.PIECEWISE_BEZIER_KNOTS.);
#7356 = CARTESIAN_POINT('',(809.99999999999,32.314779910234,
    76.862507124987));
#7357 = CARTESIAN_POINT('',(847.99999999999,36.946329316997,
    70.887454813951));
#7358 = CARTESIAN_POINT('',(810.,32.124370641456,76.672097856209));
#7359 = CARTESIAN_POINT('',(848.,36.866992121673,70.808117618628));
#7360 = CARTESIAN_POINT('',(809.99999999998,31.983812377061,
    76.43183942525));
#7361 = CARTESIAN_POINT('',(847.99999999998,36.808426178174,
    70.70800993906));
#7362 = CARTESIAN_POINT('',(810.00000000002,31.908750997129,
    76.157393633734));
#7363 = CARTESIAN_POINT('',(848.00000000002,36.777150603204,
    70.59365752593));
#7364 = CARTESIAN_POINT('',(809.99999999997,31.908750997128,
    75.870564341393));
#7365 = CARTESIAN_POINT('',(847.99999999998,36.777150603202,
    70.474145320786));
#7366 = CARTESIAN_POINT('',(810.00000000001,31.983812377062,
    75.596118549875));
#7367 = CARTESIAN_POINT('',(848.,36.808426178175,70.359792907655));
#7368 = CARTESIAN_POINT('',(809.99999999999,32.124370641456,
    75.355860118917));
#7369 = CARTESIAN_POINT('',(847.99999999999,36.866992121673,
    70.259685228089));
#7370 = CARTESIAN_POINT('',(810.,32.314779910234,75.165450850139));
#7371 = CARTESIAN_POINT('',(848.,36.946329316997,70.180348032765));
#7372 = DEFINITIONAL_REPRESENTATION('',(#7373),#7377);
#7373 = LINE('',#7374,#7375);
#7374 = CARTESIAN_POINT('',(0.,0.));
#7375 = VECTOR('',#7376,1.);
#7376 = DIRECTION('',(1.,0.));
#7377 = ( GEOMETRIC_REPRESENTATION_CONTEXT(2) 
PARAMETRIC_REPRESENTATION_CONTEXT() REPRESENTATION_CONTEXT('2D SPACE',''
  ) );
#7378 = ORIENTED_EDGE('',*,*,#7266,.F.);
#7379 = ADVANCED_FACE('',(#7380),#6872,.T.);
#7380 = FACE_BOUND('',#7381,.T.);
#7381 = EDGE_LOOP('',(#7382,#7383,#7405,#7430));
#7382 = ORIENTED_EDGE('',*,*,#6858,.T.);
#7383 = ORIENTED_EDGE('',*,*,#7384,.T.);
#7384 = EDGE_CURVE('',#6818,#7385,#7387,.T.);
#7385 = VERTEX_POINT('',#7386);
#7386 = CARTESIAN_POINT('',(810.,35.567471097444,71.912759650433));
#7387 = SURFACE_CURVE('',#7388,(#7391,#7398),.PCURVE_S1.);
#7388 = B_SPLINE_CURVE_WITH_KNOTS('',1,(#7389,#7390),.UNSPECIFIED.,.F.,
  .F.,(2,2),(0.,1.),.PIECEWISE_BEZIER_KNOTS.);
#7389 = CARTESIAN_POINT('',(700.,35.355339054906,72.831998457793));
#7390 = CARTESIAN_POINT('',(810.,35.567471091196,71.912759644185));
#7391 = PCURVE('',#6872,#7392);
#7392 = DEFINITIONAL_REPRESENTATION('',(#7393),#7397);
#7393 = LINE('',#7394,#7395);
#7394 = CARTESIAN_POINT('',(2.5,0.));
#7395 = VECTOR('',#7396,1.);
#7396 = DIRECTION('',(0.,1.));
#7397 = ( GEOMETRIC_REPRESENTATION_CONTEXT(2) 
PARAMETRIC_REPRESENTATION_CONTEXT() REPRESENTATION_CONTEXT('2D SPACE',''
  ) );
#7398 = PCURVE('',#6954,#7399);
#7399 = DEFINITIONAL_REPRESENTATION('',(#7400),#7404);
#7400 = LINE('',#7401,#7402);
#7401 = CARTESIAN_POINT('',(0.,0.));
#7402 = VECTOR('',#7403,1.);
#7403 = DIRECTION('',(0.,1.));
#7404 = ( GEOMETRIC_REPRESENTATION_CONTEXT(2) 
PARAMETRIC_REPRESENTATION_CONTEXT() REPRESENTATION_CONTEXT('2D SPACE',''
  ) );
#7405 = ORIENTED_EDGE('',*,*,#7406,.F.);
#7406 = EDGE_CURVE('',#7319,#7385,#7407,.T.);
#7407 = SURFACE_CURVE('',#7408,(#7412,#7418),.PCURVE_S1.);
#7408 = LINE('',#7409,#7410);
#7409 = CARTESIAN_POINT('',(810.,33.941125494467,73.539105240914));
#7410 = VECTOR('',#7411,1.);
#7411 = DIRECTION('',(0.,0.707106781187,-0.707106781187));
#7412 = PCURVE('',#6872,#7413);
#7413 = DEFINITIONAL_REPRESENTATION('',(#7414),#7417);
#7414 = B_SPLINE_CURVE_WITH_KNOTS('',1,(#7415,#7416),.UNSPECIFIED.,.F.,
  .F.,(2,2),(-2.3,2.3),.PIECEWISE_BEZIER_KNOTS.);
#7415 = CARTESIAN_POINT('',(-2.5,1.));
#7416 = CARTESIAN_POINT('',(2.5,1.));
#7417 = ( GEOMETRIC_REPRESENTATION_CONTEXT(2) 
PARAMETRIC_REPRESENTATION_CONTEXT() REPRESENTATION_CONTEXT('2D SPACE',''
  ) );
#7418 = PCURVE('',#7419,#7424);
#7419 = B_SPLINE_SURFACE_WITH_KNOTS('',1,1,(
    (#7420,#7421)
    ,(#7422,#7423
    )),.UNSPECIFIED.,.F.,.F.,.F.,(2,2),(2,2),(-2.3,2.3),(0.,1.),
  .PIECEWISE_BEZIER_KNOTS.);
#7420 = CARTESIAN_POINT('',(810.,32.314779897738,75.165450837643));
#7421 = CARTESIAN_POINT('',(848.,36.946329314509,70.180348030277));
#7422 = CARTESIAN_POINT('',(810.,35.567471091196,71.912759644185));
#7423 = CARTESIAN_POINT('',(848.,37.653436095696,69.47324124909));
#7424 = DEFINITIONAL_REPRESENTATION('',(#7425),#7429);
#7425 = LINE('',#7426,#7427);
#7426 = CARTESIAN_POINT('',(0.,0.));
#7427 = VECTOR('',#7428,1.);
#7428 = DIRECTION('',(1.,0.));
#7429 = ( GEOMETRIC_REPRESENTATION_CONTEXT(2) 
PARAMETRIC_REPRESENTATION_CONTEXT() REPRESENTATION_CONTEXT('2D SPACE',''
  ) );
#7430 = ORIENTED_EDGE('',*,*,#7318,.F.);
#7431 = ADVANCED_FACE('',(#7432),#6954,.T.);
#7432 = FACE_BOUND('',#7433,.T.);
#7433 = EDGE_LOOP('',(#7434,#7435,#7457,#7496));
#7434 = ORIENTED_EDGE('',*,*,#6939,.T.);
#7435 = ORIENTED_EDGE('',*,*,#7436,.T.);
#7436 = EDGE_CURVE('',#6913,#7437,#7439,.T.);
#7437 = VERTEX_POINT('',#7438);
#7438 = CARTESIAN_POINT('',(810.,37.26452737854,71.912759656681));
#7439 = SURFACE_CURVE('',#7440,(#7443,#7450),.PCURVE_S1.);
#7440 = B_SPLINE_CURVE_WITH_KNOTS('',1,(#7441,#7442),.UNSPECIFIED.,.F.,
  .F.,(2,2),(0.,1.),.PIECEWISE_BEZIER_KNOTS.);
#7441 = CARTESIAN_POINT('',(700.,37.47665941953,72.831998478857));
#7442 = CARTESIAN_POINT('',(810.,37.26452737854,71.912759656681));
#7443 = PCURVE('',#6954,#7444);
#7444 = DEFINITIONAL_REPRESENTATION('',(#7445),#7449);
#7445 = LINE('',#7446,#7447);
#7446 = CARTESIAN_POINT('',(1.570796326795,0.));
#7447 = VECTOR('',#7448,1.);
#7448 = DIRECTION('',(0.,1.));
#7449 = ( GEOMETRIC_REPRESENTATION_CONTEXT(2) 
PARAMETRIC_REPRESENTATION_CONTEXT() REPRESENTATION_CONTEXT('2D SPACE',''
  ) );
#7450 = PCURVE('',#7042,#7451);
#7451 = DEFINITIONAL_REPRESENTATION('',(#7452),#7456);
#7452 = LINE('',#7453,#7454);
#7453 = CARTESIAN_POINT('',(-0.49999997021,0.));
#7454 = VECTOR('',#7455,1.);
#7455 = DIRECTION('',(0.,1.));
#7456 = ( GEOMETRIC_REPRESENTATION_CONTEXT(2) 
PARAMETRIC_REPRESENTATION_CONTEXT() REPRESENTATION_CONTEXT('2D SPACE',''
  ) );
#7457 = ORIENTED_EDGE('',*,*,#7458,.F.);
#7458 = EDGE_CURVE('',#7385,#7437,#7459,.T.);
#7459 = SURFACE_CURVE('',#7460,(#7465,#7472),.PCURVE_S1.);
#7460 = CIRCLE('',#7461,1.2);
#7461 = AXIS2_PLACEMENT_3D('',#7462,#7463,#7464);
#7462 = CARTESIAN_POINT('',(810.,36.415999241116,72.761287794105));
#7463 = DIRECTION('',(1.,7.850462293419E-17,7.850462293419E-17));
#7464 = DIRECTION('',(1.110223024625E-16,-0.707106781187,-0.707106781187
    ));
#7465 = PCURVE('',#6954,#7466);
#7466 = DEFINITIONAL_REPRESENTATION('',(#7467),#7471);
#7467 = LINE('',#7468,#7469);
#7468 = CARTESIAN_POINT('',(0.,1.));
#7469 = VECTOR('',#7470,1.);
#7470 = DIRECTION('',(1.,0.));
#7471 = ( GEOMETRIC_REPRESENTATION_CONTEXT(2) 
PARAMETRIC_REPRESENTATION_CONTEXT() REPRESENTATION_CONTEXT('2D SPACE',''
  ) );
#7472 = PCURVE('',#7473,#7490);
#7473 = B_SPLINE_SURFACE_WITH_KNOTS('',7,1,(
    (#7474,#7475)
    ,(#7476,#7477)
    ,(#7478,#7479)
    ,(#7480,#7481)
    ,(#7482,#7483)
    ,(#7484,#7485)
    ,(#7486,#7487)
    ,(#7488,#7489
    )),.UNSPECIFIED.,.F.,.F.,.F.,(8,8),(2,2),(0.,1.570796326795),(0.,1.)
  ,.PIECEWISE_BEZIER_KNOTS.);
#7474 = CARTESIAN_POINT('',(810.,35.567471103692,71.912759656681));
#7475 = CARTESIAN_POINT('',(848.,37.653436095696,69.47324124909));
#7476 = CARTESIAN_POINT('',(810.,35.757880372471,71.722350387903));
#7477 = CARTESIAN_POINT('',(848.,37.73277329102,69.393904053766));
#7478 = CARTESIAN_POINT('',(809.99999999999,35.998138803428,
    71.581792123507));
#7479 = CARTESIAN_POINT('',(847.99999999999,37.832880970585,
    69.335338110267));
#7480 = CARTESIAN_POINT('',(810.00000000001,36.272584594948,
    71.506730743576));
#7481 = CARTESIAN_POINT('',(848.00000000001,37.94723338372,
    69.304062535298));
#7482 = CARTESIAN_POINT('',(809.99999999998,36.559413887285,
    71.506730743574));
#7483 = CARTESIAN_POINT('',(847.99999999998,38.066745588859,
    69.304062535295));
#7484 = CARTESIAN_POINT('',(810.,36.833859678805,71.581792123509));
#7485 = CARTESIAN_POINT('',(848.,38.181098001993,69.335338110269));
#7486 = CARTESIAN_POINT('',(809.99999999999,37.074118109762,
    71.722350387903));
#7487 = CARTESIAN_POINT('',(847.99999999999,38.281205681558,
    69.393904053766));
#7488 = CARTESIAN_POINT('',(810.,37.26452737854,71.912759656681));
#7489 = CARTESIAN_POINT('',(848.,38.360542876882,69.47324124909));
#7490 = DEFINITIONAL_REPRESENTATION('',(#7491),#7495);
#7491 = LINE('',#7492,#7493);
#7492 = CARTESIAN_POINT('',(0.,0.));
#7493 = VECTOR('',#7494,1.);
#7494 = DIRECTION('',(1.,0.));
#7495 = ( GEOMETRIC_REPRESENTATION_CONTEXT(2) 
PARAMETRIC_REPRESENTATION_CONTEXT() REPRESENTATION_CONTEXT('2D SPACE',''
  ) );
#7496 = ORIENTED_EDGE('',*,*,#7384,.F.);
#7497 = ADVANCED_FACE('',(#7498),#7042,.T.);
#7498 = FACE_BOUND('',#7499,.T.);
#7499 = EDGE_LOOP('',(#7500,#7501,#7523,#7548));
#7500 = ORIENTED_EDGE('',*,*,#7028,.F.);
#7501 = ORIENTED_EDGE('',*,*,#7502,.T.);
#7502 = EDGE_CURVE('',#7007,#7503,#7505,.T.);
#7503 = VERTEX_POINT('',#7504);
#7504 = CARTESIAN_POINT('',(810.,37.68879143973,72.337023717871));
#7505 = SURFACE_CURVE('',#7506,(#7509,#7516),.PCURVE_S1.);
#7506 = B_SPLINE_CURVE_WITH_KNOTS('',1,(#7507,#7508),.UNSPECIFIED.,.F.,
  .F.,(2,2),(0.,1.),.PIECEWISE_BEZIER_KNOTS.);
#7507 = CARTESIAN_POINT('',(700.,38.183766188495,73.539105247823));
#7508 = CARTESIAN_POINT('',(810.,37.68879143973,72.337023717871));
#7509 = PCURVE('',#7042,#7510);
#7510 = DEFINITIONAL_REPRESENTATION('',(#7511),#7515);
#7511 = LINE('',#7512,#7513);
#7512 = CARTESIAN_POINT('',(0.500000012507,0.));
#7513 = VECTOR('',#7514,1.);
#7514 = DIRECTION('',(0.,1.));
#7515 = ( GEOMETRIC_REPRESENTATION_CONTEXT(2) 
PARAMETRIC_REPRESENTATION_CONTEXT() REPRESENTATION_CONTEXT('2D SPACE',''
  ) );
#7516 = PCURVE('',#7096,#7517);
#7517 = DEFINITIONAL_REPRESENTATION('',(#7518),#7522);
#7518 = LINE('',#7519,#7520);
#7519 = CARTESIAN_POINT('',(1.570796326795,0.));
#7520 = VECTOR('',#7521,1.);
#7521 = DIRECTION('',(0.,1.));
#7522 = ( GEOMETRIC_REPRESENTATION_CONTEXT(2) 
PARAMETRIC_REPRESENTATION_CONTEXT() REPRESENTATION_CONTEXT('2D SPACE',''
  ) );
#7523 = ORIENTED_EDGE('',*,*,#7524,.T.);
#7524 = EDGE_CURVE('',#7503,#7437,#7525,.T.);
#7525 = SURFACE_CURVE('',#7526,(#7530,#7536),.PCURVE_S1.);
#7526 = LINE('',#7527,#7528);
#7527 = CARTESIAN_POINT('',(810.,37.4766594004,72.124891678541));
#7528 = VECTOR('',#7529,1.);
#7529 = DIRECTION('',(1.110223024625E-16,-0.707106781187,-0.707106781187
    ));
#7530 = PCURVE('',#7042,#7531);
#7531 = DEFINITIONAL_REPRESENTATION('',(#7532),#7535);
#7532 = B_SPLINE_CURVE_WITH_KNOTS('',1,(#7533,#7534),.UNSPECIFIED.,.F.,
  .F.,(2,2),(-0.300000007034,0.299999982328),.PIECEWISE_BEZIER_KNOTS.);
#7533 = CARTESIAN_POINT('',(0.500000012507,1.));
#7534 = CARTESIAN_POINT('',(-0.49999997021,1.));
#7535 = ( GEOMETRIC_REPRESENTATION_CONTEXT(2) 
PARAMETRIC_REPRESENTATION_CONTEXT() REPRESENTATION_CONTEXT('2D SPACE',''
  ) );
#7536 = PCURVE('',#7537,#7542);
#7537 = B_SPLINE_SURFACE_WITH_KNOTS('',1,1,(
    (#7538,#7539)
    ,(#7540,#7541
    )),.UNSPECIFIED.,.F.,.F.,.F.,(2,2),(2,2),(-0.299999982328,
    0.300000007034),(0.,1.),.PIECEWISE_BEZIER_KNOTS.);
#7538 = CARTESIAN_POINT('',(810.,37.26452737854,71.912759656681));
#7539 = CARTESIAN_POINT('',(848.,38.360542876882,69.47324124909));
#7540 = CARTESIAN_POINT('',(810.,37.68879143973,72.337023717871));
#7541 = CARTESIAN_POINT('',(848.,38.714096267476,69.826794639684));
#7542 = DEFINITIONAL_REPRESENTATION('',(#7543),#7547);
#7543 = LINE('',#7544,#7545);
#7544 = CARTESIAN_POINT('',(0.,0.));
#7545 = VECTOR('',#7546,1.);
#7546 = DIRECTION('',(-1.,0.));
#7547 = ( GEOMETRIC_REPRESENTATION_CONTEXT(2) 
PARAMETRIC_REPRESENTATION_CONTEXT() REPRESENTATION_CONTEXT('2D SPACE',''
  ) );
#7548 = ORIENTED_EDGE('',*,*,#7436,.F.);
#7549 = ADVANCED_FACE('',(#7550),#7096,.T.);
#7550 = FACE_BOUND('',#7551,.T.);
#7551 = EDGE_LOOP('',(#7552,#7553,#7554,#7593));
#7552 = ORIENTED_EDGE('',*,*,#7081,.T.);
#7553 = ORIENTED_EDGE('',*,*,#7176,.T.);
#7554 = ORIENTED_EDGE('',*,*,#7555,.F.);
#7555 = EDGE_CURVE('',#7503,#7150,#7556,.T.);
#7556 = SURFACE_CURVE('',#7557,(#7562,#7569),.PCURVE_S1.);
#7557 = CIRCLE('',#7558,1.2);
#7558 = AXIS2_PLACEMENT_3D('',#7559,#7560,#7561);
#7559 = CARTESIAN_POINT('',(810.,36.840263302306,73.185551855295));
#7560 = DIRECTION('',(1.,7.850462293419E-17,7.850462293419E-17));
#7561 = DIRECTION('',(1.110223024625E-16,-0.707106781187,-0.707106781187
    ));
#7562 = PCURVE('',#7096,#7563);
#7563 = DEFINITIONAL_REPRESENTATION('',(#7564),#7568);
#7564 = LINE('',#7565,#7566);
#7565 = CARTESIAN_POINT('',(0.,1.));
#7566 = VECTOR('',#7567,1.);
#7567 = DIRECTION('',(1.,0.));
#7568 = ( GEOMETRIC_REPRESENTATION_CONTEXT(2) 
PARAMETRIC_REPRESENTATION_CONTEXT() REPRESENTATION_CONTEXT('2D SPACE',''
  ) );
#7569 = PCURVE('',#7570,#7587);
#7570 = B_SPLINE_SURFACE_WITH_KNOTS('',7,1,(
    (#7571,#7572)
    ,(#7573,#7574)
    ,(#7575,#7576)
    ,(#7577,#7578)
    ,(#7579,#7580)
    ,(#7581,#7582)
    ,(#7583,#7584)
    ,(#7585,#7586
    )),.UNSPECIFIED.,.F.,.F.,.F.,(8,8),(2,2),(1.570796326795,
    3.14159265359),(0.,1.),.PIECEWISE_BEZIER_KNOTS.);
#7571 = CARTESIAN_POINT('',(810.,37.68879143973,72.337023717871));
#7572 = CARTESIAN_POINT('',(848.,38.71409626623,69.826794640929));
#7573 = CARTESIAN_POINT('',(810.,37.879200708508,72.527432986649));
#7574 = CARTESIAN_POINT('',(848.,38.793433461554,69.906131836254));
#7575 = CARTESIAN_POINT('',(809.99999999998,38.019758972902,
    72.767691417605));
#7576 = CARTESIAN_POINT('',(847.99999999999,38.851999405051,
    70.006239515818));
#7577 = CARTESIAN_POINT('',(810.00000000002,38.094820352838,
    73.042137209129));
#7578 = CARTESIAN_POINT('',(848.00000000001,38.883274980025,
    70.120591928955));
#7579 = CARTESIAN_POINT('',(809.99999999997,38.094820352834,
    73.328966501461));
#7580 = CARTESIAN_POINT('',(847.99999999998,38.883274980023,
    70.240104134091));
#7581 = CARTESIAN_POINT('',(810.00000000001,38.019758972904,
    73.603412292985));
#7582 = CARTESIAN_POINT('',(848.,38.851999405053,70.354456547227));
#7583 = CARTESIAN_POINT('',(809.99999999999,37.879200708508,
    73.84367072394));
#7584 = CARTESIAN_POINT('',(847.99999999999,38.793433461554,
    70.454564226791));
#7585 = CARTESIAN_POINT('',(810.,37.68879143973,74.034079992718));
#7586 = CARTESIAN_POINT('',(848.,38.71409626623,70.533901422116));
#7587 = DEFINITIONAL_REPRESENTATION('',(#7588),#7592);
#7588 = LINE('',#7589,#7590);
#7589 = CARTESIAN_POINT('',(0.,0.));
#7590 = VECTOR('',#7591,1.);
#7591 = DIRECTION('',(1.,0.));
#7592 = ( GEOMETRIC_REPRESENTATION_CONTEXT(2) 
PARAMETRIC_REPRESENTATION_CONTEXT() REPRESENTATION_CONTEXT('2D SPACE',''
  ) );
#7593 = ORIENTED_EDGE('',*,*,#7502,.F.);
#7594 = ADVANCED_FACE('',(#7595),#7164,.T.);
#7595 = FACE_BOUND('',#7596,.T.);
#7596 = EDGE_LOOP('',(#7597,#7598,#7620,#7647));
#7597 = ORIENTED_EDGE('',*,*,#7149,.F.);
#7598 = ORIENTED_EDGE('',*,*,#7599,.T.);
#7599 = EDGE_CURVE('',#7128,#7600,#7602,.T.);
#7600 = VERTEX_POINT('',#7601);
#7601 = CARTESIAN_POINT('',(848.,38.006989488777,71.241008204545));
#7602 = SURFACE_CURVE('',#7603,(#7606,#7613),.PCURVE_S1.);
#7603 = B_SPLINE_CURVE_WITH_KNOTS('',1,(#7604,#7605),.UNSPECIFIED.,.F.,
  .F.,(2,2),(0.,1.),.PIECEWISE_BEZIER_KNOTS.);
#7604 = CARTESIAN_POINT('',(810.,34.436100241298,77.286771181203));
#7605 = CARTESIAN_POINT('',(848.,38.006989486289,71.241008202057));
#7606 = PCURVE('',#7164,#7607);
#7607 = DEFINITIONAL_REPRESENTATION('',(#7608),#7612);
#7608 = LINE('',#7609,#7610);
#7609 = CARTESIAN_POINT('',(2.3,0.));
#7610 = VECTOR('',#7611,1.);
#7611 = DIRECTION('',(0.,1.));
#7612 = ( GEOMETRIC_REPRESENTATION_CONTEXT(2) 
PARAMETRIC_REPRESENTATION_CONTEXT() REPRESENTATION_CONTEXT('2D SPACE',''
  ) );
#7613 = PCURVE('',#7237,#7614);
#7614 = DEFINITIONAL_REPRESENTATION('',(#7615),#7619);
#7615 = LINE('',#7616,#7617);
#7616 = CARTESIAN_POINT('',(3.14159265359,0.));
#7617 = VECTOR('',#7618,1.);
#7618 = DIRECTION('',(0.,1.));
#7619 = ( GEOMETRIC_REPRESENTATION_CONTEXT(2) 
PARAMETRIC_REPRESENTATION_CONTEXT() REPRESENTATION_CONTEXT('2D SPACE',''
  ) );
#7620 = ORIENTED_EDGE('',*,*,#7621,.T.);
#7621 = EDGE_CURVE('',#7600,#7622,#7624,.T.);
#7622 = VERTEX_POINT('',#7623);
#7623 = CARTESIAN_POINT('',(848.,38.71409626623,70.533901422116));
#7624 = SURFACE_CURVE('',#7625,(#7629,#7635),.PCURVE_S1.);
#7625 = LINE('',#7626,#7627);
#7626 = CARTESIAN_POINT('',(848.,38.360542876882,70.887454811464));
#7627 = VECTOR('',#7628,1.);
#7628 = DIRECTION('',(0.,0.707106781187,-0.707106781187));
#7629 = PCURVE('',#7164,#7630);
#7630 = DEFINITIONAL_REPRESENTATION('',(#7631),#7634);
#7631 = B_SPLINE_CURVE_WITH_KNOTS('',1,(#7632,#7633),.UNSPECIFIED.,.F.,
  .F.,(2,2),(-0.5,0.499999998239),.PIECEWISE_BEZIER_KNOTS.);
#7632 = CARTESIAN_POINT('',(2.3,1.));
#7633 = CARTESIAN_POINT('',(-2.3,1.));
#7634 = ( GEOMETRIC_REPRESENTATION_CONTEXT(2) 
PARAMETRIC_REPRESENTATION_CONTEXT() REPRESENTATION_CONTEXT('2D SPACE',''
  ) );
#7635 = PCURVE('',#7636,#7641);
#7636 = PLANE('',#7637);
#7637 = AXIS2_PLACEMENT_3D('',#7638,#7639,#7640);
#7638 = CARTESIAN_POINT('',(848.,37.653436100672,70.887454816439));
#7639 = DIRECTION('',(1.,7.850462293419E-17,7.850462293419E-17));
#7640 = DIRECTION('',(1.110223024625E-16,-0.707106781187,-0.707106781187
    ));
#7641 = DEFINITIONAL_REPRESENTATION('',(#7642),#7646);
#7642 = LINE('',#7643,#7644);
#7643 = CARTESIAN_POINT('',(-0.499999992963,0.5));
#7644 = VECTOR('',#7645,1.);
#7645 = DIRECTION('',(0.,1.));
#7646 = ( GEOMETRIC_REPRESENTATION_CONTEXT(2) 
PARAMETRIC_REPRESENTATION_CONTEXT() REPRESENTATION_CONTEXT('2D SPACE',''
  ) );
#7647 = ORIENTED_EDGE('',*,*,#7648,.F.);
#7648 = EDGE_CURVE('',#7150,#7622,#7649,.T.);
#7649 = SURFACE_CURVE('',#7650,(#7653,#7660),.PCURVE_S1.);
#7650 = B_SPLINE_CURVE_WITH_KNOTS('',1,(#7651,#7652),.UNSPECIFIED.,.F.,
  .F.,(2,2),(0.,1.),.PIECEWISE_BEZIER_KNOTS.);
#7651 = CARTESIAN_POINT('',(810.,37.688791434756,74.034079987745));
#7652 = CARTESIAN_POINT('',(848.,38.71409626623,70.533901422116));
#7653 = PCURVE('',#7164,#7654);
#7654 = DEFINITIONAL_REPRESENTATION('',(#7655),#7659);
#7655 = LINE('',#7656,#7657);
#7656 = CARTESIAN_POINT('',(-2.3,0.));
#7657 = VECTOR('',#7658,1.);
#7658 = DIRECTION('',(0.,1.));
#7659 = ( GEOMETRIC_REPRESENTATION_CONTEXT(2) 
PARAMETRIC_REPRESENTATION_CONTEXT() REPRESENTATION_CONTEXT('2D SPACE',''
  ) );
#7660 = PCURVE('',#7570,#7661);
#7661 = DEFINITIONAL_REPRESENTATION('',(#7662),#7666);
#7662 = LINE('',#7663,#7664);
#7663 = CARTESIAN_POINT('',(3.14159265359,0.));
#7664 = VECTOR('',#7665,1.);
#7665 = DIRECTION('',(0.,1.));
#7666 = ( GEOMETRIC_REPRESENTATION_CONTEXT(2) 
PARAMETRIC_REPRESENTATION_CONTEXT() REPRESENTATION_CONTEXT('2D SPACE',''
  ) );
#7667 = ADVANCED_FACE('',(#7668),#7237,.T.);
#7668 = FACE_BOUND('',#7669,.T.);
#7669 = EDGE_LOOP('',(#7670,#7671,#7693,#7715));
#7670 = ORIENTED_EDGE('',*,*,#7222,.T.);
#7671 = ORIENTED_EDGE('',*,*,#7672,.T.);
#7672 = EDGE_CURVE('',#7201,#7673,#7675,.T.);
#7673 = VERTEX_POINT('',#7674);
#7674 = CARTESIAN_POINT('',(848.,37.299882710078,71.241008207033));
#7675 = SURFACE_CURVE('',#7676,(#7679,#7686),.PCURVE_S1.);
#7676 = B_SPLINE_CURVE_WITH_KNOTS('',1,(#7677,#7678),.UNSPECIFIED.,.F.,
  .F.,(2,2),(0.,1.),.PIECEWISE_BEZIER_KNOTS.);
#7677 = CARTESIAN_POINT('',(810.,32.739043971424,77.286771186177));
#7678 = CARTESIAN_POINT('',(848.,37.299882710078,71.241008207033));
#7679 = PCURVE('',#7237,#7680);
#7680 = DEFINITIONAL_REPRESENTATION('',(#7681),#7685);
#7681 = LINE('',#7682,#7683);
#7682 = CARTESIAN_POINT('',(4.712388980385,0.));
#7683 = VECTOR('',#7684,1.);
#7684 = DIRECTION('',(0.,1.));
#7685 = ( GEOMETRIC_REPRESENTATION_CONTEXT(2) 
PARAMETRIC_REPRESENTATION_CONTEXT() REPRESENTATION_CONTEXT('2D SPACE',''
  ) );
#7686 = PCURVE('',#7301,#7687);
#7687 = DEFINITIONAL_REPRESENTATION('',(#7688),#7692);
#7688 = LINE('',#7689,#7690);
#7689 = CARTESIAN_POINT('',(-0.300000007034,0.));
#7690 = VECTOR('',#7691,1.);
#7691 = DIRECTION('',(0.,1.));
#7692 = ( GEOMETRIC_REPRESENTATION_CONTEXT(2) 
PARAMETRIC_REPRESENTATION_CONTEXT() REPRESENTATION_CONTEXT('2D SPACE',''
  ) );
#7693 = ORIENTED_EDGE('',*,*,#7694,.F.);
#7694 = EDGE_CURVE('',#7600,#7673,#7695,.T.);
#7695 = SURFACE_CURVE('',#7696,(#7701,#7708),.PCURVE_S1.);
#7696 = CIRCLE('',#7697,0.5);
#7697 = AXIS2_PLACEMENT_3D('',#7698,#7699,#7700);
#7698 = CARTESIAN_POINT('',(848.,37.653436100672,70.887454816439));
#7699 = DIRECTION('',(1.,7.850462293419E-17,7.850462293419E-17));
#7700 = DIRECTION('',(1.110223024625E-16,-0.707106781187,-0.707106781187
    ));
#7701 = PCURVE('',#7237,#7702);
#7702 = DEFINITIONAL_REPRESENTATION('',(#7703),#7707);
#7703 = LINE('',#7704,#7705);
#7704 = CARTESIAN_POINT('',(0.,1.));
#7705 = VECTOR('',#7706,1.);
#7706 = DIRECTION('',(1.,0.));
#7707 = ( GEOMETRIC_REPRESENTATION_CONTEXT(2) 
PARAMETRIC_REPRESENTATION_CONTEXT() REPRESENTATION_CONTEXT('2D SPACE',''
  ) );
#7708 = PCURVE('',#7636,#7709);
#7709 = DEFINITIONAL_REPRESENTATION('',(#7710),#7714);
#7710 = CIRCLE('',#7711,0.5);
#7711 = AXIS2_PLACEMENT_2D('',#7712,#7713);
#7712 = CARTESIAN_POINT('',(0.,0.));
#7713 = DIRECTION('',(1.,0.));
#7714 = ( GEOMETRIC_REPRESENTATION_CONTEXT(2) 
PARAMETRIC_REPRESENTATION_CONTEXT() REPRESENTATION_CONTEXT('2D SPACE',''
  ) );
#7715 = ORIENTED_EDGE('',*,*,#7599,.F.);
#7716 = ADVANCED_FACE('',(#7717),#7301,.T.);
#7717 = FACE_BOUND('',#7718,.T.);
#7718 = EDGE_LOOP('',(#7719,#7720,#7742,#7762));
#7719 = ORIENTED_EDGE('',*,*,#7288,.T.);
#7720 = ORIENTED_EDGE('',*,*,#7721,.T.);
#7721 = EDGE_CURVE('',#7267,#7722,#7724,.T.);
#7722 = VERTEX_POINT('',#7723);
#7723 = CARTESIAN_POINT('',(848.,36.946329316997,70.887454813951));
#7724 = SURFACE_CURVE('',#7725,(#7728,#7735),.PCURVE_S1.);
#7725 = B_SPLINE_CURVE_WITH_KNOTS('',1,(#7726,#7727),.UNSPECIFIED.,.F.,
  .F.,(2,2),(0.,1.),.PIECEWISE_BEZIER_KNOTS.);
#7726 = CARTESIAN_POINT('',(810.,32.314779910234,76.862507124987));
#7727 = CARTESIAN_POINT('',(848.,36.946329316997,70.887454813951));
#7728 = PCURVE('',#7301,#7729);
#7729 = DEFINITIONAL_REPRESENTATION('',(#7730),#7734);
#7730 = LINE('',#7731,#7732);
#7731 = CARTESIAN_POINT('',(0.299999982328,0.));
#7732 = VECTOR('',#7733,1.);
#7733 = DIRECTION('',(0.,1.));
#7734 = ( GEOMETRIC_REPRESENTATION_CONTEXT(2) 
PARAMETRIC_REPRESENTATION_CONTEXT() REPRESENTATION_CONTEXT('2D SPACE',''
  ) );
#7735 = PCURVE('',#7355,#7736);
#7736 = DEFINITIONAL_REPRESENTATION('',(#7737),#7741);
#7737 = LINE('',#7738,#7739);
#7738 = CARTESIAN_POINT('',(4.712388980385,0.));
#7739 = VECTOR('',#7740,1.);
#7740 = DIRECTION('',(0.,1.));
#7741 = ( GEOMETRIC_REPRESENTATION_CONTEXT(2) 
PARAMETRIC_REPRESENTATION_CONTEXT() REPRESENTATION_CONTEXT('2D SPACE',''
  ) );
#7742 = ORIENTED_EDGE('',*,*,#7743,.F.);
#7743 = EDGE_CURVE('',#7673,#7722,#7744,.T.);
#7744 = SURFACE_CURVE('',#7745,(#7749,#7755),.PCURVE_S1.);
#7745 = LINE('',#7746,#7747);
#7746 = CARTESIAN_POINT('',(848.,37.123106009806,71.06423150676));
#7747 = VECTOR('',#7748,1.);
#7748 = DIRECTION('',(1.110223024625E-16,-0.707106781187,-0.707106781187
    ));
#7749 = PCURVE('',#7301,#7750);
#7750 = DEFINITIONAL_REPRESENTATION('',(#7751),#7754);
#7751 = B_SPLINE_CURVE_WITH_KNOTS('',1,(#7752,#7753),.UNSPECIFIED.,.F.,
  .F.,(2,2),(-0.250000007037,0.249999996482),.PIECEWISE_BEZIER_KNOTS.);
#7752 = CARTESIAN_POINT('',(-0.300000007034,1.));
#7753 = CARTESIAN_POINT('',(0.299999982328,1.));
#7754 = ( GEOMETRIC_REPRESENTATION_CONTEXT(2) 
PARAMETRIC_REPRESENTATION_CONTEXT() REPRESENTATION_CONTEXT('2D SPACE',''
  ) );
#7755 = PCURVE('',#7636,#7756);
#7756 = DEFINITIONAL_REPRESENTATION('',(#7757),#7761);
#7757 = LINE('',#7758,#7759);
#7758 = CARTESIAN_POINT('',(0.250000007037,-0.5));
#7759 = VECTOR('',#7760,1.);
#7760 = DIRECTION('',(1.,0.));
#7761 = ( GEOMETRIC_REPRESENTATION_CONTEXT(2) 
PARAMETRIC_REPRESENTATION_CONTEXT() REPRESENTATION_CONTEXT('2D SPACE',''
  ) );
#7762 = ORIENTED_EDGE('',*,*,#7672,.F.);
#7763 = ADVANCED_FACE('',(#7764),#7355,.T.);
#7764 = FACE_BOUND('',#7765,.T.);
#7765 = EDGE_LOOP('',(#7766,#7767,#7789,#7811));
#7766 = ORIENTED_EDGE('',*,*,#7340,.T.);
#7767 = ORIENTED_EDGE('',*,*,#7768,.T.);
#7768 = EDGE_CURVE('',#7319,#7769,#7771,.T.);
#7769 = VERTEX_POINT('',#7770);
#7770 = CARTESIAN_POINT('',(848.,36.946329315753,70.180348031521));
#7771 = SURFACE_CURVE('',#7772,(#7775,#7782),.PCURVE_S1.);
#7772 = B_SPLINE_CURVE_WITH_KNOTS('',1,(#7773,#7774),.UNSPECIFIED.,.F.,
  .F.,(2,2),(0.,1.),.PIECEWISE_BEZIER_KNOTS.);
#7773 = CARTESIAN_POINT('',(810.,32.314779910234,75.165450850139));
#7774 = CARTESIAN_POINT('',(848.,36.946329316997,70.180348032765));
#7775 = PCURVE('',#7355,#7776);
#7776 = DEFINITIONAL_REPRESENTATION('',(#7777),#7781);
#7777 = LINE('',#7778,#7779);
#7778 = CARTESIAN_POINT('',(6.28318530718,0.));
#7779 = VECTOR('',#7780,1.);
#7780 = DIRECTION('',(0.,1.));
#7781 = ( GEOMETRIC_REPRESENTATION_CONTEXT(2) 
PARAMETRIC_REPRESENTATION_CONTEXT() REPRESENTATION_CONTEXT('2D SPACE',''
  ) );
#7782 = PCURVE('',#7419,#7783);
#7783 = DEFINITIONAL_REPRESENTATION('',(#7784),#7788);
#7784 = LINE('',#7785,#7786);
#7785 = CARTESIAN_POINT('',(-2.3,0.));
#7786 = VECTOR('',#7787,1.);
#7787 = DIRECTION('',(0.,1.));
#7788 = ( GEOMETRIC_REPRESENTATION_CONTEXT(2) 
PARAMETRIC_REPRESENTATION_CONTEXT() REPRESENTATION_CONTEXT('2D SPACE',''
  ) );
#7789 = ORIENTED_EDGE('',*,*,#7790,.F.);
#7790 = EDGE_CURVE('',#7722,#7769,#7791,.T.);
#7791 = SURFACE_CURVE('',#7792,(#7797,#7804),.PCURVE_S1.);
#7792 = CIRCLE('',#7793,0.5);
#7793 = AXIS2_PLACEMENT_3D('',#7794,#7795,#7796);
#7794 = CARTESIAN_POINT('',(848.,37.29988270759,70.533901423358));
#7795 = DIRECTION('',(1.,7.850462293419E-17,7.850462293419E-17));
#7796 = DIRECTION('',(1.110223024625E-16,-0.707106781187,-0.707106781187
    ));
#7797 = PCURVE('',#7355,#7798);
#7798 = DEFINITIONAL_REPRESENTATION('',(#7799),#7803);
#7799 = LINE('',#7800,#7801);
#7800 = CARTESIAN_POINT('',(0.,1.));
#7801 = VECTOR('',#7802,1.);
#7802 = DIRECTION('',(1.,0.));
#7803 = ( GEOMETRIC_REPRESENTATION_CONTEXT(2) 
PARAMETRIC_REPRESENTATION_CONTEXT() REPRESENTATION_CONTEXT('2D SPACE',''
  ) );
#7804 = PCURVE('',#7636,#7805);
#7805 = DEFINITIONAL_REPRESENTATION('',(#7806),#7810);
#7806 = CIRCLE('',#7807,0.5);
#7807 = AXIS2_PLACEMENT_2D('',#7808,#7809);
#7808 = CARTESIAN_POINT('',(0.500000003518,0.));
#7809 = DIRECTION('',(1.,0.));
#7810 = ( GEOMETRIC_REPRESENTATION_CONTEXT(2) 
PARAMETRIC_REPRESENTATION_CONTEXT() REPRESENTATION_CONTEXT('2D SPACE',''
  ) );
#7811 = ORIENTED_EDGE('',*,*,#7721,.F.);
#7812 = ADVANCED_FACE('',(#7813),#7419,.T.);
#7813 = FACE_BOUND('',#7814,.T.);
#7814 = EDGE_LOOP('',(#7815,#7816,#7838,#7858));
#7815 = ORIENTED_EDGE('',*,*,#7406,.T.);
#7816 = ORIENTED_EDGE('',*,*,#7817,.T.);
#7817 = EDGE_CURVE('',#7385,#7818,#7820,.T.);
#7818 = VERTEX_POINT('',#7819);
#7819 = CARTESIAN_POINT('',(848.,37.653436095696,69.47324124909));
#7820 = SURFACE_CURVE('',#7821,(#7824,#7831),.PCURVE_S1.);
#7821 = B_SPLINE_CURVE_WITH_KNOTS('',1,(#7822,#7823),.UNSPECIFIED.,.F.,
  .F.,(2,2),(0.,1.),.PIECEWISE_BEZIER_KNOTS.);
#7822 = CARTESIAN_POINT('',(810.,35.567471091196,71.912759644185));
#7823 = CARTESIAN_POINT('',(848.,37.653436095696,69.47324124909));
#7824 = PCURVE('',#7419,#7825);
#7825 = DEFINITIONAL_REPRESENTATION('',(#7826),#7830);
#7826 = LINE('',#7827,#7828);
#7827 = CARTESIAN_POINT('',(2.3,0.));
#7828 = VECTOR('',#7829,1.);
#7829 = DIRECTION('',(0.,1.));
#7830 = ( GEOMETRIC_REPRESENTATION_CONTEXT(2) 
PARAMETRIC_REPRESENTATION_CONTEXT() REPRESENTATION_CONTEXT('2D SPACE',''
  ) );
#7831 = PCURVE('',#7473,#7832);
#7832 = DEFINITIONAL_REPRESENTATION('',(#7833),#7837);
#7833 = LINE('',#7834,#7835);
#7834 = CARTESIAN_POINT('',(0.,0.));
#7835 = VECTOR('',#7836,1.);
#7836 = DIRECTION('',(0.,1.));
#7837 = ( GEOMETRIC_REPRESENTATION_CONTEXT(2) 
PARAMETRIC_REPRESENTATION_CONTEXT() REPRESENTATION_CONTEXT('2D SPACE',''
  ) );
#7838 = ORIENTED_EDGE('',*,*,#7839,.F.);
#7839 = EDGE_CURVE('',#7769,#7818,#7840,.T.);
#7840 = SURFACE_CURVE('',#7841,(#7845,#7851),.PCURVE_S1.);
#7841 = LINE('',#7842,#7843);
#7842 = CARTESIAN_POINT('',(848.,37.299882705103,69.826794639684));
#7843 = VECTOR('',#7844,1.);
#7844 = DIRECTION('',(0.,0.707106781187,-0.707106781187));
#7845 = PCURVE('',#7419,#7846);
#7846 = DEFINITIONAL_REPRESENTATION('',(#7847),#7850);
#7847 = B_SPLINE_CURVE_WITH_KNOTS('',1,(#7848,#7849),.UNSPECIFIED.,.F.,
  .F.,(2,2),(-0.5,0.5),.PIECEWISE_BEZIER_KNOTS.);
#7848 = CARTESIAN_POINT('',(-2.3,1.));
#7849 = CARTESIAN_POINT('',(2.3,1.));
#7850 = ( GEOMETRIC_REPRESENTATION_CONTEXT(2) 
PARAMETRIC_REPRESENTATION_CONTEXT() REPRESENTATION_CONTEXT('2D SPACE',''
  ) );
#7851 = PCURVE('',#7636,#7852);
#7852 = DEFINITIONAL_REPRESENTATION('',(#7853),#7857);
#7853 = LINE('',#7854,#7855);
#7854 = CARTESIAN_POINT('',(1.000000007037,0.5));
#7855 = VECTOR('',#7856,1.);
#7856 = DIRECTION('',(0.,1.));
#7857 = ( GEOMETRIC_REPRESENTATION_CONTEXT(2) 
PARAMETRIC_REPRESENTATION_CONTEXT() REPRESENTATION_CONTEXT('2D SPACE',''
  ) );
#7858 = ORIENTED_EDGE('',*,*,#7768,.F.);
#7859 = ADVANCED_FACE('',(#7860),#7473,.T.);
#7860 = FACE_BOUND('',#7861,.T.);
#7861 = EDGE_LOOP('',(#7862,#7863,#7885,#7907));
#7862 = ORIENTED_EDGE('',*,*,#7458,.T.);
#7863 = ORIENTED_EDGE('',*,*,#7864,.T.);
#7864 = EDGE_CURVE('',#7437,#7865,#7867,.T.);
#7865 = VERTEX_POINT('',#7866);
#7866 = CARTESIAN_POINT('',(848.,38.360542876882,69.47324124909));
#7867 = SURFACE_CURVE('',#7868,(#7871,#7878),.PCURVE_S1.);
#7868 = B_SPLINE_CURVE_WITH_KNOTS('',1,(#7869,#7870),.UNSPECIFIED.,.F.,
  .F.,(2,2),(0.,1.),.PIECEWISE_BEZIER_KNOTS.);
#7869 = CARTESIAN_POINT('',(810.,37.26452737854,71.912759656681));
#7870 = CARTESIAN_POINT('',(848.,38.360542876882,69.47324124909));
#7871 = PCURVE('',#7473,#7872);
#7872 = DEFINITIONAL_REPRESENTATION('',(#7873),#7877);
#7873 = LINE('',#7874,#7875);
#7874 = CARTESIAN_POINT('',(1.570796326795,0.));
#7875 = VECTOR('',#7876,1.);
#7876 = DIRECTION('',(0.,1.));
#7877 = ( GEOMETRIC_REPRESENTATION_CONTEXT(2) 
PARAMETRIC_REPRESENTATION_CONTEXT() REPRESENTATION_CONTEXT('2D SPACE',''
  ) );
#7878 = PCURVE('',#7537,#7879);
#7879 = DEFINITIONAL_REPRESENTATION('',(#7880),#7884);
#7880 = LINE('',#7881,#7882);
#7881 = CARTESIAN_POINT('',(-0.299999982328,0.));
#7882 = VECTOR('',#7883,1.);
#7883 = DIRECTION('',(0.,1.));
#7884 = ( GEOMETRIC_REPRESENTATION_CONTEXT(2) 
PARAMETRIC_REPRESENTATION_CONTEXT() REPRESENTATION_CONTEXT('2D SPACE',''
  ) );
#7885 = ORIENTED_EDGE('',*,*,#7886,.F.);
#7886 = EDGE_CURVE('',#7818,#7865,#7887,.T.);
#7887 = SURFACE_CURVE('',#7888,(#7893,#7900),.PCURVE_S1.);
#7888 = CIRCLE('',#7889,0.5);
#7889 = AXIS2_PLACEMENT_3D('',#7890,#7891,#7892);
#7890 = CARTESIAN_POINT('',(848.,38.006989486289,69.826794639684));
#7891 = DIRECTION('',(1.,7.850462293419E-17,7.850462293419E-17));
#7892 = DIRECTION('',(1.110223024625E-16,-0.707106781187,-0.707106781187
    ));
#7893 = PCURVE('',#7473,#7894);
#7894 = DEFINITIONAL_REPRESENTATION('',(#7895),#7899);
#7895 = LINE('',#7896,#7897);
#7896 = CARTESIAN_POINT('',(0.,1.));
#7897 = VECTOR('',#7898,1.);
#7898 = DIRECTION('',(1.,0.));
#7899 = ( GEOMETRIC_REPRESENTATION_CONTEXT(2) 
PARAMETRIC_REPRESENTATION_CONTEXT() REPRESENTATION_CONTEXT('2D SPACE',''
  ) );
#7900 = PCURVE('',#7636,#7901);
#7901 = DEFINITIONAL_REPRESENTATION('',(#7902),#7906);
#7902 = CIRCLE('',#7903,0.5);
#7903 = AXIS2_PLACEMENT_2D('',#7904,#7905);
#7904 = CARTESIAN_POINT('',(0.500000007037,1.));
#7905 = DIRECTION('',(1.,0.));
#7906 = ( GEOMETRIC_REPRESENTATION_CONTEXT(2) 
PARAMETRIC_REPRESENTATION_CONTEXT() REPRESENTATION_CONTEXT('2D SPACE',''
  ) );
#7907 = ORIENTED_EDGE('',*,*,#7817,.F.);
#7908 = ADVANCED_FACE('',(#7909),#7537,.T.);
#7909 = FACE_BOUND('',#7910,.T.);
#7910 = EDGE_LOOP('',(#7911,#7912,#7934,#7954));
#7911 = ORIENTED_EDGE('',*,*,#7524,.F.);
#7912 = ORIENTED_EDGE('',*,*,#7913,.T.);
#7913 = EDGE_CURVE('',#7503,#7914,#7916,.T.);
#7914 = VERTEX_POINT('',#7915);
#7915 = CARTESIAN_POINT('',(848.,38.714096266853,69.826794640307));
#7916 = SURFACE_CURVE('',#7917,(#7920,#7927),.PCURVE_S1.);
#7917 = B_SPLINE_CURVE_WITH_KNOTS('',1,(#7918,#7919),.UNSPECIFIED.,.F.,
  .F.,(2,2),(0.,1.),.PIECEWISE_BEZIER_KNOTS.);
#7918 = CARTESIAN_POINT('',(810.,37.68879143973,72.337023717871));
#7919 = CARTESIAN_POINT('',(848.,38.714096267476,69.826794639684));
#7920 = PCURVE('',#7537,#7921);
#7921 = DEFINITIONAL_REPRESENTATION('',(#7922),#7926);
#7922 = LINE('',#7923,#7924);
#7923 = CARTESIAN_POINT('',(0.300000007034,0.));
#7924 = VECTOR('',#7925,1.);
#7925 = DIRECTION('',(0.,1.));
#7926 = ( GEOMETRIC_REPRESENTATION_CONTEXT(2) 
PARAMETRIC_REPRESENTATION_CONTEXT() REPRESENTATION_CONTEXT('2D SPACE',''
  ) );
#7927 = PCURVE('',#7570,#7928);
#7928 = DEFINITIONAL_REPRESENTATION('',(#7929),#7933);
#7929 = LINE('',#7930,#7931);
#7930 = CARTESIAN_POINT('',(1.570796326795,0.));
#7931 = VECTOR('',#7932,1.);
#7932 = DIRECTION('',(0.,1.));
#7933 = ( GEOMETRIC_REPRESENTATION_CONTEXT(2) 
PARAMETRIC_REPRESENTATION_CONTEXT() REPRESENTATION_CONTEXT('2D SPACE',''
  ) );
#7934 = ORIENTED_EDGE('',*,*,#7935,.T.);
#7935 = EDGE_CURVE('',#7914,#7865,#7936,.T.);
#7936 = SURFACE_CURVE('',#7937,(#7941,#7947),.PCURVE_S1.);
#7937 = LINE('',#7938,#7939);
#7938 = CARTESIAN_POINT('',(848.,38.537319572179,69.650017944387));
#7939 = VECTOR('',#7940,1.);
#7940 = DIRECTION('',(1.110223024625E-16,-0.707106781187,-0.707106781187
    ));
#7941 = PCURVE('',#7537,#7942);
#7942 = DEFINITIONAL_REPRESENTATION('',(#7943),#7946);
#7943 = B_SPLINE_CURVE_WITH_KNOTS('',1,(#7944,#7945),.UNSPECIFIED.,.F.,
  .F.,(2,2),(-0.25,0.25),.PIECEWISE_BEZIER_KNOTS.);
#7944 = CARTESIAN_POINT('',(0.300000007034,1.));
#7945 = CARTESIAN_POINT('',(-0.299999982328,1.));
#7946 = ( GEOMETRIC_REPRESENTATION_CONTEXT(2) 
PARAMETRIC_REPRESENTATION_CONTEXT() REPRESENTATION_CONTEXT('2D SPACE',''
  ) );
#7947 = PCURVE('',#7636,#7948);
#7948 = DEFINITIONAL_REPRESENTATION('',(#7949),#7953);
#7949 = LINE('',#7950,#7951);
#7950 = CARTESIAN_POINT('',(0.250000007037,1.5));
#7951 = VECTOR('',#7952,1.);
#7952 = DIRECTION('',(1.,0.));
#7953 = ( GEOMETRIC_REPRESENTATION_CONTEXT(2) 
PARAMETRIC_REPRESENTATION_CONTEXT() REPRESENTATION_CONTEXT('2D SPACE',''
  ) );
#7954 = ORIENTED_EDGE('',*,*,#7864,.F.);
#7955 = ADVANCED_FACE('',(#7956),#7570,.T.);
#7956 = FACE_BOUND('',#7957,.T.);
#7957 = EDGE_LOOP('',(#7958,#7959,#7960,#7982));
#7958 = ORIENTED_EDGE('',*,*,#7555,.T.);
#7959 = ORIENTED_EDGE('',*,*,#7648,.T.);
#7960 = ORIENTED_EDGE('',*,*,#7961,.F.);
#7961 = EDGE_CURVE('',#7914,#7622,#7962,.T.);
#7962 = SURFACE_CURVE('',#7963,(#7968,#7975),.PCURVE_S1.);
#7963 = CIRCLE('',#7964,0.5);
#7964 = AXIS2_PLACEMENT_3D('',#7965,#7966,#7967);
#7965 = CARTESIAN_POINT('',(848.,38.360542875637,70.180348031523));
#7966 = DIRECTION('',(1.,7.850462293419E-17,7.850462293419E-17));
#7967 = DIRECTION('',(1.110223024625E-16,-0.707106781187,-0.707106781187
    ));
#7968 = PCURVE('',#7570,#7969);
#7969 = DEFINITIONAL_REPRESENTATION('',(#7970),#7974);
#7970 = LINE('',#7971,#7972);
#7971 = CARTESIAN_POINT('',(0.,1.));
#7972 = VECTOR('',#7973,1.);
#7973 = DIRECTION('',(1.,0.));
#7974 = ( GEOMETRIC_REPRESENTATION_CONTEXT(2) 
PARAMETRIC_REPRESENTATION_CONTEXT() REPRESENTATION_CONTEXT('2D SPACE',''
  ) );
#7975 = PCURVE('',#7636,#7976);
#7976 = DEFINITIONAL_REPRESENTATION('',(#7977),#7981);
#7977 = CIRCLE('',#7978,0.5);
#7978 = AXIS2_PLACEMENT_2D('',#7979,#7980);
#7979 = CARTESIAN_POINT('',(7.036703664198E-09,0.999999998239));
#7980 = DIRECTION('',(1.,0.));
#7981 = ( GEOMETRIC_REPRESENTATION_CONTEXT(2) 
PARAMETRIC_REPRESENTATION_CONTEXT() REPRESENTATION_CONTEXT('2D SPACE',''
  ) );
#7982 = ORIENTED_EDGE('',*,*,#7913,.F.);
#7983 = ADVANCED_FACE('',(#7984),#6387,.T.);
#7984 = FACE_BOUND('',#7985,.F.);
#7985 = EDGE_LOOP('',(#7986,#7987,#7988,#7989,#7990,#7991,#7992,#7993));
#7986 = ORIENTED_EDGE('',*,*,#6365,.F.);
#7987 = ORIENTED_EDGE('',*,*,#6510,.F.);
#7988 = ORIENTED_EDGE('',*,*,#6606,.T.);
#7989 = ORIENTED_EDGE('',*,*,#6699,.F.);
#7990 = ORIENTED_EDGE('',*,*,#6795,.T.);
#7991 = ORIENTED_EDGE('',*,*,#6888,.F.);
#7992 = ORIENTED_EDGE('',*,*,#6984,.F.);
#7993 = ORIENTED_EDGE('',*,*,#7058,.F.);
#7994 = ADVANCED_FACE('',(#7995),#7636,.T.);
#7995 = FACE_BOUND('',#7996,.T.);
#7996 = EDGE_LOOP('',(#7997,#7998,#7999,#8000,#8001,#8002,#8003,#8004));
#7997 = ORIENTED_EDGE('',*,*,#7621,.F.);
#7998 = ORIENTED_EDGE('',*,*,#7694,.T.);
#7999 = ORIENTED_EDGE('',*,*,#7743,.T.);
#8000 = ORIENTED_EDGE('',*,*,#7790,.T.);
#8001 = ORIENTED_EDGE('',*,*,#7839,.T.);
#8002 = ORIENTED_EDGE('',*,*,#7886,.T.);
#8003 = ORIENTED_EDGE('',*,*,#7935,.F.);
#8004 = ORIENTED_EDGE('',*,*,#7961,.T.);
#8005 = ( GEOMETRIC_REPRESENTATION_CONTEXT(3) 
GLOBAL_UNCERTAINTY_ASSIGNED_CONTEXT((#8009)) 
GLOBAL_UNIT_ASSIGNED_CONTEXT((#8006,#8007,#8008)) REPRESENTATION_CONTEXT
('Context #1','3D Context with UNIT and UNCERTAINTY') );
#8006 = ( LENGTH_UNIT() NAMED_UNIT(*) SI_UNIT(.MILLI.,.METRE.) );
#8007 = ( NAMED_UNIT(*) PLANE_ANGLE_UNIT() SI_UNIT($,.RADIAN.) );
#8008 = ( NAMED_UNIT(*) SI_UNIT($,.STERADIAN.) SOLID_ANGLE_UNIT() );
#8009 = UNCERTAINTY_MEASURE_WITH_UNIT(LENGTH_MEASURE(1.E-07),#8006,
  'distance_accuracy_value','confusion accuracy');
#8010 = CONTEXT_DEPENDENT_SHAPE_REPRESENTATION(#8011,#8013);
#8011 = ( REPRESENTATION_RELATIONSHIP('','',#6358,#10) 
REPRESENTATION_RELATIONSHIP_WITH_TRANSFORMATION(#8012) 
SHAPE_REPRESENTATION_RELATIONSHIP() );
#8012 = ITEM_DEFINED_TRANSFORMATION('','',#11,#23);
#8013 = PRODUCT_DEFINITION_SHAPE('Placement','Placement of an item',
  #8014);
#8014 = NEXT_ASSEMBLY_USAGE_OCCURRENCE('3','intake_chine_port_prototype'
  ,'',#5,#6353,$);
#8015 = PRODUCT_RELATED_PRODUCT_CATEGORY('part',$,(#6355));
#8016 = SHAPE_DEFINITION_REPRESENTATION(#8017,#8023);
#8017 = PRODUCT_DEFINITION_SHAPE('','',#8018);
#8018 = PRODUCT_DEFINITION('design','',#8019,#8022);
#8019 = PRODUCT_DEFINITION_FORMATION('','',#8020);
#8020 = PRODUCT('intake_chine_starboard_prototype',
  'intake_chine_starboard_prototype','',(#8021));
#8021 = PRODUCT_CONTEXT('',#2,'mechanical');
#8022 = PRODUCT_DEFINITION_CONTEXT('part definition',#2,'design');
#8023 = ADVANCED_BREP_SHAPE_REPRESENTATION('',(#11,#8024),#9670);
#8024 = MANIFOLD_SOLID_BREP('',#8025);
#8025 = CLOSED_SHELL('',(#8026,#8171,#8267,#8360,#8456,#8549,#8645,#8719
    ,#8787,#8860,#8926,#8978,#9044,#9096,#9162,#9214,#9259,#9332,#9381,
    #9428,#9477,#9524,#9573,#9620,#9648,#9659));
#8026 = ADVANCED_FACE('',(#8027),#8041,.T.);
#8027 = FACE_BOUND('',#8028,.T.);
#8028 = EDGE_LOOP('',(#8029,#8063,#8104,#8132));
#8029 = ORIENTED_EDGE('',*,*,#8030,.F.);
#8030 = EDGE_CURVE('',#8031,#8033,#8035,.T.);
#8031 = VERTEX_POINT('',#8032);
#8032 = CARTESIAN_POINT('',(610.,71.912759646672,39.103004999616));
#8033 = VERTEX_POINT('',#8034);
#8034 = CARTESIAN_POINT('',(610.,73.04413049657,37.971634149718));
#8035 = SURFACE_CURVE('',#8036,(#8040,#8051),.PCURVE_S1.);
#8036 = LINE('',#8037,#8038);
#8037 = CARTESIAN_POINT('',(610.,72.478445068778,38.537319571824));
#8038 = VECTOR('',#8039,1.);
#8039 = DIRECTION('',(0.,0.707106781187,-0.707106781187));
#8040 = PCURVE('',#8041,#8046);
#8041 = B_SPLINE_SURFACE_WITH_KNOTS('',1,1,(
    (#8042,#8043)
    ,(#8044,#8045
    )),.UNSPECIFIED.,.F.,.F.,.F.,(2,2),(2,2),(-2.5,2.5),(0.,1.),
  .PIECEWISE_BEZIER_KNOTS.);
#8042 = CARTESIAN_POINT('',(610.,73.044130493727,37.971634146875));
#8043 = CARTESIAN_POINT('',(700.,79.195959488472,34.648232273719));
#8044 = CARTESIAN_POINT('',(610.,71.912759643829,39.103004996773));
#8045 = CARTESIAN_POINT('',(700.,75.660425582539,38.183766179652));
#8046 = DEFINITIONAL_REPRESENTATION('',(#8047),#8050);
#8047 = B_SPLINE_CURVE_WITH_KNOTS('',1,(#8048,#8049),.UNSPECIFIED.,.F.,
  .F.,(2,2),(-0.8,0.8),.PIECEWISE_BEZIER_KNOTS.);
#8048 = CARTESIAN_POINT('',(2.5,0.));
#8049 = CARTESIAN_POINT('',(-2.5,0.));
#8050 = ( GEOMETRIC_REPRESENTATION_CONTEXT(2) 
PARAMETRIC_REPRESENTATION_CONTEXT() REPRESENTATION_CONTEXT('2D SPACE',''
  ) );
#8051 = PCURVE('',#8052,#8057);
#8052 = PLANE('',#8053);
#8053 = AXIS2_PLACEMENT_3D('',#8054,#8055,#8056);
#8054 = CARTESIAN_POINT('',(610.,71.417784902684,38.608030255628));
#8055 = DIRECTION('',(-1.,-7.850462293419E-17,-7.850462293419E-17));
#8056 = DIRECTION('',(-1.110223024625E-16,0.707106781187,0.707106781187)
  );
#8057 = DEFINITIONAL_REPRESENTATION('',(#8058),#8062);
#8058 = LINE('',#8059,#8060);
#8059 = CARTESIAN_POINT('',(0.699999991959,0.8));
#8060 = VECTOR('',#8061,1.);
#8061 = DIRECTION('',(0.,1.));
#8062 = ( GEOMETRIC_REPRESENTATION_CONTEXT(2) 
PARAMETRIC_REPRESENTATION_CONTEXT() REPRESENTATION_CONTEXT('2D SPACE',''
  ) );
#8063 = ORIENTED_EDGE('',*,*,#8064,.T.);
#8064 = EDGE_CURVE('',#8031,#8065,#8067,.T.);
#8065 = VERTEX_POINT('',#8066);
#8066 = CARTESIAN_POINT('',(700.,75.660425586961,38.183766184074));
#8067 = SURFACE_CURVE('',#8068,(#8071,#8078),.PCURVE_S1.);
#8068 = B_SPLINE_CURVE_WITH_KNOTS('',1,(#8069,#8070),.UNSPECIFIED.,.F.,
  .F.,(2,2),(0.,1.),.PIECEWISE_BEZIER_KNOTS.);
#8069 = CARTESIAN_POINT('',(610.,71.912759643829,39.103004996773));
#8070 = CARTESIAN_POINT('',(700.,75.660425582539,38.183766179652));
#8071 = PCURVE('',#8041,#8072);
#8072 = DEFINITIONAL_REPRESENTATION('',(#8073),#8077);
#8073 = LINE('',#8074,#8075);
#8074 = CARTESIAN_POINT('',(2.5,0.));
#8075 = VECTOR('',#8076,1.);
#8076 = DIRECTION('',(0.,1.));
#8077 = ( GEOMETRIC_REPRESENTATION_CONTEXT(2) 
PARAMETRIC_REPRESENTATION_CONTEXT() REPRESENTATION_CONTEXT('2D SPACE',''
  ) );
#8078 = PCURVE('',#8079,#8098);
#8079 = B_SPLINE_SURFACE_WITH_KNOTS('',8,1,(
    (#8080,#8081)
    ,(#8082,#8083)
    ,(#8084,#8085)
    ,(#8086,#8087)
    ,(#8088,#8089)
    ,(#8090,#8091)
    ,(#8092,#8093)
    ,(#8094,#8095)
    ,(#8096,#8097
    )),.UNSPECIFIED.,.F.,.F.,.F.,(9,9),(2,2),(0.,1.570796326795),(0.,1.)
  ,.PIECEWISE_BEZIER_KNOTS.);
#8080 = CARTESIAN_POINT('',(610.,71.912759649515,39.103005002459));
#8081 = CARTESIAN_POINT('',(700.,75.660425591382,38.183766188495));
#8082 = CARTESIAN_POINT('',(610.,71.815571585243,39.200193066731));
#8083 = CARTESIAN_POINT('',(699.99999999999,75.452165453655,
    38.392026326221));
#8084 = CARTESIAN_POINT('',(609.99999999999,71.696574512516,
    39.275571316585));
#8085 = CARTESIAN_POINT('',(700.00000000002,75.19717172639,
    38.553553005516));
#8086 = CARTESIAN_POINT('',(610.,71.561478463178,39.323435524911));
#8087 = CARTESIAN_POINT('',(699.99999999995,74.907680192083,
    38.656111361868));
#8088 = CARTESIAN_POINT('',(610.,71.417784902684,39.339855201771));
#8089 = CARTESIAN_POINT('',(700.00000000004,74.599765419608,
    38.691310654509));
#8090 = CARTESIAN_POINT('',(609.99999999999,71.27409134219,
    39.32343552491));
#8091 = CARTESIAN_POINT('',(699.99999999996,74.291850647113,
    38.656111361869));
#8092 = CARTESIAN_POINT('',(610.,71.138995292852,39.275571316586));
#8093 = CARTESIAN_POINT('',(700.00000000001,74.00235911282,
    38.553553005515));
#8094 = CARTESIAN_POINT('',(609.99999999999,71.019998220126,
    39.200193066731));
#8095 = CARTESIAN_POINT('',(699.99999999999,73.747365385548,
    38.392026326221));
#8096 = CARTESIAN_POINT('',(610.,70.922810155854,39.103005002459));
#8097 = CARTESIAN_POINT('',(700.,73.539105247823,38.183766188495));
#8098 = DEFINITIONAL_REPRESENTATION('',(#8099),#8103);
#8099 = LINE('',#8100,#8101);
#8100 = CARTESIAN_POINT('',(0.,0.));
#8101 = VECTOR('',#8102,1.);
#8102 = DIRECTION('',(0.,1.));
#8103 = ( GEOMETRIC_REPRESENTATION_CONTEXT(2) 
PARAMETRIC_REPRESENTATION_CONTEXT() REPRESENTATION_CONTEXT('2D SPACE',''
  ) );
#8104 = ORIENTED_EDGE('',*,*,#8105,.T.);
#8105 = EDGE_CURVE('',#8065,#8106,#8108,.T.);
#8106 = VERTEX_POINT('',#8107);
#8107 = CARTESIAN_POINT('',(700.,79.195959492893,34.648232278141));
#8108 = SURFACE_CURVE('',#8109,(#8113,#8120),.PCURVE_S1.);
#8109 = LINE('',#8110,#8111);
#8110 = CARTESIAN_POINT('',(700.,77.428192535505,36.415999226685));
#8111 = VECTOR('',#8112,1.);
#8112 = DIRECTION('',(0.,0.707106781187,-0.707106781187));
#8113 = PCURVE('',#8041,#8114);
#8114 = DEFINITIONAL_REPRESENTATION('',(#8115),#8119);
#8115 = LINE('',#8116,#8117);
#8116 = CARTESIAN_POINT('',(0.,1.));
#8117 = VECTOR('',#8118,1.);
#8118 = DIRECTION('',(-1.,0.));
#8119 = ( GEOMETRIC_REPRESENTATION_CONTEXT(2) 
PARAMETRIC_REPRESENTATION_CONTEXT() REPRESENTATION_CONTEXT('2D SPACE',''
  ) );
#8120 = PCURVE('',#8121,#8126);
#8121 = B_SPLINE_SURFACE_WITH_KNOTS('',1,1,(
    (#8122,#8123)
    ,(#8124,#8125
    )),.UNSPECIFIED.,.F.,.F.,.F.,(2,2),(2,2),(-2.5,2.5),(0.,1.),
  .PIECEWISE_BEZIER_KNOTS.);
#8122 = CARTESIAN_POINT('',(700.,79.195959488472,34.648232273719));
#8123 = CARTESIAN_POINT('',(810.,77.286771181203,34.436100241298));
#8124 = CARTESIAN_POINT('',(700.,75.660425582539,38.183766179652));
#8125 = CARTESIAN_POINT('',(810.,74.034079987745,37.688791434756));
#8126 = DEFINITIONAL_REPRESENTATION('',(#8127),#8131);
#8127 = LINE('',#8128,#8129);
#8128 = CARTESIAN_POINT('',(0.,0.));
#8129 = VECTOR('',#8130,1.);
#8130 = DIRECTION('',(-1.,0.));
#8131 = ( GEOMETRIC_REPRESENTATION_CONTEXT(2) 
PARAMETRIC_REPRESENTATION_CONTEXT() REPRESENTATION_CONTEXT('2D SPACE',''
  ) );
#8132 = ORIENTED_EDGE('',*,*,#8133,.F.);
#8133 = EDGE_CURVE('',#8033,#8106,#8134,.T.);
#8134 = SURFACE_CURVE('',#8135,(#8138,#8145),.PCURVE_S1.);
#8135 = B_SPLINE_CURVE_WITH_KNOTS('',1,(#8136,#8137),.UNSPECIFIED.,.F.,
  .F.,(2,2),(0.,1.),.PIECEWISE_BEZIER_KNOTS.);
#8136 = CARTESIAN_POINT('',(610.,73.044130493727,37.971634146875));
#8137 = CARTESIAN_POINT('',(700.,79.195959488472,34.648232273719));
#8138 = PCURVE('',#8041,#8139);
#8139 = DEFINITIONAL_REPRESENTATION('',(#8140),#8144);
#8140 = LINE('',#8141,#8142);
#8141 = CARTESIAN_POINT('',(-2.5,0.));
#8142 = VECTOR('',#8143,1.);
#8143 = DIRECTION('',(0.,1.));
#8144 = ( GEOMETRIC_REPRESENTATION_CONTEXT(2) 
PARAMETRIC_REPRESENTATION_CONTEXT() REPRESENTATION_CONTEXT('2D SPACE',''
  ) );
#8145 = PCURVE('',#8146,#8165);
#8146 = B_SPLINE_SURFACE_WITH_KNOTS('',8,1,(
    (#8147,#8148)
    ,(#8149,#8150)
    ,(#8151,#8152)
    ,(#8153,#8154)
    ,(#8155,#8156)
    ,(#8157,#8158)
    ,(#8159,#8160)
    ,(#8161,#8162)
    ,(#8163,#8164
    )),.UNSPECIFIED.,.F.,.F.,.F.,(9,9),(2,2),(4.712388980385,
    6.28318530718),(0.,1.),.PIECEWISE_BEZIER_KNOTS.);
#8147 = CARTESIAN_POINT('',(610.,73.044130499413,36.981684658899));
#8148 = CARTESIAN_POINT('',(700.,79.195959497315,32.526911939003));
#8149 = CARTESIAN_POINT('',(610.,73.141318563686,37.078872723172));
#8150 = CARTESIAN_POINT('',(699.99999999999,79.404219635041,
    32.735172076729));
#8151 = CARTESIAN_POINT('',(609.99999999999,73.216696813539,
    37.197869795896));
#8152 = CARTESIAN_POINT('',(700.00000000001,79.565746314334,
    32.990165803998));
#8153 = CARTESIAN_POINT('',(610.,73.264561021866,37.332965845238));
#8154 = CARTESIAN_POINT('',(699.99999999998,79.66830467069,
    33.279657338297));
#8155 = CARTESIAN_POINT('',(610.,73.280980698725,37.47665940573));
#8156 = CARTESIAN_POINT('',(700.00000000001,79.703503963327,
    33.587572110782));
#8157 = CARTESIAN_POINT('',(609.99999999999,73.264561021864,
    37.620352966222));
#8158 = CARTESIAN_POINT('',(699.99999999998,79.668304670691,
    33.89548688327));
#8159 = CARTESIAN_POINT('',(610.,73.216696813541,37.755449015564));
#8160 = CARTESIAN_POINT('',(700.,79.565746314333,34.184978417567));
#8161 = CARTESIAN_POINT('',(609.99999999999,73.141318563685,
    37.874446088288));
#8162 = CARTESIAN_POINT('',(699.99999999999,79.404219635041,
    34.439972144837));
#8163 = CARTESIAN_POINT('',(610.,73.044130499413,37.971634152561));
#8164 = CARTESIAN_POINT('',(700.,79.195959497315,34.648232282563));
#8165 = DEFINITIONAL_REPRESENTATION('',(#8166),#8170);
#8166 = LINE('',#8167,#8168);
#8167 = CARTESIAN_POINT('',(6.28318530718,0.));
#8168 = VECTOR('',#8169,1.);
#8169 = DIRECTION('',(0.,1.));
#8170 = ( GEOMETRIC_REPRESENTATION_CONTEXT(2) 
PARAMETRIC_REPRESENTATION_CONTEXT() REPRESENTATION_CONTEXT('2D SPACE',''
  ) );
#8171 = ADVANCED_FACE('',(#8172),#8079,.T.);
#8172 = FACE_BOUND('',#8173,.T.);
#8173 = EDGE_LOOP('',(#8174,#8198,#8225,#8266));
#8174 = ORIENTED_EDGE('',*,*,#8175,.F.);
#8175 = EDGE_CURVE('',#8176,#8031,#8178,.T.);
#8176 = VERTEX_POINT('',#8177);
#8177 = CARTESIAN_POINT('',(610.,70.922810155854,39.103005002459));
#8178 = SURFACE_CURVE('',#8179,(#8184,#8191),.PCURVE_S1.);
#8179 = CIRCLE('',#8180,0.7);
#8180 = AXIS2_PLACEMENT_3D('',#8181,#8182,#8183);
#8181 = CARTESIAN_POINT('',(610.,71.417784902684,38.608030255628));
#8182 = DIRECTION('',(-1.,-7.850462293419E-17,-7.850462293419E-17));
#8183 = DIRECTION('',(-1.110223024625E-16,0.707106781187,0.707106781187)
  );
#8184 = PCURVE('',#8079,#8185);
#8185 = DEFINITIONAL_REPRESENTATION('',(#8186),#8190);
#8186 = LINE('',#8187,#8188);
#8187 = CARTESIAN_POINT('',(6.28318530718,0.));
#8188 = VECTOR('',#8189,1.);
#8189 = DIRECTION('',(-1.,0.));
#8190 = ( GEOMETRIC_REPRESENTATION_CONTEXT(2) 
PARAMETRIC_REPRESENTATION_CONTEXT() REPRESENTATION_CONTEXT('2D SPACE',''
  ) );
#8191 = PCURVE('',#8052,#8192);
#8192 = DEFINITIONAL_REPRESENTATION('',(#8193),#8197);
#8193 = CIRCLE('',#8194,0.7);
#8194 = AXIS2_PLACEMENT_2D('',#8195,#8196);
#8195 = CARTESIAN_POINT('',(0.,0.));
#8196 = DIRECTION('',(1.,0.));
#8197 = ( GEOMETRIC_REPRESENTATION_CONTEXT(2) 
PARAMETRIC_REPRESENTATION_CONTEXT() REPRESENTATION_CONTEXT('2D SPACE',''
  ) );
#8198 = ORIENTED_EDGE('',*,*,#8199,.T.);
#8199 = EDGE_CURVE('',#8176,#8200,#8202,.T.);
#8200 = VERTEX_POINT('',#8201);
#8201 = CARTESIAN_POINT('',(700.,73.539105247823,38.183766188495));
#8202 = SURFACE_CURVE('',#8203,(#8206,#8213),.PCURVE_S1.);
#8203 = B_SPLINE_CURVE_WITH_KNOTS('',1,(#8204,#8205),.UNSPECIFIED.,.F.,
  .F.,(2,2),(0.,1.),.PIECEWISE_BEZIER_KNOTS.);
#8204 = CARTESIAN_POINT('',(610.,70.922810155854,39.103005002459));
#8205 = CARTESIAN_POINT('',(700.,73.539105247823,38.183766188495));
#8206 = PCURVE('',#8079,#8207);
#8207 = DEFINITIONAL_REPRESENTATION('',(#8208),#8212);
#8208 = LINE('',#8209,#8210);
#8209 = CARTESIAN_POINT('',(1.570796326795,0.));
#8210 = VECTOR('',#8211,1.);
#8211 = DIRECTION('',(0.,1.));
#8212 = ( GEOMETRIC_REPRESENTATION_CONTEXT(2) 
PARAMETRIC_REPRESENTATION_CONTEXT() REPRESENTATION_CONTEXT('2D SPACE',''
  ) );
#8213 = PCURVE('',#8214,#8219);
#8214 = B_SPLINE_SURFACE_WITH_KNOTS('',1,1,(
    (#8215,#8216)
    ,(#8217,#8218
    )),.UNSPECIFIED.,.F.,.F.,.F.,(2,2),(2,2),(-0.500000012507,
    0.49999997021),(0.,1.),.PIECEWISE_BEZIER_KNOTS.);
#8215 = CARTESIAN_POINT('',(610.,70.922810155854,39.103005002459));
#8216 = CARTESIAN_POINT('',(700.,73.539105247823,38.183766188495));
#8217 = CARTESIAN_POINT('',(610.,70.498546083002,38.678740929608));
#8218 = CARTESIAN_POINT('',(700.,72.831998478857,37.47665941953));
#8219 = DEFINITIONAL_REPRESENTATION('',(#8220),#8224);
#8220 = LINE('',#8221,#8222);
#8221 = CARTESIAN_POINT('',(-0.500000012507,0.));
#8222 = VECTOR('',#8223,1.);
#8223 = DIRECTION('',(0.,1.));
#8224 = ( GEOMETRIC_REPRESENTATION_CONTEXT(2) 
PARAMETRIC_REPRESENTATION_CONTEXT() REPRESENTATION_CONTEXT('2D SPACE',''
  ) );
#8225 = ORIENTED_EDGE('',*,*,#8226,.F.);
#8226 = EDGE_CURVE('',#8065,#8200,#8227,.T.);
#8227 = SURFACE_CURVE('',#8228,(#8233,#8240),.PCURVE_S1.);
#8228 = CIRCLE('',#8229,1.5);
#8229 = AXIS2_PLACEMENT_3D('',#8230,#8231,#8232);
#8230 = CARTESIAN_POINT('',(700.,74.599765419603,37.123106016716));
#8231 = DIRECTION('',(1.,7.850462293419E-17,7.850462293419E-17));
#8232 = DIRECTION('',(1.110223024625E-16,-0.707106781187,-0.707106781187
    ));
#8233 = PCURVE('',#8079,#8234);
#8234 = DEFINITIONAL_REPRESENTATION('',(#8235),#8239);
#8235 = LINE('',#8236,#8237);
#8236 = CARTESIAN_POINT('',(-3.14159265359,1.));
#8237 = VECTOR('',#8238,1.);
#8238 = DIRECTION('',(1.,0.));
#8239 = ( GEOMETRIC_REPRESENTATION_CONTEXT(2) 
PARAMETRIC_REPRESENTATION_CONTEXT() REPRESENTATION_CONTEXT('2D SPACE',''
  ) );
#8240 = PCURVE('',#8241,#8260);
#8241 = B_SPLINE_SURFACE_WITH_KNOTS('',8,1,(
    (#8242,#8243)
    ,(#8244,#8245)
    ,(#8246,#8247)
    ,(#8248,#8249)
    ,(#8250,#8251)
    ,(#8252,#8253)
    ,(#8254,#8255)
    ,(#8256,#8257)
    ,(#8258,#8259
    )),.UNSPECIFIED.,.F.,.F.,.F.,(9,9),(2,2),(3.14159265359,
    4.712388980385),(0.,1.),.PIECEWISE_BEZIER_KNOTS.);
#8242 = CARTESIAN_POINT('',(700.,75.660425591382,38.183766188495));
#8243 = CARTESIAN_POINT('',(810.,74.034079992718,37.68879143973));
#8244 = CARTESIAN_POINT('',(699.99999999999,75.452165453655,
    38.392026326221));
#8245 = CARTESIAN_POINT('',(809.99999999999,73.867471882537,
    37.855399549911));
#8246 = CARTESIAN_POINT('',(700.00000000002,75.19717172639,
    38.553553005516));
#8247 = CARTESIAN_POINT('',(810.00000000001,73.663476900723,
    37.984619406805));
#8248 = CARTESIAN_POINT('',(699.99999999995,74.907680192083,
    38.656111361868));
#8249 = CARTESIAN_POINT('',(809.99999999998,73.431883673282,
    38.06667233536));
#8250 = CARTESIAN_POINT('',(700.00000000004,74.599765419608,
    38.691310654509));
#8251 = CARTESIAN_POINT('',(809.99999999999,73.185551855295,
    38.094820352836));
#8252 = CARTESIAN_POINT('',(699.99999999996,74.291850647113,
    38.656111361869));
#8253 = CARTESIAN_POINT('',(810.00000000001,72.939220037307,
    38.066672335362));
#8254 = CARTESIAN_POINT('',(700.00000000001,74.00235911282,
    38.553553005515));
#8255 = CARTESIAN_POINT('',(809.99999999998,72.707626809866,
    37.984619406804));
#8256 = CARTESIAN_POINT('',(699.99999999999,73.747365385548,
    38.392026326221));
#8257 = CARTESIAN_POINT('',(810.,72.503631828052,37.855399549911));
#8258 = CARTESIAN_POINT('',(700.,73.539105247823,38.183766188495));
#8259 = CARTESIAN_POINT('',(810.,72.337023717871,37.68879143973));
#8260 = DEFINITIONAL_REPRESENTATION('',(#8261),#8265);
#8261 = LINE('',#8262,#8263);
#8262 = CARTESIAN_POINT('',(0.,0.));
#8263 = VECTOR('',#8264,1.);
#8264 = DIRECTION('',(1.,0.));
#8265 = ( GEOMETRIC_REPRESENTATION_CONTEXT(2) 
PARAMETRIC_REPRESENTATION_CONTEXT() REPRESENTATION_CONTEXT('2D SPACE',''
  ) );
#8266 = ORIENTED_EDGE('',*,*,#8064,.F.);
#8267 = ADVANCED_FACE('',(#8268),#8214,.T.);
#8268 = FACE_BOUND('',#8269,.T.);
#8269 = EDGE_LOOP('',(#8270,#8292,#8333,#8359));
#8270 = ORIENTED_EDGE('',*,*,#8271,.T.);
#8271 = EDGE_CURVE('',#8176,#8272,#8274,.T.);
#8272 = VERTEX_POINT('',#8273);
#8273 = CARTESIAN_POINT('',(610.,70.498546083002,38.678740929608));
#8274 = SURFACE_CURVE('',#8275,(#8279,#8285),.PCURVE_S1.);
#8275 = LINE('',#8276,#8277);
#8276 = CARTESIAN_POINT('',(610.,70.710678115812,38.890872962417));
#8277 = VECTOR('',#8278,1.);
#8278 = DIRECTION('',(1.110223024625E-16,-0.707106781187,-0.707106781187
    ));
#8279 = PCURVE('',#8214,#8280);
#8280 = DEFINITIONAL_REPRESENTATION('',(#8281),#8284);
#8281 = B_SPLINE_CURVE_WITH_KNOTS('',1,(#8282,#8283),.UNSPECIFIED.,.F.,
  .F.,(2,2),(-0.300000008041,0.299999997813),.PIECEWISE_BEZIER_KNOTS.);
#8282 = CARTESIAN_POINT('',(-0.500000012507,0.));
#8283 = CARTESIAN_POINT('',(0.49999997021,0.));
#8284 = ( GEOMETRIC_REPRESENTATION_CONTEXT(2) 
PARAMETRIC_REPRESENTATION_CONTEXT() REPRESENTATION_CONTEXT('2D SPACE',''
  ) );
#8285 = PCURVE('',#8052,#8286);
#8286 = DEFINITIONAL_REPRESENTATION('',(#8287),#8291);
#8287 = LINE('',#8288,#8289);
#8288 = CARTESIAN_POINT('',(-0.300000008041,-0.7));
#8289 = VECTOR('',#8290,1.);
#8290 = DIRECTION('',(-1.,0.));
#8291 = ( GEOMETRIC_REPRESENTATION_CONTEXT(2) 
PARAMETRIC_REPRESENTATION_CONTEXT() REPRESENTATION_CONTEXT('2D SPACE',''
  ) );
#8292 = ORIENTED_EDGE('',*,*,#8293,.T.);
#8293 = EDGE_CURVE('',#8272,#8294,#8296,.T.);
#8294 = VERTEX_POINT('',#8295);
#8295 = CARTESIAN_POINT('',(700.,72.831998478857,37.47665941953));
#8296 = SURFACE_CURVE('',#8297,(#8300,#8307),.PCURVE_S1.);
#8297 = B_SPLINE_CURVE_WITH_KNOTS('',1,(#8298,#8299),.UNSPECIFIED.,.F.,
  .F.,(2,2),(0.,1.),.PIECEWISE_BEZIER_KNOTS.);
#8298 = CARTESIAN_POINT('',(610.,70.498546083002,38.678740929608));
#8299 = CARTESIAN_POINT('',(700.,72.831998478857,37.47665941953));
#8300 = PCURVE('',#8214,#8301);
#8301 = DEFINITIONAL_REPRESENTATION('',(#8302),#8306);
#8302 = LINE('',#8303,#8304);
#8303 = CARTESIAN_POINT('',(0.49999997021,0.));
#8304 = VECTOR('',#8305,1.);
#8305 = DIRECTION('',(0.,1.));
#8306 = ( GEOMETRIC_REPRESENTATION_CONTEXT(2) 
PARAMETRIC_REPRESENTATION_CONTEXT() REPRESENTATION_CONTEXT('2D SPACE',''
  ) );
#8307 = PCURVE('',#8308,#8327);
#8308 = B_SPLINE_SURFACE_WITH_KNOTS('',8,1,(
    (#8309,#8310)
    ,(#8311,#8312)
    ,(#8313,#8314)
    ,(#8315,#8316)
    ,(#8317,#8318)
    ,(#8319,#8320)
    ,(#8321,#8322)
    ,(#8323,#8324)
    ,(#8325,#8326
    )),.UNSPECIFIED.,.F.,.F.,.F.,(9,9),(2,2),(1.570796326795,
    3.14159265359),(0.,1.),.PIECEWISE_BEZIER_KNOTS.);
#8309 = CARTESIAN_POINT('',(610.,70.498546083002,38.678740929608));
#8310 = CARTESIAN_POINT('',(699.99999999999,72.831998478857,
    37.47665941953));
#8311 = CARTESIAN_POINT('',(610.,70.40135801873,38.581552865336));
#8312 = CARTESIAN_POINT('',(699.99999999999,72.62373834113,
    37.268399281803));
#8313 = CARTESIAN_POINT('',(609.99999999999,70.325979768875,
    38.46255579261));
#8314 = CARTESIAN_POINT('',(700.00000000002,72.462211661842,
    37.013405554536));
#8315 = CARTESIAN_POINT('',(610.00000000001,70.278115560552,
    38.327459743271));
#8316 = CARTESIAN_POINT('',(699.99999999996,72.359653305475,
    36.723914020233));
#8317 = CARTESIAN_POINT('',(610.,70.26169588369,38.183766182777));
#8318 = CARTESIAN_POINT('',(700.00000000003,72.324454012853,
    36.415999247752));
#8319 = CARTESIAN_POINT('',(609.99999999999,70.27811556055,
    38.040072622283));
#8320 = CARTESIAN_POINT('',(699.99999999997,72.359653305476,
    36.108084475262));
#8321 = CARTESIAN_POINT('',(610.,70.325979768877,37.904976572945));
#8322 = CARTESIAN_POINT('',(700.,72.462211661841,35.818592940966));
#8323 = CARTESIAN_POINT('',(609.99999999999,70.40135801873,
    37.785979500219));
#8324 = CARTESIAN_POINT('',(699.99999999999,72.62373834113,
    35.563599213696));
#8325 = CARTESIAN_POINT('',(610.,70.498546083002,37.688791435947));
#8326 = CARTESIAN_POINT('',(700.,72.831998478857,35.35533907597));
#8327 = DEFINITIONAL_REPRESENTATION('',(#8328),#8332);
#8328 = LINE('',#8329,#8330);
#8329 = CARTESIAN_POINT('',(1.570796326795,0.));
#8330 = VECTOR('',#8331,1.);
#8331 = DIRECTION('',(0.,1.));
#8332 = ( GEOMETRIC_REPRESENTATION_CONTEXT(2) 
PARAMETRIC_REPRESENTATION_CONTEXT() REPRESENTATION_CONTEXT('2D SPACE',''
  ) );
#8333 = ORIENTED_EDGE('',*,*,#8334,.F.);
#8334 = EDGE_CURVE('',#8200,#8294,#8335,.T.);
#8335 = SURFACE_CURVE('',#8336,(#8340,#8347),.PCURVE_S1.);
#8336 = LINE('',#8337,#8338);
#8337 = CARTESIAN_POINT('',(700.,73.185551848386,37.830212789058));
#8338 = VECTOR('',#8339,1.);
#8339 = DIRECTION('',(1.110223024625E-16,-0.707106781187,-0.707106781187
    ));
#8340 = PCURVE('',#8214,#8341);
#8341 = DEFINITIONAL_REPRESENTATION('',(#8342),#8346);
#8342 = LINE('',#8343,#8344);
#8343 = CARTESIAN_POINT('',(0.,1.));
#8344 = VECTOR('',#8345,1.);
#8345 = DIRECTION('',(1.,0.));
#8346 = ( GEOMETRIC_REPRESENTATION_CONTEXT(2) 
PARAMETRIC_REPRESENTATION_CONTEXT() REPRESENTATION_CONTEXT('2D SPACE',''
  ) );
#8347 = PCURVE('',#8348,#8353);
#8348 = B_SPLINE_SURFACE_WITH_KNOTS('',1,1,(
    (#8349,#8350)
    ,(#8351,#8352
    )),.UNSPECIFIED.,.F.,.F.,.F.,(2,2),(2,2),(-0.500000012507,
    0.49999997021),(0.,1.),.PIECEWISE_BEZIER_KNOTS.);
#8349 = CARTESIAN_POINT('',(700.,73.539105247823,38.183766188495));
#8350 = CARTESIAN_POINT('',(810.,72.337023717871,37.68879143973));
#8351 = CARTESIAN_POINT('',(700.,72.831998478857,37.47665941953));
#8352 = CARTESIAN_POINT('',(810.,71.912759656681,37.26452737854));
#8353 = DEFINITIONAL_REPRESENTATION('',(#8354),#8358);
#8354 = LINE('',#8355,#8356);
#8355 = CARTESIAN_POINT('',(0.,0.));
#8356 = VECTOR('',#8357,1.);
#8357 = DIRECTION('',(1.,0.));
#8358 = ( GEOMETRIC_REPRESENTATION_CONTEXT(2) 
PARAMETRIC_REPRESENTATION_CONTEXT() REPRESENTATION_CONTEXT('2D SPACE',''
  ) );
#8359 = ORIENTED_EDGE('',*,*,#8199,.F.);
#8360 = ADVANCED_FACE('',(#8361),#8308,.T.);
#8361 = FACE_BOUND('',#8362,.T.);
#8362 = EDGE_LOOP('',(#8363,#8387,#8414,#8455));
#8363 = ORIENTED_EDGE('',*,*,#8364,.F.);
#8364 = EDGE_CURVE('',#8365,#8272,#8367,.T.);
#8365 = VERTEX_POINT('',#8366);
#8366 = CARTESIAN_POINT('',(610.,70.498546082229,37.688791435173));
#8367 = SURFACE_CURVE('',#8368,(#8373,#8380),.PCURVE_S1.);
#8368 = CIRCLE('',#8369,0.7);
#8369 = AXIS2_PLACEMENT_3D('',#8370,#8371,#8372);
#8370 = CARTESIAN_POINT('',(610.,70.993520829833,38.183766182777));
#8371 = DIRECTION('',(-1.,-7.850462293419E-17,-7.850462293419E-17));
#8372 = DIRECTION('',(-1.110223024625E-16,0.707106781187,0.707106781187)
  );
#8373 = PCURVE('',#8308,#8374);
#8374 = DEFINITIONAL_REPRESENTATION('',(#8375),#8379);
#8375 = LINE('',#8376,#8377);
#8376 = CARTESIAN_POINT('',(6.28318530718,0.));
#8377 = VECTOR('',#8378,1.);
#8378 = DIRECTION('',(-1.,0.));
#8379 = ( GEOMETRIC_REPRESENTATION_CONTEXT(2) 
PARAMETRIC_REPRESENTATION_CONTEXT() REPRESENTATION_CONTEXT('2D SPACE',''
  ) );
#8380 = PCURVE('',#8052,#8381);
#8381 = DEFINITIONAL_REPRESENTATION('',(#8382),#8386);
#8382 = CIRCLE('',#8383,0.7);
#8383 = AXIS2_PLACEMENT_2D('',#8384,#8385);
#8384 = CARTESIAN_POINT('',(-0.600000005854,0.));
#8385 = DIRECTION('',(1.,0.));
#8386 = ( GEOMETRIC_REPRESENTATION_CONTEXT(2) 
PARAMETRIC_REPRESENTATION_CONTEXT() REPRESENTATION_CONTEXT('2D SPACE',''
  ) );
#8387 = ORIENTED_EDGE('',*,*,#8388,.T.);
#8388 = EDGE_CURVE('',#8365,#8389,#8391,.T.);
#8389 = VERTEX_POINT('',#8390);
#8390 = CARTESIAN_POINT('',(700.,72.831998468325,35.355339065438));
#8391 = SURFACE_CURVE('',#8392,(#8395,#8402),.PCURVE_S1.);
#8392 = B_SPLINE_CURVE_WITH_KNOTS('',1,(#8393,#8394),.UNSPECIFIED.,.F.,
  .F.,(2,2),(0.,1.),.PIECEWISE_BEZIER_KNOTS.);
#8393 = CARTESIAN_POINT('',(610.,70.498546083002,37.688791435947));
#8394 = CARTESIAN_POINT('',(700.,72.831998478857,35.35533907597));
#8395 = PCURVE('',#8308,#8396);
#8396 = DEFINITIONAL_REPRESENTATION('',(#8397),#8401);
#8397 = LINE('',#8398,#8399);
#8398 = CARTESIAN_POINT('',(3.14159265359,0.));
#8399 = VECTOR('',#8400,1.);
#8400 = DIRECTION('',(0.,1.));
#8401 = ( GEOMETRIC_REPRESENTATION_CONTEXT(2) 
PARAMETRIC_REPRESENTATION_CONTEXT() REPRESENTATION_CONTEXT('2D SPACE',''
  ) );
#8402 = PCURVE('',#8403,#8408);
#8403 = B_SPLINE_SURFACE_WITH_KNOTS('',1,1,(
    (#8404,#8405)
    ,(#8406,#8407
    )),.UNSPECIFIED.,.F.,.F.,.F.,(2,2),(2,2),(-2.5,2.5),(0.,1.),
  .PIECEWISE_BEZIER_KNOTS.);
#8404 = CARTESIAN_POINT('',(610.,70.498546081456,37.6887914344));
#8405 = CARTESIAN_POINT('',(700.,72.831998457793,35.355339054906));
#8406 = CARTESIAN_POINT('',(610.,71.629916931354,36.557420584502));
#8407 = CARTESIAN_POINT('',(700.,76.367532363725,31.819805148973));
#8408 = DEFINITIONAL_REPRESENTATION('',(#8409),#8413);
#8409 = LINE('',#8410,#8411);
#8410 = CARTESIAN_POINT('',(-2.5,0.));
#8411 = VECTOR('',#8412,1.);
#8412 = DIRECTION('',(0.,1.));
#8413 = ( GEOMETRIC_REPRESENTATION_CONTEXT(2) 
PARAMETRIC_REPRESENTATION_CONTEXT() REPRESENTATION_CONTEXT('2D SPACE',''
  ) );
#8414 = ORIENTED_EDGE('',*,*,#8415,.F.);
#8415 = EDGE_CURVE('',#8294,#8389,#8416,.T.);
#8416 = SURFACE_CURVE('',#8417,(#8422,#8429),.PCURVE_S1.);
#8417 = CIRCLE('',#8418,1.5);
#8418 = AXIS2_PLACEMENT_3D('',#8419,#8420,#8421);
#8419 = CARTESIAN_POINT('',(700.,73.892658650637,36.41599924775));
#8420 = DIRECTION('',(1.,7.850462293419E-17,7.850462293419E-17));
#8421 = DIRECTION('',(1.110223024625E-16,-0.707106781187,-0.707106781187
    ));
#8422 = PCURVE('',#8308,#8423);
#8423 = DEFINITIONAL_REPRESENTATION('',(#8424),#8428);
#8424 = LINE('',#8425,#8426);
#8425 = CARTESIAN_POINT('',(-3.14159265359,1.));
#8426 = VECTOR('',#8427,1.);
#8427 = DIRECTION('',(1.,0.));
#8428 = ( GEOMETRIC_REPRESENTATION_CONTEXT(2) 
PARAMETRIC_REPRESENTATION_CONTEXT() REPRESENTATION_CONTEXT('2D SPACE',''
  ) );
#8429 = PCURVE('',#8430,#8449);
#8430 = B_SPLINE_SURFACE_WITH_KNOTS('',8,1,(
    (#8431,#8432)
    ,(#8433,#8434)
    ,(#8435,#8436)
    ,(#8437,#8438)
    ,(#8439,#8440)
    ,(#8441,#8442)
    ,(#8443,#8444)
    ,(#8445,#8446)
    ,(#8447,#8448
    )),.UNSPECIFIED.,.F.,.F.,.F.,(9,9),(2,2),(4.712388980385,
    6.28318530718),(0.,1.),.PIECEWISE_BEZIER_KNOTS.);
#8431 = CARTESIAN_POINT('',(699.99999999999,72.831998478857,
    37.47665941953));
#8432 = CARTESIAN_POINT('',(809.99999999999,71.912759656681,
    37.26452737854));
#8433 = CARTESIAN_POINT('',(699.99999999999,72.62373834113,
    37.268399281803));
#8434 = CARTESIAN_POINT('',(810.,71.7461515465,37.097919268359));
#8435 = CARTESIAN_POINT('',(700.00000000002,72.462211661842,
    37.013405554536));
#8436 = CARTESIAN_POINT('',(809.99999999998,71.616931689606,
    36.893924286544));
#8437 = CARTESIAN_POINT('',(699.99999999996,72.359653305475,
    36.723914020233));
#8438 = CARTESIAN_POINT('',(810.,71.53487876105,36.662331059105));
#8439 = CARTESIAN_POINT('',(700.00000000003,72.324454012853,
    36.415999247752));
#8440 = CARTESIAN_POINT('',(810.,71.506730743575,36.415999241116));
#8441 = CARTESIAN_POINT('',(699.99999999997,72.359653305476,
    36.108084475262));
#8442 = CARTESIAN_POINT('',(809.99999999999,71.534878761049,
    36.169667423127));
#8443 = CARTESIAN_POINT('',(700.,72.462211661841,35.818592940966));
#8444 = CARTESIAN_POINT('',(810.,71.616931689607,35.938074195689));
#8445 = CARTESIAN_POINT('',(699.99999999999,72.62373834113,
    35.563599213696));
#8446 = CARTESIAN_POINT('',(809.99999999999,71.7461515465,
    35.734079213873));
#8447 = CARTESIAN_POINT('',(700.,72.831998478857,35.35533907597));
#8448 = CARTESIAN_POINT('',(810.,71.912759656681,35.567471103692));
#8449 = DEFINITIONAL_REPRESENTATION('',(#8450),#8454);
#8450 = LINE('',#8451,#8452);
#8451 = CARTESIAN_POINT('',(0.,0.));
#8452 = VECTOR('',#8453,1.);
#8453 = DIRECTION('',(1.,0.));
#8454 = ( GEOMETRIC_REPRESENTATION_CONTEXT(2) 
PARAMETRIC_REPRESENTATION_CONTEXT() REPRESENTATION_CONTEXT('2D SPACE',''
  ) );
#8455 = ORIENTED_EDGE('',*,*,#8293,.F.);
#8456 = ADVANCED_FACE('',(#8457),#8403,.T.);
#8457 = FACE_BOUND('',#8458,.T.);
#8458 = EDGE_LOOP('',(#8459,#8481,#8522,#8548));
#8459 = ORIENTED_EDGE('',*,*,#8460,.T.);
#8460 = EDGE_CURVE('',#8365,#8461,#8463,.T.);
#8461 = VERTEX_POINT('',#8462);
#8462 = CARTESIAN_POINT('',(610.,71.629916932128,36.557420585275));
#8463 = SURFACE_CURVE('',#8464,(#8468,#8474),.PCURVE_S1.);
#8464 = LINE('',#8465,#8466);
#8465 = CARTESIAN_POINT('',(610.,71.064231506405,37.123106009451));
#8466 = VECTOR('',#8467,1.);
#8467 = DIRECTION('',(0.,0.707106781187,-0.707106781187));
#8468 = PCURVE('',#8403,#8469);
#8469 = DEFINITIONAL_REPRESENTATION('',(#8470),#8473);
#8470 = B_SPLINE_CURVE_WITH_KNOTS('',1,(#8471,#8472),.UNSPECIFIED.,.F.,
  .F.,(2,2),(-0.8,0.8),.PIECEWISE_BEZIER_KNOTS.);
#8471 = CARTESIAN_POINT('',(-2.5,0.));
#8472 = CARTESIAN_POINT('',(2.5,0.));
#8473 = ( GEOMETRIC_REPRESENTATION_CONTEXT(2) 
PARAMETRIC_REPRESENTATION_CONTEXT() REPRESENTATION_CONTEXT('2D SPACE',''
  ) );
#8474 = PCURVE('',#8052,#8475);
#8475 = DEFINITIONAL_REPRESENTATION('',(#8476),#8480);
#8476 = LINE('',#8477,#8478);
#8477 = CARTESIAN_POINT('',(-1.300000008041,0.8));
#8478 = VECTOR('',#8479,1.);
#8479 = DIRECTION('',(0.,1.));
#8480 = ( GEOMETRIC_REPRESENTATION_CONTEXT(2) 
PARAMETRIC_REPRESENTATION_CONTEXT() REPRESENTATION_CONTEXT('2D SPACE',''
  ) );
#8481 = ORIENTED_EDGE('',*,*,#8482,.T.);
#8482 = EDGE_CURVE('',#8461,#8483,#8485,.T.);
#8483 = VERTEX_POINT('',#8484);
#8484 = CARTESIAN_POINT('',(700.,76.367532374258,31.819805159505));
#8485 = SURFACE_CURVE('',#8486,(#8489,#8496),.PCURVE_S1.);
#8486 = B_SPLINE_CURVE_WITH_KNOTS('',1,(#8487,#8488),.UNSPECIFIED.,.F.,
  .F.,(2,2),(0.,1.),.PIECEWISE_BEZIER_KNOTS.);
#8487 = CARTESIAN_POINT('',(610.,71.629916931354,36.557420584502));
#8488 = CARTESIAN_POINT('',(700.,76.367532363725,31.819805148973));
#8489 = PCURVE('',#8403,#8490);
#8490 = DEFINITIONAL_REPRESENTATION('',(#8491),#8495);
#8491 = LINE('',#8492,#8493);
#8492 = CARTESIAN_POINT('',(2.5,0.));
#8493 = VECTOR('',#8494,1.);
#8494 = DIRECTION('',(0.,1.));
#8495 = ( GEOMETRIC_REPRESENTATION_CONTEXT(2) 
PARAMETRIC_REPRESENTATION_CONTEXT() REPRESENTATION_CONTEXT('2D SPACE',''
  ) );
#8496 = PCURVE('',#8497,#8516);
#8497 = B_SPLINE_SURFACE_WITH_KNOTS('',8,1,(
    (#8498,#8499)
    ,(#8500,#8501)
    ,(#8502,#8503)
    ,(#8504,#8505)
    ,(#8506,#8507)
    ,(#8508,#8509)
    ,(#8510,#8511)
    ,(#8512,#8513)
    ,(#8514,#8515
    )),.UNSPECIFIED.,.F.,.F.,.F.,(9,9),(2,2),(3.14159265359,
    4.712388980385),(0.,1.),.PIECEWISE_BEZIER_KNOTS.);
#8498 = CARTESIAN_POINT('',(610.,71.629916932901,36.557420586048));
#8499 = CARTESIAN_POINT('',(700.,76.36753238479,31.819805170037));
#8500 = CARTESIAN_POINT('',(609.99999999999,71.727104997173,
    36.460232521776));
#8501 = CARTESIAN_POINT('',(700.,76.575792522516,31.611545032311));
#8502 = CARTESIAN_POINT('',(610.,71.8461020699,36.384854271922));
#8503 = CARTESIAN_POINT('',(700.,76.830786249785,31.450018353019));
#8504 = CARTESIAN_POINT('',(609.99999999999,71.981198119237,
    36.336990063596));
#8505 = CARTESIAN_POINT('',(700.,77.120277784083,31.347459996662));
#8506 = CARTESIAN_POINT('',(610.,72.124891679731,36.320570386736));
#8507 = CARTESIAN_POINT('',(699.99999999999,77.42819255657,
    31.312260704026));
#8508 = CARTESIAN_POINT('',(610.,72.268585240226,36.336990063597));
#8509 = CARTESIAN_POINT('',(700.,77.736107329055,31.347459996662));
#8510 = CARTESIAN_POINT('',(609.99999999999,72.403681289563,
    36.384854271921));
#8511 = CARTESIAN_POINT('',(699.99999999999,78.025598863354,
    31.450018353018));
#8512 = CARTESIAN_POINT('',(610.,72.52267836229,36.460232521776));
#8513 = CARTESIAN_POINT('',(700.,78.280592590623,31.611545032311));
#8514 = CARTESIAN_POINT('',(610.,72.619866426562,36.557420586048));
#8515 = CARTESIAN_POINT('',(700.,78.488852728349,31.819805170037));
#8516 = DEFINITIONAL_REPRESENTATION('',(#8517),#8521);
#8517 = LINE('',#8518,#8519);
#8518 = CARTESIAN_POINT('',(3.14159265359,0.));
#8519 = VECTOR('',#8520,1.);
#8520 = DIRECTION('',(0.,1.));
#8521 = ( GEOMETRIC_REPRESENTATION_CONTEXT(2) 
PARAMETRIC_REPRESENTATION_CONTEXT() REPRESENTATION_CONTEXT('2D SPACE',''
  ) );
#8522 = ORIENTED_EDGE('',*,*,#8523,.F.);
#8523 = EDGE_CURVE('',#8389,#8483,#8524,.T.);
#8524 = SURFACE_CURVE('',#8525,(#8529,#8536),.PCURVE_S1.);
#8525 = LINE('',#8526,#8527);
#8526 = CARTESIAN_POINT('',(700.,74.599765410759,33.587572101939));
#8527 = VECTOR('',#8528,1.);
#8528 = DIRECTION('',(0.,0.707106781187,-0.707106781187));
#8529 = PCURVE('',#8403,#8530);
#8530 = DEFINITIONAL_REPRESENTATION('',(#8531),#8535);
#8531 = LINE('',#8532,#8533);
#8532 = CARTESIAN_POINT('',(0.,1.));
#8533 = VECTOR('',#8534,1.);
#8534 = DIRECTION('',(1.,0.));
#8535 = ( GEOMETRIC_REPRESENTATION_CONTEXT(2) 
PARAMETRIC_REPRESENTATION_CONTEXT() REPRESENTATION_CONTEXT('2D SPACE',''
  ) );
#8536 = PCURVE('',#8537,#8542);
#8537 = B_SPLINE_SURFACE_WITH_KNOTS('',1,1,(
    (#8538,#8539)
    ,(#8540,#8541
    )),.UNSPECIFIED.,.F.,.F.,.F.,(2,2),(2,2),(-2.5,2.5),(0.,1.),
  .PIECEWISE_BEZIER_KNOTS.);
#8538 = CARTESIAN_POINT('',(700.,72.831998457793,35.355339054906));
#8539 = CARTESIAN_POINT('',(810.,71.912759644185,35.567471091196));
#8540 = CARTESIAN_POINT('',(700.,76.367532363725,31.819805148973));
#8541 = CARTESIAN_POINT('',(810.,75.165450837643,32.314779897738));
#8542 = DEFINITIONAL_REPRESENTATION('',(#8543),#8547);
#8543 = LINE('',#8544,#8545);
#8544 = CARTESIAN_POINT('',(0.,0.));
#8545 = VECTOR('',#8546,1.);
#8546 = DIRECTION('',(1.,0.));
#8547 = ( GEOMETRIC_REPRESENTATION_CONTEXT(2) 
PARAMETRIC_REPRESENTATION_CONTEXT() REPRESENTATION_CONTEXT('2D SPACE',''
  ) );
#8548 = ORIENTED_EDGE('',*,*,#8388,.F.);
#8549 = ADVANCED_FACE('',(#8550),#8497,.T.);
#8550 = FACE_BOUND('',#8551,.T.);
#8551 = EDGE_LOOP('',(#8552,#8576,#8603,#8644));
#8552 = ORIENTED_EDGE('',*,*,#8553,.F.);
#8553 = EDGE_CURVE('',#8554,#8461,#8556,.T.);
#8554 = VERTEX_POINT('',#8555);
#8555 = CARTESIAN_POINT('',(610.,72.619866426562,36.557420586048));
#8556 = SURFACE_CURVE('',#8557,(#8562,#8569),.PCURVE_S1.);
#8557 = CIRCLE('',#8558,0.7);
#8558 = AXIS2_PLACEMENT_3D('',#8559,#8560,#8561);
#8559 = CARTESIAN_POINT('',(610.,72.124891679731,37.052395332879));
#8560 = DIRECTION('',(-1.,-7.850462293419E-17,-7.850462293419E-17));
#8561 = DIRECTION('',(-1.110223024625E-16,0.707106781187,0.707106781187)
  );
#8562 = PCURVE('',#8497,#8563);
#8563 = DEFINITIONAL_REPRESENTATION('',(#8564),#8568);
#8564 = LINE('',#8565,#8566);
#8565 = CARTESIAN_POINT('',(6.28318530718,0.));
#8566 = VECTOR('',#8567,1.);
#8567 = DIRECTION('',(-1.,0.));
#8568 = ( GEOMETRIC_REPRESENTATION_CONTEXT(2) 
PARAMETRIC_REPRESENTATION_CONTEXT() REPRESENTATION_CONTEXT('2D SPACE',''
  ) );
#8569 = PCURVE('',#8052,#8570);
#8570 = DEFINITIONAL_REPRESENTATION('',(#8571),#8575);
#8571 = CIRCLE('',#8572,0.7);
#8572 = AXIS2_PLACEMENT_2D('',#8573,#8574);
#8573 = CARTESIAN_POINT('',(-0.600000005854,1.6));
#8574 = DIRECTION('',(1.,0.));
#8575 = ( GEOMETRIC_REPRESENTATION_CONTEXT(2) 
PARAMETRIC_REPRESENTATION_CONTEXT() REPRESENTATION_CONTEXT('2D SPACE',''
  ) );
#8576 = ORIENTED_EDGE('',*,*,#8577,.T.);
#8577 = EDGE_CURVE('',#8554,#8578,#8580,.T.);
#8578 = VERTEX_POINT('',#8579);
#8579 = CARTESIAN_POINT('',(700.,78.488852728349,31.819805170037));
#8580 = SURFACE_CURVE('',#8581,(#8584,#8591),.PCURVE_S1.);
#8581 = B_SPLINE_CURVE_WITH_KNOTS('',1,(#8582,#8583),.UNSPECIFIED.,.F.,
  .F.,(2,2),(0.,1.),.PIECEWISE_BEZIER_KNOTS.);
#8582 = CARTESIAN_POINT('',(610.,72.619866426562,36.557420586048));
#8583 = CARTESIAN_POINT('',(700.,78.488852728349,31.819805170037));
#8584 = PCURVE('',#8497,#8585);
#8585 = DEFINITIONAL_REPRESENTATION('',(#8586),#8590);
#8586 = LINE('',#8587,#8588);
#8587 = CARTESIAN_POINT('',(4.712388980385,0.));
#8588 = VECTOR('',#8589,1.);
#8589 = DIRECTION('',(0.,1.));
#8590 = ( GEOMETRIC_REPRESENTATION_CONTEXT(2) 
PARAMETRIC_REPRESENTATION_CONTEXT() REPRESENTATION_CONTEXT('2D SPACE',''
  ) );
#8591 = PCURVE('',#8592,#8597);
#8592 = B_SPLINE_SURFACE_WITH_KNOTS('',1,1,(
    (#8593,#8594)
    ,(#8595,#8596
    )),.UNSPECIFIED.,.F.,.F.,.F.,(2,2),(2,2),(-0.49999997021,
    0.500000012507),(0.,1.),.PIECEWISE_BEZIER_KNOTS.);
#8593 = CARTESIAN_POINT('',(610.,72.619866426562,36.557420586048));
#8594 = CARTESIAN_POINT('',(700.,78.488852728349,31.819805170037));
#8595 = CARTESIAN_POINT('',(610.,73.044130499413,36.981684658899));
#8596 = CARTESIAN_POINT('',(700.,79.195959497315,32.526911939003));
#8597 = DEFINITIONAL_REPRESENTATION('',(#8598),#8602);
#8598 = LINE('',#8599,#8600);
#8599 = CARTESIAN_POINT('',(-0.49999997021,0.));
#8600 = VECTOR('',#8601,1.);
#8601 = DIRECTION('',(0.,1.));
#8602 = ( GEOMETRIC_REPRESENTATION_CONTEXT(2) 
PARAMETRIC_REPRESENTATION_CONTEXT() REPRESENTATION_CONTEXT('2D SPACE',''
  ) );
#8603 = ORIENTED_EDGE('',*,*,#8604,.F.);
#8604 = EDGE_CURVE('',#8483,#8578,#8605,.T.);
#8605 = SURFACE_CURVE('',#8606,(#8611,#8618),.PCURVE_S1.);
#8606 = CIRCLE('',#8607,1.5);
#8607 = AXIS2_PLACEMENT_3D('',#8608,#8609,#8610);
#8608 = CARTESIAN_POINT('',(700.,77.42819255657,32.880465341817));
#8609 = DIRECTION('',(1.,7.850462293419E-17,7.850462293419E-17));
#8610 = DIRECTION('',(1.110223024625E-16,-0.707106781187,-0.707106781187
    ));
#8611 = PCURVE('',#8497,#8612);
#8612 = DEFINITIONAL_REPRESENTATION('',(#8613),#8617);
#8613 = LINE('',#8614,#8615);
#8614 = CARTESIAN_POINT('',(3.14159265359,1.));
#8615 = VECTOR('',#8616,1.);
#8616 = DIRECTION('',(1.,0.));
#8617 = ( GEOMETRIC_REPRESENTATION_CONTEXT(2) 
PARAMETRIC_REPRESENTATION_CONTEXT() REPRESENTATION_CONTEXT('2D SPACE',''
  ) );
#8618 = PCURVE('',#8619,#8638);
#8619 = B_SPLINE_SURFACE_WITH_KNOTS('',8,1,(
    (#8620,#8621)
    ,(#8622,#8623)
    ,(#8624,#8625)
    ,(#8626,#8627)
    ,(#8628,#8629)
    ,(#8630,#8631)
    ,(#8632,#8633)
    ,(#8634,#8635)
    ,(#8636,#8637
    )),.UNSPECIFIED.,.F.,.F.,.F.,(9,9),(2,2),(0.,1.570796326795),(0.,1.)
  ,.PIECEWISE_BEZIER_KNOTS.);
#8620 = CARTESIAN_POINT('',(700.,76.36753238479,31.819805170037));
#8621 = CARTESIAN_POINT('',(810.,75.165450850139,32.314779910234));
#8622 = CARTESIAN_POINT('',(700.,76.575792522516,31.611545032311));
#8623 = CARTESIAN_POINT('',(810.,75.33205896032,32.148171800053));
#8624 = CARTESIAN_POINT('',(700.,76.830786249785,31.450018353019));
#8625 = CARTESIAN_POINT('',(809.99999999999,75.536053942135,
    32.01895194316));
#8626 = CARTESIAN_POINT('',(700.,77.120277784083,31.347459996662));
#8627 = CARTESIAN_POINT('',(810.,75.767647169575,31.936899014603));
#8628 = CARTESIAN_POINT('',(699.99999999999,77.42819255657,
    31.312260704026));
#8629 = CARTESIAN_POINT('',(810.,76.013978987563,31.908750997128));
#8630 = CARTESIAN_POINT('',(700.,77.736107329055,31.347459996662));
#8631 = CARTESIAN_POINT('',(809.99999999999,76.260310805551,
    31.936899014603));
#8632 = CARTESIAN_POINT('',(699.99999999999,78.025598863354,
    31.450018353018));
#8633 = CARTESIAN_POINT('',(810.,76.491904032991,32.01895194316));
#8634 = CARTESIAN_POINT('',(700.,78.280592590623,31.611545032311));
#8635 = CARTESIAN_POINT('',(809.99999999999,76.695899014806,
    32.148171800053));
#8636 = CARTESIAN_POINT('',(700.,78.488852728349,31.819805170037));
#8637 = CARTESIAN_POINT('',(810.,76.862507124987,32.314779910234));
#8638 = DEFINITIONAL_REPRESENTATION('',(#8639),#8643);
#8639 = LINE('',#8640,#8641);
#8640 = CARTESIAN_POINT('',(0.,0.));
#8641 = VECTOR('',#8642,1.);
#8642 = DIRECTION('',(1.,0.));
#8643 = ( GEOMETRIC_REPRESENTATION_CONTEXT(2) 
PARAMETRIC_REPRESENTATION_CONTEXT() REPRESENTATION_CONTEXT('2D SPACE',''
  ) );
#8644 = ORIENTED_EDGE('',*,*,#8482,.F.);
#8645 = ADVANCED_FACE('',(#8646),#8592,.T.);
#8646 = FACE_BOUND('',#8647,.T.);
#8647 = EDGE_LOOP('',(#8648,#8670,#8692,#8718));
#8648 = ORIENTED_EDGE('',*,*,#8649,.F.);
#8649 = EDGE_CURVE('',#8650,#8554,#8652,.T.);
#8650 = VERTEX_POINT('',#8651);
#8651 = CARTESIAN_POINT('',(610.,73.044130499413,36.981684658899));
#8652 = SURFACE_CURVE('',#8653,(#8657,#8663),.PCURVE_S1.);
#8653 = LINE('',#8654,#8655);
#8654 = CARTESIAN_POINT('',(610.,72.831998459371,36.769552618857));
#8655 = VECTOR('',#8656,1.);
#8656 = DIRECTION('',(1.110223024625E-16,-0.707106781187,-0.707106781187
    ));
#8657 = PCURVE('',#8592,#8658);
#8658 = DEFINITIONAL_REPRESENTATION('',(#8659),#8662);
#8659 = B_SPLINE_CURVE_WITH_KNOTS('',1,(#8660,#8661),.UNSPECIFIED.,.F.,
  .F.,(2,2),(-0.300000008041,0.299999997813),.PIECEWISE_BEZIER_KNOTS.);
#8660 = CARTESIAN_POINT('',(0.500000012507,0.));
#8661 = CARTESIAN_POINT('',(-0.49999997021,0.));
#8662 = ( GEOMETRIC_REPRESENTATION_CONTEXT(2) 
PARAMETRIC_REPRESENTATION_CONTEXT() REPRESENTATION_CONTEXT('2D SPACE',''
  ) );
#8663 = PCURVE('',#8052,#8664);
#8664 = DEFINITIONAL_REPRESENTATION('',(#8665),#8669);
#8665 = LINE('',#8666,#8667);
#8666 = CARTESIAN_POINT('',(-0.300000008041,2.3));
#8667 = VECTOR('',#8668,1.);
#8668 = DIRECTION('',(-1.,0.));
#8669 = ( GEOMETRIC_REPRESENTATION_CONTEXT(2) 
PARAMETRIC_REPRESENTATION_CONTEXT() REPRESENTATION_CONTEXT('2D SPACE',''
  ) );
#8670 = ORIENTED_EDGE('',*,*,#8671,.T.);
#8671 = EDGE_CURVE('',#8650,#8672,#8674,.T.);
#8672 = VERTEX_POINT('',#8673);
#8673 = CARTESIAN_POINT('',(700.,79.195959497315,32.526911939003));
#8674 = SURFACE_CURVE('',#8675,(#8678,#8685),.PCURVE_S1.);
#8675 = B_SPLINE_CURVE_WITH_KNOTS('',1,(#8676,#8677),.UNSPECIFIED.,.F.,
  .F.,(2,2),(0.,1.),.PIECEWISE_BEZIER_KNOTS.);
#8676 = CARTESIAN_POINT('',(610.,73.044130499413,36.981684658899));
#8677 = CARTESIAN_POINT('',(700.,79.195959497315,32.526911939003));
#8678 = PCURVE('',#8592,#8679);
#8679 = DEFINITIONAL_REPRESENTATION('',(#8680),#8684);
#8680 = LINE('',#8681,#8682);
#8681 = CARTESIAN_POINT('',(0.500000012507,0.));
#8682 = VECTOR('',#8683,1.);
#8683 = DIRECTION('',(0.,1.));
#8684 = ( GEOMETRIC_REPRESENTATION_CONTEXT(2) 
PARAMETRIC_REPRESENTATION_CONTEXT() REPRESENTATION_CONTEXT('2D SPACE',''
  ) );
#8685 = PCURVE('',#8146,#8686);
#8686 = DEFINITIONAL_REPRESENTATION('',(#8687),#8691);
#8687 = LINE('',#8688,#8689);
#8688 = CARTESIAN_POINT('',(4.712388980385,0.));
#8689 = VECTOR('',#8690,1.);
#8690 = DIRECTION('',(0.,1.));
#8691 = ( GEOMETRIC_REPRESENTATION_CONTEXT(2) 
PARAMETRIC_REPRESENTATION_CONTEXT() REPRESENTATION_CONTEXT('2D SPACE',''
  ) );
#8692 = ORIENTED_EDGE('',*,*,#8693,.T.);
#8693 = EDGE_CURVE('',#8672,#8578,#8694,.T.);
#8694 = SURFACE_CURVE('',#8695,(#8699,#8706),.PCURVE_S1.);
#8695 = LINE('',#8696,#8697);
#8696 = CARTESIAN_POINT('',(700.,78.842406097878,32.173358539566));
#8697 = VECTOR('',#8698,1.);
#8698 = DIRECTION('',(1.110223024625E-16,-0.707106781187,-0.707106781187
    ));
#8699 = PCURVE('',#8592,#8700);
#8700 = DEFINITIONAL_REPRESENTATION('',(#8701),#8705);
#8701 = LINE('',#8702,#8703);
#8702 = CARTESIAN_POINT('',(0.,1.));
#8703 = VECTOR('',#8704,1.);
#8704 = DIRECTION('',(-1.,0.));
#8705 = ( GEOMETRIC_REPRESENTATION_CONTEXT(2) 
PARAMETRIC_REPRESENTATION_CONTEXT() REPRESENTATION_CONTEXT('2D SPACE',''
  ) );
#8706 = PCURVE('',#8707,#8712);
#8707 = B_SPLINE_SURFACE_WITH_KNOTS('',1,1,(
    (#8708,#8709)
    ,(#8710,#8711
    )),.UNSPECIFIED.,.F.,.F.,.F.,(2,2),(2,2),(-0.49999997021,
    0.500000012507),(0.,1.),.PIECEWISE_BEZIER_KNOTS.);
#8708 = CARTESIAN_POINT('',(700.,78.488852728349,31.819805170037));
#8709 = CARTESIAN_POINT('',(810.,76.862507124987,32.314779910234));
#8710 = CARTESIAN_POINT('',(700.,79.195959497315,32.526911939003));
#8711 = CARTESIAN_POINT('',(810.,77.286771186177,32.739043971424));
#8712 = DEFINITIONAL_REPRESENTATION('',(#8713),#8717);
#8713 = LINE('',#8714,#8715);
#8714 = CARTESIAN_POINT('',(0.,0.));
#8715 = VECTOR('',#8716,1.);
#8716 = DIRECTION('',(-1.,0.));
#8717 = ( GEOMETRIC_REPRESENTATION_CONTEXT(2) 
PARAMETRIC_REPRESENTATION_CONTEXT() REPRESENTATION_CONTEXT('2D SPACE',''
  ) );
#8718 = ORIENTED_EDGE('',*,*,#8577,.F.);
#8719 = ADVANCED_FACE('',(#8720),#8146,.T.);
#8720 = FACE_BOUND('',#8721,.T.);
#8721 = EDGE_LOOP('',(#8722,#8744,#8745,#8786));
#8722 = ORIENTED_EDGE('',*,*,#8723,.F.);
#8723 = EDGE_CURVE('',#8033,#8650,#8724,.T.);
#8724 = SURFACE_CURVE('',#8725,(#8730,#8737),.PCURVE_S1.);
#8725 = CIRCLE('',#8726,0.7);
#8726 = AXIS2_PLACEMENT_3D('',#8727,#8728,#8729);
#8727 = CARTESIAN_POINT('',(610.,72.549155752583,37.47665940573));
#8728 = DIRECTION('',(-1.,-7.850462293419E-17,-7.850462293419E-17));
#8729 = DIRECTION('',(-1.110223024625E-16,0.707106781187,0.707106781187)
  );
#8730 = PCURVE('',#8146,#8731);
#8731 = DEFINITIONAL_REPRESENTATION('',(#8732),#8736);
#8732 = LINE('',#8733,#8734);
#8733 = CARTESIAN_POINT('',(6.28318530718,0.));
#8734 = VECTOR('',#8735,1.);
#8735 = DIRECTION('',(-1.,0.));
#8736 = ( GEOMETRIC_REPRESENTATION_CONTEXT(2) 
PARAMETRIC_REPRESENTATION_CONTEXT() REPRESENTATION_CONTEXT('2D SPACE',''
  ) );
#8737 = PCURVE('',#8052,#8738);
#8738 = DEFINITIONAL_REPRESENTATION('',(#8739),#8743);
#8739 = CIRCLE('',#8740,0.7);
#8740 = AXIS2_PLACEMENT_2D('',#8741,#8742);
#8741 = CARTESIAN_POINT('',(0.,1.6));
#8742 = DIRECTION('',(1.,0.));
#8743 = ( GEOMETRIC_REPRESENTATION_CONTEXT(2) 
PARAMETRIC_REPRESENTATION_CONTEXT() REPRESENTATION_CONTEXT('2D SPACE',''
  ) );
#8744 = ORIENTED_EDGE('',*,*,#8133,.T.);
#8745 = ORIENTED_EDGE('',*,*,#8746,.F.);
#8746 = EDGE_CURVE('',#8672,#8106,#8747,.T.);
#8747 = SURFACE_CURVE('',#8748,(#8753,#8760),.PCURVE_S1.);
#8748 = CIRCLE('',#8749,1.5);
#8749 = AXIS2_PLACEMENT_3D('',#8750,#8751,#8752);
#8750 = CARTESIAN_POINT('',(700.,78.135299325535,33.587572110783));
#8751 = DIRECTION('',(1.,7.850462293419E-17,7.850462293419E-17));
#8752 = DIRECTION('',(1.110223024625E-16,-0.707106781187,-0.707106781187
    ));
#8753 = PCURVE('',#8146,#8754);
#8754 = DEFINITIONAL_REPRESENTATION('',(#8755),#8759);
#8755 = LINE('',#8756,#8757);
#8756 = CARTESIAN_POINT('',(3.14159265359,1.));
#8757 = VECTOR('',#8758,1.);
#8758 = DIRECTION('',(1.,0.));
#8759 = ( GEOMETRIC_REPRESENTATION_CONTEXT(2) 
PARAMETRIC_REPRESENTATION_CONTEXT() REPRESENTATION_CONTEXT('2D SPACE',''
  ) );
#8760 = PCURVE('',#8761,#8780);
#8761 = B_SPLINE_SURFACE_WITH_KNOTS('',8,1,(
    (#8762,#8763)
    ,(#8764,#8765)
    ,(#8766,#8767)
    ,(#8768,#8769)
    ,(#8770,#8771)
    ,(#8772,#8773)
    ,(#8774,#8775)
    ,(#8776,#8777)
    ,(#8778,#8779
    )),.UNSPECIFIED.,.F.,.F.,.F.,(9,9),(2,2),(1.570796326795,
    3.14159265359),(0.,1.),.PIECEWISE_BEZIER_KNOTS.);
#8762 = CARTESIAN_POINT('',(700.,79.195959497315,32.526911939003));
#8763 = CARTESIAN_POINT('',(810.,77.286771186177,32.739043971424));
#8764 = CARTESIAN_POINT('',(699.99999999999,79.404219635041,
    32.735172076729));
#8765 = CARTESIAN_POINT('',(810.,77.453379296358,32.905652081605));
#8766 = CARTESIAN_POINT('',(700.00000000001,79.565746314334,
    32.990165803998));
#8767 = CARTESIAN_POINT('',(809.99999999999,77.58259915325,
    33.10964706342));
#8768 = CARTESIAN_POINT('',(699.99999999998,79.66830467069,
    33.279657338297));
#8769 = CARTESIAN_POINT('',(810.00000000001,77.664652081809,
    33.34124029086));
#8770 = CARTESIAN_POINT('',(700.00000000001,79.703503963327,
    33.587572110782));
#8771 = CARTESIAN_POINT('',(810.,77.692800099283,33.587572108848));
#8772 = CARTESIAN_POINT('',(699.99999999998,79.668304670691,
    33.89548688327));
#8773 = CARTESIAN_POINT('',(809.99999999999,77.664652081806,
    33.833903926836));
#8774 = CARTESIAN_POINT('',(700.,79.565746314333,34.184978417567));
#8775 = CARTESIAN_POINT('',(810.,77.582599153252,34.065497154276));
#8776 = CARTESIAN_POINT('',(699.99999999999,79.404219635041,
    34.439972144837));
#8777 = CARTESIAN_POINT('',(809.99999999999,77.453379296357,
    34.269492136091));
#8778 = CARTESIAN_POINT('',(700.,79.195959497315,34.648232282563));
#8779 = CARTESIAN_POINT('',(810.,77.286771186177,34.436100246272));
#8780 = DEFINITIONAL_REPRESENTATION('',(#8781),#8785);
#8781 = LINE('',#8782,#8783);
#8782 = CARTESIAN_POINT('',(0.,0.));
#8783 = VECTOR('',#8784,1.);
#8784 = DIRECTION('',(1.,0.));
#8785 = ( GEOMETRIC_REPRESENTATION_CONTEXT(2) 
PARAMETRIC_REPRESENTATION_CONTEXT() REPRESENTATION_CONTEXT('2D SPACE',''
  ) );
#8786 = ORIENTED_EDGE('',*,*,#8671,.F.);
#8787 = ADVANCED_FACE('',(#8788),#8121,.T.);
#8788 = FACE_BOUND('',#8789,.T.);
#8789 = EDGE_LOOP('',(#8790,#8791,#8813,#8840));
#8790 = ORIENTED_EDGE('',*,*,#8105,.F.);
#8791 = ORIENTED_EDGE('',*,*,#8792,.T.);
#8792 = EDGE_CURVE('',#8065,#8793,#8795,.T.);
#8793 = VERTEX_POINT('',#8794);
#8794 = CARTESIAN_POINT('',(810.,74.034079990232,37.688791437243));
#8795 = SURFACE_CURVE('',#8796,(#8799,#8806),.PCURVE_S1.);
#8796 = B_SPLINE_CURVE_WITH_KNOTS('',1,(#8797,#8798),.UNSPECIFIED.,.F.,
  .F.,(2,2),(0.,1.),.PIECEWISE_BEZIER_KNOTS.);
#8797 = CARTESIAN_POINT('',(700.,75.660425582539,38.183766179652));
#8798 = CARTESIAN_POINT('',(810.,74.034079987745,37.688791434756));
#8799 = PCURVE('',#8121,#8800);
#8800 = DEFINITIONAL_REPRESENTATION('',(#8801),#8805);
#8801 = LINE('',#8802,#8803);
#8802 = CARTESIAN_POINT('',(2.5,0.));
#8803 = VECTOR('',#8804,1.);
#8804 = DIRECTION('',(0.,1.));
#8805 = ( GEOMETRIC_REPRESENTATION_CONTEXT(2) 
PARAMETRIC_REPRESENTATION_CONTEXT() REPRESENTATION_CONTEXT('2D SPACE',''
  ) );
#8806 = PCURVE('',#8241,#8807);
#8807 = DEFINITIONAL_REPRESENTATION('',(#8808),#8812);
#8808 = LINE('',#8809,#8810);
#8809 = CARTESIAN_POINT('',(3.14159265359,0.));
#8810 = VECTOR('',#8811,1.);
#8811 = DIRECTION('',(0.,1.));
#8812 = ( GEOMETRIC_REPRESENTATION_CONTEXT(2) 
PARAMETRIC_REPRESENTATION_CONTEXT() REPRESENTATION_CONTEXT('2D SPACE',''
  ) );
#8813 = ORIENTED_EDGE('',*,*,#8814,.T.);
#8814 = EDGE_CURVE('',#8793,#8815,#8817,.T.);
#8815 = VERTEX_POINT('',#8816);
#8816 = CARTESIAN_POINT('',(810.,77.28677118369,34.436100243785));
#8817 = SURFACE_CURVE('',#8818,(#8822,#8828),.PCURVE_S1.);
#8818 = LINE('',#8819,#8820);
#8819 = CARTESIAN_POINT('',(810.,75.660425584474,36.062445838027));
#8820 = VECTOR('',#8821,1.);
#8821 = DIRECTION('',(0.,0.707106781187,-0.707106781187));
#8822 = PCURVE('',#8121,#8823);
#8823 = DEFINITIONAL_REPRESENTATION('',(#8824),#8827);
#8824 = B_SPLINE_CURVE_WITH_KNOTS('',1,(#8825,#8826),.UNSPECIFIED.,.F.,
  .F.,(2,2),(-2.3,2.3),.PIECEWISE_BEZIER_KNOTS.);
#8825 = CARTESIAN_POINT('',(2.5,1.));
#8826 = CARTESIAN_POINT('',(-2.5,1.));
#8827 = ( GEOMETRIC_REPRESENTATION_CONTEXT(2) 
PARAMETRIC_REPRESENTATION_CONTEXT() REPRESENTATION_CONTEXT('2D SPACE',''
  ) );
#8828 = PCURVE('',#8829,#8834);
#8829 = B_SPLINE_SURFACE_WITH_KNOTS('',1,1,(
    (#8830,#8831)
    ,(#8832,#8833
    )),.UNSPECIFIED.,.F.,.F.,.F.,(2,2),(2,2),(-2.3,2.3),(0.,1.),
  .PIECEWISE_BEZIER_KNOTS.);
#8830 = CARTESIAN_POINT('',(810.,77.286771181203,34.436100241298));
#8831 = CARTESIAN_POINT('',(848.,71.241008200811,38.006989487535));
#8832 = CARTESIAN_POINT('',(810.,74.034079987745,37.688791434756));
#8833 = CARTESIAN_POINT('',(848.,70.53390142087,38.714096267476));
#8834 = DEFINITIONAL_REPRESENTATION('',(#8835),#8839);
#8835 = LINE('',#8836,#8837);
#8836 = CARTESIAN_POINT('',(0.,0.));
#8837 = VECTOR('',#8838,1.);
#8838 = DIRECTION('',(-1.,0.));
#8839 = ( GEOMETRIC_REPRESENTATION_CONTEXT(2) 
PARAMETRIC_REPRESENTATION_CONTEXT() REPRESENTATION_CONTEXT('2D SPACE',''
  ) );
#8840 = ORIENTED_EDGE('',*,*,#8841,.F.);
#8841 = EDGE_CURVE('',#8106,#8815,#8842,.T.);
#8842 = SURFACE_CURVE('',#8843,(#8846,#8853),.PCURVE_S1.);
#8843 = B_SPLINE_CURVE_WITH_KNOTS('',1,(#8844,#8845),.UNSPECIFIED.,.F.,
  .F.,(2,2),(0.,1.),.PIECEWISE_BEZIER_KNOTS.);
#8844 = CARTESIAN_POINT('',(700.,79.195959488472,34.648232273719));
#8845 = CARTESIAN_POINT('',(810.,77.286771181203,34.436100241298));
#8846 = PCURVE('',#8121,#8847);
#8847 = DEFINITIONAL_REPRESENTATION('',(#8848),#8852);
#8848 = LINE('',#8849,#8850);
#8849 = CARTESIAN_POINT('',(-2.5,0.));
#8850 = VECTOR('',#8851,1.);
#8851 = DIRECTION('',(0.,1.));
#8852 = ( GEOMETRIC_REPRESENTATION_CONTEXT(2) 
PARAMETRIC_REPRESENTATION_CONTEXT() REPRESENTATION_CONTEXT('2D SPACE',''
  ) );
#8853 = PCURVE('',#8761,#8854);
#8854 = DEFINITIONAL_REPRESENTATION('',(#8855),#8859);
#8855 = LINE('',#8856,#8857);
#8856 = CARTESIAN_POINT('',(3.14159265359,0.));
#8857 = VECTOR('',#8858,1.);
#8858 = DIRECTION('',(0.,1.));
#8859 = ( GEOMETRIC_REPRESENTATION_CONTEXT(2) 
PARAMETRIC_REPRESENTATION_CONTEXT() REPRESENTATION_CONTEXT('2D SPACE',''
  ) );
#8860 = ADVANCED_FACE('',(#8861),#8241,.T.);
#8861 = FACE_BOUND('',#8862,.T.);
#8862 = EDGE_LOOP('',(#8863,#8864,#8886,#8925));
#8863 = ORIENTED_EDGE('',*,*,#8226,.T.);
#8864 = ORIENTED_EDGE('',*,*,#8865,.T.);
#8865 = EDGE_CURVE('',#8200,#8866,#8868,.T.);
#8866 = VERTEX_POINT('',#8867);
#8867 = CARTESIAN_POINT('',(810.,72.337023717871,37.68879143973));
#8868 = SURFACE_CURVE('',#8869,(#8872,#8879),.PCURVE_S1.);
#8869 = B_SPLINE_CURVE_WITH_KNOTS('',1,(#8870,#8871),.UNSPECIFIED.,.F.,
  .F.,(2,2),(0.,1.),.PIECEWISE_BEZIER_KNOTS.);
#8870 = CARTESIAN_POINT('',(700.,73.539105247823,38.183766188495));
#8871 = CARTESIAN_POINT('',(810.,72.337023717871,37.68879143973));
#8872 = PCURVE('',#8241,#8873);
#8873 = DEFINITIONAL_REPRESENTATION('',(#8874),#8878);
#8874 = LINE('',#8875,#8876);
#8875 = CARTESIAN_POINT('',(4.712388980385,0.));
#8876 = VECTOR('',#8877,1.);
#8877 = DIRECTION('',(0.,1.));
#8878 = ( GEOMETRIC_REPRESENTATION_CONTEXT(2) 
PARAMETRIC_REPRESENTATION_CONTEXT() REPRESENTATION_CONTEXT('2D SPACE',''
  ) );
#8879 = PCURVE('',#8348,#8880);
#8880 = DEFINITIONAL_REPRESENTATION('',(#8881),#8885);
#8881 = LINE('',#8882,#8883);
#8882 = CARTESIAN_POINT('',(-0.500000012507,0.));
#8883 = VECTOR('',#8884,1.);
#8884 = DIRECTION('',(0.,1.));
#8885 = ( GEOMETRIC_REPRESENTATION_CONTEXT(2) 
PARAMETRIC_REPRESENTATION_CONTEXT() REPRESENTATION_CONTEXT('2D SPACE',''
  ) );
#8886 = ORIENTED_EDGE('',*,*,#8887,.F.);
#8887 = EDGE_CURVE('',#8793,#8866,#8888,.T.);
#8888 = SURFACE_CURVE('',#8889,(#8894,#8901),.PCURVE_S1.);
#8889 = CIRCLE('',#8890,1.2);
#8890 = AXIS2_PLACEMENT_3D('',#8891,#8892,#8893);
#8891 = CARTESIAN_POINT('',(810.,73.185551855295,36.840263302306));
#8892 = DIRECTION('',(1.,7.850462293419E-17,7.850462293419E-17));
#8893 = DIRECTION('',(1.110223024625E-16,-0.707106781187,-0.707106781187
    ));
#8894 = PCURVE('',#8241,#8895);
#8895 = DEFINITIONAL_REPRESENTATION('',(#8896),#8900);
#8896 = LINE('',#8897,#8898);
#8897 = CARTESIAN_POINT('',(0.,1.));
#8898 = VECTOR('',#8899,1.);
#8899 = DIRECTION('',(1.,0.));
#8900 = ( GEOMETRIC_REPRESENTATION_CONTEXT(2) 
PARAMETRIC_REPRESENTATION_CONTEXT() REPRESENTATION_CONTEXT('2D SPACE',''
  ) );
#8901 = PCURVE('',#8902,#8919);
#8902 = B_SPLINE_SURFACE_WITH_KNOTS('',7,1,(
    (#8903,#8904)
    ,(#8905,#8906)
    ,(#8907,#8908)
    ,(#8909,#8910)
    ,(#8911,#8912)
    ,(#8913,#8914)
    ,(#8915,#8916)
    ,(#8917,#8918
    )),.UNSPECIFIED.,.F.,.F.,.F.,(8,8),(2,2),(3.14159265359,
    4.712388980385),(0.,1.),.PIECEWISE_BEZIER_KNOTS.);
#8903 = CARTESIAN_POINT('',(810.,74.034079992718,37.68879143973));
#8904 = CARTESIAN_POINT('',(848.,70.533901425846,38.714096272451));
#8905 = CARTESIAN_POINT('',(809.99999999999,73.84367072394,
    37.879200708508));
#8906 = CARTESIAN_POINT('',(847.99999999999,70.454564230521,
    38.793433467775));
#8907 = CARTESIAN_POINT('',(810.00000000002,73.603412292984,
    38.019758972904));
#8908 = CARTESIAN_POINT('',(848.00000000001,70.354456550958,
    38.851999411275));
#8909 = CARTESIAN_POINT('',(809.99999999996,73.328966501461,
    38.094820352834));
#8910 = CARTESIAN_POINT('',(847.99999999998,70.24010413782,
    38.883274986243));
#8911 = CARTESIAN_POINT('',(810.00000000003,73.042137209128,
    38.094820352837));
#8912 = CARTESIAN_POINT('',(848.00000000001,70.120591932685,
    38.883274986248));
#8913 = CARTESIAN_POINT('',(809.99999999998,72.767691417605,
    38.019758972902));
#8914 = CARTESIAN_POINT('',(847.99999999999,70.006239519548,
    38.851999411272));
#8915 = CARTESIAN_POINT('',(810.,72.527432986649,37.879200708508));
#8916 = CARTESIAN_POINT('',(848.,69.906131839984,38.793433467776));
#8917 = CARTESIAN_POINT('',(810.,72.337023717871,37.68879143973));
#8918 = CARTESIAN_POINT('',(848.,69.826794644659,38.714096272451));
#8919 = DEFINITIONAL_REPRESENTATION('',(#8920),#8924);
#8920 = LINE('',#8921,#8922);
#8921 = CARTESIAN_POINT('',(0.,0.));
#8922 = VECTOR('',#8923,1.);
#8923 = DIRECTION('',(1.,0.));
#8924 = ( GEOMETRIC_REPRESENTATION_CONTEXT(2) 
PARAMETRIC_REPRESENTATION_CONTEXT() REPRESENTATION_CONTEXT('2D SPACE',''
  ) );
#8925 = ORIENTED_EDGE('',*,*,#8792,.F.);
#8926 = ADVANCED_FACE('',(#8927),#8348,.T.);
#8927 = FACE_BOUND('',#8928,.T.);
#8928 = EDGE_LOOP('',(#8929,#8930,#8952,#8977));
#8929 = ORIENTED_EDGE('',*,*,#8334,.T.);
#8930 = ORIENTED_EDGE('',*,*,#8931,.T.);
#8931 = EDGE_CURVE('',#8294,#8932,#8934,.T.);
#8932 = VERTEX_POINT('',#8933);
#8933 = CARTESIAN_POINT('',(810.,71.912759656681,37.26452737854));
#8934 = SURFACE_CURVE('',#8935,(#8938,#8945),.PCURVE_S1.);
#8935 = B_SPLINE_CURVE_WITH_KNOTS('',1,(#8936,#8937),.UNSPECIFIED.,.F.,
  .F.,(2,2),(0.,1.),.PIECEWISE_BEZIER_KNOTS.);
#8936 = CARTESIAN_POINT('',(700.,72.831998478857,37.47665941953));
#8937 = CARTESIAN_POINT('',(810.,71.912759656681,37.26452737854));
#8938 = PCURVE('',#8348,#8939);
#8939 = DEFINITIONAL_REPRESENTATION('',(#8940),#8944);
#8940 = LINE('',#8941,#8942);
#8941 = CARTESIAN_POINT('',(0.49999997021,0.));
#8942 = VECTOR('',#8943,1.);
#8943 = DIRECTION('',(0.,1.));
#8944 = ( GEOMETRIC_REPRESENTATION_CONTEXT(2) 
PARAMETRIC_REPRESENTATION_CONTEXT() REPRESENTATION_CONTEXT('2D SPACE',''
  ) );
#8945 = PCURVE('',#8430,#8946);
#8946 = DEFINITIONAL_REPRESENTATION('',(#8947),#8951);
#8947 = LINE('',#8948,#8949);
#8948 = CARTESIAN_POINT('',(4.712388980385,0.));
#8949 = VECTOR('',#8950,1.);
#8950 = DIRECTION('',(0.,1.));
#8951 = ( GEOMETRIC_REPRESENTATION_CONTEXT(2) 
PARAMETRIC_REPRESENTATION_CONTEXT() REPRESENTATION_CONTEXT('2D SPACE',''
  ) );
#8952 = ORIENTED_EDGE('',*,*,#8953,.F.);
#8953 = EDGE_CURVE('',#8866,#8932,#8954,.T.);
#8954 = SURFACE_CURVE('',#8955,(#8959,#8965),.PCURVE_S1.);
#8955 = LINE('',#8956,#8957);
#8956 = CARTESIAN_POINT('',(810.,72.124891678541,37.4766594004));
#8957 = VECTOR('',#8958,1.);
#8958 = DIRECTION('',(1.110223024625E-16,-0.707106781187,-0.707106781187
    ));
#8959 = PCURVE('',#8348,#8960);
#8960 = DEFINITIONAL_REPRESENTATION('',(#8961),#8964);
#8961 = B_SPLINE_CURVE_WITH_KNOTS('',1,(#8962,#8963),.UNSPECIFIED.,.F.,
  .F.,(2,2),(-0.300000007034,0.299999982328),.PIECEWISE_BEZIER_KNOTS.);
#8962 = CARTESIAN_POINT('',(-0.500000012507,1.));
#8963 = CARTESIAN_POINT('',(0.49999997021,1.));
#8964 = ( GEOMETRIC_REPRESENTATION_CONTEXT(2) 
PARAMETRIC_REPRESENTATION_CONTEXT() REPRESENTATION_CONTEXT('2D SPACE',''
  ) );
#8965 = PCURVE('',#8966,#8971);
#8966 = B_SPLINE_SURFACE_WITH_KNOTS('',1,1,(
    (#8967,#8968)
    ,(#8969,#8970
    )),.UNSPECIFIED.,.F.,.F.,.F.,(2,2),(2,2),(-0.300000007034,
    0.299999982328),(0.,1.),.PIECEWISE_BEZIER_KNOTS.);
#8967 = CARTESIAN_POINT('',(810.,72.337023717871,37.68879143973));
#8968 = CARTESIAN_POINT('',(848.,69.826794644659,38.714096272451));
#8969 = CARTESIAN_POINT('',(810.,71.912759656681,37.26452737854));
#8970 = CARTESIAN_POINT('',(848.,69.473241251578,38.36054287937));
#8971 = DEFINITIONAL_REPRESENTATION('',(#8972),#8976);
#8972 = LINE('',#8973,#8974);
#8973 = CARTESIAN_POINT('',(0.,0.));
#8974 = VECTOR('',#8975,1.);
#8975 = DIRECTION('',(1.,0.));
#8976 = ( GEOMETRIC_REPRESENTATION_CONTEXT(2) 
PARAMETRIC_REPRESENTATION_CONTEXT() REPRESENTATION_CONTEXT('2D SPACE',''
  ) );
#8977 = ORIENTED_EDGE('',*,*,#8865,.F.);
#8978 = ADVANCED_FACE('',(#8979),#8430,.T.);
#8979 = FACE_BOUND('',#8980,.T.);
#8980 = EDGE_LOOP('',(#8981,#8982,#9004,#9043));
#8981 = ORIENTED_EDGE('',*,*,#8415,.T.);
#8982 = ORIENTED_EDGE('',*,*,#8983,.T.);
#8983 = EDGE_CURVE('',#8389,#8984,#8986,.T.);
#8984 = VERTEX_POINT('',#8985);
#8985 = CARTESIAN_POINT('',(810.,71.912759650433,35.567471097444));
#8986 = SURFACE_CURVE('',#8987,(#8990,#8997),.PCURVE_S1.);
#8987 = B_SPLINE_CURVE_WITH_KNOTS('',1,(#8988,#8989),.UNSPECIFIED.,.F.,
  .F.,(2,2),(0.,1.),.PIECEWISE_BEZIER_KNOTS.);
#8988 = CARTESIAN_POINT('',(700.,72.831998478857,35.35533907597));
#8989 = CARTESIAN_POINT('',(810.,71.912759656681,35.567471103692));
#8990 = PCURVE('',#8430,#8991);
#8991 = DEFINITIONAL_REPRESENTATION('',(#8992),#8996);
#8992 = LINE('',#8993,#8994);
#8993 = CARTESIAN_POINT('',(6.28318530718,0.));
#8994 = VECTOR('',#8995,1.);
#8995 = DIRECTION('',(0.,1.));
#8996 = ( GEOMETRIC_REPRESENTATION_CONTEXT(2) 
PARAMETRIC_REPRESENTATION_CONTEXT() REPRESENTATION_CONTEXT('2D SPACE',''
  ) );
#8997 = PCURVE('',#8537,#8998);
#8998 = DEFINITIONAL_REPRESENTATION('',(#8999),#9003);
#8999 = LINE('',#9000,#9001);
#9000 = CARTESIAN_POINT('',(-2.5,0.));
#9001 = VECTOR('',#9002,1.);
#9002 = DIRECTION('',(0.,1.));
#9003 = ( GEOMETRIC_REPRESENTATION_CONTEXT(2) 
PARAMETRIC_REPRESENTATION_CONTEXT() REPRESENTATION_CONTEXT('2D SPACE',''
  ) );
#9004 = ORIENTED_EDGE('',*,*,#9005,.F.);
#9005 = EDGE_CURVE('',#8932,#8984,#9006,.T.);
#9006 = SURFACE_CURVE('',#9007,(#9012,#9019),.PCURVE_S1.);
#9007 = CIRCLE('',#9008,1.2);
#9008 = AXIS2_PLACEMENT_3D('',#9009,#9010,#9011);
#9009 = CARTESIAN_POINT('',(810.,72.761287794105,36.415999241116));
#9010 = DIRECTION('',(1.,7.850462293419E-17,7.850462293419E-17));
#9011 = DIRECTION('',(1.110223024625E-16,-0.707106781187,-0.707106781187
    ));
#9012 = PCURVE('',#8430,#9013);
#9013 = DEFINITIONAL_REPRESENTATION('',(#9014),#9018);
#9014 = LINE('',#9015,#9016);
#9015 = CARTESIAN_POINT('',(0.,1.));
#9016 = VECTOR('',#9017,1.);
#9017 = DIRECTION('',(1.,0.));
#9018 = ( GEOMETRIC_REPRESENTATION_CONTEXT(2) 
PARAMETRIC_REPRESENTATION_CONTEXT() REPRESENTATION_CONTEXT('2D SPACE',''
  ) );
#9019 = PCURVE('',#9020,#9037);
#9020 = B_SPLINE_SURFACE_WITH_KNOTS('',7,1,(
    (#9021,#9022)
    ,(#9023,#9024)
    ,(#9025,#9026)
    ,(#9027,#9028)
    ,(#9029,#9030)
    ,(#9031,#9032)
    ,(#9033,#9034)
    ,(#9035,#9036
    )),.UNSPECIFIED.,.F.,.F.,.F.,(8,8),(2,2),(4.712388980385,
    6.28318530718),(0.,1.),.PIECEWISE_BEZIER_KNOTS.);
#9021 = CARTESIAN_POINT('',(809.99999999999,71.912759656681,
    37.26452737854));
#9022 = CARTESIAN_POINT('',(847.99999999999,69.473241251578,
    38.36054287937));
#9023 = CARTESIAN_POINT('',(810.,71.722350387903,37.074118109762));
#9024 = CARTESIAN_POINT('',(848.,69.393904056255,38.281205684046));
#9025 = CARTESIAN_POINT('',(809.99999999998,71.581792123507,
    36.833859678804));
#9026 = CARTESIAN_POINT('',(847.99999999998,69.335338112755,
    38.18109800448));
#9027 = CARTESIAN_POINT('',(810.00000000002,71.506730743576,
    36.559413887286));
#9028 = CARTESIAN_POINT('',(848.00000000002,69.304062537786,
    38.066745591348));
#9029 = CARTESIAN_POINT('',(809.99999999997,71.506730743574,
    36.272584594947));
#9030 = CARTESIAN_POINT('',(847.99999999998,69.304062537783,
    37.947233386206));
#9031 = CARTESIAN_POINT('',(810.00000000001,71.581792123509,
    35.998138803428));
#9032 = CARTESIAN_POINT('',(848.,69.335338112757,37.832880973074));
#9033 = CARTESIAN_POINT('',(809.99999999999,71.722350387903,
    35.757880372471));
#9034 = CARTESIAN_POINT('',(847.99999999999,69.393904056254,
    37.732773293508));
#9035 = CARTESIAN_POINT('',(810.,71.912759656681,35.567471103692));
#9036 = CARTESIAN_POINT('',(848.,69.473241251578,37.653436098184));
#9037 = DEFINITIONAL_REPRESENTATION('',(#9038),#9042);
#9038 = LINE('',#9039,#9040);
#9039 = CARTESIAN_POINT('',(0.,0.));
#9040 = VECTOR('',#9041,1.);
#9041 = DIRECTION('',(1.,0.));
#9042 = ( GEOMETRIC_REPRESENTATION_CONTEXT(2) 
PARAMETRIC_REPRESENTATION_CONTEXT() REPRESENTATION_CONTEXT('2D SPACE',''
  ) );
#9043 = ORIENTED_EDGE('',*,*,#8931,.F.);
#9044 = ADVANCED_FACE('',(#9045),#8537,.T.);
#9045 = FACE_BOUND('',#9046,.T.);
#9046 = EDGE_LOOP('',(#9047,#9048,#9070,#9095));
#9047 = ORIENTED_EDGE('',*,*,#8523,.T.);
#9048 = ORIENTED_EDGE('',*,*,#9049,.T.);
#9049 = EDGE_CURVE('',#8483,#9050,#9052,.T.);
#9050 = VERTEX_POINT('',#9051);
#9051 = CARTESIAN_POINT('',(810.,75.165450843891,32.314779903986));
#9052 = SURFACE_CURVE('',#9053,(#9056,#9063),.PCURVE_S1.);
#9053 = B_SPLINE_CURVE_WITH_KNOTS('',1,(#9054,#9055),.UNSPECIFIED.,.F.,
  .F.,(2,2),(0.,1.),.PIECEWISE_BEZIER_KNOTS.);
#9054 = CARTESIAN_POINT('',(700.,76.367532363725,31.819805148973));
#9055 = CARTESIAN_POINT('',(810.,75.165450837643,32.314779897738));
#9056 = PCURVE('',#8537,#9057);
#9057 = DEFINITIONAL_REPRESENTATION('',(#9058),#9062);
#9058 = LINE('',#9059,#9060);
#9059 = CARTESIAN_POINT('',(2.5,0.));
#9060 = VECTOR('',#9061,1.);
#9061 = DIRECTION('',(0.,1.));
#9062 = ( GEOMETRIC_REPRESENTATION_CONTEXT(2) 
PARAMETRIC_REPRESENTATION_CONTEXT() REPRESENTATION_CONTEXT('2D SPACE',''
  ) );
#9063 = PCURVE('',#8619,#9064);
#9064 = DEFINITIONAL_REPRESENTATION('',(#9065),#9069);
#9065 = LINE('',#9066,#9067);
#9066 = CARTESIAN_POINT('',(0.,0.));
#9067 = VECTOR('',#9068,1.);
#9068 = DIRECTION('',(0.,1.));
#9069 = ( GEOMETRIC_REPRESENTATION_CONTEXT(2) 
PARAMETRIC_REPRESENTATION_CONTEXT() REPRESENTATION_CONTEXT('2D SPACE',''
  ) );
#9070 = ORIENTED_EDGE('',*,*,#9071,.F.);
#9071 = EDGE_CURVE('',#8984,#9050,#9072,.T.);
#9072 = SURFACE_CURVE('',#9073,(#9077,#9083),.PCURVE_S1.);
#9073 = LINE('',#9074,#9075);
#9074 = CARTESIAN_POINT('',(810.,73.539105240914,33.941125494467));
#9075 = VECTOR('',#9076,1.);
#9076 = DIRECTION('',(0.,0.707106781187,-0.707106781187));
#9077 = PCURVE('',#8537,#9078);
#9078 = DEFINITIONAL_REPRESENTATION('',(#9079),#9082);
#9079 = B_SPLINE_CURVE_WITH_KNOTS('',1,(#9080,#9081),.UNSPECIFIED.,.F.,
  .F.,(2,2),(-2.3,2.3),.PIECEWISE_BEZIER_KNOTS.);
#9080 = CARTESIAN_POINT('',(-2.5,1.));
#9081 = CARTESIAN_POINT('',(2.5,1.));
#9082 = ( GEOMETRIC_REPRESENTATION_CONTEXT(2) 
PARAMETRIC_REPRESENTATION_CONTEXT() REPRESENTATION_CONTEXT('2D SPACE',''
  ) );
#9083 = PCURVE('',#9084,#9089);
#9084 = B_SPLINE_SURFACE_WITH_KNOTS('',1,1,(
    (#9085,#9086)
    ,(#9087,#9088
    )),.UNSPECIFIED.,.F.,.F.,.F.,(2,2),(2,2),(-2.3,2.3),(0.,1.),
  .PIECEWISE_BEZIER_KNOTS.);
#9085 = CARTESIAN_POINT('',(810.,71.912759644185,35.567471091196));
#9086 = CARTESIAN_POINT('',(848.,69.47324124909,37.653436095696));
#9087 = CARTESIAN_POINT('',(810.,75.165450837643,32.314779897738));
#9088 = CARTESIAN_POINT('',(848.,70.180348030277,36.946329314509));
#9089 = DEFINITIONAL_REPRESENTATION('',(#9090),#9094);
#9090 = LINE('',#9091,#9092);
#9091 = CARTESIAN_POINT('',(0.,0.));
#9092 = VECTOR('',#9093,1.);
#9093 = DIRECTION('',(1.,0.));
#9094 = ( GEOMETRIC_REPRESENTATION_CONTEXT(2) 
PARAMETRIC_REPRESENTATION_CONTEXT() REPRESENTATION_CONTEXT('2D SPACE',''
  ) );
#9095 = ORIENTED_EDGE('',*,*,#8983,.F.);
#9096 = ADVANCED_FACE('',(#9097),#8619,.T.);
#9097 = FACE_BOUND('',#9098,.T.);
#9098 = EDGE_LOOP('',(#9099,#9100,#9122,#9161));
#9099 = ORIENTED_EDGE('',*,*,#8604,.T.);
#9100 = ORIENTED_EDGE('',*,*,#9101,.T.);
#9101 = EDGE_CURVE('',#8578,#9102,#9104,.T.);
#9102 = VERTEX_POINT('',#9103);
#9103 = CARTESIAN_POINT('',(810.,76.862507124987,32.314779910234));
#9104 = SURFACE_CURVE('',#9105,(#9108,#9115),.PCURVE_S1.);
#9105 = B_SPLINE_CURVE_WITH_KNOTS('',1,(#9106,#9107),.UNSPECIFIED.,.F.,
  .F.,(2,2),(0.,1.),.PIECEWISE_BEZIER_KNOTS.);
#9106 = CARTESIAN_POINT('',(700.,78.488852728349,31.819805170037));
#9107 = CARTESIAN_POINT('',(810.,76.862507124987,32.314779910234));
#9108 = PCURVE('',#8619,#9109);
#9109 = DEFINITIONAL_REPRESENTATION('',(#9110),#9114);
#9110 = LINE('',#9111,#9112);
#9111 = CARTESIAN_POINT('',(1.570796326795,0.));
#9112 = VECTOR('',#9113,1.);
#9113 = DIRECTION('',(0.,1.));
#9114 = ( GEOMETRIC_REPRESENTATION_CONTEXT(2) 
PARAMETRIC_REPRESENTATION_CONTEXT() REPRESENTATION_CONTEXT('2D SPACE',''
  ) );
#9115 = PCURVE('',#8707,#9116);
#9116 = DEFINITIONAL_REPRESENTATION('',(#9117),#9121);
#9117 = LINE('',#9118,#9119);
#9118 = CARTESIAN_POINT('',(-0.49999997021,0.));
#9119 = VECTOR('',#9120,1.);
#9120 = DIRECTION('',(0.,1.));
#9121 = ( GEOMETRIC_REPRESENTATION_CONTEXT(2) 
PARAMETRIC_REPRESENTATION_CONTEXT() REPRESENTATION_CONTEXT('2D SPACE',''
  ) );
#9122 = ORIENTED_EDGE('',*,*,#9123,.F.);
#9123 = EDGE_CURVE('',#9050,#9102,#9124,.T.);
#9124 = SURFACE_CURVE('',#9125,(#9130,#9137),.PCURVE_S1.);
#9125 = CIRCLE('',#9126,1.2);
#9126 = AXIS2_PLACEMENT_3D('',#9127,#9128,#9129);
#9127 = CARTESIAN_POINT('',(810.,76.013978987563,33.163308047658));
#9128 = DIRECTION('',(1.,7.850462293419E-17,7.850462293419E-17));
#9129 = DIRECTION('',(1.110223024625E-16,-0.707106781187,-0.707106781187
    ));
#9130 = PCURVE('',#8619,#9131);
#9131 = DEFINITIONAL_REPRESENTATION('',(#9132),#9136);
#9132 = LINE('',#9133,#9134);
#9133 = CARTESIAN_POINT('',(0.,1.));
#9134 = VECTOR('',#9135,1.);
#9135 = DIRECTION('',(1.,0.));
#9136 = ( GEOMETRIC_REPRESENTATION_CONTEXT(2) 
PARAMETRIC_REPRESENTATION_CONTEXT() REPRESENTATION_CONTEXT('2D SPACE',''
  ) );
#9137 = PCURVE('',#9138,#9155);
#9138 = B_SPLINE_SURFACE_WITH_KNOTS('',7,1,(
    (#9139,#9140)
    ,(#9141,#9142)
    ,(#9143,#9144)
    ,(#9145,#9146)
    ,(#9147,#9148)
    ,(#9149,#9150)
    ,(#9151,#9152)
    ,(#9153,#9154
    )),.UNSPECIFIED.,.F.,.F.,.F.,(8,8),(2,2),(0.,1.570796326795),(0.,1.)
  ,.PIECEWISE_BEZIER_KNOTS.);
#9139 = CARTESIAN_POINT('',(810.,75.165450850139,32.314779910234));
#9140 = CARTESIAN_POINT('',(848.,70.180348030277,36.946329314509));
#9141 = CARTESIAN_POINT('',(810.,75.355860118917,32.124370641456));
#9142 = CARTESIAN_POINT('',(848.,70.259685225601,36.866992119185));
#9143 = CARTESIAN_POINT('',(809.99999999999,75.596118549874,
    31.983812377061));
#9144 = CARTESIAN_POINT('',(847.99999999999,70.359792905166,
    36.808426175687));
#9145 = CARTESIAN_POINT('',(810.00000000001,75.870564341395,
    31.908750997129));
#9146 = CARTESIAN_POINT('',(848.00000000001,70.474145318302,
    36.777150600716));
#9147 = CARTESIAN_POINT('',(809.99999999998,76.157393633731,
    31.908750997128));
#9148 = CARTESIAN_POINT('',(847.99999999998,70.593657523439,
    36.777150600714));
#9149 = CARTESIAN_POINT('',(810.,76.431839425252,31.983812377061));
#9150 = CARTESIAN_POINT('',(848.,70.708009936575,36.808426175688));
#9151 = CARTESIAN_POINT('',(809.99999999999,76.672097856208,
    32.124370641456));
#9152 = CARTESIAN_POINT('',(847.99999999999,70.808117616139,
    36.866992119185));
#9153 = CARTESIAN_POINT('',(810.,76.862507124987,32.314779910234));
#9154 = CARTESIAN_POINT('',(848.,70.887454811464,36.946329314509));
#9155 = DEFINITIONAL_REPRESENTATION('',(#9156),#9160);
#9156 = LINE('',#9157,#9158);
#9157 = CARTESIAN_POINT('',(0.,0.));
#9158 = VECTOR('',#9159,1.);
#9159 = DIRECTION('',(1.,0.));
#9160 = ( GEOMETRIC_REPRESENTATION_CONTEXT(2) 
PARAMETRIC_REPRESENTATION_CONTEXT() REPRESENTATION_CONTEXT('2D SPACE',''
  ) );
#9161 = ORIENTED_EDGE('',*,*,#9049,.F.);
#9162 = ADVANCED_FACE('',(#9163),#8707,.T.);
#9163 = FACE_BOUND('',#9164,.T.);
#9164 = EDGE_LOOP('',(#9165,#9166,#9188,#9213));
#9165 = ORIENTED_EDGE('',*,*,#8693,.F.);
#9166 = ORIENTED_EDGE('',*,*,#9167,.T.);
#9167 = EDGE_CURVE('',#8672,#9168,#9170,.T.);
#9168 = VERTEX_POINT('',#9169);
#9169 = CARTESIAN_POINT('',(810.,77.286771186177,32.739043971424));
#9170 = SURFACE_CURVE('',#9171,(#9174,#9181),.PCURVE_S1.);
#9171 = B_SPLINE_CURVE_WITH_KNOTS('',1,(#9172,#9173),.UNSPECIFIED.,.F.,
  .F.,(2,2),(0.,1.),.PIECEWISE_BEZIER_KNOTS.);
#9172 = CARTESIAN_POINT('',(700.,79.195959497315,32.526911939003));
#9173 = CARTESIAN_POINT('',(810.,77.286771186177,32.739043971424));
#9174 = PCURVE('',#8707,#9175);
#9175 = DEFINITIONAL_REPRESENTATION('',(#9176),#9180);
#9176 = LINE('',#9177,#9178);
#9177 = CARTESIAN_POINT('',(0.500000012507,0.));
#9178 = VECTOR('',#9179,1.);
#9179 = DIRECTION('',(0.,1.));
#9180 = ( GEOMETRIC_REPRESENTATION_CONTEXT(2) 
PARAMETRIC_REPRESENTATION_CONTEXT() REPRESENTATION_CONTEXT('2D SPACE',''
  ) );
#9181 = PCURVE('',#8761,#9182);
#9182 = DEFINITIONAL_REPRESENTATION('',(#9183),#9187);
#9183 = LINE('',#9184,#9185);
#9184 = CARTESIAN_POINT('',(1.570796326795,0.));
#9185 = VECTOR('',#9186,1.);
#9186 = DIRECTION('',(0.,1.));
#9187 = ( GEOMETRIC_REPRESENTATION_CONTEXT(2) 
PARAMETRIC_REPRESENTATION_CONTEXT() REPRESENTATION_CONTEXT('2D SPACE',''
  ) );
#9188 = ORIENTED_EDGE('',*,*,#9189,.T.);
#9189 = EDGE_CURVE('',#9168,#9102,#9190,.T.);
#9190 = SURFACE_CURVE('',#9191,(#9195,#9201),.PCURVE_S1.);
#9191 = LINE('',#9192,#9193);
#9192 = CARTESIAN_POINT('',(810.,77.074639146847,32.526911932094));
#9193 = VECTOR('',#9194,1.);
#9194 = DIRECTION('',(1.110223024625E-16,-0.707106781187,-0.707106781187
    ));
#9195 = PCURVE('',#8707,#9196);
#9196 = DEFINITIONAL_REPRESENTATION('',(#9197),#9200);
#9197 = B_SPLINE_CURVE_WITH_KNOTS('',1,(#9198,#9199),.UNSPECIFIED.,.F.,
  .F.,(2,2),(-0.300000007034,0.299999982328),.PIECEWISE_BEZIER_KNOTS.);
#9198 = CARTESIAN_POINT('',(0.500000012507,1.));
#9199 = CARTESIAN_POINT('',(-0.49999997021,1.));
#9200 = ( GEOMETRIC_REPRESENTATION_CONTEXT(2) 
PARAMETRIC_REPRESENTATION_CONTEXT() REPRESENTATION_CONTEXT('2D SPACE',''
  ) );
#9201 = PCURVE('',#9202,#9207);
#9202 = B_SPLINE_SURFACE_WITH_KNOTS('',1,1,(
    (#9203,#9204)
    ,(#9205,#9206
    )),.UNSPECIFIED.,.F.,.F.,.F.,(2,2),(2,2),(-0.299999982328,
    0.300000007034),(0.,1.),.PIECEWISE_BEZIER_KNOTS.);
#9203 = CARTESIAN_POINT('',(810.,76.862507124987,32.314779910234));
#9204 = CARTESIAN_POINT('',(848.,70.887454811464,36.946329314509));
#9205 = CARTESIAN_POINT('',(810.,77.286771186177,32.739043971424));
#9206 = CARTESIAN_POINT('',(848.,71.241008202057,37.299882705103));
#9207 = DEFINITIONAL_REPRESENTATION('',(#9208),#9212);
#9208 = LINE('',#9209,#9210);
#9209 = CARTESIAN_POINT('',(0.,0.));
#9210 = VECTOR('',#9211,1.);
#9211 = DIRECTION('',(-1.,0.));
#9212 = ( GEOMETRIC_REPRESENTATION_CONTEXT(2) 
PARAMETRIC_REPRESENTATION_CONTEXT() REPRESENTATION_CONTEXT('2D SPACE',''
  ) );
#9213 = ORIENTED_EDGE('',*,*,#9101,.F.);
#9214 = ADVANCED_FACE('',(#9215),#8761,.T.);
#9215 = FACE_BOUND('',#9216,.T.);
#9216 = EDGE_LOOP('',(#9217,#9218,#9219,#9258));
#9217 = ORIENTED_EDGE('',*,*,#8746,.T.);
#9218 = ORIENTED_EDGE('',*,*,#8841,.T.);
#9219 = ORIENTED_EDGE('',*,*,#9220,.F.);
#9220 = EDGE_CURVE('',#9168,#8815,#9221,.T.);
#9221 = SURFACE_CURVE('',#9222,(#9227,#9234),.PCURVE_S1.);
#9222 = CIRCLE('',#9223,1.2);
#9223 = AXIS2_PLACEMENT_3D('',#9224,#9225,#9226);
#9224 = CARTESIAN_POINT('',(810.,76.438243048753,33.587572108848));
#9225 = DIRECTION('',(1.,7.850462293419E-17,7.850462293419E-17));
#9226 = DIRECTION('',(1.110223024625E-16,-0.707106781187,-0.707106781187
    ));
#9227 = PCURVE('',#8761,#9228);
#9228 = DEFINITIONAL_REPRESENTATION('',(#9229),#9233);
#9229 = LINE('',#9230,#9231);
#9230 = CARTESIAN_POINT('',(0.,1.));
#9231 = VECTOR('',#9232,1.);
#9232 = DIRECTION('',(1.,0.));
#9233 = ( GEOMETRIC_REPRESENTATION_CONTEXT(2) 
PARAMETRIC_REPRESENTATION_CONTEXT() REPRESENTATION_CONTEXT('2D SPACE',''
  ) );
#9234 = PCURVE('',#9235,#9252);
#9235 = B_SPLINE_SURFACE_WITH_KNOTS('',7,1,(
    (#9236,#9237)
    ,(#9238,#9239)
    ,(#9240,#9241)
    ,(#9242,#9243)
    ,(#9244,#9245)
    ,(#9246,#9247)
    ,(#9248,#9249)
    ,(#9250,#9251
    )),.UNSPECIFIED.,.F.,.F.,.F.,(8,8),(2,2),(1.570796326795,
    3.14159265359),(0.,1.),.PIECEWISE_BEZIER_KNOTS.);
#9236 = CARTESIAN_POINT('',(810.,77.286771186177,32.739043971424));
#9237 = CARTESIAN_POINT('',(848.,71.241008200811,37.299882706348));
#9238 = CARTESIAN_POINT('',(810.,77.477180454955,32.929453240203));
#9239 = CARTESIAN_POINT('',(848.,71.320345396136,37.379219901673));
#9240 = CARTESIAN_POINT('',(809.99999999998,77.617738719348,
    33.169711671159));
#9241 = CARTESIAN_POINT('',(847.99999999999,71.378911339632,
    37.479327581237));
#9242 = CARTESIAN_POINT('',(810.00000000002,77.692800099286,
    33.444157462681));
#9243 = CARTESIAN_POINT('',(848.00000000001,71.410186914608,
    37.593679994372));
#9244 = CARTESIAN_POINT('',(809.99999999997,77.69280009928,
    33.730986755015));
#9245 = CARTESIAN_POINT('',(847.99999999998,71.410186914603,
    37.71319219951));
#9246 = CARTESIAN_POINT('',(810.00000000001,77.617738719351,
    34.005432546537));
#9247 = CARTESIAN_POINT('',(848.,71.378911339635,37.827544612646));
#9248 = CARTESIAN_POINT('',(809.99999999999,77.477180454954,
    34.245690977493));
#9249 = CARTESIAN_POINT('',(847.99999999999,71.320345396135,
    37.92765229221));
#9250 = CARTESIAN_POINT('',(810.,77.286771186177,34.436100246272));
#9251 = CARTESIAN_POINT('',(848.,71.241008200811,38.006989487535));
#9252 = DEFINITIONAL_REPRESENTATION('',(#9253),#9257);
#9253 = LINE('',#9254,#9255);
#9254 = CARTESIAN_POINT('',(0.,0.));
#9255 = VECTOR('',#9256,1.);
#9256 = DIRECTION('',(1.,0.));
#9257 = ( GEOMETRIC_REPRESENTATION_CONTEXT(2) 
PARAMETRIC_REPRESENTATION_CONTEXT() REPRESENTATION_CONTEXT('2D SPACE',''
  ) );
#9258 = ORIENTED_EDGE('',*,*,#9167,.F.);
#9259 = ADVANCED_FACE('',(#9260),#8829,.T.);
#9260 = FACE_BOUND('',#9261,.T.);
#9261 = EDGE_LOOP('',(#9262,#9263,#9285,#9312));
#9262 = ORIENTED_EDGE('',*,*,#8814,.F.);
#9263 = ORIENTED_EDGE('',*,*,#9264,.T.);
#9264 = EDGE_CURVE('',#8793,#9265,#9267,.T.);
#9265 = VERTEX_POINT('',#9266);
#9266 = CARTESIAN_POINT('',(848.,70.533901423358,38.714096269963));
#9267 = SURFACE_CURVE('',#9268,(#9271,#9278),.PCURVE_S1.);
#9268 = B_SPLINE_CURVE_WITH_KNOTS('',1,(#9269,#9270),.UNSPECIFIED.,.F.,
  .F.,(2,2),(0.,1.),.PIECEWISE_BEZIER_KNOTS.);
#9269 = CARTESIAN_POINT('',(810.,74.034079987745,37.688791434756));
#9270 = CARTESIAN_POINT('',(848.,70.53390142087,38.714096267476));
#9271 = PCURVE('',#8829,#9272);
#9272 = DEFINITIONAL_REPRESENTATION('',(#9273),#9277);
#9273 = LINE('',#9274,#9275);
#9274 = CARTESIAN_POINT('',(2.3,0.));
#9275 = VECTOR('',#9276,1.);
#9276 = DIRECTION('',(0.,1.));
#9277 = ( GEOMETRIC_REPRESENTATION_CONTEXT(2) 
PARAMETRIC_REPRESENTATION_CONTEXT() REPRESENTATION_CONTEXT('2D SPACE',''
  ) );
#9278 = PCURVE('',#8902,#9279);
#9279 = DEFINITIONAL_REPRESENTATION('',(#9280),#9284);
#9280 = LINE('',#9281,#9282);
#9281 = CARTESIAN_POINT('',(3.14159265359,0.));
#9282 = VECTOR('',#9283,1.);
#9283 = DIRECTION('',(0.,1.));
#9284 = ( GEOMETRIC_REPRESENTATION_CONTEXT(2) 
PARAMETRIC_REPRESENTATION_CONTEXT() REPRESENTATION_CONTEXT('2D SPACE',''
  ) );
#9285 = ORIENTED_EDGE('',*,*,#9286,.T.);
#9286 = EDGE_CURVE('',#9265,#9287,#9289,.T.);
#9287 = VERTEX_POINT('',#9288);
#9288 = CARTESIAN_POINT('',(848.,71.241008200811,38.006989487535));
#9289 = SURFACE_CURVE('',#9290,(#9294,#9300),.PCURVE_S1.);
#9290 = LINE('',#9291,#9292);
#9291 = CARTESIAN_POINT('',(848.,70.887454811464,38.360542876882));
#9292 = VECTOR('',#9293,1.);
#9293 = DIRECTION('',(0.,0.707106781187,-0.707106781187));
#9294 = PCURVE('',#8829,#9295);
#9295 = DEFINITIONAL_REPRESENTATION('',(#9296),#9299);
#9296 = B_SPLINE_CURVE_WITH_KNOTS('',1,(#9297,#9298),.UNSPECIFIED.,.F.,
  .F.,(2,2),(-0.5,0.499999998239),.PIECEWISE_BEZIER_KNOTS.);
#9297 = CARTESIAN_POINT('',(2.3,1.));
#9298 = CARTESIAN_POINT('',(-2.3,1.));
#9299 = ( GEOMETRIC_REPRESENTATION_CONTEXT(2) 
PARAMETRIC_REPRESENTATION_CONTEXT() REPRESENTATION_CONTEXT('2D SPACE',''
  ) );
#9300 = PCURVE('',#9301,#9306);
#9301 = PLANE('',#9302);
#9302 = AXIS2_PLACEMENT_3D('',#9303,#9304,#9305);
#9303 = CARTESIAN_POINT('',(848.,70.180348035253,38.360542881858));
#9304 = DIRECTION('',(1.,7.850462293419E-17,7.850462293419E-17));
#9305 = DIRECTION('',(1.110223024625E-16,-0.707106781187,-0.707106781187
    ));
#9306 = DEFINITIONAL_REPRESENTATION('',(#9307),#9311);
#9307 = LINE('',#9308,#9309);
#9308 = CARTESIAN_POINT('',(-0.499999992963,0.5));
#9309 = VECTOR('',#9310,1.);
#9310 = DIRECTION('',(0.,1.));
#9311 = ( GEOMETRIC_REPRESENTATION_CONTEXT(2) 
PARAMETRIC_REPRESENTATION_CONTEXT() REPRESENTATION_CONTEXT('2D SPACE',''
  ) );
#9312 = ORIENTED_EDGE('',*,*,#9313,.F.);
#9313 = EDGE_CURVE('',#8815,#9287,#9314,.T.);
#9314 = SURFACE_CURVE('',#9315,(#9318,#9325),.PCURVE_S1.);
#9315 = B_SPLINE_CURVE_WITH_KNOTS('',1,(#9316,#9317),.UNSPECIFIED.,.F.,
  .F.,(2,2),(0.,1.),.PIECEWISE_BEZIER_KNOTS.);
#9316 = CARTESIAN_POINT('',(810.,77.286771181203,34.436100241298));
#9317 = CARTESIAN_POINT('',(848.,71.241008200811,38.006989487535));
#9318 = PCURVE('',#8829,#9319);
#9319 = DEFINITIONAL_REPRESENTATION('',(#9320),#9324);
#9320 = LINE('',#9321,#9322);
#9321 = CARTESIAN_POINT('',(-2.3,0.));
#9322 = VECTOR('',#9323,1.);
#9323 = DIRECTION('',(0.,1.));
#9324 = ( GEOMETRIC_REPRESENTATION_CONTEXT(2) 
PARAMETRIC_REPRESENTATION_CONTEXT() REPRESENTATION_CONTEXT('2D SPACE',''
  ) );
#9325 = PCURVE('',#9235,#9326);
#9326 = DEFINITIONAL_REPRESENTATION('',(#9327),#9331);
#9327 = LINE('',#9328,#9329);
#9328 = CARTESIAN_POINT('',(3.14159265359,0.));
#9329 = VECTOR('',#9330,1.);
#9330 = DIRECTION('',(0.,1.));
#9331 = ( GEOMETRIC_REPRESENTATION_CONTEXT(2) 
PARAMETRIC_REPRESENTATION_CONTEXT() REPRESENTATION_CONTEXT('2D SPACE',''
  ) );
#9332 = ADVANCED_FACE('',(#9333),#8902,.T.);
#9333 = FACE_BOUND('',#9334,.T.);
#9334 = EDGE_LOOP('',(#9335,#9336,#9358,#9380));
#9335 = ORIENTED_EDGE('',*,*,#8887,.T.);
#9336 = ORIENTED_EDGE('',*,*,#9337,.T.);
#9337 = EDGE_CURVE('',#8866,#9338,#9340,.T.);
#9338 = VERTEX_POINT('',#9339);
#9339 = CARTESIAN_POINT('',(848.,69.826794644659,38.714096272451));
#9340 = SURFACE_CURVE('',#9341,(#9344,#9351),.PCURVE_S1.);
#9341 = B_SPLINE_CURVE_WITH_KNOTS('',1,(#9342,#9343),.UNSPECIFIED.,.F.,
  .F.,(2,2),(0.,1.),.PIECEWISE_BEZIER_KNOTS.);
#9342 = CARTESIAN_POINT('',(810.,72.337023717871,37.68879143973));
#9343 = CARTESIAN_POINT('',(848.,69.826794644659,38.714096272451));
#9344 = PCURVE('',#8902,#9345);
#9345 = DEFINITIONAL_REPRESENTATION('',(#9346),#9350);
#9346 = LINE('',#9347,#9348);
#9347 = CARTESIAN_POINT('',(4.712388980385,0.));
#9348 = VECTOR('',#9349,1.);
#9349 = DIRECTION('',(0.,1.));
#9350 = ( GEOMETRIC_REPRESENTATION_CONTEXT(2) 
PARAMETRIC_REPRESENTATION_CONTEXT() REPRESENTATION_CONTEXT('2D SPACE',''
  ) );
#9351 = PCURVE('',#8966,#9352);
#9352 = DEFINITIONAL_REPRESENTATION('',(#9353),#9357);
#9353 = LINE('',#9354,#9355);
#9354 = CARTESIAN_POINT('',(-0.300000007034,0.));
#9355 = VECTOR('',#9356,1.);
#9356 = DIRECTION('',(0.,1.));
#9357 = ( GEOMETRIC_REPRESENTATION_CONTEXT(2) 
PARAMETRIC_REPRESENTATION_CONTEXT() REPRESENTATION_CONTEXT('2D SPACE',''
  ) );
#9358 = ORIENTED_EDGE('',*,*,#9359,.F.);
#9359 = EDGE_CURVE('',#9265,#9338,#9360,.T.);
#9360 = SURFACE_CURVE('',#9361,(#9366,#9373),.PCURVE_S1.);
#9361 = CIRCLE('',#9362,0.5);
#9362 = AXIS2_PLACEMENT_3D('',#9363,#9364,#9365);
#9363 = CARTESIAN_POINT('',(848.,70.180348035253,38.360542881858));
#9364 = DIRECTION('',(1.,7.850462293419E-17,7.850462293419E-17));
#9365 = DIRECTION('',(1.110223024625E-16,-0.707106781187,-0.707106781187
    ));
#9366 = PCURVE('',#8902,#9367);
#9367 = DEFINITIONAL_REPRESENTATION('',(#9368),#9372);
#9368 = LINE('',#9369,#9370);
#9369 = CARTESIAN_POINT('',(0.,1.));
#9370 = VECTOR('',#9371,1.);
#9371 = DIRECTION('',(1.,0.));
#9372 = ( GEOMETRIC_REPRESENTATION_CONTEXT(2) 
PARAMETRIC_REPRESENTATION_CONTEXT() REPRESENTATION_CONTEXT('2D SPACE',''
  ) );
#9373 = PCURVE('',#9301,#9374);
#9374 = DEFINITIONAL_REPRESENTATION('',(#9375),#9379);
#9375 = CIRCLE('',#9376,0.5);
#9376 = AXIS2_PLACEMENT_2D('',#9377,#9378);
#9377 = CARTESIAN_POINT('',(0.,0.));
#9378 = DIRECTION('',(1.,0.));
#9379 = ( GEOMETRIC_REPRESENTATION_CONTEXT(2) 
PARAMETRIC_REPRESENTATION_CONTEXT() REPRESENTATION_CONTEXT('2D SPACE',''
  ) );
#9380 = ORIENTED_EDGE('',*,*,#9264,.F.);
#9381 = ADVANCED_FACE('',(#9382),#8966,.T.);
#9382 = FACE_BOUND('',#9383,.T.);
#9383 = EDGE_LOOP('',(#9384,#9385,#9407,#9427));
#9384 = ORIENTED_EDGE('',*,*,#8953,.T.);
#9385 = ORIENTED_EDGE('',*,*,#9386,.T.);
#9386 = EDGE_CURVE('',#8932,#9387,#9389,.T.);
#9387 = VERTEX_POINT('',#9388);
#9388 = CARTESIAN_POINT('',(848.,69.473241251578,38.36054287937));
#9389 = SURFACE_CURVE('',#9390,(#9393,#9400),.PCURVE_S1.);
#9390 = B_SPLINE_CURVE_WITH_KNOTS('',1,(#9391,#9392),.UNSPECIFIED.,.F.,
  .F.,(2,2),(0.,1.),.PIECEWISE_BEZIER_KNOTS.);
#9391 = CARTESIAN_POINT('',(810.,71.912759656681,37.26452737854));
#9392 = CARTESIAN_POINT('',(848.,69.473241251578,38.36054287937));
#9393 = PCURVE('',#8966,#9394);
#9394 = DEFINITIONAL_REPRESENTATION('',(#9395),#9399);
#9395 = LINE('',#9396,#9397);
#9396 = CARTESIAN_POINT('',(0.299999982328,0.));
#9397 = VECTOR('',#9398,1.);
#9398 = DIRECTION('',(0.,1.));
#9399 = ( GEOMETRIC_REPRESENTATION_CONTEXT(2) 
PARAMETRIC_REPRESENTATION_CONTEXT() REPRESENTATION_CONTEXT('2D SPACE',''
  ) );
#9400 = PCURVE('',#9020,#9401);
#9401 = DEFINITIONAL_REPRESENTATION('',(#9402),#9406);
#9402 = LINE('',#9403,#9404);
#9403 = CARTESIAN_POINT('',(4.712388980385,0.));
#9404 = VECTOR('',#9405,1.);
#9405 = DIRECTION('',(0.,1.));
#9406 = ( GEOMETRIC_REPRESENTATION_CONTEXT(2) 
PARAMETRIC_REPRESENTATION_CONTEXT() REPRESENTATION_CONTEXT('2D SPACE',''
  ) );
#9407 = ORIENTED_EDGE('',*,*,#9408,.F.);
#9408 = EDGE_CURVE('',#9338,#9387,#9409,.T.);
#9409 = SURFACE_CURVE('',#9410,(#9414,#9420),.PCURVE_S1.);
#9410 = LINE('',#9411,#9412);
#9411 = CARTESIAN_POINT('',(848.,69.650017944387,38.537319572179));
#9412 = VECTOR('',#9413,1.);
#9413 = DIRECTION('',(1.110223024625E-16,-0.707106781187,-0.707106781187
    ));
#9414 = PCURVE('',#8966,#9415);
#9415 = DEFINITIONAL_REPRESENTATION('',(#9416),#9419);
#9416 = B_SPLINE_CURVE_WITH_KNOTS('',1,(#9417,#9418),.UNSPECIFIED.,.F.,
  .F.,(2,2),(-0.250000007037,0.249999996482),.PIECEWISE_BEZIER_KNOTS.);
#9417 = CARTESIAN_POINT('',(-0.300000007034,1.));
#9418 = CARTESIAN_POINT('',(0.299999982328,1.));
#9419 = ( GEOMETRIC_REPRESENTATION_CONTEXT(2) 
PARAMETRIC_REPRESENTATION_CONTEXT() REPRESENTATION_CONTEXT('2D SPACE',''
  ) );
#9420 = PCURVE('',#9301,#9421);
#9421 = DEFINITIONAL_REPRESENTATION('',(#9422),#9426);
#9422 = LINE('',#9423,#9424);
#9423 = CARTESIAN_POINT('',(0.250000007037,-0.5));
#9424 = VECTOR('',#9425,1.);
#9425 = DIRECTION('',(1.,0.));
#9426 = ( GEOMETRIC_REPRESENTATION_CONTEXT(2) 
PARAMETRIC_REPRESENTATION_CONTEXT() REPRESENTATION_CONTEXT('2D SPACE',''
  ) );
#9427 = ORIENTED_EDGE('',*,*,#9337,.F.);
#9428 = ADVANCED_FACE('',(#9429),#9020,.T.);
#9429 = FACE_BOUND('',#9430,.T.);
#9430 = EDGE_LOOP('',(#9431,#9432,#9454,#9476));
#9431 = ORIENTED_EDGE('',*,*,#9005,.T.);
#9432 = ORIENTED_EDGE('',*,*,#9433,.T.);
#9433 = EDGE_CURVE('',#8984,#9434,#9436,.T.);
#9434 = VERTEX_POINT('',#9435);
#9435 = CARTESIAN_POINT('',(848.,69.473241250334,37.65343609694));
#9436 = SURFACE_CURVE('',#9437,(#9440,#9447),.PCURVE_S1.);
#9437 = B_SPLINE_CURVE_WITH_KNOTS('',1,(#9438,#9439),.UNSPECIFIED.,.F.,
  .F.,(2,2),(0.,1.),.PIECEWISE_BEZIER_KNOTS.);
#9438 = CARTESIAN_POINT('',(810.,71.912759656681,35.567471103692));
#9439 = CARTESIAN_POINT('',(848.,69.473241251578,37.653436098184));
#9440 = PCURVE('',#9020,#9441);
#9441 = DEFINITIONAL_REPRESENTATION('',(#9442),#9446);
#9442 = LINE('',#9443,#9444);
#9443 = CARTESIAN_POINT('',(6.28318530718,0.));
#9444 = VECTOR('',#9445,1.);
#9445 = DIRECTION('',(0.,1.));
#9446 = ( GEOMETRIC_REPRESENTATION_CONTEXT(2) 
PARAMETRIC_REPRESENTATION_CONTEXT() REPRESENTATION_CONTEXT('2D SPACE',''
  ) );
#9447 = PCURVE('',#9084,#9448);
#9448 = DEFINITIONAL_REPRESENTATION('',(#9449),#9453);
#9449 = LINE('',#9450,#9451);
#9450 = CARTESIAN_POINT('',(-2.3,0.));
#9451 = VECTOR('',#9452,1.);
#9452 = DIRECTION('',(0.,1.));
#9453 = ( GEOMETRIC_REPRESENTATION_CONTEXT(2) 
PARAMETRIC_REPRESENTATION_CONTEXT() REPRESENTATION_CONTEXT('2D SPACE',''
  ) );
#9454 = ORIENTED_EDGE('',*,*,#9455,.F.);
#9455 = EDGE_CURVE('',#9387,#9434,#9456,.T.);
#9456 = SURFACE_CURVE('',#9457,(#9462,#9469),.PCURVE_S1.);
#9457 = CIRCLE('',#9458,0.5);
#9458 = AXIS2_PLACEMENT_3D('',#9459,#9460,#9461);
#9459 = CARTESIAN_POINT('',(848.,69.826794642172,38.006989488777));
#9460 = DIRECTION('',(1.,7.850462293419E-17,7.850462293419E-17));
#9461 = DIRECTION('',(1.110223024625E-16,-0.707106781187,-0.707106781187
    ));
#9462 = PCURVE('',#9020,#9463);
#9463 = DEFINITIONAL_REPRESENTATION('',(#9464),#9468);
#9464 = LINE('',#9465,#9466);
#9465 = CARTESIAN_POINT('',(0.,1.));
#9466 = VECTOR('',#9467,1.);
#9467 = DIRECTION('',(1.,0.));
#9468 = ( GEOMETRIC_REPRESENTATION_CONTEXT(2) 
PARAMETRIC_REPRESENTATION_CONTEXT() REPRESENTATION_CONTEXT('2D SPACE',''
  ) );
#9469 = PCURVE('',#9301,#9470);
#9470 = DEFINITIONAL_REPRESENTATION('',(#9471),#9475);
#9471 = CIRCLE('',#9472,0.5);
#9472 = AXIS2_PLACEMENT_2D('',#9473,#9474);
#9473 = CARTESIAN_POINT('',(0.500000003518,0.));
#9474 = DIRECTION('',(1.,0.));
#9475 = ( GEOMETRIC_REPRESENTATION_CONTEXT(2) 
PARAMETRIC_REPRESENTATION_CONTEXT() REPRESENTATION_CONTEXT('2D SPACE',''
  ) );
#9476 = ORIENTED_EDGE('',*,*,#9386,.F.);
#9477 = ADVANCED_FACE('',(#9478),#9084,.T.);
#9478 = FACE_BOUND('',#9479,.T.);
#9479 = EDGE_LOOP('',(#9480,#9481,#9503,#9523));
#9480 = ORIENTED_EDGE('',*,*,#9071,.T.);
#9481 = ORIENTED_EDGE('',*,*,#9482,.T.);
#9482 = EDGE_CURVE('',#9050,#9483,#9485,.T.);
#9483 = VERTEX_POINT('',#9484);
#9484 = CARTESIAN_POINT('',(848.,70.180348030277,36.946329314509));
#9485 = SURFACE_CURVE('',#9486,(#9489,#9496),.PCURVE_S1.);
#9486 = B_SPLINE_CURVE_WITH_KNOTS('',1,(#9487,#9488),.UNSPECIFIED.,.F.,
  .F.,(2,2),(0.,1.),.PIECEWISE_BEZIER_KNOTS.);
#9487 = CARTESIAN_POINT('',(810.,75.165450837643,32.314779897738));
#9488 = CARTESIAN_POINT('',(848.,70.180348030277,36.946329314509));
#9489 = PCURVE('',#9084,#9490);
#9490 = DEFINITIONAL_REPRESENTATION('',(#9491),#9495);
#9491 = LINE('',#9492,#9493);
#9492 = CARTESIAN_POINT('',(2.3,0.));
#9493 = VECTOR('',#9494,1.);
#9494 = DIRECTION('',(0.,1.));
#9495 = ( GEOMETRIC_REPRESENTATION_CONTEXT(2) 
PARAMETRIC_REPRESENTATION_CONTEXT() REPRESENTATION_CONTEXT('2D SPACE',''
  ) );
#9496 = PCURVE('',#9138,#9497);
#9497 = DEFINITIONAL_REPRESENTATION('',(#9498),#9502);
#9498 = LINE('',#9499,#9500);
#9499 = CARTESIAN_POINT('',(0.,0.));
#9500 = VECTOR('',#9501,1.);
#9501 = DIRECTION('',(0.,1.));
#9502 = ( GEOMETRIC_REPRESENTATION_CONTEXT(2) 
PARAMETRIC_REPRESENTATION_CONTEXT() REPRESENTATION_CONTEXT('2D SPACE',''
  ) );
#9503 = ORIENTED_EDGE('',*,*,#9504,.F.);
#9504 = EDGE_CURVE('',#9434,#9483,#9505,.T.);
#9505 = SURFACE_CURVE('',#9506,(#9510,#9516),.PCURVE_S1.);
#9506 = LINE('',#9507,#9508);
#9507 = CARTESIAN_POINT('',(848.,69.826794639684,37.299882705103));
#9508 = VECTOR('',#9509,1.);
#9509 = DIRECTION('',(0.,0.707106781187,-0.707106781187));
#9510 = PCURVE('',#9084,#9511);
#9511 = DEFINITIONAL_REPRESENTATION('',(#9512),#9515);
#9512 = B_SPLINE_CURVE_WITH_KNOTS('',1,(#9513,#9514),.UNSPECIFIED.,.F.,
  .F.,(2,2),(-0.5,0.5),.PIECEWISE_BEZIER_KNOTS.);
#9513 = CARTESIAN_POINT('',(-2.3,1.));
#9514 = CARTESIAN_POINT('',(2.3,1.));
#9515 = ( GEOMETRIC_REPRESENTATION_CONTEXT(2) 
PARAMETRIC_REPRESENTATION_CONTEXT() REPRESENTATION_CONTEXT('2D SPACE',''
  ) );
#9516 = PCURVE('',#9301,#9517);
#9517 = DEFINITIONAL_REPRESENTATION('',(#9518),#9522);
#9518 = LINE('',#9519,#9520);
#9519 = CARTESIAN_POINT('',(1.000000007037,0.5));
#9520 = VECTOR('',#9521,1.);
#9521 = DIRECTION('',(0.,1.));
#9522 = ( GEOMETRIC_REPRESENTATION_CONTEXT(2) 
PARAMETRIC_REPRESENTATION_CONTEXT() REPRESENTATION_CONTEXT('2D SPACE',''
  ) );
#9523 = ORIENTED_EDGE('',*,*,#9433,.F.);
#9524 = ADVANCED_FACE('',(#9525),#9138,.T.);
#9525 = FACE_BOUND('',#9526,.T.);
#9526 = EDGE_LOOP('',(#9527,#9528,#9550,#9572));
#9527 = ORIENTED_EDGE('',*,*,#9123,.T.);
#9528 = ORIENTED_EDGE('',*,*,#9529,.T.);
#9529 = EDGE_CURVE('',#9102,#9530,#9532,.T.);
#9530 = VERTEX_POINT('',#9531);
#9531 = CARTESIAN_POINT('',(848.,70.887454811464,36.946329314509));
#9532 = SURFACE_CURVE('',#9533,(#9536,#9543),.PCURVE_S1.);
#9533 = B_SPLINE_CURVE_WITH_KNOTS('',1,(#9534,#9535),.UNSPECIFIED.,.F.,
  .F.,(2,2),(0.,1.),.PIECEWISE_BEZIER_KNOTS.);
#9534 = CARTESIAN_POINT('',(810.,76.862507124987,32.314779910234));
#9535 = CARTESIAN_POINT('',(848.,70.887454811464,36.946329314509));
#9536 = PCURVE('',#9138,#9537);
#9537 = DEFINITIONAL_REPRESENTATION('',(#9538),#9542);
#9538 = LINE('',#9539,#9540);
#9539 = CARTESIAN_POINT('',(1.570796326795,0.));
#9540 = VECTOR('',#9541,1.);
#9541 = DIRECTION('',(0.,1.));
#9542 = ( GEOMETRIC_REPRESENTATION_CONTEXT(2) 
PARAMETRIC_REPRESENTATION_CONTEXT() REPRESENTATION_CONTEXT('2D SPACE',''
  ) );
#9543 = PCURVE('',#9202,#9544);
#9544 = DEFINITIONAL_REPRESENTATION('',(#9545),#9549);
#9545 = LINE('',#9546,#9547);
#9546 = CARTESIAN_POINT('',(-0.299999982328,0.));
#9547 = VECTOR('',#9548,1.);
#9548 = DIRECTION('',(0.,1.));
#9549 = ( GEOMETRIC_REPRESENTATION_CONTEXT(2) 
PARAMETRIC_REPRESENTATION_CONTEXT() REPRESENTATION_CONTEXT('2D SPACE',''
  ) );
#9550 = ORIENTED_EDGE('',*,*,#9551,.F.);
#9551 = EDGE_CURVE('',#9483,#9530,#9552,.T.);
#9552 = SURFACE_CURVE('',#9553,(#9558,#9565),.PCURVE_S1.);
#9553 = CIRCLE('',#9554,0.5);
#9554 = AXIS2_PLACEMENT_3D('',#9555,#9556,#9557);
#9555 = CARTESIAN_POINT('',(848.,70.53390142087,37.299882705103));
#9556 = DIRECTION('',(1.,7.850462293419E-17,7.850462293419E-17));
#9557 = DIRECTION('',(1.110223024625E-16,-0.707106781187,-0.707106781187
    ));
#9558 = PCURVE('',#9138,#9559);
#9559 = DEFINITIONAL_REPRESENTATION('',(#9560),#9564);
#9560 = LINE('',#9561,#9562);
#9561 = CARTESIAN_POINT('',(0.,1.));
#9562 = VECTOR('',#9563,1.);
#9563 = DIRECTION('',(1.,0.));
#9564 = ( GEOMETRIC_REPRESENTATION_CONTEXT(2) 
PARAMETRIC_REPRESENTATION_CONTEXT() REPRESENTATION_CONTEXT('2D SPACE',''
  ) );
#9565 = PCURVE('',#9301,#9566);
#9566 = DEFINITIONAL_REPRESENTATION('',(#9567),#9571);
#9567 = CIRCLE('',#9568,0.5);
#9568 = AXIS2_PLACEMENT_2D('',#9569,#9570);
#9569 = CARTESIAN_POINT('',(0.500000007037,1.));
#9570 = DIRECTION('',(1.,0.));
#9571 = ( GEOMETRIC_REPRESENTATION_CONTEXT(2) 
PARAMETRIC_REPRESENTATION_CONTEXT() REPRESENTATION_CONTEXT('2D SPACE',''
  ) );
#9572 = ORIENTED_EDGE('',*,*,#9482,.F.);
#9573 = ADVANCED_FACE('',(#9574),#9202,.T.);
#9574 = FACE_BOUND('',#9575,.T.);
#9575 = EDGE_LOOP('',(#9576,#9577,#9599,#9619));
#9576 = ORIENTED_EDGE('',*,*,#9189,.F.);
#9577 = ORIENTED_EDGE('',*,*,#9578,.T.);
#9578 = EDGE_CURVE('',#9168,#9579,#9581,.T.);
#9579 = VERTEX_POINT('',#9580);
#9580 = CARTESIAN_POINT('',(848.,71.241008201434,37.299882705725));
#9581 = SURFACE_CURVE('',#9582,(#9585,#9592),.PCURVE_S1.);
#9582 = B_SPLINE_CURVE_WITH_KNOTS('',1,(#9583,#9584),.UNSPECIFIED.,.F.,
  .F.,(2,2),(0.,1.),.PIECEWISE_BEZIER_KNOTS.);
#9583 = CARTESIAN_POINT('',(810.,77.286771186177,32.739043971424));
#9584 = CARTESIAN_POINT('',(848.,71.241008202057,37.299882705103));
#9585 = PCURVE('',#9202,#9586);
#9586 = DEFINITIONAL_REPRESENTATION('',(#9587),#9591);
#9587 = LINE('',#9588,#9589);
#9588 = CARTESIAN_POINT('',(0.300000007034,0.));
#9589 = VECTOR('',#9590,1.);
#9590 = DIRECTION('',(0.,1.));
#9591 = ( GEOMETRIC_REPRESENTATION_CONTEXT(2) 
PARAMETRIC_REPRESENTATION_CONTEXT() REPRESENTATION_CONTEXT('2D SPACE',''
  ) );
#9592 = PCURVE('',#9235,#9593);
#9593 = DEFINITIONAL_REPRESENTATION('',(#9594),#9598);
#9594 = LINE('',#9595,#9596);
#9595 = CARTESIAN_POINT('',(1.570796326795,0.));
#9596 = VECTOR('',#9597,1.);
#9597 = DIRECTION('',(0.,1.));
#9598 = ( GEOMETRIC_REPRESENTATION_CONTEXT(2) 
PARAMETRIC_REPRESENTATION_CONTEXT() REPRESENTATION_CONTEXT('2D SPACE',''
  ) );
#9599 = ORIENTED_EDGE('',*,*,#9600,.T.);
#9600 = EDGE_CURVE('',#9579,#9530,#9601,.T.);
#9601 = SURFACE_CURVE('',#9602,(#9606,#9612),.PCURVE_S1.);
#9602 = LINE('',#9603,#9604);
#9603 = CARTESIAN_POINT('',(848.,71.06423150676,37.123106009806));
#9604 = VECTOR('',#9605,1.);
#9605 = DIRECTION('',(1.110223024625E-16,-0.707106781187,-0.707106781187
    ));
#9606 = PCURVE('',#9202,#9607);
#9607 = DEFINITIONAL_REPRESENTATION('',(#9608),#9611);
#9608 = B_SPLINE_CURVE_WITH_KNOTS('',1,(#9609,#9610),.UNSPECIFIED.,.F.,
  .F.,(2,2),(-0.25,0.25),.PIECEWISE_BEZIER_KNOTS.);
#9609 = CARTESIAN_POINT('',(0.300000007034,1.));
#9610 = CARTESIAN_POINT('',(-0.299999982328,1.));
#9611 = ( GEOMETRIC_REPRESENTATION_CONTEXT(2) 
PARAMETRIC_REPRESENTATION_CONTEXT() REPRESENTATION_CONTEXT('2D SPACE',''
  ) );
#9612 = PCURVE('',#9301,#9613);
#9613 = DEFINITIONAL_REPRESENTATION('',(#9614),#9618);
#9614 = LINE('',#9615,#9616);
#9615 = CARTESIAN_POINT('',(0.250000007037,1.5));
#9616 = VECTOR('',#9617,1.);
#9617 = DIRECTION('',(1.,0.));
#9618 = ( GEOMETRIC_REPRESENTATION_CONTEXT(2) 
PARAMETRIC_REPRESENTATION_CONTEXT() REPRESENTATION_CONTEXT('2D SPACE',''
  ) );
#9619 = ORIENTED_EDGE('',*,*,#9529,.F.);
#9620 = ADVANCED_FACE('',(#9621),#9235,.T.);
#9621 = FACE_BOUND('',#9622,.T.);
#9622 = EDGE_LOOP('',(#9623,#9624,#9625,#9647));
#9623 = ORIENTED_EDGE('',*,*,#9220,.T.);
#9624 = ORIENTED_EDGE('',*,*,#9313,.T.);
#9625 = ORIENTED_EDGE('',*,*,#9626,.F.);
#9626 = EDGE_CURVE('',#9579,#9287,#9627,.T.);
#9627 = SURFACE_CURVE('',#9628,(#9633,#9640),.PCURVE_S1.);
#9628 = CIRCLE('',#9629,0.5);
#9629 = AXIS2_PLACEMENT_3D('',#9630,#9631,#9632);
#9630 = CARTESIAN_POINT('',(848.,70.887454810218,37.653436096941));
#9631 = DIRECTION('',(1.,7.850462293419E-17,7.850462293419E-17));
#9632 = DIRECTION('',(1.110223024625E-16,-0.707106781187,-0.707106781187
    ));
#9633 = PCURVE('',#9235,#9634);
#9634 = DEFINITIONAL_REPRESENTATION('',(#9635),#9639);
#9635 = LINE('',#9636,#9637);
#9636 = CARTESIAN_POINT('',(0.,1.));
#9637 = VECTOR('',#9638,1.);
#9638 = DIRECTION('',(1.,0.));
#9639 = ( GEOMETRIC_REPRESENTATION_CONTEXT(2) 
PARAMETRIC_REPRESENTATION_CONTEXT() REPRESENTATION_CONTEXT('2D SPACE',''
  ) );
#9640 = PCURVE('',#9301,#9641);
#9641 = DEFINITIONAL_REPRESENTATION('',(#9642),#9646);
#9642 = CIRCLE('',#9643,0.5);
#9643 = AXIS2_PLACEMENT_2D('',#9644,#9645);
#9644 = CARTESIAN_POINT('',(7.036703664198E-09,0.999999998239));
#9645 = DIRECTION('',(1.,0.));
#9646 = ( GEOMETRIC_REPRESENTATION_CONTEXT(2) 
PARAMETRIC_REPRESENTATION_CONTEXT() REPRESENTATION_CONTEXT('2D SPACE',''
  ) );
#9647 = ORIENTED_EDGE('',*,*,#9578,.F.);
#9648 = ADVANCED_FACE('',(#9649),#8052,.T.);
#9649 = FACE_BOUND('',#9650,.F.);
#9650 = EDGE_LOOP('',(#9651,#9652,#9653,#9654,#9655,#9656,#9657,#9658));
#9651 = ORIENTED_EDGE('',*,*,#8030,.F.);
#9652 = ORIENTED_EDGE('',*,*,#8175,.F.);
#9653 = ORIENTED_EDGE('',*,*,#8271,.T.);
#9654 = ORIENTED_EDGE('',*,*,#8364,.F.);
#9655 = ORIENTED_EDGE('',*,*,#8460,.T.);
#9656 = ORIENTED_EDGE('',*,*,#8553,.F.);
#9657 = ORIENTED_EDGE('',*,*,#8649,.F.);
#9658 = ORIENTED_EDGE('',*,*,#8723,.F.);
#9659 = ADVANCED_FACE('',(#9660),#9301,.T.);
#9660 = FACE_BOUND('',#9661,.T.);
#9661 = EDGE_LOOP('',(#9662,#9663,#9664,#9665,#9666,#9667,#9668,#9669));
#9662 = ORIENTED_EDGE('',*,*,#9286,.F.);
#9663 = ORIENTED_EDGE('',*,*,#9359,.T.);
#9664 = ORIENTED_EDGE('',*,*,#9408,.T.);
#9665 = ORIENTED_EDGE('',*,*,#9455,.T.);
#9666 = ORIENTED_EDGE('',*,*,#9504,.T.);
#9667 = ORIENTED_EDGE('',*,*,#9551,.T.);
#9668 = ORIENTED_EDGE('',*,*,#9600,.F.);
#9669 = ORIENTED_EDGE('',*,*,#9626,.T.);
#9670 = ( GEOMETRIC_REPRESENTATION_CONTEXT(3) 
GLOBAL_UNCERTAINTY_ASSIGNED_CONTEXT((#9674)) 
GLOBAL_UNIT_ASSIGNED_CONTEXT((#9671,#9672,#9673)) REPRESENTATION_CONTEXT
('Context #1','3D Context with UNIT and UNCERTAINTY') );
#9671 = ( LENGTH_UNIT() NAMED_UNIT(*) SI_UNIT(.MILLI.,.METRE.) );
#9672 = ( NAMED_UNIT(*) PLANE_ANGLE_UNIT() SI_UNIT($,.RADIAN.) );
#9673 = ( NAMED_UNIT(*) SI_UNIT($,.STERADIAN.) SOLID_ANGLE_UNIT() );
#9674 = UNCERTAINTY_MEASURE_WITH_UNIT(LENGTH_MEASURE(1.E-07),#9671,
  'distance_accuracy_value','confusion accuracy');
#9675 = CONTEXT_DEPENDENT_SHAPE_REPRESENTATION(#9676,#9678);
#9676 = ( REPRESENTATION_RELATIONSHIP('','',#8023,#10) 
REPRESENTATION_RELATIONSHIP_WITH_TRANSFORMATION(#9677) 
SHAPE_REPRESENTATION_RELATIONSHIP() );
#9677 = ITEM_DEFINED_TRANSFORMATION('','',#11,#27);
#9678 = PRODUCT_DEFINITION_SHAPE('Placement','Placement of an item',
  #9679);
#9679 = NEXT_ASSEMBLY_USAGE_OCCURRENCE('4',
  'intake_chine_starboard_prototype','',#5,#8018,$);
#9680 = PRODUCT_RELATED_PRODUCT_CATEGORY('part',$,(#8020));
#9681 = SHAPE_DEFINITION_REPRESENTATION(#6206,#9682);
#9682 = SHAPE_REPRESENTATION('',(#15),#6198);
#9683 = SHAPE_DEFINITION_REPRESENTATION(#6348,#9684);
#9684 = SHAPE_REPRESENTATION('',(#19),#6340);
#9685 = SHAPE_DEFINITION_REPRESENTATION(#8013,#9686);
#9686 = SHAPE_REPRESENTATION('',(#23),#8005);
#9687 = SHAPE_DEFINITION_REPRESENTATION(#9678,#9688);
#9688 = SHAPE_REPRESENTATION('',(#27),#9670);
#9689 = SHAPE_DEFINITION_REPRESENTATION(#6206,#9690);
#9690 = SHAPE_REPRESENTATION('',(#15),#6198);
#9691 = SHAPE_DEFINITION_REPRESENTATION(#6348,#9692);
#9692 = SHAPE_REPRESENTATION('',(#19),#6340);
#9693 = SHAPE_DEFINITION_REPRESENTATION(#8013,#9694);
#9694 = SHAPE_REPRESENTATION('',(#23),#8005);
#9695 = SHAPE_DEFINITION_REPRESENTATION(#9678,#9696);
#9696 = SHAPE_REPRESENTATION('',(#27),#9670);
#9697 = MECHANICAL_DESIGN_GEOMETRIC_PRESENTATION_REPRESENTATION('',(
    #9698,#9706),#6198);
#9698 = STYLED_ITEM('color',(#9699),#45);
#9699 = PRESENTATION_STYLE_ASSIGNMENT((#9700));
#9700 = SURFACE_STYLE_USAGE(.BOTH.,#9701);
#9701 = SURFACE_SIDE_STYLE('',(#9702));
#9702 = SURFACE_STYLE_FILL_AREA(#9703);
#9703 = FILL_AREA_STYLE('',(#9704));
#9704 = FILL_AREA_STYLE_COLOUR('',#9705);
#9705 = COLOUR_RGB('',0.650980375594,0.678431390124,0.686274507277);
#9706 = OVER_RIDING_STYLED_ITEM('overriding color',(#9707),#45,#9698);
#9707 = PRESENTATION_STYLE_BY_CONTEXT((#9708),#9690);
#9708 = SURFACE_STYLE_USAGE(.BOTH.,#9709);
#9709 = SURFACE_SIDE_STYLE('',(#9710));
#9710 = SURFACE_STYLE_FILL_AREA(#9711);
#9711 = FILL_AREA_STYLE('',(#9712));
#9712 = FILL_AREA_STYLE_COLOUR('',#9713);
#9713 = COLOUR_RGB('',0.650980375594,0.678431390124,0.686274507277);
#9714 = MECHANICAL_DESIGN_GEOMETRIC_PRESENTATION_REPRESENTATION('',(
    #9715),#6340);
#9715 = STYLED_ITEM('color',(#9716),#6217);
#9716 = PRESENTATION_STYLE_ASSIGNMENT((#9717));
#9717 = SURFACE_STYLE_USAGE(.BOTH.,#9718);
#9718 = SURFACE_SIDE_STYLE('',(#9719));
#9719 = SURFACE_STYLE_FILL_AREA(#9720);
#9720 = FILL_AREA_STYLE('',(#9721));
#9721 = FILL_AREA_STYLE_COLOUR('',#9722);
#9722 = COLOUR_RGB('',0.145097946437,0.172549171771,0.188235174936);
#9723 = MECHANICAL_DESIGN_GEOMETRIC_PRESENTATION_REPRESENTATION('',(
    #9724),#8005);
#9724 = STYLED_ITEM('color',(#9725),#6359);
#9725 = PRESENTATION_STYLE_ASSIGNMENT((#9726));
#9726 = SURFACE_STYLE_USAGE(.BOTH.,#9727);
#9727 = SURFACE_SIDE_STYLE('',(#9728));
#9728 = SURFACE_STYLE_FILL_AREA(#9729);
#9729 = FILL_AREA_STYLE('',(#9730));
#9730 = FILL_AREA_STYLE_COLOUR('',#9705);
#9731 = MECHANICAL_DESIGN_GEOMETRIC_PRESENTATION_REPRESENTATION('',(
    #9732),#9670);
#9732 = STYLED_ITEM('color',(#9733),#8024);
#9733 = PRESENTATION_STYLE_ASSIGNMENT((#9734));
#9734 = SURFACE_STYLE_USAGE(.BOTH.,#9735);
#9735 = SURFACE_SIDE_STYLE('',(#9736));
#9736 = SURFACE_STYLE_FILL_AREA(#9737);
#9737 = FILL_AREA_STYLE('',(#9738));
#9738 = FILL_AREA_STYLE_COLOUR('',#9705);
ENDSEC;
END-ISO-10303-21;
