ISO-10303-21;
HEADER;
FILE_DESCRIPTION(('Open CASCADE Model'),'2;1');
FILE_NAME('Halberd_B5_Sculpted_Intakes','2000-01-01T00:00:00',('Author')
  ,('Open CASCADE'),'Open CASCADE STEP processor 7.9','cadgen','Unknown'
  );
FILE_SCHEMA(('AUTOMOTIVE_DESIGN { 1 0 10303 214 1 1 1 1 }'));
ENDSEC;
DATA;
#1 = APPLICATION_PROTOCOL_DEFINITION('international standard',
  'automotive_design',2000,#2);
#2 = APPLICATION_CONTEXT(
  'core data for automotive mechanical design processes');
#3 = SHAPE_DEFINITION_REPRESENTATION(#4,#10);
#4 = PRODUCT_DEFINITION_SHAPE('','',#5);
#5 = PRODUCT_DEFINITION('design','',#6,#9);
#6 = PRODUCT_DEFINITION_FORMATION('','',#7);
#7 = PRODUCT('Halberd_B5_Sculpted_Intakes','Halberd_B5_Sculpted_Intakes'
  ,'',(#8));
#8 = PRODUCT_CONTEXT('',#2,'mechanical');
#9 = PRODUCT_DEFINITION_CONTEXT('part definition',#2,'design');
#10 = SHAPE_REPRESENTATION('',(#11,#15,#19),#23);
#11 = AXIS2_PLACEMENT_3D('',#12,#13,#14);
#12 = CARTESIAN_POINT('',(0.,0.,0.));
#13 = DIRECTION('',(0.,0.,1.));
#14 = DIRECTION('',(1.,0.,-0.));
#15 = AXIS2_PLACEMENT_3D('',#16,#17,#18);
#16 = CARTESIAN_POINT('',(0.,0.,0.));
#17 = DIRECTION('',(0.,0.,1.));
#18 = DIRECTION('',(1.,0.,0.));
#19 = AXIS2_PLACEMENT_3D('',#20,#21,#22);
#20 = CARTESIAN_POINT('',(0.,0.,0.));
#21 = DIRECTION('',(0.,0.,1.));
#22 = DIRECTION('',(1.,0.,0.));
#23 = ( GEOMETRIC_REPRESENTATION_CONTEXT(3) 
GLOBAL_UNCERTAINTY_ASSIGNED_CONTEXT((#27)) GLOBAL_UNIT_ASSIGNED_CONTEXT(
(#24,#25,#26)) REPRESENTATION_CONTEXT('Context #1',
  '3D Context with UNIT and UNCERTAINTY') );
#24 = ( LENGTH_UNIT() NAMED_UNIT(*) SI_UNIT(.MILLI.,.METRE.) );
#25 = ( NAMED_UNIT(*) PLANE_ANGLE_UNIT() SI_UNIT($,.RADIAN.) );
#26 = ( NAMED_UNIT(*) SI_UNIT($,.STERADIAN.) SOLID_ANGLE_UNIT() );
#27 = UNCERTAINTY_MEASURE_WITH_UNIT(LENGTH_MEASURE(2.E-06),#24,
  'distance_accuracy_value','confusion accuracy');
#28 = PRODUCT_RELATED_PRODUCT_CATEGORY('part',$,(#7));
#29 = SHAPE_DEFINITION_REPRESENTATION(#30,#36);
#30 = PRODUCT_DEFINITION_SHAPE('','',#31);
#31 = PRODUCT_DEFINITION('design','',#32,#35);
#32 = PRODUCT_DEFINITION_FORMATION('','',#33);
#33 = PRODUCT('sustainer_body','sustainer_body','',(#34));
#34 = PRODUCT_CONTEXT('',#2,'mechanical');
#35 = PRODUCT_DEFINITION_CONTEXT('part definition',#2,'design');
#36 = ADVANCED_BREP_SHAPE_REPRESENTATION('',(#11,#37),#3619);
#37 = MANIFOLD_SOLID_BREP('',#38);
#38 = CLOSED_SHELL('',(#39,#149,#335,#835,#973,#1450,#1474,#1951,#1975,
    #2452,#2459,#2529,#2622,#2694,#2743,#2749,#2819,#2912,#2984,#3033,
    #3039,#3109,#3202,#3274,#3323,#3329,#3399,#3492,#3564,#3613));
#39 = ADVANCED_FACE('',(#40),#54,.T.);
#40 = FACE_BOUND('',#41,.T.);
#41 = EDGE_LOOP('',(#42,#75,#100,#126));
#42 = ORIENTED_EDGE('',*,*,#43,.F.);
#43 = EDGE_CURVE('',#44,#46,#48,.T.);
#44 = VERTEX_POINT('',#45);
#45 = CARTESIAN_POINT('',(220.,-28.,113.));
#46 = VERTEX_POINT('',#47);
#47 = CARTESIAN_POINT('',(220.,27.999999983343,113.));
#48 = SURFACE_CURVE('',#49,(#53,#64),.PCURVE_S1.);
#49 = LINE('',#50,#51);
#50 = CARTESIAN_POINT('',(220.,-175.,113.));
#51 = VECTOR('',#52,1.);
#52 = DIRECTION('',(-0.,1.,0.));
#53 = PCURVE('',#54,#59);
#54 = PLANE('',#55);
#55 = AXIS2_PLACEMENT_3D('',#56,#57,#58);
#56 = CARTESIAN_POINT('',(940.,7.105427357601E-15,113.));
#57 = DIRECTION('',(0.,0.,1.));
#58 = DIRECTION('',(0.,-1.,0.));
#59 = DEFINITIONAL_REPRESENTATION('',(#60),#63);
#60 = B_SPLINE_CURVE_WITH_KNOTS('',1,(#61,#62),.UNSPECIFIED.,.F.,.F.,(2,
    2),(147.,202.99999998334),.PIECEWISE_BEZIER_KNOTS.);
#61 = CARTESIAN_POINT('',(28.,-720.));
#62 = CARTESIAN_POINT('',(-27.99999998334,-720.));
#63 = ( GEOMETRIC_REPRESENTATION_CONTEXT(2) 
PARAMETRIC_REPRESENTATION_CONTEXT() REPRESENTATION_CONTEXT('2D SPACE',''
  ) );
#64 = PCURVE('',#65,#70);
#65 = PLANE('',#66);
#66 = AXIS2_PLACEMENT_3D('',#67,#68,#69);
#67 = CARTESIAN_POINT('',(220.,-350.,-350.));
#68 = DIRECTION('',(1.,0.,0.));
#69 = DIRECTION('',(0.,0.,1.));
#70 = DEFINITIONAL_REPRESENTATION('',(#71),#74);
#71 = B_SPLINE_CURVE_WITH_KNOTS('',1,(#72,#73),.UNSPECIFIED.,.F.,.F.,(2,
    2),(147.,202.99999998334),.PIECEWISE_BEZIER_KNOTS.);
#72 = CARTESIAN_POINT('',(463.,-322.));
#73 = CARTESIAN_POINT('',(463.,-377.9999999833));
#74 = ( GEOMETRIC_REPRESENTATION_CONTEXT(2) 
PARAMETRIC_REPRESENTATION_CONTEXT() REPRESENTATION_CONTEXT('2D SPACE',''
  ) );
#75 = ORIENTED_EDGE('',*,*,#76,.T.);
#76 = EDGE_CURVE('',#44,#77,#79,.T.);
#77 = VERTEX_POINT('',#78);
#78 = CARTESIAN_POINT('',(750.,-28.,113.));
#79 = SURFACE_CURVE('',#80,(#83,#89),.PCURVE_S1.);
#80 = B_SPLINE_CURVE_WITH_KNOTS('',1,(#81,#82),.UNSPECIFIED.,.F.,.F.,(2,
    2),(0.,1.),.PIECEWISE_BEZIER_KNOTS.);
#81 = CARTESIAN_POINT('',(-350.,-28.,113.));
#82 = CARTESIAN_POINT('',(940.,-28.,113.));
#83 = PCURVE('',#54,#84);
#84 = DEFINITIONAL_REPRESENTATION('',(#85),#88);
#85 = B_SPLINE_CURVE_WITH_KNOTS('',1,(#86,#87),.UNSPECIFIED.,.F.,.F.,(2,
    2),(0.,1.),.PIECEWISE_BEZIER_KNOTS.);
#86 = CARTESIAN_POINT('',(28.,-1.29E+03));
#87 = CARTESIAN_POINT('',(28.,0.));
#88 = ( GEOMETRIC_REPRESENTATION_CONTEXT(2) 
PARAMETRIC_REPRESENTATION_CONTEXT() REPRESENTATION_CONTEXT('2D SPACE',''
  ) );
#89 = PCURVE('',#90,#95);
#90 = CYLINDRICAL_SURFACE('',#91,85.);
#91 = AXIS2_PLACEMENT_3D('',#92,#93,#94);
#92 = CARTESIAN_POINT('',(-350.,-28.,28.));
#93 = DIRECTION('',(1.,0.,1.110223024625E-16));
#94 = DIRECTION('',(-1.110223024625E-16,0.,1.));
#95 = DEFINITIONAL_REPRESENTATION('',(#96),#99);
#96 = B_SPLINE_CURVE_WITH_KNOTS('',1,(#97,#98),.UNSPECIFIED.,.F.,.F.,(2,
    2),(0.,1.),.PIECEWISE_BEZIER_KNOTS.);
#97 = CARTESIAN_POINT('',(0.,0.));
#98 = CARTESIAN_POINT('',(0.,1.29E+03));
#99 = ( GEOMETRIC_REPRESENTATION_CONTEXT(2) 
PARAMETRIC_REPRESENTATION_CONTEXT() REPRESENTATION_CONTEXT('2D SPACE',''
  ) );
#100 = ORIENTED_EDGE('',*,*,#101,.T.);
#101 = EDGE_CURVE('',#77,#102,#104,.T.);
#102 = VERTEX_POINT('',#103);
#103 = CARTESIAN_POINT('',(750.,27.999999983343,113.));
#104 = SURFACE_CURVE('',#105,(#109,#115),.PCURVE_S1.);
#105 = LINE('',#106,#107);
#106 = CARTESIAN_POINT('',(750.,-175.,113.));
#107 = VECTOR('',#108,1.);
#108 = DIRECTION('',(-0.,1.,0.));
#109 = PCURVE('',#54,#110);
#110 = DEFINITIONAL_REPRESENTATION('',(#111),#114);
#111 = B_SPLINE_CURVE_WITH_KNOTS('',1,(#112,#113),.UNSPECIFIED.,.F.,.F.,
  (2,2),(147.,202.99999998334),.PIECEWISE_BEZIER_KNOTS.);
#112 = CARTESIAN_POINT('',(28.,-190.));
#113 = CARTESIAN_POINT('',(-27.99999998334,-190.));
#114 = ( GEOMETRIC_REPRESENTATION_CONTEXT(2) 
PARAMETRIC_REPRESENTATION_CONTEXT() REPRESENTATION_CONTEXT('2D SPACE',''
  ) );
#115 = PCURVE('',#116,#121);
#116 = PLANE('',#117);
#117 = AXIS2_PLACEMENT_3D('',#118,#119,#120);
#118 = CARTESIAN_POINT('',(750.,-350.,-350.));
#119 = DIRECTION('',(1.,0.,0.));
#120 = DIRECTION('',(0.,0.,1.));
#121 = DEFINITIONAL_REPRESENTATION('',(#122),#125);
#122 = B_SPLINE_CURVE_WITH_KNOTS('',1,(#123,#124),.UNSPECIFIED.,.F.,.F.,
  (2,2),(147.,202.99999998334),.PIECEWISE_BEZIER_KNOTS.);
#123 = CARTESIAN_POINT('',(463.,-322.));
#124 = CARTESIAN_POINT('',(463.,-377.9999999833));
#125 = ( GEOMETRIC_REPRESENTATION_CONTEXT(2) 
PARAMETRIC_REPRESENTATION_CONTEXT() REPRESENTATION_CONTEXT('2D SPACE',''
  ) );
#126 = ORIENTED_EDGE('',*,*,#127,.F.);
#127 = EDGE_CURVE('',#46,#102,#128,.T.);
#128 = SURFACE_CURVE('',#129,(#132,#138),.PCURVE_S1.);
#129 = B_SPLINE_CURVE_WITH_KNOTS('',1,(#130,#131),.UNSPECIFIED.,.F.,.F.,
  (2,2),(0.,1.),.PIECEWISE_BEZIER_KNOTS.);
#130 = CARTESIAN_POINT('',(-350.,27.999999983343,113.));
#131 = CARTESIAN_POINT('',(940.,27.999999983343,113.));
#132 = PCURVE('',#54,#133);
#133 = DEFINITIONAL_REPRESENTATION('',(#134),#137);
#134 = B_SPLINE_CURVE_WITH_KNOTS('',1,(#135,#136),.UNSPECIFIED.,.F.,.F.,
  (2,2),(0.,1.),.PIECEWISE_BEZIER_KNOTS.);
#135 = CARTESIAN_POINT('',(-27.99999998334,-1.29E+03));
#136 = CARTESIAN_POINT('',(-27.99999998334,0.));
#137 = ( GEOMETRIC_REPRESENTATION_CONTEXT(2) 
PARAMETRIC_REPRESENTATION_CONTEXT() REPRESENTATION_CONTEXT('2D SPACE',''
  ) );
#138 = PCURVE('',#139,#144);
#139 = CYLINDRICAL_SURFACE('',#140,85.);
#140 = AXIS2_PLACEMENT_3D('',#141,#142,#143);
#141 = CARTESIAN_POINT('',(-350.,27.999999983343,28.));
#142 = DIRECTION('',(1.,0.,1.110223024625E-16));
#143 = DIRECTION('',(-1.110223024625E-16,0.,1.));
#144 = DEFINITIONAL_REPRESENTATION('',(#145),#148);
#145 = B_SPLINE_CURVE_WITH_KNOTS('',1,(#146,#147),.UNSPECIFIED.,.F.,.F.,
  (2,2),(0.,1.),.PIECEWISE_BEZIER_KNOTS.);
#146 = CARTESIAN_POINT('',(6.28318530718,0.));
#147 = CARTESIAN_POINT('',(6.28318530718,1.29E+03));
#148 = ( GEOMETRIC_REPRESENTATION_CONTEXT(2) 
PARAMETRIC_REPRESENTATION_CONTEXT() REPRESENTATION_CONTEXT('2D SPACE',''
  ) );
#149 = ADVANCED_FACE('',(#150),#65,.F.);
#150 = FACE_BOUND('',#151,.F.);
#151 = EDGE_LOOP('',(#152,#153,#177,#203,#232,#258,#287,#313));
#152 = ORIENTED_EDGE('',*,*,#43,.F.);
#153 = ORIENTED_EDGE('',*,*,#154,.T.);
#154 = EDGE_CURVE('',#44,#155,#157,.T.);
#155 = VERTEX_POINT('',#156);
#156 = CARTESIAN_POINT('',(220.,-113.,28.));
#157 = SURFACE_CURVE('',#158,(#163,#170),.PCURVE_S1.);
#158 = CIRCLE('',#159,85.);
#159 = AXIS2_PLACEMENT_3D('',#160,#161,#162);
#160 = CARTESIAN_POINT('',(220.,-28.,28.));
#161 = DIRECTION('',(1.,0.,1.110223024625E-16));
#162 = DIRECTION('',(-1.110223024625E-16,0.,1.));
#163 = PCURVE('',#65,#164);
#164 = DEFINITIONAL_REPRESENTATION('',(#165),#169);
#165 = CIRCLE('',#166,85.);
#166 = AXIS2_PLACEMENT_2D('',#167,#168);
#167 = CARTESIAN_POINT('',(378.,-322.));
#168 = DIRECTION('',(1.,0.));
#169 = ( GEOMETRIC_REPRESENTATION_CONTEXT(2) 
PARAMETRIC_REPRESENTATION_CONTEXT() REPRESENTATION_CONTEXT('2D SPACE',''
  ) );
#170 = PCURVE('',#90,#171);
#171 = DEFINITIONAL_REPRESENTATION('',(#172),#176);
#172 = LINE('',#173,#174);
#173 = CARTESIAN_POINT('',(0.,570.));
#174 = VECTOR('',#175,1.);
#175 = DIRECTION('',(1.,0.));
#176 = ( GEOMETRIC_REPRESENTATION_CONTEXT(2) 
PARAMETRIC_REPRESENTATION_CONTEXT() REPRESENTATION_CONTEXT('2D SPACE',''
  ) );
#177 = ORIENTED_EDGE('',*,*,#178,.F.);
#178 = EDGE_CURVE('',#179,#155,#181,.T.);
#179 = VERTEX_POINT('',#180);
#180 = CARTESIAN_POINT('',(220.,-113.,-27.99999998334));
#181 = SURFACE_CURVE('',#182,(#186,#192),.PCURVE_S1.);
#182 = LINE('',#183,#184);
#183 = CARTESIAN_POINT('',(220.,-113.,-175.));
#184 = VECTOR('',#185,1.);
#185 = DIRECTION('',(0.,0.,1.));
#186 = PCURVE('',#65,#187);
#187 = DEFINITIONAL_REPRESENTATION('',(#188),#191);
#188 = B_SPLINE_CURVE_WITH_KNOTS('',1,(#189,#190),.UNSPECIFIED.,.F.,.F.,
  (2,2),(147.00000001665,203.),.PIECEWISE_BEZIER_KNOTS.);
#189 = CARTESIAN_POINT('',(322.00000001665,-237.));
#190 = CARTESIAN_POINT('',(378.,-237.));
#191 = ( GEOMETRIC_REPRESENTATION_CONTEXT(2) 
PARAMETRIC_REPRESENTATION_CONTEXT() REPRESENTATION_CONTEXT('2D SPACE',''
  ) );
#192 = PCURVE('',#193,#198);
#193 = PLANE('',#194);
#194 = AXIS2_PLACEMENT_3D('',#195,#196,#197);
#195 = CARTESIAN_POINT('',(940.,-113.,0.));
#196 = DIRECTION('',(0.,-1.,0.));
#197 = DIRECTION('',(1.110223024625E-16,0.,-1.));
#198 = DEFINITIONAL_REPRESENTATION('',(#199),#202);
#199 = B_SPLINE_CURVE_WITH_KNOTS('',1,(#200,#201),.UNSPECIFIED.,.F.,.F.,
  (2,2),(147.00000001665,203.),.PIECEWISE_BEZIER_KNOTS.);
#200 = CARTESIAN_POINT('',(27.999999983343,-720.));
#201 = CARTESIAN_POINT('',(-28.,-720.));
#202 = ( GEOMETRIC_REPRESENTATION_CONTEXT(2) 
PARAMETRIC_REPRESENTATION_CONTEXT() REPRESENTATION_CONTEXT('2D SPACE',''
  ) );
#203 = ORIENTED_EDGE('',*,*,#204,.T.);
#204 = EDGE_CURVE('',#179,#205,#207,.T.);
#205 = VERTEX_POINT('',#206);
#206 = CARTESIAN_POINT('',(220.,-28.,-112.9999999916));
#207 = SURFACE_CURVE('',#208,(#213,#220),.PCURVE_S1.);
#208 = CIRCLE('',#209,85.);
#209 = AXIS2_PLACEMENT_3D('',#210,#211,#212);
#210 = CARTESIAN_POINT('',(220.,-28.,-27.99999998334));
#211 = DIRECTION('',(1.,0.,1.110223024625E-16));
#212 = DIRECTION('',(-1.110223024625E-16,0.,1.));
#213 = PCURVE('',#65,#214);
#214 = DEFINITIONAL_REPRESENTATION('',(#215),#219);
#215 = CIRCLE('',#216,85.);
#216 = AXIS2_PLACEMENT_2D('',#217,#218);
#217 = CARTESIAN_POINT('',(322.00000001665,-322.));
#218 = DIRECTION('',(1.,0.));
#219 = ( GEOMETRIC_REPRESENTATION_CONTEXT(2) 
PARAMETRIC_REPRESENTATION_CONTEXT() REPRESENTATION_CONTEXT('2D SPACE',''
  ) );
#220 = PCURVE('',#221,#226);
#221 = CYLINDRICAL_SURFACE('',#222,85.);
#222 = AXIS2_PLACEMENT_3D('',#223,#224,#225);
#223 = CARTESIAN_POINT('',(-350.,-28.,-27.99999998334));
#224 = DIRECTION('',(1.,0.,1.110223024625E-16));
#225 = DIRECTION('',(-1.110223024625E-16,0.,1.));
#226 = DEFINITIONAL_REPRESENTATION('',(#227),#231);
#227 = LINE('',#228,#229);
#228 = CARTESIAN_POINT('',(0.,570.));
#229 = VECTOR('',#230,1.);
#230 = DIRECTION('',(1.,0.));
#231 = ( GEOMETRIC_REPRESENTATION_CONTEXT(2) 
PARAMETRIC_REPRESENTATION_CONTEXT() REPRESENTATION_CONTEXT('2D SPACE',''
  ) );
#232 = ORIENTED_EDGE('',*,*,#233,.F.);
#233 = EDGE_CURVE('',#234,#205,#236,.T.);
#234 = VERTEX_POINT('',#235);
#235 = CARTESIAN_POINT('',(220.,27.999999983343,-113.));
#236 = SURFACE_CURVE('',#237,(#241,#247),.PCURVE_S1.);
#237 = LINE('',#238,#239);
#238 = CARTESIAN_POINT('',(220.,-175.,-113.));
#239 = VECTOR('',#240,1.);
#240 = DIRECTION('',(0.,-1.,0.));
#241 = PCURVE('',#65,#242);
#242 = DEFINITIONAL_REPRESENTATION('',(#243),#246);
#243 = B_SPLINE_CURVE_WITH_KNOTS('',1,(#244,#245),.UNSPECIFIED.,.F.,.F.,
  (2,2),(-202.9999999833,-147.),.PIECEWISE_BEZIER_KNOTS.);
#244 = CARTESIAN_POINT('',(237.,-377.9999999833));
#245 = CARTESIAN_POINT('',(237.,-322.));
#246 = ( GEOMETRIC_REPRESENTATION_CONTEXT(2) 
PARAMETRIC_REPRESENTATION_CONTEXT() REPRESENTATION_CONTEXT('2D SPACE',''
  ) );
#247 = PCURVE('',#248,#253);
#248 = PLANE('',#249);
#249 = AXIS2_PLACEMENT_3D('',#250,#251,#252);
#250 = CARTESIAN_POINT('',(940.,7.105427357601E-15,-113.));
#251 = DIRECTION('',(0.,0.,-1.));
#252 = DIRECTION('',(0.,1.,0.));
#253 = DEFINITIONAL_REPRESENTATION('',(#254),#257);
#254 = B_SPLINE_CURVE_WITH_KNOTS('',1,(#255,#256),.UNSPECIFIED.,.F.,.F.,
  (2,2),(-202.9999999833,-147.),.PIECEWISE_BEZIER_KNOTS.);
#255 = CARTESIAN_POINT('',(27.999999983343,-720.));
#256 = CARTESIAN_POINT('',(-28.,-720.));
#257 = ( GEOMETRIC_REPRESENTATION_CONTEXT(2) 
PARAMETRIC_REPRESENTATION_CONTEXT() REPRESENTATION_CONTEXT('2D SPACE',''
  ) );
#258 = ORIENTED_EDGE('',*,*,#259,.T.);
#259 = EDGE_CURVE('',#234,#260,#262,.T.);
#260 = VERTEX_POINT('',#261);
#261 = CARTESIAN_POINT('',(220.,112.99999999167,-28.));
#262 = SURFACE_CURVE('',#263,(#268,#275),.PCURVE_S1.);
#263 = CIRCLE('',#264,85.);
#264 = AXIS2_PLACEMENT_3D('',#265,#266,#267);
#265 = CARTESIAN_POINT('',(220.,27.999999983343,-28.));
#266 = DIRECTION('',(1.,0.,1.110223024625E-16));
#267 = DIRECTION('',(-1.110223024625E-16,0.,1.));
#268 = PCURVE('',#65,#269);
#269 = DEFINITIONAL_REPRESENTATION('',(#270),#274);
#270 = CIRCLE('',#271,85.);
#271 = AXIS2_PLACEMENT_2D('',#272,#273);
#272 = CARTESIAN_POINT('',(322.,-377.9999999833));
#273 = DIRECTION('',(1.,0.));
#274 = ( GEOMETRIC_REPRESENTATION_CONTEXT(2) 
PARAMETRIC_REPRESENTATION_CONTEXT() REPRESENTATION_CONTEXT('2D SPACE',''
  ) );
#275 = PCURVE('',#276,#281);
#276 = CYLINDRICAL_SURFACE('',#277,85.);
#277 = AXIS2_PLACEMENT_3D('',#278,#279,#280);
#278 = CARTESIAN_POINT('',(-350.,27.999999983343,-28.));
#279 = DIRECTION('',(1.,0.,1.110223024625E-16));
#280 = DIRECTION('',(-1.110223024625E-16,0.,1.));
#281 = DEFINITIONAL_REPRESENTATION('',(#282),#286);
#282 = LINE('',#283,#284);
#283 = CARTESIAN_POINT('',(0.,570.));
#284 = VECTOR('',#285,1.);
#285 = DIRECTION('',(1.,0.));
#286 = ( GEOMETRIC_REPRESENTATION_CONTEXT(2) 
PARAMETRIC_REPRESENTATION_CONTEXT() REPRESENTATION_CONTEXT('2D SPACE',''
  ) );
#287 = ORIENTED_EDGE('',*,*,#288,.F.);
#288 = EDGE_CURVE('',#289,#260,#291,.T.);
#289 = VERTEX_POINT('',#290);
#290 = CARTESIAN_POINT('',(220.,112.99999999167,28.));
#291 = SURFACE_CURVE('',#292,(#296,#302),.PCURVE_S1.);
#292 = LINE('',#293,#294);
#293 = CARTESIAN_POINT('',(220.,113.,-175.));
#294 = VECTOR('',#295,1.);
#295 = DIRECTION('',(-0.,0.,-1.));
#296 = PCURVE('',#65,#297);
#297 = DEFINITIONAL_REPRESENTATION('',(#298),#301);
#298 = B_SPLINE_CURVE_WITH_KNOTS('',1,(#299,#300),.UNSPECIFIED.,.F.,.F.,
  (2,2),(-203.,-147.),.PIECEWISE_BEZIER_KNOTS.);
#299 = CARTESIAN_POINT('',(378.,-463.));
#300 = CARTESIAN_POINT('',(322.,-463.));
#301 = ( GEOMETRIC_REPRESENTATION_CONTEXT(2) 
PARAMETRIC_REPRESENTATION_CONTEXT() REPRESENTATION_CONTEXT('2D SPACE',''
  ) );
#302 = PCURVE('',#303,#308);
#303 = PLANE('',#304);
#304 = AXIS2_PLACEMENT_3D('',#305,#306,#307);
#305 = CARTESIAN_POINT('',(940.,113.,0.));
#306 = DIRECTION('',(0.,1.,0.));
#307 = DIRECTION('',(-1.110223024625E-16,0.,1.));
#308 = DEFINITIONAL_REPRESENTATION('',(#309),#312);
#309 = B_SPLINE_CURVE_WITH_KNOTS('',1,(#310,#311),.UNSPECIFIED.,.F.,.F.,
  (2,2),(-203.,-147.),.PIECEWISE_BEZIER_KNOTS.);
#310 = CARTESIAN_POINT('',(28.,-720.));
#311 = CARTESIAN_POINT('',(-28.,-720.));
#312 = ( GEOMETRIC_REPRESENTATION_CONTEXT(2) 
PARAMETRIC_REPRESENTATION_CONTEXT() REPRESENTATION_CONTEXT('2D SPACE',''
  ) );
#313 = ORIENTED_EDGE('',*,*,#314,.T.);
#314 = EDGE_CURVE('',#289,#46,#315,.T.);
#315 = SURFACE_CURVE('',#316,(#321,#328),.PCURVE_S1.);
#316 = CIRCLE('',#317,85.);
#317 = AXIS2_PLACEMENT_3D('',#318,#319,#320);
#318 = CARTESIAN_POINT('',(220.,27.999999983343,28.));
#319 = DIRECTION('',(1.,0.,1.110223024625E-16));
#320 = DIRECTION('',(-1.110223024625E-16,0.,1.));
#321 = PCURVE('',#65,#322);
#322 = DEFINITIONAL_REPRESENTATION('',(#323),#327);
#323 = CIRCLE('',#324,85.);
#324 = AXIS2_PLACEMENT_2D('',#325,#326);
#325 = CARTESIAN_POINT('',(378.,-377.9999999833));
#326 = DIRECTION('',(1.,0.));
#327 = ( GEOMETRIC_REPRESENTATION_CONTEXT(2) 
PARAMETRIC_REPRESENTATION_CONTEXT() REPRESENTATION_CONTEXT('2D SPACE',''
  ) );
#328 = PCURVE('',#139,#329);
#329 = DEFINITIONAL_REPRESENTATION('',(#330),#334);
#330 = LINE('',#331,#332);
#331 = CARTESIAN_POINT('',(0.,570.));
#332 = VECTOR('',#333,1.);
#333 = DIRECTION('',(1.,0.));
#334 = ( GEOMETRIC_REPRESENTATION_CONTEXT(2) 
PARAMETRIC_REPRESENTATION_CONTEXT() REPRESENTATION_CONTEXT('2D SPACE',''
  ) );
#335 = ADVANCED_FACE('',(#336,#382),#139,.T.);
#336 = FACE_BOUND('',#337,.T.);
#337 = EDGE_LOOP('',(#338,#339,#340,#364));
#338 = ORIENTED_EDGE('',*,*,#314,.T.);
#339 = ORIENTED_EDGE('',*,*,#127,.T.);
#340 = ORIENTED_EDGE('',*,*,#341,.F.);
#341 = EDGE_CURVE('',#342,#102,#344,.T.);
#342 = VERTEX_POINT('',#343);
#343 = CARTESIAN_POINT('',(750.,112.99999999167,28.));
#344 = SURFACE_CURVE('',#345,(#350,#357),.PCURVE_S1.);
#345 = CIRCLE('',#346,85.);
#346 = AXIS2_PLACEMENT_3D('',#347,#348,#349);
#347 = CARTESIAN_POINT('',(750.,27.999999983343,28.));
#348 = DIRECTION('',(1.,0.,1.110223024625E-16));
#349 = DIRECTION('',(-1.110223024625E-16,0.,1.));
#350 = PCURVE('',#139,#351);
#351 = DEFINITIONAL_REPRESENTATION('',(#352),#356);
#352 = LINE('',#353,#354);
#353 = CARTESIAN_POINT('',(0.,1.1E+03));
#354 = VECTOR('',#355,1.);
#355 = DIRECTION('',(1.,0.));
#356 = ( GEOMETRIC_REPRESENTATION_CONTEXT(2) 
PARAMETRIC_REPRESENTATION_CONTEXT() REPRESENTATION_CONTEXT('2D SPACE',''
  ) );
#357 = PCURVE('',#116,#358);
#358 = DEFINITIONAL_REPRESENTATION('',(#359),#363);
#359 = CIRCLE('',#360,85.);
#360 = AXIS2_PLACEMENT_2D('',#361,#362);
#361 = CARTESIAN_POINT('',(378.,-377.9999999833));
#362 = DIRECTION('',(1.,0.));
#363 = ( GEOMETRIC_REPRESENTATION_CONTEXT(2) 
PARAMETRIC_REPRESENTATION_CONTEXT() REPRESENTATION_CONTEXT('2D SPACE',''
  ) );
#364 = ORIENTED_EDGE('',*,*,#365,.F.);
#365 = EDGE_CURVE('',#289,#342,#366,.T.);
#366 = SURFACE_CURVE('',#367,(#370,#376),.PCURVE_S1.);
#367 = B_SPLINE_CURVE_WITH_KNOTS('',1,(#368,#369),.UNSPECIFIED.,.F.,.F.,
  (2,2),(0.,1.),.PIECEWISE_BEZIER_KNOTS.);
#368 = CARTESIAN_POINT('',(-350.,112.99999999167,28.));
#369 = CARTESIAN_POINT('',(940.,112.99999999167,28.));
#370 = PCURVE('',#139,#371);
#371 = DEFINITIONAL_REPRESENTATION('',(#372),#375);
#372 = B_SPLINE_CURVE_WITH_KNOTS('',1,(#373,#374),.UNSPECIFIED.,.F.,.F.,
  (2,2),(0.,1.),.PIECEWISE_BEZIER_KNOTS.);
#373 = CARTESIAN_POINT('',(4.712388980385,0.));
#374 = CARTESIAN_POINT('',(4.712388980385,1.29E+03));
#375 = ( GEOMETRIC_REPRESENTATION_CONTEXT(2) 
PARAMETRIC_REPRESENTATION_CONTEXT() REPRESENTATION_CONTEXT('2D SPACE',''
  ) );
#376 = PCURVE('',#303,#377);
#377 = DEFINITIONAL_REPRESENTATION('',(#378),#381);
#378 = B_SPLINE_CURVE_WITH_KNOTS('',1,(#379,#380),.UNSPECIFIED.,.F.,.F.,
  (2,2),(0.,1.),.PIECEWISE_BEZIER_KNOTS.);
#379 = CARTESIAN_POINT('',(28.,-1.29E+03));
#380 = CARTESIAN_POINT('',(28.,0.));
#381 = ( GEOMETRIC_REPRESENTATION_CONTEXT(2) 
PARAMETRIC_REPRESENTATION_CONTEXT() REPRESENTATION_CONTEXT('2D SPACE',''
  ) );
#382 = FACE_BOUND('',#383,.T.);
#383 = EDGE_LOOP('',(#384,#485,#611,#640,#808));
#384 = ORIENTED_EDGE('',*,*,#385,.T.);
#385 = EDGE_CURVE('',#386,#388,#390,.T.);
#386 = VERTEX_POINT('',#387);
#387 = CARTESIAN_POINT('',(270.,95.696673549112,79.401949263912));
#388 = VERTEX_POINT('',#389);
#389 = CARTESIAN_POINT('',(385.37156481234,102.9743972043,
    68.047968255008));
#390 = SURFACE_CURVE('',#391,(#406,#424),.PCURVE_S1.);
#391 = B_SPLINE_CURVE_WITH_KNOTS('',7,(#392,#393,#394,#395,#396,#397,
    #398,#399,#400,#401,#402,#403,#404,#405),.UNSPECIFIED.,.F.,.F.,(8,6,
    8),(0.,0.498587436938,1.),.UNSPECIFIED.);
#392 = CARTESIAN_POINT('',(270.,95.696673549112,79.401949263912));
#393 = CARTESIAN_POINT('',(278.20229536792,96.425401224146,
    78.442210572256));
#394 = CARTESIAN_POINT('',(286.40652248486,97.122343489391,
    77.491374155351));
#395 = CARTESIAN_POINT('',(294.6129643128,97.785803801971,
    76.554265988714));
#396 = CARTESIAN_POINT('',(302.82187698522,98.414317475869,
    75.636068046268));
#397 = CARTESIAN_POINT('',(311.03347115612,99.006813292649,
    74.742095188384));
#398 = CARTESIAN_POINT('',(319.24788424584,99.56273874941,
    73.877386517612));
#399 = CARTESIAN_POINT('',(335.72900736622,100.60427614486,
    72.210747205409));
#400 = CARTESIAN_POINT('',(343.99576038778,101.08947320857,
    71.409199205747));
#401 = CARTESIAN_POINT('',(352.26544742958,101.53756362555,
    70.646334711036));
#402 = CARTESIAN_POINT('',(360.5380276071,101.94900610368,
    69.926142111531));
#403 = CARTESIAN_POINT('',(368.81338307699,102.3247344812,
    69.251732242227));
#404 = CARTESIAN_POINT('',(377.09131735081,102.6660419999,
    68.625244620999));
#405 = CARTESIAN_POINT('',(385.37156481234,102.9743972043,
    68.047968255008));
#406 = PCURVE('',#139,#407);
#407 = DEFINITIONAL_REPRESENTATION('',(#408),#423);
#408 = B_SPLINE_CURVE_WITH_KNOTS('',7,(#409,#410,#411,#412,#413,#414,
    #415,#416,#417,#418,#419,#420,#421,#422),.UNSPECIFIED.,.F.,.F.,(8,6,
    8),(0.,0.498587436938,1.),.UNSPECIFIED.);
#409 = CARTESIAN_POINT('',(5.361814303498,620.));
#410 = CARTESIAN_POINT('',(5.347637259913,628.20229536792));
#411 = CARTESIAN_POINT('',(5.333769764427,636.40652248486));
#412 = CARTESIAN_POINT('',(5.320264452706,644.6129643128));
#413 = CARTESIAN_POINT('',(5.307176554723,652.82187698522));
#414 = CARTESIAN_POINT('',(5.294561013494,661.03347115612));
#415 = CARTESIAN_POINT('',(5.28246794597,669.24788424584));
#416 = CARTESIAN_POINT('',(5.259346522111,685.72900736622));
#417 = CARTESIAN_POINT('',(5.248324571966,693.99576038778));
#418 = CARTESIAN_POINT('',(5.237917356751,702.26544742958));
#419 = CARTESIAN_POINT('',(5.228160414391,710.5380276071));
#420 = CARTESIAN_POINT('',(5.21907860715,718.81338307699));
#421 = CARTESIAN_POINT('',(5.21068563918,727.09131735081));
#422 = CARTESIAN_POINT('',(5.202985992535,735.37156481234));
#423 = ( GEOMETRIC_REPRESENTATION_CONTEXT(2) 
PARAMETRIC_REPRESENTATION_CONTEXT() REPRESENTATION_CONTEXT('2D SPACE',''
  ) );
#424 = PCURVE('',#425,#468);
#425 = B_SPLINE_SURFACE_WITH_KNOTS('',13,2,(
    (#426,#427,#428)
    ,(#429,#430,#431)
    ,(#432,#433,#434)
    ,(#435,#436,#437)
    ,(#438,#439,#440)
    ,(#441,#442,#443)
    ,(#444,#445,#446)
    ,(#447,#448,#449)
    ,(#450,#451,#452)
    ,(#453,#454,#455)
    ,(#456,#457,#458)
    ,(#459,#460,#461)
    ,(#462,#463,#464)
    ,(#465,#466,#467
    )),.UNSPECIFIED.,.F.,.F.,.F.,(14,14),(3,3),(1.,2.),(0.,1.),
  .PIECEWISE_BEZIER_KNOTS.);
#426 = CARTESIAN_POINT('',(270.,90.755726830306,73.573032047473));
#427 = CARTESIAN_POINT('',(484.33328197368,119.06065362651,
    58.858252673275));
#428 = CARTESIAN_POINT('',(700.,105.81710126958,77.179276631524));
#429 = CARTESIAN_POINT('',(270.00000000007,96.907410898525,
    79.724716115694));
#430 = CARTESIAN_POINT('',(484.33328197353,125.21233769473,
    65.00993674149));
#431 = CARTESIAN_POINT('',(700.00000000011,111.9687853378,
    83.330960699749));
#432 = CARTESIAN_POINT('',(269.99999999968,101.83611632986,
    87.099379532746));
#433 = CARTESIAN_POINT('',(484.33328197434,127.07911380765,
    75.446529477022));
#434 = CARTESIAN_POINT('',(699.99999999947,116.08217144055,
    91.520943445355));
#435 = CARTESIAN_POINT('',(270.00000000085,104.50693130454,
    94.662107351313));
#436 = CARTESIAN_POINT('',(484.33328197202,123.62607406054,
    89.133112017187));
#437 = CARTESIAN_POINT('',(700.00000000145,117.12234880063,
    100.7143088786));
#438 = CARTESIAN_POINT('',(269.9999999983,104.13185271416,
    101.13112735058));
#439 = CARTESIAN_POINT('',(484.33328197672,114.68333149066,
    104.16979599634));
#440 = CARTESIAN_POINT('',(699.99999999699,114.46590401363,
    109.4646950743));
#441 = CARTESIAN_POINT('',(270.00000000263,100.4250584177,
    105.23298815747));
#442 = CARTESIAN_POINT('',(484.33328196944,101.20141017294,
    118.04678382389));
#443 = CARTESIAN_POINT('',(700.00000000482,108.15622468285,
    116.16944091586));
#444 = CARTESIAN_POINT('',(269.99999999676,93.782384414452,
    106.03461167027));
#445 = CARTESIAN_POINT('',(484.33328197834,85.23972376145,
    128.16741974568));
#446 = CARTESIAN_POINT('',(699.99999999383,99.032118174069,
    119.4524969337));
#447 = CARTESIAN_POINT('',(270.00000000321,85.282384586863,
    103.24830467297));
#448 = CARTESIAN_POINT('',(484.3332819696,69.587138445306,
    132.53369823619));
#449 = CARTESIAN_POINT('',(700.00000000629,88.627554069929,
    118.57075421352));
#450 = CARTESIAN_POINT('',(269.99999999743,76.45147607294,
    97.374427969671));
#451 = CARTESIAN_POINT('',(484.33328197657,57.054521868993,
    130.36152959588));
#452 = CARTESIAN_POINT('',(699.99999999486,78.810968285602,
    113.68255478009));
#453 = CARTESIAN_POINT('',(270.00000000164,68.839225329525,
    89.56217480548));
#454 = CARTESIAN_POINT('',(484.33328197206,49.692640624644,
    122.29890693223));
#455 = CARTESIAN_POINT('',(700.00000000331,71.265385015928,
    105.80363414255));
#456 = CARTESIAN_POINT('',(269.99999999917,63.622150703285,
    81.260042340912));
#457 = CARTESIAN_POINT('',(484.3332819744,48.337541183416,
    110.13479928285));
#458 = CARTESIAN_POINT('',(699.99999999834,67.076663002376,
    96.473149065067));
#459 = CARTESIAN_POINT('',(270.0000000003,61.380997364681,
    73.838157963259));
#460 = CARTESIAN_POINT('',(484.33328197345,52.581794524723,
    96.227508225211));
#461 = CARTESIAN_POINT('',(700.00000000059,66.562420010161,
    87.324354341132));
#462 = CARTESIAN_POINT('',(269.99999999993,62.079526630877,
    68.308106749947));
#463 = CARTESIAN_POINT('',(484.33328197373,61.077462292008,
    82.900318510833));
#464 = CARTESIAN_POINT('',(699.99999999987,69.337142769513,
    79.718109634629));
#465 = CARTESIAN_POINT('',(270.,65.193816690412,65.193816690412));
#466 = CARTESIAN_POINT('',(484.33328197368,71.988890401419,
    71.988890401419));
#467 = CARTESIAN_POINT('',(700.,74.527626202075,74.527626202075));
#468 = DEFINITIONAL_REPRESENTATION('',(#469),#484);
#469 = B_SPLINE_CURVE_WITH_KNOTS('',7,(#470,#471,#472,#473,#474,#475,
    #476,#477,#478,#479,#480,#481,#482,#483),.UNSPECIFIED.,.F.,.F.,(8,6,
    8),(0.,0.498587436938,1.),.UNSPECIFIED.);
#470 = CARTESIAN_POINT('',(1.068519749885,0.));
#471 = CARTESIAN_POINT('',(1.063567878889,1.913444167978E-02));
#472 = CARTESIAN_POINT('',(1.058557864496,3.827073234904E-02));
#473 = CARTESIAN_POINT('',(1.053507737732,5.74095311808E-02));
#474 = CARTESIAN_POINT('',(1.048437959193,7.655143421553E-02));
#475 = CARTESIAN_POINT('',(1.043371069561,9.569693092865E-02));
#476 = CARTESIAN_POINT('',(1.038330382375,0.114846339709));
#477 = CARTESIAN_POINT('',(1.028318588326,0.153261733795));
#478 = CARTESIAN_POINT('',(1.023348035072,0.17252778907));
#479 = CARTESIAN_POINT('',(1.018450085702,0.191797990396));
#480 = CARTESIAN_POINT('',(1.013647328822,0.211072240365));
#481 = CARTESIAN_POINT('',(1.008960266079,0.230350262371));
#482 = CARTESIAN_POINT('',(1.004406404655,0.249631596927));
#483 = CARTESIAN_POINT('',(1.,0.268915624082));
#484 = ( GEOMETRIC_REPRESENTATION_CONTEXT(2) 
PARAMETRIC_REPRESENTATION_CONTEXT() REPRESENTATION_CONTEXT('2D SPACE',''
  ) );
#485 = ORIENTED_EDGE('',*,*,#486,.T.);
#486 = EDGE_CURVE('',#388,#487,#489,.T.);
#487 = VERTEX_POINT('',#488);
#488 = CARTESIAN_POINT('',(700.,100.21427198924,72.834126719025));
#489 = SURFACE_CURVE('',#490,(#514,#541),.PCURVE_S1.);
#490 = B_SPLINE_CURVE_WITH_KNOTS('',8,(#491,#492,#493,#494,#495,#496,
    #497,#498,#499,#500,#501,#502,#503,#504,#505,#506,#507,#508,#509,
    #510,#511,#512,#513),.UNSPECIFIED.,.F.,.F.,(9,7,7,9),(0.,
    0.254050136112,0.508209893957,1.),.UNSPECIFIED.);
#491 = CARTESIAN_POINT('',(385.37156481234,102.9743972043,
    68.047968255008));
#492 = CARTESIAN_POINT('',(395.3544847385,103.34615968224,
    67.351986188805));
#493 = CARTESIAN_POINT('',(405.34073906752,103.67100487295,
    66.726071596094));
#494 = CARTESIAN_POINT('',(415.32989742801,103.95133763212,
    66.17233417447));
#495 = CARTESIAN_POINT('',(425.32151945121,104.18991604179,
    65.69132409383));
#496 = CARTESIAN_POINT('',(435.3151623467,104.38954460366,
    65.282263156566));
#497 = CARTESIAN_POINT('',(445.31039327335,104.5528526218,64.94347900393
    ));
#498 = CARTESIAN_POINT('',(455.30680114071,104.68216292254,
    64.672841619429));
#499 = CARTESIAN_POINT('',(475.30551756743,104.87679117795,
    64.263072752976));
#500 = CARTESIAN_POINT('',(485.30784718939,104.94208133493,
    64.123998150295));
#501 = CARTESIAN_POINT('',(495.31066472417,104.9773087202,
    64.048427927222));
#502 = CARTESIAN_POINT('',(505.31367556458,104.98410386946,
    64.033805840824));
#503 = CARTESIAN_POINT('',(515.31661736359,104.96369814077,
    64.07764960179));
#504 = CARTESIAN_POINT('',(525.31926029944,104.91692534802,
    64.177704878107));
#505 = CARTESIAN_POINT('',(535.32140732992,104.84424225884,
    64.332009837412));
#506 = CARTESIAN_POINT('',(564.6754167508,104.55513477282,
    64.939246586236));
#507 = CARTESIAN_POINT('',(584.02528381312,104.26785505521,
    65.53649445956));
#508 = CARTESIAN_POINT('',(603.37149662999,103.88455391904,66.3186320487
    ));
#509 = CARTESIAN_POINT('',(622.71283969004,103.40071665113,
    67.277967410648));
#510 = CARTESIAN_POINT('',(642.04790229036,102.80721120213,
    68.411175497487));
#511 = CARTESIAN_POINT('',(661.37513554673,102.09033478564,
    69.717356023563));
#512 = CARTESIAN_POINT('',(680.69298602033,101.23253086844,
    71.194018411888));
#513 = CARTESIAN_POINT('',(700.,100.21427198924,72.834126719025));
#514 = PCURVE('',#139,#515);
#515 = DEFINITIONAL_REPRESENTATION('',(#516),#540);
#516 = B_SPLINE_CURVE_WITH_KNOTS('',8,(#517,#518,#519,#520,#521,#522,
    #523,#524,#525,#526,#527,#528,#529,#530,#531,#532,#533,#534,#535,
    #536,#537,#538,#539),.UNSPECIFIED.,.F.,.F.,(9,7,7,9),(0.,
    0.254050136112,0.508209893957,1.),.UNSPECIFIED.);
#517 = CARTESIAN_POINT('',(5.202985992535,735.37156481234));
#518 = CARTESIAN_POINT('',(5.193703062735,745.3544847385));
#519 = CARTESIAN_POINT('',(5.185407290664,755.34073906752));
#520 = CARTESIAN_POINT('',(5.178106014598,765.32989742801));
#521 = CARTESIAN_POINT('',(5.171789540523,775.32151945121));
#522 = CARTESIAN_POINT('',(5.16643469508,785.31516234669));
#523 = CARTESIAN_POINT('',(5.162010145742,795.31039327335));
#524 = CARTESIAN_POINT('',(5.158481414343,805.30680114071));
#525 = CARTESIAN_POINT('',(5.153144454596,825.30551756743));
#526 = CARTESIAN_POINT('',(5.151336970201,835.30784718939));
#527 = CARTESIAN_POINT('',(5.150356054115,845.31066472417));
#528 = CARTESIAN_POINT('',(5.150166358914,855.31367556458));
#529 = CARTESIAN_POINT('',(5.150735302268,865.3166173636));
#530 = CARTESIAN_POINT('',(5.152034686984,875.31926029944));
#531 = CARTESIAN_POINT('',(5.154041331899,885.32140732992));
#532 = CARTESIAN_POINT('',(5.161953650774,914.6754167508));
#533 = CARTESIAN_POINT('',(5.169750619425,934.0252838131));
#534 = CARTESIAN_POINT('',(5.179997373187,953.37149663006));
#535 = CARTESIAN_POINT('',(5.192636079375,972.71283968994));
#536 = CARTESIAN_POINT('',(5.207681647146,992.04790229045));
#537 = CARTESIAN_POINT('',(5.225203377693,1.011375135547E+03));
#538 = CARTESIAN_POINT('',(5.245285726318,1.03069298602E+03));
#539 = CARTESIAN_POINT('',(5.267997418364,1.05E+03));
#540 = ( GEOMETRIC_REPRESENTATION_CONTEXT(2) 
PARAMETRIC_REPRESENTATION_CONTEXT() REPRESENTATION_CONTEXT('2D SPACE',''
  ) );
#541 = PCURVE('',#542,#585);
#542 = B_SPLINE_SURFACE_WITH_KNOTS('',13,2,(
    (#543,#544,#545)
    ,(#546,#547,#548)
    ,(#549,#550,#551)
    ,(#552,#553,#554)
    ,(#555,#556,#557)
    ,(#558,#559,#560)
    ,(#561,#562,#563)
    ,(#564,#565,#566)
    ,(#567,#568,#569)
    ,(#570,#571,#572)
    ,(#573,#574,#575)
    ,(#576,#577,#578)
    ,(#579,#580,#581)
    ,(#582,#583,#584
    )),.UNSPECIFIED.,.F.,.F.,.F.,(14,14),(3,3),(0.,1.),(0.,1.),
  .PIECEWISE_BEZIER_KNOTS.);
#543 = CARTESIAN_POINT('',(270.,65.193816690412,65.193816690412));
#544 = CARTESIAN_POINT('',(484.33328197368,71.988890401419,
    71.988890401419));
#545 = CARTESIAN_POINT('',(700.,74.527626202075,74.527626202075));
#546 = CARTESIAN_POINT('',(270.,66.231913376924,64.1557200039));
#547 = CARTESIAN_POINT('',(484.33328197368,75.626033104557,
    68.351747698282));
#548 = CARTESIAN_POINT('',(700.,76.257787346262,72.797465057888));
#549 = CARTESIAN_POINT('',(270.,67.53842844311,63.386041315837));
#550 = CARTESIAN_POINT('',(484.33328197369,79.531594664599,
    64.983022516361));
#551 = CARTESIAN_POINT('',(700.,78.256366997197,71.335721785075));
#552 = CARTESIAN_POINT('',(270.,69.093955056759,62.904184582423));
#553 = CARTESIAN_POINT('',(484.33328197369,83.637583649106,
    61.95070341209));
#554 = CARTESIAN_POINT('',(700.,80.4910213932,70.174737269307));
#555 = CARTESIAN_POINT('',(270.,70.873071117862,62.72353425948));
#556 = CARTESIAN_POINT('',(484.33328197368,87.869998656326,
    59.31675414303));
#557 = CARTESIAN_POINT('',(700.,82.923392915652,69.340831485015));
#558 = CARTESIAN_POINT('',(270.,72.844861528551,62.850921212169));
#559 = CARTESIAN_POINT('',(484.33328197368,92.150672971013,
    57.135257191721));
#560 = CARTESIAN_POINT('',(700.,85.509984479007,68.853417285038));
#561 = CARTESIAN_POINT('',(270.,74.973659497426,63.286297180757));
#562 = CARTESIAN_POINT('',(484.33328197368,96.39935137179,
    55.450752728407));
#563 = CARTESIAN_POINT('',(700.,88.203256447979,68.724319253529));
#564 = CARTESIAN_POINT('',(270.,77.219971102655,64.02263998911));
#565 = CARTESIAN_POINT('',(484.33328197369,100.53589075528,
    54.29686775849));
#566 = CARTESIAN_POINT('',(700.,90.9528909855,68.95733912959));
#567 = CARTESIAN_POINT('',(270.,79.541543186416,65.04609901703));
#568 = CARTESIAN_POINT('',(484.33328197368,104.48248274844,
    53.695306877018));
#569 = CARTESIAN_POINT('',(700.,93.707167421207,69.548093805563));
#570 = CARTESIAN_POINT('',(270.,81.894530501458,66.336377791862));
#571 = CARTESIAN_POINT('',(484.33328197368,108.1658029863,
    53.655252729034));
#572 = CARTESIAN_POINT('',(700.,96.41439091632,70.484136400326));
#573 = CARTESIAN_POINT('',(270.,84.23471387876,67.86733788922));
#574 = CARTESIAN_POINT('',(484.33328197368,111.5189982389,
    54.173200951089));
#575 = CARTESIAN_POINT('',(700.,99.024315386935,71.74535540437));
#576 = CARTESIAN_POINT('',(270.,86.518717033429,69.60779566702));
#577 = CARTESIAN_POINT('',(484.33328197369,114.48342907673,
    55.233231045725));
#578 = CARTESIAN_POINT('',(699.99999999999,101.48950033389,
    73.30463138988));
#579 = CARTESIAN_POINT('',(270.,88.705165474233,71.5224706914));
#580 = CARTESIAN_POINT('',(484.33328197368,117.01009227044,
    56.807691317202));
#581 = CARTESIAN_POINT('',(700.,103.7665399135,75.128715275451));
#582 = CARTESIAN_POINT('',(270.,90.755726830306,73.573032047473));
#583 = CARTESIAN_POINT('',(484.33328197368,119.06065362651,
    58.858252673275));
#584 = CARTESIAN_POINT('',(700.,105.81710126958,77.179276631524));
#585 = DEFINITIONAL_REPRESENTATION('',(#586),#610);
#586 = B_SPLINE_CURVE_WITH_KNOTS('',8,(#587,#588,#589,#590,#591,#592,
    #593,#594,#595,#596,#597,#598,#599,#600,#601,#602,#603,#604,#605,
    #606,#607,#608,#609),.UNSPECIFIED.,.F.,.F.,(9,7,7,9),(0.,
    0.254050136112,0.508209893957,1.),.UNSPECIFIED.);
#587 = CARTESIAN_POINT('',(1.,0.268915624082));
#588 = CARTESIAN_POINT('',(0.984062510799,0.292165037803));
#589 = CARTESIAN_POINT('',(0.96875484845,0.315418380248));
#590 = CARTESIAN_POINT('',(0.954147006608,0.338674646849));
#591 = CARTESIAN_POINT('',(0.940291383153,0.36193281068));
#592 = CARTESIAN_POINT('',(0.927221887607,0.385191840139));
#593 = CARTESIAN_POINT('',(0.914956804143,0.408450727744));
#594 = CARTESIAN_POINT('',(0.903502864738,0.43170851753));
#595 = CARTESIAN_POINT('',(0.882208515975,0.478230154461));
#596 = CARTESIAN_POINT('',(0.872368784983,0.501494047292));
#597 = CARTESIAN_POINT('',(0.863336685496,0.524755238425));
#598 = CARTESIAN_POINT('',(0.855101343363,0.548013044358));
#599 = CARTESIAN_POINT('',(0.847646260253,0.571266857227));
#600 = CARTESIAN_POINT('',(0.840951417176,0.594516145308));
#601 = CARTESIAN_POINT('',(0.834994390764,0.617760453504));
#602 = CARTESIAN_POINT('',(0.819603854426,0.685965947197));
#603 = CARTESIAN_POINT('',(0.812127444409,0.730912001582));
#604 = CARTESIAN_POINT('',(0.807142584926,0.775835268572));
#605 = CARTESIAN_POINT('',(0.80444036117,0.820732950798));
#606 = CARTESIAN_POINT('',(0.803787001077,0.865601802778));
#607 = CARTESIAN_POINT('',(0.804890535557,0.91043826468));
#608 = CARTESIAN_POINT('',(0.807347301933,0.955238772685));
#609 = CARTESIAN_POINT('',(0.81062945281,1.));
#610 = ( GEOMETRIC_REPRESENTATION_CONTEXT(2) 
PARAMETRIC_REPRESENTATION_CONTEXT() REPRESENTATION_CONTEXT('2D SPACE',''
  ) );
#611 = ORIENTED_EDGE('',*,*,#612,.T.);
#612 = EDGE_CURVE('',#487,#613,#615,.T.);
#613 = VERTEX_POINT('',#614);
#614 = CARTESIAN_POINT('',(700.,72.834126734111,100.21427198619));
#615 = SURFACE_CURVE('',#616,(#621,#628),.PCURVE_S1.);
#616 = CIRCLE('',#617,85.);
#617 = AXIS2_PLACEMENT_3D('',#618,#619,#620);
#618 = CARTESIAN_POINT('',(700.,27.999999983343,28.));
#619 = DIRECTION('',(1.,0.,1.110223024625E-16));
#620 = DIRECTION('',(-1.110223024625E-16,0.,1.));
#621 = PCURVE('',#139,#622);
#622 = DEFINITIONAL_REPRESENTATION('',(#623),#627);
#623 = LINE('',#624,#625);
#624 = CARTESIAN_POINT('',(0.,1.05E+03));
#625 = VECTOR('',#626,1.);
#626 = DIRECTION('',(1.,0.));
#627 = ( GEOMETRIC_REPRESENTATION_CONTEXT(2) 
PARAMETRIC_REPRESENTATION_CONTEXT() REPRESENTATION_CONTEXT('2D SPACE',''
  ) );
#628 = PCURVE('',#629,#634);
#629 = PLANE('',#630);
#630 = AXIS2_PLACEMENT_3D('',#631,#632,#633);
#631 = CARTESIAN_POINT('',(700.,74.527626202075,74.527626202075));
#632 = DIRECTION('',(1.,-3.601855776913E-15,3.989288598165E-15));
#633 = DIRECTION('',(0.,0.742229664017,0.670145600488));
#634 = DEFINITIONAL_REPRESENTATION('',(#635),#639);
#635 = CIRCLE('',#636,85.);
#636 = AXIS2_PLACEMENT_2D('',#637,#638);
#637 = CARTESIAN_POINT('',(-65.7144683763,-3.353900351865));
#638 = DIRECTION('',(0.670145600488,0.742229664017));
#639 = ( GEOMETRIC_REPRESENTATION_CONTEXT(2) 
PARAMETRIC_REPRESENTATION_CONTEXT() REPRESENTATION_CONTEXT('2D SPACE',''
  ) );
#640 = ORIENTED_EDGE('',*,*,#641,.F.);
#641 = EDGE_CURVE('',#642,#613,#644,.T.);
#642 = VERTEX_POINT('',#643);
#643 = CARTESIAN_POINT('',(270.,79.401949264222,95.696673552886));
#644 = SURFACE_CURVE('',#645,(#683,#724),.PCURVE_S1.);
#645 = B_SPLINE_CURVE_WITH_KNOTS('',8,(#646,#647,#648,#649,#650,#651,
    #652,#653,#654,#655,#656,#657,#658,#659,#660,#661,#662,#663,#664,
    #665,#666,#667,#668,#669,#670,#671,#672,#673,#674,#675,#676,#677,
    #678,#679,#680,#681,#682),.UNSPECIFIED.,.F.,.F.,(9,7,7,7,7,9),(0.,
    0.125049306901,0.250965815315,0.500579603639,0.750454573179,1.),
  .UNSPECIFIED.);
#646 = CARTESIAN_POINT('',(270.,79.401949264222,95.696673552886));
#647 = CARTESIAN_POINT('',(276.69521020255,78.618552422863,
    96.291505212892));
#648 = CARTESIAN_POINT('',(283.39168106756,77.840965982025,
    96.865591049537));
#649 = CARTESIAN_POINT('',(290.08955614634,77.07163853681,
    97.418070201782));
#650 = CARTESIAN_POINT('',(296.78896892635,76.313153649931,
    97.948169761686));
#651 = CARTESIAN_POINT('',(303.49003784826,75.568170378562,
    98.455247271972));
#652 = CARTESIAN_POINT('',(310.19285983693,74.839333815413,
    98.938827729056));
#653 = CARTESIAN_POINT('',(316.89750399937,74.129178843457,
    99.398625904988));
#654 = CARTESIAN_POINT('',(330.35701905894,72.746142742594,
    100.27348674236));
#655 = CARTESIAN_POINT('',(337.11192068788,72.073553992546,
    100.68821767489));
#656 = CARTESIAN_POINT('',(343.86873808716,71.424678335353,
    101.07863661521));
#657 = CARTESIAN_POINT('',(350.62747191292,70.801717505071,
    101.44484059167));
#658 = CARTESIAN_POINT('',(357.38809343696,70.206591600884,
    101.78711850676));
#659 = CARTESIAN_POINT('',(364.15054251881,69.640885131938,
    102.10593115909));
#660 = CARTESIAN_POINT('',(370.91472753334,69.105828194152,
    102.4018774255));
#661 = CARTESIAN_POINT('',(391.09288215891,67.604156208167,
    103.21835988618));
#662 = CARTESIAN_POINT('',(404.51165702116,66.729946920568,
    103.67392604836));
#663 = CARTESIAN_POINT('',(417.9358413445,65.986641009784,
    104.04771885806));
#664 = CARTESIAN_POINT('',(431.36438800393,65.375957354398,
    104.34660622142));
#665 = CARTESIAN_POINT('',(444.7962288166,64.894824772819,
    104.57765478222));
#666 = CARTESIAN_POINT('',(458.2303422439,64.537996713811,
    104.74694033802));
#667 = CARTESIAN_POINT('',(471.66578750163,64.299443153172,
    104.85941635135));
#668 = CARTESIAN_POINT('',(498.55172638997,64.046862066824,
    104.97819971252));
#669 = CARTESIAN_POINT('',(512.00230203037,64.033069389731,
    104.98439600791));
#670 = CARTESIAN_POINT('',(525.45284194939,64.125873610244,
    104.94107881276));
#671 = CARTESIAN_POINT('',(538.90279146529,64.319409102617,
    104.85069290402));
#672 = CARTESIAN_POINT('',(552.35164940693,64.608735387268,
    104.71438928774));
#673 = CARTESIAN_POINT('',(565.79896792154,64.990063921422,
    104.53209854554));
#674 = CARTESIAN_POINT('',(579.2443549872,65.460630423089,
    104.30262220152));
#675 = CARTESIAN_POINT('',(606.11287199618,66.575544375638,
    103.74506807224));
#676 = CARTESIAN_POINT('',(619.53593342554,67.219657808643,
    103.41712302104));
#677 = CARTESIAN_POINT('',(632.95628154027,67.948819277804,
    103.03754015731));
#678 = CARTESIAN_POINT('',(646.37346795512,68.761805088016,
    102.60295880222));
#679 = CARTESIAN_POINT('',(659.7869862089,69.657890074849,
    102.10899905839));
#680 = CARTESIAN_POINT('',(673.19629001189,70.636349104905,
    101.55035161958));
#681 = CARTESIAN_POINT('',(686.60081515947,71.695881619808,
    100.92094982597));
#682 = CARTESIAN_POINT('',(700.,72.834126734111,100.21427198619));
#683 = PCURVE('',#139,#684);
#684 = DEFINITIONAL_REPRESENTATION('',(#685),#723);
#685 = B_SPLINE_CURVE_WITH_KNOTS('',8,(#686,#687,#688,#689,#690,#691,
    #692,#693,#694,#695,#696,#697,#698,#699,#700,#701,#702,#703,#704,
    #705,#706,#707,#708,#709,#710,#711,#712,#713,#714,#715,#716,#717,
    #718,#719,#720,#721,#722),.UNSPECIFIED.,.F.,.F.,(9,7,7,7,7,9),(0.,
    0.125049306901,0.250965815315,0.500579603639,0.750454573179,1.),
  .UNSPECIFIED.);
#686 = CARTESIAN_POINT('',(5.633759983816,620.));
#687 = CARTESIAN_POINT('',(5.645332145345,626.69521020255));
#688 = CARTESIAN_POINT('',(5.656702269508,633.39168106756));
#689 = CARTESIAN_POINT('',(5.667843649892,640.08955614634));
#690 = CARTESIAN_POINT('',(5.678728596608,646.78896892635));
#691 = CARTESIAN_POINT('',(5.689329202226,653.49003784826));
#692 = CARTESIAN_POINT('',(5.699618376628,660.19285983693));
#693 = CARTESIAN_POINT('',(5.709570890256,666.89750399937));
#694 = CARTESIAN_POINT('',(5.728823968349,680.35701905894));
#695 = CARTESIAN_POINT('',(5.738119538639,687.11192068788));
#696 = CARTESIAN_POINT('',(5.747027812945,693.86873808716));
#697 = CARTESIAN_POINT('',(5.755528443563,700.62747191292));
#698 = CARTESIAN_POINT('',(5.763604664636,707.38809343696));
#699 = CARTESIAN_POINT('',(5.771243753199,714.15054251881));
#700 = CARTESIAN_POINT('',(5.778437084832,720.91472753334));
#701 = CARTESIAN_POINT('',(5.798546344735,741.09288215891));
#702 = CARTESIAN_POINT('',(5.810142078522,754.51165702114));
#703 = CARTESIAN_POINT('',(5.819928934605,767.93584134455));
#704 = CARTESIAN_POINT('',(5.827927303395,781.36438800386));
#705 = CARTESIAN_POINT('',(5.834206376688,794.79622881664));
#706 = CARTESIAN_POINT('',(5.83885280766,808.23034224389));
#707 = CARTESIAN_POINT('',(5.841955625924,821.66578750163));
#708 = CARTESIAN_POINT('',(5.845239363606,848.55172638997));
#709 = CARTESIAN_POINT('',(5.845417227137,862.00230203037));
#710 = CARTESIAN_POINT('',(5.84421234189,875.45284194939));
#711 = CARTESIAN_POINT('',(5.841699370985,888.90279146529));
#712 = CARTESIAN_POINT('',(5.837936750982,902.35164940693));
#713 = CARTESIAN_POINT('',(5.832964471222,915.79896792154));
#714 = CARTESIAN_POINT('',(5.826805504826,929.2443549872));
#715 = CARTESIAN_POINT('',(5.812140150183,956.11287199618));
#716 = CARTESIAN_POINT('',(5.803636920919,969.53593342554));
#717 = CARTESIAN_POINT('',(5.79396647281,982.95628154027));
#718 = CARTESIAN_POINT('',(5.783122578015,996.37346795512));
#719 = CARTESIAN_POINT('',(5.771087067919,1.009786986209E+03));
#720 = CARTESIAN_POINT('',(5.757834705151,1.023196290012E+03));
#721 = CARTESIAN_POINT('',(5.743338920818,1.036600815159E+03));
#722 = CARTESIAN_POINT('',(5.727576868761,1.05E+03));
#723 = ( GEOMETRIC_REPRESENTATION_CONTEXT(2) 
PARAMETRIC_REPRESENTATION_CONTEXT() REPRESENTATION_CONTEXT('2D SPACE',''
  ) );
#724 = PCURVE('',#725,#768);
#725 = B_SPLINE_SURFACE_WITH_KNOTS('',13,2,(
    (#726,#727,#728)
    ,(#729,#730,#731)
    ,(#732,#733,#734)
    ,(#735,#736,#737)
    ,(#738,#739,#740)
    ,(#741,#742,#743)
    ,(#744,#745,#746)
    ,(#747,#748,#749)
    ,(#750,#751,#752)
    ,(#753,#754,#755)
    ,(#756,#757,#758)
    ,(#759,#760,#761)
    ,(#762,#763,#764)
    ,(#765,#766,#767
    )),.UNSPECIFIED.,.F.,.F.,.F.,(14,14),(3,3),(1.,2.),(0.,1.),
  .PIECEWISE_BEZIER_KNOTS.);
#726 = CARTESIAN_POINT('',(270.,90.755726830306,73.573032047473));
#727 = CARTESIAN_POINT('',(484.33328197368,119.06065362651,
    58.858252673275));
#728 = CARTESIAN_POINT('',(700.,105.81710126958,77.179276631524));
#729 = CARTESIAN_POINT('',(270.00000000007,96.907410898525,
    79.724716115694));
#730 = CARTESIAN_POINT('',(484.33328197353,125.21233769473,
    65.00993674149));
#731 = CARTESIAN_POINT('',(700.00000000011,111.9687853378,
    83.330960699749));
#732 = CARTESIAN_POINT('',(269.99999999968,101.83611632986,
    87.099379532746));
#733 = CARTESIAN_POINT('',(484.33328197434,127.07911380765,
    75.446529477022));
#734 = CARTESIAN_POINT('',(699.99999999947,116.08217144055,
    91.520943445355));
#735 = CARTESIAN_POINT('',(270.00000000085,104.50693130454,
    94.662107351313));
#736 = CARTESIAN_POINT('',(484.33328197202,123.62607406054,
    89.133112017187));
#737 = CARTESIAN_POINT('',(700.00000000145,117.12234880063,
    100.7143088786));
#738 = CARTESIAN_POINT('',(269.9999999983,104.13185271416,
    101.13112735058));
#739 = CARTESIAN_POINT('',(484.33328197672,114.68333149066,
    104.16979599634));
#740 = CARTESIAN_POINT('',(699.99999999699,114.46590401363,
    109.4646950743));
#741 = CARTESIAN_POINT('',(270.00000000263,100.4250584177,
    105.23298815747));
#742 = CARTESIAN_POINT('',(484.33328196944,101.20141017294,
    118.04678382389));
#743 = CARTESIAN_POINT('',(700.00000000482,108.15622468285,
    116.16944091586));
#744 = CARTESIAN_POINT('',(269.99999999676,93.782384414452,
    106.03461167027));
#745 = CARTESIAN_POINT('',(484.33328197834,85.23972376145,
    128.16741974568));
#746 = CARTESIAN_POINT('',(699.99999999383,99.032118174069,
    119.4524969337));
#747 = CARTESIAN_POINT('',(270.00000000321,85.282384586863,
    103.24830467297));
#748 = CARTESIAN_POINT('',(484.3332819696,69.587138445306,
    132.53369823619));
#749 = CARTESIAN_POINT('',(700.00000000629,88.627554069929,
    118.57075421352));
#750 = CARTESIAN_POINT('',(269.99999999743,76.45147607294,
    97.374427969671));
#751 = CARTESIAN_POINT('',(484.33328197657,57.054521868993,
    130.36152959588));
#752 = CARTESIAN_POINT('',(699.99999999486,78.810968285602,
    113.68255478009));
#753 = CARTESIAN_POINT('',(270.00000000164,68.839225329525,
    89.56217480548));
#754 = CARTESIAN_POINT('',(484.33328197206,49.692640624644,
    122.29890693223));
#755 = CARTESIAN_POINT('',(700.00000000331,71.265385015928,
    105.80363414255));
#756 = CARTESIAN_POINT('',(269.99999999917,63.622150703285,
    81.260042340912));
#757 = CARTESIAN_POINT('',(484.3332819744,48.337541183416,
    110.13479928285));
#758 = CARTESIAN_POINT('',(699.99999999834,67.076663002376,
    96.473149065067));
#759 = CARTESIAN_POINT('',(270.0000000003,61.380997364681,
    73.838157963259));
#760 = CARTESIAN_POINT('',(484.33328197345,52.581794524723,
    96.227508225211));
#761 = CARTESIAN_POINT('',(700.00000000059,66.562420010161,
    87.324354341132));
#762 = CARTESIAN_POINT('',(269.99999999993,62.079526630877,
    68.308106749947));
#763 = CARTESIAN_POINT('',(484.33328197373,61.077462292008,
    82.900318510833));
#764 = CARTESIAN_POINT('',(699.99999999987,69.337142769513,
    79.718109634629));
#765 = CARTESIAN_POINT('',(270.,65.193816690412,65.193816690412));
#766 = CARTESIAN_POINT('',(484.33328197368,71.988890401419,
    71.988890401419));
#767 = CARTESIAN_POINT('',(700.,74.527626202075,74.527626202075));
#768 = DEFINITIONAL_REPRESENTATION('',(#769),#807);
#769 = B_SPLINE_CURVE_WITH_KNOTS('',8,(#770,#771,#772,#773,#774,#775,
    #776,#777,#778,#779,#780,#781,#782,#783,#784,#785,#786,#787,#788,
    #789,#790,#791,#792,#793,#794,#795,#796,#797,#798,#799,#800,#801,
    #802,#803,#804,#805,#806),.UNSPECIFIED.,.F.,.F.,(9,7,7,7,7,9),(0.,
    0.125049306901,0.250965815315,0.500579603639,0.750454573179,1.),
  .UNSPECIFIED.);
#770 = CARTESIAN_POINT('',(1.598146916795,0.));
#771 = CARTESIAN_POINT('',(1.60218893377,1.561869006275E-02));
#772 = CARTESIAN_POINT('',(1.606268899808,3.12385865606E-02));
#773 = CARTESIAN_POINT('',(1.610377666562,4.686002390322E-02));
#774 = CARTESIAN_POINT('',(1.614505164489,6.248331281582E-02));
#775 = CARTESIAN_POINT('',(1.618640498075,7.810872873577E-02));
#776 = CARTESIAN_POINT('',(1.622772194663,9.373649676562E-02));
#777 = CARTESIAN_POINT('',(1.626888541482,0.109366777037));
#778 = CARTESIAN_POINT('',(1.635095709035,0.140740943717));
#779 = CARTESIAN_POINT('',(1.639186155538,0.156484877595));
#780 = CARTESIAN_POINT('',(1.643237450597,0.172231515681));
#781 = CARTESIAN_POINT('',(1.64723785675,0.187980858428));
#782 = CARTESIAN_POINT('',(1.651176152426,0.20373283782));
#783 = CARTESIAN_POINT('',(1.655041955107,0.21948731271));
#784 = CARTESIAN_POINT('',(1.658825948712,0.235244068726));
#785 = CARTESIAN_POINT('',(1.669843041701,0.282242588943));
#786 = CARTESIAN_POINT('',(1.676812703039,0.313490380311));
#787 = CARTESIAN_POINT('',(1.683365681469,0.344743836978));
#788 = CARTESIAN_POINT('',(1.689457002418,0.376000516697));
#789 = CARTESIAN_POINT('',(1.695063562942,0.407257931287));
#790 = CARTESIAN_POINT('',(1.700177835253,0.438513704293));
#791 = CARTESIAN_POINT('',(1.70480220981,0.469765649918));
#792 = CARTESIAN_POINT('',(1.713093547603,0.532290696825));
#793 = CARTESIAN_POINT('',(1.716759528478,0.563563974337));
#794 = CARTESIAN_POINT('',(1.719952745779,0.594830238459));
#795 = CARTESIAN_POINT('',(1.722688873708,0.626088205342));
#796 = CARTESIAN_POINT('',(1.724986569511,0.657336717079));
#797 = CARTESIAN_POINT('',(1.726866191021,0.688574741019));
#798 = CARTESIAN_POINT('',(1.728350144189,0.719801375357));
#799 = CARTESIAN_POINT('',(1.73057673476,0.782189172848));
#800 = CARTESIAN_POINT('',(1.731320341311,0.813350195089));
#801 = CARTESIAN_POINT('',(1.731720631408,0.844498049328));
#802 = CARTESIAN_POINT('',(1.731806570231,0.875631704993));
#803 = CARTESIAN_POINT('',(1.731611667672,0.906749998045));
#804 = CARTESIAN_POINT('',(1.731176231217,0.937851673559));
#805 = CARTESIAN_POINT('',(1.730549459566,0.96893543667));
#806 = CARTESIAN_POINT('',(1.729790182049,1.));
#807 = ( GEOMETRIC_REPRESENTATION_CONTEXT(2) 
PARAMETRIC_REPRESENTATION_CONTEXT() REPRESENTATION_CONTEXT('2D SPACE',''
  ) );
#808 = ORIENTED_EDGE('',*,*,#809,.F.);
#809 = EDGE_CURVE('',#386,#642,#810,.T.);
#810 = SURFACE_CURVE('',#811,(#816,#823),.PCURVE_S1.);
#811 = CIRCLE('',#812,85.);
#812 = AXIS2_PLACEMENT_3D('',#813,#814,#815);
#813 = CARTESIAN_POINT('',(270.,27.999999983343,28.));
#814 = DIRECTION('',(1.,0.,1.110223024625E-16));
#815 = DIRECTION('',(-1.110223024625E-16,0.,1.));
#816 = PCURVE('',#139,#817);
#817 = DEFINITIONAL_REPRESENTATION('',(#818),#822);
#818 = LINE('',#819,#820);
#819 = CARTESIAN_POINT('',(0.,620.));
#820 = VECTOR('',#821,1.);
#821 = DIRECTION('',(1.,0.));
#822 = ( GEOMETRIC_REPRESENTATION_CONTEXT(2) 
PARAMETRIC_REPRESENTATION_CONTEXT() REPRESENTATION_CONTEXT('2D SPACE',''
  ) );
#823 = PCURVE('',#824,#829);
#824 = PLANE('',#825);
#825 = AXIS2_PLACEMENT_3D('',#826,#827,#828);
#826 = CARTESIAN_POINT('',(270.,65.193816690412,65.193816690412));
#827 = DIRECTION('',(1.,-3.066118617636E-15,3.259835028262E-15));
#828 = DIRECTION('',(-2.465190328816E-32,0.728418694503,0.68513225402));
#829 = DEFINITIONAL_REPRESENTATION('',(#830),#834);
#830 = CIRCLE('',#831,85.);
#831 = AXIS2_PLACEMENT_2D('',#832,#833);
#832 = CARTESIAN_POINT('',(-52.57535487405,-1.609987921058));
#833 = DIRECTION('',(0.68513225402,0.728418694503));
#834 = ( GEOMETRIC_REPRESENTATION_CONTEXT(2) 
PARAMETRIC_REPRESENTATION_CONTEXT() REPRESENTATION_CONTEXT('2D SPACE',''
  ) );
#835 = ADVANCED_FACE('',(#836),#116,.T.);
#836 = FACE_BOUND('',#837,.T.);
#837 = EDGE_LOOP('',(#838,#839,#863,#884,#908,#929,#953,#972));
#838 = ORIENTED_EDGE('',*,*,#101,.F.);
#839 = ORIENTED_EDGE('',*,*,#840,.T.);
#840 = EDGE_CURVE('',#77,#841,#843,.T.);
#841 = VERTEX_POINT('',#842);
#842 = CARTESIAN_POINT('',(750.,-113.,28.));
#843 = SURFACE_CURVE('',#844,(#849,#856),.PCURVE_S1.);
#844 = CIRCLE('',#845,85.);
#845 = AXIS2_PLACEMENT_3D('',#846,#847,#848);
#846 = CARTESIAN_POINT('',(750.,-28.,28.));
#847 = DIRECTION('',(1.,0.,1.110223024625E-16));
#848 = DIRECTION('',(-1.110223024625E-16,0.,1.));
#849 = PCURVE('',#116,#850);
#850 = DEFINITIONAL_REPRESENTATION('',(#851),#855);
#851 = CIRCLE('',#852,85.);
#852 = AXIS2_PLACEMENT_2D('',#853,#854);
#853 = CARTESIAN_POINT('',(378.,-322.));
#854 = DIRECTION('',(1.,0.));
#855 = ( GEOMETRIC_REPRESENTATION_CONTEXT(2) 
PARAMETRIC_REPRESENTATION_CONTEXT() REPRESENTATION_CONTEXT('2D SPACE',''
  ) );
#856 = PCURVE('',#90,#857);
#857 = DEFINITIONAL_REPRESENTATION('',(#858),#862);
#858 = LINE('',#859,#860);
#859 = CARTESIAN_POINT('',(0.,1.1E+03));
#860 = VECTOR('',#861,1.);
#861 = DIRECTION('',(1.,0.));
#862 = ( GEOMETRIC_REPRESENTATION_CONTEXT(2) 
PARAMETRIC_REPRESENTATION_CONTEXT() REPRESENTATION_CONTEXT('2D SPACE',''
  ) );
#863 = ORIENTED_EDGE('',*,*,#864,.F.);
#864 = EDGE_CURVE('',#865,#841,#867,.T.);
#865 = VERTEX_POINT('',#866);
#866 = CARTESIAN_POINT('',(750.,-113.,-27.99999998334));
#867 = SURFACE_CURVE('',#868,(#872,#878),.PCURVE_S1.);
#868 = LINE('',#869,#870);
#869 = CARTESIAN_POINT('',(750.,-113.,-175.));
#870 = VECTOR('',#871,1.);
#871 = DIRECTION('',(0.,0.,1.));
#872 = PCURVE('',#116,#873);
#873 = DEFINITIONAL_REPRESENTATION('',(#874),#877);
#874 = B_SPLINE_CURVE_WITH_KNOTS('',1,(#875,#876),.UNSPECIFIED.,.F.,.F.,
  (2,2),(147.00000001665,203.),.PIECEWISE_BEZIER_KNOTS.);
#875 = CARTESIAN_POINT('',(322.00000001665,-237.));
#876 = CARTESIAN_POINT('',(378.,-237.));
#877 = ( GEOMETRIC_REPRESENTATION_CONTEXT(2) 
PARAMETRIC_REPRESENTATION_CONTEXT() REPRESENTATION_CONTEXT('2D SPACE',''
  ) );
#878 = PCURVE('',#193,#879);
#879 = DEFINITIONAL_REPRESENTATION('',(#880),#883);
#880 = B_SPLINE_CURVE_WITH_KNOTS('',1,(#881,#882),.UNSPECIFIED.,.F.,.F.,
  (2,2),(147.00000001665,203.),.PIECEWISE_BEZIER_KNOTS.);
#881 = CARTESIAN_POINT('',(27.999999983343,-190.));
#882 = CARTESIAN_POINT('',(-28.,-190.));
#883 = ( GEOMETRIC_REPRESENTATION_CONTEXT(2) 
PARAMETRIC_REPRESENTATION_CONTEXT() REPRESENTATION_CONTEXT('2D SPACE',''
  ) );
#884 = ORIENTED_EDGE('',*,*,#885,.T.);
#885 = EDGE_CURVE('',#865,#886,#888,.T.);
#886 = VERTEX_POINT('',#887);
#887 = CARTESIAN_POINT('',(750.,-28.,-112.9999999916));
#888 = SURFACE_CURVE('',#889,(#894,#901),.PCURVE_S1.);
#889 = CIRCLE('',#890,85.);
#890 = AXIS2_PLACEMENT_3D('',#891,#892,#893);
#891 = CARTESIAN_POINT('',(750.,-28.,-27.99999998334));
#892 = DIRECTION('',(1.,0.,1.110223024625E-16));
#893 = DIRECTION('',(-1.110223024625E-16,0.,1.));
#894 = PCURVE('',#116,#895);
#895 = DEFINITIONAL_REPRESENTATION('',(#896),#900);
#896 = CIRCLE('',#897,85.);
#897 = AXIS2_PLACEMENT_2D('',#898,#899);
#898 = CARTESIAN_POINT('',(322.00000001665,-322.));
#899 = DIRECTION('',(1.,0.));
#900 = ( GEOMETRIC_REPRESENTATION_CONTEXT(2) 
PARAMETRIC_REPRESENTATION_CONTEXT() REPRESENTATION_CONTEXT('2D SPACE',''
  ) );
#901 = PCURVE('',#221,#902);
#902 = DEFINITIONAL_REPRESENTATION('',(#903),#907);
#903 = LINE('',#904,#905);
#904 = CARTESIAN_POINT('',(0.,1.1E+03));
#905 = VECTOR('',#906,1.);
#906 = DIRECTION('',(1.,0.));
#907 = ( GEOMETRIC_REPRESENTATION_CONTEXT(2) 
PARAMETRIC_REPRESENTATION_CONTEXT() REPRESENTATION_CONTEXT('2D SPACE',''
  ) );
#908 = ORIENTED_EDGE('',*,*,#909,.F.);
#909 = EDGE_CURVE('',#910,#886,#912,.T.);
#910 = VERTEX_POINT('',#911);
#911 = CARTESIAN_POINT('',(750.,27.999999983343,-113.));
#912 = SURFACE_CURVE('',#913,(#917,#923),.PCURVE_S1.);
#913 = LINE('',#914,#915);
#914 = CARTESIAN_POINT('',(750.,-175.,-113.));
#915 = VECTOR('',#916,1.);
#916 = DIRECTION('',(0.,-1.,0.));
#917 = PCURVE('',#116,#918);
#918 = DEFINITIONAL_REPRESENTATION('',(#919),#922);
#919 = B_SPLINE_CURVE_WITH_KNOTS('',1,(#920,#921),.UNSPECIFIED.,.F.,.F.,
  (2,2),(-202.9999999833,-147.),.PIECEWISE_BEZIER_KNOTS.);
#920 = CARTESIAN_POINT('',(237.,-377.9999999833));
#921 = CARTESIAN_POINT('',(237.,-322.));
#922 = ( GEOMETRIC_REPRESENTATION_CONTEXT(2) 
PARAMETRIC_REPRESENTATION_CONTEXT() REPRESENTATION_CONTEXT('2D SPACE',''
  ) );
#923 = PCURVE('',#248,#924);
#924 = DEFINITIONAL_REPRESENTATION('',(#925),#928);
#925 = B_SPLINE_CURVE_WITH_KNOTS('',1,(#926,#927),.UNSPECIFIED.,.F.,.F.,
  (2,2),(-202.9999999833,-147.),.PIECEWISE_BEZIER_KNOTS.);
#926 = CARTESIAN_POINT('',(27.999999983343,-190.));
#927 = CARTESIAN_POINT('',(-28.,-190.));
#928 = ( GEOMETRIC_REPRESENTATION_CONTEXT(2) 
PARAMETRIC_REPRESENTATION_CONTEXT() REPRESENTATION_CONTEXT('2D SPACE',''
  ) );
#929 = ORIENTED_EDGE('',*,*,#930,.T.);
#930 = EDGE_CURVE('',#910,#931,#933,.T.);
#931 = VERTEX_POINT('',#932);
#932 = CARTESIAN_POINT('',(750.,112.99999999167,-28.));
#933 = SURFACE_CURVE('',#934,(#939,#946),.PCURVE_S1.);
#934 = CIRCLE('',#935,85.);
#935 = AXIS2_PLACEMENT_3D('',#936,#937,#938);
#936 = CARTESIAN_POINT('',(750.,27.999999983343,-28.));
#937 = DIRECTION('',(1.,0.,1.110223024625E-16));
#938 = DIRECTION('',(-1.110223024625E-16,0.,1.));
#939 = PCURVE('',#116,#940);
#940 = DEFINITIONAL_REPRESENTATION('',(#941),#945);
#941 = CIRCLE('',#942,85.);
#942 = AXIS2_PLACEMENT_2D('',#943,#944);
#943 = CARTESIAN_POINT('',(322.,-377.9999999833));
#944 = DIRECTION('',(1.,0.));
#945 = ( GEOMETRIC_REPRESENTATION_CONTEXT(2) 
PARAMETRIC_REPRESENTATION_CONTEXT() REPRESENTATION_CONTEXT('2D SPACE',''
  ) );
#946 = PCURVE('',#276,#947);
#947 = DEFINITIONAL_REPRESENTATION('',(#948),#952);
#948 = LINE('',#949,#950);
#949 = CARTESIAN_POINT('',(0.,1.1E+03));
#950 = VECTOR('',#951,1.);
#951 = DIRECTION('',(1.,0.));
#952 = ( GEOMETRIC_REPRESENTATION_CONTEXT(2) 
PARAMETRIC_REPRESENTATION_CONTEXT() REPRESENTATION_CONTEXT('2D SPACE',''
  ) );
#953 = ORIENTED_EDGE('',*,*,#954,.F.);
#954 = EDGE_CURVE('',#342,#931,#955,.T.);
#955 = SURFACE_CURVE('',#956,(#960,#966),.PCURVE_S1.);
#956 = LINE('',#957,#958);
#957 = CARTESIAN_POINT('',(750.,113.,-175.));
#958 = VECTOR('',#959,1.);
#959 = DIRECTION('',(-0.,0.,-1.));
#960 = PCURVE('',#116,#961);
#961 = DEFINITIONAL_REPRESENTATION('',(#962),#965);
#962 = B_SPLINE_CURVE_WITH_KNOTS('',1,(#963,#964),.UNSPECIFIED.,.F.,.F.,
  (2,2),(-203.,-147.),.PIECEWISE_BEZIER_KNOTS.);
#963 = CARTESIAN_POINT('',(378.,-463.));
#964 = CARTESIAN_POINT('',(322.,-463.));
#965 = ( GEOMETRIC_REPRESENTATION_CONTEXT(2) 
PARAMETRIC_REPRESENTATION_CONTEXT() REPRESENTATION_CONTEXT('2D SPACE',''
  ) );
#966 = PCURVE('',#303,#967);
#967 = DEFINITIONAL_REPRESENTATION('',(#968),#971);
#968 = B_SPLINE_CURVE_WITH_KNOTS('',1,(#969,#970),.UNSPECIFIED.,.F.,.F.,
  (2,2),(-203.,-147.),.PIECEWISE_BEZIER_KNOTS.);
#969 = CARTESIAN_POINT('',(28.,-190.));
#970 = CARTESIAN_POINT('',(-28.,-190.));
#971 = ( GEOMETRIC_REPRESENTATION_CONTEXT(2) 
PARAMETRIC_REPRESENTATION_CONTEXT() REPRESENTATION_CONTEXT('2D SPACE',''
  ) );
#972 = ORIENTED_EDGE('',*,*,#341,.T.);
#973 = ADVANCED_FACE('',(#974,#997),#90,.T.);
#974 = FACE_BOUND('',#975,.T.);
#975 = EDGE_LOOP('',(#976,#977,#995,#996));
#976 = ORIENTED_EDGE('',*,*,#154,.T.);
#977 = ORIENTED_EDGE('',*,*,#978,.T.);
#978 = EDGE_CURVE('',#155,#841,#979,.T.);
#979 = SURFACE_CURVE('',#980,(#983,#989),.PCURVE_S1.);
#980 = B_SPLINE_CURVE_WITH_KNOTS('',1,(#981,#982),.UNSPECIFIED.,.F.,.F.,
  (2,2),(0.,1.),.PIECEWISE_BEZIER_KNOTS.);
#981 = CARTESIAN_POINT('',(-350.,-113.,28.));
#982 = CARTESIAN_POINT('',(940.,-113.,28.));
#983 = PCURVE('',#90,#984);
#984 = DEFINITIONAL_REPRESENTATION('',(#985),#988);
#985 = B_SPLINE_CURVE_WITH_KNOTS('',1,(#986,#987),.UNSPECIFIED.,.F.,.F.,
  (2,2),(0.,1.),.PIECEWISE_BEZIER_KNOTS.);
#986 = CARTESIAN_POINT('',(1.570796326795,0.));
#987 = CARTESIAN_POINT('',(1.570796326795,1.29E+03));
#988 = ( GEOMETRIC_REPRESENTATION_CONTEXT(2) 
PARAMETRIC_REPRESENTATION_CONTEXT() REPRESENTATION_CONTEXT('2D SPACE',''
  ) );
#989 = PCURVE('',#193,#990);
#990 = DEFINITIONAL_REPRESENTATION('',(#991),#994);
#991 = B_SPLINE_CURVE_WITH_KNOTS('',1,(#992,#993),.UNSPECIFIED.,.F.,.F.,
  (2,2),(0.,1.),.PIECEWISE_BEZIER_KNOTS.);
#992 = CARTESIAN_POINT('',(-28.,-1.29E+03));
#993 = CARTESIAN_POINT('',(-28.,0.));
#994 = ( GEOMETRIC_REPRESENTATION_CONTEXT(2) 
PARAMETRIC_REPRESENTATION_CONTEXT() REPRESENTATION_CONTEXT('2D SPACE',''
  ) );
#995 = ORIENTED_EDGE('',*,*,#840,.F.);
#996 = ORIENTED_EDGE('',*,*,#76,.F.);
#997 = FACE_BOUND('',#998,.T.);
#998 = EDGE_LOOP('',(#999,#1100,#1226,#1255,#1423));
#999 = ORIENTED_EDGE('',*,*,#1000,.T.);
#1000 = EDGE_CURVE('',#1001,#1003,#1005,.T.);
#1001 = VERTEX_POINT('',#1002);
#1002 = CARTESIAN_POINT('',(270.,-79.40194927524,95.696673557162));
#1003 = VERTEX_POINT('',#1004);
#1004 = CARTESIAN_POINT('',(385.37156506746,-68.04796824807,
    102.97439722465));
#1005 = SURFACE_CURVE('',#1006,(#1021,#1039),.PCURVE_S1.);
#1006 = B_SPLINE_CURVE_WITH_KNOTS('',7,(#1007,#1008,#1009,#1010,#1011,
    #1012,#1013,#1014,#1015,#1016,#1017,#1018,#1019,#1020),
  .UNSPECIFIED.,.F.,.F.,(8,6,8),(0.,0.498587435838,1.),.UNSPECIFIED.);
#1007 = CARTESIAN_POINT('',(270.,-79.40194927524,95.696673557162));
#1008 = CARTESIAN_POINT('',(278.20229536793,-78.44221058379,
    96.425401232293));
#1009 = CARTESIAN_POINT('',(286.40652248487,-77.49137416706,
    97.122343497662));
#1010 = CARTESIAN_POINT('',(294.61296431284,-76.55426600054,
    97.785803810395));
#1011 = CARTESIAN_POINT('',(302.82187698521,-75.63606805819,
    98.414317484463));
#1012 = CARTESIAN_POINT('',(311.03347115614,-74.74209520034,
    99.006813301437));
#1013 = CARTESIAN_POINT('',(319.24788424585,-73.87738652956,
    99.562738758404));
#1014 = CARTESIAN_POINT('',(335.72900740259,-72.21074721359,
    100.60427615659));
#1015 = CARTESIAN_POINT('',(343.99576046057,-71.40919921046,
    101.08947322251));
#1016 = CARTESIAN_POINT('',(352.26544753877,-70.64633471261,
    101.53756364138));
#1017 = CARTESIAN_POINT('',(360.53802775274,-69.92614211034,
    101.94900612107));
#1018 = CARTESIAN_POINT('',(368.81338325911,-69.25173223868,
    102.32473449986));
#1019 = CARTESIAN_POINT('',(377.09131756942,-68.62524461554,
    102.66604201954));
#1020 = CARTESIAN_POINT('',(385.37156506746,-68.04796824807,
    102.97439722465));
#1021 = PCURVE('',#90,#1022);
#1022 = DEFINITIONAL_REPRESENTATION('',(#1023),#1038);
#1023 = B_SPLINE_CURVE_WITH_KNOTS('',7,(#1024,#1025,#1026,#1027,#1028,
    #1029,#1030,#1031,#1032,#1033,#1034,#1035,#1036,#1037),
  .UNSPECIFIED.,.F.,.F.,(8,6,8),(0.,0.498587435838,1.),.UNSPECIFIED.);
#1024 = CARTESIAN_POINT('',(0.64942532328,620.));
#1025 = CARTESIAN_POINT('',(0.635248279697,628.20229536793));
#1026 = CARTESIAN_POINT('',(0.621380784211,636.40652248487));
#1027 = CARTESIAN_POINT('',(0.607875472491,644.61296431284));
#1028 = CARTESIAN_POINT('',(0.594787574508,652.82187698521));
#1029 = CARTESIAN_POINT('',(0.582172033278,661.03347115614));
#1030 = CARTESIAN_POINT('',(0.570078965752,669.24788424585));
#1031 = CARTESIAN_POINT('',(0.546957541839,685.72900740259));
#1032 = CARTESIAN_POINT('',(0.535935591645,693.99576046057));
#1033 = CARTESIAN_POINT('',(0.525528376387,702.26544753877));
#1034 = CARTESIAN_POINT('',(0.51577143399,710.53802775274));
#1035 = CARTESIAN_POINT('',(0.506689626717,718.81338325911));
#1036 = CARTESIAN_POINT('',(0.498296658722,727.09131756942));
#1037 = CARTESIAN_POINT('',(0.490597012058,735.37156506746));
#1038 = ( GEOMETRIC_REPRESENTATION_CONTEXT(2) 
PARAMETRIC_REPRESENTATION_CONTEXT() REPRESENTATION_CONTEXT('2D SPACE',''
  ) );
#1039 = PCURVE('',#1040,#1083);
#1040 = B_SPLINE_SURFACE_WITH_KNOTS('',13,2,(
    (#1041,#1042,#1043)
    ,(#1044,#1045,#1046)
    ,(#1047,#1048,#1049)
    ,(#1050,#1051,#1052)
    ,(#1053,#1054,#1055)
    ,(#1056,#1057,#1058)
    ,(#1059,#1060,#1061)
    ,(#1062,#1063,#1064)
    ,(#1065,#1066,#1067)
    ,(#1068,#1069,#1070)
    ,(#1071,#1072,#1073)
    ,(#1074,#1075,#1076)
    ,(#1077,#1078,#1079)
    ,(#1080,#1081,#1082
    )),.UNSPECIFIED.,.F.,.F.,.F.,(14,14),(3,3),(1.,2.),(0.,1.),
  .PIECEWISE_BEZIER_KNOTS.);
#1041 = CARTESIAN_POINT('',(270.,-73.57303204747,90.755726830306));
#1042 = CARTESIAN_POINT('',(484.33328197368,-58.85825267327,
    119.06065362651));
#1043 = CARTESIAN_POINT('',(700.,-77.17927663152,105.81710126958));
#1044 = CARTESIAN_POINT('',(270.00000000007,-79.72471611569,
    96.907410898525));
#1045 = CARTESIAN_POINT('',(484.33328197353,-65.00993674149,
    125.21233769473));
#1046 = CARTESIAN_POINT('',(700.00000000011,-83.33096069974,
    111.9687853378));
#1047 = CARTESIAN_POINT('',(269.99999999968,-87.09937953274,
    101.83611632986));
#1048 = CARTESIAN_POINT('',(484.33328197434,-75.44652947702,
    127.07911380765));
#1049 = CARTESIAN_POINT('',(699.99999999947,-91.52094344535,
    116.08217144055));
#1050 = CARTESIAN_POINT('',(270.00000000085,-94.66210735131,
    104.50693130454));
#1051 = CARTESIAN_POINT('',(484.33328197202,-89.13311201718,
    123.62607406054));
#1052 = CARTESIAN_POINT('',(700.00000000145,-100.7143088786,
    117.12234880063));
#1053 = CARTESIAN_POINT('',(269.9999999983,-101.1311273505,
    104.13185271416));
#1054 = CARTESIAN_POINT('',(484.33328197672,-104.1697959963,
    114.68333149066));
#1055 = CARTESIAN_POINT('',(699.99999999699,-109.4646950743,
    114.46590401363));
#1056 = CARTESIAN_POINT('',(270.00000000263,-105.2329881574,
    100.4250584177));
#1057 = CARTESIAN_POINT('',(484.33328196944,-118.0467838238,
    101.20141017294));
#1058 = CARTESIAN_POINT('',(700.00000000482,-116.1694409158,
    108.15622468285));
#1059 = CARTESIAN_POINT('',(269.99999999676,-106.0346116702,
    93.782384414452));
#1060 = CARTESIAN_POINT('',(484.33328197834,-128.1674197456,
    85.23972376145));
#1061 = CARTESIAN_POINT('',(699.99999999383,-119.4524969337,
    99.032118174069));
#1062 = CARTESIAN_POINT('',(270.00000000321,-103.2483046729,
    85.282384586863));
#1063 = CARTESIAN_POINT('',(484.3332819696,-132.5336982361,
    69.587138445306));
#1064 = CARTESIAN_POINT('',(700.00000000629,-118.5707542135,
    88.627554069929));
#1065 = CARTESIAN_POINT('',(269.99999999743,-97.37442796967,
    76.45147607294));
#1066 = CARTESIAN_POINT('',(484.33328197657,-130.3615295958,
    57.054521868993));
#1067 = CARTESIAN_POINT('',(699.99999999486,-113.68255478,
    78.810968285602));
#1068 = CARTESIAN_POINT('',(270.00000000164,-89.56217480548,
    68.839225329525));
#1069 = CARTESIAN_POINT('',(484.33328197206,-122.2989069322,
    49.692640624644));
#1070 = CARTESIAN_POINT('',(700.00000000331,-105.8036341425,
    71.265385015928));
#1071 = CARTESIAN_POINT('',(269.99999999917,-81.26004234091,
    63.622150703285));
#1072 = CARTESIAN_POINT('',(484.3332819744,-110.1347992828,
    48.337541183416));
#1073 = CARTESIAN_POINT('',(699.99999999834,-96.47314906506,
    67.076663002376));
#1074 = CARTESIAN_POINT('',(270.0000000003,-73.83815796325,
    61.380997364681));
#1075 = CARTESIAN_POINT('',(484.33328197345,-96.22750822521,
    52.581794524723));
#1076 = CARTESIAN_POINT('',(700.00000000059,-87.32435434113,
    66.562420010161));
#1077 = CARTESIAN_POINT('',(269.99999999993,-68.30810674994,
    62.079526630877));
#1078 = CARTESIAN_POINT('',(484.33328197373,-82.90031851083,
    61.077462292008));
#1079 = CARTESIAN_POINT('',(699.99999999987,-79.71810963462,
    69.337142769513));
#1080 = CARTESIAN_POINT('',(270.,-65.19381669041,65.193816690412));
#1081 = CARTESIAN_POINT('',(484.33328197368,-71.98889040141,
    71.988890401419));
#1082 = CARTESIAN_POINT('',(700.,-74.52762620207,74.527626202075));
#1083 = DEFINITIONAL_REPRESENTATION('',(#1084),#1099);
#1084 = B_SPLINE_CURVE_WITH_KNOTS('',7,(#1085,#1086,#1087,#1088,#1089,
    #1090,#1091,#1092,#1093,#1094,#1095,#1096,#1097,#1098),
  .UNSPECIFIED.,.F.,.F.,(8,6,8),(0.,0.498587435838,1.),.UNSPECIFIED.);
#1085 = CARTESIAN_POINT('',(1.068519750013,0.));
#1086 = CARTESIAN_POINT('',(1.063567879018,1.91344416798E-02));
#1087 = CARTESIAN_POINT('',(1.058557864626,3.827073234905E-02));
#1088 = CARTESIAN_POINT('',(1.053507737863,5.740953118088E-02));
#1089 = CARTESIAN_POINT('',(1.048437959325,7.655143421553E-02));
#1090 = CARTESIAN_POINT('',(1.043371069693,9.56969309287E-02));
#1091 = CARTESIAN_POINT('',(1.038330382508,0.114846339709));
#1092 = CARTESIAN_POINT('',(1.028318588438,0.153261733879));
#1093 = CARTESIAN_POINT('',(1.023348035163,0.172527789239));
#1094 = CARTESIAN_POINT('',(1.018450085773,0.191797990651));
#1095 = CARTESIAN_POINT('',(1.013647328873,0.211072240704));
#1096 = CARTESIAN_POINT('',(1.008960266111,0.230350262796));
#1097 = CARTESIAN_POINT('',(1.00440640467,0.249631597436));
#1098 = CARTESIAN_POINT('',(1.,0.268915624676));
#1099 = ( GEOMETRIC_REPRESENTATION_CONTEXT(2) 
PARAMETRIC_REPRESENTATION_CONTEXT() REPRESENTATION_CONTEXT('2D SPACE',''
  ) );
#1100 = ORIENTED_EDGE('',*,*,#1101,.T.);
#1101 = EDGE_CURVE('',#1003,#1102,#1104,.T.);
#1102 = VERTEX_POINT('',#1103);
#1103 = CARTESIAN_POINT('',(700.,-72.8341267262,100.21427200144));
#1104 = SURFACE_CURVE('',#1105,(#1129,#1156),.PCURVE_S1.);
#1105 = B_SPLINE_CURVE_WITH_KNOTS('',8,(#1106,#1107,#1108,#1109,#1110,
    #1111,#1112,#1113,#1114,#1115,#1116,#1117,#1118,#1119,#1120,#1121,
    #1122,#1123,#1124,#1125,#1126,#1127,#1128),.UNSPECIFIED.,.F.,.F.,(9,
    7,7,9),(0.,0.254050136318,0.50820989437,1.),.UNSPECIFIED.);
#1106 = CARTESIAN_POINT('',(385.37156506746,-68.04796824807,
    102.97439722465));
#1107 = CARTESIAN_POINT('',(395.35448499367,-67.35198618316,
    103.34615970183));
#1108 = CARTESIAN_POINT('',(405.34073932277,-66.72607159175,
    103.6710048918));
#1109 = CARTESIAN_POINT('',(415.32989768327,-66.17233417143,
    103.95133765028));
#1110 = CARTESIAN_POINT('',(425.32151970652,-65.69132409207,
    104.18991605929));
#1111 = CARTESIAN_POINT('',(435.31516260206,-65.28226315607,
    104.38954462054));
#1112 = CARTESIAN_POINT('',(445.31039352872,-64.94347900467,
    104.55285263808));
#1113 = CARTESIAN_POINT('',(455.30680139611,-64.67284162138,
    104.68216293826));
#1114 = CARTESIAN_POINT('',(475.30551782286,-64.26307275729,
    104.87679119257));
#1115 = CARTESIAN_POINT('',(485.30784744497,-64.12399815576,
    104.94208134901));
#1116 = CARTESIAN_POINT('',(495.31066497963,-64.04842793382,
    104.97730873376));
#1117 = CARTESIAN_POINT('',(505.31367582015,-64.03380584852,
    104.98410388251));
#1118 = CARTESIAN_POINT('',(515.31661761928,-64.07764961057,
    104.96369815331));
#1119 = CARTESIAN_POINT('',(525.31926055501,-64.17770488796,
    104.91692536005));
#1120 = CARTESIAN_POINT('',(535.3214075856,-64.33200984833,
    104.84424227033));
#1121 = CARTESIAN_POINT('',(564.67541697444,-64.93924659959,
    104.55513478304));
#1122 = CARTESIAN_POINT('',(584.02528400499,-65.53649447364,
    104.26785506495));
#1123 = CARTESIAN_POINT('',(603.37149678943,-66.31863206291,
    103.88455392853));
#1124 = CARTESIAN_POINT('',(622.71283981827,-67.27796742451,
    103.40071666054));
#1125 = CARTESIAN_POINT('',(642.04790238565,-68.41117551043,
    102.80721121175));
#1126 = CARTESIAN_POINT('',(661.37513561086,-69.71735603516,
    102.09033479569));
#1127 = CARTESIAN_POINT('',(680.69298605215,-71.19401842153,
    101.23253087934));
#1128 = CARTESIAN_POINT('',(700.,-72.8341267262,100.21427200144));
#1129 = PCURVE('',#90,#1130);
#1130 = DEFINITIONAL_REPRESENTATION('',(#1131),#1155);
#1131 = B_SPLINE_CURVE_WITH_KNOTS('',8,(#1132,#1133,#1134,#1135,#1136,
    #1137,#1138,#1139,#1140,#1141,#1142,#1143,#1144,#1145,#1146,#1147,
    #1148,#1149,#1150,#1151,#1152,#1153,#1154),.UNSPECIFIED.,.F.,.F.,(9,
    7,7,9),(0.,0.254050136318,0.50820989437,1.),.UNSPECIFIED.);
#1132 = CARTESIAN_POINT('',(0.490597012058,735.37156506746));
#1133 = CARTESIAN_POINT('',(0.481314082275,745.35448499367));
#1134 = CARTESIAN_POINT('',(0.473018310222,755.34073932277));
#1135 = CARTESIAN_POINT('',(0.465717034173,765.32989768327));
#1136 = CARTESIAN_POINT('',(0.459400560115,775.32151970652));
#1137 = CARTESIAN_POINT('',(0.454045714689,785.31516260206));
#1138 = CARTESIAN_POINT('',(0.449621165367,795.31039352872));
#1139 = CARTESIAN_POINT('',(0.446092433983,805.30680139611));
#1140 = CARTESIAN_POINT('',(0.440755474267,825.30551782286));
#1141 = CARTESIAN_POINT('',(0.438947989887,835.30784744497));
#1142 = CARTESIAN_POINT('',(0.437967073816,845.31066497964));
#1143 = CARTESIAN_POINT('',(0.437777378629,855.31367582015));
#1144 = CARTESIAN_POINT('',(0.438346321998,865.31661761927));
#1145 = CARTESIAN_POINT('',(0.439645706727,875.31926055501));
#1146 = CARTESIAN_POINT('',(0.441652351656,885.3214075856));
#1147 = CARTESIAN_POINT('',(0.449564670563,914.67541697444));
#1148 = CARTESIAN_POINT('',(0.457361639225,934.02528400498));
#1149 = CARTESIAN_POINT('',(0.46760839299,953.37149678945));
#1150 = CARTESIAN_POINT('',(0.480247099174,972.71283981823));
#1151 = CARTESIAN_POINT('',(0.495292666935,992.04790238567));
#1152 = CARTESIAN_POINT('',(0.512814397465,1.011375135611E+03));
#1153 = CARTESIAN_POINT('',(0.532896746065,1.030692986052E+03));
#1154 = CARTESIAN_POINT('',(0.555608438079,1.05E+03));
#1155 = ( GEOMETRIC_REPRESENTATION_CONTEXT(2) 
PARAMETRIC_REPRESENTATION_CONTEXT() REPRESENTATION_CONTEXT('2D SPACE',''
  ) );
#1156 = PCURVE('',#1157,#1200);
#1157 = B_SPLINE_SURFACE_WITH_KNOTS('',13,2,(
    (#1158,#1159,#1160)
    ,(#1161,#1162,#1163)
    ,(#1164,#1165,#1166)
    ,(#1167,#1168,#1169)
    ,(#1170,#1171,#1172)
    ,(#1173,#1174,#1175)
    ,(#1176,#1177,#1178)
    ,(#1179,#1180,#1181)
    ,(#1182,#1183,#1184)
    ,(#1185,#1186,#1187)
    ,(#1188,#1189,#1190)
    ,(#1191,#1192,#1193)
    ,(#1194,#1195,#1196)
    ,(#1197,#1198,#1199
    )),.UNSPECIFIED.,.F.,.F.,.F.,(14,14),(3,3),(0.,1.),(0.,1.),
  .PIECEWISE_BEZIER_KNOTS.);
#1158 = CARTESIAN_POINT('',(270.,-65.19381669041,65.193816690412));
#1159 = CARTESIAN_POINT('',(484.33328197368,-71.98889040141,
    71.988890401419));
#1160 = CARTESIAN_POINT('',(700.,-74.52762620207,74.527626202075));
#1161 = CARTESIAN_POINT('',(270.,-64.1557200039,66.231913376924));
#1162 = CARTESIAN_POINT('',(484.33328197368,-68.35174769828,
    75.626033104557));
#1163 = CARTESIAN_POINT('',(700.,-72.79746505788,76.257787346262));
#1164 = CARTESIAN_POINT('',(270.,-63.38604131583,67.53842844311));
#1165 = CARTESIAN_POINT('',(484.33328197369,-64.98302251636,
    79.531594664599));
#1166 = CARTESIAN_POINT('',(700.,-71.33572178507,78.256366997197));
#1167 = CARTESIAN_POINT('',(270.,-62.90418458242,69.093955056759));
#1168 = CARTESIAN_POINT('',(484.33328197369,-61.95070341209,
    83.637583649106));
#1169 = CARTESIAN_POINT('',(700.,-70.1747372693,80.4910213932));
#1170 = CARTESIAN_POINT('',(270.,-62.72353425948,70.873071117862));
#1171 = CARTESIAN_POINT('',(484.33328197368,-59.31675414303,
    87.869998656326));
#1172 = CARTESIAN_POINT('',(700.,-69.34083148501,82.923392915652));
#1173 = CARTESIAN_POINT('',(270.,-62.85092121216,72.844861528551));
#1174 = CARTESIAN_POINT('',(484.33328197368,-57.13525719172,
    92.150672971013));
#1175 = CARTESIAN_POINT('',(700.,-68.85341728503,85.509984479007));
#1176 = CARTESIAN_POINT('',(270.,-63.28629718075,74.973659497426));
#1177 = CARTESIAN_POINT('',(484.33328197368,-55.4507527284,
    96.39935137179));
#1178 = CARTESIAN_POINT('',(700.,-68.72431925352,88.203256447979));
#1179 = CARTESIAN_POINT('',(270.,-64.02263998911,77.219971102655));
#1180 = CARTESIAN_POINT('',(484.33328197369,-54.29686775849,
    100.53589075528));
#1181 = CARTESIAN_POINT('',(700.,-68.95733912959,90.9528909855));
#1182 = CARTESIAN_POINT('',(270.,-65.04609901703,79.541543186416));
#1183 = CARTESIAN_POINT('',(484.33328197368,-53.69530687701,
    104.48248274844));
#1184 = CARTESIAN_POINT('',(700.,-69.54809380556,93.707167421207));
#1185 = CARTESIAN_POINT('',(270.,-66.33637779186,81.894530501458));
#1186 = CARTESIAN_POINT('',(484.33328197368,-53.65525272903,
    108.1658029863));
#1187 = CARTESIAN_POINT('',(700.,-70.48413640032,96.41439091632));
#1188 = CARTESIAN_POINT('',(270.,-67.86733788922,84.23471387876));
#1189 = CARTESIAN_POINT('',(484.33328197368,-54.17320095108,
    111.5189982389));
#1190 = CARTESIAN_POINT('',(700.,-71.74535540437,99.024315386935));
#1191 = CARTESIAN_POINT('',(270.,-69.60779566702,86.518717033429));
#1192 = CARTESIAN_POINT('',(484.33328197369,-55.23323104572,
    114.48342907673));
#1193 = CARTESIAN_POINT('',(699.99999999999,-73.30463138988,
    101.48950033389));
#1194 = CARTESIAN_POINT('',(270.,-71.5224706914,88.705165474233));
#1195 = CARTESIAN_POINT('',(484.33328197368,-56.8076913172,
    117.01009227044));
#1196 = CARTESIAN_POINT('',(700.,-75.12871527545,103.7665399135));
#1197 = CARTESIAN_POINT('',(270.,-73.57303204747,90.755726830306));
#1198 = CARTESIAN_POINT('',(484.33328197368,-58.85825267327,
    119.06065362651));
#1199 = CARTESIAN_POINT('',(700.,-77.17927663152,105.81710126958));
#1200 = DEFINITIONAL_REPRESENTATION('',(#1201),#1225);
#1201 = B_SPLINE_CURVE_WITH_KNOTS('',8,(#1202,#1203,#1204,#1205,#1206,
    #1207,#1208,#1209,#1210,#1211,#1212,#1213,#1214,#1215,#1216,#1217,
    #1218,#1219,#1220,#1221,#1222,#1223,#1224),.UNSPECIFIED.,.F.,.F.,(9,
    7,7,9),(0.,0.254050136318,0.50820989437,1.),.UNSPECIFIED.);
#1202 = CARTESIAN_POINT('',(1.,0.268915624676));
#1203 = CARTESIAN_POINT('',(0.984062510813,0.292165038397));
#1204 = CARTESIAN_POINT('',(0.968754848479,0.315418380842));
#1205 = CARTESIAN_POINT('',(0.954147006653,0.338674647444));
#1206 = CARTESIAN_POINT('',(0.940291383215,0.361932811274));
#1207 = CARTESIAN_POINT('',(0.927221887685,0.385191840733));
#1208 = CARTESIAN_POINT('',(0.914956804238,0.408450728338));
#1209 = CARTESIAN_POINT('',(0.903502864849,0.431708518124));
#1210 = CARTESIAN_POINT('',(0.88220851612,0.478230155055));
#1211 = CARTESIAN_POINT('',(0.872368785145,0.501494047886));
#1212 = CARTESIAN_POINT('',(0.863336685675,0.524755239019));
#1213 = CARTESIAN_POINT('',(0.855101343559,0.548013044953));
#1214 = CARTESIAN_POINT('',(0.847646260464,0.571266857821));
#1215 = CARTESIAN_POINT('',(0.840951417404,0.594516145902));
#1216 = CARTESIAN_POINT('',(0.834994391007,0.617760454098));
#1217 = CARTESIAN_POINT('',(0.81960385473,0.685965947716));
#1218 = CARTESIAN_POINT('',(0.812127444749,0.730912002028));
#1219 = CARTESIAN_POINT('',(0.807142585292,0.775835268941));
#1220 = CARTESIAN_POINT('',(0.804440361553,0.820732951098));
#1221 = CARTESIAN_POINT('',(0.80378700147,0.865601802998));
#1222 = CARTESIAN_POINT('',(0.80489053595,0.910438264829));
#1223 = CARTESIAN_POINT('',(0.807347302322,0.955238772759));
#1224 = CARTESIAN_POINT('',(0.81062945319,1.));
#1225 = ( GEOMETRIC_REPRESENTATION_CONTEXT(2) 
PARAMETRIC_REPRESENTATION_CONTEXT() REPRESENTATION_CONTEXT('2D SPACE',''
  ) );
#1226 = ORIENTED_EDGE('',*,*,#1227,.T.);
#1227 = EDGE_CURVE('',#1102,#1228,#1230,.T.);
#1228 = VERTEX_POINT('',#1229);
#1229 = CARTESIAN_POINT('',(700.,-100.2142719937,72.834126738571));
#1230 = SURFACE_CURVE('',#1231,(#1236,#1243),.PCURVE_S1.);
#1231 = CIRCLE('',#1232,85.);
#1232 = AXIS2_PLACEMENT_3D('',#1233,#1234,#1235);
#1233 = CARTESIAN_POINT('',(700.,-28.,28.));
#1234 = DIRECTION('',(1.,0.,1.110223024625E-16));
#1235 = DIRECTION('',(-1.110223024625E-16,0.,1.));
#1236 = PCURVE('',#90,#1237);
#1237 = DEFINITIONAL_REPRESENTATION('',(#1238),#1242);
#1238 = LINE('',#1239,#1240);
#1239 = CARTESIAN_POINT('',(0.,1.05E+03));
#1240 = VECTOR('',#1241,1.);
#1241 = DIRECTION('',(1.,0.));
#1242 = ( GEOMETRIC_REPRESENTATION_CONTEXT(2) 
PARAMETRIC_REPRESENTATION_CONTEXT() REPRESENTATION_CONTEXT('2D SPACE',''
  ) );
#1243 = PCURVE('',#1244,#1249);
#1244 = PLANE('',#1245);
#1245 = AXIS2_PLACEMENT_3D('',#1246,#1247,#1248);
#1246 = CARTESIAN_POINT('',(700.,-74.52762620207,74.527626202075));
#1247 = DIRECTION('',(1.,-3.989288598165E-15,-3.601855776913E-15));
#1248 = DIRECTION('',(0.,-0.670145600488,0.742229664017));
#1249 = DEFINITIONAL_REPRESENTATION('',(#1250),#1254);
#1250 = CIRCLE('',#1251,85.);
#1251 = AXIS2_PLACEMENT_2D('',#1252,#1253);
#1252 = CARTESIAN_POINT('',(-65.71446836393,-3.353900363028));
#1253 = DIRECTION('',(0.742229664017,-0.670145600488));
#1254 = ( GEOMETRIC_REPRESENTATION_CONTEXT(2) 
PARAMETRIC_REPRESENTATION_CONTEXT() REPRESENTATION_CONTEXT('2D SPACE',''
  ) );
#1255 = ORIENTED_EDGE('',*,*,#1256,.F.);
#1256 = EDGE_CURVE('',#1257,#1228,#1259,.T.);
#1257 = VERTEX_POINT('',#1258);
#1258 = CARTESIAN_POINT('',(270.,-95.69667355899,79.401949272828));
#1259 = SURFACE_CURVE('',#1260,(#1298,#1339),.PCURVE_S1.);
#1260 = B_SPLINE_CURVE_WITH_KNOTS('',8,(#1261,#1262,#1263,#1264,#1265,
    #1266,#1267,#1268,#1269,#1270,#1271,#1272,#1273,#1274,#1275,#1276,
    #1277,#1278,#1279,#1280,#1281,#1282,#1283,#1284,#1285,#1286,#1287,
    #1288,#1289,#1290,#1291,#1292,#1293,#1294,#1295,#1296,#1297),
  .UNSPECIFIED.,.F.,.F.,(9,7,7,7,7,9),(0.,0.125049306901,0.250965815316,
    0.500579603641,0.750454573179,1.),.UNSPECIFIED.);
#1261 = CARTESIAN_POINT('',(270.,-95.69667355899,79.401949272828));
#1262 = CARTESIAN_POINT('',(276.69521020256,-96.29150521891,
    78.61855243139));
#1263 = CARTESIAN_POINT('',(283.39168106756,-96.86559105549,
    77.840965990456));
#1264 = CARTESIAN_POINT('',(290.08955614635,-97.41807020768,
    77.071638545125));
#1265 = CARTESIAN_POINT('',(296.78896892635,-97.94816976753,
    76.313153658117));
#1266 = CARTESIAN_POINT('',(303.49003784827,-98.45524727779,
    75.568170386605));
#1267 = CARTESIAN_POINT('',(310.19285983694,-98.93882773485,
    74.839333823298));
#1268 = CARTESIAN_POINT('',(316.89750399937,-99.39862591076,
    74.129178851178));
#1269 = CARTESIAN_POINT('',(330.35701905894,-100.2734867481,
    72.746142749963));
#1270 = CARTESIAN_POINT('',(337.11192068787,-100.6882176806,
    72.073553999731));
#1271 = CARTESIAN_POINT('',(343.86873808716,-101.0786366209,
    71.424678342348));
#1272 = CARTESIAN_POINT('',(350.62747191293,-101.4448405974,
    70.80171751187));
#1273 = CARTESIAN_POINT('',(357.38809343696,-101.7871185125,
    70.206591607487));
#1274 = CARTESIAN_POINT('',(364.15054251881,-102.1059311648,
    69.640885138344));
#1275 = CARTESIAN_POINT('',(370.91472753335,-102.4018774312,
    69.105828200361));
#1276 = CARTESIAN_POINT('',(391.09288215893,-103.2183598919,
    67.6041562138));
#1277 = CARTESIAN_POINT('',(404.51165702112,-103.6739260541,
    66.72994692584));
#1278 = CARTESIAN_POINT('',(417.93584134446,-104.0477188639,
    65.986641014685));
#1279 = CARTESIAN_POINT('',(431.36438800407,-104.3466062273,
    65.375957359015));
#1280 = CARTESIAN_POINT('',(444.79622881634,-104.5776547881,
    64.894824777127));
#1281 = CARTESIAN_POINT('',(458.23034224409,-104.746940344,
    64.537996717883));
#1282 = CARTESIAN_POINT('',(471.66578750156,-104.8594163573,
    64.299443157032));
#1283 = CARTESIAN_POINT('',(498.55172638987,-104.9781997186,
    64.04686207033));
#1284 = CARTESIAN_POINT('',(512.0023020307,-104.9843960141,
    64.033069393094));
#1285 = CARTESIAN_POINT('',(525.45284194904,-104.941078819,
    64.125873613492));
#1286 = CARTESIAN_POINT('',(538.90279146531,-104.8506929103,
    64.319409105799));
#1287 = CARTESIAN_POINT('',(552.35164940729,-104.7143892941,
    64.608735390407));
#1288 = CARTESIAN_POINT('',(565.7989679212,-104.532098552,
    64.990063924533));
#1289 = CARTESIAN_POINT('',(579.24435498733,-104.3026222081,
    65.460630426235));
#1290 = CARTESIAN_POINT('',(606.11287199613,-103.745068079,
    66.575544378878));
#1291 = CARTESIAN_POINT('',(619.5359334257,-103.4171230279,
    67.219657811976));
#1292 = CARTESIAN_POINT('',(632.95628154016,-103.0375401643,
    67.948819281232));
#1293 = CARTESIAN_POINT('',(646.37346795512,-102.6029588093,
    68.7618050916));
#1294 = CARTESIAN_POINT('',(659.78698620903,-102.1089990656,
    69.657890078617));
#1295 = CARTESIAN_POINT('',(673.19629001178,-101.5503516269,
    70.636349108859));
#1296 = CARTESIAN_POINT('',(686.60081515952,-100.9209498334,
    71.69588162401));
#1297 = CARTESIAN_POINT('',(700.,-100.2142719937,72.834126738571));
#1298 = PCURVE('',#90,#1299);
#1299 = DEFINITIONAL_REPRESENTATION('',(#1300),#1338);
#1300 = B_SPLINE_CURVE_WITH_KNOTS('',8,(#1301,#1302,#1303,#1304,#1305,
    #1306,#1307,#1308,#1309,#1310,#1311,#1312,#1313,#1314,#1315,#1316,
    #1317,#1318,#1319,#1320,#1321,#1322,#1323,#1324,#1325,#1326,#1327,
    #1328,#1329,#1330,#1331,#1332,#1333,#1334,#1335,#1336,#1337),
  .UNSPECIFIED.,.F.,.F.,(9,7,7,7,7,9),(0.,0.125049306901,0.250965815316,
    0.500579603641,0.750454573179,1.),.UNSPECIFIED.);
#1301 = CARTESIAN_POINT('',(0.92137100355,620.));
#1302 = CARTESIAN_POINT('',(0.93294316508,626.69521020256));
#1303 = CARTESIAN_POINT('',(0.944313289242,633.39168106756));
#1304 = CARTESIAN_POINT('',(0.955454669627,640.08955614635));
#1305 = CARTESIAN_POINT('',(0.966339616345,646.78896892635));
#1306 = CARTESIAN_POINT('',(0.976940221964,653.49003784826));
#1307 = CARTESIAN_POINT('',(0.987229396367,660.19285983694));
#1308 = CARTESIAN_POINT('',(0.997181909996,666.89750399937));
#1309 = CARTESIAN_POINT('',(1.016434988093,680.35701905894));
#1310 = CARTESIAN_POINT('',(1.025730558384,687.11192068787));
#1311 = CARTESIAN_POINT('',(1.034638832693,693.86873808716));
#1312 = CARTESIAN_POINT('',(1.043139463312,700.62747191293));
#1313 = CARTESIAN_POINT('',(1.051215684387,707.38809343696));
#1314 = CARTESIAN_POINT('',(1.058854772953,714.15054251881));
#1315 = CARTESIAN_POINT('',(1.066048104588,720.91472753335));
#1316 = CARTESIAN_POINT('',(1.086157364497,741.09288215893));
#1317 = CARTESIAN_POINT('',(1.097753098288,754.5116570211));
#1318 = CARTESIAN_POINT('',(1.107539954374,767.9358413445));
#1319 = CARTESIAN_POINT('',(1.115538323168,781.36438800401));
#1320 = CARTESIAN_POINT('',(1.121817396464,794.79622881638));
#1321 = CARTESIAN_POINT('',(1.12646382744,808.23034224408));
#1322 = CARTESIAN_POINT('',(1.129566645706,821.66578750156));
#1323 = CARTESIAN_POINT('',(1.132850383392,848.55172638987));
#1324 = CARTESIAN_POINT('',(1.133028246925,862.0023020307));
#1325 = CARTESIAN_POINT('',(1.13182336168,875.45284194904));
#1326 = CARTESIAN_POINT('',(1.129310390776,888.90279146531));
#1327 = CARTESIAN_POINT('',(1.125547770774,902.35164940729));
#1328 = CARTESIAN_POINT('',(1.120575491015,915.7989679212));
#1329 = CARTESIAN_POINT('',(1.114416524618,929.24435498733));
#1330 = CARTESIAN_POINT('',(1.099751169976,956.11287199613));
#1331 = CARTESIAN_POINT('',(1.091247940711,969.5359334257));
#1332 = CARTESIAN_POINT('',(1.081577492601,982.95628154016));
#1333 = CARTESIAN_POINT('',(1.070733597806,996.37346795512));
#1334 = CARTESIAN_POINT('',(1.058698087708,1.009786986209E+03));
#1335 = CARTESIAN_POINT('',(1.045445724939,1.023196290012E+03));
#1336 = CARTESIAN_POINT('',(1.030949940604,1.03660081516E+03));
#1337 = CARTESIAN_POINT('',(1.015187888545,1.05E+03));
#1338 = ( GEOMETRIC_REPRESENTATION_CONTEXT(2) 
PARAMETRIC_REPRESENTATION_CONTEXT() REPRESENTATION_CONTEXT('2D SPACE',''
  ) );
#1339 = PCURVE('',#1340,#1383);
#1340 = B_SPLINE_SURFACE_WITH_KNOTS('',13,2,(
    (#1341,#1342,#1343)
    ,(#1344,#1345,#1346)
    ,(#1347,#1348,#1349)
    ,(#1350,#1351,#1352)
    ,(#1353,#1354,#1355)
    ,(#1356,#1357,#1358)
    ,(#1359,#1360,#1361)
    ,(#1362,#1363,#1364)
    ,(#1365,#1366,#1367)
    ,(#1368,#1369,#1370)
    ,(#1371,#1372,#1373)
    ,(#1374,#1375,#1376)
    ,(#1377,#1378,#1379)
    ,(#1380,#1381,#1382
    )),.UNSPECIFIED.,.F.,.F.,.F.,(14,14),(3,3),(1.,2.),(0.,1.),
  .PIECEWISE_BEZIER_KNOTS.);
#1341 = CARTESIAN_POINT('',(270.,-73.57303204747,90.755726830306));
#1342 = CARTESIAN_POINT('',(484.33328197368,-58.85825267327,
    119.06065362651));
#1343 = CARTESIAN_POINT('',(700.,-77.17927663152,105.81710126958));
#1344 = CARTESIAN_POINT('',(270.00000000007,-79.72471611569,
    96.907410898525));
#1345 = CARTESIAN_POINT('',(484.33328197353,-65.00993674149,
    125.21233769473));
#1346 = CARTESIAN_POINT('',(700.00000000011,-83.33096069974,
    111.9687853378));
#1347 = CARTESIAN_POINT('',(269.99999999968,-87.09937953274,
    101.83611632986));
#1348 = CARTESIAN_POINT('',(484.33328197434,-75.44652947702,
    127.07911380765));
#1349 = CARTESIAN_POINT('',(699.99999999947,-91.52094344535,
    116.08217144055));
#1350 = CARTESIAN_POINT('',(270.00000000085,-94.66210735131,
    104.50693130454));
#1351 = CARTESIAN_POINT('',(484.33328197202,-89.13311201718,
    123.62607406054));
#1352 = CARTESIAN_POINT('',(700.00000000145,-100.7143088786,
    117.12234880063));
#1353 = CARTESIAN_POINT('',(269.9999999983,-101.1311273505,
    104.13185271416));
#1354 = CARTESIAN_POINT('',(484.33328197672,-104.1697959963,
    114.68333149066));
#1355 = CARTESIAN_POINT('',(699.99999999699,-109.4646950743,
    114.46590401363));
#1356 = CARTESIAN_POINT('',(270.00000000263,-105.2329881574,
    100.4250584177));
#1357 = CARTESIAN_POINT('',(484.33328196944,-118.0467838238,
    101.20141017294));
#1358 = CARTESIAN_POINT('',(700.00000000482,-116.1694409158,
    108.15622468285));
#1359 = CARTESIAN_POINT('',(269.99999999676,-106.0346116702,
    93.782384414452));
#1360 = CARTESIAN_POINT('',(484.33328197834,-128.1674197456,
    85.23972376145));
#1361 = CARTESIAN_POINT('',(699.99999999383,-119.4524969337,
    99.032118174069));
#1362 = CARTESIAN_POINT('',(270.00000000321,-103.2483046729,
    85.282384586863));
#1363 = CARTESIAN_POINT('',(484.3332819696,-132.5336982361,
    69.587138445306));
#1364 = CARTESIAN_POINT('',(700.00000000629,-118.5707542135,
    88.627554069929));
#1365 = CARTESIAN_POINT('',(269.99999999743,-97.37442796967,
    76.45147607294));
#1366 = CARTESIAN_POINT('',(484.33328197657,-130.3615295958,
    57.054521868993));
#1367 = CARTESIAN_POINT('',(699.99999999486,-113.68255478,
    78.810968285602));
#1368 = CARTESIAN_POINT('',(270.00000000164,-89.56217480548,
    68.839225329525));
#1369 = CARTESIAN_POINT('',(484.33328197206,-122.2989069322,
    49.692640624644));
#1370 = CARTESIAN_POINT('',(700.00000000331,-105.8036341425,
    71.265385015928));
#1371 = CARTESIAN_POINT('',(269.99999999917,-81.26004234091,
    63.622150703285));
#1372 = CARTESIAN_POINT('',(484.3332819744,-110.1347992828,
    48.337541183416));
#1373 = CARTESIAN_POINT('',(699.99999999834,-96.47314906506,
    67.076663002376));
#1374 = CARTESIAN_POINT('',(270.0000000003,-73.83815796325,
    61.380997364681));
#1375 = CARTESIAN_POINT('',(484.33328197345,-96.22750822521,
    52.581794524723));
#1376 = CARTESIAN_POINT('',(700.00000000059,-87.32435434113,
    66.562420010161));
#1377 = CARTESIAN_POINT('',(269.99999999993,-68.30810674994,
    62.079526630877));
#1378 = CARTESIAN_POINT('',(484.33328197373,-82.90031851083,
    61.077462292008));
#1379 = CARTESIAN_POINT('',(699.99999999987,-79.71810963462,
    69.337142769513));
#1380 = CARTESIAN_POINT('',(270.,-65.19381669041,65.193816690412));
#1381 = CARTESIAN_POINT('',(484.33328197368,-71.98889040141,
    71.988890401419));
#1382 = CARTESIAN_POINT('',(700.,-74.52762620207,74.527626202075));
#1383 = DEFINITIONAL_REPRESENTATION('',(#1384),#1422);
#1384 = B_SPLINE_CURVE_WITH_KNOTS('',8,(#1385,#1386,#1387,#1388,#1389,
    #1390,#1391,#1392,#1393,#1394,#1395,#1396,#1397,#1398,#1399,#1400,
    #1401,#1402,#1403,#1404,#1405,#1406,#1407,#1408,#1409,#1410,#1411,
    #1412,#1413,#1414,#1415,#1416,#1417,#1418,#1419,#1420,#1421),
  .UNSPECIFIED.,.F.,.F.,(9,7,7,7,7,9),(0.,0.125049306901,0.250965815316,
    0.500579603641,0.750454573179,1.),.UNSPECIFIED.);
#1385 = CARTESIAN_POINT('',(1.598146916698,0.));
#1386 = CARTESIAN_POINT('',(1.602188933674,1.561869006276E-02));
#1387 = CARTESIAN_POINT('',(1.606268899715,3.123858656062E-02));
#1388 = CARTESIAN_POINT('',(1.61037766647,4.686002390325E-02));
#1389 = CARTESIAN_POINT('',(1.614505164398,6.248331281584E-02));
#1390 = CARTESIAN_POINT('',(1.618640497986,7.810872873578E-02));
#1391 = CARTESIAN_POINT('',(1.622772194576,9.373649676565E-02));
#1392 = CARTESIAN_POINT('',(1.626888541396,0.109366777037));
#1393 = CARTESIAN_POINT('',(1.635095708952,0.140740943717));
#1394 = CARTESIAN_POINT('',(1.639186155457,0.156484877595));
#1395 = CARTESIAN_POINT('',(1.643237450517,0.172231515681));
#1396 = CARTESIAN_POINT('',(1.647237856672,0.187980858428));
#1397 = CARTESIAN_POINT('',(1.651176152349,0.20373283782));
#1398 = CARTESIAN_POINT('',(1.655041955031,0.21948731271));
#1399 = CARTESIAN_POINT('',(1.658825948637,0.235244068726));
#1400 = CARTESIAN_POINT('',(1.669843041629,0.282242588943));
#1401 = CARTESIAN_POINT('',(1.676812702969,0.313490380311));
#1402 = CARTESIAN_POINT('',(1.683365681402,0.344743836978));
#1403 = CARTESIAN_POINT('',(1.689457002352,0.376000516696));
#1404 = CARTESIAN_POINT('',(1.695063562878,0.407257931287));
#1405 = CARTESIAN_POINT('',(1.70017783519,0.438513704294));
#1406 = CARTESIAN_POINT('',(1.704802209747,0.469765649918));
#1407 = CARTESIAN_POINT('',(1.713093547541,0.532290696825));
#1408 = CARTESIAN_POINT('',(1.716759528417,0.563563974338));
#1409 = CARTESIAN_POINT('',(1.719952745717,0.594830238458));
#1410 = CARTESIAN_POINT('',(1.722688873646,0.626088205342));
#1411 = CARTESIAN_POINT('',(1.724986569449,0.65733671708));
#1412 = CARTESIAN_POINT('',(1.726866190958,0.688574741018));
#1413 = CARTESIAN_POINT('',(1.728350144126,0.719801375357));
#1414 = CARTESIAN_POINT('',(1.730576734694,0.782189172848));
#1415 = CARTESIAN_POINT('',(1.731320341243,0.81335019509));
#1416 = CARTESIAN_POINT('',(1.731720631339,0.844498049328));
#1417 = CARTESIAN_POINT('',(1.731806570161,0.875631704993));
#1418 = CARTESIAN_POINT('',(1.7316116676,0.906749998046));
#1419 = CARTESIAN_POINT('',(1.731176231143,0.937851673559));
#1420 = CARTESIAN_POINT('',(1.73054945949,0.96893543667));
#1421 = CARTESIAN_POINT('',(1.72979018197,1.));
#1422 = ( GEOMETRIC_REPRESENTATION_CONTEXT(2) 
PARAMETRIC_REPRESENTATION_CONTEXT() REPRESENTATION_CONTEXT('2D SPACE',''
  ) );
#1423 = ORIENTED_EDGE('',*,*,#1424,.F.);
#1424 = EDGE_CURVE('',#1001,#1257,#1425,.T.);
#1425 = SURFACE_CURVE('',#1426,(#1431,#1438),.PCURVE_S1.);
#1426 = CIRCLE('',#1427,85.);
#1427 = AXIS2_PLACEMENT_3D('',#1428,#1429,#1430);
#1428 = CARTESIAN_POINT('',(270.,-28.,28.));
#1429 = DIRECTION('',(1.,0.,1.110223024625E-16));
#1430 = DIRECTION('',(-1.110223024625E-16,0.,1.));
#1431 = PCURVE('',#90,#1432);
#1432 = DEFINITIONAL_REPRESENTATION('',(#1433),#1437);
#1433 = LINE('',#1434,#1435);
#1434 = CARTESIAN_POINT('',(0.,620.));
#1435 = VECTOR('',#1436,1.);
#1436 = DIRECTION('',(1.,0.));
#1437 = ( GEOMETRIC_REPRESENTATION_CONTEXT(2) 
PARAMETRIC_REPRESENTATION_CONTEXT() REPRESENTATION_CONTEXT('2D SPACE',''
  ) );
#1438 = PCURVE('',#1439,#1444);
#1439 = PLANE('',#1440);
#1440 = AXIS2_PLACEMENT_3D('',#1441,#1442,#1443);
#1441 = CARTESIAN_POINT('',(270.,-65.19381669041,65.193816690412));
#1442 = DIRECTION('',(1.,-3.259835028262E-15,-3.066118617636E-15));
#1443 = DIRECTION('',(-2.465190328816E-32,-0.68513225402,0.728418694503)
  );
#1444 = DEFINITIONAL_REPRESENTATION('',(#1445),#1449);
#1445 = CIRCLE('',#1446,85.);
#1446 = AXIS2_PLACEMENT_2D('',#1447,#1448);
#1447 = CARTESIAN_POINT('',(-52.57535486192,-1.60998793247));
#1448 = DIRECTION('',(0.728418694503,-0.68513225402));
#1449 = ( GEOMETRIC_REPRESENTATION_CONTEXT(2) 
PARAMETRIC_REPRESENTATION_CONTEXT() REPRESENTATION_CONTEXT('2D SPACE',''
  ) );
#1450 = ADVANCED_FACE('',(#1451),#303,.T.);
#1451 = FACE_BOUND('',#1452,.T.);
#1452 = EDGE_LOOP('',(#1453,#1454,#1455,#1456));
#1453 = ORIENTED_EDGE('',*,*,#288,.F.);
#1454 = ORIENTED_EDGE('',*,*,#365,.T.);
#1455 = ORIENTED_EDGE('',*,*,#954,.T.);
#1456 = ORIENTED_EDGE('',*,*,#1457,.F.);
#1457 = EDGE_CURVE('',#260,#931,#1458,.T.);
#1458 = SURFACE_CURVE('',#1459,(#1462,#1468),.PCURVE_S1.);
#1459 = B_SPLINE_CURVE_WITH_KNOTS('',1,(#1460,#1461),.UNSPECIFIED.,.F.,
  .F.,(2,2),(0.,1.),.PIECEWISE_BEZIER_KNOTS.);
#1460 = CARTESIAN_POINT('',(-350.,112.99999999167,-28.));
#1461 = CARTESIAN_POINT('',(940.,112.99999999167,-28.));
#1462 = PCURVE('',#303,#1463);
#1463 = DEFINITIONAL_REPRESENTATION('',(#1464),#1467);
#1464 = B_SPLINE_CURVE_WITH_KNOTS('',1,(#1465,#1466),.UNSPECIFIED.,.F.,
  .F.,(2,2),(0.,1.),.PIECEWISE_BEZIER_KNOTS.);
#1465 = CARTESIAN_POINT('',(-28.,-1.29E+03));
#1466 = CARTESIAN_POINT('',(-28.,0.));
#1467 = ( GEOMETRIC_REPRESENTATION_CONTEXT(2) 
PARAMETRIC_REPRESENTATION_CONTEXT() REPRESENTATION_CONTEXT('2D SPACE',''
  ) );
#1468 = PCURVE('',#276,#1469);
#1469 = DEFINITIONAL_REPRESENTATION('',(#1470),#1473);
#1470 = B_SPLINE_CURVE_WITH_KNOTS('',1,(#1471,#1472),.UNSPECIFIED.,.F.,
  .F.,(2,2),(0.,1.),.PIECEWISE_BEZIER_KNOTS.);
#1471 = CARTESIAN_POINT('',(4.712388980385,0.));
#1472 = CARTESIAN_POINT('',(4.712388980385,1.29E+03));
#1473 = ( GEOMETRIC_REPRESENTATION_CONTEXT(2) 
PARAMETRIC_REPRESENTATION_CONTEXT() REPRESENTATION_CONTEXT('2D SPACE',''
  ) );
#1474 = ADVANCED_FACE('',(#1475,#1498),#276,.T.);
#1475 = FACE_BOUND('',#1476,.T.);
#1476 = EDGE_LOOP('',(#1477,#1478,#1479,#1480));
#1477 = ORIENTED_EDGE('',*,*,#259,.T.);
#1478 = ORIENTED_EDGE('',*,*,#1457,.T.);
#1479 = ORIENTED_EDGE('',*,*,#930,.F.);
#1480 = ORIENTED_EDGE('',*,*,#1481,.F.);
#1481 = EDGE_CURVE('',#234,#910,#1482,.T.);
#1482 = SURFACE_CURVE('',#1483,(#1486,#1492),.PCURVE_S1.);
#1483 = B_SPLINE_CURVE_WITH_KNOTS('',1,(#1484,#1485),.UNSPECIFIED.,.F.,
  .F.,(2,2),(0.,1.),.PIECEWISE_BEZIER_KNOTS.);
#1484 = CARTESIAN_POINT('',(-350.,27.999999983343,-113.));
#1485 = CARTESIAN_POINT('',(940.,27.999999983343,-113.));
#1486 = PCURVE('',#276,#1487);
#1487 = DEFINITIONAL_REPRESENTATION('',(#1488),#1491);
#1488 = B_SPLINE_CURVE_WITH_KNOTS('',1,(#1489,#1490),.UNSPECIFIED.,.F.,
  .F.,(2,2),(0.,1.),.PIECEWISE_BEZIER_KNOTS.);
#1489 = CARTESIAN_POINT('',(3.14159265359,0.));
#1490 = CARTESIAN_POINT('',(3.14159265359,1.29E+03));
#1491 = ( GEOMETRIC_REPRESENTATION_CONTEXT(2) 
PARAMETRIC_REPRESENTATION_CONTEXT() REPRESENTATION_CONTEXT('2D SPACE',''
  ) );
#1492 = PCURVE('',#248,#1493);
#1493 = DEFINITIONAL_REPRESENTATION('',(#1494),#1497);
#1494 = B_SPLINE_CURVE_WITH_KNOTS('',1,(#1495,#1496),.UNSPECIFIED.,.F.,
  .F.,(2,2),(0.,1.),.PIECEWISE_BEZIER_KNOTS.);
#1495 = CARTESIAN_POINT('',(27.999999983343,-1.29E+03));
#1496 = CARTESIAN_POINT('',(27.999999983343,0.));
#1497 = ( GEOMETRIC_REPRESENTATION_CONTEXT(2) 
PARAMETRIC_REPRESENTATION_CONTEXT() REPRESENTATION_CONTEXT('2D SPACE',''
  ) );
#1498 = FACE_BOUND('',#1499,.T.);
#1499 = EDGE_LOOP('',(#1500,#1601,#1727,#1756,#1924));
#1500 = ORIENTED_EDGE('',*,*,#1501,.T.);
#1501 = EDGE_CURVE('',#1502,#1504,#1506,.T.);
#1502 = VERTEX_POINT('',#1503);
#1503 = CARTESIAN_POINT('',(270.,79.40194926664,-95.69667355105));
#1504 = VERTEX_POINT('',#1505);
#1505 = CARTESIAN_POINT('',(385.37156493119,68.04796825178,
    -102.9743972137));
#1506 = SURFACE_CURVE('',#1507,(#1522,#1540),.PCURVE_S1.);
#1507 = B_SPLINE_CURVE_WITH_KNOTS('',7,(#1508,#1509,#1510,#1511,#1512,
    #1513,#1514,#1515,#1516,#1517,#1518,#1519,#1520,#1521),
  .UNSPECIFIED.,.F.,.F.,(8,6,8),(0.,0.498587436426,1.),.UNSPECIFIED.);
#1508 = CARTESIAN_POINT('',(270.,79.40194926664,-95.69667355105));
#1509 = CARTESIAN_POINT('',(278.20229536792,78.442210575287,
    -96.42540122628));
#1510 = CARTESIAN_POINT('',(286.40652248486,77.491374158676,
    -97.12234349173));
#1511 = CARTESIAN_POINT('',(294.61296431283,76.554265992312,
    -97.78580380453));
#1512 = CARTESIAN_POINT('',(302.82187698519,75.636068050128,
    -98.41431747864));
#1513 = CARTESIAN_POINT('',(311.03347115614,74.742095192471,
    -99.00681329564));
#1514 = CARTESIAN_POINT('',(319.24788424584,73.877386521906,
    -99.56273875263));
#1515 = CARTESIAN_POINT('',(335.72900738316,72.210747208338,
    -100.6042761496));
#1516 = CARTESIAN_POINT('',(343.9957604217,71.409199207246,
    -101.0894732144));
#1517 = CARTESIAN_POINT('',(352.26544748044,70.646334711245,
    -101.5375636324));
#1518 = CARTESIAN_POINT('',(360.53802767494,69.926142110608,
    -101.9490061114));
#1519 = CARTESIAN_POINT('',(368.81338316184,69.251732240346,
    -102.3247344896));
#1520 = CARTESIAN_POINT('',(377.09131745265,68.625244618351,
    -102.6660420089));
#1521 = CARTESIAN_POINT('',(385.37156493119,68.04796825178,
    -102.9743972137));
#1522 = PCURVE('',#276,#1523);
#1523 = DEFINITIONAL_REPRESENTATION('',(#1524),#1539);
#1524 = B_SPLINE_CURVE_WITH_KNOTS('',7,(#1525,#1526,#1527,#1528,#1529,
    #1530,#1531,#1532,#1533,#1534,#1535,#1536,#1537,#1538),
  .UNSPECIFIED.,.F.,.F.,(8,6,8),(0.,0.498587436426,1.),.UNSPECIFIED.);
#1525 = CARTESIAN_POINT('',(3.791017976989,620.));
#1526 = CARTESIAN_POINT('',(3.776840933406,628.20229536792));
#1527 = CARTESIAN_POINT('',(3.762973437921,636.40652248486));
#1528 = CARTESIAN_POINT('',(3.749468126201,644.61296431283));
#1529 = CARTESIAN_POINT('',(3.73638022822,652.82187698519));
#1530 = CARTESIAN_POINT('',(3.723764686992,661.03347115614));
#1531 = CARTESIAN_POINT('',(3.711671619468,669.24788424584));
#1532 = CARTESIAN_POINT('',(3.688550195586,685.72900738316));
#1533 = CARTESIAN_POINT('',(3.677528245419,693.9957604217));
#1534 = CARTESIAN_POINT('',(3.667121030185,702.26544748044));
#1535 = CARTESIAN_POINT('',(3.657364087809,710.53802767494));
#1536 = CARTESIAN_POINT('',(3.648282280554,718.81338316184));
#1537 = CARTESIAN_POINT('',(3.639889312572,727.09131745265));
#1538 = CARTESIAN_POINT('',(3.632189665919,735.37156493119));
#1539 = ( GEOMETRIC_REPRESENTATION_CONTEXT(2) 
PARAMETRIC_REPRESENTATION_CONTEXT() REPRESENTATION_CONTEXT('2D SPACE',''
  ) );
#1540 = PCURVE('',#1541,#1584);
#1541 = B_SPLINE_SURFACE_WITH_KNOTS('',13,2,(
    (#1542,#1543,#1544)
    ,(#1545,#1546,#1547)
    ,(#1548,#1549,#1550)
    ,(#1551,#1552,#1553)
    ,(#1554,#1555,#1556)
    ,(#1557,#1558,#1559)
    ,(#1560,#1561,#1562)
    ,(#1563,#1564,#1565)
    ,(#1566,#1567,#1568)
    ,(#1569,#1570,#1571)
    ,(#1572,#1573,#1574)
    ,(#1575,#1576,#1577)
    ,(#1578,#1579,#1580)
    ,(#1581,#1582,#1583
    )),.UNSPECIFIED.,.F.,.F.,.F.,(14,14),(3,3),(1.,2.),(0.,1.),
  .PIECEWISE_BEZIER_KNOTS.);
#1542 = CARTESIAN_POINT('',(270.,73.573032047473,-90.7557268303));
#1543 = CARTESIAN_POINT('',(484.33328197368,58.858252673275,
    -119.0606536265));
#1544 = CARTESIAN_POINT('',(700.,77.179276631524,-105.8171012695));
#1545 = CARTESIAN_POINT('',(270.00000000007,79.724716115694,
    -96.90741089852));
#1546 = CARTESIAN_POINT('',(484.33328197353,65.00993674149,
    -125.2123376947));
#1547 = CARTESIAN_POINT('',(700.00000000011,83.330960699749,
    -111.9687853378));
#1548 = CARTESIAN_POINT('',(269.99999999968,87.099379532746,
    -101.8361163298));
#1549 = CARTESIAN_POINT('',(484.33328197434,75.446529477022,
    -127.0791138076));
#1550 = CARTESIAN_POINT('',(699.99999999947,91.520943445355,
    -116.0821714405));
#1551 = CARTESIAN_POINT('',(270.00000000085,94.662107351313,
    -104.5069313045));
#1552 = CARTESIAN_POINT('',(484.33328197202,89.133112017187,
    -123.6260740605));
#1553 = CARTESIAN_POINT('',(700.00000000145,100.7143088786,
    -117.1223488006));
#1554 = CARTESIAN_POINT('',(269.9999999983,101.13112735058,
    -104.1318527141));
#1555 = CARTESIAN_POINT('',(484.33328197672,104.16979599634,
    -114.6833314906));
#1556 = CARTESIAN_POINT('',(699.99999999699,109.4646950743,
    -114.4659040136));
#1557 = CARTESIAN_POINT('',(270.00000000263,105.23298815747,
    -100.4250584177));
#1558 = CARTESIAN_POINT('',(484.33328196944,118.04678382389,
    -101.2014101729));
#1559 = CARTESIAN_POINT('',(700.00000000482,116.16944091586,
    -108.1562246828));
#1560 = CARTESIAN_POINT('',(269.99999999676,106.03461167027,
    -93.78238441445));
#1561 = CARTESIAN_POINT('',(484.33328197834,128.16741974568,
    -85.23972376145));
#1562 = CARTESIAN_POINT('',(699.99999999383,119.4524969337,
    -99.03211817406));
#1563 = CARTESIAN_POINT('',(270.00000000321,103.24830467297,
    -85.28238458686));
#1564 = CARTESIAN_POINT('',(484.3332819696,132.53369823619,
    -69.5871384453));
#1565 = CARTESIAN_POINT('',(700.00000000629,118.57075421352,
    -88.62755406992));
#1566 = CARTESIAN_POINT('',(269.99999999743,97.374427969671,
    -76.45147607294));
#1567 = CARTESIAN_POINT('',(484.33328197657,130.36152959588,
    -57.05452186899));
#1568 = CARTESIAN_POINT('',(699.99999999486,113.68255478009,
    -78.8109682856));
#1569 = CARTESIAN_POINT('',(270.00000000164,89.56217480548,
    -68.83922532952));
#1570 = CARTESIAN_POINT('',(484.33328197206,122.29890693223,
    -49.69264062464));
#1571 = CARTESIAN_POINT('',(700.00000000331,105.80363414255,
    -71.26538501592));
#1572 = CARTESIAN_POINT('',(269.99999999917,81.260042340912,
    -63.62215070328));
#1573 = CARTESIAN_POINT('',(484.3332819744,110.13479928285,
    -48.33754118341));
#1574 = CARTESIAN_POINT('',(699.99999999834,96.473149065067,
    -67.07666300237));
#1575 = CARTESIAN_POINT('',(270.0000000003,73.838157963259,
    -61.38099736468));
#1576 = CARTESIAN_POINT('',(484.33328197345,96.227508225211,
    -52.58179452472));
#1577 = CARTESIAN_POINT('',(700.00000000059,87.324354341132,
    -66.56242001016));
#1578 = CARTESIAN_POINT('',(269.99999999993,68.308106749947,
    -62.07952663087));
#1579 = CARTESIAN_POINT('',(484.33328197373,82.900318510833,
    -61.077462292));
#1580 = CARTESIAN_POINT('',(699.99999999987,79.718109634629,
    -69.33714276951));
#1581 = CARTESIAN_POINT('',(270.,65.193816690412,-65.19381669041));
#1582 = CARTESIAN_POINT('',(484.33328197368,71.988890401419,
    -71.98889040141));
#1583 = CARTESIAN_POINT('',(700.,74.527626202075,-74.52762620207));
#1584 = DEFINITIONAL_REPRESENTATION('',(#1585),#1600);
#1585 = B_SPLINE_CURVE_WITH_KNOTS('',7,(#1586,#1587,#1588,#1589,#1590,
    #1591,#1592,#1593,#1594,#1595,#1596,#1597,#1598,#1599),
  .UNSPECIFIED.,.F.,.F.,(8,6,8),(0.,0.498587436426,1.),.UNSPECIFIED.);
#1586 = CARTESIAN_POINT('',(1.068519749916,0.));
#1587 = CARTESIAN_POINT('',(1.063567878923,1.913444167979E-02));
#1588 = CARTESIAN_POINT('',(1.058557864533,3.827073234902E-02));
#1589 = CARTESIAN_POINT('',(1.053507737772,5.740953118087E-02));
#1590 = CARTESIAN_POINT('',(1.048437959236,7.655143421549E-02));
#1591 = CARTESIAN_POINT('',(1.043371069606,9.56969309287E-02));
#1592 = CARTESIAN_POINT('',(1.038330382423,0.114846339709));
#1593 = CARTESIAN_POINT('',(1.028318588368,0.153261733834));
#1594 = CARTESIAN_POINT('',(1.023348035107,0.172527789149));
#1595 = CARTESIAN_POINT('',(1.018450085729,0.191797990515));
#1596 = CARTESIAN_POINT('',(1.013647328841,0.211072240523));
#1597 = CARTESIAN_POINT('',(1.008960266091,0.230350262569));
#1598 = CARTESIAN_POINT('',(1.004406404661,0.249631597164));
#1599 = CARTESIAN_POINT('',(1.,0.268915624359));
#1600 = ( GEOMETRIC_REPRESENTATION_CONTEXT(2) 
PARAMETRIC_REPRESENTATION_CONTEXT() REPRESENTATION_CONTEXT('2D SPACE',''
  ) );
#1601 = ORIENTED_EDGE('',*,*,#1602,.T.);
#1602 = EDGE_CURVE('',#1504,#1603,#1605,.T.);
#1603 = VERTEX_POINT('',#1604);
#1604 = CARTESIAN_POINT('',(700.,72.834126721749,-100.2142719938));
#1605 = SURFACE_CURVE('',#1606,(#1630,#1657),.PCURVE_S1.);
#1606 = B_SPLINE_CURVE_WITH_KNOTS('',8,(#1607,#1608,#1609,#1610,#1611,
    #1612,#1613,#1614,#1615,#1616,#1617,#1618,#1619,#1620,#1621,#1622,
    #1623,#1624,#1625,#1626,#1627,#1628,#1629),.UNSPECIFIED.,.F.,.F.,(9,
    7,7,9),(0.,0.254050136207,0.508209894147,1.),.UNSPECIFIED.);
#1607 = CARTESIAN_POINT('',(385.37156493119,68.04796825178,
    -102.9743972137));
#1608 = CARTESIAN_POINT('',(395.35448485737,67.351986186307,
    -103.3461596915));
#1609 = CARTESIAN_POINT('',(405.34073918644,66.726071594307,
    -103.6710048819));
#1610 = CARTESIAN_POINT('',(415.32989754689,66.172334173376,
    -103.9513376409));
#1611 = CARTESIAN_POINT('',(425.32151957015,65.691324093399,
    -104.1899160504));
#1612 = CARTESIAN_POINT('',(435.31516246567,65.28226315677,
    -104.389544612));
#1613 = CARTESIAN_POINT('',(445.31039339227,64.943479004746,
    -104.55285263));
#1614 = CARTESIAN_POINT('',(455.30680125968,64.672841620827,
    -104.6821629305));
#1615 = CARTESIAN_POINT('',(475.3055176864,64.263072755494,
    -104.8767911855));
#1616 = CARTESIAN_POINT('',(485.30784730842,64.123998153349,
    -104.9420813423));
#1617 = CARTESIAN_POINT('',(495.31066484317,64.048427930795,
    -104.9773087273));
#1618 = CARTESIAN_POINT('',(505.31367568361,64.033805844897,
    -104.9841038764));
#1619 = CARTESIAN_POINT('',(515.31661748266,64.077649606349,
    -104.9636981474));
#1620 = CARTESIAN_POINT('',(525.31926041848,64.177704883142,
    -104.9169253544));
#1621 = CARTESIAN_POINT('',(535.321407449,64.332009842916,-104.844242265
    ));
#1622 = CARTESIAN_POINT('',(564.67541685511,64.939246592794,
    -104.5551347782));
#1623 = CARTESIAN_POINT('',(584.0252839019,65.536494466365,
    -104.2678550603));
#1624 = CARTESIAN_POINT('',(603.37149670537,66.318632055544,
    -103.8845539238));
#1625 = CARTESIAN_POINT('',(622.71283974848,67.277967417142,
    -103.4007166557));
#1626 = CARTESIAN_POINT('',(642.04790233563,68.411175503534,
    -102.8072112065));
#1627 = CARTESIAN_POINT('',(661.37513557624,69.717356028766,
    -102.0903347899));
#1628 = CARTESIAN_POINT('',(680.69298603521,71.19401841601,
    -101.2325308728));
#1629 = CARTESIAN_POINT('',(700.,72.834126721749,-100.2142719938));
#1630 = PCURVE('',#276,#1631);
#1631 = DEFINITIONAL_REPRESENTATION('',(#1632),#1656);
#1632 = B_SPLINE_CURVE_WITH_KNOTS('',8,(#1633,#1634,#1635,#1636,#1637,
    #1638,#1639,#1640,#1641,#1642,#1643,#1644,#1645,#1646,#1647,#1648,
    #1649,#1650,#1651,#1652,#1653,#1654,#1655),.UNSPECIFIED.,.F.,.F.,(9,
    7,7,9),(0.,0.254050136207,0.508209894147,1.),.UNSPECIFIED.);
#1633 = CARTESIAN_POINT('',(3.632189665919,735.37156493119));
#1634 = CARTESIAN_POINT('',(3.622906736128,745.35448485737));
#1635 = CARTESIAN_POINT('',(3.614610964066,755.34073918644));
#1636 = CARTESIAN_POINT('',(3.607309688008,765.3298975469));
#1637 = CARTESIAN_POINT('',(3.600993213941,775.32151957015));
#1638 = CARTESIAN_POINT('',(3.595638368506,785.31516246567));
#1639 = CARTESIAN_POINT('',(3.591213819176,795.31039339227));
#1640 = CARTESIAN_POINT('',(3.587685087783,805.30680125968));
#1641 = CARTESIAN_POINT('',(3.58234812805,825.3055176864));
#1642 = CARTESIAN_POINT('',(3.580540643662,835.30784730842));
#1643 = CARTESIAN_POINT('',(3.579559727583,845.31066484317));
#1644 = CARTESIAN_POINT('',(3.579370032388,855.31367568361));
#1645 = CARTESIAN_POINT('',(3.579938975749,865.31661748266));
#1646 = CARTESIAN_POINT('',(3.581238360471,875.31926041848));
#1647 = CARTESIAN_POINT('',(3.583245005392,885.321407449));
#1648 = CARTESIAN_POINT('',(3.591157324282,914.67541685511));
#1649 = CARTESIAN_POINT('',(3.598954292938,934.0252839019));
#1650 = CARTESIAN_POINT('',(3.609201046702,953.37149670537));
#1651 = CARTESIAN_POINT('',(3.621839752887,972.71283974848));
#1652 = CARTESIAN_POINT('',(3.636885320655,992.04790233563));
#1653 = CARTESIAN_POINT('',(3.654407051193,1.011375135576E+03));
#1654 = CARTESIAN_POINT('',(3.674489399807,1.030692986035E+03));
#1655 = CARTESIAN_POINT('',(3.697201091837,1.05E+03));
#1656 = ( GEOMETRIC_REPRESENTATION_CONTEXT(2) 
PARAMETRIC_REPRESENTATION_CONTEXT() REPRESENTATION_CONTEXT('2D SPACE',''
  ) );
#1657 = PCURVE('',#1658,#1701);
#1658 = B_SPLINE_SURFACE_WITH_KNOTS('',13,2,(
    (#1659,#1660,#1661)
    ,(#1662,#1663,#1664)
    ,(#1665,#1666,#1667)
    ,(#1668,#1669,#1670)
    ,(#1671,#1672,#1673)
    ,(#1674,#1675,#1676)
    ,(#1677,#1678,#1679)
    ,(#1680,#1681,#1682)
    ,(#1683,#1684,#1685)
    ,(#1686,#1687,#1688)
    ,(#1689,#1690,#1691)
    ,(#1692,#1693,#1694)
    ,(#1695,#1696,#1697)
    ,(#1698,#1699,#1700
    )),.UNSPECIFIED.,.F.,.F.,.F.,(14,14),(3,3),(0.,1.),(0.,1.),
  .PIECEWISE_BEZIER_KNOTS.);
#1659 = CARTESIAN_POINT('',(270.,65.193816690412,-65.19381669041));
#1660 = CARTESIAN_POINT('',(484.33328197368,71.988890401419,
    -71.98889040141));
#1661 = CARTESIAN_POINT('',(700.,74.527626202075,-74.52762620207));
#1662 = CARTESIAN_POINT('',(270.,64.1557200039,-66.23191337692));
#1663 = CARTESIAN_POINT('',(484.33328197368,68.351747698282,
    -75.62603310455));
#1664 = CARTESIAN_POINT('',(700.,72.797465057888,-76.25778734626));
#1665 = CARTESIAN_POINT('',(270.,63.386041315837,-67.53842844311));
#1666 = CARTESIAN_POINT('',(484.33328197369,64.983022516361,
    -79.53159466459));
#1667 = CARTESIAN_POINT('',(700.,71.335721785075,-78.25636699719));
#1668 = CARTESIAN_POINT('',(270.,62.904184582423,-69.09395505675));
#1669 = CARTESIAN_POINT('',(484.33328197369,61.95070341209,
    -83.6375836491));
#1670 = CARTESIAN_POINT('',(700.,70.174737269307,-80.4910213932));
#1671 = CARTESIAN_POINT('',(270.,62.72353425948,-70.87307111786));
#1672 = CARTESIAN_POINT('',(484.33328197368,59.31675414303,
    -87.86999865632));
#1673 = CARTESIAN_POINT('',(700.,69.340831485015,-82.92339291565));
#1674 = CARTESIAN_POINT('',(270.,62.850921212169,-72.84486152855));
#1675 = CARTESIAN_POINT('',(484.33328197368,57.135257191721,
    -92.15067297101));
#1676 = CARTESIAN_POINT('',(700.,68.853417285038,-85.509984479));
#1677 = CARTESIAN_POINT('',(270.,63.286297180757,-74.97365949742));
#1678 = CARTESIAN_POINT('',(484.33328197368,55.450752728407,
    -96.39935137179));
#1679 = CARTESIAN_POINT('',(700.,68.724319253529,-88.20325644797));
#1680 = CARTESIAN_POINT('',(270.,64.02263998911,-77.21997110265));
#1681 = CARTESIAN_POINT('',(484.33328197369,54.29686775849,
    -100.5358907552));
#1682 = CARTESIAN_POINT('',(700.,68.95733912959,-90.9528909855));
#1683 = CARTESIAN_POINT('',(270.,65.04609901703,-79.54154318641));
#1684 = CARTESIAN_POINT('',(484.33328197368,53.695306877018,
    -104.4824827484));
#1685 = CARTESIAN_POINT('',(700.,69.548093805563,-93.7071674212));
#1686 = CARTESIAN_POINT('',(270.,66.336377791862,-81.89453050145));
#1687 = CARTESIAN_POINT('',(484.33328197368,53.655252729034,
    -108.1658029863));
#1688 = CARTESIAN_POINT('',(700.,70.484136400326,-96.41439091632));
#1689 = CARTESIAN_POINT('',(270.,67.86733788922,-84.23471387876));
#1690 = CARTESIAN_POINT('',(484.33328197368,54.173200951089,
    -111.5189982389));
#1691 = CARTESIAN_POINT('',(700.,71.74535540437,-99.02431538693));
#1692 = CARTESIAN_POINT('',(270.,69.60779566702,-86.51871703342));
#1693 = CARTESIAN_POINT('',(484.33328197369,55.233231045725,
    -114.4834290767));
#1694 = CARTESIAN_POINT('',(699.99999999999,73.30463138988,
    -101.4895003338));
#1695 = CARTESIAN_POINT('',(270.,71.5224706914,-88.70516547423));
#1696 = CARTESIAN_POINT('',(484.33328197368,56.807691317202,
    -117.0100922704));
#1697 = CARTESIAN_POINT('',(700.,75.128715275451,-103.7665399135));
#1698 = CARTESIAN_POINT('',(270.,73.573032047473,-90.7557268303));
#1699 = CARTESIAN_POINT('',(484.33328197368,58.858252673275,
    -119.0606536265));
#1700 = CARTESIAN_POINT('',(700.,77.179276631524,-105.8171012695));
#1701 = DEFINITIONAL_REPRESENTATION('',(#1702),#1726);
#1702 = B_SPLINE_CURVE_WITH_KNOTS('',8,(#1703,#1704,#1705,#1706,#1707,
    #1708,#1709,#1710,#1711,#1712,#1713,#1714,#1715,#1716,#1717,#1718,
    #1719,#1720,#1721,#1722,#1723,#1724,#1725),.UNSPECIFIED.,.F.,.F.,(9,
    7,7,9),(0.,0.254050136207,0.508209894147,1.),.UNSPECIFIED.);
#1703 = CARTESIAN_POINT('',(1.,0.268915624359));
#1704 = CARTESIAN_POINT('',(0.984062510811,0.292165038079));
#1705 = CARTESIAN_POINT('',(0.968754848473,0.315418380525));
#1706 = CARTESIAN_POINT('',(0.954147006642,0.338674647126));
#1707 = CARTESIAN_POINT('',(0.940291383198,0.361932810956));
#1708 = CARTESIAN_POINT('',(0.927221887662,0.385191840416));
#1709 = CARTESIAN_POINT('',(0.914956804208,0.408450728021));
#1710 = CARTESIAN_POINT('',(0.903502864812,0.431708517807));
#1711 = CARTESIAN_POINT('',(0.882208516068,0.478230154737));
#1712 = CARTESIAN_POINT('',(0.872368785084,0.501494047568));
#1713 = CARTESIAN_POINT('',(0.863336685605,0.524755238702));
#1714 = CARTESIAN_POINT('',(0.85510134348,0.548013044635));
#1715 = CARTESIAN_POINT('',(0.847646260377,0.571266857504));
#1716 = CARTESIAN_POINT('',(0.840951417307,0.594516145585));
#1717 = CARTESIAN_POINT('',(0.834994390901,0.617760453781));
#1718 = CARTESIAN_POINT('',(0.819603854588,0.685965947439));
#1719 = CARTESIAN_POINT('',(0.812127444584,0.730912001788));
#1720 = CARTESIAN_POINT('',(0.807142585107,0.775835268746));
#1721 = CARTESIAN_POINT('',(0.804440361354,0.820732950935));
#1722 = CARTESIAN_POINT('',(0.803787001258,0.865601802882));
#1723 = CARTESIAN_POINT('',(0.804890535729,0.910438264749));
#1724 = CARTESIAN_POINT('',(0.807347302093,0.95523877272));
#1725 = CARTESIAN_POINT('',(0.810629452954,1.));
#1726 = ( GEOMETRIC_REPRESENTATION_CONTEXT(2) 
PARAMETRIC_REPRESENTATION_CONTEXT() REPRESENTATION_CONTEXT('2D SPACE',''
  ) );
#1727 = ORIENTED_EDGE('',*,*,#1728,.T.);
#1728 = EDGE_CURVE('',#1603,#1729,#1731,.T.);
#1729 = VERTEX_POINT('',#1730);
#1730 = CARTESIAN_POINT('',(700.,100.21427198157,-72.83412673138));
#1731 = SURFACE_CURVE('',#1732,(#1737,#1744),.PCURVE_S1.);
#1732 = CIRCLE('',#1733,85.);
#1733 = AXIS2_PLACEMENT_3D('',#1734,#1735,#1736);
#1734 = CARTESIAN_POINT('',(700.,27.999999983343,-28.));
#1735 = DIRECTION('',(1.,0.,1.110223024625E-16));
#1736 = DIRECTION('',(-1.110223024625E-16,0.,1.));
#1737 = PCURVE('',#276,#1738);
#1738 = DEFINITIONAL_REPRESENTATION('',(#1739),#1743);
#1739 = LINE('',#1740,#1741);
#1740 = CARTESIAN_POINT('',(0.,1.05E+03));
#1741 = VECTOR('',#1742,1.);
#1742 = DIRECTION('',(1.,0.));
#1743 = ( GEOMETRIC_REPRESENTATION_CONTEXT(2) 
PARAMETRIC_REPRESENTATION_CONTEXT() REPRESENTATION_CONTEXT('2D SPACE',''
  ) );
#1744 = PCURVE('',#1745,#1750);
#1745 = PLANE('',#1746);
#1746 = AXIS2_PLACEMENT_3D('',#1747,#1748,#1749);
#1747 = CARTESIAN_POINT('',(700.,74.527626202075,-74.52762620207));
#1748 = DIRECTION('',(1.,3.989288598165E-15,3.601855776913E-15));
#1749 = DIRECTION('',(0.,0.670145600488,-0.742229664017));
#1750 = DEFINITIONAL_REPRESENTATION('',(#1751),#1755);
#1751 = CIRCLE('',#1752,85.);
#1752 = AXIS2_PLACEMENT_2D('',#1753,#1754);
#1753 = CARTESIAN_POINT('',(-65.71446837509,-3.353900375391));
#1754 = DIRECTION('',(-0.742229664017,0.670145600488));
#1755 = ( GEOMETRIC_REPRESENTATION_CONTEXT(2) 
PARAMETRIC_REPRESENTATION_CONTEXT() REPRESENTATION_CONTEXT('2D SPACE',''
  ) );
#1756 = ORIENTED_EDGE('',*,*,#1757,.F.);
#1757 = EDGE_CURVE('',#1758,#1729,#1760,.T.);
#1758 = VERTEX_POINT('',#1759);
#1759 = CARTESIAN_POINT('',(270.,95.696673550948,-79.40194926149));
#1760 = SURFACE_CURVE('',#1761,(#1799,#1840),.PCURVE_S1.);
#1761 = B_SPLINE_CURVE_WITH_KNOTS('',8,(#1762,#1763,#1764,#1765,#1766,
    #1767,#1768,#1769,#1770,#1771,#1772,#1773,#1774,#1775,#1776,#1777,
    #1778,#1779,#1780,#1781,#1782,#1783,#1784,#1785,#1786,#1787,#1788,
    #1789,#1790,#1791,#1792,#1793,#1794,#1795,#1796,#1797,#1798),
  .UNSPECIFIED.,.F.,.F.,(9,7,7,7,7,9),(0.,0.125049306901,0.250965815316,
    0.500579603639,0.750454573178,1.),.UNSPECIFIED.);
#1762 = CARTESIAN_POINT('',(270.,95.696673550948,-79.40194926149));
#1763 = CARTESIAN_POINT('',(276.69521020255,96.291505210788,
    -78.61855241988));
#1764 = CARTESIAN_POINT('',(283.39168106757,96.865591047266,
    -77.8409659788));
#1765 = CARTESIAN_POINT('',(290.08955614632,97.418070199338,
    -77.07163853336));
#1766 = CARTESIAN_POINT('',(296.78896892634,97.948169759068,
    -76.31315364626));
#1767 = CARTESIAN_POINT('',(303.49003784827,98.455247269178,
    -75.56817037469));
#1768 = CARTESIAN_POINT('',(310.19285983691,98.938827726079,
    -74.83933381135));
#1769 = CARTESIAN_POINT('',(316.89750399938,99.398625901828,
    -74.12917883922));
#1770 = CARTESIAN_POINT('',(330.35701905895,100.27348673883,
    -72.74614273805));
#1771 = CARTESIAN_POINT('',(337.11192068787,100.68821767116,
    -72.07355398787));
#1772 = CARTESIAN_POINT('',(343.86873808715,101.0786366113,
    -71.42467833057));
#1773 = CARTESIAN_POINT('',(350.62747191293,101.44484058756,
    -70.80171750019));
#1774 = CARTESIAN_POINT('',(357.38809343696,101.78711850246,
    -70.20659159593));
#1775 = CARTESIAN_POINT('',(364.15054251881,102.1059311546,
    -69.64088512693));
#1776 = CARTESIAN_POINT('',(370.91472753335,102.40187742082,
    -69.10582818911));
#1777 = CARTESIAN_POINT('',(391.09288215889,103.21835988096,
    -67.60415620308));
#1778 = CARTESIAN_POINT('',(404.51165702123,103.67392604281,
    -66.72994691551));
#1779 = CARTESIAN_POINT('',(417.93584134452,104.0477188522,
    -65.98664100484));
#1780 = CARTESIAN_POINT('',(431.36438800378,104.34660621526,
    -65.37595734957));
#1781 = CARTESIAN_POINT('',(444.79622881685,104.57765477584,
    -64.89482476816));
#1782 = CARTESIAN_POINT('',(458.23034224377,104.74694033142,
    -64.53799670932));
#1783 = CARTESIAN_POINT('',(471.66578750168,104.85941634459,
    -64.29944314885));
#1784 = CARTESIAN_POINT('',(498.55172638985,104.97819970553,
    -64.04686206284));
#1785 = CARTESIAN_POINT('',(512.0023020308,104.98439600084,
    -64.03306938591));
#1786 = CARTESIAN_POINT('',(525.45284194893,104.94107880565,
    -64.12587360656));
#1787 = CARTESIAN_POINT('',(538.90279146531,104.85069289691,
    -64.31940909908));
#1788 = CARTESIAN_POINT('',(552.35164940741,104.71438928067,
    -64.60873538384));
#1789 = CARTESIAN_POINT('',(565.79896792111,104.53209853855,
    -64.99006391807));
#1790 = CARTESIAN_POINT('',(579.24435498735,104.30262219464,
    -65.46063041983));
#1791 = CARTESIAN_POINT('',(606.11287199617,103.74506806566,
    -66.57554437251));
#1792 = CARTESIAN_POINT('',(619.53593342558,103.41712301464,
    -67.21965780557));
#1793 = CARTESIAN_POINT('',(632.95628154024,103.03754015113,
    -67.94881927477));
#1794 = CARTESIAN_POINT('',(646.37346795513,102.6029587963,
    -68.76180508503));
#1795 = CARTESIAN_POINT('',(659.78698620892,102.10899905275,
    -69.65789007191));
#1796 = CARTESIAN_POINT('',(673.19629001183,101.55035161425,
    -70.63634910201));
#1797 = CARTESIAN_POINT('',(686.60081515949,100.92094982097,
    -71.69588161699));
#1798 = CARTESIAN_POINT('',(700.,100.21427198157,-72.83412673138));
#1799 = PCURVE('',#276,#1800);
#1800 = DEFINITIONAL_REPRESENTATION('',(#1801),#1839);
#1801 = B_SPLINE_CURVE_WITH_KNOTS('',8,(#1802,#1803,#1804,#1805,#1806,
    #1807,#1808,#1809,#1810,#1811,#1812,#1813,#1814,#1815,#1816,#1817,
    #1818,#1819,#1820,#1821,#1822,#1823,#1824,#1825,#1826,#1827,#1828,
    #1829,#1830,#1831,#1832,#1833,#1834,#1835,#1836,#1837,#1838),
  .UNSPECIFIED.,.F.,.F.,(9,7,7,7,7,9),(0.,0.125049306901,0.250965815316,
    0.500579603639,0.750454573178,1.),.UNSPECIFIED.);
#1802 = CARTESIAN_POINT('',(4.062963657307,620.));
#1803 = CARTESIAN_POINT('',(4.074535818838,626.69521020255));
#1804 = CARTESIAN_POINT('',(4.085905943001,633.39168106757));
#1805 = CARTESIAN_POINT('',(4.097047323386,640.08955614632));
#1806 = CARTESIAN_POINT('',(4.107932270104,646.78896892634));
#1807 = CARTESIAN_POINT('',(4.118532875723,653.49003784827));
#1808 = CARTESIAN_POINT('',(4.128822050126,660.19285983691));
#1809 = CARTESIAN_POINT('',(4.138774563754,666.89750399938));
#1810 = CARTESIAN_POINT('',(4.158027641847,680.35701905895));
#1811 = CARTESIAN_POINT('',(4.167323212137,687.11192068787));
#1812 = CARTESIAN_POINT('',(4.176231486444,693.86873808715));
#1813 = CARTESIAN_POINT('',(4.184732117061,700.62747191293));
#1814 = CARTESIAN_POINT('',(4.192808338134,707.38809343696));
#1815 = CARTESIAN_POINT('',(4.200447426696,714.15054251881));
#1816 = CARTESIAN_POINT('',(4.207640758329,720.91472753335));
#1817 = CARTESIAN_POINT('',(4.22775001823,741.09288215889));
#1818 = CARTESIAN_POINT('',(4.239345752014,754.51165702123));
#1819 = CARTESIAN_POINT('',(4.249132608094,767.93584134451));
#1820 = CARTESIAN_POINT('',(4.257130976881,781.36438800379));
#1821 = CARTESIAN_POINT('',(4.263410050172,794.79622881684));
#1822 = CARTESIAN_POINT('',(4.268056481141,808.23034224377));
#1823 = CARTESIAN_POINT('',(4.271159299402,821.66578750168));
#1824 = CARTESIAN_POINT('',(4.274443037079,848.55172638985));
#1825 = CARTESIAN_POINT('',(4.274620900608,862.00230203079));
#1826 = CARTESIAN_POINT('',(4.27341601536,875.45284194894));
#1827 = CARTESIAN_POINT('',(4.270903044453,888.90279146531));
#1828 = CARTESIAN_POINT('',(4.267140424449,902.3516494074));
#1829 = CARTESIAN_POINT('',(4.262168144689,915.79896792111));
#1830 = CARTESIAN_POINT('',(4.256009178292,929.24435498735));
#1831 = CARTESIAN_POINT('',(4.241343823649,956.11287199617));
#1832 = CARTESIAN_POINT('',(4.232840594386,969.53593342558));
#1833 = CARTESIAN_POINT('',(4.223170146277,982.95628154024));
#1834 = CARTESIAN_POINT('',(4.212326251483,996.37346795513));
#1835 = CARTESIAN_POINT('',(4.200290741388,1.009786986209E+03));
#1836 = CARTESIAN_POINT('',(4.187038378621,1.023196290012E+03));
#1837 = CARTESIAN_POINT('',(4.17254259429,1.036600815159E+03));
#1838 = CARTESIAN_POINT('',(4.156780542234,1.05E+03));
#1839 = ( GEOMETRIC_REPRESENTATION_CONTEXT(2) 
PARAMETRIC_REPRESENTATION_CONTEXT() REPRESENTATION_CONTEXT('2D SPACE',''
  ) );
#1840 = PCURVE('',#1841,#1884);
#1841 = B_SPLINE_SURFACE_WITH_KNOTS('',13,2,(
    (#1842,#1843,#1844)
    ,(#1845,#1846,#1847)
    ,(#1848,#1849,#1850)
    ,(#1851,#1852,#1853)
    ,(#1854,#1855,#1856)
    ,(#1857,#1858,#1859)
    ,(#1860,#1861,#1862)
    ,(#1863,#1864,#1865)
    ,(#1866,#1867,#1868)
    ,(#1869,#1870,#1871)
    ,(#1872,#1873,#1874)
    ,(#1875,#1876,#1877)
    ,(#1878,#1879,#1880)
    ,(#1881,#1882,#1883
    )),.UNSPECIFIED.,.F.,.F.,.F.,(14,14),(3,3),(1.,2.),(0.,1.),
  .PIECEWISE_BEZIER_KNOTS.);
#1842 = CARTESIAN_POINT('',(270.,73.573032047473,-90.7557268303));
#1843 = CARTESIAN_POINT('',(484.33328197368,58.858252673275,
    -119.0606536265));
#1844 = CARTESIAN_POINT('',(700.,77.179276631524,-105.8171012695));
#1845 = CARTESIAN_POINT('',(270.00000000007,79.724716115694,
    -96.90741089852));
#1846 = CARTESIAN_POINT('',(484.33328197353,65.00993674149,
    -125.2123376947));
#1847 = CARTESIAN_POINT('',(700.00000000011,83.330960699749,
    -111.9687853378));
#1848 = CARTESIAN_POINT('',(269.99999999968,87.099379532746,
    -101.8361163298));
#1849 = CARTESIAN_POINT('',(484.33328197434,75.446529477022,
    -127.0791138076));
#1850 = CARTESIAN_POINT('',(699.99999999947,91.520943445355,
    -116.0821714405));
#1851 = CARTESIAN_POINT('',(270.00000000085,94.662107351313,
    -104.5069313045));
#1852 = CARTESIAN_POINT('',(484.33328197202,89.133112017187,
    -123.6260740605));
#1853 = CARTESIAN_POINT('',(700.00000000145,100.7143088786,
    -117.1223488006));
#1854 = CARTESIAN_POINT('',(269.9999999983,101.13112735058,
    -104.1318527141));
#1855 = CARTESIAN_POINT('',(484.33328197672,104.16979599634,
    -114.6833314906));
#1856 = CARTESIAN_POINT('',(699.99999999699,109.4646950743,
    -114.4659040136));
#1857 = CARTESIAN_POINT('',(270.00000000263,105.23298815747,
    -100.4250584177));
#1858 = CARTESIAN_POINT('',(484.33328196944,118.04678382389,
    -101.2014101729));
#1859 = CARTESIAN_POINT('',(700.00000000482,116.16944091586,
    -108.1562246828));
#1860 = CARTESIAN_POINT('',(269.99999999676,106.03461167027,
    -93.78238441445));
#1861 = CARTESIAN_POINT('',(484.33328197834,128.16741974568,
    -85.23972376145));
#1862 = CARTESIAN_POINT('',(699.99999999383,119.4524969337,
    -99.03211817406));
#1863 = CARTESIAN_POINT('',(270.00000000321,103.24830467297,
    -85.28238458686));
#1864 = CARTESIAN_POINT('',(484.3332819696,132.53369823619,
    -69.5871384453));
#1865 = CARTESIAN_POINT('',(700.00000000629,118.57075421352,
    -88.62755406992));
#1866 = CARTESIAN_POINT('',(269.99999999743,97.374427969671,
    -76.45147607294));
#1867 = CARTESIAN_POINT('',(484.33328197657,130.36152959588,
    -57.05452186899));
#1868 = CARTESIAN_POINT('',(699.99999999486,113.68255478009,
    -78.8109682856));
#1869 = CARTESIAN_POINT('',(270.00000000164,89.56217480548,
    -68.83922532952));
#1870 = CARTESIAN_POINT('',(484.33328197206,122.29890693223,
    -49.69264062464));
#1871 = CARTESIAN_POINT('',(700.00000000331,105.80363414255,
    -71.26538501592));
#1872 = CARTESIAN_POINT('',(269.99999999917,81.260042340912,
    -63.62215070328));
#1873 = CARTESIAN_POINT('',(484.3332819744,110.13479928285,
    -48.33754118341));
#1874 = CARTESIAN_POINT('',(699.99999999834,96.473149065067,
    -67.07666300237));
#1875 = CARTESIAN_POINT('',(270.0000000003,73.838157963259,
    -61.38099736468));
#1876 = CARTESIAN_POINT('',(484.33328197345,96.227508225211,
    -52.58179452472));
#1877 = CARTESIAN_POINT('',(700.00000000059,87.324354341132,
    -66.56242001016));
#1878 = CARTESIAN_POINT('',(269.99999999993,68.308106749947,
    -62.07952663087));
#1879 = CARTESIAN_POINT('',(484.33328197373,82.900318510833,
    -61.077462292));
#1880 = CARTESIAN_POINT('',(699.99999999987,79.718109634629,
    -69.33714276951));
#1881 = CARTESIAN_POINT('',(270.,65.193816690412,-65.19381669041));
#1882 = CARTESIAN_POINT('',(484.33328197368,71.988890401419,
    -71.98889040141));
#1883 = CARTESIAN_POINT('',(700.,74.527626202075,-74.52762620207));
#1884 = DEFINITIONAL_REPRESENTATION('',(#1885),#1923);
#1885 = B_SPLINE_CURVE_WITH_KNOTS('',8,(#1886,#1887,#1888,#1889,#1890,
    #1891,#1892,#1893,#1894,#1895,#1896,#1897,#1898,#1899,#1900,#1901,
    #1902,#1903,#1904,#1905,#1906,#1907,#1908,#1909,#1910,#1911,#1912,
    #1913,#1914,#1915,#1916,#1917,#1918,#1919,#1920,#1921,#1922),
  .UNSPECIFIED.,.F.,.F.,(9,7,7,7,7,9),(0.,0.125049306901,0.250965815316,
    0.500579603639,0.750454573178,1.),.UNSPECIFIED.);
#1886 = CARTESIAN_POINT('',(1.598146916826,0.));
#1887 = CARTESIAN_POINT('',(1.602188933803,1.561869006273E-02));
#1888 = CARTESIAN_POINT('',(1.606268899844,3.123858656062E-02));
#1889 = CARTESIAN_POINT('',(1.610377666601,4.686002390318E-02));
#1890 = CARTESIAN_POINT('',(1.614505164529,6.24833128158E-02));
#1891 = CARTESIAN_POINT('',(1.618640498118,7.810872873578E-02));
#1892 = CARTESIAN_POINT('',(1.622772194708,9.373649676559E-02));
#1893 = CARTESIAN_POINT('',(1.626888541529,0.109366777037));
#1894 = CARTESIAN_POINT('',(1.635095709086,0.140740943717));
#1895 = CARTESIAN_POINT('',(1.639186155591,0.156484877595));
#1896 = CARTESIAN_POINT('',(1.643237450652,0.172231515681));
#1897 = CARTESIAN_POINT('',(1.647237856807,0.187980858428));
#1898 = CARTESIAN_POINT('',(1.651176152484,0.20373283782));
#1899 = CARTESIAN_POINT('',(1.655041955167,0.21948731271));
#1900 = CARTESIAN_POINT('',(1.658825948772,0.235244068726));
#1901 = CARTESIAN_POINT('',(1.669843041765,0.282242588943));
#1902 = CARTESIAN_POINT('',(1.676812703105,0.313490380311));
#1903 = CARTESIAN_POINT('',(1.683365681537,0.344743836978));
#1904 = CARTESIAN_POINT('',(1.689457002487,0.376000516696));
#1905 = CARTESIAN_POINT('',(1.695063563012,0.407257931288));
#1906 = CARTESIAN_POINT('',(1.700177835323,0.438513704293));
#1907 = CARTESIAN_POINT('',(1.70480220988,0.469765649918));
#1908 = CARTESIAN_POINT('',(1.713093547674,0.532290696825));
#1909 = CARTESIAN_POINT('',(1.716759528548,0.563563974338));
#1910 = CARTESIAN_POINT('',(1.719952745848,0.594830238458));
#1911 = CARTESIAN_POINT('',(1.722688873777,0.626088205342));
#1912 = CARTESIAN_POINT('',(1.724986569579,0.65733671708));
#1913 = CARTESIAN_POINT('',(1.726866191088,0.688574741018));
#1914 = CARTESIAN_POINT('',(1.728350144256,0.719801375357));
#1915 = CARTESIAN_POINT('',(1.730576734824,0.782189172848));
#1916 = CARTESIAN_POINT('',(1.731320341373,0.813350195089));
#1917 = CARTESIAN_POINT('',(1.731720631468,0.844498049328));
#1918 = CARTESIAN_POINT('',(1.73180657029,0.875631704993));
#1919 = CARTESIAN_POINT('',(1.731611667729,0.906749998045));
#1920 = CARTESIAN_POINT('',(1.731176231271,0.937851673559));
#1921 = CARTESIAN_POINT('',(1.730549459618,0.96893543667));
#1922 = CARTESIAN_POINT('',(1.729790182097,1.));
#1923 = ( GEOMETRIC_REPRESENTATION_CONTEXT(2) 
PARAMETRIC_REPRESENTATION_CONTEXT() REPRESENTATION_CONTEXT('2D SPACE',''
  ) );
#1924 = ORIENTED_EDGE('',*,*,#1925,.F.);
#1925 = EDGE_CURVE('',#1502,#1758,#1926,.T.);
#1926 = SURFACE_CURVE('',#1927,(#1932,#1939),.PCURVE_S1.);
#1927 = CIRCLE('',#1928,85.);
#1928 = AXIS2_PLACEMENT_3D('',#1929,#1930,#1931);
#1929 = CARTESIAN_POINT('',(270.,27.999999983343,-28.));
#1930 = DIRECTION('',(1.,0.,1.110223024625E-16));
#1931 = DIRECTION('',(-1.110223024625E-16,0.,1.));
#1932 = PCURVE('',#276,#1933);
#1933 = DEFINITIONAL_REPRESENTATION('',(#1934),#1938);
#1934 = LINE('',#1935,#1936);
#1935 = CARTESIAN_POINT('',(0.,620.));
#1936 = VECTOR('',#1937,1.);
#1937 = DIRECTION('',(1.,0.));
#1938 = ( GEOMETRIC_REPRESENTATION_CONTEXT(2) 
PARAMETRIC_REPRESENTATION_CONTEXT() REPRESENTATION_CONTEXT('2D SPACE',''
  ) );
#1939 = PCURVE('',#1940,#1945);
#1940 = PLANE('',#1941);
#1941 = AXIS2_PLACEMENT_3D('',#1942,#1943,#1944);
#1942 = CARTESIAN_POINT('',(270.,65.193816690412,-65.19381669041));
#1943 = DIRECTION('',(1.,3.259835028262E-15,3.066118617636E-15));
#1944 = DIRECTION('',(-2.465190328816E-32,0.68513225402,-0.728418694503)
  );
#1945 = DEFINITIONAL_REPRESENTATION('',(#1946),#1950);
#1946 = CIRCLE('',#1947,85.);
#1947 = AXIS2_PLACEMENT_2D('',#1948,#1949);
#1948 = CARTESIAN_POINT('',(-52.57535487333,-1.609987944603));
#1949 = DIRECTION('',(-0.728418694503,0.68513225402));
#1950 = ( GEOMETRIC_REPRESENTATION_CONTEXT(2) 
PARAMETRIC_REPRESENTATION_CONTEXT() REPRESENTATION_CONTEXT('2D SPACE',''
  ) );
#1951 = ADVANCED_FACE('',(#1952),#248,.T.);
#1952 = FACE_BOUND('',#1953,.T.);
#1953 = EDGE_LOOP('',(#1954,#1972,#1973,#1974));
#1954 = ORIENTED_EDGE('',*,*,#1955,.F.);
#1955 = EDGE_CURVE('',#205,#886,#1956,.T.);
#1956 = SURFACE_CURVE('',#1957,(#1960,#1966),.PCURVE_S1.);
#1957 = B_SPLINE_CURVE_WITH_KNOTS('',1,(#1958,#1959),.UNSPECIFIED.,.F.,
  .F.,(2,2),(0.,1.),.PIECEWISE_BEZIER_KNOTS.);
#1958 = CARTESIAN_POINT('',(-350.,-28.,-112.9999999916));
#1959 = CARTESIAN_POINT('',(940.,-28.,-112.9999999916));
#1960 = PCURVE('',#248,#1961);
#1961 = DEFINITIONAL_REPRESENTATION('',(#1962),#1965);
#1962 = B_SPLINE_CURVE_WITH_KNOTS('',1,(#1963,#1964),.UNSPECIFIED.,.F.,
  .F.,(2,2),(0.,1.),.PIECEWISE_BEZIER_KNOTS.);
#1963 = CARTESIAN_POINT('',(-28.,-1.29E+03));
#1964 = CARTESIAN_POINT('',(-28.,0.));
#1965 = ( GEOMETRIC_REPRESENTATION_CONTEXT(2) 
PARAMETRIC_REPRESENTATION_CONTEXT() REPRESENTATION_CONTEXT('2D SPACE',''
  ) );
#1966 = PCURVE('',#221,#1967);
#1967 = DEFINITIONAL_REPRESENTATION('',(#1968),#1971);
#1968 = B_SPLINE_CURVE_WITH_KNOTS('',1,(#1969,#1970),.UNSPECIFIED.,.F.,
  .F.,(2,2),(0.,1.),.PIECEWISE_BEZIER_KNOTS.);
#1969 = CARTESIAN_POINT('',(3.14159265359,0.));
#1970 = CARTESIAN_POINT('',(3.14159265359,1.29E+03));
#1971 = ( GEOMETRIC_REPRESENTATION_CONTEXT(2) 
PARAMETRIC_REPRESENTATION_CONTEXT() REPRESENTATION_CONTEXT('2D SPACE',''
  ) );
#1972 = ORIENTED_EDGE('',*,*,#233,.F.);
#1973 = ORIENTED_EDGE('',*,*,#1481,.T.);
#1974 = ORIENTED_EDGE('',*,*,#909,.T.);
#1975 = ADVANCED_FACE('',(#1976,#1999),#221,.T.);
#1976 = FACE_BOUND('',#1977,.T.);
#1977 = EDGE_LOOP('',(#1978,#1979,#1980,#1981));
#1978 = ORIENTED_EDGE('',*,*,#204,.T.);
#1979 = ORIENTED_EDGE('',*,*,#1955,.T.);
#1980 = ORIENTED_EDGE('',*,*,#885,.F.);
#1981 = ORIENTED_EDGE('',*,*,#1982,.F.);
#1982 = EDGE_CURVE('',#179,#865,#1983,.T.);
#1983 = SURFACE_CURVE('',#1984,(#1987,#1993),.PCURVE_S1.);
#1984 = B_SPLINE_CURVE_WITH_KNOTS('',1,(#1985,#1986),.UNSPECIFIED.,.F.,
  .F.,(2,2),(0.,1.),.PIECEWISE_BEZIER_KNOTS.);
#1985 = CARTESIAN_POINT('',(-350.,-113.,-27.99999998334));
#1986 = CARTESIAN_POINT('',(940.,-113.,-27.99999998334));
#1987 = PCURVE('',#221,#1988);
#1988 = DEFINITIONAL_REPRESENTATION('',(#1989),#1992);
#1989 = B_SPLINE_CURVE_WITH_KNOTS('',1,(#1990,#1991),.UNSPECIFIED.,.F.,
  .F.,(2,2),(0.,1.),.PIECEWISE_BEZIER_KNOTS.);
#1990 = CARTESIAN_POINT('',(1.570796326795,0.));
#1991 = CARTESIAN_POINT('',(1.570796326795,1.29E+03));
#1992 = ( GEOMETRIC_REPRESENTATION_CONTEXT(2) 
PARAMETRIC_REPRESENTATION_CONTEXT() REPRESENTATION_CONTEXT('2D SPACE',''
  ) );
#1993 = PCURVE('',#193,#1994);
#1994 = DEFINITIONAL_REPRESENTATION('',(#1995),#1998);
#1995 = B_SPLINE_CURVE_WITH_KNOTS('',1,(#1996,#1997),.UNSPECIFIED.,.F.,
  .F.,(2,2),(0.,1.),.PIECEWISE_BEZIER_KNOTS.);
#1996 = CARTESIAN_POINT('',(27.999999983343,-1.29E+03));
#1997 = CARTESIAN_POINT('',(27.999999983343,0.));
#1998 = ( GEOMETRIC_REPRESENTATION_CONTEXT(2) 
PARAMETRIC_REPRESENTATION_CONTEXT() REPRESENTATION_CONTEXT('2D SPACE',''
  ) );
#1999 = FACE_BOUND('',#2000,.T.);
#2000 = EDGE_LOOP('',(#2001,#2102,#2228,#2257,#2425));
#2001 = ORIENTED_EDGE('',*,*,#2002,.T.);
#2002 = EDGE_CURVE('',#2003,#2005,#2007,.T.);
#2003 = VERTEX_POINT('',#2004);
#2004 = CARTESIAN_POINT('',(270.,-95.69667355105,-79.40194926664));
#2005 = VERTEX_POINT('',#2006);
#2006 = CARTESIAN_POINT('',(385.37156493119,-102.9743972137,
    -68.04796825178));
#2007 = SURFACE_CURVE('',#2008,(#2023,#2041),.PCURVE_S1.);
#2008 = B_SPLINE_CURVE_WITH_KNOTS('',7,(#2009,#2010,#2011,#2012,#2013,
    #2014,#2015,#2016,#2017,#2018,#2019,#2020,#2021,#2022),
  .UNSPECIFIED.,.F.,.F.,(8,6,8),(0.,0.498587436425,1.),.UNSPECIFIED.);
#2009 = CARTESIAN_POINT('',(270.,-95.69667355105,-79.40194926664));
#2010 = CARTESIAN_POINT('',(278.20229536792,-96.42540122628,
    -78.44221057528));
#2011 = CARTESIAN_POINT('',(286.40652248487,-97.12234349173,
    -77.49137415867));
#2012 = CARTESIAN_POINT('',(294.6129643128,-97.78580380453,
    -76.55426599231));
#2013 = CARTESIAN_POINT('',(302.82187698523,-98.41431747864,
    -75.63606805012));
#2014 = CARTESIAN_POINT('',(311.03347115612,-99.00681329564,
    -74.74209519247));
#2015 = CARTESIAN_POINT('',(319.24788424585,-99.56273875263,
    -73.8773865219));
#2016 = CARTESIAN_POINT('',(335.72900738316,-100.6042761496,
    -72.21074720833));
#2017 = CARTESIAN_POINT('',(343.9957604217,-101.0894732144,
    -71.40919920724));
#2018 = CARTESIAN_POINT('',(352.26544748044,-101.5375636324,
    -70.64633471124));
#2019 = CARTESIAN_POINT('',(360.53802767494,-101.9490061114,
    -69.9261421106));
#2020 = CARTESIAN_POINT('',(368.81338316184,-102.3247344896,
    -69.25173224034));
#2021 = CARTESIAN_POINT('',(377.09131745265,-102.6660420089,
    -68.62524461835));
#2022 = CARTESIAN_POINT('',(385.37156493119,-102.9743972137,
    -68.04796825178));
#2023 = PCURVE('',#221,#2024);
#2024 = DEFINITIONAL_REPRESENTATION('',(#2025),#2040);
#2025 = B_SPLINE_CURVE_WITH_KNOTS('',7,(#2026,#2027,#2028,#2029,#2030,
    #2031,#2032,#2033,#2034,#2035,#2036,#2037,#2038,#2039),
  .UNSPECIFIED.,.F.,.F.,(8,6,8),(0.,0.498587436425,1.),.UNSPECIFIED.);
#2026 = CARTESIAN_POINT('',(2.220221650194,620.));
#2027 = CARTESIAN_POINT('',(2.206044606611,628.20229536792));
#2028 = CARTESIAN_POINT('',(2.192177111126,636.40652248487));
#2029 = CARTESIAN_POINT('',(2.178671799406,644.6129643128));
#2030 = CARTESIAN_POINT('',(2.165583901425,652.82187698523));
#2031 = CARTESIAN_POINT('',(2.152968360197,661.03347115612));
#2032 = CARTESIAN_POINT('',(2.140875292673,669.24788424585));
#2033 = CARTESIAN_POINT('',(2.117753868791,685.72900738316));
#2034 = CARTESIAN_POINT('',(2.106731918624,693.9957604217));
#2035 = CARTESIAN_POINT('',(2.09632470339,702.26544748044));
#2036 = CARTESIAN_POINT('',(2.086567761014,710.53802767494));
#2037 = CARTESIAN_POINT('',(2.077485953759,718.81338316184));
#2038 = CARTESIAN_POINT('',(2.069092985777,727.09131745265));
#2039 = CARTESIAN_POINT('',(2.061393339124,735.37156493119));
#2040 = ( GEOMETRIC_REPRESENTATION_CONTEXT(2) 
PARAMETRIC_REPRESENTATION_CONTEXT() REPRESENTATION_CONTEXT('2D SPACE',''
  ) );
#2041 = PCURVE('',#2042,#2085);
#2042 = B_SPLINE_SURFACE_WITH_KNOTS('',13,2,(
    (#2043,#2044,#2045)
    ,(#2046,#2047,#2048)
    ,(#2049,#2050,#2051)
    ,(#2052,#2053,#2054)
    ,(#2055,#2056,#2057)
    ,(#2058,#2059,#2060)
    ,(#2061,#2062,#2063)
    ,(#2064,#2065,#2066)
    ,(#2067,#2068,#2069)
    ,(#2070,#2071,#2072)
    ,(#2073,#2074,#2075)
    ,(#2076,#2077,#2078)
    ,(#2079,#2080,#2081)
    ,(#2082,#2083,#2084
    )),.UNSPECIFIED.,.F.,.F.,.F.,(14,14),(3,3),(1.,2.),(0.,1.),
  .PIECEWISE_BEZIER_KNOTS.);
#2043 = CARTESIAN_POINT('',(270.,-90.7557268303,-73.57303204747));
#2044 = CARTESIAN_POINT('',(484.33328197368,-119.0606536265,
    -58.85825267327));
#2045 = CARTESIAN_POINT('',(700.,-105.8171012695,-77.17927663152));
#2046 = CARTESIAN_POINT('',(270.00000000007,-96.90741089852,
    -79.72471611569));
#2047 = CARTESIAN_POINT('',(484.33328197353,-125.2123376947,
    -65.00993674149));
#2048 = CARTESIAN_POINT('',(700.00000000011,-111.9687853378,
    -83.33096069974));
#2049 = CARTESIAN_POINT('',(269.99999999968,-101.8361163298,
    -87.09937953274));
#2050 = CARTESIAN_POINT('',(484.33328197434,-127.0791138076,
    -75.44652947702));
#2051 = CARTESIAN_POINT('',(699.99999999947,-116.0821714405,
    -91.52094344535));
#2052 = CARTESIAN_POINT('',(270.00000000085,-104.5069313045,
    -94.66210735131));
#2053 = CARTESIAN_POINT('',(484.33328197202,-123.6260740605,
    -89.13311201718));
#2054 = CARTESIAN_POINT('',(700.00000000145,-117.1223488006,
    -100.7143088786));
#2055 = CARTESIAN_POINT('',(269.9999999983,-104.1318527141,
    -101.1311273505));
#2056 = CARTESIAN_POINT('',(484.33328197672,-114.6833314906,
    -104.1697959963));
#2057 = CARTESIAN_POINT('',(699.99999999699,-114.4659040136,
    -109.4646950743));
#2058 = CARTESIAN_POINT('',(270.00000000263,-100.4250584177,
    -105.2329881574));
#2059 = CARTESIAN_POINT('',(484.33328196944,-101.2014101729,
    -118.0467838238));
#2060 = CARTESIAN_POINT('',(700.00000000482,-108.1562246828,
    -116.1694409158));
#2061 = CARTESIAN_POINT('',(269.99999999676,-93.78238441445,
    -106.0346116702));
#2062 = CARTESIAN_POINT('',(484.33328197834,-85.23972376145,
    -128.1674197456));
#2063 = CARTESIAN_POINT('',(699.99999999383,-99.03211817406,
    -119.4524969337));
#2064 = CARTESIAN_POINT('',(270.00000000321,-85.28238458686,
    -103.2483046729));
#2065 = CARTESIAN_POINT('',(484.3332819696,-69.5871384453,
    -132.5336982361));
#2066 = CARTESIAN_POINT('',(700.00000000629,-88.62755406992,
    -118.5707542135));
#2067 = CARTESIAN_POINT('',(269.99999999743,-76.45147607294,
    -97.37442796967));
#2068 = CARTESIAN_POINT('',(484.33328197657,-57.05452186899,
    -130.3615295958));
#2069 = CARTESIAN_POINT('',(699.99999999486,-78.8109682856,-113.68255478
    ));
#2070 = CARTESIAN_POINT('',(270.00000000164,-68.83922532952,
    -89.56217480548));
#2071 = CARTESIAN_POINT('',(484.33328197206,-49.69264062464,
    -122.2989069322));
#2072 = CARTESIAN_POINT('',(700.00000000331,-71.26538501592,
    -105.8036341425));
#2073 = CARTESIAN_POINT('',(269.99999999917,-63.62215070328,
    -81.26004234091));
#2074 = CARTESIAN_POINT('',(484.3332819744,-48.33754118341,
    -110.1347992828));
#2075 = CARTESIAN_POINT('',(699.99999999834,-67.07666300237,
    -96.47314906506));
#2076 = CARTESIAN_POINT('',(270.0000000003,-61.38099736468,
    -73.83815796325));
#2077 = CARTESIAN_POINT('',(484.33328197345,-52.58179452472,
    -96.22750822521));
#2078 = CARTESIAN_POINT('',(700.00000000059,-66.56242001016,
    -87.32435434113));
#2079 = CARTESIAN_POINT('',(269.99999999993,-62.07952663087,
    -68.30810674994));
#2080 = CARTESIAN_POINT('',(484.33328197373,-61.077462292,
    -82.90031851083));
#2081 = CARTESIAN_POINT('',(699.99999999987,-69.33714276951,
    -79.71810963462));
#2082 = CARTESIAN_POINT('',(270.,-65.19381669041,-65.19381669041));
#2083 = CARTESIAN_POINT('',(484.33328197368,-71.98889040141,
    -71.98889040141));
#2084 = CARTESIAN_POINT('',(700.,-74.52762620207,-74.52762620207));
#2085 = DEFINITIONAL_REPRESENTATION('',(#2086),#2101);
#2086 = B_SPLINE_CURVE_WITH_KNOTS('',7,(#2087,#2088,#2089,#2090,#2091,
    #2092,#2093,#2094,#2095,#2096,#2097,#2098,#2099,#2100),
  .UNSPECIFIED.,.F.,.F.,(8,6,8),(0.,0.498587436425,1.),.UNSPECIFIED.);
#2087 = CARTESIAN_POINT('',(1.068519749916,0.));
#2088 = CARTESIAN_POINT('',(1.063567878923,1.913444167978E-02));
#2089 = CARTESIAN_POINT('',(1.058557864533,3.827073234905E-02));
#2090 = CARTESIAN_POINT('',(1.053507737772,5.740953118082E-02));
#2091 = CARTESIAN_POINT('',(1.048437959236,7.655143421554E-02));
#2092 = CARTESIAN_POINT('',(1.043371069606,9.569693092866E-02));
#2093 = CARTESIAN_POINT('',(1.038330382423,0.114846339709));
#2094 = CARTESIAN_POINT('',(1.028318588368,0.153261733834));
#2095 = CARTESIAN_POINT('',(1.023348035107,0.172527789149));
#2096 = CARTESIAN_POINT('',(1.018450085729,0.191797990515));
#2097 = CARTESIAN_POINT('',(1.013647328841,0.211072240523));
#2098 = CARTESIAN_POINT('',(1.008960266091,0.230350262569));
#2099 = CARTESIAN_POINT('',(1.004406404661,0.249631597164));
#2100 = CARTESIAN_POINT('',(1.,0.268915624359));
#2101 = ( GEOMETRIC_REPRESENTATION_CONTEXT(2) 
PARAMETRIC_REPRESENTATION_CONTEXT() REPRESENTATION_CONTEXT('2D SPACE',''
  ) );
#2102 = ORIENTED_EDGE('',*,*,#2103,.T.);
#2103 = EDGE_CURVE('',#2005,#2104,#2106,.T.);
#2104 = VERTEX_POINT('',#2105);
#2105 = CARTESIAN_POINT('',(700.,-100.2142719938,-72.83412672174));
#2106 = SURFACE_CURVE('',#2107,(#2131,#2158),.PCURVE_S1.);
#2107 = B_SPLINE_CURVE_WITH_KNOTS('',8,(#2108,#2109,#2110,#2111,#2112,
    #2113,#2114,#2115,#2116,#2117,#2118,#2119,#2120,#2121,#2122,#2123,
    #2124,#2125,#2126,#2127,#2128,#2129,#2130),.UNSPECIFIED.,.F.,.F.,(9,
    7,7,9),(0.,0.254050136208,0.508209894151,1.),.UNSPECIFIED.);
#2108 = CARTESIAN_POINT('',(385.37156493119,-102.9743972137,
    -68.04796825178));
#2109 = CARTESIAN_POINT('',(395.35448485737,-103.3461596915,
    -67.3519861863));
#2110 = CARTESIAN_POINT('',(405.34073918642,-103.6710048819,
    -66.7260715943));
#2111 = CARTESIAN_POINT('',(415.32989754691,-103.9513376409,
    -66.17233417337));
#2112 = CARTESIAN_POINT('',(425.32151957015,-104.1899160504,
    -65.69132409339));
#2113 = CARTESIAN_POINT('',(435.31516246565,-104.389544612,
    -65.28226315677));
#2114 = CARTESIAN_POINT('',(445.31039339229,-104.55285263,
    -64.94347900474));
#2115 = CARTESIAN_POINT('',(455.30680125968,-104.6821629305,
    -64.67284162082));
#2116 = CARTESIAN_POINT('',(475.30551768642,-104.8767911855,
    -64.26307275549));
#2117 = CARTESIAN_POINT('',(485.30784730837,-104.9420813423,
    -64.12399815335));
#2118 = CARTESIAN_POINT('',(495.31066484322,-104.9773087273,
    -64.04842793079));
#2119 = CARTESIAN_POINT('',(505.31367568362,-104.9841038764,
    -64.03380584489));
#2120 = CARTESIAN_POINT('',(515.31661748262,-104.9636981474,
    -64.07764960634));
#2121 = CARTESIAN_POINT('',(525.31926041852,-104.9169253544,
    -64.17770488314));
#2122 = CARTESIAN_POINT('',(535.32140744899,-104.844242265,
    -64.33200984291));
#2123 = CARTESIAN_POINT('',(564.67541685484,-104.5551347782,
    -64.93924659278));
#2124 = CARTESIAN_POINT('',(584.02528390302,-104.2678550603,
    -65.53649446639));
#2125 = CARTESIAN_POINT('',(603.3714967031,-103.8845539238,
    -66.31863205546));
#2126 = CARTESIAN_POINT('',(622.71283975118,-103.4007166556,
    -67.27796741725));
#2127 = CARTESIAN_POINT('',(642.0479023337,-102.8072112065,
    -68.41117550343));
#2128 = CARTESIAN_POINT('',(661.37513557703,-102.0903347899,
    -69.71735602881));
#2129 = CARTESIAN_POINT('',(680.69298603506,-101.2325308728,
    -71.19401841599));
#2130 = CARTESIAN_POINT('',(700.,-100.2142719938,-72.83412672174));
#2131 = PCURVE('',#221,#2132);
#2132 = DEFINITIONAL_REPRESENTATION('',(#2133),#2157);
#2133 = B_SPLINE_CURVE_WITH_KNOTS('',8,(#2134,#2135,#2136,#2137,#2138,
    #2139,#2140,#2141,#2142,#2143,#2144,#2145,#2146,#2147,#2148,#2149,
    #2150,#2151,#2152,#2153,#2154,#2155,#2156),.UNSPECIFIED.,.F.,.F.,(9,
    7,7,9),(0.,0.254050136208,0.508209894151,1.),.UNSPECIFIED.);
#2134 = CARTESIAN_POINT('',(2.061393339124,735.37156493119));
#2135 = CARTESIAN_POINT('',(2.052110409333,745.35448485737));
#2136 = CARTESIAN_POINT('',(2.043814637271,755.34073918642));
#2137 = CARTESIAN_POINT('',(2.036513361213,765.32989754691));
#2138 = CARTESIAN_POINT('',(2.030196887146,775.32151957015));
#2139 = CARTESIAN_POINT('',(2.024842041711,785.31516246565));
#2140 = CARTESIAN_POINT('',(2.020417492381,795.31039339229));
#2141 = CARTESIAN_POINT('',(2.016888760988,805.30680125968));
#2142 = CARTESIAN_POINT('',(2.011551801255,825.30551768642));
#2143 = CARTESIAN_POINT('',(2.009744316867,835.30784730837));
#2144 = CARTESIAN_POINT('',(2.008763400788,845.31066484322));
#2145 = CARTESIAN_POINT('',(2.008573705593,855.31367568362));
#2146 = CARTESIAN_POINT('',(2.009142648954,865.31661748262));
#2147 = CARTESIAN_POINT('',(2.010442033676,875.31926041852));
#2148 = CARTESIAN_POINT('',(2.012448678597,885.32140744899));
#2149 = CARTESIAN_POINT('',(2.020360997487,914.67541685484));
#2150 = CARTESIAN_POINT('',(2.028157966143,934.02528390302));
#2151 = CARTESIAN_POINT('',(2.038404719906,953.37149670311));
#2152 = CARTESIAN_POINT('',(2.051043426093,972.71283975117));
#2153 = CARTESIAN_POINT('',(2.066088993859,992.04790233371));
#2154 = CARTESIAN_POINT('',(2.083610724399,1.011375135577E+03));
#2155 = CARTESIAN_POINT('',(2.103693073012,1.030692986035E+03));
#2156 = CARTESIAN_POINT('',(2.126404765043,1.05E+03));
#2157 = ( GEOMETRIC_REPRESENTATION_CONTEXT(2) 
PARAMETRIC_REPRESENTATION_CONTEXT() REPRESENTATION_CONTEXT('2D SPACE',''
  ) );
#2158 = PCURVE('',#2159,#2202);
#2159 = B_SPLINE_SURFACE_WITH_KNOTS('',13,2,(
    (#2160,#2161,#2162)
    ,(#2163,#2164,#2165)
    ,(#2166,#2167,#2168)
    ,(#2169,#2170,#2171)
    ,(#2172,#2173,#2174)
    ,(#2175,#2176,#2177)
    ,(#2178,#2179,#2180)
    ,(#2181,#2182,#2183)
    ,(#2184,#2185,#2186)
    ,(#2187,#2188,#2189)
    ,(#2190,#2191,#2192)
    ,(#2193,#2194,#2195)
    ,(#2196,#2197,#2198)
    ,(#2199,#2200,#2201
    )),.UNSPECIFIED.,.F.,.F.,.F.,(14,14),(3,3),(0.,1.),(0.,1.),
  .PIECEWISE_BEZIER_KNOTS.);
#2160 = CARTESIAN_POINT('',(270.,-65.19381669041,-65.19381669041));
#2161 = CARTESIAN_POINT('',(484.33328197368,-71.98889040141,
    -71.98889040141));
#2162 = CARTESIAN_POINT('',(700.,-74.52762620207,-74.52762620207));
#2163 = CARTESIAN_POINT('',(270.,-66.23191337692,-64.1557200039));
#2164 = CARTESIAN_POINT('',(484.33328197368,-75.62603310455,
    -68.35174769828));
#2165 = CARTESIAN_POINT('',(700.,-76.25778734626,-72.79746505788));
#2166 = CARTESIAN_POINT('',(270.,-67.53842844311,-63.38604131583));
#2167 = CARTESIAN_POINT('',(484.33328197369,-79.53159466459,
    -64.98302251636));
#2168 = CARTESIAN_POINT('',(700.,-78.25636699719,-71.33572178507));
#2169 = CARTESIAN_POINT('',(270.,-69.09395505675,-62.90418458242));
#2170 = CARTESIAN_POINT('',(484.33328197369,-83.6375836491,
    -61.95070341209));
#2171 = CARTESIAN_POINT('',(700.,-80.4910213932,-70.1747372693));
#2172 = CARTESIAN_POINT('',(270.,-70.87307111786,-62.72353425948));
#2173 = CARTESIAN_POINT('',(484.33328197368,-87.86999865632,
    -59.31675414303));
#2174 = CARTESIAN_POINT('',(700.,-82.92339291565,-69.34083148501));
#2175 = CARTESIAN_POINT('',(270.,-72.84486152855,-62.85092121216));
#2176 = CARTESIAN_POINT('',(484.33328197368,-92.15067297101,
    -57.13525719172));
#2177 = CARTESIAN_POINT('',(700.,-85.509984479,-68.85341728503));
#2178 = CARTESIAN_POINT('',(270.,-74.97365949742,-63.28629718075));
#2179 = CARTESIAN_POINT('',(484.33328197368,-96.39935137179,
    -55.4507527284));
#2180 = CARTESIAN_POINT('',(700.,-88.20325644797,-68.72431925352));
#2181 = CARTESIAN_POINT('',(270.,-77.21997110265,-64.02263998911));
#2182 = CARTESIAN_POINT('',(484.33328197369,-100.5358907552,
    -54.29686775849));
#2183 = CARTESIAN_POINT('',(700.,-90.9528909855,-68.95733912959));
#2184 = CARTESIAN_POINT('',(270.,-79.54154318641,-65.04609901703));
#2185 = CARTESIAN_POINT('',(484.33328197368,-104.4824827484,
    -53.69530687701));
#2186 = CARTESIAN_POINT('',(700.,-93.7071674212,-69.54809380556));
#2187 = CARTESIAN_POINT('',(270.,-81.89453050145,-66.33637779186));
#2188 = CARTESIAN_POINT('',(484.33328197368,-108.1658029863,
    -53.65525272903));
#2189 = CARTESIAN_POINT('',(700.,-96.41439091632,-70.48413640032));
#2190 = CARTESIAN_POINT('',(270.,-84.23471387876,-67.86733788922));
#2191 = CARTESIAN_POINT('',(484.33328197368,-111.5189982389,
    -54.17320095108));
#2192 = CARTESIAN_POINT('',(700.,-99.02431538693,-71.74535540437));
#2193 = CARTESIAN_POINT('',(270.,-86.51871703342,-69.60779566702));
#2194 = CARTESIAN_POINT('',(484.33328197369,-114.4834290767,
    -55.23323104572));
#2195 = CARTESIAN_POINT('',(699.99999999999,-101.4895003338,
    -73.30463138988));
#2196 = CARTESIAN_POINT('',(270.,-88.70516547423,-71.5224706914));
#2197 = CARTESIAN_POINT('',(484.33328197368,-117.0100922704,
    -56.8076913172));
#2198 = CARTESIAN_POINT('',(700.,-103.7665399135,-75.12871527545));
#2199 = CARTESIAN_POINT('',(270.,-90.7557268303,-73.57303204747));
#2200 = CARTESIAN_POINT('',(484.33328197368,-119.0606536265,
    -58.85825267327));
#2201 = CARTESIAN_POINT('',(700.,-105.8171012695,-77.17927663152));
#2202 = DEFINITIONAL_REPRESENTATION('',(#2203),#2227);
#2203 = B_SPLINE_CURVE_WITH_KNOTS('',8,(#2204,#2205,#2206,#2207,#2208,
    #2209,#2210,#2211,#2212,#2213,#2214,#2215,#2216,#2217,#2218,#2219,
    #2220,#2221,#2222,#2223,#2224,#2225,#2226),.UNSPECIFIED.,.F.,.F.,(9,
    7,7,9),(0.,0.254050136208,0.508209894151,1.),.UNSPECIFIED.);
#2204 = CARTESIAN_POINT('',(1.,0.268915624359));
#2205 = CARTESIAN_POINT('',(0.984062510811,0.292165038079));
#2206 = CARTESIAN_POINT('',(0.968754848473,0.315418380525));
#2207 = CARTESIAN_POINT('',(0.954147006642,0.338674647126));
#2208 = CARTESIAN_POINT('',(0.940291383198,0.361932810956));
#2209 = CARTESIAN_POINT('',(0.927221887662,0.385191840416));
#2210 = CARTESIAN_POINT('',(0.914956804208,0.408450728021));
#2211 = CARTESIAN_POINT('',(0.903502864812,0.431708517807));
#2212 = CARTESIAN_POINT('',(0.882208516068,0.478230154737));
#2213 = CARTESIAN_POINT('',(0.872368785084,0.501494047568));
#2214 = CARTESIAN_POINT('',(0.863336685605,0.524755238702));
#2215 = CARTESIAN_POINT('',(0.85510134348,0.548013044635));
#2216 = CARTESIAN_POINT('',(0.847646260377,0.571266857504));
#2217 = CARTESIAN_POINT('',(0.840951417307,0.594516145585));
#2218 = CARTESIAN_POINT('',(0.834994390901,0.61776045378));
#2219 = CARTESIAN_POINT('',(0.819603854588,0.685965947438));
#2220 = CARTESIAN_POINT('',(0.812127444584,0.73091200179));
#2221 = CARTESIAN_POINT('',(0.807142585108,0.775835268743));
#2222 = CARTESIAN_POINT('',(0.804440361354,0.820732950938));
#2223 = CARTESIAN_POINT('',(0.803787001258,0.86560180288));
#2224 = CARTESIAN_POINT('',(0.804890535729,0.91043826475));
#2225 = CARTESIAN_POINT('',(0.807347302093,0.955238772719));
#2226 = CARTESIAN_POINT('',(0.810629452954,1.));
#2227 = ( GEOMETRIC_REPRESENTATION_CONTEXT(2) 
PARAMETRIC_REPRESENTATION_CONTEXT() REPRESENTATION_CONTEXT('2D SPACE',''
  ) );
#2228 = ORIENTED_EDGE('',*,*,#2229,.T.);
#2229 = EDGE_CURVE('',#2104,#2230,#2232,.T.);
#2230 = VERTEX_POINT('',#2231);
#2231 = CARTESIAN_POINT('',(700.,-72.83412673138,-100.2142719815));
#2232 = SURFACE_CURVE('',#2233,(#2238,#2245),.PCURVE_S1.);
#2233 = CIRCLE('',#2234,85.);
#2234 = AXIS2_PLACEMENT_3D('',#2235,#2236,#2237);
#2235 = CARTESIAN_POINT('',(700.,-28.,-27.99999998334));
#2236 = DIRECTION('',(1.,0.,1.110223024625E-16));
#2237 = DIRECTION('',(-1.110223024625E-16,0.,1.));
#2238 = PCURVE('',#221,#2239);
#2239 = DEFINITIONAL_REPRESENTATION('',(#2240),#2244);
#2240 = LINE('',#2241,#2242);
#2241 = CARTESIAN_POINT('',(0.,1.05E+03));
#2242 = VECTOR('',#2243,1.);
#2243 = DIRECTION('',(1.,0.));
#2244 = ( GEOMETRIC_REPRESENTATION_CONTEXT(2) 
PARAMETRIC_REPRESENTATION_CONTEXT() REPRESENTATION_CONTEXT('2D SPACE',''
  ) );
#2245 = PCURVE('',#2246,#2251);
#2246 = PLANE('',#2247);
#2247 = AXIS2_PLACEMENT_3D('',#2248,#2249,#2250);
#2248 = CARTESIAN_POINT('',(700.,-74.52762620207,-74.52762620207));
#2249 = DIRECTION('',(1.,3.601855776913E-15,-3.989288598165E-15));
#2250 = DIRECTION('',(0.,-0.742229664017,-0.670145600488));
#2251 = DEFINITIONAL_REPRESENTATION('',(#2252),#2256);
#2252 = CIRCLE('',#2253,85.);
#2253 = AXIS2_PLACEMENT_2D('',#2254,#2255);
#2254 = CARTESIAN_POINT('',(-65.71446837509,-3.353900375391));
#2255 = DIRECTION('',(-0.670145600488,-0.742229664017));
#2256 = ( GEOMETRIC_REPRESENTATION_CONTEXT(2) 
PARAMETRIC_REPRESENTATION_CONTEXT() REPRESENTATION_CONTEXT('2D SPACE',''
  ) );
#2257 = ORIENTED_EDGE('',*,*,#2258,.F.);
#2258 = EDGE_CURVE('',#2259,#2230,#2261,.T.);
#2259 = VERTEX_POINT('',#2260);
#2260 = CARTESIAN_POINT('',(270.,-79.40194926149,-95.69667355094));
#2261 = SURFACE_CURVE('',#2262,(#2300,#2341),.PCURVE_S1.);
#2262 = B_SPLINE_CURVE_WITH_KNOTS('',8,(#2263,#2264,#2265,#2266,#2267,
    #2268,#2269,#2270,#2271,#2272,#2273,#2274,#2275,#2276,#2277,#2278,
    #2279,#2280,#2281,#2282,#2283,#2284,#2285,#2286,#2287,#2288,#2289,
    #2290,#2291,#2292,#2293,#2294,#2295,#2296,#2297,#2298,#2299),
  .UNSPECIFIED.,.F.,.F.,(9,7,7,7,7,9),(0.,0.1250493069,0.250965815314,
    0.500579603637,0.750454573177,1.),.UNSPECIFIED.);
#2263 = CARTESIAN_POINT('',(270.,-79.40194926149,-95.69667355094));
#2264 = CARTESIAN_POINT('',(276.69521020255,-78.61855241988,
    -96.29150521078));
#2265 = CARTESIAN_POINT('',(283.39168106756,-77.8409659788,
    -96.86559104726));
#2266 = CARTESIAN_POINT('',(290.08955614633,-77.07163853336,
    -97.41807019934));
#2267 = CARTESIAN_POINT('',(296.78896892634,-76.31315364626,
    -97.94816975906));
#2268 = CARTESIAN_POINT('',(303.49003784826,-75.56817037469,
    -98.45524726917));
#2269 = CARTESIAN_POINT('',(310.19285983692,-74.83933381135,
    -98.93882772608));
#2270 = CARTESIAN_POINT('',(316.89750399937,-74.12917883922,
    -99.39862590182));
#2271 = CARTESIAN_POINT('',(330.35701905894,-72.74614273805,
    -100.2734867388));
#2272 = CARTESIAN_POINT('',(337.11192068788,-72.07355398787,
    -100.6882176711));
#2273 = CARTESIAN_POINT('',(343.86873808715,-71.42467833057,
    -101.0786366113));
#2274 = CARTESIAN_POINT('',(350.62747191292,-70.80171750019,
    -101.4448405875));
#2275 = CARTESIAN_POINT('',(357.38809343696,-70.20659159593,
    -101.7871185024));
#2276 = CARTESIAN_POINT('',(364.15054251881,-69.64088512693,
    -102.1059311546));
#2277 = CARTESIAN_POINT('',(370.91472753334,-69.10582818911,
    -102.4018774208));
#2278 = CARTESIAN_POINT('',(391.092882159,-67.60415620307,
    -103.2183598809));
#2279 = CARTESIAN_POINT('',(404.51165702081,-66.72994691554,
    -103.6739260427));
#2280 = CARTESIAN_POINT('',(417.93584134525,-65.98664100479,
    -104.0477188522));
#2281 = CARTESIAN_POINT('',(431.36438800302,-65.37595734961,
    -104.3466062152));
#2282 = CARTESIAN_POINT('',(444.79622881731,-64.89482476814,
    -104.5776547758));
#2283 = CARTESIAN_POINT('',(458.23034224362,-64.53799670933,
    -104.7469403314));
#2284 = CARTESIAN_POINT('',(471.6657875017,-64.29944314885,
    -104.8594163445));
#2285 = CARTESIAN_POINT('',(498.55172638993,-64.04686206284,
    -104.9781997055));
#2286 = CARTESIAN_POINT('',(512.00230203057,-64.03306938591,
    -104.9843960008));
#2287 = CARTESIAN_POINT('',(525.45284194919,-64.12587360656,
    -104.9410788056));
#2288 = CARTESIAN_POINT('',(538.90279146531,-64.31940909907,
    -104.8506928969));
#2289 = CARTESIAN_POINT('',(552.35164940716,-64.60873538384,
    -104.7143892806));
#2290 = CARTESIAN_POINT('',(565.79896792132,-64.99006391808,
    -104.5320985385));
#2291 = CARTESIAN_POINT('',(579.24435498729,-65.46063041983,
    -104.3026221946));
#2292 = CARTESIAN_POINT('',(606.11287199617,-66.57554437251,
    -103.7450680656));
#2293 = CARTESIAN_POINT('',(619.53593342552,-67.21965780557,
    -103.4171230146));
#2294 = CARTESIAN_POINT('',(632.95628154033,-67.94881927477,
    -103.0375401511));
#2295 = CARTESIAN_POINT('',(646.37346795511,-68.76180508503,
    -102.6029587963));
#2296 = CARTESIAN_POINT('',(659.78698620883,-69.65789007191,
    -102.1089990527));
#2297 = CARTESIAN_POINT('',(673.19629001193,-70.63634910201,
    -101.5503516142));
#2298 = CARTESIAN_POINT('',(686.60081515946,-71.69588161699,
    -100.9209498209));
#2299 = CARTESIAN_POINT('',(700.,-72.83412673138,-100.2142719815));
#2300 = PCURVE('',#221,#2301);
#2301 = DEFINITIONAL_REPRESENTATION('',(#2302),#2340);
#2302 = B_SPLINE_CURVE_WITH_KNOTS('',8,(#2303,#2304,#2305,#2306,#2307,
    #2308,#2309,#2310,#2311,#2312,#2313,#2314,#2315,#2316,#2317,#2318,
    #2319,#2320,#2321,#2322,#2323,#2324,#2325,#2326,#2327,#2328,#2329,
    #2330,#2331,#2332,#2333,#2334,#2335,#2336,#2337,#2338,#2339),
  .UNSPECIFIED.,.F.,.F.,(9,7,7,7,7,9),(0.,0.1250493069,0.250965815314,
    0.500579603637,0.750454573177,1.),.UNSPECIFIED.);
#2303 = CARTESIAN_POINT('',(2.492167330513,620.));
#2304 = CARTESIAN_POINT('',(2.503739492043,626.69521020255));
#2305 = CARTESIAN_POINT('',(2.515109616206,633.39168106756));
#2306 = CARTESIAN_POINT('',(2.526250996592,640.08955614633));
#2307 = CARTESIAN_POINT('',(2.537135943309,646.78896892634));
#2308 = CARTESIAN_POINT('',(2.547736548928,653.49003784826));
#2309 = CARTESIAN_POINT('',(2.558025723331,660.19285983692));
#2310 = CARTESIAN_POINT('',(2.567978236959,666.89750399937));
#2311 = CARTESIAN_POINT('',(2.587231315053,680.35701905894));
#2312 = CARTESIAN_POINT('',(2.596526885342,687.11192068788));
#2313 = CARTESIAN_POINT('',(2.605435159649,693.86873808715));
#2314 = CARTESIAN_POINT('',(2.613935790266,700.62747191292));
#2315 = CARTESIAN_POINT('',(2.622012011339,707.38809343696));
#2316 = CARTESIAN_POINT('',(2.629651099901,714.15054251881));
#2317 = CARTESIAN_POINT('',(2.636844431534,720.91472753334));
#2318 = CARTESIAN_POINT('',(2.656953691435,741.092882159));
#2319 = CARTESIAN_POINT('',(2.668549425219,754.51165702081));
#2320 = CARTESIAN_POINT('',(2.678336281299,767.93584134526));
#2321 = CARTESIAN_POINT('',(2.686334650086,781.364388003));
#2322 = CARTESIAN_POINT('',(2.692613723377,794.79622881733));
#2323 = CARTESIAN_POINT('',(2.697260154346,808.23034224361));
#2324 = CARTESIAN_POINT('',(2.700362972607,821.6657875017));
#2325 = CARTESIAN_POINT('',(2.703646710284,848.55172638993));
#2326 = CARTESIAN_POINT('',(2.703824573813,862.00230203057));
#2327 = CARTESIAN_POINT('',(2.702619688565,875.45284194918));
#2328 = CARTESIAN_POINT('',(2.700106717658,888.90279146531));
#2329 = CARTESIAN_POINT('',(2.696344097654,902.35164940716));
#2330 = CARTESIAN_POINT('',(2.691371817894,915.79896792132));
#2331 = CARTESIAN_POINT('',(2.685212851497,929.24435498729));
#2332 = CARTESIAN_POINT('',(2.670547496854,956.11287199617));
#2333 = CARTESIAN_POINT('',(2.662044267591,969.53593342552));
#2334 = CARTESIAN_POINT('',(2.652373819482,982.95628154033));
#2335 = CARTESIAN_POINT('',(2.641529924689,996.37346795511));
#2336 = CARTESIAN_POINT('',(2.629494414594,1.009786986209E+03));
#2337 = CARTESIAN_POINT('',(2.616242051826,1.023196290012E+03));
#2338 = CARTESIAN_POINT('',(2.601746267495,1.036600815159E+03));
#2339 = CARTESIAN_POINT('',(2.585984215439,1.05E+03));
#2340 = ( GEOMETRIC_REPRESENTATION_CONTEXT(2) 
PARAMETRIC_REPRESENTATION_CONTEXT() REPRESENTATION_CONTEXT('2D SPACE',''
  ) );
#2341 = PCURVE('',#2342,#2385);
#2342 = B_SPLINE_SURFACE_WITH_KNOTS('',13,2,(
    (#2343,#2344,#2345)
    ,(#2346,#2347,#2348)
    ,(#2349,#2350,#2351)
    ,(#2352,#2353,#2354)
    ,(#2355,#2356,#2357)
    ,(#2358,#2359,#2360)
    ,(#2361,#2362,#2363)
    ,(#2364,#2365,#2366)
    ,(#2367,#2368,#2369)
    ,(#2370,#2371,#2372)
    ,(#2373,#2374,#2375)
    ,(#2376,#2377,#2378)
    ,(#2379,#2380,#2381)
    ,(#2382,#2383,#2384
    )),.UNSPECIFIED.,.F.,.F.,.F.,(14,14),(3,3),(1.,2.),(0.,1.),
  .PIECEWISE_BEZIER_KNOTS.);
#2343 = CARTESIAN_POINT('',(270.,-90.7557268303,-73.57303204747));
#2344 = CARTESIAN_POINT('',(484.33328197368,-119.0606536265,
    -58.85825267327));
#2345 = CARTESIAN_POINT('',(700.,-105.8171012695,-77.17927663152));
#2346 = CARTESIAN_POINT('',(270.00000000007,-96.90741089852,
    -79.72471611569));
#2347 = CARTESIAN_POINT('',(484.33328197353,-125.2123376947,
    -65.00993674149));
#2348 = CARTESIAN_POINT('',(700.00000000011,-111.9687853378,
    -83.33096069974));
#2349 = CARTESIAN_POINT('',(269.99999999968,-101.8361163298,
    -87.09937953274));
#2350 = CARTESIAN_POINT('',(484.33328197434,-127.0791138076,
    -75.44652947702));
#2351 = CARTESIAN_POINT('',(699.99999999947,-116.0821714405,
    -91.52094344535));
#2352 = CARTESIAN_POINT('',(270.00000000085,-104.5069313045,
    -94.66210735131));
#2353 = CARTESIAN_POINT('',(484.33328197202,-123.6260740605,
    -89.13311201718));
#2354 = CARTESIAN_POINT('',(700.00000000145,-117.1223488006,
    -100.7143088786));
#2355 = CARTESIAN_POINT('',(269.9999999983,-104.1318527141,
    -101.1311273505));
#2356 = CARTESIAN_POINT('',(484.33328197672,-114.6833314906,
    -104.1697959963));
#2357 = CARTESIAN_POINT('',(699.99999999699,-114.4659040136,
    -109.4646950743));
#2358 = CARTESIAN_POINT('',(270.00000000263,-100.4250584177,
    -105.2329881574));
#2359 = CARTESIAN_POINT('',(484.33328196944,-101.2014101729,
    -118.0467838238));
#2360 = CARTESIAN_POINT('',(700.00000000482,-108.1562246828,
    -116.1694409158));
#2361 = CARTESIAN_POINT('',(269.99999999676,-93.78238441445,
    -106.0346116702));
#2362 = CARTESIAN_POINT('',(484.33328197834,-85.23972376145,
    -128.1674197456));
#2363 = CARTESIAN_POINT('',(699.99999999383,-99.03211817406,
    -119.4524969337));
#2364 = CARTESIAN_POINT('',(270.00000000321,-85.28238458686,
    -103.2483046729));
#2365 = CARTESIAN_POINT('',(484.3332819696,-69.5871384453,
    -132.5336982361));
#2366 = CARTESIAN_POINT('',(700.00000000629,-88.62755406992,
    -118.5707542135));
#2367 = CARTESIAN_POINT('',(269.99999999743,-76.45147607294,
    -97.37442796967));
#2368 = CARTESIAN_POINT('',(484.33328197657,-57.05452186899,
    -130.3615295958));
#2369 = CARTESIAN_POINT('',(699.99999999486,-78.8109682856,-113.68255478
    ));
#2370 = CARTESIAN_POINT('',(270.00000000164,-68.83922532952,
    -89.56217480548));
#2371 = CARTESIAN_POINT('',(484.33328197206,-49.69264062464,
    -122.2989069322));
#2372 = CARTESIAN_POINT('',(700.00000000331,-71.26538501592,
    -105.8036341425));
#2373 = CARTESIAN_POINT('',(269.99999999917,-63.62215070328,
    -81.26004234091));
#2374 = CARTESIAN_POINT('',(484.3332819744,-48.33754118341,
    -110.1347992828));
#2375 = CARTESIAN_POINT('',(699.99999999834,-67.07666300237,
    -96.47314906506));
#2376 = CARTESIAN_POINT('',(270.0000000003,-61.38099736468,
    -73.83815796325));
#2377 = CARTESIAN_POINT('',(484.33328197345,-52.58179452472,
    -96.22750822521));
#2378 = CARTESIAN_POINT('',(700.00000000059,-66.56242001016,
    -87.32435434113));
#2379 = CARTESIAN_POINT('',(269.99999999993,-62.07952663087,
    -68.30810674994));
#2380 = CARTESIAN_POINT('',(484.33328197373,-61.077462292,
    -82.90031851083));
#2381 = CARTESIAN_POINT('',(699.99999999987,-69.33714276951,
    -79.71810963462));
#2382 = CARTESIAN_POINT('',(270.,-65.19381669041,-65.19381669041));
#2383 = CARTESIAN_POINT('',(484.33328197368,-71.98889040141,
    -71.98889040141));
#2384 = CARTESIAN_POINT('',(700.,-74.52762620207,-74.52762620207));
#2385 = DEFINITIONAL_REPRESENTATION('',(#2386),#2424);
#2386 = B_SPLINE_CURVE_WITH_KNOTS('',8,(#2387,#2388,#2389,#2390,#2391,
    #2392,#2393,#2394,#2395,#2396,#2397,#2398,#2399,#2400,#2401,#2402,
    #2403,#2404,#2405,#2406,#2407,#2408,#2409,#2410,#2411,#2412,#2413,
    #2414,#2415,#2416,#2417,#2418,#2419,#2420,#2421,#2422,#2423),
  .UNSPECIFIED.,.F.,.F.,(9,7,7,7,7,9),(0.,0.1250493069,0.250965815314,
    0.500579603637,0.750454573177,1.),.UNSPECIFIED.);
#2387 = CARTESIAN_POINT('',(1.598146916826,0.));
#2388 = CARTESIAN_POINT('',(1.602188933803,1.561869006274E-02));
#2389 = CARTESIAN_POINT('',(1.606268899844,3.123858656061E-02));
#2390 = CARTESIAN_POINT('',(1.610377666601,4.68600239032E-02));
#2391 = CARTESIAN_POINT('',(1.614505164529,6.24833128158E-02));
#2392 = CARTESIAN_POINT('',(1.618640498118,7.810872873576E-02));
#2393 = CARTESIAN_POINT('',(1.622772194708,9.373649676561E-02));
#2394 = CARTESIAN_POINT('',(1.626888541529,0.109366777037));
#2395 = CARTESIAN_POINT('',(1.635095709086,0.140740943717));
#2396 = CARTESIAN_POINT('',(1.639186155591,0.156484877595));
#2397 = CARTESIAN_POINT('',(1.643237450652,0.172231515681));
#2398 = CARTESIAN_POINT('',(1.647237856807,0.187980858428));
#2399 = CARTESIAN_POINT('',(1.651176152484,0.20373283782));
#2400 = CARTESIAN_POINT('',(1.655041955167,0.21948731271));
#2401 = CARTESIAN_POINT('',(1.658825948772,0.235244068726));
#2402 = CARTESIAN_POINT('',(1.669843041765,0.282242588943));
#2403 = CARTESIAN_POINT('',(1.676812703105,0.31349038031));
#2404 = CARTESIAN_POINT('',(1.683365681538,0.34474383698));
#2405 = CARTESIAN_POINT('',(1.689457002486,0.376000516695));
#2406 = CARTESIAN_POINT('',(1.695063563012,0.407257931288));
#2407 = CARTESIAN_POINT('',(1.700177835323,0.438513704293));
#2408 = CARTESIAN_POINT('',(1.70480220988,0.469765649918));
#2409 = CARTESIAN_POINT('',(1.713093547674,0.532290696825));
#2410 = CARTESIAN_POINT('',(1.716759528548,0.563563974338));
#2411 = CARTESIAN_POINT('',(1.719952745848,0.594830238459));
#2412 = CARTESIAN_POINT('',(1.722688873777,0.626088205342));
#2413 = CARTESIAN_POINT('',(1.724986569579,0.65733671708));
#2414 = CARTESIAN_POINT('',(1.726866191088,0.688574741018));
#2415 = CARTESIAN_POINT('',(1.728350144256,0.719801375357));
#2416 = CARTESIAN_POINT('',(1.730576734824,0.782189172848));
#2417 = CARTESIAN_POINT('',(1.731320341373,0.813350195089));
#2418 = CARTESIAN_POINT('',(1.731720631468,0.844498049328));
#2419 = CARTESIAN_POINT('',(1.73180657029,0.875631704993));
#2420 = CARTESIAN_POINT('',(1.731611667729,0.906749998045));
#2421 = CARTESIAN_POINT('',(1.731176231271,0.937851673559));
#2422 = CARTESIAN_POINT('',(1.730549459618,0.96893543667));
#2423 = CARTESIAN_POINT('',(1.729790182097,1.));
#2424 = ( GEOMETRIC_REPRESENTATION_CONTEXT(2) 
PARAMETRIC_REPRESENTATION_CONTEXT() REPRESENTATION_CONTEXT('2D SPACE',''
  ) );
#2425 = ORIENTED_EDGE('',*,*,#2426,.F.);
#2426 = EDGE_CURVE('',#2003,#2259,#2427,.T.);
#2427 = SURFACE_CURVE('',#2428,(#2433,#2440),.PCURVE_S1.);
#2428 = CIRCLE('',#2429,85.);
#2429 = AXIS2_PLACEMENT_3D('',#2430,#2431,#2432);
#2430 = CARTESIAN_POINT('',(270.,-28.,-27.99999998334));
#2431 = DIRECTION('',(1.,0.,1.110223024625E-16));
#2432 = DIRECTION('',(-1.110223024625E-16,0.,1.));
#2433 = PCURVE('',#221,#2434);
#2434 = DEFINITIONAL_REPRESENTATION('',(#2435),#2439);
#2435 = LINE('',#2436,#2437);
#2436 = CARTESIAN_POINT('',(0.,620.));
#2437 = VECTOR('',#2438,1.);
#2438 = DIRECTION('',(1.,0.));
#2439 = ( GEOMETRIC_REPRESENTATION_CONTEXT(2) 
PARAMETRIC_REPRESENTATION_CONTEXT() REPRESENTATION_CONTEXT('2D SPACE',''
  ) );
#2440 = PCURVE('',#2441,#2446);
#2441 = PLANE('',#2442);
#2442 = AXIS2_PLACEMENT_3D('',#2443,#2444,#2445);
#2443 = CARTESIAN_POINT('',(270.,-65.19381669041,-65.19381669041));
#2444 = DIRECTION('',(1.,3.066118617636E-15,-3.259835028262E-15));
#2445 = DIRECTION('',(-2.465190328816E-32,-0.728418694503,-0.68513225402
    ));
#2446 = DEFINITIONAL_REPRESENTATION('',(#2447),#2451);
#2447 = CIRCLE('',#2448,85.);
#2448 = AXIS2_PLACEMENT_2D('',#2449,#2450);
#2449 = CARTESIAN_POINT('',(-52.57535487333,-1.609987944603));
#2450 = DIRECTION('',(-0.68513225402,-0.728418694503));
#2451 = ( GEOMETRIC_REPRESENTATION_CONTEXT(2) 
PARAMETRIC_REPRESENTATION_CONTEXT() REPRESENTATION_CONTEXT('2D SPACE',''
  ) );
#2452 = ADVANCED_FACE('',(#2453),#193,.T.);
#2453 = FACE_BOUND('',#2454,.T.);
#2454 = EDGE_LOOP('',(#2455,#2456,#2457,#2458));
#2455 = ORIENTED_EDGE('',*,*,#978,.F.);
#2456 = ORIENTED_EDGE('',*,*,#178,.F.);
#2457 = ORIENTED_EDGE('',*,*,#1982,.T.);
#2458 = ORIENTED_EDGE('',*,*,#864,.T.);
#2459 = ADVANCED_FACE('',(#2460),#425,.F.);
#2460 = FACE_BOUND('',#2461,.F.);
#2461 = EDGE_LOOP('',(#2462,#2485,#2528));
#2462 = ORIENTED_EDGE('',*,*,#2463,.F.);
#2463 = EDGE_CURVE('',#2464,#388,#2466,.T.);
#2464 = VERTEX_POINT('',#2465);
#2465 = CARTESIAN_POINT('',(270.,90.755726830306,73.573032047473));
#2466 = SURFACE_CURVE('',#2467,(#2471,#2478),.PCURVE_S1.);
#2467 = B_SPLINE_CURVE_WITH_KNOTS('',2,(#2468,#2469,#2470),
  .UNSPECIFIED.,.F.,.F.,(3,3),(0.,1.),.PIECEWISE_BEZIER_KNOTS.);
#2468 = CARTESIAN_POINT('',(270.,90.755726830306,73.573032047473));
#2469 = CARTESIAN_POINT('',(484.33328197368,119.06065362651,
    58.858252673275));
#2470 = CARTESIAN_POINT('',(700.,105.81710126958,77.179276631524));
#2471 = PCURVE('',#425,#2472);
#2472 = DEFINITIONAL_REPRESENTATION('',(#2473),#2477);
#2473 = LINE('',#2474,#2475);
#2474 = CARTESIAN_POINT('',(1.,0.));
#2475 = VECTOR('',#2476,1.);
#2476 = DIRECTION('',(0.,1.));
#2477 = ( GEOMETRIC_REPRESENTATION_CONTEXT(2) 
PARAMETRIC_REPRESENTATION_CONTEXT() REPRESENTATION_CONTEXT('2D SPACE',''
  ) );
#2478 = PCURVE('',#542,#2479);
#2479 = DEFINITIONAL_REPRESENTATION('',(#2480),#2484);
#2480 = LINE('',#2481,#2482);
#2481 = CARTESIAN_POINT('',(1.,0.));
#2482 = VECTOR('',#2483,1.);
#2483 = DIRECTION('',(0.,1.));
#2484 = ( GEOMETRIC_REPRESENTATION_CONTEXT(2) 
PARAMETRIC_REPRESENTATION_CONTEXT() REPRESENTATION_CONTEXT('2D SPACE',''
  ) );
#2485 = ORIENTED_EDGE('',*,*,#2486,.T.);
#2486 = EDGE_CURVE('',#2464,#386,#2487,.T.);
#2487 = SURFACE_CURVE('',#2488,(#2503,#2510),.PCURVE_S1.);
#2488 = B_SPLINE_CURVE_WITH_KNOTS('',13,(#2489,#2490,#2491,#2492,#2493,
    #2494,#2495,#2496,#2497,#2498,#2499,#2500,#2501,#2502),
  .UNSPECIFIED.,.F.,.F.,(14,14),(1.,2.),.PIECEWISE_BEZIER_KNOTS.);
#2489 = CARTESIAN_POINT('',(270.,90.755726830306,73.573032047473));
#2490 = CARTESIAN_POINT('',(270.00000000007,96.907410898525,
    79.724716115694));
#2491 = CARTESIAN_POINT('',(269.99999999968,101.83611632986,
    87.099379532746));
#2492 = CARTESIAN_POINT('',(270.00000000085,104.50693130454,
    94.662107351313));
#2493 = CARTESIAN_POINT('',(269.9999999983,104.13185271416,
    101.13112735058));
#2494 = CARTESIAN_POINT('',(270.00000000263,100.4250584177,
    105.23298815747));
#2495 = CARTESIAN_POINT('',(269.99999999676,93.782384414452,
    106.03461167027));
#2496 = CARTESIAN_POINT('',(270.00000000321,85.282384586863,
    103.24830467297));
#2497 = CARTESIAN_POINT('',(269.99999999743,76.45147607294,
    97.374427969671));
#2498 = CARTESIAN_POINT('',(270.00000000164,68.839225329525,
    89.56217480548));
#2499 = CARTESIAN_POINT('',(269.99999999917,63.622150703285,
    81.260042340912));
#2500 = CARTESIAN_POINT('',(270.0000000003,61.380997364681,
    73.838157963259));
#2501 = CARTESIAN_POINT('',(269.99999999993,62.079526630877,
    68.308106749947));
#2502 = CARTESIAN_POINT('',(270.,65.193816690412,65.193816690412));
#2503 = PCURVE('',#425,#2504);
#2504 = DEFINITIONAL_REPRESENTATION('',(#2505),#2509);
#2505 = LINE('',#2506,#2507);
#2506 = CARTESIAN_POINT('',(0.,0.));
#2507 = VECTOR('',#2508,1.);
#2508 = DIRECTION('',(1.,0.));
#2509 = ( GEOMETRIC_REPRESENTATION_CONTEXT(2) 
PARAMETRIC_REPRESENTATION_CONTEXT() REPRESENTATION_CONTEXT('2D SPACE',''
  ) );
#2510 = PCURVE('',#824,#2511);
#2511 = DEFINITIONAL_REPRESENTATION('',(#2512),#2527);
#2512 = B_SPLINE_CURVE_WITH_KNOTS('',13,(#2513,#2514,#2515,#2516,#2517,
    #2518,#2519,#2520,#2521,#2522,#2523,#2524,#2525,#2526),
  .UNSPECIFIED.,.F.,.F.,(14,14),(1.,2.),.PIECEWISE_BEZIER_KNOTS.);
#2513 = CARTESIAN_POINT('',(24.360643917599,-11.40971199986));
#2514 = CARTESIAN_POINT('',(33.056362767245,-11.14342749358));
#2515 = CARTESIAN_POINT('',(41.699143712694,-9.148399856512));
#2516 = CARTESIAN_POINT('',(48.826084026688,-5.46942901571));
#2517 = CARTESIAN_POINT('',(52.985004022956,-0.500295473065));
#2518 = CARTESIAN_POINT('',(53.095222901041,5.027220952441));
#2519 = CARTESIAN_POINT('',(48.805793099785,10.16224871769));
#2520 = CARTESIAN_POINT('',(40.705245528649,13.956274653284));
#2521 = CARTESIAN_POINT('',(30.248264292091,15.727973308586));
#2522 = CARTESIAN_POINT('',(19.350931923986,15.252780567607));
#2523 = CARTESIAN_POINT('',(9.862658506991,12.779738174248));
#2524 = CARTESIAN_POINT('',(3.145188145164,8.908985283613));
#2525 = CARTESIAN_POINT('',(-0.134806531306,4.402207667632));
#2526 = CARTESIAN_POINT('',(-1.42108547152E-14,-1.998401444325E-15));
#2527 = ( GEOMETRIC_REPRESENTATION_CONTEXT(2) 
PARAMETRIC_REPRESENTATION_CONTEXT() REPRESENTATION_CONTEXT('2D SPACE',''
  ) );
#2528 = ORIENTED_EDGE('',*,*,#385,.T.);
#2529 = ADVANCED_FACE('',(#2530),#824,.T.);
#2530 = FACE_BOUND('',#2531,.T.);
#2531 = EDGE_LOOP('',(#2532,#2577,#2620,#2621));
#2532 = ORIENTED_EDGE('',*,*,#2533,.T.);
#2533 = EDGE_CURVE('',#642,#2534,#2536,.T.);
#2534 = VERTEX_POINT('',#2535);
#2535 = CARTESIAN_POINT('',(270.,65.193816690412,65.193816690412));
#2536 = SURFACE_CURVE('',#2537,(#2552,#2570),.PCURVE_S1.);
#2537 = B_SPLINE_CURVE_WITH_KNOTS('',13,(#2538,#2539,#2540,#2541,#2542,
    #2543,#2544,#2545,#2546,#2547,#2548,#2549,#2550,#2551),
  .UNSPECIFIED.,.F.,.F.,(14,14),(1.,2.),.PIECEWISE_BEZIER_KNOTS.);
#2538 = CARTESIAN_POINT('',(270.,90.755726830306,73.573032047473));
#2539 = CARTESIAN_POINT('',(270.00000000007,96.907410898525,
    79.724716115694));
#2540 = CARTESIAN_POINT('',(269.99999999968,101.83611632986,
    87.099379532746));
#2541 = CARTESIAN_POINT('',(270.00000000085,104.50693130454,
    94.662107351313));
#2542 = CARTESIAN_POINT('',(269.9999999983,104.13185271416,
    101.13112735058));
#2543 = CARTESIAN_POINT('',(270.00000000263,100.4250584177,
    105.23298815747));
#2544 = CARTESIAN_POINT('',(269.99999999676,93.782384414452,
    106.03461167027));
#2545 = CARTESIAN_POINT('',(270.00000000321,85.282384586863,
    103.24830467297));
#2546 = CARTESIAN_POINT('',(269.99999999743,76.45147607294,
    97.374427969671));
#2547 = CARTESIAN_POINT('',(270.00000000164,68.839225329525,
    89.56217480548));
#2548 = CARTESIAN_POINT('',(269.99999999917,63.622150703285,
    81.260042340912));
#2549 = CARTESIAN_POINT('',(270.0000000003,61.380997364681,
    73.838157963259));
#2550 = CARTESIAN_POINT('',(269.99999999993,62.079526630877,
    68.308106749947));
#2551 = CARTESIAN_POINT('',(270.,65.193816690412,65.193816690412));
#2552 = PCURVE('',#824,#2553);
#2553 = DEFINITIONAL_REPRESENTATION('',(#2554),#2569);
#2554 = B_SPLINE_CURVE_WITH_KNOTS('',13,(#2555,#2556,#2557,#2558,#2559,
    #2560,#2561,#2562,#2563,#2564,#2565,#2566,#2567,#2568),
  .UNSPECIFIED.,.F.,.F.,(14,14),(1.,2.),.PIECEWISE_BEZIER_KNOTS.);
#2555 = CARTESIAN_POINT('',(24.360643917599,-11.40971199986));
#2556 = CARTESIAN_POINT('',(33.056362767245,-11.14342749358));
#2557 = CARTESIAN_POINT('',(41.699143712694,-9.148399856512));
#2558 = CARTESIAN_POINT('',(48.826084026688,-5.46942901571));
#2559 = CARTESIAN_POINT('',(52.985004022956,-0.500295473065));
#2560 = CARTESIAN_POINT('',(53.095222901041,5.027220952441));
#2561 = CARTESIAN_POINT('',(48.805793099785,10.16224871769));
#2562 = CARTESIAN_POINT('',(40.705245528649,13.956274653284));
#2563 = CARTESIAN_POINT('',(30.248264292091,15.727973308586));
#2564 = CARTESIAN_POINT('',(19.350931923986,15.252780567607));
#2565 = CARTESIAN_POINT('',(9.862658506991,12.779738174248));
#2566 = CARTESIAN_POINT('',(3.145188145164,8.908985283613));
#2567 = CARTESIAN_POINT('',(-0.134806531306,4.402207667632));
#2568 = CARTESIAN_POINT('',(-1.42108547152E-14,-1.998401444325E-15));
#2569 = ( GEOMETRIC_REPRESENTATION_CONTEXT(2) 
PARAMETRIC_REPRESENTATION_CONTEXT() REPRESENTATION_CONTEXT('2D SPACE',''
  ) );
#2570 = PCURVE('',#725,#2571);
#2571 = DEFINITIONAL_REPRESENTATION('',(#2572),#2576);
#2572 = LINE('',#2573,#2574);
#2573 = CARTESIAN_POINT('',(0.,0.));
#2574 = VECTOR('',#2575,1.);
#2575 = DIRECTION('',(1.,0.));
#2576 = ( GEOMETRIC_REPRESENTATION_CONTEXT(2) 
PARAMETRIC_REPRESENTATION_CONTEXT() REPRESENTATION_CONTEXT('2D SPACE',''
  ) );
#2577 = ORIENTED_EDGE('',*,*,#2578,.T.);
#2578 = EDGE_CURVE('',#2534,#2464,#2579,.T.);
#2579 = SURFACE_CURVE('',#2580,(#2595,#2613),.PCURVE_S1.);
#2580 = B_SPLINE_CURVE_WITH_KNOTS('',13,(#2581,#2582,#2583,#2584,#2585,
    #2586,#2587,#2588,#2589,#2590,#2591,#2592,#2593,#2594),
  .UNSPECIFIED.,.F.,.F.,(14,14),(0.,1.),.PIECEWISE_BEZIER_KNOTS.);
#2581 = CARTESIAN_POINT('',(270.,65.193816690412,65.193816690412));
#2582 = CARTESIAN_POINT('',(270.,66.231913376924,64.1557200039));
#2583 = CARTESIAN_POINT('',(270.,67.53842844311,63.386041315837));
#2584 = CARTESIAN_POINT('',(270.,69.093955056759,62.904184582423));
#2585 = CARTESIAN_POINT('',(270.,70.873071117862,62.72353425948));
#2586 = CARTESIAN_POINT('',(270.,72.844861528551,62.850921212169));
#2587 = CARTESIAN_POINT('',(270.,74.973659497426,63.286297180757));
#2588 = CARTESIAN_POINT('',(270.,77.219971102655,64.02263998911));
#2589 = CARTESIAN_POINT('',(270.,79.541543186416,65.04609901703));
#2590 = CARTESIAN_POINT('',(270.,81.894530501458,66.336377791862));
#2591 = CARTESIAN_POINT('',(270.,84.23471387876,67.86733788922));
#2592 = CARTESIAN_POINT('',(270.,86.518717033429,69.60779566702));
#2593 = CARTESIAN_POINT('',(270.,88.705165474233,71.5224706914));
#2594 = CARTESIAN_POINT('',(270.,90.755726830306,73.573032047473));
#2595 = PCURVE('',#824,#2596);
#2596 = DEFINITIONAL_REPRESENTATION('',(#2597),#2612);
#2597 = B_SPLINE_CURVE_WITH_KNOTS('',13,(#2598,#2599,#2600,#2601,#2602,
    #2603,#2604,#2605,#2606,#2607,#2608,#2609,#2610,#2611),
  .UNSPECIFIED.,.F.,.F.,(14,14),(0.,1.),.PIECEWISE_BEZIER_KNOTS.);
#2598 = CARTESIAN_POINT('',(0.,0.));
#2599 = CARTESIAN_POINT('',(4.493551043534E-02,-1.467402555878));
#2600 = CARTESIAN_POINT('',(0.46929381487,-2.923186513231));
#2601 = CARTESIAN_POINT('',(1.272232890169,-4.339921420919));
#2602 = CARTESIAN_POINT('',(2.444404925819,-5.690440290427));
#2603 = CARTESIAN_POINT('',(3.967970832634,-6.948586461183));
#2604 = CARTESIAN_POINT('',(5.816917188687,-8.089958617297));
#2605 = CARTESIAN_POINT('',(7.957664763632,-9.092613283453));
#2606 = CARTESIAN_POINT('',(10.349946060775,-9.937690509077));
#2607 = CARTESIAN_POINT('',(12.947917614295,-10.6099348312));
#2608 = CARTESIAN_POINT('',(15.701461077204,-11.09808998786));
#2609 = CARTESIAN_POINT('',(18.557615433699,-11.39515223507));
#2610 = CARTESIAN_POINT('',(21.462070967717,-11.49847350196));
#2611 = CARTESIAN_POINT('',(24.360643917599,-11.40971199986));
#2612 = ( GEOMETRIC_REPRESENTATION_CONTEXT(2) 
PARAMETRIC_REPRESENTATION_CONTEXT() REPRESENTATION_CONTEXT('2D SPACE',''
  ) );
#2613 = PCURVE('',#542,#2614);
#2614 = DEFINITIONAL_REPRESENTATION('',(#2615),#2619);
#2615 = LINE('',#2616,#2617);
#2616 = CARTESIAN_POINT('',(0.,0.));
#2617 = VECTOR('',#2618,1.);
#2618 = DIRECTION('',(1.,0.));
#2619 = ( GEOMETRIC_REPRESENTATION_CONTEXT(2) 
PARAMETRIC_REPRESENTATION_CONTEXT() REPRESENTATION_CONTEXT('2D SPACE',''
  ) );
#2620 = ORIENTED_EDGE('',*,*,#2486,.T.);
#2621 = ORIENTED_EDGE('',*,*,#809,.T.);
#2622 = ADVANCED_FACE('',(#2623),#542,.F.);
#2623 = FACE_BOUND('',#2624,.F.);
#2624 = EDGE_LOOP('',(#2625,#2648,#2649,#2650,#2651));
#2625 = ORIENTED_EDGE('',*,*,#2626,.F.);
#2626 = EDGE_CURVE('',#2534,#2627,#2629,.T.);
#2627 = VERTEX_POINT('',#2628);
#2628 = CARTESIAN_POINT('',(700.,74.527626202075,74.527626202075));
#2629 = SURFACE_CURVE('',#2630,(#2634,#2641),.PCURVE_S1.);
#2630 = B_SPLINE_CURVE_WITH_KNOTS('',2,(#2631,#2632,#2633),
  .UNSPECIFIED.,.F.,.F.,(3,3),(0.,1.),.PIECEWISE_BEZIER_KNOTS.);
#2631 = CARTESIAN_POINT('',(270.,65.193816690412,65.193816690412));
#2632 = CARTESIAN_POINT('',(484.33328197368,71.988890401419,
    71.988890401419));
#2633 = CARTESIAN_POINT('',(700.,74.527626202075,74.527626202075));
#2634 = PCURVE('',#542,#2635);
#2635 = DEFINITIONAL_REPRESENTATION('',(#2636),#2640);
#2636 = LINE('',#2637,#2638);
#2637 = CARTESIAN_POINT('',(0.,0.));
#2638 = VECTOR('',#2639,1.);
#2639 = DIRECTION('',(0.,1.));
#2640 = ( GEOMETRIC_REPRESENTATION_CONTEXT(2) 
PARAMETRIC_REPRESENTATION_CONTEXT() REPRESENTATION_CONTEXT('2D SPACE',''
  ) );
#2641 = PCURVE('',#725,#2642);
#2642 = DEFINITIONAL_REPRESENTATION('',(#2643),#2647);
#2643 = LINE('',#2644,#2645);
#2644 = CARTESIAN_POINT('',(2.,0.));
#2645 = VECTOR('',#2646,1.);
#2646 = DIRECTION('',(0.,1.));
#2647 = ( GEOMETRIC_REPRESENTATION_CONTEXT(2) 
PARAMETRIC_REPRESENTATION_CONTEXT() REPRESENTATION_CONTEXT('2D SPACE',''
  ) );
#2648 = ORIENTED_EDGE('',*,*,#2578,.T.);
#2649 = ORIENTED_EDGE('',*,*,#2463,.T.);
#2650 = ORIENTED_EDGE('',*,*,#486,.T.);
#2651 = ORIENTED_EDGE('',*,*,#2652,.F.);
#2652 = EDGE_CURVE('',#2627,#487,#2653,.T.);
#2653 = SURFACE_CURVE('',#2654,(#2669,#2676),.PCURVE_S1.);
#2654 = B_SPLINE_CURVE_WITH_KNOTS('',13,(#2655,#2656,#2657,#2658,#2659,
    #2660,#2661,#2662,#2663,#2664,#2665,#2666,#2667,#2668),
  .UNSPECIFIED.,.F.,.F.,(14,14),(0.,1.),.PIECEWISE_BEZIER_KNOTS.);
#2655 = CARTESIAN_POINT('',(700.,74.527626202075,74.527626202075));
#2656 = CARTESIAN_POINT('',(700.,76.257787346262,72.797465057888));
#2657 = CARTESIAN_POINT('',(700.,78.256366997197,71.335721785075));
#2658 = CARTESIAN_POINT('',(700.,80.4910213932,70.174737269307));
#2659 = CARTESIAN_POINT('',(700.,82.923392915652,69.340831485015));
#2660 = CARTESIAN_POINT('',(700.,85.509984479007,68.853417285038));
#2661 = CARTESIAN_POINT('',(700.,88.203256447979,68.724319253529));
#2662 = CARTESIAN_POINT('',(700.,90.9528909855,68.95733912959));
#2663 = CARTESIAN_POINT('',(700.,93.707167421207,69.548093805563));
#2664 = CARTESIAN_POINT('',(700.,96.41439091632,70.484136400326));
#2665 = CARTESIAN_POINT('',(700.,99.024315386935,71.74535540437));
#2666 = CARTESIAN_POINT('',(699.99999999999,101.48950033389,
    73.30463138988));
#2667 = CARTESIAN_POINT('',(700.,103.7665399135,75.128715275451));
#2668 = CARTESIAN_POINT('',(700.,105.81710126958,77.179276631524));
#2669 = PCURVE('',#542,#2670);
#2670 = DEFINITIONAL_REPRESENTATION('',(#2671),#2675);
#2671 = LINE('',#2672,#2673);
#2672 = CARTESIAN_POINT('',(0.,1.));
#2673 = VECTOR('',#2674,1.);
#2674 = DIRECTION('',(1.,0.));
#2675 = ( GEOMETRIC_REPRESENTATION_CONTEXT(2) 
PARAMETRIC_REPRESENTATION_CONTEXT() REPRESENTATION_CONTEXT('2D SPACE',''
  ) );
#2676 = PCURVE('',#629,#2677);
#2677 = DEFINITIONAL_REPRESENTATION('',(#2678),#2693);
#2678 = B_SPLINE_CURVE_WITH_KNOTS('',13,(#2679,#2680,#2681,#2682,#2683,
    #2684,#2685,#2686,#2687,#2688,#2689,#2690,#2691,#2692),
  .UNSPECIFIED.,.F.,.F.,(14,14),(0.,1.),.PIECEWISE_BEZIER_KNOTS.);
#2679 = CARTESIAN_POINT('',(0.,0.));
#2680 = CARTESIAN_POINT('',(0.124717045834,-2.443636803657));
#2681 = CARTESIAN_POINT('',(0.628541325341,-4.867925382215));
#2682 = CARTESIAN_POINT('',(1.509139441405,-7.227186341374));
#2683 = CARTESIAN_POINT('',(2.755679446714,-9.476179025994));
#2684 = CARTESIAN_POINT('',(4.348885952004,-11.57134526032));
#2685 = CARTESIAN_POINT('',(6.261397822793,-13.47205000979));
#2686 = CARTESIAN_POINT('',(8.458415386516,-15.14175123374));
#2687 = CARTESIAN_POINT('',(10.898612707072,-16.54904182499));
#2688 = CARTESIAN_POINT('',(13.535279119018,-17.66851715916));
#2689 = CARTESIAN_POINT('',(16.317642848765,-18.48143240313));
#2690 = CARTESIAN_POINT('',(19.192318185322,-18.97612435889));
#2691 = CARTESIAN_POINT('',(22.104806298287,-19.14818324577));
#2692 = CARTESIAN_POINT('',(25.000968435954,-19.00037045071));
#2693 = ( GEOMETRIC_REPRESENTATION_CONTEXT(2) 
PARAMETRIC_REPRESENTATION_CONTEXT() REPRESENTATION_CONTEXT('2D SPACE',''
  ) );
#2694 = ADVANCED_FACE('',(#2695),#725,.F.);
#2695 = FACE_BOUND('',#2696,.F.);
#2696 = EDGE_LOOP('',(#2697,#2698,#2699,#2700));
#2697 = ORIENTED_EDGE('',*,*,#641,.F.);
#2698 = ORIENTED_EDGE('',*,*,#2533,.T.);
#2699 = ORIENTED_EDGE('',*,*,#2626,.T.);
#2700 = ORIENTED_EDGE('',*,*,#2701,.F.);
#2701 = EDGE_CURVE('',#613,#2627,#2702,.T.);
#2702 = SURFACE_CURVE('',#2703,(#2718,#2725),.PCURVE_S1.);
#2703 = B_SPLINE_CURVE_WITH_KNOTS('',13,(#2704,#2705,#2706,#2707,#2708,
    #2709,#2710,#2711,#2712,#2713,#2714,#2715,#2716,#2717),
  .UNSPECIFIED.,.F.,.F.,(14,14),(1.,2.),.PIECEWISE_BEZIER_KNOTS.);
#2704 = CARTESIAN_POINT('',(700.,105.81710126958,77.179276631524));
#2705 = CARTESIAN_POINT('',(700.00000000011,111.9687853378,
    83.330960699749));
#2706 = CARTESIAN_POINT('',(699.99999999947,116.08217144055,
    91.520943445355));
#2707 = CARTESIAN_POINT('',(700.00000000145,117.12234880063,
    100.7143088786));
#2708 = CARTESIAN_POINT('',(699.99999999699,114.46590401363,
    109.4646950743));
#2709 = CARTESIAN_POINT('',(700.00000000482,108.15622468285,
    116.16944091586));
#2710 = CARTESIAN_POINT('',(699.99999999383,99.032118174069,
    119.4524969337));
#2711 = CARTESIAN_POINT('',(700.00000000629,88.627554069929,
    118.57075421352));
#2712 = CARTESIAN_POINT('',(699.99999999486,78.810968285602,
    113.68255478009));
#2713 = CARTESIAN_POINT('',(700.00000000331,71.265385015928,
    105.80363414255));
#2714 = CARTESIAN_POINT('',(699.99999999834,67.076663002376,
    96.473149065067));
#2715 = CARTESIAN_POINT('',(700.00000000059,66.562420010161,
    87.324354341132));
#2716 = CARTESIAN_POINT('',(699.99999999987,69.337142769513,
    79.718109634629));
#2717 = CARTESIAN_POINT('',(700.,74.527626202075,74.527626202075));
#2718 = PCURVE('',#725,#2719);
#2719 = DEFINITIONAL_REPRESENTATION('',(#2720),#2724);
#2720 = LINE('',#2721,#2722);
#2721 = CARTESIAN_POINT('',(0.,1.));
#2722 = VECTOR('',#2723,1.);
#2723 = DIRECTION('',(1.,0.));
#2724 = ( GEOMETRIC_REPRESENTATION_CONTEXT(2) 
PARAMETRIC_REPRESENTATION_CONTEXT() REPRESENTATION_CONTEXT('2D SPACE',''
  ) );
#2725 = PCURVE('',#629,#2726);
#2726 = DEFINITIONAL_REPRESENTATION('',(#2727),#2742);
#2727 = B_SPLINE_CURVE_WITH_KNOTS('',13,(#2728,#2729,#2730,#2731,#2732,
    #2733,#2734,#2735,#2736,#2737,#2738,#2739,#2740,#2741),
  .UNSPECIFIED.,.F.,.F.,(14,14),(1.,2.),.PIECEWISE_BEZIER_KNOTS.);
#2728 = CARTESIAN_POINT('',(25.000968435954,-19.00037045071));
#2729 = CARTESIAN_POINT('',(33.68945484896,-18.55693206552));
#2730 = CARTESIAN_POINT('',(42.231012939017,-15.23465152381));
#2731 = CARTESIAN_POINT('',(49.163956830281,-9.10813326869));
#2732 = CARTESIAN_POINT('',(53.056297520159,-0.833132275692));
#2733 = CARTESIAN_POINT('',(52.86622227853,8.371732821621));
#2734 = CARTESIAN_POINT('',(48.294165316563,16.922994221935));
#2735 = CARTESIAN_POINT('',(39.980693192609,23.241111478366));
#2736 = CARTESIAN_POINT('',(29.418726679498,26.191486630424));
#2737 = CARTESIAN_POINT('',(18.538146942594,25.400157444089));
#2738 = CARTESIAN_POINT('',(9.176369684719,21.281848268954));
#2739 = CARTESIAN_POINT('',(2.663658747374,14.835959113659));
#2740 = CARTESIAN_POINT('',(-0.374151137506,7.330910410967));
#2741 = CARTESIAN_POINT('',(-1.7763568394E-14,6.106226635438E-15));
#2742 = ( GEOMETRIC_REPRESENTATION_CONTEXT(2) 
PARAMETRIC_REPRESENTATION_CONTEXT() REPRESENTATION_CONTEXT('2D SPACE',''
  ) );
#2743 = ADVANCED_FACE('',(#2744),#629,.F.);
#2744 = FACE_BOUND('',#2745,.F.);
#2745 = EDGE_LOOP('',(#2746,#2747,#2748));
#2746 = ORIENTED_EDGE('',*,*,#2701,.T.);
#2747 = ORIENTED_EDGE('',*,*,#2652,.T.);
#2748 = ORIENTED_EDGE('',*,*,#612,.T.);
#2749 = ADVANCED_FACE('',(#2750),#1040,.F.);
#2750 = FACE_BOUND('',#2751,.F.);
#2751 = EDGE_LOOP('',(#2752,#2775,#2818));
#2752 = ORIENTED_EDGE('',*,*,#2753,.F.);
#2753 = EDGE_CURVE('',#2754,#1003,#2756,.T.);
#2754 = VERTEX_POINT('',#2755);
#2755 = CARTESIAN_POINT('',(270.,-73.57303204747,90.755726830306));
#2756 = SURFACE_CURVE('',#2757,(#2761,#2768),.PCURVE_S1.);
#2757 = B_SPLINE_CURVE_WITH_KNOTS('',2,(#2758,#2759,#2760),
  .UNSPECIFIED.,.F.,.F.,(3,3),(0.,1.),.PIECEWISE_BEZIER_KNOTS.);
#2758 = CARTESIAN_POINT('',(270.,-73.57303204747,90.755726830306));
#2759 = CARTESIAN_POINT('',(484.33328197368,-58.85825267327,
    119.06065362651));
#2760 = CARTESIAN_POINT('',(700.,-77.17927663152,105.81710126958));
#2761 = PCURVE('',#1040,#2762);
#2762 = DEFINITIONAL_REPRESENTATION('',(#2763),#2767);
#2763 = LINE('',#2764,#2765);
#2764 = CARTESIAN_POINT('',(1.,0.));
#2765 = VECTOR('',#2766,1.);
#2766 = DIRECTION('',(0.,1.));
#2767 = ( GEOMETRIC_REPRESENTATION_CONTEXT(2) 
PARAMETRIC_REPRESENTATION_CONTEXT() REPRESENTATION_CONTEXT('2D SPACE',''
  ) );
#2768 = PCURVE('',#1157,#2769);
#2769 = DEFINITIONAL_REPRESENTATION('',(#2770),#2774);
#2770 = LINE('',#2771,#2772);
#2771 = CARTESIAN_POINT('',(1.,0.));
#2772 = VECTOR('',#2773,1.);
#2773 = DIRECTION('',(0.,1.));
#2774 = ( GEOMETRIC_REPRESENTATION_CONTEXT(2) 
PARAMETRIC_REPRESENTATION_CONTEXT() REPRESENTATION_CONTEXT('2D SPACE',''
  ) );
#2775 = ORIENTED_EDGE('',*,*,#2776,.T.);
#2776 = EDGE_CURVE('',#2754,#1001,#2777,.T.);
#2777 = SURFACE_CURVE('',#2778,(#2793,#2800),.PCURVE_S1.);
#2778 = B_SPLINE_CURVE_WITH_KNOTS('',13,(#2779,#2780,#2781,#2782,#2783,
    #2784,#2785,#2786,#2787,#2788,#2789,#2790,#2791,#2792),
  .UNSPECIFIED.,.F.,.F.,(14,14),(1.,2.),.PIECEWISE_BEZIER_KNOTS.);
#2779 = CARTESIAN_POINT('',(270.,-73.57303204747,90.755726830306));
#2780 = CARTESIAN_POINT('',(270.00000000007,-79.72471611569,
    96.907410898525));
#2781 = CARTESIAN_POINT('',(269.99999999968,-87.09937953274,
    101.83611632986));
#2782 = CARTESIAN_POINT('',(270.00000000085,-94.66210735131,
    104.50693130454));
#2783 = CARTESIAN_POINT('',(269.9999999983,-101.1311273505,
    104.13185271416));
#2784 = CARTESIAN_POINT('',(270.00000000263,-105.2329881574,
    100.4250584177));
#2785 = CARTESIAN_POINT('',(269.99999999676,-106.0346116702,
    93.782384414452));
#2786 = CARTESIAN_POINT('',(270.00000000321,-103.2483046729,
    85.282384586863));
#2787 = CARTESIAN_POINT('',(269.99999999743,-97.37442796967,
    76.45147607294));
#2788 = CARTESIAN_POINT('',(270.00000000164,-89.56217480548,
    68.839225329525));
#2789 = CARTESIAN_POINT('',(269.99999999917,-81.26004234091,
    63.622150703285));
#2790 = CARTESIAN_POINT('',(270.0000000003,-73.83815796325,
    61.380997364681));
#2791 = CARTESIAN_POINT('',(269.99999999993,-68.30810674994,
    62.079526630877));
#2792 = CARTESIAN_POINT('',(270.,-65.19381669041,65.193816690412));
#2793 = PCURVE('',#1040,#2794);
#2794 = DEFINITIONAL_REPRESENTATION('',(#2795),#2799);
#2795 = LINE('',#2796,#2797);
#2796 = CARTESIAN_POINT('',(0.,0.));
#2797 = VECTOR('',#2798,1.);
#2798 = DIRECTION('',(1.,0.));
#2799 = ( GEOMETRIC_REPRESENTATION_CONTEXT(2) 
PARAMETRIC_REPRESENTATION_CONTEXT() REPRESENTATION_CONTEXT('2D SPACE',''
  ) );
#2800 = PCURVE('',#1439,#2801);
#2801 = DEFINITIONAL_REPRESENTATION('',(#2802),#2817);
#2802 = B_SPLINE_CURVE_WITH_KNOTS('',13,(#2803,#2804,#2805,#2806,#2807,
    #2808,#2809,#2810,#2811,#2812,#2813,#2814,#2815,#2816),
  .UNSPECIFIED.,.F.,.F.,(14,14),(1.,2.),.PIECEWISE_BEZIER_KNOTS.);
#2803 = CARTESIAN_POINT('',(24.360643917599,-11.40971199986));
#2804 = CARTESIAN_POINT('',(33.056362767245,-11.14342749358));
#2805 = CARTESIAN_POINT('',(41.699143712694,-9.148399856512));
#2806 = CARTESIAN_POINT('',(48.826084026688,-5.46942901571));
#2807 = CARTESIAN_POINT('',(52.985004022956,-0.500295473065));
#2808 = CARTESIAN_POINT('',(53.095222901041,5.027220952441));
#2809 = CARTESIAN_POINT('',(48.805793099785,10.16224871769));
#2810 = CARTESIAN_POINT('',(40.705245528649,13.956274653284));
#2811 = CARTESIAN_POINT('',(30.248264292091,15.727973308586));
#2812 = CARTESIAN_POINT('',(19.350931923986,15.252780567607));
#2813 = CARTESIAN_POINT('',(9.862658506991,12.779738174248));
#2814 = CARTESIAN_POINT('',(3.145188145164,8.908985283613));
#2815 = CARTESIAN_POINT('',(-0.134806531306,4.402207667632));
#2816 = CARTESIAN_POINT('',(-1.42108547152E-14,-1.998401444325E-15));
#2817 = ( GEOMETRIC_REPRESENTATION_CONTEXT(2) 
PARAMETRIC_REPRESENTATION_CONTEXT() REPRESENTATION_CONTEXT('2D SPACE',''
  ) );
#2818 = ORIENTED_EDGE('',*,*,#1000,.T.);
#2819 = ADVANCED_FACE('',(#2820),#1439,.T.);
#2820 = FACE_BOUND('',#2821,.T.);
#2821 = EDGE_LOOP('',(#2822,#2867,#2910,#2911));
#2822 = ORIENTED_EDGE('',*,*,#2823,.T.);
#2823 = EDGE_CURVE('',#1257,#2824,#2826,.T.);
#2824 = VERTEX_POINT('',#2825);
#2825 = CARTESIAN_POINT('',(270.,-65.19381669041,65.193816690412));
#2826 = SURFACE_CURVE('',#2827,(#2842,#2860),.PCURVE_S1.);
#2827 = B_SPLINE_CURVE_WITH_KNOTS('',13,(#2828,#2829,#2830,#2831,#2832,
    #2833,#2834,#2835,#2836,#2837,#2838,#2839,#2840,#2841),
  .UNSPECIFIED.,.F.,.F.,(14,14),(1.,2.),.PIECEWISE_BEZIER_KNOTS.);
#2828 = CARTESIAN_POINT('',(270.,-73.57303204747,90.755726830306));
#2829 = CARTESIAN_POINT('',(270.00000000007,-79.72471611569,
    96.907410898525));
#2830 = CARTESIAN_POINT('',(269.99999999968,-87.09937953274,
    101.83611632986));
#2831 = CARTESIAN_POINT('',(270.00000000085,-94.66210735131,
    104.50693130454));
#2832 = CARTESIAN_POINT('',(269.9999999983,-101.1311273505,
    104.13185271416));
#2833 = CARTESIAN_POINT('',(270.00000000263,-105.2329881574,
    100.4250584177));
#2834 = CARTESIAN_POINT('',(269.99999999676,-106.0346116702,
    93.782384414452));
#2835 = CARTESIAN_POINT('',(270.00000000321,-103.2483046729,
    85.282384586863));
#2836 = CARTESIAN_POINT('',(269.99999999743,-97.37442796967,
    76.45147607294));
#2837 = CARTESIAN_POINT('',(270.00000000164,-89.56217480548,
    68.839225329525));
#2838 = CARTESIAN_POINT('',(269.99999999917,-81.26004234091,
    63.622150703285));
#2839 = CARTESIAN_POINT('',(270.0000000003,-73.83815796325,
    61.380997364681));
#2840 = CARTESIAN_POINT('',(269.99999999993,-68.30810674994,
    62.079526630877));
#2841 = CARTESIAN_POINT('',(270.,-65.19381669041,65.193816690412));
#2842 = PCURVE('',#1439,#2843);
#2843 = DEFINITIONAL_REPRESENTATION('',(#2844),#2859);
#2844 = B_SPLINE_CURVE_WITH_KNOTS('',13,(#2845,#2846,#2847,#2848,#2849,
    #2850,#2851,#2852,#2853,#2854,#2855,#2856,#2857,#2858),
  .UNSPECIFIED.,.F.,.F.,(14,14),(1.,2.),.PIECEWISE_BEZIER_KNOTS.);
#2845 = CARTESIAN_POINT('',(24.360643917599,-11.40971199986));
#2846 = CARTESIAN_POINT('',(33.056362767245,-11.14342749358));
#2847 = CARTESIAN_POINT('',(41.699143712694,-9.148399856512));
#2848 = CARTESIAN_POINT('',(48.826084026688,-5.46942901571));
#2849 = CARTESIAN_POINT('',(52.985004022956,-0.500295473065));
#2850 = CARTESIAN_POINT('',(53.095222901041,5.027220952441));
#2851 = CARTESIAN_POINT('',(48.805793099785,10.16224871769));
#2852 = CARTESIAN_POINT('',(40.705245528649,13.956274653284));
#2853 = CARTESIAN_POINT('',(30.248264292091,15.727973308586));
#2854 = CARTESIAN_POINT('',(19.350931923986,15.252780567607));
#2855 = CARTESIAN_POINT('',(9.862658506991,12.779738174248));
#2856 = CARTESIAN_POINT('',(3.145188145164,8.908985283613));
#2857 = CARTESIAN_POINT('',(-0.134806531306,4.402207667632));
#2858 = CARTESIAN_POINT('',(-1.42108547152E-14,-1.998401444325E-15));
#2859 = ( GEOMETRIC_REPRESENTATION_CONTEXT(2) 
PARAMETRIC_REPRESENTATION_CONTEXT() REPRESENTATION_CONTEXT('2D SPACE',''
  ) );
#2860 = PCURVE('',#1340,#2861);
#2861 = DEFINITIONAL_REPRESENTATION('',(#2862),#2866);
#2862 = LINE('',#2863,#2864);
#2863 = CARTESIAN_POINT('',(0.,0.));
#2864 = VECTOR('',#2865,1.);
#2865 = DIRECTION('',(1.,0.));
#2866 = ( GEOMETRIC_REPRESENTATION_CONTEXT(2) 
PARAMETRIC_REPRESENTATION_CONTEXT() REPRESENTATION_CONTEXT('2D SPACE',''
  ) );
#2867 = ORIENTED_EDGE('',*,*,#2868,.T.);
#2868 = EDGE_CURVE('',#2824,#2754,#2869,.T.);
#2869 = SURFACE_CURVE('',#2870,(#2885,#2903),.PCURVE_S1.);
#2870 = B_SPLINE_CURVE_WITH_KNOTS('',13,(#2871,#2872,#2873,#2874,#2875,
    #2876,#2877,#2878,#2879,#2880,#2881,#2882,#2883,#2884),
  .UNSPECIFIED.,.F.,.F.,(14,14),(0.,1.),.PIECEWISE_BEZIER_KNOTS.);
#2871 = CARTESIAN_POINT('',(270.,-65.19381669041,65.193816690412));
#2872 = CARTESIAN_POINT('',(270.,-64.1557200039,66.231913376924));
#2873 = CARTESIAN_POINT('',(270.,-63.38604131583,67.53842844311));
#2874 = CARTESIAN_POINT('',(270.,-62.90418458242,69.093955056759));
#2875 = CARTESIAN_POINT('',(270.,-62.72353425948,70.873071117862));
#2876 = CARTESIAN_POINT('',(270.,-62.85092121216,72.844861528551));
#2877 = CARTESIAN_POINT('',(270.,-63.28629718075,74.973659497426));
#2878 = CARTESIAN_POINT('',(270.,-64.02263998911,77.219971102655));
#2879 = CARTESIAN_POINT('',(270.,-65.04609901703,79.541543186416));
#2880 = CARTESIAN_POINT('',(270.,-66.33637779186,81.894530501458));
#2881 = CARTESIAN_POINT('',(270.,-67.86733788922,84.23471387876));
#2882 = CARTESIAN_POINT('',(270.,-69.60779566702,86.518717033429));
#2883 = CARTESIAN_POINT('',(270.,-71.5224706914,88.705165474233));
#2884 = CARTESIAN_POINT('',(270.,-73.57303204747,90.755726830306));
#2885 = PCURVE('',#1439,#2886);
#2886 = DEFINITIONAL_REPRESENTATION('',(#2887),#2902);
#2887 = B_SPLINE_CURVE_WITH_KNOTS('',13,(#2888,#2889,#2890,#2891,#2892,
    #2893,#2894,#2895,#2896,#2897,#2898,#2899,#2900,#2901),
  .UNSPECIFIED.,.F.,.F.,(14,14),(0.,1.),.PIECEWISE_BEZIER_KNOTS.);
#2888 = CARTESIAN_POINT('',(0.,0.));
#2889 = CARTESIAN_POINT('',(4.493551043534E-02,-1.467402555878));
#2890 = CARTESIAN_POINT('',(0.46929381487,-2.923186513231));
#2891 = CARTESIAN_POINT('',(1.272232890169,-4.339921420919));
#2892 = CARTESIAN_POINT('',(2.444404925819,-5.690440290427));
#2893 = CARTESIAN_POINT('',(3.967970832634,-6.948586461183));
#2894 = CARTESIAN_POINT('',(5.816917188687,-8.089958617297));
#2895 = CARTESIAN_POINT('',(7.957664763632,-9.092613283453));
#2896 = CARTESIAN_POINT('',(10.349946060775,-9.937690509077));
#2897 = CARTESIAN_POINT('',(12.947917614295,-10.6099348312));
#2898 = CARTESIAN_POINT('',(15.701461077204,-11.09808998786));
#2899 = CARTESIAN_POINT('',(18.557615433699,-11.39515223507));
#2900 = CARTESIAN_POINT('',(21.462070967717,-11.49847350196));
#2901 = CARTESIAN_POINT('',(24.360643917599,-11.40971199986));
#2902 = ( GEOMETRIC_REPRESENTATION_CONTEXT(2) 
PARAMETRIC_REPRESENTATION_CONTEXT() REPRESENTATION_CONTEXT('2D SPACE',''
  ) );
#2903 = PCURVE('',#1157,#2904);
#2904 = DEFINITIONAL_REPRESENTATION('',(#2905),#2909);
#2905 = LINE('',#2906,#2907);
#2906 = CARTESIAN_POINT('',(0.,0.));
#2907 = VECTOR('',#2908,1.);
#2908 = DIRECTION('',(1.,0.));
#2909 = ( GEOMETRIC_REPRESENTATION_CONTEXT(2) 
PARAMETRIC_REPRESENTATION_CONTEXT() REPRESENTATION_CONTEXT('2D SPACE',''
  ) );
#2910 = ORIENTED_EDGE('',*,*,#2776,.T.);
#2911 = ORIENTED_EDGE('',*,*,#1424,.T.);
#2912 = ADVANCED_FACE('',(#2913),#1157,.F.);
#2913 = FACE_BOUND('',#2914,.F.);
#2914 = EDGE_LOOP('',(#2915,#2938,#2939,#2940,#2941));
#2915 = ORIENTED_EDGE('',*,*,#2916,.F.);
#2916 = EDGE_CURVE('',#2824,#2917,#2919,.T.);
#2917 = VERTEX_POINT('',#2918);
#2918 = CARTESIAN_POINT('',(700.,-74.52762620207,74.527626202075));
#2919 = SURFACE_CURVE('',#2920,(#2924,#2931),.PCURVE_S1.);
#2920 = B_SPLINE_CURVE_WITH_KNOTS('',2,(#2921,#2922,#2923),
  .UNSPECIFIED.,.F.,.F.,(3,3),(0.,1.),.PIECEWISE_BEZIER_KNOTS.);
#2921 = CARTESIAN_POINT('',(270.,-65.19381669041,65.193816690412));
#2922 = CARTESIAN_POINT('',(484.33328197368,-71.98889040141,
    71.988890401419));
#2923 = CARTESIAN_POINT('',(700.,-74.52762620207,74.527626202075));
#2924 = PCURVE('',#1157,#2925);
#2925 = DEFINITIONAL_REPRESENTATION('',(#2926),#2930);
#2926 = LINE('',#2927,#2928);
#2927 = CARTESIAN_POINT('',(0.,0.));
#2928 = VECTOR('',#2929,1.);
#2929 = DIRECTION('',(0.,1.));
#2930 = ( GEOMETRIC_REPRESENTATION_CONTEXT(2) 
PARAMETRIC_REPRESENTATION_CONTEXT() REPRESENTATION_CONTEXT('2D SPACE',''
  ) );
#2931 = PCURVE('',#1340,#2932);
#2932 = DEFINITIONAL_REPRESENTATION('',(#2933),#2937);
#2933 = LINE('',#2934,#2935);
#2934 = CARTESIAN_POINT('',(2.,0.));
#2935 = VECTOR('',#2936,1.);
#2936 = DIRECTION('',(0.,1.));
#2937 = ( GEOMETRIC_REPRESENTATION_CONTEXT(2) 
PARAMETRIC_REPRESENTATION_CONTEXT() REPRESENTATION_CONTEXT('2D SPACE',''
  ) );
#2938 = ORIENTED_EDGE('',*,*,#2868,.T.);
#2939 = ORIENTED_EDGE('',*,*,#2753,.T.);
#2940 = ORIENTED_EDGE('',*,*,#1101,.T.);
#2941 = ORIENTED_EDGE('',*,*,#2942,.F.);
#2942 = EDGE_CURVE('',#2917,#1102,#2943,.T.);
#2943 = SURFACE_CURVE('',#2944,(#2959,#2966),.PCURVE_S1.);
#2944 = B_SPLINE_CURVE_WITH_KNOTS('',13,(#2945,#2946,#2947,#2948,#2949,
    #2950,#2951,#2952,#2953,#2954,#2955,#2956,#2957,#2958),
  .UNSPECIFIED.,.F.,.F.,(14,14),(0.,1.),.PIECEWISE_BEZIER_KNOTS.);
#2945 = CARTESIAN_POINT('',(700.,-74.52762620207,74.527626202075));
#2946 = CARTESIAN_POINT('',(700.,-72.79746505788,76.257787346262));
#2947 = CARTESIAN_POINT('',(700.,-71.33572178507,78.256366997197));
#2948 = CARTESIAN_POINT('',(700.,-70.1747372693,80.4910213932));
#2949 = CARTESIAN_POINT('',(700.,-69.34083148501,82.923392915652));
#2950 = CARTESIAN_POINT('',(700.,-68.85341728503,85.509984479007));
#2951 = CARTESIAN_POINT('',(700.,-68.72431925352,88.203256447979));
#2952 = CARTESIAN_POINT('',(700.,-68.95733912959,90.9528909855));
#2953 = CARTESIAN_POINT('',(700.,-69.54809380556,93.707167421207));
#2954 = CARTESIAN_POINT('',(700.,-70.48413640032,96.41439091632));
#2955 = CARTESIAN_POINT('',(700.,-71.74535540437,99.024315386935));
#2956 = CARTESIAN_POINT('',(699.99999999999,-73.30463138988,
    101.48950033389));
#2957 = CARTESIAN_POINT('',(700.,-75.12871527545,103.7665399135));
#2958 = CARTESIAN_POINT('',(700.,-77.17927663152,105.81710126958));
#2959 = PCURVE('',#1157,#2960);
#2960 = DEFINITIONAL_REPRESENTATION('',(#2961),#2965);
#2961 = LINE('',#2962,#2963);
#2962 = CARTESIAN_POINT('',(0.,1.));
#2963 = VECTOR('',#2964,1.);
#2964 = DIRECTION('',(1.,0.));
#2965 = ( GEOMETRIC_REPRESENTATION_CONTEXT(2) 
PARAMETRIC_REPRESENTATION_CONTEXT() REPRESENTATION_CONTEXT('2D SPACE',''
  ) );
#2966 = PCURVE('',#1244,#2967);
#2967 = DEFINITIONAL_REPRESENTATION('',(#2968),#2983);
#2968 = B_SPLINE_CURVE_WITH_KNOTS('',13,(#2969,#2970,#2971,#2972,#2973,
    #2974,#2975,#2976,#2977,#2978,#2979,#2980,#2981,#2982),
  .UNSPECIFIED.,.F.,.F.,(14,14),(0.,1.),.PIECEWISE_BEZIER_KNOTS.);
#2969 = CARTESIAN_POINT('',(0.,0.));
#2970 = CARTESIAN_POINT('',(0.124717045834,-2.443636803657));
#2971 = CARTESIAN_POINT('',(0.628541325341,-4.867925382215));
#2972 = CARTESIAN_POINT('',(1.509139441405,-7.227186341374));
#2973 = CARTESIAN_POINT('',(2.755679446714,-9.476179025994));
#2974 = CARTESIAN_POINT('',(4.348885952004,-11.57134526032));
#2975 = CARTESIAN_POINT('',(6.261397822793,-13.47205000979));
#2976 = CARTESIAN_POINT('',(8.458415386516,-15.14175123374));
#2977 = CARTESIAN_POINT('',(10.898612707072,-16.54904182499));
#2978 = CARTESIAN_POINT('',(13.535279119018,-17.66851715916));
#2979 = CARTESIAN_POINT('',(16.317642848765,-18.48143240313));
#2980 = CARTESIAN_POINT('',(19.192318185322,-18.97612435889));
#2981 = CARTESIAN_POINT('',(22.104806298287,-19.14818324577));
#2982 = CARTESIAN_POINT('',(25.000968435954,-19.00037045071));
#2983 = ( GEOMETRIC_REPRESENTATION_CONTEXT(2) 
PARAMETRIC_REPRESENTATION_CONTEXT() REPRESENTATION_CONTEXT('2D SPACE',''
  ) );
#2984 = ADVANCED_FACE('',(#2985),#1340,.F.);
#2985 = FACE_BOUND('',#2986,.F.);
#2986 = EDGE_LOOP('',(#2987,#2988,#2989,#2990));
#2987 = ORIENTED_EDGE('',*,*,#1256,.F.);
#2988 = ORIENTED_EDGE('',*,*,#2823,.T.);
#2989 = ORIENTED_EDGE('',*,*,#2916,.T.);
#2990 = ORIENTED_EDGE('',*,*,#2991,.F.);
#2991 = EDGE_CURVE('',#1228,#2917,#2992,.T.);
#2992 = SURFACE_CURVE('',#2993,(#3008,#3015),.PCURVE_S1.);
#2993 = B_SPLINE_CURVE_WITH_KNOTS('',13,(#2994,#2995,#2996,#2997,#2998,
    #2999,#3000,#3001,#3002,#3003,#3004,#3005,#3006,#3007),
  .UNSPECIFIED.,.F.,.F.,(14,14),(1.,2.),.PIECEWISE_BEZIER_KNOTS.);
#2994 = CARTESIAN_POINT('',(700.,-77.17927663152,105.81710126958));
#2995 = CARTESIAN_POINT('',(700.00000000011,-83.33096069974,
    111.9687853378));
#2996 = CARTESIAN_POINT('',(699.99999999947,-91.52094344535,
    116.08217144055));
#2997 = CARTESIAN_POINT('',(700.00000000145,-100.7143088786,
    117.12234880063));
#2998 = CARTESIAN_POINT('',(699.99999999699,-109.4646950743,
    114.46590401363));
#2999 = CARTESIAN_POINT('',(700.00000000482,-116.1694409158,
    108.15622468285));
#3000 = CARTESIAN_POINT('',(699.99999999383,-119.4524969337,
    99.032118174069));
#3001 = CARTESIAN_POINT('',(700.00000000629,-118.5707542135,
    88.627554069929));
#3002 = CARTESIAN_POINT('',(699.99999999486,-113.68255478,
    78.810968285602));
#3003 = CARTESIAN_POINT('',(700.00000000331,-105.8036341425,
    71.265385015928));
#3004 = CARTESIAN_POINT('',(699.99999999834,-96.47314906506,
    67.076663002376));
#3005 = CARTESIAN_POINT('',(700.00000000059,-87.32435434113,
    66.562420010161));
#3006 = CARTESIAN_POINT('',(699.99999999987,-79.71810963462,
    69.337142769513));
#3007 = CARTESIAN_POINT('',(700.,-74.52762620207,74.527626202075));
#3008 = PCURVE('',#1340,#3009);
#3009 = DEFINITIONAL_REPRESENTATION('',(#3010),#3014);
#3010 = LINE('',#3011,#3012);
#3011 = CARTESIAN_POINT('',(0.,1.));
#3012 = VECTOR('',#3013,1.);
#3013 = DIRECTION('',(1.,0.));
#3014 = ( GEOMETRIC_REPRESENTATION_CONTEXT(2) 
PARAMETRIC_REPRESENTATION_CONTEXT() REPRESENTATION_CONTEXT('2D SPACE',''
  ) );
#3015 = PCURVE('',#1244,#3016);
#3016 = DEFINITIONAL_REPRESENTATION('',(#3017),#3032);
#3017 = B_SPLINE_CURVE_WITH_KNOTS('',13,(#3018,#3019,#3020,#3021,#3022,
    #3023,#3024,#3025,#3026,#3027,#3028,#3029,#3030,#3031),
  .UNSPECIFIED.,.F.,.F.,(14,14),(1.,2.),.PIECEWISE_BEZIER_KNOTS.);
#3018 = CARTESIAN_POINT('',(25.000968435954,-19.00037045071));
#3019 = CARTESIAN_POINT('',(33.68945484896,-18.55693206552));
#3020 = CARTESIAN_POINT('',(42.231012939017,-15.23465152381));
#3021 = CARTESIAN_POINT('',(49.163956830281,-9.10813326869));
#3022 = CARTESIAN_POINT('',(53.056297520159,-0.833132275692));
#3023 = CARTESIAN_POINT('',(52.86622227853,8.371732821621));
#3024 = CARTESIAN_POINT('',(48.294165316563,16.922994221935));
#3025 = CARTESIAN_POINT('',(39.980693192609,23.241111478366));
#3026 = CARTESIAN_POINT('',(29.418726679498,26.191486630424));
#3027 = CARTESIAN_POINT('',(18.538146942594,25.400157444089));
#3028 = CARTESIAN_POINT('',(9.176369684719,21.281848268954));
#3029 = CARTESIAN_POINT('',(2.663658747374,14.835959113659));
#3030 = CARTESIAN_POINT('',(-0.374151137506,7.330910410967));
#3031 = CARTESIAN_POINT('',(-1.7763568394E-14,6.106226635438E-15));
#3032 = ( GEOMETRIC_REPRESENTATION_CONTEXT(2) 
PARAMETRIC_REPRESENTATION_CONTEXT() REPRESENTATION_CONTEXT('2D SPACE',''
  ) );
#3033 = ADVANCED_FACE('',(#3034),#1244,.F.);
#3034 = FACE_BOUND('',#3035,.F.);
#3035 = EDGE_LOOP('',(#3036,#3037,#3038));
#3036 = ORIENTED_EDGE('',*,*,#2991,.T.);
#3037 = ORIENTED_EDGE('',*,*,#2942,.T.);
#3038 = ORIENTED_EDGE('',*,*,#1227,.T.);
#3039 = ADVANCED_FACE('',(#3040),#1541,.F.);
#3040 = FACE_BOUND('',#3041,.F.);
#3041 = EDGE_LOOP('',(#3042,#3065,#3108));
#3042 = ORIENTED_EDGE('',*,*,#3043,.F.);
#3043 = EDGE_CURVE('',#3044,#1504,#3046,.T.);
#3044 = VERTEX_POINT('',#3045);
#3045 = CARTESIAN_POINT('',(270.,73.573032047473,-90.7557268303));
#3046 = SURFACE_CURVE('',#3047,(#3051,#3058),.PCURVE_S1.);
#3047 = B_SPLINE_CURVE_WITH_KNOTS('',2,(#3048,#3049,#3050),
  .UNSPECIFIED.,.F.,.F.,(3,3),(0.,1.),.PIECEWISE_BEZIER_KNOTS.);
#3048 = CARTESIAN_POINT('',(270.,73.573032047473,-90.7557268303));
#3049 = CARTESIAN_POINT('',(484.33328197368,58.858252673275,
    -119.0606536265));
#3050 = CARTESIAN_POINT('',(700.,77.179276631524,-105.8171012695));
#3051 = PCURVE('',#1541,#3052);
#3052 = DEFINITIONAL_REPRESENTATION('',(#3053),#3057);
#3053 = LINE('',#3054,#3055);
#3054 = CARTESIAN_POINT('',(1.,0.));
#3055 = VECTOR('',#3056,1.);
#3056 = DIRECTION('',(0.,1.));
#3057 = ( GEOMETRIC_REPRESENTATION_CONTEXT(2) 
PARAMETRIC_REPRESENTATION_CONTEXT() REPRESENTATION_CONTEXT('2D SPACE',''
  ) );
#3058 = PCURVE('',#1658,#3059);
#3059 = DEFINITIONAL_REPRESENTATION('',(#3060),#3064);
#3060 = LINE('',#3061,#3062);
#3061 = CARTESIAN_POINT('',(1.,0.));
#3062 = VECTOR('',#3063,1.);
#3063 = DIRECTION('',(0.,1.));
#3064 = ( GEOMETRIC_REPRESENTATION_CONTEXT(2) 
PARAMETRIC_REPRESENTATION_CONTEXT() REPRESENTATION_CONTEXT('2D SPACE',''
  ) );
#3065 = ORIENTED_EDGE('',*,*,#3066,.T.);
#3066 = EDGE_CURVE('',#3044,#1502,#3067,.T.);
#3067 = SURFACE_CURVE('',#3068,(#3083,#3090),.PCURVE_S1.);
#3068 = B_SPLINE_CURVE_WITH_KNOTS('',13,(#3069,#3070,#3071,#3072,#3073,
    #3074,#3075,#3076,#3077,#3078,#3079,#3080,#3081,#3082),
  .UNSPECIFIED.,.F.,.F.,(14,14),(1.,2.),.PIECEWISE_BEZIER_KNOTS.);
#3069 = CARTESIAN_POINT('',(270.,73.573032047473,-90.7557268303));
#3070 = CARTESIAN_POINT('',(270.00000000007,79.724716115694,
    -96.90741089852));
#3071 = CARTESIAN_POINT('',(269.99999999968,87.099379532746,
    -101.8361163298));
#3072 = CARTESIAN_POINT('',(270.00000000085,94.662107351313,
    -104.5069313045));
#3073 = CARTESIAN_POINT('',(269.9999999983,101.13112735058,
    -104.1318527141));
#3074 = CARTESIAN_POINT('',(270.00000000263,105.23298815747,
    -100.4250584177));
#3075 = CARTESIAN_POINT('',(269.99999999676,106.03461167027,
    -93.78238441445));
#3076 = CARTESIAN_POINT('',(270.00000000321,103.24830467297,
    -85.28238458686));
#3077 = CARTESIAN_POINT('',(269.99999999743,97.374427969671,
    -76.45147607294));
#3078 = CARTESIAN_POINT('',(270.00000000164,89.56217480548,
    -68.83922532952));
#3079 = CARTESIAN_POINT('',(269.99999999917,81.260042340912,
    -63.62215070328));
#3080 = CARTESIAN_POINT('',(270.0000000003,73.838157963259,
    -61.38099736468));
#3081 = CARTESIAN_POINT('',(269.99999999993,68.308106749947,
    -62.07952663087));
#3082 = CARTESIAN_POINT('',(270.,65.193816690412,-65.19381669041));
#3083 = PCURVE('',#1541,#3084);
#3084 = DEFINITIONAL_REPRESENTATION('',(#3085),#3089);
#3085 = LINE('',#3086,#3087);
#3086 = CARTESIAN_POINT('',(0.,0.));
#3087 = VECTOR('',#3088,1.);
#3088 = DIRECTION('',(1.,0.));
#3089 = ( GEOMETRIC_REPRESENTATION_CONTEXT(2) 
PARAMETRIC_REPRESENTATION_CONTEXT() REPRESENTATION_CONTEXT('2D SPACE',''
  ) );
#3090 = PCURVE('',#1940,#3091);
#3091 = DEFINITIONAL_REPRESENTATION('',(#3092),#3107);
#3092 = B_SPLINE_CURVE_WITH_KNOTS('',13,(#3093,#3094,#3095,#3096,#3097,
    #3098,#3099,#3100,#3101,#3102,#3103,#3104,#3105,#3106),
  .UNSPECIFIED.,.F.,.F.,(14,14),(1.,2.),.PIECEWISE_BEZIER_KNOTS.);
#3093 = CARTESIAN_POINT('',(24.360643917599,-11.40971199986));
#3094 = CARTESIAN_POINT('',(33.056362767245,-11.14342749358));
#3095 = CARTESIAN_POINT('',(41.699143712694,-9.148399856512));
#3096 = CARTESIAN_POINT('',(48.826084026688,-5.46942901571));
#3097 = CARTESIAN_POINT('',(52.985004022956,-0.500295473065));
#3098 = CARTESIAN_POINT('',(53.095222901041,5.027220952441));
#3099 = CARTESIAN_POINT('',(48.805793099785,10.16224871769));
#3100 = CARTESIAN_POINT('',(40.705245528649,13.956274653284));
#3101 = CARTESIAN_POINT('',(30.248264292091,15.727973308586));
#3102 = CARTESIAN_POINT('',(19.350931923986,15.252780567607));
#3103 = CARTESIAN_POINT('',(9.862658506991,12.779738174248));
#3104 = CARTESIAN_POINT('',(3.145188145164,8.908985283613));
#3105 = CARTESIAN_POINT('',(-0.134806531306,4.402207667632));
#3106 = CARTESIAN_POINT('',(-1.42108547152E-14,-1.998401444325E-15));
#3107 = ( GEOMETRIC_REPRESENTATION_CONTEXT(2) 
PARAMETRIC_REPRESENTATION_CONTEXT() REPRESENTATION_CONTEXT('2D SPACE',''
  ) );
#3108 = ORIENTED_EDGE('',*,*,#1501,.T.);
#3109 = ADVANCED_FACE('',(#3110),#1940,.T.);
#3110 = FACE_BOUND('',#3111,.T.);
#3111 = EDGE_LOOP('',(#3112,#3157,#3200,#3201));
#3112 = ORIENTED_EDGE('',*,*,#3113,.T.);
#3113 = EDGE_CURVE('',#1758,#3114,#3116,.T.);
#3114 = VERTEX_POINT('',#3115);
#3115 = CARTESIAN_POINT('',(270.,65.193816690412,-65.19381669041));
#3116 = SURFACE_CURVE('',#3117,(#3132,#3150),.PCURVE_S1.);
#3117 = B_SPLINE_CURVE_WITH_KNOTS('',13,(#3118,#3119,#3120,#3121,#3122,
    #3123,#3124,#3125,#3126,#3127,#3128,#3129,#3130,#3131),
  .UNSPECIFIED.,.F.,.F.,(14,14),(1.,2.),.PIECEWISE_BEZIER_KNOTS.);
#3118 = CARTESIAN_POINT('',(270.,73.573032047473,-90.7557268303));
#3119 = CARTESIAN_POINT('',(270.00000000007,79.724716115694,
    -96.90741089852));
#3120 = CARTESIAN_POINT('',(269.99999999968,87.099379532746,
    -101.8361163298));
#3121 = CARTESIAN_POINT('',(270.00000000085,94.662107351313,
    -104.5069313045));
#3122 = CARTESIAN_POINT('',(269.9999999983,101.13112735058,
    -104.1318527141));
#3123 = CARTESIAN_POINT('',(270.00000000263,105.23298815747,
    -100.4250584177));
#3124 = CARTESIAN_POINT('',(269.99999999676,106.03461167027,
    -93.78238441445));
#3125 = CARTESIAN_POINT('',(270.00000000321,103.24830467297,
    -85.28238458686));
#3126 = CARTESIAN_POINT('',(269.99999999743,97.374427969671,
    -76.45147607294));
#3127 = CARTESIAN_POINT('',(270.00000000164,89.56217480548,
    -68.83922532952));
#3128 = CARTESIAN_POINT('',(269.99999999917,81.260042340912,
    -63.62215070328));
#3129 = CARTESIAN_POINT('',(270.0000000003,73.838157963259,
    -61.38099736468));
#3130 = CARTESIAN_POINT('',(269.99999999993,68.308106749947,
    -62.07952663087));
#3131 = CARTESIAN_POINT('',(270.,65.193816690412,-65.19381669041));
#3132 = PCURVE('',#1940,#3133);
#3133 = DEFINITIONAL_REPRESENTATION('',(#3134),#3149);
#3134 = B_SPLINE_CURVE_WITH_KNOTS('',13,(#3135,#3136,#3137,#3138,#3139,
    #3140,#3141,#3142,#3143,#3144,#3145,#3146,#3147,#3148),
  .UNSPECIFIED.,.F.,.F.,(14,14),(1.,2.),.PIECEWISE_BEZIER_KNOTS.);
#3135 = CARTESIAN_POINT('',(24.360643917599,-11.40971199986));
#3136 = CARTESIAN_POINT('',(33.056362767245,-11.14342749358));
#3137 = CARTESIAN_POINT('',(41.699143712694,-9.148399856512));
#3138 = CARTESIAN_POINT('',(48.826084026688,-5.46942901571));
#3139 = CARTESIAN_POINT('',(52.985004022956,-0.500295473065));
#3140 = CARTESIAN_POINT('',(53.095222901041,5.027220952441));
#3141 = CARTESIAN_POINT('',(48.805793099785,10.16224871769));
#3142 = CARTESIAN_POINT('',(40.705245528649,13.956274653284));
#3143 = CARTESIAN_POINT('',(30.248264292091,15.727973308586));
#3144 = CARTESIAN_POINT('',(19.350931923986,15.252780567607));
#3145 = CARTESIAN_POINT('',(9.862658506991,12.779738174248));
#3146 = CARTESIAN_POINT('',(3.145188145164,8.908985283613));
#3147 = CARTESIAN_POINT('',(-0.134806531306,4.402207667632));
#3148 = CARTESIAN_POINT('',(-1.42108547152E-14,-1.998401444325E-15));
#3149 = ( GEOMETRIC_REPRESENTATION_CONTEXT(2) 
PARAMETRIC_REPRESENTATION_CONTEXT() REPRESENTATION_CONTEXT('2D SPACE',''
  ) );
#3150 = PCURVE('',#1841,#3151);
#3151 = DEFINITIONAL_REPRESENTATION('',(#3152),#3156);
#3152 = LINE('',#3153,#3154);
#3153 = CARTESIAN_POINT('',(0.,0.));
#3154 = VECTOR('',#3155,1.);
#3155 = DIRECTION('',(1.,0.));
#3156 = ( GEOMETRIC_REPRESENTATION_CONTEXT(2) 
PARAMETRIC_REPRESENTATION_CONTEXT() REPRESENTATION_CONTEXT('2D SPACE',''
  ) );
#3157 = ORIENTED_EDGE('',*,*,#3158,.T.);
#3158 = EDGE_CURVE('',#3114,#3044,#3159,.T.);
#3159 = SURFACE_CURVE('',#3160,(#3175,#3193),.PCURVE_S1.);
#3160 = B_SPLINE_CURVE_WITH_KNOTS('',13,(#3161,#3162,#3163,#3164,#3165,
    #3166,#3167,#3168,#3169,#3170,#3171,#3172,#3173,#3174),
  .UNSPECIFIED.,.F.,.F.,(14,14),(0.,1.),.PIECEWISE_BEZIER_KNOTS.);
#3161 = CARTESIAN_POINT('',(270.,65.193816690412,-65.19381669041));
#3162 = CARTESIAN_POINT('',(270.,64.1557200039,-66.23191337692));
#3163 = CARTESIAN_POINT('',(270.,63.386041315837,-67.53842844311));
#3164 = CARTESIAN_POINT('',(270.,62.904184582423,-69.09395505675));
#3165 = CARTESIAN_POINT('',(270.,62.72353425948,-70.87307111786));
#3166 = CARTESIAN_POINT('',(270.,62.850921212169,-72.84486152855));
#3167 = CARTESIAN_POINT('',(270.,63.286297180757,-74.97365949742));
#3168 = CARTESIAN_POINT('',(270.,64.02263998911,-77.21997110265));
#3169 = CARTESIAN_POINT('',(270.,65.04609901703,-79.54154318641));
#3170 = CARTESIAN_POINT('',(270.,66.336377791862,-81.89453050145));
#3171 = CARTESIAN_POINT('',(270.,67.86733788922,-84.23471387876));
#3172 = CARTESIAN_POINT('',(270.,69.60779566702,-86.51871703342));
#3173 = CARTESIAN_POINT('',(270.,71.5224706914,-88.70516547423));
#3174 = CARTESIAN_POINT('',(270.,73.573032047473,-90.7557268303));
#3175 = PCURVE('',#1940,#3176);
#3176 = DEFINITIONAL_REPRESENTATION('',(#3177),#3192);
#3177 = B_SPLINE_CURVE_WITH_KNOTS('',13,(#3178,#3179,#3180,#3181,#3182,
    #3183,#3184,#3185,#3186,#3187,#3188,#3189,#3190,#3191),
  .UNSPECIFIED.,.F.,.F.,(14,14),(0.,1.),.PIECEWISE_BEZIER_KNOTS.);
#3178 = CARTESIAN_POINT('',(0.,0.));
#3179 = CARTESIAN_POINT('',(4.493551043534E-02,-1.467402555878));
#3180 = CARTESIAN_POINT('',(0.46929381487,-2.923186513231));
#3181 = CARTESIAN_POINT('',(1.272232890169,-4.339921420919));
#3182 = CARTESIAN_POINT('',(2.444404925819,-5.690440290427));
#3183 = CARTESIAN_POINT('',(3.967970832634,-6.948586461183));
#3184 = CARTESIAN_POINT('',(5.816917188687,-8.089958617297));
#3185 = CARTESIAN_POINT('',(7.957664763632,-9.092613283453));
#3186 = CARTESIAN_POINT('',(10.349946060775,-9.937690509077));
#3187 = CARTESIAN_POINT('',(12.947917614295,-10.6099348312));
#3188 = CARTESIAN_POINT('',(15.701461077204,-11.09808998786));
#3189 = CARTESIAN_POINT('',(18.557615433699,-11.39515223507));
#3190 = CARTESIAN_POINT('',(21.462070967717,-11.49847350196));
#3191 = CARTESIAN_POINT('',(24.360643917599,-11.40971199986));
#3192 = ( GEOMETRIC_REPRESENTATION_CONTEXT(2) 
PARAMETRIC_REPRESENTATION_CONTEXT() REPRESENTATION_CONTEXT('2D SPACE',''
  ) );
#3193 = PCURVE('',#1658,#3194);
#3194 = DEFINITIONAL_REPRESENTATION('',(#3195),#3199);
#3195 = LINE('',#3196,#3197);
#3196 = CARTESIAN_POINT('',(0.,0.));
#3197 = VECTOR('',#3198,1.);
#3198 = DIRECTION('',(1.,0.));
#3199 = ( GEOMETRIC_REPRESENTATION_CONTEXT(2) 
PARAMETRIC_REPRESENTATION_CONTEXT() REPRESENTATION_CONTEXT('2D SPACE',''
  ) );
#3200 = ORIENTED_EDGE('',*,*,#3066,.T.);
#3201 = ORIENTED_EDGE('',*,*,#1925,.T.);
#3202 = ADVANCED_FACE('',(#3203),#1658,.F.);
#3203 = FACE_BOUND('',#3204,.F.);
#3204 = EDGE_LOOP('',(#3205,#3228,#3229,#3230,#3231));
#3205 = ORIENTED_EDGE('',*,*,#3206,.F.);
#3206 = EDGE_CURVE('',#3114,#3207,#3209,.T.);
#3207 = VERTEX_POINT('',#3208);
#3208 = CARTESIAN_POINT('',(700.,74.527626202075,-74.52762620207));
#3209 = SURFACE_CURVE('',#3210,(#3214,#3221),.PCURVE_S1.);
#3210 = B_SPLINE_CURVE_WITH_KNOTS('',2,(#3211,#3212,#3213),
  .UNSPECIFIED.,.F.,.F.,(3,3),(0.,1.),.PIECEWISE_BEZIER_KNOTS.);
#3211 = CARTESIAN_POINT('',(270.,65.193816690412,-65.19381669041));
#3212 = CARTESIAN_POINT('',(484.33328197368,71.988890401419,
    -71.98889040141));
#3213 = CARTESIAN_POINT('',(700.,74.527626202075,-74.52762620207));
#3214 = PCURVE('',#1658,#3215);
#3215 = DEFINITIONAL_REPRESENTATION('',(#3216),#3220);
#3216 = LINE('',#3217,#3218);
#3217 = CARTESIAN_POINT('',(0.,0.));
#3218 = VECTOR('',#3219,1.);
#3219 = DIRECTION('',(0.,1.));
#3220 = ( GEOMETRIC_REPRESENTATION_CONTEXT(2) 
PARAMETRIC_REPRESENTATION_CONTEXT() REPRESENTATION_CONTEXT('2D SPACE',''
  ) );
#3221 = PCURVE('',#1841,#3222);
#3222 = DEFINITIONAL_REPRESENTATION('',(#3223),#3227);
#3223 = LINE('',#3224,#3225);
#3224 = CARTESIAN_POINT('',(2.,0.));
#3225 = VECTOR('',#3226,1.);
#3226 = DIRECTION('',(0.,1.));
#3227 = ( GEOMETRIC_REPRESENTATION_CONTEXT(2) 
PARAMETRIC_REPRESENTATION_CONTEXT() REPRESENTATION_CONTEXT('2D SPACE',''
  ) );
#3228 = ORIENTED_EDGE('',*,*,#3158,.T.);
#3229 = ORIENTED_EDGE('',*,*,#3043,.T.);
#3230 = ORIENTED_EDGE('',*,*,#1602,.T.);
#3231 = ORIENTED_EDGE('',*,*,#3232,.F.);
#3232 = EDGE_CURVE('',#3207,#1603,#3233,.T.);
#3233 = SURFACE_CURVE('',#3234,(#3249,#3256),.PCURVE_S1.);
#3234 = B_SPLINE_CURVE_WITH_KNOTS('',13,(#3235,#3236,#3237,#3238,#3239,
    #3240,#3241,#3242,#3243,#3244,#3245,#3246,#3247,#3248),
  .UNSPECIFIED.,.F.,.F.,(14,14),(0.,1.),.PIECEWISE_BEZIER_KNOTS.);
#3235 = CARTESIAN_POINT('',(700.,74.527626202075,-74.52762620207));
#3236 = CARTESIAN_POINT('',(700.,72.797465057888,-76.25778734626));
#3237 = CARTESIAN_POINT('',(700.,71.335721785075,-78.25636699719));
#3238 = CARTESIAN_POINT('',(700.,70.174737269307,-80.4910213932));
#3239 = CARTESIAN_POINT('',(700.,69.340831485015,-82.92339291565));
#3240 = CARTESIAN_POINT('',(700.,68.853417285038,-85.509984479));
#3241 = CARTESIAN_POINT('',(700.,68.724319253529,-88.20325644797));
#3242 = CARTESIAN_POINT('',(700.,68.95733912959,-90.9528909855));
#3243 = CARTESIAN_POINT('',(700.,69.548093805563,-93.7071674212));
#3244 = CARTESIAN_POINT('',(700.,70.484136400326,-96.41439091632));
#3245 = CARTESIAN_POINT('',(700.,71.74535540437,-99.02431538693));
#3246 = CARTESIAN_POINT('',(699.99999999999,73.30463138988,
    -101.4895003338));
#3247 = CARTESIAN_POINT('',(700.,75.128715275451,-103.7665399135));
#3248 = CARTESIAN_POINT('',(700.,77.179276631524,-105.8171012695));
#3249 = PCURVE('',#1658,#3250);
#3250 = DEFINITIONAL_REPRESENTATION('',(#3251),#3255);
#3251 = LINE('',#3252,#3253);
#3252 = CARTESIAN_POINT('',(0.,1.));
#3253 = VECTOR('',#3254,1.);
#3254 = DIRECTION('',(1.,0.));
#3255 = ( GEOMETRIC_REPRESENTATION_CONTEXT(2) 
PARAMETRIC_REPRESENTATION_CONTEXT() REPRESENTATION_CONTEXT('2D SPACE',''
  ) );
#3256 = PCURVE('',#1745,#3257);
#3257 = DEFINITIONAL_REPRESENTATION('',(#3258),#3273);
#3258 = B_SPLINE_CURVE_WITH_KNOTS('',13,(#3259,#3260,#3261,#3262,#3263,
    #3264,#3265,#3266,#3267,#3268,#3269,#3270,#3271,#3272),
  .UNSPECIFIED.,.F.,.F.,(14,14),(0.,1.),.PIECEWISE_BEZIER_KNOTS.);
#3259 = CARTESIAN_POINT('',(0.,0.));
#3260 = CARTESIAN_POINT('',(0.124717045834,-2.443636803657));
#3261 = CARTESIAN_POINT('',(0.628541325341,-4.867925382215));
#3262 = CARTESIAN_POINT('',(1.509139441405,-7.227186341374));
#3263 = CARTESIAN_POINT('',(2.755679446714,-9.476179025994));
#3264 = CARTESIAN_POINT('',(4.348885952004,-11.57134526032));
#3265 = CARTESIAN_POINT('',(6.261397822793,-13.47205000979));
#3266 = CARTESIAN_POINT('',(8.458415386516,-15.14175123374));
#3267 = CARTESIAN_POINT('',(10.898612707072,-16.54904182499));
#3268 = CARTESIAN_POINT('',(13.535279119018,-17.66851715916));
#3269 = CARTESIAN_POINT('',(16.317642848765,-18.48143240313));
#3270 = CARTESIAN_POINT('',(19.192318185322,-18.97612435889));
#3271 = CARTESIAN_POINT('',(22.104806298287,-19.14818324577));
#3272 = CARTESIAN_POINT('',(25.000968435954,-19.00037045071));
#3273 = ( GEOMETRIC_REPRESENTATION_CONTEXT(2) 
PARAMETRIC_REPRESENTATION_CONTEXT() REPRESENTATION_CONTEXT('2D SPACE',''
  ) );
#3274 = ADVANCED_FACE('',(#3275),#1841,.F.);
#3275 = FACE_BOUND('',#3276,.F.);
#3276 = EDGE_LOOP('',(#3277,#3278,#3279,#3280));
#3277 = ORIENTED_EDGE('',*,*,#1757,.F.);
#3278 = ORIENTED_EDGE('',*,*,#3113,.T.);
#3279 = ORIENTED_EDGE('',*,*,#3206,.T.);
#3280 = ORIENTED_EDGE('',*,*,#3281,.F.);
#3281 = EDGE_CURVE('',#1729,#3207,#3282,.T.);
#3282 = SURFACE_CURVE('',#3283,(#3298,#3305),.PCURVE_S1.);
#3283 = B_SPLINE_CURVE_WITH_KNOTS('',13,(#3284,#3285,#3286,#3287,#3288,
    #3289,#3290,#3291,#3292,#3293,#3294,#3295,#3296,#3297),
  .UNSPECIFIED.,.F.,.F.,(14,14),(1.,2.),.PIECEWISE_BEZIER_KNOTS.);
#3284 = CARTESIAN_POINT('',(700.,77.179276631524,-105.8171012695));
#3285 = CARTESIAN_POINT('',(700.00000000011,83.330960699749,
    -111.9687853378));
#3286 = CARTESIAN_POINT('',(699.99999999947,91.520943445355,
    -116.0821714405));
#3287 = CARTESIAN_POINT('',(700.00000000145,100.7143088786,
    -117.1223488006));
#3288 = CARTESIAN_POINT('',(699.99999999699,109.4646950743,
    -114.4659040136));
#3289 = CARTESIAN_POINT('',(700.00000000482,116.16944091586,
    -108.1562246828));
#3290 = CARTESIAN_POINT('',(699.99999999383,119.4524969337,
    -99.03211817406));
#3291 = CARTESIAN_POINT('',(700.00000000629,118.57075421352,
    -88.62755406992));
#3292 = CARTESIAN_POINT('',(699.99999999486,113.68255478009,
    -78.8109682856));
#3293 = CARTESIAN_POINT('',(700.00000000331,105.80363414255,
    -71.26538501592));
#3294 = CARTESIAN_POINT('',(699.99999999834,96.473149065067,
    -67.07666300237));
#3295 = CARTESIAN_POINT('',(700.00000000059,87.324354341132,
    -66.56242001016));
#3296 = CARTESIAN_POINT('',(699.99999999987,79.718109634629,
    -69.33714276951));
#3297 = CARTESIAN_POINT('',(700.,74.527626202075,-74.52762620207));
#3298 = PCURVE('',#1841,#3299);
#3299 = DEFINITIONAL_REPRESENTATION('',(#3300),#3304);
#3300 = LINE('',#3301,#3302);
#3301 = CARTESIAN_POINT('',(0.,1.));
#3302 = VECTOR('',#3303,1.);
#3303 = DIRECTION('',(1.,0.));
#3304 = ( GEOMETRIC_REPRESENTATION_CONTEXT(2) 
PARAMETRIC_REPRESENTATION_CONTEXT() REPRESENTATION_CONTEXT('2D SPACE',''
  ) );
#3305 = PCURVE('',#1745,#3306);
#3306 = DEFINITIONAL_REPRESENTATION('',(#3307),#3322);
#3307 = B_SPLINE_CURVE_WITH_KNOTS('',13,(#3308,#3309,#3310,#3311,#3312,
    #3313,#3314,#3315,#3316,#3317,#3318,#3319,#3320,#3321),
  .UNSPECIFIED.,.F.,.F.,(14,14),(1.,2.),.PIECEWISE_BEZIER_KNOTS.);
#3308 = CARTESIAN_POINT('',(25.000968435954,-19.00037045071));
#3309 = CARTESIAN_POINT('',(33.68945484896,-18.55693206552));
#3310 = CARTESIAN_POINT('',(42.231012939017,-15.23465152381));
#3311 = CARTESIAN_POINT('',(49.163956830281,-9.10813326869));
#3312 = CARTESIAN_POINT('',(53.056297520159,-0.833132275692));
#3313 = CARTESIAN_POINT('',(52.86622227853,8.371732821621));
#3314 = CARTESIAN_POINT('',(48.294165316563,16.922994221935));
#3315 = CARTESIAN_POINT('',(39.980693192609,23.241111478366));
#3316 = CARTESIAN_POINT('',(29.418726679498,26.191486630424));
#3317 = CARTESIAN_POINT('',(18.538146942594,25.400157444089));
#3318 = CARTESIAN_POINT('',(9.176369684719,21.281848268954));
#3319 = CARTESIAN_POINT('',(2.663658747374,14.835959113659));
#3320 = CARTESIAN_POINT('',(-0.374151137506,7.330910410967));
#3321 = CARTESIAN_POINT('',(-1.7763568394E-14,6.106226635438E-15));
#3322 = ( GEOMETRIC_REPRESENTATION_CONTEXT(2) 
PARAMETRIC_REPRESENTATION_CONTEXT() REPRESENTATION_CONTEXT('2D SPACE',''
  ) );
#3323 = ADVANCED_FACE('',(#3324),#1745,.F.);
#3324 = FACE_BOUND('',#3325,.F.);
#3325 = EDGE_LOOP('',(#3326,#3327,#3328));
#3326 = ORIENTED_EDGE('',*,*,#3281,.T.);
#3327 = ORIENTED_EDGE('',*,*,#3232,.T.);
#3328 = ORIENTED_EDGE('',*,*,#1728,.T.);
#3329 = ADVANCED_FACE('',(#3330),#2042,.F.);
#3330 = FACE_BOUND('',#3331,.F.);
#3331 = EDGE_LOOP('',(#3332,#3355,#3398));
#3332 = ORIENTED_EDGE('',*,*,#3333,.F.);
#3333 = EDGE_CURVE('',#3334,#2005,#3336,.T.);
#3334 = VERTEX_POINT('',#3335);
#3335 = CARTESIAN_POINT('',(270.,-90.7557268303,-73.57303204747));
#3336 = SURFACE_CURVE('',#3337,(#3341,#3348),.PCURVE_S1.);
#3337 = B_SPLINE_CURVE_WITH_KNOTS('',2,(#3338,#3339,#3340),
  .UNSPECIFIED.,.F.,.F.,(3,3),(0.,1.),.PIECEWISE_BEZIER_KNOTS.);
#3338 = CARTESIAN_POINT('',(270.,-90.7557268303,-73.57303204747));
#3339 = CARTESIAN_POINT('',(484.33328197368,-119.0606536265,
    -58.85825267327));
#3340 = CARTESIAN_POINT('',(700.,-105.8171012695,-77.17927663152));
#3341 = PCURVE('',#2042,#3342);
#3342 = DEFINITIONAL_REPRESENTATION('',(#3343),#3347);
#3343 = LINE('',#3344,#3345);
#3344 = CARTESIAN_POINT('',(1.,0.));
#3345 = VECTOR('',#3346,1.);
#3346 = DIRECTION('',(0.,1.));
#3347 = ( GEOMETRIC_REPRESENTATION_CONTEXT(2) 
PARAMETRIC_REPRESENTATION_CONTEXT() REPRESENTATION_CONTEXT('2D SPACE',''
  ) );
#3348 = PCURVE('',#2159,#3349);
#3349 = DEFINITIONAL_REPRESENTATION('',(#3350),#3354);
#3350 = LINE('',#3351,#3352);
#3351 = CARTESIAN_POINT('',(1.,0.));
#3352 = VECTOR('',#3353,1.);
#3353 = DIRECTION('',(0.,1.));
#3354 = ( GEOMETRIC_REPRESENTATION_CONTEXT(2) 
PARAMETRIC_REPRESENTATION_CONTEXT() REPRESENTATION_CONTEXT('2D SPACE',''
  ) );
#3355 = ORIENTED_EDGE('',*,*,#3356,.T.);
#3356 = EDGE_CURVE('',#3334,#2003,#3357,.T.);
#3357 = SURFACE_CURVE('',#3358,(#3373,#3380),.PCURVE_S1.);
#3358 = B_SPLINE_CURVE_WITH_KNOTS('',13,(#3359,#3360,#3361,#3362,#3363,
    #3364,#3365,#3366,#3367,#3368,#3369,#3370,#3371,#3372),
  .UNSPECIFIED.,.F.,.F.,(14,14),(1.,2.),.PIECEWISE_BEZIER_KNOTS.);
#3359 = CARTESIAN_POINT('',(270.,-90.7557268303,-73.57303204747));
#3360 = CARTESIAN_POINT('',(270.00000000007,-96.90741089852,
    -79.72471611569));
#3361 = CARTESIAN_POINT('',(269.99999999968,-101.8361163298,
    -87.09937953274));
#3362 = CARTESIAN_POINT('',(270.00000000085,-104.5069313045,
    -94.66210735131));
#3363 = CARTESIAN_POINT('',(269.9999999983,-104.1318527141,
    -101.1311273505));
#3364 = CARTESIAN_POINT('',(270.00000000263,-100.4250584177,
    -105.2329881574));
#3365 = CARTESIAN_POINT('',(269.99999999676,-93.78238441445,
    -106.0346116702));
#3366 = CARTESIAN_POINT('',(270.00000000321,-85.28238458686,
    -103.2483046729));
#3367 = CARTESIAN_POINT('',(269.99999999743,-76.45147607294,
    -97.37442796967));
#3368 = CARTESIAN_POINT('',(270.00000000164,-68.83922532952,
    -89.56217480548));
#3369 = CARTESIAN_POINT('',(269.99999999917,-63.62215070328,
    -81.26004234091));
#3370 = CARTESIAN_POINT('',(270.0000000003,-61.38099736468,
    -73.83815796325));
#3371 = CARTESIAN_POINT('',(269.99999999993,-62.07952663087,
    -68.30810674994));
#3372 = CARTESIAN_POINT('',(270.,-65.19381669041,-65.19381669041));
#3373 = PCURVE('',#2042,#3374);
#3374 = DEFINITIONAL_REPRESENTATION('',(#3375),#3379);
#3375 = LINE('',#3376,#3377);
#3376 = CARTESIAN_POINT('',(0.,0.));
#3377 = VECTOR('',#3378,1.);
#3378 = DIRECTION('',(1.,0.));
#3379 = ( GEOMETRIC_REPRESENTATION_CONTEXT(2) 
PARAMETRIC_REPRESENTATION_CONTEXT() REPRESENTATION_CONTEXT('2D SPACE',''
  ) );
#3380 = PCURVE('',#2441,#3381);
#3381 = DEFINITIONAL_REPRESENTATION('',(#3382),#3397);
#3382 = B_SPLINE_CURVE_WITH_KNOTS('',13,(#3383,#3384,#3385,#3386,#3387,
    #3388,#3389,#3390,#3391,#3392,#3393,#3394,#3395,#3396),
  .UNSPECIFIED.,.F.,.F.,(14,14),(1.,2.),.PIECEWISE_BEZIER_KNOTS.);
#3383 = CARTESIAN_POINT('',(24.360643917599,-11.40971199986));
#3384 = CARTESIAN_POINT('',(33.056362767245,-11.14342749358));
#3385 = CARTESIAN_POINT('',(41.699143712694,-9.148399856512));
#3386 = CARTESIAN_POINT('',(48.826084026688,-5.46942901571));
#3387 = CARTESIAN_POINT('',(52.985004022956,-0.500295473065));
#3388 = CARTESIAN_POINT('',(53.095222901041,5.027220952441));
#3389 = CARTESIAN_POINT('',(48.805793099785,10.16224871769));
#3390 = CARTESIAN_POINT('',(40.705245528649,13.956274653284));
#3391 = CARTESIAN_POINT('',(30.248264292091,15.727973308586));
#3392 = CARTESIAN_POINT('',(19.350931923986,15.252780567607));
#3393 = CARTESIAN_POINT('',(9.862658506991,12.779738174248));
#3394 = CARTESIAN_POINT('',(3.145188145164,8.908985283613));
#3395 = CARTESIAN_POINT('',(-0.134806531306,4.402207667632));
#3396 = CARTESIAN_POINT('',(-1.42108547152E-14,-1.998401444325E-15));
#3397 = ( GEOMETRIC_REPRESENTATION_CONTEXT(2) 
PARAMETRIC_REPRESENTATION_CONTEXT() REPRESENTATION_CONTEXT('2D SPACE',''
  ) );
#3398 = ORIENTED_EDGE('',*,*,#2002,.T.);
#3399 = ADVANCED_FACE('',(#3400),#2441,.T.);
#3400 = FACE_BOUND('',#3401,.T.);
#3401 = EDGE_LOOP('',(#3402,#3447,#3490,#3491));
#3402 = ORIENTED_EDGE('',*,*,#3403,.T.);
#3403 = EDGE_CURVE('',#2259,#3404,#3406,.T.);
#3404 = VERTEX_POINT('',#3405);
#3405 = CARTESIAN_POINT('',(270.,-65.19381669041,-65.19381669041));
#3406 = SURFACE_CURVE('',#3407,(#3422,#3440),.PCURVE_S1.);
#3407 = B_SPLINE_CURVE_WITH_KNOTS('',13,(#3408,#3409,#3410,#3411,#3412,
    #3413,#3414,#3415,#3416,#3417,#3418,#3419,#3420,#3421),
  .UNSPECIFIED.,.F.,.F.,(14,14),(1.,2.),.PIECEWISE_BEZIER_KNOTS.);
#3408 = CARTESIAN_POINT('',(270.,-90.7557268303,-73.57303204747));
#3409 = CARTESIAN_POINT('',(270.00000000007,-96.90741089852,
    -79.72471611569));
#3410 = CARTESIAN_POINT('',(269.99999999968,-101.8361163298,
    -87.09937953274));
#3411 = CARTESIAN_POINT('',(270.00000000085,-104.5069313045,
    -94.66210735131));
#3412 = CARTESIAN_POINT('',(269.9999999983,-104.1318527141,
    -101.1311273505));
#3413 = CARTESIAN_POINT('',(270.00000000263,-100.4250584177,
    -105.2329881574));
#3414 = CARTESIAN_POINT('',(269.99999999676,-93.78238441445,
    -106.0346116702));
#3415 = CARTESIAN_POINT('',(270.00000000321,-85.28238458686,
    -103.2483046729));
#3416 = CARTESIAN_POINT('',(269.99999999743,-76.45147607294,
    -97.37442796967));
#3417 = CARTESIAN_POINT('',(270.00000000164,-68.83922532952,
    -89.56217480548));
#3418 = CARTESIAN_POINT('',(269.99999999917,-63.62215070328,
    -81.26004234091));
#3419 = CARTESIAN_POINT('',(270.0000000003,-61.38099736468,
    -73.83815796325));
#3420 = CARTESIAN_POINT('',(269.99999999993,-62.07952663087,
    -68.30810674994));
#3421 = CARTESIAN_POINT('',(270.,-65.19381669041,-65.19381669041));
#3422 = PCURVE('',#2441,#3423);
#3423 = DEFINITIONAL_REPRESENTATION('',(#3424),#3439);
#3424 = B_SPLINE_CURVE_WITH_KNOTS('',13,(#3425,#3426,#3427,#3428,#3429,
    #3430,#3431,#3432,#3433,#3434,#3435,#3436,#3437,#3438),
  .UNSPECIFIED.,.F.,.F.,(14,14),(1.,2.),.PIECEWISE_BEZIER_KNOTS.);
#3425 = CARTESIAN_POINT('',(24.360643917599,-11.40971199986));
#3426 = CARTESIAN_POINT('',(33.056362767245,-11.14342749358));
#3427 = CARTESIAN_POINT('',(41.699143712694,-9.148399856512));
#3428 = CARTESIAN_POINT('',(48.826084026688,-5.46942901571));
#3429 = CARTESIAN_POINT('',(52.985004022956,-0.500295473065));
#3430 = CARTESIAN_POINT('',(53.095222901041,5.027220952441));
#3431 = CARTESIAN_POINT('',(48.805793099785,10.16224871769));
#3432 = CARTESIAN_POINT('',(40.705245528649,13.956274653284));
#3433 = CARTESIAN_POINT('',(30.248264292091,15.727973308586));
#3434 = CARTESIAN_POINT('',(19.350931923986,15.252780567607));
#3435 = CARTESIAN_POINT('',(9.862658506991,12.779738174248));
#3436 = CARTESIAN_POINT('',(3.145188145164,8.908985283613));
#3437 = CARTESIAN_POINT('',(-0.134806531306,4.402207667632));
#3438 = CARTESIAN_POINT('',(-1.42108547152E-14,-1.998401444325E-15));
#3439 = ( GEOMETRIC_REPRESENTATION_CONTEXT(2) 
PARAMETRIC_REPRESENTATION_CONTEXT() REPRESENTATION_CONTEXT('2D SPACE',''
  ) );
#3440 = PCURVE('',#2342,#3441);
#3441 = DEFINITIONAL_REPRESENTATION('',(#3442),#3446);
#3442 = LINE('',#3443,#3444);
#3443 = CARTESIAN_POINT('',(0.,0.));
#3444 = VECTOR('',#3445,1.);
#3445 = DIRECTION('',(1.,0.));
#3446 = ( GEOMETRIC_REPRESENTATION_CONTEXT(2) 
PARAMETRIC_REPRESENTATION_CONTEXT() REPRESENTATION_CONTEXT('2D SPACE',''
  ) );
#3447 = ORIENTED_EDGE('',*,*,#3448,.T.);
#3448 = EDGE_CURVE('',#3404,#3334,#3449,.T.);
#3449 = SURFACE_CURVE('',#3450,(#3465,#3483),.PCURVE_S1.);
#3450 = B_SPLINE_CURVE_WITH_KNOTS('',13,(#3451,#3452,#3453,#3454,#3455,
    #3456,#3457,#3458,#3459,#3460,#3461,#3462,#3463,#3464),
  .UNSPECIFIED.,.F.,.F.,(14,14),(0.,1.),.PIECEWISE_BEZIER_KNOTS.);
#3451 = CARTESIAN_POINT('',(270.,-65.19381669041,-65.19381669041));
#3452 = CARTESIAN_POINT('',(270.,-66.23191337692,-64.1557200039));
#3453 = CARTESIAN_POINT('',(270.,-67.53842844311,-63.38604131583));
#3454 = CARTESIAN_POINT('',(270.,-69.09395505675,-62.90418458242));
#3455 = CARTESIAN_POINT('',(270.,-70.87307111786,-62.72353425948));
#3456 = CARTESIAN_POINT('',(270.,-72.84486152855,-62.85092121216));
#3457 = CARTESIAN_POINT('',(270.,-74.97365949742,-63.28629718075));
#3458 = CARTESIAN_POINT('',(270.,-77.21997110265,-64.02263998911));
#3459 = CARTESIAN_POINT('',(270.,-79.54154318641,-65.04609901703));
#3460 = CARTESIAN_POINT('',(270.,-81.89453050145,-66.33637779186));
#3461 = CARTESIAN_POINT('',(270.,-84.23471387876,-67.86733788922));
#3462 = CARTESIAN_POINT('',(270.,-86.51871703342,-69.60779566702));
#3463 = CARTESIAN_POINT('',(270.,-88.70516547423,-71.5224706914));
#3464 = CARTESIAN_POINT('',(270.,-90.7557268303,-73.57303204747));
#3465 = PCURVE('',#2441,#3466);
#3466 = DEFINITIONAL_REPRESENTATION('',(#3467),#3482);
#3467 = B_SPLINE_CURVE_WITH_KNOTS('',13,(#3468,#3469,#3470,#3471,#3472,
    #3473,#3474,#3475,#3476,#3477,#3478,#3479,#3480,#3481),
  .UNSPECIFIED.,.F.,.F.,(14,14),(0.,1.),.PIECEWISE_BEZIER_KNOTS.);
#3468 = CARTESIAN_POINT('',(0.,0.));
#3469 = CARTESIAN_POINT('',(4.493551043534E-02,-1.467402555878));
#3470 = CARTESIAN_POINT('',(0.46929381487,-2.923186513231));
#3471 = CARTESIAN_POINT('',(1.272232890169,-4.339921420919));
#3472 = CARTESIAN_POINT('',(2.444404925819,-5.690440290427));
#3473 = CARTESIAN_POINT('',(3.967970832634,-6.948586461183));
#3474 = CARTESIAN_POINT('',(5.816917188687,-8.089958617297));
#3475 = CARTESIAN_POINT('',(7.957664763632,-9.092613283453));
#3476 = CARTESIAN_POINT('',(10.349946060775,-9.937690509077));
#3477 = CARTESIAN_POINT('',(12.947917614295,-10.6099348312));
#3478 = CARTESIAN_POINT('',(15.701461077204,-11.09808998786));
#3479 = CARTESIAN_POINT('',(18.557615433699,-11.39515223507));
#3480 = CARTESIAN_POINT('',(21.462070967717,-11.49847350196));
#3481 = CARTESIAN_POINT('',(24.360643917599,-11.40971199986));
#3482 = ( GEOMETRIC_REPRESENTATION_CONTEXT(2) 
PARAMETRIC_REPRESENTATION_CONTEXT() REPRESENTATION_CONTEXT('2D SPACE',''
  ) );
#3483 = PCURVE('',#2159,#3484);
#3484 = DEFINITIONAL_REPRESENTATION('',(#3485),#3489);
#3485 = LINE('',#3486,#3487);
#3486 = CARTESIAN_POINT('',(0.,0.));
#3487 = VECTOR('',#3488,1.);
#3488 = DIRECTION('',(1.,0.));
#3489 = ( GEOMETRIC_REPRESENTATION_CONTEXT(2) 
PARAMETRIC_REPRESENTATION_CONTEXT() REPRESENTATION_CONTEXT('2D SPACE',''
  ) );
#3490 = ORIENTED_EDGE('',*,*,#3356,.T.);
#3491 = ORIENTED_EDGE('',*,*,#2426,.T.);
#3492 = ADVANCED_FACE('',(#3493),#2159,.F.);
#3493 = FACE_BOUND('',#3494,.F.);
#3494 = EDGE_LOOP('',(#3495,#3518,#3519,#3520,#3521));
#3495 = ORIENTED_EDGE('',*,*,#3496,.F.);
#3496 = EDGE_CURVE('',#3404,#3497,#3499,.T.);
#3497 = VERTEX_POINT('',#3498);
#3498 = CARTESIAN_POINT('',(700.,-74.52762620207,-74.52762620207));
#3499 = SURFACE_CURVE('',#3500,(#3504,#3511),.PCURVE_S1.);
#3500 = B_SPLINE_CURVE_WITH_KNOTS('',2,(#3501,#3502,#3503),
  .UNSPECIFIED.,.F.,.F.,(3,3),(0.,1.),.PIECEWISE_BEZIER_KNOTS.);
#3501 = CARTESIAN_POINT('',(270.,-65.19381669041,-65.19381669041));
#3502 = CARTESIAN_POINT('',(484.33328197368,-71.98889040141,
    -71.98889040141));
#3503 = CARTESIAN_POINT('',(700.,-74.52762620207,-74.52762620207));
#3504 = PCURVE('',#2159,#3505);
#3505 = DEFINITIONAL_REPRESENTATION('',(#3506),#3510);
#3506 = LINE('',#3507,#3508);
#3507 = CARTESIAN_POINT('',(0.,0.));
#3508 = VECTOR('',#3509,1.);
#3509 = DIRECTION('',(0.,1.));
#3510 = ( GEOMETRIC_REPRESENTATION_CONTEXT(2) 
PARAMETRIC_REPRESENTATION_CONTEXT() REPRESENTATION_CONTEXT('2D SPACE',''
  ) );
#3511 = PCURVE('',#2342,#3512);
#3512 = DEFINITIONAL_REPRESENTATION('',(#3513),#3517);
#3513 = LINE('',#3514,#3515);
#3514 = CARTESIAN_POINT('',(2.,0.));
#3515 = VECTOR('',#3516,1.);
#3516 = DIRECTION('',(0.,1.));
#3517 = ( GEOMETRIC_REPRESENTATION_CONTEXT(2) 
PARAMETRIC_REPRESENTATION_CONTEXT() REPRESENTATION_CONTEXT('2D SPACE',''
  ) );
#3518 = ORIENTED_EDGE('',*,*,#3448,.T.);
#3519 = ORIENTED_EDGE('',*,*,#3333,.T.);
#3520 = ORIENTED_EDGE('',*,*,#2103,.T.);
#3521 = ORIENTED_EDGE('',*,*,#3522,.F.);
#3522 = EDGE_CURVE('',#3497,#2104,#3523,.T.);
#3523 = SURFACE_CURVE('',#3524,(#3539,#3546),.PCURVE_S1.);
#3524 = B_SPLINE_CURVE_WITH_KNOTS('',13,(#3525,#3526,#3527,#3528,#3529,
    #3530,#3531,#3532,#3533,#3534,#3535,#3536,#3537,#3538),
  .UNSPECIFIED.,.F.,.F.,(14,14),(0.,1.),.PIECEWISE_BEZIER_KNOTS.);
#3525 = CARTESIAN_POINT('',(700.,-74.52762620207,-74.52762620207));
#3526 = CARTESIAN_POINT('',(700.,-76.25778734626,-72.79746505788));
#3527 = CARTESIAN_POINT('',(700.,-78.25636699719,-71.33572178507));
#3528 = CARTESIAN_POINT('',(700.,-80.4910213932,-70.1747372693));
#3529 = CARTESIAN_POINT('',(700.,-82.92339291565,-69.34083148501));
#3530 = CARTESIAN_POINT('',(700.,-85.509984479,-68.85341728503));
#3531 = CARTESIAN_POINT('',(700.,-88.20325644797,-68.72431925352));
#3532 = CARTESIAN_POINT('',(700.,-90.9528909855,-68.95733912959));
#3533 = CARTESIAN_POINT('',(700.,-93.7071674212,-69.54809380556));
#3534 = CARTESIAN_POINT('',(700.,-96.41439091632,-70.48413640032));
#3535 = CARTESIAN_POINT('',(700.,-99.02431538693,-71.74535540437));
#3536 = CARTESIAN_POINT('',(699.99999999999,-101.4895003338,
    -73.30463138988));
#3537 = CARTESIAN_POINT('',(700.,-103.7665399135,-75.12871527545));
#3538 = CARTESIAN_POINT('',(700.,-105.8171012695,-77.17927663152));
#3539 = PCURVE('',#2159,#3540);
#3540 = DEFINITIONAL_REPRESENTATION('',(#3541),#3545);
#3541 = LINE('',#3542,#3543);
#3542 = CARTESIAN_POINT('',(0.,1.));
#3543 = VECTOR('',#3544,1.);
#3544 = DIRECTION('',(1.,0.));
#3545 = ( GEOMETRIC_REPRESENTATION_CONTEXT(2) 
PARAMETRIC_REPRESENTATION_CONTEXT() REPRESENTATION_CONTEXT('2D SPACE',''
  ) );
#3546 = PCURVE('',#2246,#3547);
#3547 = DEFINITIONAL_REPRESENTATION('',(#3548),#3563);
#3548 = B_SPLINE_CURVE_WITH_KNOTS('',13,(#3549,#3550,#3551,#3552,#3553,
    #3554,#3555,#3556,#3557,#3558,#3559,#3560,#3561,#3562),
  .UNSPECIFIED.,.F.,.F.,(14,14),(0.,1.),.PIECEWISE_BEZIER_KNOTS.);
#3549 = CARTESIAN_POINT('',(0.,0.));
#3550 = CARTESIAN_POINT('',(0.124717045834,-2.443636803657));
#3551 = CARTESIAN_POINT('',(0.628541325341,-4.867925382215));
#3552 = CARTESIAN_POINT('',(1.509139441405,-7.227186341374));
#3553 = CARTESIAN_POINT('',(2.755679446714,-9.476179025994));
#3554 = CARTESIAN_POINT('',(4.348885952004,-11.57134526032));
#3555 = CARTESIAN_POINT('',(6.261397822793,-13.47205000979));
#3556 = CARTESIAN_POINT('',(8.458415386516,-15.14175123374));
#3557 = CARTESIAN_POINT('',(10.898612707072,-16.54904182499));
#3558 = CARTESIAN_POINT('',(13.535279119018,-17.66851715916));
#3559 = CARTESIAN_POINT('',(16.317642848765,-18.48143240313));
#3560 = CARTESIAN_POINT('',(19.192318185322,-18.97612435889));
#3561 = CARTESIAN_POINT('',(22.104806298287,-19.14818324577));
#3562 = CARTESIAN_POINT('',(25.000968435954,-19.00037045071));
#3563 = ( GEOMETRIC_REPRESENTATION_CONTEXT(2) 
PARAMETRIC_REPRESENTATION_CONTEXT() REPRESENTATION_CONTEXT('2D SPACE',''
  ) );
#3564 = ADVANCED_FACE('',(#3565),#2342,.F.);
#3565 = FACE_BOUND('',#3566,.F.);
#3566 = EDGE_LOOP('',(#3567,#3568,#3569,#3570));
#3567 = ORIENTED_EDGE('',*,*,#2258,.F.);
#3568 = ORIENTED_EDGE('',*,*,#3403,.T.);
#3569 = ORIENTED_EDGE('',*,*,#3496,.T.);
#3570 = ORIENTED_EDGE('',*,*,#3571,.F.);
#3571 = EDGE_CURVE('',#2230,#3497,#3572,.T.);
#3572 = SURFACE_CURVE('',#3573,(#3588,#3595),.PCURVE_S1.);
#3573 = B_SPLINE_CURVE_WITH_KNOTS('',13,(#3574,#3575,#3576,#3577,#3578,
    #3579,#3580,#3581,#3582,#3583,#3584,#3585,#3586,#3587),
  .UNSPECIFIED.,.F.,.F.,(14,14),(1.,2.),.PIECEWISE_BEZIER_KNOTS.);
#3574 = CARTESIAN_POINT('',(700.,-105.8171012695,-77.17927663152));
#3575 = CARTESIAN_POINT('',(700.00000000011,-111.9687853378,
    -83.33096069974));
#3576 = CARTESIAN_POINT('',(699.99999999947,-116.0821714405,
    -91.52094344535));
#3577 = CARTESIAN_POINT('',(700.00000000145,-117.1223488006,
    -100.7143088786));
#3578 = CARTESIAN_POINT('',(699.99999999699,-114.4659040136,
    -109.4646950743));
#3579 = CARTESIAN_POINT('',(700.00000000482,-108.1562246828,
    -116.1694409158));
#3580 = CARTESIAN_POINT('',(699.99999999383,-99.03211817406,
    -119.4524969337));
#3581 = CARTESIAN_POINT('',(700.00000000629,-88.62755406992,
    -118.5707542135));
#3582 = CARTESIAN_POINT('',(699.99999999486,-78.8109682856,-113.68255478
    ));
#3583 = CARTESIAN_POINT('',(700.00000000331,-71.26538501592,
    -105.8036341425));
#3584 = CARTESIAN_POINT('',(699.99999999834,-67.07666300237,
    -96.47314906506));
#3585 = CARTESIAN_POINT('',(700.00000000059,-66.56242001016,
    -87.32435434113));
#3586 = CARTESIAN_POINT('',(699.99999999987,-69.33714276951,
    -79.71810963462));
#3587 = CARTESIAN_POINT('',(700.,-74.52762620207,-74.52762620207));
#3588 = PCURVE('',#2342,#3589);
#3589 = DEFINITIONAL_REPRESENTATION('',(#3590),#3594);
#3590 = LINE('',#3591,#3592);
#3591 = CARTESIAN_POINT('',(0.,1.));
#3592 = VECTOR('',#3593,1.);
#3593 = DIRECTION('',(1.,0.));
#3594 = ( GEOMETRIC_REPRESENTATION_CONTEXT(2) 
PARAMETRIC_REPRESENTATION_CONTEXT() REPRESENTATION_CONTEXT('2D SPACE',''
  ) );
#3595 = PCURVE('',#2246,#3596);
#3596 = DEFINITIONAL_REPRESENTATION('',(#3597),#3612);
#3597 = B_SPLINE_CURVE_WITH_KNOTS('',13,(#3598,#3599,#3600,#3601,#3602,
    #3603,#3604,#3605,#3606,#3607,#3608,#3609,#3610,#3611),
  .UNSPECIFIED.,.F.,.F.,(14,14),(1.,2.),.PIECEWISE_BEZIER_KNOTS.);
#3598 = CARTESIAN_POINT('',(25.000968435954,-19.00037045071));
#3599 = CARTESIAN_POINT('',(33.68945484896,-18.55693206552));
#3600 = CARTESIAN_POINT('',(42.231012939017,-15.23465152381));
#3601 = CARTESIAN_POINT('',(49.163956830281,-9.10813326869));
#3602 = CARTESIAN_POINT('',(53.056297520159,-0.833132275692));
#3603 = CARTESIAN_POINT('',(52.86622227853,8.371732821621));
#3604 = CARTESIAN_POINT('',(48.294165316563,16.922994221935));
#3605 = CARTESIAN_POINT('',(39.980693192609,23.241111478366));
#3606 = CARTESIAN_POINT('',(29.418726679498,26.191486630424));
#3607 = CARTESIAN_POINT('',(18.538146942594,25.400157444089));
#3608 = CARTESIAN_POINT('',(9.176369684719,21.281848268954));
#3609 = CARTESIAN_POINT('',(2.663658747374,14.835959113659));
#3610 = CARTESIAN_POINT('',(-0.374151137506,7.330910410967));
#3611 = CARTESIAN_POINT('',(-1.7763568394E-14,6.106226635438E-15));
#3612 = ( GEOMETRIC_REPRESENTATION_CONTEXT(2) 
PARAMETRIC_REPRESENTATION_CONTEXT() REPRESENTATION_CONTEXT('2D SPACE',''
  ) );
#3613 = ADVANCED_FACE('',(#3614),#2246,.F.);
#3614 = FACE_BOUND('',#3615,.F.);
#3615 = EDGE_LOOP('',(#3616,#3617,#3618));
#3616 = ORIENTED_EDGE('',*,*,#3571,.T.);
#3617 = ORIENTED_EDGE('',*,*,#3522,.T.);
#3618 = ORIENTED_EDGE('',*,*,#2229,.T.);
#3619 = ( GEOMETRIC_REPRESENTATION_CONTEXT(3) 
GLOBAL_UNCERTAINTY_ASSIGNED_CONTEXT((#3623)) 
GLOBAL_UNIT_ASSIGNED_CONTEXT((#3620,#3621,#3622)) REPRESENTATION_CONTEXT
('Context #1','3D Context with UNIT and UNCERTAINTY') );
#3620 = ( LENGTH_UNIT() NAMED_UNIT(*) SI_UNIT(.MILLI.,.METRE.) );
#3621 = ( NAMED_UNIT(*) PLANE_ANGLE_UNIT() SI_UNIT($,.RADIAN.) );
#3622 = ( NAMED_UNIT(*) SI_UNIT($,.STERADIAN.) SOLID_ANGLE_UNIT() );
#3623 = UNCERTAINTY_MEASURE_WITH_UNIT(LENGTH_MEASURE(2.E-06),#3620,
  'distance_accuracy_value','confusion accuracy');
#3624 = CONTEXT_DEPENDENT_SHAPE_REPRESENTATION(#3625,#3627);
#3625 = ( REPRESENTATION_RELATIONSHIP('','',#36,#10) 
REPRESENTATION_RELATIONSHIP_WITH_TRANSFORMATION(#3626) 
SHAPE_REPRESENTATION_RELATIONSHIP() );
#3626 = ITEM_DEFINED_TRANSFORMATION('','',#11,#15);
#3627 = PRODUCT_DEFINITION_SHAPE('Placement','Placement of an item',
  #3628);
#3628 = NEXT_ASSEMBLY_USAGE_OCCURRENCE('1','sustainer_body','',#5,#31,$
  );
#3629 = PRODUCT_RELATED_PRODUCT_CATEGORY('part',$,(#33));
#3630 = SHAPE_DEFINITION_REPRESENTATION(#3631,#3637);
#3631 = PRODUCT_DEFINITION_SHAPE('','',#3632);
#3632 = PRODUCT_DEFINITION('design','',#3633,#3636);
#3633 = PRODUCT_DEFINITION_FORMATION('','',#3634);
#3634 = PRODUCT('mount_2','mount_2','',(#3635));
#3635 = PRODUCT_CONTEXT('',#2,'mechanical');
#3636 = PRODUCT_DEFINITION_CONTEXT('part definition',#2,'design');
#3637 = ADVANCED_BREP_SHAPE_REPRESENTATION('',(#11,#3638),#3968);
#3638 = MANIFOLD_SOLID_BREP('',#3639);
#3639 = CLOSED_SHELL('',(#3640,#3760,#3860,#3907,#3954,#3961));
#3640 = ADVANCED_FACE('',(#3641),#3655,.F.);
#3641 = FACE_BOUND('',#3642,.F.);
#3642 = EDGE_LOOP('',(#3643,#3678,#3706,#3734));
#3643 = ORIENTED_EDGE('',*,*,#3644,.F.);
#3644 = EDGE_CURVE('',#3645,#3647,#3649,.T.);
#3645 = VERTEX_POINT('',#3646);
#3646 = CARTESIAN_POINT('',(449.,-12.5,111.));
#3647 = VERTEX_POINT('',#3648);
#3648 = CARTESIAN_POINT('',(449.,-12.5,121.));
#3649 = SURFACE_CURVE('',#3650,(#3654,#3666),.PCURVE_S1.);
#3650 = LINE('',#3651,#3652);
#3651 = CARTESIAN_POINT('',(449.,-12.5,111.));
#3652 = VECTOR('',#3653,1.);
#3653 = DIRECTION('',(0.,0.,1.));
#3654 = PCURVE('',#3655,#3660);
#3655 = PLANE('',#3656);
#3656 = AXIS2_PLACEMENT_3D('',#3657,#3658,#3659);
#3657 = CARTESIAN_POINT('',(449.,-12.5,111.));
#3658 = DIRECTION('',(1.,0.,0.));
#3659 = DIRECTION('',(0.,0.,1.));
#3660 = DEFINITIONAL_REPRESENTATION('',(#3661),#3665);
#3661 = LINE('',#3662,#3663);
#3662 = CARTESIAN_POINT('',(0.,0.));
#3663 = VECTOR('',#3664,1.);
#3664 = DIRECTION('',(1.,0.));
#3665 = ( GEOMETRIC_REPRESENTATION_CONTEXT(2) 
PARAMETRIC_REPRESENTATION_CONTEXT() REPRESENTATION_CONTEXT('2D SPACE',''
  ) );
#3666 = PCURVE('',#3667,#3672);
#3667 = PLANE('',#3668);
#3668 = AXIS2_PLACEMENT_3D('',#3669,#3670,#3671);
#3669 = CARTESIAN_POINT('',(449.,-12.5,111.));
#3670 = DIRECTION('',(0.,1.,0.));
#3671 = DIRECTION('',(0.,0.,1.));
#3672 = DEFINITIONAL_REPRESENTATION('',(#3673),#3677);
#3673 = LINE('',#3674,#3675);
#3674 = CARTESIAN_POINT('',(0.,0.));
#3675 = VECTOR('',#3676,1.);
#3676 = DIRECTION('',(1.,0.));
#3677 = ( GEOMETRIC_REPRESENTATION_CONTEXT(2) 
PARAMETRIC_REPRESENTATION_CONTEXT() REPRESENTATION_CONTEXT('2D SPACE',''
  ) );
#3678 = ORIENTED_EDGE('',*,*,#3679,.T.);
#3679 = EDGE_CURVE('',#3645,#3680,#3682,.T.);
#3680 = VERTEX_POINT('',#3681);
#3681 = CARTESIAN_POINT('',(449.,12.5,111.));
#3682 = SURFACE_CURVE('',#3683,(#3687,#3694),.PCURVE_S1.);
#3683 = LINE('',#3684,#3685);
#3684 = CARTESIAN_POINT('',(449.,-12.5,111.));
#3685 = VECTOR('',#3686,1.);
#3686 = DIRECTION('',(0.,1.,0.));
#3687 = PCURVE('',#3655,#3688);
#3688 = DEFINITIONAL_REPRESENTATION('',(#3689),#3693);
#3689 = LINE('',#3690,#3691);
#3690 = CARTESIAN_POINT('',(0.,0.));
#3691 = VECTOR('',#3692,1.);
#3692 = DIRECTION('',(0.,-1.));
#3693 = ( GEOMETRIC_REPRESENTATION_CONTEXT(2) 
PARAMETRIC_REPRESENTATION_CONTEXT() REPRESENTATION_CONTEXT('2D SPACE',''
  ) );
#3694 = PCURVE('',#3695,#3700);
#3695 = PLANE('',#3696);
#3696 = AXIS2_PLACEMENT_3D('',#3697,#3698,#3699);
#3697 = CARTESIAN_POINT('',(449.,-12.5,111.));
#3698 = DIRECTION('',(0.,0.,1.));
#3699 = DIRECTION('',(1.,0.,0.));
#3700 = DEFINITIONAL_REPRESENTATION('',(#3701),#3705);
#3701 = LINE('',#3702,#3703);
#3702 = CARTESIAN_POINT('',(0.,0.));
#3703 = VECTOR('',#3704,1.);
#3704 = DIRECTION('',(0.,1.));
#3705 = ( GEOMETRIC_REPRESENTATION_CONTEXT(2) 
PARAMETRIC_REPRESENTATION_CONTEXT() REPRESENTATION_CONTEXT('2D SPACE',''
  ) );
#3706 = ORIENTED_EDGE('',*,*,#3707,.T.);
#3707 = EDGE_CURVE('',#3680,#3708,#3710,.T.);
#3708 = VERTEX_POINT('',#3709);
#3709 = CARTESIAN_POINT('',(449.,12.5,121.));
#3710 = SURFACE_CURVE('',#3711,(#3715,#3722),.PCURVE_S1.);
#3711 = LINE('',#3712,#3713);
#3712 = CARTESIAN_POINT('',(449.,12.5,111.));
#3713 = VECTOR('',#3714,1.);
#3714 = DIRECTION('',(0.,0.,1.));
#3715 = PCURVE('',#3655,#3716);
#3716 = DEFINITIONAL_REPRESENTATION('',(#3717),#3721);
#3717 = LINE('',#3718,#3719);
#3718 = CARTESIAN_POINT('',(0.,-25.));
#3719 = VECTOR('',#3720,1.);
#3720 = DIRECTION('',(1.,0.));
#3721 = ( GEOMETRIC_REPRESENTATION_CONTEXT(2) 
PARAMETRIC_REPRESENTATION_CONTEXT() REPRESENTATION_CONTEXT('2D SPACE',''
  ) );
#3722 = PCURVE('',#3723,#3728);
#3723 = PLANE('',#3724);
#3724 = AXIS2_PLACEMENT_3D('',#3725,#3726,#3727);
#3725 = CARTESIAN_POINT('',(449.,12.5,111.));
#3726 = DIRECTION('',(0.,1.,0.));
#3727 = DIRECTION('',(0.,0.,1.));
#3728 = DEFINITIONAL_REPRESENTATION('',(#3729),#3733);
#3729 = LINE('',#3730,#3731);
#3730 = CARTESIAN_POINT('',(0.,0.));
#3731 = VECTOR('',#3732,1.);
#3732 = DIRECTION('',(1.,0.));
#3733 = ( GEOMETRIC_REPRESENTATION_CONTEXT(2) 
PARAMETRIC_REPRESENTATION_CONTEXT() REPRESENTATION_CONTEXT('2D SPACE',''
  ) );
#3734 = ORIENTED_EDGE('',*,*,#3735,.F.);
#3735 = EDGE_CURVE('',#3647,#3708,#3736,.T.);
#3736 = SURFACE_CURVE('',#3737,(#3741,#3748),.PCURVE_S1.);
#3737 = LINE('',#3738,#3739);
#3738 = CARTESIAN_POINT('',(449.,-12.5,121.));
#3739 = VECTOR('',#3740,1.);
#3740 = DIRECTION('',(0.,1.,0.));
#3741 = PCURVE('',#3655,#3742);
#3742 = DEFINITIONAL_REPRESENTATION('',(#3743),#3747);
#3743 = LINE('',#3744,#3745);
#3744 = CARTESIAN_POINT('',(10.,0.));
#3745 = VECTOR('',#3746,1.);
#3746 = DIRECTION('',(0.,-1.));
#3747 = ( GEOMETRIC_REPRESENTATION_CONTEXT(2) 
PARAMETRIC_REPRESENTATION_CONTEXT() REPRESENTATION_CONTEXT('2D SPACE',''
  ) );
#3748 = PCURVE('',#3749,#3754);
#3749 = PLANE('',#3750);
#3750 = AXIS2_PLACEMENT_3D('',#3751,#3752,#3753);
#3751 = CARTESIAN_POINT('',(449.,-12.5,121.));
#3752 = DIRECTION('',(0.,0.,1.));
#3753 = DIRECTION('',(1.,0.,0.));
#3754 = DEFINITIONAL_REPRESENTATION('',(#3755),#3759);
#3755 = LINE('',#3756,#3757);
#3756 = CARTESIAN_POINT('',(0.,0.));
#3757 = VECTOR('',#3758,1.);
#3758 = DIRECTION('',(0.,1.));
#3759 = ( GEOMETRIC_REPRESENTATION_CONTEXT(2) 
PARAMETRIC_REPRESENTATION_CONTEXT() REPRESENTATION_CONTEXT('2D SPACE',''
  ) );
#3760 = ADVANCED_FACE('',(#3761),#3775,.T.);
#3761 = FACE_BOUND('',#3762,.T.);
#3762 = EDGE_LOOP('',(#3763,#3793,#3816,#3839));
#3763 = ORIENTED_EDGE('',*,*,#3764,.F.);
#3764 = EDGE_CURVE('',#3765,#3767,#3769,.T.);
#3765 = VERTEX_POINT('',#3766);
#3766 = CARTESIAN_POINT('',(511.,-12.5,111.));
#3767 = VERTEX_POINT('',#3768);
#3768 = CARTESIAN_POINT('',(511.,-12.5,121.));
#3769 = SURFACE_CURVE('',#3770,(#3774,#3786),.PCURVE_S1.);
#3770 = LINE('',#3771,#3772);
#3771 = CARTESIAN_POINT('',(511.,-12.5,111.));
#3772 = VECTOR('',#3773,1.);
#3773 = DIRECTION('',(0.,0.,1.));
#3774 = PCURVE('',#3775,#3780);
#3775 = PLANE('',#3776);
#3776 = AXIS2_PLACEMENT_3D('',#3777,#3778,#3779);
#3777 = CARTESIAN_POINT('',(511.,-12.5,111.));
#3778 = DIRECTION('',(1.,0.,0.));
#3779 = DIRECTION('',(0.,0.,1.));
#3780 = DEFINITIONAL_REPRESENTATION('',(#3781),#3785);
#3781 = LINE('',#3782,#3783);
#3782 = CARTESIAN_POINT('',(0.,0.));
#3783 = VECTOR('',#3784,1.);
#3784 = DIRECTION('',(1.,0.));
#3785 = ( GEOMETRIC_REPRESENTATION_CONTEXT(2) 
PARAMETRIC_REPRESENTATION_CONTEXT() REPRESENTATION_CONTEXT('2D SPACE',''
  ) );
#3786 = PCURVE('',#3667,#3787);
#3787 = DEFINITIONAL_REPRESENTATION('',(#3788),#3792);
#3788 = LINE('',#3789,#3790);
#3789 = CARTESIAN_POINT('',(0.,62.));
#3790 = VECTOR('',#3791,1.);
#3791 = DIRECTION('',(1.,0.));
#3792 = ( GEOMETRIC_REPRESENTATION_CONTEXT(2) 
PARAMETRIC_REPRESENTATION_CONTEXT() REPRESENTATION_CONTEXT('2D SPACE',''
  ) );
#3793 = ORIENTED_EDGE('',*,*,#3794,.T.);
#3794 = EDGE_CURVE('',#3765,#3795,#3797,.T.);
#3795 = VERTEX_POINT('',#3796);
#3796 = CARTESIAN_POINT('',(511.,12.5,111.));
#3797 = SURFACE_CURVE('',#3798,(#3802,#3809),.PCURVE_S1.);
#3798 = LINE('',#3799,#3800);
#3799 = CARTESIAN_POINT('',(511.,-12.5,111.));
#3800 = VECTOR('',#3801,1.);
#3801 = DIRECTION('',(0.,1.,0.));
#3802 = PCURVE('',#3775,#3803);
#3803 = DEFINITIONAL_REPRESENTATION('',(#3804),#3808);
#3804 = LINE('',#3805,#3806);
#3805 = CARTESIAN_POINT('',(0.,0.));
#3806 = VECTOR('',#3807,1.);
#3807 = DIRECTION('',(0.,-1.));
#3808 = ( GEOMETRIC_REPRESENTATION_CONTEXT(2) 
PARAMETRIC_REPRESENTATION_CONTEXT() REPRESENTATION_CONTEXT('2D SPACE',''
  ) );
#3809 = PCURVE('',#3695,#3810);
#3810 = DEFINITIONAL_REPRESENTATION('',(#3811),#3815);
#3811 = LINE('',#3812,#3813);
#3812 = CARTESIAN_POINT('',(62.,0.));
#3813 = VECTOR('',#3814,1.);
#3814 = DIRECTION('',(0.,1.));
#3815 = ( GEOMETRIC_REPRESENTATION_CONTEXT(2) 
PARAMETRIC_REPRESENTATION_CONTEXT() REPRESENTATION_CONTEXT('2D SPACE',''
  ) );
#3816 = ORIENTED_EDGE('',*,*,#3817,.T.);
#3817 = EDGE_CURVE('',#3795,#3818,#3820,.T.);
#3818 = VERTEX_POINT('',#3819);
#3819 = CARTESIAN_POINT('',(511.,12.5,121.));
#3820 = SURFACE_CURVE('',#3821,(#3825,#3832),.PCURVE_S1.);
#3821 = LINE('',#3822,#3823);
#3822 = CARTESIAN_POINT('',(511.,12.5,111.));
#3823 = VECTOR('',#3824,1.);
#3824 = DIRECTION('',(0.,0.,1.));
#3825 = PCURVE('',#3775,#3826);
#3826 = DEFINITIONAL_REPRESENTATION('',(#3827),#3831);
#3827 = LINE('',#3828,#3829);
#3828 = CARTESIAN_POINT('',(0.,-25.));
#3829 = VECTOR('',#3830,1.);
#3830 = DIRECTION('',(1.,0.));
#3831 = ( GEOMETRIC_REPRESENTATION_CONTEXT(2) 
PARAMETRIC_REPRESENTATION_CONTEXT() REPRESENTATION_CONTEXT('2D SPACE',''
  ) );
#3832 = PCURVE('',#3723,#3833);
#3833 = DEFINITIONAL_REPRESENTATION('',(#3834),#3838);
#3834 = LINE('',#3835,#3836);
#3835 = CARTESIAN_POINT('',(0.,62.));
#3836 = VECTOR('',#3837,1.);
#3837 = DIRECTION('',(1.,0.));
#3838 = ( GEOMETRIC_REPRESENTATION_CONTEXT(2) 
PARAMETRIC_REPRESENTATION_CONTEXT() REPRESENTATION_CONTEXT('2D SPACE',''
  ) );
#3839 = ORIENTED_EDGE('',*,*,#3840,.F.);
#3840 = EDGE_CURVE('',#3767,#3818,#3841,.T.);
#3841 = SURFACE_CURVE('',#3842,(#3846,#3853),.PCURVE_S1.);
#3842 = LINE('',#3843,#3844);
#3843 = CARTESIAN_POINT('',(511.,-12.5,121.));
#3844 = VECTOR('',#3845,1.);
#3845 = DIRECTION('',(0.,1.,0.));
#3846 = PCURVE('',#3775,#3847);
#3847 = DEFINITIONAL_REPRESENTATION('',(#3848),#3852);
#3848 = LINE('',#3849,#3850);
#3849 = CARTESIAN_POINT('',(10.,0.));
#3850 = VECTOR('',#3851,1.);
#3851 = DIRECTION('',(0.,-1.));
#3852 = ( GEOMETRIC_REPRESENTATION_CONTEXT(2) 
PARAMETRIC_REPRESENTATION_CONTEXT() REPRESENTATION_CONTEXT('2D SPACE',''
  ) );
#3853 = PCURVE('',#3749,#3854);
#3854 = DEFINITIONAL_REPRESENTATION('',(#3855),#3859);
#3855 = LINE('',#3856,#3857);
#3856 = CARTESIAN_POINT('',(62.,0.));
#3857 = VECTOR('',#3858,1.);
#3858 = DIRECTION('',(0.,1.));
#3859 = ( GEOMETRIC_REPRESENTATION_CONTEXT(2) 
PARAMETRIC_REPRESENTATION_CONTEXT() REPRESENTATION_CONTEXT('2D SPACE',''
  ) );
#3860 = ADVANCED_FACE('',(#3861),#3667,.F.);
#3861 = FACE_BOUND('',#3862,.F.);
#3862 = EDGE_LOOP('',(#3863,#3884,#3885,#3906));
#3863 = ORIENTED_EDGE('',*,*,#3864,.F.);
#3864 = EDGE_CURVE('',#3645,#3765,#3865,.T.);
#3865 = SURFACE_CURVE('',#3866,(#3870,#3877),.PCURVE_S1.);
#3866 = LINE('',#3867,#3868);
#3867 = CARTESIAN_POINT('',(449.,-12.5,111.));
#3868 = VECTOR('',#3869,1.);
#3869 = DIRECTION('',(1.,0.,0.));
#3870 = PCURVE('',#3667,#3871);
#3871 = DEFINITIONAL_REPRESENTATION('',(#3872),#3876);
#3872 = LINE('',#3873,#3874);
#3873 = CARTESIAN_POINT('',(0.,0.));
#3874 = VECTOR('',#3875,1.);
#3875 = DIRECTION('',(0.,1.));
#3876 = ( GEOMETRIC_REPRESENTATION_CONTEXT(2) 
PARAMETRIC_REPRESENTATION_CONTEXT() REPRESENTATION_CONTEXT('2D SPACE',''
  ) );
#3877 = PCURVE('',#3695,#3878);
#3878 = DEFINITIONAL_REPRESENTATION('',(#3879),#3883);
#3879 = LINE('',#3880,#3881);
#3880 = CARTESIAN_POINT('',(0.,0.));
#3881 = VECTOR('',#3882,1.);
#3882 = DIRECTION('',(1.,0.));
#3883 = ( GEOMETRIC_REPRESENTATION_CONTEXT(2) 
PARAMETRIC_REPRESENTATION_CONTEXT() REPRESENTATION_CONTEXT('2D SPACE',''
  ) );
#3884 = ORIENTED_EDGE('',*,*,#3644,.T.);
#3885 = ORIENTED_EDGE('',*,*,#3886,.T.);
#3886 = EDGE_CURVE('',#3647,#3767,#3887,.T.);
#3887 = SURFACE_CURVE('',#3888,(#3892,#3899),.PCURVE_S1.);
#3888 = LINE('',#3889,#3890);
#3889 = CARTESIAN_POINT('',(449.,-12.5,121.));
#3890 = VECTOR('',#3891,1.);
#3891 = DIRECTION('',(1.,0.,0.));
#3892 = PCURVE('',#3667,#3893);
#3893 = DEFINITIONAL_REPRESENTATION('',(#3894),#3898);
#3894 = LINE('',#3895,#3896);
#3895 = CARTESIAN_POINT('',(10.,0.));
#3896 = VECTOR('',#3897,1.);
#3897 = DIRECTION('',(0.,1.));
#3898 = ( GEOMETRIC_REPRESENTATION_CONTEXT(2) 
PARAMETRIC_REPRESENTATION_CONTEXT() REPRESENTATION_CONTEXT('2D SPACE',''
  ) );
#3899 = PCURVE('',#3749,#3900);
#3900 = DEFINITIONAL_REPRESENTATION('',(#3901),#3905);
#3901 = LINE('',#3902,#3903);
#3902 = CARTESIAN_POINT('',(0.,0.));
#3903 = VECTOR('',#3904,1.);
#3904 = DIRECTION('',(1.,0.));
#3905 = ( GEOMETRIC_REPRESENTATION_CONTEXT(2) 
PARAMETRIC_REPRESENTATION_CONTEXT() REPRESENTATION_CONTEXT('2D SPACE',''
  ) );
#3906 = ORIENTED_EDGE('',*,*,#3764,.F.);
#3907 = ADVANCED_FACE('',(#3908),#3723,.T.);
#3908 = FACE_BOUND('',#3909,.T.);
#3909 = EDGE_LOOP('',(#3910,#3931,#3932,#3953));
#3910 = ORIENTED_EDGE('',*,*,#3911,.F.);
#3911 = EDGE_CURVE('',#3680,#3795,#3912,.T.);
#3912 = SURFACE_CURVE('',#3913,(#3917,#3924),.PCURVE_S1.);
#3913 = LINE('',#3914,#3915);
#3914 = CARTESIAN_POINT('',(449.,12.5,111.));
#3915 = VECTOR('',#3916,1.);
#3916 = DIRECTION('',(1.,0.,0.));
#3917 = PCURVE('',#3723,#3918);
#3918 = DEFINITIONAL_REPRESENTATION('',(#3919),#3923);
#3919 = LINE('',#3920,#3921);
#3920 = CARTESIAN_POINT('',(0.,0.));
#3921 = VECTOR('',#3922,1.);
#3922 = DIRECTION('',(0.,1.));
#3923 = ( GEOMETRIC_REPRESENTATION_CONTEXT(2) 
PARAMETRIC_REPRESENTATION_CONTEXT() REPRESENTATION_CONTEXT('2D SPACE',''
  ) );
#3924 = PCURVE('',#3695,#3925);
#3925 = DEFINITIONAL_REPRESENTATION('',(#3926),#3930);
#3926 = LINE('',#3927,#3928);
#3927 = CARTESIAN_POINT('',(0.,25.));
#3928 = VECTOR('',#3929,1.);
#3929 = DIRECTION('',(1.,0.));
#3930 = ( GEOMETRIC_REPRESENTATION_CONTEXT(2) 
PARAMETRIC_REPRESENTATION_CONTEXT() REPRESENTATION_CONTEXT('2D SPACE',''
  ) );
#3931 = ORIENTED_EDGE('',*,*,#3707,.T.);
#3932 = ORIENTED_EDGE('',*,*,#3933,.T.);
#3933 = EDGE_CURVE('',#3708,#3818,#3934,.T.);
#3934 = SURFACE_CURVE('',#3935,(#3939,#3946),.PCURVE_S1.);
#3935 = LINE('',#3936,#3937);
#3936 = CARTESIAN_POINT('',(449.,12.5,121.));
#3937 = VECTOR('',#3938,1.);
#3938 = DIRECTION('',(1.,0.,0.));
#3939 = PCURVE('',#3723,#3940);
#3940 = DEFINITIONAL_REPRESENTATION('',(#3941),#3945);
#3941 = LINE('',#3942,#3943);
#3942 = CARTESIAN_POINT('',(10.,0.));
#3943 = VECTOR('',#3944,1.);
#3944 = DIRECTION('',(0.,1.));
#3945 = ( GEOMETRIC_REPRESENTATION_CONTEXT(2) 
PARAMETRIC_REPRESENTATION_CONTEXT() REPRESENTATION_CONTEXT('2D SPACE',''
  ) );
#3946 = PCURVE('',#3749,#3947);
#3947 = DEFINITIONAL_REPRESENTATION('',(#3948),#3952);
#3948 = LINE('',#3949,#3950);
#3949 = CARTESIAN_POINT('',(0.,25.));
#3950 = VECTOR('',#3951,1.);
#3951 = DIRECTION('',(1.,0.));
#3952 = ( GEOMETRIC_REPRESENTATION_CONTEXT(2) 
PARAMETRIC_REPRESENTATION_CONTEXT() REPRESENTATION_CONTEXT('2D SPACE',''
  ) );
#3953 = ORIENTED_EDGE('',*,*,#3817,.F.);
#3954 = ADVANCED_FACE('',(#3955),#3695,.F.);
#3955 = FACE_BOUND('',#3956,.F.);
#3956 = EDGE_LOOP('',(#3957,#3958,#3959,#3960));
#3957 = ORIENTED_EDGE('',*,*,#3679,.F.);
#3958 = ORIENTED_EDGE('',*,*,#3864,.T.);
#3959 = ORIENTED_EDGE('',*,*,#3794,.T.);
#3960 = ORIENTED_EDGE('',*,*,#3911,.F.);
#3961 = ADVANCED_FACE('',(#3962),#3749,.T.);
#3962 = FACE_BOUND('',#3963,.T.);
#3963 = EDGE_LOOP('',(#3964,#3965,#3966,#3967));
#3964 = ORIENTED_EDGE('',*,*,#3735,.F.);
#3965 = ORIENTED_EDGE('',*,*,#3886,.T.);
#3966 = ORIENTED_EDGE('',*,*,#3840,.T.);
#3967 = ORIENTED_EDGE('',*,*,#3933,.F.);
#3968 = ( GEOMETRIC_REPRESENTATION_CONTEXT(3) 
GLOBAL_UNCERTAINTY_ASSIGNED_CONTEXT((#3972)) 
GLOBAL_UNIT_ASSIGNED_CONTEXT((#3969,#3970,#3971)) REPRESENTATION_CONTEXT
('Context #1','3D Context with UNIT and UNCERTAINTY') );
#3969 = ( LENGTH_UNIT() NAMED_UNIT(*) SI_UNIT(.MILLI.,.METRE.) );
#3970 = ( NAMED_UNIT(*) PLANE_ANGLE_UNIT() SI_UNIT($,.RADIAN.) );
#3971 = ( NAMED_UNIT(*) SI_UNIT($,.STERADIAN.) SOLID_ANGLE_UNIT() );
#3972 = UNCERTAINTY_MEASURE_WITH_UNIT(LENGTH_MEASURE(1.E-07),#3969,
  'distance_accuracy_value','confusion accuracy');
#3973 = CONTEXT_DEPENDENT_SHAPE_REPRESENTATION(#3974,#3976);
#3974 = ( REPRESENTATION_RELATIONSHIP('','',#3637,#10) 
REPRESENTATION_RELATIONSHIP_WITH_TRANSFORMATION(#3975) 
SHAPE_REPRESENTATION_RELATIONSHIP() );
#3975 = ITEM_DEFINED_TRANSFORMATION('','',#11,#19);
#3976 = PRODUCT_DEFINITION_SHAPE('Placement','Placement of an item',
  #3977);
#3977 = NEXT_ASSEMBLY_USAGE_OCCURRENCE('2','mount_2','',#5,#3632,$);
#3978 = PRODUCT_RELATED_PRODUCT_CATEGORY('part',$,(#3634));
#3979 = SHAPE_DEFINITION_REPRESENTATION(#3627,#3980);
#3980 = SHAPE_REPRESENTATION('',(#15),#3619);
#3981 = SHAPE_DEFINITION_REPRESENTATION(#3976,#3982);
#3982 = SHAPE_REPRESENTATION('',(#19),#3968);
#3983 = SHAPE_DEFINITION_REPRESENTATION(#3627,#3984);
#3984 = SHAPE_REPRESENTATION('',(#15),#3619);
#3985 = SHAPE_DEFINITION_REPRESENTATION(#3976,#3986);
#3986 = SHAPE_REPRESENTATION('',(#19),#3968);
#3987 = MECHANICAL_DESIGN_GEOMETRIC_PRESENTATION_REPRESENTATION('',(
    #3988,#3996),#3619);
#3988 = STYLED_ITEM('color',(#3989),#37);
#3989 = PRESENTATION_STYLE_ASSIGNMENT((#3990));
#3990 = SURFACE_STYLE_USAGE(.BOTH.,#3991);
#3991 = SURFACE_SIDE_STYLE('',(#3992));
#3992 = SURFACE_STYLE_FILL_AREA(#3993);
#3993 = FILL_AREA_STYLE('',(#3994));
#3994 = FILL_AREA_STYLE_COLOUR('',#3995);
#3995 = COLOUR_RGB('',0.650980375594,0.678431390124,0.686274507277);
#3996 = OVER_RIDING_STYLED_ITEM('overriding color',(#3997),#37,#3988);
#3997 = PRESENTATION_STYLE_BY_CONTEXT((#3998),#3984);
#3998 = SURFACE_STYLE_USAGE(.BOTH.,#3999);
#3999 = SURFACE_SIDE_STYLE('',(#4000));
#4000 = SURFACE_STYLE_FILL_AREA(#4001);
#4001 = FILL_AREA_STYLE('',(#4002));
#4002 = FILL_AREA_STYLE_COLOUR('',#4003);
#4003 = COLOUR_RGB('',0.650980375594,0.678431390124,0.686274507277);
#4004 = MECHANICAL_DESIGN_GEOMETRIC_PRESENTATION_REPRESENTATION('',(
    #4005),#3968);
#4005 = STYLED_ITEM('color',(#4006),#3638);
#4006 = PRESENTATION_STYLE_ASSIGNMENT((#4007));
#4007 = SURFACE_STYLE_USAGE(.BOTH.,#4008);
#4008 = SURFACE_SIDE_STYLE('',(#4009));
#4009 = SURFACE_STYLE_FILL_AREA(#4010);
#4010 = FILL_AREA_STYLE('',(#4011));
#4011 = FILL_AREA_STYLE_COLOUR('',#4012);
#4012 = COLOUR_RGB('',0.384313764467,0.423529428806,0.439215717829);
ENDSEC;
END-ISO-10303-21;
