ISO-10303-21;
HEADER;
FILE_DESCRIPTION(('Open CASCADE Model'),'2;1');
FILE_NAME('Halberd_B4_Manta_Separated','2000-01-01T00:00:00',('Author'),
  ('Open CASCADE'),'Open CASCADE STEP processor 7.9','cadgen','Unknown'
  );
FILE_SCHEMA(('AUTOMOTIVE_DESIGN { 1 0 10303 214 1 1 1 1 }'));
ENDSEC;
DATA;
#1 = APPLICATION_PROTOCOL_DEFINITION('international standard',
  'automotive_design',2000,#2);
#2 = APPLICATION_CONTEXT(
  'core data for automotive mechanical design processes');
#3 = SHAPE_DEFINITION_REPRESENTATION(#4,#10);
#4 = PRODUCT_DEFINITION_SHAPE('','',#5);
#5 = PRODUCT_DEFINITION('design','',#6,#9);
#6 = PRODUCT_DEFINITION_FORMATION('','',#7);
#7 = PRODUCT('Halberd_B4_Manta_Separated','Halberd_B4_Manta_Separated',
  '',(#8));
#8 = PRODUCT_CONTEXT('',#2,'mechanical');
#9 = PRODUCT_DEFINITION_CONTEXT('part definition',#2,'design');
#10 = SHAPE_REPRESENTATION('',(#11,#15,#19,#23,#27,#31,#35,#39,#43,#47,
    #51,#55,#59,#63,#67),#71);
#11 = AXIS2_PLACEMENT_3D('',#12,#13,#14);
#12 = CARTESIAN_POINT('',(0.,0.,0.));
#13 = DIRECTION('',(0.,0.,1.));
#14 = DIRECTION('',(1.,0.,-0.));
#15 = AXIS2_PLACEMENT_3D('',#16,#17,#18);
#16 = CARTESIAN_POINT('',(0.,0.,0.));
#17 = DIRECTION('',(0.,0.,1.));
#18 = DIRECTION('',(1.,0.,0.));
#19 = AXIS2_PLACEMENT_3D('',#20,#21,#22);
#20 = CARTESIAN_POINT('',(0.,0.,0.));
#21 = DIRECTION('',(0.,0.,1.));
#22 = DIRECTION('',(1.,0.,0.));
#23 = AXIS2_PLACEMENT_3D('',#24,#25,#26);
#24 = CARTESIAN_POINT('',(0.,0.,0.));
#25 = DIRECTION('',(0.,0.,1.));
#26 = DIRECTION('',(1.,0.,0.));
#27 = AXIS2_PLACEMENT_3D('',#28,#29,#30);
#28 = CARTESIAN_POINT('',(-350.,0.,0.));
#29 = DIRECTION('',(0.,0.,1.));
#30 = DIRECTION('',(1.,0.,0.));
#31 = AXIS2_PLACEMENT_3D('',#32,#33,#34);
#32 = CARTESIAN_POINT('',(-350.,0.,0.));
#33 = DIRECTION('',(0.,0.,1.));
#34 = DIRECTION('',(1.,0.,0.));
#35 = AXIS2_PLACEMENT_3D('',#36,#37,#38);
#36 = CARTESIAN_POINT('',(0.,0.,0.));
#37 = DIRECTION('',(-0.,0.939692620786,0.342020143326));
#38 = DIRECTION('',(1.,0.,0.));
#39 = AXIS2_PLACEMENT_3D('',#40,#41,#42);
#40 = CARTESIAN_POINT('',(-350.,0.,0.));
#41 = DIRECTION('',(-0.,0.939692620786,0.342020143326));
#42 = DIRECTION('',(1.,0.,0.));
#43 = AXIS2_PLACEMENT_3D('',#44,#45,#46);
#44 = CARTESIAN_POINT('',(0.,0.,0.));
#45 = DIRECTION('',(0.,0.939692620786,-0.342020143326));
#46 = DIRECTION('',(1.,0.,0.));
#47 = AXIS2_PLACEMENT_3D('',#48,#49,#50);
#48 = CARTESIAN_POINT('',(-350.,0.,0.));
#49 = DIRECTION('',(0.,0.939692620786,-0.342020143326));
#50 = DIRECTION('',(1.,0.,0.));
#51 = AXIS2_PLACEMENT_3D('',#52,#53,#54);
#52 = CARTESIAN_POINT('',(0.,0.,0.));
#53 = DIRECTION('',(0.,-0.939692620786,-0.342020143326));
#54 = DIRECTION('',(1.,0.,0.));
#55 = AXIS2_PLACEMENT_3D('',#56,#57,#58);
#56 = CARTESIAN_POINT('',(-350.,0.,0.));
#57 = DIRECTION('',(0.,-0.939692620786,-0.342020143326));
#58 = DIRECTION('',(1.,0.,0.));
#59 = AXIS2_PLACEMENT_3D('',#60,#61,#62);
#60 = CARTESIAN_POINT('',(0.,0.,0.));
#61 = DIRECTION('',(0.,-0.939692620786,0.342020143326));
#62 = DIRECTION('',(1.,0.,0.));
#63 = AXIS2_PLACEMENT_3D('',#64,#65,#66);
#64 = CARTESIAN_POINT('',(-350.,0.,0.));
#65 = DIRECTION('',(0.,-0.939692620786,0.342020143326));
#66 = DIRECTION('',(1.,0.,0.));
#67 = AXIS2_PLACEMENT_3D('',#68,#69,#70);
#68 = CARTESIAN_POINT('',(210.,0.,75.));
#69 = DIRECTION('',(0.,0.,1.));
#70 = DIRECTION('',(1.,0.,0.));
#71 = ( GEOMETRIC_REPRESENTATION_CONTEXT(3) 
GLOBAL_UNCERTAINTY_ASSIGNED_CONTEXT((#75)) GLOBAL_UNIT_ASSIGNED_CONTEXT(
(#72,#73,#74)) REPRESENTATION_CONTEXT('Context #1',
  '3D Context with UNIT and UNCERTAINTY') );
#72 = ( LENGTH_UNIT() NAMED_UNIT(*) SI_UNIT(.MILLI.,.METRE.) );
#73 = ( NAMED_UNIT(*) PLANE_ANGLE_UNIT() SI_UNIT($,.RADIAN.) );
#74 = ( NAMED_UNIT(*) SI_UNIT($,.STERADIAN.) SOLID_ANGLE_UNIT() );
#75 = UNCERTAINTY_MEASURE_WITH_UNIT(LENGTH_MEASURE(5.E-07),#72,
  'distance_accuracy_value','confusion accuracy');
#76 = PRODUCT_RELATED_PRODUCT_CATEGORY('part',$,(#7));
#77 = SHAPE_DEFINITION_REPRESENTATION(#78,#84);
#78 = PRODUCT_DEFINITION_SHAPE('','',#79);
#79 = PRODUCT_DEFINITION('design','',#80,#83);
#80 = PRODUCT_DEFINITION_FORMATION('','',#81);
#81 = PRODUCT('sustainer_body','sustainer_body','',(#82));
#82 = PRODUCT_CONTEXT('',#2,'mechanical');
#83 = PRODUCT_DEFINITION_CONTEXT('part definition',#2,'design');
#84 = ADVANCED_BREP_SHAPE_REPRESENTATION('',(#11,#85),#5922);
#85 = MANIFOLD_SOLID_BREP('',#86);
#86 = CLOSED_SHELL('',(#87,#351,#578,#795,#885,#1025,#1190,#1284,#1500,
    #1590,#1742,#1875,#2040,#2205,#2422,#2639,#2801,#2853,#2943,#3022,
    #3071,#3191,#3217,#3244,#3293,#3342,#3502,#3592,#3671,#3720,#3840,
    #3866,#3893,#3919,#4109,#4199,#4267,#4357,#4497,#4615,#4641,#4761,
    #4810,#4900,#4979,#5047,#5092,#5160,#5164,#5213,#5240,#5266,#5273,
    #5280,#5287,#5336,#5363,#5389,#5396,#5475,#5524,#5550,#5599,#5678,
    #5704,#5752,#5780,#5829,#5856,#5882,#5908,#5915));
#87 = ADVANCED_FACE('',(#88),#102,.T.);
#88 = FACE_BOUND('',#89,.T.);
#89 = EDGE_LOOP('',(#90,#125,#150,#175,#200,#225,#253,#278,#303,#328));
#90 = ORIENTED_EDGE('',*,*,#91,.F.);
#91 = EDGE_CURVE('',#92,#94,#96,.T.);
#92 = VERTEX_POINT('',#93);
#93 = CARTESIAN_POINT('',(-320.,-124.,72.));
#94 = VERTEX_POINT('',#95);
#95 = CARTESIAN_POINT('',(-320.,124.,72.));
#96 = SURFACE_CURVE('',#97,(#101,#113),.PCURVE_S1.);
#97 = LINE('',#98,#99);
#98 = CARTESIAN_POINT('',(-320.,0.,72.));
#99 = VECTOR('',#100,1.);
#100 = DIRECTION('',(0.,1.,0.));
#101 = PCURVE('',#102,#107);
#102 = PLANE('',#103);
#103 = AXIS2_PLACEMENT_3D('',#104,#105,#106);
#104 = CARTESIAN_POINT('',(850.,0.,72.));
#105 = DIRECTION('',(0.,0.,1.));
#106 = DIRECTION('',(0.,-1.,0.));
#107 = DEFINITIONAL_REPRESENTATION('',(#108),#112);
#108 = LINE('',#109,#110);
#109 = CARTESIAN_POINT('',(0.,-1.17E+03));
#110 = VECTOR('',#111,1.);
#111 = DIRECTION('',(-1.,0.));
#112 = ( GEOMETRIC_REPRESENTATION_CONTEXT(2) 
PARAMETRIC_REPRESENTATION_CONTEXT() REPRESENTATION_CONTEXT('2D SPACE',''
  ) );
#113 = PCURVE('',#114,#119);
#114 = PLANE('',#115);
#115 = AXIS2_PLACEMENT_3D('',#116,#117,#118);
#116 = CARTESIAN_POINT('',(-320.,-124.,36.));
#117 = DIRECTION('',(-1.,0.,-1.110223024625E-16));
#118 = DIRECTION('',(-1.110223024625E-16,0.,1.));
#119 = DEFINITIONAL_REPRESENTATION('',(#120),#124);
#120 = LINE('',#121,#122);
#121 = CARTESIAN_POINT('',(36.,124.));
#122 = VECTOR('',#123,1.);
#123 = DIRECTION('',(0.,1.));
#124 = ( GEOMETRIC_REPRESENTATION_CONTEXT(2) 
PARAMETRIC_REPRESENTATION_CONTEXT() REPRESENTATION_CONTEXT('2D SPACE',''
  ) );
#125 = ORIENTED_EDGE('',*,*,#126,.T.);
#126 = EDGE_CURVE('',#92,#127,#129,.T.);
#127 = VERTEX_POINT('',#128);
#128 = CARTESIAN_POINT('',(304.87348977323,-124.,72.));
#129 = SURFACE_CURVE('',#130,(#133,#139),.PCURVE_S1.);
#130 = B_SPLINE_CURVE_WITH_KNOTS('',1,(#131,#132),.UNSPECIFIED.,.F.,.F.,
  (2,2),(0.,1.),.PIECEWISE_BEZIER_KNOTS.);
#131 = CARTESIAN_POINT('',(-320.,-124.,72.));
#132 = CARTESIAN_POINT('',(850.,-124.,72.));
#133 = PCURVE('',#102,#134);
#134 = DEFINITIONAL_REPRESENTATION('',(#135),#138);
#135 = B_SPLINE_CURVE_WITH_KNOTS('',1,(#136,#137),.UNSPECIFIED.,.F.,.F.,
  (2,2),(0.,1.),.PIECEWISE_BEZIER_KNOTS.);
#136 = CARTESIAN_POINT('',(124.,-1.17E+03));
#137 = CARTESIAN_POINT('',(124.,0.));
#138 = ( GEOMETRIC_REPRESENTATION_CONTEXT(2) 
PARAMETRIC_REPRESENTATION_CONTEXT() REPRESENTATION_CONTEXT('2D SPACE',''
  ) );
#139 = PCURVE('',#140,#145);
#140 = CYLINDRICAL_SURFACE('',#141,36.);
#141 = AXIS2_PLACEMENT_3D('',#142,#143,#144);
#142 = CARTESIAN_POINT('',(-320.,-124.,36.));
#143 = DIRECTION('',(1.,-0.,1.110223024625E-16));
#144 = DIRECTION('',(-1.110223024625E-16,0.,1.));
#145 = DEFINITIONAL_REPRESENTATION('',(#146),#149);
#146 = B_SPLINE_CURVE_WITH_KNOTS('',1,(#147,#148),.UNSPECIFIED.,.F.,.F.,
  (2,2),(0.,1.),.PIECEWISE_BEZIER_KNOTS.);
#147 = CARTESIAN_POINT('',(0.,0.));
#148 = CARTESIAN_POINT('',(0.,1.17E+03));
#149 = ( GEOMETRIC_REPRESENTATION_CONTEXT(2) 
PARAMETRIC_REPRESENTATION_CONTEXT() REPRESENTATION_CONTEXT('2D SPACE',''
  ) );
#150 = ORIENTED_EDGE('',*,*,#151,.T.);
#151 = EDGE_CURVE('',#127,#152,#154,.T.);
#152 = VERTEX_POINT('',#153);
#153 = CARTESIAN_POINT('',(311.,-123.2304473783,72.));
#154 = SURFACE_CURVE('',#155,(#158,#164),.PCURVE_S1.);
#155 = B_SPLINE_CURVE_WITH_KNOTS('',1,(#156,#157),.UNSPECIFIED.,.F.,.F.,
  (2,2),(0.,1.),.PIECEWISE_BEZIER_KNOTS.);
#156 = CARTESIAN_POINT('',(304.87348977323,-124.,72.));
#157 = CARTESIAN_POINT('',(311.,-123.2304473782,72.));
#158 = PCURVE('',#102,#159);
#159 = DEFINITIONAL_REPRESENTATION('',(#160),#163);
#160 = B_SPLINE_CURVE_WITH_KNOTS('',1,(#161,#162),.UNSPECIFIED.,.F.,.F.,
  (2,2),(0.,1.),.PIECEWISE_BEZIER_KNOTS.);
#161 = CARTESIAN_POINT('',(124.,-545.1265102267));
#162 = CARTESIAN_POINT('',(123.23044737829,-539.));
#163 = ( GEOMETRIC_REPRESENTATION_CONTEXT(2) 
PARAMETRIC_REPRESENTATION_CONTEXT() REPRESENTATION_CONTEXT('2D SPACE',''
  ) );
#164 = PCURVE('',#165,#170);
#165 = B_SPLINE_SURFACE_WITH_KNOTS('',1,1,(
    (#166,#167)
    ,(#168,#169
    )),.UNSPECIFIED.,.F.,.F.,.F.,(2,2),(2,2),(-11.,11.),(0.,1.),
  .PIECEWISE_BEZIER_KNOTS.);
#166 = CARTESIAN_POINT('',(150.,-130.1871843353,58.733483015148));
#167 = CARTESIAN_POINT('',(311.,-122.3736544047,71.143207026464));
#168 = CARTESIAN_POINT('',(150.,-145.7435335214,74.289832201252));
#169 = CARTESIAN_POINT('',(311.,-137.9300035893,86.699556211076));
#170 = DEFINITIONAL_REPRESENTATION('',(#171),#174);
#171 = B_SPLINE_CURVE_WITH_KNOTS('',1,(#172,#173),.UNSPECIFIED.,.F.,.F.,
  (2,2),(0.,1.),.PIECEWISE_BEZIER_KNOTS.);
#172 = CARTESIAN_POINT('',(-9.120484088849,0.961947141449));
#173 = CARTESIAN_POINT('',(-9.788311756563,1.));
#174 = ( GEOMETRIC_REPRESENTATION_CONTEXT(2) 
PARAMETRIC_REPRESENTATION_CONTEXT() REPRESENTATION_CONTEXT('2D SPACE',''
  ) );
#175 = ORIENTED_EDGE('',*,*,#176,.T.);
#176 = EDGE_CURVE('',#152,#177,#179,.T.);
#177 = VERTEX_POINT('',#178);
#178 = CARTESIAN_POINT('',(336.03117035507,-124.,72.));
#179 = SURFACE_CURVE('',#180,(#183,#189),.PCURVE_S1.);
#180 = B_SPLINE_CURVE_WITH_KNOTS('',1,(#181,#182),.UNSPECIFIED.,.F.,.F.,
  (2,2),(0.,1.),.PIECEWISE_BEZIER_KNOTS.);
#181 = CARTESIAN_POINT('',(311.,-123.2304473782,72.));
#182 = CARTESIAN_POINT('',(336.03117035507,-124.,72.));
#183 = PCURVE('',#102,#184);
#184 = DEFINITIONAL_REPRESENTATION('',(#185),#188);
#185 = B_SPLINE_CURVE_WITH_KNOTS('',1,(#186,#187),.UNSPECIFIED.,.F.,.F.,
  (2,2),(0.,1.),.PIECEWISE_BEZIER_KNOTS.);
#186 = CARTESIAN_POINT('',(123.23044737829,-539.));
#187 = CARTESIAN_POINT('',(124.,-513.9688296449));
#188 = ( GEOMETRIC_REPRESENTATION_CONTEXT(2) 
PARAMETRIC_REPRESENTATION_CONTEXT() REPRESENTATION_CONTEXT('2D SPACE',''
  ) );
#189 = PCURVE('',#190,#195);
#190 = B_SPLINE_SURFACE_WITH_KNOTS('',1,1,(
    (#191,#192)
    ,(#193,#194
    )),.UNSPECIFIED.,.F.,.F.,.F.,(2,2),(2,2),(-10.99999999788,11.),(0.,
    1.),.PIECEWISE_BEZIER_KNOTS.);
#191 = CARTESIAN_POINT('',(311.,-122.3736544047,71.143207026464));
#192 = CARTESIAN_POINT('',(610.,-129.7275649291,69.304729395379));
#193 = CARTESIAN_POINT('',(311.,-137.9300035893,86.699556211076));
#194 = CARTESIAN_POINT('',(610.,-145.2839141137,84.861078579991));
#195 = DEFINITIONAL_REPRESENTATION('',(#196),#199);
#196 = B_SPLINE_CURVE_WITH_KNOTS('',1,(#197,#198),.UNSPECIFIED.,.F.,.F.,
  (2,2),(0.,1.),.PIECEWISE_BEZIER_KNOTS.);
#197 = CARTESIAN_POINT('',(-9.788311754568,0.));
#198 = CARTESIAN_POINT('',(-9.570649403655,8.371628881297E-02));
#199 = ( GEOMETRIC_REPRESENTATION_CONTEXT(2) 
PARAMETRIC_REPRESENTATION_CONTEXT() REPRESENTATION_CONTEXT('2D SPACE',''
  ) );
#200 = ORIENTED_EDGE('',*,*,#201,.T.);
#201 = EDGE_CURVE('',#177,#202,#204,.T.);
#202 = VERTEX_POINT('',#203);
#203 = CARTESIAN_POINT('',(850.,-124.,72.));
#204 = SURFACE_CURVE('',#205,(#208,#214),.PCURVE_S1.);
#205 = B_SPLINE_CURVE_WITH_KNOTS('',1,(#206,#207),.UNSPECIFIED.,.F.,.F.,
  (2,2),(0.,1.),.PIECEWISE_BEZIER_KNOTS.);
#206 = CARTESIAN_POINT('',(-320.,-124.,72.));
#207 = CARTESIAN_POINT('',(850.,-124.,72.));
#208 = PCURVE('',#102,#209);
#209 = DEFINITIONAL_REPRESENTATION('',(#210),#213);
#210 = B_SPLINE_CURVE_WITH_KNOTS('',1,(#211,#212),.UNSPECIFIED.,.F.,.F.,
  (2,2),(0.,1.),.PIECEWISE_BEZIER_KNOTS.);
#211 = CARTESIAN_POINT('',(124.,-1.17E+03));
#212 = CARTESIAN_POINT('',(124.,0.));
#213 = ( GEOMETRIC_REPRESENTATION_CONTEXT(2) 
PARAMETRIC_REPRESENTATION_CONTEXT() REPRESENTATION_CONTEXT('2D SPACE',''
  ) );
#214 = PCURVE('',#215,#220);
#215 = CYLINDRICAL_SURFACE('',#216,36.);
#216 = AXIS2_PLACEMENT_3D('',#217,#218,#219);
#217 = CARTESIAN_POINT('',(-320.,-124.,36.));
#218 = DIRECTION('',(1.,-0.,1.110223024625E-16));
#219 = DIRECTION('',(-1.110223024625E-16,0.,1.));
#220 = DEFINITIONAL_REPRESENTATION('',(#221),#224);
#221 = B_SPLINE_CURVE_WITH_KNOTS('',1,(#222,#223),.UNSPECIFIED.,.F.,.F.,
  (2,2),(0.,1.),.PIECEWISE_BEZIER_KNOTS.);
#222 = CARTESIAN_POINT('',(0.,0.));
#223 = CARTESIAN_POINT('',(0.,1.17E+03));
#224 = ( GEOMETRIC_REPRESENTATION_CONTEXT(2) 
PARAMETRIC_REPRESENTATION_CONTEXT() REPRESENTATION_CONTEXT('2D SPACE',''
  ) );
#225 = ORIENTED_EDGE('',*,*,#226,.T.);
#226 = EDGE_CURVE('',#202,#227,#229,.T.);
#227 = VERTEX_POINT('',#228);
#228 = CARTESIAN_POINT('',(850.,124.,72.));
#229 = SURFACE_CURVE('',#230,(#234,#241),.PCURVE_S1.);
#230 = LINE('',#231,#232);
#231 = CARTESIAN_POINT('',(850.,0.,72.));
#232 = VECTOR('',#233,1.);
#233 = DIRECTION('',(0.,1.,0.));
#234 = PCURVE('',#102,#235);
#235 = DEFINITIONAL_REPRESENTATION('',(#236),#240);
#236 = LINE('',#237,#238);
#237 = CARTESIAN_POINT('',(0.,0.));
#238 = VECTOR('',#239,1.);
#239 = DIRECTION('',(-1.,0.));
#240 = ( GEOMETRIC_REPRESENTATION_CONTEXT(2) 
PARAMETRIC_REPRESENTATION_CONTEXT() REPRESENTATION_CONTEXT('2D SPACE',''
  ) );
#241 = PCURVE('',#242,#247);
#242 = B_SPLINE_SURFACE_WITH_KNOTS('',1,1,(
    (#243,#244)
    ,(#245,#246
    )),.UNSPECIFIED.,.F.,.F.,.F.,(2,2),(2,2),(-124.,124.),(0.,1.),
  .PIECEWISE_BEZIER_KNOTS.);
#243 = CARTESIAN_POINT('',(850.,124.,72.));
#244 = CARTESIAN_POINT('',(1.01E+03,96.72,56.16));
#245 = CARTESIAN_POINT('',(850.,-124.,72.));
#246 = CARTESIAN_POINT('',(1.01E+03,-96.72,56.16));
#247 = DEFINITIONAL_REPRESENTATION('',(#248),#252);
#248 = LINE('',#249,#250);
#249 = CARTESIAN_POINT('',(0.,0.));
#250 = VECTOR('',#251,1.);
#251 = DIRECTION('',(-1.,0.));
#252 = ( GEOMETRIC_REPRESENTATION_CONTEXT(2) 
PARAMETRIC_REPRESENTATION_CONTEXT() REPRESENTATION_CONTEXT('2D SPACE',''
  ) );
#253 = ORIENTED_EDGE('',*,*,#254,.F.);
#254 = EDGE_CURVE('',#255,#227,#257,.T.);
#255 = VERTEX_POINT('',#256);
#256 = CARTESIAN_POINT('',(336.03117035507,124.,72.));
#257 = SURFACE_CURVE('',#258,(#261,#267),.PCURVE_S1.);
#258 = B_SPLINE_CURVE_WITH_KNOTS('',1,(#259,#260),.UNSPECIFIED.,.F.,.F.,
  (2,2),(0.,1.),.PIECEWISE_BEZIER_KNOTS.);
#259 = CARTESIAN_POINT('',(-320.,124.,72.));
#260 = CARTESIAN_POINT('',(850.,124.,72.));
#261 = PCURVE('',#102,#262);
#262 = DEFINITIONAL_REPRESENTATION('',(#263),#266);
#263 = B_SPLINE_CURVE_WITH_KNOTS('',1,(#264,#265),.UNSPECIFIED.,.F.,.F.,
  (2,2),(0.,1.),.PIECEWISE_BEZIER_KNOTS.);
#264 = CARTESIAN_POINT('',(-124.,-1.17E+03));
#265 = CARTESIAN_POINT('',(-124.,0.));
#266 = ( GEOMETRIC_REPRESENTATION_CONTEXT(2) 
PARAMETRIC_REPRESENTATION_CONTEXT() REPRESENTATION_CONTEXT('2D SPACE',''
  ) );
#267 = PCURVE('',#268,#273);
#268 = CYLINDRICAL_SURFACE('',#269,36.);
#269 = AXIS2_PLACEMENT_3D('',#270,#271,#272);
#270 = CARTESIAN_POINT('',(-320.,124.,36.));
#271 = DIRECTION('',(1.,-0.,1.110223024625E-16));
#272 = DIRECTION('',(-1.110223024625E-16,0.,1.));
#273 = DEFINITIONAL_REPRESENTATION('',(#274),#277);
#274 = B_SPLINE_CURVE_WITH_KNOTS('',1,(#275,#276),.UNSPECIFIED.,.F.,.F.,
  (2,2),(0.,1.),.PIECEWISE_BEZIER_KNOTS.);
#275 = CARTESIAN_POINT('',(6.28318530718,0.));
#276 = CARTESIAN_POINT('',(6.28318530718,1.17E+03));
#277 = ( GEOMETRIC_REPRESENTATION_CONTEXT(2) 
PARAMETRIC_REPRESENTATION_CONTEXT() REPRESENTATION_CONTEXT('2D SPACE',''
  ) );
#278 = ORIENTED_EDGE('',*,*,#279,.F.);
#279 = EDGE_CURVE('',#280,#255,#282,.T.);
#280 = VERTEX_POINT('',#281);
#281 = CARTESIAN_POINT('',(311.,123.2304473783,72.));
#282 = SURFACE_CURVE('',#283,(#286,#292),.PCURVE_S1.);
#283 = B_SPLINE_CURVE_WITH_KNOTS('',1,(#284,#285),.UNSPECIFIED.,.F.,.F.,
  (2,2),(0.,1.),.PIECEWISE_BEZIER_KNOTS.);
#284 = CARTESIAN_POINT('',(311.,123.23044737829,72.));
#285 = CARTESIAN_POINT('',(336.03117035507,124.,72.));
#286 = PCURVE('',#102,#287);
#287 = DEFINITIONAL_REPRESENTATION('',(#288),#291);
#288 = B_SPLINE_CURVE_WITH_KNOTS('',1,(#289,#290),.UNSPECIFIED.,.F.,.F.,
  (2,2),(0.,1.),.PIECEWISE_BEZIER_KNOTS.);
#289 = CARTESIAN_POINT('',(-123.2304473782,-539.));
#290 = CARTESIAN_POINT('',(-124.,-513.9688296449));
#291 = ( GEOMETRIC_REPRESENTATION_CONTEXT(2) 
PARAMETRIC_REPRESENTATION_CONTEXT() REPRESENTATION_CONTEXT('2D SPACE',''
  ) );
#292 = PCURVE('',#293,#298);
#293 = B_SPLINE_SURFACE_WITH_KNOTS('',1,1,(
    (#294,#295)
    ,(#296,#297
    )),.UNSPECIFIED.,.F.,.F.,.F.,(2,2),(2,2),(-11.,10.999999997889),(0.,
    1.),.PIECEWISE_BEZIER_KNOTS.);
#294 = CARTESIAN_POINT('',(311.,137.93000358937,86.699556211076));
#295 = CARTESIAN_POINT('',(610.,145.28391411371,84.861078579991));
#296 = CARTESIAN_POINT('',(311.,122.37365440476,71.143207026464));
#297 = CARTESIAN_POINT('',(610.,129.7275649291,69.304729395379));
#298 = DEFINITIONAL_REPRESENTATION('',(#299),#302);
#299 = B_SPLINE_CURVE_WITH_KNOTS('',1,(#300,#301),.UNSPECIFIED.,.F.,.F.,
  (2,2),(0.,1.),.PIECEWISE_BEZIER_KNOTS.);
#300 = CARTESIAN_POINT('',(9.788311754568,0.));
#301 = CARTESIAN_POINT('',(9.570649403655,8.371628881297E-02));
#302 = ( GEOMETRIC_REPRESENTATION_CONTEXT(2) 
PARAMETRIC_REPRESENTATION_CONTEXT() REPRESENTATION_CONTEXT('2D SPACE',''
  ) );
#303 = ORIENTED_EDGE('',*,*,#304,.F.);
#304 = EDGE_CURVE('',#305,#280,#307,.T.);
#305 = VERTEX_POINT('',#306);
#306 = CARTESIAN_POINT('',(304.87348977323,124.,72.));
#307 = SURFACE_CURVE('',#308,(#311,#317),.PCURVE_S1.);
#308 = B_SPLINE_CURVE_WITH_KNOTS('',1,(#309,#310),.UNSPECIFIED.,.F.,.F.,
  (2,2),(0.,1.),.PIECEWISE_BEZIER_KNOTS.);
#309 = CARTESIAN_POINT('',(304.87348977323,124.,72.));
#310 = CARTESIAN_POINT('',(311.,123.2304473783,72.));
#311 = PCURVE('',#102,#312);
#312 = DEFINITIONAL_REPRESENTATION('',(#313),#316);
#313 = B_SPLINE_CURVE_WITH_KNOTS('',1,(#314,#315),.UNSPECIFIED.,.F.,.F.,
  (2,2),(0.,1.),.PIECEWISE_BEZIER_KNOTS.);
#314 = CARTESIAN_POINT('',(-124.,-545.1265102267));
#315 = CARTESIAN_POINT('',(-123.2304473783,-539.));
#316 = ( GEOMETRIC_REPRESENTATION_CONTEXT(2) 
PARAMETRIC_REPRESENTATION_CONTEXT() REPRESENTATION_CONTEXT('2D SPACE',''
  ) );
#317 = PCURVE('',#318,#323);
#318 = B_SPLINE_SURFACE_WITH_KNOTS('',1,1,(
    (#319,#320)
    ,(#321,#322
    )),.UNSPECIFIED.,.F.,.F.,.F.,(2,2),(2,2),(-11.,11.),(0.,1.),
  .PIECEWISE_BEZIER_KNOTS.);
#319 = CARTESIAN_POINT('',(150.,145.74353352148,74.289832201251));
#320 = CARTESIAN_POINT('',(311.,137.93000358937,86.699556211076));
#321 = CARTESIAN_POINT('',(150.,130.18718433538,58.733483015147));
#322 = CARTESIAN_POINT('',(311.,122.37365440476,71.143207026464));
#323 = DEFINITIONAL_REPRESENTATION('',(#324),#327);
#324 = B_SPLINE_CURVE_WITH_KNOTS('',1,(#325,#326),.UNSPECIFIED.,.F.,.F.,
  (2,2),(0.,1.),.PIECEWISE_BEZIER_KNOTS.);
#325 = CARTESIAN_POINT('',(9.120484088849,0.961947141449));
#326 = CARTESIAN_POINT('',(9.788311756563,1.));
#327 = ( GEOMETRIC_REPRESENTATION_CONTEXT(2) 
PARAMETRIC_REPRESENTATION_CONTEXT() REPRESENTATION_CONTEXT('2D SPACE',''
  ) );
#328 = ORIENTED_EDGE('',*,*,#329,.F.);
#329 = EDGE_CURVE('',#94,#305,#330,.T.);
#330 = SURFACE_CURVE('',#331,(#334,#340),.PCURVE_S1.);
#331 = B_SPLINE_CURVE_WITH_KNOTS('',1,(#332,#333),.UNSPECIFIED.,.F.,.F.,
  (2,2),(0.,1.),.PIECEWISE_BEZIER_KNOTS.);
#332 = CARTESIAN_POINT('',(-320.,124.,72.));
#333 = CARTESIAN_POINT('',(850.,124.,72.));
#334 = PCURVE('',#102,#335);
#335 = DEFINITIONAL_REPRESENTATION('',(#336),#339);
#336 = B_SPLINE_CURVE_WITH_KNOTS('',1,(#337,#338),.UNSPECIFIED.,.F.,.F.,
  (2,2),(0.,1.),.PIECEWISE_BEZIER_KNOTS.);
#337 = CARTESIAN_POINT('',(-124.,-1.17E+03));
#338 = CARTESIAN_POINT('',(-124.,0.));
#339 = ( GEOMETRIC_REPRESENTATION_CONTEXT(2) 
PARAMETRIC_REPRESENTATION_CONTEXT() REPRESENTATION_CONTEXT('2D SPACE',''
  ) );
#340 = PCURVE('',#341,#346);
#341 = CYLINDRICAL_SURFACE('',#342,36.);
#342 = AXIS2_PLACEMENT_3D('',#343,#344,#345);
#343 = CARTESIAN_POINT('',(-320.,124.,36.));
#344 = DIRECTION('',(1.,-0.,1.110223024625E-16));
#345 = DIRECTION('',(-1.110223024625E-16,0.,1.));
#346 = DEFINITIONAL_REPRESENTATION('',(#347),#350);
#347 = B_SPLINE_CURVE_WITH_KNOTS('',1,(#348,#349),.UNSPECIFIED.,.F.,.F.,
  (2,2),(0.,1.),.PIECEWISE_BEZIER_KNOTS.);
#348 = CARTESIAN_POINT('',(6.28318530718,0.));
#349 = CARTESIAN_POINT('',(6.28318530718,1.17E+03));
#350 = ( GEOMETRIC_REPRESENTATION_CONTEXT(2) 
PARAMETRIC_REPRESENTATION_CONTEXT() REPRESENTATION_CONTEXT('2D SPACE',''
  ) );
#351 = ADVANCED_FACE('',(#352,#543),#114,.T.);
#352 = FACE_BOUND('',#353,.T.);
#353 = EDGE_LOOP('',(#354,#355,#379,#407,#436,#464,#493,#521));
#354 = ORIENTED_EDGE('',*,*,#91,.T.);
#355 = ORIENTED_EDGE('',*,*,#356,.T.);
#356 = EDGE_CURVE('',#94,#357,#359,.T.);
#357 = VERTEX_POINT('',#358);
#358 = CARTESIAN_POINT('',(-320.,160.,36.));
#359 = SURFACE_CURVE('',#360,(#365,#372),.PCURVE_S1.);
#360 = CIRCLE('',#361,36.);
#361 = AXIS2_PLACEMENT_3D('',#362,#363,#364);
#362 = CARTESIAN_POINT('',(-320.,124.,36.));
#363 = DIRECTION('',(-1.,0.,-1.110223024625E-16));
#364 = DIRECTION('',(-1.110223024625E-16,0.,1.));
#365 = PCURVE('',#114,#366);
#366 = DEFINITIONAL_REPRESENTATION('',(#367),#371);
#367 = CIRCLE('',#368,36.);
#368 = AXIS2_PLACEMENT_2D('',#369,#370);
#369 = CARTESIAN_POINT('',(0.,248.));
#370 = DIRECTION('',(1.,0.));
#371 = ( GEOMETRIC_REPRESENTATION_CONTEXT(2) 
PARAMETRIC_REPRESENTATION_CONTEXT() REPRESENTATION_CONTEXT('2D SPACE',''
  ) );
#372 = PCURVE('',#341,#373);
#373 = DEFINITIONAL_REPRESENTATION('',(#374),#378);
#374 = LINE('',#375,#376);
#375 = CARTESIAN_POINT('',(6.28318530718,0.));
#376 = VECTOR('',#377,1.);
#377 = DIRECTION('',(-1.,0.));
#378 = ( GEOMETRIC_REPRESENTATION_CONTEXT(2) 
PARAMETRIC_REPRESENTATION_CONTEXT() REPRESENTATION_CONTEXT('2D SPACE',''
  ) );
#379 = ORIENTED_EDGE('',*,*,#380,.T.);
#380 = EDGE_CURVE('',#357,#381,#383,.T.);
#381 = VERTEX_POINT('',#382);
#382 = CARTESIAN_POINT('',(-320.,160.,-35.99999996829));
#383 = SURFACE_CURVE('',#384,(#388,#395),.PCURVE_S1.);
#384 = LINE('',#385,#386);
#385 = CARTESIAN_POINT('',(-320.,160.,-2.84217094304E-14));
#386 = VECTOR('',#387,1.);
#387 = DIRECTION('',(1.110223024625E-16,0.,-1.));
#388 = PCURVE('',#114,#389);
#389 = DEFINITIONAL_REPRESENTATION('',(#390),#394);
#390 = LINE('',#391,#392);
#391 = CARTESIAN_POINT('',(-36.,284.));
#392 = VECTOR('',#393,1.);
#393 = DIRECTION('',(-1.,0.));
#394 = ( GEOMETRIC_REPRESENTATION_CONTEXT(2) 
PARAMETRIC_REPRESENTATION_CONTEXT() REPRESENTATION_CONTEXT('2D SPACE',''
  ) );
#395 = PCURVE('',#396,#401);
#396 = PLANE('',#397);
#397 = AXIS2_PLACEMENT_3D('',#398,#399,#400);
#398 = CARTESIAN_POINT('',(850.,160.,-2.84217094304E-14));
#399 = DIRECTION('',(-0.,1.,0.));
#400 = DIRECTION('',(-1.110223024625E-16,-0.,1.));
#401 = DEFINITIONAL_REPRESENTATION('',(#402),#406);
#402 = LINE('',#403,#404);
#403 = CARTESIAN_POINT('',(1.298960938811E-13,-1.17E+03));
#404 = VECTOR('',#405,1.);
#405 = DIRECTION('',(-1.,0.));
#406 = ( GEOMETRIC_REPRESENTATION_CONTEXT(2) 
PARAMETRIC_REPRESENTATION_CONTEXT() REPRESENTATION_CONTEXT('2D SPACE',''
  ) );
#407 = ORIENTED_EDGE('',*,*,#408,.T.);
#408 = EDGE_CURVE('',#381,#409,#411,.T.);
#409 = VERTEX_POINT('',#410);
#410 = CARTESIAN_POINT('',(-320.,124.,-71.99999998414));
#411 = SURFACE_CURVE('',#412,(#417,#424),.PCURVE_S1.);
#412 = CIRCLE('',#413,36.);
#413 = AXIS2_PLACEMENT_3D('',#414,#415,#416);
#414 = CARTESIAN_POINT('',(-320.,124.,-35.99999996829));
#415 = DIRECTION('',(-1.,0.,-1.110223024625E-16));
#416 = DIRECTION('',(-1.110223024625E-16,0.,1.));
#417 = PCURVE('',#114,#418);
#418 = DEFINITIONAL_REPRESENTATION('',(#419),#423);
#419 = CIRCLE('',#420,36.);
#420 = AXIS2_PLACEMENT_2D('',#421,#422);
#421 = CARTESIAN_POINT('',(-71.99999996829,248.));
#422 = DIRECTION('',(1.,0.));
#423 = ( GEOMETRIC_REPRESENTATION_CONTEXT(2) 
PARAMETRIC_REPRESENTATION_CONTEXT() REPRESENTATION_CONTEXT('2D SPACE',''
  ) );
#424 = PCURVE('',#425,#430);
#425 = CYLINDRICAL_SURFACE('',#426,36.);
#426 = AXIS2_PLACEMENT_3D('',#427,#428,#429);
#427 = CARTESIAN_POINT('',(-320.,124.,-35.99999996829));
#428 = DIRECTION('',(1.,-0.,1.110223024625E-16));
#429 = DIRECTION('',(-1.110223024625E-16,0.,1.));
#430 = DEFINITIONAL_REPRESENTATION('',(#431),#435);
#431 = LINE('',#432,#433);
#432 = CARTESIAN_POINT('',(6.28318530718,0.));
#433 = VECTOR('',#434,1.);
#434 = DIRECTION('',(-1.,0.));
#435 = ( GEOMETRIC_REPRESENTATION_CONTEXT(2) 
PARAMETRIC_REPRESENTATION_CONTEXT() REPRESENTATION_CONTEXT('2D SPACE',''
  ) );
#436 = ORIENTED_EDGE('',*,*,#437,.F.);
#437 = EDGE_CURVE('',#438,#409,#440,.T.);
#438 = VERTEX_POINT('',#439);
#439 = CARTESIAN_POINT('',(-320.,-124.,-71.99999998414));
#440 = SURFACE_CURVE('',#441,(#445,#452),.PCURVE_S1.);
#441 = LINE('',#442,#443);
#442 = CARTESIAN_POINT('',(-320.,0.,-72.));
#443 = VECTOR('',#444,1.);
#444 = DIRECTION('',(0.,1.,0.));
#445 = PCURVE('',#114,#446);
#446 = DEFINITIONAL_REPRESENTATION('',(#447),#451);
#447 = LINE('',#448,#449);
#448 = CARTESIAN_POINT('',(-108.,124.));
#449 = VECTOR('',#450,1.);
#450 = DIRECTION('',(0.,1.));
#451 = ( GEOMETRIC_REPRESENTATION_CONTEXT(2) 
PARAMETRIC_REPRESENTATION_CONTEXT() REPRESENTATION_CONTEXT('2D SPACE',''
  ) );
#452 = PCURVE('',#453,#458);
#453 = PLANE('',#454);
#454 = AXIS2_PLACEMENT_3D('',#455,#456,#457);
#455 = CARTESIAN_POINT('',(850.,0.,-72.));
#456 = DIRECTION('',(0.,0.,-1.));
#457 = DIRECTION('',(0.,1.,0.));
#458 = DEFINITIONAL_REPRESENTATION('',(#459),#463);
#459 = LINE('',#460,#461);
#460 = CARTESIAN_POINT('',(0.,-1.17E+03));
#461 = VECTOR('',#462,1.);
#462 = DIRECTION('',(1.,0.));
#463 = ( GEOMETRIC_REPRESENTATION_CONTEXT(2) 
PARAMETRIC_REPRESENTATION_CONTEXT() REPRESENTATION_CONTEXT('2D SPACE',''
  ) );
#464 = ORIENTED_EDGE('',*,*,#465,.T.);
#465 = EDGE_CURVE('',#438,#466,#468,.T.);
#466 = VERTEX_POINT('',#467);
#467 = CARTESIAN_POINT('',(-320.,-160.,-35.99999996829));
#468 = SURFACE_CURVE('',#469,(#474,#481),.PCURVE_S1.);
#469 = CIRCLE('',#470,36.);
#470 = AXIS2_PLACEMENT_3D('',#471,#472,#473);
#471 = CARTESIAN_POINT('',(-320.,-124.,-35.99999996829));
#472 = DIRECTION('',(-1.,0.,-1.110223024625E-16));
#473 = DIRECTION('',(-1.110223024625E-16,0.,1.));
#474 = PCURVE('',#114,#475);
#475 = DEFINITIONAL_REPRESENTATION('',(#476),#480);
#476 = CIRCLE('',#477,36.);
#477 = AXIS2_PLACEMENT_2D('',#478,#479);
#478 = CARTESIAN_POINT('',(-71.99999996829,0.));
#479 = DIRECTION('',(1.,0.));
#480 = ( GEOMETRIC_REPRESENTATION_CONTEXT(2) 
PARAMETRIC_REPRESENTATION_CONTEXT() REPRESENTATION_CONTEXT('2D SPACE',''
  ) );
#481 = PCURVE('',#482,#487);
#482 = CYLINDRICAL_SURFACE('',#483,36.);
#483 = AXIS2_PLACEMENT_3D('',#484,#485,#486);
#484 = CARTESIAN_POINT('',(-320.,-124.,-35.99999996829));
#485 = DIRECTION('',(1.,-0.,1.110223024625E-16));
#486 = DIRECTION('',(-1.110223024625E-16,0.,1.));
#487 = DEFINITIONAL_REPRESENTATION('',(#488),#492);
#488 = LINE('',#489,#490);
#489 = CARTESIAN_POINT('',(6.28318530718,0.));
#490 = VECTOR('',#491,1.);
#491 = DIRECTION('',(-1.,0.));
#492 = ( GEOMETRIC_REPRESENTATION_CONTEXT(2) 
PARAMETRIC_REPRESENTATION_CONTEXT() REPRESENTATION_CONTEXT('2D SPACE',''
  ) );
#493 = ORIENTED_EDGE('',*,*,#494,.F.);
#494 = EDGE_CURVE('',#495,#466,#497,.T.);
#495 = VERTEX_POINT('',#496);
#496 = CARTESIAN_POINT('',(-320.,-160.,36.));
#497 = SURFACE_CURVE('',#498,(#502,#509),.PCURVE_S1.);
#498 = LINE('',#499,#500);
#499 = CARTESIAN_POINT('',(-320.,-160.,-2.84217094304E-14));
#500 = VECTOR('',#501,1.);
#501 = DIRECTION('',(1.110223024625E-16,0.,-1.));
#502 = PCURVE('',#114,#503);
#503 = DEFINITIONAL_REPRESENTATION('',(#504),#508);
#504 = LINE('',#505,#506);
#505 = CARTESIAN_POINT('',(-36.,-36.));
#506 = VECTOR('',#507,1.);
#507 = DIRECTION('',(-1.,0.));
#508 = ( GEOMETRIC_REPRESENTATION_CONTEXT(2) 
PARAMETRIC_REPRESENTATION_CONTEXT() REPRESENTATION_CONTEXT('2D SPACE',''
  ) );
#509 = PCURVE('',#510,#515);
#510 = PLANE('',#511);
#511 = AXIS2_PLACEMENT_3D('',#512,#513,#514);
#512 = CARTESIAN_POINT('',(850.,-160.,-2.84217094304E-14));
#513 = DIRECTION('',(0.,-1.,0.));
#514 = DIRECTION('',(1.110223024625E-16,0.,-1.));
#515 = DEFINITIONAL_REPRESENTATION('',(#516),#520);
#516 = LINE('',#517,#518);
#517 = CARTESIAN_POINT('',(-1.298960938811E-13,-1.17E+03));
#518 = VECTOR('',#519,1.);
#519 = DIRECTION('',(1.,0.));
#520 = ( GEOMETRIC_REPRESENTATION_CONTEXT(2) 
PARAMETRIC_REPRESENTATION_CONTEXT() REPRESENTATION_CONTEXT('2D SPACE',''
  ) );
#521 = ORIENTED_EDGE('',*,*,#522,.T.);
#522 = EDGE_CURVE('',#495,#92,#523,.T.);
#523 = SURFACE_CURVE('',#524,(#529,#536),.PCURVE_S1.);
#524 = CIRCLE('',#525,36.);
#525 = AXIS2_PLACEMENT_3D('',#526,#527,#528);
#526 = CARTESIAN_POINT('',(-320.,-124.,36.));
#527 = DIRECTION('',(-1.,0.,-1.110223024625E-16));
#528 = DIRECTION('',(-1.110223024625E-16,0.,1.));
#529 = PCURVE('',#114,#530);
#530 = DEFINITIONAL_REPRESENTATION('',(#531),#535);
#531 = CIRCLE('',#532,36.);
#532 = AXIS2_PLACEMENT_2D('',#533,#534);
#533 = CARTESIAN_POINT('',(0.,0.));
#534 = DIRECTION('',(1.,0.));
#535 = ( GEOMETRIC_REPRESENTATION_CONTEXT(2) 
PARAMETRIC_REPRESENTATION_CONTEXT() REPRESENTATION_CONTEXT('2D SPACE',''
  ) );
#536 = PCURVE('',#140,#537);
#537 = DEFINITIONAL_REPRESENTATION('',(#538),#542);
#538 = LINE('',#539,#540);
#539 = CARTESIAN_POINT('',(6.28318530718,0.));
#540 = VECTOR('',#541,1.);
#541 = DIRECTION('',(-1.,0.));
#542 = ( GEOMETRIC_REPRESENTATION_CONTEXT(2) 
PARAMETRIC_REPRESENTATION_CONTEXT() REPRESENTATION_CONTEXT('2D SPACE',''
  ) );
#543 = FACE_BOUND('',#544,.T.);
#544 = EDGE_LOOP('',(#545));
#545 = ORIENTED_EDGE('',*,*,#546,.T.);
#546 = EDGE_CURVE('',#547,#547,#549,.T.);
#547 = VERTEX_POINT('',#548);
#548 = CARTESIAN_POINT('',(-320.,0.,-44.64));
#549 = SURFACE_CURVE('',#550,(#555,#566),.PCURVE_S1.);
#550 = CIRCLE('',#551,44.64);
#551 = AXIS2_PLACEMENT_3D('',#552,#553,#554);
#552 = CARTESIAN_POINT('',(-320.,0.,1.110223024625E-16));
#553 = DIRECTION('',(1.,-0.,1.110223024625E-16));
#554 = DIRECTION('',(1.110223024625E-16,0.,-1.));
#555 = PCURVE('',#114,#556);
#556 = DEFINITIONAL_REPRESENTATION('',(#557),#565);
#557 = ( BOUNDED_CURVE() B_SPLINE_CURVE(2,(#558,#559,#560,#561,#562,#563
,#564),.UNSPECIFIED.,.T.,.F.) B_SPLINE_CURVE_WITH_KNOTS((1,2,2,2,2,1),(
    -2.094395102393,0.,2.094395102393,4.188790204786,6.28318530718,
8.377580409573),.UNSPECIFIED.) CURVE() GEOMETRIC_REPRESENTATION_ITEM() 
RATIONAL_B_SPLINE_CURVE((1.,0.5,1.,0.5,1.,0.5,1.)) REPRESENTATION_ITEM(
  '') );
#558 = CARTESIAN_POINT('',(-80.64,124.));
#559 = CARTESIAN_POINT('',(-80.64,201.31874804987));
#560 = CARTESIAN_POINT('',(-13.68,162.65937402493));
#561 = CARTESIAN_POINT('',(53.28,124.));
#562 = CARTESIAN_POINT('',(-13.68,85.340625975063));
#563 = CARTESIAN_POINT('',(-80.64,46.681251950125));
#564 = CARTESIAN_POINT('',(-80.64,124.));
#565 = ( GEOMETRIC_REPRESENTATION_CONTEXT(2) 
PARAMETRIC_REPRESENTATION_CONTEXT() REPRESENTATION_CONTEXT('2D SPACE',''
  ) );
#566 = PCURVE('',#567,#572);
#567 = CYLINDRICAL_SURFACE('',#568,44.64);
#568 = AXIS2_PLACEMENT_3D('',#569,#570,#571);
#569 = CARTESIAN_POINT('',(-321.,0.,0.));
#570 = DIRECTION('',(1.,-0.,1.110223024625E-16));
#571 = DIRECTION('',(1.110223024625E-16,0.,-1.));
#572 = DEFINITIONAL_REPRESENTATION('',(#573),#577);
#573 = LINE('',#574,#575);
#574 = CARTESIAN_POINT('',(0.,1.));
#575 = VECTOR('',#576,1.);
#576 = DIRECTION('',(1.,0.));
#577 = ( GEOMETRIC_REPRESENTATION_CONTEXT(2) 
PARAMETRIC_REPRESENTATION_CONTEXT() REPRESENTATION_CONTEXT('2D SPACE',''
  ) );
#578 = ADVANCED_FACE('',(#579),#341,.T.);
#579 = FACE_BOUND('',#580,.T.);
#580 = EDGE_LOOP('',(#581,#582,#583,#663,#692,#777));
#581 = ORIENTED_EDGE('',*,*,#356,.F.);
#582 = ORIENTED_EDGE('',*,*,#329,.T.);
#583 = ORIENTED_EDGE('',*,*,#584,.F.);
#584 = EDGE_CURVE('',#585,#305,#587,.T.);
#585 = VERTEX_POINT('',#586);
#586 = CARTESIAN_POINT('',(150.,139.80079923528,68.347097915054));
#587 = SURFACE_CURVE('',#588,(#611,#637),.PCURVE_S1.);
#588 = B_SPLINE_CURVE_WITH_KNOTS('',6,(#589,#590,#591,#592,#593,#594,
    #595,#596,#597,#598,#599,#600,#601,#602,#603,#604,#605,#606,#607,
    #608,#609,#610),.UNSPECIFIED.,.F.,.F.,(7,5,5,5,7),(0.,0.250130421304
    ,0.500411385889,0.750908541775,1.),.UNSPECIFIED.);
#589 = CARTESIAN_POINT('',(150.,139.80079923528,68.347097915054));
#590 = CARTESIAN_POINT('',(156.46578572434,139.2551614138,
    68.613629203119));
#591 = CARTESIAN_POINT('',(162.93104587584,138.70037738468,
    68.870948266202));
#592 = CARTESIAN_POINT('',(169.39573548275,138.13621347665,
    69.118815784112));
#593 = CARTESIAN_POINT('',(175.85980278088,137.56240126831,
    69.356956833334));
#594 = CARTESIAN_POINT('',(182.32318850202,136.97862684244,
    69.585050051953));
#595 = CARTESIAN_POINT('',(195.25235141959,135.79005566958,
    70.020514561943));
#596 = CARTESIAN_POINT('',(201.71812618771,135.1852467669,70.2278733926)
  );
#597 = CARTESIAN_POINT('',(208.1830827064,134.56972058158,
    70.424412160083));
#598 = CARTESIAN_POINT('',(214.64714134137,133.94305010854,
    70.609693856426));
#599 = CARTESIAN_POINT('',(221.11020769141,133.30473125298,
    70.783202529064));
#600 = CARTESIAN_POINT('',(234.03971550714,132.00302677726,
    71.105577058948));
#601 = CARTESIAN_POINT('',(240.50615138518,131.33961999371,
    71.254421050931));
#602 = CARTESIAN_POINT('',(246.97136974948,130.66333269396,
    71.390231594481));
#603 = CARTESIAN_POINT('',(253.43523368713,129.97345253421,
    71.512279148131));
#604 = CARTESIAN_POINT('',(259.89757511565,129.2691334695,71.61969655403
    ));
#605 = CARTESIAN_POINT('',(272.78254304217,127.83353195197,
    71.802579374464));
#606 = CARTESIAN_POINT('',(279.20517819067,127.10242385821,
    71.878220234641));
#607 = CARTESIAN_POINT('',(285.62589765392,126.3549443212,
    71.937249021826));
#608 = CARTESIAN_POINT('',(292.04443663244,125.58983117072,
    71.978370304263));
#609 = CARTESIAN_POINT('',(298.46045215368,124.80554340571,72.));
#610 = CARTESIAN_POINT('',(304.87348977323,124.,72.));
#611 = PCURVE('',#341,#612);
#612 = DEFINITIONAL_REPRESENTATION('',(#613),#636);
#613 = B_SPLINE_CURVE_WITH_KNOTS('',6,(#614,#615,#616,#617,#618,#619,
    #620,#621,#622,#623,#624,#625,#626,#627,#628,#629,#630,#631,#632,
    #633,#634,#635),.UNSPECIFIED.,.F.,.F.,(7,5,5,5,7),(0.,0.250130421304
    ,0.500411385889,0.750908541775,1.),.UNSPECIFIED.);
#614 = CARTESIAN_POINT('',(5.828798871871,470.));
#615 = CARTESIAN_POINT('',(5.845667087466,476.46578572434));
#616 = CARTESIAN_POINT('',(5.86265126714,482.93104587584));
#617 = CARTESIAN_POINT('',(5.879762976664,489.39573548275));
#618 = CARTESIAN_POINT('',(5.897014774882,495.85980278088));
#619 = CARTESIAN_POINT('',(5.914420631145,502.32318850202));
#620 = CARTESIAN_POINT('',(5.949582632464,515.25235141959));
#621 = CARTESIAN_POINT('',(5.967338972411,521.71812618771));
#622 = CARTESIAN_POINT('',(5.985281258532,528.1830827064));
#623 = CARTESIAN_POINT('',(6.003427142203,534.64714134137));
#624 = CARTESIAN_POINT('',(6.021796892846,541.11020769141));
#625 = CARTESIAN_POINT('',(6.059047709802,554.03971550714));
#626 = CARTESIAN_POINT('',(6.077929206777,560.50615138518));
#627 = CARTESIAN_POINT('',(6.097082611405,566.97136974948));
#628 = CARTESIAN_POINT('',(6.116535477051,573.43523368713));
#629 = CARTESIAN_POINT('',(6.136320116771,579.89757511565));
#630 = CARTESIAN_POINT('',(6.176520212772,592.78254304217));
#631 = CARTESIAN_POINT('',(6.196931485018,599.20517819067));
#632 = CARTESIAN_POINT('',(6.217750034093,605.62589765391));
#633 = CARTESIAN_POINT('',(6.239023326954,612.04443663244));
#634 = CARTESIAN_POINT('',(6.260809101465,618.46045215368));
#635 = CARTESIAN_POINT('',(6.28318530718,624.87348977323));
#636 = ( GEOMETRIC_REPRESENTATION_CONTEXT(2) 
PARAMETRIC_REPRESENTATION_CONTEXT() REPRESENTATION_CONTEXT('2D SPACE',''
  ) );
#637 = PCURVE('',#318,#638);
#638 = DEFINITIONAL_REPRESENTATION('',(#639),#662);
#639 = B_SPLINE_CURVE_WITH_KNOTS('',6,(#640,#641,#642,#643,#644,#645,
    #646,#647,#648,#649,#650,#651,#652,#653,#654,#655,#656,#657,#658,
    #659,#660,#661),.UNSPECIFIED.,.F.,.F.,(7,5,5,5,7),(0.,0.250130421304
    ,0.500411385889,0.750908541775,1.),.UNSPECIFIED.);
#640 = CARTESIAN_POINT('',(-2.59570457488,0.));
#641 = CARTESIAN_POINT('',(-2.267825933113,4.016015977851E-02));
#642 = CARTESIAN_POINT('',(-1.926976528538,8.031705512945E-02));
#643 = CARTESIAN_POINT('',(-1.572822813494,0.120470406725));
#644 = CARTESIAN_POINT('',(-1.204981630037,0.160619893049));
#645 = CARTESIAN_POINT('',(-0.823004964391,0.200765145975));
#646 = CARTESIAN_POINT('',(-2.948571687564E-02,0.281070505712));
#647 = CARTESIAN_POINT('',(0.382074222402,0.321230597439));
#648 = CARTESIAN_POINT('',(0.8088468475,0.361385606872));
#649 = CARTESIAN_POINT('',(1.25144150038,0.401535039387));
#650 = CARTESIAN_POINT('',(1.710577557838,0.441678308642));
#651 = CARTESIAN_POINT('',(2.664067785074,0.521985810603));
#652 = CARTESIAN_POINT('',(3.158452267917,0.562150008604));
#653 = CARTESIAN_POINT('',(3.671136113742,0.602306644407));
#654 = CARTESIAN_POINT('',(4.203136125633,0.642454867622));
#655 = CARTESIAN_POINT('',(4.755660327948,0.682593634259));
#656 = CARTESIAN_POINT('',(5.901566498015,0.762624490945));
#657 = CARTESIAN_POINT('',(6.494701291123,0.802516634725));
#658 = CARTESIAN_POINT('',(7.11112028157,0.842396879838));
#659 = CARTESIAN_POINT('',(7.752626621732,0.882263581568));
#660 = CARTESIAN_POINT('',(8.421423155645,0.92211460965));
#661 = CARTESIAN_POINT('',(9.120484088849,0.961947141449));
#662 = ( GEOMETRIC_REPRESENTATION_CONTEXT(2) 
PARAMETRIC_REPRESENTATION_CONTEXT() REPRESENTATION_CONTEXT('2D SPACE',''
  ) );
#663 = ORIENTED_EDGE('',*,*,#664,.F.);
#664 = EDGE_CURVE('',#665,#585,#667,.T.);
#665 = VERTEX_POINT('',#666);
#666 = CARTESIAN_POINT('',(150.,156.34709791505,51.800799235289));
#667 = SURFACE_CURVE('',#668,(#673,#680),.PCURVE_S1.);
#668 = CIRCLE('',#669,36.);
#669 = AXIS2_PLACEMENT_3D('',#670,#671,#672);
#670 = CARTESIAN_POINT('',(150.,124.,36.));
#671 = DIRECTION('',(1.,0.,1.110223024625E-16));
#672 = DIRECTION('',(-1.110223024625E-16,0.,1.));
#673 = PCURVE('',#341,#674);
#674 = DEFINITIONAL_REPRESENTATION('',(#675),#679);
#675 = LINE('',#676,#677);
#676 = CARTESIAN_POINT('',(0.,470.));
#677 = VECTOR('',#678,1.);
#678 = DIRECTION('',(1.,0.));
#679 = ( GEOMETRIC_REPRESENTATION_CONTEXT(2) 
PARAMETRIC_REPRESENTATION_CONTEXT() REPRESENTATION_CONTEXT('2D SPACE',''
  ) );
#680 = PCURVE('',#681,#686);
#681 = PLANE('',#682);
#682 = AXIS2_PLACEMENT_3D('',#683,#684,#685);
#683 = CARTESIAN_POINT('',(150.,147.15774708385,72.875618638879));
#684 = DIRECTION('',(1.,7.850462293419E-17,7.850462293419E-17));
#685 = DIRECTION('',(1.110223024625E-16,-0.707106781187,-0.707106781187)
  );
#686 = DEFINITIONAL_REPRESENTATION('',(#687),#691);
#687 = CIRCLE('',#688,36.);
#688 = AXIS2_PLACEMENT_2D('',#689,#690);
#689 = CARTESIAN_POINT('',(42.45,9.7));
#690 = DIRECTION('',(-0.707106781187,-0.707106781187));
#691 = ( GEOMETRIC_REPRESENTATION_CONTEXT(2) 
PARAMETRIC_REPRESENTATION_CONTEXT() REPRESENTATION_CONTEXT('2D SPACE',''
  ) );
#692 = ORIENTED_EDGE('',*,*,#693,.T.);
#693 = EDGE_CURVE('',#665,#694,#696,.T.);
#694 = VERTEX_POINT('',#695);
#695 = CARTESIAN_POINT('',(304.87348977323,160.,36.));
#696 = SURFACE_CURVE('',#697,(#720,#746),.PCURVE_S1.);
#697 = B_SPLINE_CURVE_WITH_KNOTS('',6,(#698,#699,#700,#701,#702,#703,
    #704,#705,#706,#707,#708,#709,#710,#711,#712,#713,#714,#715,#716,
    #717,#718,#719),.UNSPECIFIED.,.F.,.F.,(7,5,5,5,7),(0.,0.250130421304
    ,0.500411385889,0.750908541775,1.),.UNSPECIFIED.);
#698 = CARTESIAN_POINT('',(150.,156.34709791505,51.800799235289));
#699 = CARTESIAN_POINT('',(156.46578572434,156.61362920311,
    51.255161413804));
#700 = CARTESIAN_POINT('',(162.93104587584,156.8709482662,
    50.700377384685));
#701 = CARTESIAN_POINT('',(169.39573548275,157.11881578411,
    50.136213476655));
#702 = CARTESIAN_POINT('',(175.85980278088,157.35695683333,
    49.562401268312));
#703 = CARTESIAN_POINT('',(182.32318850202,157.58505005195,
    48.97862684244));
#704 = CARTESIAN_POINT('',(195.25235141959,158.02051456194,
    47.790055669581));
#705 = CARTESIAN_POINT('',(201.71812618771,158.2278733926,
    47.185246766902));
#706 = CARTESIAN_POINT('',(208.1830827064,158.42441216008,
    46.569720581584));
#707 = CARTESIAN_POINT('',(214.64714134137,158.60969385642,
    45.943050108544));
#708 = CARTESIAN_POINT('',(221.11020769141,158.78320252906,
    45.30473125298));
#709 = CARTESIAN_POINT('',(234.03971550714,159.10557705894,
    44.003026777263));
#710 = CARTESIAN_POINT('',(240.50615138518,159.25442105093,
    43.339619993713));
#711 = CARTESIAN_POINT('',(246.97136974948,159.39023159448,
    42.663332693963));
#712 = CARTESIAN_POINT('',(253.43523368713,159.51227914813,
    41.973452534215));
#713 = CARTESIAN_POINT('',(259.89757511565,159.61969655403,
    41.269133469501));
#714 = CARTESIAN_POINT('',(272.78254304216,159.80257937446,
    39.833531951976));
#715 = CARTESIAN_POINT('',(279.20517819068,159.87822023464,
    39.10242385821));
#716 = CARTESIAN_POINT('',(285.62589765391,159.93724902182,
    38.354944321204));
#717 = CARTESIAN_POINT('',(292.04443663244,159.97837030426,
    37.589831170727));
#718 = CARTESIAN_POINT('',(298.46045215368,160.,36.80554340571));
#719 = CARTESIAN_POINT('',(304.87348977323,160.,36.));
#720 = PCURVE('',#341,#721);
#721 = DEFINITIONAL_REPRESENTATION('',(#722),#745);
#722 = B_SPLINE_CURVE_WITH_KNOTS('',6,(#723,#724,#725,#726,#727,#728,
    #729,#730,#731,#732,#733,#734,#735,#736,#737,#738,#739,#740,#741,
    #742,#743,#744),.UNSPECIFIED.,.F.,.F.,(7,5,5,5,7),(0.,0.250130421304
    ,0.500411385889,0.750908541775,1.),.UNSPECIFIED.);
#723 = CARTESIAN_POINT('',(5.166775415693,470.));
#724 = CARTESIAN_POINT('',(5.149907200098,476.46578572434));
#725 = CARTESIAN_POINT('',(5.132923020424,482.93104587584));
#726 = CARTESIAN_POINT('',(5.1158113109,489.39573548275));
#727 = CARTESIAN_POINT('',(5.098559512682,495.85980278088));
#728 = CARTESIAN_POINT('',(5.081153656419,502.32318850202));
#729 = CARTESIAN_POINT('',(5.0459916551,515.25235141959));
#730 = CARTESIAN_POINT('',(5.028235315154,521.71812618771));
#731 = CARTESIAN_POINT('',(5.010293029032,528.1830827064));
#732 = CARTESIAN_POINT('',(4.992147145361,534.64714134137));
#733 = CARTESIAN_POINT('',(4.973777394718,541.11020769141));
#734 = CARTESIAN_POINT('',(4.936526577762,554.03971550714));
#735 = CARTESIAN_POINT('',(4.917645080788,560.50615138518));
#736 = CARTESIAN_POINT('',(4.89849167616,566.97136974948));
#737 = CARTESIAN_POINT('',(4.879038810514,573.43523368713));
#738 = CARTESIAN_POINT('',(4.859254170793,579.89757511565));
#739 = CARTESIAN_POINT('',(4.819054074793,592.78254304216));
#740 = CARTESIAN_POINT('',(4.798642802546,599.20517819067));
#741 = CARTESIAN_POINT('',(4.777824253471,605.62589765391));
#742 = CARTESIAN_POINT('',(4.75655096061,612.04443663244));
#743 = CARTESIAN_POINT('',(4.734765186099,618.46045215368));
#744 = CARTESIAN_POINT('',(4.712388980385,624.87348977323));
#745 = ( GEOMETRIC_REPRESENTATION_CONTEXT(2) 
PARAMETRIC_REPRESENTATION_CONTEXT() REPRESENTATION_CONTEXT('2D SPACE',''
  ) );
#746 = PCURVE('',#747,#752);
#747 = B_SPLINE_SURFACE_WITH_KNOTS('',1,1,(
    (#748,#749)
    ,(#750,#751
    )),.UNSPECIFIED.,.F.,.F.,.F.,(2,2),(2,2),(-11.,11.),(0.,1.),
  .PIECEWISE_BEZIER_KNOTS.);
#748 = CARTESIAN_POINT('',(150.,146.73348301514,42.187184335382));
#749 = CARTESIAN_POINT('',(311.,159.14320702646,34.373654404763));
#750 = CARTESIAN_POINT('',(150.,162.28983220125,57.743533521486));
#751 = CARTESIAN_POINT('',(311.,174.69955621107,49.930003589375));
#752 = DEFINITIONAL_REPRESENTATION('',(#753),#776);
#753 = B_SPLINE_CURVE_WITH_KNOTS('',6,(#754,#755,#756,#757,#758,#759,
    #760,#761,#762,#763,#764,#765,#766,#767,#768,#769,#770,#771,#772,
    #773,#774,#775),.UNSPECIFIED.,.F.,.F.,(7,5,5,5,7),(0.,0.250130421304
    ,0.500411385889,0.750908541775,1.),.UNSPECIFIED.);
#754 = CARTESIAN_POINT('',(2.59570457488,0.));
#755 = CARTESIAN_POINT('',(2.267825933113,4.016015977851E-02));
#756 = CARTESIAN_POINT('',(1.926976528538,8.031705512945E-02));
#757 = CARTESIAN_POINT('',(1.572822813494,0.120470406725));
#758 = CARTESIAN_POINT('',(1.204981630036,0.160619893049));
#759 = CARTESIAN_POINT('',(0.823004964391,0.200765145975));
#760 = CARTESIAN_POINT('',(2.94857168754E-02,0.281070505712));
#761 = CARTESIAN_POINT('',(-0.382074222402,0.321230597439));
#762 = CARTESIAN_POINT('',(-0.8088468475,0.361385606872));
#763 = CARTESIAN_POINT('',(-1.25144150038,0.401535039387));
#764 = CARTESIAN_POINT('',(-1.710577557838,0.441678308642));
#765 = CARTESIAN_POINT('',(-2.664067785074,0.521985810603));
#766 = CARTESIAN_POINT('',(-3.158452267917,0.562150008604));
#767 = CARTESIAN_POINT('',(-3.671136113743,0.602306644407));
#768 = CARTESIAN_POINT('',(-4.203136125633,0.642454867622));
#769 = CARTESIAN_POINT('',(-4.755660327948,0.682593634259));
#770 = CARTESIAN_POINT('',(-5.901566498015,0.762624490945));
#771 = CARTESIAN_POINT('',(-6.494701291124,0.802516634725));
#772 = CARTESIAN_POINT('',(-7.11112028157,0.842396879838));
#773 = CARTESIAN_POINT('',(-7.752626621731,0.882263581568));
#774 = CARTESIAN_POINT('',(-8.421423155645,0.92211460965));
#775 = CARTESIAN_POINT('',(-9.120484088849,0.961947141449));
#776 = ( GEOMETRIC_REPRESENTATION_CONTEXT(2) 
PARAMETRIC_REPRESENTATION_CONTEXT() REPRESENTATION_CONTEXT('2D SPACE',''
  ) );
#777 = ORIENTED_EDGE('',*,*,#778,.F.);
#778 = EDGE_CURVE('',#357,#694,#779,.T.);
#779 = SURFACE_CURVE('',#780,(#783,#789),.PCURVE_S1.);
#780 = B_SPLINE_CURVE_WITH_KNOTS('',1,(#781,#782),.UNSPECIFIED.,.F.,.F.,
  (2,2),(0.,1.),.PIECEWISE_BEZIER_KNOTS.);
#781 = CARTESIAN_POINT('',(-320.,160.,36.));
#782 = CARTESIAN_POINT('',(850.,160.,36.));
#783 = PCURVE('',#341,#784);
#784 = DEFINITIONAL_REPRESENTATION('',(#785),#788);
#785 = B_SPLINE_CURVE_WITH_KNOTS('',1,(#786,#787),.UNSPECIFIED.,.F.,.F.,
  (2,2),(0.,1.),.PIECEWISE_BEZIER_KNOTS.);
#786 = CARTESIAN_POINT('',(4.712388980385,0.));
#787 = CARTESIAN_POINT('',(4.712388980385,1.17E+03));
#788 = ( GEOMETRIC_REPRESENTATION_CONTEXT(2) 
PARAMETRIC_REPRESENTATION_CONTEXT() REPRESENTATION_CONTEXT('2D SPACE',''
  ) );
#789 = PCURVE('',#396,#790);
#790 = DEFINITIONAL_REPRESENTATION('',(#791),#794);
#791 = B_SPLINE_CURVE_WITH_KNOTS('',1,(#792,#793),.UNSPECIFIED.,.F.,.F.,
  (2,2),(0.,1.),.PIECEWISE_BEZIER_KNOTS.);
#792 = CARTESIAN_POINT('',(36.,-1.17E+03));
#793 = CARTESIAN_POINT('',(36.,0.));
#794 = ( GEOMETRIC_REPRESENTATION_CONTEXT(2) 
PARAMETRIC_REPRESENTATION_CONTEXT() REPRESENTATION_CONTEXT('2D SPACE',''
  ) );
#795 = ADVANCED_FACE('',(#796),#318,.F.);
#796 = FACE_BOUND('',#797,.F.);
#797 = EDGE_LOOP('',(#798,#799,#822,#863,#884));
#798 = ORIENTED_EDGE('',*,*,#584,.F.);
#799 = ORIENTED_EDGE('',*,*,#800,.T.);
#800 = EDGE_CURVE('',#585,#801,#803,.T.);
#801 = VERTEX_POINT('',#802);
#802 = CARTESIAN_POINT('',(150.,130.18718433538,58.733483015147));
#803 = SURFACE_CURVE('',#804,(#808,#815),.PCURVE_S1.);
#804 = LINE('',#805,#806);
#805 = CARTESIAN_POINT('',(150.,137.96535892843,66.511657608199));
#806 = VECTOR('',#807,1.);
#807 = DIRECTION('',(1.110223024625E-16,-0.707106781187,-0.707106781187)
  );
#808 = PCURVE('',#318,#809);
#809 = DEFINITIONAL_REPRESENTATION('',(#810),#814);
#810 = LINE('',#811,#812);
#811 = CARTESIAN_POINT('',(0.,0.));
#812 = VECTOR('',#813,1.);
#813 = DIRECTION('',(1.,0.));
#814 = ( GEOMETRIC_REPRESENTATION_CONTEXT(2) 
PARAMETRIC_REPRESENTATION_CONTEXT() REPRESENTATION_CONTEXT('2D SPACE',''
  ) );
#815 = PCURVE('',#681,#816);
#816 = DEFINITIONAL_REPRESENTATION('',(#817),#821);
#817 = LINE('',#818,#819);
#818 = CARTESIAN_POINT('',(11.,-2.));
#819 = VECTOR('',#820,1.);
#820 = DIRECTION('',(1.,0.));
#821 = ( GEOMETRIC_REPRESENTATION_CONTEXT(2) 
PARAMETRIC_REPRESENTATION_CONTEXT() REPRESENTATION_CONTEXT('2D SPACE',''
  ) );
#822 = ORIENTED_EDGE('',*,*,#823,.T.);
#823 = EDGE_CURVE('',#801,#824,#826,.T.);
#824 = VERTEX_POINT('',#825);
#825 = CARTESIAN_POINT('',(311.,122.37365440476,71.143207026464));
#826 = SURFACE_CURVE('',#827,(#830,#837),.PCURVE_S1.);
#827 = B_SPLINE_CURVE_WITH_KNOTS('',1,(#828,#829),.UNSPECIFIED.,.F.,.F.,
  (2,2),(0.,1.),.PIECEWISE_BEZIER_KNOTS.);
#828 = CARTESIAN_POINT('',(150.,130.18718433538,58.733483015147));
#829 = CARTESIAN_POINT('',(311.,122.37365440476,71.143207026464));
#830 = PCURVE('',#318,#831);
#831 = DEFINITIONAL_REPRESENTATION('',(#832),#836);
#832 = LINE('',#833,#834);
#833 = CARTESIAN_POINT('',(11.,0.));
#834 = VECTOR('',#835,1.);
#835 = DIRECTION('',(0.,1.));
#836 = ( GEOMETRIC_REPRESENTATION_CONTEXT(2) 
PARAMETRIC_REPRESENTATION_CONTEXT() REPRESENTATION_CONTEXT('2D SPACE',''
  ) );
#837 = PCURVE('',#838,#857);
#838 = B_SPLINE_SURFACE_WITH_KNOTS('',8,1,(
    (#839,#840)
    ,(#841,#842)
    ,(#843,#844)
    ,(#845,#846)
    ,(#847,#848)
    ,(#849,#850)
    ,(#851,#852)
    ,(#853,#854)
    ,(#855,#856
    )),.UNSPECIFIED.,.F.,.F.,.F.,(9,9),(2,2),(4.712388980385,
    6.28318530718),(0.,1.),.PIECEWISE_BEZIER_KNOTS.);
#839 = CARTESIAN_POINT('',(150.,130.18718433538,58.733483015148));
#840 = CARTESIAN_POINT('',(311.,122.37365440476,71.143207026464));
#841 = CARTESIAN_POINT('',(149.99999999999,129.90950415174,
    58.455802831513));
#842 = CARTESIAN_POINT('',(310.99999999999,122.09597422112,
    70.865526842829));
#843 = CARTESIAN_POINT('',(150.,129.69413524602,58.115811195154));
#844 = CARTESIAN_POINT('',(311.,121.8806053154,70.52553520647));
#845 = CARTESIAN_POINT('',(149.99999999998,129.55739077088,
    57.729822482756));
#846 = CARTESIAN_POINT('',(310.99999999999,121.74386084026,
    70.139546494072));
#847 = CARTESIAN_POINT('',(150.00000000001,129.5104583807,
    57.319269452775));
#848 = CARTESIAN_POINT('',(311.,121.69692845008,69.728993464091));
#849 = CARTESIAN_POINT('',(149.99999999998,129.55739077088,
    56.908716422793));
#850 = CARTESIAN_POINT('',(310.99999999999,121.74386084026,
    69.318440434109));
#851 = CARTESIAN_POINT('',(150.,129.69413524602,56.522727710395));
#852 = CARTESIAN_POINT('',(311.,121.8806053154,68.932451721711));
#853 = CARTESIAN_POINT('',(149.99999999999,129.90950415174,
    56.182736074036));
#854 = CARTESIAN_POINT('',(310.99999999999,122.09597422112,
    68.592460085353));
#855 = CARTESIAN_POINT('',(150.,130.18718433538,55.905055890401));
#856 = CARTESIAN_POINT('',(311.,122.37365440476,68.314779901718));
#857 = DEFINITIONAL_REPRESENTATION('',(#858),#862);
#858 = LINE('',#859,#860);
#859 = CARTESIAN_POINT('',(4.712388980385,0.));
#860 = VECTOR('',#861,1.);
#861 = DIRECTION('',(0.,1.));
#862 = ( GEOMETRIC_REPRESENTATION_CONTEXT(2) 
PARAMETRIC_REPRESENTATION_CONTEXT() REPRESENTATION_CONTEXT('2D SPACE',''
  ) );
#863 = ORIENTED_EDGE('',*,*,#864,.F.);
#864 = EDGE_CURVE('',#280,#824,#865,.T.);
#865 = SURFACE_CURVE('',#866,(#870,#877),.PCURVE_S1.);
#866 = LINE('',#867,#868);
#867 = CARTESIAN_POINT('',(311.,130.15182899632,78.921381618023));
#868 = VECTOR('',#869,1.);
#869 = DIRECTION('',(1.110223024625E-16,-0.707106781187,-0.707106781187)
  );
#870 = PCURVE('',#318,#871);
#871 = DEFINITIONAL_REPRESENTATION('',(#872),#876);
#872 = LINE('',#873,#874);
#873 = CARTESIAN_POINT('',(0.,1.));
#874 = VECTOR('',#875,1.);
#875 = DIRECTION('',(1.,0.));
#876 = ( GEOMETRIC_REPRESENTATION_CONTEXT(2) 
PARAMETRIC_REPRESENTATION_CONTEXT() REPRESENTATION_CONTEXT('2D SPACE',''
  ) );
#877 = PCURVE('',#293,#878);
#878 = DEFINITIONAL_REPRESENTATION('',(#879),#883);
#879 = LINE('',#880,#881);
#880 = CARTESIAN_POINT('',(0.,0.));
#881 = VECTOR('',#882,1.);
#882 = DIRECTION('',(1.,0.));
#883 = ( GEOMETRIC_REPRESENTATION_CONTEXT(2) 
PARAMETRIC_REPRESENTATION_CONTEXT() REPRESENTATION_CONTEXT('2D SPACE',''
  ) );
#884 = ORIENTED_EDGE('',*,*,#304,.F.);
#885 = ADVANCED_FACE('',(#886),#293,.F.);
#886 = FACE_BOUND('',#887,.F.);
#887 = EDGE_LOOP('',(#888,#889,#890,#931,#959));
#888 = ORIENTED_EDGE('',*,*,#279,.F.);
#889 = ORIENTED_EDGE('',*,*,#864,.T.);
#890 = ORIENTED_EDGE('',*,*,#891,.T.);
#891 = EDGE_CURVE('',#824,#892,#894,.T.);
#892 = VERTEX_POINT('',#893);
#893 = CARTESIAN_POINT('',(610.,129.7275649291,69.304729395379));
#894 = SURFACE_CURVE('',#895,(#898,#905),.PCURVE_S1.);
#895 = B_SPLINE_CURVE_WITH_KNOTS('',1,(#896,#897),.UNSPECIFIED.,.F.,.F.,
  (2,2),(0.,1.),.PIECEWISE_BEZIER_KNOTS.);
#896 = CARTESIAN_POINT('',(311.,122.37365440476,71.143207026464));
#897 = CARTESIAN_POINT('',(610.,129.7275649291,69.304729395379));
#898 = PCURVE('',#293,#899);
#899 = DEFINITIONAL_REPRESENTATION('',(#900),#904);
#900 = LINE('',#901,#902);
#901 = CARTESIAN_POINT('',(10.999999997889,0.));
#902 = VECTOR('',#903,1.);
#903 = DIRECTION('',(0.,1.));
#904 = ( GEOMETRIC_REPRESENTATION_CONTEXT(2) 
PARAMETRIC_REPRESENTATION_CONTEXT() REPRESENTATION_CONTEXT('2D SPACE',''
  ) );
#905 = PCURVE('',#906,#925);
#906 = B_SPLINE_SURFACE_WITH_KNOTS('',8,1,(
    (#907,#908)
    ,(#909,#910)
    ,(#911,#912)
    ,(#913,#914)
    ,(#915,#916)
    ,(#917,#918)
    ,(#919,#920)
    ,(#921,#922)
    ,(#923,#924
    )),.UNSPECIFIED.,.F.,.F.,.F.,(9,9),(2,2),(1.570796326795,
    3.14159265359),(0.,1.),.PIECEWISE_BEZIER_KNOTS.);
#907 = CARTESIAN_POINT('',(311.,122.37365440476,71.143207026464));
#908 = CARTESIAN_POINT('',(609.99999999999,129.7275649291,
    69.304729395379));
#909 = CARTESIAN_POINT('',(310.99999999999,122.09597422112,
    70.865526842829));
#910 = CARTESIAN_POINT('',(609.99999999999,129.44988474546,
    69.027049211744));
#911 = CARTESIAN_POINT('',(311.,121.8806053154,70.52553520647));
#912 = CARTESIAN_POINT('',(610.00000000002,129.23451583974,
    68.687057575385));
#913 = CARTESIAN_POINT('',(310.99999999999,121.74386084026,
    70.139546494072));
#914 = CARTESIAN_POINT('',(609.99999999995,129.0977713646,
    68.301068862986));
#915 = CARTESIAN_POINT('',(311.,121.69692845008,69.728993464091));
#916 = CARTESIAN_POINT('',(610.00000000004,129.05083897442,
    67.890515833006));
#917 = CARTESIAN_POINT('',(310.99999999999,121.74386084026,
    69.318440434109));
#918 = CARTESIAN_POINT('',(609.99999999996,129.0977713646,
    67.479962803024));
#919 = CARTESIAN_POINT('',(311.,121.8806053154,68.932451721711));
#920 = CARTESIAN_POINT('',(610.00000000001,129.23451583974,
    67.093974090626));
#921 = CARTESIAN_POINT('',(310.99999999999,122.09597422112,
    68.592460085353));
#922 = CARTESIAN_POINT('',(609.99999999999,129.44988474546,
    66.753982454268));
#923 = CARTESIAN_POINT('',(311.,122.37365440476,68.314779901718));
#924 = CARTESIAN_POINT('',(610.,129.7275649291,66.476302270633));
#925 = DEFINITIONAL_REPRESENTATION('',(#926),#930);
#926 = LINE('',#927,#928);
#927 = CARTESIAN_POINT('',(1.570796326795,0.));
#928 = VECTOR('',#929,1.);
#929 = DIRECTION('',(0.,1.));
#930 = ( GEOMETRIC_REPRESENTATION_CONTEXT(2) 
PARAMETRIC_REPRESENTATION_CONTEXT() REPRESENTATION_CONTEXT('2D SPACE',''
  ) );
#931 = ORIENTED_EDGE('',*,*,#932,.F.);
#932 = EDGE_CURVE('',#933,#892,#935,.T.);
#933 = VERTEX_POINT('',#934);
#934 = CARTESIAN_POINT('',(610.,131.60943169339,71.186596159669));
#935 = SURFACE_CURVE('',#936,(#940,#947),.PCURVE_S1.);
#936 = LINE('',#937,#938);
#937 = CARTESIAN_POINT('',(610.,137.50573952066,77.082903986938));
#938 = VECTOR('',#939,1.);
#939 = DIRECTION('',(1.110223024625E-16,-0.707106781187,-0.707106781187)
  );
#940 = PCURVE('',#293,#941);
#941 = DEFINITIONAL_REPRESENTATION('',(#942),#946);
#942 = LINE('',#943,#944);
#943 = CARTESIAN_POINT('',(0.,1.));
#944 = VECTOR('',#945,1.);
#945 = DIRECTION('',(1.,0.));
#946 = ( GEOMETRIC_REPRESENTATION_CONTEXT(2) 
PARAMETRIC_REPRESENTATION_CONTEXT() REPRESENTATION_CONTEXT('2D SPACE',''
  ) );
#947 = PCURVE('',#948,#953);
#948 = PLANE('',#949);
#949 = AXIS2_PLACEMENT_3D('',#950,#951,#952);
#950 = CARTESIAN_POINT('',(610.,146.69812767608,83.446865017617));
#951 = DIRECTION('',(1.,7.850462293419E-17,7.850462293419E-17));
#952 = DIRECTION('',(1.110223024625E-16,-0.707106781187,-0.707106781187)
  );
#953 = DEFINITIONAL_REPRESENTATION('',(#954),#958);
#954 = LINE('',#955,#956);
#955 = CARTESIAN_POINT('',(11.,-2.));
#956 = VECTOR('',#957,1.);
#957 = DIRECTION('',(1.,0.));
#958 = ( GEOMETRIC_REPRESENTATION_CONTEXT(2) 
PARAMETRIC_REPRESENTATION_CONTEXT() REPRESENTATION_CONTEXT('2D SPACE',''
  ) );
#959 = ORIENTED_EDGE('',*,*,#960,.F.);
#960 = EDGE_CURVE('',#255,#933,#961,.T.);
#961 = SURFACE_CURVE('',#962,(#981,#1003),.PCURVE_S1.);
#962 = B_SPLINE_CURVE_WITH_KNOTS('',5,(#963,#964,#965,#966,#967,#968,
    #969,#970,#971,#972,#973,#974,#975,#976,#977,#978,#979,#980),
  .UNSPECIFIED.,.F.,.F.,(6,4,4,4,6),(0.,0.250433975109,0.500506306586,
    0.750568744923,1.),.UNSPECIFIED.);
#963 = CARTESIAN_POINT('',(336.03117035507,124.,72.));
#964 = CARTESIAN_POINT('',(349.7526687496,124.42185063316,72.));
#965 = CARTESIAN_POINT('',(363.47430005901,124.83752631069,
    71.993820958063));
#966 = CARTESIAN_POINT('',(377.1960492939,125.2473880167,71.981824319127
    ));
#967 = CARTESIAN_POINT('',(390.9179042277,125.65173489316,
    71.964309601051));
#968 = CARTESIAN_POINT('',(418.34199021767,126.44934317357,
    71.918798004448));
#969 = CARTESIAN_POINT('',(432.04422089128,126.84261971716,
    71.890816277317));
#970 = CARTESIAN_POINT('',(445.74653700969,127.23091546291,
    71.857851125439));
#971 = CARTESIAN_POINT('',(459.4489302455,127.61444984221,
    71.820122236244));
#972 = CARTESIAN_POINT('',(486.85331500861,128.37236747583,
    71.735525682898));
#973 = CARTESIAN_POINT('',(500.55530647003,128.74675107966,
    71.688658370289));
#974 = CARTESIAN_POINT('',(514.2573610915,129.11675999122,
    71.637414423626));
#975 = CARTESIAN_POINT('',(527.9594729229,129.4825608547,71.581960670042
    ));
#976 = CARTESIAN_POINT('',(555.32921523377,130.20512990698,
    71.46308057504));
#977 = CARTESIAN_POINT('',(568.99684541187,130.56191881122,
    71.399674958343));
#978 = CARTESIAN_POINT('',(582.66452242462,130.91481460481,
    71.332374791115));
#979 = CARTESIAN_POINT('',(596.33224187677,131.26394744951,
    71.261310370245));
#980 = CARTESIAN_POINT('',(610.,131.60943169339,71.186596159668));
#981 = PCURVE('',#293,#982);
#982 = DEFINITIONAL_REPRESENTATION('',(#983),#1002);
#983 = B_SPLINE_CURVE_WITH_KNOTS('',5,(#984,#985,#986,#987,#988,#989,
    #990,#991,#992,#993,#994,#995,#996,#997,#998,#999,#1000,#1001),
  .UNSPECIFIED.,.F.,.F.,(6,4,4,4,6),(0.,0.250433975109,0.500506306586,
    0.750568744923,1.),.UNSPECIFIED.);
#984 = CARTESIAN_POINT('',(9.570649403655,8.371628881296E-02));
#985 = CARTESIAN_POINT('',(9.451332026311,0.129607587791));
#986 = CARTESIAN_POINT('',(9.340751978096,0.175499331301));
#987 = CARTESIAN_POINT('',(9.238398229017,0.22139146921));
#988 = CARTESIAN_POINT('',(9.143847303176,0.267283960628));
#989 = CARTESIAN_POINT('',(8.969740107381,0.359003311765));
#990 = CARTESIAN_POINT('',(8.890162413445,0.404830170205));
#991 = CARTESIAN_POINT('',(8.817631603373,0.450657314414));
#992 = CARTESIAN_POINT('',(8.751837064637,0.49648471654));
#993 = CARTESIAN_POINT('',(8.633175659768,0.588138177286));
#994 = CARTESIAN_POINT('',(8.580308297055,0.633964235686));
#995 = CARTESIAN_POINT('',(8.533629880359,0.679790505323));
#996 = CARTESIAN_POINT('',(8.492904532227,0.725616966297));
#997 = CARTESIAN_POINT('',(8.423028615651,0.817154565999));
#998 = CARTESIAN_POINT('',(8.393848740643,0.862865703719));
#999 = CARTESIAN_POINT('',(8.37017618456,0.908576998076));
#1000 = CARTESIAN_POINT('',(8.351826717988,0.95428843437));
#1001 = CARTESIAN_POINT('',(8.338638497252,1.));
#1002 = ( GEOMETRIC_REPRESENTATION_CONTEXT(2) 
PARAMETRIC_REPRESENTATION_CONTEXT() REPRESENTATION_CONTEXT('2D SPACE',''
  ) );
#1003 = PCURVE('',#268,#1004);
#1004 = DEFINITIONAL_REPRESENTATION('',(#1005),#1024);
#1005 = B_SPLINE_CURVE_WITH_KNOTS('',5,(#1006,#1007,#1008,#1009,#1010,
    #1011,#1012,#1013,#1014,#1015,#1016,#1017,#1018,#1019,#1020,#1021,
    #1022,#1023),.UNSPECIFIED.,.F.,.F.,(6,4,4,4,6),(0.,0.250433975109,
    0.500506306586,0.750568744923,1.),.UNSPECIFIED.);
#1006 = CARTESIAN_POINT('',(6.28318530718,656.03117035507));
#1007 = CARTESIAN_POINT('',(6.271467234036,669.7526687496));
#1008 = CARTESIAN_POINT('',(6.259920686888,683.47430005901));
#1009 = CARTESIAN_POINT('',(6.24853228981,697.1960492939));
#1010 = CARTESIAN_POINT('',(6.237290957039,710.9179042277));
#1011 = CARTESIAN_POINT('',(6.215099132788,738.34199021767));
#1012 = CARTESIAN_POINT('',(6.204148245691,752.04422089128));
#1013 = CARTESIAN_POINT('',(6.193324765304,765.74653700969));
#1014 = CARTESIAN_POINT('',(6.182620527718,779.4489302455));
#1015 = CARTESIAN_POINT('',(6.161436521329,806.85331500861));
#1016 = CARTESIAN_POINT('',(6.150956744099,820.55530647003));
#1017 = CARTESIAN_POINT('',(6.140581775769,834.2573610915));
#1018 = CARTESIAN_POINT('',(6.13030536415,847.9594729229));
#1019 = CARTESIAN_POINT('',(6.109964167425,875.32921523377));
#1020 = CARTESIAN_POINT('',(6.099898904415,888.99684541187));
#1021 = CARTESIAN_POINT('',(6.089920614496,902.66452242462));
#1022 = CARTESIAN_POINT('',(6.080024348013,916.33224187677));
#1023 = CARTESIAN_POINT('',(6.070205715875,930.));
#1024 = ( GEOMETRIC_REPRESENTATION_CONTEXT(2) 
PARAMETRIC_REPRESENTATION_CONTEXT() REPRESENTATION_CONTEXT('2D SPACE',''
  ) );
#1025 = ADVANCED_FACE('',(#1026),#268,.T.);
#1026 = FACE_BOUND('',#1027,.T.);
#1027 = EDGE_LOOP('',(#1028,#1029,#1030,#1075,#1095,#1168));
#1028 = ORIENTED_EDGE('',*,*,#960,.F.);
#1029 = ORIENTED_EDGE('',*,*,#254,.T.);
#1030 = ORIENTED_EDGE('',*,*,#1031,.T.);
#1031 = EDGE_CURVE('',#227,#1032,#1034,.T.);
#1032 = VERTEX_POINT('',#1033);
#1033 = CARTESIAN_POINT('',(850.,160.,36.));
#1034 = SURFACE_CURVE('',#1035,(#1040,#1047),.PCURVE_S1.);
#1035 = CIRCLE('',#1036,36.);
#1036 = AXIS2_PLACEMENT_3D('',#1037,#1038,#1039);
#1037 = CARTESIAN_POINT('',(850.,124.,36.));
#1038 = DIRECTION('',(-1.,0.,-1.110223024625E-16));
#1039 = DIRECTION('',(-1.110223024625E-16,0.,1.));
#1040 = PCURVE('',#268,#1041);
#1041 = DEFINITIONAL_REPRESENTATION('',(#1042),#1046);
#1042 = LINE('',#1043,#1044);
#1043 = CARTESIAN_POINT('',(6.28318530718,1.17E+03));
#1044 = VECTOR('',#1045,1.);
#1045 = DIRECTION('',(-1.,0.));
#1046 = ( GEOMETRIC_REPRESENTATION_CONTEXT(2) 
PARAMETRIC_REPRESENTATION_CONTEXT() REPRESENTATION_CONTEXT('2D SPACE',''
  ) );
#1047 = PCURVE('',#1048,#1069);
#1048 = B_SPLINE_SURFACE_WITH_KNOTS('',9,1,(
    (#1049,#1050)
    ,(#1051,#1052)
    ,(#1053,#1054)
    ,(#1055,#1056)
    ,(#1057,#1058)
    ,(#1059,#1060)
    ,(#1061,#1062)
    ,(#1063,#1064)
    ,(#1065,#1066)
    ,(#1067,#1068
    )),.UNSPECIFIED.,.F.,.F.,.F.,(10,10),(2,2),(4.712388980385,
    6.28318530718),(0.,1.),.PIECEWISE_BEZIER_KNOTS.);
#1049 = CARTESIAN_POINT('',(849.99999999999,160.,36.));
#1050 = CARTESIAN_POINT('',(1.01E+03,124.8,28.08));
#1051 = CARTESIAN_POINT('',(849.99999999999,159.99999999999,
    42.283185307179));
#1052 = CARTESIAN_POINT('',(1.01E+03,124.79999999999,32.9808845396));
#1053 = CARTESIAN_POINT('',(850.00000000002,158.76629954961,
    48.566370704401));
#1054 = CARTESIAN_POINT('',(1.01E+03,123.83771236909,37.881770429033));
#1055 = CARTESIAN_POINT('',(849.99999999995,156.29889778566,
    54.572713673784));
#1056 = CARTESIAN_POINT('',(1.01E+03,121.91314520843,42.566711729951));
#1057 = CARTESIAN_POINT('',(850.00000000005,152.6702754188,
    60.025375615726));
#1058 = CARTESIAN_POINT('',(1.01E+03,119.08280605224,46.819801754668));
#1059 = CARTESIAN_POINT('',(849.99999999994,148.02537561569,
    64.670275418774));
#1060 = CARTESIAN_POINT('',(1.01E+03,115.45980175467,50.442806052242));
#1061 = CARTESIAN_POINT('',(850.00000000003,142.5727136738,
    68.298897785687));
#1062 = CARTESIAN_POINT('',(1.01E+03,111.20671172994,53.273145208436));
#1063 = CARTESIAN_POINT('',(849.99999999998,136.56637070439,
    70.766299549599));
#1064 = CARTESIAN_POINT('',(1.01E+03,106.52177042903,55.197712369088));
#1065 = CARTESIAN_POINT('',(850.,130.28318530718,72.));
#1066 = CARTESIAN_POINT('',(1.01E+03,101.62088453959,56.16));
#1067 = CARTESIAN_POINT('',(850.,124.,72.));
#1068 = CARTESIAN_POINT('',(1.01E+03,96.72,56.16));
#1069 = DEFINITIONAL_REPRESENTATION('',(#1070),#1074);
#1070 = LINE('',#1071,#1072);
#1071 = CARTESIAN_POINT('',(6.28318530718,0.));
#1072 = VECTOR('',#1073,1.);
#1073 = DIRECTION('',(-1.,0.));
#1074 = ( GEOMETRIC_REPRESENTATION_CONTEXT(2) 
PARAMETRIC_REPRESENTATION_CONTEXT() REPRESENTATION_CONTEXT('2D SPACE',''
  ) );
#1075 = ORIENTED_EDGE('',*,*,#1076,.F.);
#1076 = EDGE_CURVE('',#1077,#1032,#1079,.T.);
#1077 = VERTEX_POINT('',#1078);
#1078 = CARTESIAN_POINT('',(336.03117035507,160.,36.));
#1079 = SURFACE_CURVE('',#1080,(#1083,#1089),.PCURVE_S1.);
#1080 = B_SPLINE_CURVE_WITH_KNOTS('',1,(#1081,#1082),.UNSPECIFIED.,.F.,
  .F.,(2,2),(0.,1.),.PIECEWISE_BEZIER_KNOTS.);
#1081 = CARTESIAN_POINT('',(-320.,160.,36.));
#1082 = CARTESIAN_POINT('',(850.,160.,36.));
#1083 = PCURVE('',#268,#1084);
#1084 = DEFINITIONAL_REPRESENTATION('',(#1085),#1088);
#1085 = B_SPLINE_CURVE_WITH_KNOTS('',1,(#1086,#1087),.UNSPECIFIED.,.F.,
  .F.,(2,2),(0.,1.),.PIECEWISE_BEZIER_KNOTS.);
#1086 = CARTESIAN_POINT('',(4.712388980385,0.));
#1087 = CARTESIAN_POINT('',(4.712388980385,1.17E+03));
#1088 = ( GEOMETRIC_REPRESENTATION_CONTEXT(2) 
PARAMETRIC_REPRESENTATION_CONTEXT() REPRESENTATION_CONTEXT('2D SPACE',''
  ) );
#1089 = PCURVE('',#396,#1090);
#1090 = DEFINITIONAL_REPRESENTATION('',(#1091),#1094);
#1091 = B_SPLINE_CURVE_WITH_KNOTS('',1,(#1092,#1093),.UNSPECIFIED.,.F.,
  .F.,(2,2),(0.,1.),.PIECEWISE_BEZIER_KNOTS.);
#1092 = CARTESIAN_POINT('',(36.,-1.17E+03));
#1093 = CARTESIAN_POINT('',(36.,0.));
#1094 = ( GEOMETRIC_REPRESENTATION_CONTEXT(2) 
PARAMETRIC_REPRESENTATION_CONTEXT() REPRESENTATION_CONTEXT('2D SPACE',''
  ) );
#1095 = ORIENTED_EDGE('',*,*,#1096,.T.);
#1096 = EDGE_CURVE('',#1077,#1097,#1099,.T.);
#1097 = VERTEX_POINT('',#1098);
#1098 = CARTESIAN_POINT('',(610.,159.18659615966,43.609431693393));
#1099 = SURFACE_CURVE('',#1100,(#1119,#1141),.PCURVE_S1.);
#1100 = B_SPLINE_CURVE_WITH_KNOTS('',5,(#1101,#1102,#1103,#1104,#1105,
    #1106,#1107,#1108,#1109,#1110,#1111,#1112,#1113,#1114,#1115,#1116,
    #1117,#1118),.UNSPECIFIED.,.F.,.F.,(6,4,4,4,6),(0.,0.250433975109,
    0.500506306586,0.750568744923,1.),.UNSPECIFIED.);
#1101 = CARTESIAN_POINT('',(336.03117035508,160.,36.));
#1102 = CARTESIAN_POINT('',(349.7526687496,160.,36.421850633166));
#1103 = CARTESIAN_POINT('',(363.47430005902,159.99382095806,
    36.837526310699));
#1104 = CARTESIAN_POINT('',(377.1960492939,159.98182431912,
    37.247388016708));
#1105 = CARTESIAN_POINT('',(390.9179042277,159.96430960105,
    37.651734893161));
#1106 = CARTESIAN_POINT('',(418.34199021768,159.91879800444,
    38.449343173573));
#1107 = CARTESIAN_POINT('',(432.04422089127,159.89081627731,
    38.842619717167));
#1108 = CARTESIAN_POINT('',(445.7465370097,159.85785112543,
    39.230915462911));
#1109 = CARTESIAN_POINT('',(459.4489302455,159.82012223624,
    39.614449842217));
#1110 = CARTESIAN_POINT('',(486.85331500861,159.73552568289,
    40.372367475838));
#1111 = CARTESIAN_POINT('',(500.55530647003,159.68865837028,
    40.746751079669));
#1112 = CARTESIAN_POINT('',(514.2573610915,159.63741442362,
    41.116759991225));
#1113 = CARTESIAN_POINT('',(527.95947292291,159.58196067004,
    41.482560854709));
#1114 = CARTESIAN_POINT('',(555.32921523377,159.46308057504,
    42.205129906982));
#1115 = CARTESIAN_POINT('',(568.99684541187,159.39967495834,
    42.561918811228));
#1116 = CARTESIAN_POINT('',(582.66452242462,159.33237479111,
    42.914814604817));
#1117 = CARTESIAN_POINT('',(596.33224187678,159.26131037024,
    43.263947449511));
#1118 = CARTESIAN_POINT('',(610.,159.18659615966,43.609431693393));
#1119 = PCURVE('',#268,#1120);
#1120 = DEFINITIONAL_REPRESENTATION('',(#1121),#1140);
#1121 = B_SPLINE_CURVE_WITH_KNOTS('',5,(#1122,#1123,#1124,#1125,#1126,
    #1127,#1128,#1129,#1130,#1131,#1132,#1133,#1134,#1135,#1136,#1137,
    #1138,#1139),.UNSPECIFIED.,.F.,.F.,(6,4,4,4,6),(0.,0.250433975109,
    0.500506306586,0.750568744923,1.),.UNSPECIFIED.);
#1122 = CARTESIAN_POINT('',(4.712388980385,656.03117035508));
#1123 = CARTESIAN_POINT('',(4.724107053528,669.7526687496));
#1124 = CARTESIAN_POINT('',(4.735653600676,683.47430005901));
#1125 = CARTESIAN_POINT('',(4.747041997754,697.1960492939));
#1126 = CARTESIAN_POINT('',(4.758283330525,710.9179042277));
#1127 = CARTESIAN_POINT('',(4.780475154776,738.34199021768));
#1128 = CARTESIAN_POINT('',(4.791426041874,752.04422089127));
#1129 = CARTESIAN_POINT('',(4.80224952226,765.7465370097));
#1130 = CARTESIAN_POINT('',(4.812953759846,779.4489302455));
#1131 = CARTESIAN_POINT('',(4.834137766236,806.85331500861));
#1132 = CARTESIAN_POINT('',(4.844617543466,820.55530647003));
#1133 = CARTESIAN_POINT('',(4.854992511795,834.2573610915));
#1134 = CARTESIAN_POINT('',(4.865268923415,847.95947292291));
#1135 = CARTESIAN_POINT('',(4.885610120139,875.32921523377));
#1136 = CARTESIAN_POINT('',(4.895675383149,888.99684541187));
#1137 = CARTESIAN_POINT('',(4.905653673068,902.66452242462));
#1138 = CARTESIAN_POINT('',(4.915549939551,916.33224187678));
#1139 = CARTESIAN_POINT('',(4.925368571689,930.));
#1140 = ( GEOMETRIC_REPRESENTATION_CONTEXT(2) 
PARAMETRIC_REPRESENTATION_CONTEXT() REPRESENTATION_CONTEXT('2D SPACE',''
  ) );
#1141 = PCURVE('',#1142,#1147);
#1142 = B_SPLINE_SURFACE_WITH_KNOTS('',1,1,(
    (#1143,#1144)
    ,(#1145,#1146
    )),.UNSPECIFIED.,.F.,.F.,.F.,(2,2),(2,2),(-10.99999999788,11.),(0.,
    1.),.PIECEWISE_BEZIER_KNOTS.);
#1143 = CARTESIAN_POINT('',(311.,159.14320702646,34.373654404763));
#1144 = CARTESIAN_POINT('',(610.,157.30472939537,41.727564929103));
#1145 = CARTESIAN_POINT('',(311.,174.69955621107,49.930003589375));
#1146 = CARTESIAN_POINT('',(610.,172.86107857999,57.283914113715));
#1147 = DEFINITIONAL_REPRESENTATION('',(#1148),#1167);
#1148 = B_SPLINE_CURVE_WITH_KNOTS('',5,(#1149,#1150,#1151,#1152,#1153,
    #1154,#1155,#1156,#1157,#1158,#1159,#1160,#1161,#1162,#1163,#1164,
    #1165,#1166),.UNSPECIFIED.,.F.,.F.,(6,4,4,4,6),(0.,0.250433975109,
    0.500506306586,0.750568744923,1.),.UNSPECIFIED.);
#1149 = CARTESIAN_POINT('',(-9.570649403655,8.371628881298E-02));
#1150 = CARTESIAN_POINT('',(-9.451332026311,0.129607587791));
#1151 = CARTESIAN_POINT('',(-9.340751978096,0.175499331301));
#1152 = CARTESIAN_POINT('',(-9.238398229017,0.22139146921));
#1153 = CARTESIAN_POINT('',(-9.143847303176,0.267283960628));
#1154 = CARTESIAN_POINT('',(-8.969740107381,0.359003311765));
#1155 = CARTESIAN_POINT('',(-8.890162413445,0.404830170205));
#1156 = CARTESIAN_POINT('',(-8.817631603373,0.450657314414));
#1157 = CARTESIAN_POINT('',(-8.751837064637,0.49648471654));
#1158 = CARTESIAN_POINT('',(-8.633175659769,0.588138177286));
#1159 = CARTESIAN_POINT('',(-8.580308297055,0.633964235686));
#1160 = CARTESIAN_POINT('',(-8.533629880359,0.679790505323));
#1161 = CARTESIAN_POINT('',(-8.492904532227,0.725616966297));
#1162 = CARTESIAN_POINT('',(-8.423028615651,0.817154565999));
#1163 = CARTESIAN_POINT('',(-8.393848740644,0.862865703719));
#1164 = CARTESIAN_POINT('',(-8.37017618456,0.908576998076));
#1165 = CARTESIAN_POINT('',(-8.351826717989,0.954288434371));
#1166 = CARTESIAN_POINT('',(-8.338638497252,1.));
#1167 = ( GEOMETRIC_REPRESENTATION_CONTEXT(2) 
PARAMETRIC_REPRESENTATION_CONTEXT() REPRESENTATION_CONTEXT('2D SPACE',''
  ) );
#1168 = ORIENTED_EDGE('',*,*,#1169,.T.);
#1169 = EDGE_CURVE('',#1097,#933,#1170,.T.);
#1170 = SURFACE_CURVE('',#1171,(#1176,#1183),.PCURVE_S1.);
#1171 = CIRCLE('',#1172,36.);
#1172 = AXIS2_PLACEMENT_3D('',#1173,#1174,#1175);
#1173 = CARTESIAN_POINT('',(610.,124.,36.));
#1174 = DIRECTION('',(1.,0.,1.110223024625E-16));
#1175 = DIRECTION('',(-1.110223024625E-16,0.,1.));
#1176 = PCURVE('',#268,#1177);
#1177 = DEFINITIONAL_REPRESENTATION('',(#1178),#1182);
#1178 = LINE('',#1179,#1180);
#1179 = CARTESIAN_POINT('',(0.,930.));
#1180 = VECTOR('',#1181,1.);
#1181 = DIRECTION('',(1.,0.));
#1182 = ( GEOMETRIC_REPRESENTATION_CONTEXT(2) 
PARAMETRIC_REPRESENTATION_CONTEXT() REPRESENTATION_CONTEXT('2D SPACE',''
  ) );
#1183 = PCURVE('',#948,#1184);
#1184 = DEFINITIONAL_REPRESENTATION('',(#1185),#1189);
#1185 = CIRCLE('',#1186,36.);
#1186 = AXIS2_PLACEMENT_2D('',#1187,#1188);
#1187 = CARTESIAN_POINT('',(49.6,17.5));
#1188 = DIRECTION('',(-0.707106781187,-0.707106781187));
#1189 = ( GEOMETRIC_REPRESENTATION_CONTEXT(2) 
PARAMETRIC_REPRESENTATION_CONTEXT() REPRESENTATION_CONTEXT('2D SPACE',''
  ) );
#1190 = ADVANCED_FACE('',(#1191),#242,.T.);
#1191 = FACE_BOUND('',#1192,.T.);
#1192 = EDGE_LOOP('',(#1193,#1194,#1237,#1264));
#1193 = ORIENTED_EDGE('',*,*,#226,.F.);
#1194 = ORIENTED_EDGE('',*,*,#1195,.T.);
#1195 = EDGE_CURVE('',#202,#1196,#1198,.T.);
#1196 = VERTEX_POINT('',#1197);
#1197 = CARTESIAN_POINT('',(1.01E+03,-96.72,56.16));
#1198 = SURFACE_CURVE('',#1199,(#1202,#1209),.PCURVE_S1.);
#1199 = B_SPLINE_CURVE_WITH_KNOTS('',1,(#1200,#1201),.UNSPECIFIED.,.F.,
  .F.,(2,2),(0.,1.),.PIECEWISE_BEZIER_KNOTS.);
#1200 = CARTESIAN_POINT('',(850.,-124.,72.));
#1201 = CARTESIAN_POINT('',(1.01E+03,-96.72,56.16));
#1202 = PCURVE('',#242,#1203);
#1203 = DEFINITIONAL_REPRESENTATION('',(#1204),#1208);
#1204 = LINE('',#1205,#1206);
#1205 = CARTESIAN_POINT('',(124.,0.));
#1206 = VECTOR('',#1207,1.);
#1207 = DIRECTION('',(0.,1.));
#1208 = ( GEOMETRIC_REPRESENTATION_CONTEXT(2) 
PARAMETRIC_REPRESENTATION_CONTEXT() REPRESENTATION_CONTEXT('2D SPACE',''
  ) );
#1209 = PCURVE('',#1210,#1231);
#1210 = B_SPLINE_SURFACE_WITH_KNOTS('',9,1,(
    (#1211,#1212)
    ,(#1213,#1214)
    ,(#1215,#1216)
    ,(#1217,#1218)
    ,(#1219,#1220)
    ,(#1221,#1222)
    ,(#1223,#1224)
    ,(#1225,#1226)
    ,(#1227,#1228)
    ,(#1229,#1230
    )),.UNSPECIFIED.,.F.,.F.,.F.,(10,10),(2,2),(0.,1.570796326795),(0.,
    1.),.PIECEWISE_BEZIER_KNOTS.);
#1211 = CARTESIAN_POINT('',(850.,-124.,72.));
#1212 = CARTESIAN_POINT('',(1.01E+03,-96.72,56.16));
#1213 = CARTESIAN_POINT('',(849.99999999999,-130.2831853071,
    71.999999999999));
#1214 = CARTESIAN_POINT('',(1.01E+03,-101.6208845395,56.159999999999));
#1215 = CARTESIAN_POINT('',(850.00000000003,-136.5663707044,
    70.766299549603));
#1216 = CARTESIAN_POINT('',(1.01E+03,-106.521770429,55.197712369089));
#1217 = CARTESIAN_POINT('',(849.99999999992,-142.5727136737,
    68.298897785677));
#1218 = CARTESIAN_POINT('',(1.01E+03,-111.2067117299,53.273145208435));
#1219 = CARTESIAN_POINT('',(850.00000000009,-148.0253756157,
    64.670275418788));
#1220 = CARTESIAN_POINT('',(1.01E+03,-115.4598017546,50.442806052242));
#1221 = CARTESIAN_POINT('',(849.99999999992,-152.6702754187,
    60.025375615713));
#1222 = CARTESIAN_POINT('',(1.01E+03,-119.0828060522,46.819801754669));
#1223 = CARTESIAN_POINT('',(850.00000000004,-156.2988977856,
    54.572713673793));
#1224 = CARTESIAN_POINT('',(1.01E+03,-121.9131452084,42.566711729951));
#1225 = CARTESIAN_POINT('',(849.99999999998,-158.7662995496,
    48.566370704397));
#1226 = CARTESIAN_POINT('',(1.01E+03,-123.837712369,37.881770429033));
#1227 = CARTESIAN_POINT('',(850.,-160.,42.28318530718));
#1228 = CARTESIAN_POINT('',(1.01E+03,-124.8,32.9808845396));
#1229 = CARTESIAN_POINT('',(850.,-160.,36.));
#1230 = CARTESIAN_POINT('',(1.01E+03,-124.8,28.08));
#1231 = DEFINITIONAL_REPRESENTATION('',(#1232),#1236);
#1232 = LINE('',#1233,#1234);
#1233 = CARTESIAN_POINT('',(0.,0.));
#1234 = VECTOR('',#1235,1.);
#1235 = DIRECTION('',(0.,1.));
#1236 = ( GEOMETRIC_REPRESENTATION_CONTEXT(2) 
PARAMETRIC_REPRESENTATION_CONTEXT() REPRESENTATION_CONTEXT('2D SPACE',''
  ) );
#1237 = ORIENTED_EDGE('',*,*,#1238,.T.);
#1238 = EDGE_CURVE('',#1196,#1239,#1241,.T.);
#1239 = VERTEX_POINT('',#1240);
#1240 = CARTESIAN_POINT('',(1.01E+03,96.72,56.16));
#1241 = SURFACE_CURVE('',#1242,(#1246,#1252),.PCURVE_S1.);
#1242 = LINE('',#1243,#1244);
#1243 = CARTESIAN_POINT('',(1.01E+03,0.,56.16));
#1244 = VECTOR('',#1245,1.);
#1245 = DIRECTION('',(0.,1.,0.));
#1246 = PCURVE('',#242,#1247);
#1247 = DEFINITIONAL_REPRESENTATION('',(#1248),#1251);
#1248 = B_SPLINE_CURVE_WITH_KNOTS('',1,(#1249,#1250),.UNSPECIFIED.,.F.,
  .F.,(2,2),(-96.72,96.72),.PIECEWISE_BEZIER_KNOTS.);
#1249 = CARTESIAN_POINT('',(124.,1.));
#1250 = CARTESIAN_POINT('',(-124.,1.));
#1251 = ( GEOMETRIC_REPRESENTATION_CONTEXT(2) 
PARAMETRIC_REPRESENTATION_CONTEXT() REPRESENTATION_CONTEXT('2D SPACE',''
  ) );
#1252 = PCURVE('',#1253,#1258);
#1253 = PLANE('',#1254);
#1254 = AXIS2_PLACEMENT_3D('',#1255,#1256,#1257);
#1255 = CARTESIAN_POINT('',(1.01E+03,-96.72,28.08));
#1256 = DIRECTION('',(1.,-0.,1.110223024625E-16));
#1257 = DIRECTION('',(1.110223024625E-16,0.,-1.));
#1258 = DEFINITIONAL_REPRESENTATION('',(#1259),#1263);
#1259 = LINE('',#1260,#1261);
#1260 = CARTESIAN_POINT('',(-28.08,96.72));
#1261 = VECTOR('',#1262,1.);
#1262 = DIRECTION('',(0.,1.));
#1263 = ( GEOMETRIC_REPRESENTATION_CONTEXT(2) 
PARAMETRIC_REPRESENTATION_CONTEXT() REPRESENTATION_CONTEXT('2D SPACE',''
  ) );
#1264 = ORIENTED_EDGE('',*,*,#1265,.F.);
#1265 = EDGE_CURVE('',#227,#1239,#1266,.T.);
#1266 = SURFACE_CURVE('',#1267,(#1270,#1277),.PCURVE_S1.);
#1267 = B_SPLINE_CURVE_WITH_KNOTS('',1,(#1268,#1269),.UNSPECIFIED.,.F.,
  .F.,(2,2),(0.,1.),.PIECEWISE_BEZIER_KNOTS.);
#1268 = CARTESIAN_POINT('',(850.,124.,72.));
#1269 = CARTESIAN_POINT('',(1.01E+03,96.72,56.16));
#1270 = PCURVE('',#242,#1271);
#1271 = DEFINITIONAL_REPRESENTATION('',(#1272),#1276);
#1272 = LINE('',#1273,#1274);
#1273 = CARTESIAN_POINT('',(-124.,0.));
#1274 = VECTOR('',#1275,1.);
#1275 = DIRECTION('',(0.,1.));
#1276 = ( GEOMETRIC_REPRESENTATION_CONTEXT(2) 
PARAMETRIC_REPRESENTATION_CONTEXT() REPRESENTATION_CONTEXT('2D SPACE',''
  ) );
#1277 = PCURVE('',#1048,#1278);
#1278 = DEFINITIONAL_REPRESENTATION('',(#1279),#1283);
#1279 = LINE('',#1280,#1281);
#1280 = CARTESIAN_POINT('',(6.28318530718,0.));
#1281 = VECTOR('',#1282,1.);
#1282 = DIRECTION('',(0.,1.));
#1283 = ( GEOMETRIC_REPRESENTATION_CONTEXT(2) 
PARAMETRIC_REPRESENTATION_CONTEXT() REPRESENTATION_CONTEXT('2D SPACE',''
  ) );
#1284 = ADVANCED_FACE('',(#1285),#215,.T.);
#1285 = FACE_BOUND('',#1286,.T.);
#1286 = EDGE_LOOP('',(#1287,#1362,#1382,#1404,#1405,#1473));
#1287 = ORIENTED_EDGE('',*,*,#1288,.F.);
#1288 = EDGE_CURVE('',#1289,#1291,#1293,.T.);
#1289 = VERTEX_POINT('',#1290);
#1290 = CARTESIAN_POINT('',(336.03117035507,-160.,36.));
#1291 = VERTEX_POINT('',#1292);
#1292 = CARTESIAN_POINT('',(610.,-159.1865961596,43.609431693393));
#1293 = SURFACE_CURVE('',#1294,(#1313,#1335),.PCURVE_S1.);
#1294 = B_SPLINE_CURVE_WITH_KNOTS('',5,(#1295,#1296,#1297,#1298,#1299,
    #1300,#1301,#1302,#1303,#1304,#1305,#1306,#1307,#1308,#1309,#1310,
    #1311,#1312),.UNSPECIFIED.,.F.,.F.,(6,4,4,4,6),(0.,0.250433975109,
    0.500506306586,0.750568744923,1.),.UNSPECIFIED.);
#1295 = CARTESIAN_POINT('',(336.03117035508,-160.,36.));
#1296 = CARTESIAN_POINT('',(349.7526687496,-160.,36.421850633166));
#1297 = CARTESIAN_POINT('',(363.47430005901,-159.993820958,
    36.837526310699));
#1298 = CARTESIAN_POINT('',(377.1960492939,-159.9818243191,
    37.247388016708));
#1299 = CARTESIAN_POINT('',(390.9179042277,-159.964309601,
    37.651734893161));
#1300 = CARTESIAN_POINT('',(418.34199021768,-159.9187980044,
    38.449343173573));
#1301 = CARTESIAN_POINT('',(432.04422089127,-159.8908162773,
    38.842619717167));
#1302 = CARTESIAN_POINT('',(445.74653700969,-159.8578511254,
    39.230915462911));
#1303 = CARTESIAN_POINT('',(459.4489302455,-159.8201222362,
    39.614449842217));
#1304 = CARTESIAN_POINT('',(486.85331500862,-159.7355256828,
    40.372367475838));
#1305 = CARTESIAN_POINT('',(500.55530647001,-159.6886583702,
    40.746751079668));
#1306 = CARTESIAN_POINT('',(514.25736109151,-159.6374144236,
    41.116759991225));
#1307 = CARTESIAN_POINT('',(527.9594729229,-159.58196067,41.482560854709
    ));
#1308 = CARTESIAN_POINT('',(555.32921523377,-159.463080575,
    42.205129906982));
#1309 = CARTESIAN_POINT('',(568.99684541187,-159.3996749583,
    42.561918811228));
#1310 = CARTESIAN_POINT('',(582.66452242462,-159.3323747911,
    42.914814604816));
#1311 = CARTESIAN_POINT('',(596.33224187678,-159.2613103702,
    43.263947449511));
#1312 = CARTESIAN_POINT('',(610.,-159.1865961596,43.609431693393));
#1313 = PCURVE('',#215,#1314);
#1314 = DEFINITIONAL_REPRESENTATION('',(#1315),#1334);
#1315 = B_SPLINE_CURVE_WITH_KNOTS('',5,(#1316,#1317,#1318,#1319,#1320,
    #1321,#1322,#1323,#1324,#1325,#1326,#1327,#1328,#1329,#1330,#1331,
    #1332,#1333),.UNSPECIFIED.,.F.,.F.,(6,4,4,4,6),(0.,0.250433975109,
    0.500506306586,0.750568744923,1.),.UNSPECIFIED.);
#1316 = CARTESIAN_POINT('',(1.570796326795,656.03117035508));
#1317 = CARTESIAN_POINT('',(1.559078253651,669.7526687496));
#1318 = CARTESIAN_POINT('',(1.547531706503,683.47430005901));
#1319 = CARTESIAN_POINT('',(1.536143309425,697.1960492939));
#1320 = CARTESIAN_POINT('',(1.524901976654,710.9179042277));
#1321 = CARTESIAN_POINT('',(1.502710152403,738.34199021768));
#1322 = CARTESIAN_POINT('',(1.491759265306,752.04422089127));
#1323 = CARTESIAN_POINT('',(1.480935784919,765.74653700969));
#1324 = CARTESIAN_POINT('',(1.470231547333,779.4489302455));
#1325 = CARTESIAN_POINT('',(1.449047540944,806.85331500862));
#1326 = CARTESIAN_POINT('',(1.438567763714,820.55530647001));
#1327 = CARTESIAN_POINT('',(1.428192795384,834.25736109151));
#1328 = CARTESIAN_POINT('',(1.417916383765,847.9594729229));
#1329 = CARTESIAN_POINT('',(1.397575187041,875.32921523377));
#1330 = CARTESIAN_POINT('',(1.38750992403,888.99684541187));
#1331 = CARTESIAN_POINT('',(1.377531634112,902.66452242462));
#1332 = CARTESIAN_POINT('',(1.367635367628,916.33224187678));
#1333 = CARTESIAN_POINT('',(1.35781673549,930.));
#1334 = ( GEOMETRIC_REPRESENTATION_CONTEXT(2) 
PARAMETRIC_REPRESENTATION_CONTEXT() REPRESENTATION_CONTEXT('2D SPACE',''
  ) );
#1335 = PCURVE('',#1336,#1341);
#1336 = B_SPLINE_SURFACE_WITH_KNOTS('',1,1,(
    (#1337,#1338)
    ,(#1339,#1340
    )),.UNSPECIFIED.,.F.,.F.,.F.,(2,2),(2,2),(-11.,10.999999997889),(0.,
    1.),.PIECEWISE_BEZIER_KNOTS.);
#1337 = CARTESIAN_POINT('',(311.,-174.699556211,49.930003589375));
#1338 = CARTESIAN_POINT('',(610.,-172.8610785799,57.283914113715));
#1339 = CARTESIAN_POINT('',(311.,-159.1432070264,34.373654404763));
#1340 = CARTESIAN_POINT('',(610.,-157.3047293953,41.727564929103));
#1341 = DEFINITIONAL_REPRESENTATION('',(#1342),#1361);
#1342 = B_SPLINE_CURVE_WITH_KNOTS('',5,(#1343,#1344,#1345,#1346,#1347,
    #1348,#1349,#1350,#1351,#1352,#1353,#1354,#1355,#1356,#1357,#1358,
    #1359,#1360),.UNSPECIFIED.,.F.,.F.,(6,4,4,4,6),(0.,0.250433975109,
    0.500506306586,0.750568744923,1.),.UNSPECIFIED.);
#1343 = CARTESIAN_POINT('',(9.570649403655,8.371628881298E-02));
#1344 = CARTESIAN_POINT('',(9.451332026311,0.129607587791));
#1345 = CARTESIAN_POINT('',(9.340751978096,0.175499331301));
#1346 = CARTESIAN_POINT('',(9.238398229017,0.22139146921));
#1347 = CARTESIAN_POINT('',(9.143847303176,0.267283960628));
#1348 = CARTESIAN_POINT('',(8.969740107381,0.359003311765));
#1349 = CARTESIAN_POINT('',(8.890162413445,0.404830170205));
#1350 = CARTESIAN_POINT('',(8.817631603373,0.450657314414));
#1351 = CARTESIAN_POINT('',(8.751837064637,0.49648471654));
#1352 = CARTESIAN_POINT('',(8.633175659769,0.588138177286));
#1353 = CARTESIAN_POINT('',(8.580308297055,0.633964235686));
#1354 = CARTESIAN_POINT('',(8.533629880359,0.679790505323));
#1355 = CARTESIAN_POINT('',(8.492904532227,0.725616966297));
#1356 = CARTESIAN_POINT('',(8.423028615651,0.817154565999));
#1357 = CARTESIAN_POINT('',(8.393848740644,0.862865703719));
#1358 = CARTESIAN_POINT('',(8.37017618456,0.908576998076));
#1359 = CARTESIAN_POINT('',(8.351826717989,0.954288434371));
#1360 = CARTESIAN_POINT('',(8.338638497252,1.));
#1361 = ( GEOMETRIC_REPRESENTATION_CONTEXT(2) 
PARAMETRIC_REPRESENTATION_CONTEXT() REPRESENTATION_CONTEXT('2D SPACE',''
  ) );
#1362 = ORIENTED_EDGE('',*,*,#1363,.T.);
#1363 = EDGE_CURVE('',#1289,#1364,#1366,.T.);
#1364 = VERTEX_POINT('',#1365);
#1365 = CARTESIAN_POINT('',(850.,-160.,36.));
#1366 = SURFACE_CURVE('',#1367,(#1370,#1376),.PCURVE_S1.);
#1367 = B_SPLINE_CURVE_WITH_KNOTS('',1,(#1368,#1369),.UNSPECIFIED.,.F.,
  .F.,(2,2),(0.,1.),.PIECEWISE_BEZIER_KNOTS.);
#1368 = CARTESIAN_POINT('',(-320.,-160.,36.));
#1369 = CARTESIAN_POINT('',(850.,-160.,36.));
#1370 = PCURVE('',#215,#1371);
#1371 = DEFINITIONAL_REPRESENTATION('',(#1372),#1375);
#1372 = B_SPLINE_CURVE_WITH_KNOTS('',1,(#1373,#1374),.UNSPECIFIED.,.F.,
  .F.,(2,2),(0.,1.),.PIECEWISE_BEZIER_KNOTS.);
#1373 = CARTESIAN_POINT('',(1.570796326795,0.));
#1374 = CARTESIAN_POINT('',(1.570796326795,1.17E+03));
#1375 = ( GEOMETRIC_REPRESENTATION_CONTEXT(2) 
PARAMETRIC_REPRESENTATION_CONTEXT() REPRESENTATION_CONTEXT('2D SPACE',''
  ) );
#1376 = PCURVE('',#510,#1377);
#1377 = DEFINITIONAL_REPRESENTATION('',(#1378),#1381);
#1378 = B_SPLINE_CURVE_WITH_KNOTS('',1,(#1379,#1380),.UNSPECIFIED.,.F.,
  .F.,(2,2),(0.,1.),.PIECEWISE_BEZIER_KNOTS.);
#1379 = CARTESIAN_POINT('',(-36.,-1.17E+03));
#1380 = CARTESIAN_POINT('',(-36.,0.));
#1381 = ( GEOMETRIC_REPRESENTATION_CONTEXT(2) 
PARAMETRIC_REPRESENTATION_CONTEXT() REPRESENTATION_CONTEXT('2D SPACE',''
  ) );
#1382 = ORIENTED_EDGE('',*,*,#1383,.T.);
#1383 = EDGE_CURVE('',#1364,#202,#1384,.T.);
#1384 = SURFACE_CURVE('',#1385,(#1390,#1397),.PCURVE_S1.);
#1385 = CIRCLE('',#1386,36.);
#1386 = AXIS2_PLACEMENT_3D('',#1387,#1388,#1389);
#1387 = CARTESIAN_POINT('',(850.,-124.,36.));
#1388 = DIRECTION('',(-1.,0.,-1.110223024625E-16));
#1389 = DIRECTION('',(-1.110223024625E-16,0.,1.));
#1390 = PCURVE('',#215,#1391);
#1391 = DEFINITIONAL_REPRESENTATION('',(#1392),#1396);
#1392 = LINE('',#1393,#1394);
#1393 = CARTESIAN_POINT('',(6.28318530718,1.17E+03));
#1394 = VECTOR('',#1395,1.);
#1395 = DIRECTION('',(-1.,0.));
#1396 = ( GEOMETRIC_REPRESENTATION_CONTEXT(2) 
PARAMETRIC_REPRESENTATION_CONTEXT() REPRESENTATION_CONTEXT('2D SPACE',''
  ) );
#1397 = PCURVE('',#1210,#1398);
#1398 = DEFINITIONAL_REPRESENTATION('',(#1399),#1403);
#1399 = LINE('',#1400,#1401);
#1400 = CARTESIAN_POINT('',(6.28318530718,0.));
#1401 = VECTOR('',#1402,1.);
#1402 = DIRECTION('',(-1.,0.));
#1403 = ( GEOMETRIC_REPRESENTATION_CONTEXT(2) 
PARAMETRIC_REPRESENTATION_CONTEXT() REPRESENTATION_CONTEXT('2D SPACE',''
  ) );
#1404 = ORIENTED_EDGE('',*,*,#201,.F.);
#1405 = ORIENTED_EDGE('',*,*,#1406,.T.);
#1406 = EDGE_CURVE('',#177,#1407,#1409,.T.);
#1407 = VERTEX_POINT('',#1408);
#1408 = CARTESIAN_POINT('',(610.,-131.6094316933,71.186596159669));
#1409 = SURFACE_CURVE('',#1410,(#1429,#1451),.PCURVE_S1.);
#1410 = B_SPLINE_CURVE_WITH_KNOTS('',5,(#1411,#1412,#1413,#1414,#1415,
    #1416,#1417,#1418,#1419,#1420,#1421,#1422,#1423,#1424,#1425,#1426,
    #1427,#1428),.UNSPECIFIED.,.F.,.F.,(6,4,4,4,6),(0.,0.250433975109,
    0.500506306586,0.750568744923,1.),.UNSPECIFIED.);
#1411 = CARTESIAN_POINT('',(336.03117035507,-124.,72.));
#1412 = CARTESIAN_POINT('',(349.7526687496,-124.4218506331,72.));
#1413 = CARTESIAN_POINT('',(363.47430005901,-124.8375263106,
    71.993820958063));
#1414 = CARTESIAN_POINT('',(377.1960492939,-125.2473880167,
    71.981824319127));
#1415 = CARTESIAN_POINT('',(390.9179042277,-125.6517348931,
    71.964309601051));
#1416 = CARTESIAN_POINT('',(418.34199021767,-126.4493431735,
    71.918798004448));
#1417 = CARTESIAN_POINT('',(432.04422089127,-126.8426197171,
    71.890816277317));
#1418 = CARTESIAN_POINT('',(445.74653700969,-127.2309154629,
    71.857851125439));
#1419 = CARTESIAN_POINT('',(459.4489302455,-127.6144498422,
    71.820122236244));
#1420 = CARTESIAN_POINT('',(486.8533150086,-128.3723674758,
    71.735525682898));
#1421 = CARTESIAN_POINT('',(500.55530647004,-128.7467510796,
    71.688658370289));
#1422 = CARTESIAN_POINT('',(514.25736109149,-129.1167599912,
    71.637414423626));
#1423 = CARTESIAN_POINT('',(527.95947292291,-129.4825608547,
    71.581960670042));
#1424 = CARTESIAN_POINT('',(555.32921523377,-130.2051299069,
    71.46308057504));
#1425 = CARTESIAN_POINT('',(568.99684541187,-130.5619188112,
    71.399674958343));
#1426 = CARTESIAN_POINT('',(582.66452242462,-130.9148146048,
    71.332374791115));
#1427 = CARTESIAN_POINT('',(596.33224187677,-131.2639474495,
    71.261310370245));
#1428 = CARTESIAN_POINT('',(610.,-131.6094316933,71.186596159668));
#1429 = PCURVE('',#215,#1430);
#1430 = DEFINITIONAL_REPRESENTATION('',(#1431),#1450);
#1431 = B_SPLINE_CURVE_WITH_KNOTS('',5,(#1432,#1433,#1434,#1435,#1436,
    #1437,#1438,#1439,#1440,#1441,#1442,#1443,#1444,#1445,#1446,#1447,
    #1448,#1449),.UNSPECIFIED.,.F.,.F.,(6,4,4,4,6),(0.,0.250433975109,
    0.500506306586,0.750568744923,1.),.UNSPECIFIED.);
#1432 = CARTESIAN_POINT('',(0.,656.03117035507));
#1433 = CARTESIAN_POINT('',(1.171807314349E-02,669.7526687496));
#1434 = CARTESIAN_POINT('',(2.326462029142E-02,683.47430005901));
#1435 = CARTESIAN_POINT('',(3.465301736952E-02,697.1960492939));
#1436 = CARTESIAN_POINT('',(4.589435014053E-02,710.9179042277));
#1437 = CARTESIAN_POINT('',(6.808617439149E-02,738.34199021767));
#1438 = CARTESIAN_POINT('',(7.903706148891E-02,752.04422089127));
#1439 = CARTESIAN_POINT('',(8.986054187567E-02,765.74653700969));
#1440 = CARTESIAN_POINT('',(0.100564779462,779.4489302455));
#1441 = CARTESIAN_POINT('',(0.121748785851,806.8533150086));
#1442 = CARTESIAN_POINT('',(0.132228563081,820.55530647004));
#1443 = CARTESIAN_POINT('',(0.142603531411,834.25736109149));
#1444 = CARTESIAN_POINT('',(0.15287994303,847.95947292291));
#1445 = CARTESIAN_POINT('',(0.173221139754,875.32921523377));
#1446 = CARTESIAN_POINT('',(0.183286402765,888.99684541187));
#1447 = CARTESIAN_POINT('',(0.193264692683,902.66452242462));
#1448 = CARTESIAN_POINT('',(0.203160959167,916.33224187677));
#1449 = CARTESIAN_POINT('',(0.212979591305,930.));
#1450 = ( GEOMETRIC_REPRESENTATION_CONTEXT(2) 
PARAMETRIC_REPRESENTATION_CONTEXT() REPRESENTATION_CONTEXT('2D SPACE',''
  ) );
#1451 = PCURVE('',#190,#1452);
#1452 = DEFINITIONAL_REPRESENTATION('',(#1453),#1472);
#1453 = B_SPLINE_CURVE_WITH_KNOTS('',5,(#1454,#1455,#1456,#1457,#1458,
    #1459,#1460,#1461,#1462,#1463,#1464,#1465,#1466,#1467,#1468,#1469,
    #1470,#1471),.UNSPECIFIED.,.F.,.F.,(6,4,4,4,6),(0.,0.250433975109,
    0.500506306586,0.750568744923,1.),.UNSPECIFIED.);
#1454 = CARTESIAN_POINT('',(-9.570649403655,8.371628881296E-02));
#1455 = CARTESIAN_POINT('',(-9.451332026311,0.129607587791));
#1456 = CARTESIAN_POINT('',(-9.340751978096,0.175499331301));
#1457 = CARTESIAN_POINT('',(-9.238398229017,0.22139146921));
#1458 = CARTESIAN_POINT('',(-9.143847303176,0.267283960628));
#1459 = CARTESIAN_POINT('',(-8.969740107381,0.359003311765));
#1460 = CARTESIAN_POINT('',(-8.890162413445,0.404830170205));
#1461 = CARTESIAN_POINT('',(-8.817631603373,0.450657314414));
#1462 = CARTESIAN_POINT('',(-8.751837064637,0.49648471654));
#1463 = CARTESIAN_POINT('',(-8.633175659768,0.588138177286));
#1464 = CARTESIAN_POINT('',(-8.580308297055,0.633964235686));
#1465 = CARTESIAN_POINT('',(-8.533629880359,0.679790505323));
#1466 = CARTESIAN_POINT('',(-8.492904532227,0.725616966297));
#1467 = CARTESIAN_POINT('',(-8.423028615651,0.817154565999));
#1468 = CARTESIAN_POINT('',(-8.393848740643,0.862865703719));
#1469 = CARTESIAN_POINT('',(-8.37017618456,0.908576998076));
#1470 = CARTESIAN_POINT('',(-8.351826717988,0.95428843437));
#1471 = CARTESIAN_POINT('',(-8.338638497252,1.));
#1472 = ( GEOMETRIC_REPRESENTATION_CONTEXT(2) 
PARAMETRIC_REPRESENTATION_CONTEXT() REPRESENTATION_CONTEXT('2D SPACE',''
  ) );
#1473 = ORIENTED_EDGE('',*,*,#1474,.T.);
#1474 = EDGE_CURVE('',#1407,#1291,#1475,.T.);
#1475 = SURFACE_CURVE('',#1476,(#1481,#1488),.PCURVE_S1.);
#1476 = CIRCLE('',#1477,36.);
#1477 = AXIS2_PLACEMENT_3D('',#1478,#1479,#1480);
#1478 = CARTESIAN_POINT('',(610.,-124.,36.));
#1479 = DIRECTION('',(1.,0.,1.110223024625E-16));
#1480 = DIRECTION('',(-1.110223024625E-16,0.,1.));
#1481 = PCURVE('',#215,#1482);
#1482 = DEFINITIONAL_REPRESENTATION('',(#1483),#1487);
#1483 = LINE('',#1484,#1485);
#1484 = CARTESIAN_POINT('',(0.,930.));
#1485 = VECTOR('',#1486,1.);
#1486 = DIRECTION('',(1.,0.));
#1487 = ( GEOMETRIC_REPRESENTATION_CONTEXT(2) 
PARAMETRIC_REPRESENTATION_CONTEXT() REPRESENTATION_CONTEXT('2D SPACE',''
  ) );
#1488 = PCURVE('',#1489,#1494);
#1489 = PLANE('',#1490);
#1490 = AXIS2_PLACEMENT_3D('',#1491,#1492,#1493);
#1491 = CARTESIAN_POINT('',(610.,-171.4468650176,58.698127676088));
#1492 = DIRECTION('',(1.,-7.850462293419E-17,7.850462293419E-17));
#1493 = DIRECTION('',(1.110223024625E-16,0.707106781187,-0.707106781187)
  );
#1494 = DEFINITIONAL_REPRESENTATION('',(#1495),#1499);
#1495 = CIRCLE('',#1496,36.);
#1496 = AXIS2_PLACEMENT_2D('',#1497,#1498);
#1497 = CARTESIAN_POINT('',(49.6,17.5));
#1498 = DIRECTION('',(-0.707106781187,0.707106781187));
#1499 = ( GEOMETRIC_REPRESENTATION_CONTEXT(2) 
PARAMETRIC_REPRESENTATION_CONTEXT() REPRESENTATION_CONTEXT('2D SPACE',''
  ) );
#1500 = ADVANCED_FACE('',(#1501),#190,.F.);
#1501 = FACE_BOUND('',#1502,.F.);
#1502 = EDGE_LOOP('',(#1503,#1526,#1527,#1528,#1551));
#1503 = ORIENTED_EDGE('',*,*,#1504,.F.);
#1504 = EDGE_CURVE('',#152,#1505,#1507,.T.);
#1505 = VERTEX_POINT('',#1506);
#1506 = CARTESIAN_POINT('',(311.,-122.3736544047,71.143207026464));
#1507 = SURFACE_CURVE('',#1508,(#1512,#1519),.PCURVE_S1.);
#1508 = LINE('',#1509,#1510);
#1509 = CARTESIAN_POINT('',(311.,-130.1518289963,78.921381618023));
#1510 = VECTOR('',#1511,1.);
#1511 = DIRECTION('',(1.110223024625E-16,0.707106781187,-0.707106781187)
  );
#1512 = PCURVE('',#190,#1513);
#1513 = DEFINITIONAL_REPRESENTATION('',(#1514),#1518);
#1514 = LINE('',#1515,#1516);
#1515 = CARTESIAN_POINT('',(0.,0.));
#1516 = VECTOR('',#1517,1.);
#1517 = DIRECTION('',(-1.,0.));
#1518 = ( GEOMETRIC_REPRESENTATION_CONTEXT(2) 
PARAMETRIC_REPRESENTATION_CONTEXT() REPRESENTATION_CONTEXT('2D SPACE',''
  ) );
#1519 = PCURVE('',#165,#1520);
#1520 = DEFINITIONAL_REPRESENTATION('',(#1521),#1525);
#1521 = LINE('',#1522,#1523);
#1522 = CARTESIAN_POINT('',(0.,1.));
#1523 = VECTOR('',#1524,1.);
#1524 = DIRECTION('',(-1.,0.));
#1525 = ( GEOMETRIC_REPRESENTATION_CONTEXT(2) 
PARAMETRIC_REPRESENTATION_CONTEXT() REPRESENTATION_CONTEXT('2D SPACE',''
  ) );
#1526 = ORIENTED_EDGE('',*,*,#176,.T.);
#1527 = ORIENTED_EDGE('',*,*,#1406,.T.);
#1528 = ORIENTED_EDGE('',*,*,#1529,.T.);
#1529 = EDGE_CURVE('',#1407,#1530,#1532,.T.);
#1530 = VERTEX_POINT('',#1531);
#1531 = CARTESIAN_POINT('',(610.,-129.7275649291,69.304729395379));
#1532 = SURFACE_CURVE('',#1533,(#1537,#1544),.PCURVE_S1.);
#1533 = LINE('',#1534,#1535);
#1534 = CARTESIAN_POINT('',(610.,-137.5057395206,77.082903986938));
#1535 = VECTOR('',#1536,1.);
#1536 = DIRECTION('',(1.110223024625E-16,0.707106781187,-0.707106781187)
  );
#1537 = PCURVE('',#190,#1538);
#1538 = DEFINITIONAL_REPRESENTATION('',(#1539),#1543);
#1539 = LINE('',#1540,#1541);
#1540 = CARTESIAN_POINT('',(0.,1.));
#1541 = VECTOR('',#1542,1.);
#1542 = DIRECTION('',(-1.,0.));
#1543 = ( GEOMETRIC_REPRESENTATION_CONTEXT(2) 
PARAMETRIC_REPRESENTATION_CONTEXT() REPRESENTATION_CONTEXT('2D SPACE',''
  ) );
#1544 = PCURVE('',#1489,#1545);
#1545 = DEFINITIONAL_REPRESENTATION('',(#1546),#1550);
#1546 = LINE('',#1547,#1548);
#1547 = CARTESIAN_POINT('',(11.,37.));
#1548 = VECTOR('',#1549,1.);
#1549 = DIRECTION('',(1.,0.));
#1550 = ( GEOMETRIC_REPRESENTATION_CONTEXT(2) 
PARAMETRIC_REPRESENTATION_CONTEXT() REPRESENTATION_CONTEXT('2D SPACE',''
  ) );
#1551 = ORIENTED_EDGE('',*,*,#1552,.F.);
#1552 = EDGE_CURVE('',#1505,#1530,#1553,.T.);
#1553 = SURFACE_CURVE('',#1554,(#1557,#1564),.PCURVE_S1.);
#1554 = B_SPLINE_CURVE_WITH_KNOTS('',1,(#1555,#1556),.UNSPECIFIED.,.F.,
  .F.,(2,2),(0.,1.),.PIECEWISE_BEZIER_KNOTS.);
#1555 = CARTESIAN_POINT('',(311.,-122.3736544047,71.143207026464));
#1556 = CARTESIAN_POINT('',(610.,-129.7275649291,69.304729395379));
#1557 = PCURVE('',#190,#1558);
#1558 = DEFINITIONAL_REPRESENTATION('',(#1559),#1563);
#1559 = LINE('',#1560,#1561);
#1560 = CARTESIAN_POINT('',(-10.99999999788,0.));
#1561 = VECTOR('',#1562,1.);
#1562 = DIRECTION('',(0.,1.));
#1563 = ( GEOMETRIC_REPRESENTATION_CONTEXT(2) 
PARAMETRIC_REPRESENTATION_CONTEXT() REPRESENTATION_CONTEXT('2D SPACE',''
  ) );
#1564 = PCURVE('',#1565,#1584);
#1565 = B_SPLINE_SURFACE_WITH_KNOTS('',8,1,(
    (#1566,#1567)
    ,(#1568,#1569)
    ,(#1570,#1571)
    ,(#1572,#1573)
    ,(#1574,#1575)
    ,(#1576,#1577)
    ,(#1578,#1579)
    ,(#1580,#1581)
    ,(#1582,#1583
    )),.UNSPECIFIED.,.F.,.F.,.F.,(9,9),(2,2),(3.14159265359,
    4.712388980385),(0.,1.),.PIECEWISE_BEZIER_KNOTS.);
#1566 = CARTESIAN_POINT('',(311.,-122.3736544047,68.314779901718));
#1567 = CARTESIAN_POINT('',(610.,-129.7275649291,66.476302270633));
#1568 = CARTESIAN_POINT('',(310.99999999999,-122.0959742211,
    68.592460085352));
#1569 = CARTESIAN_POINT('',(610.,-129.4498847454,66.753982454268));
#1570 = CARTESIAN_POINT('',(311.00000000001,-121.8806053154,
    68.932451721712));
#1571 = CARTESIAN_POINT('',(609.99999999999,-129.2345158397,
    67.093974090626));
#1572 = CARTESIAN_POINT('',(310.99999999998,-121.7438608402,
    69.318440434109));
#1573 = CARTESIAN_POINT('',(610.00000000001,-129.0977713646,
    67.479962803025));
#1574 = CARTESIAN_POINT('',(311.00000000001,-121.69692845,
    69.728993464092));
#1575 = CARTESIAN_POINT('',(609.99999999998,-129.0508389744,
    67.890515833005));
#1576 = CARTESIAN_POINT('',(310.99999999998,-121.7438608402,
    70.139546494071));
#1577 = CARTESIAN_POINT('',(610.00000000001,-129.0977713646,
    68.301068862987));
#1578 = CARTESIAN_POINT('',(311.,-121.8806053154,70.52553520647));
#1579 = CARTESIAN_POINT('',(609.99999999999,-129.2345158397,
    68.687057575385));
#1580 = CARTESIAN_POINT('',(310.99999999999,-122.0959742211,
    70.865526842829));
#1581 = CARTESIAN_POINT('',(610.,-129.4498847454,69.027049211744));
#1582 = CARTESIAN_POINT('',(311.,-122.3736544047,71.143207026464));
#1583 = CARTESIAN_POINT('',(610.,-129.7275649291,69.304729395379));
#1584 = DEFINITIONAL_REPRESENTATION('',(#1585),#1589);
#1585 = LINE('',#1586,#1587);
#1586 = CARTESIAN_POINT('',(4.712388980385,0.));
#1587 = VECTOR('',#1588,1.);
#1588 = DIRECTION('',(0.,1.));
#1589 = ( GEOMETRIC_REPRESENTATION_CONTEXT(2) 
PARAMETRIC_REPRESENTATION_CONTEXT() REPRESENTATION_CONTEXT('2D SPACE',''
  ) );
#1590 = ADVANCED_FACE('',(#1591),#165,.F.);
#1591 = FACE_BOUND('',#1592,.F.);
#1592 = EDGE_LOOP('',(#1593,#1623,#1701,#1702,#1703));
#1593 = ORIENTED_EDGE('',*,*,#1594,.F.);
#1594 = EDGE_CURVE('',#1595,#1597,#1599,.T.);
#1595 = VERTEX_POINT('',#1596);
#1596 = CARTESIAN_POINT('',(150.,-139.8007992352,68.347097915054));
#1597 = VERTEX_POINT('',#1598);
#1598 = CARTESIAN_POINT('',(150.,-130.1871843359,58.733483014547));
#1599 = SURFACE_CURVE('',#1600,(#1604,#1611),.PCURVE_S1.);
#1600 = LINE('',#1601,#1602);
#1601 = CARTESIAN_POINT('',(150.,-137.9653589284,66.5116576082));
#1602 = VECTOR('',#1603,1.);
#1603 = DIRECTION('',(1.110223024625E-16,0.707106781187,-0.707106781187)
  );
#1604 = PCURVE('',#165,#1605);
#1605 = DEFINITIONAL_REPRESENTATION('',(#1606),#1610);
#1606 = LINE('',#1607,#1608);
#1607 = CARTESIAN_POINT('',(0.,0.));
#1608 = VECTOR('',#1609,1.);
#1609 = DIRECTION('',(-1.,0.));
#1610 = ( GEOMETRIC_REPRESENTATION_CONTEXT(2) 
PARAMETRIC_REPRESENTATION_CONTEXT() REPRESENTATION_CONTEXT('2D SPACE',''
  ) );
#1611 = PCURVE('',#1612,#1617);
#1612 = PLANE('',#1613);
#1613 = AXIS2_PLACEMENT_3D('',#1614,#1615,#1616);
#1614 = CARTESIAN_POINT('',(150.,-160.8756186388,59.157747083859));
#1615 = DIRECTION('',(1.,-7.850462293419E-17,7.850462293419E-17));
#1616 = DIRECTION('',(1.110223024625E-16,0.707106781187,-0.707106781187)
  );
#1617 = DEFINITIONAL_REPRESENTATION('',(#1618),#1622);
#1618 = LINE('',#1619,#1620);
#1619 = CARTESIAN_POINT('',(11.,21.4));
#1620 = VECTOR('',#1621,1.);
#1621 = DIRECTION('',(1.,0.));
#1622 = ( GEOMETRIC_REPRESENTATION_CONTEXT(2) 
PARAMETRIC_REPRESENTATION_CONTEXT() REPRESENTATION_CONTEXT('2D SPACE',''
  ) );
#1623 = ORIENTED_EDGE('',*,*,#1624,.T.);
#1624 = EDGE_CURVE('',#1595,#127,#1625,.T.);
#1625 = SURFACE_CURVE('',#1626,(#1649,#1675),.PCURVE_S1.);
#1626 = B_SPLINE_CURVE_WITH_KNOTS('',6,(#1627,#1628,#1629,#1630,#1631,
    #1632,#1633,#1634,#1635,#1636,#1637,#1638,#1639,#1640,#1641,#1642,
    #1643,#1644,#1645,#1646,#1647,#1648),.UNSPECIFIED.,.F.,.F.,(7,5,5,5,
    7),(0.,0.250130421304,0.500411385889,0.750908541775,1.),
  .UNSPECIFIED.);
#1627 = CARTESIAN_POINT('',(150.,-139.8007992352,68.347097915054));
#1628 = CARTESIAN_POINT('',(156.46578572434,-139.2551614138,
    68.613629203119));
#1629 = CARTESIAN_POINT('',(162.93104587583,-138.7003773846,
    68.870948266202));
#1630 = CARTESIAN_POINT('',(169.39573548275,-138.1362134766,
    69.118815784112));
#1631 = CARTESIAN_POINT('',(175.85980278089,-137.5624012683,
    69.356956833334));
#1632 = CARTESIAN_POINT('',(182.32318850201,-136.9786268424,
    69.585050051953));
#1633 = CARTESIAN_POINT('',(195.25235141959,-135.7900556695,
    70.020514561943));
#1634 = CARTESIAN_POINT('',(201.71812618771,-135.1852467669,
    70.2278733926));
#1635 = CARTESIAN_POINT('',(208.1830827064,-134.5697205815,
    70.424412160083));
#1636 = CARTESIAN_POINT('',(214.64714134137,-133.9430501085,
    70.609693856426));
#1637 = CARTESIAN_POINT('',(221.11020769141,-133.3047312529,
    70.783202529064));
#1638 = CARTESIAN_POINT('',(234.03971550714,-132.0030267772,
    71.105577058948));
#1639 = CARTESIAN_POINT('',(240.50615138518,-131.3396199937,
    71.254421050931));
#1640 = CARTESIAN_POINT('',(246.97136974949,-130.6633326939,
    71.390231594481));
#1641 = CARTESIAN_POINT('',(253.43523368712,-129.9734525342,
    71.512279148131));
#1642 = CARTESIAN_POINT('',(259.89757511565,-129.2691334695,
    71.61969655403));
#1643 = CARTESIAN_POINT('',(272.78254304216,-127.8335319519,
    71.802579374464));
#1644 = CARTESIAN_POINT('',(279.20517819069,-127.1024238582,
    71.878220234641));
#1645 = CARTESIAN_POINT('',(285.62589765388,-126.3549443212,
    71.937249021826));
#1646 = CARTESIAN_POINT('',(292.04443663246,-125.5898311707,
    71.978370304263));
#1647 = CARTESIAN_POINT('',(298.46045215367,-124.8055434057,72.));
#1648 = CARTESIAN_POINT('',(304.87348977323,-124.,72.));
#1649 = PCURVE('',#165,#1650);
#1650 = DEFINITIONAL_REPRESENTATION('',(#1651),#1674);
#1651 = B_SPLINE_CURVE_WITH_KNOTS('',6,(#1652,#1653,#1654,#1655,#1656,
    #1657,#1658,#1659,#1660,#1661,#1662,#1663,#1664,#1665,#1666,#1667,
    #1668,#1669,#1670,#1671,#1672,#1673),.UNSPECIFIED.,.F.,.F.,(7,5,5,5,
    7),(0.,0.250130421304,0.500411385889,0.750908541775,1.),
  .UNSPECIFIED.);
#1652 = CARTESIAN_POINT('',(2.59570457488,0.));
#1653 = CARTESIAN_POINT('',(2.267825933113,4.016015977852E-02));
#1654 = CARTESIAN_POINT('',(1.926976528538,8.031705512944E-02));
#1655 = CARTESIAN_POINT('',(1.572822813494,0.120470406725));
#1656 = CARTESIAN_POINT('',(1.204981630036,0.160619893049));
#1657 = CARTESIAN_POINT('',(0.823004964391,0.200765145975));
#1658 = CARTESIAN_POINT('',(2.948571687548E-02,0.281070505712));
#1659 = CARTESIAN_POINT('',(-0.382074222402,0.321230597439));
#1660 = CARTESIAN_POINT('',(-0.8088468475,0.361385606872));
#1661 = CARTESIAN_POINT('',(-1.25144150038,0.401535039387));
#1662 = CARTESIAN_POINT('',(-1.710577557838,0.441678308642));
#1663 = CARTESIAN_POINT('',(-2.664067785074,0.521985810603));
#1664 = CARTESIAN_POINT('',(-3.158452267917,0.562150008604));
#1665 = CARTESIAN_POINT('',(-3.671136113743,0.602306644407));
#1666 = CARTESIAN_POINT('',(-4.203136125633,0.642454867622));
#1667 = CARTESIAN_POINT('',(-4.755660327948,0.682593634259));
#1668 = CARTESIAN_POINT('',(-5.901566498015,0.762624490945));
#1669 = CARTESIAN_POINT('',(-6.494701291125,0.802516634725));
#1670 = CARTESIAN_POINT('',(-7.111120281568,0.842396879838));
#1671 = CARTESIAN_POINT('',(-7.752626621734,0.882263581568));
#1672 = CARTESIAN_POINT('',(-8.421423155644,0.92211460965));
#1673 = CARTESIAN_POINT('',(-9.120484088849,0.961947141449));
#1674 = ( GEOMETRIC_REPRESENTATION_CONTEXT(2) 
PARAMETRIC_REPRESENTATION_CONTEXT() REPRESENTATION_CONTEXT('2D SPACE',''
  ) );
#1675 = PCURVE('',#140,#1676);
#1676 = DEFINITIONAL_REPRESENTATION('',(#1677),#1700);
#1677 = B_SPLINE_CURVE_WITH_KNOTS('',6,(#1678,#1679,#1680,#1681,#1682,
    #1683,#1684,#1685,#1686,#1687,#1688,#1689,#1690,#1691,#1692,#1693,
    #1694,#1695,#1696,#1697,#1698,#1699),.UNSPECIFIED.,.F.,.F.,(7,5,5,5,
    7),(0.,0.250130421304,0.500411385889,0.750908541775,1.),
  .UNSPECIFIED.);
#1678 = CARTESIAN_POINT('',(0.454386435308,470.));
#1679 = CARTESIAN_POINT('',(0.437518219714,476.46578572434));
#1680 = CARTESIAN_POINT('',(0.42053404004,482.93104587583));
#1681 = CARTESIAN_POINT('',(0.403422330515,489.39573548275));
#1682 = CARTESIAN_POINT('',(0.386170532298,495.85980278089));
#1683 = CARTESIAN_POINT('',(0.368764676034,502.32318850201));
#1684 = CARTESIAN_POINT('',(0.333602674715,515.25235141959));
#1685 = CARTESIAN_POINT('',(0.315846334769,521.71812618771));
#1686 = CARTESIAN_POINT('',(0.297904048648,528.1830827064));
#1687 = CARTESIAN_POINT('',(0.279758164976,534.64714134137));
#1688 = CARTESIAN_POINT('',(0.261388414333,541.11020769141));
#1689 = CARTESIAN_POINT('',(0.224137597377,554.03971550714));
#1690 = CARTESIAN_POINT('',(0.205256100403,560.50615138518));
#1691 = CARTESIAN_POINT('',(0.186102695775,566.97136974948));
#1692 = CARTESIAN_POINT('',(0.166649830129,573.43523368712));
#1693 = CARTESIAN_POINT('',(0.146865190409,579.89757511565));
#1694 = CARTESIAN_POINT('',(0.106665094408,592.78254304216));
#1695 = CARTESIAN_POINT('',(8.625382216121E-02,599.20517819069));
#1696 = CARTESIAN_POINT('',(6.543527308672E-02,605.62589765389));
#1697 = CARTESIAN_POINT('',(4.416198022571E-02,612.04443663246));
#1698 = CARTESIAN_POINT('',(2.23762057142E-02,618.46045215367));
#1699 = CARTESIAN_POINT('',(0.,624.87348977323));
#1700 = ( GEOMETRIC_REPRESENTATION_CONTEXT(2) 
PARAMETRIC_REPRESENTATION_CONTEXT() REPRESENTATION_CONTEXT('2D SPACE',''
  ) );
#1701 = ORIENTED_EDGE('',*,*,#151,.T.);
#1702 = ORIENTED_EDGE('',*,*,#1504,.T.);
#1703 = ORIENTED_EDGE('',*,*,#1704,.F.);
#1704 = EDGE_CURVE('',#1597,#1505,#1705,.T.);
#1705 = SURFACE_CURVE('',#1706,(#1709,#1716),.PCURVE_S1.);
#1706 = B_SPLINE_CURVE_WITH_KNOTS('',1,(#1707,#1708),.UNSPECIFIED.,.F.,
  .F.,(2,2),(0.,1.),.PIECEWISE_BEZIER_KNOTS.);
#1707 = CARTESIAN_POINT('',(150.,-130.1871843365,58.733483013947));
#1708 = CARTESIAN_POINT('',(311.,-122.3736544047,71.143207026464));
#1709 = PCURVE('',#165,#1710);
#1710 = DEFINITIONAL_REPRESENTATION('',(#1711),#1715);
#1711 = LINE('',#1712,#1713);
#1712 = CARTESIAN_POINT('',(-11.,0.));
#1713 = VECTOR('',#1714,1.);
#1714 = DIRECTION('',(0.,1.));
#1715 = ( GEOMETRIC_REPRESENTATION_CONTEXT(2) 
PARAMETRIC_REPRESENTATION_CONTEXT() REPRESENTATION_CONTEXT('2D SPACE',''
  ) );
#1716 = PCURVE('',#1717,#1736);
#1717 = B_SPLINE_SURFACE_WITH_KNOTS('',8,1,(
    (#1718,#1719)
    ,(#1720,#1721)
    ,(#1722,#1723)
    ,(#1724,#1725)
    ,(#1726,#1727)
    ,(#1728,#1729)
    ,(#1730,#1731)
    ,(#1732,#1733)
    ,(#1734,#1735
    )),.UNSPECIFIED.,.F.,.F.,.F.,(9,9),(2,2),(0.,1.570796326795),(0.,1.)
  ,.PIECEWISE_BEZIER_KNOTS.);
#1718 = CARTESIAN_POINT('',(150.,-130.1871843365,55.9050558892));
#1719 = CARTESIAN_POINT('',(311.,-122.3736544047,68.314779901718));
#1720 = CARTESIAN_POINT('',(150.,-129.9095041529,56.182736072835));
#1721 = CARTESIAN_POINT('',(310.99999999999,-122.0959742211,
    68.592460085352));
#1722 = CARTESIAN_POINT('',(149.99999999999,-129.6941352472,
    56.522727709194));
#1723 = CARTESIAN_POINT('',(311.00000000001,-121.8806053154,
    68.932451721712));
#1724 = CARTESIAN_POINT('',(150.,-129.557390772,56.908716421592));
#1725 = CARTESIAN_POINT('',(310.99999999998,-121.7438608402,
    69.318440434109));
#1726 = CARTESIAN_POINT('',(149.99999999999,-129.5104583819,
    57.319269451574));
#1727 = CARTESIAN_POINT('',(311.00000000001,-121.69692845,
    69.728993464092));
#1728 = CARTESIAN_POINT('',(150.,-129.557390772,57.729822481555));
#1729 = CARTESIAN_POINT('',(310.99999999998,-121.7438608402,
    70.139546494071));
#1730 = CARTESIAN_POINT('',(149.99999999999,-129.6941352472,
    58.115811193953));
#1731 = CARTESIAN_POINT('',(311.,-121.8806053154,70.52553520647));
#1732 = CARTESIAN_POINT('',(150.,-129.9095041529,58.455802830312));
#1733 = CARTESIAN_POINT('',(310.99999999999,-122.0959742211,
    70.865526842829));
#1734 = CARTESIAN_POINT('',(150.,-130.1871843365,58.733483013947));
#1735 = CARTESIAN_POINT('',(311.,-122.3736544047,71.143207026464));
#1736 = DEFINITIONAL_REPRESENTATION('',(#1737),#1741);
#1737 = LINE('',#1738,#1739);
#1738 = CARTESIAN_POINT('',(1.570796326795,0.));
#1739 = VECTOR('',#1740,1.);
#1740 = DIRECTION('',(0.,1.));
#1741 = ( GEOMETRIC_REPRESENTATION_CONTEXT(2) 
PARAMETRIC_REPRESENTATION_CONTEXT() REPRESENTATION_CONTEXT('2D SPACE',''
  ) );
#1742 = ADVANCED_FACE('',(#1743),#140,.T.);
#1743 = FACE_BOUND('',#1744,.T.);
#1744 = EDGE_LOOP('',(#1745,#1746,#1766,#1851,#1873,#1874));
#1745 = ORIENTED_EDGE('',*,*,#522,.F.);
#1746 = ORIENTED_EDGE('',*,*,#1747,.T.);
#1747 = EDGE_CURVE('',#495,#1748,#1750,.T.);
#1748 = VERTEX_POINT('',#1749);
#1749 = CARTESIAN_POINT('',(304.87348977323,-160.,36.));
#1750 = SURFACE_CURVE('',#1751,(#1754,#1760),.PCURVE_S1.);
#1751 = B_SPLINE_CURVE_WITH_KNOTS('',1,(#1752,#1753),.UNSPECIFIED.,.F.,
  .F.,(2,2),(0.,1.),.PIECEWISE_BEZIER_KNOTS.);
#1752 = CARTESIAN_POINT('',(-320.,-160.,36.));
#1753 = CARTESIAN_POINT('',(850.,-160.,36.));
#1754 = PCURVE('',#140,#1755);
#1755 = DEFINITIONAL_REPRESENTATION('',(#1756),#1759);
#1756 = B_SPLINE_CURVE_WITH_KNOTS('',1,(#1757,#1758),.UNSPECIFIED.,.F.,
  .F.,(2,2),(0.,1.),.PIECEWISE_BEZIER_KNOTS.);
#1757 = CARTESIAN_POINT('',(1.570796326795,0.));
#1758 = CARTESIAN_POINT('',(1.570796326795,1.17E+03));
#1759 = ( GEOMETRIC_REPRESENTATION_CONTEXT(2) 
PARAMETRIC_REPRESENTATION_CONTEXT() REPRESENTATION_CONTEXT('2D SPACE',''
  ) );
#1760 = PCURVE('',#510,#1761);
#1761 = DEFINITIONAL_REPRESENTATION('',(#1762),#1765);
#1762 = B_SPLINE_CURVE_WITH_KNOTS('',1,(#1763,#1764),.UNSPECIFIED.,.F.,
  .F.,(2,2),(0.,1.),.PIECEWISE_BEZIER_KNOTS.);
#1763 = CARTESIAN_POINT('',(-36.,-1.17E+03));
#1764 = CARTESIAN_POINT('',(-36.,0.));
#1765 = ( GEOMETRIC_REPRESENTATION_CONTEXT(2) 
PARAMETRIC_REPRESENTATION_CONTEXT() REPRESENTATION_CONTEXT('2D SPACE',''
  ) );
#1766 = ORIENTED_EDGE('',*,*,#1767,.F.);
#1767 = EDGE_CURVE('',#1768,#1748,#1770,.T.);
#1768 = VERTEX_POINT('',#1769);
#1769 = CARTESIAN_POINT('',(150.,-156.347097915,51.800799235289));
#1770 = SURFACE_CURVE('',#1771,(#1794,#1820),.PCURVE_S1.);
#1771 = B_SPLINE_CURVE_WITH_KNOTS('',6,(#1772,#1773,#1774,#1775,#1776,
    #1777,#1778,#1779,#1780,#1781,#1782,#1783,#1784,#1785,#1786,#1787,
    #1788,#1789,#1790,#1791,#1792,#1793),.UNSPECIFIED.,.F.,.F.,(7,5,5,5,
    7),(0.,0.250130421304,0.50041138589,0.750908541775,1.),
  .UNSPECIFIED.);
#1772 = CARTESIAN_POINT('',(150.,-156.347097915,51.800799235289));
#1773 = CARTESIAN_POINT('',(156.46578572434,-156.6136292031,
    51.255161413804));
#1774 = CARTESIAN_POINT('',(162.93104587583,-156.8709482662,
    50.700377384686));
#1775 = CARTESIAN_POINT('',(169.39573548275,-157.1188157841,
    50.136213476656));
#1776 = CARTESIAN_POINT('',(175.85980278088,-157.3569568333,
    49.562401268313));
#1777 = CARTESIAN_POINT('',(182.32318850201,-157.5850500519,
    48.978626842441));
#1778 = CARTESIAN_POINT('',(195.25235141959,-158.0205145619,
    47.790055669581));
#1779 = CARTESIAN_POINT('',(201.71812618771,-158.2278733926,
    47.185246766902));
#1780 = CARTESIAN_POINT('',(208.1830827064,-158.42441216,46.569720581584
    ));
#1781 = CARTESIAN_POINT('',(214.64714134137,-158.6096938564,
    45.943050108544));
#1782 = CARTESIAN_POINT('',(221.11020769141,-158.783202529,
    45.30473125298));
#1783 = CARTESIAN_POINT('',(234.03971550714,-159.1055770589,
    44.003026777264));
#1784 = CARTESIAN_POINT('',(240.5061513852,-159.2544210509,
    43.339619993711));
#1785 = CARTESIAN_POINT('',(246.97136974945,-159.3902315944,
    42.663332693967));
#1786 = CARTESIAN_POINT('',(253.43523368715,-159.5122791481,
    41.973452534212));
#1787 = CARTESIAN_POINT('',(259.89757511564,-159.619696554,
    41.269133469503));
#1788 = CARTESIAN_POINT('',(272.78254304217,-159.8025793744,
    39.833531951976));
#1789 = CARTESIAN_POINT('',(279.20517819066,-159.8782202346,
    39.102423858211));
#1790 = CARTESIAN_POINT('',(285.62589765392,-159.9372490218,
    38.354944321203));
#1791 = CARTESIAN_POINT('',(292.04443663243,-159.9783703042,
    37.589831170727));
#1792 = CARTESIAN_POINT('',(298.46045215368,-160.,36.80554340571));
#1793 = CARTESIAN_POINT('',(304.87348977323,-160.,36.));
#1794 = PCURVE('',#140,#1795);
#1795 = DEFINITIONAL_REPRESENTATION('',(#1796),#1819);
#1796 = B_SPLINE_CURVE_WITH_KNOTS('',6,(#1797,#1798,#1799,#1800,#1801,
    #1802,#1803,#1804,#1805,#1806,#1807,#1808,#1809,#1810,#1811,#1812,
    #1813,#1814,#1815,#1816,#1817,#1818),.UNSPECIFIED.,.F.,.F.,(7,5,5,5,
    7),(0.,0.250130421304,0.50041138589,0.750908541775,1.),
  .UNSPECIFIED.);
#1797 = CARTESIAN_POINT('',(1.116409891487,470.));
#1798 = CARTESIAN_POINT('',(1.133278107081,476.46578572434));
#1799 = CARTESIAN_POINT('',(1.150262286755,482.93104587583));
#1800 = CARTESIAN_POINT('',(1.167373996279,489.39573548275));
#1801 = CARTESIAN_POINT('',(1.184625794497,495.85980278088));
#1802 = CARTESIAN_POINT('',(1.202031650761,502.32318850201));
#1803 = CARTESIAN_POINT('',(1.23719365208,515.25235141959));
#1804 = CARTESIAN_POINT('',(1.254949992026,521.71812618771));
#1805 = CARTESIAN_POINT('',(1.272892278147,528.1830827064));
#1806 = CARTESIAN_POINT('',(1.291038161819,534.64714134137));
#1807 = CARTESIAN_POINT('',(1.309407912462,541.11020769141));
#1808 = CARTESIAN_POINT('',(1.346658729418,554.03971550714));
#1809 = CARTESIAN_POINT('',(1.365540226392,560.5061513852));
#1810 = CARTESIAN_POINT('',(1.38469363102,566.97136974945));
#1811 = CARTESIAN_POINT('',(1.404146496666,573.43523368715));
#1812 = CARTESIAN_POINT('',(1.423931136386,579.89757511564));
#1813 = CARTESIAN_POINT('',(1.464131232387,592.78254304217));
#1814 = CARTESIAN_POINT('',(1.484542504634,599.20517819066));
#1815 = CARTESIAN_POINT('',(1.505361053708,605.62589765392));
#1816 = CARTESIAN_POINT('',(1.526634346569,612.04443663243));
#1817 = CARTESIAN_POINT('',(1.548420121081,618.46045215368));
#1818 = CARTESIAN_POINT('',(1.570796326795,624.87348977323));
#1819 = ( GEOMETRIC_REPRESENTATION_CONTEXT(2) 
PARAMETRIC_REPRESENTATION_CONTEXT() REPRESENTATION_CONTEXT('2D SPACE',''
  ) );
#1820 = PCURVE('',#1821,#1826);
#1821 = B_SPLINE_SURFACE_WITH_KNOTS('',1,1,(
    (#1822,#1823)
    ,(#1824,#1825
    )),.UNSPECIFIED.,.F.,.F.,.F.,(2,2),(2,2),(-11.,11.),(0.,1.),
  .PIECEWISE_BEZIER_KNOTS.);
#1822 = CARTESIAN_POINT('',(150.,-162.2898322012,57.743533521486));
#1823 = CARTESIAN_POINT('',(311.,-174.699556211,49.930003589375));
#1824 = CARTESIAN_POINT('',(150.,-146.7334830151,42.187184335382));
#1825 = CARTESIAN_POINT('',(311.,-159.1432070264,34.373654404763));
#1826 = DEFINITIONAL_REPRESENTATION('',(#1827),#1850);
#1827 = B_SPLINE_CURVE_WITH_KNOTS('',6,(#1828,#1829,#1830,#1831,#1832,
    #1833,#1834,#1835,#1836,#1837,#1838,#1839,#1840,#1841,#1842,#1843,
    #1844,#1845,#1846,#1847,#1848,#1849),.UNSPECIFIED.,.F.,.F.,(7,5,5,5,
    7),(0.,0.250130421304,0.50041138589,0.750908541775,1.),
  .UNSPECIFIED.);
#1828 = CARTESIAN_POINT('',(-2.59570457488,0.));
#1829 = CARTESIAN_POINT('',(-2.267825933113,4.016015977851E-02));
#1830 = CARTESIAN_POINT('',(-1.926976528538,8.031705512944E-02));
#1831 = CARTESIAN_POINT('',(-1.572822813494,0.120470406725));
#1832 = CARTESIAN_POINT('',(-1.204981630037,0.160619893049));
#1833 = CARTESIAN_POINT('',(-0.823004964391,0.200765145975));
#1834 = CARTESIAN_POINT('',(-2.948571687566E-02,0.281070505712));
#1835 = CARTESIAN_POINT('',(0.382074222402,0.321230597439));
#1836 = CARTESIAN_POINT('',(0.8088468475,0.361385606872));
#1837 = CARTESIAN_POINT('',(1.25144150038,0.401535039387));
#1838 = CARTESIAN_POINT('',(1.710577557838,0.441678308642));
#1839 = CARTESIAN_POINT('',(2.664067785073,0.521985810603));
#1840 = CARTESIAN_POINT('',(3.158452267918,0.562150008604));
#1841 = CARTESIAN_POINT('',(3.67113611374,0.602306644407));
#1842 = CARTESIAN_POINT('',(4.203136125635,0.642454867622));
#1843 = CARTESIAN_POINT('',(4.755660327947,0.682593634259));
#1844 = CARTESIAN_POINT('',(5.901566498015,0.762624490945));
#1845 = CARTESIAN_POINT('',(6.494701291123,0.802516634725));
#1846 = CARTESIAN_POINT('',(7.111120281571,0.842396879838));
#1847 = CARTESIAN_POINT('',(7.752626621731,0.882263581568));
#1848 = CARTESIAN_POINT('',(8.421423155645,0.92211460965));
#1849 = CARTESIAN_POINT('',(9.120484088849,0.961947141449));
#1850 = ( GEOMETRIC_REPRESENTATION_CONTEXT(2) 
PARAMETRIC_REPRESENTATION_CONTEXT() REPRESENTATION_CONTEXT('2D SPACE',''
  ) );
#1851 = ORIENTED_EDGE('',*,*,#1852,.F.);
#1852 = EDGE_CURVE('',#1595,#1768,#1853,.T.);
#1853 = SURFACE_CURVE('',#1854,(#1859,#1866),.PCURVE_S1.);
#1854 = CIRCLE('',#1855,36.);
#1855 = AXIS2_PLACEMENT_3D('',#1856,#1857,#1858);
#1856 = CARTESIAN_POINT('',(150.,-124.,36.));
#1857 = DIRECTION('',(1.,0.,1.110223024625E-16));
#1858 = DIRECTION('',(-1.110223024625E-16,0.,1.));
#1859 = PCURVE('',#140,#1860);
#1860 = DEFINITIONAL_REPRESENTATION('',(#1861),#1865);
#1861 = LINE('',#1862,#1863);
#1862 = CARTESIAN_POINT('',(0.,470.));
#1863 = VECTOR('',#1864,1.);
#1864 = DIRECTION('',(1.,0.));
#1865 = ( GEOMETRIC_REPRESENTATION_CONTEXT(2) 
PARAMETRIC_REPRESENTATION_CONTEXT() REPRESENTATION_CONTEXT('2D SPACE',''
  ) );
#1866 = PCURVE('',#1612,#1867);
#1867 = DEFINITIONAL_REPRESENTATION('',(#1868),#1872);
#1868 = CIRCLE('',#1869,36.);
#1869 = AXIS2_PLACEMENT_2D('',#1870,#1871);
#1870 = CARTESIAN_POINT('',(42.45,9.7));
#1871 = DIRECTION('',(-0.707106781187,0.707106781187));
#1872 = ( GEOMETRIC_REPRESENTATION_CONTEXT(2) 
PARAMETRIC_REPRESENTATION_CONTEXT() REPRESENTATION_CONTEXT('2D SPACE',''
  ) );
#1873 = ORIENTED_EDGE('',*,*,#1624,.T.);
#1874 = ORIENTED_EDGE('',*,*,#126,.F.);
#1875 = ADVANCED_FACE('',(#1876),#510,.T.);
#1876 = FACE_BOUND('',#1877,.T.);
#1877 = EDGE_LOOP('',(#1878,#1879,#1880,#1900,#1925,#1950,#1975,#2001,
    #2002,#2022));
#1878 = ORIENTED_EDGE('',*,*,#1747,.F.);
#1879 = ORIENTED_EDGE('',*,*,#494,.T.);
#1880 = ORIENTED_EDGE('',*,*,#1881,.T.);
#1881 = EDGE_CURVE('',#466,#1882,#1884,.T.);
#1882 = VERTEX_POINT('',#1883);
#1883 = CARTESIAN_POINT('',(304.87349002565,-160.,-35.99999996829));
#1884 = SURFACE_CURVE('',#1885,(#1888,#1894),.PCURVE_S1.);
#1885 = B_SPLINE_CURVE_WITH_KNOTS('',1,(#1886,#1887),.UNSPECIFIED.,.F.,
  .F.,(2,2),(0.,1.),.PIECEWISE_BEZIER_KNOTS.);
#1886 = CARTESIAN_POINT('',(-320.,-160.,-35.99999996829));
#1887 = CARTESIAN_POINT('',(850.,-160.,-35.99999996829));
#1888 = PCURVE('',#510,#1889);
#1889 = DEFINITIONAL_REPRESENTATION('',(#1890),#1893);
#1890 = B_SPLINE_CURVE_WITH_KNOTS('',1,(#1891,#1892),.UNSPECIFIED.,.F.,
  .F.,(2,2),(0.,1.),.PIECEWISE_BEZIER_KNOTS.);
#1891 = CARTESIAN_POINT('',(35.999999968293,-1.17E+03));
#1892 = CARTESIAN_POINT('',(35.999999968294,0.));
#1893 = ( GEOMETRIC_REPRESENTATION_CONTEXT(2) 
PARAMETRIC_REPRESENTATION_CONTEXT() REPRESENTATION_CONTEXT('2D SPACE',''
  ) );
#1894 = PCURVE('',#482,#1895);
#1895 = DEFINITIONAL_REPRESENTATION('',(#1896),#1899);
#1896 = B_SPLINE_CURVE_WITH_KNOTS('',1,(#1897,#1898),.UNSPECIFIED.,.F.,
  .F.,(2,2),(0.,1.),.PIECEWISE_BEZIER_KNOTS.);
#1897 = CARTESIAN_POINT('',(1.570796326795,0.));
#1898 = CARTESIAN_POINT('',(1.570796326795,1.17E+03));
#1899 = ( GEOMETRIC_REPRESENTATION_CONTEXT(2) 
PARAMETRIC_REPRESENTATION_CONTEXT() REPRESENTATION_CONTEXT('2D SPACE',''
  ) );
#1900 = ORIENTED_EDGE('',*,*,#1901,.T.);
#1901 = EDGE_CURVE('',#1882,#1902,#1904,.T.);
#1902 = VERTEX_POINT('',#1903);
#1903 = CARTESIAN_POINT('',(311.,-160.,-35.23044737829));
#1904 = SURFACE_CURVE('',#1905,(#1908,#1914),.PCURVE_S1.);
#1905 = B_SPLINE_CURVE_WITH_KNOTS('',1,(#1906,#1907),.UNSPECIFIED.,.F.,
  .F.,(2,2),(0.,1.),.PIECEWISE_BEZIER_KNOTS.);
#1906 = CARTESIAN_POINT('',(304.87349002565,-160.,-35.99999996829));
#1907 = CARTESIAN_POINT('',(311.,-160.,-35.2304473783));
#1908 = PCURVE('',#510,#1909);
#1909 = DEFINITIONAL_REPRESENTATION('',(#1910),#1913);
#1910 = B_SPLINE_CURVE_WITH_KNOTS('',1,(#1911,#1912),.UNSPECIFIED.,.F.,
  .F.,(2,2),(0.,1.),.PIECEWISE_BEZIER_KNOTS.);
#1911 = CARTESIAN_POINT('',(35.999999968294,-545.1265099743));
#1912 = CARTESIAN_POINT('',(35.230447378299,-539.));
#1913 = ( GEOMETRIC_REPRESENTATION_CONTEXT(2) 
PARAMETRIC_REPRESENTATION_CONTEXT() REPRESENTATION_CONTEXT('2D SPACE',''
  ) );
#1914 = PCURVE('',#1915,#1920);
#1915 = B_SPLINE_SURFACE_WITH_KNOTS('',1,1,(
    (#1916,#1917)
    ,(#1918,#1919
    )),.UNSPECIFIED.,.F.,.F.,.F.,(2,2),(2,2),(-11.,11.),(0.,1.),
  .PIECEWISE_BEZIER_KNOTS.);
#1916 = CARTESIAN_POINT('',(150.,-146.7334830151,-42.18718433538));
#1917 = CARTESIAN_POINT('',(311.,-159.1432070264,-34.37365440476));
#1918 = CARTESIAN_POINT('',(150.,-162.2898322012,-57.74353352148));
#1919 = CARTESIAN_POINT('',(311.,-174.699556211,-49.93000358937));
#1920 = DEFINITIONAL_REPRESENTATION('',(#1921),#1924);
#1921 = B_SPLINE_CURVE_WITH_KNOTS('',1,(#1922,#1923),.UNSPECIFIED.,.F.,
  .F.,(2,2),(0.,1.),.PIECEWISE_BEZIER_KNOTS.);
#1922 = CARTESIAN_POINT('',(-9.120484116364,0.961947143016));
#1923 = CARTESIAN_POINT('',(-9.788311756563,1.));
#1924 = ( GEOMETRIC_REPRESENTATION_CONTEXT(2) 
PARAMETRIC_REPRESENTATION_CONTEXT() REPRESENTATION_CONTEXT('2D SPACE',''
  ) );
#1925 = ORIENTED_EDGE('',*,*,#1926,.T.);
#1926 = EDGE_CURVE('',#1902,#1927,#1929,.T.);
#1927 = VERTEX_POINT('',#1928);
#1928 = CARTESIAN_POINT('',(336.03116932376,-160.,-35.99999996829));
#1929 = SURFACE_CURVE('',#1930,(#1933,#1939),.PCURVE_S1.);
#1930 = B_SPLINE_CURVE_WITH_KNOTS('',1,(#1931,#1932),.UNSPECIFIED.,.F.,
  .F.,(2,2),(0.,1.),.PIECEWISE_BEZIER_KNOTS.);
#1931 = CARTESIAN_POINT('',(311.,-160.,-35.2304473783));
#1932 = CARTESIAN_POINT('',(336.03116932376,-160.,-35.99999996829));
#1933 = PCURVE('',#510,#1934);
#1934 = DEFINITIONAL_REPRESENTATION('',(#1935),#1938);
#1935 = B_SPLINE_CURVE_WITH_KNOTS('',1,(#1936,#1937),.UNSPECIFIED.,.F.,
  .F.,(2,2),(0.,1.),.PIECEWISE_BEZIER_KNOTS.);
#1936 = CARTESIAN_POINT('',(35.230447378299,-539.));
#1937 = CARTESIAN_POINT('',(35.999999968294,-513.9688306762));
#1938 = ( GEOMETRIC_REPRESENTATION_CONTEXT(2) 
PARAMETRIC_REPRESENTATION_CONTEXT() REPRESENTATION_CONTEXT('2D SPACE',''
  ) );
#1939 = PCURVE('',#1940,#1945);
#1940 = B_SPLINE_SURFACE_WITH_KNOTS('',1,1,(
    (#1941,#1942)
    ,(#1943,#1944
    )),.UNSPECIFIED.,.F.,.F.,.F.,(2,2),(2,2),(-10.99999999788,11.),(0.,
    1.),.PIECEWISE_BEZIER_KNOTS.);
#1941 = CARTESIAN_POINT('',(311.,-159.1432070264,-34.37365440476));
#1942 = CARTESIAN_POINT('',(610.,-157.3047293953,-41.7275649291));
#1943 = CARTESIAN_POINT('',(311.,-174.699556211,-49.93000358937));
#1944 = CARTESIAN_POINT('',(610.,-172.8610785799,-57.28391411371));
#1945 = DEFINITIONAL_REPRESENTATION('',(#1946),#1949);
#1946 = B_SPLINE_CURVE_WITH_KNOTS('',1,(#1947,#1948),.UNSPECIFIED.,.F.,
  .F.,(2,2),(0.,1.),.PIECEWISE_BEZIER_KNOTS.);
#1947 = CARTESIAN_POINT('',(-9.788311754568,0.));
#1948 = CARTESIAN_POINT('',(-9.570649412623,8.371628536378E-02));
#1949 = ( GEOMETRIC_REPRESENTATION_CONTEXT(2) 
PARAMETRIC_REPRESENTATION_CONTEXT() REPRESENTATION_CONTEXT('2D SPACE',''
  ) );
#1950 = ORIENTED_EDGE('',*,*,#1951,.T.);
#1951 = EDGE_CURVE('',#1927,#1952,#1954,.T.);
#1952 = VERTEX_POINT('',#1953);
#1953 = CARTESIAN_POINT('',(850.,-160.,-35.99999996829));
#1954 = SURFACE_CURVE('',#1955,(#1958,#1964),.PCURVE_S1.);
#1955 = B_SPLINE_CURVE_WITH_KNOTS('',1,(#1956,#1957),.UNSPECIFIED.,.F.,
  .F.,(2,2),(0.,1.),.PIECEWISE_BEZIER_KNOTS.);
#1956 = CARTESIAN_POINT('',(-320.,-160.,-35.99999996829));
#1957 = CARTESIAN_POINT('',(850.,-160.,-35.99999996829));
#1958 = PCURVE('',#510,#1959);
#1959 = DEFINITIONAL_REPRESENTATION('',(#1960),#1963);
#1960 = B_SPLINE_CURVE_WITH_KNOTS('',1,(#1961,#1962),.UNSPECIFIED.,.F.,
  .F.,(2,2),(0.,1.),.PIECEWISE_BEZIER_KNOTS.);
#1961 = CARTESIAN_POINT('',(35.999999968293,-1.17E+03));
#1962 = CARTESIAN_POINT('',(35.999999968294,0.));
#1963 = ( GEOMETRIC_REPRESENTATION_CONTEXT(2) 
PARAMETRIC_REPRESENTATION_CONTEXT() REPRESENTATION_CONTEXT('2D SPACE',''
  ) );
#1964 = PCURVE('',#1965,#1970);
#1965 = CYLINDRICAL_SURFACE('',#1966,36.);
#1966 = AXIS2_PLACEMENT_3D('',#1967,#1968,#1969);
#1967 = CARTESIAN_POINT('',(-320.,-124.,-35.99999996829));
#1968 = DIRECTION('',(1.,-0.,1.110223024625E-16));
#1969 = DIRECTION('',(-1.110223024625E-16,0.,1.));
#1970 = DEFINITIONAL_REPRESENTATION('',(#1971),#1974);
#1971 = B_SPLINE_CURVE_WITH_KNOTS('',1,(#1972,#1973),.UNSPECIFIED.,.F.,
  .F.,(2,2),(0.,1.),.PIECEWISE_BEZIER_KNOTS.);
#1972 = CARTESIAN_POINT('',(1.570796326795,0.));
#1973 = CARTESIAN_POINT('',(1.570796326795,1.17E+03));
#1974 = ( GEOMETRIC_REPRESENTATION_CONTEXT(2) 
PARAMETRIC_REPRESENTATION_CONTEXT() REPRESENTATION_CONTEXT('2D SPACE',''
  ) );
#1975 = ORIENTED_EDGE('',*,*,#1976,.F.);
#1976 = EDGE_CURVE('',#1364,#1952,#1977,.T.);
#1977 = SURFACE_CURVE('',#1978,(#1982,#1989),.PCURVE_S1.);
#1978 = LINE('',#1979,#1980);
#1979 = CARTESIAN_POINT('',(850.,-160.,-2.84217094304E-14));
#1980 = VECTOR('',#1981,1.);
#1981 = DIRECTION('',(1.110223024625E-16,0.,-1.));
#1982 = PCURVE('',#510,#1983);
#1983 = DEFINITIONAL_REPRESENTATION('',(#1984),#1988);
#1984 = LINE('',#1985,#1986);
#1985 = CARTESIAN_POINT('',(0.,0.));
#1986 = VECTOR('',#1987,1.);
#1987 = DIRECTION('',(1.,0.));
#1988 = ( GEOMETRIC_REPRESENTATION_CONTEXT(2) 
PARAMETRIC_REPRESENTATION_CONTEXT() REPRESENTATION_CONTEXT('2D SPACE',''
  ) );
#1989 = PCURVE('',#1990,#1995);
#1990 = B_SPLINE_SURFACE_WITH_KNOTS('',1,1,(
    (#1991,#1992)
    ,(#1993,#1994
    )),.UNSPECIFIED.,.F.,.F.,.F.,(2,2),(2,2),(-36.,35.999999968294),(0.,
    1.),.PIECEWISE_BEZIER_KNOTS.);
#1991 = CARTESIAN_POINT('',(850.,-160.,36.));
#1992 = CARTESIAN_POINT('',(1.01E+03,-124.8,28.08));
#1993 = CARTESIAN_POINT('',(850.,-160.,-35.99999996829));
#1994 = CARTESIAN_POINT('',(1.01E+03,-124.8,-28.07999995053));
#1995 = DEFINITIONAL_REPRESENTATION('',(#1996),#2000);
#1996 = LINE('',#1997,#1998);
#1997 = CARTESIAN_POINT('',(0.,0.));
#1998 = VECTOR('',#1999,1.);
#1999 = DIRECTION('',(1.,0.));
#2000 = ( GEOMETRIC_REPRESENTATION_CONTEXT(2) 
PARAMETRIC_REPRESENTATION_CONTEXT() REPRESENTATION_CONTEXT('2D SPACE',''
  ) );
#2001 = ORIENTED_EDGE('',*,*,#1363,.F.);
#2002 = ORIENTED_EDGE('',*,*,#2003,.F.);
#2003 = EDGE_CURVE('',#2004,#1289,#2006,.T.);
#2004 = VERTEX_POINT('',#2005);
#2005 = CARTESIAN_POINT('',(311.,-160.,35.230447378299));
#2006 = SURFACE_CURVE('',#2007,(#2010,#2016),.PCURVE_S1.);
#2007 = B_SPLINE_CURVE_WITH_KNOTS('',1,(#2008,#2009),.UNSPECIFIED.,.F.,
  .F.,(2,2),(0.,1.),.PIECEWISE_BEZIER_KNOTS.);
#2008 = CARTESIAN_POINT('',(311.,-160.,35.2304473783));
#2009 = CARTESIAN_POINT('',(336.03117035508,-160.,36.));
#2010 = PCURVE('',#510,#2011);
#2011 = DEFINITIONAL_REPRESENTATION('',(#2012),#2015);
#2012 = B_SPLINE_CURVE_WITH_KNOTS('',1,(#2013,#2014),.UNSPECIFIED.,.F.,
  .F.,(2,2),(0.,1.),.PIECEWISE_BEZIER_KNOTS.);
#2013 = CARTESIAN_POINT('',(-35.2304473783,-539.));
#2014 = CARTESIAN_POINT('',(-36.,-513.9688296449));
#2015 = ( GEOMETRIC_REPRESENTATION_CONTEXT(2) 
PARAMETRIC_REPRESENTATION_CONTEXT() REPRESENTATION_CONTEXT('2D SPACE',''
  ) );
#2016 = PCURVE('',#1336,#2017);
#2017 = DEFINITIONAL_REPRESENTATION('',(#2018),#2021);
#2018 = B_SPLINE_CURVE_WITH_KNOTS('',1,(#2019,#2020),.UNSPECIFIED.,.F.,
  .F.,(2,2),(0.,1.),.PIECEWISE_BEZIER_KNOTS.);
#2019 = CARTESIAN_POINT('',(9.788311754568,0.));
#2020 = CARTESIAN_POINT('',(9.570649403655,8.371628881298E-02));
#2021 = ( GEOMETRIC_REPRESENTATION_CONTEXT(2) 
PARAMETRIC_REPRESENTATION_CONTEXT() REPRESENTATION_CONTEXT('2D SPACE',''
  ) );
#2022 = ORIENTED_EDGE('',*,*,#2023,.F.);
#2023 = EDGE_CURVE('',#1748,#2004,#2024,.T.);
#2024 = SURFACE_CURVE('',#2025,(#2028,#2034),.PCURVE_S1.);
#2025 = B_SPLINE_CURVE_WITH_KNOTS('',1,(#2026,#2027),.UNSPECIFIED.,.F.,
  .F.,(2,2),(0.,1.),.PIECEWISE_BEZIER_KNOTS.);
#2026 = CARTESIAN_POINT('',(304.87348977323,-160.,36.));
#2027 = CARTESIAN_POINT('',(311.,-160.,35.2304473783));
#2028 = PCURVE('',#510,#2029);
#2029 = DEFINITIONAL_REPRESENTATION('',(#2030),#2033);
#2030 = B_SPLINE_CURVE_WITH_KNOTS('',1,(#2031,#2032),.UNSPECIFIED.,.F.,
  .F.,(2,2),(0.,1.),.PIECEWISE_BEZIER_KNOTS.);
#2031 = CARTESIAN_POINT('',(-36.,-545.1265102267));
#2032 = CARTESIAN_POINT('',(-35.2304473783,-539.));
#2033 = ( GEOMETRIC_REPRESENTATION_CONTEXT(2) 
PARAMETRIC_REPRESENTATION_CONTEXT() REPRESENTATION_CONTEXT('2D SPACE',''
  ) );
#2034 = PCURVE('',#1821,#2035);
#2035 = DEFINITIONAL_REPRESENTATION('',(#2036),#2039);
#2036 = B_SPLINE_CURVE_WITH_KNOTS('',1,(#2037,#2038),.UNSPECIFIED.,.F.,
  .F.,(2,2),(0.,1.),.PIECEWISE_BEZIER_KNOTS.);
#2037 = CARTESIAN_POINT('',(9.120484088849,0.961947141449));
#2038 = CARTESIAN_POINT('',(9.788311756563,1.));
#2039 = ( GEOMETRIC_REPRESENTATION_CONTEXT(2) 
PARAMETRIC_REPRESENTATION_CONTEXT() REPRESENTATION_CONTEXT('2D SPACE',''
  ) );
#2040 = ADVANCED_FACE('',(#2041),#396,.T.);
#2041 = FACE_BOUND('',#2042,.T.);
#2042 = EDGE_LOOP('',(#2043,#2044,#2045,#2065,#2083,#2084,#2112,#2137,
    #2162,#2187));
#2043 = ORIENTED_EDGE('',*,*,#380,.F.);
#2044 = ORIENTED_EDGE('',*,*,#778,.T.);
#2045 = ORIENTED_EDGE('',*,*,#2046,.T.);
#2046 = EDGE_CURVE('',#694,#2047,#2049,.T.);
#2047 = VERTEX_POINT('',#2048);
#2048 = CARTESIAN_POINT('',(311.,160.,35.230447378299));
#2049 = SURFACE_CURVE('',#2050,(#2053,#2059),.PCURVE_S1.);
#2050 = B_SPLINE_CURVE_WITH_KNOTS('',1,(#2051,#2052),.UNSPECIFIED.,.F.,
  .F.,(2,2),(0.,1.),.PIECEWISE_BEZIER_KNOTS.);
#2051 = CARTESIAN_POINT('',(304.87348977323,160.,36.));
#2052 = CARTESIAN_POINT('',(311.,160.,35.2304473783));
#2053 = PCURVE('',#396,#2054);
#2054 = DEFINITIONAL_REPRESENTATION('',(#2055),#2058);
#2055 = B_SPLINE_CURVE_WITH_KNOTS('',1,(#2056,#2057),.UNSPECIFIED.,.F.,
  .F.,(2,2),(0.,1.),.PIECEWISE_BEZIER_KNOTS.);
#2056 = CARTESIAN_POINT('',(36.,-545.1265102267));
#2057 = CARTESIAN_POINT('',(35.2304473783,-539.));
#2058 = ( GEOMETRIC_REPRESENTATION_CONTEXT(2) 
PARAMETRIC_REPRESENTATION_CONTEXT() REPRESENTATION_CONTEXT('2D SPACE',''
  ) );
#2059 = PCURVE('',#747,#2060);
#2060 = DEFINITIONAL_REPRESENTATION('',(#2061),#2064);
#2061 = B_SPLINE_CURVE_WITH_KNOTS('',1,(#2062,#2063),.UNSPECIFIED.,.F.,
  .F.,(2,2),(0.,1.),.PIECEWISE_BEZIER_KNOTS.);
#2062 = CARTESIAN_POINT('',(-9.120484088849,0.961947141449));
#2063 = CARTESIAN_POINT('',(-9.788311756563,1.));
#2064 = ( GEOMETRIC_REPRESENTATION_CONTEXT(2) 
PARAMETRIC_REPRESENTATION_CONTEXT() REPRESENTATION_CONTEXT('2D SPACE',''
  ) );
#2065 = ORIENTED_EDGE('',*,*,#2066,.T.);
#2066 = EDGE_CURVE('',#2047,#1077,#2067,.T.);
#2067 = SURFACE_CURVE('',#2068,(#2071,#2077),.PCURVE_S1.);
#2068 = B_SPLINE_CURVE_WITH_KNOTS('',1,(#2069,#2070),.UNSPECIFIED.,.F.,
  .F.,(2,2),(0.,1.),.PIECEWISE_BEZIER_KNOTS.);
#2069 = CARTESIAN_POINT('',(311.,160.,35.2304473783));
#2070 = CARTESIAN_POINT('',(336.03117035508,160.,36.));
#2071 = PCURVE('',#396,#2072);
#2072 = DEFINITIONAL_REPRESENTATION('',(#2073),#2076);
#2073 = B_SPLINE_CURVE_WITH_KNOTS('',1,(#2074,#2075),.UNSPECIFIED.,.F.,
  .F.,(2,2),(0.,1.),.PIECEWISE_BEZIER_KNOTS.);
#2074 = CARTESIAN_POINT('',(35.2304473783,-539.));
#2075 = CARTESIAN_POINT('',(36.,-513.9688296449));
#2076 = ( GEOMETRIC_REPRESENTATION_CONTEXT(2) 
PARAMETRIC_REPRESENTATION_CONTEXT() REPRESENTATION_CONTEXT('2D SPACE',''
  ) );
#2077 = PCURVE('',#1142,#2078);
#2078 = DEFINITIONAL_REPRESENTATION('',(#2079),#2082);
#2079 = B_SPLINE_CURVE_WITH_KNOTS('',1,(#2080,#2081),.UNSPECIFIED.,.F.,
  .F.,(2,2),(0.,1.),.PIECEWISE_BEZIER_KNOTS.);
#2080 = CARTESIAN_POINT('',(-9.788311754568,0.));
#2081 = CARTESIAN_POINT('',(-9.570649403655,8.371628881298E-02));
#2082 = ( GEOMETRIC_REPRESENTATION_CONTEXT(2) 
PARAMETRIC_REPRESENTATION_CONTEXT() REPRESENTATION_CONTEXT('2D SPACE',''
  ) );
#2083 = ORIENTED_EDGE('',*,*,#1076,.T.);
#2084 = ORIENTED_EDGE('',*,*,#2085,.T.);
#2085 = EDGE_CURVE('',#1032,#2086,#2088,.T.);
#2086 = VERTEX_POINT('',#2087);
#2087 = CARTESIAN_POINT('',(850.,160.,-35.99999996829));
#2088 = SURFACE_CURVE('',#2089,(#2093,#2100),.PCURVE_S1.);
#2089 = LINE('',#2090,#2091);
#2090 = CARTESIAN_POINT('',(850.,160.,-2.84217094304E-14));
#2091 = VECTOR('',#2092,1.);
#2092 = DIRECTION('',(1.110223024625E-16,0.,-1.));
#2093 = PCURVE('',#396,#2094);
#2094 = DEFINITIONAL_REPRESENTATION('',(#2095),#2099);
#2095 = LINE('',#2096,#2097);
#2096 = CARTESIAN_POINT('',(0.,0.));
#2097 = VECTOR('',#2098,1.);
#2098 = DIRECTION('',(-1.,0.));
#2099 = ( GEOMETRIC_REPRESENTATION_CONTEXT(2) 
PARAMETRIC_REPRESENTATION_CONTEXT() REPRESENTATION_CONTEXT('2D SPACE',''
  ) );
#2100 = PCURVE('',#2101,#2106);
#2101 = B_SPLINE_SURFACE_WITH_KNOTS('',1,1,(
    (#2102,#2103)
    ,(#2104,#2105
    )),.UNSPECIFIED.,.F.,.F.,.F.,(2,2),(2,2),(-35.99999996829,36.),(0.,
    1.),.PIECEWISE_BEZIER_KNOTS.);
#2102 = CARTESIAN_POINT('',(850.,160.,-35.99999996829));
#2103 = CARTESIAN_POINT('',(1.01E+03,124.8,-28.07999995053));
#2104 = CARTESIAN_POINT('',(850.,160.,36.));
#2105 = CARTESIAN_POINT('',(1.01E+03,124.8,28.08));
#2106 = DEFINITIONAL_REPRESENTATION('',(#2107),#2111);
#2107 = LINE('',#2108,#2109);
#2108 = CARTESIAN_POINT('',(0.,0.));
#2109 = VECTOR('',#2110,1.);
#2110 = DIRECTION('',(-1.,0.));
#2111 = ( GEOMETRIC_REPRESENTATION_CONTEXT(2) 
PARAMETRIC_REPRESENTATION_CONTEXT() REPRESENTATION_CONTEXT('2D SPACE',''
  ) );
#2112 = ORIENTED_EDGE('',*,*,#2113,.F.);
#2113 = EDGE_CURVE('',#2114,#2086,#2116,.T.);
#2114 = VERTEX_POINT('',#2115);
#2115 = CARTESIAN_POINT('',(336.03116932376,160.,-35.99999996829));
#2116 = SURFACE_CURVE('',#2117,(#2120,#2126),.PCURVE_S1.);
#2117 = B_SPLINE_CURVE_WITH_KNOTS('',1,(#2118,#2119),.UNSPECIFIED.,.F.,
  .F.,(2,2),(0.,1.),.PIECEWISE_BEZIER_KNOTS.);
#2118 = CARTESIAN_POINT('',(-320.,160.,-35.99999996829));
#2119 = CARTESIAN_POINT('',(850.,160.,-35.99999996829));
#2120 = PCURVE('',#396,#2121);
#2121 = DEFINITIONAL_REPRESENTATION('',(#2122),#2125);
#2122 = B_SPLINE_CURVE_WITH_KNOTS('',1,(#2123,#2124),.UNSPECIFIED.,.F.,
  .F.,(2,2),(0.,1.),.PIECEWISE_BEZIER_KNOTS.);
#2123 = CARTESIAN_POINT('',(-35.99999996829,-1.17E+03));
#2124 = CARTESIAN_POINT('',(-35.99999996829,0.));
#2125 = ( GEOMETRIC_REPRESENTATION_CONTEXT(2) 
PARAMETRIC_REPRESENTATION_CONTEXT() REPRESENTATION_CONTEXT('2D SPACE',''
  ) );
#2126 = PCURVE('',#2127,#2132);
#2127 = CYLINDRICAL_SURFACE('',#2128,36.);
#2128 = AXIS2_PLACEMENT_3D('',#2129,#2130,#2131);
#2129 = CARTESIAN_POINT('',(-320.,124.,-35.99999996829));
#2130 = DIRECTION('',(1.,-0.,1.110223024625E-16));
#2131 = DIRECTION('',(-1.110223024625E-16,0.,1.));
#2132 = DEFINITIONAL_REPRESENTATION('',(#2133),#2136);
#2133 = B_SPLINE_CURVE_WITH_KNOTS('',1,(#2134,#2135),.UNSPECIFIED.,.F.,
  .F.,(2,2),(0.,1.),.PIECEWISE_BEZIER_KNOTS.);
#2134 = CARTESIAN_POINT('',(4.712388980385,0.));
#2135 = CARTESIAN_POINT('',(4.712388980385,1.17E+03));
#2136 = ( GEOMETRIC_REPRESENTATION_CONTEXT(2) 
PARAMETRIC_REPRESENTATION_CONTEXT() REPRESENTATION_CONTEXT('2D SPACE',''
  ) );
#2137 = ORIENTED_EDGE('',*,*,#2138,.F.);
#2138 = EDGE_CURVE('',#2139,#2114,#2141,.T.);
#2139 = VERTEX_POINT('',#2140);
#2140 = CARTESIAN_POINT('',(311.,160.,-35.23044737829));
#2141 = SURFACE_CURVE('',#2142,(#2145,#2151),.PCURVE_S1.);
#2142 = B_SPLINE_CURVE_WITH_KNOTS('',1,(#2143,#2144),.UNSPECIFIED.,.F.,
  .F.,(2,2),(0.,1.),.PIECEWISE_BEZIER_KNOTS.);
#2143 = CARTESIAN_POINT('',(311.,160.,-35.2304473783));
#2144 = CARTESIAN_POINT('',(336.03116932376,160.,-35.99999996829));
#2145 = PCURVE('',#396,#2146);
#2146 = DEFINITIONAL_REPRESENTATION('',(#2147),#2150);
#2147 = B_SPLINE_CURVE_WITH_KNOTS('',1,(#2148,#2149),.UNSPECIFIED.,.F.,
  .F.,(2,2),(0.,1.),.PIECEWISE_BEZIER_KNOTS.);
#2148 = CARTESIAN_POINT('',(-35.23044737829,-539.));
#2149 = CARTESIAN_POINT('',(-35.99999996829,-513.9688306762));
#2150 = ( GEOMETRIC_REPRESENTATION_CONTEXT(2) 
PARAMETRIC_REPRESENTATION_CONTEXT() REPRESENTATION_CONTEXT('2D SPACE',''
  ) );
#2151 = PCURVE('',#2152,#2157);
#2152 = B_SPLINE_SURFACE_WITH_KNOTS('',1,1,(
    (#2153,#2154)
    ,(#2155,#2156
    )),.UNSPECIFIED.,.F.,.F.,.F.,(2,2),(2,2),(-11.,10.999999997889),(0.,
    1.),.PIECEWISE_BEZIER_KNOTS.);
#2153 = CARTESIAN_POINT('',(311.,174.69955621107,-49.93000358937));
#2154 = CARTESIAN_POINT('',(610.,172.86107857999,-57.28391411371));
#2155 = CARTESIAN_POINT('',(311.,159.14320702646,-34.37365440476));
#2156 = CARTESIAN_POINT('',(610.,157.30472939537,-41.7275649291));
#2157 = DEFINITIONAL_REPRESENTATION('',(#2158),#2161);
#2158 = B_SPLINE_CURVE_WITH_KNOTS('',1,(#2159,#2160),.UNSPECIFIED.,.F.,
  .F.,(2,2),(0.,1.),.PIECEWISE_BEZIER_KNOTS.);
#2159 = CARTESIAN_POINT('',(9.788311754568,0.));
#2160 = CARTESIAN_POINT('',(9.570649412623,8.371628536378E-02));
#2161 = ( GEOMETRIC_REPRESENTATION_CONTEXT(2) 
PARAMETRIC_REPRESENTATION_CONTEXT() REPRESENTATION_CONTEXT('2D SPACE',''
  ) );
#2162 = ORIENTED_EDGE('',*,*,#2163,.F.);
#2163 = EDGE_CURVE('',#2164,#2139,#2166,.T.);
#2164 = VERTEX_POINT('',#2165);
#2165 = CARTESIAN_POINT('',(304.87349002565,160.,-35.99999996829));
#2166 = SURFACE_CURVE('',#2167,(#2170,#2176),.PCURVE_S1.);
#2167 = B_SPLINE_CURVE_WITH_KNOTS('',1,(#2168,#2169),.UNSPECIFIED.,.F.,
  .F.,(2,2),(0.,1.),.PIECEWISE_BEZIER_KNOTS.);
#2168 = CARTESIAN_POINT('',(304.87349002565,160.,-35.99999996829));
#2169 = CARTESIAN_POINT('',(311.,160.,-35.2304473783));
#2170 = PCURVE('',#396,#2171);
#2171 = DEFINITIONAL_REPRESENTATION('',(#2172),#2175);
#2172 = B_SPLINE_CURVE_WITH_KNOTS('',1,(#2173,#2174),.UNSPECIFIED.,.F.,
  .F.,(2,2),(0.,1.),.PIECEWISE_BEZIER_KNOTS.);
#2173 = CARTESIAN_POINT('',(-35.99999996829,-545.1265099743));
#2174 = CARTESIAN_POINT('',(-35.23044737829,-539.));
#2175 = ( GEOMETRIC_REPRESENTATION_CONTEXT(2) 
PARAMETRIC_REPRESENTATION_CONTEXT() REPRESENTATION_CONTEXT('2D SPACE',''
  ) );
#2176 = PCURVE('',#2177,#2182);
#2177 = B_SPLINE_SURFACE_WITH_KNOTS('',1,1,(
    (#2178,#2179)
    ,(#2180,#2181
    )),.UNSPECIFIED.,.F.,.F.,.F.,(2,2),(2,2),(-11.,11.),(0.,1.),
  .PIECEWISE_BEZIER_KNOTS.);
#2178 = CARTESIAN_POINT('',(150.,162.28983220125,-57.74353352148));
#2179 = CARTESIAN_POINT('',(311.,174.69955621107,-49.93000358937));
#2180 = CARTESIAN_POINT('',(150.,146.73348301514,-42.18718433538));
#2181 = CARTESIAN_POINT('',(311.,159.14320702646,-34.37365440476));
#2182 = DEFINITIONAL_REPRESENTATION('',(#2183),#2186);
#2183 = B_SPLINE_CURVE_WITH_KNOTS('',1,(#2184,#2185),.UNSPECIFIED.,.F.,
  .F.,(2,2),(0.,1.),.PIECEWISE_BEZIER_KNOTS.);
#2184 = CARTESIAN_POINT('',(9.120484116364,0.961947143016));
#2185 = CARTESIAN_POINT('',(9.788311756563,1.));
#2186 = ( GEOMETRIC_REPRESENTATION_CONTEXT(2) 
PARAMETRIC_REPRESENTATION_CONTEXT() REPRESENTATION_CONTEXT('2D SPACE',''
  ) );
#2187 = ORIENTED_EDGE('',*,*,#2188,.F.);
#2188 = EDGE_CURVE('',#381,#2164,#2189,.T.);
#2189 = SURFACE_CURVE('',#2190,(#2193,#2199),.PCURVE_S1.);
#2190 = B_SPLINE_CURVE_WITH_KNOTS('',1,(#2191,#2192),.UNSPECIFIED.,.F.,
  .F.,(2,2),(0.,1.),.PIECEWISE_BEZIER_KNOTS.);
#2191 = CARTESIAN_POINT('',(-320.,160.,-35.99999996829));
#2192 = CARTESIAN_POINT('',(850.,160.,-35.99999996829));
#2193 = PCURVE('',#396,#2194);
#2194 = DEFINITIONAL_REPRESENTATION('',(#2195),#2198);
#2195 = B_SPLINE_CURVE_WITH_KNOTS('',1,(#2196,#2197),.UNSPECIFIED.,.F.,
  .F.,(2,2),(0.,1.),.PIECEWISE_BEZIER_KNOTS.);
#2196 = CARTESIAN_POINT('',(-35.99999996829,-1.17E+03));
#2197 = CARTESIAN_POINT('',(-35.99999996829,0.));
#2198 = ( GEOMETRIC_REPRESENTATION_CONTEXT(2) 
PARAMETRIC_REPRESENTATION_CONTEXT() REPRESENTATION_CONTEXT('2D SPACE',''
  ) );
#2199 = PCURVE('',#425,#2200);
#2200 = DEFINITIONAL_REPRESENTATION('',(#2201),#2204);
#2201 = B_SPLINE_CURVE_WITH_KNOTS('',1,(#2202,#2203),.UNSPECIFIED.,.F.,
  .F.,(2,2),(0.,1.),.PIECEWISE_BEZIER_KNOTS.);
#2202 = CARTESIAN_POINT('',(4.712388980385,0.));
#2203 = CARTESIAN_POINT('',(4.712388980385,1.17E+03));
#2204 = ( GEOMETRIC_REPRESENTATION_CONTEXT(2) 
PARAMETRIC_REPRESENTATION_CONTEXT() REPRESENTATION_CONTEXT('2D SPACE',''
  ) );
#2205 = ADVANCED_FACE('',(#2206),#482,.T.);
#2206 = FACE_BOUND('',#2207,.T.);
#2207 = EDGE_LOOP('',(#2208,#2209,#2229,#2314,#2343,#2421));
#2208 = ORIENTED_EDGE('',*,*,#465,.F.);
#2209 = ORIENTED_EDGE('',*,*,#2210,.T.);
#2210 = EDGE_CURVE('',#438,#2211,#2213,.T.);
#2211 = VERTEX_POINT('',#2212);
#2212 = CARTESIAN_POINT('',(304.87348964702,-124.,-71.99999998414));
#2213 = SURFACE_CURVE('',#2214,(#2217,#2223),.PCURVE_S1.);
#2214 = B_SPLINE_CURVE_WITH_KNOTS('',1,(#2215,#2216),.UNSPECIFIED.,.F.,
  .F.,(2,2),(0.,1.),.PIECEWISE_BEZIER_KNOTS.);
#2215 = CARTESIAN_POINT('',(-320.,-124.,-71.99999998414));
#2216 = CARTESIAN_POINT('',(850.,-124.,-71.99999998414));
#2217 = PCURVE('',#482,#2218);
#2218 = DEFINITIONAL_REPRESENTATION('',(#2219),#2222);
#2219 = B_SPLINE_CURVE_WITH_KNOTS('',1,(#2220,#2221),.UNSPECIFIED.,.F.,
  .F.,(2,2),(0.,1.),.PIECEWISE_BEZIER_KNOTS.);
#2220 = CARTESIAN_POINT('',(3.14159265359,0.));
#2221 = CARTESIAN_POINT('',(3.14159265359,1.17E+03));
#2222 = ( GEOMETRIC_REPRESENTATION_CONTEXT(2) 
PARAMETRIC_REPRESENTATION_CONTEXT() REPRESENTATION_CONTEXT('2D SPACE',''
  ) );
#2223 = PCURVE('',#453,#2224);
#2224 = DEFINITIONAL_REPRESENTATION('',(#2225),#2228);
#2225 = B_SPLINE_CURVE_WITH_KNOTS('',1,(#2226,#2227),.UNSPECIFIED.,.F.,
  .F.,(2,2),(0.,1.),.PIECEWISE_BEZIER_KNOTS.);
#2226 = CARTESIAN_POINT('',(-124.,-1.17E+03));
#2227 = CARTESIAN_POINT('',(-124.,0.));
#2228 = ( GEOMETRIC_REPRESENTATION_CONTEXT(2) 
PARAMETRIC_REPRESENTATION_CONTEXT() REPRESENTATION_CONTEXT('2D SPACE',''
  ) );
#2229 = ORIENTED_EDGE('',*,*,#2230,.F.);
#2230 = EDGE_CURVE('',#2231,#2211,#2233,.T.);
#2231 = VERTEX_POINT('',#2232);
#2232 = CARTESIAN_POINT('',(150.,-139.8007992139,-68.34709789375));
#2233 = SURFACE_CURVE('',#2234,(#2257,#2283),.PCURVE_S1.);
#2234 = B_SPLINE_CURVE_WITH_KNOTS('',6,(#2235,#2236,#2237,#2238,#2239,
    #2240,#2241,#2242,#2243,#2244,#2245,#2246,#2247,#2248,#2249,#2250,
    #2251,#2252,#2253,#2254,#2255,#2256),.UNSPECIFIED.,.F.,.F.,(7,5,5,5,
    7),(0.,0.250130421712,0.500411386706,0.750908543001,1.),
  .UNSPECIFIED.);
#2235 = CARTESIAN_POINT('',(150.,-139.8007992139,-68.34709789375));
#2236 = CARTESIAN_POINT('',(156.46578572434,-139.2551613922,
    -68.61362918151));
#2237 = CARTESIAN_POINT('',(162.93104587584,-138.7003773627,
    -68.87094824429));
#2238 = CARTESIAN_POINT('',(169.39573548276,-138.1362134544,
    -69.11881576189));
#2239 = CARTESIAN_POINT('',(175.8598027809,-137.5624012457,
    -69.35695681079));
#2240 = CARTESIAN_POINT('',(182.32318850202,-136.9786268195,
    -69.58505002908));
#2241 = CARTESIAN_POINT('',(195.2523514196,-135.790055646,-70.0205145384
    ));
#2242 = CARTESIAN_POINT('',(201.71812618772,-135.185246743,
    -70.2278733687));
#2243 = CARTESIAN_POINT('',(208.18308270641,-134.5697205573,
    -70.42441213583));
#2244 = CARTESIAN_POINT('',(214.64714134138,-133.9430500839,
    -70.6096938318));
#2245 = CARTESIAN_POINT('',(221.11020769143,-133.3047312279,
    -70.78320250405));
#2246 = CARTESIAN_POINT('',(234.03971550716,-132.0030267514,
    -71.10557703313));
#2247 = CARTESIAN_POINT('',(240.50615138518,-131.3396199674,
    -71.25442102469));
#2248 = CARTESIAN_POINT('',(246.97136974954,-130.6633326672,
    -71.39023156781));
#2249 = CARTESIAN_POINT('',(253.43523368712,-129.973452507,-71.512279121
    ));
#2250 = CARTESIAN_POINT('',(259.89757511568,-129.2691334418,
    -71.61969652641));
#2251 = CARTESIAN_POINT('',(272.78254300003,-127.833531928,
    -71.80257934523));
#2252 = CARTESIAN_POINT('',(279.20517810648,-127.1024238386,
    -71.87822020448));
#2253 = CARTESIAN_POINT('',(285.62589752752,-126.3549443061,
    -71.93724899092));
#2254 = CARTESIAN_POINT('',(292.0444364641,-125.5898311604,
    -71.97837027284));
#2255 = CARTESIAN_POINT('',(298.46045194324,-124.8055434004,
    -71.99999996829));
#2256 = CARTESIAN_POINT('',(304.87348952081,-124.,-71.99999996829));
#2257 = PCURVE('',#482,#2258);
#2258 = DEFINITIONAL_REPRESENTATION('',(#2259),#2282);
#2259 = B_SPLINE_CURVE_WITH_KNOTS('',6,(#2260,#2261,#2262,#2263,#2264,
    #2265,#2266,#2267,#2268,#2269,#2270,#2271,#2272,#2273,#2274,#2275,
    #2276,#2277,#2278,#2279,#2280,#2281),.UNSPECIFIED.,.F.,.F.,(7,5,5,5,
    7),(0.,0.250130421712,0.500411386706,0.750908543001,1.),
  .UNSPECIFIED.);
#2260 = CARTESIAN_POINT('',(2.68720621894,470.));
#2261 = CARTESIAN_POINT('',(2.704074434538,476.46578572434));
#2262 = CARTESIAN_POINT('',(2.721058614217,482.93104587584));
#2263 = CARTESIAN_POINT('',(2.738170323745,489.39573548276));
#2264 = CARTESIAN_POINT('',(2.755422121968,495.8598027809));
#2265 = CARTESIAN_POINT('',(2.772827978237,502.32318850202));
#2266 = CARTESIAN_POINT('',(2.807989979567,515.2523514196));
#2267 = CARTESIAN_POINT('',(2.825746319519,521.71812618772));
#2268 = CARTESIAN_POINT('',(2.843688605647,528.18308270641));
#2269 = CARTESIAN_POINT('',(2.861834489325,534.64714134138));
#2270 = CARTESIAN_POINT('',(2.880204239976,541.11020769143));
#2271 = CARTESIAN_POINT('',(2.917455056948,554.03971550716));
#2272 = CARTESIAN_POINT('',(2.936336553931,560.50615138518));
#2273 = CARTESIAN_POINT('',(2.955489958569,566.97136974954));
#2274 = CARTESIAN_POINT('',(2.974942824225,573.43523368712));
#2275 = CARTESIAN_POINT('',(2.994727463956,579.89757511568));
#2276 = CARTESIAN_POINT('',(3.03492755985,592.78254300003));
#2277 = CARTESIAN_POINT('',(3.055338831974,599.20517810648));
#2278 = CARTESIAN_POINT('',(3.076157380921,605.62589752752));
#2279 = CARTESIAN_POINT('',(3.097430673649,612.0444364641));
#2280 = CARTESIAN_POINT('',(3.119216448022,618.46045194324));
#2281 = CARTESIAN_POINT('',(3.14159265359,624.87348952081));
#2282 = ( GEOMETRIC_REPRESENTATION_CONTEXT(2) 
PARAMETRIC_REPRESENTATION_CONTEXT() REPRESENTATION_CONTEXT('2D SPACE',''
  ) );
#2283 = PCURVE('',#2284,#2289);
#2284 = B_SPLINE_SURFACE_WITH_KNOTS('',1,1,(
    (#2285,#2286)
    ,(#2287,#2288
    )),.UNSPECIFIED.,.F.,.F.,.F.,(2,2),(2,2),(-11.,11.),(0.,1.),
  .PIECEWISE_BEZIER_KNOTS.);
#2285 = CARTESIAN_POINT('',(150.,-145.7435335214,-74.28983220125));
#2286 = CARTESIAN_POINT('',(311.,-137.9300035893,-86.69955621107));
#2287 = CARTESIAN_POINT('',(150.,-130.1871843353,-58.73348301514));
#2288 = CARTESIAN_POINT('',(311.,-122.3736544047,-71.14320702646));
#2289 = DEFINITIONAL_REPRESENTATION('',(#2290),#2313);
#2290 = B_SPLINE_CURVE_WITH_KNOTS('',6,(#2291,#2292,#2293,#2294,#2295,
    #2296,#2297,#2298,#2299,#2300,#2301,#2302,#2303,#2304,#2305,#2306,
    #2307,#2308,#2309,#2310,#2311,#2312),.UNSPECIFIED.,.F.,.F.,(7,5,5,5,
    7),(0.,0.250130421712,0.500411386706,0.750908543001,1.),
  .UNSPECIFIED.);
#2291 = CARTESIAN_POINT('',(-2.595704544755,0.));
#2292 = CARTESIAN_POINT('',(-2.267825902565,4.016015977854E-02));
#2293 = CARTESIAN_POINT('',(-1.926976497558,8.031705512948E-02));
#2294 = CARTESIAN_POINT('',(-1.572822782073,0.120470406725));
#2295 = CARTESIAN_POINT('',(-1.204981598163,0.160619893049));
#2296 = CARTESIAN_POINT('',(-0.823004932053,0.200765145975));
#2297 = CARTESIAN_POINT('',(-2.948568357939E-02,0.281070505712));
#2298 = CARTESIAN_POINT('',(0.382074256192,0.321230597439));
#2299 = CARTESIAN_POINT('',(0.808846881799,0.361385606872));
#2300 = CARTESIAN_POINT('',(1.251441535205,0.401535039387));
#2301 = CARTESIAN_POINT('',(1.710577593209,0.441678308642));
#2302 = CARTESIAN_POINT('',(2.664067821584,0.521985810604));
#2303 = CARTESIAN_POINT('',(3.158452305018,0.562150008604));
#2304 = CARTESIAN_POINT('',(3.671136151467,0.602306644407));
#2305 = CARTESIAN_POINT('',(4.203136164,0.642454867622));
#2306 = CARTESIAN_POINT('',(4.755660367,0.682593634259));
#2307 = CARTESIAN_POINT('',(5.901566534759,0.762624490683));
#2308 = CARTESIAN_POINT('',(6.494701324598,0.802516634202));
#2309 = CARTESIAN_POINT('',(7.111120311492,0.842396879053));
#2310 = CARTESIAN_POINT('',(7.75262664782,0.882263580522));
#2311 = CARTESIAN_POINT('',(8.421423177546,0.922114608343));
#2312 = CARTESIAN_POINT('',(9.120484106174,0.961947139881));
#2313 = ( GEOMETRIC_REPRESENTATION_CONTEXT(2) 
PARAMETRIC_REPRESENTATION_CONTEXT() REPRESENTATION_CONTEXT('2D SPACE',''
  ) );
#2314 = ORIENTED_EDGE('',*,*,#2315,.F.);
#2315 = EDGE_CURVE('',#2316,#2231,#2318,.T.);
#2316 = VERTEX_POINT('',#2317);
#2317 = CARTESIAN_POINT('',(150.,-156.3470979046,-51.80079922488));
#2318 = SURFACE_CURVE('',#2319,(#2324,#2331),.PCURVE_S1.);
#2319 = CIRCLE('',#2320,36.);
#2320 = AXIS2_PLACEMENT_3D('',#2321,#2322,#2323);
#2321 = CARTESIAN_POINT('',(150.,-124.,-35.99999996829));
#2322 = DIRECTION('',(1.,0.,1.110223024625E-16));
#2323 = DIRECTION('',(-1.110223024625E-16,0.,1.));
#2324 = PCURVE('',#482,#2325);
#2325 = DEFINITIONAL_REPRESENTATION('',(#2326),#2330);
#2326 = LINE('',#2327,#2328);
#2327 = CARTESIAN_POINT('',(0.,470.));
#2328 = VECTOR('',#2329,1.);
#2329 = DIRECTION('',(1.,0.));
#2330 = ( GEOMETRIC_REPRESENTATION_CONTEXT(2) 
PARAMETRIC_REPRESENTATION_CONTEXT() REPRESENTATION_CONTEXT('2D SPACE',''
  ) );
#2331 = PCURVE('',#2332,#2337);
#2332 = PLANE('',#2333);
#2333 = AXIS2_PLACEMENT_3D('',#2334,#2335,#2336);
#2334 = CARTESIAN_POINT('',(150.,-147.1577470838,-72.87561863887));
#2335 = DIRECTION('',(1.,-7.850462293419E-17,-7.850462293419E-17));
#2336 = DIRECTION('',(1.110223024625E-16,0.707106781187,0.707106781187)
  );
#2337 = DEFINITIONAL_REPRESENTATION('',(#2338),#2342);
#2338 = CIRCLE('',#2339,36.);
#2339 = AXIS2_PLACEMENT_2D('',#2340,#2341);
#2340 = CARTESIAN_POINT('',(42.45000002242,9.70000002242));
#2341 = DIRECTION('',(0.707106781187,0.707106781187));
#2342 = ( GEOMETRIC_REPRESENTATION_CONTEXT(2) 
PARAMETRIC_REPRESENTATION_CONTEXT() REPRESENTATION_CONTEXT('2D SPACE',''
  ) );
#2343 = ORIENTED_EDGE('',*,*,#2344,.T.);
#2344 = EDGE_CURVE('',#2316,#1882,#2345,.T.);
#2345 = SURFACE_CURVE('',#2346,(#2369,#2395),.PCURVE_S1.);
#2346 = B_SPLINE_CURVE_WITH_KNOTS('',6,(#2347,#2348,#2349,#2350,#2351,
    #2352,#2353,#2354,#2355,#2356,#2357,#2358,#2359,#2360,#2361,#2362,
    #2363,#2364,#2365,#2366,#2367,#2368),.UNSPECIFIED.,.F.,.F.,(7,5,5,5,
    7),(0.,0.250130420895,0.500411385072,0.750908540549,1.),
  .UNSPECIFIED.);
#2347 = CARTESIAN_POINT('',(150.,-156.3470979046,-51.80079922488));
#2348 = CARTESIAN_POINT('',(156.46578572433,-156.613629193,
    -51.25516140369));
#2349 = CARTESIAN_POINT('',(162.93104587583,-156.8709482564,
    -50.70037737488));
#2350 = CARTESIAN_POINT('',(169.39573548274,-157.1188157746,
    -50.13621346716));
#2351 = CARTESIAN_POINT('',(175.85980278087,-157.3569568241,
    -49.56240125914));
#2352 = CARTESIAN_POINT('',(182.32318850201,-157.5850500431,
    -48.9786268336));
#2353 = CARTESIAN_POINT('',(195.25235141958,-158.0205145537,
    -47.79005566141));
#2354 = CARTESIAN_POINT('',(201.71812618769,-158.2278733847,
    -47.18524675908));
#2355 = CARTESIAN_POINT('',(208.18308270638,-158.4244121526,
    -46.56972057413));
#2356 = CARTESIAN_POINT('',(214.64714134135,-158.6096938493,
    -45.94305010146));
#2357 = CARTESIAN_POINT('',(221.1102076914,-158.7832025223,
    -45.30473124628));
#2358 = CARTESIAN_POINT('',(234.03971550715,-159.105577053,
    -44.00302677137));
#2359 = CARTESIAN_POINT('',(240.5061513851,-159.2544210454,
    -43.33961998824));
#2360 = CARTESIAN_POINT('',(246.97136974954,-159.3902315894,
    -42.66333268892));
#2361 = CARTESIAN_POINT('',(253.43523368705,-159.5122791435,
    -41.97345252964));
#2362 = CARTESIAN_POINT('',(259.89757511566,-159.6196965499,
    -41.2691334654));
#2363 = CARTESIAN_POINT('',(272.78254308429,-159.8025793719,
    -39.8335319442));
#2364 = CARTESIAN_POINT('',(279.20517827492,-159.878220233,
    -39.10242384608));
#2365 = CARTESIAN_POINT('',(285.62589778021,-159.937249021,
    -38.35494430453));
#2366 = CARTESIAN_POINT('',(292.04443680085,-159.9783703039,
    -37.58983114929));
#2367 = CARTESIAN_POINT('',(298.46045236409,-160.,-36.80554337928));
#2368 = CARTESIAN_POINT('',(304.87349002565,-160.,-35.99999996829));
#2369 = PCURVE('',#482,#2370);
#2370 = DEFINITIONAL_REPRESENTATION('',(#2371),#2394);
#2371 = B_SPLINE_CURVE_WITH_KNOTS('',6,(#2372,#2373,#2374,#2375,#2376,
    #2377,#2378,#2379,#2380,#2381,#2382,#2383,#2384,#2385,#2386,#2387,
    #2388,#2389,#2390,#2391,#2392,#2393),.UNSPECIFIED.,.F.,.F.,(7,5,5,5,
    7),(0.,0.250130420895,0.500411385072,0.750908540549,1.),
  .UNSPECIFIED.);
#2372 = CARTESIAN_POINT('',(2.025182762762,470.));
#2373 = CARTESIAN_POINT('',(2.008314547171,476.46578572433));
#2374 = CARTESIAN_POINT('',(1.991330367501,482.93104587583));
#2375 = CARTESIAN_POINT('',(1.974218657981,489.39573548274));
#2376 = CARTESIAN_POINT('',(1.956966859768,495.85980278088));
#2377 = CARTESIAN_POINT('',(1.93956100351,502.32318850201));
#2378 = CARTESIAN_POINT('',(1.904399002202,515.25235141958));
#2379 = CARTESIAN_POINT('',(1.886642662262,521.71812618769));
#2380 = CARTESIAN_POINT('',(1.868700376147,528.18308270638));
#2381 = CARTESIAN_POINT('',(1.850554492483,534.64714134135));
#2382 = CARTESIAN_POINT('',(1.832184741847,541.1102076914));
#2383 = CARTESIAN_POINT('',(1.794933924908,554.03971550715));
#2384 = CARTESIAN_POINT('',(1.776052427942,560.5061513851));
#2385 = CARTESIAN_POINT('',(1.756899023324,566.97136974954));
#2386 = CARTESIAN_POINT('',(1.737446157688,573.43523368705));
#2387 = CARTESIAN_POINT('',(1.717661517979,579.89757511566));
#2388 = CARTESIAN_POINT('',(1.677461421871,592.78254308429));
#2389 = CARTESIAN_POINT('',(1.657050149501,599.20517827492));
#2390 = CARTESIAN_POINT('',(1.6362316003,605.62589778021));
#2391 = CARTESIAN_POINT('',(1.614958307306,612.04443680085));
#2392 = CARTESIAN_POINT('',(1.593172532656,618.46045236409));
#2393 = CARTESIAN_POINT('',(1.570796326795,624.87349002565));
#2394 = ( GEOMETRIC_REPRESENTATION_CONTEXT(2) 
PARAMETRIC_REPRESENTATION_CONTEXT() REPRESENTATION_CONTEXT('2D SPACE',''
  ) );
#2395 = PCURVE('',#1915,#2396);
#2396 = DEFINITIONAL_REPRESENTATION('',(#2397),#2420);
#2397 = B_SPLINE_CURVE_WITH_KNOTS('',6,(#2398,#2399,#2400,#2401,#2402,
    #2403,#2404,#2405,#2406,#2407,#2408,#2409,#2410,#2411,#2412,#2413,
    #2414,#2415,#2416,#2417,#2418,#2419),.UNSPECIFIED.,.F.,.F.,(7,5,5,5,
    7),(0.,0.250130420895,0.500411385072,0.750908540549,1.),
  .UNSPECIFIED.);
#2398 = CARTESIAN_POINT('',(2.595704560165,0.));
#2399 = CARTESIAN_POINT('',(2.267825918821,4.016015977848E-02));
#2400 = CARTESIAN_POINT('',(1.926976514677,8.031705512939E-02));
#2401 = CARTESIAN_POINT('',(1.572822800076,0.120470406725));
#2402 = CARTESIAN_POINT('',(1.20498161707,0.160619893049));
#2403 = CARTESIAN_POINT('',(0.82300495189,0.200765145975));
#2404 = CARTESIAN_POINT('',(2.948570533212E-02,0.281070505712));
#2405 = CARTESIAN_POINT('',(-0.382074233453,0.321230597439));
#2406 = CARTESIAN_POINT('',(-0.808846858042,0.361385606872));
#2407 = CARTESIAN_POINT('',(-1.251441510395,0.401535039387));
#2408 = CARTESIAN_POINT('',(-1.710577567307,0.441678308642));
#2409 = CARTESIAN_POINT('',(-2.664067793405,0.521985810603));
#2410 = CARTESIAN_POINT('',(-3.158452275649,0.562150008603));
#2411 = CARTESIAN_POINT('',(-3.671136120866,0.602306644407));
#2412 = CARTESIAN_POINT('',(-4.203136132099,0.642454867621));
#2413 = CARTESIAN_POINT('',(-4.755660333737,0.682593634259));
#2414 = CARTESIAN_POINT('',(-5.901566506109,0.762624491207));
#2415 = CARTESIAN_POINT('',(-6.494701302494,0.802516635248));
#2416 = CARTESIAN_POINT('',(-7.111120296481,0.842396880622));
#2417 = CARTESIAN_POINT('',(-7.75262664049,0.882263582614));
#2418 = CARTESIAN_POINT('',(-8.421423178582,0.922114610957));
#2419 = CARTESIAN_POINT('',(-9.120484116364,0.961947143016));
#2420 = ( GEOMETRIC_REPRESENTATION_CONTEXT(2) 
PARAMETRIC_REPRESENTATION_CONTEXT() REPRESENTATION_CONTEXT('2D SPACE',''
  ) );
#2421 = ORIENTED_EDGE('',*,*,#1881,.F.);
#2422 = ADVANCED_FACE('',(#2423),#425,.T.);
#2423 = FACE_BOUND('',#2424,.T.);
#2424 = EDGE_LOOP('',(#2425,#2426,#2427,#2507,#2536,#2621));
#2425 = ORIENTED_EDGE('',*,*,#408,.F.);
#2426 = ORIENTED_EDGE('',*,*,#2188,.T.);
#2427 = ORIENTED_EDGE('',*,*,#2428,.F.);
#2428 = EDGE_CURVE('',#2429,#2164,#2431,.T.);
#2429 = VERTEX_POINT('',#2430);
#2430 = CARTESIAN_POINT('',(150.,156.34709790464,-51.80079922488));
#2431 = SURFACE_CURVE('',#2432,(#2455,#2481),.PCURVE_S1.);
#2432 = B_SPLINE_CURVE_WITH_KNOTS('',6,(#2433,#2434,#2435,#2436,#2437,
    #2438,#2439,#2440,#2441,#2442,#2443,#2444,#2445,#2446,#2447,#2448,
    #2449,#2450,#2451,#2452,#2453,#2454),.UNSPECIFIED.,.F.,.F.,(7,5,5,5,
    7),(0.,0.250130420896,0.500411385074,0.75090854055,1.),
  .UNSPECIFIED.);
#2433 = CARTESIAN_POINT('',(150.,156.34709790464,-51.80079922488));
#2434 = CARTESIAN_POINT('',(156.46578572433,156.61362919301,
    -51.25516140369));
#2435 = CARTESIAN_POINT('',(162.93104587583,156.8709482564,
    -50.70037737488));
#2436 = CARTESIAN_POINT('',(169.39573548274,157.11881577462,
    -50.13621346716));
#2437 = CARTESIAN_POINT('',(175.85980278087,157.35695682416,
    -49.56240125914));
#2438 = CARTESIAN_POINT('',(182.32318850201,157.58505004311,
    -48.9786268336));
#2439 = CARTESIAN_POINT('',(195.25235141958,158.02051455378,
    -47.79005566141));
#2440 = CARTESIAN_POINT('',(201.71812618769,158.22787338478,
    -47.18524675908));
#2441 = CARTESIAN_POINT('',(208.18308270638,158.42441215262,
    -46.56972057413));
#2442 = CARTESIAN_POINT('',(214.64714134135,158.60969384934,
    -45.94305010146));
#2443 = CARTESIAN_POINT('',(221.1102076914,158.78320252236,
    -45.30473124628));
#2444 = CARTESIAN_POINT('',(234.03971550712,159.10557705305,
    -44.00302677137));
#2445 = CARTESIAN_POINT('',(240.50615138518,159.25442104545,
    -43.33961998824));
#2446 = CARTESIAN_POINT('',(246.97136974943,159.39023158944,
    -42.66333268893));
#2447 = CARTESIAN_POINT('',(253.43523368712,159.51227914355,
    -41.97345252963));
#2448 = CARTESIAN_POINT('',(259.89757511563,159.61969654993,
    -41.26913346541));
#2449 = CARTESIAN_POINT('',(272.78254308428,159.80257937198,
    -39.8335319442));
#2450 = CARTESIAN_POINT('',(279.20517827492,159.87822023309,
    -39.10242384608));
#2451 = CARTESIAN_POINT('',(285.62589778021,159.93724902101,
    -38.35494430453));
#2452 = CARTESIAN_POINT('',(292.04443680084,159.97837030398,
    -37.58983114929));
#2453 = CARTESIAN_POINT('',(298.4604523641,160.,-36.80554337928));
#2454 = CARTESIAN_POINT('',(304.87349002565,160.,-35.99999996829));
#2455 = PCURVE('',#425,#2456);
#2456 = DEFINITIONAL_REPRESENTATION('',(#2457),#2480);
#2457 = B_SPLINE_CURVE_WITH_KNOTS('',6,(#2458,#2459,#2460,#2461,#2462,
    #2463,#2464,#2465,#2466,#2467,#2468,#2469,#2470,#2471,#2472,#2473,
    #2474,#2475,#2476,#2477,#2478,#2479),.UNSPECIFIED.,.F.,.F.,(7,5,5,5,
    7),(0.,0.250130420896,0.500411385074,0.75090854055,1.),
  .UNSPECIFIED.);
#2458 = CARTESIAN_POINT('',(4.258002544418,470.));
#2459 = CARTESIAN_POINT('',(4.274870760009,476.46578572433));
#2460 = CARTESIAN_POINT('',(4.291854939679,482.93104587583));
#2461 = CARTESIAN_POINT('',(4.308966649198,489.39573548274));
#2462 = CARTESIAN_POINT('',(4.326218447411,495.85980278087));
#2463 = CARTESIAN_POINT('',(4.34362430367,502.32318850201));
#2464 = CARTESIAN_POINT('',(4.378786304977,515.25235141958));
#2465 = CARTESIAN_POINT('',(4.396542644918,521.71812618769));
#2466 = CARTESIAN_POINT('',(4.414484931032,528.18308270638));
#2467 = CARTESIAN_POINT('',(4.432630814697,534.64714134135));
#2468 = CARTESIAN_POINT('',(4.451000565332,541.1102076914));
#2469 = CARTESIAN_POINT('',(4.488251382272,554.03971550712));
#2470 = CARTESIAN_POINT('',(4.507132879237,560.50615138518));
#2471 = CARTESIAN_POINT('',(4.526286283856,566.97136974943));
#2472 = CARTESIAN_POINT('',(4.545739149492,573.43523368712));
#2473 = CARTESIAN_POINT('',(4.565523789201,579.89757511563));
#2474 = CARTESIAN_POINT('',(4.605723885308,592.78254308428));
#2475 = CARTESIAN_POINT('',(4.626135157678,599.20517827492));
#2476 = CARTESIAN_POINT('',(4.64695370688,605.62589778021));
#2477 = CARTESIAN_POINT('',(4.668226999874,612.04443680084));
#2478 = CARTESIAN_POINT('',(4.690012774524,618.4604523641));
#2479 = CARTESIAN_POINT('',(4.712388980385,624.87349002565));
#2480 = ( GEOMETRIC_REPRESENTATION_CONTEXT(2) 
PARAMETRIC_REPRESENTATION_CONTEXT() REPRESENTATION_CONTEXT('2D SPACE',''
  ) );
#2481 = PCURVE('',#2177,#2482);
#2482 = DEFINITIONAL_REPRESENTATION('',(#2483),#2506);
#2483 = B_SPLINE_CURVE_WITH_KNOTS('',6,(#2484,#2485,#2486,#2487,#2488,
    #2489,#2490,#2491,#2492,#2493,#2494,#2495,#2496,#2497,#2498,#2499,
    #2500,#2501,#2502,#2503,#2504,#2505),.UNSPECIFIED.,.F.,.F.,(7,5,5,5,
    7),(0.,0.250130420896,0.500411385074,0.75090854055,1.),
  .UNSPECIFIED.);
#2484 = CARTESIAN_POINT('',(-2.595704560165,0.));
#2485 = CARTESIAN_POINT('',(-2.267825918821,4.016015977849E-02));
#2486 = CARTESIAN_POINT('',(-1.926976514677,8.031705512939E-02));
#2487 = CARTESIAN_POINT('',(-1.572822800076,0.120470406725));
#2488 = CARTESIAN_POINT('',(-1.20498161707,0.160619893049));
#2489 = CARTESIAN_POINT('',(-0.82300495189,0.200765145975));
#2490 = CARTESIAN_POINT('',(-2.948570533218E-02,0.281070505712));
#2491 = CARTESIAN_POINT('',(0.382074233452,0.321230597439));
#2492 = CARTESIAN_POINT('',(0.808846858041,0.361385606872));
#2493 = CARTESIAN_POINT('',(1.251441510395,0.401535039387));
#2494 = CARTESIAN_POINT('',(1.710577567307,0.441678308642));
#2495 = CARTESIAN_POINT('',(2.664067793403,0.521985810603));
#2496 = CARTESIAN_POINT('',(3.158452275655,0.562150008604));
#2497 = CARTESIAN_POINT('',(3.671136120859,0.602306644406));
#2498 = CARTESIAN_POINT('',(4.203136132104,0.642454867622));
#2499 = CARTESIAN_POINT('',(4.755660333735,0.682593634259));
#2500 = CARTESIAN_POINT('',(5.901566506109,0.762624491207));
#2501 = CARTESIAN_POINT('',(6.494701302494,0.802516635248));
#2502 = CARTESIAN_POINT('',(7.111120296481,0.842396880622));
#2503 = CARTESIAN_POINT('',(7.752626640489,0.882263582614));
#2504 = CARTESIAN_POINT('',(8.421423178582,0.922114610957));
#2505 = CARTESIAN_POINT('',(9.120484116365,0.961947143016));
#2506 = ( GEOMETRIC_REPRESENTATION_CONTEXT(2) 
PARAMETRIC_REPRESENTATION_CONTEXT() REPRESENTATION_CONTEXT('2D SPACE',''
  ) );
#2507 = ORIENTED_EDGE('',*,*,#2508,.F.);
#2508 = EDGE_CURVE('',#2509,#2429,#2511,.T.);
#2509 = VERTEX_POINT('',#2510);
#2510 = CARTESIAN_POINT('',(150.,139.80079921398,-68.34709789375));
#2511 = SURFACE_CURVE('',#2512,(#2517,#2524),.PCURVE_S1.);
#2512 = CIRCLE('',#2513,36.);
#2513 = AXIS2_PLACEMENT_3D('',#2514,#2515,#2516);
#2514 = CARTESIAN_POINT('',(150.,124.,-35.99999996829));
#2515 = DIRECTION('',(1.,0.,1.110223024625E-16));
#2516 = DIRECTION('',(-1.110223024625E-16,0.,1.));
#2517 = PCURVE('',#425,#2518);
#2518 = DEFINITIONAL_REPRESENTATION('',(#2519),#2523);
#2519 = LINE('',#2520,#2521);
#2520 = CARTESIAN_POINT('',(0.,470.));
#2521 = VECTOR('',#2522,1.);
#2522 = DIRECTION('',(1.,0.));
#2523 = ( GEOMETRIC_REPRESENTATION_CONTEXT(2) 
PARAMETRIC_REPRESENTATION_CONTEXT() REPRESENTATION_CONTEXT('2D SPACE',''
  ) );
#2524 = PCURVE('',#2525,#2530);
#2525 = PLANE('',#2526);
#2526 = AXIS2_PLACEMENT_3D('',#2527,#2528,#2529);
#2527 = CARTESIAN_POINT('',(150.,160.87561863887,-59.15774708385));
#2528 = DIRECTION('',(1.,7.850462293419E-17,-7.850462293419E-17));
#2529 = DIRECTION('',(1.110223024625E-16,-0.707106781187,0.707106781187)
  );
#2530 = DEFINITIONAL_REPRESENTATION('',(#2531),#2535);
#2531 = CIRCLE('',#2532,36.);
#2532 = AXIS2_PLACEMENT_2D('',#2533,#2534);
#2533 = CARTESIAN_POINT('',(42.45000002242,9.69999997758));
#2534 = DIRECTION('',(0.707106781187,-0.707106781187));
#2535 = ( GEOMETRIC_REPRESENTATION_CONTEXT(2) 
PARAMETRIC_REPRESENTATION_CONTEXT() REPRESENTATION_CONTEXT('2D SPACE',''
  ) );
#2536 = ORIENTED_EDGE('',*,*,#2537,.T.);
#2537 = EDGE_CURVE('',#2509,#2538,#2540,.T.);
#2538 = VERTEX_POINT('',#2539);
#2539 = CARTESIAN_POINT('',(304.87348964702,124.,-71.99999998414));
#2540 = SURFACE_CURVE('',#2541,(#2564,#2590),.PCURVE_S1.);
#2541 = B_SPLINE_CURVE_WITH_KNOTS('',6,(#2542,#2543,#2544,#2545,#2546,
    #2547,#2548,#2549,#2550,#2551,#2552,#2553,#2554,#2555,#2556,#2557,
    #2558,#2559,#2560,#2561,#2562,#2563),.UNSPECIFIED.,.F.,.F.,(7,5,5,5,
    7),(0.,0.250130421711,0.500411386705,0.750908543001,1.),
  .UNSPECIFIED.);
#2542 = CARTESIAN_POINT('',(150.,139.80079921398,-68.34709789375));
#2543 = CARTESIAN_POINT('',(156.46578572434,139.2551613922,
    -68.61362918151));
#2544 = CARTESIAN_POINT('',(162.93104587584,138.70037736277,
    -68.87094824429));
#2545 = CARTESIAN_POINT('',(169.39573548276,138.13621345443,
    -69.11881576189));
#2546 = CARTESIAN_POINT('',(175.8598027809,137.56240124577,
    -69.35695681079));
#2547 = CARTESIAN_POINT('',(182.32318850202,136.97862681957,
    -69.58505002908));
#2548 = CARTESIAN_POINT('',(195.2523514196,135.79005564603,
    -70.0205145384));
#2549 = CARTESIAN_POINT('',(201.71812618773,135.185246743,-70.2278733687
    ));
#2550 = CARTESIAN_POINT('',(208.18308270641,134.56972055733,
    -70.42441213583));
#2551 = CARTESIAN_POINT('',(214.64714134138,133.94305008391,
    -70.6096938318));
#2552 = CARTESIAN_POINT('',(221.11020769143,133.30473122796,
    -70.78320250405));
#2553 = CARTESIAN_POINT('',(234.03971550717,132.00302675144,
    -71.10557703313));
#2554 = CARTESIAN_POINT('',(240.50615138516,131.33961996748,
    -71.25442102469));
#2555 = CARTESIAN_POINT('',(246.97136974955,130.66333266728,
    -71.39023156781));
#2556 = CARTESIAN_POINT('',(253.43523368712,129.97345250708,
    -71.512279121));
#2557 = CARTESIAN_POINT('',(259.89757511567,129.26913344188,
    -71.61969652641));
#2558 = CARTESIAN_POINT('',(272.78254300004,127.83353192803,
    -71.80257934523));
#2559 = CARTESIAN_POINT('',(279.20517810646,127.10242383863,
    -71.87822020448));
#2560 = CARTESIAN_POINT('',(285.62589752755,126.35494430617,
    -71.93724899092));
#2561 = CARTESIAN_POINT('',(292.04443646408,125.58983116045,
    -71.97837027284));
#2562 = CARTESIAN_POINT('',(298.46045194324,124.80554340043,
    -71.99999996829));
#2563 = CARTESIAN_POINT('',(304.87348952081,124.,-71.99999996829));
#2564 = PCURVE('',#425,#2565);
#2565 = DEFINITIONAL_REPRESENTATION('',(#2566),#2589);
#2566 = B_SPLINE_CURVE_WITH_KNOTS('',6,(#2567,#2568,#2569,#2570,#2571,
    #2572,#2573,#2574,#2575,#2576,#2577,#2578,#2579,#2580,#2581,#2582,
    #2583,#2584,#2585,#2586,#2587,#2588),.UNSPECIFIED.,.F.,.F.,(7,5,5,5,
    7),(0.,0.250130421711,0.500411386705,0.750908543001,1.),
  .UNSPECIFIED.);
#2567 = CARTESIAN_POINT('',(3.595979088239,470.));
#2568 = CARTESIAN_POINT('',(3.579110872641,476.46578572434));
#2569 = CARTESIAN_POINT('',(3.562126692963,482.93104587584));
#2570 = CARTESIAN_POINT('',(3.545014983434,489.39573548276));
#2571 = CARTESIAN_POINT('',(3.527763185212,495.8598027809));
#2572 = CARTESIAN_POINT('',(3.510357328943,502.32318850202));
#2573 = CARTESIAN_POINT('',(3.475195327613,515.2523514196));
#2574 = CARTESIAN_POINT('',(3.457438987661,521.71812618773));
#2575 = CARTESIAN_POINT('',(3.439496701533,528.18308270641));
#2576 = CARTESIAN_POINT('',(3.421350817854,534.64714134138));
#2577 = CARTESIAN_POINT('',(3.402981067204,541.11020769143));
#2578 = CARTESIAN_POINT('',(3.365730250232,554.03971550717));
#2579 = CARTESIAN_POINT('',(3.346848753249,560.50615138516));
#2580 = CARTESIAN_POINT('',(3.327695348611,566.97136974955));
#2581 = CARTESIAN_POINT('',(3.308242482955,573.43523368712));
#2582 = CARTESIAN_POINT('',(3.288457843223,579.89757511567));
#2583 = CARTESIAN_POINT('',(3.24825774733,592.78254300004));
#2584 = CARTESIAN_POINT('',(3.227846475206,599.20517810646));
#2585 = CARTESIAN_POINT('',(3.207027926259,605.62589752755));
#2586 = CARTESIAN_POINT('',(3.18575463353,612.04443646408));
#2587 = CARTESIAN_POINT('',(3.163968859157,618.46045194324));
#2588 = CARTESIAN_POINT('',(3.14159265359,624.87348952081));
#2589 = ( GEOMETRIC_REPRESENTATION_CONTEXT(2) 
PARAMETRIC_REPRESENTATION_CONTEXT() REPRESENTATION_CONTEXT('2D SPACE',''
  ) );
#2590 = PCURVE('',#2591,#2596);
#2591 = B_SPLINE_SURFACE_WITH_KNOTS('',1,1,(
    (#2592,#2593)
    ,(#2594,#2595
    )),.UNSPECIFIED.,.F.,.F.,.F.,(2,2),(2,2),(-11.,11.),(0.,1.),
  .PIECEWISE_BEZIER_KNOTS.);
#2592 = CARTESIAN_POINT('',(150.,130.18718433538,-58.73348301514));
#2593 = CARTESIAN_POINT('',(311.,122.37365440476,-71.14320702646));
#2594 = CARTESIAN_POINT('',(150.,145.74353352148,-74.28983220125));
#2595 = CARTESIAN_POINT('',(311.,137.93000358937,-86.69955621107));
#2596 = DEFINITIONAL_REPRESENTATION('',(#2597),#2620);
#2597 = B_SPLINE_CURVE_WITH_KNOTS('',6,(#2598,#2599,#2600,#2601,#2602,
    #2603,#2604,#2605,#2606,#2607,#2608,#2609,#2610,#2611,#2612,#2613,
    #2614,#2615,#2616,#2617,#2618,#2619),.UNSPECIFIED.,.F.,.F.,(7,5,5,5,
    7),(0.,0.250130421711,0.500411386705,0.750908543001,1.),
  .UNSPECIFIED.);
#2598 = CARTESIAN_POINT('',(2.595704544755,0.));
#2599 = CARTESIAN_POINT('',(2.267825902565,4.016015977854E-02));
#2600 = CARTESIAN_POINT('',(1.926976497558,8.031705512948E-02));
#2601 = CARTESIAN_POINT('',(1.572822782073,0.120470406725));
#2602 = CARTESIAN_POINT('',(1.204981598163,0.160619893049));
#2603 = CARTESIAN_POINT('',(0.823004932053,0.200765145975));
#2604 = CARTESIAN_POINT('',(2.948568357932E-02,0.281070505712));
#2605 = CARTESIAN_POINT('',(-0.382074256192,0.321230597439));
#2606 = CARTESIAN_POINT('',(-0.808846881799,0.361385606872));
#2607 = CARTESIAN_POINT('',(-1.251441535205,0.401535039387));
#2608 = CARTESIAN_POINT('',(-1.710577593209,0.441678308642));
#2609 = CARTESIAN_POINT('',(-2.664067821585,0.521985810604));
#2610 = CARTESIAN_POINT('',(-3.158452305017,0.562150008603));
#2611 = CARTESIAN_POINT('',(-3.671136151469,0.602306644407));
#2612 = CARTESIAN_POINT('',(-4.203136164,0.642454867622));
#2613 = CARTESIAN_POINT('',(-4.755660367,0.682593634259));
#2614 = CARTESIAN_POINT('',(-5.90156653476,0.762624490683));
#2615 = CARTESIAN_POINT('',(-6.494701324596,0.802516634202));
#2616 = CARTESIAN_POINT('',(-7.111120311495,0.842396879053));
#2617 = CARTESIAN_POINT('',(-7.752626647818,0.882263580522));
#2618 = CARTESIAN_POINT('',(-8.421423177546,0.922114608343));
#2619 = CARTESIAN_POINT('',(-9.120484106174,0.961947139881));
#2620 = ( GEOMETRIC_REPRESENTATION_CONTEXT(2) 
PARAMETRIC_REPRESENTATION_CONTEXT() REPRESENTATION_CONTEXT('2D SPACE',''
  ) );
#2621 = ORIENTED_EDGE('',*,*,#2622,.F.);
#2622 = EDGE_CURVE('',#409,#2538,#2623,.T.);
#2623 = SURFACE_CURVE('',#2624,(#2627,#2633),.PCURVE_S1.);
#2624 = B_SPLINE_CURVE_WITH_KNOTS('',1,(#2625,#2626),.UNSPECIFIED.,.F.,
  .F.,(2,2),(0.,1.),.PIECEWISE_BEZIER_KNOTS.);
#2625 = CARTESIAN_POINT('',(-320.,124.,-71.99999998414));
#2626 = CARTESIAN_POINT('',(850.,124.,-71.99999998414));
#2627 = PCURVE('',#425,#2628);
#2628 = DEFINITIONAL_REPRESENTATION('',(#2629),#2632);
#2629 = B_SPLINE_CURVE_WITH_KNOTS('',1,(#2630,#2631),.UNSPECIFIED.,.F.,
  .F.,(2,2),(0.,1.),.PIECEWISE_BEZIER_KNOTS.);
#2630 = CARTESIAN_POINT('',(3.14159265359,0.));
#2631 = CARTESIAN_POINT('',(3.14159265359,1.17E+03));
#2632 = ( GEOMETRIC_REPRESENTATION_CONTEXT(2) 
PARAMETRIC_REPRESENTATION_CONTEXT() REPRESENTATION_CONTEXT('2D SPACE',''
  ) );
#2633 = PCURVE('',#453,#2634);
#2634 = DEFINITIONAL_REPRESENTATION('',(#2635),#2638);
#2635 = B_SPLINE_CURVE_WITH_KNOTS('',1,(#2636,#2637),.UNSPECIFIED.,.F.,
  .F.,(2,2),(0.,1.),.PIECEWISE_BEZIER_KNOTS.);
#2636 = CARTESIAN_POINT('',(124.,-1.17E+03));
#2637 = CARTESIAN_POINT('',(124.,0.));
#2638 = ( GEOMETRIC_REPRESENTATION_CONTEXT(2) 
PARAMETRIC_REPRESENTATION_CONTEXT() REPRESENTATION_CONTEXT('2D SPACE',''
  ) );
#2639 = ADVANCED_FACE('',(#2640),#453,.T.);
#2640 = FACE_BOUND('',#2641,.T.);
#2641 = EDGE_LOOP('',(#2642,#2643,#2644,#2645,#2665,#2690,#2710,#2738,
    #2758,#2783));
#2642 = ORIENTED_EDGE('',*,*,#2210,.F.);
#2643 = ORIENTED_EDGE('',*,*,#437,.T.);
#2644 = ORIENTED_EDGE('',*,*,#2622,.T.);
#2645 = ORIENTED_EDGE('',*,*,#2646,.T.);
#2646 = EDGE_CURVE('',#2538,#2647,#2649,.T.);
#2647 = VERTEX_POINT('',#2648);
#2648 = CARTESIAN_POINT('',(311.,123.2304473783,-72.));
#2649 = SURFACE_CURVE('',#2650,(#2653,#2659),.PCURVE_S1.);
#2650 = B_SPLINE_CURVE_WITH_KNOTS('',1,(#2651,#2652),.UNSPECIFIED.,.F.,
  .F.,(2,2),(0.,1.),.PIECEWISE_BEZIER_KNOTS.);
#2651 = CARTESIAN_POINT('',(304.87348977323,124.,-72.));
#2652 = CARTESIAN_POINT('',(311.,123.2304473783,-72.));
#2653 = PCURVE('',#453,#2654);
#2654 = DEFINITIONAL_REPRESENTATION('',(#2655),#2658);
#2655 = B_SPLINE_CURVE_WITH_KNOTS('',1,(#2656,#2657),.UNSPECIFIED.,.F.,
  .F.,(2,2),(0.,1.),.PIECEWISE_BEZIER_KNOTS.);
#2656 = CARTESIAN_POINT('',(124.,-545.1265102267));
#2657 = CARTESIAN_POINT('',(123.2304473783,-539.));
#2658 = ( GEOMETRIC_REPRESENTATION_CONTEXT(2) 
PARAMETRIC_REPRESENTATION_CONTEXT() REPRESENTATION_CONTEXT('2D SPACE',''
  ) );
#2659 = PCURVE('',#2591,#2660);
#2660 = DEFINITIONAL_REPRESENTATION('',(#2661),#2664);
#2661 = B_SPLINE_CURVE_WITH_KNOTS('',1,(#2662,#2663),.UNSPECIFIED.,.F.,
  .F.,(2,2),(0.,1.),.PIECEWISE_BEZIER_KNOTS.);
#2662 = CARTESIAN_POINT('',(-9.120484088849,0.961947141449));
#2663 = CARTESIAN_POINT('',(-9.788311756563,1.));
#2664 = ( GEOMETRIC_REPRESENTATION_CONTEXT(2) 
PARAMETRIC_REPRESENTATION_CONTEXT() REPRESENTATION_CONTEXT('2D SPACE',''
  ) );
#2665 = ORIENTED_EDGE('',*,*,#2666,.T.);
#2666 = EDGE_CURVE('',#2647,#2667,#2669,.T.);
#2667 = VERTEX_POINT('',#2668);
#2668 = CARTESIAN_POINT('',(336.03117087073,124.,-71.99999998414));
#2669 = SURFACE_CURVE('',#2670,(#2673,#2679),.PCURVE_S1.);
#2670 = B_SPLINE_CURVE_WITH_KNOTS('',1,(#2671,#2672),.UNSPECIFIED.,.F.,
  .F.,(2,2),(0.,1.),.PIECEWISE_BEZIER_KNOTS.);
#2671 = CARTESIAN_POINT('',(311.,123.2304473783,-72.));
#2672 = CARTESIAN_POINT('',(336.03117035507,124.,-72.));
#2673 = PCURVE('',#453,#2674);
#2674 = DEFINITIONAL_REPRESENTATION('',(#2675),#2678);
#2675 = B_SPLINE_CURVE_WITH_KNOTS('',1,(#2676,#2677),.UNSPECIFIED.,.F.,
  .F.,(2,2),(0.,1.),.PIECEWISE_BEZIER_KNOTS.);
#2676 = CARTESIAN_POINT('',(123.2304473783,-539.));
#2677 = CARTESIAN_POINT('',(124.,-513.9688296449));
#2678 = ( GEOMETRIC_REPRESENTATION_CONTEXT(2) 
PARAMETRIC_REPRESENTATION_CONTEXT() REPRESENTATION_CONTEXT('2D SPACE',''
  ) );
#2679 = PCURVE('',#2680,#2685);
#2680 = B_SPLINE_SURFACE_WITH_KNOTS('',1,1,(
    (#2681,#2682)
    ,(#2683,#2684
    )),.UNSPECIFIED.,.F.,.F.,.F.,(2,2),(2,2),(-10.99999999788,11.),(0.,
    1.),.PIECEWISE_BEZIER_KNOTS.);
#2681 = CARTESIAN_POINT('',(311.,122.37365440476,-71.14320702646));
#2682 = CARTESIAN_POINT('',(610.,129.7275649291,-69.30472939537));
#2683 = CARTESIAN_POINT('',(311.,137.93000358937,-86.69955621107));
#2684 = CARTESIAN_POINT('',(610.,145.28391411371,-84.86107857999));
#2685 = DEFINITIONAL_REPRESENTATION('',(#2686),#2689);
#2686 = B_SPLINE_CURVE_WITH_KNOTS('',1,(#2687,#2688),.UNSPECIFIED.,.F.,
  .F.,(2,2),(0.,1.),.PIECEWISE_BEZIER_KNOTS.);
#2687 = CARTESIAN_POINT('',(-9.788311754568,0.));
#2688 = CARTESIAN_POINT('',(-9.570649403655,8.371628881296E-02));
#2689 = ( GEOMETRIC_REPRESENTATION_CONTEXT(2) 
PARAMETRIC_REPRESENTATION_CONTEXT() REPRESENTATION_CONTEXT('2D SPACE',''
  ) );
#2690 = ORIENTED_EDGE('',*,*,#2691,.T.);
#2691 = EDGE_CURVE('',#2667,#2692,#2694,.T.);
#2692 = VERTEX_POINT('',#2693);
#2693 = CARTESIAN_POINT('',(850.,124.,-71.99999998414));
#2694 = SURFACE_CURVE('',#2695,(#2698,#2704),.PCURVE_S1.);
#2695 = B_SPLINE_CURVE_WITH_KNOTS('',1,(#2696,#2697),.UNSPECIFIED.,.F.,
  .F.,(2,2),(0.,1.),.PIECEWISE_BEZIER_KNOTS.);
#2696 = CARTESIAN_POINT('',(-320.,124.,-71.99999998414));
#2697 = CARTESIAN_POINT('',(850.,124.,-71.99999998414));
#2698 = PCURVE('',#453,#2699);
#2699 = DEFINITIONAL_REPRESENTATION('',(#2700),#2703);
#2700 = B_SPLINE_CURVE_WITH_KNOTS('',1,(#2701,#2702),.UNSPECIFIED.,.F.,
  .F.,(2,2),(0.,1.),.PIECEWISE_BEZIER_KNOTS.);
#2701 = CARTESIAN_POINT('',(124.,-1.17E+03));
#2702 = CARTESIAN_POINT('',(124.,0.));
#2703 = ( GEOMETRIC_REPRESENTATION_CONTEXT(2) 
PARAMETRIC_REPRESENTATION_CONTEXT() REPRESENTATION_CONTEXT('2D SPACE',''
  ) );
#2704 = PCURVE('',#2127,#2705);
#2705 = DEFINITIONAL_REPRESENTATION('',(#2706),#2709);
#2706 = B_SPLINE_CURVE_WITH_KNOTS('',1,(#2707,#2708),.UNSPECIFIED.,.F.,
  .F.,(2,2),(0.,1.),.PIECEWISE_BEZIER_KNOTS.);
#2707 = CARTESIAN_POINT('',(3.14159265359,0.));
#2708 = CARTESIAN_POINT('',(3.14159265359,1.17E+03));
#2709 = ( GEOMETRIC_REPRESENTATION_CONTEXT(2) 
PARAMETRIC_REPRESENTATION_CONTEXT() REPRESENTATION_CONTEXT('2D SPACE',''
  ) );
#2710 = ORIENTED_EDGE('',*,*,#2711,.F.);
#2711 = EDGE_CURVE('',#2712,#2692,#2714,.T.);
#2712 = VERTEX_POINT('',#2713);
#2713 = CARTESIAN_POINT('',(850.,-124.,-71.99999998414));
#2714 = SURFACE_CURVE('',#2715,(#2719,#2726),.PCURVE_S1.);
#2715 = LINE('',#2716,#2717);
#2716 = CARTESIAN_POINT('',(850.,0.,-72.));
#2717 = VECTOR('',#2718,1.);
#2718 = DIRECTION('',(0.,1.,0.));
#2719 = PCURVE('',#453,#2720);
#2720 = DEFINITIONAL_REPRESENTATION('',(#2721),#2725);
#2721 = LINE('',#2722,#2723);
#2722 = CARTESIAN_POINT('',(0.,0.));
#2723 = VECTOR('',#2724,1.);
#2724 = DIRECTION('',(1.,0.));
#2725 = ( GEOMETRIC_REPRESENTATION_CONTEXT(2) 
PARAMETRIC_REPRESENTATION_CONTEXT() REPRESENTATION_CONTEXT('2D SPACE',''
  ) );
#2726 = PCURVE('',#2727,#2732);
#2727 = B_SPLINE_SURFACE_WITH_KNOTS('',1,1,(
    (#2728,#2729)
    ,(#2730,#2731
    )),.UNSPECIFIED.,.F.,.F.,.F.,(2,2),(2,2),(-124.,124.),(0.,1.),
  .PIECEWISE_BEZIER_KNOTS.);
#2728 = CARTESIAN_POINT('',(850.,-124.,-72.));
#2729 = CARTESIAN_POINT('',(1.01E+03,-96.72,-56.16));
#2730 = CARTESIAN_POINT('',(850.,124.,-72.));
#2731 = CARTESIAN_POINT('',(1.01E+03,96.72,-56.16));
#2732 = DEFINITIONAL_REPRESENTATION('',(#2733),#2737);
#2733 = LINE('',#2734,#2735);
#2734 = CARTESIAN_POINT('',(0.,0.));
#2735 = VECTOR('',#2736,1.);
#2736 = DIRECTION('',(1.,0.));
#2737 = ( GEOMETRIC_REPRESENTATION_CONTEXT(2) 
PARAMETRIC_REPRESENTATION_CONTEXT() REPRESENTATION_CONTEXT('2D SPACE',''
  ) );
#2738 = ORIENTED_EDGE('',*,*,#2739,.F.);
#2739 = EDGE_CURVE('',#2740,#2712,#2742,.T.);
#2740 = VERTEX_POINT('',#2741);
#2741 = CARTESIAN_POINT('',(336.03117087073,-124.,-71.99999998414));
#2742 = SURFACE_CURVE('',#2743,(#2746,#2752),.PCURVE_S1.);
#2743 = B_SPLINE_CURVE_WITH_KNOTS('',1,(#2744,#2745),.UNSPECIFIED.,.F.,
  .F.,(2,2),(0.,1.),.PIECEWISE_BEZIER_KNOTS.);
#2744 = CARTESIAN_POINT('',(-320.,-124.,-71.99999998414));
#2745 = CARTESIAN_POINT('',(850.,-124.,-71.99999998414));
#2746 = PCURVE('',#453,#2747);
#2747 = DEFINITIONAL_REPRESENTATION('',(#2748),#2751);
#2748 = B_SPLINE_CURVE_WITH_KNOTS('',1,(#2749,#2750),.UNSPECIFIED.,.F.,
  .F.,(2,2),(0.,1.),.PIECEWISE_BEZIER_KNOTS.);
#2749 = CARTESIAN_POINT('',(-124.,-1.17E+03));
#2750 = CARTESIAN_POINT('',(-124.,0.));
#2751 = ( GEOMETRIC_REPRESENTATION_CONTEXT(2) 
PARAMETRIC_REPRESENTATION_CONTEXT() REPRESENTATION_CONTEXT('2D SPACE',''
  ) );
#2752 = PCURVE('',#1965,#2753);
#2753 = DEFINITIONAL_REPRESENTATION('',(#2754),#2757);
#2754 = B_SPLINE_CURVE_WITH_KNOTS('',1,(#2755,#2756),.UNSPECIFIED.,.F.,
  .F.,(2,2),(0.,1.),.PIECEWISE_BEZIER_KNOTS.);
#2755 = CARTESIAN_POINT('',(3.14159265359,0.));
#2756 = CARTESIAN_POINT('',(3.14159265359,1.17E+03));
#2757 = ( GEOMETRIC_REPRESENTATION_CONTEXT(2) 
PARAMETRIC_REPRESENTATION_CONTEXT() REPRESENTATION_CONTEXT('2D SPACE',''
  ) );
#2758 = ORIENTED_EDGE('',*,*,#2759,.F.);
#2759 = EDGE_CURVE('',#2760,#2740,#2762,.T.);
#2760 = VERTEX_POINT('',#2761);
#2761 = CARTESIAN_POINT('',(311.,-123.2304473783,-72.));
#2762 = SURFACE_CURVE('',#2763,(#2766,#2772),.PCURVE_S1.);
#2763 = B_SPLINE_CURVE_WITH_KNOTS('',1,(#2764,#2765),.UNSPECIFIED.,.F.,
  .F.,(2,2),(0.,1.),.PIECEWISE_BEZIER_KNOTS.);
#2764 = CARTESIAN_POINT('',(311.,-123.2304473783,-72.));
#2765 = CARTESIAN_POINT('',(336.03117035507,-124.,-72.));
#2766 = PCURVE('',#453,#2767);
#2767 = DEFINITIONAL_REPRESENTATION('',(#2768),#2771);
#2768 = B_SPLINE_CURVE_WITH_KNOTS('',1,(#2769,#2770),.UNSPECIFIED.,.F.,
  .F.,(2,2),(0.,1.),.PIECEWISE_BEZIER_KNOTS.);
#2769 = CARTESIAN_POINT('',(-123.2304473783,-539.));
#2770 = CARTESIAN_POINT('',(-124.,-513.9688296449));
#2771 = ( GEOMETRIC_REPRESENTATION_CONTEXT(2) 
PARAMETRIC_REPRESENTATION_CONTEXT() REPRESENTATION_CONTEXT('2D SPACE',''
  ) );
#2772 = PCURVE('',#2773,#2778);
#2773 = B_SPLINE_SURFACE_WITH_KNOTS('',1,1,(
    (#2774,#2775)
    ,(#2776,#2777
    )),.UNSPECIFIED.,.F.,.F.,.F.,(2,2),(2,2),(-11.,10.999999997889),(0.,
    1.),.PIECEWISE_BEZIER_KNOTS.);
#2774 = CARTESIAN_POINT('',(311.,-137.9300035893,-86.69955621107));
#2775 = CARTESIAN_POINT('',(610.,-145.2839141137,-84.86107857999));
#2776 = CARTESIAN_POINT('',(311.,-122.3736544047,-71.14320702646));
#2777 = CARTESIAN_POINT('',(610.,-129.7275649291,-69.30472939537));
#2778 = DEFINITIONAL_REPRESENTATION('',(#2779),#2782);
#2779 = B_SPLINE_CURVE_WITH_KNOTS('',1,(#2780,#2781),.UNSPECIFIED.,.F.,
  .F.,(2,2),(0.,1.),.PIECEWISE_BEZIER_KNOTS.);
#2780 = CARTESIAN_POINT('',(9.788311754568,0.));
#2781 = CARTESIAN_POINT('',(9.570649403655,8.371628881296E-02));
#2782 = ( GEOMETRIC_REPRESENTATION_CONTEXT(2) 
PARAMETRIC_REPRESENTATION_CONTEXT() REPRESENTATION_CONTEXT('2D SPACE',''
  ) );
#2783 = ORIENTED_EDGE('',*,*,#2784,.F.);
#2784 = EDGE_CURVE('',#2211,#2760,#2785,.T.);
#2785 = SURFACE_CURVE('',#2786,(#2789,#2795),.PCURVE_S1.);
#2786 = B_SPLINE_CURVE_WITH_KNOTS('',1,(#2787,#2788),.UNSPECIFIED.,.F.,
  .F.,(2,2),(0.,1.),.PIECEWISE_BEZIER_KNOTS.);
#2787 = CARTESIAN_POINT('',(304.87348977323,-124.,-72.));
#2788 = CARTESIAN_POINT('',(311.,-123.2304473783,-72.));
#2789 = PCURVE('',#453,#2790);
#2790 = DEFINITIONAL_REPRESENTATION('',(#2791),#2794);
#2791 = B_SPLINE_CURVE_WITH_KNOTS('',1,(#2792,#2793),.UNSPECIFIED.,.F.,
  .F.,(2,2),(0.,1.),.PIECEWISE_BEZIER_KNOTS.);
#2792 = CARTESIAN_POINT('',(-124.,-545.1265102267));
#2793 = CARTESIAN_POINT('',(-123.2304473783,-539.));
#2794 = ( GEOMETRIC_REPRESENTATION_CONTEXT(2) 
PARAMETRIC_REPRESENTATION_CONTEXT() REPRESENTATION_CONTEXT('2D SPACE',''
  ) );
#2795 = PCURVE('',#2284,#2796);
#2796 = DEFINITIONAL_REPRESENTATION('',(#2797),#2800);
#2797 = B_SPLINE_CURVE_WITH_KNOTS('',1,(#2798,#2799),.UNSPECIFIED.,.F.,
  .F.,(2,2),(0.,1.),.PIECEWISE_BEZIER_KNOTS.);
#2798 = CARTESIAN_POINT('',(9.120484088849,0.961947141449));
#2799 = CARTESIAN_POINT('',(9.788311756563,1.));
#2800 = ( GEOMETRIC_REPRESENTATION_CONTEXT(2) 
PARAMETRIC_REPRESENTATION_CONTEXT() REPRESENTATION_CONTEXT('2D SPACE',''
  ) );
#2801 = ADVANCED_FACE('',(#2802),#567,.F.);
#2802 = FACE_BOUND('',#2803,.F.);
#2803 = EDGE_LOOP('',(#2804,#2805,#2825,#2852));
#2804 = ORIENTED_EDGE('',*,*,#546,.T.);
#2805 = ORIENTED_EDGE('',*,*,#2806,.T.);
#2806 = EDGE_CURVE('',#547,#2807,#2809,.T.);
#2807 = VERTEX_POINT('',#2808);
#2808 = CARTESIAN_POINT('',(-250.,0.,-44.64));
#2809 = SEAM_CURVE('',#2810,(#2813,#2819),.PCURVE_S1.);
#2810 = B_SPLINE_CURVE_WITH_KNOTS('',1,(#2811,#2812),.UNSPECIFIED.,.F.,
  .F.,(2,2),(0.,1.),.PIECEWISE_BEZIER_KNOTS.);
#2811 = CARTESIAN_POINT('',(-321.,0.,-44.64));
#2812 = CARTESIAN_POINT('',(-250.,0.,-44.64));
#2813 = PCURVE('',#567,#2814);
#2814 = DEFINITIONAL_REPRESENTATION('',(#2815),#2818);
#2815 = B_SPLINE_CURVE_WITH_KNOTS('',1,(#2816,#2817),.UNSPECIFIED.,.F.,
  .F.,(2,2),(0.,1.),.PIECEWISE_BEZIER_KNOTS.);
#2816 = CARTESIAN_POINT('',(0.,0.));
#2817 = CARTESIAN_POINT('',(0.,71.));
#2818 = ( GEOMETRIC_REPRESENTATION_CONTEXT(2) 
PARAMETRIC_REPRESENTATION_CONTEXT() REPRESENTATION_CONTEXT('2D SPACE',''
  ) );
#2819 = PCURVE('',#567,#2820);
#2820 = DEFINITIONAL_REPRESENTATION('',(#2821),#2824);
#2821 = B_SPLINE_CURVE_WITH_KNOTS('',1,(#2822,#2823),.UNSPECIFIED.,.F.,
  .F.,(2,2),(0.,1.),.PIECEWISE_BEZIER_KNOTS.);
#2822 = CARTESIAN_POINT('',(6.28318530718,0.));
#2823 = CARTESIAN_POINT('',(6.28318530718,71.));
#2824 = ( GEOMETRIC_REPRESENTATION_CONTEXT(2) 
PARAMETRIC_REPRESENTATION_CONTEXT() REPRESENTATION_CONTEXT('2D SPACE',''
  ) );
#2825 = ORIENTED_EDGE('',*,*,#2826,.F.);
#2826 = EDGE_CURVE('',#2807,#2807,#2827,.T.);
#2827 = SURFACE_CURVE('',#2828,(#2833,#2840),.PCURVE_S1.);
#2828 = CIRCLE('',#2829,44.64);
#2829 = AXIS2_PLACEMENT_3D('',#2830,#2831,#2832);
#2830 = CARTESIAN_POINT('',(-250.,0.,0.));
#2831 = DIRECTION('',(1.,-0.,1.110223024625E-16));
#2832 = DIRECTION('',(1.110223024625E-16,0.,-1.));
#2833 = PCURVE('',#567,#2834);
#2834 = DEFINITIONAL_REPRESENTATION('',(#2835),#2839);
#2835 = LINE('',#2836,#2837);
#2836 = CARTESIAN_POINT('',(0.,71.));
#2837 = VECTOR('',#2838,1.);
#2838 = DIRECTION('',(1.,0.));
#2839 = ( GEOMETRIC_REPRESENTATION_CONTEXT(2) 
PARAMETRIC_REPRESENTATION_CONTEXT() REPRESENTATION_CONTEXT('2D SPACE',''
  ) );
#2840 = PCURVE('',#2841,#2846);
#2841 = PLANE('',#2842);
#2842 = AXIS2_PLACEMENT_3D('',#2843,#2844,#2845);
#2843 = CARTESIAN_POINT('',(-250.,0.,0.));
#2844 = DIRECTION('',(1.,-0.,1.110223024625E-16));
#2845 = DIRECTION('',(1.110223024625E-16,0.,-1.));
#2846 = DEFINITIONAL_REPRESENTATION('',(#2847),#2851);
#2847 = CIRCLE('',#2848,44.64);
#2848 = AXIS2_PLACEMENT_2D('',#2849,#2850);
#2849 = CARTESIAN_POINT('',(0.,0.));
#2850 = DIRECTION('',(1.,0.));
#2851 = ( GEOMETRIC_REPRESENTATION_CONTEXT(2) 
PARAMETRIC_REPRESENTATION_CONTEXT() REPRESENTATION_CONTEXT('2D SPACE',''
  ) );
#2852 = ORIENTED_EDGE('',*,*,#2806,.F.);
#2853 = ADVANCED_FACE('',(#2854),#747,.F.);
#2854 = FACE_BOUND('',#2855,.F.);
#2855 = EDGE_LOOP('',(#2856,#2879,#2880,#2881,#2904));
#2856 = ORIENTED_EDGE('',*,*,#2857,.F.);
#2857 = EDGE_CURVE('',#665,#2858,#2860,.T.);
#2858 = VERTEX_POINT('',#2859);
#2859 = CARTESIAN_POINT('',(150.,146.73348301454,42.187184335983));
#2860 = SURFACE_CURVE('',#2861,(#2865,#2872),.PCURVE_S1.);
#2861 = LINE('',#2862,#2863);
#2862 = CARTESIAN_POINT('',(150.,154.5116576082,49.965358928434));
#2863 = VECTOR('',#2864,1.);
#2864 = DIRECTION('',(1.110223024625E-16,-0.707106781187,-0.707106781187
    ));
#2865 = PCURVE('',#747,#2866);
#2866 = DEFINITIONAL_REPRESENTATION('',(#2867),#2871);
#2867 = LINE('',#2868,#2869);
#2868 = CARTESIAN_POINT('',(0.,0.));
#2869 = VECTOR('',#2870,1.);
#2870 = DIRECTION('',(-1.,0.));
#2871 = ( GEOMETRIC_REPRESENTATION_CONTEXT(2) 
PARAMETRIC_REPRESENTATION_CONTEXT() REPRESENTATION_CONTEXT('2D SPACE',''
  ) );
#2872 = PCURVE('',#681,#2873);
#2873 = DEFINITIONAL_REPRESENTATION('',(#2874),#2878);
#2874 = LINE('',#2875,#2876);
#2875 = CARTESIAN_POINT('',(11.,21.4));
#2876 = VECTOR('',#2877,1.);
#2877 = DIRECTION('',(1.,0.));
#2878 = ( GEOMETRIC_REPRESENTATION_CONTEXT(2) 
PARAMETRIC_REPRESENTATION_CONTEXT() REPRESENTATION_CONTEXT('2D SPACE',''
  ) );
#2879 = ORIENTED_EDGE('',*,*,#693,.T.);
#2880 = ORIENTED_EDGE('',*,*,#2046,.T.);
#2881 = ORIENTED_EDGE('',*,*,#2882,.T.);
#2882 = EDGE_CURVE('',#2047,#2883,#2885,.T.);
#2883 = VERTEX_POINT('',#2884);
#2884 = CARTESIAN_POINT('',(311.,159.14320702646,34.373654404763));
#2885 = SURFACE_CURVE('',#2886,(#2890,#2897),.PCURVE_S1.);
#2886 = LINE('',#2887,#2888);
#2887 = CARTESIAN_POINT('',(311.,166.92138161802,42.151828996323));
#2888 = VECTOR('',#2889,1.);
#2889 = DIRECTION('',(1.110223024625E-16,-0.707106781187,-0.707106781187
    ));
#2890 = PCURVE('',#747,#2891);
#2891 = DEFINITIONAL_REPRESENTATION('',(#2892),#2896);
#2892 = LINE('',#2893,#2894);
#2893 = CARTESIAN_POINT('',(0.,1.));
#2894 = VECTOR('',#2895,1.);
#2895 = DIRECTION('',(-1.,0.));
#2896 = ( GEOMETRIC_REPRESENTATION_CONTEXT(2) 
PARAMETRIC_REPRESENTATION_CONTEXT() REPRESENTATION_CONTEXT('2D SPACE',''
  ) );
#2897 = PCURVE('',#1142,#2898);
#2898 = DEFINITIONAL_REPRESENTATION('',(#2899),#2903);
#2899 = LINE('',#2900,#2901);
#2900 = CARTESIAN_POINT('',(0.,0.));
#2901 = VECTOR('',#2902,1.);
#2902 = DIRECTION('',(-1.,0.));
#2903 = ( GEOMETRIC_REPRESENTATION_CONTEXT(2) 
PARAMETRIC_REPRESENTATION_CONTEXT() REPRESENTATION_CONTEXT('2D SPACE',''
  ) );
#2904 = ORIENTED_EDGE('',*,*,#2905,.F.);
#2905 = EDGE_CURVE('',#2858,#2883,#2906,.T.);
#2906 = SURFACE_CURVE('',#2907,(#2910,#2917),.PCURVE_S1.);
#2907 = B_SPLINE_CURVE_WITH_KNOTS('',1,(#2908,#2909),.UNSPECIFIED.,.F.,
  .F.,(2,2),(0.,1.),.PIECEWISE_BEZIER_KNOTS.);
#2908 = CARTESIAN_POINT('',(150.,146.73348301394,42.187184336583));
#2909 = CARTESIAN_POINT('',(311.,159.14320702646,34.373654404763));
#2910 = PCURVE('',#747,#2911);
#2911 = DEFINITIONAL_REPRESENTATION('',(#2912),#2916);
#2912 = LINE('',#2913,#2914);
#2913 = CARTESIAN_POINT('',(-11.,0.));
#2914 = VECTOR('',#2915,1.);
#2915 = DIRECTION('',(0.,1.));
#2916 = ( GEOMETRIC_REPRESENTATION_CONTEXT(2) 
PARAMETRIC_REPRESENTATION_CONTEXT() REPRESENTATION_CONTEXT('2D SPACE',''
  ) );
#2917 = PCURVE('',#2918,#2937);
#2918 = B_SPLINE_SURFACE_WITH_KNOTS('',8,1,(
    (#2919,#2920)
    ,(#2921,#2922)
    ,(#2923,#2924)
    ,(#2925,#2926)
    ,(#2927,#2928)
    ,(#2929,#2930)
    ,(#2931,#2932)
    ,(#2933,#2934)
    ,(#2935,#2936
    )),.UNSPECIFIED.,.F.,.F.,.F.,(9,9),(2,2),(0.,1.570796326795),(0.,1.)
  ,.PIECEWISE_BEZIER_KNOTS.);
#2919 = CARTESIAN_POINT('',(150.,143.9050558892,42.187184336583));
#2920 = CARTESIAN_POINT('',(311.,156.31477990171,34.373654404763));
#2921 = CARTESIAN_POINT('',(150.,144.18273607283,41.909504152948));
#2922 = CARTESIAN_POINT('',(310.99999999999,156.59246008535,
    34.095974221129));
#2923 = CARTESIAN_POINT('',(149.99999999999,144.52272770919,
    41.694135247225));
#2924 = CARTESIAN_POINT('',(311.00000000001,156.93245172171,
    33.880605315404));
#2925 = CARTESIAN_POINT('',(150.,144.90871642159,41.557390772082));
#2926 = CARTESIAN_POINT('',(310.99999999998,157.3184404341,
    33.743860840264));
#2927 = CARTESIAN_POINT('',(149.99999999999,145.31926945157,
    41.510458381903));
#2928 = CARTESIAN_POINT('',(311.00000000001,157.72899346409,
    33.69692845008));
#2929 = CARTESIAN_POINT('',(150.,145.72982248155,41.557390772082));
#2930 = CARTESIAN_POINT('',(310.99999999998,158.13954649407,
    33.743860840264));
#2931 = CARTESIAN_POINT('',(149.99999999999,146.11581119395,
    41.694135247225));
#2932 = CARTESIAN_POINT('',(311.,158.52553520647,33.880605315404));
#2933 = CARTESIAN_POINT('',(150.,146.45580283031,41.909504152948));
#2934 = CARTESIAN_POINT('',(310.99999999999,158.86552684282,
    34.095974221129));
#2935 = CARTESIAN_POINT('',(150.,146.73348301394,42.187184336583));
#2936 = CARTESIAN_POINT('',(311.,159.14320702646,34.373654404763));
#2937 = DEFINITIONAL_REPRESENTATION('',(#2938),#2942);
#2938 = LINE('',#2939,#2940);
#2939 = CARTESIAN_POINT('',(1.570796326795,0.));
#2940 = VECTOR('',#2941,1.);
#2941 = DIRECTION('',(0.,1.));
#2942 = ( GEOMETRIC_REPRESENTATION_CONTEXT(2) 
PARAMETRIC_REPRESENTATION_CONTEXT() REPRESENTATION_CONTEXT('2D SPACE',''
  ) );
#2943 = ADVANCED_FACE('',(#2944),#681,.T.);
#2944 = FACE_BOUND('',#2945,.T.);
#2945 = EDGE_LOOP('',(#2946,#2947,#2948,#2972,#2999,#3021));
#2946 = ORIENTED_EDGE('',*,*,#664,.T.);
#2947 = ORIENTED_EDGE('',*,*,#800,.T.);
#2948 = ORIENTED_EDGE('',*,*,#2949,.T.);
#2949 = EDGE_CURVE('',#801,#2950,#2952,.T.);
#2950 = VERTEX_POINT('',#2951);
#2951 = CARTESIAN_POINT('',(150.,130.18718433538,55.905055890401));
#2952 = SURFACE_CURVE('',#2953,(#2958,#2965),.PCURVE_S1.);
#2953 = CIRCLE('',#2954,2.);
#2954 = AXIS2_PLACEMENT_3D('',#2955,#2956,#2957);
#2955 = CARTESIAN_POINT('',(150.,131.60139789775,57.319269452774));
#2956 = DIRECTION('',(1.,7.850462293419E-17,7.850462293419E-17));
#2957 = DIRECTION('',(1.110223024625E-16,-0.707106781187,-0.707106781187
    ));
#2958 = PCURVE('',#681,#2959);
#2959 = DEFINITIONAL_REPRESENTATION('',(#2960),#2964);
#2960 = CIRCLE('',#2961,2.);
#2961 = AXIS2_PLACEMENT_2D('',#2962,#2963);
#2962 = CARTESIAN_POINT('',(22.,0.));
#2963 = DIRECTION('',(1.,0.));
#2964 = ( GEOMETRIC_REPRESENTATION_CONTEXT(2) 
PARAMETRIC_REPRESENTATION_CONTEXT() REPRESENTATION_CONTEXT('2D SPACE',''
  ) );
#2965 = PCURVE('',#838,#2966);
#2966 = DEFINITIONAL_REPRESENTATION('',(#2967),#2971);
#2967 = LINE('',#2968,#2969);
#2968 = CARTESIAN_POINT('',(0.,0.));
#2969 = VECTOR('',#2970,1.);
#2970 = DIRECTION('',(1.,0.));
#2971 = ( GEOMETRIC_REPRESENTATION_CONTEXT(2) 
PARAMETRIC_REPRESENTATION_CONTEXT() REPRESENTATION_CONTEXT('2D SPACE',''
  ) );
#2972 = ORIENTED_EDGE('',*,*,#2973,.T.);
#2973 = EDGE_CURVE('',#2950,#2974,#2976,.T.);
#2974 = VERTEX_POINT('',#2975);
#2975 = CARTESIAN_POINT('',(150.,143.9050558892,42.187184336583));
#2976 = SURFACE_CURVE('',#2977,(#2981,#2988),.PCURVE_S1.);
#2977 = LINE('',#2978,#2979);
#2978 = CARTESIAN_POINT('',(150.,137.04612011289,49.046120112892));
#2979 = VECTOR('',#2980,1.);
#2980 = DIRECTION('',(0.,0.707106781187,-0.707106781187));
#2981 = PCURVE('',#681,#2982);
#2982 = DEFINITIONAL_REPRESENTATION('',(#2983),#2987);
#2983 = LINE('',#2984,#2985);
#2984 = CARTESIAN_POINT('',(24.,9.7));
#2985 = VECTOR('',#2986,1.);
#2986 = DIRECTION('',(0.,1.));
#2987 = ( GEOMETRIC_REPRESENTATION_CONTEXT(2) 
PARAMETRIC_REPRESENTATION_CONTEXT() REPRESENTATION_CONTEXT('2D SPACE',''
  ) );
#2988 = PCURVE('',#2989,#2994);
#2989 = B_SPLINE_SURFACE_WITH_KNOTS('',1,1,(
    (#2990,#2991)
    ,(#2992,#2993
    )),.UNSPECIFIED.,.F.,.F.,.F.,(2,2),(2,2),(-24.,24.),(0.,1.),
  .PIECEWISE_BEZIER_KNOTS.);
#2990 = CARTESIAN_POINT('',(150.,130.18718433538,55.905055890401));
#2991 = CARTESIAN_POINT('',(311.,122.37365440327,68.314779900225));
#2992 = CARTESIAN_POINT('',(150.,143.9050558892,42.187184336583));
#2993 = CARTESIAN_POINT('',(311.,156.31477990022,34.373654403271));
#2994 = DEFINITIONAL_REPRESENTATION('',(#2995),#2998);
#2995 = B_SPLINE_CURVE_WITH_KNOTS('',1,(#2996,#2997),.UNSPECIFIED.,.F.,
  .F.,(2,2),(-9.7,9.699999998302),.PIECEWISE_BEZIER_KNOTS.);
#2996 = CARTESIAN_POINT('',(-24.,0.));
#2997 = CARTESIAN_POINT('',(24.,0.));
#2998 = ( GEOMETRIC_REPRESENTATION_CONTEXT(2) 
PARAMETRIC_REPRESENTATION_CONTEXT() REPRESENTATION_CONTEXT('2D SPACE',''
  ) );
#2999 = ORIENTED_EDGE('',*,*,#3000,.T.);
#3000 = EDGE_CURVE('',#2974,#2858,#3001,.T.);
#3001 = SURFACE_CURVE('',#3002,(#3007,#3014),.PCURVE_S1.);
#3002 = CIRCLE('',#3003,2.);
#3003 = AXIS2_PLACEMENT_3D('',#3004,#3005,#3006);
#3004 = CARTESIAN_POINT('',(150.,145.31926945157,43.601397898956));
#3005 = DIRECTION('',(1.,7.850462293419E-17,7.850462293419E-17));
#3006 = DIRECTION('',(1.110223024625E-16,-0.707106781187,-0.707106781187
    ));
#3007 = PCURVE('',#681,#3008);
#3008 = DEFINITIONAL_REPRESENTATION('',(#3009),#3013);
#3009 = CIRCLE('',#3010,2.);
#3010 = AXIS2_PLACEMENT_2D('',#3011,#3012);
#3011 = CARTESIAN_POINT('',(22.,19.399999998302));
#3012 = DIRECTION('',(1.,0.));
#3013 = ( GEOMETRIC_REPRESENTATION_CONTEXT(2) 
PARAMETRIC_REPRESENTATION_CONTEXT() REPRESENTATION_CONTEXT('2D SPACE',''
  ) );
#3014 = PCURVE('',#2918,#3015);
#3015 = DEFINITIONAL_REPRESENTATION('',(#3016),#3020);
#3016 = LINE('',#3017,#3018);
#3017 = CARTESIAN_POINT('',(0.,0.));
#3018 = VECTOR('',#3019,1.);
#3019 = DIRECTION('',(1.,0.));
#3020 = ( GEOMETRIC_REPRESENTATION_CONTEXT(2) 
PARAMETRIC_REPRESENTATION_CONTEXT() REPRESENTATION_CONTEXT('2D SPACE',''
  ) );
#3021 = ORIENTED_EDGE('',*,*,#2857,.F.);
#3022 = ADVANCED_FACE('',(#3023),#838,.F.);
#3023 = FACE_BOUND('',#3024,.F.);
#3024 = EDGE_LOOP('',(#3025,#3026,#3048,#3070));
#3025 = ORIENTED_EDGE('',*,*,#2949,.T.);
#3026 = ORIENTED_EDGE('',*,*,#3027,.T.);
#3027 = EDGE_CURVE('',#2950,#3028,#3030,.T.);
#3028 = VERTEX_POINT('',#3029);
#3029 = CARTESIAN_POINT('',(311.,122.37365440401,68.314779900971));
#3030 = SURFACE_CURVE('',#3031,(#3034,#3041),.PCURVE_S1.);
#3031 = B_SPLINE_CURVE_WITH_KNOTS('',1,(#3032,#3033),.UNSPECIFIED.,.F.,
  .F.,(2,2),(0.,1.),.PIECEWISE_BEZIER_KNOTS.);
#3032 = CARTESIAN_POINT('',(150.,130.18718433538,55.905055890401));
#3033 = CARTESIAN_POINT('',(311.,122.37365440476,68.314779901718));
#3034 = PCURVE('',#838,#3035);
#3035 = DEFINITIONAL_REPRESENTATION('',(#3036),#3040);
#3036 = LINE('',#3037,#3038);
#3037 = CARTESIAN_POINT('',(6.28318530718,0.));
#3038 = VECTOR('',#3039,1.);
#3039 = DIRECTION('',(0.,1.));
#3040 = ( GEOMETRIC_REPRESENTATION_CONTEXT(2) 
PARAMETRIC_REPRESENTATION_CONTEXT() REPRESENTATION_CONTEXT('2D SPACE',''
  ) );
#3041 = PCURVE('',#2989,#3042);
#3042 = DEFINITIONAL_REPRESENTATION('',(#3043),#3047);
#3043 = LINE('',#3044,#3045);
#3044 = CARTESIAN_POINT('',(-24.,0.));
#3045 = VECTOR('',#3046,1.);
#3046 = DIRECTION('',(0.,1.));
#3047 = ( GEOMETRIC_REPRESENTATION_CONTEXT(2) 
PARAMETRIC_REPRESENTATION_CONTEXT() REPRESENTATION_CONTEXT('2D SPACE',''
  ) );
#3048 = ORIENTED_EDGE('',*,*,#3049,.T.);
#3049 = EDGE_CURVE('',#3028,#824,#3050,.T.);
#3050 = SURFACE_CURVE('',#3051,(#3056,#3063),.PCURVE_S1.);
#3051 = CIRCLE('',#3052,2.);
#3052 = AXIS2_PLACEMENT_3D('',#3053,#3054,#3055);
#3053 = CARTESIAN_POINT('',(311.,123.78786796713,69.728993464091));
#3054 = DIRECTION('',(-1.,-7.850462293419E-17,-7.850462293419E-17));
#3055 = DIRECTION('',(-1.110223024625E-16,0.707106781187,0.707106781187)
  );
#3056 = PCURVE('',#838,#3057);
#3057 = DEFINITIONAL_REPRESENTATION('',(#3058),#3062);
#3058 = LINE('',#3059,#3060);
#3059 = CARTESIAN_POINT('',(9.424777960769,1.));
#3060 = VECTOR('',#3061,1.);
#3061 = DIRECTION('',(-1.,0.));
#3062 = ( GEOMETRIC_REPRESENTATION_CONTEXT(2) 
PARAMETRIC_REPRESENTATION_CONTEXT() REPRESENTATION_CONTEXT('2D SPACE',''
  ) );
#3063 = PCURVE('',#906,#3064);
#3064 = DEFINITIONAL_REPRESENTATION('',(#3065),#3069);
#3065 = LINE('',#3066,#3067);
#3066 = CARTESIAN_POINT('',(6.28318530718,0.));
#3067 = VECTOR('',#3068,1.);
#3068 = DIRECTION('',(-1.,0.));
#3069 = ( GEOMETRIC_REPRESENTATION_CONTEXT(2) 
PARAMETRIC_REPRESENTATION_CONTEXT() REPRESENTATION_CONTEXT('2D SPACE',''
  ) );
#3070 = ORIENTED_EDGE('',*,*,#823,.F.);
#3071 = ADVANCED_FACE('',(#3072),#948,.F.);
#3072 = FACE_BOUND('',#3073,.F.);
#3073 = EDGE_LOOP('',(#3074,#3075,#3076,#3100,#3127,#3170));
#3074 = ORIENTED_EDGE('',*,*,#1169,.T.);
#3075 = ORIENTED_EDGE('',*,*,#932,.T.);
#3076 = ORIENTED_EDGE('',*,*,#3077,.T.);
#3077 = EDGE_CURVE('',#892,#3078,#3080,.T.);
#3078 = VERTEX_POINT('',#3079);
#3079 = CARTESIAN_POINT('',(610.,129.72756492835,66.476302269886));
#3080 = SURFACE_CURVE('',#3081,(#3086,#3093),.PCURVE_S1.);
#3081 = CIRCLE('',#3082,2.);
#3082 = AXIS2_PLACEMENT_3D('',#3083,#3084,#3085);
#3083 = CARTESIAN_POINT('',(610.,131.14177849147,67.890515833006));
#3084 = DIRECTION('',(1.,7.850462293419E-17,7.850462293419E-17));
#3085 = DIRECTION('',(1.110223024625E-16,-0.707106781187,-0.707106781187
    ));
#3086 = PCURVE('',#948,#3087);
#3087 = DEFINITIONAL_REPRESENTATION('',(#3088),#3092);
#3088 = CIRCLE('',#3089,2.);
#3089 = AXIS2_PLACEMENT_2D('',#3090,#3091);
#3090 = CARTESIAN_POINT('',(21.99999999789,0.));
#3091 = DIRECTION('',(1.,0.));
#3092 = ( GEOMETRIC_REPRESENTATION_CONTEXT(2) 
PARAMETRIC_REPRESENTATION_CONTEXT() REPRESENTATION_CONTEXT('2D SPACE',''
  ) );
#3093 = PCURVE('',#906,#3094);
#3094 = DEFINITIONAL_REPRESENTATION('',(#3095),#3099);
#3095 = LINE('',#3096,#3097);
#3096 = CARTESIAN_POINT('',(-3.14159265359,1.));
#3097 = VECTOR('',#3098,1.);
#3098 = DIRECTION('',(1.,0.));
#3099 = ( GEOMETRIC_REPRESENTATION_CONTEXT(2) 
PARAMETRIC_REPRESENTATION_CONTEXT() REPRESENTATION_CONTEXT('2D SPACE',''
  ) );
#3100 = ORIENTED_EDGE('',*,*,#3101,.T.);
#3101 = EDGE_CURVE('',#3078,#3102,#3104,.T.);
#3102 = VERTEX_POINT('',#3103);
#3103 = CARTESIAN_POINT('',(610.,154.47630226988,41.727564928357));
#3104 = SURFACE_CURVE('',#3105,(#3109,#3116),.PCURVE_S1.);
#3105 = LINE('',#3106,#3107);
#3106 = CARTESIAN_POINT('',(610.,142.10193359837,54.101933598375));
#3107 = VECTOR('',#3108,1.);
#3108 = DIRECTION('',(0.,0.707106781187,-0.707106781187));
#3109 = PCURVE('',#948,#3110);
#3110 = DEFINITIONAL_REPRESENTATION('',(#3111),#3115);
#3111 = LINE('',#3112,#3113);
#3112 = CARTESIAN_POINT('',(24.,17.5));
#3113 = VECTOR('',#3114,1.);
#3114 = DIRECTION('',(0.,1.));
#3115 = ( GEOMETRIC_REPRESENTATION_CONTEXT(2) 
PARAMETRIC_REPRESENTATION_CONTEXT() REPRESENTATION_CONTEXT('2D SPACE',''
  ) );
#3116 = PCURVE('',#3117,#3122);
#3117 = B_SPLINE_SURFACE_WITH_KNOTS('',1,1,(
    (#3118,#3119)
    ,(#3120,#3121
    )),.UNSPECIFIED.,.F.,.F.,.F.,(2,2),(2,2),(-24.,24.),(0.,1.),
  .PIECEWISE_BEZIER_KNOTS.);
#3118 = CARTESIAN_POINT('',(311.,122.37365440327,68.314779900225));
#3119 = CARTESIAN_POINT('',(610.,129.72756492761,66.47630226914));
#3120 = CARTESIAN_POINT('',(311.,156.31477990022,34.373654403271));
#3121 = CARTESIAN_POINT('',(610.,154.47630226914,41.727564927611));
#3122 = DEFINITIONAL_REPRESENTATION('',(#3123),#3126);
#3123 = B_SPLINE_CURVE_WITH_KNOTS('',1,(#3124,#3125),.UNSPECIFIED.,.F.,
  .F.,(2,2),(-17.5,17.5),.PIECEWISE_BEZIER_KNOTS.);
#3124 = CARTESIAN_POINT('',(-24.,1.));
#3125 = CARTESIAN_POINT('',(24.,1.));
#3126 = ( GEOMETRIC_REPRESENTATION_CONTEXT(2) 
PARAMETRIC_REPRESENTATION_CONTEXT() REPRESENTATION_CONTEXT('2D SPACE',''
  ) );
#3127 = ORIENTED_EDGE('',*,*,#3128,.T.);
#3128 = EDGE_CURVE('',#3102,#3129,#3131,.T.);
#3129 = VERTEX_POINT('',#3130);
#3130 = CARTESIAN_POINT('',(610.,157.30472939537,41.727564929103));
#3131 = SURFACE_CURVE('',#3132,(#3137,#3144),.PCURVE_S1.);
#3132 = CIRCLE('',#3133,2.);
#3133 = AXIS2_PLACEMENT_3D('',#3134,#3135,#3136);
#3134 = CARTESIAN_POINT('',(610.,155.890515833,43.141778491477));
#3135 = DIRECTION('',(1.,7.850462293419E-17,7.850462293419E-17));
#3136 = DIRECTION('',(1.110223024625E-16,-0.707106781187,-0.707106781187
    ));
#3137 = PCURVE('',#948,#3138);
#3138 = DEFINITIONAL_REPRESENTATION('',(#3139),#3143);
#3139 = CIRCLE('',#3140,2.);
#3140 = AXIS2_PLACEMENT_2D('',#3141,#3142);
#3141 = CARTESIAN_POINT('',(21.99999999789,35.));
#3142 = DIRECTION('',(1.,0.));
#3143 = ( GEOMETRIC_REPRESENTATION_CONTEXT(2) 
PARAMETRIC_REPRESENTATION_CONTEXT() REPRESENTATION_CONTEXT('2D SPACE',''
  ) );
#3144 = PCURVE('',#3145,#3164);
#3145 = B_SPLINE_SURFACE_WITH_KNOTS('',8,1,(
    (#3146,#3147)
    ,(#3148,#3149)
    ,(#3150,#3151)
    ,(#3152,#3153)
    ,(#3154,#3155)
    ,(#3156,#3157)
    ,(#3158,#3159)
    ,(#3160,#3161)
    ,(#3162,#3163
    )),.UNSPECIFIED.,.F.,.F.,.F.,(9,9),(2,2),(3.14159265359,
    4.712388980385),(0.,1.),.PIECEWISE_BEZIER_KNOTS.);
#3146 = CARTESIAN_POINT('',(311.,156.31477990171,34.373654404763));
#3147 = CARTESIAN_POINT('',(610.,154.47630227063,41.727564929103));
#3148 = CARTESIAN_POINT('',(310.99999999999,156.59246008535,
    34.095974221129));
#3149 = CARTESIAN_POINT('',(610.,154.75398245426,41.449884745469));
#3150 = CARTESIAN_POINT('',(311.00000000001,156.93245172171,
    33.880605315404));
#3151 = CARTESIAN_POINT('',(609.99999999999,155.09397409062,
    41.234515839745));
#3152 = CARTESIAN_POINT('',(310.99999999998,157.3184404341,
    33.743860840264));
#3153 = CARTESIAN_POINT('',(610.00000000001,155.47996280302,
    41.097771364602));
#3154 = CARTESIAN_POINT('',(311.00000000001,157.72899346409,
    33.69692845008));
#3155 = CARTESIAN_POINT('',(609.99999999998,155.890515833,
    41.050838974423));
#3156 = CARTESIAN_POINT('',(310.99999999998,158.13954649407,
    33.743860840264));
#3157 = CARTESIAN_POINT('',(610.00000000001,156.30106886298,
    41.097771364602));
#3158 = CARTESIAN_POINT('',(311.,158.52553520647,33.880605315404));
#3159 = CARTESIAN_POINT('',(609.99999999999,156.68705757538,
    41.234515839746));
#3160 = CARTESIAN_POINT('',(310.99999999999,158.86552684282,
    34.095974221129));
#3161 = CARTESIAN_POINT('',(610.,157.02704921174,41.449884745468));
#3162 = CARTESIAN_POINT('',(311.,159.14320702646,34.373654404763));
#3163 = CARTESIAN_POINT('',(610.,157.30472939537,41.727564929103));
#3164 = DEFINITIONAL_REPRESENTATION('',(#3165),#3169);
#3165 = LINE('',#3166,#3167);
#3166 = CARTESIAN_POINT('',(3.14159265359,1.));
#3167 = VECTOR('',#3168,1.);
#3168 = DIRECTION('',(1.,0.));
#3169 = ( GEOMETRIC_REPRESENTATION_CONTEXT(2) 
PARAMETRIC_REPRESENTATION_CONTEXT() REPRESENTATION_CONTEXT('2D SPACE',''
  ) );
#3170 = ORIENTED_EDGE('',*,*,#3171,.F.);
#3171 = EDGE_CURVE('',#1097,#3129,#3172,.T.);
#3172 = SURFACE_CURVE('',#3173,(#3177,#3184),.PCURVE_S1.);
#3173 = LINE('',#3174,#3175);
#3174 = CARTESIAN_POINT('',(610.,165.08290398693,49.505739520663));
#3175 = VECTOR('',#3176,1.);
#3176 = DIRECTION('',(1.110223024625E-16,-0.707106781187,-0.707106781187
    ));
#3177 = PCURVE('',#948,#3178);
#3178 = DEFINITIONAL_REPRESENTATION('',(#3179),#3183);
#3179 = LINE('',#3180,#3181);
#3180 = CARTESIAN_POINT('',(11.,37.));
#3181 = VECTOR('',#3182,1.);
#3182 = DIRECTION('',(1.,0.));
#3183 = ( GEOMETRIC_REPRESENTATION_CONTEXT(2) 
PARAMETRIC_REPRESENTATION_CONTEXT() REPRESENTATION_CONTEXT('2D SPACE',''
  ) );
#3184 = PCURVE('',#1142,#3185);
#3185 = DEFINITIONAL_REPRESENTATION('',(#3186),#3190);
#3186 = LINE('',#3187,#3188);
#3187 = CARTESIAN_POINT('',(0.,1.));
#3188 = VECTOR('',#3189,1.);
#3189 = DIRECTION('',(-1.,0.));
#3190 = ( GEOMETRIC_REPRESENTATION_CONTEXT(2) 
PARAMETRIC_REPRESENTATION_CONTEXT() REPRESENTATION_CONTEXT('2D SPACE',''
  ) );
#3191 = ADVANCED_FACE('',(#3192),#906,.F.);
#3192 = FACE_BOUND('',#3193,.F.);
#3193 = EDGE_LOOP('',(#3194,#3195,#3215,#3216));
#3194 = ORIENTED_EDGE('',*,*,#3049,.F.);
#3195 = ORIENTED_EDGE('',*,*,#3196,.T.);
#3196 = EDGE_CURVE('',#3028,#3078,#3197,.T.);
#3197 = SURFACE_CURVE('',#3198,(#3201,#3208),.PCURVE_S1.);
#3198 = B_SPLINE_CURVE_WITH_KNOTS('',1,(#3199,#3200),.UNSPECIFIED.,.F.,
  .F.,(2,2),(0.,1.),.PIECEWISE_BEZIER_KNOTS.);
#3199 = CARTESIAN_POINT('',(311.,122.37365440476,68.314779901718));
#3200 = CARTESIAN_POINT('',(610.,129.7275649291,66.476302270633));
#3201 = PCURVE('',#906,#3202);
#3202 = DEFINITIONAL_REPRESENTATION('',(#3203),#3207);
#3203 = LINE('',#3204,#3205);
#3204 = CARTESIAN_POINT('',(3.14159265359,0.));
#3205 = VECTOR('',#3206,1.);
#3206 = DIRECTION('',(0.,1.));
#3207 = ( GEOMETRIC_REPRESENTATION_CONTEXT(2) 
PARAMETRIC_REPRESENTATION_CONTEXT() REPRESENTATION_CONTEXT('2D SPACE',''
  ) );
#3208 = PCURVE('',#3117,#3209);
#3209 = DEFINITIONAL_REPRESENTATION('',(#3210),#3214);
#3210 = LINE('',#3211,#3212);
#3211 = CARTESIAN_POINT('',(-24.,0.));
#3212 = VECTOR('',#3213,1.);
#3213 = DIRECTION('',(0.,1.));
#3214 = ( GEOMETRIC_REPRESENTATION_CONTEXT(2) 
PARAMETRIC_REPRESENTATION_CONTEXT() REPRESENTATION_CONTEXT('2D SPACE',''
  ) );
#3215 = ORIENTED_EDGE('',*,*,#3077,.F.);
#3216 = ORIENTED_EDGE('',*,*,#891,.F.);
#3217 = ADVANCED_FACE('',(#3218),#1142,.F.);
#3218 = FACE_BOUND('',#3219,.F.);
#3219 = EDGE_LOOP('',(#3220,#3221,#3222,#3223,#3224));
#3220 = ORIENTED_EDGE('',*,*,#2882,.F.);
#3221 = ORIENTED_EDGE('',*,*,#2066,.T.);
#3222 = ORIENTED_EDGE('',*,*,#1096,.T.);
#3223 = ORIENTED_EDGE('',*,*,#3171,.T.);
#3224 = ORIENTED_EDGE('',*,*,#3225,.F.);
#3225 = EDGE_CURVE('',#2883,#3129,#3226,.T.);
#3226 = SURFACE_CURVE('',#3227,(#3230,#3237),.PCURVE_S1.);
#3227 = B_SPLINE_CURVE_WITH_KNOTS('',1,(#3228,#3229),.UNSPECIFIED.,.F.,
  .F.,(2,2),(0.,1.),.PIECEWISE_BEZIER_KNOTS.);
#3228 = CARTESIAN_POINT('',(311.,159.14320702646,34.373654404763));
#3229 = CARTESIAN_POINT('',(610.,157.30472939537,41.727564929103));
#3230 = PCURVE('',#1142,#3231);
#3231 = DEFINITIONAL_REPRESENTATION('',(#3232),#3236);
#3232 = LINE('',#3233,#3234);
#3233 = CARTESIAN_POINT('',(-10.99999999788,0.));
#3234 = VECTOR('',#3235,1.);
#3235 = DIRECTION('',(0.,1.));
#3236 = ( GEOMETRIC_REPRESENTATION_CONTEXT(2) 
PARAMETRIC_REPRESENTATION_CONTEXT() REPRESENTATION_CONTEXT('2D SPACE',''
  ) );
#3237 = PCURVE('',#3145,#3238);
#3238 = DEFINITIONAL_REPRESENTATION('',(#3239),#3243);
#3239 = LINE('',#3240,#3241);
#3240 = CARTESIAN_POINT('',(4.712388980385,0.));
#3241 = VECTOR('',#3242,1.);
#3242 = DIRECTION('',(0.,1.));
#3243 = ( GEOMETRIC_REPRESENTATION_CONTEXT(2) 
PARAMETRIC_REPRESENTATION_CONTEXT() REPRESENTATION_CONTEXT('2D SPACE',''
  ) );
#3244 = ADVANCED_FACE('',(#3245),#1048,.T.);
#3245 = FACE_BOUND('',#3246,.T.);
#3246 = EDGE_LOOP('',(#3247,#3248,#3249,#3273));
#3247 = ORIENTED_EDGE('',*,*,#1031,.F.);
#3248 = ORIENTED_EDGE('',*,*,#1265,.T.);
#3249 = ORIENTED_EDGE('',*,*,#3250,.F.);
#3250 = EDGE_CURVE('',#3251,#1239,#3253,.T.);
#3251 = VERTEX_POINT('',#3252);
#3252 = CARTESIAN_POINT('',(1.01E+03,124.8,28.08));
#3253 = SURFACE_CURVE('',#3254,(#3259,#3266),.PCURVE_S1.);
#3254 = CIRCLE('',#3255,28.08);
#3255 = AXIS2_PLACEMENT_3D('',#3256,#3257,#3258);
#3256 = CARTESIAN_POINT('',(1.01E+03,96.72,28.08));
#3257 = DIRECTION('',(1.,-0.,1.110223024625E-16));
#3258 = DIRECTION('',(1.110223024625E-16,0.,-1.));
#3259 = PCURVE('',#1048,#3260);
#3260 = DEFINITIONAL_REPRESENTATION('',(#3261),#3265);
#3261 = LINE('',#3262,#3263);
#3262 = CARTESIAN_POINT('',(3.14159265359,1.));
#3263 = VECTOR('',#3264,1.);
#3264 = DIRECTION('',(1.,0.));
#3265 = ( GEOMETRIC_REPRESENTATION_CONTEXT(2) 
PARAMETRIC_REPRESENTATION_CONTEXT() REPRESENTATION_CONTEXT('2D SPACE',''
  ) );
#3266 = PCURVE('',#1253,#3267);
#3267 = DEFINITIONAL_REPRESENTATION('',(#3268),#3272);
#3268 = CIRCLE('',#3269,28.08);
#3269 = AXIS2_PLACEMENT_2D('',#3270,#3271);
#3270 = CARTESIAN_POINT('',(0.,193.44));
#3271 = DIRECTION('',(1.,0.));
#3272 = ( GEOMETRIC_REPRESENTATION_CONTEXT(2) 
PARAMETRIC_REPRESENTATION_CONTEXT() REPRESENTATION_CONTEXT('2D SPACE',''
  ) );
#3273 = ORIENTED_EDGE('',*,*,#3274,.F.);
#3274 = EDGE_CURVE('',#1032,#3251,#3275,.T.);
#3275 = SURFACE_CURVE('',#3276,(#3279,#3286),.PCURVE_S1.);
#3276 = B_SPLINE_CURVE_WITH_KNOTS('',1,(#3277,#3278),.UNSPECIFIED.,.F.,
  .F.,(2,2),(0.,1.),.PIECEWISE_BEZIER_KNOTS.);
#3277 = CARTESIAN_POINT('',(850.,160.,36.));
#3278 = CARTESIAN_POINT('',(1.01E+03,124.8,28.08));
#3279 = PCURVE('',#1048,#3280);
#3280 = DEFINITIONAL_REPRESENTATION('',(#3281),#3285);
#3281 = LINE('',#3282,#3283);
#3282 = CARTESIAN_POINT('',(4.712388980385,0.));
#3283 = VECTOR('',#3284,1.);
#3284 = DIRECTION('',(0.,1.));
#3285 = ( GEOMETRIC_REPRESENTATION_CONTEXT(2) 
PARAMETRIC_REPRESENTATION_CONTEXT() REPRESENTATION_CONTEXT('2D SPACE',''
  ) );
#3286 = PCURVE('',#2101,#3287);
#3287 = DEFINITIONAL_REPRESENTATION('',(#3288),#3292);
#3288 = LINE('',#3289,#3290);
#3289 = CARTESIAN_POINT('',(36.,0.));
#3290 = VECTOR('',#3291,1.);
#3291 = DIRECTION('',(0.,1.));
#3292 = ( GEOMETRIC_REPRESENTATION_CONTEXT(2) 
PARAMETRIC_REPRESENTATION_CONTEXT() REPRESENTATION_CONTEXT('2D SPACE',''
  ) );
#3293 = ADVANCED_FACE('',(#3294),#1210,.T.);
#3294 = FACE_BOUND('',#3295,.T.);
#3295 = EDGE_LOOP('',(#3296,#3297,#3319,#3341));
#3296 = ORIENTED_EDGE('',*,*,#1383,.F.);
#3297 = ORIENTED_EDGE('',*,*,#3298,.T.);
#3298 = EDGE_CURVE('',#1364,#3299,#3301,.T.);
#3299 = VERTEX_POINT('',#3300);
#3300 = CARTESIAN_POINT('',(1.01E+03,-124.8,28.08));
#3301 = SURFACE_CURVE('',#3302,(#3305,#3312),.PCURVE_S1.);
#3302 = B_SPLINE_CURVE_WITH_KNOTS('',1,(#3303,#3304),.UNSPECIFIED.,.F.,
  .F.,(2,2),(0.,1.),.PIECEWISE_BEZIER_KNOTS.);
#3303 = CARTESIAN_POINT('',(850.,-160.,36.));
#3304 = CARTESIAN_POINT('',(1.01E+03,-124.8,28.08));
#3305 = PCURVE('',#1210,#3306);
#3306 = DEFINITIONAL_REPRESENTATION('',(#3307),#3311);
#3307 = LINE('',#3308,#3309);
#3308 = CARTESIAN_POINT('',(1.570796326795,0.));
#3309 = VECTOR('',#3310,1.);
#3310 = DIRECTION('',(0.,1.));
#3311 = ( GEOMETRIC_REPRESENTATION_CONTEXT(2) 
PARAMETRIC_REPRESENTATION_CONTEXT() REPRESENTATION_CONTEXT('2D SPACE',''
  ) );
#3312 = PCURVE('',#1990,#3313);
#3313 = DEFINITIONAL_REPRESENTATION('',(#3314),#3318);
#3314 = LINE('',#3315,#3316);
#3315 = CARTESIAN_POINT('',(-36.,0.));
#3316 = VECTOR('',#3317,1.);
#3317 = DIRECTION('',(0.,1.));
#3318 = ( GEOMETRIC_REPRESENTATION_CONTEXT(2) 
PARAMETRIC_REPRESENTATION_CONTEXT() REPRESENTATION_CONTEXT('2D SPACE',''
  ) );
#3319 = ORIENTED_EDGE('',*,*,#3320,.F.);
#3320 = EDGE_CURVE('',#1196,#3299,#3321,.T.);
#3321 = SURFACE_CURVE('',#3322,(#3327,#3334),.PCURVE_S1.);
#3322 = CIRCLE('',#3323,28.08);
#3323 = AXIS2_PLACEMENT_3D('',#3324,#3325,#3326);
#3324 = CARTESIAN_POINT('',(1.01E+03,-96.72,28.08));
#3325 = DIRECTION('',(1.,-0.,1.110223024625E-16));
#3326 = DIRECTION('',(1.110223024625E-16,0.,-1.));
#3327 = PCURVE('',#1210,#3328);
#3328 = DEFINITIONAL_REPRESENTATION('',(#3329),#3333);
#3329 = LINE('',#3330,#3331);
#3330 = CARTESIAN_POINT('',(-3.14159265359,1.));
#3331 = VECTOR('',#3332,1.);
#3332 = DIRECTION('',(1.,0.));
#3333 = ( GEOMETRIC_REPRESENTATION_CONTEXT(2) 
PARAMETRIC_REPRESENTATION_CONTEXT() REPRESENTATION_CONTEXT('2D SPACE',''
  ) );
#3334 = PCURVE('',#1253,#3335);
#3335 = DEFINITIONAL_REPRESENTATION('',(#3336),#3340);
#3336 = CIRCLE('',#3337,28.08);
#3337 = AXIS2_PLACEMENT_2D('',#3338,#3339);
#3338 = CARTESIAN_POINT('',(0.,0.));
#3339 = DIRECTION('',(1.,0.));
#3340 = ( GEOMETRIC_REPRESENTATION_CONTEXT(2) 
PARAMETRIC_REPRESENTATION_CONTEXT() REPRESENTATION_CONTEXT('2D SPACE',''
  ) );
#3341 = ORIENTED_EDGE('',*,*,#1195,.F.);
#3342 = ADVANCED_FACE('',(#3343),#1253,.T.);
#3343 = FACE_BOUND('',#3344,.T.);
#3344 = EDGE_LOOP('',(#3345,#3346,#3347,#3369,#3414,#3436,#3481,#3501));
#3345 = ORIENTED_EDGE('',*,*,#1238,.F.);
#3346 = ORIENTED_EDGE('',*,*,#3320,.T.);
#3347 = ORIENTED_EDGE('',*,*,#3348,.T.);
#3348 = EDGE_CURVE('',#3299,#3349,#3351,.T.);
#3349 = VERTEX_POINT('',#3350);
#3350 = CARTESIAN_POINT('',(1.01E+03,-124.8,-28.07999995053));
#3351 = SURFACE_CURVE('',#3352,(#3356,#3363),.PCURVE_S1.);
#3352 = LINE('',#3353,#3354);
#3353 = CARTESIAN_POINT('',(1.01E+03,-124.8,-2.48689957516E-14));
#3354 = VECTOR('',#3355,1.);
#3355 = DIRECTION('',(1.110223024625E-16,0.,-1.));
#3356 = PCURVE('',#1253,#3357);
#3357 = DEFINITIONAL_REPRESENTATION('',(#3358),#3362);
#3358 = LINE('',#3359,#3360);
#3359 = CARTESIAN_POINT('',(28.08,-28.08));
#3360 = VECTOR('',#3361,1.);
#3361 = DIRECTION('',(1.,0.));
#3362 = ( GEOMETRIC_REPRESENTATION_CONTEXT(2) 
PARAMETRIC_REPRESENTATION_CONTEXT() REPRESENTATION_CONTEXT('2D SPACE',''
  ) );
#3363 = PCURVE('',#1990,#3364);
#3364 = DEFINITIONAL_REPRESENTATION('',(#3365),#3368);
#3365 = B_SPLINE_CURVE_WITH_KNOTS('',1,(#3366,#3367),.UNSPECIFIED.,.F.,
  .F.,(2,2),(-28.08,28.079999950538),.PIECEWISE_BEZIER_KNOTS.);
#3366 = CARTESIAN_POINT('',(-36.,1.));
#3367 = CARTESIAN_POINT('',(35.999999968294,1.));
#3368 = ( GEOMETRIC_REPRESENTATION_CONTEXT(2) 
PARAMETRIC_REPRESENTATION_CONTEXT() REPRESENTATION_CONTEXT('2D SPACE',''
  ) );
#3369 = ORIENTED_EDGE('',*,*,#3370,.T.);
#3370 = EDGE_CURVE('',#3349,#3371,#3373,.T.);
#3371 = VERTEX_POINT('',#3372);
#3372 = CARTESIAN_POINT('',(1.01E+03,-96.72,-56.15999997526));
#3373 = SURFACE_CURVE('',#3374,(#3379,#3386),.PCURVE_S1.);
#3374 = CIRCLE('',#3375,28.08);
#3375 = AXIS2_PLACEMENT_3D('',#3376,#3377,#3378);
#3376 = CARTESIAN_POINT('',(1.01E+03,-96.72,-28.07999995053));
#3377 = DIRECTION('',(1.,-0.,1.110223024625E-16));
#3378 = DIRECTION('',(1.110223024625E-16,0.,-1.));
#3379 = PCURVE('',#1253,#3380);
#3380 = DEFINITIONAL_REPRESENTATION('',(#3381),#3385);
#3381 = CIRCLE('',#3382,28.08);
#3382 = AXIS2_PLACEMENT_2D('',#3383,#3384);
#3383 = CARTESIAN_POINT('',(56.159999950538,0.));
#3384 = DIRECTION('',(1.,0.));
#3385 = ( GEOMETRIC_REPRESENTATION_CONTEXT(2) 
PARAMETRIC_REPRESENTATION_CONTEXT() REPRESENTATION_CONTEXT('2D SPACE',''
  ) );
#3386 = PCURVE('',#3387,#3408);
#3387 = B_SPLINE_SURFACE_WITH_KNOTS('',9,1,(
    (#3388,#3389)
    ,(#3390,#3391)
    ,(#3392,#3393)
    ,(#3394,#3395)
    ,(#3396,#3397)
    ,(#3398,#3399)
    ,(#3400,#3401)
    ,(#3402,#3403)
    ,(#3404,#3405)
    ,(#3406,#3407
    )),.UNSPECIFIED.,.F.,.F.,.F.,(10,10),(2,2),(1.570796326795,
    3.14159265359),(0.,1.),.PIECEWISE_BEZIER_KNOTS.);
#3388 = CARTESIAN_POINT('',(850.,-160.,-35.99999996829));
#3389 = CARTESIAN_POINT('',(1.01E+03,-124.8,-28.07999995053));
#3390 = CARTESIAN_POINT('',(849.99999999999,-159.9999999999,
    -42.28318527547));
#3391 = CARTESIAN_POINT('',(1.01E+03,-124.7999999999,-32.98088449013));
#3392 = CARTESIAN_POINT('',(850.,-158.7662995496,-48.56637067269));
#3393 = CARTESIAN_POINT('',(1.01E+03,-123.837712369,-37.88177037957));
#3394 = CARTESIAN_POINT('',(849.99999999999,-156.2988977856,
    -54.57271364208));
#3395 = CARTESIAN_POINT('',(1.01E+03,-121.9131452084,-42.56671168048));
#3396 = CARTESIAN_POINT('',(849.99999999999,-152.6702754187,
    -60.02537558401));
#3397 = CARTESIAN_POINT('',(1.01E+03,-119.0828060522,-46.8198017052));
#3398 = CARTESIAN_POINT('',(850.,-148.0253756157,-64.67027538706));
#3399 = CARTESIAN_POINT('',(1.01E+03,-115.4598017546,-50.44280600278));
#3400 = CARTESIAN_POINT('',(849.99999999999,-142.5727136737,
    -68.29889775398));
#3401 = CARTESIAN_POINT('',(1.01E+03,-111.2067117299,-53.27314515897));
#3402 = CARTESIAN_POINT('',(850.,-136.5663707043,-70.76629951789));
#3403 = CARTESIAN_POINT('',(1.01E+03,-106.521770429,-55.19771231962));
#3404 = CARTESIAN_POINT('',(849.99999999999,-130.2831853071,
    -71.99999996829));
#3405 = CARTESIAN_POINT('',(1.01E+03,-101.6208845396,-56.15999995053));
#3406 = CARTESIAN_POINT('',(850.,-124.,-71.99999996829));
#3407 = CARTESIAN_POINT('',(1.01E+03,-96.72,-56.15999995053));
#3408 = DEFINITIONAL_REPRESENTATION('',(#3409),#3413);
#3409 = LINE('',#3410,#3411);
#3410 = CARTESIAN_POINT('',(-3.14159265359,1.));
#3411 = VECTOR('',#3412,1.);
#3412 = DIRECTION('',(1.,0.));
#3413 = ( GEOMETRIC_REPRESENTATION_CONTEXT(2) 
PARAMETRIC_REPRESENTATION_CONTEXT() REPRESENTATION_CONTEXT('2D SPACE',''
  ) );
#3414 = ORIENTED_EDGE('',*,*,#3415,.T.);
#3415 = EDGE_CURVE('',#3371,#3416,#3418,.T.);
#3416 = VERTEX_POINT('',#3417);
#3417 = CARTESIAN_POINT('',(1.01E+03,96.72,-56.15999997526));
#3418 = SURFACE_CURVE('',#3419,(#3423,#3430),.PCURVE_S1.);
#3419 = LINE('',#3420,#3421);
#3420 = CARTESIAN_POINT('',(1.01E+03,0.,-56.16));
#3421 = VECTOR('',#3422,1.);
#3422 = DIRECTION('',(0.,1.,0.));
#3423 = PCURVE('',#1253,#3424);
#3424 = DEFINITIONAL_REPRESENTATION('',(#3425),#3429);
#3425 = LINE('',#3426,#3427);
#3426 = CARTESIAN_POINT('',(84.24,96.72));
#3427 = VECTOR('',#3428,1.);
#3428 = DIRECTION('',(0.,1.));
#3429 = ( GEOMETRIC_REPRESENTATION_CONTEXT(2) 
PARAMETRIC_REPRESENTATION_CONTEXT() REPRESENTATION_CONTEXT('2D SPACE',''
  ) );
#3430 = PCURVE('',#2727,#3431);
#3431 = DEFINITIONAL_REPRESENTATION('',(#3432),#3435);
#3432 = B_SPLINE_CURVE_WITH_KNOTS('',1,(#3433,#3434),.UNSPECIFIED.,.F.,
  .F.,(2,2),(-96.72,96.72),.PIECEWISE_BEZIER_KNOTS.);
#3433 = CARTESIAN_POINT('',(-124.,1.));
#3434 = CARTESIAN_POINT('',(124.,1.));
#3435 = ( GEOMETRIC_REPRESENTATION_CONTEXT(2) 
PARAMETRIC_REPRESENTATION_CONTEXT() REPRESENTATION_CONTEXT('2D SPACE',''
  ) );
#3436 = ORIENTED_EDGE('',*,*,#3437,.T.);
#3437 = EDGE_CURVE('',#3416,#3438,#3440,.T.);
#3438 = VERTEX_POINT('',#3439);
#3439 = CARTESIAN_POINT('',(1.01E+03,124.8,-28.07999995053));
#3440 = SURFACE_CURVE('',#3441,(#3446,#3453),.PCURVE_S1.);
#3441 = CIRCLE('',#3442,28.08);
#3442 = AXIS2_PLACEMENT_3D('',#3443,#3444,#3445);
#3443 = CARTESIAN_POINT('',(1.01E+03,96.72,-28.07999995053));
#3444 = DIRECTION('',(1.,-0.,1.110223024625E-16));
#3445 = DIRECTION('',(1.110223024625E-16,0.,-1.));
#3446 = PCURVE('',#1253,#3447);
#3447 = DEFINITIONAL_REPRESENTATION('',(#3448),#3452);
#3448 = CIRCLE('',#3449,28.08);
#3449 = AXIS2_PLACEMENT_2D('',#3450,#3451);
#3450 = CARTESIAN_POINT('',(56.159999950538,193.44));
#3451 = DIRECTION('',(1.,0.));
#3452 = ( GEOMETRIC_REPRESENTATION_CONTEXT(2) 
PARAMETRIC_REPRESENTATION_CONTEXT() REPRESENTATION_CONTEXT('2D SPACE',''
  ) );
#3453 = PCURVE('',#3454,#3475);
#3454 = B_SPLINE_SURFACE_WITH_KNOTS('',9,1,(
    (#3455,#3456)
    ,(#3457,#3458)
    ,(#3459,#3460)
    ,(#3461,#3462)
    ,(#3463,#3464)
    ,(#3465,#3466)
    ,(#3467,#3468)
    ,(#3469,#3470)
    ,(#3471,#3472)
    ,(#3473,#3474
    )),.UNSPECIFIED.,.F.,.F.,.F.,(10,10),(2,2),(3.14159265359,
    4.712388980385),(0.,1.),.PIECEWISE_BEZIER_KNOTS.);
#3455 = CARTESIAN_POINT('',(850.,124.,-71.99999996829));
#3456 = CARTESIAN_POINT('',(1.01E+03,96.72,-56.15999995053));
#3457 = CARTESIAN_POINT('',(849.99999999998,130.28318530717,
    -71.99999996829));
#3458 = CARTESIAN_POINT('',(1.01E+03,101.6208845396,-56.15999995053));
#3459 = CARTESIAN_POINT('',(850.00000000005,136.56637070439,
    -70.76629951789));
#3460 = CARTESIAN_POINT('',(1.01E+03,106.52177042903,-55.19771231962));
#3461 = CARTESIAN_POINT('',(849.99999999988,142.57271367379,
    -68.29889775397));
#3462 = CARTESIAN_POINT('',(1.01E+03,111.20671172995,-53.27314515897));
#3463 = CARTESIAN_POINT('',(850.00000000015,148.02537561571,
    -64.67027538707));
#3464 = CARTESIAN_POINT('',(1.01E+03,115.45980175466,-50.44280600278));
#3465 = CARTESIAN_POINT('',(849.99999999984,152.67027541879,
    -60.025375584));
#3466 = CARTESIAN_POINT('',(1.01E+03,119.08280605224,-46.8198017052));
#3467 = CARTESIAN_POINT('',(850.0000000001,156.29889778567,
    -54.57271364208));
#3468 = CARTESIAN_POINT('',(1.01E+03,121.91314520843,-42.56671168048));
#3469 = CARTESIAN_POINT('',(849.99999999995,158.7662995496,
    -48.56637067269));
#3470 = CARTESIAN_POINT('',(1.01E+03,123.83771236908,-37.88177037957));
#3471 = CARTESIAN_POINT('',(850.00000000001,159.99999999999,
    -42.28318527547));
#3472 = CARTESIAN_POINT('',(1.01E+03,124.8,-32.98088449013));
#3473 = CARTESIAN_POINT('',(850.,160.,-35.99999996829));
#3474 = CARTESIAN_POINT('',(1.01E+03,124.8,-28.07999995053));
#3475 = DEFINITIONAL_REPRESENTATION('',(#3476),#3480);
#3476 = LINE('',#3477,#3478);
#3477 = CARTESIAN_POINT('',(3.14159265359,1.));
#3478 = VECTOR('',#3479,1.);
#3479 = DIRECTION('',(1.,0.));
#3480 = ( GEOMETRIC_REPRESENTATION_CONTEXT(2) 
PARAMETRIC_REPRESENTATION_CONTEXT() REPRESENTATION_CONTEXT('2D SPACE',''
  ) );
#3481 = ORIENTED_EDGE('',*,*,#3482,.F.);
#3482 = EDGE_CURVE('',#3251,#3438,#3483,.T.);
#3483 = SURFACE_CURVE('',#3484,(#3488,#3495),.PCURVE_S1.);
#3484 = LINE('',#3485,#3486);
#3485 = CARTESIAN_POINT('',(1.01E+03,124.8,-2.48689957516E-14));
#3486 = VECTOR('',#3487,1.);
#3487 = DIRECTION('',(1.110223024625E-16,0.,-1.));
#3488 = PCURVE('',#1253,#3489);
#3489 = DEFINITIONAL_REPRESENTATION('',(#3490),#3494);
#3490 = LINE('',#3491,#3492);
#3491 = CARTESIAN_POINT('',(28.08,221.52));
#3492 = VECTOR('',#3493,1.);
#3493 = DIRECTION('',(1.,0.));
#3494 = ( GEOMETRIC_REPRESENTATION_CONTEXT(2) 
PARAMETRIC_REPRESENTATION_CONTEXT() REPRESENTATION_CONTEXT('2D SPACE',''
  ) );
#3495 = PCURVE('',#2101,#3496);
#3496 = DEFINITIONAL_REPRESENTATION('',(#3497),#3500);
#3497 = B_SPLINE_CURVE_WITH_KNOTS('',1,(#3498,#3499),.UNSPECIFIED.,.F.,
  .F.,(2,2),(-28.08,28.079999950538),.PIECEWISE_BEZIER_KNOTS.);
#3498 = CARTESIAN_POINT('',(36.,1.));
#3499 = CARTESIAN_POINT('',(-35.99999996829,1.));
#3500 = ( GEOMETRIC_REPRESENTATION_CONTEXT(2) 
PARAMETRIC_REPRESENTATION_CONTEXT() REPRESENTATION_CONTEXT('2D SPACE',''
  ) );
#3501 = ORIENTED_EDGE('',*,*,#3250,.T.);
#3502 = ADVANCED_FACE('',(#3503),#1336,.F.);
#3503 = FACE_BOUND('',#3504,.F.);
#3504 = EDGE_LOOP('',(#3505,#3506,#3529,#3570,#3591));
#3505 = ORIENTED_EDGE('',*,*,#2003,.F.);
#3506 = ORIENTED_EDGE('',*,*,#3507,.T.);
#3507 = EDGE_CURVE('',#2004,#3508,#3510,.T.);
#3508 = VERTEX_POINT('',#3509);
#3509 = CARTESIAN_POINT('',(311.,-159.1432070264,34.373654404763));
#3510 = SURFACE_CURVE('',#3511,(#3515,#3522),.PCURVE_S1.);
#3511 = LINE('',#3512,#3513);
#3512 = CARTESIAN_POINT('',(311.,-166.921381618,42.151828996323));
#3513 = VECTOR('',#3514,1.);
#3514 = DIRECTION('',(1.110223024625E-16,0.707106781187,-0.707106781187)
  );
#3515 = PCURVE('',#1336,#3516);
#3516 = DEFINITIONAL_REPRESENTATION('',(#3517),#3521);
#3517 = LINE('',#3518,#3519);
#3518 = CARTESIAN_POINT('',(0.,0.));
#3519 = VECTOR('',#3520,1.);
#3520 = DIRECTION('',(1.,0.));
#3521 = ( GEOMETRIC_REPRESENTATION_CONTEXT(2) 
PARAMETRIC_REPRESENTATION_CONTEXT() REPRESENTATION_CONTEXT('2D SPACE',''
  ) );
#3522 = PCURVE('',#1821,#3523);
#3523 = DEFINITIONAL_REPRESENTATION('',(#3524),#3528);
#3524 = LINE('',#3525,#3526);
#3525 = CARTESIAN_POINT('',(0.,1.));
#3526 = VECTOR('',#3527,1.);
#3527 = DIRECTION('',(1.,0.));
#3528 = ( GEOMETRIC_REPRESENTATION_CONTEXT(2) 
PARAMETRIC_REPRESENTATION_CONTEXT() REPRESENTATION_CONTEXT('2D SPACE',''
  ) );
#3529 = ORIENTED_EDGE('',*,*,#3530,.T.);
#3530 = EDGE_CURVE('',#3508,#3531,#3533,.T.);
#3531 = VERTEX_POINT('',#3532);
#3532 = CARTESIAN_POINT('',(610.,-157.3047293953,41.727564929103));
#3533 = SURFACE_CURVE('',#3534,(#3537,#3544),.PCURVE_S1.);
#3534 = B_SPLINE_CURVE_WITH_KNOTS('',1,(#3535,#3536),.UNSPECIFIED.,.F.,
  .F.,(2,2),(0.,1.),.PIECEWISE_BEZIER_KNOTS.);
#3535 = CARTESIAN_POINT('',(311.,-159.1432070264,34.373654404763));
#3536 = CARTESIAN_POINT('',(610.,-157.3047293953,41.727564929103));
#3537 = PCURVE('',#1336,#3538);
#3538 = DEFINITIONAL_REPRESENTATION('',(#3539),#3543);
#3539 = LINE('',#3540,#3541);
#3540 = CARTESIAN_POINT('',(10.999999997889,0.));
#3541 = VECTOR('',#3542,1.);
#3542 = DIRECTION('',(0.,1.));
#3543 = ( GEOMETRIC_REPRESENTATION_CONTEXT(2) 
PARAMETRIC_REPRESENTATION_CONTEXT() REPRESENTATION_CONTEXT('2D SPACE',''
  ) );
#3544 = PCURVE('',#3545,#3564);
#3545 = B_SPLINE_SURFACE_WITH_KNOTS('',8,1,(
    (#3546,#3547)
    ,(#3548,#3549)
    ,(#3550,#3551)
    ,(#3552,#3553)
    ,(#3554,#3555)
    ,(#3556,#3557)
    ,(#3558,#3559)
    ,(#3560,#3561)
    ,(#3562,#3563
    )),.UNSPECIFIED.,.F.,.F.,.F.,(9,9),(2,2),(1.570796326795,
    3.14159265359),(0.,1.),.PIECEWISE_BEZIER_KNOTS.);
#3546 = CARTESIAN_POINT('',(311.,-159.1432070264,34.373654404763));
#3547 = CARTESIAN_POINT('',(609.99999999999,-157.3047293953,
    41.727564929103));
#3548 = CARTESIAN_POINT('',(310.99999999999,-158.8655268428,
    34.095974221129));
#3549 = CARTESIAN_POINT('',(609.99999999999,-157.0270492117,
    41.449884745469));
#3550 = CARTESIAN_POINT('',(311.,-158.5255352064,33.880605315405));
#3551 = CARTESIAN_POINT('',(610.00000000002,-156.6870575753,
    41.234515839745));
#3552 = CARTESIAN_POINT('',(310.99999999999,-158.139546494,
    33.743860840263));
#3553 = CARTESIAN_POINT('',(609.99999999995,-156.3010688629,
    41.097771364603));
#3554 = CARTESIAN_POINT('',(311.,-157.728993464,33.696928450081));
#3555 = CARTESIAN_POINT('',(610.00000000004,-155.890515833,
    41.050838974421));
#3556 = CARTESIAN_POINT('',(310.99999999999,-157.3184404341,
    33.743860840263));
#3557 = CARTESIAN_POINT('',(609.99999999996,-155.479962803,
    41.097771364603));
#3558 = CARTESIAN_POINT('',(311.,-156.9324517217,33.880605315405));
#3559 = CARTESIAN_POINT('',(610.00000000001,-155.0939740906,
    41.234515839745));
#3560 = CARTESIAN_POINT('',(310.99999999999,-156.5924600853,
    34.095974221129));
#3561 = CARTESIAN_POINT('',(609.99999999999,-154.7539824542,
    41.449884745469));
#3562 = CARTESIAN_POINT('',(311.,-156.3147799017,34.373654404763));
#3563 = CARTESIAN_POINT('',(610.,-154.4763022706,41.727564929103));
#3564 = DEFINITIONAL_REPRESENTATION('',(#3565),#3569);
#3565 = LINE('',#3566,#3567);
#3566 = CARTESIAN_POINT('',(1.570796326795,0.));
#3567 = VECTOR('',#3568,1.);
#3568 = DIRECTION('',(0.,1.));
#3569 = ( GEOMETRIC_REPRESENTATION_CONTEXT(2) 
PARAMETRIC_REPRESENTATION_CONTEXT() REPRESENTATION_CONTEXT('2D SPACE',''
  ) );
#3570 = ORIENTED_EDGE('',*,*,#3571,.F.);
#3571 = EDGE_CURVE('',#1291,#3531,#3572,.T.);
#3572 = SURFACE_CURVE('',#3573,(#3577,#3584),.PCURVE_S1.);
#3573 = LINE('',#3574,#3575);
#3574 = CARTESIAN_POINT('',(610.,-165.0829039869,49.505739520663));
#3575 = VECTOR('',#3576,1.);
#3576 = DIRECTION('',(1.110223024625E-16,0.707106781187,-0.707106781187)
  );
#3577 = PCURVE('',#1336,#3578);
#3578 = DEFINITIONAL_REPRESENTATION('',(#3579),#3583);
#3579 = LINE('',#3580,#3581);
#3580 = CARTESIAN_POINT('',(0.,1.));
#3581 = VECTOR('',#3582,1.);
#3582 = DIRECTION('',(1.,0.));
#3583 = ( GEOMETRIC_REPRESENTATION_CONTEXT(2) 
PARAMETRIC_REPRESENTATION_CONTEXT() REPRESENTATION_CONTEXT('2D SPACE',''
  ) );
#3584 = PCURVE('',#1489,#3585);
#3585 = DEFINITIONAL_REPRESENTATION('',(#3586),#3590);
#3586 = LINE('',#3587,#3588);
#3587 = CARTESIAN_POINT('',(11.,-2.));
#3588 = VECTOR('',#3589,1.);
#3589 = DIRECTION('',(1.,0.));
#3590 = ( GEOMETRIC_REPRESENTATION_CONTEXT(2) 
PARAMETRIC_REPRESENTATION_CONTEXT() REPRESENTATION_CONTEXT('2D SPACE',''
  ) );
#3591 = ORIENTED_EDGE('',*,*,#1288,.F.);
#3592 = ADVANCED_FACE('',(#3593),#1489,.F.);
#3593 = FACE_BOUND('',#3594,.F.);
#3594 = EDGE_LOOP('',(#3595,#3596,#3597,#3621,#3648,#3670));
#3595 = ORIENTED_EDGE('',*,*,#1474,.T.);
#3596 = ORIENTED_EDGE('',*,*,#3571,.T.);
#3597 = ORIENTED_EDGE('',*,*,#3598,.T.);
#3598 = EDGE_CURVE('',#3531,#3599,#3601,.T.);
#3599 = VERTEX_POINT('',#3600);
#3600 = CARTESIAN_POINT('',(610.,-154.4763022698,41.727564928357));
#3601 = SURFACE_CURVE('',#3602,(#3607,#3614),.PCURVE_S1.);
#3602 = CIRCLE('',#3603,2.);
#3603 = AXIS2_PLACEMENT_3D('',#3604,#3605,#3606);
#3604 = CARTESIAN_POINT('',(610.,-155.890515833,43.141778491477));
#3605 = DIRECTION('',(1.,-7.850462293419E-17,7.850462293419E-17));
#3606 = DIRECTION('',(1.110223024625E-16,0.707106781187,-0.707106781187)
  );
#3607 = PCURVE('',#1489,#3608);
#3608 = DEFINITIONAL_REPRESENTATION('',(#3609),#3613);
#3609 = CIRCLE('',#3610,2.);
#3610 = AXIS2_PLACEMENT_2D('',#3611,#3612);
#3611 = CARTESIAN_POINT('',(21.99999999789,0.));
#3612 = DIRECTION('',(1.,0.));
#3613 = ( GEOMETRIC_REPRESENTATION_CONTEXT(2) 
PARAMETRIC_REPRESENTATION_CONTEXT() REPRESENTATION_CONTEXT('2D SPACE',''
  ) );
#3614 = PCURVE('',#3545,#3615);
#3615 = DEFINITIONAL_REPRESENTATION('',(#3616),#3620);
#3616 = LINE('',#3617,#3618);
#3617 = CARTESIAN_POINT('',(-3.14159265359,1.));
#3618 = VECTOR('',#3619,1.);
#3619 = DIRECTION('',(1.,0.));
#3620 = ( GEOMETRIC_REPRESENTATION_CONTEXT(2) 
PARAMETRIC_REPRESENTATION_CONTEXT() REPRESENTATION_CONTEXT('2D SPACE',''
  ) );
#3621 = ORIENTED_EDGE('',*,*,#3622,.T.);
#3622 = EDGE_CURVE('',#3599,#3623,#3625,.T.);
#3623 = VERTEX_POINT('',#3624);
#3624 = CARTESIAN_POINT('',(610.,-129.7275649283,66.476302269886));
#3625 = SURFACE_CURVE('',#3626,(#3630,#3637),.PCURVE_S1.);
#3626 = LINE('',#3627,#3628);
#3627 = CARTESIAN_POINT('',(610.,-142.1019335983,54.101933598375));
#3628 = VECTOR('',#3629,1.);
#3629 = DIRECTION('',(0.,0.707106781187,0.707106781187));
#3630 = PCURVE('',#1489,#3631);
#3631 = DEFINITIONAL_REPRESENTATION('',(#3632),#3636);
#3632 = LINE('',#3633,#3634);
#3633 = CARTESIAN_POINT('',(24.,17.5));
#3634 = VECTOR('',#3635,1.);
#3635 = DIRECTION('',(0.,1.));
#3636 = ( GEOMETRIC_REPRESENTATION_CONTEXT(2) 
PARAMETRIC_REPRESENTATION_CONTEXT() REPRESENTATION_CONTEXT('2D SPACE',''
  ) );
#3637 = PCURVE('',#3638,#3643);
#3638 = B_SPLINE_SURFACE_WITH_KNOTS('',1,1,(
    (#3639,#3640)
    ,(#3641,#3642
    )),.UNSPECIFIED.,.F.,.F.,.F.,(2,2),(2,2),(-24.,24.),(0.,1.),
  .PIECEWISE_BEZIER_KNOTS.);
#3639 = CARTESIAN_POINT('',(311.,-156.3147799002,34.373654403271));
#3640 = CARTESIAN_POINT('',(610.,-154.4763022691,41.727564927611));
#3641 = CARTESIAN_POINT('',(311.,-122.3736544032,68.314779900225));
#3642 = CARTESIAN_POINT('',(610.,-129.7275649276,66.47630226914));
#3643 = DEFINITIONAL_REPRESENTATION('',(#3644),#3647);
#3644 = B_SPLINE_CURVE_WITH_KNOTS('',1,(#3645,#3646),.UNSPECIFIED.,.F.,
  .F.,(2,2),(-17.5,17.5),.PIECEWISE_BEZIER_KNOTS.);
#3645 = CARTESIAN_POINT('',(-24.,1.));
#3646 = CARTESIAN_POINT('',(24.,1.));
#3647 = ( GEOMETRIC_REPRESENTATION_CONTEXT(2) 
PARAMETRIC_REPRESENTATION_CONTEXT() REPRESENTATION_CONTEXT('2D SPACE',''
  ) );
#3648 = ORIENTED_EDGE('',*,*,#3649,.T.);
#3649 = EDGE_CURVE('',#3623,#1530,#3650,.T.);
#3650 = SURFACE_CURVE('',#3651,(#3656,#3663),.PCURVE_S1.);
#3651 = CIRCLE('',#3652,2.);
#3652 = AXIS2_PLACEMENT_3D('',#3653,#3654,#3655);
#3653 = CARTESIAN_POINT('',(610.,-131.1417784914,67.890515833006));
#3654 = DIRECTION('',(1.,-7.850462293419E-17,7.850462293419E-17));
#3655 = DIRECTION('',(1.110223024625E-16,0.707106781187,-0.707106781187)
  );
#3656 = PCURVE('',#1489,#3657);
#3657 = DEFINITIONAL_REPRESENTATION('',(#3658),#3662);
#3658 = CIRCLE('',#3659,2.);
#3659 = AXIS2_PLACEMENT_2D('',#3660,#3661);
#3660 = CARTESIAN_POINT('',(21.99999999789,35.));
#3661 = DIRECTION('',(1.,0.));
#3662 = ( GEOMETRIC_REPRESENTATION_CONTEXT(2) 
PARAMETRIC_REPRESENTATION_CONTEXT() REPRESENTATION_CONTEXT('2D SPACE',''
  ) );
#3663 = PCURVE('',#1565,#3664);
#3664 = DEFINITIONAL_REPRESENTATION('',(#3665),#3669);
#3665 = LINE('',#3666,#3667);
#3666 = CARTESIAN_POINT('',(3.14159265359,1.));
#3667 = VECTOR('',#3668,1.);
#3668 = DIRECTION('',(1.,0.));
#3669 = ( GEOMETRIC_REPRESENTATION_CONTEXT(2) 
PARAMETRIC_REPRESENTATION_CONTEXT() REPRESENTATION_CONTEXT('2D SPACE',''
  ) );
#3670 = ORIENTED_EDGE('',*,*,#1529,.F.);
#3671 = ADVANCED_FACE('',(#3672),#1565,.F.);
#3672 = FACE_BOUND('',#3673,.F.);
#3673 = EDGE_LOOP('',(#3674,#3698,#3699,#3700));
#3674 = ORIENTED_EDGE('',*,*,#3675,.F.);
#3675 = EDGE_CURVE('',#1505,#3676,#3678,.T.);
#3676 = VERTEX_POINT('',#3677);
#3677 = CARTESIAN_POINT('',(311.,-122.373654404,68.314779900971));
#3678 = SURFACE_CURVE('',#3679,(#3684,#3691),.PCURVE_S1.);
#3679 = CIRCLE('',#3680,2.);
#3680 = AXIS2_PLACEMENT_3D('',#3681,#3682,#3683);
#3681 = CARTESIAN_POINT('',(311.,-123.7878679671,69.728993464091));
#3682 = DIRECTION('',(-1.,7.850462293419E-17,-7.850462293419E-17));
#3683 = DIRECTION('',(-1.110223024625E-16,-0.707106781187,0.707106781187
    ));
#3684 = PCURVE('',#1565,#3685);
#3685 = DEFINITIONAL_REPRESENTATION('',(#3686),#3690);
#3686 = LINE('',#3687,#3688);
#3687 = CARTESIAN_POINT('',(6.28318530718,0.));
#3688 = VECTOR('',#3689,1.);
#3689 = DIRECTION('',(-1.,0.));
#3690 = ( GEOMETRIC_REPRESENTATION_CONTEXT(2) 
PARAMETRIC_REPRESENTATION_CONTEXT() REPRESENTATION_CONTEXT('2D SPACE',''
  ) );
#3691 = PCURVE('',#1717,#3692);
#3692 = DEFINITIONAL_REPRESENTATION('',(#3693),#3697);
#3693 = LINE('',#3694,#3695);
#3694 = CARTESIAN_POINT('',(3.14159265359,1.));
#3695 = VECTOR('',#3696,1.);
#3696 = DIRECTION('',(-1.,0.));
#3697 = ( GEOMETRIC_REPRESENTATION_CONTEXT(2) 
PARAMETRIC_REPRESENTATION_CONTEXT() REPRESENTATION_CONTEXT('2D SPACE',''
  ) );
#3698 = ORIENTED_EDGE('',*,*,#1552,.T.);
#3699 = ORIENTED_EDGE('',*,*,#3649,.F.);
#3700 = ORIENTED_EDGE('',*,*,#3701,.F.);
#3701 = EDGE_CURVE('',#3676,#3623,#3702,.T.);
#3702 = SURFACE_CURVE('',#3703,(#3706,#3713),.PCURVE_S1.);
#3703 = B_SPLINE_CURVE_WITH_KNOTS('',1,(#3704,#3705),.UNSPECIFIED.,.F.,
  .F.,(2,2),(0.,1.),.PIECEWISE_BEZIER_KNOTS.);
#3704 = CARTESIAN_POINT('',(311.,-122.3736544032,68.314779900225));
#3705 = CARTESIAN_POINT('',(610.,-129.7275649276,66.47630226914));
#3706 = PCURVE('',#1565,#3707);
#3707 = DEFINITIONAL_REPRESENTATION('',(#3708),#3712);
#3708 = LINE('',#3709,#3710);
#3709 = CARTESIAN_POINT('',(3.14159265359,0.));
#3710 = VECTOR('',#3711,1.);
#3711 = DIRECTION('',(0.,1.));
#3712 = ( GEOMETRIC_REPRESENTATION_CONTEXT(2) 
PARAMETRIC_REPRESENTATION_CONTEXT() REPRESENTATION_CONTEXT('2D SPACE',''
  ) );
#3713 = PCURVE('',#3638,#3714);
#3714 = DEFINITIONAL_REPRESENTATION('',(#3715),#3719);
#3715 = LINE('',#3716,#3717);
#3716 = CARTESIAN_POINT('',(24.,0.));
#3717 = VECTOR('',#3718,1.);
#3718 = DIRECTION('',(0.,1.));
#3719 = ( GEOMETRIC_REPRESENTATION_CONTEXT(2) 
PARAMETRIC_REPRESENTATION_CONTEXT() REPRESENTATION_CONTEXT('2D SPACE',''
  ) );
#3720 = ADVANCED_FACE('',(#3721),#1612,.T.);
#3721 = FACE_BOUND('',#3722,.T.);
#3722 = EDGE_LOOP('',(#3723,#3724,#3747,#3790,#3817,#3839));
#3723 = ORIENTED_EDGE('',*,*,#1852,.T.);
#3724 = ORIENTED_EDGE('',*,*,#3725,.T.);
#3725 = EDGE_CURVE('',#1768,#3726,#3728,.T.);
#3726 = VERTEX_POINT('',#3727);
#3727 = CARTESIAN_POINT('',(150.,-146.7334830151,42.187184335382));
#3728 = SURFACE_CURVE('',#3729,(#3733,#3740),.PCURVE_S1.);
#3729 = LINE('',#3730,#3731);
#3730 = CARTESIAN_POINT('',(150.,-154.5116576081,49.965358928434));
#3731 = VECTOR('',#3732,1.);
#3732 = DIRECTION('',(1.110223024625E-16,0.707106781187,-0.707106781187)
  );
#3733 = PCURVE('',#1612,#3734);
#3734 = DEFINITIONAL_REPRESENTATION('',(#3735),#3739);
#3735 = LINE('',#3736,#3737);
#3736 = CARTESIAN_POINT('',(11.,-2.));
#3737 = VECTOR('',#3738,1.);
#3738 = DIRECTION('',(1.,0.));
#3739 = ( GEOMETRIC_REPRESENTATION_CONTEXT(2) 
PARAMETRIC_REPRESENTATION_CONTEXT() REPRESENTATION_CONTEXT('2D SPACE',''
  ) );
#3740 = PCURVE('',#1821,#3741);
#3741 = DEFINITIONAL_REPRESENTATION('',(#3742),#3746);
#3742 = LINE('',#3743,#3744);
#3743 = CARTESIAN_POINT('',(0.,0.));
#3744 = VECTOR('',#3745,1.);
#3745 = DIRECTION('',(1.,0.));
#3746 = ( GEOMETRIC_REPRESENTATION_CONTEXT(2) 
PARAMETRIC_REPRESENTATION_CONTEXT() REPRESENTATION_CONTEXT('2D SPACE',''
  ) );
#3747 = ORIENTED_EDGE('',*,*,#3748,.T.);
#3748 = EDGE_CURVE('',#3726,#3749,#3751,.T.);
#3749 = VERTEX_POINT('',#3750);
#3750 = CARTESIAN_POINT('',(150.,-143.9050558904,42.187184335382));
#3751 = SURFACE_CURVE('',#3752,(#3757,#3764),.PCURVE_S1.);
#3752 = CIRCLE('',#3753,2.);
#3753 = AXIS2_PLACEMENT_3D('',#3754,#3755,#3756);
#3754 = CARTESIAN_POINT('',(150.,-145.3192694527,43.601397897755));
#3755 = DIRECTION('',(1.,-7.850462293419E-17,7.850462293419E-17));
#3756 = DIRECTION('',(1.110223024625E-16,0.707106781187,-0.707106781187)
  );
#3757 = PCURVE('',#1612,#3758);
#3758 = DEFINITIONAL_REPRESENTATION('',(#3759),#3763);
#3759 = CIRCLE('',#3760,2.);
#3760 = AXIS2_PLACEMENT_2D('',#3761,#3762);
#3761 = CARTESIAN_POINT('',(22.,0.));
#3762 = DIRECTION('',(1.,0.));
#3763 = ( GEOMETRIC_REPRESENTATION_CONTEXT(2) 
PARAMETRIC_REPRESENTATION_CONTEXT() REPRESENTATION_CONTEXT('2D SPACE',''
  ) );
#3764 = PCURVE('',#3765,#3784);
#3765 = B_SPLINE_SURFACE_WITH_KNOTS('',8,1,(
    (#3766,#3767)
    ,(#3768,#3769)
    ,(#3770,#3771)
    ,(#3772,#3773)
    ,(#3774,#3775)
    ,(#3776,#3777)
    ,(#3778,#3779)
    ,(#3780,#3781)
    ,(#3782,#3783
    )),.UNSPECIFIED.,.F.,.F.,.F.,(9,9),(2,2),(4.712388980385,
    6.28318530718),(0.,1.),.PIECEWISE_BEZIER_KNOTS.);
#3766 = CARTESIAN_POINT('',(150.,-146.7334830151,42.187184335382));
#3767 = CARTESIAN_POINT('',(311.,-159.1432070264,34.373654404763));
#3768 = CARTESIAN_POINT('',(149.99999999999,-146.4558028315,
    41.909504151747));
#3769 = CARTESIAN_POINT('',(310.99999999999,-158.8655268428,
    34.095974221129));
#3770 = CARTESIAN_POINT('',(150.,-146.1158111951,41.694135246023));
#3771 = CARTESIAN_POINT('',(311.,-158.5255352064,33.880605315405));
#3772 = CARTESIAN_POINT('',(149.99999999998,-145.7298224827,
    41.557390770882));
#3773 = CARTESIAN_POINT('',(310.99999999999,-158.139546494,
    33.743860840263));
#3774 = CARTESIAN_POINT('',(150.00000000001,-145.3192694527,
    41.5104583807));
#3775 = CARTESIAN_POINT('',(311.,-157.728993464,33.696928450081));
#3776 = CARTESIAN_POINT('',(149.99999999998,-144.9087164227,
    41.557390770882));
#3777 = CARTESIAN_POINT('',(310.99999999999,-157.3184404341,
    33.743860840263));
#3778 = CARTESIAN_POINT('',(150.,-144.5227277103,41.694135246024));
#3779 = CARTESIAN_POINT('',(311.,-156.9324517217,33.880605315405));
#3780 = CARTESIAN_POINT('',(149.99999999999,-144.182736074,
    41.909504151747));
#3781 = CARTESIAN_POINT('',(310.99999999999,-156.5924600853,
    34.095974221129));
#3782 = CARTESIAN_POINT('',(150.,-143.9050558904,42.187184335382));
#3783 = CARTESIAN_POINT('',(311.,-156.3147799017,34.373654404763));
#3784 = DEFINITIONAL_REPRESENTATION('',(#3785),#3789);
#3785 = LINE('',#3786,#3787);
#3786 = CARTESIAN_POINT('',(0.,0.));
#3787 = VECTOR('',#3788,1.);
#3788 = DIRECTION('',(1.,0.));
#3789 = ( GEOMETRIC_REPRESENTATION_CONTEXT(2) 
PARAMETRIC_REPRESENTATION_CONTEXT() REPRESENTATION_CONTEXT('2D SPACE',''
  ) );
#3790 = ORIENTED_EDGE('',*,*,#3791,.T.);
#3791 = EDGE_CURVE('',#3749,#3792,#3794,.T.);
#3792 = VERTEX_POINT('',#3793);
#3793 = CARTESIAN_POINT('',(150.,-130.1871843365,55.9050558892));
#3794 = SURFACE_CURVE('',#3795,(#3799,#3806),.PCURVE_S1.);
#3795 = LINE('',#3796,#3797);
#3796 = CARTESIAN_POINT('',(150.,-137.0461201128,49.046120112892));
#3797 = VECTOR('',#3798,1.);
#3798 = DIRECTION('',(0.,0.707106781187,0.707106781187));
#3799 = PCURVE('',#1612,#3800);
#3800 = DEFINITIONAL_REPRESENTATION('',(#3801),#3805);
#3801 = LINE('',#3802,#3803);
#3802 = CARTESIAN_POINT('',(24.,9.7));
#3803 = VECTOR('',#3804,1.);
#3804 = DIRECTION('',(0.,1.));
#3805 = ( GEOMETRIC_REPRESENTATION_CONTEXT(2) 
PARAMETRIC_REPRESENTATION_CONTEXT() REPRESENTATION_CONTEXT('2D SPACE',''
  ) );
#3806 = PCURVE('',#3807,#3812);
#3807 = B_SPLINE_SURFACE_WITH_KNOTS('',1,1,(
    (#3808,#3809)
    ,(#3810,#3811
    )),.UNSPECIFIED.,.F.,.F.,.F.,(2,2),(2,2),(-24.,24.),(0.,1.),
  .PIECEWISE_BEZIER_KNOTS.);
#3808 = CARTESIAN_POINT('',(150.,-143.9050558904,42.187184335382));
#3809 = CARTESIAN_POINT('',(311.,-156.3147799002,34.373654403271));
#3810 = CARTESIAN_POINT('',(150.,-130.1871843365,55.9050558892));
#3811 = CARTESIAN_POINT('',(311.,-122.3736544032,68.314779900225));
#3812 = DEFINITIONAL_REPRESENTATION('',(#3813),#3816);
#3813 = B_SPLINE_CURVE_WITH_KNOTS('',1,(#3814,#3815),.UNSPECIFIED.,.F.,
  .F.,(2,2),(-9.7,9.699999998302),.PIECEWISE_BEZIER_KNOTS.);
#3814 = CARTESIAN_POINT('',(-24.,0.));
#3815 = CARTESIAN_POINT('',(24.,0.));
#3816 = ( GEOMETRIC_REPRESENTATION_CONTEXT(2) 
PARAMETRIC_REPRESENTATION_CONTEXT() REPRESENTATION_CONTEXT('2D SPACE',''
  ) );
#3817 = ORIENTED_EDGE('',*,*,#3818,.T.);
#3818 = EDGE_CURVE('',#3792,#1597,#3819,.T.);
#3819 = SURFACE_CURVE('',#3820,(#3825,#3832),.PCURVE_S1.);
#3820 = CIRCLE('',#3821,2.);
#3821 = AXIS2_PLACEMENT_3D('',#3822,#3823,#3824);
#3822 = CARTESIAN_POINT('',(150.,-131.6013978989,57.319269451574));
#3823 = DIRECTION('',(1.,-7.850462293419E-17,7.850462293419E-17));
#3824 = DIRECTION('',(1.110223024625E-16,0.707106781187,-0.707106781187)
  );
#3825 = PCURVE('',#1612,#3826);
#3826 = DEFINITIONAL_REPRESENTATION('',(#3827),#3831);
#3827 = CIRCLE('',#3828,2.);
#3828 = AXIS2_PLACEMENT_2D('',#3829,#3830);
#3829 = CARTESIAN_POINT('',(22.,19.399999998302));
#3830 = DIRECTION('',(1.,0.));
#3831 = ( GEOMETRIC_REPRESENTATION_CONTEXT(2) 
PARAMETRIC_REPRESENTATION_CONTEXT() REPRESENTATION_CONTEXT('2D SPACE',''
  ) );
#3832 = PCURVE('',#1717,#3833);
#3833 = DEFINITIONAL_REPRESENTATION('',(#3834),#3838);
#3834 = LINE('',#3835,#3836);
#3835 = CARTESIAN_POINT('',(0.,0.));
#3836 = VECTOR('',#3837,1.);
#3837 = DIRECTION('',(1.,0.));
#3838 = ( GEOMETRIC_REPRESENTATION_CONTEXT(2) 
PARAMETRIC_REPRESENTATION_CONTEXT() REPRESENTATION_CONTEXT('2D SPACE',''
  ) );
#3839 = ORIENTED_EDGE('',*,*,#1594,.F.);
#3840 = ADVANCED_FACE('',(#3841),#1717,.F.);
#3841 = FACE_BOUND('',#3842,.F.);
#3842 = EDGE_LOOP('',(#3843,#3844,#3845,#3846));
#3843 = ORIENTED_EDGE('',*,*,#3818,.T.);
#3844 = ORIENTED_EDGE('',*,*,#1704,.T.);
#3845 = ORIENTED_EDGE('',*,*,#3675,.T.);
#3846 = ORIENTED_EDGE('',*,*,#3847,.F.);
#3847 = EDGE_CURVE('',#3792,#3676,#3848,.T.);
#3848 = SURFACE_CURVE('',#3849,(#3852,#3859),.PCURVE_S1.);
#3849 = B_SPLINE_CURVE_WITH_KNOTS('',1,(#3850,#3851),.UNSPECIFIED.,.F.,
  .F.,(2,2),(0.,1.),.PIECEWISE_BEZIER_KNOTS.);
#3850 = CARTESIAN_POINT('',(150.,-130.1871843365,55.9050558892));
#3851 = CARTESIAN_POINT('',(311.,-122.3736544032,68.314779900225));
#3852 = PCURVE('',#1717,#3853);
#3853 = DEFINITIONAL_REPRESENTATION('',(#3854),#3858);
#3854 = LINE('',#3855,#3856);
#3855 = CARTESIAN_POINT('',(0.,0.));
#3856 = VECTOR('',#3857,1.);
#3857 = DIRECTION('',(0.,1.));
#3858 = ( GEOMETRIC_REPRESENTATION_CONTEXT(2) 
PARAMETRIC_REPRESENTATION_CONTEXT() REPRESENTATION_CONTEXT('2D SPACE',''
  ) );
#3859 = PCURVE('',#3807,#3860);
#3860 = DEFINITIONAL_REPRESENTATION('',(#3861),#3865);
#3861 = LINE('',#3862,#3863);
#3862 = CARTESIAN_POINT('',(24.,0.));
#3863 = VECTOR('',#3864,1.);
#3864 = DIRECTION('',(0.,1.));
#3865 = ( GEOMETRIC_REPRESENTATION_CONTEXT(2) 
PARAMETRIC_REPRESENTATION_CONTEXT() REPRESENTATION_CONTEXT('2D SPACE',''
  ) );
#3866 = ADVANCED_FACE('',(#3867),#1821,.F.);
#3867 = FACE_BOUND('',#3868,.F.);
#3868 = EDGE_LOOP('',(#3869,#3870,#3871,#3891,#3892));
#3869 = ORIENTED_EDGE('',*,*,#1767,.F.);
#3870 = ORIENTED_EDGE('',*,*,#3725,.T.);
#3871 = ORIENTED_EDGE('',*,*,#3872,.T.);
#3872 = EDGE_CURVE('',#3726,#3508,#3873,.T.);
#3873 = SURFACE_CURVE('',#3874,(#3877,#3884),.PCURVE_S1.);
#3874 = B_SPLINE_CURVE_WITH_KNOTS('',1,(#3875,#3876),.UNSPECIFIED.,.F.,
  .F.,(2,2),(0.,1.),.PIECEWISE_BEZIER_KNOTS.);
#3875 = CARTESIAN_POINT('',(150.,-146.7334830151,42.187184335382));
#3876 = CARTESIAN_POINT('',(311.,-159.1432070264,34.373654404763));
#3877 = PCURVE('',#1821,#3878);
#3878 = DEFINITIONAL_REPRESENTATION('',(#3879),#3883);
#3879 = LINE('',#3880,#3881);
#3880 = CARTESIAN_POINT('',(11.,0.));
#3881 = VECTOR('',#3882,1.);
#3882 = DIRECTION('',(0.,1.));
#3883 = ( GEOMETRIC_REPRESENTATION_CONTEXT(2) 
PARAMETRIC_REPRESENTATION_CONTEXT() REPRESENTATION_CONTEXT('2D SPACE',''
  ) );
#3884 = PCURVE('',#3765,#3885);
#3885 = DEFINITIONAL_REPRESENTATION('',(#3886),#3890);
#3886 = LINE('',#3887,#3888);
#3887 = CARTESIAN_POINT('',(4.712388980385,0.));
#3888 = VECTOR('',#3889,1.);
#3889 = DIRECTION('',(0.,1.));
#3890 = ( GEOMETRIC_REPRESENTATION_CONTEXT(2) 
PARAMETRIC_REPRESENTATION_CONTEXT() REPRESENTATION_CONTEXT('2D SPACE',''
  ) );
#3891 = ORIENTED_EDGE('',*,*,#3507,.F.);
#3892 = ORIENTED_EDGE('',*,*,#2023,.F.);
#3893 = ADVANCED_FACE('',(#3894),#1990,.T.);
#3894 = FACE_BOUND('',#3895,.T.);
#3895 = EDGE_LOOP('',(#3896,#3897,#3917,#3918));
#3896 = ORIENTED_EDGE('',*,*,#1976,.T.);
#3897 = ORIENTED_EDGE('',*,*,#3898,.T.);
#3898 = EDGE_CURVE('',#1952,#3349,#3899,.T.);
#3899 = SURFACE_CURVE('',#3900,(#3903,#3910),.PCURVE_S1.);
#3900 = B_SPLINE_CURVE_WITH_KNOTS('',1,(#3901,#3902),.UNSPECIFIED.,.F.,
  .F.,(2,2),(0.,1.),.PIECEWISE_BEZIER_KNOTS.);
#3901 = CARTESIAN_POINT('',(850.,-160.,-35.99999996829));
#3902 = CARTESIAN_POINT('',(1.01E+03,-124.8,-28.07999995053));
#3903 = PCURVE('',#1990,#3904);
#3904 = DEFINITIONAL_REPRESENTATION('',(#3905),#3909);
#3905 = LINE('',#3906,#3907);
#3906 = CARTESIAN_POINT('',(35.999999968294,0.));
#3907 = VECTOR('',#3908,1.);
#3908 = DIRECTION('',(0.,1.));
#3909 = ( GEOMETRIC_REPRESENTATION_CONTEXT(2) 
PARAMETRIC_REPRESENTATION_CONTEXT() REPRESENTATION_CONTEXT('2D SPACE',''
  ) );
#3910 = PCURVE('',#3387,#3911);
#3911 = DEFINITIONAL_REPRESENTATION('',(#3912),#3916);
#3912 = LINE('',#3913,#3914);
#3913 = CARTESIAN_POINT('',(1.570796326795,0.));
#3914 = VECTOR('',#3915,1.);
#3915 = DIRECTION('',(0.,1.));
#3916 = ( GEOMETRIC_REPRESENTATION_CONTEXT(2) 
PARAMETRIC_REPRESENTATION_CONTEXT() REPRESENTATION_CONTEXT('2D SPACE',''
  ) );
#3917 = ORIENTED_EDGE('',*,*,#3348,.F.);
#3918 = ORIENTED_EDGE('',*,*,#3298,.F.);
#3919 = ADVANCED_FACE('',(#3920),#1965,.T.);
#3920 = FACE_BOUND('',#3921,.T.);
#3921 = EDGE_LOOP('',(#3922,#3990,#3991,#4013,#4014,#4082));
#3922 = ORIENTED_EDGE('',*,*,#3923,.F.);
#3923 = EDGE_CURVE('',#2740,#3924,#3926,.T.);
#3924 = VERTEX_POINT('',#3925);
#3925 = CARTESIAN_POINT('',(610.,-131.6094316673,-71.18659613359));
#3926 = SURFACE_CURVE('',#3927,(#3946,#3968),.PCURVE_S1.);
#3927 = B_SPLINE_CURVE_WITH_KNOTS('',5,(#3928,#3929,#3930,#3931,#3932,
    #3933,#3934,#3935,#3936,#3937,#3938,#3939,#3940,#3941,#3942,#3943,
    #3944,#3945),.UNSPECIFIED.,.F.,.F.,(6,4,4,4,6),(0.,0.250433972287,
    0.500506304706,0.750568743984,1.),.UNSPECIFIED.);
#3928 = CARTESIAN_POINT('',(336.03117138639,-124.,-71.99999996829));
#3929 = CARTESIAN_POINT('',(349.75266957465,-124.4218506268,
    -71.99999996829));
#3930 = CARTESIAN_POINT('',(363.4743006778,-124.8375262982,
    -71.99382092654));
#3931 = CARTESIAN_POINT('',(377.19604970641,-125.2473879982,
    -71.98182428796));
#3932 = CARTESIAN_POINT('',(390.91790443394,-125.6517348688,
    -71.96430957039));
#3933 = CARTESIAN_POINT('',(418.34199021764,-126.4493431438,
    -71.91879797476));
#3934 = CARTESIAN_POINT('',(432.04422089122,-126.8426196877,
    -71.89081624794));
#3935 = CARTESIAN_POINT('',(445.74653700965,-127.2309154338,
    -71.85785109635));
#3936 = CARTESIAN_POINT('',(459.44893024545,-127.6144498134,
    -71.82012220744));
#3937 = CARTESIAN_POINT('',(486.85331500857,-128.3723674475,
    -71.73552565465));
#3938 = CARTESIAN_POINT('',(500.55530647003,-128.7467510516,
    -71.6886583423));
#3939 = CARTESIAN_POINT('',(514.25736109147,-129.1167599635,
    -71.6374143959));
#3940 = CARTESIAN_POINT('',(527.95947292292,-129.4825608272,
    -71.58196064257));
#3941 = CARTESIAN_POINT('',(555.32921523379,-130.20512988,
    -71.46308054805));
#3942 = CARTESIAN_POINT('',(568.99684541188,-130.5619187844,
    -71.39967493159));
#3943 = CARTESIAN_POINT('',(582.66452242462,-130.9148145783,
    -71.3323747646));
#3944 = CARTESIAN_POINT('',(596.33224187678,-131.2639474232,
    -71.26131034395));
#3945 = CARTESIAN_POINT('',(610.,-131.6094316673,-71.18659613359));
#3946 = PCURVE('',#1965,#3947);
#3947 = DEFINITIONAL_REPRESENTATION('',(#3948),#3967);
#3948 = B_SPLINE_CURVE_WITH_KNOTS('',5,(#3949,#3950,#3951,#3952,#3953,
    #3954,#3955,#3956,#3957,#3958,#3959,#3960,#3961,#3962,#3963,#3964,
    #3965,#3966),.UNSPECIFIED.,.F.,.F.,(6,4,4,4,6),(0.,0.250433972287,
    0.500506304706,0.750568743984,1.),.UNSPECIFIED.);
#3949 = CARTESIAN_POINT('',(3.14159265359,656.03117138639));
#3950 = CARTESIAN_POINT('',(3.129874580622,669.75266957465));
#3951 = CARTESIAN_POINT('',(3.118328033646,683.4743006778));
#3952 = CARTESIAN_POINT('',(3.106939636734,697.19604970641));
#3953 = CARTESIAN_POINT('',(3.095698304125,710.91790443394));
#3954 = CARTESIAN_POINT('',(3.073506480025,738.34199021764));
#3955 = CARTESIAN_POINT('',(3.062555592919,752.04422089122));
#3956 = CARTESIAN_POINT('',(3.051732112525,765.74653700965));
#3957 = CARTESIAN_POINT('',(3.041027874932,779.44893024545));
#3958 = CARTESIAN_POINT('',(3.019843868529,806.85331500857));
#3959 = CARTESIAN_POINT('',(3.009364091293,820.55530647003));
#3960 = CARTESIAN_POINT('',(2.998989122957,834.25736109147));
#3961 = CARTESIAN_POINT('',(2.988712711332,847.95947292292));
#3962 = CARTESIAN_POINT('',(2.968371514596,875.32921523379));
#3963 = CARTESIAN_POINT('',(2.958306251581,888.99684541188));
#3964 = CARTESIAN_POINT('',(2.948327961657,902.66452242462));
#3965 = CARTESIAN_POINT('',(2.938431695169,916.33224187678));
#3966 = CARTESIAN_POINT('',(2.928613063026,930.));
#3967 = ( GEOMETRIC_REPRESENTATION_CONTEXT(2) 
PARAMETRIC_REPRESENTATION_CONTEXT() REPRESENTATION_CONTEXT('2D SPACE',''
  ) );
#3968 = PCURVE('',#2773,#3969);
#3969 = DEFINITIONAL_REPRESENTATION('',(#3970),#3989);
#3970 = B_SPLINE_CURVE_WITH_KNOTS('',5,(#3971,#3972,#3973,#3974,#3975,
    #3976,#3977,#3978,#3979,#3980,#3981,#3982,#3983,#3984,#3985,#3986,
    #3987,#3988),.UNSPECIFIED.,.F.,.F.,(6,4,4,4,6),(0.,0.250433972287,
    0.500506304706,0.750568743984,1.),.UNSPECIFIED.);
#3971 = CARTESIAN_POINT('',(9.570649439526,8.371629226217E-02));
#3972 = CARTESIAN_POINT('',(9.451332063976,0.129607590551));
#3973 = CARTESIAN_POINT('',(9.340752017292,0.175499333371));
#3974 = CARTESIAN_POINT('',(9.238398269505,0.22139147059));
#3975 = CARTESIAN_POINT('',(9.143847344733,0.267283961318));
#3976 = CARTESIAN_POINT('',(8.969740149355,0.359003311765));
#3977 = CARTESIAN_POINT('',(8.890162454988,0.404830170205));
#3978 = CARTESIAN_POINT('',(8.817631644501,0.450657314414));
#3979 = CARTESIAN_POINT('',(8.751837105364,0.49648471654));
#3980 = CARTESIAN_POINT('',(8.633175699717,0.588138177286));
#3981 = CARTESIAN_POINT('',(8.580308336626,0.633964235686));
#3982 = CARTESIAN_POINT('',(8.533629919565,0.679790505323));
#3983 = CARTESIAN_POINT('',(8.492904571078,0.725616966297));
#3984 = CARTESIAN_POINT('',(8.42302865381,0.817154565999));
#3985 = CARTESIAN_POINT('',(8.393848778468,0.862865703719));
#3986 = CARTESIAN_POINT('',(8.370176222057,0.908576998076));
#3987 = CARTESIAN_POINT('',(8.351826755167,0.954288434371));
#3988 = CARTESIAN_POINT('',(8.338638534119,1.));
#3989 = ( GEOMETRIC_REPRESENTATION_CONTEXT(2) 
PARAMETRIC_REPRESENTATION_CONTEXT() REPRESENTATION_CONTEXT('2D SPACE',''
  ) );
#3990 = ORIENTED_EDGE('',*,*,#2739,.T.);
#3991 = ORIENTED_EDGE('',*,*,#3992,.T.);
#3992 = EDGE_CURVE('',#2712,#1952,#3993,.T.);
#3993 = SURFACE_CURVE('',#3994,(#3999,#4006),.PCURVE_S1.);
#3994 = CIRCLE('',#3995,36.);
#3995 = AXIS2_PLACEMENT_3D('',#3996,#3997,#3998);
#3996 = CARTESIAN_POINT('',(850.,-124.,-35.99999996829));
#3997 = DIRECTION('',(-1.,0.,-1.110223024625E-16));
#3998 = DIRECTION('',(-1.110223024625E-16,0.,1.));
#3999 = PCURVE('',#1965,#4000);
#4000 = DEFINITIONAL_REPRESENTATION('',(#4001),#4005);
#4001 = LINE('',#4002,#4003);
#4002 = CARTESIAN_POINT('',(6.28318530718,1.17E+03));
#4003 = VECTOR('',#4004,1.);
#4004 = DIRECTION('',(-1.,0.));
#4005 = ( GEOMETRIC_REPRESENTATION_CONTEXT(2) 
PARAMETRIC_REPRESENTATION_CONTEXT() REPRESENTATION_CONTEXT('2D SPACE',''
  ) );
#4006 = PCURVE('',#3387,#4007);
#4007 = DEFINITIONAL_REPRESENTATION('',(#4008),#4012);
#4008 = LINE('',#4009,#4010);
#4009 = CARTESIAN_POINT('',(6.28318530718,0.));
#4010 = VECTOR('',#4011,1.);
#4011 = DIRECTION('',(-1.,0.));
#4012 = ( GEOMETRIC_REPRESENTATION_CONTEXT(2) 
PARAMETRIC_REPRESENTATION_CONTEXT() REPRESENTATION_CONTEXT('2D SPACE',''
  ) );
#4013 = ORIENTED_EDGE('',*,*,#1951,.F.);
#4014 = ORIENTED_EDGE('',*,*,#4015,.T.);
#4015 = EDGE_CURVE('',#1927,#4016,#4018,.T.);
#4016 = VERTEX_POINT('',#4017);
#4017 = CARTESIAN_POINT('',(610.,-159.186596154,-43.60943168775));
#4018 = SURFACE_CURVE('',#4019,(#4038,#4060),.PCURVE_S1.);
#4019 = B_SPLINE_CURVE_WITH_KNOTS('',5,(#4020,#4021,#4022,#4023,#4024,
    #4025,#4026,#4027,#4028,#4029,#4030,#4031,#4032,#4033,#4034,#4035,
    #4036,#4037),.UNSPECIFIED.,.F.,.F.,(6,4,4,4,6),(0.,0.250433977931,
    0.500506308467,0.750568745862,1.),.UNSPECIFIED.);
#4020 = CARTESIAN_POINT('',(336.03116932376,-160.,-35.99999996829));
#4021 = CARTESIAN_POINT('',(349.75266792455,-160.,-36.4218506078));
#4022 = CARTESIAN_POINT('',(363.47429944024,-159.9938209578,
    -36.83752629149));
#4023 = CARTESIAN_POINT('',(377.19604888139,-159.9818243185,
    -37.24738800348));
#4024 = CARTESIAN_POINT('',(390.91790402146,-159.9643095999,
    -37.65173488576));
#4025 = CARTESIAN_POINT('',(418.34199021772,-159.9187980024,
    -38.44934317154));
#4026 = CARTESIAN_POINT('',(432.04422089132,-159.8908162749,
    -38.84261971483));
#4027 = CARTESIAN_POINT('',(445.74653700975,-159.8578511228,
    -39.23091546028));
#4028 = CARTESIAN_POINT('',(459.44893024555,-159.8201222333,
    -39.61444983931));
#4029 = CARTESIAN_POINT('',(486.85331500864,-159.7355256794,
    -40.37236747238));
#4030 = CARTESIAN_POINT('',(500.55530647005,-159.6886583665,
    -40.74675107594));
#4031 = CARTESIAN_POINT('',(514.25736109151,-159.6374144196,
    -41.11675998724));
#4032 = CARTESIAN_POINT('',(527.95947292289,-159.5819606658,
    -41.48256085047));
#4033 = CARTESIAN_POINT('',(555.32921523375,-159.4630805703,
    -42.20512990225));
#4034 = CARTESIAN_POINT('',(568.99684541185,-159.3996749533,
    -42.56191880626));
#4035 = CARTESIAN_POINT('',(582.66452242461,-159.3323747859,
    -42.91481459962));
#4036 = CARTESIAN_POINT('',(596.33224187677,-159.2613103648,
    -43.26394744409));
#4037 = CARTESIAN_POINT('',(610.,-159.186596154,-43.60943168775));
#4038 = PCURVE('',#1965,#4039);
#4039 = DEFINITIONAL_REPRESENTATION('',(#4040),#4059);
#4040 = B_SPLINE_CURVE_WITH_KNOTS('',5,(#4041,#4042,#4043,#4044,#4045,
    #4046,#4047,#4048,#4049,#4050,#4051,#4052,#4053,#4054,#4055,#4056,
    #4057,#4058),.UNSPECIFIED.,.F.,.F.,(6,4,4,4,6),(0.,0.250433977931,
    0.500506308467,0.750568745862,1.),.UNSPECIFIED.);
#4041 = CARTESIAN_POINT('',(1.570796326795,656.03116932376));
#4042 = CARTESIAN_POINT('',(1.582514400115,669.75266792455));
#4043 = CARTESIAN_POINT('',(1.594060947433,683.47429944024));
#4044 = CARTESIAN_POINT('',(1.605449344678,697.19604888139));
#4045 = CARTESIAN_POINT('',(1.616690677611,710.91790402146));
#4046 = CARTESIAN_POINT('',(1.638882502013,738.34199021772));
#4047 = CARTESIAN_POINT('',(1.649833389102,752.04422089132));
#4048 = CARTESIAN_POINT('',(1.660656869482,765.74653700975));
#4049 = CARTESIAN_POINT('',(1.671361107061,779.44893024555));
#4050 = CARTESIAN_POINT('',(1.692545113436,806.85331500864));
#4051 = CARTESIAN_POINT('',(1.70302489066,820.55530647005));
#4052 = CARTESIAN_POINT('',(1.713399858983,834.25736109151));
#4053 = CARTESIAN_POINT('',(1.723676270597,847.95947292289));
#4054 = CARTESIAN_POINT('',(1.74401746731,875.32921523375));
#4055 = CARTESIAN_POINT('',(1.754082730315,888.99684541185));
#4056 = CARTESIAN_POINT('',(1.764061020229,902.66452242461));
#4057 = CARTESIAN_POINT('',(1.773957286707,916.33224187677));
#4058 = CARTESIAN_POINT('',(1.78377591884,930.));
#4059 = ( GEOMETRIC_REPRESENTATION_CONTEXT(2) 
PARAMETRIC_REPRESENTATION_CONTEXT() REPRESENTATION_CONTEXT('2D SPACE',''
  ) );
#4060 = PCURVE('',#1940,#4061);
#4061 = DEFINITIONAL_REPRESENTATION('',(#4062),#4081);
#4062 = B_SPLINE_CURVE_WITH_KNOTS('',5,(#4063,#4064,#4065,#4066,#4067,
    #4068,#4069,#4070,#4071,#4072,#4073,#4074,#4075,#4076,#4077,#4078,
    #4079,#4080),.UNSPECIFIED.,.F.,.F.,(6,4,4,4,6),(0.,0.250433977931,
    0.500506308467,0.750568745862,1.),.UNSPECIFIED.);
#4063 = CARTESIAN_POINT('',(-9.570649412623,8.371628536376E-02));
#4064 = CARTESIAN_POINT('',(-9.451332033485,0.129607585032));
#4065 = CARTESIAN_POINT('',(-9.34075198374,0.175499329232));
#4066 = CARTESIAN_POINT('',(-9.238398233369,0.221391467831));
#4067 = CARTESIAN_POINT('',(-9.143847306459,0.267283959938));
#4068 = CARTESIAN_POINT('',(-8.969740110248,0.359003311765));
#4069 = CARTESIAN_POINT('',(-8.890162416741,0.404830170205));
#4070 = CARTESIAN_POINT('',(-8.817631607085,0.450657314414));
#4071 = CARTESIAN_POINT('',(-8.75183706875,0.49648471654));
#4072 = CARTESIAN_POINT('',(-8.63317566466,0.588138177286));
#4073 = CARTESIAN_POINT('',(-8.580308302323,0.633964235686));
#4074 = CARTESIAN_POINT('',(-8.533629885993,0.679790505323));
#4075 = CARTESIAN_POINT('',(-8.492904538217,0.725616966297));
#4076 = CARTESIAN_POINT('',(-8.423028622331,0.817154565999));
#4077 = CARTESIAN_POINT('',(-8.393848747659,0.862865703719));
#4078 = CARTESIAN_POINT('',(-8.370176191902,0.908576998076));
#4079 = CARTESIAN_POINT('',(-8.35182672565,0.95428843437));
#4080 = CARTESIAN_POINT('',(-8.338638505225,1.));
#4081 = ( GEOMETRIC_REPRESENTATION_CONTEXT(2) 
PARAMETRIC_REPRESENTATION_CONTEXT() REPRESENTATION_CONTEXT('2D SPACE',''
  ) );
#4082 = ORIENTED_EDGE('',*,*,#4083,.T.);
#4083 = EDGE_CURVE('',#4016,#3924,#4084,.T.);
#4084 = SURFACE_CURVE('',#4085,(#4090,#4097),.PCURVE_S1.);
#4085 = CIRCLE('',#4086,36.);
#4086 = AXIS2_PLACEMENT_3D('',#4087,#4088,#4089);
#4087 = CARTESIAN_POINT('',(610.,-124.,-35.99999996829));
#4088 = DIRECTION('',(1.,0.,1.110223024625E-16));
#4089 = DIRECTION('',(-1.110223024625E-16,0.,1.));
#4090 = PCURVE('',#1965,#4091);
#4091 = DEFINITIONAL_REPRESENTATION('',(#4092),#4096);
#4092 = LINE('',#4093,#4094);
#4093 = CARTESIAN_POINT('',(0.,930.));
#4094 = VECTOR('',#4095,1.);
#4095 = DIRECTION('',(1.,0.));
#4096 = ( GEOMETRIC_REPRESENTATION_CONTEXT(2) 
PARAMETRIC_REPRESENTATION_CONTEXT() REPRESENTATION_CONTEXT('2D SPACE',''
  ) );
#4097 = PCURVE('',#4098,#4103);
#4098 = PLANE('',#4099);
#4099 = AXIS2_PLACEMENT_3D('',#4100,#4101,#4102);
#4100 = CARTESIAN_POINT('',(610.,-146.698127676,-83.44686501761));
#4101 = DIRECTION('',(1.,-7.850462293419E-17,-7.850462293419E-17));
#4102 = DIRECTION('',(1.110223024625E-16,0.707106781187,0.707106781187)
  );
#4103 = DEFINITIONAL_REPRESENTATION('',(#4104),#4108);
#4104 = CIRCLE('',#4105,36.);
#4105 = AXIS2_PLACEMENT_2D('',#4106,#4107);
#4106 = CARTESIAN_POINT('',(49.60000002242,17.50000002242));
#4107 = DIRECTION('',(0.707106781187,0.707106781187));
#4108 = ( GEOMETRIC_REPRESENTATION_CONTEXT(2) 
PARAMETRIC_REPRESENTATION_CONTEXT() REPRESENTATION_CONTEXT('2D SPACE',''
  ) );
#4109 = ADVANCED_FACE('',(#4110),#1940,.F.);
#4110 = FACE_BOUND('',#4111,.F.);
#4111 = EDGE_LOOP('',(#4112,#4135,#4136,#4137,#4160));
#4112 = ORIENTED_EDGE('',*,*,#4113,.F.);
#4113 = EDGE_CURVE('',#1902,#4114,#4116,.T.);
#4114 = VERTEX_POINT('',#4115);
#4115 = CARTESIAN_POINT('',(311.,-159.1432070264,-34.37365440476));
#4116 = SURFACE_CURVE('',#4117,(#4121,#4128),.PCURVE_S1.);
#4117 = LINE('',#4118,#4119);
#4118 = CARTESIAN_POINT('',(311.,-166.921381618,-42.15182899632));
#4119 = VECTOR('',#4120,1.);
#4120 = DIRECTION('',(1.110223024625E-16,0.707106781187,0.707106781187)
  );
#4121 = PCURVE('',#1940,#4122);
#4122 = DEFINITIONAL_REPRESENTATION('',(#4123),#4127);
#4123 = LINE('',#4124,#4125);
#4124 = CARTESIAN_POINT('',(0.,0.));
#4125 = VECTOR('',#4126,1.);
#4126 = DIRECTION('',(-1.,0.));
#4127 = ( GEOMETRIC_REPRESENTATION_CONTEXT(2) 
PARAMETRIC_REPRESENTATION_CONTEXT() REPRESENTATION_CONTEXT('2D SPACE',''
  ) );
#4128 = PCURVE('',#1915,#4129);
#4129 = DEFINITIONAL_REPRESENTATION('',(#4130),#4134);
#4130 = LINE('',#4131,#4132);
#4131 = CARTESIAN_POINT('',(0.,1.));
#4132 = VECTOR('',#4133,1.);
#4133 = DIRECTION('',(-1.,0.));
#4134 = ( GEOMETRIC_REPRESENTATION_CONTEXT(2) 
PARAMETRIC_REPRESENTATION_CONTEXT() REPRESENTATION_CONTEXT('2D SPACE',''
  ) );
#4135 = ORIENTED_EDGE('',*,*,#1926,.T.);
#4136 = ORIENTED_EDGE('',*,*,#4015,.T.);
#4137 = ORIENTED_EDGE('',*,*,#4138,.T.);
#4138 = EDGE_CURVE('',#4016,#4139,#4141,.T.);
#4139 = VERTEX_POINT('',#4140);
#4140 = CARTESIAN_POINT('',(610.,-157.3047293953,-41.7275649291));
#4141 = SURFACE_CURVE('',#4142,(#4146,#4153),.PCURVE_S1.);
#4142 = LINE('',#4143,#4144);
#4143 = CARTESIAN_POINT('',(610.,-165.0829039869,-49.50573952066));
#4144 = VECTOR('',#4145,1.);
#4145 = DIRECTION('',(1.110223024625E-16,0.707106781187,0.707106781187)
  );
#4146 = PCURVE('',#1940,#4147);
#4147 = DEFINITIONAL_REPRESENTATION('',(#4148),#4152);
#4148 = LINE('',#4149,#4150);
#4149 = CARTESIAN_POINT('',(0.,1.));
#4150 = VECTOR('',#4151,1.);
#4151 = DIRECTION('',(-1.,0.));
#4152 = ( GEOMETRIC_REPRESENTATION_CONTEXT(2) 
PARAMETRIC_REPRESENTATION_CONTEXT() REPRESENTATION_CONTEXT('2D SPACE',''
  ) );
#4153 = PCURVE('',#4098,#4154);
#4154 = DEFINITIONAL_REPRESENTATION('',(#4155),#4159);
#4155 = LINE('',#4156,#4157);
#4156 = CARTESIAN_POINT('',(11.,37.));
#4157 = VECTOR('',#4158,1.);
#4158 = DIRECTION('',(1.,0.));
#4159 = ( GEOMETRIC_REPRESENTATION_CONTEXT(2) 
PARAMETRIC_REPRESENTATION_CONTEXT() REPRESENTATION_CONTEXT('2D SPACE',''
  ) );
#4160 = ORIENTED_EDGE('',*,*,#4161,.F.);
#4161 = EDGE_CURVE('',#4114,#4139,#4162,.T.);
#4162 = SURFACE_CURVE('',#4163,(#4166,#4173),.PCURVE_S1.);
#4163 = B_SPLINE_CURVE_WITH_KNOTS('',1,(#4164,#4165),.UNSPECIFIED.,.F.,
  .F.,(2,2),(0.,1.),.PIECEWISE_BEZIER_KNOTS.);
#4164 = CARTESIAN_POINT('',(311.,-159.1432070264,-34.37365440476));
#4165 = CARTESIAN_POINT('',(610.,-157.3047293953,-41.7275649291));
#4166 = PCURVE('',#1940,#4167);
#4167 = DEFINITIONAL_REPRESENTATION('',(#4168),#4172);
#4168 = LINE('',#4169,#4170);
#4169 = CARTESIAN_POINT('',(-10.99999999788,0.));
#4170 = VECTOR('',#4171,1.);
#4171 = DIRECTION('',(0.,1.));
#4172 = ( GEOMETRIC_REPRESENTATION_CONTEXT(2) 
PARAMETRIC_REPRESENTATION_CONTEXT() REPRESENTATION_CONTEXT('2D SPACE',''
  ) );
#4173 = PCURVE('',#4174,#4193);
#4174 = B_SPLINE_SURFACE_WITH_KNOTS('',8,1,(
    (#4175,#4176)
    ,(#4177,#4178)
    ,(#4179,#4180)
    ,(#4181,#4182)
    ,(#4183,#4184)
    ,(#4185,#4186)
    ,(#4187,#4188)
    ,(#4189,#4190)
    ,(#4191,#4192
    )),.UNSPECIFIED.,.F.,.F.,.F.,(9,9),(2,2),(3.14159265359,
    4.712388980385),(0.,1.),.PIECEWISE_BEZIER_KNOTS.);
#4175 = CARTESIAN_POINT('',(311.,-156.3147799017,-34.37365440476));
#4176 = CARTESIAN_POINT('',(610.,-154.4763022706,-41.7275649291));
#4177 = CARTESIAN_POINT('',(310.99999999999,-156.5924600853,
    -34.09597422112));
#4178 = CARTESIAN_POINT('',(610.,-154.7539824542,-41.44988474546));
#4179 = CARTESIAN_POINT('',(311.00000000001,-156.9324517217,
    -33.8806053154));
#4180 = CARTESIAN_POINT('',(609.99999999999,-155.0939740906,
    -41.23451583974));
#4181 = CARTESIAN_POINT('',(310.99999999998,-157.3184404341,
    -33.74386084026));
#4182 = CARTESIAN_POINT('',(610.00000000001,-155.479962803,
    -41.0977713646));
#4183 = CARTESIAN_POINT('',(311.00000000001,-157.728993464,
    -33.69692845008));
#4184 = CARTESIAN_POINT('',(609.99999999998,-155.890515833,
    -41.05083897442));
#4185 = CARTESIAN_POINT('',(310.99999999998,-158.139546494,
    -33.74386084026));
#4186 = CARTESIAN_POINT('',(610.00000000001,-156.3010688629,
    -41.0977713646));
#4187 = CARTESIAN_POINT('',(311.,-158.5255352064,-33.8806053154));
#4188 = CARTESIAN_POINT('',(609.99999999999,-156.6870575753,
    -41.23451583974));
#4189 = CARTESIAN_POINT('',(310.99999999999,-158.8655268428,
    -34.09597422112));
#4190 = CARTESIAN_POINT('',(610.,-157.0270492117,-41.44988474546));
#4191 = CARTESIAN_POINT('',(311.,-159.1432070264,-34.37365440476));
#4192 = CARTESIAN_POINT('',(610.,-157.3047293953,-41.7275649291));
#4193 = DEFINITIONAL_REPRESENTATION('',(#4194),#4198);
#4194 = LINE('',#4195,#4196);
#4195 = CARTESIAN_POINT('',(4.712388980385,0.));
#4196 = VECTOR('',#4197,1.);
#4197 = DIRECTION('',(0.,1.));
#4198 = ( GEOMETRIC_REPRESENTATION_CONTEXT(2) 
PARAMETRIC_REPRESENTATION_CONTEXT() REPRESENTATION_CONTEXT('2D SPACE',''
  ) );
#4199 = ADVANCED_FACE('',(#4200),#1915,.F.);
#4200 = FACE_BOUND('',#4201,.F.);
#4201 = EDGE_LOOP('',(#4202,#4225,#4226,#4227,#4228));
#4202 = ORIENTED_EDGE('',*,*,#4203,.F.);
#4203 = EDGE_CURVE('',#2316,#4204,#4206,.T.);
#4204 = VERTEX_POINT('',#4205);
#4205 = CARTESIAN_POINT('',(150.,-146.7334830145,-42.18718433598));
#4206 = SURFACE_CURVE('',#4207,(#4211,#4218),.PCURVE_S1.);
#4207 = LINE('',#4208,#4209);
#4208 = CARTESIAN_POINT('',(150.,-154.5116576082,-49.96535892843));
#4209 = VECTOR('',#4210,1.);
#4210 = DIRECTION('',(1.110223024625E-16,0.707106781187,0.707106781187)
  );
#4211 = PCURVE('',#1915,#4212);
#4212 = DEFINITIONAL_REPRESENTATION('',(#4213),#4217);
#4213 = LINE('',#4214,#4215);
#4214 = CARTESIAN_POINT('',(0.,0.));
#4215 = VECTOR('',#4216,1.);
#4216 = DIRECTION('',(-1.,0.));
#4217 = ( GEOMETRIC_REPRESENTATION_CONTEXT(2) 
PARAMETRIC_REPRESENTATION_CONTEXT() REPRESENTATION_CONTEXT('2D SPACE',''
  ) );
#4218 = PCURVE('',#2332,#4219);
#4219 = DEFINITIONAL_REPRESENTATION('',(#4220),#4224);
#4220 = LINE('',#4221,#4222);
#4221 = CARTESIAN_POINT('',(11.,21.4));
#4222 = VECTOR('',#4223,1.);
#4223 = DIRECTION('',(1.,0.));
#4224 = ( GEOMETRIC_REPRESENTATION_CONTEXT(2) 
PARAMETRIC_REPRESENTATION_CONTEXT() REPRESENTATION_CONTEXT('2D SPACE',''
  ) );
#4225 = ORIENTED_EDGE('',*,*,#2344,.T.);
#4226 = ORIENTED_EDGE('',*,*,#1901,.T.);
#4227 = ORIENTED_EDGE('',*,*,#4113,.T.);
#4228 = ORIENTED_EDGE('',*,*,#4229,.F.);
#4229 = EDGE_CURVE('',#4204,#4114,#4230,.T.);
#4230 = SURFACE_CURVE('',#4231,(#4234,#4241),.PCURVE_S1.);
#4231 = B_SPLINE_CURVE_WITH_KNOTS('',1,(#4232,#4233),.UNSPECIFIED.,.F.,
  .F.,(2,2),(0.,1.),.PIECEWISE_BEZIER_KNOTS.);
#4232 = CARTESIAN_POINT('',(150.,-146.7334830139,-42.18718433658));
#4233 = CARTESIAN_POINT('',(311.,-159.1432070264,-34.37365440476));
#4234 = PCURVE('',#1915,#4235);
#4235 = DEFINITIONAL_REPRESENTATION('',(#4236),#4240);
#4236 = LINE('',#4237,#4238);
#4237 = CARTESIAN_POINT('',(-11.,0.));
#4238 = VECTOR('',#4239,1.);
#4239 = DIRECTION('',(0.,1.));
#4240 = ( GEOMETRIC_REPRESENTATION_CONTEXT(2) 
PARAMETRIC_REPRESENTATION_CONTEXT() REPRESENTATION_CONTEXT('2D SPACE',''
  ) );
#4241 = PCURVE('',#4242,#4261);
#4242 = B_SPLINE_SURFACE_WITH_KNOTS('',8,1,(
    (#4243,#4244)
    ,(#4245,#4246)
    ,(#4247,#4248)
    ,(#4249,#4250)
    ,(#4251,#4252)
    ,(#4253,#4254)
    ,(#4255,#4256)
    ,(#4257,#4258)
    ,(#4259,#4260
    )),.UNSPECIFIED.,.F.,.F.,.F.,(9,9),(2,2),(0.,1.570796326795),(0.,1.)
  ,.PIECEWISE_BEZIER_KNOTS.);
#4243 = CARTESIAN_POINT('',(150.,-143.9050558892,-42.18718433658));
#4244 = CARTESIAN_POINT('',(311.,-156.3147799017,-34.37365440476));
#4245 = CARTESIAN_POINT('',(150.,-144.1827360728,-41.90950415294));
#4246 = CARTESIAN_POINT('',(310.99999999999,-156.5924600853,
    -34.09597422112));
#4247 = CARTESIAN_POINT('',(149.99999999999,-144.5227277091,
    -41.69413524722));
#4248 = CARTESIAN_POINT('',(311.00000000001,-156.9324517217,
    -33.8806053154));
#4249 = CARTESIAN_POINT('',(150.,-144.9087164215,-41.55739077208));
#4250 = CARTESIAN_POINT('',(310.99999999998,-157.3184404341,
    -33.74386084026));
#4251 = CARTESIAN_POINT('',(149.99999999999,-145.3192694515,
    -41.5104583819));
#4252 = CARTESIAN_POINT('',(311.00000000001,-157.728993464,
    -33.69692845008));
#4253 = CARTESIAN_POINT('',(150.,-145.7298224815,-41.55739077208));
#4254 = CARTESIAN_POINT('',(310.99999999998,-158.139546494,
    -33.74386084026));
#4255 = CARTESIAN_POINT('',(149.99999999999,-146.1158111939,
    -41.69413524722));
#4256 = CARTESIAN_POINT('',(311.,-158.5255352064,-33.8806053154));
#4257 = CARTESIAN_POINT('',(150.,-146.4558028303,-41.90950415294));
#4258 = CARTESIAN_POINT('',(310.99999999999,-158.8655268428,
    -34.09597422112));
#4259 = CARTESIAN_POINT('',(150.,-146.7334830139,-42.18718433658));
#4260 = CARTESIAN_POINT('',(311.,-159.1432070264,-34.37365440476));
#4261 = DEFINITIONAL_REPRESENTATION('',(#4262),#4266);
#4262 = LINE('',#4263,#4264);
#4263 = CARTESIAN_POINT('',(1.570796326795,0.));
#4264 = VECTOR('',#4265,1.);
#4265 = DIRECTION('',(0.,1.));
#4266 = ( GEOMETRIC_REPRESENTATION_CONTEXT(2) 
PARAMETRIC_REPRESENTATION_CONTEXT() REPRESENTATION_CONTEXT('2D SPACE',''
  ) );
#4267 = ADVANCED_FACE('',(#4268),#2177,.F.);
#4268 = FACE_BOUND('',#4269,.F.);
#4269 = EDGE_LOOP('',(#4270,#4271,#4294,#4335,#4356));
#4270 = ORIENTED_EDGE('',*,*,#2428,.F.);
#4271 = ORIENTED_EDGE('',*,*,#4272,.T.);
#4272 = EDGE_CURVE('',#2429,#4273,#4275,.T.);
#4273 = VERTEX_POINT('',#4274);
#4274 = CARTESIAN_POINT('',(150.,146.73348301514,-42.18718433538));
#4275 = SURFACE_CURVE('',#4276,(#4280,#4287),.PCURVE_S1.);
#4276 = LINE('',#4277,#4278);
#4277 = CARTESIAN_POINT('',(150.,154.51165760819,-49.96535892843));
#4278 = VECTOR('',#4279,1.);
#4279 = DIRECTION('',(1.110223024625E-16,-0.707106781187,0.707106781187)
  );
#4280 = PCURVE('',#2177,#4281);
#4281 = DEFINITIONAL_REPRESENTATION('',(#4282),#4286);
#4282 = LINE('',#4283,#4284);
#4283 = CARTESIAN_POINT('',(0.,0.));
#4284 = VECTOR('',#4285,1.);
#4285 = DIRECTION('',(1.,0.));
#4286 = ( GEOMETRIC_REPRESENTATION_CONTEXT(2) 
PARAMETRIC_REPRESENTATION_CONTEXT() REPRESENTATION_CONTEXT('2D SPACE',''
  ) );
#4287 = PCURVE('',#2525,#4288);
#4288 = DEFINITIONAL_REPRESENTATION('',(#4289),#4293);
#4289 = LINE('',#4290,#4291);
#4290 = CARTESIAN_POINT('',(11.,-2.));
#4291 = VECTOR('',#4292,1.);
#4292 = DIRECTION('',(1.,0.));
#4293 = ( GEOMETRIC_REPRESENTATION_CONTEXT(2) 
PARAMETRIC_REPRESENTATION_CONTEXT() REPRESENTATION_CONTEXT('2D SPACE',''
  ) );
#4294 = ORIENTED_EDGE('',*,*,#4295,.T.);
#4295 = EDGE_CURVE('',#4273,#4296,#4298,.T.);
#4296 = VERTEX_POINT('',#4297);
#4297 = CARTESIAN_POINT('',(311.,159.14320702646,-34.37365440476));
#4298 = SURFACE_CURVE('',#4299,(#4302,#4309),.PCURVE_S1.);
#4299 = B_SPLINE_CURVE_WITH_KNOTS('',1,(#4300,#4301),.UNSPECIFIED.,.F.,
  .F.,(2,2),(0.,1.),.PIECEWISE_BEZIER_KNOTS.);
#4300 = CARTESIAN_POINT('',(150.,146.73348301514,-42.18718433538));
#4301 = CARTESIAN_POINT('',(311.,159.14320702646,-34.37365440476));
#4302 = PCURVE('',#2177,#4303);
#4303 = DEFINITIONAL_REPRESENTATION('',(#4304),#4308);
#4304 = LINE('',#4305,#4306);
#4305 = CARTESIAN_POINT('',(11.,0.));
#4306 = VECTOR('',#4307,1.);
#4307 = DIRECTION('',(0.,1.));
#4308 = ( GEOMETRIC_REPRESENTATION_CONTEXT(2) 
PARAMETRIC_REPRESENTATION_CONTEXT() REPRESENTATION_CONTEXT('2D SPACE',''
  ) );
#4309 = PCURVE('',#4310,#4329);
#4310 = B_SPLINE_SURFACE_WITH_KNOTS('',8,1,(
    (#4311,#4312)
    ,(#4313,#4314)
    ,(#4315,#4316)
    ,(#4317,#4318)
    ,(#4319,#4320)
    ,(#4321,#4322)
    ,(#4323,#4324)
    ,(#4325,#4326)
    ,(#4327,#4328
    )),.UNSPECIFIED.,.F.,.F.,.F.,(9,9),(2,2),(4.712388980385,
    6.28318530718),(0.,1.),.PIECEWISE_BEZIER_KNOTS.);
#4311 = CARTESIAN_POINT('',(150.,146.73348301514,-42.18718433538));
#4312 = CARTESIAN_POINT('',(311.,159.14320702646,-34.37365440476));
#4313 = CARTESIAN_POINT('',(149.99999999999,146.45580283151,
    -41.90950415174));
#4314 = CARTESIAN_POINT('',(310.99999999999,158.86552684282,
    -34.09597422112));
#4315 = CARTESIAN_POINT('',(150.,146.11581119515,-41.69413524602));
#4316 = CARTESIAN_POINT('',(311.,158.52553520647,-33.8806053154));
#4317 = CARTESIAN_POINT('',(149.99999999998,145.72982248275,
    -41.55739077088));
#4318 = CARTESIAN_POINT('',(310.99999999999,158.13954649407,
    -33.74386084026));
#4319 = CARTESIAN_POINT('',(150.00000000001,145.31926945277,
    -41.5104583807));
#4320 = CARTESIAN_POINT('',(311.,157.72899346409,-33.69692845008));
#4321 = CARTESIAN_POINT('',(149.99999999998,144.90871642279,
    -41.55739077088));
#4322 = CARTESIAN_POINT('',(310.99999999999,157.3184404341,
    -33.74386084026));
#4323 = CARTESIAN_POINT('',(150.,144.52272771039,-41.69413524602));
#4324 = CARTESIAN_POINT('',(311.,156.93245172171,-33.8806053154));
#4325 = CARTESIAN_POINT('',(149.99999999999,144.18273607403,
    -41.90950415174));
#4326 = CARTESIAN_POINT('',(310.99999999999,156.59246008535,
    -34.09597422112));
#4327 = CARTESIAN_POINT('',(150.,143.9050558904,-42.18718433538));
#4328 = CARTESIAN_POINT('',(311.,156.31477990171,-34.37365440476));
#4329 = DEFINITIONAL_REPRESENTATION('',(#4330),#4334);
#4330 = LINE('',#4331,#4332);
#4331 = CARTESIAN_POINT('',(4.712388980385,0.));
#4332 = VECTOR('',#4333,1.);
#4333 = DIRECTION('',(0.,1.));
#4334 = ( GEOMETRIC_REPRESENTATION_CONTEXT(2) 
PARAMETRIC_REPRESENTATION_CONTEXT() REPRESENTATION_CONTEXT('2D SPACE',''
  ) );
#4335 = ORIENTED_EDGE('',*,*,#4336,.F.);
#4336 = EDGE_CURVE('',#2139,#4296,#4337,.T.);
#4337 = SURFACE_CURVE('',#4338,(#4342,#4349),.PCURVE_S1.);
#4338 = LINE('',#4339,#4340);
#4339 = CARTESIAN_POINT('',(311.,166.92138161802,-42.15182899632));
#4340 = VECTOR('',#4341,1.);
#4341 = DIRECTION('',(1.110223024625E-16,-0.707106781187,0.707106781187)
  );
#4342 = PCURVE('',#2177,#4343);
#4343 = DEFINITIONAL_REPRESENTATION('',(#4344),#4348);
#4344 = LINE('',#4345,#4346);
#4345 = CARTESIAN_POINT('',(0.,1.));
#4346 = VECTOR('',#4347,1.);
#4347 = DIRECTION('',(1.,0.));
#4348 = ( GEOMETRIC_REPRESENTATION_CONTEXT(2) 
PARAMETRIC_REPRESENTATION_CONTEXT() REPRESENTATION_CONTEXT('2D SPACE',''
  ) );
#4349 = PCURVE('',#2152,#4350);
#4350 = DEFINITIONAL_REPRESENTATION('',(#4351),#4355);
#4351 = LINE('',#4352,#4353);
#4352 = CARTESIAN_POINT('',(0.,0.));
#4353 = VECTOR('',#4354,1.);
#4354 = DIRECTION('',(1.,0.));
#4355 = ( GEOMETRIC_REPRESENTATION_CONTEXT(2) 
PARAMETRIC_REPRESENTATION_CONTEXT() REPRESENTATION_CONTEXT('2D SPACE',''
  ) );
#4356 = ORIENTED_EDGE('',*,*,#2163,.F.);
#4357 = ADVANCED_FACE('',(#4358),#2152,.F.);
#4358 = FACE_BOUND('',#4359,.F.);
#4359 = EDGE_LOOP('',(#4360,#4361,#4362,#4403,#4431));
#4360 = ORIENTED_EDGE('',*,*,#2138,.F.);
#4361 = ORIENTED_EDGE('',*,*,#4336,.T.);
#4362 = ORIENTED_EDGE('',*,*,#4363,.T.);
#4363 = EDGE_CURVE('',#4296,#4364,#4366,.T.);
#4364 = VERTEX_POINT('',#4365);
#4365 = CARTESIAN_POINT('',(610.,157.30472939537,-41.7275649291));
#4366 = SURFACE_CURVE('',#4367,(#4370,#4377),.PCURVE_S1.);
#4367 = B_SPLINE_CURVE_WITH_KNOTS('',1,(#4368,#4369),.UNSPECIFIED.,.F.,
  .F.,(2,2),(0.,1.),.PIECEWISE_BEZIER_KNOTS.);
#4368 = CARTESIAN_POINT('',(311.,159.14320702646,-34.37365440476));
#4369 = CARTESIAN_POINT('',(610.,157.30472939537,-41.7275649291));
#4370 = PCURVE('',#2152,#4371);
#4371 = DEFINITIONAL_REPRESENTATION('',(#4372),#4376);
#4372 = LINE('',#4373,#4374);
#4373 = CARTESIAN_POINT('',(10.999999997889,0.));
#4374 = VECTOR('',#4375,1.);
#4375 = DIRECTION('',(0.,1.));
#4376 = ( GEOMETRIC_REPRESENTATION_CONTEXT(2) 
PARAMETRIC_REPRESENTATION_CONTEXT() REPRESENTATION_CONTEXT('2D SPACE',''
  ) );
#4377 = PCURVE('',#4378,#4397);
#4378 = B_SPLINE_SURFACE_WITH_KNOTS('',8,1,(
    (#4379,#4380)
    ,(#4381,#4382)
    ,(#4383,#4384)
    ,(#4385,#4386)
    ,(#4387,#4388)
    ,(#4389,#4390)
    ,(#4391,#4392)
    ,(#4393,#4394)
    ,(#4395,#4396
    )),.UNSPECIFIED.,.F.,.F.,.F.,(9,9),(2,2),(1.570796326795,
    3.14159265359),(0.,1.),.PIECEWISE_BEZIER_KNOTS.);
#4379 = CARTESIAN_POINT('',(311.,159.14320702646,-34.37365440476));
#4380 = CARTESIAN_POINT('',(609.99999999999,157.30472939537,
    -41.7275649291));
#4381 = CARTESIAN_POINT('',(310.99999999999,158.86552684282,
    -34.09597422112));
#4382 = CARTESIAN_POINT('',(609.99999999999,157.02704921174,
    -41.44988474546));
#4383 = CARTESIAN_POINT('',(311.,158.52553520647,-33.8806053154));
#4384 = CARTESIAN_POINT('',(610.00000000002,156.68705757538,
    -41.23451583974));
#4385 = CARTESIAN_POINT('',(310.99999999999,158.13954649407,
    -33.74386084026));
#4386 = CARTESIAN_POINT('',(609.99999999995,156.30106886298,
    -41.0977713646));
#4387 = CARTESIAN_POINT('',(311.,157.72899346409,-33.69692845008));
#4388 = CARTESIAN_POINT('',(610.00000000004,155.890515833,
    -41.05083897442));
#4389 = CARTESIAN_POINT('',(310.99999999999,157.3184404341,
    -33.74386084026));
#4390 = CARTESIAN_POINT('',(609.99999999996,155.47996280302,
    -41.0977713646));
#4391 = CARTESIAN_POINT('',(311.,156.93245172171,-33.8806053154));
#4392 = CARTESIAN_POINT('',(610.00000000001,155.09397409062,
    -41.23451583974));
#4393 = CARTESIAN_POINT('',(310.99999999999,156.59246008535,
    -34.09597422112));
#4394 = CARTESIAN_POINT('',(609.99999999999,154.75398245426,
    -41.44988474546));
#4395 = CARTESIAN_POINT('',(311.,156.31477990171,-34.37365440476));
#4396 = CARTESIAN_POINT('',(610.,154.47630227063,-41.7275649291));
#4397 = DEFINITIONAL_REPRESENTATION('',(#4398),#4402);
#4398 = LINE('',#4399,#4400);
#4399 = CARTESIAN_POINT('',(1.570796326795,0.));
#4400 = VECTOR('',#4401,1.);
#4401 = DIRECTION('',(0.,1.));
#4402 = ( GEOMETRIC_REPRESENTATION_CONTEXT(2) 
PARAMETRIC_REPRESENTATION_CONTEXT() REPRESENTATION_CONTEXT('2D SPACE',''
  ) );
#4403 = ORIENTED_EDGE('',*,*,#4404,.F.);
#4404 = EDGE_CURVE('',#4405,#4364,#4407,.T.);
#4405 = VERTEX_POINT('',#4406);
#4406 = CARTESIAN_POINT('',(610.,159.18659615403,-43.60943168775));
#4407 = SURFACE_CURVE('',#4408,(#4412,#4419),.PCURVE_S1.);
#4408 = LINE('',#4409,#4410);
#4409 = CARTESIAN_POINT('',(610.,165.08290398693,-49.50573952066));
#4410 = VECTOR('',#4411,1.);
#4411 = DIRECTION('',(1.110223024625E-16,-0.707106781187,0.707106781187)
  );
#4412 = PCURVE('',#2152,#4413);
#4413 = DEFINITIONAL_REPRESENTATION('',(#4414),#4418);
#4414 = LINE('',#4415,#4416);
#4415 = CARTESIAN_POINT('',(0.,1.));
#4416 = VECTOR('',#4417,1.);
#4417 = DIRECTION('',(1.,0.));
#4418 = ( GEOMETRIC_REPRESENTATION_CONTEXT(2) 
PARAMETRIC_REPRESENTATION_CONTEXT() REPRESENTATION_CONTEXT('2D SPACE',''
  ) );
#4419 = PCURVE('',#4420,#4425);
#4420 = PLANE('',#4421);
#4421 = AXIS2_PLACEMENT_3D('',#4422,#4423,#4424);
#4422 = CARTESIAN_POINT('',(610.,171.44686501761,-58.69812767608));
#4423 = DIRECTION('',(1.,7.850462293419E-17,-7.850462293419E-17));
#4424 = DIRECTION('',(1.110223024625E-16,-0.707106781187,0.707106781187)
  );
#4425 = DEFINITIONAL_REPRESENTATION('',(#4426),#4430);
#4426 = LINE('',#4427,#4428);
#4427 = CARTESIAN_POINT('',(11.,-2.));
#4428 = VECTOR('',#4429,1.);
#4429 = DIRECTION('',(1.,0.));
#4430 = ( GEOMETRIC_REPRESENTATION_CONTEXT(2) 
PARAMETRIC_REPRESENTATION_CONTEXT() REPRESENTATION_CONTEXT('2D SPACE',''
  ) );
#4431 = ORIENTED_EDGE('',*,*,#4432,.F.);
#4432 = EDGE_CURVE('',#2114,#4405,#4433,.T.);
#4433 = SURFACE_CURVE('',#4434,(#4453,#4475),.PCURVE_S1.);
#4434 = B_SPLINE_CURVE_WITH_KNOTS('',5,(#4435,#4436,#4437,#4438,#4439,
    #4440,#4441,#4442,#4443,#4444,#4445,#4446,#4447,#4448,#4449,#4450,
    #4451,#4452),.UNSPECIFIED.,.F.,.F.,(6,4,4,4,6),(0.,0.250433977931,
    0.500506308466,0.750568745862,1.),.UNSPECIFIED.);
#4435 = CARTESIAN_POINT('',(336.03116932376,160.,-35.99999996829));
#4436 = CARTESIAN_POINT('',(349.75266792454,160.,-36.4218506078));
#4437 = CARTESIAN_POINT('',(363.47429944024,159.99382095787,
    -36.83752629149));
#4438 = CARTESIAN_POINT('',(377.19604888138,159.98182431858,
    -37.24738800348));
#4439 = CARTESIAN_POINT('',(390.91790402146,159.96430959999,
    -37.65173488576));
#4440 = CARTESIAN_POINT('',(418.34199021772,159.91879800242,
    -38.44934317154));
#4441 = CARTESIAN_POINT('',(432.04422089131,159.89081627498,
    -38.84261971483));
#4442 = CARTESIAN_POINT('',(445.74653700974,159.85785112281,
    -39.23091546028));
#4443 = CARTESIAN_POINT('',(459.44893024554,159.82012223333,
    -39.61444983931));
#4444 = CARTESIAN_POINT('',(486.85331500866,159.73552567943,
    -40.37236747238));
#4445 = CARTESIAN_POINT('',(500.55530647003,159.68865836656,
    -40.74675107594));
#4446 = CARTESIAN_POINT('',(514.25736109153,159.63741441964,
    -41.11675998724));
#4447 = CARTESIAN_POINT('',(527.9594729229,159.5819606658,
    -41.48256085047));
#4448 = CARTESIAN_POINT('',(555.32921523376,159.46308057031,
    -42.20512990225));
#4449 = CARTESIAN_POINT('',(568.99684541186,159.39967495338,
    -42.56191880626));
#4450 = CARTESIAN_POINT('',(582.66452242461,159.33237478592,
    -42.91481459962));
#4451 = CARTESIAN_POINT('',(596.33224187677,159.26131036482,
    -43.26394744409));
#4452 = CARTESIAN_POINT('',(610.,159.18659615403,-43.60943168775));
#4453 = PCURVE('',#2152,#4454);
#4454 = DEFINITIONAL_REPRESENTATION('',(#4455),#4474);
#4455 = B_SPLINE_CURVE_WITH_KNOTS('',5,(#4456,#4457,#4458,#4459,#4460,
    #4461,#4462,#4463,#4464,#4465,#4466,#4467,#4468,#4469,#4470,#4471,
    #4472,#4473),.UNSPECIFIED.,.F.,.F.,(6,4,4,4,6),(0.,0.250433977931,
    0.500506308466,0.750568745862,1.),.UNSPECIFIED.);
#4456 = CARTESIAN_POINT('',(9.570649412623,8.371628536376E-02));
#4457 = CARTESIAN_POINT('',(9.451332033485,0.129607585032));
#4458 = CARTESIAN_POINT('',(9.340751983739,0.175499329232));
#4459 = CARTESIAN_POINT('',(9.23839823337,0.221391467831));
#4460 = CARTESIAN_POINT('',(9.143847306459,0.267283959938));
#4461 = CARTESIAN_POINT('',(8.969740110248,0.359003311765));
#4462 = CARTESIAN_POINT('',(8.890162416741,0.404830170205));
#4463 = CARTESIAN_POINT('',(8.817631607084,0.450657314414));
#4464 = CARTESIAN_POINT('',(8.75183706875,0.49648471654));
#4465 = CARTESIAN_POINT('',(8.63317566466,0.588138177286));
#4466 = CARTESIAN_POINT('',(8.580308302323,0.633964235686));
#4467 = CARTESIAN_POINT('',(8.533629885992,0.679790505323));
#4468 = CARTESIAN_POINT('',(8.492904538217,0.725616966297));
#4469 = CARTESIAN_POINT('',(8.423028622331,0.817154565999));
#4470 = CARTESIAN_POINT('',(8.393848747659,0.862865703719));
#4471 = CARTESIAN_POINT('',(8.370176191902,0.908576998076));
#4472 = CARTESIAN_POINT('',(8.35182672565,0.95428843437));
#4473 = CARTESIAN_POINT('',(8.338638505225,1.));
#4474 = ( GEOMETRIC_REPRESENTATION_CONTEXT(2) 
PARAMETRIC_REPRESENTATION_CONTEXT() REPRESENTATION_CONTEXT('2D SPACE',''
  ) );
#4475 = PCURVE('',#2127,#4476);
#4476 = DEFINITIONAL_REPRESENTATION('',(#4477),#4496);
#4477 = B_SPLINE_CURVE_WITH_KNOTS('',5,(#4478,#4479,#4480,#4481,#4482,
    #4483,#4484,#4485,#4486,#4487,#4488,#4489,#4490,#4491,#4492,#4493,
    #4494,#4495),.UNSPECIFIED.,.F.,.F.,(6,4,4,4,6),(0.,0.250433977931,
    0.500506308466,0.750568745862,1.),.UNSPECIFIED.);
#4478 = CARTESIAN_POINT('',(4.712388980385,656.03116932376));
#4479 = CARTESIAN_POINT('',(4.700670907065,669.75266792454));
#4480 = CARTESIAN_POINT('',(4.689124359746,683.47429944024));
#4481 = CARTESIAN_POINT('',(4.677735962502,697.19604888138));
#4482 = CARTESIAN_POINT('',(4.666494629568,710.91790402146));
#4483 = CARTESIAN_POINT('',(4.644302805167,738.34199021772));
#4484 = CARTESIAN_POINT('',(4.633351918077,752.04422089131));
#4485 = CARTESIAN_POINT('',(4.622528437698,765.74653700974));
#4486 = CARTESIAN_POINT('',(4.611824200119,779.44893024554));
#4487 = CARTESIAN_POINT('',(4.590640193743,806.85331500866));
#4488 = CARTESIAN_POINT('',(4.58016041652,820.55530647003));
#4489 = CARTESIAN_POINT('',(4.569785448196,834.25736109153));
#4490 = CARTESIAN_POINT('',(4.559509036583,847.9594729229));
#4491 = CARTESIAN_POINT('',(4.53916783987,875.32921523376));
#4492 = CARTESIAN_POINT('',(4.529102576864,888.99684541186));
#4493 = CARTESIAN_POINT('',(4.519124286951,902.66452242461));
#4494 = CARTESIAN_POINT('',(4.509228020473,916.33224187677));
#4495 = CARTESIAN_POINT('',(4.499409388339,930.));
#4496 = ( GEOMETRIC_REPRESENTATION_CONTEXT(2) 
PARAMETRIC_REPRESENTATION_CONTEXT() REPRESENTATION_CONTEXT('2D SPACE',''
  ) );
#4497 = ADVANCED_FACE('',(#4498),#2127,.T.);
#4498 = FACE_BOUND('',#4499,.T.);
#4499 = EDGE_LOOP('',(#4500,#4501,#4502,#4524,#4525,#4593));
#4500 = ORIENTED_EDGE('',*,*,#4432,.F.);
#4501 = ORIENTED_EDGE('',*,*,#2113,.T.);
#4502 = ORIENTED_EDGE('',*,*,#4503,.T.);
#4503 = EDGE_CURVE('',#2086,#2692,#4504,.T.);
#4504 = SURFACE_CURVE('',#4505,(#4510,#4517),.PCURVE_S1.);
#4505 = CIRCLE('',#4506,36.);
#4506 = AXIS2_PLACEMENT_3D('',#4507,#4508,#4509);
#4507 = CARTESIAN_POINT('',(850.,124.,-35.99999996829));
#4508 = DIRECTION('',(-1.,0.,-1.110223024625E-16));
#4509 = DIRECTION('',(-1.110223024625E-16,0.,1.));
#4510 = PCURVE('',#2127,#4511);
#4511 = DEFINITIONAL_REPRESENTATION('',(#4512),#4516);
#4512 = LINE('',#4513,#4514);
#4513 = CARTESIAN_POINT('',(6.28318530718,1.17E+03));
#4514 = VECTOR('',#4515,1.);
#4515 = DIRECTION('',(-1.,0.));
#4516 = ( GEOMETRIC_REPRESENTATION_CONTEXT(2) 
PARAMETRIC_REPRESENTATION_CONTEXT() REPRESENTATION_CONTEXT('2D SPACE',''
  ) );
#4517 = PCURVE('',#3454,#4518);
#4518 = DEFINITIONAL_REPRESENTATION('',(#4519),#4523);
#4519 = LINE('',#4520,#4521);
#4520 = CARTESIAN_POINT('',(6.28318530718,0.));
#4521 = VECTOR('',#4522,1.);
#4522 = DIRECTION('',(-1.,0.));
#4523 = ( GEOMETRIC_REPRESENTATION_CONTEXT(2) 
PARAMETRIC_REPRESENTATION_CONTEXT() REPRESENTATION_CONTEXT('2D SPACE',''
  ) );
#4524 = ORIENTED_EDGE('',*,*,#2691,.F.);
#4525 = ORIENTED_EDGE('',*,*,#4526,.T.);
#4526 = EDGE_CURVE('',#2667,#4527,#4529,.T.);
#4527 = VERTEX_POINT('',#4528);
#4528 = CARTESIAN_POINT('',(610.,131.60943166732,-71.18659613359));
#4529 = SURFACE_CURVE('',#4530,(#4549,#4571),.PCURVE_S1.);
#4530 = B_SPLINE_CURVE_WITH_KNOTS('',5,(#4531,#4532,#4533,#4534,#4535,
    #4536,#4537,#4538,#4539,#4540,#4541,#4542,#4543,#4544,#4545,#4546,
    #4547,#4548),.UNSPECIFIED.,.F.,.F.,(6,4,4,4,6),(0.,0.250433972287,
    0.500506304706,0.750568743984,1.),.UNSPECIFIED.);
#4531 = CARTESIAN_POINT('',(336.03117138638,124.,-71.99999996829));
#4532 = CARTESIAN_POINT('',(349.75266957465,124.42185062682,
    -71.99999996829));
#4533 = CARTESIAN_POINT('',(363.4743006778,124.8375262982,
    -71.99382092654));
#4534 = CARTESIAN_POINT('',(377.19604970641,125.24738799822,
    -71.98182428796));
#4535 = CARTESIAN_POINT('',(390.91790443394,125.65173486884,
    -71.96430957039));
#4536 = CARTESIAN_POINT('',(418.34199021764,126.44934314389,
    -71.91879797476));
#4537 = CARTESIAN_POINT('',(432.04422089123,126.84261968779,
    -71.89081624794));
#4538 = CARTESIAN_POINT('',(445.74653700966,127.23091543382,
    -71.85785109635));
#4539 = CARTESIAN_POINT('',(459.44893024545,127.61444981341,
    -71.82012220744));
#4540 = CARTESIAN_POINT('',(486.85331500858,128.37236744759,
    -71.73552565465));
#4541 = CARTESIAN_POINT('',(500.55530647001,128.74675105168,
    -71.6886583423));
#4542 = CARTESIAN_POINT('',(514.2573610915,129.1167599635,-71.6374143959
    ));
#4543 = CARTESIAN_POINT('',(527.95947292291,129.48256082723,
    -71.58196064257));
#4544 = CARTESIAN_POINT('',(555.32921523379,130.20512988,-71.46308054805
    ));
#4545 = CARTESIAN_POINT('',(568.99684541188,130.56191878448,
    -71.39967493159));
#4546 = CARTESIAN_POINT('',(582.66452242463,130.9148145783,
    -71.3323747646));
#4547 = CARTESIAN_POINT('',(596.33224187678,131.26394742322,
    -71.26131034395));
#4548 = CARTESIAN_POINT('',(610.,131.60943166732,-71.18659613359));
#4549 = PCURVE('',#2127,#4550);
#4550 = DEFINITIONAL_REPRESENTATION('',(#4551),#4570);
#4551 = B_SPLINE_CURVE_WITH_KNOTS('',5,(#4552,#4553,#4554,#4555,#4556,
    #4557,#4558,#4559,#4560,#4561,#4562,#4563,#4564,#4565,#4566,#4567,
    #4568,#4569),.UNSPECIFIED.,.F.,.F.,(6,4,4,4,6),(0.,0.250433972287,
    0.500506304706,0.750568743984,1.),.UNSPECIFIED.);
#4552 = CARTESIAN_POINT('',(3.14159265359,656.03117138638));
#4553 = CARTESIAN_POINT('',(3.153310726557,669.75266957465));
#4554 = CARTESIAN_POINT('',(3.164857273534,683.4743006778));
#4555 = CARTESIAN_POINT('',(3.176245670446,697.19604970641));
#4556 = CARTESIAN_POINT('',(3.187487003054,710.91790443394));
#4557 = CARTESIAN_POINT('',(3.209678827155,738.34199021764));
#4558 = CARTESIAN_POINT('',(3.22062971426,752.04422089123));
#4559 = CARTESIAN_POINT('',(3.231453194654,765.74653700966));
#4560 = CARTESIAN_POINT('',(3.242157432248,779.44893024545));
#4561 = CARTESIAN_POINT('',(3.26334143865,806.85331500858));
#4562 = CARTESIAN_POINT('',(3.273821215887,820.55530647001));
#4563 = CARTESIAN_POINT('',(3.284196184222,834.2573610915));
#4564 = CARTESIAN_POINT('',(3.294472595848,847.95947292291));
#4565 = CARTESIAN_POINT('',(3.314813792583,875.32921523379));
#4566 = CARTESIAN_POINT('',(3.324879055599,888.99684541188));
#4567 = CARTESIAN_POINT('',(3.334857345523,902.66452242463));
#4568 = CARTESIAN_POINT('',(3.344753612011,916.33224187678));
#4569 = CARTESIAN_POINT('',(3.354572244154,930.));
#4570 = ( GEOMETRIC_REPRESENTATION_CONTEXT(2) 
PARAMETRIC_REPRESENTATION_CONTEXT() REPRESENTATION_CONTEXT('2D SPACE',''
  ) );
#4571 = PCURVE('',#2680,#4572);
#4572 = DEFINITIONAL_REPRESENTATION('',(#4573),#4592);
#4573 = B_SPLINE_CURVE_WITH_KNOTS('',5,(#4574,#4575,#4576,#4577,#4578,
    #4579,#4580,#4581,#4582,#4583,#4584,#4585,#4586,#4587,#4588,#4589,
    #4590,#4591),.UNSPECIFIED.,.F.,.F.,(6,4,4,4,6),(0.,0.250433972287,
    0.500506304706,0.750568743984,1.),.UNSPECIFIED.);
#4574 = CARTESIAN_POINT('',(-9.570649439526,8.371629226217E-02));
#4575 = CARTESIAN_POINT('',(-9.451332063976,0.129607590551));
#4576 = CARTESIAN_POINT('',(-9.340752017292,0.175499333371));
#4577 = CARTESIAN_POINT('',(-9.238398269505,0.22139147059));
#4578 = CARTESIAN_POINT('',(-9.143847344733,0.267283961318));
#4579 = CARTESIAN_POINT('',(-8.969740149355,0.359003311765));
#4580 = CARTESIAN_POINT('',(-8.890162454988,0.404830170205));
#4581 = CARTESIAN_POINT('',(-8.817631644501,0.450657314414));
#4582 = CARTESIAN_POINT('',(-8.751837105364,0.49648471654));
#4583 = CARTESIAN_POINT('',(-8.633175699717,0.588138177286));
#4584 = CARTESIAN_POINT('',(-8.580308336626,0.633964235686));
#4585 = CARTESIAN_POINT('',(-8.533629919565,0.679790505323));
#4586 = CARTESIAN_POINT('',(-8.492904571078,0.725616966297));
#4587 = CARTESIAN_POINT('',(-8.42302865381,0.817154565999));
#4588 = CARTESIAN_POINT('',(-8.393848778468,0.862865703719));
#4589 = CARTESIAN_POINT('',(-8.370176222057,0.908576998076));
#4590 = CARTESIAN_POINT('',(-8.351826755167,0.954288434371));
#4591 = CARTESIAN_POINT('',(-8.338638534119,1.));
#4592 = ( GEOMETRIC_REPRESENTATION_CONTEXT(2) 
PARAMETRIC_REPRESENTATION_CONTEXT() REPRESENTATION_CONTEXT('2D SPACE',''
  ) );
#4593 = ORIENTED_EDGE('',*,*,#4594,.T.);
#4594 = EDGE_CURVE('',#4527,#4405,#4595,.T.);
#4595 = SURFACE_CURVE('',#4596,(#4601,#4608),.PCURVE_S1.);
#4596 = CIRCLE('',#4597,36.);
#4597 = AXIS2_PLACEMENT_3D('',#4598,#4599,#4600);
#4598 = CARTESIAN_POINT('',(610.,124.,-35.99999996829));
#4599 = DIRECTION('',(1.,0.,1.110223024625E-16));
#4600 = DIRECTION('',(-1.110223024625E-16,0.,1.));
#4601 = PCURVE('',#2127,#4602);
#4602 = DEFINITIONAL_REPRESENTATION('',(#4603),#4607);
#4603 = LINE('',#4604,#4605);
#4604 = CARTESIAN_POINT('',(0.,930.));
#4605 = VECTOR('',#4606,1.);
#4606 = DIRECTION('',(1.,0.));
#4607 = ( GEOMETRIC_REPRESENTATION_CONTEXT(2) 
PARAMETRIC_REPRESENTATION_CONTEXT() REPRESENTATION_CONTEXT('2D SPACE',''
  ) );
#4608 = PCURVE('',#4420,#4609);
#4609 = DEFINITIONAL_REPRESENTATION('',(#4610),#4614);
#4610 = CIRCLE('',#4611,36.);
#4611 = AXIS2_PLACEMENT_2D('',#4612,#4613);
#4612 = CARTESIAN_POINT('',(49.60000002242,17.49999997758));
#4613 = DIRECTION('',(0.707106781187,-0.707106781187));
#4614 = ( GEOMETRIC_REPRESENTATION_CONTEXT(2) 
PARAMETRIC_REPRESENTATION_CONTEXT() REPRESENTATION_CONTEXT('2D SPACE',''
  ) );
#4615 = ADVANCED_FACE('',(#4616),#2101,.T.);
#4616 = FACE_BOUND('',#4617,.T.);
#4617 = EDGE_LOOP('',(#4618,#4619,#4620,#4621));
#4618 = ORIENTED_EDGE('',*,*,#2085,.F.);
#4619 = ORIENTED_EDGE('',*,*,#3274,.T.);
#4620 = ORIENTED_EDGE('',*,*,#3482,.T.);
#4621 = ORIENTED_EDGE('',*,*,#4622,.F.);
#4622 = EDGE_CURVE('',#2086,#3438,#4623,.T.);
#4623 = SURFACE_CURVE('',#4624,(#4627,#4634),.PCURVE_S1.);
#4624 = B_SPLINE_CURVE_WITH_KNOTS('',1,(#4625,#4626),.UNSPECIFIED.,.F.,
  .F.,(2,2),(0.,1.),.PIECEWISE_BEZIER_KNOTS.);
#4625 = CARTESIAN_POINT('',(850.,160.,-35.99999996829));
#4626 = CARTESIAN_POINT('',(1.01E+03,124.8,-28.07999995053));
#4627 = PCURVE('',#2101,#4628);
#4628 = DEFINITIONAL_REPRESENTATION('',(#4629),#4633);
#4629 = LINE('',#4630,#4631);
#4630 = CARTESIAN_POINT('',(-35.99999996829,0.));
#4631 = VECTOR('',#4632,1.);
#4632 = DIRECTION('',(0.,1.));
#4633 = ( GEOMETRIC_REPRESENTATION_CONTEXT(2) 
PARAMETRIC_REPRESENTATION_CONTEXT() REPRESENTATION_CONTEXT('2D SPACE',''
  ) );
#4634 = PCURVE('',#3454,#4635);
#4635 = DEFINITIONAL_REPRESENTATION('',(#4636),#4640);
#4636 = LINE('',#4637,#4638);
#4637 = CARTESIAN_POINT('',(4.712388980385,0.));
#4638 = VECTOR('',#4639,1.);
#4639 = DIRECTION('',(0.,1.));
#4640 = ( GEOMETRIC_REPRESENTATION_CONTEXT(2) 
PARAMETRIC_REPRESENTATION_CONTEXT() REPRESENTATION_CONTEXT('2D SPACE',''
  ) );
#4641 = ADVANCED_FACE('',(#4642),#2332,.T.);
#4642 = FACE_BOUND('',#4643,.T.);
#4643 = EDGE_LOOP('',(#4644,#4645,#4668,#4711,#4738,#4760));
#4644 = ORIENTED_EDGE('',*,*,#2315,.T.);
#4645 = ORIENTED_EDGE('',*,*,#4646,.T.);
#4646 = EDGE_CURVE('',#2231,#4647,#4649,.T.);
#4647 = VERTEX_POINT('',#4648);
#4648 = CARTESIAN_POINT('',(150.,-130.1871843353,-58.73348301514));
#4649 = SURFACE_CURVE('',#4650,(#4654,#4661),.PCURVE_S1.);
#4650 = LINE('',#4651,#4652);
#4651 = CARTESIAN_POINT('',(150.,-137.9653589284,-66.51165760819));
#4652 = VECTOR('',#4653,1.);
#4653 = DIRECTION('',(1.110223024625E-16,0.707106781187,0.707106781187)
  );
#4654 = PCURVE('',#2332,#4655);
#4655 = DEFINITIONAL_REPRESENTATION('',(#4656),#4660);
#4656 = LINE('',#4657,#4658);
#4657 = CARTESIAN_POINT('',(11.,-2.));
#4658 = VECTOR('',#4659,1.);
#4659 = DIRECTION('',(1.,0.));
#4660 = ( GEOMETRIC_REPRESENTATION_CONTEXT(2) 
PARAMETRIC_REPRESENTATION_CONTEXT() REPRESENTATION_CONTEXT('2D SPACE',''
  ) );
#4661 = PCURVE('',#2284,#4662);
#4662 = DEFINITIONAL_REPRESENTATION('',(#4663),#4667);
#4663 = LINE('',#4664,#4665);
#4664 = CARTESIAN_POINT('',(0.,0.));
#4665 = VECTOR('',#4666,1.);
#4666 = DIRECTION('',(1.,0.));
#4667 = ( GEOMETRIC_REPRESENTATION_CONTEXT(2) 
PARAMETRIC_REPRESENTATION_CONTEXT() REPRESENTATION_CONTEXT('2D SPACE',''
  ) );
#4668 = ORIENTED_EDGE('',*,*,#4669,.T.);
#4669 = EDGE_CURVE('',#4647,#4670,#4672,.T.);
#4670 = VERTEX_POINT('',#4671);
#4671 = CARTESIAN_POINT('',(150.,-130.1871843353,-55.9050558904));
#4672 = SURFACE_CURVE('',#4673,(#4678,#4685),.PCURVE_S1.);
#4673 = CIRCLE('',#4674,2.);
#4674 = AXIS2_PLACEMENT_3D('',#4675,#4676,#4677);
#4675 = CARTESIAN_POINT('',(150.,-131.6013978977,-57.31926945277));
#4676 = DIRECTION('',(1.,-7.850462293419E-17,-7.850462293419E-17));
#4677 = DIRECTION('',(1.110223024625E-16,0.707106781187,0.707106781187)
  );
#4678 = PCURVE('',#2332,#4679);
#4679 = DEFINITIONAL_REPRESENTATION('',(#4680),#4684);
#4680 = CIRCLE('',#4681,2.);
#4681 = AXIS2_PLACEMENT_2D('',#4682,#4683);
#4682 = CARTESIAN_POINT('',(22.,0.));
#4683 = DIRECTION('',(1.,0.));
#4684 = ( GEOMETRIC_REPRESENTATION_CONTEXT(2) 
PARAMETRIC_REPRESENTATION_CONTEXT() REPRESENTATION_CONTEXT('2D SPACE',''
  ) );
#4685 = PCURVE('',#4686,#4705);
#4686 = B_SPLINE_SURFACE_WITH_KNOTS('',8,1,(
    (#4687,#4688)
    ,(#4689,#4690)
    ,(#4691,#4692)
    ,(#4693,#4694)
    ,(#4695,#4696)
    ,(#4697,#4698)
    ,(#4699,#4700)
    ,(#4701,#4702)
    ,(#4703,#4704
    )),.UNSPECIFIED.,.F.,.F.,.F.,(9,9),(2,2),(4.712388980385,
    6.28318530718),(0.,1.),.PIECEWISE_BEZIER_KNOTS.);
#4687 = CARTESIAN_POINT('',(150.,-130.1871843353,-58.73348301514));
#4688 = CARTESIAN_POINT('',(311.,-122.3736544047,-71.14320702646));
#4689 = CARTESIAN_POINT('',(149.99999999999,-129.9095041517,
    -58.45580283151));
#4690 = CARTESIAN_POINT('',(310.99999999999,-122.0959742211,
    -70.86552684282));
#4691 = CARTESIAN_POINT('',(150.,-129.694135246,-58.11581119515));
#4692 = CARTESIAN_POINT('',(311.,-121.8806053154,-70.52553520647));
#4693 = CARTESIAN_POINT('',(149.99999999998,-129.5573907708,
    -57.72982248275));
#4694 = CARTESIAN_POINT('',(310.99999999999,-121.7438608402,
    -70.13954649407));
#4695 = CARTESIAN_POINT('',(150.00000000001,-129.5104583807,
    -57.31926945277));
#4696 = CARTESIAN_POINT('',(311.,-121.69692845,-69.72899346409));
#4697 = CARTESIAN_POINT('',(149.99999999998,-129.5573907708,
    -56.90871642279));
#4698 = CARTESIAN_POINT('',(310.99999999999,-121.7438608402,
    -69.3184404341));
#4699 = CARTESIAN_POINT('',(150.,-129.694135246,-56.52272771039));
#4700 = CARTESIAN_POINT('',(311.,-121.8806053154,-68.93245172171));
#4701 = CARTESIAN_POINT('',(149.99999999999,-129.9095041517,
    -56.18273607403));
#4702 = CARTESIAN_POINT('',(310.99999999999,-122.0959742211,
    -68.59246008535));
#4703 = CARTESIAN_POINT('',(150.,-130.1871843353,-55.9050558904));
#4704 = CARTESIAN_POINT('',(311.,-122.3736544047,-68.31477990171));
#4705 = DEFINITIONAL_REPRESENTATION('',(#4706),#4710);
#4706 = LINE('',#4707,#4708);
#4707 = CARTESIAN_POINT('',(0.,0.));
#4708 = VECTOR('',#4709,1.);
#4709 = DIRECTION('',(1.,0.));
#4710 = ( GEOMETRIC_REPRESENTATION_CONTEXT(2) 
PARAMETRIC_REPRESENTATION_CONTEXT() REPRESENTATION_CONTEXT('2D SPACE',''
  ) );
#4711 = ORIENTED_EDGE('',*,*,#4712,.T.);
#4712 = EDGE_CURVE('',#4670,#4713,#4715,.T.);
#4713 = VERTEX_POINT('',#4714);
#4714 = CARTESIAN_POINT('',(150.,-143.9050558892,-42.18718433658));
#4715 = SURFACE_CURVE('',#4716,(#4720,#4727),.PCURVE_S1.);
#4716 = LINE('',#4717,#4718);
#4717 = CARTESIAN_POINT('',(150.,-137.0461201128,-49.04612011289));
#4718 = VECTOR('',#4719,1.);
#4719 = DIRECTION('',(0.,-0.707106781187,0.707106781187));
#4720 = PCURVE('',#2332,#4721);
#4721 = DEFINITIONAL_REPRESENTATION('',(#4722),#4726);
#4722 = LINE('',#4723,#4724);
#4723 = CARTESIAN_POINT('',(24.,9.7));
#4724 = VECTOR('',#4725,1.);
#4725 = DIRECTION('',(0.,1.));
#4726 = ( GEOMETRIC_REPRESENTATION_CONTEXT(2) 
PARAMETRIC_REPRESENTATION_CONTEXT() REPRESENTATION_CONTEXT('2D SPACE',''
  ) );
#4727 = PCURVE('',#4728,#4733);
#4728 = B_SPLINE_SURFACE_WITH_KNOTS('',1,1,(
    (#4729,#4730)
    ,(#4731,#4732
    )),.UNSPECIFIED.,.F.,.F.,.F.,(2,2),(2,2),(-24.,24.),(0.,1.),
  .PIECEWISE_BEZIER_KNOTS.);
#4729 = CARTESIAN_POINT('',(150.,-130.1871843353,-55.9050558904));
#4730 = CARTESIAN_POINT('',(311.,-122.3736544032,-68.31477990022));
#4731 = CARTESIAN_POINT('',(150.,-143.9050558892,-42.18718433658));
#4732 = CARTESIAN_POINT('',(311.,-156.3147799002,-34.37365440327));
#4733 = DEFINITIONAL_REPRESENTATION('',(#4734),#4737);
#4734 = B_SPLINE_CURVE_WITH_KNOTS('',1,(#4735,#4736),.UNSPECIFIED.,.F.,
  .F.,(2,2),(-9.7,9.699999998302),.PIECEWISE_BEZIER_KNOTS.);
#4735 = CARTESIAN_POINT('',(-24.,0.));
#4736 = CARTESIAN_POINT('',(24.,0.));
#4737 = ( GEOMETRIC_REPRESENTATION_CONTEXT(2) 
PARAMETRIC_REPRESENTATION_CONTEXT() REPRESENTATION_CONTEXT('2D SPACE',''
  ) );
#4738 = ORIENTED_EDGE('',*,*,#4739,.T.);
#4739 = EDGE_CURVE('',#4713,#4204,#4740,.T.);
#4740 = SURFACE_CURVE('',#4741,(#4746,#4753),.PCURVE_S1.);
#4741 = CIRCLE('',#4742,2.);
#4742 = AXIS2_PLACEMENT_3D('',#4743,#4744,#4745);
#4743 = CARTESIAN_POINT('',(150.,-145.3192694515,-43.60139789895));
#4744 = DIRECTION('',(1.,-7.850462293419E-17,-7.850462293419E-17));
#4745 = DIRECTION('',(1.110223024625E-16,0.707106781187,0.707106781187)
  );
#4746 = PCURVE('',#2332,#4747);
#4747 = DEFINITIONAL_REPRESENTATION('',(#4748),#4752);
#4748 = CIRCLE('',#4749,2.);
#4749 = AXIS2_PLACEMENT_2D('',#4750,#4751);
#4750 = CARTESIAN_POINT('',(22.,19.399999998302));
#4751 = DIRECTION('',(1.,0.));
#4752 = ( GEOMETRIC_REPRESENTATION_CONTEXT(2) 
PARAMETRIC_REPRESENTATION_CONTEXT() REPRESENTATION_CONTEXT('2D SPACE',''
  ) );
#4753 = PCURVE('',#4242,#4754);
#4754 = DEFINITIONAL_REPRESENTATION('',(#4755),#4759);
#4755 = LINE('',#4756,#4757);
#4756 = CARTESIAN_POINT('',(0.,0.));
#4757 = VECTOR('',#4758,1.);
#4758 = DIRECTION('',(1.,0.));
#4759 = ( GEOMETRIC_REPRESENTATION_CONTEXT(2) 
PARAMETRIC_REPRESENTATION_CONTEXT() REPRESENTATION_CONTEXT('2D SPACE',''
  ) );
#4760 = ORIENTED_EDGE('',*,*,#4203,.F.);
#4761 = ADVANCED_FACE('',(#4762),#2284,.F.);
#4762 = FACE_BOUND('',#4763,.F.);
#4763 = EDGE_LOOP('',(#4764,#4765,#4766,#4788,#4809));
#4764 = ORIENTED_EDGE('',*,*,#2230,.F.);
#4765 = ORIENTED_EDGE('',*,*,#4646,.T.);
#4766 = ORIENTED_EDGE('',*,*,#4767,.T.);
#4767 = EDGE_CURVE('',#4647,#4768,#4770,.T.);
#4768 = VERTEX_POINT('',#4769);
#4769 = CARTESIAN_POINT('',(311.,-122.3736544047,-71.14320702646));
#4770 = SURFACE_CURVE('',#4771,(#4774,#4781),.PCURVE_S1.);
#4771 = B_SPLINE_CURVE_WITH_KNOTS('',1,(#4772,#4773),.UNSPECIFIED.,.F.,
  .F.,(2,2),(0.,1.),.PIECEWISE_BEZIER_KNOTS.);
#4772 = CARTESIAN_POINT('',(150.,-130.1871843353,-58.73348301514));
#4773 = CARTESIAN_POINT('',(311.,-122.3736544047,-71.14320702646));
#4774 = PCURVE('',#2284,#4775);
#4775 = DEFINITIONAL_REPRESENTATION('',(#4776),#4780);
#4776 = LINE('',#4777,#4778);
#4777 = CARTESIAN_POINT('',(11.,0.));
#4778 = VECTOR('',#4779,1.);
#4779 = DIRECTION('',(0.,1.));
#4780 = ( GEOMETRIC_REPRESENTATION_CONTEXT(2) 
PARAMETRIC_REPRESENTATION_CONTEXT() REPRESENTATION_CONTEXT('2D SPACE',''
  ) );
#4781 = PCURVE('',#4686,#4782);
#4782 = DEFINITIONAL_REPRESENTATION('',(#4783),#4787);
#4783 = LINE('',#4784,#4785);
#4784 = CARTESIAN_POINT('',(4.712388980385,0.));
#4785 = VECTOR('',#4786,1.);
#4786 = DIRECTION('',(0.,1.));
#4787 = ( GEOMETRIC_REPRESENTATION_CONTEXT(2) 
PARAMETRIC_REPRESENTATION_CONTEXT() REPRESENTATION_CONTEXT('2D SPACE',''
  ) );
#4788 = ORIENTED_EDGE('',*,*,#4789,.F.);
#4789 = EDGE_CURVE('',#2760,#4768,#4790,.T.);
#4790 = SURFACE_CURVE('',#4791,(#4795,#4802),.PCURVE_S1.);
#4791 = LINE('',#4792,#4793);
#4792 = CARTESIAN_POINT('',(311.,-130.1518289963,-78.92138161802));
#4793 = VECTOR('',#4794,1.);
#4794 = DIRECTION('',(1.110223024625E-16,0.707106781187,0.707106781187)
  );
#4795 = PCURVE('',#2284,#4796);
#4796 = DEFINITIONAL_REPRESENTATION('',(#4797),#4801);
#4797 = LINE('',#4798,#4799);
#4798 = CARTESIAN_POINT('',(0.,1.));
#4799 = VECTOR('',#4800,1.);
#4800 = DIRECTION('',(1.,0.));
#4801 = ( GEOMETRIC_REPRESENTATION_CONTEXT(2) 
PARAMETRIC_REPRESENTATION_CONTEXT() REPRESENTATION_CONTEXT('2D SPACE',''
  ) );
#4802 = PCURVE('',#2773,#4803);
#4803 = DEFINITIONAL_REPRESENTATION('',(#4804),#4808);
#4804 = LINE('',#4805,#4806);
#4805 = CARTESIAN_POINT('',(0.,0.));
#4806 = VECTOR('',#4807,1.);
#4807 = DIRECTION('',(1.,0.));
#4808 = ( GEOMETRIC_REPRESENTATION_CONTEXT(2) 
PARAMETRIC_REPRESENTATION_CONTEXT() REPRESENTATION_CONTEXT('2D SPACE',''
  ) );
#4809 = ORIENTED_EDGE('',*,*,#2784,.F.);
#4810 = ADVANCED_FACE('',(#4811),#2591,.F.);
#4811 = FACE_BOUND('',#4812,.F.);
#4812 = EDGE_LOOP('',(#4813,#4836,#4837,#4838,#4861));
#4813 = ORIENTED_EDGE('',*,*,#4814,.F.);
#4814 = EDGE_CURVE('',#2509,#4815,#4817,.T.);
#4815 = VERTEX_POINT('',#4816);
#4816 = CARTESIAN_POINT('',(150.,130.18718433598,-58.73348301454));
#4817 = SURFACE_CURVE('',#4818,(#4822,#4829),.PCURVE_S1.);
#4818 = LINE('',#4819,#4820);
#4819 = CARTESIAN_POINT('',(150.,137.96535892843,-66.5116576082));
#4820 = VECTOR('',#4821,1.);
#4821 = DIRECTION('',(1.110223024625E-16,-0.707106781187,0.707106781187)
  );
#4822 = PCURVE('',#2591,#4823);
#4823 = DEFINITIONAL_REPRESENTATION('',(#4824),#4828);
#4824 = LINE('',#4825,#4826);
#4825 = CARTESIAN_POINT('',(0.,0.));
#4826 = VECTOR('',#4827,1.);
#4827 = DIRECTION('',(-1.,0.));
#4828 = ( GEOMETRIC_REPRESENTATION_CONTEXT(2) 
PARAMETRIC_REPRESENTATION_CONTEXT() REPRESENTATION_CONTEXT('2D SPACE',''
  ) );
#4829 = PCURVE('',#2525,#4830);
#4830 = DEFINITIONAL_REPRESENTATION('',(#4831),#4835);
#4831 = LINE('',#4832,#4833);
#4832 = CARTESIAN_POINT('',(11.,21.4));
#4833 = VECTOR('',#4834,1.);
#4834 = DIRECTION('',(1.,0.));
#4835 = ( GEOMETRIC_REPRESENTATION_CONTEXT(2) 
PARAMETRIC_REPRESENTATION_CONTEXT() REPRESENTATION_CONTEXT('2D SPACE',''
  ) );
#4836 = ORIENTED_EDGE('',*,*,#2537,.T.);
#4837 = ORIENTED_EDGE('',*,*,#2646,.T.);
#4838 = ORIENTED_EDGE('',*,*,#4839,.T.);
#4839 = EDGE_CURVE('',#2647,#4840,#4842,.T.);
#4840 = VERTEX_POINT('',#4841);
#4841 = CARTESIAN_POINT('',(311.,122.37365440476,-71.14320702646));
#4842 = SURFACE_CURVE('',#4843,(#4847,#4854),.PCURVE_S1.);
#4843 = LINE('',#4844,#4845);
#4844 = CARTESIAN_POINT('',(311.,130.15182899632,-78.92138161802));
#4845 = VECTOR('',#4846,1.);
#4846 = DIRECTION('',(1.110223024625E-16,-0.707106781187,0.707106781187)
  );
#4847 = PCURVE('',#2591,#4848);
#4848 = DEFINITIONAL_REPRESENTATION('',(#4849),#4853);
#4849 = LINE('',#4850,#4851);
#4850 = CARTESIAN_POINT('',(0.,1.));
#4851 = VECTOR('',#4852,1.);
#4852 = DIRECTION('',(-1.,0.));
#4853 = ( GEOMETRIC_REPRESENTATION_CONTEXT(2) 
PARAMETRIC_REPRESENTATION_CONTEXT() REPRESENTATION_CONTEXT('2D SPACE',''
  ) );
#4854 = PCURVE('',#2680,#4855);
#4855 = DEFINITIONAL_REPRESENTATION('',(#4856),#4860);
#4856 = LINE('',#4857,#4858);
#4857 = CARTESIAN_POINT('',(0.,0.));
#4858 = VECTOR('',#4859,1.);
#4859 = DIRECTION('',(-1.,0.));
#4860 = ( GEOMETRIC_REPRESENTATION_CONTEXT(2) 
PARAMETRIC_REPRESENTATION_CONTEXT() REPRESENTATION_CONTEXT('2D SPACE',''
  ) );
#4861 = ORIENTED_EDGE('',*,*,#4862,.F.);
#4862 = EDGE_CURVE('',#4815,#4840,#4863,.T.);
#4863 = SURFACE_CURVE('',#4864,(#4867,#4874),.PCURVE_S1.);
#4864 = B_SPLINE_CURVE_WITH_KNOTS('',1,(#4865,#4866),.UNSPECIFIED.,.F.,
  .F.,(2,2),(0.,1.),.PIECEWISE_BEZIER_KNOTS.);
#4865 = CARTESIAN_POINT('',(150.,130.18718433658,-58.73348301394));
#4866 = CARTESIAN_POINT('',(311.,122.37365440476,-71.14320702646));
#4867 = PCURVE('',#2591,#4868);
#4868 = DEFINITIONAL_REPRESENTATION('',(#4869),#4873);
#4869 = LINE('',#4870,#4871);
#4870 = CARTESIAN_POINT('',(-11.,0.));
#4871 = VECTOR('',#4872,1.);
#4872 = DIRECTION('',(0.,1.));
#4873 = ( GEOMETRIC_REPRESENTATION_CONTEXT(2) 
PARAMETRIC_REPRESENTATION_CONTEXT() REPRESENTATION_CONTEXT('2D SPACE',''
  ) );
#4874 = PCURVE('',#4875,#4894);
#4875 = B_SPLINE_SURFACE_WITH_KNOTS('',8,1,(
    (#4876,#4877)
    ,(#4878,#4879)
    ,(#4880,#4881)
    ,(#4882,#4883)
    ,(#4884,#4885)
    ,(#4886,#4887)
    ,(#4888,#4889)
    ,(#4890,#4891)
    ,(#4892,#4893
    )),.UNSPECIFIED.,.F.,.F.,.F.,(9,9),(2,2),(0.,1.570796326795),(0.,1.)
  ,.PIECEWISE_BEZIER_KNOTS.);
#4876 = CARTESIAN_POINT('',(150.,130.18718433658,-55.9050558892));
#4877 = CARTESIAN_POINT('',(311.,122.37365440476,-68.31477990171));
#4878 = CARTESIAN_POINT('',(150.,129.90950415294,-56.18273607283));
#4879 = CARTESIAN_POINT('',(310.99999999999,122.09597422112,
    -68.59246008535));
#4880 = CARTESIAN_POINT('',(149.99999999999,129.69413524722,
    -56.52272770919));
#4881 = CARTESIAN_POINT('',(311.00000000001,121.8806053154,
    -68.93245172171));
#4882 = CARTESIAN_POINT('',(150.,129.55739077208,-56.90871642159));
#4883 = CARTESIAN_POINT('',(310.99999999998,121.74386084026,
    -69.3184404341));
#4884 = CARTESIAN_POINT('',(149.99999999999,129.5104583819,
    -57.31926945157));
#4885 = CARTESIAN_POINT('',(311.00000000001,121.69692845008,
    -69.72899346409));
#4886 = CARTESIAN_POINT('',(150.,129.55739077208,-57.72982248155));
#4887 = CARTESIAN_POINT('',(310.99999999998,121.74386084026,
    -70.13954649407));
#4888 = CARTESIAN_POINT('',(149.99999999999,129.69413524722,
    -58.11581119395));
#4889 = CARTESIAN_POINT('',(311.,121.8806053154,-70.52553520647));
#4890 = CARTESIAN_POINT('',(150.,129.90950415294,-58.45580283031));
#4891 = CARTESIAN_POINT('',(310.99999999999,122.09597422112,
    -70.86552684282));
#4892 = CARTESIAN_POINT('',(150.,130.18718433658,-58.73348301394));
#4893 = CARTESIAN_POINT('',(311.,122.37365440476,-71.14320702646));
#4894 = DEFINITIONAL_REPRESENTATION('',(#4895),#4899);
#4895 = LINE('',#4896,#4897);
#4896 = CARTESIAN_POINT('',(1.570796326795,0.));
#4897 = VECTOR('',#4898,1.);
#4898 = DIRECTION('',(0.,1.));
#4899 = ( GEOMETRIC_REPRESENTATION_CONTEXT(2) 
PARAMETRIC_REPRESENTATION_CONTEXT() REPRESENTATION_CONTEXT('2D SPACE',''
  ) );
#4900 = ADVANCED_FACE('',(#4901),#2525,.T.);
#4901 = FACE_BOUND('',#4902,.T.);
#4902 = EDGE_LOOP('',(#4903,#4904,#4905,#4929,#4956,#4978));
#4903 = ORIENTED_EDGE('',*,*,#2508,.T.);
#4904 = ORIENTED_EDGE('',*,*,#4272,.T.);
#4905 = ORIENTED_EDGE('',*,*,#4906,.T.);
#4906 = EDGE_CURVE('',#4273,#4907,#4909,.T.);
#4907 = VERTEX_POINT('',#4908);
#4908 = CARTESIAN_POINT('',(150.,143.9050558904,-42.18718433538));
#4909 = SURFACE_CURVE('',#4910,(#4915,#4922),.PCURVE_S1.);
#4910 = CIRCLE('',#4911,2.);
#4911 = AXIS2_PLACEMENT_3D('',#4912,#4913,#4914);
#4912 = CARTESIAN_POINT('',(150.,145.31926945277,-43.60139789775));
#4913 = DIRECTION('',(1.,7.850462293419E-17,-7.850462293419E-17));
#4914 = DIRECTION('',(1.110223024625E-16,-0.707106781187,0.707106781187)
  );
#4915 = PCURVE('',#2525,#4916);
#4916 = DEFINITIONAL_REPRESENTATION('',(#4917),#4921);
#4917 = CIRCLE('',#4918,2.);
#4918 = AXIS2_PLACEMENT_2D('',#4919,#4920);
#4919 = CARTESIAN_POINT('',(22.,0.));
#4920 = DIRECTION('',(1.,0.));
#4921 = ( GEOMETRIC_REPRESENTATION_CONTEXT(2) 
PARAMETRIC_REPRESENTATION_CONTEXT() REPRESENTATION_CONTEXT('2D SPACE',''
  ) );
#4922 = PCURVE('',#4310,#4923);
#4923 = DEFINITIONAL_REPRESENTATION('',(#4924),#4928);
#4924 = LINE('',#4925,#4926);
#4925 = CARTESIAN_POINT('',(0.,0.));
#4926 = VECTOR('',#4927,1.);
#4927 = DIRECTION('',(1.,0.));
#4928 = ( GEOMETRIC_REPRESENTATION_CONTEXT(2) 
PARAMETRIC_REPRESENTATION_CONTEXT() REPRESENTATION_CONTEXT('2D SPACE',''
  ) );
#4929 = ORIENTED_EDGE('',*,*,#4930,.T.);
#4930 = EDGE_CURVE('',#4907,#4931,#4933,.T.);
#4931 = VERTEX_POINT('',#4932);
#4932 = CARTESIAN_POINT('',(150.,130.18718433658,-55.9050558892));
#4933 = SURFACE_CURVE('',#4934,(#4938,#4945),.PCURVE_S1.);
#4934 = LINE('',#4935,#4936);
#4935 = CARTESIAN_POINT('',(150.,137.04612011289,-49.04612011289));
#4936 = VECTOR('',#4937,1.);
#4937 = DIRECTION('',(0.,-0.707106781187,-0.707106781187));
#4938 = PCURVE('',#2525,#4939);
#4939 = DEFINITIONAL_REPRESENTATION('',(#4940),#4944);
#4940 = LINE('',#4941,#4942);
#4941 = CARTESIAN_POINT('',(24.,9.7));
#4942 = VECTOR('',#4943,1.);
#4943 = DIRECTION('',(0.,1.));
#4944 = ( GEOMETRIC_REPRESENTATION_CONTEXT(2) 
PARAMETRIC_REPRESENTATION_CONTEXT() REPRESENTATION_CONTEXT('2D SPACE',''
  ) );
#4945 = PCURVE('',#4946,#4951);
#4946 = B_SPLINE_SURFACE_WITH_KNOTS('',1,1,(
    (#4947,#4948)
    ,(#4949,#4950
    )),.UNSPECIFIED.,.F.,.F.,.F.,(2,2),(2,2),(-24.,24.),(0.,1.),
  .PIECEWISE_BEZIER_KNOTS.);
#4947 = CARTESIAN_POINT('',(150.,143.9050558904,-42.18718433538));
#4948 = CARTESIAN_POINT('',(311.,156.31477990022,-34.37365440327));
#4949 = CARTESIAN_POINT('',(150.,130.18718433658,-55.9050558892));
#4950 = CARTESIAN_POINT('',(311.,122.37365440327,-68.31477990022));
#4951 = DEFINITIONAL_REPRESENTATION('',(#4952),#4955);
#4952 = B_SPLINE_CURVE_WITH_KNOTS('',1,(#4953,#4954),.UNSPECIFIED.,.F.,
  .F.,(2,2),(-9.7,9.699999998302),.PIECEWISE_BEZIER_KNOTS.);
#4953 = CARTESIAN_POINT('',(-24.,0.));
#4954 = CARTESIAN_POINT('',(24.,0.));
#4955 = ( GEOMETRIC_REPRESENTATION_CONTEXT(2) 
PARAMETRIC_REPRESENTATION_CONTEXT() REPRESENTATION_CONTEXT('2D SPACE',''
  ) );
#4956 = ORIENTED_EDGE('',*,*,#4957,.T.);
#4957 = EDGE_CURVE('',#4931,#4815,#4958,.T.);
#4958 = SURFACE_CURVE('',#4959,(#4964,#4971),.PCURVE_S1.);
#4959 = CIRCLE('',#4960,2.);
#4960 = AXIS2_PLACEMENT_3D('',#4961,#4962,#4963);
#4961 = CARTESIAN_POINT('',(150.,131.60139789895,-57.31926945157));
#4962 = DIRECTION('',(1.,7.850462293419E-17,-7.850462293419E-17));
#4963 = DIRECTION('',(1.110223024625E-16,-0.707106781187,0.707106781187)
  );
#4964 = PCURVE('',#2525,#4965);
#4965 = DEFINITIONAL_REPRESENTATION('',(#4966),#4970);
#4966 = CIRCLE('',#4967,2.);
#4967 = AXIS2_PLACEMENT_2D('',#4968,#4969);
#4968 = CARTESIAN_POINT('',(22.,19.399999998302));
#4969 = DIRECTION('',(1.,0.));
#4970 = ( GEOMETRIC_REPRESENTATION_CONTEXT(2) 
PARAMETRIC_REPRESENTATION_CONTEXT() REPRESENTATION_CONTEXT('2D SPACE',''
  ) );
#4971 = PCURVE('',#4875,#4972);
#4972 = DEFINITIONAL_REPRESENTATION('',(#4973),#4977);
#4973 = LINE('',#4974,#4975);
#4974 = CARTESIAN_POINT('',(0.,0.));
#4975 = VECTOR('',#4976,1.);
#4976 = DIRECTION('',(1.,0.));
#4977 = ( GEOMETRIC_REPRESENTATION_CONTEXT(2) 
PARAMETRIC_REPRESENTATION_CONTEXT() REPRESENTATION_CONTEXT('2D SPACE',''
  ) );
#4978 = ORIENTED_EDGE('',*,*,#4814,.F.);
#4979 = ADVANCED_FACE('',(#4980),#2773,.F.);
#4980 = FACE_BOUND('',#4981,.F.);
#4981 = EDGE_LOOP('',(#4982,#4983,#4984,#5025,#5046));
#4982 = ORIENTED_EDGE('',*,*,#2759,.F.);
#4983 = ORIENTED_EDGE('',*,*,#4789,.T.);
#4984 = ORIENTED_EDGE('',*,*,#4985,.T.);
#4985 = EDGE_CURVE('',#4768,#4986,#4988,.T.);
#4986 = VERTEX_POINT('',#4987);
#4987 = CARTESIAN_POINT('',(610.,-129.7275649291,-69.30472939537));
#4988 = SURFACE_CURVE('',#4989,(#4992,#4999),.PCURVE_S1.);
#4989 = B_SPLINE_CURVE_WITH_KNOTS('',1,(#4990,#4991),.UNSPECIFIED.,.F.,
  .F.,(2,2),(0.,1.),.PIECEWISE_BEZIER_KNOTS.);
#4990 = CARTESIAN_POINT('',(311.,-122.3736544047,-71.14320702646));
#4991 = CARTESIAN_POINT('',(610.,-129.7275649291,-69.30472939537));
#4992 = PCURVE('',#2773,#4993);
#4993 = DEFINITIONAL_REPRESENTATION('',(#4994),#4998);
#4994 = LINE('',#4995,#4996);
#4995 = CARTESIAN_POINT('',(10.999999997889,0.));
#4996 = VECTOR('',#4997,1.);
#4997 = DIRECTION('',(0.,1.));
#4998 = ( GEOMETRIC_REPRESENTATION_CONTEXT(2) 
PARAMETRIC_REPRESENTATION_CONTEXT() REPRESENTATION_CONTEXT('2D SPACE',''
  ) );
#4999 = PCURVE('',#5000,#5019);
#5000 = B_SPLINE_SURFACE_WITH_KNOTS('',8,1,(
    (#5001,#5002)
    ,(#5003,#5004)
    ,(#5005,#5006)
    ,(#5007,#5008)
    ,(#5009,#5010)
    ,(#5011,#5012)
    ,(#5013,#5014)
    ,(#5015,#5016)
    ,(#5017,#5018
    )),.UNSPECIFIED.,.F.,.F.,.F.,(9,9),(2,2),(1.570796326795,
    3.14159265359),(0.,1.),.PIECEWISE_BEZIER_KNOTS.);
#5001 = CARTESIAN_POINT('',(311.,-122.3736544047,-71.14320702646));
#5002 = CARTESIAN_POINT('',(609.99999999999,-129.7275649291,
    -69.30472939537));
#5003 = CARTESIAN_POINT('',(310.99999999999,-122.0959742211,
    -70.86552684282));
#5004 = CARTESIAN_POINT('',(609.99999999999,-129.4498847454,
    -69.02704921174));
#5005 = CARTESIAN_POINT('',(311.,-121.8806053154,-70.52553520647));
#5006 = CARTESIAN_POINT('',(610.00000000002,-129.2345158397,
    -68.68705757538));
#5007 = CARTESIAN_POINT('',(310.99999999999,-121.7438608402,
    -70.13954649407));
#5008 = CARTESIAN_POINT('',(609.99999999995,-129.0977713646,
    -68.30106886298));
#5009 = CARTESIAN_POINT('',(311.,-121.69692845,-69.72899346409));
#5010 = CARTESIAN_POINT('',(610.00000000004,-129.0508389744,
    -67.890515833));
#5011 = CARTESIAN_POINT('',(310.99999999999,-121.7438608402,
    -69.3184404341));
#5012 = CARTESIAN_POINT('',(609.99999999996,-129.0977713646,
    -67.47996280302));
#5013 = CARTESIAN_POINT('',(311.,-121.8806053154,-68.93245172171));
#5014 = CARTESIAN_POINT('',(610.00000000001,-129.2345158397,
    -67.09397409062));
#5015 = CARTESIAN_POINT('',(310.99999999999,-122.0959742211,
    -68.59246008535));
#5016 = CARTESIAN_POINT('',(609.99999999999,-129.4498847454,
    -66.75398245426));
#5017 = CARTESIAN_POINT('',(311.,-122.3736544047,-68.31477990171));
#5018 = CARTESIAN_POINT('',(610.,-129.7275649291,-66.47630227063));
#5019 = DEFINITIONAL_REPRESENTATION('',(#5020),#5024);
#5020 = LINE('',#5021,#5022);
#5021 = CARTESIAN_POINT('',(1.570796326795,0.));
#5022 = VECTOR('',#5023,1.);
#5023 = DIRECTION('',(0.,1.));
#5024 = ( GEOMETRIC_REPRESENTATION_CONTEXT(2) 
PARAMETRIC_REPRESENTATION_CONTEXT() REPRESENTATION_CONTEXT('2D SPACE',''
  ) );
#5025 = ORIENTED_EDGE('',*,*,#5026,.F.);
#5026 = EDGE_CURVE('',#3924,#4986,#5027,.T.);
#5027 = SURFACE_CURVE('',#5028,(#5032,#5039),.PCURVE_S1.);
#5028 = LINE('',#5029,#5030);
#5029 = CARTESIAN_POINT('',(610.,-137.5057395206,-77.08290398693));
#5030 = VECTOR('',#5031,1.);
#5031 = DIRECTION('',(1.110223024625E-16,0.707106781187,0.707106781187)
  );
#5032 = PCURVE('',#2773,#5033);
#5033 = DEFINITIONAL_REPRESENTATION('',(#5034),#5038);
#5034 = LINE('',#5035,#5036);
#5035 = CARTESIAN_POINT('',(0.,1.));
#5036 = VECTOR('',#5037,1.);
#5037 = DIRECTION('',(1.,0.));
#5038 = ( GEOMETRIC_REPRESENTATION_CONTEXT(2) 
PARAMETRIC_REPRESENTATION_CONTEXT() REPRESENTATION_CONTEXT('2D SPACE',''
  ) );
#5039 = PCURVE('',#4098,#5040);
#5040 = DEFINITIONAL_REPRESENTATION('',(#5041),#5045);
#5041 = LINE('',#5042,#5043);
#5042 = CARTESIAN_POINT('',(11.,-2.));
#5043 = VECTOR('',#5044,1.);
#5044 = DIRECTION('',(1.,0.));
#5045 = ( GEOMETRIC_REPRESENTATION_CONTEXT(2) 
PARAMETRIC_REPRESENTATION_CONTEXT() REPRESENTATION_CONTEXT('2D SPACE',''
  ) );
#5046 = ORIENTED_EDGE('',*,*,#3923,.F.);
#5047 = ADVANCED_FACE('',(#5048),#2727,.T.);
#5048 = FACE_BOUND('',#5049,.T.);
#5049 = EDGE_LOOP('',(#5050,#5051,#5071,#5072));
#5050 = ORIENTED_EDGE('',*,*,#2711,.T.);
#5051 = ORIENTED_EDGE('',*,*,#5052,.T.);
#5052 = EDGE_CURVE('',#2692,#3416,#5053,.T.);
#5053 = SURFACE_CURVE('',#5054,(#5057,#5064),.PCURVE_S1.);
#5054 = B_SPLINE_CURVE_WITH_KNOTS('',1,(#5055,#5056),.UNSPECIFIED.,.F.,
  .F.,(2,2),(0.,1.),.PIECEWISE_BEZIER_KNOTS.);
#5055 = CARTESIAN_POINT('',(850.,124.,-72.));
#5056 = CARTESIAN_POINT('',(1.01E+03,96.72,-56.16));
#5057 = PCURVE('',#2727,#5058);
#5058 = DEFINITIONAL_REPRESENTATION('',(#5059),#5063);
#5059 = LINE('',#5060,#5061);
#5060 = CARTESIAN_POINT('',(124.,0.));
#5061 = VECTOR('',#5062,1.);
#5062 = DIRECTION('',(0.,1.));
#5063 = ( GEOMETRIC_REPRESENTATION_CONTEXT(2) 
PARAMETRIC_REPRESENTATION_CONTEXT() REPRESENTATION_CONTEXT('2D SPACE',''
  ) );
#5064 = PCURVE('',#3454,#5065);
#5065 = DEFINITIONAL_REPRESENTATION('',(#5066),#5070);
#5066 = LINE('',#5067,#5068);
#5067 = CARTESIAN_POINT('',(3.14159265359,0.));
#5068 = VECTOR('',#5069,1.);
#5069 = DIRECTION('',(0.,1.));
#5070 = ( GEOMETRIC_REPRESENTATION_CONTEXT(2) 
PARAMETRIC_REPRESENTATION_CONTEXT() REPRESENTATION_CONTEXT('2D SPACE',''
  ) );
#5071 = ORIENTED_EDGE('',*,*,#3415,.F.);
#5072 = ORIENTED_EDGE('',*,*,#5073,.F.);
#5073 = EDGE_CURVE('',#2712,#3371,#5074,.T.);
#5074 = SURFACE_CURVE('',#5075,(#5078,#5085),.PCURVE_S1.);
#5075 = B_SPLINE_CURVE_WITH_KNOTS('',1,(#5076,#5077),.UNSPECIFIED.,.F.,
  .F.,(2,2),(0.,1.),.PIECEWISE_BEZIER_KNOTS.);
#5076 = CARTESIAN_POINT('',(850.,-124.,-71.99999996829));
#5077 = CARTESIAN_POINT('',(1.01E+03,-96.72,-56.15999995053));
#5078 = PCURVE('',#2727,#5079);
#5079 = DEFINITIONAL_REPRESENTATION('',(#5080),#5084);
#5080 = LINE('',#5081,#5082);
#5081 = CARTESIAN_POINT('',(-124.,0.));
#5082 = VECTOR('',#5083,1.);
#5083 = DIRECTION('',(0.,1.));
#5084 = ( GEOMETRIC_REPRESENTATION_CONTEXT(2) 
PARAMETRIC_REPRESENTATION_CONTEXT() REPRESENTATION_CONTEXT('2D SPACE',''
  ) );
#5085 = PCURVE('',#3387,#5086);
#5086 = DEFINITIONAL_REPRESENTATION('',(#5087),#5091);
#5087 = LINE('',#5088,#5089);
#5088 = CARTESIAN_POINT('',(3.14159265359,0.));
#5089 = VECTOR('',#5090,1.);
#5090 = DIRECTION('',(0.,1.));
#5091 = ( GEOMETRIC_REPRESENTATION_CONTEXT(2) 
PARAMETRIC_REPRESENTATION_CONTEXT() REPRESENTATION_CONTEXT('2D SPACE',''
  ) );
#5092 = ADVANCED_FACE('',(#5093),#2680,.F.);
#5093 = FACE_BOUND('',#5094,.F.);
#5094 = EDGE_LOOP('',(#5095,#5096,#5097,#5098,#5121));
#5095 = ORIENTED_EDGE('',*,*,#4839,.F.);
#5096 = ORIENTED_EDGE('',*,*,#2666,.T.);
#5097 = ORIENTED_EDGE('',*,*,#4526,.T.);
#5098 = ORIENTED_EDGE('',*,*,#5099,.T.);
#5099 = EDGE_CURVE('',#4527,#5100,#5102,.T.);
#5100 = VERTEX_POINT('',#5101);
#5101 = CARTESIAN_POINT('',(610.,129.7275649291,-69.30472939537));
#5102 = SURFACE_CURVE('',#5103,(#5107,#5114),.PCURVE_S1.);
#5103 = LINE('',#5104,#5105);
#5104 = CARTESIAN_POINT('',(610.,137.50573952066,-77.08290398693));
#5105 = VECTOR('',#5106,1.);
#5106 = DIRECTION('',(1.110223024625E-16,-0.707106781187,0.707106781187)
  );
#5107 = PCURVE('',#2680,#5108);
#5108 = DEFINITIONAL_REPRESENTATION('',(#5109),#5113);
#5109 = LINE('',#5110,#5111);
#5110 = CARTESIAN_POINT('',(0.,1.));
#5111 = VECTOR('',#5112,1.);
#5112 = DIRECTION('',(-1.,0.));
#5113 = ( GEOMETRIC_REPRESENTATION_CONTEXT(2) 
PARAMETRIC_REPRESENTATION_CONTEXT() REPRESENTATION_CONTEXT('2D SPACE',''
  ) );
#5114 = PCURVE('',#4420,#5115);
#5115 = DEFINITIONAL_REPRESENTATION('',(#5116),#5120);
#5116 = LINE('',#5117,#5118);
#5117 = CARTESIAN_POINT('',(11.,37.));
#5118 = VECTOR('',#5119,1.);
#5119 = DIRECTION('',(1.,0.));
#5120 = ( GEOMETRIC_REPRESENTATION_CONTEXT(2) 
PARAMETRIC_REPRESENTATION_CONTEXT() REPRESENTATION_CONTEXT('2D SPACE',''
  ) );
#5121 = ORIENTED_EDGE('',*,*,#5122,.F.);
#5122 = EDGE_CURVE('',#4840,#5100,#5123,.T.);
#5123 = SURFACE_CURVE('',#5124,(#5127,#5134),.PCURVE_S1.);
#5124 = B_SPLINE_CURVE_WITH_KNOTS('',1,(#5125,#5126),.UNSPECIFIED.,.F.,
  .F.,(2,2),(0.,1.),.PIECEWISE_BEZIER_KNOTS.);
#5125 = CARTESIAN_POINT('',(311.,122.37365440476,-71.14320702646));
#5126 = CARTESIAN_POINT('',(610.,129.7275649291,-69.30472939537));
#5127 = PCURVE('',#2680,#5128);
#5128 = DEFINITIONAL_REPRESENTATION('',(#5129),#5133);
#5129 = LINE('',#5130,#5131);
#5130 = CARTESIAN_POINT('',(-10.99999999788,0.));
#5131 = VECTOR('',#5132,1.);
#5132 = DIRECTION('',(0.,1.));
#5133 = ( GEOMETRIC_REPRESENTATION_CONTEXT(2) 
PARAMETRIC_REPRESENTATION_CONTEXT() REPRESENTATION_CONTEXT('2D SPACE',''
  ) );
#5134 = PCURVE('',#5135,#5154);
#5135 = B_SPLINE_SURFACE_WITH_KNOTS('',8,1,(
    (#5136,#5137)
    ,(#5138,#5139)
    ,(#5140,#5141)
    ,(#5142,#5143)
    ,(#5144,#5145)
    ,(#5146,#5147)
    ,(#5148,#5149)
    ,(#5150,#5151)
    ,(#5152,#5153
    )),.UNSPECIFIED.,.F.,.F.,.F.,(9,9),(2,2),(3.14159265359,
    4.712388980385),(0.,1.),.PIECEWISE_BEZIER_KNOTS.);
#5136 = CARTESIAN_POINT('',(311.,122.37365440476,-68.31477990171));
#5137 = CARTESIAN_POINT('',(610.,129.7275649291,-66.47630227063));
#5138 = CARTESIAN_POINT('',(310.99999999999,122.09597422112,
    -68.59246008535));
#5139 = CARTESIAN_POINT('',(610.,129.44988474546,-66.75398245426));
#5140 = CARTESIAN_POINT('',(311.00000000001,121.8806053154,
    -68.93245172171));
#5141 = CARTESIAN_POINT('',(609.99999999999,129.23451583974,
    -67.09397409062));
#5142 = CARTESIAN_POINT('',(310.99999999998,121.74386084026,
    -69.3184404341));
#5143 = CARTESIAN_POINT('',(610.00000000001,129.0977713646,
    -67.47996280302));
#5144 = CARTESIAN_POINT('',(311.00000000001,121.69692845008,
    -69.72899346409));
#5145 = CARTESIAN_POINT('',(609.99999999998,129.05083897442,
    -67.890515833));
#5146 = CARTESIAN_POINT('',(310.99999999998,121.74386084026,
    -70.13954649407));
#5147 = CARTESIAN_POINT('',(610.00000000001,129.0977713646,
    -68.30106886298));
#5148 = CARTESIAN_POINT('',(311.,121.8806053154,-70.52553520647));
#5149 = CARTESIAN_POINT('',(609.99999999999,129.23451583974,
    -68.68705757538));
#5150 = CARTESIAN_POINT('',(310.99999999999,122.09597422112,
    -70.86552684282));
#5151 = CARTESIAN_POINT('',(610.,129.44988474546,-69.02704921174));
#5152 = CARTESIAN_POINT('',(311.,122.37365440476,-71.14320702646));
#5153 = CARTESIAN_POINT('',(610.,129.7275649291,-69.30472939537));
#5154 = DEFINITIONAL_REPRESENTATION('',(#5155),#5159);
#5155 = LINE('',#5156,#5157);
#5156 = CARTESIAN_POINT('',(4.712388980385,0.));
#5157 = VECTOR('',#5158,1.);
#5158 = DIRECTION('',(0.,1.));
#5159 = ( GEOMETRIC_REPRESENTATION_CONTEXT(2) 
PARAMETRIC_REPRESENTATION_CONTEXT() REPRESENTATION_CONTEXT('2D SPACE',''
  ) );
#5160 = ADVANCED_FACE('',(#5161),#2841,.F.);
#5161 = FACE_BOUND('',#5162,.F.);
#5162 = EDGE_LOOP('',(#5163));
#5163 = ORIENTED_EDGE('',*,*,#2826,.T.);
#5164 = ADVANCED_FACE('',(#5165),#2918,.F.);
#5165 = FACE_BOUND('',#5166,.F.);
#5166 = EDGE_LOOP('',(#5167,#5168,#5169,#5193));
#5167 = ORIENTED_EDGE('',*,*,#3000,.T.);
#5168 = ORIENTED_EDGE('',*,*,#2905,.T.);
#5169 = ORIENTED_EDGE('',*,*,#5170,.T.);
#5170 = EDGE_CURVE('',#2883,#5171,#5173,.T.);
#5171 = VERTEX_POINT('',#5172);
#5172 = CARTESIAN_POINT('',(311.,156.31477990097,34.373654404017));
#5173 = SURFACE_CURVE('',#5174,(#5179,#5186),.PCURVE_S1.);
#5174 = CIRCLE('',#5175,2.);
#5175 = AXIS2_PLACEMENT_3D('',#5176,#5177,#5178);
#5176 = CARTESIAN_POINT('',(311.,157.72899346409,35.787867967136));
#5177 = DIRECTION('',(-1.,-7.850462293419E-17,-7.850462293419E-17));
#5178 = DIRECTION('',(-1.110223024625E-16,0.707106781187,0.707106781187)
  );
#5179 = PCURVE('',#2918,#5180);
#5180 = DEFINITIONAL_REPRESENTATION('',(#5181),#5185);
#5181 = LINE('',#5182,#5183);
#5182 = CARTESIAN_POINT('',(3.14159265359,1.));
#5183 = VECTOR('',#5184,1.);
#5184 = DIRECTION('',(-1.,0.));
#5185 = ( GEOMETRIC_REPRESENTATION_CONTEXT(2) 
PARAMETRIC_REPRESENTATION_CONTEXT() REPRESENTATION_CONTEXT('2D SPACE',''
  ) );
#5186 = PCURVE('',#3145,#5187);
#5187 = DEFINITIONAL_REPRESENTATION('',(#5188),#5192);
#5188 = LINE('',#5189,#5190);
#5189 = CARTESIAN_POINT('',(6.28318530718,0.));
#5190 = VECTOR('',#5191,1.);
#5191 = DIRECTION('',(-1.,0.));
#5192 = ( GEOMETRIC_REPRESENTATION_CONTEXT(2) 
PARAMETRIC_REPRESENTATION_CONTEXT() REPRESENTATION_CONTEXT('2D SPACE',''
  ) );
#5193 = ORIENTED_EDGE('',*,*,#5194,.F.);
#5194 = EDGE_CURVE('',#2974,#5171,#5195,.T.);
#5195 = SURFACE_CURVE('',#5196,(#5199,#5206),.PCURVE_S1.);
#5196 = B_SPLINE_CURVE_WITH_KNOTS('',1,(#5197,#5198),.UNSPECIFIED.,.F.,
  .F.,(2,2),(0.,1.),.PIECEWISE_BEZIER_KNOTS.);
#5197 = CARTESIAN_POINT('',(150.,143.9050558892,42.187184336583));
#5198 = CARTESIAN_POINT('',(311.,156.31477990022,34.373654403271));
#5199 = PCURVE('',#2918,#5200);
#5200 = DEFINITIONAL_REPRESENTATION('',(#5201),#5205);
#5201 = LINE('',#5202,#5203);
#5202 = CARTESIAN_POINT('',(0.,0.));
#5203 = VECTOR('',#5204,1.);
#5204 = DIRECTION('',(0.,1.));
#5205 = ( GEOMETRIC_REPRESENTATION_CONTEXT(2) 
PARAMETRIC_REPRESENTATION_CONTEXT() REPRESENTATION_CONTEXT('2D SPACE',''
  ) );
#5206 = PCURVE('',#2989,#5207);
#5207 = DEFINITIONAL_REPRESENTATION('',(#5208),#5212);
#5208 = LINE('',#5209,#5210);
#5209 = CARTESIAN_POINT('',(24.,0.));
#5210 = VECTOR('',#5211,1.);
#5211 = DIRECTION('',(0.,1.));
#5212 = ( GEOMETRIC_REPRESENTATION_CONTEXT(2) 
PARAMETRIC_REPRESENTATION_CONTEXT() REPRESENTATION_CONTEXT('2D SPACE',''
  ) );
#5213 = ADVANCED_FACE('',(#5214),#2989,.F.);
#5214 = FACE_BOUND('',#5215,.F.);
#5215 = EDGE_LOOP('',(#5216,#5217,#5218,#5239));
#5216 = ORIENTED_EDGE('',*,*,#2973,.T.);
#5217 = ORIENTED_EDGE('',*,*,#5194,.T.);
#5218 = ORIENTED_EDGE('',*,*,#5219,.F.);
#5219 = EDGE_CURVE('',#3028,#5171,#5220,.T.);
#5220 = SURFACE_CURVE('',#5221,(#5225,#5232),.PCURVE_S1.);
#5221 = LINE('',#5222,#5223);
#5222 = CARTESIAN_POINT('',(311.,139.34421715174,51.344217151748));
#5223 = VECTOR('',#5224,1.);
#5224 = DIRECTION('',(0.,0.707106781187,-0.707106781187));
#5225 = PCURVE('',#2989,#5226);
#5226 = DEFINITIONAL_REPRESENTATION('',(#5227),#5231);
#5227 = LINE('',#5228,#5229);
#5228 = CARTESIAN_POINT('',(0.,1.));
#5229 = VECTOR('',#5230,1.);
#5230 = DIRECTION('',(1.,0.));
#5231 = ( GEOMETRIC_REPRESENTATION_CONTEXT(2) 
PARAMETRIC_REPRESENTATION_CONTEXT() REPRESENTATION_CONTEXT('2D SPACE',''
  ) );
#5232 = PCURVE('',#3117,#5233);
#5233 = DEFINITIONAL_REPRESENTATION('',(#5234),#5238);
#5234 = LINE('',#5235,#5236);
#5235 = CARTESIAN_POINT('',(0.,0.));
#5236 = VECTOR('',#5237,1.);
#5237 = DIRECTION('',(1.,0.));
#5238 = ( GEOMETRIC_REPRESENTATION_CONTEXT(2) 
PARAMETRIC_REPRESENTATION_CONTEXT() REPRESENTATION_CONTEXT('2D SPACE',''
  ) );
#5239 = ORIENTED_EDGE('',*,*,#3027,.F.);
#5240 = ADVANCED_FACE('',(#5241),#3145,.F.);
#5241 = FACE_BOUND('',#5242,.F.);
#5242 = EDGE_LOOP('',(#5243,#5244,#5245,#5246));
#5243 = ORIENTED_EDGE('',*,*,#5170,.F.);
#5244 = ORIENTED_EDGE('',*,*,#3225,.T.);
#5245 = ORIENTED_EDGE('',*,*,#3128,.F.);
#5246 = ORIENTED_EDGE('',*,*,#5247,.F.);
#5247 = EDGE_CURVE('',#5171,#3102,#5248,.T.);
#5248 = SURFACE_CURVE('',#5249,(#5252,#5259),.PCURVE_S1.);
#5249 = B_SPLINE_CURVE_WITH_KNOTS('',1,(#5250,#5251),.UNSPECIFIED.,.F.,
  .F.,(2,2),(0.,1.),.PIECEWISE_BEZIER_KNOTS.);
#5250 = CARTESIAN_POINT('',(311.,156.31477990022,34.373654403271));
#5251 = CARTESIAN_POINT('',(610.,154.47630226914,41.727564927611));
#5252 = PCURVE('',#3145,#5253);
#5253 = DEFINITIONAL_REPRESENTATION('',(#5254),#5258);
#5254 = LINE('',#5255,#5256);
#5255 = CARTESIAN_POINT('',(3.14159265359,0.));
#5256 = VECTOR('',#5257,1.);
#5257 = DIRECTION('',(0.,1.));
#5258 = ( GEOMETRIC_REPRESENTATION_CONTEXT(2) 
PARAMETRIC_REPRESENTATION_CONTEXT() REPRESENTATION_CONTEXT('2D SPACE',''
  ) );
#5259 = PCURVE('',#3117,#5260);
#5260 = DEFINITIONAL_REPRESENTATION('',(#5261),#5265);
#5261 = LINE('',#5262,#5263);
#5262 = CARTESIAN_POINT('',(24.,0.));
#5263 = VECTOR('',#5264,1.);
#5264 = DIRECTION('',(0.,1.));
#5265 = ( GEOMETRIC_REPRESENTATION_CONTEXT(2) 
PARAMETRIC_REPRESENTATION_CONTEXT() REPRESENTATION_CONTEXT('2D SPACE',''
  ) );
#5266 = ADVANCED_FACE('',(#5267),#3117,.F.);
#5267 = FACE_BOUND('',#5268,.F.);
#5268 = EDGE_LOOP('',(#5269,#5270,#5271,#5272));
#5269 = ORIENTED_EDGE('',*,*,#5219,.T.);
#5270 = ORIENTED_EDGE('',*,*,#5247,.T.);
#5271 = ORIENTED_EDGE('',*,*,#3101,.F.);
#5272 = ORIENTED_EDGE('',*,*,#3196,.F.);
#5273 = ADVANCED_FACE('',(#5274),#3387,.T.);
#5274 = FACE_BOUND('',#5275,.T.);
#5275 = EDGE_LOOP('',(#5276,#5277,#5278,#5279));
#5276 = ORIENTED_EDGE('',*,*,#3992,.F.);
#5277 = ORIENTED_EDGE('',*,*,#5073,.T.);
#5278 = ORIENTED_EDGE('',*,*,#3370,.F.);
#5279 = ORIENTED_EDGE('',*,*,#3898,.F.);
#5280 = ADVANCED_FACE('',(#5281),#3454,.T.);
#5281 = FACE_BOUND('',#5282,.T.);
#5282 = EDGE_LOOP('',(#5283,#5284,#5285,#5286));
#5283 = ORIENTED_EDGE('',*,*,#4503,.F.);
#5284 = ORIENTED_EDGE('',*,*,#4622,.T.);
#5285 = ORIENTED_EDGE('',*,*,#3437,.F.);
#5286 = ORIENTED_EDGE('',*,*,#5052,.F.);
#5287 = ADVANCED_FACE('',(#5288),#3545,.F.);
#5288 = FACE_BOUND('',#5289,.F.);
#5289 = EDGE_LOOP('',(#5290,#5314,#5334,#5335));
#5290 = ORIENTED_EDGE('',*,*,#5291,.F.);
#5291 = EDGE_CURVE('',#5292,#3508,#5294,.T.);
#5292 = VERTEX_POINT('',#5293);
#5293 = CARTESIAN_POINT('',(311.,-156.3147799009,34.373654404017));
#5294 = SURFACE_CURVE('',#5295,(#5300,#5307),.PCURVE_S1.);
#5295 = CIRCLE('',#5296,2.);
#5296 = AXIS2_PLACEMENT_3D('',#5297,#5298,#5299);
#5297 = CARTESIAN_POINT('',(311.,-157.728993464,35.787867967136));
#5298 = DIRECTION('',(-1.,7.850462293419E-17,-7.850462293419E-17));
#5299 = DIRECTION('',(-1.110223024625E-16,-0.707106781187,0.707106781187
    ));
#5300 = PCURVE('',#3545,#5301);
#5301 = DEFINITIONAL_REPRESENTATION('',(#5302),#5306);
#5302 = LINE('',#5303,#5304);
#5303 = CARTESIAN_POINT('',(6.28318530718,0.));
#5304 = VECTOR('',#5305,1.);
#5305 = DIRECTION('',(-1.,0.));
#5306 = ( GEOMETRIC_REPRESENTATION_CONTEXT(2) 
PARAMETRIC_REPRESENTATION_CONTEXT() REPRESENTATION_CONTEXT('2D SPACE',''
  ) );
#5307 = PCURVE('',#3765,#5308);
#5308 = DEFINITIONAL_REPRESENTATION('',(#5309),#5313);
#5309 = LINE('',#5310,#5311);
#5310 = CARTESIAN_POINT('',(9.424777960769,1.));
#5311 = VECTOR('',#5312,1.);
#5312 = DIRECTION('',(-1.,0.));
#5313 = ( GEOMETRIC_REPRESENTATION_CONTEXT(2) 
PARAMETRIC_REPRESENTATION_CONTEXT() REPRESENTATION_CONTEXT('2D SPACE',''
  ) );
#5314 = ORIENTED_EDGE('',*,*,#5315,.T.);
#5315 = EDGE_CURVE('',#5292,#3599,#5316,.T.);
#5316 = SURFACE_CURVE('',#5317,(#5320,#5327),.PCURVE_S1.);
#5317 = B_SPLINE_CURVE_WITH_KNOTS('',1,(#5318,#5319),.UNSPECIFIED.,.F.,
  .F.,(2,2),(0.,1.),.PIECEWISE_BEZIER_KNOTS.);
#5318 = CARTESIAN_POINT('',(311.,-156.3147799017,34.373654404763));
#5319 = CARTESIAN_POINT('',(610.,-154.4763022706,41.727564929103));
#5320 = PCURVE('',#3545,#5321);
#5321 = DEFINITIONAL_REPRESENTATION('',(#5322),#5326);
#5322 = LINE('',#5323,#5324);
#5323 = CARTESIAN_POINT('',(3.14159265359,0.));
#5324 = VECTOR('',#5325,1.);
#5325 = DIRECTION('',(0.,1.));
#5326 = ( GEOMETRIC_REPRESENTATION_CONTEXT(2) 
PARAMETRIC_REPRESENTATION_CONTEXT() REPRESENTATION_CONTEXT('2D SPACE',''
  ) );
#5327 = PCURVE('',#3638,#5328);
#5328 = DEFINITIONAL_REPRESENTATION('',(#5329),#5333);
#5329 = LINE('',#5330,#5331);
#5330 = CARTESIAN_POINT('',(-24.,0.));
#5331 = VECTOR('',#5332,1.);
#5332 = DIRECTION('',(0.,1.));
#5333 = ( GEOMETRIC_REPRESENTATION_CONTEXT(2) 
PARAMETRIC_REPRESENTATION_CONTEXT() REPRESENTATION_CONTEXT('2D SPACE',''
  ) );
#5334 = ORIENTED_EDGE('',*,*,#3598,.F.);
#5335 = ORIENTED_EDGE('',*,*,#3530,.F.);
#5336 = ADVANCED_FACE('',(#5337),#3638,.F.);
#5337 = FACE_BOUND('',#5338,.F.);
#5338 = EDGE_LOOP('',(#5339,#5360,#5361,#5362));
#5339 = ORIENTED_EDGE('',*,*,#5340,.T.);
#5340 = EDGE_CURVE('',#5292,#3676,#5341,.T.);
#5341 = SURFACE_CURVE('',#5342,(#5346,#5353),.PCURVE_S1.);
#5342 = LINE('',#5343,#5344);
#5343 = CARTESIAN_POINT('',(311.,-139.3442171517,51.344217151748));
#5344 = VECTOR('',#5345,1.);
#5345 = DIRECTION('',(0.,0.707106781187,0.707106781187));
#5346 = PCURVE('',#3638,#5347);
#5347 = DEFINITIONAL_REPRESENTATION('',(#5348),#5352);
#5348 = LINE('',#5349,#5350);
#5349 = CARTESIAN_POINT('',(0.,0.));
#5350 = VECTOR('',#5351,1.);
#5351 = DIRECTION('',(1.,0.));
#5352 = ( GEOMETRIC_REPRESENTATION_CONTEXT(2) 
PARAMETRIC_REPRESENTATION_CONTEXT() REPRESENTATION_CONTEXT('2D SPACE',''
  ) );
#5353 = PCURVE('',#3807,#5354);
#5354 = DEFINITIONAL_REPRESENTATION('',(#5355),#5359);
#5355 = LINE('',#5356,#5357);
#5356 = CARTESIAN_POINT('',(0.,1.));
#5357 = VECTOR('',#5358,1.);
#5358 = DIRECTION('',(1.,0.));
#5359 = ( GEOMETRIC_REPRESENTATION_CONTEXT(2) 
PARAMETRIC_REPRESENTATION_CONTEXT() REPRESENTATION_CONTEXT('2D SPACE',''
  ) );
#5360 = ORIENTED_EDGE('',*,*,#3701,.T.);
#5361 = ORIENTED_EDGE('',*,*,#3622,.F.);
#5362 = ORIENTED_EDGE('',*,*,#5315,.F.);
#5363 = ADVANCED_FACE('',(#5364),#3807,.F.);
#5364 = FACE_BOUND('',#5365,.F.);
#5365 = EDGE_LOOP('',(#5366,#5367,#5368,#5369));
#5366 = ORIENTED_EDGE('',*,*,#3791,.T.);
#5367 = ORIENTED_EDGE('',*,*,#3847,.T.);
#5368 = ORIENTED_EDGE('',*,*,#5340,.F.);
#5369 = ORIENTED_EDGE('',*,*,#5370,.F.);
#5370 = EDGE_CURVE('',#3749,#5292,#5371,.T.);
#5371 = SURFACE_CURVE('',#5372,(#5375,#5382),.PCURVE_S1.);
#5372 = B_SPLINE_CURVE_WITH_KNOTS('',1,(#5373,#5374),.UNSPECIFIED.,.F.,
  .F.,(2,2),(0.,1.),.PIECEWISE_BEZIER_KNOTS.);
#5373 = CARTESIAN_POINT('',(150.,-143.9050558904,42.187184335382));
#5374 = CARTESIAN_POINT('',(311.,-156.3147799017,34.373654404763));
#5375 = PCURVE('',#3807,#5376);
#5376 = DEFINITIONAL_REPRESENTATION('',(#5377),#5381);
#5377 = LINE('',#5378,#5379);
#5378 = CARTESIAN_POINT('',(-24.,0.));
#5379 = VECTOR('',#5380,1.);
#5380 = DIRECTION('',(0.,1.));
#5381 = ( GEOMETRIC_REPRESENTATION_CONTEXT(2) 
PARAMETRIC_REPRESENTATION_CONTEXT() REPRESENTATION_CONTEXT('2D SPACE',''
  ) );
#5382 = PCURVE('',#3765,#5383);
#5383 = DEFINITIONAL_REPRESENTATION('',(#5384),#5388);
#5384 = LINE('',#5385,#5386);
#5385 = CARTESIAN_POINT('',(6.28318530718,0.));
#5386 = VECTOR('',#5387,1.);
#5387 = DIRECTION('',(0.,1.));
#5388 = ( GEOMETRIC_REPRESENTATION_CONTEXT(2) 
PARAMETRIC_REPRESENTATION_CONTEXT() REPRESENTATION_CONTEXT('2D SPACE',''
  ) );
#5389 = ADVANCED_FACE('',(#5390),#3765,.F.);
#5390 = FACE_BOUND('',#5391,.F.);
#5391 = EDGE_LOOP('',(#5392,#5393,#5394,#5395));
#5392 = ORIENTED_EDGE('',*,*,#3748,.T.);
#5393 = ORIENTED_EDGE('',*,*,#5370,.T.);
#5394 = ORIENTED_EDGE('',*,*,#5291,.T.);
#5395 = ORIENTED_EDGE('',*,*,#3872,.F.);
#5396 = ADVANCED_FACE('',(#5397),#4098,.F.);
#5397 = FACE_BOUND('',#5398,.F.);
#5398 = EDGE_LOOP('',(#5399,#5400,#5401,#5425,#5452,#5474));
#5399 = ORIENTED_EDGE('',*,*,#4083,.T.);
#5400 = ORIENTED_EDGE('',*,*,#5026,.T.);
#5401 = ORIENTED_EDGE('',*,*,#5402,.T.);
#5402 = EDGE_CURVE('',#4986,#5403,#5405,.T.);
#5403 = VERTEX_POINT('',#5404);
#5404 = CARTESIAN_POINT('',(610.,-129.7275649283,-66.47630226988));
#5405 = SURFACE_CURVE('',#5406,(#5411,#5418),.PCURVE_S1.);
#5406 = CIRCLE('',#5407,2.);
#5407 = AXIS2_PLACEMENT_3D('',#5408,#5409,#5410);
#5408 = CARTESIAN_POINT('',(610.,-131.1417784914,-67.890515833));
#5409 = DIRECTION('',(1.,-7.850462293419E-17,-7.850462293419E-17));
#5410 = DIRECTION('',(1.110223024625E-16,0.707106781187,0.707106781187)
  );
#5411 = PCURVE('',#4098,#5412);
#5412 = DEFINITIONAL_REPRESENTATION('',(#5413),#5417);
#5413 = CIRCLE('',#5414,2.);
#5414 = AXIS2_PLACEMENT_2D('',#5415,#5416);
#5415 = CARTESIAN_POINT('',(21.99999999789,0.));
#5416 = DIRECTION('',(1.,0.));
#5417 = ( GEOMETRIC_REPRESENTATION_CONTEXT(2) 
PARAMETRIC_REPRESENTATION_CONTEXT() REPRESENTATION_CONTEXT('2D SPACE',''
  ) );
#5418 = PCURVE('',#5000,#5419);
#5419 = DEFINITIONAL_REPRESENTATION('',(#5420),#5424);
#5420 = LINE('',#5421,#5422);
#5421 = CARTESIAN_POINT('',(-3.14159265359,1.));
#5422 = VECTOR('',#5423,1.);
#5423 = DIRECTION('',(1.,0.));
#5424 = ( GEOMETRIC_REPRESENTATION_CONTEXT(2) 
PARAMETRIC_REPRESENTATION_CONTEXT() REPRESENTATION_CONTEXT('2D SPACE',''
  ) );
#5425 = ORIENTED_EDGE('',*,*,#5426,.T.);
#5426 = EDGE_CURVE('',#5403,#5427,#5429,.T.);
#5427 = VERTEX_POINT('',#5428);
#5428 = CARTESIAN_POINT('',(610.,-154.4763022698,-41.72756492835));
#5429 = SURFACE_CURVE('',#5430,(#5434,#5441),.PCURVE_S1.);
#5430 = LINE('',#5431,#5432);
#5431 = CARTESIAN_POINT('',(610.,-142.1019335983,-54.10193359837));
#5432 = VECTOR('',#5433,1.);
#5433 = DIRECTION('',(0.,-0.707106781187,0.707106781187));
#5434 = PCURVE('',#4098,#5435);
#5435 = DEFINITIONAL_REPRESENTATION('',(#5436),#5440);
#5436 = LINE('',#5437,#5438);
#5437 = CARTESIAN_POINT('',(24.,17.5));
#5438 = VECTOR('',#5439,1.);
#5439 = DIRECTION('',(0.,1.));
#5440 = ( GEOMETRIC_REPRESENTATION_CONTEXT(2) 
PARAMETRIC_REPRESENTATION_CONTEXT() REPRESENTATION_CONTEXT('2D SPACE',''
  ) );
#5441 = PCURVE('',#5442,#5447);
#5442 = B_SPLINE_SURFACE_WITH_KNOTS('',1,1,(
    (#5443,#5444)
    ,(#5445,#5446
    )),.UNSPECIFIED.,.F.,.F.,.F.,(2,2),(2,2),(-24.,24.),(0.,1.),
  .PIECEWISE_BEZIER_KNOTS.);
#5443 = CARTESIAN_POINT('',(311.,-122.3736544032,-68.31477990022));
#5444 = CARTESIAN_POINT('',(610.,-129.7275649276,-66.47630226914));
#5445 = CARTESIAN_POINT('',(311.,-156.3147799002,-34.37365440327));
#5446 = CARTESIAN_POINT('',(610.,-154.4763022691,-41.72756492761));
#5447 = DEFINITIONAL_REPRESENTATION('',(#5448),#5451);
#5448 = B_SPLINE_CURVE_WITH_KNOTS('',1,(#5449,#5450),.UNSPECIFIED.,.F.,
  .F.,(2,2),(-17.5,17.5),.PIECEWISE_BEZIER_KNOTS.);
#5449 = CARTESIAN_POINT('',(-24.,1.));
#5450 = CARTESIAN_POINT('',(24.,1.));
#5451 = ( GEOMETRIC_REPRESENTATION_CONTEXT(2) 
PARAMETRIC_REPRESENTATION_CONTEXT() REPRESENTATION_CONTEXT('2D SPACE',''
  ) );
#5452 = ORIENTED_EDGE('',*,*,#5453,.T.);
#5453 = EDGE_CURVE('',#5427,#4139,#5454,.T.);
#5454 = SURFACE_CURVE('',#5455,(#5460,#5467),.PCURVE_S1.);
#5455 = CIRCLE('',#5456,2.);
#5456 = AXIS2_PLACEMENT_3D('',#5457,#5458,#5459);
#5457 = CARTESIAN_POINT('',(610.,-155.890515833,-43.14177849147));
#5458 = DIRECTION('',(1.,-7.850462293419E-17,-7.850462293419E-17));
#5459 = DIRECTION('',(1.110223024625E-16,0.707106781187,0.707106781187)
  );
#5460 = PCURVE('',#4098,#5461);
#5461 = DEFINITIONAL_REPRESENTATION('',(#5462),#5466);
#5462 = CIRCLE('',#5463,2.);
#5463 = AXIS2_PLACEMENT_2D('',#5464,#5465);
#5464 = CARTESIAN_POINT('',(21.99999999789,35.));
#5465 = DIRECTION('',(1.,0.));
#5466 = ( GEOMETRIC_REPRESENTATION_CONTEXT(2) 
PARAMETRIC_REPRESENTATION_CONTEXT() REPRESENTATION_CONTEXT('2D SPACE',''
  ) );
#5467 = PCURVE('',#4174,#5468);
#5468 = DEFINITIONAL_REPRESENTATION('',(#5469),#5473);
#5469 = LINE('',#5470,#5471);
#5470 = CARTESIAN_POINT('',(3.14159265359,1.));
#5471 = VECTOR('',#5472,1.);
#5472 = DIRECTION('',(1.,0.));
#5473 = ( GEOMETRIC_REPRESENTATION_CONTEXT(2) 
PARAMETRIC_REPRESENTATION_CONTEXT() REPRESENTATION_CONTEXT('2D SPACE',''
  ) );
#5474 = ORIENTED_EDGE('',*,*,#4138,.F.);
#5475 = ADVANCED_FACE('',(#5476),#4174,.F.);
#5476 = FACE_BOUND('',#5477,.F.);
#5477 = EDGE_LOOP('',(#5478,#5502,#5503,#5504));
#5478 = ORIENTED_EDGE('',*,*,#5479,.F.);
#5479 = EDGE_CURVE('',#4114,#5480,#5482,.T.);
#5480 = VERTEX_POINT('',#5481);
#5481 = CARTESIAN_POINT('',(311.,-156.3147799009,-34.37365440401));
#5482 = SURFACE_CURVE('',#5483,(#5488,#5495),.PCURVE_S1.);
#5483 = CIRCLE('',#5484,2.);
#5484 = AXIS2_PLACEMENT_3D('',#5485,#5486,#5487);
#5485 = CARTESIAN_POINT('',(311.,-157.728993464,-35.78786796713));
#5486 = DIRECTION('',(-1.,7.850462293419E-17,7.850462293419E-17));
#5487 = DIRECTION('',(-1.110223024625E-16,-0.707106781187,
    -0.707106781187));
#5488 = PCURVE('',#4174,#5489);
#5489 = DEFINITIONAL_REPRESENTATION('',(#5490),#5494);
#5490 = LINE('',#5491,#5492);
#5491 = CARTESIAN_POINT('',(6.28318530718,0.));
#5492 = VECTOR('',#5493,1.);
#5493 = DIRECTION('',(-1.,0.));
#5494 = ( GEOMETRIC_REPRESENTATION_CONTEXT(2) 
PARAMETRIC_REPRESENTATION_CONTEXT() REPRESENTATION_CONTEXT('2D SPACE',''
  ) );
#5495 = PCURVE('',#4242,#5496);
#5496 = DEFINITIONAL_REPRESENTATION('',(#5497),#5501);
#5497 = LINE('',#5498,#5499);
#5498 = CARTESIAN_POINT('',(3.14159265359,1.));
#5499 = VECTOR('',#5500,1.);
#5500 = DIRECTION('',(-1.,0.));
#5501 = ( GEOMETRIC_REPRESENTATION_CONTEXT(2) 
PARAMETRIC_REPRESENTATION_CONTEXT() REPRESENTATION_CONTEXT('2D SPACE',''
  ) );
#5502 = ORIENTED_EDGE('',*,*,#4161,.T.);
#5503 = ORIENTED_EDGE('',*,*,#5453,.F.);
#5504 = ORIENTED_EDGE('',*,*,#5505,.F.);
#5505 = EDGE_CURVE('',#5480,#5427,#5506,.T.);
#5506 = SURFACE_CURVE('',#5507,(#5510,#5517),.PCURVE_S1.);
#5507 = B_SPLINE_CURVE_WITH_KNOTS('',1,(#5508,#5509),.UNSPECIFIED.,.F.,
  .F.,(2,2),(0.,1.),.PIECEWISE_BEZIER_KNOTS.);
#5508 = CARTESIAN_POINT('',(311.,-156.3147799002,-34.37365440327));
#5509 = CARTESIAN_POINT('',(610.,-154.4763022691,-41.72756492761));
#5510 = PCURVE('',#4174,#5511);
#5511 = DEFINITIONAL_REPRESENTATION('',(#5512),#5516);
#5512 = LINE('',#5513,#5514);
#5513 = CARTESIAN_POINT('',(3.14159265359,0.));
#5514 = VECTOR('',#5515,1.);
#5515 = DIRECTION('',(0.,1.));
#5516 = ( GEOMETRIC_REPRESENTATION_CONTEXT(2) 
PARAMETRIC_REPRESENTATION_CONTEXT() REPRESENTATION_CONTEXT('2D SPACE',''
  ) );
#5517 = PCURVE('',#5442,#5518);
#5518 = DEFINITIONAL_REPRESENTATION('',(#5519),#5523);
#5519 = LINE('',#5520,#5521);
#5520 = CARTESIAN_POINT('',(24.,0.));
#5521 = VECTOR('',#5522,1.);
#5522 = DIRECTION('',(0.,1.));
#5523 = ( GEOMETRIC_REPRESENTATION_CONTEXT(2) 
PARAMETRIC_REPRESENTATION_CONTEXT() REPRESENTATION_CONTEXT('2D SPACE',''
  ) );
#5524 = ADVANCED_FACE('',(#5525),#4242,.F.);
#5525 = FACE_BOUND('',#5526,.F.);
#5526 = EDGE_LOOP('',(#5527,#5528,#5529,#5530));
#5527 = ORIENTED_EDGE('',*,*,#4739,.T.);
#5528 = ORIENTED_EDGE('',*,*,#4229,.T.);
#5529 = ORIENTED_EDGE('',*,*,#5479,.T.);
#5530 = ORIENTED_EDGE('',*,*,#5531,.F.);
#5531 = EDGE_CURVE('',#4713,#5480,#5532,.T.);
#5532 = SURFACE_CURVE('',#5533,(#5536,#5543),.PCURVE_S1.);
#5533 = B_SPLINE_CURVE_WITH_KNOTS('',1,(#5534,#5535),.UNSPECIFIED.,.F.,
  .F.,(2,2),(0.,1.),.PIECEWISE_BEZIER_KNOTS.);
#5534 = CARTESIAN_POINT('',(150.,-143.9050558892,-42.18718433658));
#5535 = CARTESIAN_POINT('',(311.,-156.3147799002,-34.37365440327));
#5536 = PCURVE('',#4242,#5537);
#5537 = DEFINITIONAL_REPRESENTATION('',(#5538),#5542);
#5538 = LINE('',#5539,#5540);
#5539 = CARTESIAN_POINT('',(0.,0.));
#5540 = VECTOR('',#5541,1.);
#5541 = DIRECTION('',(0.,1.));
#5542 = ( GEOMETRIC_REPRESENTATION_CONTEXT(2) 
PARAMETRIC_REPRESENTATION_CONTEXT() REPRESENTATION_CONTEXT('2D SPACE',''
  ) );
#5543 = PCURVE('',#4728,#5544);
#5544 = DEFINITIONAL_REPRESENTATION('',(#5545),#5549);
#5545 = LINE('',#5546,#5547);
#5546 = CARTESIAN_POINT('',(24.,0.));
#5547 = VECTOR('',#5548,1.);
#5548 = DIRECTION('',(0.,1.));
#5549 = ( GEOMETRIC_REPRESENTATION_CONTEXT(2) 
PARAMETRIC_REPRESENTATION_CONTEXT() REPRESENTATION_CONTEXT('2D SPACE',''
  ) );
#5550 = ADVANCED_FACE('',(#5551),#4310,.F.);
#5551 = FACE_BOUND('',#5552,.F.);
#5552 = EDGE_LOOP('',(#5553,#5554,#5576,#5598));
#5553 = ORIENTED_EDGE('',*,*,#4906,.T.);
#5554 = ORIENTED_EDGE('',*,*,#5555,.T.);
#5555 = EDGE_CURVE('',#4907,#5556,#5558,.T.);
#5556 = VERTEX_POINT('',#5557);
#5557 = CARTESIAN_POINT('',(311.,156.31477990097,-34.37365440401));
#5558 = SURFACE_CURVE('',#5559,(#5562,#5569),.PCURVE_S1.);
#5559 = B_SPLINE_CURVE_WITH_KNOTS('',1,(#5560,#5561),.UNSPECIFIED.,.F.,
  .F.,(2,2),(0.,1.),.PIECEWISE_BEZIER_KNOTS.);
#5560 = CARTESIAN_POINT('',(150.,143.9050558904,-42.18718433538));
#5561 = CARTESIAN_POINT('',(311.,156.31477990171,-34.37365440476));
#5562 = PCURVE('',#4310,#5563);
#5563 = DEFINITIONAL_REPRESENTATION('',(#5564),#5568);
#5564 = LINE('',#5565,#5566);
#5565 = CARTESIAN_POINT('',(6.28318530718,0.));
#5566 = VECTOR('',#5567,1.);
#5567 = DIRECTION('',(0.,1.));
#5568 = ( GEOMETRIC_REPRESENTATION_CONTEXT(2) 
PARAMETRIC_REPRESENTATION_CONTEXT() REPRESENTATION_CONTEXT('2D SPACE',''
  ) );
#5569 = PCURVE('',#4946,#5570);
#5570 = DEFINITIONAL_REPRESENTATION('',(#5571),#5575);
#5571 = LINE('',#5572,#5573);
#5572 = CARTESIAN_POINT('',(-24.,0.));
#5573 = VECTOR('',#5574,1.);
#5574 = DIRECTION('',(0.,1.));
#5575 = ( GEOMETRIC_REPRESENTATION_CONTEXT(2) 
PARAMETRIC_REPRESENTATION_CONTEXT() REPRESENTATION_CONTEXT('2D SPACE',''
  ) );
#5576 = ORIENTED_EDGE('',*,*,#5577,.T.);
#5577 = EDGE_CURVE('',#5556,#4296,#5578,.T.);
#5578 = SURFACE_CURVE('',#5579,(#5584,#5591),.PCURVE_S1.);
#5579 = CIRCLE('',#5580,2.);
#5580 = AXIS2_PLACEMENT_3D('',#5581,#5582,#5583);
#5581 = CARTESIAN_POINT('',(311.,157.72899346409,-35.78786796713));
#5582 = DIRECTION('',(-1.,-7.850462293419E-17,7.850462293419E-17));
#5583 = DIRECTION('',(-1.110223024625E-16,0.707106781187,-0.707106781187
    ));
#5584 = PCURVE('',#4310,#5585);
#5585 = DEFINITIONAL_REPRESENTATION('',(#5586),#5590);
#5586 = LINE('',#5587,#5588);
#5587 = CARTESIAN_POINT('',(9.424777960769,1.));
#5588 = VECTOR('',#5589,1.);
#5589 = DIRECTION('',(-1.,0.));
#5590 = ( GEOMETRIC_REPRESENTATION_CONTEXT(2) 
PARAMETRIC_REPRESENTATION_CONTEXT() REPRESENTATION_CONTEXT('2D SPACE',''
  ) );
#5591 = PCURVE('',#4378,#5592);
#5592 = DEFINITIONAL_REPRESENTATION('',(#5593),#5597);
#5593 = LINE('',#5594,#5595);
#5594 = CARTESIAN_POINT('',(6.28318530718,0.));
#5595 = VECTOR('',#5596,1.);
#5596 = DIRECTION('',(-1.,0.));
#5597 = ( GEOMETRIC_REPRESENTATION_CONTEXT(2) 
PARAMETRIC_REPRESENTATION_CONTEXT() REPRESENTATION_CONTEXT('2D SPACE',''
  ) );
#5598 = ORIENTED_EDGE('',*,*,#4295,.F.);
#5599 = ADVANCED_FACE('',(#5600),#4420,.F.);
#5600 = FACE_BOUND('',#5601,.F.);
#5601 = EDGE_LOOP('',(#5602,#5603,#5604,#5628,#5655,#5677));
#5602 = ORIENTED_EDGE('',*,*,#4594,.T.);
#5603 = ORIENTED_EDGE('',*,*,#4404,.T.);
#5604 = ORIENTED_EDGE('',*,*,#5605,.T.);
#5605 = EDGE_CURVE('',#4364,#5606,#5608,.T.);
#5606 = VERTEX_POINT('',#5607);
#5607 = CARTESIAN_POINT('',(610.,154.47630226988,-41.72756492835));
#5608 = SURFACE_CURVE('',#5609,(#5614,#5621),.PCURVE_S1.);
#5609 = CIRCLE('',#5610,2.);
#5610 = AXIS2_PLACEMENT_3D('',#5611,#5612,#5613);
#5611 = CARTESIAN_POINT('',(610.,155.890515833,-43.14177849147));
#5612 = DIRECTION('',(1.,7.850462293419E-17,-7.850462293419E-17));
#5613 = DIRECTION('',(1.110223024625E-16,-0.707106781187,0.707106781187)
  );
#5614 = PCURVE('',#4420,#5615);
#5615 = DEFINITIONAL_REPRESENTATION('',(#5616),#5620);
#5616 = CIRCLE('',#5617,2.);
#5617 = AXIS2_PLACEMENT_2D('',#5618,#5619);
#5618 = CARTESIAN_POINT('',(21.99999999789,0.));
#5619 = DIRECTION('',(1.,0.));
#5620 = ( GEOMETRIC_REPRESENTATION_CONTEXT(2) 
PARAMETRIC_REPRESENTATION_CONTEXT() REPRESENTATION_CONTEXT('2D SPACE',''
  ) );
#5621 = PCURVE('',#4378,#5622);
#5622 = DEFINITIONAL_REPRESENTATION('',(#5623),#5627);
#5623 = LINE('',#5624,#5625);
#5624 = CARTESIAN_POINT('',(-3.14159265359,1.));
#5625 = VECTOR('',#5626,1.);
#5626 = DIRECTION('',(1.,0.));
#5627 = ( GEOMETRIC_REPRESENTATION_CONTEXT(2) 
PARAMETRIC_REPRESENTATION_CONTEXT() REPRESENTATION_CONTEXT('2D SPACE',''
  ) );
#5628 = ORIENTED_EDGE('',*,*,#5629,.T.);
#5629 = EDGE_CURVE('',#5606,#5630,#5632,.T.);
#5630 = VERTEX_POINT('',#5631);
#5631 = CARTESIAN_POINT('',(610.,129.72756492835,-66.47630226988));
#5632 = SURFACE_CURVE('',#5633,(#5637,#5644),.PCURVE_S1.);
#5633 = LINE('',#5634,#5635);
#5634 = CARTESIAN_POINT('',(610.,142.10193359837,-54.10193359837));
#5635 = VECTOR('',#5636,1.);
#5636 = DIRECTION('',(0.,-0.707106781187,-0.707106781187));
#5637 = PCURVE('',#4420,#5638);
#5638 = DEFINITIONAL_REPRESENTATION('',(#5639),#5643);
#5639 = LINE('',#5640,#5641);
#5640 = CARTESIAN_POINT('',(24.,17.5));
#5641 = VECTOR('',#5642,1.);
#5642 = DIRECTION('',(0.,1.));
#5643 = ( GEOMETRIC_REPRESENTATION_CONTEXT(2) 
PARAMETRIC_REPRESENTATION_CONTEXT() REPRESENTATION_CONTEXT('2D SPACE',''
  ) );
#5644 = PCURVE('',#5645,#5650);
#5645 = B_SPLINE_SURFACE_WITH_KNOTS('',1,1,(
    (#5646,#5647)
    ,(#5648,#5649
    )),.UNSPECIFIED.,.F.,.F.,.F.,(2,2),(2,2),(-24.,24.),(0.,1.),
  .PIECEWISE_BEZIER_KNOTS.);
#5646 = CARTESIAN_POINT('',(311.,156.31477990022,-34.37365440327));
#5647 = CARTESIAN_POINT('',(610.,154.47630226914,-41.72756492761));
#5648 = CARTESIAN_POINT('',(311.,122.37365440327,-68.31477990022));
#5649 = CARTESIAN_POINT('',(610.,129.72756492761,-66.47630226914));
#5650 = DEFINITIONAL_REPRESENTATION('',(#5651),#5654);
#5651 = B_SPLINE_CURVE_WITH_KNOTS('',1,(#5652,#5653),.UNSPECIFIED.,.F.,
  .F.,(2,2),(-17.5,17.5),.PIECEWISE_BEZIER_KNOTS.);
#5652 = CARTESIAN_POINT('',(-24.,1.));
#5653 = CARTESIAN_POINT('',(24.,1.));
#5654 = ( GEOMETRIC_REPRESENTATION_CONTEXT(2) 
PARAMETRIC_REPRESENTATION_CONTEXT() REPRESENTATION_CONTEXT('2D SPACE',''
  ) );
#5655 = ORIENTED_EDGE('',*,*,#5656,.T.);
#5656 = EDGE_CURVE('',#5630,#5100,#5657,.T.);
#5657 = SURFACE_CURVE('',#5658,(#5663,#5670),.PCURVE_S1.);
#5658 = CIRCLE('',#5659,2.);
#5659 = AXIS2_PLACEMENT_3D('',#5660,#5661,#5662);
#5660 = CARTESIAN_POINT('',(610.,131.14177849147,-67.890515833));
#5661 = DIRECTION('',(1.,7.850462293419E-17,-7.850462293419E-17));
#5662 = DIRECTION('',(1.110223024625E-16,-0.707106781187,0.707106781187)
  );
#5663 = PCURVE('',#4420,#5664);
#5664 = DEFINITIONAL_REPRESENTATION('',(#5665),#5669);
#5665 = CIRCLE('',#5666,2.);
#5666 = AXIS2_PLACEMENT_2D('',#5667,#5668);
#5667 = CARTESIAN_POINT('',(21.99999999789,35.));
#5668 = DIRECTION('',(1.,0.));
#5669 = ( GEOMETRIC_REPRESENTATION_CONTEXT(2) 
PARAMETRIC_REPRESENTATION_CONTEXT() REPRESENTATION_CONTEXT('2D SPACE',''
  ) );
#5670 = PCURVE('',#5135,#5671);
#5671 = DEFINITIONAL_REPRESENTATION('',(#5672),#5676);
#5672 = LINE('',#5673,#5674);
#5673 = CARTESIAN_POINT('',(3.14159265359,1.));
#5674 = VECTOR('',#5675,1.);
#5675 = DIRECTION('',(1.,0.));
#5676 = ( GEOMETRIC_REPRESENTATION_CONTEXT(2) 
PARAMETRIC_REPRESENTATION_CONTEXT() REPRESENTATION_CONTEXT('2D SPACE',''
  ) );
#5677 = ORIENTED_EDGE('',*,*,#5099,.F.);
#5678 = ADVANCED_FACE('',(#5679),#4378,.F.);
#5679 = FACE_BOUND('',#5680,.F.);
#5680 = EDGE_LOOP('',(#5681,#5682,#5702,#5703));
#5681 = ORIENTED_EDGE('',*,*,#5577,.F.);
#5682 = ORIENTED_EDGE('',*,*,#5683,.T.);
#5683 = EDGE_CURVE('',#5556,#5606,#5684,.T.);
#5684 = SURFACE_CURVE('',#5685,(#5688,#5695),.PCURVE_S1.);
#5685 = B_SPLINE_CURVE_WITH_KNOTS('',1,(#5686,#5687),.UNSPECIFIED.,.F.,
  .F.,(2,2),(0.,1.),.PIECEWISE_BEZIER_KNOTS.);
#5686 = CARTESIAN_POINT('',(311.,156.31477990171,-34.37365440476));
#5687 = CARTESIAN_POINT('',(610.,154.47630227063,-41.7275649291));
#5688 = PCURVE('',#4378,#5689);
#5689 = DEFINITIONAL_REPRESENTATION('',(#5690),#5694);
#5690 = LINE('',#5691,#5692);
#5691 = CARTESIAN_POINT('',(3.14159265359,0.));
#5692 = VECTOR('',#5693,1.);
#5693 = DIRECTION('',(0.,1.));
#5694 = ( GEOMETRIC_REPRESENTATION_CONTEXT(2) 
PARAMETRIC_REPRESENTATION_CONTEXT() REPRESENTATION_CONTEXT('2D SPACE',''
  ) );
#5695 = PCURVE('',#5645,#5696);
#5696 = DEFINITIONAL_REPRESENTATION('',(#5697),#5701);
#5697 = LINE('',#5698,#5699);
#5698 = CARTESIAN_POINT('',(-24.,0.));
#5699 = VECTOR('',#5700,1.);
#5700 = DIRECTION('',(0.,1.));
#5701 = ( GEOMETRIC_REPRESENTATION_CONTEXT(2) 
PARAMETRIC_REPRESENTATION_CONTEXT() REPRESENTATION_CONTEXT('2D SPACE',''
  ) );
#5702 = ORIENTED_EDGE('',*,*,#5605,.F.);
#5703 = ORIENTED_EDGE('',*,*,#4363,.F.);
#5704 = ADVANCED_FACE('',(#5705),#4728,.F.);
#5705 = FACE_BOUND('',#5706,.F.);
#5706 = EDGE_LOOP('',(#5707,#5708,#5709,#5732));
#5707 = ORIENTED_EDGE('',*,*,#4712,.T.);
#5708 = ORIENTED_EDGE('',*,*,#5531,.T.);
#5709 = ORIENTED_EDGE('',*,*,#5710,.F.);
#5710 = EDGE_CURVE('',#5711,#5480,#5713,.T.);
#5711 = VERTEX_POINT('',#5712);
#5712 = CARTESIAN_POINT('',(311.,-122.373654404,-68.31477990097));
#5713 = SURFACE_CURVE('',#5714,(#5718,#5725),.PCURVE_S1.);
#5714 = LINE('',#5715,#5716);
#5715 = CARTESIAN_POINT('',(311.,-139.3442171517,-51.34421715174));
#5716 = VECTOR('',#5717,1.);
#5717 = DIRECTION('',(0.,-0.707106781187,0.707106781187));
#5718 = PCURVE('',#4728,#5719);
#5719 = DEFINITIONAL_REPRESENTATION('',(#5720),#5724);
#5720 = LINE('',#5721,#5722);
#5721 = CARTESIAN_POINT('',(0.,1.));
#5722 = VECTOR('',#5723,1.);
#5723 = DIRECTION('',(1.,0.));
#5724 = ( GEOMETRIC_REPRESENTATION_CONTEXT(2) 
PARAMETRIC_REPRESENTATION_CONTEXT() REPRESENTATION_CONTEXT('2D SPACE',''
  ) );
#5725 = PCURVE('',#5442,#5726);
#5726 = DEFINITIONAL_REPRESENTATION('',(#5727),#5731);
#5727 = LINE('',#5728,#5729);
#5728 = CARTESIAN_POINT('',(0.,0.));
#5729 = VECTOR('',#5730,1.);
#5730 = DIRECTION('',(1.,0.));
#5731 = ( GEOMETRIC_REPRESENTATION_CONTEXT(2) 
PARAMETRIC_REPRESENTATION_CONTEXT() REPRESENTATION_CONTEXT('2D SPACE',''
  ) );
#5732 = ORIENTED_EDGE('',*,*,#5733,.F.);
#5733 = EDGE_CURVE('',#4670,#5711,#5734,.T.);
#5734 = SURFACE_CURVE('',#5735,(#5738,#5745),.PCURVE_S1.);
#5735 = B_SPLINE_CURVE_WITH_KNOTS('',1,(#5736,#5737),.UNSPECIFIED.,.F.,
  .F.,(2,2),(0.,1.),.PIECEWISE_BEZIER_KNOTS.);
#5736 = CARTESIAN_POINT('',(150.,-130.1871843353,-55.9050558904));
#5737 = CARTESIAN_POINT('',(311.,-122.3736544047,-68.31477990171));
#5738 = PCURVE('',#4728,#5739);
#5739 = DEFINITIONAL_REPRESENTATION('',(#5740),#5744);
#5740 = LINE('',#5741,#5742);
#5741 = CARTESIAN_POINT('',(-24.,0.));
#5742 = VECTOR('',#5743,1.);
#5743 = DIRECTION('',(0.,1.));
#5744 = ( GEOMETRIC_REPRESENTATION_CONTEXT(2) 
PARAMETRIC_REPRESENTATION_CONTEXT() REPRESENTATION_CONTEXT('2D SPACE',''
  ) );
#5745 = PCURVE('',#4686,#5746);
#5746 = DEFINITIONAL_REPRESENTATION('',(#5747),#5751);
#5747 = LINE('',#5748,#5749);
#5748 = CARTESIAN_POINT('',(6.28318530718,0.));
#5749 = VECTOR('',#5750,1.);
#5750 = DIRECTION('',(0.,1.));
#5751 = ( GEOMETRIC_REPRESENTATION_CONTEXT(2) 
PARAMETRIC_REPRESENTATION_CONTEXT() REPRESENTATION_CONTEXT('2D SPACE',''
  ) );
#5752 = ADVANCED_FACE('',(#5753),#4686,.F.);
#5753 = FACE_BOUND('',#5754,.F.);
#5754 = EDGE_LOOP('',(#5755,#5756,#5757,#5779));
#5755 = ORIENTED_EDGE('',*,*,#4669,.T.);
#5756 = ORIENTED_EDGE('',*,*,#5733,.T.);
#5757 = ORIENTED_EDGE('',*,*,#5758,.T.);
#5758 = EDGE_CURVE('',#5711,#4768,#5759,.T.);
#5759 = SURFACE_CURVE('',#5760,(#5765,#5772),.PCURVE_S1.);
#5760 = CIRCLE('',#5761,2.);
#5761 = AXIS2_PLACEMENT_3D('',#5762,#5763,#5764);
#5762 = CARTESIAN_POINT('',(311.,-123.7878679671,-69.72899346409));
#5763 = DIRECTION('',(-1.,7.850462293419E-17,7.850462293419E-17));
#5764 = DIRECTION('',(-1.110223024625E-16,-0.707106781187,
    -0.707106781187));
#5765 = PCURVE('',#4686,#5766);
#5766 = DEFINITIONAL_REPRESENTATION('',(#5767),#5771);
#5767 = LINE('',#5768,#5769);
#5768 = CARTESIAN_POINT('',(9.424777960769,1.));
#5769 = VECTOR('',#5770,1.);
#5770 = DIRECTION('',(-1.,0.));
#5771 = ( GEOMETRIC_REPRESENTATION_CONTEXT(2) 
PARAMETRIC_REPRESENTATION_CONTEXT() REPRESENTATION_CONTEXT('2D SPACE',''
  ) );
#5772 = PCURVE('',#5000,#5773);
#5773 = DEFINITIONAL_REPRESENTATION('',(#5774),#5778);
#5774 = LINE('',#5775,#5776);
#5775 = CARTESIAN_POINT('',(6.28318530718,0.));
#5776 = VECTOR('',#5777,1.);
#5777 = DIRECTION('',(-1.,0.));
#5778 = ( GEOMETRIC_REPRESENTATION_CONTEXT(2) 
PARAMETRIC_REPRESENTATION_CONTEXT() REPRESENTATION_CONTEXT('2D SPACE',''
  ) );
#5779 = ORIENTED_EDGE('',*,*,#4767,.F.);
#5780 = ADVANCED_FACE('',(#5781),#4875,.F.);
#5781 = FACE_BOUND('',#5782,.F.);
#5782 = EDGE_LOOP('',(#5783,#5784,#5785,#5809));
#5783 = ORIENTED_EDGE('',*,*,#4957,.T.);
#5784 = ORIENTED_EDGE('',*,*,#4862,.T.);
#5785 = ORIENTED_EDGE('',*,*,#5786,.T.);
#5786 = EDGE_CURVE('',#4840,#5787,#5789,.T.);
#5787 = VERTEX_POINT('',#5788);
#5788 = CARTESIAN_POINT('',(311.,122.37365440401,-68.31477990097));
#5789 = SURFACE_CURVE('',#5790,(#5795,#5802),.PCURVE_S1.);
#5790 = CIRCLE('',#5791,2.);
#5791 = AXIS2_PLACEMENT_3D('',#5792,#5793,#5794);
#5792 = CARTESIAN_POINT('',(311.,123.78786796713,-69.72899346409));
#5793 = DIRECTION('',(-1.,-7.850462293419E-17,7.850462293419E-17));
#5794 = DIRECTION('',(-1.110223024625E-16,0.707106781187,-0.707106781187
    ));
#5795 = PCURVE('',#4875,#5796);
#5796 = DEFINITIONAL_REPRESENTATION('',(#5797),#5801);
#5797 = LINE('',#5798,#5799);
#5798 = CARTESIAN_POINT('',(3.14159265359,1.));
#5799 = VECTOR('',#5800,1.);
#5800 = DIRECTION('',(-1.,0.));
#5801 = ( GEOMETRIC_REPRESENTATION_CONTEXT(2) 
PARAMETRIC_REPRESENTATION_CONTEXT() REPRESENTATION_CONTEXT('2D SPACE',''
  ) );
#5802 = PCURVE('',#5135,#5803);
#5803 = DEFINITIONAL_REPRESENTATION('',(#5804),#5808);
#5804 = LINE('',#5805,#5806);
#5805 = CARTESIAN_POINT('',(6.28318530718,0.));
#5806 = VECTOR('',#5807,1.);
#5807 = DIRECTION('',(-1.,0.));
#5808 = ( GEOMETRIC_REPRESENTATION_CONTEXT(2) 
PARAMETRIC_REPRESENTATION_CONTEXT() REPRESENTATION_CONTEXT('2D SPACE',''
  ) );
#5809 = ORIENTED_EDGE('',*,*,#5810,.F.);
#5810 = EDGE_CURVE('',#4931,#5787,#5811,.T.);
#5811 = SURFACE_CURVE('',#5812,(#5815,#5822),.PCURVE_S1.);
#5812 = B_SPLINE_CURVE_WITH_KNOTS('',1,(#5813,#5814),.UNSPECIFIED.,.F.,
  .F.,(2,2),(0.,1.),.PIECEWISE_BEZIER_KNOTS.);
#5813 = CARTESIAN_POINT('',(150.,130.18718433658,-55.9050558892));
#5814 = CARTESIAN_POINT('',(311.,122.37365440327,-68.31477990022));
#5815 = PCURVE('',#4875,#5816);
#5816 = DEFINITIONAL_REPRESENTATION('',(#5817),#5821);
#5817 = LINE('',#5818,#5819);
#5818 = CARTESIAN_POINT('',(0.,0.));
#5819 = VECTOR('',#5820,1.);
#5820 = DIRECTION('',(0.,1.));
#5821 = ( GEOMETRIC_REPRESENTATION_CONTEXT(2) 
PARAMETRIC_REPRESENTATION_CONTEXT() REPRESENTATION_CONTEXT('2D SPACE',''
  ) );
#5822 = PCURVE('',#4946,#5823);
#5823 = DEFINITIONAL_REPRESENTATION('',(#5824),#5828);
#5824 = LINE('',#5825,#5826);
#5825 = CARTESIAN_POINT('',(24.,0.));
#5826 = VECTOR('',#5827,1.);
#5827 = DIRECTION('',(0.,1.));
#5828 = ( GEOMETRIC_REPRESENTATION_CONTEXT(2) 
PARAMETRIC_REPRESENTATION_CONTEXT() REPRESENTATION_CONTEXT('2D SPACE',''
  ) );
#5829 = ADVANCED_FACE('',(#5830),#4946,.F.);
#5830 = FACE_BOUND('',#5831,.F.);
#5831 = EDGE_LOOP('',(#5832,#5833,#5834,#5855));
#5832 = ORIENTED_EDGE('',*,*,#4930,.T.);
#5833 = ORIENTED_EDGE('',*,*,#5810,.T.);
#5834 = ORIENTED_EDGE('',*,*,#5835,.F.);
#5835 = EDGE_CURVE('',#5556,#5787,#5836,.T.);
#5836 = SURFACE_CURVE('',#5837,(#5841,#5848),.PCURVE_S1.);
#5837 = LINE('',#5838,#5839);
#5838 = CARTESIAN_POINT('',(311.,139.34421715174,-51.34421715174));
#5839 = VECTOR('',#5840,1.);
#5840 = DIRECTION('',(0.,-0.707106781187,-0.707106781187));
#5841 = PCURVE('',#4946,#5842);
#5842 = DEFINITIONAL_REPRESENTATION('',(#5843),#5847);
#5843 = LINE('',#5844,#5845);
#5844 = CARTESIAN_POINT('',(0.,1.));
#5845 = VECTOR('',#5846,1.);
#5846 = DIRECTION('',(1.,0.));
#5847 = ( GEOMETRIC_REPRESENTATION_CONTEXT(2) 
PARAMETRIC_REPRESENTATION_CONTEXT() REPRESENTATION_CONTEXT('2D SPACE',''
  ) );
#5848 = PCURVE('',#5645,#5849);
#5849 = DEFINITIONAL_REPRESENTATION('',(#5850),#5854);
#5850 = LINE('',#5851,#5852);
#5851 = CARTESIAN_POINT('',(0.,0.));
#5852 = VECTOR('',#5853,1.);
#5853 = DIRECTION('',(1.,0.));
#5854 = ( GEOMETRIC_REPRESENTATION_CONTEXT(2) 
PARAMETRIC_REPRESENTATION_CONTEXT() REPRESENTATION_CONTEXT('2D SPACE',''
  ) );
#5855 = ORIENTED_EDGE('',*,*,#5555,.F.);
#5856 = ADVANCED_FACE('',(#5857),#5000,.F.);
#5857 = FACE_BOUND('',#5858,.F.);
#5858 = EDGE_LOOP('',(#5859,#5860,#5880,#5881));
#5859 = ORIENTED_EDGE('',*,*,#5758,.F.);
#5860 = ORIENTED_EDGE('',*,*,#5861,.T.);
#5861 = EDGE_CURVE('',#5711,#5403,#5862,.T.);
#5862 = SURFACE_CURVE('',#5863,(#5866,#5873),.PCURVE_S1.);
#5863 = B_SPLINE_CURVE_WITH_KNOTS('',1,(#5864,#5865),.UNSPECIFIED.,.F.,
  .F.,(2,2),(0.,1.),.PIECEWISE_BEZIER_KNOTS.);
#5864 = CARTESIAN_POINT('',(311.,-122.3736544047,-68.31477990171));
#5865 = CARTESIAN_POINT('',(610.,-129.7275649291,-66.47630227063));
#5866 = PCURVE('',#5000,#5867);
#5867 = DEFINITIONAL_REPRESENTATION('',(#5868),#5872);
#5868 = LINE('',#5869,#5870);
#5869 = CARTESIAN_POINT('',(3.14159265359,0.));
#5870 = VECTOR('',#5871,1.);
#5871 = DIRECTION('',(0.,1.));
#5872 = ( GEOMETRIC_REPRESENTATION_CONTEXT(2) 
PARAMETRIC_REPRESENTATION_CONTEXT() REPRESENTATION_CONTEXT('2D SPACE',''
  ) );
#5873 = PCURVE('',#5442,#5874);
#5874 = DEFINITIONAL_REPRESENTATION('',(#5875),#5879);
#5875 = LINE('',#5876,#5877);
#5876 = CARTESIAN_POINT('',(-24.,0.));
#5877 = VECTOR('',#5878,1.);
#5878 = DIRECTION('',(0.,1.));
#5879 = ( GEOMETRIC_REPRESENTATION_CONTEXT(2) 
PARAMETRIC_REPRESENTATION_CONTEXT() REPRESENTATION_CONTEXT('2D SPACE',''
  ) );
#5880 = ORIENTED_EDGE('',*,*,#5402,.F.);
#5881 = ORIENTED_EDGE('',*,*,#4985,.F.);
#5882 = ADVANCED_FACE('',(#5883),#5135,.F.);
#5883 = FACE_BOUND('',#5884,.F.);
#5884 = EDGE_LOOP('',(#5885,#5886,#5887,#5888));
#5885 = ORIENTED_EDGE('',*,*,#5786,.F.);
#5886 = ORIENTED_EDGE('',*,*,#5122,.T.);
#5887 = ORIENTED_EDGE('',*,*,#5656,.F.);
#5888 = ORIENTED_EDGE('',*,*,#5889,.F.);
#5889 = EDGE_CURVE('',#5787,#5630,#5890,.T.);
#5890 = SURFACE_CURVE('',#5891,(#5894,#5901),.PCURVE_S1.);
#5891 = B_SPLINE_CURVE_WITH_KNOTS('',1,(#5892,#5893),.UNSPECIFIED.,.F.,
  .F.,(2,2),(0.,1.),.PIECEWISE_BEZIER_KNOTS.);
#5892 = CARTESIAN_POINT('',(311.,122.37365440327,-68.31477990022));
#5893 = CARTESIAN_POINT('',(610.,129.72756492761,-66.47630226914));
#5894 = PCURVE('',#5135,#5895);
#5895 = DEFINITIONAL_REPRESENTATION('',(#5896),#5900);
#5896 = LINE('',#5897,#5898);
#5897 = CARTESIAN_POINT('',(3.14159265359,0.));
#5898 = VECTOR('',#5899,1.);
#5899 = DIRECTION('',(0.,1.));
#5900 = ( GEOMETRIC_REPRESENTATION_CONTEXT(2) 
PARAMETRIC_REPRESENTATION_CONTEXT() REPRESENTATION_CONTEXT('2D SPACE',''
  ) );
#5901 = PCURVE('',#5645,#5902);
#5902 = DEFINITIONAL_REPRESENTATION('',(#5903),#5907);
#5903 = LINE('',#5904,#5905);
#5904 = CARTESIAN_POINT('',(24.,0.));
#5905 = VECTOR('',#5906,1.);
#5906 = DIRECTION('',(0.,1.));
#5907 = ( GEOMETRIC_REPRESENTATION_CONTEXT(2) 
PARAMETRIC_REPRESENTATION_CONTEXT() REPRESENTATION_CONTEXT('2D SPACE',''
  ) );
#5908 = ADVANCED_FACE('',(#5909),#5442,.F.);
#5909 = FACE_BOUND('',#5910,.F.);
#5910 = EDGE_LOOP('',(#5911,#5912,#5913,#5914));
#5911 = ORIENTED_EDGE('',*,*,#5710,.T.);
#5912 = ORIENTED_EDGE('',*,*,#5505,.T.);
#5913 = ORIENTED_EDGE('',*,*,#5426,.F.);
#5914 = ORIENTED_EDGE('',*,*,#5861,.F.);
#5915 = ADVANCED_FACE('',(#5916),#5645,.F.);
#5916 = FACE_BOUND('',#5917,.F.);
#5917 = EDGE_LOOP('',(#5918,#5919,#5920,#5921));
#5918 = ORIENTED_EDGE('',*,*,#5835,.T.);
#5919 = ORIENTED_EDGE('',*,*,#5889,.T.);
#5920 = ORIENTED_EDGE('',*,*,#5629,.F.);
#5921 = ORIENTED_EDGE('',*,*,#5683,.F.);
#5922 = ( GEOMETRIC_REPRESENTATION_CONTEXT(3) 
GLOBAL_UNCERTAINTY_ASSIGNED_CONTEXT((#5926)) 
GLOBAL_UNIT_ASSIGNED_CONTEXT((#5923,#5924,#5925)) REPRESENTATION_CONTEXT
('Context #1','3D Context with UNIT and UNCERTAINTY') );
#5923 = ( LENGTH_UNIT() NAMED_UNIT(*) SI_UNIT(.MILLI.,.METRE.) );
#5924 = ( NAMED_UNIT(*) PLANE_ANGLE_UNIT() SI_UNIT($,.RADIAN.) );
#5925 = ( NAMED_UNIT(*) SI_UNIT($,.STERADIAN.) SOLID_ANGLE_UNIT() );
#5926 = UNCERTAINTY_MEASURE_WITH_UNIT(LENGTH_MEASURE(2.E-06),#5923,
  'distance_accuracy_value','confusion accuracy');
#5927 = CONTEXT_DEPENDENT_SHAPE_REPRESENTATION(#5928,#5930);
#5928 = ( REPRESENTATION_RELATIONSHIP('','',#84,#10) 
REPRESENTATION_RELATIONSHIP_WITH_TRANSFORMATION(#5929) 
SHAPE_REPRESENTATION_RELATIONSHIP() );
#5929 = ITEM_DEFINED_TRANSFORMATION('','',#11,#15);
#5930 = PRODUCT_DEFINITION_SHAPE('Placement','Placement of an item',
  #5931);
#5931 = NEXT_ASSEMBLY_USAGE_OCCURRENCE('1','sustainer_body','',#5,#79,$
  );
#5932 = PRODUCT_RELATED_PRODUCT_CATEGORY('part',$,(#81));
#5933 = SHAPE_DEFINITION_REPRESENTATION(#5934,#5940);
#5934 = PRODUCT_DEFINITION_SHAPE('','',#5935);
#5935 = PRODUCT_DEFINITION('design','',#5936,#5939);
#5936 = PRODUCT_DEFINITION_FORMATION('','',#5937);
#5937 = PRODUCT('radome','radome','',(#5938));
#5938 = PRODUCT_CONTEXT('',#2,'mechanical');
#5939 = PRODUCT_DEFINITION_CONTEXT('part definition',#2,'design');
#5940 = ADVANCED_BREP_SHAPE_REPRESENTATION('',(#11,#5941),#7595);
#5941 = MANIFOLD_SOLID_BREP('',#5942);
#5942 = CLOSED_SHELL('',(#5943,#6088,#6184,#6277,#6373,#6466,#6562,#6636
    ,#6704,#6777,#6845,#6897,#6965,#7017,#7085,#7137,#7184,#7257,#7306,
    #7353,#7402,#7449,#7498,#7545,#7573,#7584));
#5943 = ADVANCED_FACE('',(#5944),#5958,.T.);
#5944 = FACE_BOUND('',#5945,.T.);
#5945 = EDGE_LOOP('',(#5946,#5981,#6022,#6049));
#5946 = ORIENTED_EDGE('',*,*,#5947,.F.);
#5947 = EDGE_CURVE('',#5948,#5950,#5952,.T.);
#5948 = VERTEX_POINT('',#5949);
#5949 = CARTESIAN_POINT('',(1.01E+03,-96.72,56.16));
#5950 = VERTEX_POINT('',#5951);
#5951 = CARTESIAN_POINT('',(1.01E+03,96.72,56.16));
#5952 = SURFACE_CURVE('',#5953,(#5957,#5969),.PCURVE_S1.);
#5953 = LINE('',#5954,#5955);
#5954 = CARTESIAN_POINT('',(1.01E+03,0.,56.16));
#5955 = VECTOR('',#5956,1.);
#5956 = DIRECTION('',(0.,1.,0.));
#5957 = PCURVE('',#5958,#5963);
#5958 = B_SPLINE_SURFACE_WITH_KNOTS('',1,1,(
    (#5959,#5960)
    ,(#5961,#5962
  )),.UNSPECIFIED.,.F.,.F.,.F.,(2,2),(2,2),(-96.72,96.72),(0.,1.),
  .PIECEWISE_BEZIER_KNOTS.);
#5959 = CARTESIAN_POINT('',(1.01E+03,96.72,56.16));
#5960 = CARTESIAN_POINT('',(1.2342E+03,80.6,46.8));
#5961 = CARTESIAN_POINT('',(1.01E+03,-96.72,56.16));
#5962 = CARTESIAN_POINT('',(1.2342E+03,-80.6,46.8));
#5963 = DEFINITIONAL_REPRESENTATION('',(#5964),#5968);
#5964 = LINE('',#5965,#5966);
#5965 = CARTESIAN_POINT('',(0.,0.));
#5966 = VECTOR('',#5967,1.);
#5967 = DIRECTION('',(-1.,0.));
#5968 = ( GEOMETRIC_REPRESENTATION_CONTEXT(2) 
PARAMETRIC_REPRESENTATION_CONTEXT() REPRESENTATION_CONTEXT('2D SPACE',''
  ) );
#5969 = PCURVE('',#5970,#5975);
#5970 = PLANE('',#5971);
#5971 = AXIS2_PLACEMENT_3D('',#5972,#5973,#5974);
#5972 = CARTESIAN_POINT('',(1.01E+03,-96.72,28.08));
#5973 = DIRECTION('',(1.,-0.,1.110223024625E-16));
#5974 = DIRECTION('',(1.110223024625E-16,0.,-1.));
#5975 = DEFINITIONAL_REPRESENTATION('',(#5976),#5980);
#5976 = LINE('',#5977,#5978);
#5977 = CARTESIAN_POINT('',(-28.08,96.72));
#5978 = VECTOR('',#5979,1.);
#5979 = DIRECTION('',(0.,1.));
#5980 = ( GEOMETRIC_REPRESENTATION_CONTEXT(2) 
PARAMETRIC_REPRESENTATION_CONTEXT() REPRESENTATION_CONTEXT('2D SPACE',''
  ) );
#5981 = ORIENTED_EDGE('',*,*,#5982,.T.);
#5982 = EDGE_CURVE('',#5948,#5983,#5985,.T.);
#5983 = VERTEX_POINT('',#5984);
#5984 = CARTESIAN_POINT('',(1.2342E+03,-80.6,46.8));
#5985 = SURFACE_CURVE('',#5986,(#5989,#5996),.PCURVE_S1.);
#5986 = B_SPLINE_CURVE_WITH_KNOTS('',1,(#5987,#5988),.UNSPECIFIED.,.F.,
  .F.,(2,2),(0.,1.),.PIECEWISE_BEZIER_KNOTS.);
#5987 = CARTESIAN_POINT('',(1.01E+03,-96.72,56.16));
#5988 = CARTESIAN_POINT('',(1.2342E+03,-80.6,46.8));
#5989 = PCURVE('',#5958,#5990);
#5990 = DEFINITIONAL_REPRESENTATION('',(#5991),#5995);
#5991 = LINE('',#5992,#5993);
#5992 = CARTESIAN_POINT('',(96.72,0.));
#5993 = VECTOR('',#5994,1.);
#5994 = DIRECTION('',(0.,1.));
#5995 = ( GEOMETRIC_REPRESENTATION_CONTEXT(2) 
PARAMETRIC_REPRESENTATION_CONTEXT() REPRESENTATION_CONTEXT('2D SPACE',''
  ) );
#5996 = PCURVE('',#5997,#6016);
#5997 = B_SPLINE_SURFACE_WITH_KNOTS('',8,1,(
    (#5998,#5999)
    ,(#6000,#6001)
    ,(#6002,#6003)
    ,(#6004,#6005)
    ,(#6006,#6007)
    ,(#6008,#6009)
    ,(#6010,#6011)
    ,(#6012,#6013)
    ,(#6014,#6015
    )),.UNSPECIFIED.,.F.,.F.,.F.,(9,9),(2,2),(3.14159265359,
    4.712388980385),(0.,1.),.PIECEWISE_BEZIER_KNOTS.);
#5998 = CARTESIAN_POINT('',(1.01E+03,-96.72,56.16));
#5999 = CARTESIAN_POINT('',(1.2342E+03,-80.6,46.8));
#6000 = CARTESIAN_POINT('',(1.01E+03,-102.233495107,56.159999999999));
#6001 = CARTESIAN_POINT('',(1.2342E+03,-85.19457925587,46.8));
#6002 = CARTESIAN_POINT('',(1.01E+03,-107.7469919496,54.922773045971));
#6003 = CARTESIAN_POINT('',(1.2342E+03,-89.789159958,45.768977538308));
#6004 = CARTESIAN_POINT('',(1.01E+03,-112.9365716201,52.448331289667));
#6005 = CARTESIAN_POINT('',(1.2342E+03,-94.11380968343,43.706942741392)
  );
#6006 = CARTESIAN_POINT('',(1.01E+03,-117.4783858623,48.838385862302));
#6007 = CARTESIAN_POINT('',(1.2342E+03,-97.89865488525,40.698654885249)
  );
#6008 = CARTESIAN_POINT('',(1.01E+03,-121.0883312896,44.296571620127));
#6009 = CARTESIAN_POINT('',(1.2342E+03,-100.9069427413,36.913809683441)
  );
#6010 = CARTESIAN_POINT('',(1.01E+03,-123.5627730459,39.106991949599));
#6011 = CARTESIAN_POINT('',(1.2342E+03,-102.9689775383,32.589159957998)
  );
#6012 = CARTESIAN_POINT('',(1.01E+03,-124.8,33.59349510705));
#6013 = CARTESIAN_POINT('',(1.2342E+03,-104.,27.994579255875));
#6014 = CARTESIAN_POINT('',(1.01E+03,-124.8,28.08));
#6015 = CARTESIAN_POINT('',(1.2342E+03,-104.,23.4));
#6016 = DEFINITIONAL_REPRESENTATION('',(#6017),#6021);
#6017 = LINE('',#6018,#6019);
#6018 = CARTESIAN_POINT('',(3.14159265359,0.));
#6019 = VECTOR('',#6020,1.);
#6020 = DIRECTION('',(0.,1.));
#6021 = ( GEOMETRIC_REPRESENTATION_CONTEXT(2) 
PARAMETRIC_REPRESENTATION_CONTEXT() REPRESENTATION_CONTEXT('2D SPACE',''
  ) );
#6022 = ORIENTED_EDGE('',*,*,#6023,.T.);
#6023 = EDGE_CURVE('',#5983,#6024,#6026,.T.);
#6024 = VERTEX_POINT('',#6025);
#6025 = CARTESIAN_POINT('',(1.2342E+03,80.6,46.8));
#6026 = SURFACE_CURVE('',#6027,(#6031,#6037),.PCURVE_S1.);
#6027 = LINE('',#6028,#6029);
#6028 = CARTESIAN_POINT('',(1.2342E+03,0.,46.8));
#6029 = VECTOR('',#6030,1.);
#6030 = DIRECTION('',(0.,1.,0.));
#6031 = PCURVE('',#5958,#6032);
#6032 = DEFINITIONAL_REPRESENTATION('',(#6033),#6036);
#6033 = B_SPLINE_CURVE_WITH_KNOTS('',1,(#6034,#6035),.UNSPECIFIED.,.F.,
  .F.,(2,2),(-80.6,80.6),.PIECEWISE_BEZIER_KNOTS.);
#6034 = CARTESIAN_POINT('',(96.72,1.));
#6035 = CARTESIAN_POINT('',(-96.72,1.));
#6036 = ( GEOMETRIC_REPRESENTATION_CONTEXT(2) 
PARAMETRIC_REPRESENTATION_CONTEXT() REPRESENTATION_CONTEXT('2D SPACE',''
  ) );
#6037 = PCURVE('',#6038,#6043);
#6038 = B_SPLINE_SURFACE_WITH_KNOTS('',1,1,(
    (#6039,#6040)
    ,(#6041,#6042
    )),.UNSPECIFIED.,.F.,.F.,.F.,(2,2),(2,2),(-80.6,80.6),(0.,1.),
  .PIECEWISE_BEZIER_KNOTS.);
#6039 = CARTESIAN_POINT('',(1.2342E+03,80.6,46.8));
#6040 = CARTESIAN_POINT('',(1.4702E+03,34.72,20.16));
#6041 = CARTESIAN_POINT('',(1.2342E+03,-80.6,46.8));
#6042 = CARTESIAN_POINT('',(1.4702E+03,-34.72,20.16));
#6043 = DEFINITIONAL_REPRESENTATION('',(#6044),#6048);
#6044 = LINE('',#6045,#6046);
#6045 = CARTESIAN_POINT('',(0.,0.));
#6046 = VECTOR('',#6047,1.);
#6047 = DIRECTION('',(-1.,0.));
#6048 = ( GEOMETRIC_REPRESENTATION_CONTEXT(2) 
PARAMETRIC_REPRESENTATION_CONTEXT() REPRESENTATION_CONTEXT('2D SPACE',''
  ) );
#6049 = ORIENTED_EDGE('',*,*,#6050,.F.);
#6050 = EDGE_CURVE('',#5950,#6024,#6051,.T.);
#6051 = SURFACE_CURVE('',#6052,(#6055,#6062),.PCURVE_S1.);
#6052 = B_SPLINE_CURVE_WITH_KNOTS('',1,(#6053,#6054),.UNSPECIFIED.,.F.,
  .F.,(2,2),(0.,1.),.PIECEWISE_BEZIER_KNOTS.);
#6053 = CARTESIAN_POINT('',(1.01E+03,96.72,56.16));
#6054 = CARTESIAN_POINT('',(1.2342E+03,80.6,46.8));
#6055 = PCURVE('',#5958,#6056);
#6056 = DEFINITIONAL_REPRESENTATION('',(#6057),#6061);
#6057 = LINE('',#6058,#6059);
#6058 = CARTESIAN_POINT('',(-96.72,0.));
#6059 = VECTOR('',#6060,1.);
#6060 = DIRECTION('',(0.,1.));
#6061 = ( GEOMETRIC_REPRESENTATION_CONTEXT(2) 
PARAMETRIC_REPRESENTATION_CONTEXT() REPRESENTATION_CONTEXT('2D SPACE',''
  ) );
#6062 = PCURVE('',#6063,#6082);
#6063 = B_SPLINE_SURFACE_WITH_KNOTS('',8,1,(
    (#6064,#6065)
    ,(#6066,#6067)
    ,(#6068,#6069)
    ,(#6070,#6071)
    ,(#6072,#6073)
    ,(#6074,#6075)
    ,(#6076,#6077)
    ,(#6078,#6079)
    ,(#6080,#6081
    )),.UNSPECIFIED.,.F.,.F.,.F.,(9,9),(2,2),(1.570796326795,
    3.14159265359),(0.,1.),.PIECEWISE_BEZIER_KNOTS.);
#6064 = CARTESIAN_POINT('',(1.01E+03,124.8,28.08));
#6065 = CARTESIAN_POINT('',(1.2342E+03,104.,23.4));
#6066 = CARTESIAN_POINT('',(1.01E+03,124.79999999999,33.59349510705));
#6067 = CARTESIAN_POINT('',(1.2342E+03,103.99999999999,27.994579255875)
  );
#6068 = CARTESIAN_POINT('',(1.01E+03,123.56277304597,39.106991949599));
#6069 = CARTESIAN_POINT('',(1.2342E+03,102.96897753831,32.589159958));
#6070 = CARTESIAN_POINT('',(1.01E+03,121.08833128966,44.296571620127));
#6071 = CARTESIAN_POINT('',(1.2342E+03,100.90694274138,36.913809683438)
  );
#6072 = CARTESIAN_POINT('',(1.01E+03,117.4783858623,48.838385862301));
#6073 = CARTESIAN_POINT('',(1.2342E+03,97.898654885259,40.698654885252)
  );
#6074 = CARTESIAN_POINT('',(1.01E+03,112.93657162012,52.448331289669));
#6075 = CARTESIAN_POINT('',(1.2342E+03,94.113809683433,43.70694274139));
#6076 = CARTESIAN_POINT('',(1.01E+03,107.7469919496,54.92277304597));
#6077 = CARTESIAN_POINT('',(1.2342E+03,89.789159958002,45.768977538309)
  );
#6078 = CARTESIAN_POINT('',(1.01E+03,102.23349510704,56.16));
#6079 = CARTESIAN_POINT('',(1.2342E+03,85.194579255874,46.8));
#6080 = CARTESIAN_POINT('',(1.01E+03,96.72,56.16));
#6081 = CARTESIAN_POINT('',(1.2342E+03,80.6,46.8));
#6082 = DEFINITIONAL_REPRESENTATION('',(#6083),#6087);
#6083 = LINE('',#6084,#6085);
#6084 = CARTESIAN_POINT('',(3.14159265359,0.));
#6085 = VECTOR('',#6086,1.);
#6086 = DIRECTION('',(0.,1.));
#6087 = ( GEOMETRIC_REPRESENTATION_CONTEXT(2) 
PARAMETRIC_REPRESENTATION_CONTEXT() REPRESENTATION_CONTEXT('2D SPACE',''
  ) );
#6088 = ADVANCED_FACE('',(#6089),#5997,.T.);
#6089 = FACE_BOUND('',#6090,.T.);
#6090 = EDGE_LOOP('',(#6091,#6115,#6142,#6183));
#6091 = ORIENTED_EDGE('',*,*,#6092,.T.);
#6092 = EDGE_CURVE('',#5948,#6093,#6095,.T.);
#6093 = VERTEX_POINT('',#6094);
#6094 = CARTESIAN_POINT('',(1.01E+03,-124.8,28.08));
#6095 = SURFACE_CURVE('',#6096,(#6101,#6108),.PCURVE_S1.);
#6096 = CIRCLE('',#6097,28.08);
#6097 = AXIS2_PLACEMENT_3D('',#6098,#6099,#6100);
#6098 = CARTESIAN_POINT('',(1.01E+03,-96.72,28.08));
#6099 = DIRECTION('',(1.,-0.,1.110223024625E-16));
#6100 = DIRECTION('',(1.110223024625E-16,0.,-1.));
#6101 = PCURVE('',#5997,#6102);
#6102 = DEFINITIONAL_REPRESENTATION('',(#6103),#6107);
#6103 = LINE('',#6104,#6105);
#6104 = CARTESIAN_POINT('',(0.,0.));
#6105 = VECTOR('',#6106,1.);
#6106 = DIRECTION('',(1.,0.));
#6107 = ( GEOMETRIC_REPRESENTATION_CONTEXT(2) 
PARAMETRIC_REPRESENTATION_CONTEXT() REPRESENTATION_CONTEXT('2D SPACE',''
  ) );
#6108 = PCURVE('',#5970,#6109);
#6109 = DEFINITIONAL_REPRESENTATION('',(#6110),#6114);
#6110 = CIRCLE('',#6111,28.08);
#6111 = AXIS2_PLACEMENT_2D('',#6112,#6113);
#6112 = CARTESIAN_POINT('',(0.,0.));
#6113 = DIRECTION('',(1.,0.));
#6114 = ( GEOMETRIC_REPRESENTATION_CONTEXT(2) 
PARAMETRIC_REPRESENTATION_CONTEXT() REPRESENTATION_CONTEXT('2D SPACE',''
  ) );
#6115 = ORIENTED_EDGE('',*,*,#6116,.T.);
#6116 = EDGE_CURVE('',#6093,#6117,#6119,.T.);
#6117 = VERTEX_POINT('',#6118);
#6118 = CARTESIAN_POINT('',(1.2342E+03,-104.,23.4));
#6119 = SURFACE_CURVE('',#6120,(#6123,#6130),.PCURVE_S1.);
#6120 = B_SPLINE_CURVE_WITH_KNOTS('',1,(#6121,#6122),.UNSPECIFIED.,.F.,
  .F.,(2,2),(0.,1.),.PIECEWISE_BEZIER_KNOTS.);
#6121 = CARTESIAN_POINT('',(1.01E+03,-124.8,28.08));
#6122 = CARTESIAN_POINT('',(1.2342E+03,-104.,23.4));
#6123 = PCURVE('',#5997,#6124);
#6124 = DEFINITIONAL_REPRESENTATION('',(#6125),#6129);
#6125 = LINE('',#6126,#6127);
#6126 = CARTESIAN_POINT('',(4.712388980385,0.));
#6127 = VECTOR('',#6128,1.);
#6128 = DIRECTION('',(0.,1.));
#6129 = ( GEOMETRIC_REPRESENTATION_CONTEXT(2) 
PARAMETRIC_REPRESENTATION_CONTEXT() REPRESENTATION_CONTEXT('2D SPACE',''
  ) );
#6130 = PCURVE('',#6131,#6136);
#6131 = B_SPLINE_SURFACE_WITH_KNOTS('',1,1,(
    (#6132,#6133)
    ,(#6134,#6135
    )),.UNSPECIFIED.,.F.,.F.,.F.,(2,2),(2,2),(-28.08,28.079999950538),(
    0.,1.),.PIECEWISE_BEZIER_KNOTS.);
#6132 = CARTESIAN_POINT('',(1.01E+03,-124.8,28.08));
#6133 = CARTESIAN_POINT('',(1.2342E+03,-104.,23.4));
#6134 = CARTESIAN_POINT('',(1.01E+03,-124.8,-28.07999995053));
#6135 = CARTESIAN_POINT('',(1.2342E+03,-104.,-23.39999991756));
#6136 = DEFINITIONAL_REPRESENTATION('',(#6137),#6141);
#6137 = LINE('',#6138,#6139);
#6138 = CARTESIAN_POINT('',(-28.08,0.));
#6139 = VECTOR('',#6140,1.);
#6140 = DIRECTION('',(0.,1.));
#6141 = ( GEOMETRIC_REPRESENTATION_CONTEXT(2) 
PARAMETRIC_REPRESENTATION_CONTEXT() REPRESENTATION_CONTEXT('2D SPACE',''
  ) );
#6142 = ORIENTED_EDGE('',*,*,#6143,.T.);
#6143 = EDGE_CURVE('',#6117,#5983,#6144,.T.);
#6144 = SURFACE_CURVE('',#6145,(#6150,#6157),.PCURVE_S1.);
#6145 = CIRCLE('',#6146,23.4);
#6146 = AXIS2_PLACEMENT_3D('',#6147,#6148,#6149);
#6147 = CARTESIAN_POINT('',(1.2342E+03,-80.6,23.4));
#6148 = DIRECTION('',(-1.,0.,-1.110223024625E-16));
#6149 = DIRECTION('',(-1.110223024625E-16,0.,1.));
#6150 = PCURVE('',#5997,#6151);
#6151 = DEFINITIONAL_REPRESENTATION('',(#6152),#6156);
#6152 = LINE('',#6153,#6154);
#6153 = CARTESIAN_POINT('',(9.424777960769,1.));
#6154 = VECTOR('',#6155,1.);
#6155 = DIRECTION('',(-1.,0.));
#6156 = ( GEOMETRIC_REPRESENTATION_CONTEXT(2) 
PARAMETRIC_REPRESENTATION_CONTEXT() REPRESENTATION_CONTEXT('2D SPACE',''
  ) );
#6157 = PCURVE('',#6158,#6177);
#6158 = B_SPLINE_SURFACE_WITH_KNOTS('',8,1,(
    (#6159,#6160)
    ,(#6161,#6162)
    ,(#6163,#6164)
    ,(#6165,#6166)
    ,(#6167,#6168)
    ,(#6169,#6170)
    ,(#6171,#6172)
    ,(#6173,#6174)
    ,(#6175,#6176
    )),.UNSPECIFIED.,.F.,.F.,.F.,(9,9),(2,2),(0.,1.570796326795),(0.,1.)
  ,.PIECEWISE_BEZIER_KNOTS.);
#6159 = CARTESIAN_POINT('',(1.2342E+03,-80.6,46.8));
#6160 = CARTESIAN_POINT('',(1.4702E+03,-34.72,20.16));
#6161 = CARTESIAN_POINT('',(1.2342E+03,-85.19457925587,46.8));
#6162 = CARTESIAN_POINT('',(1.4702E+03,-36.69920337176,20.16));
#6163 = CARTESIAN_POINT('',(1.2342E+03,-89.789159958,45.768977538308));
#6164 = CARTESIAN_POINT('',(1.4702E+03,-38.67840736652,19.715867247272)
  );
#6165 = CARTESIAN_POINT('',(1.2342E+03,-94.11380968343,43.706942741392)
  );
#6166 = CARTESIAN_POINT('',(1.4702E+03,-40.54133340209,18.827606103983)
  );
#6167 = CARTESIAN_POINT('',(1.2342E+03,-97.89865488525,40.698654885249)
  );
#6168 = CARTESIAN_POINT('',(1.4702E+03,-42.17172825826,17.531728258263)
  );
#6169 = CARTESIAN_POINT('',(1.2342E+03,-100.9069427413,36.913809683441)
  );
#6170 = CARTESIAN_POINT('',(1.4702E+03,-43.46760610398,15.901333402097)
  );
#6171 = CARTESIAN_POINT('',(1.2342E+03,-102.9689775383,32.589159957998)
  );
#6172 = CARTESIAN_POINT('',(1.4702E+03,-44.35586724727,14.038407366523)
  );
#6173 = CARTESIAN_POINT('',(1.2342E+03,-104.,27.994579255875));
#6174 = CARTESIAN_POINT('',(1.4702E+03,-44.8,12.059203371761));
#6175 = CARTESIAN_POINT('',(1.2342E+03,-104.,23.4));
#6176 = CARTESIAN_POINT('',(1.4702E+03,-44.8,10.08));
#6177 = DEFINITIONAL_REPRESENTATION('',(#6178),#6182);
#6178 = LINE('',#6179,#6180);
#6179 = CARTESIAN_POINT('',(6.28318530718,0.));
#6180 = VECTOR('',#6181,1.);
#6181 = DIRECTION('',(-1.,0.));
#6182 = ( GEOMETRIC_REPRESENTATION_CONTEXT(2) 
PARAMETRIC_REPRESENTATION_CONTEXT() REPRESENTATION_CONTEXT('2D SPACE',''
  ) );
#6183 = ORIENTED_EDGE('',*,*,#5982,.F.);
#6184 = ADVANCED_FACE('',(#6185),#6131,.T.);
#6185 = FACE_BOUND('',#6186,.T.);
#6186 = EDGE_LOOP('',(#6187,#6210,#6251,#6276));
#6187 = ORIENTED_EDGE('',*,*,#6188,.T.);
#6188 = EDGE_CURVE('',#6093,#6189,#6191,.T.);
#6189 = VERTEX_POINT('',#6190);
#6190 = CARTESIAN_POINT('',(1.01E+03,-124.8,-28.07999995053));
#6191 = SURFACE_CURVE('',#6192,(#6196,#6203),.PCURVE_S1.);
#6192 = LINE('',#6193,#6194);
#6193 = CARTESIAN_POINT('',(1.01E+03,-124.8,-2.48689957516E-14));
#6194 = VECTOR('',#6195,1.);
#6195 = DIRECTION('',(1.110223024625E-16,0.,-1.));
#6196 = PCURVE('',#6131,#6197);
#6197 = DEFINITIONAL_REPRESENTATION('',(#6198),#6202);
#6198 = LINE('',#6199,#6200);
#6199 = CARTESIAN_POINT('',(0.,0.));
#6200 = VECTOR('',#6201,1.);
#6201 = DIRECTION('',(1.,0.));
#6202 = ( GEOMETRIC_REPRESENTATION_CONTEXT(2) 
PARAMETRIC_REPRESENTATION_CONTEXT() REPRESENTATION_CONTEXT('2D SPACE',''
  ) );
#6203 = PCURVE('',#5970,#6204);
#6204 = DEFINITIONAL_REPRESENTATION('',(#6205),#6209);
#6205 = LINE('',#6206,#6207);
#6206 = CARTESIAN_POINT('',(28.08,-28.08));
#6207 = VECTOR('',#6208,1.);
#6208 = DIRECTION('',(1.,0.));
#6209 = ( GEOMETRIC_REPRESENTATION_CONTEXT(2) 
PARAMETRIC_REPRESENTATION_CONTEXT() REPRESENTATION_CONTEXT('2D SPACE',''
  ) );
#6210 = ORIENTED_EDGE('',*,*,#6211,.T.);
#6211 = EDGE_CURVE('',#6189,#6212,#6214,.T.);
#6212 = VERTEX_POINT('',#6213);
#6213 = CARTESIAN_POINT('',(1.2342E+03,-104.,-23.39999991756));
#6214 = SURFACE_CURVE('',#6215,(#6218,#6225),.PCURVE_S1.);
#6215 = B_SPLINE_CURVE_WITH_KNOTS('',1,(#6216,#6217),.UNSPECIFIED.,.F.,
  .F.,(2,2),(0.,1.),.PIECEWISE_BEZIER_KNOTS.);
#6216 = CARTESIAN_POINT('',(1.01E+03,-124.8,-28.07999995053));
#6217 = CARTESIAN_POINT('',(1.2342E+03,-104.,-23.39999991756));
#6218 = PCURVE('',#6131,#6219);
#6219 = DEFINITIONAL_REPRESENTATION('',(#6220),#6224);
#6220 = LINE('',#6221,#6222);
#6221 = CARTESIAN_POINT('',(28.079999950538,0.));
#6222 = VECTOR('',#6223,1.);
#6223 = DIRECTION('',(0.,1.));
#6224 = ( GEOMETRIC_REPRESENTATION_CONTEXT(2) 
PARAMETRIC_REPRESENTATION_CONTEXT() REPRESENTATION_CONTEXT('2D SPACE',''
  ) );
#6225 = PCURVE('',#6226,#6245);
#6226 = B_SPLINE_SURFACE_WITH_KNOTS('',8,1,(
    (#6227,#6228)
    ,(#6229,#6230)
    ,(#6231,#6232)
    ,(#6233,#6234)
    ,(#6235,#6236)
    ,(#6237,#6238)
    ,(#6239,#6240)
    ,(#6241,#6242)
    ,(#6243,#6244
    )),.UNSPECIFIED.,.F.,.F.,.F.,(9,9),(2,2),(4.712388980385,
    6.28318530718),(0.,1.),.PIECEWISE_BEZIER_KNOTS.);
#6227 = CARTESIAN_POINT('',(1.01E+03,-124.8,-28.07999995053));
#6228 = CARTESIAN_POINT('',(1.2342E+03,-104.,-23.39999991756));
#6229 = CARTESIAN_POINT('',(1.01E+03,-124.7999999999,-33.59349505758));
#6230 = CARTESIAN_POINT('',(1.2342E+03,-104.,-27.99457917343));
#6231 = CARTESIAN_POINT('',(1.01E+03,-123.5627730459,-39.10699190013));
#6232 = CARTESIAN_POINT('',(1.2342E+03,-102.9689775383,-32.58915987556)
  );
#6233 = CARTESIAN_POINT('',(1.01E+03,-121.0883312896,-44.29657157066));
#6234 = CARTESIAN_POINT('',(1.2342E+03,-100.9069427413,-36.913809601));
#6235 = CARTESIAN_POINT('',(1.01E+03,-117.4783858623,-48.83838581284));
#6236 = CARTESIAN_POINT('',(1.2342E+03,-97.89865488525,-40.69865480281)
  );
#6237 = CARTESIAN_POINT('',(1.01E+03,-112.9365716201,-52.4483312402));
#6238 = CARTESIAN_POINT('',(1.2342E+03,-94.11380968343,-43.70694265895)
  );
#6239 = CARTESIAN_POINT('',(1.01E+03,-107.7469919496,-54.9227729965));
#6240 = CARTESIAN_POINT('',(1.2342E+03,-89.78915995799,-45.76897745587)
  );
#6241 = CARTESIAN_POINT('',(1.01E+03,-102.233495107,-56.15999995053));
#6242 = CARTESIAN_POINT('',(1.2342E+03,-85.19457925587,-46.79999991756)
  );
#6243 = CARTESIAN_POINT('',(1.01E+03,-96.72,-56.15999995053));
#6244 = CARTESIAN_POINT('',(1.2342E+03,-80.6,-46.79999991756));
#6245 = DEFINITIONAL_REPRESENTATION('',(#6246),#6250);
#6246 = LINE('',#6247,#6248);
#6247 = CARTESIAN_POINT('',(4.712388980385,0.));
#6248 = VECTOR('',#6249,1.);
#6249 = DIRECTION('',(0.,1.));
#6250 = ( GEOMETRIC_REPRESENTATION_CONTEXT(2) 
PARAMETRIC_REPRESENTATION_CONTEXT() REPRESENTATION_CONTEXT('2D SPACE',''
  ) );
#6251 = ORIENTED_EDGE('',*,*,#6252,.F.);
#6252 = EDGE_CURVE('',#6117,#6212,#6253,.T.);
#6253 = SURFACE_CURVE('',#6254,(#6258,#6264),.PCURVE_S1.);
#6254 = LINE('',#6255,#6256);
#6255 = CARTESIAN_POINT('',(1.2342E+03,-104.,-1.7763568394E-14));
#6256 = VECTOR('',#6257,1.);
#6257 = DIRECTION('',(1.110223024625E-16,0.,-1.));
#6258 = PCURVE('',#6131,#6259);
#6259 = DEFINITIONAL_REPRESENTATION('',(#6260),#6263);
#6260 = B_SPLINE_CURVE_WITH_KNOTS('',1,(#6261,#6262),.UNSPECIFIED.,.F.,
  .F.,(2,2),(-23.4,23.399999917563),.PIECEWISE_BEZIER_KNOTS.);
#6261 = CARTESIAN_POINT('',(-28.08,1.));
#6262 = CARTESIAN_POINT('',(28.079999950538,1.));
#6263 = ( GEOMETRIC_REPRESENTATION_CONTEXT(2) 
PARAMETRIC_REPRESENTATION_CONTEXT() REPRESENTATION_CONTEXT('2D SPACE',''
  ) );
#6264 = PCURVE('',#6265,#6270);
#6265 = B_SPLINE_SURFACE_WITH_KNOTS('',1,1,(
    (#6266,#6267)
    ,(#6268,#6269
    )),.UNSPECIFIED.,.F.,.F.,.F.,(2,2),(2,2),(-23.4,23.399999917563),(0.
    ,1.),.PIECEWISE_BEZIER_KNOTS.);
#6266 = CARTESIAN_POINT('',(1.2342E+03,-104.,23.4));
#6267 = CARTESIAN_POINT('',(1.4702E+03,-44.8,10.08));
#6268 = CARTESIAN_POINT('',(1.2342E+03,-104.,-23.39999991756));
#6269 = CARTESIAN_POINT('',(1.4702E+03,-44.8,-10.07999999112));
#6270 = DEFINITIONAL_REPRESENTATION('',(#6271),#6275);
#6271 = LINE('',#6272,#6273);
#6272 = CARTESIAN_POINT('',(0.,0.));
#6273 = VECTOR('',#6274,1.);
#6274 = DIRECTION('',(1.,0.));
#6275 = ( GEOMETRIC_REPRESENTATION_CONTEXT(2) 
PARAMETRIC_REPRESENTATION_CONTEXT() REPRESENTATION_CONTEXT('2D SPACE',''
  ) );
#6276 = ORIENTED_EDGE('',*,*,#6116,.F.);
#6277 = ADVANCED_FACE('',(#6278),#6226,.T.);
#6278 = FACE_BOUND('',#6279,.T.);
#6279 = EDGE_LOOP('',(#6280,#6304,#6331,#6372));
#6280 = ORIENTED_EDGE('',*,*,#6281,.T.);
#6281 = EDGE_CURVE('',#6189,#6282,#6284,.T.);
#6282 = VERTEX_POINT('',#6283);
#6283 = CARTESIAN_POINT('',(1.01E+03,-96.72,-56.15999997526));
#6284 = SURFACE_CURVE('',#6285,(#6290,#6297),.PCURVE_S1.);
#6285 = CIRCLE('',#6286,28.08);
#6286 = AXIS2_PLACEMENT_3D('',#6287,#6288,#6289);
#6287 = CARTESIAN_POINT('',(1.01E+03,-96.72,-28.07999995053));
#6288 = DIRECTION('',(1.,-0.,1.110223024625E-16));
#6289 = DIRECTION('',(1.110223024625E-16,0.,-1.));
#6290 = PCURVE('',#6226,#6291);
#6291 = DEFINITIONAL_REPRESENTATION('',(#6292),#6296);
#6292 = LINE('',#6293,#6294);
#6293 = CARTESIAN_POINT('',(0.,0.));
#6294 = VECTOR('',#6295,1.);
#6295 = DIRECTION('',(1.,0.));
#6296 = ( GEOMETRIC_REPRESENTATION_CONTEXT(2) 
PARAMETRIC_REPRESENTATION_CONTEXT() REPRESENTATION_CONTEXT('2D SPACE',''
  ) );
#6297 = PCURVE('',#5970,#6298);
#6298 = DEFINITIONAL_REPRESENTATION('',(#6299),#6303);
#6299 = CIRCLE('',#6300,28.08);
#6300 = AXIS2_PLACEMENT_2D('',#6301,#6302);
#6301 = CARTESIAN_POINT('',(56.159999950538,0.));
#6302 = DIRECTION('',(1.,0.));
#6303 = ( GEOMETRIC_REPRESENTATION_CONTEXT(2) 
PARAMETRIC_REPRESENTATION_CONTEXT() REPRESENTATION_CONTEXT('2D SPACE',''
  ) );
#6304 = ORIENTED_EDGE('',*,*,#6305,.T.);
#6305 = EDGE_CURVE('',#6282,#6306,#6308,.T.);
#6306 = VERTEX_POINT('',#6307);
#6307 = CARTESIAN_POINT('',(1.2342E+03,-80.6,-46.79999995878));
#6308 = SURFACE_CURVE('',#6309,(#6312,#6319),.PCURVE_S1.);
#6309 = B_SPLINE_CURVE_WITH_KNOTS('',1,(#6310,#6311),.UNSPECIFIED.,.F.,
  .F.,(2,2),(0.,1.),.PIECEWISE_BEZIER_KNOTS.);
#6310 = CARTESIAN_POINT('',(1.01E+03,-96.72,-56.15999995053));
#6311 = CARTESIAN_POINT('',(1.2342E+03,-80.6,-46.79999991756));
#6312 = PCURVE('',#6226,#6313);
#6313 = DEFINITIONAL_REPRESENTATION('',(#6314),#6318);
#6314 = LINE('',#6315,#6316);
#6315 = CARTESIAN_POINT('',(6.28318530718,0.));
#6316 = VECTOR('',#6317,1.);
#6317 = DIRECTION('',(0.,1.));
#6318 = ( GEOMETRIC_REPRESENTATION_CONTEXT(2) 
PARAMETRIC_REPRESENTATION_CONTEXT() REPRESENTATION_CONTEXT('2D SPACE',''
  ) );
#6319 = PCURVE('',#6320,#6325);
#6320 = B_SPLINE_SURFACE_WITH_KNOTS('',1,1,(
    (#6321,#6322)
    ,(#6323,#6324
  )),.UNSPECIFIED.,.F.,.F.,.F.,(2,2),(2,2),(-96.72,96.72),(0.,1.),
  .PIECEWISE_BEZIER_KNOTS.);
#6321 = CARTESIAN_POINT('',(1.01E+03,-96.72,-56.16));
#6322 = CARTESIAN_POINT('',(1.2342E+03,-80.6,-46.8));
#6323 = CARTESIAN_POINT('',(1.01E+03,96.72,-56.16));
#6324 = CARTESIAN_POINT('',(1.2342E+03,80.6,-46.8));
#6325 = DEFINITIONAL_REPRESENTATION('',(#6326),#6330);
#6326 = LINE('',#6327,#6328);
#6327 = CARTESIAN_POINT('',(-96.72,0.));
#6328 = VECTOR('',#6329,1.);
#6329 = DIRECTION('',(0.,1.));
#6330 = ( GEOMETRIC_REPRESENTATION_CONTEXT(2) 
PARAMETRIC_REPRESENTATION_CONTEXT() REPRESENTATION_CONTEXT('2D SPACE',''
  ) );
#6331 = ORIENTED_EDGE('',*,*,#6332,.T.);
#6332 = EDGE_CURVE('',#6306,#6212,#6333,.T.);
#6333 = SURFACE_CURVE('',#6334,(#6339,#6346),.PCURVE_S1.);
#6334 = CIRCLE('',#6335,23.4);
#6335 = AXIS2_PLACEMENT_3D('',#6336,#6337,#6338);
#6336 = CARTESIAN_POINT('',(1.2342E+03,-80.6,-23.39999991756));
#6337 = DIRECTION('',(-1.,0.,-1.110223024625E-16));
#6338 = DIRECTION('',(-1.110223024625E-16,0.,1.));
#6339 = PCURVE('',#6226,#6340);
#6340 = DEFINITIONAL_REPRESENTATION('',(#6341),#6345);
#6341 = LINE('',#6342,#6343);
#6342 = CARTESIAN_POINT('',(9.424777960769,1.));
#6343 = VECTOR('',#6344,1.);
#6344 = DIRECTION('',(-1.,0.));
#6345 = ( GEOMETRIC_REPRESENTATION_CONTEXT(2) 
PARAMETRIC_REPRESENTATION_CONTEXT() REPRESENTATION_CONTEXT('2D SPACE',''
  ) );
#6346 = PCURVE('',#6347,#6366);
#6347 = B_SPLINE_SURFACE_WITH_KNOTS('',8,1,(
    (#6348,#6349)
    ,(#6350,#6351)
    ,(#6352,#6353)
    ,(#6354,#6355)
    ,(#6356,#6357)
    ,(#6358,#6359)
    ,(#6360,#6361)
    ,(#6362,#6363)
    ,(#6364,#6365
    )),.UNSPECIFIED.,.F.,.F.,.F.,(9,9),(2,2),(1.570796326795,
    3.14159265359),(0.,1.),.PIECEWISE_BEZIER_KNOTS.);
#6348 = CARTESIAN_POINT('',(1.2342E+03,-104.,-23.39999991756));
#6349 = CARTESIAN_POINT('',(1.4702E+03,-44.8,-10.07999999112));
#6350 = CARTESIAN_POINT('',(1.2342E+03,-104.,-27.99457917343));
#6351 = CARTESIAN_POINT('',(1.4702E+03,-44.8,-12.05920336288));
#6352 = CARTESIAN_POINT('',(1.2342E+03,-102.9689775383,-32.58915987556)
  );
#6353 = CARTESIAN_POINT('',(1.4702E+03,-44.35586724727,-14.03840735764)
  );
#6354 = CARTESIAN_POINT('',(1.2342E+03,-100.9069427413,-36.913809601));
#6355 = CARTESIAN_POINT('',(1.4702E+03,-43.46760610398,-15.90133339321)
  );
#6356 = CARTESIAN_POINT('',(1.2342E+03,-97.89865488525,-40.69865480281)
  );
#6357 = CARTESIAN_POINT('',(1.4702E+03,-42.17172825826,-17.53172824938)
  );
#6358 = CARTESIAN_POINT('',(1.2342E+03,-94.11380968343,-43.70694265895)
  );
#6359 = CARTESIAN_POINT('',(1.4702E+03,-40.54133340209,-18.8276060951));
#6360 = CARTESIAN_POINT('',(1.2342E+03,-89.78915995799,-45.76897745587)
  );
#6361 = CARTESIAN_POINT('',(1.4702E+03,-38.67840736652,-19.71586723839)
  );
#6362 = CARTESIAN_POINT('',(1.2342E+03,-85.19457925587,-46.79999991756)
  );
#6363 = CARTESIAN_POINT('',(1.4702E+03,-36.69920337176,-20.15999999112)
  );
#6364 = CARTESIAN_POINT('',(1.2342E+03,-80.6,-46.79999991756));
#6365 = CARTESIAN_POINT('',(1.4702E+03,-34.72,-20.15999999112));
#6366 = DEFINITIONAL_REPRESENTATION('',(#6367),#6371);
#6367 = LINE('',#6368,#6369);
#6368 = CARTESIAN_POINT('',(6.28318530718,0.));
#6369 = VECTOR('',#6370,1.);
#6370 = DIRECTION('',(-1.,0.));
#6371 = ( GEOMETRIC_REPRESENTATION_CONTEXT(2) 
PARAMETRIC_REPRESENTATION_CONTEXT() REPRESENTATION_CONTEXT('2D SPACE',''
  ) );
#6372 = ORIENTED_EDGE('',*,*,#6211,.F.);
#6373 = ADVANCED_FACE('',(#6374),#6320,.T.);
#6374 = FACE_BOUND('',#6375,.T.);
#6375 = EDGE_LOOP('',(#6376,#6399,#6440,#6465));
#6376 = ORIENTED_EDGE('',*,*,#6377,.T.);
#6377 = EDGE_CURVE('',#6282,#6378,#6380,.T.);
#6378 = VERTEX_POINT('',#6379);
#6379 = CARTESIAN_POINT('',(1.01E+03,96.72,-56.15999997526));
#6380 = SURFACE_CURVE('',#6381,(#6385,#6392),.PCURVE_S1.);
#6381 = LINE('',#6382,#6383);
#6382 = CARTESIAN_POINT('',(1.01E+03,0.,-56.16));
#6383 = VECTOR('',#6384,1.);
#6384 = DIRECTION('',(0.,1.,0.));
#6385 = PCURVE('',#6320,#6386);
#6386 = DEFINITIONAL_REPRESENTATION('',(#6387),#6391);
#6387 = LINE('',#6388,#6389);
#6388 = CARTESIAN_POINT('',(0.,0.));
#6389 = VECTOR('',#6390,1.);
#6390 = DIRECTION('',(1.,0.));
#6391 = ( GEOMETRIC_REPRESENTATION_CONTEXT(2) 
PARAMETRIC_REPRESENTATION_CONTEXT() REPRESENTATION_CONTEXT('2D SPACE',''
  ) );
#6392 = PCURVE('',#5970,#6393);
#6393 = DEFINITIONAL_REPRESENTATION('',(#6394),#6398);
#6394 = LINE('',#6395,#6396);
#6395 = CARTESIAN_POINT('',(84.24,96.72));
#6396 = VECTOR('',#6397,1.);
#6397 = DIRECTION('',(0.,1.));
#6398 = ( GEOMETRIC_REPRESENTATION_CONTEXT(2) 
PARAMETRIC_REPRESENTATION_CONTEXT() REPRESENTATION_CONTEXT('2D SPACE',''
  ) );
#6399 = ORIENTED_EDGE('',*,*,#6400,.T.);
#6400 = EDGE_CURVE('',#6378,#6401,#6403,.T.);
#6401 = VERTEX_POINT('',#6402);
#6402 = CARTESIAN_POINT('',(1.2342E+03,80.6,-46.79999995878));
#6403 = SURFACE_CURVE('',#6404,(#6407,#6414),.PCURVE_S1.);
#6404 = B_SPLINE_CURVE_WITH_KNOTS('',1,(#6405,#6406),.UNSPECIFIED.,.F.,
  .F.,(2,2),(0.,1.),.PIECEWISE_BEZIER_KNOTS.);
#6405 = CARTESIAN_POINT('',(1.01E+03,96.72,-56.16));
#6406 = CARTESIAN_POINT('',(1.2342E+03,80.6,-46.8));
#6407 = PCURVE('',#6320,#6408);
#6408 = DEFINITIONAL_REPRESENTATION('',(#6409),#6413);
#6409 = LINE('',#6410,#6411);
#6410 = CARTESIAN_POINT('',(96.72,0.));
#6411 = VECTOR('',#6412,1.);
#6412 = DIRECTION('',(0.,1.));
#6413 = ( GEOMETRIC_REPRESENTATION_CONTEXT(2) 
PARAMETRIC_REPRESENTATION_CONTEXT() REPRESENTATION_CONTEXT('2D SPACE',''
  ) );
#6414 = PCURVE('',#6415,#6434);
#6415 = B_SPLINE_SURFACE_WITH_KNOTS('',8,1,(
    (#6416,#6417)
    ,(#6418,#6419)
    ,(#6420,#6421)
    ,(#6422,#6423)
    ,(#6424,#6425)
    ,(#6426,#6427)
    ,(#6428,#6429)
    ,(#6430,#6431)
    ,(#6432,#6433
    )),.UNSPECIFIED.,.F.,.F.,.F.,(9,9),(2,2),(0.,1.570796326795),(0.,1.)
  ,.PIECEWISE_BEZIER_KNOTS.);
#6416 = CARTESIAN_POINT('',(1.01E+03,96.72,-56.15999995053));
#6417 = CARTESIAN_POINT('',(1.2342E+03,80.6,-46.79999991756));
#6418 = CARTESIAN_POINT('',(1.01E+03,102.23349510705,-56.15999995053));
#6419 = CARTESIAN_POINT('',(1.2342E+03,85.194579255874,-46.79999991756)
  );
#6420 = CARTESIAN_POINT('',(1.01E+03,107.74699194959,-54.9227729965));
#6421 = CARTESIAN_POINT('',(1.2342E+03,89.789159958002,-45.76897745587)
  );
#6422 = CARTESIAN_POINT('',(1.01E+03,112.93657162012,-52.4483312402));
#6423 = CARTESIAN_POINT('',(1.2342E+03,94.113809683436,-43.70694265895)
  );
#6424 = CARTESIAN_POINT('',(1.01E+03,117.47838586229,-48.83838581283));
#6425 = CARTESIAN_POINT('',(1.2342E+03,97.898654885254,-40.69865480281)
  );
#6426 = CARTESIAN_POINT('',(1.01E+03,121.08833128967,-44.29657157066));
#6427 = CARTESIAN_POINT('',(1.2342E+03,100.90694274138,-36.913809601));
#6428 = CARTESIAN_POINT('',(1.01E+03,123.56277304596,-39.10699190013));
#6429 = CARTESIAN_POINT('',(1.2342E+03,102.96897753831,-32.58915987556)
  );
#6430 = CARTESIAN_POINT('',(1.01E+03,124.8,-33.59349505758));
#6431 = CARTESIAN_POINT('',(1.2342E+03,103.99999999999,-27.99457917343)
  );
#6432 = CARTESIAN_POINT('',(1.01E+03,124.8,-28.07999995053));
#6433 = CARTESIAN_POINT('',(1.2342E+03,104.,-23.39999991756));
#6434 = DEFINITIONAL_REPRESENTATION('',(#6435),#6439);
#6435 = LINE('',#6436,#6437);
#6436 = CARTESIAN_POINT('',(0.,0.));
#6437 = VECTOR('',#6438,1.);
#6438 = DIRECTION('',(0.,1.));
#6439 = ( GEOMETRIC_REPRESENTATION_CONTEXT(2) 
PARAMETRIC_REPRESENTATION_CONTEXT() REPRESENTATION_CONTEXT('2D SPACE',''
  ) );
#6440 = ORIENTED_EDGE('',*,*,#6441,.F.);
#6441 = EDGE_CURVE('',#6306,#6401,#6442,.T.);
#6442 = SURFACE_CURVE('',#6443,(#6447,#6453),.PCURVE_S1.);
#6443 = LINE('',#6444,#6445);
#6444 = CARTESIAN_POINT('',(1.2342E+03,0.,-46.8));
#6445 = VECTOR('',#6446,1.);
#6446 = DIRECTION('',(0.,1.,0.));
#6447 = PCURVE('',#6320,#6448);
#6448 = DEFINITIONAL_REPRESENTATION('',(#6449),#6452);
#6449 = B_SPLINE_CURVE_WITH_KNOTS('',1,(#6450,#6451),.UNSPECIFIED.,.F.,
  .F.,(2,2),(-80.6,80.6),.PIECEWISE_BEZIER_KNOTS.);
#6450 = CARTESIAN_POINT('',(-96.72,1.));
#6451 = CARTESIAN_POINT('',(96.72,1.));
#6452 = ( GEOMETRIC_REPRESENTATION_CONTEXT(2) 
PARAMETRIC_REPRESENTATION_CONTEXT() REPRESENTATION_CONTEXT('2D SPACE',''
  ) );
#6453 = PCURVE('',#6454,#6459);
#6454 = B_SPLINE_SURFACE_WITH_KNOTS('',1,1,(
    (#6455,#6456)
    ,(#6457,#6458
    )),.UNSPECIFIED.,.F.,.F.,.F.,(2,2),(2,2),(-80.6,80.6),(0.,1.),
  .PIECEWISE_BEZIER_KNOTS.);
#6455 = CARTESIAN_POINT('',(1.2342E+03,-80.6,-46.8));
#6456 = CARTESIAN_POINT('',(1.4702E+03,-34.72,-20.16));
#6457 = CARTESIAN_POINT('',(1.2342E+03,80.6,-46.8));
#6458 = CARTESIAN_POINT('',(1.4702E+03,34.72,-20.16));
#6459 = DEFINITIONAL_REPRESENTATION('',(#6460),#6464);
#6460 = LINE('',#6461,#6462);
#6461 = CARTESIAN_POINT('',(0.,0.));
#6462 = VECTOR('',#6463,1.);
#6463 = DIRECTION('',(1.,0.));
#6464 = ( GEOMETRIC_REPRESENTATION_CONTEXT(2) 
PARAMETRIC_REPRESENTATION_CONTEXT() REPRESENTATION_CONTEXT('2D SPACE',''
  ) );
#6465 = ORIENTED_EDGE('',*,*,#6305,.F.);
#6466 = ADVANCED_FACE('',(#6467),#6415,.T.);
#6467 = FACE_BOUND('',#6468,.T.);
#6468 = EDGE_LOOP('',(#6469,#6493,#6520,#6561));
#6469 = ORIENTED_EDGE('',*,*,#6470,.T.);
#6470 = EDGE_CURVE('',#6378,#6471,#6473,.T.);
#6471 = VERTEX_POINT('',#6472);
#6472 = CARTESIAN_POINT('',(1.01E+03,124.8,-28.07999995053));
#6473 = SURFACE_CURVE('',#6474,(#6479,#6486),.PCURVE_S1.);
#6474 = CIRCLE('',#6475,28.08);
#6475 = AXIS2_PLACEMENT_3D('',#6476,#6477,#6478);
#6476 = CARTESIAN_POINT('',(1.01E+03,96.72,-28.07999995053));
#6477 = DIRECTION('',(1.,-0.,1.110223024625E-16));
#6478 = DIRECTION('',(1.110223024625E-16,0.,-1.));
#6479 = PCURVE('',#6415,#6480);
#6480 = DEFINITIONAL_REPRESENTATION('',(#6481),#6485);
#6481 = LINE('',#6482,#6483);
#6482 = CARTESIAN_POINT('',(0.,0.));
#6483 = VECTOR('',#6484,1.);
#6484 = DIRECTION('',(1.,0.));
#6485 = ( GEOMETRIC_REPRESENTATION_CONTEXT(2) 
PARAMETRIC_REPRESENTATION_CONTEXT() REPRESENTATION_CONTEXT('2D SPACE',''
  ) );
#6486 = PCURVE('',#5970,#6487);
#6487 = DEFINITIONAL_REPRESENTATION('',(#6488),#6492);
#6488 = CIRCLE('',#6489,28.08);
#6489 = AXIS2_PLACEMENT_2D('',#6490,#6491);
#6490 = CARTESIAN_POINT('',(56.159999950538,193.44));
#6491 = DIRECTION('',(1.,0.));
#6492 = ( GEOMETRIC_REPRESENTATION_CONTEXT(2) 
PARAMETRIC_REPRESENTATION_CONTEXT() REPRESENTATION_CONTEXT('2D SPACE',''
  ) );
#6493 = ORIENTED_EDGE('',*,*,#6494,.T.);
#6494 = EDGE_CURVE('',#6471,#6495,#6497,.T.);
#6495 = VERTEX_POINT('',#6496);
#6496 = CARTESIAN_POINT('',(1.2342E+03,104.,-23.39999991756));
#6497 = SURFACE_CURVE('',#6498,(#6501,#6508),.PCURVE_S1.);
#6498 = B_SPLINE_CURVE_WITH_KNOTS('',1,(#6499,#6500),.UNSPECIFIED.,.F.,
  .F.,(2,2),(0.,1.),.PIECEWISE_BEZIER_KNOTS.);
#6499 = CARTESIAN_POINT('',(1.01E+03,124.8,-28.07999995053));
#6500 = CARTESIAN_POINT('',(1.2342E+03,104.,-23.39999991756));
#6501 = PCURVE('',#6415,#6502);
#6502 = DEFINITIONAL_REPRESENTATION('',(#6503),#6507);
#6503 = LINE('',#6504,#6505);
#6504 = CARTESIAN_POINT('',(1.570796326795,0.));
#6505 = VECTOR('',#6506,1.);
#6506 = DIRECTION('',(0.,1.));
#6507 = ( GEOMETRIC_REPRESENTATION_CONTEXT(2) 
PARAMETRIC_REPRESENTATION_CONTEXT() REPRESENTATION_CONTEXT('2D SPACE',''
  ) );
#6508 = PCURVE('',#6509,#6514);
#6509 = B_SPLINE_SURFACE_WITH_KNOTS('',1,1,(
    (#6510,#6511)
    ,(#6512,#6513
    )),.UNSPECIFIED.,.F.,.F.,.F.,(2,2),(2,2),(-28.07999995053,28.08),(0.
    ,1.),.PIECEWISE_BEZIER_KNOTS.);
#6510 = CARTESIAN_POINT('',(1.01E+03,124.8,-28.07999995053));
#6511 = CARTESIAN_POINT('',(1.2342E+03,104.,-23.39999991756));
#6512 = CARTESIAN_POINT('',(1.01E+03,124.8,28.08));
#6513 = CARTESIAN_POINT('',(1.2342E+03,104.,23.4));
#6514 = DEFINITIONAL_REPRESENTATION('',(#6515),#6519);
#6515 = LINE('',#6516,#6517);
#6516 = CARTESIAN_POINT('',(-28.07999995053,0.));
#6517 = VECTOR('',#6518,1.);
#6518 = DIRECTION('',(0.,1.));
#6519 = ( GEOMETRIC_REPRESENTATION_CONTEXT(2) 
PARAMETRIC_REPRESENTATION_CONTEXT() REPRESENTATION_CONTEXT('2D SPACE',''
  ) );
#6520 = ORIENTED_EDGE('',*,*,#6521,.T.);
#6521 = EDGE_CURVE('',#6495,#6401,#6522,.T.);
#6522 = SURFACE_CURVE('',#6523,(#6528,#6535),.PCURVE_S1.);
#6523 = CIRCLE('',#6524,23.4);
#6524 = AXIS2_PLACEMENT_3D('',#6525,#6526,#6527);
#6525 = CARTESIAN_POINT('',(1.2342E+03,80.6,-23.39999991756));
#6526 = DIRECTION('',(-1.,0.,-1.110223024625E-16));
#6527 = DIRECTION('',(-1.110223024625E-16,0.,1.));
#6528 = PCURVE('',#6415,#6529);
#6529 = DEFINITIONAL_REPRESENTATION('',(#6530),#6534);
#6530 = LINE('',#6531,#6532);
#6531 = CARTESIAN_POINT('',(3.14159265359,1.));
#6532 = VECTOR('',#6533,1.);
#6533 = DIRECTION('',(-1.,0.));
#6534 = ( GEOMETRIC_REPRESENTATION_CONTEXT(2) 
PARAMETRIC_REPRESENTATION_CONTEXT() REPRESENTATION_CONTEXT('2D SPACE',''
  ) );
#6535 = PCURVE('',#6536,#6555);
#6536 = B_SPLINE_SURFACE_WITH_KNOTS('',8,1,(
    (#6537,#6538)
    ,(#6539,#6540)
    ,(#6541,#6542)
    ,(#6543,#6544)
    ,(#6545,#6546)
    ,(#6547,#6548)
    ,(#6549,#6550)
    ,(#6551,#6552)
    ,(#6553,#6554
    )),.UNSPECIFIED.,.F.,.F.,.F.,(9,9),(2,2),(3.14159265359,
    4.712388980385),(0.,1.),.PIECEWISE_BEZIER_KNOTS.);
#6537 = CARTESIAN_POINT('',(1.2342E+03,80.6,-46.79999991756));
#6538 = CARTESIAN_POINT('',(1.4702E+03,34.72,-20.15999999112));
#6539 = CARTESIAN_POINT('',(1.2342E+03,85.194579255874,-46.79999991756)
  );
#6540 = CARTESIAN_POINT('',(1.4702E+03,36.699203371762,-20.15999999112)
  );
#6541 = CARTESIAN_POINT('',(1.2342E+03,89.789159958002,-45.76897745587)
  );
#6542 = CARTESIAN_POINT('',(1.4702E+03,38.678407366522,-19.71586723839)
  );
#6543 = CARTESIAN_POINT('',(1.2342E+03,94.113809683436,-43.70694265895)
  );
#6544 = CARTESIAN_POINT('',(1.4702E+03,40.541333402098,-18.8276060951));
#6545 = CARTESIAN_POINT('',(1.2342E+03,97.898654885254,-40.69865480281)
  );
#6546 = CARTESIAN_POINT('',(1.4702E+03,42.171728258261,-17.53172824938)
  );
#6547 = CARTESIAN_POINT('',(1.2342E+03,100.90694274138,-36.913809601));
#6548 = CARTESIAN_POINT('',(1.4702E+03,43.467606103985,-15.90133339322)
  );
#6549 = CARTESIAN_POINT('',(1.2342E+03,102.96897753831,-32.58915987556)
  );
#6550 = CARTESIAN_POINT('',(1.4702E+03,44.35586724727,-14.03840735764));
#6551 = CARTESIAN_POINT('',(1.2342E+03,103.99999999999,-27.99457917343)
  );
#6552 = CARTESIAN_POINT('',(1.4702E+03,44.8,-12.05920336288));
#6553 = CARTESIAN_POINT('',(1.2342E+03,104.,-23.39999991756));
#6554 = CARTESIAN_POINT('',(1.4702E+03,44.8,-10.07999999112));
#6555 = DEFINITIONAL_REPRESENTATION('',(#6556),#6560);
#6556 = LINE('',#6557,#6558);
#6557 = CARTESIAN_POINT('',(6.28318530718,0.));
#6558 = VECTOR('',#6559,1.);
#6559 = DIRECTION('',(-1.,0.));
#6560 = ( GEOMETRIC_REPRESENTATION_CONTEXT(2) 
PARAMETRIC_REPRESENTATION_CONTEXT() REPRESENTATION_CONTEXT('2D SPACE',''
  ) );
#6561 = ORIENTED_EDGE('',*,*,#6400,.F.);
#6562 = ADVANCED_FACE('',(#6563),#6509,.T.);
#6563 = FACE_BOUND('',#6564,.T.);
#6564 = EDGE_LOOP('',(#6565,#6588,#6610,#6635));
#6565 = ORIENTED_EDGE('',*,*,#6566,.F.);
#6566 = EDGE_CURVE('',#6567,#6471,#6569,.T.);
#6567 = VERTEX_POINT('',#6568);
#6568 = CARTESIAN_POINT('',(1.01E+03,124.8,28.08));
#6569 = SURFACE_CURVE('',#6570,(#6574,#6581),.PCURVE_S1.);
#6570 = LINE('',#6571,#6572);
#6571 = CARTESIAN_POINT('',(1.01E+03,124.8,-2.48689957516E-14));
#6572 = VECTOR('',#6573,1.);
#6573 = DIRECTION('',(1.110223024625E-16,0.,-1.));
#6574 = PCURVE('',#6509,#6575);
#6575 = DEFINITIONAL_REPRESENTATION('',(#6576),#6580);
#6576 = LINE('',#6577,#6578);
#6577 = CARTESIAN_POINT('',(0.,0.));
#6578 = VECTOR('',#6579,1.);
#6579 = DIRECTION('',(-1.,0.));
#6580 = ( GEOMETRIC_REPRESENTATION_CONTEXT(2) 
PARAMETRIC_REPRESENTATION_CONTEXT() REPRESENTATION_CONTEXT('2D SPACE',''
  ) );
#6581 = PCURVE('',#5970,#6582);
#6582 = DEFINITIONAL_REPRESENTATION('',(#6583),#6587);
#6583 = LINE('',#6584,#6585);
#6584 = CARTESIAN_POINT('',(28.08,221.52));
#6585 = VECTOR('',#6586,1.);
#6586 = DIRECTION('',(1.,0.));
#6587 = ( GEOMETRIC_REPRESENTATION_CONTEXT(2) 
PARAMETRIC_REPRESENTATION_CONTEXT() REPRESENTATION_CONTEXT('2D SPACE',''
  ) );
#6588 = ORIENTED_EDGE('',*,*,#6589,.T.);
#6589 = EDGE_CURVE('',#6567,#6590,#6592,.T.);
#6590 = VERTEX_POINT('',#6591);
#6591 = CARTESIAN_POINT('',(1.2342E+03,104.,23.4));
#6592 = SURFACE_CURVE('',#6593,(#6596,#6603),.PCURVE_S1.);
#6593 = B_SPLINE_CURVE_WITH_KNOTS('',1,(#6594,#6595),.UNSPECIFIED.,.F.,
  .F.,(2,2),(0.,1.),.PIECEWISE_BEZIER_KNOTS.);
#6594 = CARTESIAN_POINT('',(1.01E+03,124.8,28.08));
#6595 = CARTESIAN_POINT('',(1.2342E+03,104.,23.4));
#6596 = PCURVE('',#6509,#6597);
#6597 = DEFINITIONAL_REPRESENTATION('',(#6598),#6602);
#6598 = LINE('',#6599,#6600);
#6599 = CARTESIAN_POINT('',(28.08,0.));
#6600 = VECTOR('',#6601,1.);
#6601 = DIRECTION('',(0.,1.));
#6602 = ( GEOMETRIC_REPRESENTATION_CONTEXT(2) 
PARAMETRIC_REPRESENTATION_CONTEXT() REPRESENTATION_CONTEXT('2D SPACE',''
  ) );
#6603 = PCURVE('',#6063,#6604);
#6604 = DEFINITIONAL_REPRESENTATION('',(#6605),#6609);
#6605 = LINE('',#6606,#6607);
#6606 = CARTESIAN_POINT('',(1.570796326795,0.));
#6607 = VECTOR('',#6608,1.);
#6608 = DIRECTION('',(0.,1.));
#6609 = ( GEOMETRIC_REPRESENTATION_CONTEXT(2) 
PARAMETRIC_REPRESENTATION_CONTEXT() REPRESENTATION_CONTEXT('2D SPACE',''
  ) );
#6610 = ORIENTED_EDGE('',*,*,#6611,.T.);
#6611 = EDGE_CURVE('',#6590,#6495,#6612,.T.);
#6612 = SURFACE_CURVE('',#6613,(#6617,#6623),.PCURVE_S1.);
#6613 = LINE('',#6614,#6615);
#6614 = CARTESIAN_POINT('',(1.2342E+03,104.,-1.7763568394E-14));
#6615 = VECTOR('',#6616,1.);
#6616 = DIRECTION('',(1.110223024625E-16,0.,-1.));
#6617 = PCURVE('',#6509,#6618);
#6618 = DEFINITIONAL_REPRESENTATION('',(#6619),#6622);
#6619 = B_SPLINE_CURVE_WITH_KNOTS('',1,(#6620,#6621),.UNSPECIFIED.,.F.,
  .F.,(2,2),(-23.4,23.399999917563),.PIECEWISE_BEZIER_KNOTS.);
#6620 = CARTESIAN_POINT('',(28.08,1.));
#6621 = CARTESIAN_POINT('',(-28.07999995053,1.));
#6622 = ( GEOMETRIC_REPRESENTATION_CONTEXT(2) 
PARAMETRIC_REPRESENTATION_CONTEXT() REPRESENTATION_CONTEXT('2D SPACE',''
  ) );
#6623 = PCURVE('',#6624,#6629);
#6624 = B_SPLINE_SURFACE_WITH_KNOTS('',1,1,(
    (#6625,#6626)
    ,(#6627,#6628
    )),.UNSPECIFIED.,.F.,.F.,.F.,(2,2),(2,2),(-23.39999991756,23.4),(0.,
    1.),.PIECEWISE_BEZIER_KNOTS.);
#6625 = CARTESIAN_POINT('',(1.2342E+03,104.,-23.39999991756));
#6626 = CARTESIAN_POINT('',(1.4702E+03,44.8,-10.07999999112));
#6627 = CARTESIAN_POINT('',(1.2342E+03,104.,23.4));
#6628 = CARTESIAN_POINT('',(1.4702E+03,44.8,10.08));
#6629 = DEFINITIONAL_REPRESENTATION('',(#6630),#6634);
#6630 = LINE('',#6631,#6632);
#6631 = CARTESIAN_POINT('',(0.,0.));
#6632 = VECTOR('',#6633,1.);
#6633 = DIRECTION('',(-1.,0.));
#6634 = ( GEOMETRIC_REPRESENTATION_CONTEXT(2) 
PARAMETRIC_REPRESENTATION_CONTEXT() REPRESENTATION_CONTEXT('2D SPACE',''
  ) );
#6635 = ORIENTED_EDGE('',*,*,#6494,.F.);
#6636 = ADVANCED_FACE('',(#6637),#6063,.T.);
#6637 = FACE_BOUND('',#6638,.T.);
#6638 = EDGE_LOOP('',(#6639,#6661,#6662,#6703));
#6639 = ORIENTED_EDGE('',*,*,#6640,.T.);
#6640 = EDGE_CURVE('',#6567,#5950,#6641,.T.);
#6641 = SURFACE_CURVE('',#6642,(#6647,#6654),.PCURVE_S1.);
#6642 = CIRCLE('',#6643,28.08);
#6643 = AXIS2_PLACEMENT_3D('',#6644,#6645,#6646);
#6644 = CARTESIAN_POINT('',(1.01E+03,96.72,28.08));
#6645 = DIRECTION('',(1.,-0.,1.110223024625E-16));
#6646 = DIRECTION('',(1.110223024625E-16,0.,-1.));
#6647 = PCURVE('',#6063,#6648);
#6648 = DEFINITIONAL_REPRESENTATION('',(#6649),#6653);
#6649 = LINE('',#6650,#6651);
#6650 = CARTESIAN_POINT('',(0.,0.));
#6651 = VECTOR('',#6652,1.);
#6652 = DIRECTION('',(1.,0.));
#6653 = ( GEOMETRIC_REPRESENTATION_CONTEXT(2) 
PARAMETRIC_REPRESENTATION_CONTEXT() REPRESENTATION_CONTEXT('2D SPACE',''
  ) );
#6654 = PCURVE('',#5970,#6655);
#6655 = DEFINITIONAL_REPRESENTATION('',(#6656),#6660);
#6656 = CIRCLE('',#6657,28.08);
#6657 = AXIS2_PLACEMENT_2D('',#6658,#6659);
#6658 = CARTESIAN_POINT('',(0.,193.44));
#6659 = DIRECTION('',(1.,0.));
#6660 = ( GEOMETRIC_REPRESENTATION_CONTEXT(2) 
PARAMETRIC_REPRESENTATION_CONTEXT() REPRESENTATION_CONTEXT('2D SPACE',''
  ) );
#6661 = ORIENTED_EDGE('',*,*,#6050,.T.);
#6662 = ORIENTED_EDGE('',*,*,#6663,.T.);
#6663 = EDGE_CURVE('',#6024,#6590,#6664,.T.);
#6664 = SURFACE_CURVE('',#6665,(#6670,#6677),.PCURVE_S1.);
#6665 = CIRCLE('',#6666,23.4);
#6666 = AXIS2_PLACEMENT_3D('',#6667,#6668,#6669);
#6667 = CARTESIAN_POINT('',(1.2342E+03,80.6,23.4));
#6668 = DIRECTION('',(-1.,0.,-1.110223024625E-16));
#6669 = DIRECTION('',(-1.110223024625E-16,0.,1.));
#6670 = PCURVE('',#6063,#6671);
#6671 = DEFINITIONAL_REPRESENTATION('',(#6672),#6676);
#6672 = LINE('',#6673,#6674);
#6673 = CARTESIAN_POINT('',(3.14159265359,1.));
#6674 = VECTOR('',#6675,1.);
#6675 = DIRECTION('',(-1.,0.));
#6676 = ( GEOMETRIC_REPRESENTATION_CONTEXT(2) 
PARAMETRIC_REPRESENTATION_CONTEXT() REPRESENTATION_CONTEXT('2D SPACE',''
  ) );
#6677 = PCURVE('',#6678,#6697);
#6678 = B_SPLINE_SURFACE_WITH_KNOTS('',8,1,(
    (#6679,#6680)
    ,(#6681,#6682)
    ,(#6683,#6684)
    ,(#6685,#6686)
    ,(#6687,#6688)
    ,(#6689,#6690)
    ,(#6691,#6692)
    ,(#6693,#6694)
    ,(#6695,#6696
    )),.UNSPECIFIED.,.F.,.F.,.F.,(9,9),(2,2),(4.712388980385,
    6.28318530718),(0.,1.),.PIECEWISE_BEZIER_KNOTS.);
#6679 = CARTESIAN_POINT('',(1.2342E+03,104.,23.4));
#6680 = CARTESIAN_POINT('',(1.4702E+03,44.8,10.08));
#6681 = CARTESIAN_POINT('',(1.2342E+03,103.99999999999,27.994579255875)
  );
#6682 = CARTESIAN_POINT('',(1.4702E+03,44.8,12.059203371761));
#6683 = CARTESIAN_POINT('',(1.2342E+03,102.96897753831,32.589159958));
#6684 = CARTESIAN_POINT('',(1.4702E+03,44.355867247272,14.038407366523)
  );
#6685 = CARTESIAN_POINT('',(1.2342E+03,100.90694274138,36.913809683438)
  );
#6686 = CARTESIAN_POINT('',(1.4702E+03,43.467606103983,15.901333402097)
  );
#6687 = CARTESIAN_POINT('',(1.2342E+03,97.898654885259,40.698654885252)
  );
#6688 = CARTESIAN_POINT('',(1.4702E+03,42.171728258262,17.531728258262)
  );
#6689 = CARTESIAN_POINT('',(1.2342E+03,94.113809683433,43.70694274139));
#6690 = CARTESIAN_POINT('',(1.4702E+03,40.541333402097,18.827606103984)
  );
#6691 = CARTESIAN_POINT('',(1.2342E+03,89.789159958002,45.768977538309)
  );
#6692 = CARTESIAN_POINT('',(1.4702E+03,38.678407366523,19.715867247271)
  );
#6693 = CARTESIAN_POINT('',(1.2342E+03,85.194579255874,46.8));
#6694 = CARTESIAN_POINT('',(1.4702E+03,36.699203371762,20.16));
#6695 = CARTESIAN_POINT('',(1.2342E+03,80.6,46.8));
#6696 = CARTESIAN_POINT('',(1.4702E+03,34.72,20.16));
#6697 = DEFINITIONAL_REPRESENTATION('',(#6698),#6702);
#6698 = LINE('',#6699,#6700);
#6699 = CARTESIAN_POINT('',(6.28318530718,0.));
#6700 = VECTOR('',#6701,1.);
#6701 = DIRECTION('',(-1.,0.));
#6702 = ( GEOMETRIC_REPRESENTATION_CONTEXT(2) 
PARAMETRIC_REPRESENTATION_CONTEXT() REPRESENTATION_CONTEXT('2D SPACE',''
  ) );
#6703 = ORIENTED_EDGE('',*,*,#6589,.F.);
#6704 = ADVANCED_FACE('',(#6705),#6038,.T.);
#6705 = FACE_BOUND('',#6706,.T.);
#6706 = EDGE_LOOP('',(#6707,#6708,#6730,#6757));
#6707 = ORIENTED_EDGE('',*,*,#6023,.F.);
#6708 = ORIENTED_EDGE('',*,*,#6709,.T.);
#6709 = EDGE_CURVE('',#5983,#6710,#6712,.T.);
#6710 = VERTEX_POINT('',#6711);
#6711 = CARTESIAN_POINT('',(1.4702E+03,-34.72,20.16));
#6712 = SURFACE_CURVE('',#6713,(#6716,#6723),.PCURVE_S1.);
#6713 = B_SPLINE_CURVE_WITH_KNOTS('',1,(#6714,#6715),.UNSPECIFIED.,.F.,
  .F.,(2,2),(0.,1.),.PIECEWISE_BEZIER_KNOTS.);
#6714 = CARTESIAN_POINT('',(1.2342E+03,-80.6,46.8));
#6715 = CARTESIAN_POINT('',(1.4702E+03,-34.72,20.16));
#6716 = PCURVE('',#6038,#6717);
#6717 = DEFINITIONAL_REPRESENTATION('',(#6718),#6722);
#6718 = LINE('',#6719,#6720);
#6719 = CARTESIAN_POINT('',(80.6,0.));
#6720 = VECTOR('',#6721,1.);
#6721 = DIRECTION('',(0.,1.));
#6722 = ( GEOMETRIC_REPRESENTATION_CONTEXT(2) 
PARAMETRIC_REPRESENTATION_CONTEXT() REPRESENTATION_CONTEXT('2D SPACE',''
  ) );
#6723 = PCURVE('',#6158,#6724);
#6724 = DEFINITIONAL_REPRESENTATION('',(#6725),#6729);
#6725 = LINE('',#6726,#6727);
#6726 = CARTESIAN_POINT('',(0.,0.));
#6727 = VECTOR('',#6728,1.);
#6728 = DIRECTION('',(0.,1.));
#6729 = ( GEOMETRIC_REPRESENTATION_CONTEXT(2) 
PARAMETRIC_REPRESENTATION_CONTEXT() REPRESENTATION_CONTEXT('2D SPACE',''
  ) );
#6730 = ORIENTED_EDGE('',*,*,#6731,.T.);
#6731 = EDGE_CURVE('',#6710,#6732,#6734,.T.);
#6732 = VERTEX_POINT('',#6733);
#6733 = CARTESIAN_POINT('',(1.4702E+03,34.72,20.16));
#6734 = SURFACE_CURVE('',#6735,(#6739,#6745),.PCURVE_S1.);
#6735 = LINE('',#6736,#6737);
#6736 = CARTESIAN_POINT('',(1.4702E+03,-3.552713678801E-15,20.16));
#6737 = VECTOR('',#6738,1.);
#6738 = DIRECTION('',(0.,1.,0.));
#6739 = PCURVE('',#6038,#6740);
#6740 = DEFINITIONAL_REPRESENTATION('',(#6741),#6744);
#6741 = B_SPLINE_CURVE_WITH_KNOTS('',1,(#6742,#6743),.UNSPECIFIED.,.F.,
  .F.,(2,2),(-34.72,34.72),.PIECEWISE_BEZIER_KNOTS.);
#6742 = CARTESIAN_POINT('',(80.6,1.));
#6743 = CARTESIAN_POINT('',(-80.6,1.));
#6744 = ( GEOMETRIC_REPRESENTATION_CONTEXT(2) 
PARAMETRIC_REPRESENTATION_CONTEXT() REPRESENTATION_CONTEXT('2D SPACE',''
  ) );
#6745 = PCURVE('',#6746,#6751);
#6746 = B_SPLINE_SURFACE_WITH_KNOTS('',1,1,(
    (#6747,#6748)
    ,(#6749,#6750
  )),.UNSPECIFIED.,.F.,.F.,.F.,(2,2),(2,2),(-34.72,34.72),(0.,1.),
  .PIECEWISE_BEZIER_KNOTS.);
#6747 = CARTESIAN_POINT('',(1.4702E+03,34.72,20.16));
#6748 = CARTESIAN_POINT('',(1.6E+03,0.744,0.431999995945));
#6749 = CARTESIAN_POINT('',(1.4702E+03,-34.72,20.16));
#6750 = CARTESIAN_POINT('',(1.6E+03,-0.744,0.431999995945));
#6751 = DEFINITIONAL_REPRESENTATION('',(#6752),#6756);
#6752 = LINE('',#6753,#6754);
#6753 = CARTESIAN_POINT('',(0.,0.));
#6754 = VECTOR('',#6755,1.);
#6755 = DIRECTION('',(-1.,0.));
#6756 = ( GEOMETRIC_REPRESENTATION_CONTEXT(2) 
PARAMETRIC_REPRESENTATION_CONTEXT() REPRESENTATION_CONTEXT('2D SPACE',''
  ) );
#6757 = ORIENTED_EDGE('',*,*,#6758,.F.);
#6758 = EDGE_CURVE('',#6024,#6732,#6759,.T.);
#6759 = SURFACE_CURVE('',#6760,(#6763,#6770),.PCURVE_S1.);
#6760 = B_SPLINE_CURVE_WITH_KNOTS('',1,(#6761,#6762),.UNSPECIFIED.,.F.,
  .F.,(2,2),(0.,1.),.PIECEWISE_BEZIER_KNOTS.);
#6761 = CARTESIAN_POINT('',(1.2342E+03,80.6,46.8));
#6762 = CARTESIAN_POINT('',(1.4702E+03,34.72,20.16));
#6763 = PCURVE('',#6038,#6764);
#6764 = DEFINITIONAL_REPRESENTATION('',(#6765),#6769);
#6765 = LINE('',#6766,#6767);
#6766 = CARTESIAN_POINT('',(-80.6,0.));
#6767 = VECTOR('',#6768,1.);
#6768 = DIRECTION('',(0.,1.));
#6769 = ( GEOMETRIC_REPRESENTATION_CONTEXT(2) 
PARAMETRIC_REPRESENTATION_CONTEXT() REPRESENTATION_CONTEXT('2D SPACE',''
  ) );
#6770 = PCURVE('',#6678,#6771);
#6771 = DEFINITIONAL_REPRESENTATION('',(#6772),#6776);
#6772 = LINE('',#6773,#6774);
#6773 = CARTESIAN_POINT('',(6.28318530718,0.));
#6774 = VECTOR('',#6775,1.);
#6775 = DIRECTION('',(0.,1.));
#6776 = ( GEOMETRIC_REPRESENTATION_CONTEXT(2) 
PARAMETRIC_REPRESENTATION_CONTEXT() REPRESENTATION_CONTEXT('2D SPACE',''
  ) );
#6777 = ADVANCED_FACE('',(#6778),#6158,.T.);
#6778 = FACE_BOUND('',#6779,.T.);
#6779 = EDGE_LOOP('',(#6780,#6781,#6803,#6844));
#6780 = ORIENTED_EDGE('',*,*,#6143,.F.);
#6781 = ORIENTED_EDGE('',*,*,#6782,.T.);
#6782 = EDGE_CURVE('',#6117,#6783,#6785,.T.);
#6783 = VERTEX_POINT('',#6784);
#6784 = CARTESIAN_POINT('',(1.4702E+03,-44.8,10.08));
#6785 = SURFACE_CURVE('',#6786,(#6789,#6796),.PCURVE_S1.);
#6786 = B_SPLINE_CURVE_WITH_KNOTS('',1,(#6787,#6788),.UNSPECIFIED.,.F.,
  .F.,(2,2),(0.,1.),.PIECEWISE_BEZIER_KNOTS.);
#6787 = CARTESIAN_POINT('',(1.2342E+03,-104.,23.4));
#6788 = CARTESIAN_POINT('',(1.4702E+03,-44.8,10.08));
#6789 = PCURVE('',#6158,#6790);
#6790 = DEFINITIONAL_REPRESENTATION('',(#6791),#6795);
#6791 = LINE('',#6792,#6793);
#6792 = CARTESIAN_POINT('',(1.570796326795,0.));
#6793 = VECTOR('',#6794,1.);
#6794 = DIRECTION('',(0.,1.));
#6795 = ( GEOMETRIC_REPRESENTATION_CONTEXT(2) 
PARAMETRIC_REPRESENTATION_CONTEXT() REPRESENTATION_CONTEXT('2D SPACE',''
  ) );
#6796 = PCURVE('',#6265,#6797);
#6797 = DEFINITIONAL_REPRESENTATION('',(#6798),#6802);
#6798 = LINE('',#6799,#6800);
#6799 = CARTESIAN_POINT('',(-23.4,0.));
#6800 = VECTOR('',#6801,1.);
#6801 = DIRECTION('',(0.,1.));
#6802 = ( GEOMETRIC_REPRESENTATION_CONTEXT(2) 
PARAMETRIC_REPRESENTATION_CONTEXT() REPRESENTATION_CONTEXT('2D SPACE',''
  ) );
#6803 = ORIENTED_EDGE('',*,*,#6804,.F.);
#6804 = EDGE_CURVE('',#6710,#6783,#6805,.T.);
#6805 = SURFACE_CURVE('',#6806,(#6811,#6818),.PCURVE_S1.);
#6806 = CIRCLE('',#6807,10.08);
#6807 = AXIS2_PLACEMENT_3D('',#6808,#6809,#6810);
#6808 = CARTESIAN_POINT('',(1.4702E+03,-34.72,10.08));
#6809 = DIRECTION('',(1.,-0.,1.110223024625E-16));
#6810 = DIRECTION('',(1.110223024625E-16,0.,-1.));
#6811 = PCURVE('',#6158,#6812);
#6812 = DEFINITIONAL_REPRESENTATION('',(#6813),#6817);
#6813 = LINE('',#6814,#6815);
#6814 = CARTESIAN_POINT('',(-3.14159265359,1.));
#6815 = VECTOR('',#6816,1.);
#6816 = DIRECTION('',(1.,0.));
#6817 = ( GEOMETRIC_REPRESENTATION_CONTEXT(2) 
PARAMETRIC_REPRESENTATION_CONTEXT() REPRESENTATION_CONTEXT('2D SPACE',''
  ) );
#6818 = PCURVE('',#6819,#6838);
#6819 = B_SPLINE_SURFACE_WITH_KNOTS('',8,1,(
    (#6820,#6821)
    ,(#6822,#6823)
    ,(#6824,#6825)
    ,(#6826,#6827)
    ,(#6828,#6829)
    ,(#6830,#6831)
    ,(#6832,#6833)
    ,(#6834,#6835)
    ,(#6836,#6837
    )),.UNSPECIFIED.,.F.,.F.,.F.,(9,9),(2,2),(3.14159265359,
    4.712388980385),(0.,1.),.PIECEWISE_BEZIER_KNOTS.);
#6820 = CARTESIAN_POINT('',(1.4702E+03,-34.72,20.16));
#6821 = CARTESIAN_POINT('',(1.6E+03,-0.744,0.432000004055));
#6822 = CARTESIAN_POINT('',(1.4702E+03,-36.69920337176,20.16));
#6823 = CARTESIAN_POINT('',(1.6E+03,-0.786411500823,0.432000004055));
#6824 = CARTESIAN_POINT('',(1.4702E+03,-38.67840736652,19.715867247272)
  );
#6825 = CARTESIAN_POINT('',(1.6E+03,-0.828822825791,0.422482684433));
#6826 = CARTESIAN_POINT('',(1.4702E+03,-40.54133340209,18.827606103983)
  );
#6827 = CARTESIAN_POINT('',(1.6E+03,-0.868743464075,0.403449311741));
#6828 = CARTESIAN_POINT('',(1.4702E+03,-42.17172825826,17.531728258263)
  );
#6829 = CARTESIAN_POINT('',(1.6E+03,-0.903679043607,0.375679047662));
#6830 = CARTESIAN_POINT('',(1.4702E+03,-43.46760610398,15.901333402097)
  );
#6831 = CARTESIAN_POINT('',(1.6E+03,-0.931449307687,0.34074346813));
#6832 = CARTESIAN_POINT('',(1.4702E+03,-44.35586724727,14.038407366523)
  );
#6833 = CARTESIAN_POINT('',(1.6E+03,-0.950482680379,0.300822829846));
#6834 = CARTESIAN_POINT('',(1.4702E+03,-44.8,12.059203371761));
#6835 = CARTESIAN_POINT('',(1.6E+03,-0.96,0.258411504878));
#6836 = CARTESIAN_POINT('',(1.4702E+03,-44.8,10.08));
#6837 = CARTESIAN_POINT('',(1.6E+03,-0.96,0.216000004055));
#6838 = DEFINITIONAL_REPRESENTATION('',(#6839),#6843);
#6839 = LINE('',#6840,#6841);
#6840 = CARTESIAN_POINT('',(0.,0.));
#6841 = VECTOR('',#6842,1.);
#6842 = DIRECTION('',(1.,0.));
#6843 = ( GEOMETRIC_REPRESENTATION_CONTEXT(2) 
PARAMETRIC_REPRESENTATION_CONTEXT() REPRESENTATION_CONTEXT('2D SPACE',''
  ) );
#6844 = ORIENTED_EDGE('',*,*,#6709,.F.);
#6845 = ADVANCED_FACE('',(#6846),#6265,.T.);
#6846 = FACE_BOUND('',#6847,.T.);
#6847 = EDGE_LOOP('',(#6848,#6849,#6871,#6896));
#6848 = ORIENTED_EDGE('',*,*,#6252,.T.);
#6849 = ORIENTED_EDGE('',*,*,#6850,.T.);
#6850 = EDGE_CURVE('',#6212,#6851,#6853,.T.);
#6851 = VERTEX_POINT('',#6852);
#6852 = CARTESIAN_POINT('',(1.4702E+03,-44.8,-10.07999999112));
#6853 = SURFACE_CURVE('',#6854,(#6857,#6864),.PCURVE_S1.);
#6854 = B_SPLINE_CURVE_WITH_KNOTS('',1,(#6855,#6856),.UNSPECIFIED.,.F.,
  .F.,(2,2),(0.,1.),.PIECEWISE_BEZIER_KNOTS.);
#6855 = CARTESIAN_POINT('',(1.2342E+03,-104.,-23.39999991756));
#6856 = CARTESIAN_POINT('',(1.4702E+03,-44.8,-10.07999999112));
#6857 = PCURVE('',#6265,#6858);
#6858 = DEFINITIONAL_REPRESENTATION('',(#6859),#6863);
#6859 = LINE('',#6860,#6861);
#6860 = CARTESIAN_POINT('',(23.399999917563,0.));
#6861 = VECTOR('',#6862,1.);
#6862 = DIRECTION('',(0.,1.));
#6863 = ( GEOMETRIC_REPRESENTATION_CONTEXT(2) 
PARAMETRIC_REPRESENTATION_CONTEXT() REPRESENTATION_CONTEXT('2D SPACE',''
  ) );
#6864 = PCURVE('',#6347,#6865);
#6865 = DEFINITIONAL_REPRESENTATION('',(#6866),#6870);
#6866 = LINE('',#6867,#6868);
#6867 = CARTESIAN_POINT('',(1.570796326795,0.));
#6868 = VECTOR('',#6869,1.);
#6869 = DIRECTION('',(0.,1.));
#6870 = ( GEOMETRIC_REPRESENTATION_CONTEXT(2) 
PARAMETRIC_REPRESENTATION_CONTEXT() REPRESENTATION_CONTEXT('2D SPACE',''
  ) );
#6871 = ORIENTED_EDGE('',*,*,#6872,.F.);
#6872 = EDGE_CURVE('',#6783,#6851,#6873,.T.);
#6873 = SURFACE_CURVE('',#6874,(#6878,#6884),.PCURVE_S1.);
#6874 = LINE('',#6875,#6876);
#6875 = CARTESIAN_POINT('',(1.4702E+03,-44.8,-1.06581410364E-14));
#6876 = VECTOR('',#6877,1.);
#6877 = DIRECTION('',(1.110223024625E-16,0.,-1.));
#6878 = PCURVE('',#6265,#6879);
#6879 = DEFINITIONAL_REPRESENTATION('',(#6880),#6883);
#6880 = B_SPLINE_CURVE_WITH_KNOTS('',1,(#6881,#6882),.UNSPECIFIED.,.F.,
  .F.,(2,2),(-10.08,10.079999991122),.PIECEWISE_BEZIER_KNOTS.);
#6881 = CARTESIAN_POINT('',(-23.4,1.));
#6882 = CARTESIAN_POINT('',(23.399999917563,1.));
#6883 = ( GEOMETRIC_REPRESENTATION_CONTEXT(2) 
PARAMETRIC_REPRESENTATION_CONTEXT() REPRESENTATION_CONTEXT('2D SPACE',''
  ) );
#6884 = PCURVE('',#6885,#6890);
#6885 = B_SPLINE_SURFACE_WITH_KNOTS('',1,1,(
    (#6886,#6887)
    ,(#6888,#6889
    )),.UNSPECIFIED.,.F.,.F.,.F.,(2,2),(2,2),(-10.08,10.079999991122),(
    0.,1.),.PIECEWISE_BEZIER_KNOTS.);
#6886 = CARTESIAN_POINT('',(1.4702E+03,-44.8,10.08));
#6887 = CARTESIAN_POINT('',(1.6E+03,-0.96,0.216000004055));
#6888 = CARTESIAN_POINT('',(1.4702E+03,-44.8,-10.07999999112));
#6889 = CARTESIAN_POINT('',(1.6E+03,-0.96,-0.215999927959));
#6890 = DEFINITIONAL_REPRESENTATION('',(#6891),#6895);
#6891 = LINE('',#6892,#6893);
#6892 = CARTESIAN_POINT('',(0.,0.));
#6893 = VECTOR('',#6894,1.);
#6894 = DIRECTION('',(1.,0.));
#6895 = ( GEOMETRIC_REPRESENTATION_CONTEXT(2) 
PARAMETRIC_REPRESENTATION_CONTEXT() REPRESENTATION_CONTEXT('2D SPACE',''
  ) );
#6896 = ORIENTED_EDGE('',*,*,#6782,.F.);
#6897 = ADVANCED_FACE('',(#6898),#6347,.T.);
#6898 = FACE_BOUND('',#6899,.T.);
#6899 = EDGE_LOOP('',(#6900,#6901,#6923,#6964));
#6900 = ORIENTED_EDGE('',*,*,#6332,.F.);
#6901 = ORIENTED_EDGE('',*,*,#6902,.T.);
#6902 = EDGE_CURVE('',#6306,#6903,#6905,.T.);
#6903 = VERTEX_POINT('',#6904);
#6904 = CARTESIAN_POINT('',(1.4702E+03,-34.72,-20.15999999556));
#6905 = SURFACE_CURVE('',#6906,(#6909,#6916),.PCURVE_S1.);
#6906 = B_SPLINE_CURVE_WITH_KNOTS('',1,(#6907,#6908),.UNSPECIFIED.,.F.,
  .F.,(2,2),(0.,1.),.PIECEWISE_BEZIER_KNOTS.);
#6907 = CARTESIAN_POINT('',(1.2342E+03,-80.6,-46.79999991756));
#6908 = CARTESIAN_POINT('',(1.4702E+03,-34.72,-20.15999999112));
#6909 = PCURVE('',#6347,#6910);
#6910 = DEFINITIONAL_REPRESENTATION('',(#6911),#6915);
#6911 = LINE('',#6912,#6913);
#6912 = CARTESIAN_POINT('',(3.14159265359,0.));
#6913 = VECTOR('',#6914,1.);
#6914 = DIRECTION('',(0.,1.));
#6915 = ( GEOMETRIC_REPRESENTATION_CONTEXT(2) 
PARAMETRIC_REPRESENTATION_CONTEXT() REPRESENTATION_CONTEXT('2D SPACE',''
  ) );
#6916 = PCURVE('',#6454,#6917);
#6917 = DEFINITIONAL_REPRESENTATION('',(#6918),#6922);
#6918 = LINE('',#6919,#6920);
#6919 = CARTESIAN_POINT('',(-80.6,0.));
#6920 = VECTOR('',#6921,1.);
#6921 = DIRECTION('',(0.,1.));
#6922 = ( GEOMETRIC_REPRESENTATION_CONTEXT(2) 
PARAMETRIC_REPRESENTATION_CONTEXT() REPRESENTATION_CONTEXT('2D SPACE',''
  ) );
#6923 = ORIENTED_EDGE('',*,*,#6924,.F.);
#6924 = EDGE_CURVE('',#6851,#6903,#6925,.T.);
#6925 = SURFACE_CURVE('',#6926,(#6931,#6938),.PCURVE_S1.);
#6926 = CIRCLE('',#6927,10.08);
#6927 = AXIS2_PLACEMENT_3D('',#6928,#6929,#6930);
#6928 = CARTESIAN_POINT('',(1.4702E+03,-34.72,-10.07999999112));
#6929 = DIRECTION('',(1.,-0.,1.110223024625E-16));
#6930 = DIRECTION('',(1.110223024625E-16,0.,-1.));
#6931 = PCURVE('',#6347,#6932);
#6932 = DEFINITIONAL_REPRESENTATION('',(#6933),#6937);
#6933 = LINE('',#6934,#6935);
#6934 = CARTESIAN_POINT('',(-3.14159265359,1.));
#6935 = VECTOR('',#6936,1.);
#6936 = DIRECTION('',(1.,0.));
#6937 = ( GEOMETRIC_REPRESENTATION_CONTEXT(2) 
PARAMETRIC_REPRESENTATION_CONTEXT() REPRESENTATION_CONTEXT('2D SPACE',''
  ) );
#6938 = PCURVE('',#6939,#6958);
#6939 = B_SPLINE_SURFACE_WITH_KNOTS('',8,1,(
    (#6940,#6941)
    ,(#6942,#6943)
    ,(#6944,#6945)
    ,(#6946,#6947)
    ,(#6948,#6949)
    ,(#6950,#6951)
    ,(#6952,#6953)
    ,(#6954,#6955)
    ,(#6956,#6957
    )),.UNSPECIFIED.,.F.,.F.,.F.,(9,9),(2,2),(4.712388980385,
    6.28318530718),(0.,1.),.PIECEWISE_BEZIER_KNOTS.);
#6940 = CARTESIAN_POINT('',(1.4702E+03,-44.8,-10.07999999112));
#6941 = CARTESIAN_POINT('',(1.6E+03,-0.96,-0.215999927959));
#6942 = CARTESIAN_POINT('',(1.4702E+03,-44.8,-12.05920336288));
#6943 = CARTESIAN_POINT('',(1.6E+03,-0.96,-0.258411428782));
#6944 = CARTESIAN_POINT('',(1.4702E+03,-44.35586724727,-14.03840735764)
  );
#6945 = CARTESIAN_POINT('',(1.6E+03,-0.950482680379,-0.30082275375));
#6946 = CARTESIAN_POINT('',(1.4702E+03,-43.46760610398,-15.90133339321)
  );
#6947 = CARTESIAN_POINT('',(1.6E+03,-0.931449307687,-0.340743392033));
#6948 = CARTESIAN_POINT('',(1.4702E+03,-42.17172825826,-17.53172824938)
  );
#6949 = CARTESIAN_POINT('',(1.6E+03,-0.903679043607,-0.375678971565));
#6950 = CARTESIAN_POINT('',(1.4702E+03,-40.54133340209,-18.8276060951));
#6951 = CARTESIAN_POINT('',(1.6E+03,-0.868743464075,-0.403449235645));
#6952 = CARTESIAN_POINT('',(1.4702E+03,-38.67840736652,-19.71586723839)
  );
#6953 = CARTESIAN_POINT('',(1.6E+03,-0.828822825791,-0.422482608337));
#6954 = CARTESIAN_POINT('',(1.4702E+03,-36.69920337176,-20.15999999112)
  );
#6955 = CARTESIAN_POINT('',(1.6E+03,-0.786411500823,-0.431999927959));
#6956 = CARTESIAN_POINT('',(1.4702E+03,-34.72,-20.15999999112));
#6957 = CARTESIAN_POINT('',(1.6E+03,-0.744,-0.431999927959));
#6958 = DEFINITIONAL_REPRESENTATION('',(#6959),#6963);
#6959 = LINE('',#6960,#6961);
#6960 = CARTESIAN_POINT('',(0.,0.));
#6961 = VECTOR('',#6962,1.);
#6962 = DIRECTION('',(1.,0.));
#6963 = ( GEOMETRIC_REPRESENTATION_CONTEXT(2) 
PARAMETRIC_REPRESENTATION_CONTEXT() REPRESENTATION_CONTEXT('2D SPACE',''
  ) );
#6964 = ORIENTED_EDGE('',*,*,#6850,.F.);
#6965 = ADVANCED_FACE('',(#6966),#6454,.T.);
#6966 = FACE_BOUND('',#6967,.T.);
#6967 = EDGE_LOOP('',(#6968,#6969,#6991,#7016));
#6968 = ORIENTED_EDGE('',*,*,#6441,.T.);
#6969 = ORIENTED_EDGE('',*,*,#6970,.T.);
#6970 = EDGE_CURVE('',#6401,#6971,#6973,.T.);
#6971 = VERTEX_POINT('',#6972);
#6972 = CARTESIAN_POINT('',(1.4702E+03,34.72,-20.15999999556));
#6973 = SURFACE_CURVE('',#6974,(#6977,#6984),.PCURVE_S1.);
#6974 = B_SPLINE_CURVE_WITH_KNOTS('',1,(#6975,#6976),.UNSPECIFIED.,.F.,
  .F.,(2,2),(0.,1.),.PIECEWISE_BEZIER_KNOTS.);
#6975 = CARTESIAN_POINT('',(1.2342E+03,80.6,-46.8));
#6976 = CARTESIAN_POINT('',(1.4702E+03,34.72,-20.16));
#6977 = PCURVE('',#6454,#6978);
#6978 = DEFINITIONAL_REPRESENTATION('',(#6979),#6983);
#6979 = LINE('',#6980,#6981);
#6980 = CARTESIAN_POINT('',(80.6,0.));
#6981 = VECTOR('',#6982,1.);
#6982 = DIRECTION('',(0.,1.));
#6983 = ( GEOMETRIC_REPRESENTATION_CONTEXT(2) 
PARAMETRIC_REPRESENTATION_CONTEXT() REPRESENTATION_CONTEXT('2D SPACE',''
  ) );
#6984 = PCURVE('',#6536,#6985);
#6985 = DEFINITIONAL_REPRESENTATION('',(#6986),#6990);
#6986 = LINE('',#6987,#6988);
#6987 = CARTESIAN_POINT('',(3.14159265359,0.));
#6988 = VECTOR('',#6989,1.);
#6989 = DIRECTION('',(0.,1.));
#6990 = ( GEOMETRIC_REPRESENTATION_CONTEXT(2) 
PARAMETRIC_REPRESENTATION_CONTEXT() REPRESENTATION_CONTEXT('2D SPACE',''
  ) );
#6991 = ORIENTED_EDGE('',*,*,#6992,.F.);
#6992 = EDGE_CURVE('',#6903,#6971,#6993,.T.);
#6993 = SURFACE_CURVE('',#6994,(#6998,#7004),.PCURVE_S1.);
#6994 = LINE('',#6995,#6996);
#6995 = CARTESIAN_POINT('',(1.4702E+03,-3.552713678801E-15,-20.16));
#6996 = VECTOR('',#6997,1.);
#6997 = DIRECTION('',(0.,1.,0.));
#6998 = PCURVE('',#6454,#6999);
#6999 = DEFINITIONAL_REPRESENTATION('',(#7000),#7003);
#7000 = B_SPLINE_CURVE_WITH_KNOTS('',1,(#7001,#7002),.UNSPECIFIED.,.F.,
  .F.,(2,2),(-34.72,34.72),.PIECEWISE_BEZIER_KNOTS.);
#7001 = CARTESIAN_POINT('',(-80.6,1.));
#7002 = CARTESIAN_POINT('',(80.6,1.));
#7003 = ( GEOMETRIC_REPRESENTATION_CONTEXT(2) 
PARAMETRIC_REPRESENTATION_CONTEXT() REPRESENTATION_CONTEXT('2D SPACE',''
  ) );
#7004 = PCURVE('',#7005,#7010);
#7005 = B_SPLINE_SURFACE_WITH_KNOTS('',1,1,(
    (#7006,#7007)
    ,(#7008,#7009
  )),.UNSPECIFIED.,.F.,.F.,.F.,(2,2),(2,2),(-34.72,34.72),(0.,1.),
  .PIECEWISE_BEZIER_KNOTS.);
#7006 = CARTESIAN_POINT('',(1.4702E+03,-34.72,-20.16));
#7007 = CARTESIAN_POINT('',(1.6E+03,-0.744,-0.432000004055));
#7008 = CARTESIAN_POINT('',(1.4702E+03,34.72,-20.16));
#7009 = CARTESIAN_POINT('',(1.6E+03,0.744,-0.432000004055));
#7010 = DEFINITIONAL_REPRESENTATION('',(#7011),#7015);
#7011 = LINE('',#7012,#7013);
#7012 = CARTESIAN_POINT('',(0.,0.));
#7013 = VECTOR('',#7014,1.);
#7014 = DIRECTION('',(1.,0.));
#7015 = ( GEOMETRIC_REPRESENTATION_CONTEXT(2) 
PARAMETRIC_REPRESENTATION_CONTEXT() REPRESENTATION_CONTEXT('2D SPACE',''
  ) );
#7016 = ORIENTED_EDGE('',*,*,#6902,.F.);
#7017 = ADVANCED_FACE('',(#7018),#6536,.T.);
#7018 = FACE_BOUND('',#7019,.T.);
#7019 = EDGE_LOOP('',(#7020,#7021,#7043,#7084));
#7020 = ORIENTED_EDGE('',*,*,#6521,.F.);
#7021 = ORIENTED_EDGE('',*,*,#7022,.T.);
#7022 = EDGE_CURVE('',#6495,#7023,#7025,.T.);
#7023 = VERTEX_POINT('',#7024);
#7024 = CARTESIAN_POINT('',(1.4702E+03,44.8,-10.07999999112));
#7025 = SURFACE_CURVE('',#7026,(#7029,#7036),.PCURVE_S1.);
#7026 = B_SPLINE_CURVE_WITH_KNOTS('',1,(#7027,#7028),.UNSPECIFIED.,.F.,
  .F.,(2,2),(0.,1.),.PIECEWISE_BEZIER_KNOTS.);
#7027 = CARTESIAN_POINT('',(1.2342E+03,104.,-23.39999991756));
#7028 = CARTESIAN_POINT('',(1.4702E+03,44.8,-10.07999999112));
#7029 = PCURVE('',#6536,#7030);
#7030 = DEFINITIONAL_REPRESENTATION('',(#7031),#7035);
#7031 = LINE('',#7032,#7033);
#7032 = CARTESIAN_POINT('',(4.712388980385,0.));
#7033 = VECTOR('',#7034,1.);
#7034 = DIRECTION('',(0.,1.));
#7035 = ( GEOMETRIC_REPRESENTATION_CONTEXT(2) 
PARAMETRIC_REPRESENTATION_CONTEXT() REPRESENTATION_CONTEXT('2D SPACE',''
  ) );
#7036 = PCURVE('',#6624,#7037);
#7037 = DEFINITIONAL_REPRESENTATION('',(#7038),#7042);
#7038 = LINE('',#7039,#7040);
#7039 = CARTESIAN_POINT('',(-23.39999991756,0.));
#7040 = VECTOR('',#7041,1.);
#7041 = DIRECTION('',(0.,1.));
#7042 = ( GEOMETRIC_REPRESENTATION_CONTEXT(2) 
PARAMETRIC_REPRESENTATION_CONTEXT() REPRESENTATION_CONTEXT('2D SPACE',''
  ) );
#7043 = ORIENTED_EDGE('',*,*,#7044,.F.);
#7044 = EDGE_CURVE('',#6971,#7023,#7045,.T.);
#7045 = SURFACE_CURVE('',#7046,(#7051,#7058),.PCURVE_S1.);
#7046 = CIRCLE('',#7047,10.08);
#7047 = AXIS2_PLACEMENT_3D('',#7048,#7049,#7050);
#7048 = CARTESIAN_POINT('',(1.4702E+03,34.72,-10.07999999112));
#7049 = DIRECTION('',(1.,-0.,1.110223024625E-16));
#7050 = DIRECTION('',(1.110223024625E-16,0.,-1.));
#7051 = PCURVE('',#6536,#7052);
#7052 = DEFINITIONAL_REPRESENTATION('',(#7053),#7057);
#7053 = LINE('',#7054,#7055);
#7054 = CARTESIAN_POINT('',(3.14159265359,1.));
#7055 = VECTOR('',#7056,1.);
#7056 = DIRECTION('',(1.,0.));
#7057 = ( GEOMETRIC_REPRESENTATION_CONTEXT(2) 
PARAMETRIC_REPRESENTATION_CONTEXT() REPRESENTATION_CONTEXT('2D SPACE',''
  ) );
#7058 = PCURVE('',#7059,#7078);
#7059 = B_SPLINE_SURFACE_WITH_KNOTS('',8,1,(
    (#7060,#7061)
    ,(#7062,#7063)
    ,(#7064,#7065)
    ,(#7066,#7067)
    ,(#7068,#7069)
    ,(#7070,#7071)
    ,(#7072,#7073)
    ,(#7074,#7075)
    ,(#7076,#7077
    )),.UNSPECIFIED.,.F.,.F.,.F.,(9,9),(2,2),(0.,1.570796326795),(0.,1.)
  ,.PIECEWISE_BEZIER_KNOTS.);
#7060 = CARTESIAN_POINT('',(1.4702E+03,34.72,-20.15999999112));
#7061 = CARTESIAN_POINT('',(1.6E+03,0.744,-0.431999927959));
#7062 = CARTESIAN_POINT('',(1.4702E+03,36.699203371762,-20.15999999112)
  );
#7063 = CARTESIAN_POINT('',(1.6E+03,0.786411500823,-0.431999927959));
#7064 = CARTESIAN_POINT('',(1.4702E+03,38.678407366522,-19.71586723839)
  );
#7065 = CARTESIAN_POINT('',(1.6E+03,0.828822825791,-0.422482608337));
#7066 = CARTESIAN_POINT('',(1.4702E+03,40.541333402098,-18.8276060951));
#7067 = CARTESIAN_POINT('',(1.6E+03,0.868743464075,-0.403449235645));
#7068 = CARTESIAN_POINT('',(1.4702E+03,42.171728258261,-17.53172824938)
  );
#7069 = CARTESIAN_POINT('',(1.6E+03,0.903679043607,-0.375678971565));
#7070 = CARTESIAN_POINT('',(1.4702E+03,43.467606103985,-15.90133339322)
  );
#7071 = CARTESIAN_POINT('',(1.6E+03,0.931449307687,-0.340743392033));
#7072 = CARTESIAN_POINT('',(1.4702E+03,44.35586724727,-14.03840735764));
#7073 = CARTESIAN_POINT('',(1.6E+03,0.950482680379,-0.30082275375));
#7074 = CARTESIAN_POINT('',(1.4702E+03,44.8,-12.05920336288));
#7075 = CARTESIAN_POINT('',(1.6E+03,0.96,-0.258411428782));
#7076 = CARTESIAN_POINT('',(1.4702E+03,44.8,-10.07999999112));
#7077 = CARTESIAN_POINT('',(1.6E+03,0.96,-0.215999927959));
#7078 = DEFINITIONAL_REPRESENTATION('',(#7079),#7083);
#7079 = LINE('',#7080,#7081);
#7080 = CARTESIAN_POINT('',(0.,0.));
#7081 = VECTOR('',#7082,1.);
#7082 = DIRECTION('',(1.,0.));
#7083 = ( GEOMETRIC_REPRESENTATION_CONTEXT(2) 
PARAMETRIC_REPRESENTATION_CONTEXT() REPRESENTATION_CONTEXT('2D SPACE',''
  ) );
#7084 = ORIENTED_EDGE('',*,*,#6970,.F.);
#7085 = ADVANCED_FACE('',(#7086),#6624,.T.);
#7086 = FACE_BOUND('',#7087,.T.);
#7087 = EDGE_LOOP('',(#7088,#7089,#7111,#7136));
#7088 = ORIENTED_EDGE('',*,*,#6611,.F.);
#7089 = ORIENTED_EDGE('',*,*,#7090,.T.);
#7090 = EDGE_CURVE('',#6590,#7091,#7093,.T.);
#7091 = VERTEX_POINT('',#7092);
#7092 = CARTESIAN_POINT('',(1.4702E+03,44.8,10.08));
#7093 = SURFACE_CURVE('',#7094,(#7097,#7104),.PCURVE_S1.);
#7094 = B_SPLINE_CURVE_WITH_KNOTS('',1,(#7095,#7096),.UNSPECIFIED.,.F.,
  .F.,(2,2),(0.,1.),.PIECEWISE_BEZIER_KNOTS.);
#7095 = CARTESIAN_POINT('',(1.2342E+03,104.,23.4));
#7096 = CARTESIAN_POINT('',(1.4702E+03,44.8,10.08));
#7097 = PCURVE('',#6624,#7098);
#7098 = DEFINITIONAL_REPRESENTATION('',(#7099),#7103);
#7099 = LINE('',#7100,#7101);
#7100 = CARTESIAN_POINT('',(23.4,0.));
#7101 = VECTOR('',#7102,1.);
#7102 = DIRECTION('',(0.,1.));
#7103 = ( GEOMETRIC_REPRESENTATION_CONTEXT(2) 
PARAMETRIC_REPRESENTATION_CONTEXT() REPRESENTATION_CONTEXT('2D SPACE',''
  ) );
#7104 = PCURVE('',#6678,#7105);
#7105 = DEFINITIONAL_REPRESENTATION('',(#7106),#7110);
#7106 = LINE('',#7107,#7108);
#7107 = CARTESIAN_POINT('',(4.712388980385,0.));
#7108 = VECTOR('',#7109,1.);
#7109 = DIRECTION('',(0.,1.));
#7110 = ( GEOMETRIC_REPRESENTATION_CONTEXT(2) 
PARAMETRIC_REPRESENTATION_CONTEXT() REPRESENTATION_CONTEXT('2D SPACE',''
  ) );
#7111 = ORIENTED_EDGE('',*,*,#7112,.T.);
#7112 = EDGE_CURVE('',#7091,#7023,#7113,.T.);
#7113 = SURFACE_CURVE('',#7114,(#7118,#7124),.PCURVE_S1.);
#7114 = LINE('',#7115,#7116);
#7115 = CARTESIAN_POINT('',(1.4702E+03,44.8,-1.06581410364E-14));
#7116 = VECTOR('',#7117,1.);
#7117 = DIRECTION('',(1.110223024625E-16,0.,-1.));
#7118 = PCURVE('',#6624,#7119);
#7119 = DEFINITIONAL_REPRESENTATION('',(#7120),#7123);
#7120 = B_SPLINE_CURVE_WITH_KNOTS('',1,(#7121,#7122),.UNSPECIFIED.,.F.,
  .F.,(2,2),(-10.08,10.079999991122),.PIECEWISE_BEZIER_KNOTS.);
#7121 = CARTESIAN_POINT('',(23.4,1.));
#7122 = CARTESIAN_POINT('',(-23.39999991756,1.));
#7123 = ( GEOMETRIC_REPRESENTATION_CONTEXT(2) 
PARAMETRIC_REPRESENTATION_CONTEXT() REPRESENTATION_CONTEXT('2D SPACE',''
  ) );
#7124 = PCURVE('',#7125,#7130);
#7125 = B_SPLINE_SURFACE_WITH_KNOTS('',1,1,(
    (#7126,#7127)
    ,(#7128,#7129
    )),.UNSPECIFIED.,.F.,.F.,.F.,(2,2),(2,2),(-10.07999999112,10.08),(0.
    ,1.),.PIECEWISE_BEZIER_KNOTS.);
#7126 = CARTESIAN_POINT('',(1.4702E+03,44.8,-10.07999999112));
#7127 = CARTESIAN_POINT('',(1.6E+03,0.96,-0.215999927959));
#7128 = CARTESIAN_POINT('',(1.4702E+03,44.8,10.08));
#7129 = CARTESIAN_POINT('',(1.6E+03,0.96,0.216000004055));
#7130 = DEFINITIONAL_REPRESENTATION('',(#7131),#7135);
#7131 = LINE('',#7132,#7133);
#7132 = CARTESIAN_POINT('',(0.,0.));
#7133 = VECTOR('',#7134,1.);
#7134 = DIRECTION('',(-1.,0.));
#7135 = ( GEOMETRIC_REPRESENTATION_CONTEXT(2) 
PARAMETRIC_REPRESENTATION_CONTEXT() REPRESENTATION_CONTEXT('2D SPACE',''
  ) );
#7136 = ORIENTED_EDGE('',*,*,#7022,.F.);
#7137 = ADVANCED_FACE('',(#7138),#6678,.T.);
#7138 = FACE_BOUND('',#7139,.T.);
#7139 = EDGE_LOOP('',(#7140,#7141,#7142,#7183));
#7140 = ORIENTED_EDGE('',*,*,#6663,.F.);
#7141 = ORIENTED_EDGE('',*,*,#6758,.T.);
#7142 = ORIENTED_EDGE('',*,*,#7143,.F.);
#7143 = EDGE_CURVE('',#7091,#6732,#7144,.T.);
#7144 = SURFACE_CURVE('',#7145,(#7150,#7157),.PCURVE_S1.);
#7145 = CIRCLE('',#7146,10.08);
#7146 = AXIS2_PLACEMENT_3D('',#7147,#7148,#7149);
#7147 = CARTESIAN_POINT('',(1.4702E+03,34.72,10.08));
#7148 = DIRECTION('',(1.,-0.,1.110223024625E-16));
#7149 = DIRECTION('',(1.110223024625E-16,0.,-1.));
#7150 = PCURVE('',#6678,#7151);
#7151 = DEFINITIONAL_REPRESENTATION('',(#7152),#7156);
#7152 = LINE('',#7153,#7154);
#7153 = CARTESIAN_POINT('',(3.14159265359,1.));
#7154 = VECTOR('',#7155,1.);
#7155 = DIRECTION('',(1.,0.));
#7156 = ( GEOMETRIC_REPRESENTATION_CONTEXT(2) 
PARAMETRIC_REPRESENTATION_CONTEXT() REPRESENTATION_CONTEXT('2D SPACE',''
  ) );
#7157 = PCURVE('',#7158,#7177);
#7158 = B_SPLINE_SURFACE_WITH_KNOTS('',8,1,(
    (#7159,#7160)
    ,(#7161,#7162)
    ,(#7163,#7164)
    ,(#7165,#7166)
    ,(#7167,#7168)
    ,(#7169,#7170)
    ,(#7171,#7172)
    ,(#7173,#7174)
    ,(#7175,#7176
    )),.UNSPECIFIED.,.F.,.F.,.F.,(9,9),(2,2),(1.570796326795,
    3.14159265359),(0.,1.),.PIECEWISE_BEZIER_KNOTS.);
#7159 = CARTESIAN_POINT('',(1.4702E+03,44.8,10.08));
#7160 = CARTESIAN_POINT('',(1.6E+03,0.96,0.216000004055));
#7161 = CARTESIAN_POINT('',(1.4702E+03,44.8,12.059203371761));
#7162 = CARTESIAN_POINT('',(1.6E+03,0.96,0.258411504878));
#7163 = CARTESIAN_POINT('',(1.4702E+03,44.355867247272,14.038407366523)
  );
#7164 = CARTESIAN_POINT('',(1.6E+03,0.950482680379,0.300822829846));
#7165 = CARTESIAN_POINT('',(1.4702E+03,43.467606103983,15.901333402097)
  );
#7166 = CARTESIAN_POINT('',(1.6E+03,0.931449307687,0.34074346813));
#7167 = CARTESIAN_POINT('',(1.4702E+03,42.171728258262,17.531728258262)
  );
#7168 = CARTESIAN_POINT('',(1.6E+03,0.903679043607,0.375679047662));
#7169 = CARTESIAN_POINT('',(1.4702E+03,40.541333402097,18.827606103984)
  );
#7170 = CARTESIAN_POINT('',(1.6E+03,0.868743464075,0.403449311741));
#7171 = CARTESIAN_POINT('',(1.4702E+03,38.678407366523,19.715867247271)
  );
#7172 = CARTESIAN_POINT('',(1.6E+03,0.828822825791,0.422482684433));
#7173 = CARTESIAN_POINT('',(1.4702E+03,36.699203371762,20.16));
#7174 = CARTESIAN_POINT('',(1.6E+03,0.786411500823,0.432000004055));
#7175 = CARTESIAN_POINT('',(1.4702E+03,34.72,20.16));
#7176 = CARTESIAN_POINT('',(1.6E+03,0.744,0.432000004055));
#7177 = DEFINITIONAL_REPRESENTATION('',(#7178),#7182);
#7178 = LINE('',#7179,#7180);
#7179 = CARTESIAN_POINT('',(0.,0.));
#7180 = VECTOR('',#7181,1.);
#7181 = DIRECTION('',(1.,0.));
#7182 = ( GEOMETRIC_REPRESENTATION_CONTEXT(2) 
PARAMETRIC_REPRESENTATION_CONTEXT() REPRESENTATION_CONTEXT('2D SPACE',''
  ) );
#7183 = ORIENTED_EDGE('',*,*,#7090,.F.);
#7184 = ADVANCED_FACE('',(#7185),#6746,.T.);
#7185 = FACE_BOUND('',#7186,.T.);
#7186 = EDGE_LOOP('',(#7187,#7188,#7210,#7237));
#7187 = ORIENTED_EDGE('',*,*,#6731,.F.);
#7188 = ORIENTED_EDGE('',*,*,#7189,.T.);
#7189 = EDGE_CURVE('',#6710,#7190,#7192,.T.);
#7190 = VERTEX_POINT('',#7191);
#7191 = CARTESIAN_POINT('',(1.6E+03,-0.744,0.432));
#7192 = SURFACE_CURVE('',#7193,(#7196,#7203),.PCURVE_S1.);
#7193 = B_SPLINE_CURVE_WITH_KNOTS('',1,(#7194,#7195),.UNSPECIFIED.,.F.,
  .F.,(2,2),(0.,1.),.PIECEWISE_BEZIER_KNOTS.);
#7194 = CARTESIAN_POINT('',(1.4702E+03,-34.72,20.16));
#7195 = CARTESIAN_POINT('',(1.6E+03,-0.744,0.431999995945));
#7196 = PCURVE('',#6746,#7197);
#7197 = DEFINITIONAL_REPRESENTATION('',(#7198),#7202);
#7198 = LINE('',#7199,#7200);
#7199 = CARTESIAN_POINT('',(34.72,0.));
#7200 = VECTOR('',#7201,1.);
#7201 = DIRECTION('',(0.,1.));
#7202 = ( GEOMETRIC_REPRESENTATION_CONTEXT(2) 
PARAMETRIC_REPRESENTATION_CONTEXT() REPRESENTATION_CONTEXT('2D SPACE',''
  ) );
#7203 = PCURVE('',#6819,#7204);
#7204 = DEFINITIONAL_REPRESENTATION('',(#7205),#7209);
#7205 = LINE('',#7206,#7207);
#7206 = CARTESIAN_POINT('',(3.14159265359,0.));
#7207 = VECTOR('',#7208,1.);
#7208 = DIRECTION('',(0.,1.));
#7209 = ( GEOMETRIC_REPRESENTATION_CONTEXT(2) 
PARAMETRIC_REPRESENTATION_CONTEXT() REPRESENTATION_CONTEXT('2D SPACE',''
  ) );
#7210 = ORIENTED_EDGE('',*,*,#7211,.T.);
#7211 = EDGE_CURVE('',#7190,#7212,#7214,.T.);
#7212 = VERTEX_POINT('',#7213);
#7213 = CARTESIAN_POINT('',(1.6E+03,0.744,0.432));
#7214 = SURFACE_CURVE('',#7215,(#7219,#7225),.PCURVE_S1.);
#7215 = LINE('',#7216,#7217);
#7216 = CARTESIAN_POINT('',(1.6E+03,0.,0.431999995945));
#7217 = VECTOR('',#7218,1.);
#7218 = DIRECTION('',(0.,1.,0.));
#7219 = PCURVE('',#6746,#7220);
#7220 = DEFINITIONAL_REPRESENTATION('',(#7221),#7224);
#7221 = B_SPLINE_CURVE_WITH_KNOTS('',1,(#7222,#7223),.UNSPECIFIED.,.F.,
  .F.,(2,2),(-0.744,0.744),.PIECEWISE_BEZIER_KNOTS.);
#7222 = CARTESIAN_POINT('',(34.72,1.));
#7223 = CARTESIAN_POINT('',(-34.72,1.));
#7224 = ( GEOMETRIC_REPRESENTATION_CONTEXT(2) 
PARAMETRIC_REPRESENTATION_CONTEXT() REPRESENTATION_CONTEXT('2D SPACE',''
  ) );
#7225 = PCURVE('',#7226,#7231);
#7226 = PLANE('',#7227);
#7227 = AXIS2_PLACEMENT_3D('',#7228,#7229,#7230);
#7228 = CARTESIAN_POINT('',(1.6E+03,-0.744,0.216000004055));
#7229 = DIRECTION('',(1.,-0.,1.110223024625E-16));
#7230 = DIRECTION('',(1.110223024625E-16,0.,-1.));
#7231 = DEFINITIONAL_REPRESENTATION('',(#7232),#7236);
#7232 = LINE('',#7233,#7234);
#7233 = CARTESIAN_POINT('',(-0.21599999189,0.744));
#7234 = VECTOR('',#7235,1.);
#7235 = DIRECTION('',(0.,1.));
#7236 = ( GEOMETRIC_REPRESENTATION_CONTEXT(2) 
PARAMETRIC_REPRESENTATION_CONTEXT() REPRESENTATION_CONTEXT('2D SPACE',''
  ) );
#7237 = ORIENTED_EDGE('',*,*,#7238,.F.);
#7238 = EDGE_CURVE('',#6732,#7212,#7239,.T.);
#7239 = SURFACE_CURVE('',#7240,(#7243,#7250),.PCURVE_S1.);
#7240 = B_SPLINE_CURVE_WITH_KNOTS('',1,(#7241,#7242),.UNSPECIFIED.,.F.,
  .F.,(2,2),(0.,1.),.PIECEWISE_BEZIER_KNOTS.);
#7241 = CARTESIAN_POINT('',(1.4702E+03,34.72,20.16));
#7242 = CARTESIAN_POINT('',(1.6E+03,0.744,0.431999995945));
#7243 = PCURVE('',#6746,#7244);
#7244 = DEFINITIONAL_REPRESENTATION('',(#7245),#7249);
#7245 = LINE('',#7246,#7247);
#7246 = CARTESIAN_POINT('',(-34.72,0.));
#7247 = VECTOR('',#7248,1.);
#7248 = DIRECTION('',(0.,1.));
#7249 = ( GEOMETRIC_REPRESENTATION_CONTEXT(2) 
PARAMETRIC_REPRESENTATION_CONTEXT() REPRESENTATION_CONTEXT('2D SPACE',''
  ) );
#7250 = PCURVE('',#7158,#7251);
#7251 = DEFINITIONAL_REPRESENTATION('',(#7252),#7256);
#7252 = LINE('',#7253,#7254);
#7253 = CARTESIAN_POINT('',(3.14159265359,0.));
#7254 = VECTOR('',#7255,1.);
#7255 = DIRECTION('',(0.,1.));
#7256 = ( GEOMETRIC_REPRESENTATION_CONTEXT(2) 
PARAMETRIC_REPRESENTATION_CONTEXT() REPRESENTATION_CONTEXT('2D SPACE',''
  ) );
#7257 = ADVANCED_FACE('',(#7258),#6819,.T.);
#7258 = FACE_BOUND('',#7259,.T.);
#7259 = EDGE_LOOP('',(#7260,#7261,#7283,#7305));
#7260 = ORIENTED_EDGE('',*,*,#6804,.T.);
#7261 = ORIENTED_EDGE('',*,*,#7262,.T.);
#7262 = EDGE_CURVE('',#6783,#7263,#7265,.T.);
#7263 = VERTEX_POINT('',#7264);
#7264 = CARTESIAN_POINT('',(1.6E+03,-0.96,0.216000004055));
#7265 = SURFACE_CURVE('',#7266,(#7269,#7276),.PCURVE_S1.);
#7266 = B_SPLINE_CURVE_WITH_KNOTS('',1,(#7267,#7268),.UNSPECIFIED.,.F.,
  .F.,(2,2),(0.,1.),.PIECEWISE_BEZIER_KNOTS.);
#7267 = CARTESIAN_POINT('',(1.4702E+03,-44.8,10.08));
#7268 = CARTESIAN_POINT('',(1.6E+03,-0.96,0.216000004055));
#7269 = PCURVE('',#6819,#7270);
#7270 = DEFINITIONAL_REPRESENTATION('',(#7271),#7275);
#7271 = LINE('',#7272,#7273);
#7272 = CARTESIAN_POINT('',(4.712388980385,0.));
#7273 = VECTOR('',#7274,1.);
#7274 = DIRECTION('',(0.,1.));
#7275 = ( GEOMETRIC_REPRESENTATION_CONTEXT(2) 
PARAMETRIC_REPRESENTATION_CONTEXT() REPRESENTATION_CONTEXT('2D SPACE',''
  ) );
#7276 = PCURVE('',#6885,#7277);
#7277 = DEFINITIONAL_REPRESENTATION('',(#7278),#7282);
#7278 = LINE('',#7279,#7280);
#7279 = CARTESIAN_POINT('',(-10.08,0.));
#7280 = VECTOR('',#7281,1.);
#7281 = DIRECTION('',(0.,1.));
#7282 = ( GEOMETRIC_REPRESENTATION_CONTEXT(2) 
PARAMETRIC_REPRESENTATION_CONTEXT() REPRESENTATION_CONTEXT('2D SPACE',''
  ) );
#7283 = ORIENTED_EDGE('',*,*,#7284,.F.);
#7284 = EDGE_CURVE('',#7190,#7263,#7285,.T.);
#7285 = SURFACE_CURVE('',#7286,(#7291,#7298),.PCURVE_S1.);
#7286 = CIRCLE('',#7287,0.216);
#7287 = AXIS2_PLACEMENT_3D('',#7288,#7289,#7290);
#7288 = CARTESIAN_POINT('',(1.6E+03,-0.744,0.216000004055));
#7289 = DIRECTION('',(1.,-0.,1.110223024625E-16));
#7290 = DIRECTION('',(1.110223024625E-16,0.,-1.));
#7291 = PCURVE('',#6819,#7292);
#7292 = DEFINITIONAL_REPRESENTATION('',(#7293),#7297);
#7293 = LINE('',#7294,#7295);
#7294 = CARTESIAN_POINT('',(0.,1.));
#7295 = VECTOR('',#7296,1.);
#7296 = DIRECTION('',(1.,0.));
#7297 = ( GEOMETRIC_REPRESENTATION_CONTEXT(2) 
PARAMETRIC_REPRESENTATION_CONTEXT() REPRESENTATION_CONTEXT('2D SPACE',''
  ) );
#7298 = PCURVE('',#7226,#7299);
#7299 = DEFINITIONAL_REPRESENTATION('',(#7300),#7304);
#7300 = CIRCLE('',#7301,0.216);
#7301 = AXIS2_PLACEMENT_2D('',#7302,#7303);
#7302 = CARTESIAN_POINT('',(0.,0.));
#7303 = DIRECTION('',(1.,0.));
#7304 = ( GEOMETRIC_REPRESENTATION_CONTEXT(2) 
PARAMETRIC_REPRESENTATION_CONTEXT() REPRESENTATION_CONTEXT('2D SPACE',''
  ) );
#7305 = ORIENTED_EDGE('',*,*,#7189,.F.);
#7306 = ADVANCED_FACE('',(#7307),#6885,.T.);
#7307 = FACE_BOUND('',#7308,.T.);
#7308 = EDGE_LOOP('',(#7309,#7310,#7332,#7352));
#7309 = ORIENTED_EDGE('',*,*,#6872,.T.);
#7310 = ORIENTED_EDGE('',*,*,#7311,.T.);
#7311 = EDGE_CURVE('',#6851,#7312,#7314,.T.);
#7312 = VERTEX_POINT('',#7313);
#7313 = CARTESIAN_POINT('',(1.6E+03,-0.96,-0.215999927959));
#7314 = SURFACE_CURVE('',#7315,(#7318,#7325),.PCURVE_S1.);
#7315 = B_SPLINE_CURVE_WITH_KNOTS('',1,(#7316,#7317),.UNSPECIFIED.,.F.,
  .F.,(2,2),(0.,1.),.PIECEWISE_BEZIER_KNOTS.);
#7316 = CARTESIAN_POINT('',(1.4702E+03,-44.8,-10.07999999112));
#7317 = CARTESIAN_POINT('',(1.6E+03,-0.96,-0.215999927959));
#7318 = PCURVE('',#6885,#7319);
#7319 = DEFINITIONAL_REPRESENTATION('',(#7320),#7324);
#7320 = LINE('',#7321,#7322);
#7321 = CARTESIAN_POINT('',(10.079999991122,0.));
#7322 = VECTOR('',#7323,1.);
#7323 = DIRECTION('',(0.,1.));
#7324 = ( GEOMETRIC_REPRESENTATION_CONTEXT(2) 
PARAMETRIC_REPRESENTATION_CONTEXT() REPRESENTATION_CONTEXT('2D SPACE',''
  ) );
#7325 = PCURVE('',#6939,#7326);
#7326 = DEFINITIONAL_REPRESENTATION('',(#7327),#7331);
#7327 = LINE('',#7328,#7329);
#7328 = CARTESIAN_POINT('',(4.712388980385,0.));
#7329 = VECTOR('',#7330,1.);
#7330 = DIRECTION('',(0.,1.));
#7331 = ( GEOMETRIC_REPRESENTATION_CONTEXT(2) 
PARAMETRIC_REPRESENTATION_CONTEXT() REPRESENTATION_CONTEXT('2D SPACE',''
  ) );
#7332 = ORIENTED_EDGE('',*,*,#7333,.F.);
#7333 = EDGE_CURVE('',#7263,#7312,#7334,.T.);
#7334 = SURFACE_CURVE('',#7335,(#7339,#7345),.PCURVE_S1.);
#7335 = LINE('',#7336,#7337);
#7336 = CARTESIAN_POINT('',(1.6E+03,-0.96,-4.054843988355E-09));
#7337 = VECTOR('',#7338,1.);
#7338 = DIRECTION('',(1.110223024625E-16,0.,-1.));
#7339 = PCURVE('',#6885,#7340);
#7340 = DEFINITIONAL_REPRESENTATION('',(#7341),#7344);
#7341 = B_SPLINE_CURVE_WITH_KNOTS('',1,(#7342,#7343),.UNSPECIFIED.,.F.,
  .F.,(2,2),(-0.21600000811,0.215999923904),.PIECEWISE_BEZIER_KNOTS.);
#7342 = CARTESIAN_POINT('',(-10.08,1.));
#7343 = CARTESIAN_POINT('',(10.079999991122,1.));
#7344 = ( GEOMETRIC_REPRESENTATION_CONTEXT(2) 
PARAMETRIC_REPRESENTATION_CONTEXT() REPRESENTATION_CONTEXT('2D SPACE',''
  ) );
#7345 = PCURVE('',#7226,#7346);
#7346 = DEFINITIONAL_REPRESENTATION('',(#7347),#7351);
#7347 = LINE('',#7348,#7349);
#7348 = CARTESIAN_POINT('',(0.21600000811,-0.216));
#7349 = VECTOR('',#7350,1.);
#7350 = DIRECTION('',(1.,0.));
#7351 = ( GEOMETRIC_REPRESENTATION_CONTEXT(2) 
PARAMETRIC_REPRESENTATION_CONTEXT() REPRESENTATION_CONTEXT('2D SPACE',''
  ) );
#7352 = ORIENTED_EDGE('',*,*,#7262,.F.);
#7353 = ADVANCED_FACE('',(#7354),#6939,.T.);
#7354 = FACE_BOUND('',#7355,.T.);
#7355 = EDGE_LOOP('',(#7356,#7357,#7379,#7401));
#7356 = ORIENTED_EDGE('',*,*,#6924,.T.);
#7357 = ORIENTED_EDGE('',*,*,#7358,.T.);
#7358 = EDGE_CURVE('',#6903,#7359,#7361,.T.);
#7359 = VERTEX_POINT('',#7360);
#7360 = CARTESIAN_POINT('',(1.6E+03,-0.744,-0.431999966007));
#7361 = SURFACE_CURVE('',#7362,(#7365,#7372),.PCURVE_S1.);
#7362 = B_SPLINE_CURVE_WITH_KNOTS('',1,(#7363,#7364),.UNSPECIFIED.,.F.,
  .F.,(2,2),(0.,1.),.PIECEWISE_BEZIER_KNOTS.);
#7363 = CARTESIAN_POINT('',(1.4702E+03,-34.72,-20.15999999112));
#7364 = CARTESIAN_POINT('',(1.6E+03,-0.744,-0.431999927959));
#7365 = PCURVE('',#6939,#7366);
#7366 = DEFINITIONAL_REPRESENTATION('',(#7367),#7371);
#7367 = LINE('',#7368,#7369);
#7368 = CARTESIAN_POINT('',(6.28318530718,0.));
#7369 = VECTOR('',#7370,1.);
#7370 = DIRECTION('',(0.,1.));
#7371 = ( GEOMETRIC_REPRESENTATION_CONTEXT(2) 
PARAMETRIC_REPRESENTATION_CONTEXT() REPRESENTATION_CONTEXT('2D SPACE',''
  ) );
#7372 = PCURVE('',#7005,#7373);
#7373 = DEFINITIONAL_REPRESENTATION('',(#7374),#7378);
#7374 = LINE('',#7375,#7376);
#7375 = CARTESIAN_POINT('',(-34.72,0.));
#7376 = VECTOR('',#7377,1.);
#7377 = DIRECTION('',(0.,1.));
#7378 = ( GEOMETRIC_REPRESENTATION_CONTEXT(2) 
PARAMETRIC_REPRESENTATION_CONTEXT() REPRESENTATION_CONTEXT('2D SPACE',''
  ) );
#7379 = ORIENTED_EDGE('',*,*,#7380,.F.);
#7380 = EDGE_CURVE('',#7312,#7359,#7381,.T.);
#7381 = SURFACE_CURVE('',#7382,(#7387,#7394),.PCURVE_S1.);
#7382 = CIRCLE('',#7383,0.216);
#7383 = AXIS2_PLACEMENT_3D('',#7384,#7385,#7386);
#7384 = CARTESIAN_POINT('',(1.6E+03,-0.744,-0.215999927959));
#7385 = DIRECTION('',(1.,-0.,1.110223024625E-16));
#7386 = DIRECTION('',(1.110223024625E-16,0.,-1.));
#7387 = PCURVE('',#6939,#7388);
#7388 = DEFINITIONAL_REPRESENTATION('',(#7389),#7393);
#7389 = LINE('',#7390,#7391);
#7390 = CARTESIAN_POINT('',(0.,1.));
#7391 = VECTOR('',#7392,1.);
#7392 = DIRECTION('',(1.,0.));
#7393 = ( GEOMETRIC_REPRESENTATION_CONTEXT(2) 
PARAMETRIC_REPRESENTATION_CONTEXT() REPRESENTATION_CONTEXT('2D SPACE',''
  ) );
#7394 = PCURVE('',#7226,#7395);
#7395 = DEFINITIONAL_REPRESENTATION('',(#7396),#7400);
#7396 = CIRCLE('',#7397,0.216);
#7397 = AXIS2_PLACEMENT_2D('',#7398,#7399);
#7398 = CARTESIAN_POINT('',(0.431999932013,0.));
#7399 = DIRECTION('',(1.,0.));
#7400 = ( GEOMETRIC_REPRESENTATION_CONTEXT(2) 
PARAMETRIC_REPRESENTATION_CONTEXT() REPRESENTATION_CONTEXT('2D SPACE',''
  ) );
#7401 = ORIENTED_EDGE('',*,*,#7311,.F.);
#7402 = ADVANCED_FACE('',(#7403),#7005,.T.);
#7403 = FACE_BOUND('',#7404,.T.);
#7404 = EDGE_LOOP('',(#7405,#7406,#7428,#7448));
#7405 = ORIENTED_EDGE('',*,*,#6992,.T.);
#7406 = ORIENTED_EDGE('',*,*,#7407,.T.);
#7407 = EDGE_CURVE('',#6971,#7408,#7410,.T.);
#7408 = VERTEX_POINT('',#7409);
#7409 = CARTESIAN_POINT('',(1.6E+03,0.744,-0.431999966007));
#7410 = SURFACE_CURVE('',#7411,(#7414,#7421),.PCURVE_S1.);
#7411 = B_SPLINE_CURVE_WITH_KNOTS('',1,(#7412,#7413),.UNSPECIFIED.,.F.,
  .F.,(2,2),(0.,1.),.PIECEWISE_BEZIER_KNOTS.);
#7412 = CARTESIAN_POINT('',(1.4702E+03,34.72,-20.16));
#7413 = CARTESIAN_POINT('',(1.6E+03,0.744,-0.432000004055));
#7414 = PCURVE('',#7005,#7415);
#7415 = DEFINITIONAL_REPRESENTATION('',(#7416),#7420);
#7416 = LINE('',#7417,#7418);
#7417 = CARTESIAN_POINT('',(34.72,0.));
#7418 = VECTOR('',#7419,1.);
#7419 = DIRECTION('',(0.,1.));
#7420 = ( GEOMETRIC_REPRESENTATION_CONTEXT(2) 
PARAMETRIC_REPRESENTATION_CONTEXT() REPRESENTATION_CONTEXT('2D SPACE',''
  ) );
#7421 = PCURVE('',#7059,#7422);
#7422 = DEFINITIONAL_REPRESENTATION('',(#7423),#7427);
#7423 = LINE('',#7424,#7425);
#7424 = CARTESIAN_POINT('',(0.,0.));
#7425 = VECTOR('',#7426,1.);
#7426 = DIRECTION('',(0.,1.));
#7427 = ( GEOMETRIC_REPRESENTATION_CONTEXT(2) 
PARAMETRIC_REPRESENTATION_CONTEXT() REPRESENTATION_CONTEXT('2D SPACE',''
  ) );
#7428 = ORIENTED_EDGE('',*,*,#7429,.F.);
#7429 = EDGE_CURVE('',#7359,#7408,#7430,.T.);
#7430 = SURFACE_CURVE('',#7431,(#7435,#7441),.PCURVE_S1.);
#7431 = LINE('',#7432,#7433);
#7432 = CARTESIAN_POINT('',(1.6E+03,0.,-0.432000004055));
#7433 = VECTOR('',#7434,1.);
#7434 = DIRECTION('',(0.,1.,0.));
#7435 = PCURVE('',#7005,#7436);
#7436 = DEFINITIONAL_REPRESENTATION('',(#7437),#7440);
#7437 = B_SPLINE_CURVE_WITH_KNOTS('',1,(#7438,#7439),.UNSPECIFIED.,.F.,
  .F.,(2,2),(-0.744,0.744),.PIECEWISE_BEZIER_KNOTS.);
#7438 = CARTESIAN_POINT('',(-34.72,1.));
#7439 = CARTESIAN_POINT('',(34.72,1.));
#7440 = ( GEOMETRIC_REPRESENTATION_CONTEXT(2) 
PARAMETRIC_REPRESENTATION_CONTEXT() REPRESENTATION_CONTEXT('2D SPACE',''
  ) );
#7441 = PCURVE('',#7226,#7442);
#7442 = DEFINITIONAL_REPRESENTATION('',(#7443),#7447);
#7443 = LINE('',#7444,#7445);
#7444 = CARTESIAN_POINT('',(0.64800000811,0.744));
#7445 = VECTOR('',#7446,1.);
#7446 = DIRECTION('',(0.,1.));
#7447 = ( GEOMETRIC_REPRESENTATION_CONTEXT(2) 
PARAMETRIC_REPRESENTATION_CONTEXT() REPRESENTATION_CONTEXT('2D SPACE',''
  ) );
#7448 = ORIENTED_EDGE('',*,*,#7358,.F.);
#7449 = ADVANCED_FACE('',(#7450),#7059,.T.);
#7450 = FACE_BOUND('',#7451,.T.);
#7451 = EDGE_LOOP('',(#7452,#7453,#7475,#7497));
#7452 = ORIENTED_EDGE('',*,*,#7044,.T.);
#7453 = ORIENTED_EDGE('',*,*,#7454,.T.);
#7454 = EDGE_CURVE('',#7023,#7455,#7457,.T.);
#7455 = VERTEX_POINT('',#7456);
#7456 = CARTESIAN_POINT('',(1.6E+03,0.96,-0.215999927959));
#7457 = SURFACE_CURVE('',#7458,(#7461,#7468),.PCURVE_S1.);
#7458 = B_SPLINE_CURVE_WITH_KNOTS('',1,(#7459,#7460),.UNSPECIFIED.,.F.,
  .F.,(2,2),(0.,1.),.PIECEWISE_BEZIER_KNOTS.);
#7459 = CARTESIAN_POINT('',(1.4702E+03,44.8,-10.07999999112));
#7460 = CARTESIAN_POINT('',(1.6E+03,0.96,-0.215999927959));
#7461 = PCURVE('',#7059,#7462);
#7462 = DEFINITIONAL_REPRESENTATION('',(#7463),#7467);
#7463 = LINE('',#7464,#7465);
#7464 = CARTESIAN_POINT('',(1.570796326795,0.));
#7465 = VECTOR('',#7466,1.);
#7466 = DIRECTION('',(0.,1.));
#7467 = ( GEOMETRIC_REPRESENTATION_CONTEXT(2) 
PARAMETRIC_REPRESENTATION_CONTEXT() REPRESENTATION_CONTEXT('2D SPACE',''
  ) );
#7468 = PCURVE('',#7125,#7469);
#7469 = DEFINITIONAL_REPRESENTATION('',(#7470),#7474);
#7470 = LINE('',#7471,#7472);
#7471 = CARTESIAN_POINT('',(-10.07999999112,0.));
#7472 = VECTOR('',#7473,1.);
#7473 = DIRECTION('',(0.,1.));
#7474 = ( GEOMETRIC_REPRESENTATION_CONTEXT(2) 
PARAMETRIC_REPRESENTATION_CONTEXT() REPRESENTATION_CONTEXT('2D SPACE',''
  ) );
#7475 = ORIENTED_EDGE('',*,*,#7476,.F.);
#7476 = EDGE_CURVE('',#7408,#7455,#7477,.T.);
#7477 = SURFACE_CURVE('',#7478,(#7483,#7490),.PCURVE_S1.);
#7478 = CIRCLE('',#7479,0.216);
#7479 = AXIS2_PLACEMENT_3D('',#7480,#7481,#7482);
#7480 = CARTESIAN_POINT('',(1.6E+03,0.744,-0.215999927959));
#7481 = DIRECTION('',(1.,-0.,1.110223024625E-16));
#7482 = DIRECTION('',(1.110223024625E-16,0.,-1.));
#7483 = PCURVE('',#7059,#7484);
#7484 = DEFINITIONAL_REPRESENTATION('',(#7485),#7489);
#7485 = LINE('',#7486,#7487);
#7486 = CARTESIAN_POINT('',(0.,1.));
#7487 = VECTOR('',#7488,1.);
#7488 = DIRECTION('',(1.,0.));
#7489 = ( GEOMETRIC_REPRESENTATION_CONTEXT(2) 
PARAMETRIC_REPRESENTATION_CONTEXT() REPRESENTATION_CONTEXT('2D SPACE',''
  ) );
#7490 = PCURVE('',#7226,#7491);
#7491 = DEFINITIONAL_REPRESENTATION('',(#7492),#7496);
#7492 = CIRCLE('',#7493,0.216);
#7493 = AXIS2_PLACEMENT_2D('',#7494,#7495);
#7494 = CARTESIAN_POINT('',(0.431999932013,1.488));
#7495 = DIRECTION('',(1.,0.));
#7496 = ( GEOMETRIC_REPRESENTATION_CONTEXT(2) 
PARAMETRIC_REPRESENTATION_CONTEXT() REPRESENTATION_CONTEXT('2D SPACE',''
  ) );
#7497 = ORIENTED_EDGE('',*,*,#7407,.F.);
#7498 = ADVANCED_FACE('',(#7499),#7125,.T.);
#7499 = FACE_BOUND('',#7500,.T.);
#7500 = EDGE_LOOP('',(#7501,#7502,#7524,#7544));
#7501 = ORIENTED_EDGE('',*,*,#7112,.F.);
#7502 = ORIENTED_EDGE('',*,*,#7503,.T.);
#7503 = EDGE_CURVE('',#7091,#7504,#7506,.T.);
#7504 = VERTEX_POINT('',#7505);
#7505 = CARTESIAN_POINT('',(1.6E+03,0.96,0.216000004055));
#7506 = SURFACE_CURVE('',#7507,(#7510,#7517),.PCURVE_S1.);
#7507 = B_SPLINE_CURVE_WITH_KNOTS('',1,(#7508,#7509),.UNSPECIFIED.,.F.,
  .F.,(2,2),(0.,1.),.PIECEWISE_BEZIER_KNOTS.);
#7508 = CARTESIAN_POINT('',(1.4702E+03,44.8,10.08));
#7509 = CARTESIAN_POINT('',(1.6E+03,0.96,0.216000004055));
#7510 = PCURVE('',#7125,#7511);
#7511 = DEFINITIONAL_REPRESENTATION('',(#7512),#7516);
#7512 = LINE('',#7513,#7514);
#7513 = CARTESIAN_POINT('',(10.08,0.));
#7514 = VECTOR('',#7515,1.);
#7515 = DIRECTION('',(0.,1.));
#7516 = ( GEOMETRIC_REPRESENTATION_CONTEXT(2) 
PARAMETRIC_REPRESENTATION_CONTEXT() REPRESENTATION_CONTEXT('2D SPACE',''
  ) );
#7517 = PCURVE('',#7158,#7518);
#7518 = DEFINITIONAL_REPRESENTATION('',(#7519),#7523);
#7519 = LINE('',#7520,#7521);
#7520 = CARTESIAN_POINT('',(1.570796326795,0.));
#7521 = VECTOR('',#7522,1.);
#7522 = DIRECTION('',(0.,1.));
#7523 = ( GEOMETRIC_REPRESENTATION_CONTEXT(2) 
PARAMETRIC_REPRESENTATION_CONTEXT() REPRESENTATION_CONTEXT('2D SPACE',''
  ) );
#7524 = ORIENTED_EDGE('',*,*,#7525,.T.);
#7525 = EDGE_CURVE('',#7504,#7455,#7526,.T.);
#7526 = SURFACE_CURVE('',#7527,(#7531,#7537),.PCURVE_S1.);
#7527 = LINE('',#7528,#7529);
#7528 = CARTESIAN_POINT('',(1.6E+03,0.96,-4.054843988355E-09));
#7529 = VECTOR('',#7530,1.);
#7530 = DIRECTION('',(1.110223024625E-16,0.,-1.));
#7531 = PCURVE('',#7125,#7532);
#7532 = DEFINITIONAL_REPRESENTATION('',(#7533),#7536);
#7533 = B_SPLINE_CURVE_WITH_KNOTS('',1,(#7534,#7535),.UNSPECIFIED.,.F.,
  .F.,(2,2),(-0.21600000811,0.215999923904),.PIECEWISE_BEZIER_KNOTS.);
#7534 = CARTESIAN_POINT('',(10.08,1.));
#7535 = CARTESIAN_POINT('',(-10.07999999112,1.));
#7536 = ( GEOMETRIC_REPRESENTATION_CONTEXT(2) 
PARAMETRIC_REPRESENTATION_CONTEXT() REPRESENTATION_CONTEXT('2D SPACE',''
  ) );
#7537 = PCURVE('',#7226,#7538);
#7538 = DEFINITIONAL_REPRESENTATION('',(#7539),#7543);
#7539 = LINE('',#7540,#7541);
#7540 = CARTESIAN_POINT('',(0.21600000811,1.704));
#7541 = VECTOR('',#7542,1.);
#7542 = DIRECTION('',(1.,0.));
#7543 = ( GEOMETRIC_REPRESENTATION_CONTEXT(2) 
PARAMETRIC_REPRESENTATION_CONTEXT() REPRESENTATION_CONTEXT('2D SPACE',''
  ) );
#7544 = ORIENTED_EDGE('',*,*,#7454,.F.);
#7545 = ADVANCED_FACE('',(#7546),#7158,.T.);
#7546 = FACE_BOUND('',#7547,.T.);
#7547 = EDGE_LOOP('',(#7548,#7549,#7550,#7572));
#7548 = ORIENTED_EDGE('',*,*,#7143,.T.);
#7549 = ORIENTED_EDGE('',*,*,#7238,.T.);
#7550 = ORIENTED_EDGE('',*,*,#7551,.F.);
#7551 = EDGE_CURVE('',#7504,#7212,#7552,.T.);
#7552 = SURFACE_CURVE('',#7553,(#7558,#7565),.PCURVE_S1.);
#7553 = CIRCLE('',#7554,0.216);
#7554 = AXIS2_PLACEMENT_3D('',#7555,#7556,#7557);
#7555 = CARTESIAN_POINT('',(1.6E+03,0.744,0.216000004055));
#7556 = DIRECTION('',(1.,-0.,1.110223024625E-16));
#7557 = DIRECTION('',(1.110223024625E-16,0.,-1.));
#7558 = PCURVE('',#7158,#7559);
#7559 = DEFINITIONAL_REPRESENTATION('',(#7560),#7564);
#7560 = LINE('',#7561,#7562);
#7561 = CARTESIAN_POINT('',(0.,1.));
#7562 = VECTOR('',#7563,1.);
#7563 = DIRECTION('',(1.,0.));
#7564 = ( GEOMETRIC_REPRESENTATION_CONTEXT(2) 
PARAMETRIC_REPRESENTATION_CONTEXT() REPRESENTATION_CONTEXT('2D SPACE',''
  ) );
#7565 = PCURVE('',#7226,#7566);
#7566 = DEFINITIONAL_REPRESENTATION('',(#7567),#7571);
#7567 = CIRCLE('',#7568,0.216);
#7568 = AXIS2_PLACEMENT_2D('',#7569,#7570);
#7569 = CARTESIAN_POINT('',(0.,1.488));
#7570 = DIRECTION('',(1.,0.));
#7571 = ( GEOMETRIC_REPRESENTATION_CONTEXT(2) 
PARAMETRIC_REPRESENTATION_CONTEXT() REPRESENTATION_CONTEXT('2D SPACE',''
  ) );
#7572 = ORIENTED_EDGE('',*,*,#7503,.F.);
#7573 = ADVANCED_FACE('',(#7574),#5970,.F.);
#7574 = FACE_BOUND('',#7575,.F.);
#7575 = EDGE_LOOP('',(#7576,#7577,#7578,#7579,#7580,#7581,#7582,#7583));
#7576 = ORIENTED_EDGE('',*,*,#5947,.F.);
#7577 = ORIENTED_EDGE('',*,*,#6092,.T.);
#7578 = ORIENTED_EDGE('',*,*,#6188,.T.);
#7579 = ORIENTED_EDGE('',*,*,#6281,.T.);
#7580 = ORIENTED_EDGE('',*,*,#6377,.T.);
#7581 = ORIENTED_EDGE('',*,*,#6470,.T.);
#7582 = ORIENTED_EDGE('',*,*,#6566,.F.);
#7583 = ORIENTED_EDGE('',*,*,#6640,.T.);
#7584 = ADVANCED_FACE('',(#7585),#7226,.T.);
#7585 = FACE_BOUND('',#7586,.T.);
#7586 = EDGE_LOOP('',(#7587,#7588,#7589,#7590,#7591,#7592,#7593,#7594));
#7587 = ORIENTED_EDGE('',*,*,#7211,.F.);
#7588 = ORIENTED_EDGE('',*,*,#7284,.T.);
#7589 = ORIENTED_EDGE('',*,*,#7333,.T.);
#7590 = ORIENTED_EDGE('',*,*,#7380,.T.);
#7591 = ORIENTED_EDGE('',*,*,#7429,.T.);
#7592 = ORIENTED_EDGE('',*,*,#7476,.T.);
#7593 = ORIENTED_EDGE('',*,*,#7525,.F.);
#7594 = ORIENTED_EDGE('',*,*,#7551,.T.);
#7595 = ( GEOMETRIC_REPRESENTATION_CONTEXT(3) 
GLOBAL_UNCERTAINTY_ASSIGNED_CONTEXT((#7599)) 
GLOBAL_UNIT_ASSIGNED_CONTEXT((#7596,#7597,#7598)) REPRESENTATION_CONTEXT
('Context #1','3D Context with UNIT and UNCERTAINTY') );
#7596 = ( LENGTH_UNIT() NAMED_UNIT(*) SI_UNIT(.MILLI.,.METRE.) );
#7597 = ( NAMED_UNIT(*) PLANE_ANGLE_UNIT() SI_UNIT($,.RADIAN.) );
#7598 = ( NAMED_UNIT(*) SI_UNIT($,.STERADIAN.) SOLID_ANGLE_UNIT() );
#7599 = UNCERTAINTY_MEASURE_WITH_UNIT(LENGTH_MEASURE(1.E-07),#7596,
  'distance_accuracy_value','confusion accuracy');
#7600 = CONTEXT_DEPENDENT_SHAPE_REPRESENTATION(#7601,#7603);
#7601 = ( REPRESENTATION_RELATIONSHIP('','',#5940,#10) 
REPRESENTATION_RELATIONSHIP_WITH_TRANSFORMATION(#7602) 
SHAPE_REPRESENTATION_RELATIONSHIP() );
#7602 = ITEM_DEFINED_TRANSFORMATION('','',#11,#19);
#7603 = PRODUCT_DEFINITION_SHAPE('Placement','Placement of an item',
  #7604);
#7604 = NEXT_ASSEMBLY_USAGE_OCCURRENCE('2','radome','',#5,#5935,$);
#7605 = PRODUCT_RELATED_PRODUCT_CATEGORY('part',$,(#5937));
#7606 = SHAPE_DEFINITION_REPRESENTATION(#7607,#7613);
#7607 = PRODUCT_DEFINITION_SHAPE('','',#7608);
#7608 = PRODUCT_DEFINITION('design','',#7609,#7612);
#7609 = PRODUCT_DEFINITION_FORMATION('','',#7610);
#7610 = PRODUCT('sustainer_nozzle','sustainer_nozzle','',(#7611));
#7611 = PRODUCT_CONTEXT('',#2,'mechanical');
#7612 = PRODUCT_DEFINITION_CONTEXT('part definition',#2,'design');
#7613 = ADVANCED_BREP_SHAPE_REPRESENTATION('',(#11,#7614),#7848);
#7614 = MANIFOLD_SOLID_BREP('',#7615);
#7615 = CLOSED_SHELL('',(#7616,#7701,#7736,#7740,#7792,#7844));
#7616 = ADVANCED_FACE('',(#7617),#7630,.T.);
#7617 = FACE_BOUND('',#7618,.T.);
#7618 = EDGE_LOOP('',(#7619,#7653,#7673,#7700));
#7619 = ORIENTED_EDGE('',*,*,#7620,.T.);
#7620 = EDGE_CURVE('',#7621,#7621,#7623,.T.);
#7621 = VERTEX_POINT('',#7622);
#7622 = CARTESIAN_POINT('',(-320.,0.,-44.64));
#7623 = SURFACE_CURVE('',#7624,(#7629,#7641),.PCURVE_S1.);
#7624 = CIRCLE('',#7625,44.64);
#7625 = AXIS2_PLACEMENT_3D('',#7626,#7627,#7628);
#7626 = CARTESIAN_POINT('',(-320.,0.,0.));
#7627 = DIRECTION('',(1.,-0.,1.110223024625E-16));
#7628 = DIRECTION('',(1.110223024625E-16,0.,-1.));
#7629 = PCURVE('',#7630,#7635);
#7630 = CYLINDRICAL_SURFACE('',#7631,44.64);
#7631 = AXIS2_PLACEMENT_3D('',#7632,#7633,#7634);
#7632 = CARTESIAN_POINT('',(-320.,0.,0.));
#7633 = DIRECTION('',(1.,-0.,1.110223024625E-16));
#7634 = DIRECTION('',(1.110223024625E-16,0.,-1.));
#7635 = DEFINITIONAL_REPRESENTATION('',(#7636),#7640);
#7636 = LINE('',#7637,#7638);
#7637 = CARTESIAN_POINT('',(0.,0.));
#7638 = VECTOR('',#7639,1.);
#7639 = DIRECTION('',(1.,0.));
#7640 = ( GEOMETRIC_REPRESENTATION_CONTEXT(2) 
PARAMETRIC_REPRESENTATION_CONTEXT() REPRESENTATION_CONTEXT('2D SPACE',''
  ) );
#7641 = PCURVE('',#7642,#7647);
#7642 = PLANE('',#7643);
#7643 = AXIS2_PLACEMENT_3D('',#7644,#7645,#7646);
#7644 = CARTESIAN_POINT('',(-320.,0.,0.));
#7645 = DIRECTION('',(1.,-0.,1.110223024625E-16));
#7646 = DIRECTION('',(1.110223024625E-16,0.,-1.));
#7647 = DEFINITIONAL_REPRESENTATION('',(#7648),#7652);
#7648 = CIRCLE('',#7649,44.64);
#7649 = AXIS2_PLACEMENT_2D('',#7650,#7651);
#7650 = CARTESIAN_POINT('',(0.,0.));
#7651 = DIRECTION('',(1.,0.));
#7652 = ( GEOMETRIC_REPRESENTATION_CONTEXT(2) 
PARAMETRIC_REPRESENTATION_CONTEXT() REPRESENTATION_CONTEXT('2D SPACE',''
  ) );
#7653 = ORIENTED_EDGE('',*,*,#7654,.T.);
#7654 = EDGE_CURVE('',#7621,#7655,#7657,.T.);
#7655 = VERTEX_POINT('',#7656);
#7656 = CARTESIAN_POINT('',(-250.,0.,-44.64));
#7657 = SEAM_CURVE('',#7658,(#7661,#7667),.PCURVE_S1.);
#7658 = B_SPLINE_CURVE_WITH_KNOTS('',1,(#7659,#7660),.UNSPECIFIED.,.F.,
  .F.,(2,2),(0.,1.),.PIECEWISE_BEZIER_KNOTS.);
#7659 = CARTESIAN_POINT('',(-320.,0.,-44.64));
#7660 = CARTESIAN_POINT('',(-250.,0.,-44.64));
#7661 = PCURVE('',#7630,#7662);
#7662 = DEFINITIONAL_REPRESENTATION('',(#7663),#7666);
#7663 = B_SPLINE_CURVE_WITH_KNOTS('',1,(#7664,#7665),.UNSPECIFIED.,.F.,
  .F.,(2,2),(0.,1.),.PIECEWISE_BEZIER_KNOTS.);
#7664 = CARTESIAN_POINT('',(6.28318530718,0.));
#7665 = CARTESIAN_POINT('',(6.28318530718,70.));
#7666 = ( GEOMETRIC_REPRESENTATION_CONTEXT(2) 
PARAMETRIC_REPRESENTATION_CONTEXT() REPRESENTATION_CONTEXT('2D SPACE',''
  ) );
#7667 = PCURVE('',#7630,#7668);
#7668 = DEFINITIONAL_REPRESENTATION('',(#7669),#7672);
#7669 = B_SPLINE_CURVE_WITH_KNOTS('',1,(#7670,#7671),.UNSPECIFIED.,.F.,
  .F.,(2,2),(0.,1.),.PIECEWISE_BEZIER_KNOTS.);
#7670 = CARTESIAN_POINT('',(0.,0.));
#7671 = CARTESIAN_POINT('',(0.,70.));
#7672 = ( GEOMETRIC_REPRESENTATION_CONTEXT(2) 
PARAMETRIC_REPRESENTATION_CONTEXT() REPRESENTATION_CONTEXT('2D SPACE',''
  ) );
#7673 = ORIENTED_EDGE('',*,*,#7674,.F.);
#7674 = EDGE_CURVE('',#7655,#7655,#7675,.T.);
#7675 = SURFACE_CURVE('',#7676,(#7681,#7688),.PCURVE_S1.);
#7676 = CIRCLE('',#7677,44.64);
#7677 = AXIS2_PLACEMENT_3D('',#7678,#7679,#7680);
#7678 = CARTESIAN_POINT('',(-250.,0.,0.));
#7679 = DIRECTION('',(1.,-0.,1.110223024625E-16));
#7680 = DIRECTION('',(1.110223024625E-16,0.,-1.));
#7681 = PCURVE('',#7630,#7682);
#7682 = DEFINITIONAL_REPRESENTATION('',(#7683),#7687);
#7683 = LINE('',#7684,#7685);
#7684 = CARTESIAN_POINT('',(0.,70.));
#7685 = VECTOR('',#7686,1.);
#7686 = DIRECTION('',(1.,0.));
#7687 = ( GEOMETRIC_REPRESENTATION_CONTEXT(2) 
PARAMETRIC_REPRESENTATION_CONTEXT() REPRESENTATION_CONTEXT('2D SPACE',''
  ) );
#7688 = PCURVE('',#7689,#7694);
#7689 = PLANE('',#7690);
#7690 = AXIS2_PLACEMENT_3D('',#7691,#7692,#7693);
#7691 = CARTESIAN_POINT('',(-250.,0.,0.));
#7692 = DIRECTION('',(1.,-0.,1.110223024625E-16));
#7693 = DIRECTION('',(1.110223024625E-16,0.,-1.));
#7694 = DEFINITIONAL_REPRESENTATION('',(#7695),#7699);
#7695 = CIRCLE('',#7696,44.64);
#7696 = AXIS2_PLACEMENT_2D('',#7697,#7698);
#7697 = CARTESIAN_POINT('',(0.,0.));
#7698 = DIRECTION('',(1.,0.));
#7699 = ( GEOMETRIC_REPRESENTATION_CONTEXT(2) 
PARAMETRIC_REPRESENTATION_CONTEXT() REPRESENTATION_CONTEXT('2D SPACE',''
  ) );
#7700 = ORIENTED_EDGE('',*,*,#7654,.F.);
#7701 = ADVANCED_FACE('',(#7702,#7705),#7642,.F.);
#7702 = FACE_BOUND('',#7703,.F.);
#7703 = EDGE_LOOP('',(#7704));
#7704 = ORIENTED_EDGE('',*,*,#7620,.T.);
#7705 = FACE_BOUND('',#7706,.F.);
#7706 = EDGE_LOOP('',(#7707));
#7707 = ORIENTED_EDGE('',*,*,#7708,.F.);
#7708 = EDGE_CURVE('',#7709,#7709,#7711,.T.);
#7709 = VERTEX_POINT('',#7710);
#7710 = CARTESIAN_POINT('',(-320.,0.,-35.28634838709));
#7711 = SURFACE_CURVE('',#7712,(#7717,#7724),.PCURVE_S1.);
#7712 = CIRCLE('',#7713,35.286348387097);
#7713 = AXIS2_PLACEMENT_3D('',#7714,#7715,#7716);
#7714 = CARTESIAN_POINT('',(-320.,0.,1.110223024625E-16));
#7715 = DIRECTION('',(1.,-0.,1.110223024625E-16));
#7716 = DIRECTION('',(1.110223024625E-16,0.,-1.));
#7717 = PCURVE('',#7642,#7718);
#7718 = DEFINITIONAL_REPRESENTATION('',(#7719),#7723);
#7719 = CIRCLE('',#7720,35.286348387097);
#7720 = AXIS2_PLACEMENT_2D('',#7721,#7722);
#7721 = CARTESIAN_POINT('',(-1.110223024625E-16,0.));
#7722 = DIRECTION('',(1.,0.));
#7723 = ( GEOMETRIC_REPRESENTATION_CONTEXT(2) 
PARAMETRIC_REPRESENTATION_CONTEXT() REPRESENTATION_CONTEXT('2D SPACE',''
  ) );
#7724 = PCURVE('',#7725,#7730);
#7725 = CONICAL_SURFACE('',#7726,35.64,0.339924215479);
#7726 = AXIS2_PLACEMENT_3D('',#7727,#7728,#7729);
#7727 = CARTESIAN_POINT('',(-321.,0.,0.));
#7728 = DIRECTION('',(-1.,0.,-1.110223024625E-16));
#7729 = DIRECTION('',(1.110223024625E-16,0.,-1.));
#7730 = DEFINITIONAL_REPRESENTATION('',(#7731),#7735);
#7731 = LINE('',#7732,#7733);
#7732 = CARTESIAN_POINT('',(-0.,-1.));
#7733 = VECTOR('',#7734,1.);
#7734 = DIRECTION('',(-1.,-0.));
#7735 = ( GEOMETRIC_REPRESENTATION_CONTEXT(2) 
PARAMETRIC_REPRESENTATION_CONTEXT() REPRESENTATION_CONTEXT('2D SPACE',''
  ) );
#7736 = ADVANCED_FACE('',(#7737),#7689,.T.);
#7737 = FACE_BOUND('',#7738,.T.);
#7738 = EDGE_LOOP('',(#7739));
#7739 = ORIENTED_EDGE('',*,*,#7674,.T.);
#7740 = ADVANCED_FACE('',(#7741),#7725,.F.);
#7741 = FACE_BOUND('',#7742,.F.);
#7742 = EDGE_LOOP('',(#7743,#7744,#7764,#7791));
#7743 = ORIENTED_EDGE('',*,*,#7708,.T.);
#7744 = ORIENTED_EDGE('',*,*,#7745,.T.);
#7745 = EDGE_CURVE('',#7709,#7746,#7748,.T.);
#7746 = VERTEX_POINT('',#7747);
#7747 = CARTESIAN_POINT('',(-274.5,0.,-19.1952));
#7748 = SEAM_CURVE('',#7749,(#7752,#7758),.PCURVE_S1.);
#7749 = B_SPLINE_CURVE_WITH_KNOTS('',1,(#7750,#7751),.UNSPECIFIED.,.F.,
  .F.,(2,2),(0.,1.),.PIECEWISE_BEZIER_KNOTS.);
#7750 = CARTESIAN_POINT('',(-321.,0.,-35.64));
#7751 = CARTESIAN_POINT('',(-274.5,0.,-19.1952));
#7752 = PCURVE('',#7725,#7753);
#7753 = DEFINITIONAL_REPRESENTATION('',(#7754),#7757);
#7754 = B_SPLINE_CURVE_WITH_KNOTS('',1,(#7755,#7756),.UNSPECIFIED.,.F.,
  .F.,(2,2),(0.,1.),.PIECEWISE_BEZIER_KNOTS.);
#7755 = CARTESIAN_POINT('',(0.,0.));
#7756 = CARTESIAN_POINT('',(0.,-46.5));
#7757 = ( GEOMETRIC_REPRESENTATION_CONTEXT(2) 
PARAMETRIC_REPRESENTATION_CONTEXT() REPRESENTATION_CONTEXT('2D SPACE',''
  ) );
#7758 = PCURVE('',#7725,#7759);
#7759 = DEFINITIONAL_REPRESENTATION('',(#7760),#7763);
#7760 = B_SPLINE_CURVE_WITH_KNOTS('',1,(#7761,#7762),.UNSPECIFIED.,.F.,
  .F.,(2,2),(0.,1.),.PIECEWISE_BEZIER_KNOTS.);
#7761 = CARTESIAN_POINT('',(-6.28318530718,0.));
#7762 = CARTESIAN_POINT('',(-6.28318530718,-46.5));
#7763 = ( GEOMETRIC_REPRESENTATION_CONTEXT(2) 
PARAMETRIC_REPRESENTATION_CONTEXT() REPRESENTATION_CONTEXT('2D SPACE',''
  ) );
#7764 = ORIENTED_EDGE('',*,*,#7765,.F.);
#7765 = EDGE_CURVE('',#7746,#7746,#7766,.T.);
#7766 = SURFACE_CURVE('',#7767,(#7772,#7779),.PCURVE_S1.);
#7767 = CIRCLE('',#7768,19.1952);
#7768 = AXIS2_PLACEMENT_3D('',#7769,#7770,#7771);
#7769 = CARTESIAN_POINT('',(-274.5,0.,0.));
#7770 = DIRECTION('',(1.,-0.,1.110223024625E-16));
#7771 = DIRECTION('',(1.110223024625E-16,0.,-1.));
#7772 = PCURVE('',#7725,#7773);
#7773 = DEFINITIONAL_REPRESENTATION('',(#7774),#7778);
#7774 = LINE('',#7775,#7776);
#7775 = CARTESIAN_POINT('',(-0.,-46.5));
#7776 = VECTOR('',#7777,1.);
#7777 = DIRECTION('',(-1.,-0.));
#7778 = ( GEOMETRIC_REPRESENTATION_CONTEXT(2) 
PARAMETRIC_REPRESENTATION_CONTEXT() REPRESENTATION_CONTEXT('2D SPACE',''
  ) );
#7779 = PCURVE('',#7780,#7785);
#7780 = CONICAL_SURFACE('',#7781,19.1952,0.113965561004);
#7781 = AXIS2_PLACEMENT_3D('',#7782,#7783,#7784);
#7782 = CARTESIAN_POINT('',(-274.5,0.,0.));
#7783 = DIRECTION('',(-1.,0.,-1.110223024625E-16));
#7784 = DIRECTION('',(1.110223024625E-16,0.,-1.));
#7785 = DEFINITIONAL_REPRESENTATION('',(#7786),#7790);
#7786 = LINE('',#7787,#7788);
#7787 = CARTESIAN_POINT('',(-0.,-0.));
#7788 = VECTOR('',#7789,1.);
#7789 = DIRECTION('',(-1.,-0.));
#7790 = ( GEOMETRIC_REPRESENTATION_CONTEXT(2) 
PARAMETRIC_REPRESENTATION_CONTEXT() REPRESENTATION_CONTEXT('2D SPACE',''
  ) );
#7791 = ORIENTED_EDGE('',*,*,#7745,.F.);
#7792 = ADVANCED_FACE('',(#7793),#7780,.F.);
#7793 = FACE_BOUND('',#7794,.F.);
#7794 = EDGE_LOOP('',(#7795,#7796,#7816,#7843));
#7795 = ORIENTED_EDGE('',*,*,#7765,.T.);
#7796 = ORIENTED_EDGE('',*,*,#7797,.T.);
#7797 = EDGE_CURVE('',#7746,#7798,#7800,.T.);
#7798 = VERTEX_POINT('',#7799);
#7799 = CARTESIAN_POINT('',(-255.,0.,-16.9632));
#7800 = SEAM_CURVE('',#7801,(#7804,#7810),.PCURVE_S1.);
#7801 = B_SPLINE_CURVE_WITH_KNOTS('',1,(#7802,#7803),.UNSPECIFIED.,.F.,
  .F.,(2,2),(0.,1.),.PIECEWISE_BEZIER_KNOTS.);
#7802 = CARTESIAN_POINT('',(-274.5,0.,-19.1952));
#7803 = CARTESIAN_POINT('',(-255.,0.,-16.9632));
#7804 = PCURVE('',#7780,#7805);
#7805 = DEFINITIONAL_REPRESENTATION('',(#7806),#7809);
#7806 = B_SPLINE_CURVE_WITH_KNOTS('',1,(#7807,#7808),.UNSPECIFIED.,.F.,
  .F.,(2,2),(0.,1.),.PIECEWISE_BEZIER_KNOTS.);
#7807 = CARTESIAN_POINT('',(-6.28318530718,0.));
#7808 = CARTESIAN_POINT('',(-6.28318530718,-19.5));
#7809 = ( GEOMETRIC_REPRESENTATION_CONTEXT(2) 
PARAMETRIC_REPRESENTATION_CONTEXT() REPRESENTATION_CONTEXT('2D SPACE',''
  ) );
#7810 = PCURVE('',#7780,#7811);
#7811 = DEFINITIONAL_REPRESENTATION('',(#7812),#7815);
#7812 = B_SPLINE_CURVE_WITH_KNOTS('',1,(#7813,#7814),.UNSPECIFIED.,.F.,
  .F.,(2,2),(0.,1.),.PIECEWISE_BEZIER_KNOTS.);
#7813 = CARTESIAN_POINT('',(0.,0.));
#7814 = CARTESIAN_POINT('',(0.,-19.5));
#7815 = ( GEOMETRIC_REPRESENTATION_CONTEXT(2) 
PARAMETRIC_REPRESENTATION_CONTEXT() REPRESENTATION_CONTEXT('2D SPACE',''
  ) );
#7816 = ORIENTED_EDGE('',*,*,#7817,.F.);
#7817 = EDGE_CURVE('',#7798,#7798,#7818,.T.);
#7818 = SURFACE_CURVE('',#7819,(#7824,#7831),.PCURVE_S1.);
#7819 = CIRCLE('',#7820,16.9632);
#7820 = AXIS2_PLACEMENT_3D('',#7821,#7822,#7823);
#7821 = CARTESIAN_POINT('',(-255.,0.,0.));
#7822 = DIRECTION('',(1.,-0.,1.110223024625E-16));
#7823 = DIRECTION('',(1.110223024625E-16,0.,-1.));
#7824 = PCURVE('',#7780,#7825);
#7825 = DEFINITIONAL_REPRESENTATION('',(#7826),#7830);
#7826 = LINE('',#7827,#7828);
#7827 = CARTESIAN_POINT('',(-0.,-19.5));
#7828 = VECTOR('',#7829,1.);
#7829 = DIRECTION('',(-1.,-0.));
#7830 = ( GEOMETRIC_REPRESENTATION_CONTEXT(2) 
PARAMETRIC_REPRESENTATION_CONTEXT() REPRESENTATION_CONTEXT('2D SPACE',''
  ) );
#7831 = PCURVE('',#7832,#7837);
#7832 = PLANE('',#7833);
#7833 = AXIS2_PLACEMENT_3D('',#7834,#7835,#7836);
#7834 = CARTESIAN_POINT('',(-255.,0.,0.));
#7835 = DIRECTION('',(1.,-0.,1.110223024625E-16));
#7836 = DIRECTION('',(1.110223024625E-16,0.,-1.));
#7837 = DEFINITIONAL_REPRESENTATION('',(#7838),#7842);
#7838 = CIRCLE('',#7839,16.9632);
#7839 = AXIS2_PLACEMENT_2D('',#7840,#7841);
#7840 = CARTESIAN_POINT('',(0.,0.));
#7841 = DIRECTION('',(1.,0.));
#7842 = ( GEOMETRIC_REPRESENTATION_CONTEXT(2) 
PARAMETRIC_REPRESENTATION_CONTEXT() REPRESENTATION_CONTEXT('2D SPACE',''
  ) );
#7843 = ORIENTED_EDGE('',*,*,#7797,.F.);
#7844 = ADVANCED_FACE('',(#7845),#7832,.F.);
#7845 = FACE_BOUND('',#7846,.F.);
#7846 = EDGE_LOOP('',(#7847));
#7847 = ORIENTED_EDGE('',*,*,#7817,.T.);
#7848 = ( GEOMETRIC_REPRESENTATION_CONTEXT(3) 
GLOBAL_UNCERTAINTY_ASSIGNED_CONTEXT((#7852)) 
GLOBAL_UNIT_ASSIGNED_CONTEXT((#7849,#7850,#7851)) REPRESENTATION_CONTEXT
('Context #1','3D Context with UNIT and UNCERTAINTY') );
#7849 = ( LENGTH_UNIT() NAMED_UNIT(*) SI_UNIT(.MILLI.,.METRE.) );
#7850 = ( NAMED_UNIT(*) PLANE_ANGLE_UNIT() SI_UNIT($,.RADIAN.) );
#7851 = ( NAMED_UNIT(*) SI_UNIT($,.STERADIAN.) SOLID_ANGLE_UNIT() );
#7852 = UNCERTAINTY_MEASURE_WITH_UNIT(LENGTH_MEASURE(1.E-07),#7849,
  'distance_accuracy_value','confusion accuracy');
#7853 = CONTEXT_DEPENDENT_SHAPE_REPRESENTATION(#7854,#7856);
#7854 = ( REPRESENTATION_RELATIONSHIP('','',#7613,#10) 
REPRESENTATION_RELATIONSHIP_WITH_TRANSFORMATION(#7855) 
SHAPE_REPRESENTATION_RELATIONSHIP() );
#7855 = ITEM_DEFINED_TRANSFORMATION('','',#11,#23);
#7856 = PRODUCT_DEFINITION_SHAPE('Placement','Placement of an item',
  #7857);
#7857 = NEXT_ASSEMBLY_USAGE_OCCURRENCE('3','sustainer_nozzle','',#5,
  #7608,$);
#7858 = PRODUCT_RELATED_PRODUCT_CATEGORY('part',$,(#7610));
#7859 = SHAPE_DEFINITION_REPRESENTATION(#7860,#7866);
#7860 = PRODUCT_DEFINITION_SHAPE('','',#7861);
#7861 = PRODUCT_DEFINITION('design','',#7862,#7865);
#7862 = PRODUCT_DEFINITION_FORMATION('','',#7863);
#7863 = PRODUCT('booster_body','booster_body','',(#7864));
#7864 = PRODUCT_CONTEXT('',#2,'mechanical');
#7865 = PRODUCT_DEFINITION_CONTEXT('part definition',#2,'design');
#7866 = ADVANCED_BREP_SHAPE_REPRESENTATION('',(#11,#7867),#9163);
#7867 = MANIFOLD_SOLID_BREP('',#7868);
#7868 = CLOSED_SHELL('',(#7869,#8018,#8274,#8328,#8403,#8452,#8505,#8558
    ,#8612,#8666,#8698,#8750,#8797,#8976,#9000,#9024,#9048,#9072,#9096,
    #9103,#9107,#9159));
#7869 = ADVANCED_FACE('',(#7870),#7884,.T.);
#7870 = FACE_BOUND('',#7871,.T.);
#7871 = EDGE_LOOP('',(#7872,#7906,#7949,#7977));
#7872 = ORIENTED_EDGE('',*,*,#7873,.F.);
#7873 = EDGE_CURVE('',#7874,#7876,#7878,.T.);
#7874 = VERTEX_POINT('',#7875);
#7875 = CARTESIAN_POINT('',(-1.6E+03,-109.12,63.36));
#7876 = VERTEX_POINT('',#7877);
#7877 = CARTESIAN_POINT('',(-1.6E+03,109.12,63.36));
#7878 = SURFACE_CURVE('',#7879,(#7883,#7894),.PCURVE_S1.);
#7879 = LINE('',#7880,#7881);
#7880 = CARTESIAN_POINT('',(-1.6E+03,0.,63.36));
#7881 = VECTOR('',#7882,1.);
#7882 = DIRECTION('',(0.,1.,0.));
#7883 = PCURVE('',#7884,#7889);
#7884 = B_SPLINE_SURFACE_WITH_KNOTS('',1,1,(
    (#7885,#7886)
    ,(#7887,#7888
    )),.UNSPECIFIED.,.F.,.F.,.F.,(2,2),(2,2),(-124.,124.),(0.,1.),
  .PIECEWISE_BEZIER_KNOTS.);
#7885 = CARTESIAN_POINT('',(-1.6E+03,109.12,63.36));
#7886 = CARTESIAN_POINT('',(-1.36E+03,124.,72.));
#7887 = CARTESIAN_POINT('',(-1.6E+03,-109.12,63.36));
#7888 = CARTESIAN_POINT('',(-1.36E+03,-124.,72.));
#7889 = DEFINITIONAL_REPRESENTATION('',(#7890),#7893);
#7890 = B_SPLINE_CURVE_WITH_KNOTS('',1,(#7891,#7892),.UNSPECIFIED.,.F.,
  .F.,(2,2),(-109.12,109.12),.PIECEWISE_BEZIER_KNOTS.);
#7891 = CARTESIAN_POINT('',(124.,0.));
#7892 = CARTESIAN_POINT('',(-124.,0.));
#7893 = ( GEOMETRIC_REPRESENTATION_CONTEXT(2) 
PARAMETRIC_REPRESENTATION_CONTEXT() REPRESENTATION_CONTEXT('2D SPACE',''
  ) );
#7894 = PCURVE('',#7895,#7900);
#7895 = PLANE('',#7896);
#7896 = AXIS2_PLACEMENT_3D('',#7897,#7898,#7899);
#7897 = CARTESIAN_POINT('',(-1.6E+03,-109.12,31.68));
#7898 = DIRECTION('',(-1.,0.,-1.110223024625E-16));
#7899 = DIRECTION('',(-1.110223024625E-16,0.,1.));
#7900 = DEFINITIONAL_REPRESENTATION('',(#7901),#7905);
#7901 = LINE('',#7902,#7903);
#7902 = CARTESIAN_POINT('',(31.68,109.12));
#7903 = VECTOR('',#7904,1.);
#7904 = DIRECTION('',(0.,1.));
#7905 = ( GEOMETRIC_REPRESENTATION_CONTEXT(2) 
PARAMETRIC_REPRESENTATION_CONTEXT() REPRESENTATION_CONTEXT('2D SPACE',''
  ) );
#7906 = ORIENTED_EDGE('',*,*,#7907,.T.);
#7907 = EDGE_CURVE('',#7874,#7908,#7910,.T.);
#7908 = VERTEX_POINT('',#7909);
#7909 = CARTESIAN_POINT('',(-1.36E+03,-124.,72.));
#7910 = SURFACE_CURVE('',#7911,(#7914,#7921),.PCURVE_S1.);
#7911 = B_SPLINE_CURVE_WITH_KNOTS('',1,(#7912,#7913),.UNSPECIFIED.,.F.,
  .F.,(2,2),(0.,1.),.PIECEWISE_BEZIER_KNOTS.);
#7912 = CARTESIAN_POINT('',(-1.6E+03,-109.12,63.36));
#7913 = CARTESIAN_POINT('',(-1.36E+03,-124.,72.));
#7914 = PCURVE('',#7884,#7915);
#7915 = DEFINITIONAL_REPRESENTATION('',(#7916),#7920);
#7916 = LINE('',#7917,#7918);
#7917 = CARTESIAN_POINT('',(124.,0.));
#7918 = VECTOR('',#7919,1.);
#7919 = DIRECTION('',(0.,1.));
#7920 = ( GEOMETRIC_REPRESENTATION_CONTEXT(2) 
PARAMETRIC_REPRESENTATION_CONTEXT() REPRESENTATION_CONTEXT('2D SPACE',''
  ) );
#7921 = PCURVE('',#7922,#7943);
#7922 = B_SPLINE_SURFACE_WITH_KNOTS('',9,1,(
    (#7923,#7924)
    ,(#7925,#7926)
    ,(#7927,#7928)
    ,(#7929,#7930)
    ,(#7931,#7932)
    ,(#7933,#7934)
    ,(#7935,#7936)
    ,(#7937,#7938)
    ,(#7939,#7940)
    ,(#7941,#7942
    )),.UNSPECIFIED.,.F.,.F.,.F.,(10,10),(2,2),(0.,1.570796326795),(0.,
    1.),.PIECEWISE_BEZIER_KNOTS.);
#7923 = CARTESIAN_POINT('',(-1.6E+03,-109.12,63.36));
#7924 = CARTESIAN_POINT('',(-1.36E+03,-124.,72.));
#7925 = CARTESIAN_POINT('',(-1.6E+03,-114.6492030703,63.36));
#7926 = CARTESIAN_POINT('',(-1.36E+03,-130.2831853071,71.999999999999));
#7927 = CARTESIAN_POINT('',(-1.6E+03,-120.1784062198,62.274343603649));
#7928 = CARTESIAN_POINT('',(-1.36E+03,-136.5663707044,70.766299549603));
#7929 = CARTESIAN_POINT('',(-1.6E+03,-125.4639880329,60.103030051399));
#7930 = CARTESIAN_POINT('',(-1.36E+03,-142.5727136737,68.298897785677));
#7931 = CARTESIAN_POINT('',(-1.6E+03,-130.2623305418,56.909842368529));
#7932 = CARTESIAN_POINT('',(-1.36E+03,-148.0253756157,64.670275418788));
#7933 = CARTESIAN_POINT('',(-1.6E+03,-134.3498423685,52.822330541831));
#7934 = CARTESIAN_POINT('',(-1.36E+03,-152.6702754187,60.025375615713));
#7935 = CARTESIAN_POINT('',(-1.6E+03,-137.5430300514,48.023988032936));
#7936 = CARTESIAN_POINT('',(-1.36E+03,-156.2988977856,54.572713673793));
#7937 = CARTESIAN_POINT('',(-1.6E+03,-139.7143436036,42.73840621987));
#7938 = CARTESIAN_POINT('',(-1.36E+03,-158.7662995496,48.566370704397));
#7939 = CARTESIAN_POINT('',(-1.6E+03,-140.8,37.209203070318));
#7940 = CARTESIAN_POINT('',(-1.36E+03,-160.,42.28318530718));
#7941 = CARTESIAN_POINT('',(-1.6E+03,-140.8,31.68));
#7942 = CARTESIAN_POINT('',(-1.36E+03,-160.,36.));
#7943 = DEFINITIONAL_REPRESENTATION('',(#7944),#7948);
#7944 = LINE('',#7945,#7946);
#7945 = CARTESIAN_POINT('',(0.,0.));
#7946 = VECTOR('',#7947,1.);
#7947 = DIRECTION('',(0.,1.));
#7948 = ( GEOMETRIC_REPRESENTATION_CONTEXT(2) 
PARAMETRIC_REPRESENTATION_CONTEXT() REPRESENTATION_CONTEXT('2D SPACE',''
  ) );
#7949 = ORIENTED_EDGE('',*,*,#7950,.T.);
#7950 = EDGE_CURVE('',#7908,#7951,#7953,.T.);
#7951 = VERTEX_POINT('',#7952);
#7952 = CARTESIAN_POINT('',(-1.36E+03,124.,72.));
#7953 = SURFACE_CURVE('',#7954,(#7958,#7965),.PCURVE_S1.);
#7954 = LINE('',#7955,#7956);
#7955 = CARTESIAN_POINT('',(-1.36E+03,0.,72.));
#7956 = VECTOR('',#7957,1.);
#7957 = DIRECTION('',(0.,1.,0.));
#7958 = PCURVE('',#7884,#7959);
#7959 = DEFINITIONAL_REPRESENTATION('',(#7960),#7964);
#7960 = LINE('',#7961,#7962);
#7961 = CARTESIAN_POINT('',(0.,1.));
#7962 = VECTOR('',#7963,1.);
#7963 = DIRECTION('',(-1.,0.));
#7964 = ( GEOMETRIC_REPRESENTATION_CONTEXT(2) 
PARAMETRIC_REPRESENTATION_CONTEXT() REPRESENTATION_CONTEXT('2D SPACE',''
  ) );
#7965 = PCURVE('',#7966,#7971);
#7966 = PLANE('',#7967);
#7967 = AXIS2_PLACEMENT_3D('',#7968,#7969,#7970);
#7968 = CARTESIAN_POINT('',(-320.,0.,72.));
#7969 = DIRECTION('',(0.,0.,1.));
#7970 = DIRECTION('',(0.,-1.,0.));
#7971 = DEFINITIONAL_REPRESENTATION('',(#7972),#7976);
#7972 = LINE('',#7973,#7974);
#7973 = CARTESIAN_POINT('',(0.,-1.04E+03));
#7974 = VECTOR('',#7975,1.);
#7975 = DIRECTION('',(-1.,0.));
#7976 = ( GEOMETRIC_REPRESENTATION_CONTEXT(2) 
PARAMETRIC_REPRESENTATION_CONTEXT() REPRESENTATION_CONTEXT('2D SPACE',''
  ) );
#7977 = ORIENTED_EDGE('',*,*,#7978,.F.);
#7978 = EDGE_CURVE('',#7876,#7951,#7979,.T.);
#7979 = SURFACE_CURVE('',#7980,(#7983,#7990),.PCURVE_S1.);
#7980 = B_SPLINE_CURVE_WITH_KNOTS('',1,(#7981,#7982),.UNSPECIFIED.,.F.,
  .F.,(2,2),(0.,1.),.PIECEWISE_BEZIER_KNOTS.);
#7981 = CARTESIAN_POINT('',(-1.6E+03,109.12,63.36));
#7982 = CARTESIAN_POINT('',(-1.36E+03,124.,72.));
#7983 = PCURVE('',#7884,#7984);
#7984 = DEFINITIONAL_REPRESENTATION('',(#7985),#7989);
#7985 = LINE('',#7986,#7987);
#7986 = CARTESIAN_POINT('',(-124.,0.));
#7987 = VECTOR('',#7988,1.);
#7988 = DIRECTION('',(0.,1.));
#7989 = ( GEOMETRIC_REPRESENTATION_CONTEXT(2) 
PARAMETRIC_REPRESENTATION_CONTEXT() REPRESENTATION_CONTEXT('2D SPACE',''
  ) );
#7990 = PCURVE('',#7991,#8012);
#7991 = B_SPLINE_SURFACE_WITH_KNOTS('',9,1,(
    (#7992,#7993)
    ,(#7994,#7995)
    ,(#7996,#7997)
    ,(#7998,#7999)
    ,(#8000,#8001)
    ,(#8002,#8003)
    ,(#8004,#8005)
    ,(#8006,#8007)
    ,(#8008,#8009)
    ,(#8010,#8011
    )),.UNSPECIFIED.,.F.,.F.,.F.,(10,10),(2,2),(4.712388980385,
    6.28318530718),(0.,1.),.PIECEWISE_BEZIER_KNOTS.);
#7992 = CARTESIAN_POINT('',(-1.6E+03,140.8,31.68));
#7993 = CARTESIAN_POINT('',(-1.36E+03,160.,36.));
#7994 = CARTESIAN_POINT('',(-1.6E+03,140.79999999999,37.209203070317));
#7995 = CARTESIAN_POINT('',(-1.36E+03,159.99999999999,42.283185307179));
#7996 = CARTESIAN_POINT('',(-1.6E+03,139.71434360365,42.738406219873));
#7997 = CARTESIAN_POINT('',(-1.36E+03,158.76629954961,48.566370704401));
#7998 = CARTESIAN_POINT('',(-1.6E+03,137.54303005137,48.02398803293));
#7999 = CARTESIAN_POINT('',(-1.36E+03,156.29889778566,54.572713673784));
#8000 = CARTESIAN_POINT('',(-1.6E+03,134.34984236855,52.82233054184));
#8001 = CARTESIAN_POINT('',(-1.36E+03,152.6702754188,60.025375615726));
#8002 = CARTESIAN_POINT('',(-1.6E+03,130.2623305418,56.909842368519));
#8003 = CARTESIAN_POINT('',(-1.36E+03,148.02537561569,64.670275418774));
#8004 = CARTESIAN_POINT('',(-1.6E+03,125.46398803295,60.103030051406));
#8005 = CARTESIAN_POINT('',(-1.36E+03,142.5727136738,68.298897785687));
#8006 = CARTESIAN_POINT('',(-1.6E+03,120.17840621986,62.274343603646));
#8007 = CARTESIAN_POINT('',(-1.36E+03,136.56637070439,70.766299549599));
#8008 = CARTESIAN_POINT('',(-1.6E+03,114.64920307032,63.360000000001));
#8009 = CARTESIAN_POINT('',(-1.36E+03,130.28318530718,72.));
#8010 = CARTESIAN_POINT('',(-1.6E+03,109.12,63.36));
#8011 = CARTESIAN_POINT('',(-1.36E+03,124.,72.));
#8012 = DEFINITIONAL_REPRESENTATION('',(#8013),#8017);
#8013 = LINE('',#8014,#8015);
#8014 = CARTESIAN_POINT('',(6.28318530718,0.));
#8015 = VECTOR('',#8016,1.);
#8016 = DIRECTION('',(0.,1.));
#8017 = ( GEOMETRIC_REPRESENTATION_CONTEXT(2) 
PARAMETRIC_REPRESENTATION_CONTEXT() REPRESENTATION_CONTEXT('2D SPACE',''
  ) );
#8018 = ADVANCED_FACE('',(#8019,#8239),#7895,.T.);
#8019 = FACE_BOUND('',#8020,.T.);
#8020 = EDGE_LOOP('',(#8021,#8022,#8046,#8073,#8118,#8145,#8190,#8217));
#8021 = ORIENTED_EDGE('',*,*,#7873,.T.);
#8022 = ORIENTED_EDGE('',*,*,#8023,.T.);
#8023 = EDGE_CURVE('',#7876,#8024,#8026,.T.);
#8024 = VERTEX_POINT('',#8025);
#8025 = CARTESIAN_POINT('',(-1.6E+03,140.8,31.68));
#8026 = SURFACE_CURVE('',#8027,(#8032,#8039),.PCURVE_S1.);
#8027 = CIRCLE('',#8028,31.68);
#8028 = AXIS2_PLACEMENT_3D('',#8029,#8030,#8031);
#8029 = CARTESIAN_POINT('',(-1.6E+03,109.12,31.68));
#8030 = DIRECTION('',(-1.,0.,-1.110223024625E-16));
#8031 = DIRECTION('',(-1.110223024625E-16,0.,1.));
#8032 = PCURVE('',#7895,#8033);
#8033 = DEFINITIONAL_REPRESENTATION('',(#8034),#8038);
#8034 = CIRCLE('',#8035,31.68);
#8035 = AXIS2_PLACEMENT_2D('',#8036,#8037);
#8036 = CARTESIAN_POINT('',(0.,218.24));
#8037 = DIRECTION('',(1.,0.));
#8038 = ( GEOMETRIC_REPRESENTATION_CONTEXT(2) 
PARAMETRIC_REPRESENTATION_CONTEXT() REPRESENTATION_CONTEXT('2D SPACE',''
  ) );
#8039 = PCURVE('',#7991,#8040);
#8040 = DEFINITIONAL_REPRESENTATION('',(#8041),#8045);
#8041 = LINE('',#8042,#8043);
#8042 = CARTESIAN_POINT('',(6.28318530718,0.));
#8043 = VECTOR('',#8044,1.);
#8044 = DIRECTION('',(-1.,0.));
#8045 = ( GEOMETRIC_REPRESENTATION_CONTEXT(2) 
PARAMETRIC_REPRESENTATION_CONTEXT() REPRESENTATION_CONTEXT('2D SPACE',''
  ) );
#8046 = ORIENTED_EDGE('',*,*,#8047,.T.);
#8047 = EDGE_CURVE('',#8024,#8048,#8050,.T.);
#8048 = VERTEX_POINT('',#8049);
#8049 = CARTESIAN_POINT('',(-1.6E+03,140.8,-31.67999999888));
#8050 = SURFACE_CURVE('',#8051,(#8055,#8062),.PCURVE_S1.);
#8051 = LINE('',#8052,#8053);
#8052 = CARTESIAN_POINT('',(-1.6E+03,140.8,-2.48689957516E-14));
#8053 = VECTOR('',#8054,1.);
#8054 = DIRECTION('',(1.110223024625E-16,0.,-1.));
#8055 = PCURVE('',#7895,#8056);
#8056 = DEFINITIONAL_REPRESENTATION('',(#8057),#8061);
#8057 = LINE('',#8058,#8059);
#8058 = CARTESIAN_POINT('',(-31.68,249.92));
#8059 = VECTOR('',#8060,1.);
#8060 = DIRECTION('',(-1.,0.));
#8061 = ( GEOMETRIC_REPRESENTATION_CONTEXT(2) 
PARAMETRIC_REPRESENTATION_CONTEXT() REPRESENTATION_CONTEXT('2D SPACE',''
  ) );
#8062 = PCURVE('',#8063,#8068);
#8063 = B_SPLINE_SURFACE_WITH_KNOTS('',1,1,(
    (#8064,#8065)
    ,(#8066,#8067
    )),.UNSPECIFIED.,.F.,.F.,.F.,(2,2),(2,2),(-35.99999996829,36.),(0.,
    1.),.PIECEWISE_BEZIER_KNOTS.);
#8064 = CARTESIAN_POINT('',(-1.6E+03,140.8,-31.67999999888));
#8065 = CARTESIAN_POINT('',(-1.36E+03,160.,-35.99999996829));
#8066 = CARTESIAN_POINT('',(-1.6E+03,140.8,31.68));
#8067 = CARTESIAN_POINT('',(-1.36E+03,160.,36.));
#8068 = DEFINITIONAL_REPRESENTATION('',(#8069),#8072);
#8069 = B_SPLINE_CURVE_WITH_KNOTS('',1,(#8070,#8071),.UNSPECIFIED.,.F.,
  .F.,(2,2),(-31.68,31.679999998884),.PIECEWISE_BEZIER_KNOTS.);
#8070 = CARTESIAN_POINT('',(36.,0.));
#8071 = CARTESIAN_POINT('',(-35.99999996829,0.));
#8072 = ( GEOMETRIC_REPRESENTATION_CONTEXT(2) 
PARAMETRIC_REPRESENTATION_CONTEXT() REPRESENTATION_CONTEXT('2D SPACE',''
  ) );
#8073 = ORIENTED_EDGE('',*,*,#8074,.T.);
#8074 = EDGE_CURVE('',#8048,#8075,#8077,.T.);
#8075 = VERTEX_POINT('',#8076);
#8076 = CARTESIAN_POINT('',(-1.6E+03,109.12,-63.35999999944));
#8077 = SURFACE_CURVE('',#8078,(#8083,#8090),.PCURVE_S1.);
#8078 = CIRCLE('',#8079,31.68);
#8079 = AXIS2_PLACEMENT_3D('',#8080,#8081,#8082);
#8080 = CARTESIAN_POINT('',(-1.6E+03,109.12,-31.67999999888));
#8081 = DIRECTION('',(-1.,0.,-1.110223024625E-16));
#8082 = DIRECTION('',(-1.110223024625E-16,0.,1.));
#8083 = PCURVE('',#7895,#8084);
#8084 = DEFINITIONAL_REPRESENTATION('',(#8085),#8089);
#8085 = CIRCLE('',#8086,31.68);
#8086 = AXIS2_PLACEMENT_2D('',#8087,#8088);
#8087 = CARTESIAN_POINT('',(-63.35999999888,218.24));
#8088 = DIRECTION('',(1.,0.));
#8089 = ( GEOMETRIC_REPRESENTATION_CONTEXT(2) 
PARAMETRIC_REPRESENTATION_CONTEXT() REPRESENTATION_CONTEXT('2D SPACE',''
  ) );
#8090 = PCURVE('',#8091,#8112);
#8091 = B_SPLINE_SURFACE_WITH_KNOTS('',9,1,(
    (#8092,#8093)
    ,(#8094,#8095)
    ,(#8096,#8097)
    ,(#8098,#8099)
    ,(#8100,#8101)
    ,(#8102,#8103)
    ,(#8104,#8105)
    ,(#8106,#8107)
    ,(#8108,#8109)
    ,(#8110,#8111
    )),.UNSPECIFIED.,.F.,.F.,.F.,(10,10),(2,2),(3.14159265359,
    4.712388980385),(0.,1.),.PIECEWISE_BEZIER_KNOTS.);
#8092 = CARTESIAN_POINT('',(-1.6E+03,109.12,-63.35999999888));
#8093 = CARTESIAN_POINT('',(-1.36E+03,124.,-71.99999996829));
#8094 = CARTESIAN_POINT('',(-1.6E+03,114.64920307031,-63.35999999888));
#8095 = CARTESIAN_POINT('',(-1.36E+03,130.28318530717,-71.99999996829));
#8096 = CARTESIAN_POINT('',(-1.6E+03,120.17840621987,-62.27434360253));
#8097 = CARTESIAN_POINT('',(-1.36E+03,136.56637070439,-70.76629951789));
#8098 = CARTESIAN_POINT('',(-1.6E+03,125.46398803291,-60.10303005028));
#8099 = CARTESIAN_POINT('',(-1.36E+03,142.57271367379,-68.29889775397));
#8100 = CARTESIAN_POINT('',(-1.6E+03,130.26233054185,-56.90984236741));
#8101 = CARTESIAN_POINT('',(-1.36E+03,148.02537561571,-64.67027538707));
#8102 = CARTESIAN_POINT('',(-1.6E+03,134.3498423685,-52.82233054071));
#8103 = CARTESIAN_POINT('',(-1.36E+03,152.67027541879,-60.025375584));
#8104 = CARTESIAN_POINT('',(-1.6E+03,137.54303005141,-48.02398803182));
#8105 = CARTESIAN_POINT('',(-1.36E+03,156.29889778567,-54.57271364208));
#8106 = CARTESIAN_POINT('',(-1.6E+03,139.71434360364,-42.73840621875));
#8107 = CARTESIAN_POINT('',(-1.36E+03,158.7662995496,-48.56637067269));
#8108 = CARTESIAN_POINT('',(-1.6E+03,140.8,-37.2092030692));
#8109 = CARTESIAN_POINT('',(-1.36E+03,159.99999999999,-42.28318527547));
#8110 = CARTESIAN_POINT('',(-1.6E+03,140.8,-31.67999999888));
#8111 = CARTESIAN_POINT('',(-1.36E+03,160.,-35.99999996829));
#8112 = DEFINITIONAL_REPRESENTATION('',(#8113),#8117);
#8113 = LINE('',#8114,#8115);
#8114 = CARTESIAN_POINT('',(6.28318530718,0.));
#8115 = VECTOR('',#8116,1.);
#8116 = DIRECTION('',(-1.,0.));
#8117 = ( GEOMETRIC_REPRESENTATION_CONTEXT(2) 
PARAMETRIC_REPRESENTATION_CONTEXT() REPRESENTATION_CONTEXT('2D SPACE',''
  ) );
#8118 = ORIENTED_EDGE('',*,*,#8119,.F.);
#8119 = EDGE_CURVE('',#8120,#8075,#8122,.T.);
#8120 = VERTEX_POINT('',#8121);
#8121 = CARTESIAN_POINT('',(-1.6E+03,-109.12,-63.35999999944));
#8122 = SURFACE_CURVE('',#8123,(#8127,#8134),.PCURVE_S1.);
#8123 = LINE('',#8124,#8125);
#8124 = CARTESIAN_POINT('',(-1.6E+03,0.,-63.36));
#8125 = VECTOR('',#8126,1.);
#8126 = DIRECTION('',(0.,1.,0.));
#8127 = PCURVE('',#7895,#8128);
#8128 = DEFINITIONAL_REPRESENTATION('',(#8129),#8133);
#8129 = LINE('',#8130,#8131);
#8130 = CARTESIAN_POINT('',(-95.04,109.12));
#8131 = VECTOR('',#8132,1.);
#8132 = DIRECTION('',(0.,1.));
#8133 = ( GEOMETRIC_REPRESENTATION_CONTEXT(2) 
PARAMETRIC_REPRESENTATION_CONTEXT() REPRESENTATION_CONTEXT('2D SPACE',''
  ) );
#8134 = PCURVE('',#8135,#8140);
#8135 = B_SPLINE_SURFACE_WITH_KNOTS('',1,1,(
    (#8136,#8137)
    ,(#8138,#8139
    )),.UNSPECIFIED.,.F.,.F.,.F.,(2,2),(2,2),(-124.,124.),(0.,1.),
  .PIECEWISE_BEZIER_KNOTS.);
#8136 = CARTESIAN_POINT('',(-1.6E+03,-109.12,-63.36));
#8137 = CARTESIAN_POINT('',(-1.36E+03,-124.,-72.));
#8138 = CARTESIAN_POINT('',(-1.6E+03,109.12,-63.36));
#8139 = CARTESIAN_POINT('',(-1.36E+03,124.,-72.));
#8140 = DEFINITIONAL_REPRESENTATION('',(#8141),#8144);
#8141 = B_SPLINE_CURVE_WITH_KNOTS('',1,(#8142,#8143),.UNSPECIFIED.,.F.,
  .F.,(2,2),(-109.12,109.12),.PIECEWISE_BEZIER_KNOTS.);
#8142 = CARTESIAN_POINT('',(-124.,0.));
#8143 = CARTESIAN_POINT('',(124.,0.));
#8144 = ( GEOMETRIC_REPRESENTATION_CONTEXT(2) 
PARAMETRIC_REPRESENTATION_CONTEXT() REPRESENTATION_CONTEXT('2D SPACE',''
  ) );
#8145 = ORIENTED_EDGE('',*,*,#8146,.T.);
#8146 = EDGE_CURVE('',#8120,#8147,#8149,.T.);
#8147 = VERTEX_POINT('',#8148);
#8148 = CARTESIAN_POINT('',(-1.6E+03,-140.8,-31.67999999888));
#8149 = SURFACE_CURVE('',#8150,(#8155,#8162),.PCURVE_S1.);
#8150 = CIRCLE('',#8151,31.68);
#8151 = AXIS2_PLACEMENT_3D('',#8152,#8153,#8154);
#8152 = CARTESIAN_POINT('',(-1.6E+03,-109.12,-31.67999999888));
#8153 = DIRECTION('',(-1.,0.,-1.110223024625E-16));
#8154 = DIRECTION('',(-1.110223024625E-16,0.,1.));
#8155 = PCURVE('',#7895,#8156);
#8156 = DEFINITIONAL_REPRESENTATION('',(#8157),#8161);
#8157 = CIRCLE('',#8158,31.68);
#8158 = AXIS2_PLACEMENT_2D('',#8159,#8160);
#8159 = CARTESIAN_POINT('',(-63.35999999888,0.));
#8160 = DIRECTION('',(1.,0.));
#8161 = ( GEOMETRIC_REPRESENTATION_CONTEXT(2) 
PARAMETRIC_REPRESENTATION_CONTEXT() REPRESENTATION_CONTEXT('2D SPACE',''
  ) );
#8162 = PCURVE('',#8163,#8184);
#8163 = B_SPLINE_SURFACE_WITH_KNOTS('',9,1,(
    (#8164,#8165)
    ,(#8166,#8167)
    ,(#8168,#8169)
    ,(#8170,#8171)
    ,(#8172,#8173)
    ,(#8174,#8175)
    ,(#8176,#8177)
    ,(#8178,#8179)
    ,(#8180,#8181)
    ,(#8182,#8183
    )),.UNSPECIFIED.,.F.,.F.,.F.,(10,10),(2,2),(1.570796326795,
    3.14159265359),(0.,1.),.PIECEWISE_BEZIER_KNOTS.);
#8164 = CARTESIAN_POINT('',(-1.6E+03,-140.8,-31.67999999888));
#8165 = CARTESIAN_POINT('',(-1.36E+03,-160.,-35.99999996829));
#8166 = CARTESIAN_POINT('',(-1.6E+03,-140.7999999999,-37.2092030692));
#8167 = CARTESIAN_POINT('',(-1.36E+03,-159.9999999999,-42.28318527547));
#8168 = CARTESIAN_POINT('',(-1.6E+03,-139.7143436036,-42.73840621875));
#8169 = CARTESIAN_POINT('',(-1.36E+03,-158.7662995496,-48.56637067269));
#8170 = CARTESIAN_POINT('',(-1.6E+03,-137.5430300513,-48.02398803181));
#8171 = CARTESIAN_POINT('',(-1.36E+03,-156.2988977856,-54.57271364208));
#8172 = CARTESIAN_POINT('',(-1.6E+03,-134.3498423685,-52.82233054071));
#8173 = CARTESIAN_POINT('',(-1.36E+03,-152.6702754187,-60.02537558401));
#8174 = CARTESIAN_POINT('',(-1.6E+03,-130.2623305418,-56.90984236741));
#8175 = CARTESIAN_POINT('',(-1.36E+03,-148.0253756157,-64.67027538706));
#8176 = CARTESIAN_POINT('',(-1.6E+03,-125.4639880329,-60.10303005028));
#8177 = CARTESIAN_POINT('',(-1.36E+03,-142.5727136737,-68.29889775398));
#8178 = CARTESIAN_POINT('',(-1.6E+03,-120.1784062198,-62.27434360253));
#8179 = CARTESIAN_POINT('',(-1.36E+03,-136.5663707043,-70.76629951789));
#8180 = CARTESIAN_POINT('',(-1.6E+03,-114.6492030703,-63.35999999888));
#8181 = CARTESIAN_POINT('',(-1.36E+03,-130.2831853071,-71.99999996829));
#8182 = CARTESIAN_POINT('',(-1.6E+03,-109.12,-63.35999999888));
#8183 = CARTESIAN_POINT('',(-1.36E+03,-124.,-71.99999996829));
#8184 = DEFINITIONAL_REPRESENTATION('',(#8185),#8189);
#8185 = LINE('',#8186,#8187);
#8186 = CARTESIAN_POINT('',(6.28318530718,0.));
#8187 = VECTOR('',#8188,1.);
#8188 = DIRECTION('',(-1.,0.));
#8189 = ( GEOMETRIC_REPRESENTATION_CONTEXT(2) 
PARAMETRIC_REPRESENTATION_CONTEXT() REPRESENTATION_CONTEXT('2D SPACE',''
  ) );
#8190 = ORIENTED_EDGE('',*,*,#8191,.F.);
#8191 = EDGE_CURVE('',#8192,#8147,#8194,.T.);
#8192 = VERTEX_POINT('',#8193);
#8193 = CARTESIAN_POINT('',(-1.6E+03,-140.8,31.68));
#8194 = SURFACE_CURVE('',#8195,(#8199,#8206),.PCURVE_S1.);
#8195 = LINE('',#8196,#8197);
#8196 = CARTESIAN_POINT('',(-1.6E+03,-140.8,-2.48689957516E-14));
#8197 = VECTOR('',#8198,1.);
#8198 = DIRECTION('',(1.110223024625E-16,0.,-1.));
#8199 = PCURVE('',#7895,#8200);
#8200 = DEFINITIONAL_REPRESENTATION('',(#8201),#8205);
#8201 = LINE('',#8202,#8203);
#8202 = CARTESIAN_POINT('',(-31.68,-31.68));
#8203 = VECTOR('',#8204,1.);
#8204 = DIRECTION('',(-1.,0.));
#8205 = ( GEOMETRIC_REPRESENTATION_CONTEXT(2) 
PARAMETRIC_REPRESENTATION_CONTEXT() REPRESENTATION_CONTEXT('2D SPACE',''
  ) );
#8206 = PCURVE('',#8207,#8212);
#8207 = B_SPLINE_SURFACE_WITH_KNOTS('',1,1,(
    (#8208,#8209)
    ,(#8210,#8211
    )),.UNSPECIFIED.,.F.,.F.,.F.,(2,2),(2,2),(-36.,35.999999968294),(0.,
    1.),.PIECEWISE_BEZIER_KNOTS.);
#8208 = CARTESIAN_POINT('',(-1.6E+03,-140.8,31.68));
#8209 = CARTESIAN_POINT('',(-1.36E+03,-160.,36.));
#8210 = CARTESIAN_POINT('',(-1.6E+03,-140.8,-31.67999999888));
#8211 = CARTESIAN_POINT('',(-1.36E+03,-160.,-35.99999996829));
#8212 = DEFINITIONAL_REPRESENTATION('',(#8213),#8216);
#8213 = B_SPLINE_CURVE_WITH_KNOTS('',1,(#8214,#8215),.UNSPECIFIED.,.F.,
  .F.,(2,2),(-31.68,31.679999998884),.PIECEWISE_BEZIER_KNOTS.);
#8214 = CARTESIAN_POINT('',(-36.,0.));
#8215 = CARTESIAN_POINT('',(35.999999968294,0.));
#8216 = ( GEOMETRIC_REPRESENTATION_CONTEXT(2) 
PARAMETRIC_REPRESENTATION_CONTEXT() REPRESENTATION_CONTEXT('2D SPACE',''
  ) );
#8217 = ORIENTED_EDGE('',*,*,#8218,.T.);
#8218 = EDGE_CURVE('',#8192,#7874,#8219,.T.);
#8219 = SURFACE_CURVE('',#8220,(#8225,#8232),.PCURVE_S1.);
#8220 = CIRCLE('',#8221,31.68);
#8221 = AXIS2_PLACEMENT_3D('',#8222,#8223,#8224);
#8222 = CARTESIAN_POINT('',(-1.6E+03,-109.12,31.68));
#8223 = DIRECTION('',(-1.,0.,-1.110223024625E-16));
#8224 = DIRECTION('',(-1.110223024625E-16,0.,1.));
#8225 = PCURVE('',#7895,#8226);
#8226 = DEFINITIONAL_REPRESENTATION('',(#8227),#8231);
#8227 = CIRCLE('',#8228,31.68);
#8228 = AXIS2_PLACEMENT_2D('',#8229,#8230);
#8229 = CARTESIAN_POINT('',(0.,0.));
#8230 = DIRECTION('',(1.,0.));
#8231 = ( GEOMETRIC_REPRESENTATION_CONTEXT(2) 
PARAMETRIC_REPRESENTATION_CONTEXT() REPRESENTATION_CONTEXT('2D SPACE',''
  ) );
#8232 = PCURVE('',#7922,#8233);
#8233 = DEFINITIONAL_REPRESENTATION('',(#8234),#8238);
#8234 = LINE('',#8235,#8236);
#8235 = CARTESIAN_POINT('',(6.28318530718,0.));
#8236 = VECTOR('',#8237,1.);
#8237 = DIRECTION('',(-1.,0.));
#8238 = ( GEOMETRIC_REPRESENTATION_CONTEXT(2) 
PARAMETRIC_REPRESENTATION_CONTEXT() REPRESENTATION_CONTEXT('2D SPACE',''
  ) );
#8239 = FACE_BOUND('',#8240,.T.);
#8240 = EDGE_LOOP('',(#8241));
#8241 = ORIENTED_EDGE('',*,*,#8242,.T.);
#8242 = EDGE_CURVE('',#8243,#8243,#8245,.T.);
#8243 = VERTEX_POINT('',#8244);
#8244 = CARTESIAN_POINT('',(-1.6E+03,0.,-36.6048));
#8245 = SURFACE_CURVE('',#8246,(#8251,#8262),.PCURVE_S1.);
#8246 = CIRCLE('',#8247,36.6048);
#8247 = AXIS2_PLACEMENT_3D('',#8248,#8249,#8250);
#8248 = CARTESIAN_POINT('',(-1.6E+03,0.,1.110223024625E-16));
#8249 = DIRECTION('',(1.,-0.,1.110223024625E-16));
#8250 = DIRECTION('',(1.110223024625E-16,0.,-1.));
#8251 = PCURVE('',#7895,#8252);
#8252 = DEFINITIONAL_REPRESENTATION('',(#8253),#8261);
#8253 = ( BOUNDED_CURVE() B_SPLINE_CURVE(2,(#8254,#8255,#8256,#8257,
#8258,#8259,#8260),.UNSPECIFIED.,.T.,.F.) B_SPLINE_CURVE_WITH_KNOTS((1,2
    ,2,2,2,1),(-2.094395102393,0.,2.094395102393,4.188790204786,
6.28318530718,8.377580409573),.UNSPECIFIED.) CURVE() 
GEOMETRIC_REPRESENTATION_ITEM() RATIONAL_B_SPLINE_CURVE((1.,0.5,1.,0.5,
1.,0.5,1.)) REPRESENTATION_ITEM('') );
#8254 = CARTESIAN_POINT('',(-68.2848,109.12));
#8255 = CARTESIAN_POINT('',(-68.2848,172.52137340089));
#8256 = CARTESIAN_POINT('',(-13.3776,140.82068670044));
#8257 = CARTESIAN_POINT('',(41.5296,109.12));
#8258 = CARTESIAN_POINT('',(-13.3776,77.419313299551));
#8259 = CARTESIAN_POINT('',(-68.2848,45.718626599103));
#8260 = CARTESIAN_POINT('',(-68.2848,109.12));
#8261 = ( GEOMETRIC_REPRESENTATION_CONTEXT(2) 
PARAMETRIC_REPRESENTATION_CONTEXT() REPRESENTATION_CONTEXT('2D SPACE',''
  ) );
#8262 = PCURVE('',#8263,#8268);
#8263 = CYLINDRICAL_SURFACE('',#8264,36.6048);
#8264 = AXIS2_PLACEMENT_3D('',#8265,#8266,#8267);
#8265 = CARTESIAN_POINT('',(-1.601E+03,0.,0.));
#8266 = DIRECTION('',(1.,-0.,1.110223024625E-16));
#8267 = DIRECTION('',(1.110223024625E-16,0.,-1.));
#8268 = DEFINITIONAL_REPRESENTATION('',(#8269),#8273);
#8269 = LINE('',#8270,#8271);
#8270 = CARTESIAN_POINT('',(0.,1.));
#8271 = VECTOR('',#8272,1.);
#8272 = DIRECTION('',(1.,0.));
#8273 = ( GEOMETRIC_REPRESENTATION_CONTEXT(2) 
PARAMETRIC_REPRESENTATION_CONTEXT() REPRESENTATION_CONTEXT('2D SPACE',''
  ) );
#8274 = ADVANCED_FACE('',(#8275),#7922,.T.);
#8275 = FACE_BOUND('',#8276,.T.);
#8276 = EDGE_LOOP('',(#8277,#8278,#8300,#8327));
#8277 = ORIENTED_EDGE('',*,*,#8218,.F.);
#8278 = ORIENTED_EDGE('',*,*,#8279,.T.);
#8279 = EDGE_CURVE('',#8192,#8280,#8282,.T.);
#8280 = VERTEX_POINT('',#8281);
#8281 = CARTESIAN_POINT('',(-1.36E+03,-160.,36.));
#8282 = SURFACE_CURVE('',#8283,(#8286,#8293),.PCURVE_S1.);
#8283 = B_SPLINE_CURVE_WITH_KNOTS('',1,(#8284,#8285),.UNSPECIFIED.,.F.,
  .F.,(2,2),(0.,1.),.PIECEWISE_BEZIER_KNOTS.);
#8284 = CARTESIAN_POINT('',(-1.6E+03,-140.8,31.68));
#8285 = CARTESIAN_POINT('',(-1.36E+03,-160.,36.));
#8286 = PCURVE('',#7922,#8287);
#8287 = DEFINITIONAL_REPRESENTATION('',(#8288),#8292);
#8288 = LINE('',#8289,#8290);
#8289 = CARTESIAN_POINT('',(1.570796326795,0.));
#8290 = VECTOR('',#8291,1.);
#8291 = DIRECTION('',(0.,1.));
#8292 = ( GEOMETRIC_REPRESENTATION_CONTEXT(2) 
PARAMETRIC_REPRESENTATION_CONTEXT() REPRESENTATION_CONTEXT('2D SPACE',''
  ) );
#8293 = PCURVE('',#8207,#8294);
#8294 = DEFINITIONAL_REPRESENTATION('',(#8295),#8299);
#8295 = LINE('',#8296,#8297);
#8296 = CARTESIAN_POINT('',(-36.,0.));
#8297 = VECTOR('',#8298,1.);
#8298 = DIRECTION('',(0.,1.));
#8299 = ( GEOMETRIC_REPRESENTATION_CONTEXT(2) 
PARAMETRIC_REPRESENTATION_CONTEXT() REPRESENTATION_CONTEXT('2D SPACE',''
  ) );
#8300 = ORIENTED_EDGE('',*,*,#8301,.T.);
#8301 = EDGE_CURVE('',#8280,#7908,#8302,.T.);
#8302 = SURFACE_CURVE('',#8303,(#8308,#8315),.PCURVE_S1.);
#8303 = CIRCLE('',#8304,36.);
#8304 = AXIS2_PLACEMENT_3D('',#8305,#8306,#8307);
#8305 = CARTESIAN_POINT('',(-1.36E+03,-124.,36.));
#8306 = DIRECTION('',(-1.,0.,-1.110223024625E-16));
#8307 = DIRECTION('',(-1.110223024625E-16,0.,1.));
#8308 = PCURVE('',#7922,#8309);
#8309 = DEFINITIONAL_REPRESENTATION('',(#8310),#8314);
#8310 = LINE('',#8311,#8312);
#8311 = CARTESIAN_POINT('',(6.28318530718,1.));
#8312 = VECTOR('',#8313,1.);
#8313 = DIRECTION('',(-1.,0.));
#8314 = ( GEOMETRIC_REPRESENTATION_CONTEXT(2) 
PARAMETRIC_REPRESENTATION_CONTEXT() REPRESENTATION_CONTEXT('2D SPACE',''
  ) );
#8315 = PCURVE('',#8316,#8321);
#8316 = CYLINDRICAL_SURFACE('',#8317,36.);
#8317 = AXIS2_PLACEMENT_3D('',#8318,#8319,#8320);
#8318 = CARTESIAN_POINT('',(-1.36E+03,-124.,36.));
#8319 = DIRECTION('',(1.,-0.,1.110223024625E-16));
#8320 = DIRECTION('',(-1.110223024625E-16,0.,1.));
#8321 = DEFINITIONAL_REPRESENTATION('',(#8322),#8326);
#8322 = LINE('',#8323,#8324);
#8323 = CARTESIAN_POINT('',(6.28318530718,0.));
#8324 = VECTOR('',#8325,1.);
#8325 = DIRECTION('',(-1.,0.));
#8326 = ( GEOMETRIC_REPRESENTATION_CONTEXT(2) 
PARAMETRIC_REPRESENTATION_CONTEXT() REPRESENTATION_CONTEXT('2D SPACE',''
  ) );
#8327 = ORIENTED_EDGE('',*,*,#7907,.F.);
#8328 = ADVANCED_FACE('',(#8329),#7966,.T.);
#8329 = FACE_BOUND('',#8330,.T.);
#8330 = EDGE_LOOP('',(#8331,#8332,#8352,#8380));
#8331 = ORIENTED_EDGE('',*,*,#7950,.F.);
#8332 = ORIENTED_EDGE('',*,*,#8333,.T.);
#8333 = EDGE_CURVE('',#7908,#8334,#8336,.T.);
#8334 = VERTEX_POINT('',#8335);
#8335 = CARTESIAN_POINT('',(-320.,-124.,72.));
#8336 = SURFACE_CURVE('',#8337,(#8340,#8346),.PCURVE_S1.);
#8337 = B_SPLINE_CURVE_WITH_KNOTS('',1,(#8338,#8339),.UNSPECIFIED.,.F.,
  .F.,(2,2),(0.,1.),.PIECEWISE_BEZIER_KNOTS.);
#8338 = CARTESIAN_POINT('',(-1.36E+03,-124.,72.));
#8339 = CARTESIAN_POINT('',(-320.,-124.,72.));
#8340 = PCURVE('',#7966,#8341);
#8341 = DEFINITIONAL_REPRESENTATION('',(#8342),#8345);
#8342 = B_SPLINE_CURVE_WITH_KNOTS('',1,(#8343,#8344),.UNSPECIFIED.,.F.,
  .F.,(2,2),(0.,1.),.PIECEWISE_BEZIER_KNOTS.);
#8343 = CARTESIAN_POINT('',(124.,-1.04E+03));
#8344 = CARTESIAN_POINT('',(124.,0.));
#8345 = ( GEOMETRIC_REPRESENTATION_CONTEXT(2) 
PARAMETRIC_REPRESENTATION_CONTEXT() REPRESENTATION_CONTEXT('2D SPACE',''
  ) );
#8346 = PCURVE('',#8316,#8347);
#8347 = DEFINITIONAL_REPRESENTATION('',(#8348),#8351);
#8348 = B_SPLINE_CURVE_WITH_KNOTS('',1,(#8349,#8350),.UNSPECIFIED.,.F.,
  .F.,(2,2),(0.,1.),.PIECEWISE_BEZIER_KNOTS.);
#8349 = CARTESIAN_POINT('',(0.,0.));
#8350 = CARTESIAN_POINT('',(0.,1.04E+03));
#8351 = ( GEOMETRIC_REPRESENTATION_CONTEXT(2) 
PARAMETRIC_REPRESENTATION_CONTEXT() REPRESENTATION_CONTEXT('2D SPACE',''
  ) );
#8352 = ORIENTED_EDGE('',*,*,#8353,.T.);
#8353 = EDGE_CURVE('',#8334,#8354,#8356,.T.);
#8354 = VERTEX_POINT('',#8355);
#8355 = CARTESIAN_POINT('',(-320.,124.,72.));
#8356 = SURFACE_CURVE('',#8357,(#8361,#8368),.PCURVE_S1.);
#8357 = LINE('',#8358,#8359);
#8358 = CARTESIAN_POINT('',(-320.,0.,72.));
#8359 = VECTOR('',#8360,1.);
#8360 = DIRECTION('',(0.,1.,0.));
#8361 = PCURVE('',#7966,#8362);
#8362 = DEFINITIONAL_REPRESENTATION('',(#8363),#8367);
#8363 = LINE('',#8364,#8365);
#8364 = CARTESIAN_POINT('',(0.,0.));
#8365 = VECTOR('',#8366,1.);
#8366 = DIRECTION('',(-1.,0.));
#8367 = ( GEOMETRIC_REPRESENTATION_CONTEXT(2) 
PARAMETRIC_REPRESENTATION_CONTEXT() REPRESENTATION_CONTEXT('2D SPACE',''
  ) );
#8368 = PCURVE('',#8369,#8374);
#8369 = PLANE('',#8370);
#8370 = AXIS2_PLACEMENT_3D('',#8371,#8372,#8373);
#8371 = CARTESIAN_POINT('',(-320.,-124.,36.));
#8372 = DIRECTION('',(-1.,0.,-1.110223024625E-16));
#8373 = DIRECTION('',(-1.110223024625E-16,0.,1.));
#8374 = DEFINITIONAL_REPRESENTATION('',(#8375),#8379);
#8375 = LINE('',#8376,#8377);
#8376 = CARTESIAN_POINT('',(36.,124.));
#8377 = VECTOR('',#8378,1.);
#8378 = DIRECTION('',(0.,1.));
#8379 = ( GEOMETRIC_REPRESENTATION_CONTEXT(2) 
PARAMETRIC_REPRESENTATION_CONTEXT() REPRESENTATION_CONTEXT('2D SPACE',''
  ) );
#8380 = ORIENTED_EDGE('',*,*,#8381,.F.);
#8381 = EDGE_CURVE('',#7951,#8354,#8382,.T.);
#8382 = SURFACE_CURVE('',#8383,(#8386,#8392),.PCURVE_S1.);
#8383 = B_SPLINE_CURVE_WITH_KNOTS('',1,(#8384,#8385),.UNSPECIFIED.,.F.,
  .F.,(2,2),(0.,1.),.PIECEWISE_BEZIER_KNOTS.);
#8384 = CARTESIAN_POINT('',(-1.36E+03,124.,72.));
#8385 = CARTESIAN_POINT('',(-320.,124.,72.));
#8386 = PCURVE('',#7966,#8387);
#8387 = DEFINITIONAL_REPRESENTATION('',(#8388),#8391);
#8388 = B_SPLINE_CURVE_WITH_KNOTS('',1,(#8389,#8390),.UNSPECIFIED.,.F.,
  .F.,(2,2),(0.,1.),.PIECEWISE_BEZIER_KNOTS.);
#8389 = CARTESIAN_POINT('',(-124.,-1.04E+03));
#8390 = CARTESIAN_POINT('',(-124.,0.));
#8391 = ( GEOMETRIC_REPRESENTATION_CONTEXT(2) 
PARAMETRIC_REPRESENTATION_CONTEXT() REPRESENTATION_CONTEXT('2D SPACE',''
  ) );
#8392 = PCURVE('',#8393,#8398);
#8393 = CYLINDRICAL_SURFACE('',#8394,36.);
#8394 = AXIS2_PLACEMENT_3D('',#8395,#8396,#8397);
#8395 = CARTESIAN_POINT('',(-1.36E+03,124.,36.));
#8396 = DIRECTION('',(1.,-0.,1.110223024625E-16));
#8397 = DIRECTION('',(-1.110223024625E-16,0.,1.));
#8398 = DEFINITIONAL_REPRESENTATION('',(#8399),#8402);
#8399 = B_SPLINE_CURVE_WITH_KNOTS('',1,(#8400,#8401),.UNSPECIFIED.,.F.,
  .F.,(2,2),(0.,1.),.PIECEWISE_BEZIER_KNOTS.);
#8400 = CARTESIAN_POINT('',(6.28318530718,0.));
#8401 = CARTESIAN_POINT('',(6.28318530718,1.04E+03));
#8402 = ( GEOMETRIC_REPRESENTATION_CONTEXT(2) 
PARAMETRIC_REPRESENTATION_CONTEXT() REPRESENTATION_CONTEXT('2D SPACE',''
  ) );
#8403 = ADVANCED_FACE('',(#8404),#7991,.T.);
#8404 = FACE_BOUND('',#8405,.T.);
#8405 = EDGE_LOOP('',(#8406,#8407,#8408,#8432));
#8406 = ORIENTED_EDGE('',*,*,#8023,.F.);
#8407 = ORIENTED_EDGE('',*,*,#7978,.T.);
#8408 = ORIENTED_EDGE('',*,*,#8409,.T.);
#8409 = EDGE_CURVE('',#7951,#8410,#8412,.T.);
#8410 = VERTEX_POINT('',#8411);
#8411 = CARTESIAN_POINT('',(-1.36E+03,160.,36.));
#8412 = SURFACE_CURVE('',#8413,(#8418,#8425),.PCURVE_S1.);
#8413 = CIRCLE('',#8414,36.);
#8414 = AXIS2_PLACEMENT_3D('',#8415,#8416,#8417);
#8415 = CARTESIAN_POINT('',(-1.36E+03,124.,36.));
#8416 = DIRECTION('',(-1.,0.,-1.110223024625E-16));
#8417 = DIRECTION('',(-1.110223024625E-16,0.,1.));
#8418 = PCURVE('',#7991,#8419);
#8419 = DEFINITIONAL_REPRESENTATION('',(#8420),#8424);
#8420 = LINE('',#8421,#8422);
#8421 = CARTESIAN_POINT('',(6.28318530718,1.));
#8422 = VECTOR('',#8423,1.);
#8423 = DIRECTION('',(-1.,0.));
#8424 = ( GEOMETRIC_REPRESENTATION_CONTEXT(2) 
PARAMETRIC_REPRESENTATION_CONTEXT() REPRESENTATION_CONTEXT('2D SPACE',''
  ) );
#8425 = PCURVE('',#8393,#8426);
#8426 = DEFINITIONAL_REPRESENTATION('',(#8427),#8431);
#8427 = LINE('',#8428,#8429);
#8428 = CARTESIAN_POINT('',(6.28318530718,0.));
#8429 = VECTOR('',#8430,1.);
#8430 = DIRECTION('',(-1.,0.));
#8431 = ( GEOMETRIC_REPRESENTATION_CONTEXT(2) 
PARAMETRIC_REPRESENTATION_CONTEXT() REPRESENTATION_CONTEXT('2D SPACE',''
  ) );
#8432 = ORIENTED_EDGE('',*,*,#8433,.F.);
#8433 = EDGE_CURVE('',#8024,#8410,#8434,.T.);
#8434 = SURFACE_CURVE('',#8435,(#8438,#8445),.PCURVE_S1.);
#8435 = B_SPLINE_CURVE_WITH_KNOTS('',1,(#8436,#8437),.UNSPECIFIED.,.F.,
  .F.,(2,2),(0.,1.),.PIECEWISE_BEZIER_KNOTS.);
#8436 = CARTESIAN_POINT('',(-1.6E+03,140.8,31.68));
#8437 = CARTESIAN_POINT('',(-1.36E+03,160.,36.));
#8438 = PCURVE('',#7991,#8439);
#8439 = DEFINITIONAL_REPRESENTATION('',(#8440),#8444);
#8440 = LINE('',#8441,#8442);
#8441 = CARTESIAN_POINT('',(4.712388980385,0.));
#8442 = VECTOR('',#8443,1.);
#8443 = DIRECTION('',(0.,1.));
#8444 = ( GEOMETRIC_REPRESENTATION_CONTEXT(2) 
PARAMETRIC_REPRESENTATION_CONTEXT() REPRESENTATION_CONTEXT('2D SPACE',''
  ) );
#8445 = PCURVE('',#8063,#8446);
#8446 = DEFINITIONAL_REPRESENTATION('',(#8447),#8451);
#8447 = LINE('',#8448,#8449);
#8448 = CARTESIAN_POINT('',(36.,0.));
#8449 = VECTOR('',#8450,1.);
#8450 = DIRECTION('',(0.,1.));
#8451 = ( GEOMETRIC_REPRESENTATION_CONTEXT(2) 
PARAMETRIC_REPRESENTATION_CONTEXT() REPRESENTATION_CONTEXT('2D SPACE',''
  ) );
#8452 = ADVANCED_FACE('',(#8453),#8207,.T.);
#8453 = FACE_BOUND('',#8454,.T.);
#8454 = EDGE_LOOP('',(#8455,#8456,#8478,#8504));
#8455 = ORIENTED_EDGE('',*,*,#8191,.T.);
#8456 = ORIENTED_EDGE('',*,*,#8457,.T.);
#8457 = EDGE_CURVE('',#8147,#8458,#8460,.T.);
#8458 = VERTEX_POINT('',#8459);
#8459 = CARTESIAN_POINT('',(-1.36E+03,-160.,-35.99999996829));
#8460 = SURFACE_CURVE('',#8461,(#8464,#8471),.PCURVE_S1.);
#8461 = B_SPLINE_CURVE_WITH_KNOTS('',1,(#8462,#8463),.UNSPECIFIED.,.F.,
  .F.,(2,2),(0.,1.),.PIECEWISE_BEZIER_KNOTS.);
#8462 = CARTESIAN_POINT('',(-1.6E+03,-140.8,-31.67999999888));
#8463 = CARTESIAN_POINT('',(-1.36E+03,-160.,-35.99999996829));
#8464 = PCURVE('',#8207,#8465);
#8465 = DEFINITIONAL_REPRESENTATION('',(#8466),#8470);
#8466 = LINE('',#8467,#8468);
#8467 = CARTESIAN_POINT('',(35.999999968294,0.));
#8468 = VECTOR('',#8469,1.);
#8469 = DIRECTION('',(0.,1.));
#8470 = ( GEOMETRIC_REPRESENTATION_CONTEXT(2) 
PARAMETRIC_REPRESENTATION_CONTEXT() REPRESENTATION_CONTEXT('2D SPACE',''
  ) );
#8471 = PCURVE('',#8163,#8472);
#8472 = DEFINITIONAL_REPRESENTATION('',(#8473),#8477);
#8473 = LINE('',#8474,#8475);
#8474 = CARTESIAN_POINT('',(1.570796326795,0.));
#8475 = VECTOR('',#8476,1.);
#8476 = DIRECTION('',(0.,1.));
#8477 = ( GEOMETRIC_REPRESENTATION_CONTEXT(2) 
PARAMETRIC_REPRESENTATION_CONTEXT() REPRESENTATION_CONTEXT('2D SPACE',''
  ) );
#8478 = ORIENTED_EDGE('',*,*,#8479,.F.);
#8479 = EDGE_CURVE('',#8280,#8458,#8480,.T.);
#8480 = SURFACE_CURVE('',#8481,(#8485,#8492),.PCURVE_S1.);
#8481 = LINE('',#8482,#8483);
#8482 = CARTESIAN_POINT('',(-1.36E+03,-160.,-2.84217094304E-14));
#8483 = VECTOR('',#8484,1.);
#8484 = DIRECTION('',(1.110223024625E-16,0.,-1.));
#8485 = PCURVE('',#8207,#8486);
#8486 = DEFINITIONAL_REPRESENTATION('',(#8487),#8491);
#8487 = LINE('',#8488,#8489);
#8488 = CARTESIAN_POINT('',(0.,1.));
#8489 = VECTOR('',#8490,1.);
#8490 = DIRECTION('',(1.,0.));
#8491 = ( GEOMETRIC_REPRESENTATION_CONTEXT(2) 
PARAMETRIC_REPRESENTATION_CONTEXT() REPRESENTATION_CONTEXT('2D SPACE',''
  ) );
#8492 = PCURVE('',#8493,#8498);
#8493 = PLANE('',#8494);
#8494 = AXIS2_PLACEMENT_3D('',#8495,#8496,#8497);
#8495 = CARTESIAN_POINT('',(-320.,-160.,-2.84217094304E-14));
#8496 = DIRECTION('',(0.,-1.,0.));
#8497 = DIRECTION('',(1.110223024625E-16,0.,-1.));
#8498 = DEFINITIONAL_REPRESENTATION('',(#8499),#8503);
#8499 = LINE('',#8500,#8501);
#8500 = CARTESIAN_POINT('',(-1.15463194561E-13,-1.04E+03));
#8501 = VECTOR('',#8502,1.);
#8502 = DIRECTION('',(1.,0.));
#8503 = ( GEOMETRIC_REPRESENTATION_CONTEXT(2) 
PARAMETRIC_REPRESENTATION_CONTEXT() REPRESENTATION_CONTEXT('2D SPACE',''
  ) );
#8504 = ORIENTED_EDGE('',*,*,#8279,.F.);
#8505 = ADVANCED_FACE('',(#8506),#8063,.T.);
#8506 = FACE_BOUND('',#8507,.T.);
#8507 = EDGE_LOOP('',(#8508,#8509,#8510,#8538));
#8508 = ORIENTED_EDGE('',*,*,#8047,.F.);
#8509 = ORIENTED_EDGE('',*,*,#8433,.T.);
#8510 = ORIENTED_EDGE('',*,*,#8511,.T.);
#8511 = EDGE_CURVE('',#8410,#8512,#8514,.T.);
#8512 = VERTEX_POINT('',#8513);
#8513 = CARTESIAN_POINT('',(-1.36E+03,160.,-35.99999996829));
#8514 = SURFACE_CURVE('',#8515,(#8519,#8526),.PCURVE_S1.);
#8515 = LINE('',#8516,#8517);
#8516 = CARTESIAN_POINT('',(-1.36E+03,160.,-2.84217094304E-14));
#8517 = VECTOR('',#8518,1.);
#8518 = DIRECTION('',(1.110223024625E-16,0.,-1.));
#8519 = PCURVE('',#8063,#8520);
#8520 = DEFINITIONAL_REPRESENTATION('',(#8521),#8525);
#8521 = LINE('',#8522,#8523);
#8522 = CARTESIAN_POINT('',(0.,1.));
#8523 = VECTOR('',#8524,1.);
#8524 = DIRECTION('',(-1.,0.));
#8525 = ( GEOMETRIC_REPRESENTATION_CONTEXT(2) 
PARAMETRIC_REPRESENTATION_CONTEXT() REPRESENTATION_CONTEXT('2D SPACE',''
  ) );
#8526 = PCURVE('',#8527,#8532);
#8527 = PLANE('',#8528);
#8528 = AXIS2_PLACEMENT_3D('',#8529,#8530,#8531);
#8529 = CARTESIAN_POINT('',(-320.,160.,-2.84217094304E-14));
#8530 = DIRECTION('',(-0.,1.,0.));
#8531 = DIRECTION('',(-1.110223024625E-16,-0.,1.));
#8532 = DEFINITIONAL_REPRESENTATION('',(#8533),#8537);
#8533 = LINE('',#8534,#8535);
#8534 = CARTESIAN_POINT('',(1.15463194561E-13,-1.04E+03));
#8535 = VECTOR('',#8536,1.);
#8536 = DIRECTION('',(-1.,0.));
#8537 = ( GEOMETRIC_REPRESENTATION_CONTEXT(2) 
PARAMETRIC_REPRESENTATION_CONTEXT() REPRESENTATION_CONTEXT('2D SPACE',''
  ) );
#8538 = ORIENTED_EDGE('',*,*,#8539,.F.);
#8539 = EDGE_CURVE('',#8048,#8512,#8540,.T.);
#8540 = SURFACE_CURVE('',#8541,(#8544,#8551),.PCURVE_S1.);
#8541 = B_SPLINE_CURVE_WITH_KNOTS('',1,(#8542,#8543),.UNSPECIFIED.,.F.,
  .F.,(2,2),(0.,1.),.PIECEWISE_BEZIER_KNOTS.);
#8542 = CARTESIAN_POINT('',(-1.6E+03,140.8,-31.67999999888));
#8543 = CARTESIAN_POINT('',(-1.36E+03,160.,-35.99999996829));
#8544 = PCURVE('',#8063,#8545);
#8545 = DEFINITIONAL_REPRESENTATION('',(#8546),#8550);
#8546 = LINE('',#8547,#8548);
#8547 = CARTESIAN_POINT('',(-35.99999996829,0.));
#8548 = VECTOR('',#8549,1.);
#8549 = DIRECTION('',(0.,1.));
#8550 = ( GEOMETRIC_REPRESENTATION_CONTEXT(2) 
PARAMETRIC_REPRESENTATION_CONTEXT() REPRESENTATION_CONTEXT('2D SPACE',''
  ) );
#8551 = PCURVE('',#8091,#8552);
#8552 = DEFINITIONAL_REPRESENTATION('',(#8553),#8557);
#8553 = LINE('',#8554,#8555);
#8554 = CARTESIAN_POINT('',(4.712388980385,0.));
#8555 = VECTOR('',#8556,1.);
#8556 = DIRECTION('',(0.,1.));
#8557 = ( GEOMETRIC_REPRESENTATION_CONTEXT(2) 
PARAMETRIC_REPRESENTATION_CONTEXT() REPRESENTATION_CONTEXT('2D SPACE',''
  ) );
#8558 = ADVANCED_FACE('',(#8559),#8163,.T.);
#8559 = FACE_BOUND('',#8560,.T.);
#8560 = EDGE_LOOP('',(#8561,#8562,#8584,#8611));
#8561 = ORIENTED_EDGE('',*,*,#8146,.F.);
#8562 = ORIENTED_EDGE('',*,*,#8563,.T.);
#8563 = EDGE_CURVE('',#8120,#8564,#8566,.T.);
#8564 = VERTEX_POINT('',#8565);
#8565 = CARTESIAN_POINT('',(-1.36E+03,-124.,-71.99999998414));
#8566 = SURFACE_CURVE('',#8567,(#8570,#8577),.PCURVE_S1.);
#8567 = B_SPLINE_CURVE_WITH_KNOTS('',1,(#8568,#8569),.UNSPECIFIED.,.F.,
  .F.,(2,2),(0.,1.),.PIECEWISE_BEZIER_KNOTS.);
#8568 = CARTESIAN_POINT('',(-1.6E+03,-109.12,-63.35999999888));
#8569 = CARTESIAN_POINT('',(-1.36E+03,-124.,-71.99999996829));
#8570 = PCURVE('',#8163,#8571);
#8571 = DEFINITIONAL_REPRESENTATION('',(#8572),#8576);
#8572 = LINE('',#8573,#8574);
#8573 = CARTESIAN_POINT('',(3.14159265359,0.));
#8574 = VECTOR('',#8575,1.);
#8575 = DIRECTION('',(0.,1.));
#8576 = ( GEOMETRIC_REPRESENTATION_CONTEXT(2) 
PARAMETRIC_REPRESENTATION_CONTEXT() REPRESENTATION_CONTEXT('2D SPACE',''
  ) );
#8577 = PCURVE('',#8135,#8578);
#8578 = DEFINITIONAL_REPRESENTATION('',(#8579),#8583);
#8579 = LINE('',#8580,#8581);
#8580 = CARTESIAN_POINT('',(-124.,0.));
#8581 = VECTOR('',#8582,1.);
#8582 = DIRECTION('',(0.,1.));
#8583 = ( GEOMETRIC_REPRESENTATION_CONTEXT(2) 
PARAMETRIC_REPRESENTATION_CONTEXT() REPRESENTATION_CONTEXT('2D SPACE',''
  ) );
#8584 = ORIENTED_EDGE('',*,*,#8585,.T.);
#8585 = EDGE_CURVE('',#8564,#8458,#8586,.T.);
#8586 = SURFACE_CURVE('',#8587,(#8592,#8599),.PCURVE_S1.);
#8587 = CIRCLE('',#8588,36.);
#8588 = AXIS2_PLACEMENT_3D('',#8589,#8590,#8591);
#8589 = CARTESIAN_POINT('',(-1.36E+03,-124.,-35.99999996829));
#8590 = DIRECTION('',(-1.,0.,-1.110223024625E-16));
#8591 = DIRECTION('',(-1.110223024625E-16,0.,1.));
#8592 = PCURVE('',#8163,#8593);
#8593 = DEFINITIONAL_REPRESENTATION('',(#8594),#8598);
#8594 = LINE('',#8595,#8596);
#8595 = CARTESIAN_POINT('',(6.28318530718,1.));
#8596 = VECTOR('',#8597,1.);
#8597 = DIRECTION('',(-1.,0.));
#8598 = ( GEOMETRIC_REPRESENTATION_CONTEXT(2) 
PARAMETRIC_REPRESENTATION_CONTEXT() REPRESENTATION_CONTEXT('2D SPACE',''
  ) );
#8599 = PCURVE('',#8600,#8605);
#8600 = CYLINDRICAL_SURFACE('',#8601,36.);
#8601 = AXIS2_PLACEMENT_3D('',#8602,#8603,#8604);
#8602 = CARTESIAN_POINT('',(-1.36E+03,-124.,-35.99999996829));
#8603 = DIRECTION('',(1.,-0.,1.110223024625E-16));
#8604 = DIRECTION('',(-1.110223024625E-16,0.,1.));
#8605 = DEFINITIONAL_REPRESENTATION('',(#8606),#8610);
#8606 = LINE('',#8607,#8608);
#8607 = CARTESIAN_POINT('',(6.28318530718,0.));
#8608 = VECTOR('',#8609,1.);
#8609 = DIRECTION('',(-1.,0.));
#8610 = ( GEOMETRIC_REPRESENTATION_CONTEXT(2) 
PARAMETRIC_REPRESENTATION_CONTEXT() REPRESENTATION_CONTEXT('2D SPACE',''
  ) );
#8611 = ORIENTED_EDGE('',*,*,#8457,.F.);
#8612 = ADVANCED_FACE('',(#8613),#8091,.T.);
#8613 = FACE_BOUND('',#8614,.T.);
#8614 = EDGE_LOOP('',(#8615,#8616,#8617,#8646));
#8615 = ORIENTED_EDGE('',*,*,#8074,.F.);
#8616 = ORIENTED_EDGE('',*,*,#8539,.T.);
#8617 = ORIENTED_EDGE('',*,*,#8618,.T.);
#8618 = EDGE_CURVE('',#8512,#8619,#8621,.T.);
#8619 = VERTEX_POINT('',#8620);
#8620 = CARTESIAN_POINT('',(-1.36E+03,124.,-71.99999998414));
#8621 = SURFACE_CURVE('',#8622,(#8627,#8634),.PCURVE_S1.);
#8622 = CIRCLE('',#8623,36.);
#8623 = AXIS2_PLACEMENT_3D('',#8624,#8625,#8626);
#8624 = CARTESIAN_POINT('',(-1.36E+03,124.,-35.99999996829));
#8625 = DIRECTION('',(-1.,0.,-1.110223024625E-16));
#8626 = DIRECTION('',(-1.110223024625E-16,0.,1.));
#8627 = PCURVE('',#8091,#8628);
#8628 = DEFINITIONAL_REPRESENTATION('',(#8629),#8633);
#8629 = LINE('',#8630,#8631);
#8630 = CARTESIAN_POINT('',(6.28318530718,1.));
#8631 = VECTOR('',#8632,1.);
#8632 = DIRECTION('',(-1.,0.));
#8633 = ( GEOMETRIC_REPRESENTATION_CONTEXT(2) 
PARAMETRIC_REPRESENTATION_CONTEXT() REPRESENTATION_CONTEXT('2D SPACE',''
  ) );
#8634 = PCURVE('',#8635,#8640);
#8635 = CYLINDRICAL_SURFACE('',#8636,36.);
#8636 = AXIS2_PLACEMENT_3D('',#8637,#8638,#8639);
#8637 = CARTESIAN_POINT('',(-1.36E+03,124.,-35.99999996829));
#8638 = DIRECTION('',(1.,-0.,1.110223024625E-16));
#8639 = DIRECTION('',(-1.110223024625E-16,0.,1.));
#8640 = DEFINITIONAL_REPRESENTATION('',(#8641),#8645);
#8641 = LINE('',#8642,#8643);
#8642 = CARTESIAN_POINT('',(6.28318530718,0.));
#8643 = VECTOR('',#8644,1.);
#8644 = DIRECTION('',(-1.,0.));
#8645 = ( GEOMETRIC_REPRESENTATION_CONTEXT(2) 
PARAMETRIC_REPRESENTATION_CONTEXT() REPRESENTATION_CONTEXT('2D SPACE',''
  ) );
#8646 = ORIENTED_EDGE('',*,*,#8647,.F.);
#8647 = EDGE_CURVE('',#8075,#8619,#8648,.T.);
#8648 = SURFACE_CURVE('',#8649,(#8652,#8659),.PCURVE_S1.);
#8649 = B_SPLINE_CURVE_WITH_KNOTS('',1,(#8650,#8651),.UNSPECIFIED.,.F.,
  .F.,(2,2),(0.,1.),.PIECEWISE_BEZIER_KNOTS.);
#8650 = CARTESIAN_POINT('',(-1.6E+03,109.12,-63.36));
#8651 = CARTESIAN_POINT('',(-1.36E+03,124.,-72.));
#8652 = PCURVE('',#8091,#8653);
#8653 = DEFINITIONAL_REPRESENTATION('',(#8654),#8658);
#8654 = LINE('',#8655,#8656);
#8655 = CARTESIAN_POINT('',(3.14159265359,0.));
#8656 = VECTOR('',#8657,1.);
#8657 = DIRECTION('',(0.,1.));
#8658 = ( GEOMETRIC_REPRESENTATION_CONTEXT(2) 
PARAMETRIC_REPRESENTATION_CONTEXT() REPRESENTATION_CONTEXT('2D SPACE',''
  ) );
#8659 = PCURVE('',#8135,#8660);
#8660 = DEFINITIONAL_REPRESENTATION('',(#8661),#8665);
#8661 = LINE('',#8662,#8663);
#8662 = CARTESIAN_POINT('',(124.,0.));
#8663 = VECTOR('',#8664,1.);
#8664 = DIRECTION('',(0.,1.));
#8665 = ( GEOMETRIC_REPRESENTATION_CONTEXT(2) 
PARAMETRIC_REPRESENTATION_CONTEXT() REPRESENTATION_CONTEXT('2D SPACE',''
  ) );
#8666 = ADVANCED_FACE('',(#8667),#8135,.T.);
#8667 = FACE_BOUND('',#8668,.T.);
#8668 = EDGE_LOOP('',(#8669,#8670,#8671,#8697));
#8669 = ORIENTED_EDGE('',*,*,#8119,.T.);
#8670 = ORIENTED_EDGE('',*,*,#8647,.T.);
#8671 = ORIENTED_EDGE('',*,*,#8672,.F.);
#8672 = EDGE_CURVE('',#8564,#8619,#8673,.T.);
#8673 = SURFACE_CURVE('',#8674,(#8678,#8685),.PCURVE_S1.);
#8674 = LINE('',#8675,#8676);
#8675 = CARTESIAN_POINT('',(-1.36E+03,0.,-72.));
#8676 = VECTOR('',#8677,1.);
#8677 = DIRECTION('',(0.,1.,0.));
#8678 = PCURVE('',#8135,#8679);
#8679 = DEFINITIONAL_REPRESENTATION('',(#8680),#8684);
#8680 = LINE('',#8681,#8682);
#8681 = CARTESIAN_POINT('',(0.,1.));
#8682 = VECTOR('',#8683,1.);
#8683 = DIRECTION('',(1.,0.));
#8684 = ( GEOMETRIC_REPRESENTATION_CONTEXT(2) 
PARAMETRIC_REPRESENTATION_CONTEXT() REPRESENTATION_CONTEXT('2D SPACE',''
  ) );
#8685 = PCURVE('',#8686,#8691);
#8686 = PLANE('',#8687);
#8687 = AXIS2_PLACEMENT_3D('',#8688,#8689,#8690);
#8688 = CARTESIAN_POINT('',(-320.,0.,-72.));
#8689 = DIRECTION('',(0.,0.,-1.));
#8690 = DIRECTION('',(0.,1.,0.));
#8691 = DEFINITIONAL_REPRESENTATION('',(#8692),#8696);
#8692 = LINE('',#8693,#8694);
#8693 = CARTESIAN_POINT('',(0.,-1.04E+03));
#8694 = VECTOR('',#8695,1.);
#8695 = DIRECTION('',(1.,0.));
#8696 = ( GEOMETRIC_REPRESENTATION_CONTEXT(2) 
PARAMETRIC_REPRESENTATION_CONTEXT() REPRESENTATION_CONTEXT('2D SPACE',''
  ) );
#8697 = ORIENTED_EDGE('',*,*,#8563,.F.);
#8698 = ADVANCED_FACE('',(#8699),#8263,.F.);
#8699 = FACE_BOUND('',#8700,.F.);
#8700 = EDGE_LOOP('',(#8701,#8702,#8722,#8749));
#8701 = ORIENTED_EDGE('',*,*,#8242,.T.);
#8702 = ORIENTED_EDGE('',*,*,#8703,.T.);
#8703 = EDGE_CURVE('',#8243,#8704,#8706,.T.);
#8704 = VERTEX_POINT('',#8705);
#8705 = CARTESIAN_POINT('',(-1.525E+03,0.,-36.6048));
#8706 = SEAM_CURVE('',#8707,(#8710,#8716),.PCURVE_S1.);
#8707 = B_SPLINE_CURVE_WITH_KNOTS('',1,(#8708,#8709),.UNSPECIFIED.,.F.,
  .F.,(2,2),(0.,1.),.PIECEWISE_BEZIER_KNOTS.);
#8708 = CARTESIAN_POINT('',(-1.601E+03,0.,-36.6048));
#8709 = CARTESIAN_POINT('',(-1.525E+03,0.,-36.6048));
#8710 = PCURVE('',#8263,#8711);
#8711 = DEFINITIONAL_REPRESENTATION('',(#8712),#8715);
#8712 = B_SPLINE_CURVE_WITH_KNOTS('',1,(#8713,#8714),.UNSPECIFIED.,.F.,
  .F.,(2,2),(0.,1.),.PIECEWISE_BEZIER_KNOTS.);
#8713 = CARTESIAN_POINT('',(0.,0.));
#8714 = CARTESIAN_POINT('',(0.,76.));
#8715 = ( GEOMETRIC_REPRESENTATION_CONTEXT(2) 
PARAMETRIC_REPRESENTATION_CONTEXT() REPRESENTATION_CONTEXT('2D SPACE',''
  ) );
#8716 = PCURVE('',#8263,#8717);
#8717 = DEFINITIONAL_REPRESENTATION('',(#8718),#8721);
#8718 = B_SPLINE_CURVE_WITH_KNOTS('',1,(#8719,#8720),.UNSPECIFIED.,.F.,
  .F.,(2,2),(0.,1.),.PIECEWISE_BEZIER_KNOTS.);
#8719 = CARTESIAN_POINT('',(6.28318530718,0.));
#8720 = CARTESIAN_POINT('',(6.28318530718,76.));
#8721 = ( GEOMETRIC_REPRESENTATION_CONTEXT(2) 
PARAMETRIC_REPRESENTATION_CONTEXT() REPRESENTATION_CONTEXT('2D SPACE',''
  ) );
#8722 = ORIENTED_EDGE('',*,*,#8723,.F.);
#8723 = EDGE_CURVE('',#8704,#8704,#8724,.T.);
#8724 = SURFACE_CURVE('',#8725,(#8730,#8737),.PCURVE_S1.);
#8725 = CIRCLE('',#8726,36.6048);
#8726 = AXIS2_PLACEMENT_3D('',#8727,#8728,#8729);
#8727 = CARTESIAN_POINT('',(-1.525E+03,0.,0.));
#8728 = DIRECTION('',(1.,-0.,1.110223024625E-16));
#8729 = DIRECTION('',(1.110223024625E-16,0.,-1.));
#8730 = PCURVE('',#8263,#8731);
#8731 = DEFINITIONAL_REPRESENTATION('',(#8732),#8736);
#8732 = LINE('',#8733,#8734);
#8733 = CARTESIAN_POINT('',(0.,76.));
#8734 = VECTOR('',#8735,1.);
#8735 = DIRECTION('',(1.,0.));
#8736 = ( GEOMETRIC_REPRESENTATION_CONTEXT(2) 
PARAMETRIC_REPRESENTATION_CONTEXT() REPRESENTATION_CONTEXT('2D SPACE',''
  ) );
#8737 = PCURVE('',#8738,#8743);
#8738 = PLANE('',#8739);
#8739 = AXIS2_PLACEMENT_3D('',#8740,#8741,#8742);
#8740 = CARTESIAN_POINT('',(-1.525E+03,0.,0.));
#8741 = DIRECTION('',(1.,-0.,1.110223024625E-16));
#8742 = DIRECTION('',(1.110223024625E-16,0.,-1.));
#8743 = DEFINITIONAL_REPRESENTATION('',(#8744),#8748);
#8744 = CIRCLE('',#8745,36.6048);
#8745 = AXIS2_PLACEMENT_2D('',#8746,#8747);
#8746 = CARTESIAN_POINT('',(0.,0.));
#8747 = DIRECTION('',(1.,0.));
#8748 = ( GEOMETRIC_REPRESENTATION_CONTEXT(2) 
PARAMETRIC_REPRESENTATION_CONTEXT() REPRESENTATION_CONTEXT('2D SPACE',''
  ) );
#8749 = ORIENTED_EDGE('',*,*,#8703,.F.);
#8750 = ADVANCED_FACE('',(#8751),#8316,.T.);
#8751 = FACE_BOUND('',#8752,.T.);
#8752 = EDGE_LOOP('',(#8753,#8754,#8774,#8796));
#8753 = ORIENTED_EDGE('',*,*,#8301,.F.);
#8754 = ORIENTED_EDGE('',*,*,#8755,.T.);
#8755 = EDGE_CURVE('',#8280,#8756,#8758,.T.);
#8756 = VERTEX_POINT('',#8757);
#8757 = CARTESIAN_POINT('',(-320.,-160.,36.));
#8758 = SURFACE_CURVE('',#8759,(#8762,#8768),.PCURVE_S1.);
#8759 = B_SPLINE_CURVE_WITH_KNOTS('',1,(#8760,#8761),.UNSPECIFIED.,.F.,
  .F.,(2,2),(0.,1.),.PIECEWISE_BEZIER_KNOTS.);
#8760 = CARTESIAN_POINT('',(-1.36E+03,-160.,36.));
#8761 = CARTESIAN_POINT('',(-320.,-160.,36.));
#8762 = PCURVE('',#8316,#8763);
#8763 = DEFINITIONAL_REPRESENTATION('',(#8764),#8767);
#8764 = B_SPLINE_CURVE_WITH_KNOTS('',1,(#8765,#8766),.UNSPECIFIED.,.F.,
  .F.,(2,2),(0.,1.),.PIECEWISE_BEZIER_KNOTS.);
#8765 = CARTESIAN_POINT('',(1.570796326795,0.));
#8766 = CARTESIAN_POINT('',(1.570796326795,1.04E+03));
#8767 = ( GEOMETRIC_REPRESENTATION_CONTEXT(2) 
PARAMETRIC_REPRESENTATION_CONTEXT() REPRESENTATION_CONTEXT('2D SPACE',''
  ) );
#8768 = PCURVE('',#8493,#8769);
#8769 = DEFINITIONAL_REPRESENTATION('',(#8770),#8773);
#8770 = B_SPLINE_CURVE_WITH_KNOTS('',1,(#8771,#8772),.UNSPECIFIED.,.F.,
  .F.,(2,2),(0.,1.),.PIECEWISE_BEZIER_KNOTS.);
#8771 = CARTESIAN_POINT('',(-36.,-1.04E+03));
#8772 = CARTESIAN_POINT('',(-36.,0.));
#8773 = ( GEOMETRIC_REPRESENTATION_CONTEXT(2) 
PARAMETRIC_REPRESENTATION_CONTEXT() REPRESENTATION_CONTEXT('2D SPACE',''
  ) );
#8774 = ORIENTED_EDGE('',*,*,#8775,.T.);
#8775 = EDGE_CURVE('',#8756,#8334,#8776,.T.);
#8776 = SURFACE_CURVE('',#8777,(#8782,#8789),.PCURVE_S1.);
#8777 = CIRCLE('',#8778,36.);
#8778 = AXIS2_PLACEMENT_3D('',#8779,#8780,#8781);
#8779 = CARTESIAN_POINT('',(-320.,-124.,36.));
#8780 = DIRECTION('',(-1.,0.,-1.110223024625E-16));
#8781 = DIRECTION('',(-1.110223024625E-16,0.,1.));
#8782 = PCURVE('',#8316,#8783);
#8783 = DEFINITIONAL_REPRESENTATION('',(#8784),#8788);
#8784 = LINE('',#8785,#8786);
#8785 = CARTESIAN_POINT('',(6.28318530718,1.04E+03));
#8786 = VECTOR('',#8787,1.);
#8787 = DIRECTION('',(-1.,0.));
#8788 = ( GEOMETRIC_REPRESENTATION_CONTEXT(2) 
PARAMETRIC_REPRESENTATION_CONTEXT() REPRESENTATION_CONTEXT('2D SPACE',''
  ) );
#8789 = PCURVE('',#8369,#8790);
#8790 = DEFINITIONAL_REPRESENTATION('',(#8791),#8795);
#8791 = CIRCLE('',#8792,36.);
#8792 = AXIS2_PLACEMENT_2D('',#8793,#8794);
#8793 = CARTESIAN_POINT('',(0.,0.));
#8794 = DIRECTION('',(1.,0.));
#8795 = ( GEOMETRIC_REPRESENTATION_CONTEXT(2) 
PARAMETRIC_REPRESENTATION_CONTEXT() REPRESENTATION_CONTEXT('2D SPACE',''
  ) );
#8796 = ORIENTED_EDGE('',*,*,#8333,.F.);
#8797 = ADVANCED_FACE('',(#8798,#8941),#8369,.F.);
#8798 = FACE_BOUND('',#8799,.F.);
#8799 = EDGE_LOOP('',(#8800,#8801,#8825,#8848,#8872,#8895,#8919,#8940));
#8800 = ORIENTED_EDGE('',*,*,#8353,.T.);
#8801 = ORIENTED_EDGE('',*,*,#8802,.T.);
#8802 = EDGE_CURVE('',#8354,#8803,#8805,.T.);
#8803 = VERTEX_POINT('',#8804);
#8804 = CARTESIAN_POINT('',(-320.,160.,36.));
#8805 = SURFACE_CURVE('',#8806,(#8811,#8818),.PCURVE_S1.);
#8806 = CIRCLE('',#8807,36.);
#8807 = AXIS2_PLACEMENT_3D('',#8808,#8809,#8810);
#8808 = CARTESIAN_POINT('',(-320.,124.,36.));
#8809 = DIRECTION('',(-1.,0.,-1.110223024625E-16));
#8810 = DIRECTION('',(-1.110223024625E-16,0.,1.));
#8811 = PCURVE('',#8369,#8812);
#8812 = DEFINITIONAL_REPRESENTATION('',(#8813),#8817);
#8813 = CIRCLE('',#8814,36.);
#8814 = AXIS2_PLACEMENT_2D('',#8815,#8816);
#8815 = CARTESIAN_POINT('',(0.,248.));
#8816 = DIRECTION('',(1.,0.));
#8817 = ( GEOMETRIC_REPRESENTATION_CONTEXT(2) 
PARAMETRIC_REPRESENTATION_CONTEXT() REPRESENTATION_CONTEXT('2D SPACE',''
  ) );
#8818 = PCURVE('',#8393,#8819);
#8819 = DEFINITIONAL_REPRESENTATION('',(#8820),#8824);
#8820 = LINE('',#8821,#8822);
#8821 = CARTESIAN_POINT('',(6.28318530718,1.04E+03));
#8822 = VECTOR('',#8823,1.);
#8823 = DIRECTION('',(-1.,0.));
#8824 = ( GEOMETRIC_REPRESENTATION_CONTEXT(2) 
PARAMETRIC_REPRESENTATION_CONTEXT() REPRESENTATION_CONTEXT('2D SPACE',''
  ) );
#8825 = ORIENTED_EDGE('',*,*,#8826,.T.);
#8826 = EDGE_CURVE('',#8803,#8827,#8829,.T.);
#8827 = VERTEX_POINT('',#8828);
#8828 = CARTESIAN_POINT('',(-320.,160.,-35.99999996829));
#8829 = SURFACE_CURVE('',#8830,(#8834,#8841),.PCURVE_S1.);
#8830 = LINE('',#8831,#8832);
#8831 = CARTESIAN_POINT('',(-320.,160.,-2.84217094304E-14));
#8832 = VECTOR('',#8833,1.);
#8833 = DIRECTION('',(1.110223024625E-16,0.,-1.));
#8834 = PCURVE('',#8369,#8835);
#8835 = DEFINITIONAL_REPRESENTATION('',(#8836),#8840);
#8836 = LINE('',#8837,#8838);
#8837 = CARTESIAN_POINT('',(-36.,284.));
#8838 = VECTOR('',#8839,1.);
#8839 = DIRECTION('',(-1.,0.));
#8840 = ( GEOMETRIC_REPRESENTATION_CONTEXT(2) 
PARAMETRIC_REPRESENTATION_CONTEXT() REPRESENTATION_CONTEXT('2D SPACE',''
  ) );
#8841 = PCURVE('',#8527,#8842);
#8842 = DEFINITIONAL_REPRESENTATION('',(#8843),#8847);
#8843 = LINE('',#8844,#8845);
#8844 = CARTESIAN_POINT('',(0.,0.));
#8845 = VECTOR('',#8846,1.);
#8846 = DIRECTION('',(-1.,0.));
#8847 = ( GEOMETRIC_REPRESENTATION_CONTEXT(2) 
PARAMETRIC_REPRESENTATION_CONTEXT() REPRESENTATION_CONTEXT('2D SPACE',''
  ) );
#8848 = ORIENTED_EDGE('',*,*,#8849,.T.);
#8849 = EDGE_CURVE('',#8827,#8850,#8852,.T.);
#8850 = VERTEX_POINT('',#8851);
#8851 = CARTESIAN_POINT('',(-320.,124.,-71.99999998414));
#8852 = SURFACE_CURVE('',#8853,(#8858,#8865),.PCURVE_S1.);
#8853 = CIRCLE('',#8854,36.);
#8854 = AXIS2_PLACEMENT_3D('',#8855,#8856,#8857);
#8855 = CARTESIAN_POINT('',(-320.,124.,-35.99999996829));
#8856 = DIRECTION('',(-1.,0.,-1.110223024625E-16));
#8857 = DIRECTION('',(-1.110223024625E-16,0.,1.));
#8858 = PCURVE('',#8369,#8859);
#8859 = DEFINITIONAL_REPRESENTATION('',(#8860),#8864);
#8860 = CIRCLE('',#8861,36.);
#8861 = AXIS2_PLACEMENT_2D('',#8862,#8863);
#8862 = CARTESIAN_POINT('',(-71.99999996829,248.));
#8863 = DIRECTION('',(1.,0.));
#8864 = ( GEOMETRIC_REPRESENTATION_CONTEXT(2) 
PARAMETRIC_REPRESENTATION_CONTEXT() REPRESENTATION_CONTEXT('2D SPACE',''
  ) );
#8865 = PCURVE('',#8635,#8866);
#8866 = DEFINITIONAL_REPRESENTATION('',(#8867),#8871);
#8867 = LINE('',#8868,#8869);
#8868 = CARTESIAN_POINT('',(6.28318530718,1.04E+03));
#8869 = VECTOR('',#8870,1.);
#8870 = DIRECTION('',(-1.,0.));
#8871 = ( GEOMETRIC_REPRESENTATION_CONTEXT(2) 
PARAMETRIC_REPRESENTATION_CONTEXT() REPRESENTATION_CONTEXT('2D SPACE',''
  ) );
#8872 = ORIENTED_EDGE('',*,*,#8873,.F.);
#8873 = EDGE_CURVE('',#8874,#8850,#8876,.T.);
#8874 = VERTEX_POINT('',#8875);
#8875 = CARTESIAN_POINT('',(-320.,-124.,-71.99999998414));
#8876 = SURFACE_CURVE('',#8877,(#8881,#8888),.PCURVE_S1.);
#8877 = LINE('',#8878,#8879);
#8878 = CARTESIAN_POINT('',(-320.,0.,-72.));
#8879 = VECTOR('',#8880,1.);
#8880 = DIRECTION('',(0.,1.,0.));
#8881 = PCURVE('',#8369,#8882);
#8882 = DEFINITIONAL_REPRESENTATION('',(#8883),#8887);
#8883 = LINE('',#8884,#8885);
#8884 = CARTESIAN_POINT('',(-108.,124.));
#8885 = VECTOR('',#8886,1.);
#8886 = DIRECTION('',(0.,1.));
#8887 = ( GEOMETRIC_REPRESENTATION_CONTEXT(2) 
PARAMETRIC_REPRESENTATION_CONTEXT() REPRESENTATION_CONTEXT('2D SPACE',''
  ) );
#8888 = PCURVE('',#8686,#8889);
#8889 = DEFINITIONAL_REPRESENTATION('',(#8890),#8894);
#8890 = LINE('',#8891,#8892);
#8891 = CARTESIAN_POINT('',(0.,0.));
#8892 = VECTOR('',#8893,1.);
#8893 = DIRECTION('',(1.,0.));
#8894 = ( GEOMETRIC_REPRESENTATION_CONTEXT(2) 
PARAMETRIC_REPRESENTATION_CONTEXT() REPRESENTATION_CONTEXT('2D SPACE',''
  ) );
#8895 = ORIENTED_EDGE('',*,*,#8896,.T.);
#8896 = EDGE_CURVE('',#8874,#8897,#8899,.T.);
#8897 = VERTEX_POINT('',#8898);
#8898 = CARTESIAN_POINT('',(-320.,-160.,-35.99999996829));
#8899 = SURFACE_CURVE('',#8900,(#8905,#8912),.PCURVE_S1.);
#8900 = CIRCLE('',#8901,36.);
#8901 = AXIS2_PLACEMENT_3D('',#8902,#8903,#8904);
#8902 = CARTESIAN_POINT('',(-320.,-124.,-35.99999996829));
#8903 = DIRECTION('',(-1.,0.,-1.110223024625E-16));
#8904 = DIRECTION('',(-1.110223024625E-16,0.,1.));
#8905 = PCURVE('',#8369,#8906);
#8906 = DEFINITIONAL_REPRESENTATION('',(#8907),#8911);
#8907 = CIRCLE('',#8908,36.);
#8908 = AXIS2_PLACEMENT_2D('',#8909,#8910);
#8909 = CARTESIAN_POINT('',(-71.99999996829,0.));
#8910 = DIRECTION('',(1.,0.));
#8911 = ( GEOMETRIC_REPRESENTATION_CONTEXT(2) 
PARAMETRIC_REPRESENTATION_CONTEXT() REPRESENTATION_CONTEXT('2D SPACE',''
  ) );
#8912 = PCURVE('',#8600,#8913);
#8913 = DEFINITIONAL_REPRESENTATION('',(#8914),#8918);
#8914 = LINE('',#8915,#8916);
#8915 = CARTESIAN_POINT('',(6.28318530718,1.04E+03));
#8916 = VECTOR('',#8917,1.);
#8917 = DIRECTION('',(-1.,0.));
#8918 = ( GEOMETRIC_REPRESENTATION_CONTEXT(2) 
PARAMETRIC_REPRESENTATION_CONTEXT() REPRESENTATION_CONTEXT('2D SPACE',''
  ) );
#8919 = ORIENTED_EDGE('',*,*,#8920,.F.);
#8920 = EDGE_CURVE('',#8756,#8897,#8921,.T.);
#8921 = SURFACE_CURVE('',#8922,(#8926,#8933),.PCURVE_S1.);
#8922 = LINE('',#8923,#8924);
#8923 = CARTESIAN_POINT('',(-320.,-160.,-2.84217094304E-14));
#8924 = VECTOR('',#8925,1.);
#8925 = DIRECTION('',(1.110223024625E-16,0.,-1.));
#8926 = PCURVE('',#8369,#8927);
#8927 = DEFINITIONAL_REPRESENTATION('',(#8928),#8932);
#8928 = LINE('',#8929,#8930);
#8929 = CARTESIAN_POINT('',(-36.,-36.));
#8930 = VECTOR('',#8931,1.);
#8931 = DIRECTION('',(-1.,0.));
#8932 = ( GEOMETRIC_REPRESENTATION_CONTEXT(2) 
PARAMETRIC_REPRESENTATION_CONTEXT() REPRESENTATION_CONTEXT('2D SPACE',''
  ) );
#8933 = PCURVE('',#8493,#8934);
#8934 = DEFINITIONAL_REPRESENTATION('',(#8935),#8939);
#8935 = LINE('',#8936,#8937);
#8936 = CARTESIAN_POINT('',(0.,0.));
#8937 = VECTOR('',#8938,1.);
#8938 = DIRECTION('',(1.,0.));
#8939 = ( GEOMETRIC_REPRESENTATION_CONTEXT(2) 
PARAMETRIC_REPRESENTATION_CONTEXT() REPRESENTATION_CONTEXT('2D SPACE',''
  ) );
#8940 = ORIENTED_EDGE('',*,*,#8775,.T.);
#8941 = FACE_BOUND('',#8942,.F.);
#8942 = EDGE_LOOP('',(#8943));
#8943 = ORIENTED_EDGE('',*,*,#8944,.T.);
#8944 = EDGE_CURVE('',#8945,#8945,#8947,.T.);
#8945 = VERTEX_POINT('',#8946);
#8946 = CARTESIAN_POINT('',(-320.,0.,-35.22501818181));
#8947 = SURFACE_CURVE('',#8948,(#8953,#8964),.PCURVE_S1.);
#8948 = CIRCLE('',#8949,35.225018181818);
#8949 = AXIS2_PLACEMENT_3D('',#8950,#8951,#8952);
#8950 = CARTESIAN_POINT('',(-320.,0.,1.110223024625E-15));
#8951 = DIRECTION('',(1.,-0.,1.110223024625E-16));
#8952 = DIRECTION('',(1.110223024625E-16,0.,-1.));
#8953 = PCURVE('',#8369,#8954);
#8954 = DEFINITIONAL_REPRESENTATION('',(#8955),#8963);
#8955 = ( BOUNDED_CURVE() B_SPLINE_CURVE(2,(#8956,#8957,#8958,#8959,
#8960,#8961,#8962),.UNSPECIFIED.,.T.,.F.) B_SPLINE_CURVE_WITH_KNOTS((1,2
    ,2,2,2,1),(-2.094395102393,0.,2.094395102393,4.188790204786,
6.28318530718,8.377580409573),.UNSPECIFIED.) CURVE() 
GEOMETRIC_REPRESENTATION_ITEM() RATIONAL_B_SPLINE_CURVE((1.,0.5,1.,0.5,
1.,0.5,1.)) REPRESENTATION_ITEM('') );
#8956 = CARTESIAN_POINT('',(-71.22501818181,124.));
#8957 = CARTESIAN_POINT('',(-71.22501818181,185.01152118844));
#8958 = CARTESIAN_POINT('',(-18.38749090909,154.50576059422));
#8959 = CARTESIAN_POINT('',(34.450036363636,124.));
#8960 = CARTESIAN_POINT('',(-18.38749090909,93.494239405777));
#8961 = CARTESIAN_POINT('',(-71.22501818181,62.988478811553));
#8962 = CARTESIAN_POINT('',(-71.22501818181,124.));
#8963 = ( GEOMETRIC_REPRESENTATION_CONTEXT(2) 
PARAMETRIC_REPRESENTATION_CONTEXT() REPRESENTATION_CONTEXT('2D SPACE',''
  ) );
#8964 = PCURVE('',#8965,#8970);
#8965 = CONICAL_SURFACE('',#8966,30.3552,0.453178930741);
#8966 = AXIS2_PLACEMENT_3D('',#8967,#8968,#8969);
#8967 = CARTESIAN_POINT('',(-330.,0.,0.));
#8968 = DIRECTION('',(1.,-0.,1.110223024625E-16));
#8969 = DIRECTION('',(1.110223024625E-16,0.,-1.));
#8970 = DEFINITIONAL_REPRESENTATION('',(#8971),#8975);
#8971 = LINE('',#8972,#8973);
#8972 = CARTESIAN_POINT('',(0.,10.));
#8973 = VECTOR('',#8974,1.);
#8974 = DIRECTION('',(1.,0.));
#8975 = ( GEOMETRIC_REPRESENTATION_CONTEXT(2) 
PARAMETRIC_REPRESENTATION_CONTEXT() REPRESENTATION_CONTEXT('2D SPACE',''
  ) );
#8976 = ADVANCED_FACE('',(#8977),#8393,.T.);
#8977 = FACE_BOUND('',#8978,.T.);
#8978 = EDGE_LOOP('',(#8979,#8980,#8981,#8982));
#8979 = ORIENTED_EDGE('',*,*,#8409,.F.);
#8980 = ORIENTED_EDGE('',*,*,#8381,.T.);
#8981 = ORIENTED_EDGE('',*,*,#8802,.T.);
#8982 = ORIENTED_EDGE('',*,*,#8983,.F.);
#8983 = EDGE_CURVE('',#8410,#8803,#8984,.T.);
#8984 = SURFACE_CURVE('',#8985,(#8988,#8994),.PCURVE_S1.);
#8985 = B_SPLINE_CURVE_WITH_KNOTS('',1,(#8986,#8987),.UNSPECIFIED.,.F.,
  .F.,(2,2),(0.,1.),.PIECEWISE_BEZIER_KNOTS.);
#8986 = CARTESIAN_POINT('',(-1.36E+03,160.,36.));
#8987 = CARTESIAN_POINT('',(-320.,160.,36.));
#8988 = PCURVE('',#8393,#8989);
#8989 = DEFINITIONAL_REPRESENTATION('',(#8990),#8993);
#8990 = B_SPLINE_CURVE_WITH_KNOTS('',1,(#8991,#8992),.UNSPECIFIED.,.F.,
  .F.,(2,2),(0.,1.),.PIECEWISE_BEZIER_KNOTS.);
#8991 = CARTESIAN_POINT('',(4.712388980385,0.));
#8992 = CARTESIAN_POINT('',(4.712388980385,1.04E+03));
#8993 = ( GEOMETRIC_REPRESENTATION_CONTEXT(2) 
PARAMETRIC_REPRESENTATION_CONTEXT() REPRESENTATION_CONTEXT('2D SPACE',''
  ) );
#8994 = PCURVE('',#8527,#8995);
#8995 = DEFINITIONAL_REPRESENTATION('',(#8996),#8999);
#8996 = B_SPLINE_CURVE_WITH_KNOTS('',1,(#8997,#8998),.UNSPECIFIED.,.F.,
  .F.,(2,2),(0.,1.),.PIECEWISE_BEZIER_KNOTS.);
#8997 = CARTESIAN_POINT('',(36.,-1.04E+03));
#8998 = CARTESIAN_POINT('',(36.,0.));
#8999 = ( GEOMETRIC_REPRESENTATION_CONTEXT(2) 
PARAMETRIC_REPRESENTATION_CONTEXT() REPRESENTATION_CONTEXT('2D SPACE',''
  ) );
#9000 = ADVANCED_FACE('',(#9001),#8493,.T.);
#9001 = FACE_BOUND('',#9002,.T.);
#9002 = EDGE_LOOP('',(#9003,#9004,#9022,#9023));
#9003 = ORIENTED_EDGE('',*,*,#8479,.T.);
#9004 = ORIENTED_EDGE('',*,*,#9005,.T.);
#9005 = EDGE_CURVE('',#8458,#8897,#9006,.T.);
#9006 = SURFACE_CURVE('',#9007,(#9010,#9016),.PCURVE_S1.);
#9007 = B_SPLINE_CURVE_WITH_KNOTS('',1,(#9008,#9009),.UNSPECIFIED.,.F.,
  .F.,(2,2),(0.,1.),.PIECEWISE_BEZIER_KNOTS.);
#9008 = CARTESIAN_POINT('',(-1.36E+03,-160.,-35.99999996829));
#9009 = CARTESIAN_POINT('',(-320.,-160.,-35.99999996829));
#9010 = PCURVE('',#8493,#9011);
#9011 = DEFINITIONAL_REPRESENTATION('',(#9012),#9015);
#9012 = B_SPLINE_CURVE_WITH_KNOTS('',1,(#9013,#9014),.UNSPECIFIED.,.F.,
  .F.,(2,2),(0.,1.),.PIECEWISE_BEZIER_KNOTS.);
#9013 = CARTESIAN_POINT('',(35.999999968294,-1.04E+03));
#9014 = CARTESIAN_POINT('',(35.999999968294,0.));
#9015 = ( GEOMETRIC_REPRESENTATION_CONTEXT(2) 
PARAMETRIC_REPRESENTATION_CONTEXT() REPRESENTATION_CONTEXT('2D SPACE',''
  ) );
#9016 = PCURVE('',#8600,#9017);
#9017 = DEFINITIONAL_REPRESENTATION('',(#9018),#9021);
#9018 = B_SPLINE_CURVE_WITH_KNOTS('',1,(#9019,#9020),.UNSPECIFIED.,.F.,
  .F.,(2,2),(0.,1.),.PIECEWISE_BEZIER_KNOTS.);
#9019 = CARTESIAN_POINT('',(1.570796326795,0.));
#9020 = CARTESIAN_POINT('',(1.570796326795,1.04E+03));
#9021 = ( GEOMETRIC_REPRESENTATION_CONTEXT(2) 
PARAMETRIC_REPRESENTATION_CONTEXT() REPRESENTATION_CONTEXT('2D SPACE',''
  ) );
#9022 = ORIENTED_EDGE('',*,*,#8920,.F.);
#9023 = ORIENTED_EDGE('',*,*,#8755,.F.);
#9024 = ADVANCED_FACE('',(#9025),#8527,.T.);
#9025 = FACE_BOUND('',#9026,.T.);
#9026 = EDGE_LOOP('',(#9027,#9028,#9029,#9030));
#9027 = ORIENTED_EDGE('',*,*,#8511,.F.);
#9028 = ORIENTED_EDGE('',*,*,#8983,.T.);
#9029 = ORIENTED_EDGE('',*,*,#8826,.T.);
#9030 = ORIENTED_EDGE('',*,*,#9031,.F.);
#9031 = EDGE_CURVE('',#8512,#8827,#9032,.T.);
#9032 = SURFACE_CURVE('',#9033,(#9036,#9042),.PCURVE_S1.);
#9033 = B_SPLINE_CURVE_WITH_KNOTS('',1,(#9034,#9035),.UNSPECIFIED.,.F.,
  .F.,(2,2),(0.,1.),.PIECEWISE_BEZIER_KNOTS.);
#9034 = CARTESIAN_POINT('',(-1.36E+03,160.,-35.99999996829));
#9035 = CARTESIAN_POINT('',(-320.,160.,-35.99999996829));
#9036 = PCURVE('',#8527,#9037);
#9037 = DEFINITIONAL_REPRESENTATION('',(#9038),#9041);
#9038 = B_SPLINE_CURVE_WITH_KNOTS('',1,(#9039,#9040),.UNSPECIFIED.,.F.,
  .F.,(2,2),(0.,1.),.PIECEWISE_BEZIER_KNOTS.);
#9039 = CARTESIAN_POINT('',(-35.99999996829,-1.04E+03));
#9040 = CARTESIAN_POINT('',(-35.99999996829,0.));
#9041 = ( GEOMETRIC_REPRESENTATION_CONTEXT(2) 
PARAMETRIC_REPRESENTATION_CONTEXT() REPRESENTATION_CONTEXT('2D SPACE',''
  ) );
#9042 = PCURVE('',#8635,#9043);
#9043 = DEFINITIONAL_REPRESENTATION('',(#9044),#9047);
#9044 = B_SPLINE_CURVE_WITH_KNOTS('',1,(#9045,#9046),.UNSPECIFIED.,.F.,
  .F.,(2,2),(0.,1.),.PIECEWISE_BEZIER_KNOTS.);
#9045 = CARTESIAN_POINT('',(4.712388980385,0.));
#9046 = CARTESIAN_POINT('',(4.712388980385,1.04E+03));
#9047 = ( GEOMETRIC_REPRESENTATION_CONTEXT(2) 
PARAMETRIC_REPRESENTATION_CONTEXT() REPRESENTATION_CONTEXT('2D SPACE',''
  ) );
#9048 = ADVANCED_FACE('',(#9049),#8600,.T.);
#9049 = FACE_BOUND('',#9050,.T.);
#9050 = EDGE_LOOP('',(#9051,#9052,#9070,#9071));
#9051 = ORIENTED_EDGE('',*,*,#8585,.F.);
#9052 = ORIENTED_EDGE('',*,*,#9053,.T.);
#9053 = EDGE_CURVE('',#8564,#8874,#9054,.T.);
#9054 = SURFACE_CURVE('',#9055,(#9058,#9064),.PCURVE_S1.);
#9055 = B_SPLINE_CURVE_WITH_KNOTS('',1,(#9056,#9057),.UNSPECIFIED.,.F.,
  .F.,(2,2),(0.,1.),.PIECEWISE_BEZIER_KNOTS.);
#9056 = CARTESIAN_POINT('',(-1.36E+03,-124.,-71.99999998414));
#9057 = CARTESIAN_POINT('',(-320.,-124.,-71.99999998414));
#9058 = PCURVE('',#8600,#9059);
#9059 = DEFINITIONAL_REPRESENTATION('',(#9060),#9063);
#9060 = B_SPLINE_CURVE_WITH_KNOTS('',1,(#9061,#9062),.UNSPECIFIED.,.F.,
  .F.,(2,2),(0.,1.),.PIECEWISE_BEZIER_KNOTS.);
#9061 = CARTESIAN_POINT('',(3.14159265359,0.));
#9062 = CARTESIAN_POINT('',(3.14159265359,1.04E+03));
#9063 = ( GEOMETRIC_REPRESENTATION_CONTEXT(2) 
PARAMETRIC_REPRESENTATION_CONTEXT() REPRESENTATION_CONTEXT('2D SPACE',''
  ) );
#9064 = PCURVE('',#8686,#9065);
#9065 = DEFINITIONAL_REPRESENTATION('',(#9066),#9069);
#9066 = B_SPLINE_CURVE_WITH_KNOTS('',1,(#9067,#9068),.UNSPECIFIED.,.F.,
  .F.,(2,2),(0.,1.),.PIECEWISE_BEZIER_KNOTS.);
#9067 = CARTESIAN_POINT('',(-124.,-1.04E+03));
#9068 = CARTESIAN_POINT('',(-124.,0.));
#9069 = ( GEOMETRIC_REPRESENTATION_CONTEXT(2) 
PARAMETRIC_REPRESENTATION_CONTEXT() REPRESENTATION_CONTEXT('2D SPACE',''
  ) );
#9070 = ORIENTED_EDGE('',*,*,#8896,.T.);
#9071 = ORIENTED_EDGE('',*,*,#9005,.F.);
#9072 = ADVANCED_FACE('',(#9073),#8635,.T.);
#9073 = FACE_BOUND('',#9074,.T.);
#9074 = EDGE_LOOP('',(#9075,#9076,#9077,#9078));
#9075 = ORIENTED_EDGE('',*,*,#8618,.F.);
#9076 = ORIENTED_EDGE('',*,*,#9031,.T.);
#9077 = ORIENTED_EDGE('',*,*,#8849,.T.);
#9078 = ORIENTED_EDGE('',*,*,#9079,.F.);
#9079 = EDGE_CURVE('',#8619,#8850,#9080,.T.);
#9080 = SURFACE_CURVE('',#9081,(#9084,#9090),.PCURVE_S1.);
#9081 = B_SPLINE_CURVE_WITH_KNOTS('',1,(#9082,#9083),.UNSPECIFIED.,.F.,
  .F.,(2,2),(0.,1.),.PIECEWISE_BEZIER_KNOTS.);
#9082 = CARTESIAN_POINT('',(-1.36E+03,124.,-71.99999998414));
#9083 = CARTESIAN_POINT('',(-320.,124.,-71.99999998414));
#9084 = PCURVE('',#8635,#9085);
#9085 = DEFINITIONAL_REPRESENTATION('',(#9086),#9089);
#9086 = B_SPLINE_CURVE_WITH_KNOTS('',1,(#9087,#9088),.UNSPECIFIED.,.F.,
  .F.,(2,2),(0.,1.),.PIECEWISE_BEZIER_KNOTS.);
#9087 = CARTESIAN_POINT('',(3.14159265359,0.));
#9088 = CARTESIAN_POINT('',(3.14159265359,1.04E+03));
#9089 = ( GEOMETRIC_REPRESENTATION_CONTEXT(2) 
PARAMETRIC_REPRESENTATION_CONTEXT() REPRESENTATION_CONTEXT('2D SPACE',''
  ) );
#9090 = PCURVE('',#8686,#9091);
#9091 = DEFINITIONAL_REPRESENTATION('',(#9092),#9095);
#9092 = B_SPLINE_CURVE_WITH_KNOTS('',1,(#9093,#9094),.UNSPECIFIED.,.F.,
  .F.,(2,2),(0.,1.),.PIECEWISE_BEZIER_KNOTS.);
#9093 = CARTESIAN_POINT('',(124.,-1.04E+03));
#9094 = CARTESIAN_POINT('',(124.,0.));
#9095 = ( GEOMETRIC_REPRESENTATION_CONTEXT(2) 
PARAMETRIC_REPRESENTATION_CONTEXT() REPRESENTATION_CONTEXT('2D SPACE',''
  ) );
#9096 = ADVANCED_FACE('',(#9097),#8686,.T.);
#9097 = FACE_BOUND('',#9098,.T.);
#9098 = EDGE_LOOP('',(#9099,#9100,#9101,#9102));
#9099 = ORIENTED_EDGE('',*,*,#8672,.T.);
#9100 = ORIENTED_EDGE('',*,*,#9079,.T.);
#9101 = ORIENTED_EDGE('',*,*,#8873,.F.);
#9102 = ORIENTED_EDGE('',*,*,#9053,.F.);
#9103 = ADVANCED_FACE('',(#9104),#8738,.F.);
#9104 = FACE_BOUND('',#9105,.F.);
#9105 = EDGE_LOOP('',(#9106));
#9106 = ORIENTED_EDGE('',*,*,#8723,.T.);
#9107 = ADVANCED_FACE('',(#9108),#8965,.F.);
#9108 = FACE_BOUND('',#9109,.F.);
#9109 = EDGE_LOOP('',(#9110,#9130,#9157,#9158));
#9110 = ORIENTED_EDGE('',*,*,#9111,.F.);
#9111 = EDGE_CURVE('',#9112,#8945,#9114,.T.);
#9112 = VERTEX_POINT('',#9113);
#9113 = CARTESIAN_POINT('',(-330.,0.,-30.3552));
#9114 = SEAM_CURVE('',#9115,(#9118,#9124),.PCURVE_S1.);
#9115 = B_SPLINE_CURVE_WITH_KNOTS('',1,(#9116,#9117),.UNSPECIFIED.,.F.,
  .F.,(2,2),(0.,1.),.PIECEWISE_BEZIER_KNOTS.);
#9116 = CARTESIAN_POINT('',(-330.,0.,-30.3552));
#9117 = CARTESIAN_POINT('',(-319.,0.,-35.712));
#9118 = PCURVE('',#8965,#9119);
#9119 = DEFINITIONAL_REPRESENTATION('',(#9120),#9123);
#9120 = B_SPLINE_CURVE_WITH_KNOTS('',1,(#9121,#9122),.UNSPECIFIED.,.F.,
  .F.,(2,2),(0.,1.),.PIECEWISE_BEZIER_KNOTS.);
#9121 = CARTESIAN_POINT('',(0.,0.));
#9122 = CARTESIAN_POINT('',(0.,11.));
#9123 = ( GEOMETRIC_REPRESENTATION_CONTEXT(2) 
PARAMETRIC_REPRESENTATION_CONTEXT() REPRESENTATION_CONTEXT('2D SPACE',''
  ) );
#9124 = PCURVE('',#8965,#9125);
#9125 = DEFINITIONAL_REPRESENTATION('',(#9126),#9129);
#9126 = B_SPLINE_CURVE_WITH_KNOTS('',1,(#9127,#9128),.UNSPECIFIED.,.F.,
  .F.,(2,2),(0.,1.),.PIECEWISE_BEZIER_KNOTS.);
#9127 = CARTESIAN_POINT('',(6.28318530718,0.));
#9128 = CARTESIAN_POINT('',(6.28318530718,11.));
#9129 = ( GEOMETRIC_REPRESENTATION_CONTEXT(2) 
PARAMETRIC_REPRESENTATION_CONTEXT() REPRESENTATION_CONTEXT('2D SPACE',''
  ) );
#9130 = ORIENTED_EDGE('',*,*,#9131,.T.);
#9131 = EDGE_CURVE('',#9112,#9112,#9132,.T.);
#9132 = SURFACE_CURVE('',#9133,(#9138,#9145),.PCURVE_S1.);
#9133 = CIRCLE('',#9134,30.3552);
#9134 = AXIS2_PLACEMENT_3D('',#9135,#9136,#9137);
#9135 = CARTESIAN_POINT('',(-330.,0.,0.));
#9136 = DIRECTION('',(1.,-0.,1.110223024625E-16));
#9137 = DIRECTION('',(1.110223024625E-16,0.,-1.));
#9138 = PCURVE('',#8965,#9139);
#9139 = DEFINITIONAL_REPRESENTATION('',(#9140),#9144);
#9140 = LINE('',#9141,#9142);
#9141 = CARTESIAN_POINT('',(0.,0.));
#9142 = VECTOR('',#9143,1.);
#9143 = DIRECTION('',(1.,0.));
#9144 = ( GEOMETRIC_REPRESENTATION_CONTEXT(2) 
PARAMETRIC_REPRESENTATION_CONTEXT() REPRESENTATION_CONTEXT('2D SPACE',''
  ) );
#9145 = PCURVE('',#9146,#9151);
#9146 = PLANE('',#9147);
#9147 = AXIS2_PLACEMENT_3D('',#9148,#9149,#9150);
#9148 = CARTESIAN_POINT('',(-330.,0.,0.));
#9149 = DIRECTION('',(1.,-0.,1.110223024625E-16));
#9150 = DIRECTION('',(1.110223024625E-16,0.,-1.));
#9151 = DEFINITIONAL_REPRESENTATION('',(#9152),#9156);
#9152 = CIRCLE('',#9153,30.3552);
#9153 = AXIS2_PLACEMENT_2D('',#9154,#9155);
#9154 = CARTESIAN_POINT('',(0.,0.));
#9155 = DIRECTION('',(1.,0.));
#9156 = ( GEOMETRIC_REPRESENTATION_CONTEXT(2) 
PARAMETRIC_REPRESENTATION_CONTEXT() REPRESENTATION_CONTEXT('2D SPACE',''
  ) );
#9157 = ORIENTED_EDGE('',*,*,#9111,.T.);
#9158 = ORIENTED_EDGE('',*,*,#8944,.F.);
#9159 = ADVANCED_FACE('',(#9160),#9146,.T.);
#9160 = FACE_BOUND('',#9161,.T.);
#9161 = EDGE_LOOP('',(#9162));
#9162 = ORIENTED_EDGE('',*,*,#9131,.T.);
#9163 = ( GEOMETRIC_REPRESENTATION_CONTEXT(3) 
GLOBAL_UNCERTAINTY_ASSIGNED_CONTEXT((#9167)) 
GLOBAL_UNIT_ASSIGNED_CONTEXT((#9164,#9165,#9166)) REPRESENTATION_CONTEXT
('Context #1','3D Context with UNIT and UNCERTAINTY') );
#9164 = ( LENGTH_UNIT() NAMED_UNIT(*) SI_UNIT(.MILLI.,.METRE.) );
#9165 = ( NAMED_UNIT(*) PLANE_ANGLE_UNIT() SI_UNIT($,.RADIAN.) );
#9166 = ( NAMED_UNIT(*) SI_UNIT($,.STERADIAN.) SOLID_ANGLE_UNIT() );
#9167 = UNCERTAINTY_MEASURE_WITH_UNIT(LENGTH_MEASURE(1.E-07),#9164,
  'distance_accuracy_value','confusion accuracy');
#9168 = CONTEXT_DEPENDENT_SHAPE_REPRESENTATION(#9169,#9171);
#9169 = ( REPRESENTATION_RELATIONSHIP('','',#7866,#10) 
REPRESENTATION_RELATIONSHIP_WITH_TRANSFORMATION(#9170) 
SHAPE_REPRESENTATION_RELATIONSHIP() );
#9170 = ITEM_DEFINED_TRANSFORMATION('','',#11,#27);
#9171 = PRODUCT_DEFINITION_SHAPE('Placement','Placement of an item',
  #9172);
#9172 = NEXT_ASSEMBLY_USAGE_OCCURRENCE('4','booster_body','',#5,#7861,$
  );
#9173 = PRODUCT_RELATED_PRODUCT_CATEGORY('part',$,(#7863));
#9174 = SHAPE_DEFINITION_REPRESENTATION(#9175,#9181);
#9175 = PRODUCT_DEFINITION_SHAPE('','',#9176);
#9176 = PRODUCT_DEFINITION('design','',#9177,#9180);
#9177 = PRODUCT_DEFINITION_FORMATION('','',#9178);
#9178 = PRODUCT('booster_nozzle','booster_nozzle','',(#9179));
#9179 = PRODUCT_CONTEXT('',#2,'mechanical');
#9180 = PRODUCT_DEFINITION_CONTEXT('part definition',#2,'design');
#9181 = ADVANCED_BREP_SHAPE_REPRESENTATION('',(#11,#9182),#9416);
#9182 = MANIFOLD_SOLID_BREP('',#9183);
#9183 = CLOSED_SHELL('',(#9184,#9269,#9304,#9308,#9360,#9412));
#9184 = ADVANCED_FACE('',(#9185),#9198,.T.);
#9185 = FACE_BOUND('',#9186,.T.);
#9186 = EDGE_LOOP('',(#9187,#9221,#9241,#9268));
#9187 = ORIENTED_EDGE('',*,*,#9188,.T.);
#9188 = EDGE_CURVE('',#9189,#9189,#9191,.T.);
#9189 = VERTEX_POINT('',#9190);
#9190 = CARTESIAN_POINT('',(-1.6E+03,0.,-36.6048));
#9191 = SURFACE_CURVE('',#9192,(#9197,#9209),.PCURVE_S1.);
#9192 = CIRCLE('',#9193,36.6048);
#9193 = AXIS2_PLACEMENT_3D('',#9194,#9195,#9196);
#9194 = CARTESIAN_POINT('',(-1.6E+03,0.,0.));
#9195 = DIRECTION('',(1.,-0.,1.110223024625E-16));
#9196 = DIRECTION('',(1.110223024625E-16,0.,-1.));
#9197 = PCURVE('',#9198,#9203);
#9198 = CYLINDRICAL_SURFACE('',#9199,36.6048);
#9199 = AXIS2_PLACEMENT_3D('',#9200,#9201,#9202);
#9200 = CARTESIAN_POINT('',(-1.6E+03,0.,0.));
#9201 = DIRECTION('',(1.,-0.,1.110223024625E-16));
#9202 = DIRECTION('',(1.110223024625E-16,0.,-1.));
#9203 = DEFINITIONAL_REPRESENTATION('',(#9204),#9208);
#9204 = LINE('',#9205,#9206);
#9205 = CARTESIAN_POINT('',(0.,0.));
#9206 = VECTOR('',#9207,1.);
#9207 = DIRECTION('',(1.,0.));
#9208 = ( GEOMETRIC_REPRESENTATION_CONTEXT(2) 
PARAMETRIC_REPRESENTATION_CONTEXT() REPRESENTATION_CONTEXT('2D SPACE',''
  ) );
#9209 = PCURVE('',#9210,#9215);
#9210 = PLANE('',#9211);
#9211 = AXIS2_PLACEMENT_3D('',#9212,#9213,#9214);
#9212 = CARTESIAN_POINT('',(-1.6E+03,0.,0.));
#9213 = DIRECTION('',(1.,-0.,1.110223024625E-16));
#9214 = DIRECTION('',(1.110223024625E-16,0.,-1.));
#9215 = DEFINITIONAL_REPRESENTATION('',(#9216),#9220);
#9216 = CIRCLE('',#9217,36.6048);
#9217 = AXIS2_PLACEMENT_2D('',#9218,#9219);
#9218 = CARTESIAN_POINT('',(0.,0.));
#9219 = DIRECTION('',(1.,0.));
#9220 = ( GEOMETRIC_REPRESENTATION_CONTEXT(2) 
PARAMETRIC_REPRESENTATION_CONTEXT() REPRESENTATION_CONTEXT('2D SPACE',''
  ) );
#9221 = ORIENTED_EDGE('',*,*,#9222,.T.);
#9222 = EDGE_CURVE('',#9189,#9223,#9225,.T.);
#9223 = VERTEX_POINT('',#9224);
#9224 = CARTESIAN_POINT('',(-1.525E+03,0.,-36.6048));
#9225 = SEAM_CURVE('',#9226,(#9229,#9235),.PCURVE_S1.);
#9226 = B_SPLINE_CURVE_WITH_KNOTS('',1,(#9227,#9228),.UNSPECIFIED.,.F.,
  .F.,(2,2),(0.,1.),.PIECEWISE_BEZIER_KNOTS.);
#9227 = CARTESIAN_POINT('',(-1.6E+03,0.,-36.6048));
#9228 = CARTESIAN_POINT('',(-1.525E+03,0.,-36.6048));
#9229 = PCURVE('',#9198,#9230);
#9230 = DEFINITIONAL_REPRESENTATION('',(#9231),#9234);
#9231 = B_SPLINE_CURVE_WITH_KNOTS('',1,(#9232,#9233),.UNSPECIFIED.,.F.,
  .F.,(2,2),(0.,1.),.PIECEWISE_BEZIER_KNOTS.);
#9232 = CARTESIAN_POINT('',(6.28318530718,0.));
#9233 = CARTESIAN_POINT('',(6.28318530718,75.));
#9234 = ( GEOMETRIC_REPRESENTATION_CONTEXT(2) 
PARAMETRIC_REPRESENTATION_CONTEXT() REPRESENTATION_CONTEXT('2D SPACE',''
  ) );
#9235 = PCURVE('',#9198,#9236);
#9236 = DEFINITIONAL_REPRESENTATION('',(#9237),#9240);
#9237 = B_SPLINE_CURVE_WITH_KNOTS('',1,(#9238,#9239),.UNSPECIFIED.,.F.,
  .F.,(2,2),(0.,1.),.PIECEWISE_BEZIER_KNOTS.);
#9238 = CARTESIAN_POINT('',(0.,0.));
#9239 = CARTESIAN_POINT('',(0.,75.));
#9240 = ( GEOMETRIC_REPRESENTATION_CONTEXT(2) 
PARAMETRIC_REPRESENTATION_CONTEXT() REPRESENTATION_CONTEXT('2D SPACE',''
  ) );
#9241 = ORIENTED_EDGE('',*,*,#9242,.F.);
#9242 = EDGE_CURVE('',#9223,#9223,#9243,.T.);
#9243 = SURFACE_CURVE('',#9244,(#9249,#9256),.PCURVE_S1.);
#9244 = CIRCLE('',#9245,36.6048);
#9245 = AXIS2_PLACEMENT_3D('',#9246,#9247,#9248);
#9246 = CARTESIAN_POINT('',(-1.525E+03,0.,0.));
#9247 = DIRECTION('',(1.,-0.,1.110223024625E-16));
#9248 = DIRECTION('',(1.110223024625E-16,0.,-1.));
#9249 = PCURVE('',#9198,#9250);
#9250 = DEFINITIONAL_REPRESENTATION('',(#9251),#9255);
#9251 = LINE('',#9252,#9253);
#9252 = CARTESIAN_POINT('',(0.,75.));
#9253 = VECTOR('',#9254,1.);
#9254 = DIRECTION('',(1.,0.));
#9255 = ( GEOMETRIC_REPRESENTATION_CONTEXT(2) 
PARAMETRIC_REPRESENTATION_CONTEXT() REPRESENTATION_CONTEXT('2D SPACE',''
  ) );
#9256 = PCURVE('',#9257,#9262);
#9257 = PLANE('',#9258);
#9258 = AXIS2_PLACEMENT_3D('',#9259,#9260,#9261);
#9259 = CARTESIAN_POINT('',(-1.525E+03,0.,0.));
#9260 = DIRECTION('',(1.,-0.,1.110223024625E-16));
#9261 = DIRECTION('',(1.110223024625E-16,0.,-1.));
#9262 = DEFINITIONAL_REPRESENTATION('',(#9263),#9267);
#9263 = CIRCLE('',#9264,36.6048);
#9264 = AXIS2_PLACEMENT_2D('',#9265,#9266);
#9265 = CARTESIAN_POINT('',(0.,0.));
#9266 = DIRECTION('',(1.,0.));
#9267 = ( GEOMETRIC_REPRESENTATION_CONTEXT(2) 
PARAMETRIC_REPRESENTATION_CONTEXT() REPRESENTATION_CONTEXT('2D SPACE',''
  ) );
#9268 = ORIENTED_EDGE('',*,*,#9222,.F.);
#9269 = ADVANCED_FACE('',(#9270,#9273),#9210,.F.);
#9270 = FACE_BOUND('',#9271,.F.);
#9271 = EDGE_LOOP('',(#9272));
#9272 = ORIENTED_EDGE('',*,*,#9188,.T.);
#9273 = FACE_BOUND('',#9274,.F.);
#9274 = EDGE_LOOP('',(#9275));
#9275 = ORIENTED_EDGE('',*,*,#9276,.F.);
#9276 = EDGE_CURVE('',#9277,#9277,#9279,.T.);
#9277 = VERTEX_POINT('',#9278);
#9278 = CARTESIAN_POINT('',(-1.6E+03,0.,-27.36631284422));
#9279 = SURFACE_CURVE('',#9280,(#9285,#9292),.PCURVE_S1.);
#9280 = CIRCLE('',#9281,27.366312844221);
#9281 = AXIS2_PLACEMENT_3D('',#9282,#9283,#9284);
#9282 = CARTESIAN_POINT('',(-1.6E+03,0.,1.110223024625E-16));
#9283 = DIRECTION('',(1.,-0.,1.110223024625E-16));
#9284 = DIRECTION('',(1.110223024625E-16,0.,-1.));
#9285 = PCURVE('',#9210,#9286);
#9286 = DEFINITIONAL_REPRESENTATION('',(#9287),#9291);
#9287 = CIRCLE('',#9288,27.366312844221);
#9288 = AXIS2_PLACEMENT_2D('',#9289,#9290);
#9289 = CARTESIAN_POINT('',(-1.110223024625E-16,0.));
#9290 = DIRECTION('',(1.,0.));
#9291 = ( GEOMETRIC_REPRESENTATION_CONTEXT(2) 
PARAMETRIC_REPRESENTATION_CONTEXT() REPRESENTATION_CONTEXT('2D SPACE',''
  ) );
#9292 = PCURVE('',#9293,#9298);
#9293 = CONICAL_SURFACE('',#9294,27.6048,0.234114040159);
#9294 = AXIS2_PLACEMENT_3D('',#9295,#9296,#9297);
#9295 = CARTESIAN_POINT('',(-1.601E+03,0.,0.));
#9296 = DIRECTION('',(-1.,0.,-1.110223024625E-16));
#9297 = DIRECTION('',(1.110223024625E-16,0.,-1.));
#9298 = DEFINITIONAL_REPRESENTATION('',(#9299),#9303);
#9299 = LINE('',#9300,#9301);
#9300 = CARTESIAN_POINT('',(-0.,-1.));
#9301 = VECTOR('',#9302,1.);
#9302 = DIRECTION('',(-1.,-0.));
#9303 = ( GEOMETRIC_REPRESENTATION_CONTEXT(2) 
PARAMETRIC_REPRESENTATION_CONTEXT() REPRESENTATION_CONTEXT('2D SPACE',''
  ) );
#9304 = ADVANCED_FACE('',(#9305),#9257,.T.);
#9305 = FACE_BOUND('',#9306,.T.);
#9306 = EDGE_LOOP('',(#9307));
#9307 = ORIENTED_EDGE('',*,*,#9242,.T.);
#9308 = ADVANCED_FACE('',(#9309),#9293,.F.);
#9309 = FACE_BOUND('',#9310,.F.);
#9310 = EDGE_LOOP('',(#9311,#9312,#9332,#9359));
#9311 = ORIENTED_EDGE('',*,*,#9276,.T.);
#9312 = ORIENTED_EDGE('',*,*,#9313,.T.);
#9313 = EDGE_CURVE('',#9277,#9314,#9316,.T.);
#9314 = VERTEX_POINT('',#9315);
#9315 = CARTESIAN_POINT('',(-1.55125E+03,0.,-15.740064));
#9316 = SEAM_CURVE('',#9317,(#9320,#9326),.PCURVE_S1.);
#9317 = B_SPLINE_CURVE_WITH_KNOTS('',1,(#9318,#9319),.UNSPECIFIED.,.F.,
  .F.,(2,2),(0.,1.),.PIECEWISE_BEZIER_KNOTS.);
#9318 = CARTESIAN_POINT('',(-1.601E+03,0.,-27.6048));
#9319 = CARTESIAN_POINT('',(-1.55125E+03,0.,-15.740064));
#9320 = PCURVE('',#9293,#9321);
#9321 = DEFINITIONAL_REPRESENTATION('',(#9322),#9325);
#9322 = B_SPLINE_CURVE_WITH_KNOTS('',1,(#9323,#9324),.UNSPECIFIED.,.F.,
  .F.,(2,2),(0.,1.),.PIECEWISE_BEZIER_KNOTS.);
#9323 = CARTESIAN_POINT('',(0.,0.));
#9324 = CARTESIAN_POINT('',(0.,-49.75));
#9325 = ( GEOMETRIC_REPRESENTATION_CONTEXT(2) 
PARAMETRIC_REPRESENTATION_CONTEXT() REPRESENTATION_CONTEXT('2D SPACE',''
  ) );
#9326 = PCURVE('',#9293,#9327);
#9327 = DEFINITIONAL_REPRESENTATION('',(#9328),#9331);
#9328 = B_SPLINE_CURVE_WITH_KNOTS('',1,(#9329,#9330),.UNSPECIFIED.,.F.,
  .F.,(2,2),(0.,1.),.PIECEWISE_BEZIER_KNOTS.);
#9329 = CARTESIAN_POINT('',(-6.28318530718,0.));
#9330 = CARTESIAN_POINT('',(-6.28318530718,-49.75));
#9331 = ( GEOMETRIC_REPRESENTATION_CONTEXT(2) 
PARAMETRIC_REPRESENTATION_CONTEXT() REPRESENTATION_CONTEXT('2D SPACE',''
  ) );
#9332 = ORIENTED_EDGE('',*,*,#9333,.F.);
#9333 = EDGE_CURVE('',#9314,#9314,#9334,.T.);
#9334 = SURFACE_CURVE('',#9335,(#9340,#9347),.PCURVE_S1.);
#9335 = CIRCLE('',#9336,15.740064);
#9336 = AXIS2_PLACEMENT_3D('',#9337,#9338,#9339);
#9337 = CARTESIAN_POINT('',(-1.55125E+03,0.,0.));
#9338 = DIRECTION('',(1.,-0.,1.110223024625E-16));
#9339 = DIRECTION('',(1.110223024625E-16,0.,-1.));
#9340 = PCURVE('',#9293,#9341);
#9341 = DEFINITIONAL_REPRESENTATION('',(#9342),#9346);
#9342 = LINE('',#9343,#9344);
#9343 = CARTESIAN_POINT('',(-0.,-49.75));
#9344 = VECTOR('',#9345,1.);
#9345 = DIRECTION('',(-1.,-0.));
#9346 = ( GEOMETRIC_REPRESENTATION_CONTEXT(2) 
PARAMETRIC_REPRESENTATION_CONTEXT() REPRESENTATION_CONTEXT('2D SPACE',''
  ) );
#9347 = PCURVE('',#9348,#9353);
#9348 = CONICAL_SURFACE('',#9349,15.740064,8.591691036474E-02);
#9349 = AXIS2_PLACEMENT_3D('',#9350,#9351,#9352);
#9350 = CARTESIAN_POINT('',(-1.55125E+03,0.,0.));
#9351 = DIRECTION('',(-1.,0.,-1.110223024625E-16));
#9352 = DIRECTION('',(1.110223024625E-16,0.,-1.));
#9353 = DEFINITIONAL_REPRESENTATION('',(#9354),#9358);
#9354 = LINE('',#9355,#9356);
#9355 = CARTESIAN_POINT('',(-0.,-0.));
#9356 = VECTOR('',#9357,1.);
#9357 = DIRECTION('',(-1.,-0.));
#9358 = ( GEOMETRIC_REPRESENTATION_CONTEXT(2) 
PARAMETRIC_REPRESENTATION_CONTEXT() REPRESENTATION_CONTEXT('2D SPACE',''
  ) );
#9359 = ORIENTED_EDGE('',*,*,#9313,.F.);
#9360 = ADVANCED_FACE('',(#9361),#9348,.F.);
#9361 = FACE_BOUND('',#9362,.F.);
#9362 = EDGE_LOOP('',(#9363,#9364,#9384,#9411));
#9363 = ORIENTED_EDGE('',*,*,#9333,.T.);
#9364 = ORIENTED_EDGE('',*,*,#9365,.T.);
#9365 = EDGE_CURVE('',#9314,#9366,#9368,.T.);
#9366 = VERTEX_POINT('',#9367);
#9367 = CARTESIAN_POINT('',(-1.53E+03,0.,-13.909824));
#9368 = SEAM_CURVE('',#9369,(#9372,#9378),.PCURVE_S1.);
#9369 = B_SPLINE_CURVE_WITH_KNOTS('',1,(#9370,#9371),.UNSPECIFIED.,.F.,
  .F.,(2,2),(0.,1.),.PIECEWISE_BEZIER_KNOTS.);
#9370 = CARTESIAN_POINT('',(-1.55125E+03,0.,-15.740064));
#9371 = CARTESIAN_POINT('',(-1.53E+03,0.,-13.909824));
#9372 = PCURVE('',#9348,#9373);
#9373 = DEFINITIONAL_REPRESENTATION('',(#9374),#9377);
#9374 = B_SPLINE_CURVE_WITH_KNOTS('',1,(#9375,#9376),.UNSPECIFIED.,.F.,
  .F.,(2,2),(0.,1.),.PIECEWISE_BEZIER_KNOTS.);
#9375 = CARTESIAN_POINT('',(-6.28318530718,0.));
#9376 = CARTESIAN_POINT('',(-6.28318530718,-21.25));
#9377 = ( GEOMETRIC_REPRESENTATION_CONTEXT(2) 
PARAMETRIC_REPRESENTATION_CONTEXT() REPRESENTATION_CONTEXT('2D SPACE',''
  ) );
#9378 = PCURVE('',#9348,#9379);
#9379 = DEFINITIONAL_REPRESENTATION('',(#9380),#9383);
#9380 = B_SPLINE_CURVE_WITH_KNOTS('',1,(#9381,#9382),.UNSPECIFIED.,.F.,
  .F.,(2,2),(0.,1.),.PIECEWISE_BEZIER_KNOTS.);
#9381 = CARTESIAN_POINT('',(0.,0.));
#9382 = CARTESIAN_POINT('',(0.,-21.25));
#9383 = ( GEOMETRIC_REPRESENTATION_CONTEXT(2) 
PARAMETRIC_REPRESENTATION_CONTEXT() REPRESENTATION_CONTEXT('2D SPACE',''
  ) );
#9384 = ORIENTED_EDGE('',*,*,#9385,.F.);
#9385 = EDGE_CURVE('',#9366,#9366,#9386,.T.);
#9386 = SURFACE_CURVE('',#9387,(#9392,#9399),.PCURVE_S1.);
#9387 = CIRCLE('',#9388,13.909824);
#9388 = AXIS2_PLACEMENT_3D('',#9389,#9390,#9391);
#9389 = CARTESIAN_POINT('',(-1.53E+03,0.,0.));
#9390 = DIRECTION('',(1.,-0.,1.110223024625E-16));
#9391 = DIRECTION('',(1.110223024625E-16,0.,-1.));
#9392 = PCURVE('',#9348,#9393);
#9393 = DEFINITIONAL_REPRESENTATION('',(#9394),#9398);
#9394 = LINE('',#9395,#9396);
#9395 = CARTESIAN_POINT('',(-0.,-21.25));
#9396 = VECTOR('',#9397,1.);
#9397 = DIRECTION('',(-1.,-0.));
#9398 = ( GEOMETRIC_REPRESENTATION_CONTEXT(2) 
PARAMETRIC_REPRESENTATION_CONTEXT() REPRESENTATION_CONTEXT('2D SPACE',''
  ) );
#9399 = PCURVE('',#9400,#9405);
#9400 = PLANE('',#9401);
#9401 = AXIS2_PLACEMENT_3D('',#9402,#9403,#9404);
#9402 = CARTESIAN_POINT('',(-1.53E+03,0.,0.));
#9403 = DIRECTION('',(1.,-0.,1.110223024625E-16));
#9404 = DIRECTION('',(1.110223024625E-16,0.,-1.));
#9405 = DEFINITIONAL_REPRESENTATION('',(#9406),#9410);
#9406 = CIRCLE('',#9407,13.909824);
#9407 = AXIS2_PLACEMENT_2D('',#9408,#9409);
#9408 = CARTESIAN_POINT('',(0.,0.));
#9409 = DIRECTION('',(1.,0.));
#9410 = ( GEOMETRIC_REPRESENTATION_CONTEXT(2) 
PARAMETRIC_REPRESENTATION_CONTEXT() REPRESENTATION_CONTEXT('2D SPACE',''
  ) );
#9411 = ORIENTED_EDGE('',*,*,#9365,.F.);
#9412 = ADVANCED_FACE('',(#9413),#9400,.F.);
#9413 = FACE_BOUND('',#9414,.F.);
#9414 = EDGE_LOOP('',(#9415));
#9415 = ORIENTED_EDGE('',*,*,#9385,.T.);
#9416 = ( GEOMETRIC_REPRESENTATION_CONTEXT(3) 
GLOBAL_UNCERTAINTY_ASSIGNED_CONTEXT((#9420)) 
GLOBAL_UNIT_ASSIGNED_CONTEXT((#9417,#9418,#9419)) REPRESENTATION_CONTEXT
('Context #1','3D Context with UNIT and UNCERTAINTY') );
#9417 = ( LENGTH_UNIT() NAMED_UNIT(*) SI_UNIT(.MILLI.,.METRE.) );
#9418 = ( NAMED_UNIT(*) PLANE_ANGLE_UNIT() SI_UNIT($,.RADIAN.) );
#9419 = ( NAMED_UNIT(*) SI_UNIT($,.STERADIAN.) SOLID_ANGLE_UNIT() );
#9420 = UNCERTAINTY_MEASURE_WITH_UNIT(LENGTH_MEASURE(1.E-07),#9417,
  'distance_accuracy_value','confusion accuracy');
#9421 = CONTEXT_DEPENDENT_SHAPE_REPRESENTATION(#9422,#9424);
#9422 = ( REPRESENTATION_RELATIONSHIP('','',#9181,#10) 
REPRESENTATION_RELATIONSHIP_WITH_TRANSFORMATION(#9423) 
SHAPE_REPRESENTATION_RELATIONSHIP() );
#9423 = ITEM_DEFINED_TRANSFORMATION('','',#11,#31);
#9424 = PRODUCT_DEFINITION_SHAPE('Placement','Placement of an item',
  #9425);
#9425 = NEXT_ASSEMBLY_USAGE_OCCURRENCE('5','booster_nozzle','',#5,#9176,
  $);
#9426 = PRODUCT_RELATED_PRODUCT_CATEGORY('part',$,(#9178));
#9427 = SHAPE_DEFINITION_REPRESENTATION(#9428,#9434);
#9428 = PRODUCT_DEFINITION_SHAPE('','',#9429);
#9429 = PRODUCT_DEFINITION('design','',#9430,#9433);
#9430 = PRODUCT_DEFINITION_FORMATION('','',#9431);
#9431 = PRODUCT('sustainer_fin_4','sustainer_fin_4','',(#9432));
#9432 = PRODUCT_CONTEXT('',#2,'mechanical');
#9433 = PRODUCT_DEFINITION_CONTEXT('part definition',#2,'design');
#9434 = ADVANCED_BREP_SHAPE_REPRESENTATION('',(#11,#9435),#9757);
#9435 = MANIFOLD_SOLID_BREP('',#9436);
#9436 = CLOSED_SHELL('',(#9437,#9554,#9628,#9697,#9743,#9750));
#9437 = ADVANCED_FACE('',(#9438),#9452,.T.);
#9438 = FACE_BOUND('',#9439,.T.);
#9439 = EDGE_LOOP('',(#9440,#9475,#9502,#9529));
#9440 = ORIENTED_EDGE('',*,*,#9441,.T.);
#9441 = EDGE_CURVE('',#9442,#9444,#9446,.T.);
#9442 = VERTEX_POINT('',#9443);
#9443 = CARTESIAN_POINT('',(-225.,0.,118.));
#9444 = VERTEX_POINT('',#9445);
#9445 = CARTESIAN_POINT('',(-67.5,-5.5,118.));
#9446 = SURFACE_CURVE('',#9447,(#9451,#9463),.PCURVE_S1.);
#9447 = LINE('',#9448,#9449);
#9448 = CARTESIAN_POINT('',(-225.,0.,118.));
#9449 = VECTOR('',#9450,1.);
#9450 = DIRECTION('',(0.99939083171,-3.489936237717E-02,0.));
#9451 = PCURVE('',#9452,#9457);
#9452 = B_SPLINE_SURFACE_WITH_KNOTS('',1,1,(
    (#9453,#9454)
    ,(#9455,#9456
    )),.UNSPECIFIED.,.F.,.F.,.F.,(2,2),(2,2),(0.,157.59600248737),(0.,1.
    ),.PIECEWISE_BEZIER_KNOTS.);
#9453 = CARTESIAN_POINT('',(-225.,0.,118.));
#9454 = CARTESIAN_POINT('',(-85.,0.,292.));
#9455 = CARTESIAN_POINT('',(-67.5,-5.5,118.));
#9456 = CARTESIAN_POINT('',(-22.,-2.475,292.));
#9457 = DEFINITIONAL_REPRESENTATION('',(#9458),#9462);
#9458 = LINE('',#9459,#9460);
#9459 = CARTESIAN_POINT('',(0.,0.));
#9460 = VECTOR('',#9461,1.);
#9461 = DIRECTION('',(1.,0.));
#9462 = ( GEOMETRIC_REPRESENTATION_CONTEXT(2) 
PARAMETRIC_REPRESENTATION_CONTEXT() REPRESENTATION_CONTEXT('2D SPACE',''
  ) );
#9463 = PCURVE('',#9464,#9469);
#9464 = PLANE('',#9465);
#9465 = AXIS2_PLACEMENT_3D('',#9466,#9467,#9468);
#9466 = CARTESIAN_POINT('',(-225.,0.,118.));
#9467 = DIRECTION('',(0.,0.,-1.));
#9468 = DIRECTION('',(1.,0.,0.));
#9469 = DEFINITIONAL_REPRESENTATION('',(#9470),#9474);
#9470 = LINE('',#9471,#9472);
#9471 = CARTESIAN_POINT('',(0.,0.));
#9472 = VECTOR('',#9473,1.);
#9473 = DIRECTION('',(0.99939083171,3.489936237717E-02));
#9474 = ( GEOMETRIC_REPRESENTATION_CONTEXT(2) 
PARAMETRIC_REPRESENTATION_CONTEXT() REPRESENTATION_CONTEXT('2D SPACE',''
  ) );
#9475 = ORIENTED_EDGE('',*,*,#9476,.T.);
#9476 = EDGE_CURVE('',#9444,#9477,#9479,.T.);
#9477 = VERTEX_POINT('',#9478);
#9478 = CARTESIAN_POINT('',(-22.,-2.475,292.));
#9479 = SURFACE_CURVE('',#9480,(#9483,#9490),.PCURVE_S1.);
#9480 = B_SPLINE_CURVE_WITH_KNOTS('',1,(#9481,#9482),.UNSPECIFIED.,.F.,
  .F.,(2,2),(0.,1.),.PIECEWISE_BEZIER_KNOTS.);
#9481 = CARTESIAN_POINT('',(-67.5,-5.5,118.));
#9482 = CARTESIAN_POINT('',(-22.,-2.475,292.));
#9483 = PCURVE('',#9452,#9484);
#9484 = DEFINITIONAL_REPRESENTATION('',(#9485),#9489);
#9485 = LINE('',#9486,#9487);
#9486 = CARTESIAN_POINT('',(157.59600248737,0.));
#9487 = VECTOR('',#9488,1.);
#9488 = DIRECTION('',(0.,1.));
#9489 = ( GEOMETRIC_REPRESENTATION_CONTEXT(2) 
PARAMETRIC_REPRESENTATION_CONTEXT() REPRESENTATION_CONTEXT('2D SPACE',''
  ) );
#9490 = PCURVE('',#9491,#9496);
#9491 = B_SPLINE_SURFACE_WITH_KNOTS('',1,1,(
    (#9492,#9493)
    ,(#9494,#9495
    )),.UNSPECIFIED.,.F.,.F.,.F.,(2,2),(2,2),(0.,292.55170483181),(0.,1.
    ),.PIECEWISE_BEZIER_KNOTS.);
#9492 = CARTESIAN_POINT('',(-67.5,-5.5,118.));
#9493 = CARTESIAN_POINT('',(-22.,-2.475,292.));
#9494 = CARTESIAN_POINT('',(225.,0.,118.));
#9495 = CARTESIAN_POINT('',(95.,0.,292.));
#9496 = DEFINITIONAL_REPRESENTATION('',(#9497),#9501);
#9497 = LINE('',#9498,#9499);
#9498 = CARTESIAN_POINT('',(0.,0.));
#9499 = VECTOR('',#9500,1.);
#9500 = DIRECTION('',(0.,1.));
#9501 = ( GEOMETRIC_REPRESENTATION_CONTEXT(2) 
PARAMETRIC_REPRESENTATION_CONTEXT() REPRESENTATION_CONTEXT('2D SPACE',''
  ) );
#9502 = ORIENTED_EDGE('',*,*,#9503,.F.);
#9503 = EDGE_CURVE('',#9504,#9477,#9506,.T.);
#9504 = VERTEX_POINT('',#9505);
#9505 = CARTESIAN_POINT('',(-85.,0.,292.));
#9506 = SURFACE_CURVE('',#9507,(#9511,#9517),.PCURVE_S1.);
#9507 = LINE('',#9508,#9509);
#9508 = CARTESIAN_POINT('',(-85.,0.,292.));
#9509 = VECTOR('',#9510,1.);
#9510 = DIRECTION('',(0.999229208423,-3.925543318804E-02,0.));
#9511 = PCURVE('',#9452,#9512);
#9512 = DEFINITIONAL_REPRESENTATION('',(#9513),#9516);
#9513 = B_SPLINE_CURVE_WITH_KNOTS('',1,(#9514,#9515),.UNSPECIFIED.,.F.,
  .F.,(2,2),(0.,63.048597327776),.PIECEWISE_BEZIER_KNOTS.);
#9514 = CARTESIAN_POINT('',(0.,1.));
#9515 = CARTESIAN_POINT('',(157.59600248737,1.));
#9516 = ( GEOMETRIC_REPRESENTATION_CONTEXT(2) 
PARAMETRIC_REPRESENTATION_CONTEXT() REPRESENTATION_CONTEXT('2D SPACE',''
  ) );
#9517 = PCURVE('',#9518,#9523);
#9518 = PLANE('',#9519);
#9519 = AXIS2_PLACEMENT_3D('',#9520,#9521,#9522);
#9520 = CARTESIAN_POINT('',(-85.,0.,292.));
#9521 = DIRECTION('',(0.,0.,-1.));
#9522 = DIRECTION('',(1.,0.,0.));
#9523 = DEFINITIONAL_REPRESENTATION('',(#9524),#9528);
#9524 = LINE('',#9525,#9526);
#9525 = CARTESIAN_POINT('',(0.,0.));
#9526 = VECTOR('',#9527,1.);
#9527 = DIRECTION('',(0.999229208423,3.925543318804E-02));
#9528 = ( GEOMETRIC_REPRESENTATION_CONTEXT(2) 
PARAMETRIC_REPRESENTATION_CONTEXT() REPRESENTATION_CONTEXT('2D SPACE',''
  ) );
#9529 = ORIENTED_EDGE('',*,*,#9530,.F.);
#9530 = EDGE_CURVE('',#9442,#9504,#9531,.T.);
#9531 = SURFACE_CURVE('',#9532,(#9535,#9542),.PCURVE_S1.);
#9532 = B_SPLINE_CURVE_WITH_KNOTS('',1,(#9533,#9534),.UNSPECIFIED.,.F.,
  .F.,(2,2),(0.,1.),.PIECEWISE_BEZIER_KNOTS.);
#9533 = CARTESIAN_POINT('',(-225.,0.,118.));
#9534 = CARTESIAN_POINT('',(-85.,0.,292.));
#9535 = PCURVE('',#9452,#9536);
#9536 = DEFINITIONAL_REPRESENTATION('',(#9537),#9541);
#9537 = LINE('',#9538,#9539);
#9538 = CARTESIAN_POINT('',(0.,0.));
#9539 = VECTOR('',#9540,1.);
#9540 = DIRECTION('',(0.,1.));
#9541 = ( GEOMETRIC_REPRESENTATION_CONTEXT(2) 
PARAMETRIC_REPRESENTATION_CONTEXT() REPRESENTATION_CONTEXT('2D SPACE',''
  ) );
#9542 = PCURVE('',#9543,#9548);
#9543 = B_SPLINE_SURFACE_WITH_KNOTS('',1,1,(
    (#9544,#9545)
    ,(#9546,#9547
    )),.UNSPECIFIED.,.F.,.F.,.F.,(2,2),(2,2),(0.,157.59600248737),(0.,1.
    ),.PIECEWISE_BEZIER_KNOTS.);
#9544 = CARTESIAN_POINT('',(-67.5,5.5,118.));
#9545 = CARTESIAN_POINT('',(-22.,2.475,292.));
#9546 = CARTESIAN_POINT('',(-225.,-8.881784197001E-16,118.));
#9547 = CARTESIAN_POINT('',(-85.,0.,292.));
#9548 = DEFINITIONAL_REPRESENTATION('',(#9549),#9553);
#9549 = LINE('',#9550,#9551);
#9550 = CARTESIAN_POINT('',(157.59600248737,0.));
#9551 = VECTOR('',#9552,1.);
#9552 = DIRECTION('',(0.,1.));
#9553 = ( GEOMETRIC_REPRESENTATION_CONTEXT(2) 
PARAMETRIC_REPRESENTATION_CONTEXT() REPRESENTATION_CONTEXT('2D SPACE',''
  ) );
#9554 = ADVANCED_FACE('',(#9555),#9491,.T.);
#9555 = FACE_BOUND('',#9556,.T.);
#9556 = EDGE_LOOP('',(#9557,#9580,#9607,#9627));
#9557 = ORIENTED_EDGE('',*,*,#9558,.T.);
#9558 = EDGE_CURVE('',#9444,#9559,#9561,.T.);
#9559 = VERTEX_POINT('',#9560);
#9560 = CARTESIAN_POINT('',(225.,0.,118.));
#9561 = SURFACE_CURVE('',#9562,(#9566,#9573),.PCURVE_S1.);
#9562 = LINE('',#9563,#9564);
#9563 = CARTESIAN_POINT('',(-67.5,-5.5,118.));
#9564 = VECTOR('',#9565,1.);
#9565 = DIRECTION('',(0.999823262586,1.88000955358E-02,0.));
#9566 = PCURVE('',#9491,#9567);
#9567 = DEFINITIONAL_REPRESENTATION('',(#9568),#9572);
#9568 = LINE('',#9569,#9570);
#9569 = CARTESIAN_POINT('',(0.,0.));
#9570 = VECTOR('',#9571,1.);
#9571 = DIRECTION('',(1.,0.));
#9572 = ( GEOMETRIC_REPRESENTATION_CONTEXT(2) 
PARAMETRIC_REPRESENTATION_CONTEXT() REPRESENTATION_CONTEXT('2D SPACE',''
  ) );
#9573 = PCURVE('',#9464,#9574);
#9574 = DEFINITIONAL_REPRESENTATION('',(#9575),#9579);
#9575 = LINE('',#9576,#9577);
#9576 = CARTESIAN_POINT('',(157.5,5.5));
#9577 = VECTOR('',#9578,1.);
#9578 = DIRECTION('',(0.999823262586,-1.88000955358E-02));
#9579 = ( GEOMETRIC_REPRESENTATION_CONTEXT(2) 
PARAMETRIC_REPRESENTATION_CONTEXT() REPRESENTATION_CONTEXT('2D SPACE',''
  ) );
#9580 = ORIENTED_EDGE('',*,*,#9581,.T.);
#9581 = EDGE_CURVE('',#9559,#9582,#9584,.T.);
#9582 = VERTEX_POINT('',#9583);
#9583 = CARTESIAN_POINT('',(95.,0.,292.));
#9584 = SURFACE_CURVE('',#9585,(#9588,#9595),.PCURVE_S1.);
#9585 = B_SPLINE_CURVE_WITH_KNOTS('',1,(#9586,#9587),.UNSPECIFIED.,.F.,
  .F.,(2,2),(0.,1.),.PIECEWISE_BEZIER_KNOTS.);
#9586 = CARTESIAN_POINT('',(225.,0.,118.));
#9587 = CARTESIAN_POINT('',(95.,0.,292.));
#9588 = PCURVE('',#9491,#9589);
#9589 = DEFINITIONAL_REPRESENTATION('',(#9590),#9594);
#9590 = LINE('',#9591,#9592);
#9591 = CARTESIAN_POINT('',(292.55170483181,0.));
#9592 = VECTOR('',#9593,1.);
#9593 = DIRECTION('',(0.,1.));
#9594 = ( GEOMETRIC_REPRESENTATION_CONTEXT(2) 
PARAMETRIC_REPRESENTATION_CONTEXT() REPRESENTATION_CONTEXT('2D SPACE',''
  ) );
#9595 = PCURVE('',#9596,#9601);
#9596 = B_SPLINE_SURFACE_WITH_KNOTS('',1,1,(
    (#9597,#9598)
    ,(#9599,#9600
    )),.UNSPECIFIED.,.F.,.F.,.F.,(2,2),(2,2),(0.,292.55170483181),(0.,1.
    ),.PIECEWISE_BEZIER_KNOTS.);
#9597 = CARTESIAN_POINT('',(225.,0.,118.));
#9598 = CARTESIAN_POINT('',(95.,0.,292.));
#9599 = CARTESIAN_POINT('',(-67.5,5.5,118.));
#9600 = CARTESIAN_POINT('',(-22.,2.475,292.));
#9601 = DEFINITIONAL_REPRESENTATION('',(#9602),#9606);
#9602 = LINE('',#9603,#9604);
#9603 = CARTESIAN_POINT('',(0.,0.));
#9604 = VECTOR('',#9605,1.);
#9605 = DIRECTION('',(0.,1.));
#9606 = ( GEOMETRIC_REPRESENTATION_CONTEXT(2) 
PARAMETRIC_REPRESENTATION_CONTEXT() REPRESENTATION_CONTEXT('2D SPACE',''
  ) );
#9607 = ORIENTED_EDGE('',*,*,#9608,.F.);
#9608 = EDGE_CURVE('',#9477,#9582,#9609,.T.);
#9609 = SURFACE_CURVE('',#9610,(#9614,#9620),.PCURVE_S1.);
#9610 = LINE('',#9611,#9612);
#9611 = CARTESIAN_POINT('',(-22.,-2.475,292.));
#9612 = VECTOR('',#9613,1.);
#9613 = DIRECTION('',(0.99977633246,2.114911472511E-02,0.));
#9614 = PCURVE('',#9491,#9615);
#9615 = DEFINITIONAL_REPRESENTATION('',(#9616),#9619);
#9616 = B_SPLINE_CURVE_WITH_KNOTS('',1,(#9617,#9618),.UNSPECIFIED.,.F.,
  .F.,(2,2),(0.,117.02617495671),.PIECEWISE_BEZIER_KNOTS.);
#9617 = CARTESIAN_POINT('',(0.,1.));
#9618 = CARTESIAN_POINT('',(292.55170483181,1.));
#9619 = ( GEOMETRIC_REPRESENTATION_CONTEXT(2) 
PARAMETRIC_REPRESENTATION_CONTEXT() REPRESENTATION_CONTEXT('2D SPACE',''
  ) );
#9620 = PCURVE('',#9518,#9621);
#9621 = DEFINITIONAL_REPRESENTATION('',(#9622),#9626);
#9622 = LINE('',#9623,#9624);
#9623 = CARTESIAN_POINT('',(63.,2.475));
#9624 = VECTOR('',#9625,1.);
#9625 = DIRECTION('',(0.99977633246,-2.114911472511E-02));
#9626 = ( GEOMETRIC_REPRESENTATION_CONTEXT(2) 
PARAMETRIC_REPRESENTATION_CONTEXT() REPRESENTATION_CONTEXT('2D SPACE',''
  ) );
#9627 = ORIENTED_EDGE('',*,*,#9476,.F.);
#9628 = ADVANCED_FACE('',(#9629),#9596,.T.);
#9629 = FACE_BOUND('',#9630,.T.);
#9630 = EDGE_LOOP('',(#9631,#9654,#9676,#9696));
#9631 = ORIENTED_EDGE('',*,*,#9632,.T.);
#9632 = EDGE_CURVE('',#9559,#9633,#9635,.T.);
#9633 = VERTEX_POINT('',#9634);
#9634 = CARTESIAN_POINT('',(-67.5,5.5,118.));
#9635 = SURFACE_CURVE('',#9636,(#9640,#9647),.PCURVE_S1.);
#9636 = LINE('',#9637,#9638);
#9637 = CARTESIAN_POINT('',(225.,0.,118.));
#9638 = VECTOR('',#9639,1.);
#9639 = DIRECTION('',(-0.999823262586,1.88000955358E-02,0.));
#9640 = PCURVE('',#9596,#9641);
#9641 = DEFINITIONAL_REPRESENTATION('',(#9642),#9646);
#9642 = LINE('',#9643,#9644);
#9643 = CARTESIAN_POINT('',(0.,0.));
#9644 = VECTOR('',#9645,1.);
#9645 = DIRECTION('',(1.,0.));
#9646 = ( GEOMETRIC_REPRESENTATION_CONTEXT(2) 
PARAMETRIC_REPRESENTATION_CONTEXT() REPRESENTATION_CONTEXT('2D SPACE',''
  ) );
#9647 = PCURVE('',#9464,#9648);
#9648 = DEFINITIONAL_REPRESENTATION('',(#9649),#9653);
#9649 = LINE('',#9650,#9651);
#9650 = CARTESIAN_POINT('',(450.,0.));
#9651 = VECTOR('',#9652,1.);
#9652 = DIRECTION('',(-0.999823262586,-1.88000955358E-02));
#9653 = ( GEOMETRIC_REPRESENTATION_CONTEXT(2) 
PARAMETRIC_REPRESENTATION_CONTEXT() REPRESENTATION_CONTEXT('2D SPACE',''
  ) );
#9654 = ORIENTED_EDGE('',*,*,#9655,.T.);
#9655 = EDGE_CURVE('',#9633,#9656,#9658,.T.);
#9656 = VERTEX_POINT('',#9657);
#9657 = CARTESIAN_POINT('',(-22.,2.475,292.));
#9658 = SURFACE_CURVE('',#9659,(#9662,#9669),.PCURVE_S1.);
#9659 = B_SPLINE_CURVE_WITH_KNOTS('',1,(#9660,#9661),.UNSPECIFIED.,.F.,
  .F.,(2,2),(0.,1.),.PIECEWISE_BEZIER_KNOTS.);
#9660 = CARTESIAN_POINT('',(-67.5,5.5,118.));
#9661 = CARTESIAN_POINT('',(-22.,2.475,292.));
#9662 = PCURVE('',#9596,#9663);
#9663 = DEFINITIONAL_REPRESENTATION('',(#9664),#9668);
#9664 = LINE('',#9665,#9666);
#9665 = CARTESIAN_POINT('',(292.55170483181,0.));
#9666 = VECTOR('',#9667,1.);
#9667 = DIRECTION('',(0.,1.));
#9668 = ( GEOMETRIC_REPRESENTATION_CONTEXT(2) 
PARAMETRIC_REPRESENTATION_CONTEXT() REPRESENTATION_CONTEXT('2D SPACE',''
  ) );
#9669 = PCURVE('',#9543,#9670);
#9670 = DEFINITIONAL_REPRESENTATION('',(#9671),#9675);
#9671 = LINE('',#9672,#9673);
#9672 = CARTESIAN_POINT('',(0.,0.));
#9673 = VECTOR('',#9674,1.);
#9674 = DIRECTION('',(0.,1.));
#9675 = ( GEOMETRIC_REPRESENTATION_CONTEXT(2) 
PARAMETRIC_REPRESENTATION_CONTEXT() REPRESENTATION_CONTEXT('2D SPACE',''
  ) );
#9676 = ORIENTED_EDGE('',*,*,#9677,.F.);
#9677 = EDGE_CURVE('',#9582,#9656,#9678,.T.);
#9678 = SURFACE_CURVE('',#9679,(#9683,#9689),.PCURVE_S1.);
#9679 = LINE('',#9680,#9681);
#9680 = CARTESIAN_POINT('',(95.,0.,292.));
#9681 = VECTOR('',#9682,1.);
#9682 = DIRECTION('',(-0.99977633246,2.114911472511E-02,0.));
#9683 = PCURVE('',#9596,#9684);
#9684 = DEFINITIONAL_REPRESENTATION('',(#9685),#9688);
#9685 = B_SPLINE_CURVE_WITH_KNOTS('',1,(#9686,#9687),.UNSPECIFIED.,.F.,
  .F.,(2,2),(0.,117.02617495671),.PIECEWISE_BEZIER_KNOTS.);
#9686 = CARTESIAN_POINT('',(0.,1.));
#9687 = CARTESIAN_POINT('',(292.55170483181,1.));
#9688 = ( GEOMETRIC_REPRESENTATION_CONTEXT(2) 
PARAMETRIC_REPRESENTATION_CONTEXT() REPRESENTATION_CONTEXT('2D SPACE',''
  ) );
#9689 = PCURVE('',#9518,#9690);
#9690 = DEFINITIONAL_REPRESENTATION('',(#9691),#9695);
#9691 = LINE('',#9692,#9693);
#9692 = CARTESIAN_POINT('',(180.,0.));
#9693 = VECTOR('',#9694,1.);
#9694 = DIRECTION('',(-0.99977633246,-2.114911472511E-02));
#9695 = ( GEOMETRIC_REPRESENTATION_CONTEXT(2) 
PARAMETRIC_REPRESENTATION_CONTEXT() REPRESENTATION_CONTEXT('2D SPACE',''
  ) );
#9696 = ORIENTED_EDGE('',*,*,#9581,.F.);
#9697 = ADVANCED_FACE('',(#9698),#9543,.T.);
#9698 = FACE_BOUND('',#9699,.T.);
#9699 = EDGE_LOOP('',(#9700,#9721,#9722,#9742));
#9700 = ORIENTED_EDGE('',*,*,#9701,.T.);
#9701 = EDGE_CURVE('',#9633,#9442,#9702,.T.);
#9702 = SURFACE_CURVE('',#9703,(#9707,#9714),.PCURVE_S1.);
#9703 = LINE('',#9704,#9705);
#9704 = CARTESIAN_POINT('',(-67.5,5.5,118.));
#9705 = VECTOR('',#9706,1.);
#9706 = DIRECTION('',(-0.99939083171,-3.489936237717E-02,0.));
#9707 = PCURVE('',#9543,#9708);
#9708 = DEFINITIONAL_REPRESENTATION('',(#9709),#9713);
#9709 = LINE('',#9710,#9711);
#9710 = CARTESIAN_POINT('',(0.,0.));
#9711 = VECTOR('',#9712,1.);
#9712 = DIRECTION('',(1.,0.));
#9713 = ( GEOMETRIC_REPRESENTATION_CONTEXT(2) 
PARAMETRIC_REPRESENTATION_CONTEXT() REPRESENTATION_CONTEXT('2D SPACE',''
  ) );
#9714 = PCURVE('',#9464,#9715);
#9715 = DEFINITIONAL_REPRESENTATION('',(#9716),#9720);
#9716 = LINE('',#9717,#9718);
#9717 = CARTESIAN_POINT('',(157.5,-5.5));
#9718 = VECTOR('',#9719,1.);
#9719 = DIRECTION('',(-0.99939083171,3.489936237717E-02));
#9720 = ( GEOMETRIC_REPRESENTATION_CONTEXT(2) 
PARAMETRIC_REPRESENTATION_CONTEXT() REPRESENTATION_CONTEXT('2D SPACE',''
  ) );
#9721 = ORIENTED_EDGE('',*,*,#9530,.T.);
#9722 = ORIENTED_EDGE('',*,*,#9723,.F.);
#9723 = EDGE_CURVE('',#9656,#9504,#9724,.T.);
#9724 = SURFACE_CURVE('',#9725,(#9729,#9735),.PCURVE_S1.);
#9725 = LINE('',#9726,#9727);
#9726 = CARTESIAN_POINT('',(-22.,2.475,292.));
#9727 = VECTOR('',#9728,1.);
#9728 = DIRECTION('',(-0.999229208423,-3.925543318804E-02,0.));
#9729 = PCURVE('',#9543,#9730);
#9730 = DEFINITIONAL_REPRESENTATION('',(#9731),#9734);
#9731 = B_SPLINE_CURVE_WITH_KNOTS('',1,(#9732,#9733),.UNSPECIFIED.,.F.,
  .F.,(2,2),(0.,63.048597327776),.PIECEWISE_BEZIER_KNOTS.);
#9732 = CARTESIAN_POINT('',(0.,1.));
#9733 = CARTESIAN_POINT('',(157.59600248737,1.));
#9734 = ( GEOMETRIC_REPRESENTATION_CONTEXT(2) 
PARAMETRIC_REPRESENTATION_CONTEXT() REPRESENTATION_CONTEXT('2D SPACE',''
  ) );
#9735 = PCURVE('',#9518,#9736);
#9736 = DEFINITIONAL_REPRESENTATION('',(#9737),#9741);
#9737 = LINE('',#9738,#9739);
#9738 = CARTESIAN_POINT('',(63.,-2.475));
#9739 = VECTOR('',#9740,1.);
#9740 = DIRECTION('',(-0.999229208423,3.925543318804E-02));
#9741 = ( GEOMETRIC_REPRESENTATION_CONTEXT(2) 
PARAMETRIC_REPRESENTATION_CONTEXT() REPRESENTATION_CONTEXT('2D SPACE',''
  ) );
#9742 = ORIENTED_EDGE('',*,*,#9655,.F.);
#9743 = ADVANCED_FACE('',(#9744),#9464,.T.);
#9744 = FACE_BOUND('',#9745,.F.);
#9745 = EDGE_LOOP('',(#9746,#9747,#9748,#9749));
#9746 = ORIENTED_EDGE('',*,*,#9441,.T.);
#9747 = ORIENTED_EDGE('',*,*,#9558,.T.);
#9748 = ORIENTED_EDGE('',*,*,#9632,.T.);
#9749 = ORIENTED_EDGE('',*,*,#9701,.T.);
#9750 = ADVANCED_FACE('',(#9751),#9518,.F.);
#9751 = FACE_BOUND('',#9752,.T.);
#9752 = EDGE_LOOP('',(#9753,#9754,#9755,#9756));
#9753 = ORIENTED_EDGE('',*,*,#9503,.T.);
#9754 = ORIENTED_EDGE('',*,*,#9608,.T.);
#9755 = ORIENTED_EDGE('',*,*,#9677,.T.);
#9756 = ORIENTED_EDGE('',*,*,#9723,.T.);
#9757 = ( GEOMETRIC_REPRESENTATION_CONTEXT(3) 
GLOBAL_UNCERTAINTY_ASSIGNED_CONTEXT((#9761)) 
GLOBAL_UNIT_ASSIGNED_CONTEXT((#9758,#9759,#9760)) REPRESENTATION_CONTEXT
('Context #1','3D Context with UNIT and UNCERTAINTY') );
#9758 = ( LENGTH_UNIT() NAMED_UNIT(*) SI_UNIT(.MILLI.,.METRE.) );
#9759 = ( NAMED_UNIT(*) PLANE_ANGLE_UNIT() SI_UNIT($,.RADIAN.) );
#9760 = ( NAMED_UNIT(*) SI_UNIT($,.STERADIAN.) SOLID_ANGLE_UNIT() );
#9761 = UNCERTAINTY_MEASURE_WITH_UNIT(LENGTH_MEASURE(1.E-07),#9758,
  'distance_accuracy_value','confusion accuracy');
#9762 = CONTEXT_DEPENDENT_SHAPE_REPRESENTATION(#9763,#9765);
#9763 = ( REPRESENTATION_RELATIONSHIP('','',#9434,#10) 
REPRESENTATION_RELATIONSHIP_WITH_TRANSFORMATION(#9764) 
SHAPE_REPRESENTATION_RELATIONSHIP() );
#9764 = ITEM_DEFINED_TRANSFORMATION('','',#11,#35);
#9765 = PRODUCT_DEFINITION_SHAPE('Placement','Placement of an item',
  #9766);
#9766 = NEXT_ASSEMBLY_USAGE_OCCURRENCE('6','sustainer_fin_1','',#5,#9429
  ,$);
#9767 = PRODUCT_RELATED_PRODUCT_CATEGORY('part',$,(#9431));
#9768 = SHAPE_DEFINITION_REPRESENTATION(#9769,#9775);
#9769 = PRODUCT_DEFINITION_SHAPE('','',#9770);
#9770 = PRODUCT_DEFINITION('design','',#9771,#9774);
#9771 = PRODUCT_DEFINITION_FORMATION('','',#9772);
#9772 = PRODUCT('booster_fin_4','booster_fin_4','',(#9773));
#9773 = PRODUCT_CONTEXT('',#2,'mechanical');
#9774 = PRODUCT_DEFINITION_CONTEXT('part definition',#2,'design');
#9775 = ADVANCED_BREP_SHAPE_REPRESENTATION('',(#11,#9776),#10098);
#9776 = MANIFOLD_SOLID_BREP('',#9777);
#9777 = CLOSED_SHELL('',(#9778,#9895,#9969,#10038,#10084,#10091));
#9778 = ADVANCED_FACE('',(#9779),#9793,.T.);
#9779 = FACE_BOUND('',#9780,.T.);
#9780 = EDGE_LOOP('',(#9781,#9816,#9843,#9870));
#9781 = ORIENTED_EDGE('',*,*,#9782,.T.);
#9782 = EDGE_CURVE('',#9783,#9785,#9787,.T.);
#9783 = VERTEX_POINT('',#9784);
#9784 = CARTESIAN_POINT('',(-1.49E+03,0.,118.));
#9785 = VERTEX_POINT('',#9786);
#9786 = CARTESIAN_POINT('',(-1.294E+03,-6.5,118.));
#9787 = SURFACE_CURVE('',#9788,(#9792,#9804),.PCURVE_S1.);
#9788 = LINE('',#9789,#9790);
#9789 = CARTESIAN_POINT('',(-1.49E+03,0.,118.));
#9790 = VECTOR('',#9791,1.);
#9791 = DIRECTION('',(0.999450552089,-3.314504381926E-02,0.));
#9792 = PCURVE('',#9793,#9798);
#9793 = B_SPLINE_SURFACE_WITH_KNOTS('',1,1,(
    (#9794,#9795)
    ,(#9796,#9797
    )),.UNSPECIFIED.,.F.,.F.,.F.,(2,2),(2,2),(0.,196.10775099419),(0.,1.
    ),.PIECEWISE_BEZIER_KNOTS.);
#9794 = CARTESIAN_POINT('',(-1.49E+03,0.,118.));
#9795 = CARTESIAN_POINT('',(-1.399E+03,0.,305.));
#9796 = CARTESIAN_POINT('',(-1.294E+03,-6.5,118.));
#9797 = CARTESIAN_POINT('',(-1.31668E+03,-2.925,305.));
#9798 = DEFINITIONAL_REPRESENTATION('',(#9799),#9803);
#9799 = LINE('',#9800,#9801);
#9800 = CARTESIAN_POINT('',(0.,0.));
#9801 = VECTOR('',#9802,1.);
#9802 = DIRECTION('',(1.,0.));
#9803 = ( GEOMETRIC_REPRESENTATION_CONTEXT(2) 
PARAMETRIC_REPRESENTATION_CONTEXT() REPRESENTATION_CONTEXT('2D SPACE',''
  ) );
#9804 = PCURVE('',#9805,#9810);
#9805 = PLANE('',#9806);
#9806 = AXIS2_PLACEMENT_3D('',#9807,#9808,#9809);
#9807 = CARTESIAN_POINT('',(-1.49E+03,0.,118.));
#9808 = DIRECTION('',(0.,0.,-1.));
#9809 = DIRECTION('',(1.,0.,0.));
#9810 = DEFINITIONAL_REPRESENTATION('',(#9811),#9815);
#9811 = LINE('',#9812,#9813);
#9812 = CARTESIAN_POINT('',(0.,0.));
#9813 = VECTOR('',#9814,1.);
#9814 = DIRECTION('',(0.999450552089,3.314504381926E-02));
#9815 = ( GEOMETRIC_REPRESENTATION_CONTEXT(2) 
PARAMETRIC_REPRESENTATION_CONTEXT() REPRESENTATION_CONTEXT('2D SPACE',''
  ) );
#9816 = ORIENTED_EDGE('',*,*,#9817,.T.);
#9817 = EDGE_CURVE('',#9785,#9818,#9820,.T.);
#9818 = VERTEX_POINT('',#9819);
#9819 = CARTESIAN_POINT('',(-1.31668E+03,-2.925,305.));
#9820 = SURFACE_CURVE('',#9821,(#9824,#9831),.PCURVE_S1.);
#9821 = B_SPLINE_CURVE_WITH_KNOTS('',1,(#9822,#9823),.UNSPECIFIED.,.F.,
  .F.,(2,2),(0.,1.),.PIECEWISE_BEZIER_KNOTS.);
#9822 = CARTESIAN_POINT('',(-1.294E+03,-6.5,118.));
#9823 = CARTESIAN_POINT('',(-1.31668E+03,-2.925,305.));
#9824 = PCURVE('',#9793,#9825);
#9825 = DEFINITIONAL_REPRESENTATION('',(#9826),#9830);
#9826 = LINE('',#9827,#9828);
#9827 = CARTESIAN_POINT('',(196.10775099419,0.));
#9828 = VECTOR('',#9829,1.);
#9829 = DIRECTION('',(0.,1.));
#9830 = ( GEOMETRIC_REPRESENTATION_CONTEXT(2) 
PARAMETRIC_REPRESENTATION_CONTEXT() REPRESENTATION_CONTEXT('2D SPACE',''
  ) );
#9831 = PCURVE('',#9832,#9837);
#9832 = B_SPLINE_SURFACE_WITH_KNOTS('',1,1,(
    (#9833,#9834)
    ,(#9835,#9836
    )),.UNSPECIFIED.,.F.,.F.,.F.,(2,2),(2,2),(0.,364.05803108845),(0.,1.
    ),.PIECEWISE_BEZIER_KNOTS.);
#9833 = CARTESIAN_POINT('',(-1.294E+03,-6.5,118.));
#9834 = CARTESIAN_POINT('',(-1.31668E+03,-2.925,305.));
#9835 = CARTESIAN_POINT('',(-930.,0.,118.));
#9836 = CARTESIAN_POINT('',(-1.1638E+03,0.,305.));
#9837 = DEFINITIONAL_REPRESENTATION('',(#9838),#9842);
#9838 = LINE('',#9839,#9840);
#9839 = CARTESIAN_POINT('',(0.,0.));
#9840 = VECTOR('',#9841,1.);
#9841 = DIRECTION('',(0.,1.));
#9842 = ( GEOMETRIC_REPRESENTATION_CONTEXT(2) 
PARAMETRIC_REPRESENTATION_CONTEXT() REPRESENTATION_CONTEXT('2D SPACE',''
  ) );
#9843 = ORIENTED_EDGE('',*,*,#9844,.F.);
#9844 = EDGE_CURVE('',#9845,#9818,#9847,.T.);
#9845 = VERTEX_POINT('',#9846);
#9846 = CARTESIAN_POINT('',(-1.399E+03,0.,305.));
#9847 = SURFACE_CURVE('',#9848,(#9852,#9858),.PCURVE_S1.);
#9848 = LINE('',#9849,#9850);
#9849 = CARTESIAN_POINT('',(-1.399E+03,0.,305.));
#9850 = VECTOR('',#9851,1.);
#9851 = DIRECTION('',(0.999369333115,-3.550966107096E-02,0.));
#9852 = PCURVE('',#9793,#9853);
#9853 = DEFINITIONAL_REPRESENTATION('',(#9854),#9857);
#9854 = B_SPLINE_CURVE_WITH_KNOTS('',1,(#9855,#9856),.UNSPECIFIED.,.F.,
  .F.,(2,2),(0.,82.371949260655),.PIECEWISE_BEZIER_KNOTS.);
#9855 = CARTESIAN_POINT('',(0.,1.));
#9856 = CARTESIAN_POINT('',(196.10775099419,1.));
#9857 = ( GEOMETRIC_REPRESENTATION_CONTEXT(2) 
PARAMETRIC_REPRESENTATION_CONTEXT() REPRESENTATION_CONTEXT('2D SPACE',''
  ) );
#9858 = PCURVE('',#9859,#9864);
#9859 = PLANE('',#9860);
#9860 = AXIS2_PLACEMENT_3D('',#9861,#9862,#9863);
#9861 = CARTESIAN_POINT('',(-1.399E+03,0.,305.));
#9862 = DIRECTION('',(0.,0.,-1.));
#9863 = DIRECTION('',(1.,0.,0.));
#9864 = DEFINITIONAL_REPRESENTATION('',(#9865),#9869);
#9865 = LINE('',#9866,#9867);
#9866 = CARTESIAN_POINT('',(0.,0.));
#9867 = VECTOR('',#9868,1.);
#9868 = DIRECTION('',(0.999369333115,3.550966107096E-02));
#9869 = ( GEOMETRIC_REPRESENTATION_CONTEXT(2) 
PARAMETRIC_REPRESENTATION_CONTEXT() REPRESENTATION_CONTEXT('2D SPACE',''
  ) );
#9870 = ORIENTED_EDGE('',*,*,#9871,.F.);
#9871 = EDGE_CURVE('',#9783,#9845,#9872,.T.);
#9872 = SURFACE_CURVE('',#9873,(#9876,#9883),.PCURVE_S1.);
#9873 = B_SPLINE_CURVE_WITH_KNOTS('',1,(#9874,#9875),.UNSPECIFIED.,.F.,
  .F.,(2,2),(0.,1.),.PIECEWISE_BEZIER_KNOTS.);
#9874 = CARTESIAN_POINT('',(-1.49E+03,0.,118.));
#9875 = CARTESIAN_POINT('',(-1.399E+03,0.,305.));
#9876 = PCURVE('',#9793,#9877);
#9877 = DEFINITIONAL_REPRESENTATION('',(#9878),#9882);
#9878 = LINE('',#9879,#9880);
#9879 = CARTESIAN_POINT('',(0.,0.));
#9880 = VECTOR('',#9881,1.);
#9881 = DIRECTION('',(0.,1.));
#9882 = ( GEOMETRIC_REPRESENTATION_CONTEXT(2) 
PARAMETRIC_REPRESENTATION_CONTEXT() REPRESENTATION_CONTEXT('2D SPACE',''
  ) );
#9883 = PCURVE('',#9884,#9889);
#9884 = B_SPLINE_SURFACE_WITH_KNOTS('',1,1,(
    (#9885,#9886)
    ,(#9887,#9888
    )),.UNSPECIFIED.,.F.,.F.,.F.,(2,2),(2,2),(0.,196.10775099419),(0.,1.
    ),.PIECEWISE_BEZIER_KNOTS.);
#9885 = CARTESIAN_POINT('',(-1.294E+03,6.5,118.));
#9886 = CARTESIAN_POINT('',(-1.31668E+03,2.925,305.));
#9887 = CARTESIAN_POINT('',(-1.49E+03,0.,118.));
#9888 = CARTESIAN_POINT('',(-1.399E+03,0.,305.));
#9889 = DEFINITIONAL_REPRESENTATION('',(#9890),#9894);
#9890 = LINE('',#9891,#9892);
#9891 = CARTESIAN_POINT('',(196.10775099419,0.));
#9892 = VECTOR('',#9893,1.);
#9893 = DIRECTION('',(0.,1.));
#9894 = ( GEOMETRIC_REPRESENTATION_CONTEXT(2) 
PARAMETRIC_REPRESENTATION_CONTEXT() REPRESENTATION_CONTEXT('2D SPACE',''
  ) );
#9895 = ADVANCED_FACE('',(#9896),#9832,.T.);
#9896 = FACE_BOUND('',#9897,.T.);
#9897 = EDGE_LOOP('',(#9898,#9921,#9948,#9968));
#9898 = ORIENTED_EDGE('',*,*,#9899,.T.);
#9899 = EDGE_CURVE('',#9785,#9900,#9902,.T.);
#9900 = VERTEX_POINT('',#9901);
#9901 = CARTESIAN_POINT('',(-930.,0.,118.));
#9902 = SURFACE_CURVE('',#9903,(#9907,#9914),.PCURVE_S1.);
#9903 = LINE('',#9904,#9905);
#9904 = CARTESIAN_POINT('',(-1.294E+03,-6.5,118.));
#9905 = VECTOR('',#9906,1.);
#9906 = DIRECTION('',(0.999840599345,1.785429641688E-02,0.));
#9907 = PCURVE('',#9832,#9908);
#9908 = DEFINITIONAL_REPRESENTATION('',(#9909),#9913);
#9909 = LINE('',#9910,#9911);
#9910 = CARTESIAN_POINT('',(0.,0.));
#9911 = VECTOR('',#9912,1.);
#9912 = DIRECTION('',(1.,0.));
#9913 = ( GEOMETRIC_REPRESENTATION_CONTEXT(2) 
PARAMETRIC_REPRESENTATION_CONTEXT() REPRESENTATION_CONTEXT('2D SPACE',''
  ) );
#9914 = PCURVE('',#9805,#9915);
#9915 = DEFINITIONAL_REPRESENTATION('',(#9916),#9920);
#9916 = LINE('',#9917,#9918);
#9917 = CARTESIAN_POINT('',(196.,6.5));
#9918 = VECTOR('',#9919,1.);
#9919 = DIRECTION('',(0.999840599345,-1.785429641688E-02));
#9920 = ( GEOMETRIC_REPRESENTATION_CONTEXT(2) 
PARAMETRIC_REPRESENTATION_CONTEXT() REPRESENTATION_CONTEXT('2D SPACE',''
  ) );
#9921 = ORIENTED_EDGE('',*,*,#9922,.T.);
#9922 = EDGE_CURVE('',#9900,#9923,#9925,.T.);
#9923 = VERTEX_POINT('',#9924);
#9924 = CARTESIAN_POINT('',(-1.1638E+03,0.,305.));
#9925 = SURFACE_CURVE('',#9926,(#9929,#9936),.PCURVE_S1.);
#9926 = B_SPLINE_CURVE_WITH_KNOTS('',1,(#9927,#9928),.UNSPECIFIED.,.F.,
  .F.,(2,2),(0.,1.),.PIECEWISE_BEZIER_KNOTS.);
#9927 = CARTESIAN_POINT('',(-930.,0.,118.));
#9928 = CARTESIAN_POINT('',(-1.1638E+03,0.,305.));
#9929 = PCURVE('',#9832,#9930);
#9930 = DEFINITIONAL_REPRESENTATION('',(#9931),#9935);
#9931 = LINE('',#9932,#9933);
#9932 = CARTESIAN_POINT('',(364.05803108845,0.));
#9933 = VECTOR('',#9934,1.);
#9934 = DIRECTION('',(0.,1.));
#9935 = ( GEOMETRIC_REPRESENTATION_CONTEXT(2) 
PARAMETRIC_REPRESENTATION_CONTEXT() REPRESENTATION_CONTEXT('2D SPACE',''
  ) );
#9936 = PCURVE('',#9937,#9942);
#9937 = B_SPLINE_SURFACE_WITH_KNOTS('',1,1,(
    (#9938,#9939)
    ,(#9940,#9941
    )),.UNSPECIFIED.,.F.,.F.,.F.,(2,2),(2,2),(0.,364.05803108845),(0.,1.
    ),.PIECEWISE_BEZIER_KNOTS.);
#9938 = CARTESIAN_POINT('',(-930.,0.,118.));
#9939 = CARTESIAN_POINT('',(-1.1638E+03,0.,305.));
#9940 = CARTESIAN_POINT('',(-1.294E+03,6.5,118.));
#9941 = CARTESIAN_POINT('',(-1.31668E+03,2.925,305.));
#9942 = DEFINITIONAL_REPRESENTATION('',(#9943),#9947);
#9943 = LINE('',#9944,#9945);
#9944 = CARTESIAN_POINT('',(0.,0.));
#9945 = VECTOR('',#9946,1.);
#9946 = DIRECTION('',(0.,1.));
#9947 = ( GEOMETRIC_REPRESENTATION_CONTEXT(2) 
PARAMETRIC_REPRESENTATION_CONTEXT() REPRESENTATION_CONTEXT('2D SPACE',''
  ) );
#9948 = ORIENTED_EDGE('',*,*,#9949,.F.);
#9949 = EDGE_CURVE('',#9818,#9923,#9950,.T.);
#9950 = SURFACE_CURVE('',#9951,(#9955,#9961),.PCURVE_S1.);
#9951 = LINE('',#9952,#9953);
#9952 = CARTESIAN_POINT('',(-1.31668E+03,-2.925,305.));
#9953 = VECTOR('',#9954,1.);
#9954 = DIRECTION('',(0.999817021028,1.912915218803E-02,0.));
#9955 = PCURVE('',#9832,#9956);
#9956 = DEFINITIONAL_REPRESENTATION('',(#9957),#9960);
#9957 = B_SPLINE_CURVE_WITH_KNOTS('',1,(#9958,#9959),.UNSPECIFIED.,.F.,
  .F.,(2,2),(0.,152.90797894485),.PIECEWISE_BEZIER_KNOTS.);
#9958 = CARTESIAN_POINT('',(0.,1.));
#9959 = CARTESIAN_POINT('',(364.05803108845,1.));
#9960 = ( GEOMETRIC_REPRESENTATION_CONTEXT(2) 
PARAMETRIC_REPRESENTATION_CONTEXT() REPRESENTATION_CONTEXT('2D SPACE',''
  ) );
#9961 = PCURVE('',#9859,#9962);
#9962 = DEFINITIONAL_REPRESENTATION('',(#9963),#9967);
#9963 = LINE('',#9964,#9965);
#9964 = CARTESIAN_POINT('',(82.32,2.925));
#9965 = VECTOR('',#9966,1.);
#9966 = DIRECTION('',(0.999817021028,-1.912915218803E-02));
#9967 = ( GEOMETRIC_REPRESENTATION_CONTEXT(2) 
PARAMETRIC_REPRESENTATION_CONTEXT() REPRESENTATION_CONTEXT('2D SPACE',''
  ) );
#9968 = ORIENTED_EDGE('',*,*,#9817,.F.);
#9969 = ADVANCED_FACE('',(#9970),#9937,.T.);
#9970 = FACE_BOUND('',#9971,.T.);
#9971 = EDGE_LOOP('',(#9972,#9995,#10017,#10037));
#9972 = ORIENTED_EDGE('',*,*,#9973,.T.);
#9973 = EDGE_CURVE('',#9900,#9974,#9976,.T.);
#9974 = VERTEX_POINT('',#9975);
#9975 = CARTESIAN_POINT('',(-1.294E+03,6.5,118.));
#9976 = SURFACE_CURVE('',#9977,(#9981,#9988),.PCURVE_S1.);
#9977 = LINE('',#9978,#9979);
#9978 = CARTESIAN_POINT('',(-930.,0.,118.));
#9979 = VECTOR('',#9980,1.);
#9980 = DIRECTION('',(-0.999840599345,1.785429641688E-02,0.));
#9981 = PCURVE('',#9937,#9982);
#9982 = DEFINITIONAL_REPRESENTATION('',(#9983),#9987);
#9983 = LINE('',#9984,#9985);
#9984 = CARTESIAN_POINT('',(0.,0.));
#9985 = VECTOR('',#9986,1.);
#9986 = DIRECTION('',(1.,0.));
#9987 = ( GEOMETRIC_REPRESENTATION_CONTEXT(2) 
PARAMETRIC_REPRESENTATION_CONTEXT() REPRESENTATION_CONTEXT('2D SPACE',''
  ) );
#9988 = PCURVE('',#9805,#9989);
#9989 = DEFINITIONAL_REPRESENTATION('',(#9990),#9994);
#9990 = LINE('',#9991,#9992);
#9991 = CARTESIAN_POINT('',(560.,0.));
#9992 = VECTOR('',#9993,1.);
#9993 = DIRECTION('',(-0.999840599345,-1.785429641688E-02));
#9994 = ( GEOMETRIC_REPRESENTATION_CONTEXT(2) 
PARAMETRIC_REPRESENTATION_CONTEXT() REPRESENTATION_CONTEXT('2D SPACE',''
  ) );
#9995 = ORIENTED_EDGE('',*,*,#9996,.T.);
#9996 = EDGE_CURVE('',#9974,#9997,#9999,.T.);
#9997 = VERTEX_POINT('',#9998);
#9998 = CARTESIAN_POINT('',(-1.31668E+03,2.925,305.));
#9999 = SURFACE_CURVE('',#10000,(#10003,#10010),.PCURVE_S1.);
#10000 = B_SPLINE_CURVE_WITH_KNOTS('',1,(#10001,#10002),.UNSPECIFIED.,
  .F.,.F.,(2,2),(0.,1.),.PIECEWISE_BEZIER_KNOTS.);
#10001 = CARTESIAN_POINT('',(-1.294E+03,6.5,118.));
#10002 = CARTESIAN_POINT('',(-1.31668E+03,2.925,305.));
#10003 = PCURVE('',#9937,#10004);
#10004 = DEFINITIONAL_REPRESENTATION('',(#10005),#10009);
#10005 = LINE('',#10006,#10007);
#10006 = CARTESIAN_POINT('',(364.05803108845,0.));
#10007 = VECTOR('',#10008,1.);
#10008 = DIRECTION('',(0.,1.));
#10009 = ( GEOMETRIC_REPRESENTATION_CONTEXT(2) 
PARAMETRIC_REPRESENTATION_CONTEXT() REPRESENTATION_CONTEXT('2D SPACE',''
  ) );
#10010 = PCURVE('',#9884,#10011);
#10011 = DEFINITIONAL_REPRESENTATION('',(#10012),#10016);
#10012 = LINE('',#10013,#10014);
#10013 = CARTESIAN_POINT('',(0.,0.));
#10014 = VECTOR('',#10015,1.);
#10015 = DIRECTION('',(0.,1.));
#10016 = ( GEOMETRIC_REPRESENTATION_CONTEXT(2) 
PARAMETRIC_REPRESENTATION_CONTEXT() REPRESENTATION_CONTEXT('2D SPACE',''
  ) );
#10017 = ORIENTED_EDGE('',*,*,#10018,.F.);
#10018 = EDGE_CURVE('',#9923,#9997,#10019,.T.);
#10019 = SURFACE_CURVE('',#10020,(#10024,#10030),.PCURVE_S1.);
#10020 = LINE('',#10021,#10022);
#10021 = CARTESIAN_POINT('',(-1.1638E+03,0.,305.));
#10022 = VECTOR('',#10023,1.);
#10023 = DIRECTION('',(-0.999817021028,1.912915218803E-02,0.));
#10024 = PCURVE('',#9937,#10025);
#10025 = DEFINITIONAL_REPRESENTATION('',(#10026),#10029);
#10026 = B_SPLINE_CURVE_WITH_KNOTS('',1,(#10027,#10028),.UNSPECIFIED.,
  .F.,.F.,(2,2),(0.,152.90797894485),.PIECEWISE_BEZIER_KNOTS.);
#10027 = CARTESIAN_POINT('',(0.,1.));
#10028 = CARTESIAN_POINT('',(364.05803108845,1.));
#10029 = ( GEOMETRIC_REPRESENTATION_CONTEXT(2) 
PARAMETRIC_REPRESENTATION_CONTEXT() REPRESENTATION_CONTEXT('2D SPACE',''
  ) );
#10030 = PCURVE('',#9859,#10031);
#10031 = DEFINITIONAL_REPRESENTATION('',(#10032),#10036);
#10032 = LINE('',#10033,#10034);
#10033 = CARTESIAN_POINT('',(235.2,0.));
#10034 = VECTOR('',#10035,1.);
#10035 = DIRECTION('',(-0.999817021028,-1.912915218803E-02));
#10036 = ( GEOMETRIC_REPRESENTATION_CONTEXT(2) 
PARAMETRIC_REPRESENTATION_CONTEXT() REPRESENTATION_CONTEXT('2D SPACE',''
  ) );
#10037 = ORIENTED_EDGE('',*,*,#9922,.F.);
#10038 = ADVANCED_FACE('',(#10039),#9884,.T.);
#10039 = FACE_BOUND('',#10040,.T.);
#10040 = EDGE_LOOP('',(#10041,#10062,#10063,#10083));
#10041 = ORIENTED_EDGE('',*,*,#10042,.T.);
#10042 = EDGE_CURVE('',#9974,#9783,#10043,.T.);
#10043 = SURFACE_CURVE('',#10044,(#10048,#10055),.PCURVE_S1.);
#10044 = LINE('',#10045,#10046);
#10045 = CARTESIAN_POINT('',(-1.294E+03,6.5,118.));
#10046 = VECTOR('',#10047,1.);
#10047 = DIRECTION('',(-0.999450552089,-3.314504381926E-02,0.));
#10048 = PCURVE('',#9884,#10049);
#10049 = DEFINITIONAL_REPRESENTATION('',(#10050),#10054);
#10050 = LINE('',#10051,#10052);
#10051 = CARTESIAN_POINT('',(0.,0.));
#10052 = VECTOR('',#10053,1.);
#10053 = DIRECTION('',(1.,0.));
#10054 = ( GEOMETRIC_REPRESENTATION_CONTEXT(2) 
PARAMETRIC_REPRESENTATION_CONTEXT() REPRESENTATION_CONTEXT('2D SPACE',''
  ) );
#10055 = PCURVE('',#9805,#10056);
#10056 = DEFINITIONAL_REPRESENTATION('',(#10057),#10061);
#10057 = LINE('',#10058,#10059);
#10058 = CARTESIAN_POINT('',(196.,-6.5));
#10059 = VECTOR('',#10060,1.);
#10060 = DIRECTION('',(-0.999450552089,3.314504381926E-02));
#10061 = ( GEOMETRIC_REPRESENTATION_CONTEXT(2) 
PARAMETRIC_REPRESENTATION_CONTEXT() REPRESENTATION_CONTEXT('2D SPACE',''
  ) );
#10062 = ORIENTED_EDGE('',*,*,#9871,.T.);
#10063 = ORIENTED_EDGE('',*,*,#10064,.F.);
#10064 = EDGE_CURVE('',#9997,#9845,#10065,.T.);
#10065 = SURFACE_CURVE('',#10066,(#10070,#10076),.PCURVE_S1.);
#10066 = LINE('',#10067,#10068);
#10067 = CARTESIAN_POINT('',(-1.31668E+03,2.925,305.));
#10068 = VECTOR('',#10069,1.);
#10069 = DIRECTION('',(-0.999369333115,-3.550966107096E-02,0.));
#10070 = PCURVE('',#9884,#10071);
#10071 = DEFINITIONAL_REPRESENTATION('',(#10072),#10075);
#10072 = B_SPLINE_CURVE_WITH_KNOTS('',1,(#10073,#10074),.UNSPECIFIED.,
  .F.,.F.,(2,2),(0.,82.371949260655),.PIECEWISE_BEZIER_KNOTS.);
#10073 = CARTESIAN_POINT('',(0.,1.));
#10074 = CARTESIAN_POINT('',(196.10775099419,1.));
#10075 = ( GEOMETRIC_REPRESENTATION_CONTEXT(2) 
PARAMETRIC_REPRESENTATION_CONTEXT() REPRESENTATION_CONTEXT('2D SPACE',''
  ) );
#10076 = PCURVE('',#9859,#10077);
#10077 = DEFINITIONAL_REPRESENTATION('',(#10078),#10082);
#10078 = LINE('',#10079,#10080);
#10079 = CARTESIAN_POINT('',(82.32,-2.925));
#10080 = VECTOR('',#10081,1.);
#10081 = DIRECTION('',(-0.999369333115,3.550966107096E-02));
#10082 = ( GEOMETRIC_REPRESENTATION_CONTEXT(2) 
PARAMETRIC_REPRESENTATION_CONTEXT() REPRESENTATION_CONTEXT('2D SPACE',''
  ) );
#10083 = ORIENTED_EDGE('',*,*,#9996,.F.);
#10084 = ADVANCED_FACE('',(#10085),#9805,.T.);
#10085 = FACE_BOUND('',#10086,.F.);
#10086 = EDGE_LOOP('',(#10087,#10088,#10089,#10090));
#10087 = ORIENTED_EDGE('',*,*,#9782,.T.);
#10088 = ORIENTED_EDGE('',*,*,#9899,.T.);
#10089 = ORIENTED_EDGE('',*,*,#9973,.T.);
#10090 = ORIENTED_EDGE('',*,*,#10042,.T.);
#10091 = ADVANCED_FACE('',(#10092),#9859,.F.);
#10092 = FACE_BOUND('',#10093,.T.);
#10093 = EDGE_LOOP('',(#10094,#10095,#10096,#10097));
#10094 = ORIENTED_EDGE('',*,*,#9844,.T.);
#10095 = ORIENTED_EDGE('',*,*,#9949,.T.);
#10096 = ORIENTED_EDGE('',*,*,#10018,.T.);
#10097 = ORIENTED_EDGE('',*,*,#10064,.T.);
#10098 = ( GEOMETRIC_REPRESENTATION_CONTEXT(3) 
GLOBAL_UNCERTAINTY_ASSIGNED_CONTEXT((#10102)) 
GLOBAL_UNIT_ASSIGNED_CONTEXT((#10099,#10100,#10101)) 
REPRESENTATION_CONTEXT('Context #1',
  '3D Context with UNIT and UNCERTAINTY') );
#10099 = ( LENGTH_UNIT() NAMED_UNIT(*) SI_UNIT(.MILLI.,.METRE.) );
#10100 = ( NAMED_UNIT(*) PLANE_ANGLE_UNIT() SI_UNIT($,.RADIAN.) );
#10101 = ( NAMED_UNIT(*) SI_UNIT($,.STERADIAN.) SOLID_ANGLE_UNIT() );
#10102 = UNCERTAINTY_MEASURE_WITH_UNIT(LENGTH_MEASURE(1.E-07),#10099,
  'distance_accuracy_value','confusion accuracy');
#10103 = CONTEXT_DEPENDENT_SHAPE_REPRESENTATION(#10104,#10106);
#10104 = ( REPRESENTATION_RELATIONSHIP('','',#9775,#10) 
REPRESENTATION_RELATIONSHIP_WITH_TRANSFORMATION(#10105) 
SHAPE_REPRESENTATION_RELATIONSHIP() );
#10105 = ITEM_DEFINED_TRANSFORMATION('','',#11,#39);
#10106 = PRODUCT_DEFINITION_SHAPE('Placement','Placement of an item',
  #10107);
#10107 = NEXT_ASSEMBLY_USAGE_OCCURRENCE('7','booster_fin_1','',#5,#9770,
  $);
#10108 = PRODUCT_RELATED_PRODUCT_CATEGORY('part',$,(#9772));
#10109 = CONTEXT_DEPENDENT_SHAPE_REPRESENTATION(#10110,#10112);
#10110 = ( REPRESENTATION_RELATIONSHIP('','',#9434,#10) 
REPRESENTATION_RELATIONSHIP_WITH_TRANSFORMATION(#10111) 
SHAPE_REPRESENTATION_RELATIONSHIP() );
#10111 = ITEM_DEFINED_TRANSFORMATION('','',#11,#43);
#10112 = PRODUCT_DEFINITION_SHAPE('Placement','Placement of an item',
  #10113);
#10113 = NEXT_ASSEMBLY_USAGE_OCCURRENCE('8','sustainer_fin_2','',#5,
  #9429,$);
#10114 = CONTEXT_DEPENDENT_SHAPE_REPRESENTATION(#10115,#10117);
#10115 = ( REPRESENTATION_RELATIONSHIP('','',#9775,#10) 
REPRESENTATION_RELATIONSHIP_WITH_TRANSFORMATION(#10116) 
SHAPE_REPRESENTATION_RELATIONSHIP() );
#10116 = ITEM_DEFINED_TRANSFORMATION('','',#11,#47);
#10117 = PRODUCT_DEFINITION_SHAPE('Placement','Placement of an item',
  #10118);
#10118 = NEXT_ASSEMBLY_USAGE_OCCURRENCE('9','booster_fin_2','',#5,#9770,
  $);
#10119 = CONTEXT_DEPENDENT_SHAPE_REPRESENTATION(#10120,#10122);
#10120 = ( REPRESENTATION_RELATIONSHIP('','',#9434,#10) 
REPRESENTATION_RELATIONSHIP_WITH_TRANSFORMATION(#10121) 
SHAPE_REPRESENTATION_RELATIONSHIP() );
#10121 = ITEM_DEFINED_TRANSFORMATION('','',#11,#51);
#10122 = PRODUCT_DEFINITION_SHAPE('Placement','Placement of an item',
  #10123);
#10123 = NEXT_ASSEMBLY_USAGE_OCCURRENCE('10','sustainer_fin_3','',#5,
  #9429,$);
#10124 = CONTEXT_DEPENDENT_SHAPE_REPRESENTATION(#10125,#10127);
#10125 = ( REPRESENTATION_RELATIONSHIP('','',#9775,#10) 
REPRESENTATION_RELATIONSHIP_WITH_TRANSFORMATION(#10126) 
SHAPE_REPRESENTATION_RELATIONSHIP() );
#10126 = ITEM_DEFINED_TRANSFORMATION('','',#11,#55);
#10127 = PRODUCT_DEFINITION_SHAPE('Placement','Placement of an item',
  #10128);
#10128 = NEXT_ASSEMBLY_USAGE_OCCURRENCE('11','booster_fin_3','',#5,#9770
  ,$);
#10129 = CONTEXT_DEPENDENT_SHAPE_REPRESENTATION(#10130,#10132);
#10130 = ( REPRESENTATION_RELATIONSHIP('','',#9434,#10) 
REPRESENTATION_RELATIONSHIP_WITH_TRANSFORMATION(#10131) 
SHAPE_REPRESENTATION_RELATIONSHIP() );
#10131 = ITEM_DEFINED_TRANSFORMATION('','',#11,#59);
#10132 = PRODUCT_DEFINITION_SHAPE('Placement','Placement of an item',
  #10133);
#10133 = NEXT_ASSEMBLY_USAGE_OCCURRENCE('12','sustainer_fin_4','',#5,
  #9429,$);
#10134 = CONTEXT_DEPENDENT_SHAPE_REPRESENTATION(#10135,#10137);
#10135 = ( REPRESENTATION_RELATIONSHIP('','',#9775,#10) 
REPRESENTATION_RELATIONSHIP_WITH_TRANSFORMATION(#10136) 
SHAPE_REPRESENTATION_RELATIONSHIP() );
#10136 = ITEM_DEFINED_TRANSFORMATION('','',#11,#63);
#10137 = PRODUCT_DEFINITION_SHAPE('Placement','Placement of an item',
  #10138);
#10138 = NEXT_ASSEMBLY_USAGE_OCCURRENCE('13','booster_fin_4','',#5,#9770
  ,$);
#10139 = SHAPE_DEFINITION_REPRESENTATION(#10140,#10146);
#10140 = PRODUCT_DEFINITION_SHAPE('','',#10141);
#10141 = PRODUCT_DEFINITION('design','',#10142,#10145);
#10142 = PRODUCT_DEFINITION_FORMATION('','',#10143);
#10143 = PRODUCT('mount_1','mount_1','',(#10144));
#10144 = PRODUCT_CONTEXT('',#2,'mechanical');
#10145 = PRODUCT_DEFINITION_CONTEXT('part definition',#2,'design');
#10146 = ADVANCED_BREP_SHAPE_REPRESENTATION('',(#11,#10147),#10477);
#10147 = MANIFOLD_SOLID_BREP('',#10148);
#10148 = CLOSED_SHELL('',(#10149,#10269,#10369,#10416,#10463,#10470));
#10149 = ADVANCED_FACE('',(#10150),#10164,.F.);
#10150 = FACE_BOUND('',#10151,.F.);
#10151 = EDGE_LOOP('',(#10152,#10187,#10215,#10243));
#10152 = ORIENTED_EDGE('',*,*,#10153,.F.);
#10153 = EDGE_CURVE('',#10154,#10156,#10158,.T.);
#10154 = VERTEX_POINT('',#10155);
#10155 = CARTESIAN_POINT('',(-110.,-24.,-5.));
#10156 = VERTEX_POINT('',#10157);
#10157 = CARTESIAN_POINT('',(-110.,-24.,5.));
#10158 = SURFACE_CURVE('',#10159,(#10163,#10175),.PCURVE_S1.);
#10159 = LINE('',#10160,#10161);
#10160 = CARTESIAN_POINT('',(-110.,-24.,-5.));
#10161 = VECTOR('',#10162,1.);
#10162 = DIRECTION('',(0.,0.,1.));
#10163 = PCURVE('',#10164,#10169);
#10164 = PLANE('',#10165);
#10165 = AXIS2_PLACEMENT_3D('',#10166,#10167,#10168);
#10166 = CARTESIAN_POINT('',(-110.,-24.,-5.));
#10167 = DIRECTION('',(1.,0.,0.));
#10168 = DIRECTION('',(0.,0.,1.));
#10169 = DEFINITIONAL_REPRESENTATION('',(#10170),#10174);
#10170 = LINE('',#10171,#10172);
#10171 = CARTESIAN_POINT('',(0.,0.));
#10172 = VECTOR('',#10173,1.);
#10173 = DIRECTION('',(1.,0.));
#10174 = ( GEOMETRIC_REPRESENTATION_CONTEXT(2) 
PARAMETRIC_REPRESENTATION_CONTEXT() REPRESENTATION_CONTEXT('2D SPACE',''
  ) );
#10175 = PCURVE('',#10176,#10181);
#10176 = PLANE('',#10177);
#10177 = AXIS2_PLACEMENT_3D('',#10178,#10179,#10180);
#10178 = CARTESIAN_POINT('',(-110.,-24.,-5.));
#10179 = DIRECTION('',(0.,1.,0.));
#10180 = DIRECTION('',(0.,0.,1.));
#10181 = DEFINITIONAL_REPRESENTATION('',(#10182),#10186);
#10182 = LINE('',#10183,#10184);
#10183 = CARTESIAN_POINT('',(0.,0.));
#10184 = VECTOR('',#10185,1.);
#10185 = DIRECTION('',(1.,0.));
#10186 = ( GEOMETRIC_REPRESENTATION_CONTEXT(2) 
PARAMETRIC_REPRESENTATION_CONTEXT() REPRESENTATION_CONTEXT('2D SPACE',''
  ) );
#10187 = ORIENTED_EDGE('',*,*,#10188,.T.);
#10188 = EDGE_CURVE('',#10154,#10189,#10191,.T.);
#10189 = VERTEX_POINT('',#10190);
#10190 = CARTESIAN_POINT('',(-110.,24.,-5.));
#10191 = SURFACE_CURVE('',#10192,(#10196,#10203),.PCURVE_S1.);
#10192 = LINE('',#10193,#10194);
#10193 = CARTESIAN_POINT('',(-110.,-24.,-5.));
#10194 = VECTOR('',#10195,1.);
#10195 = DIRECTION('',(0.,1.,0.));
#10196 = PCURVE('',#10164,#10197);
#10197 = DEFINITIONAL_REPRESENTATION('',(#10198),#10202);
#10198 = LINE('',#10199,#10200);
#10199 = CARTESIAN_POINT('',(0.,0.));
#10200 = VECTOR('',#10201,1.);
#10201 = DIRECTION('',(0.,-1.));
#10202 = ( GEOMETRIC_REPRESENTATION_CONTEXT(2) 
PARAMETRIC_REPRESENTATION_CONTEXT() REPRESENTATION_CONTEXT('2D SPACE',''
  ) );
#10203 = PCURVE('',#10204,#10209);
#10204 = PLANE('',#10205);
#10205 = AXIS2_PLACEMENT_3D('',#10206,#10207,#10208);
#10206 = CARTESIAN_POINT('',(-110.,-24.,-5.));
#10207 = DIRECTION('',(0.,0.,1.));
#10208 = DIRECTION('',(1.,0.,0.));
#10209 = DEFINITIONAL_REPRESENTATION('',(#10210),#10214);
#10210 = LINE('',#10211,#10212);
#10211 = CARTESIAN_POINT('',(0.,0.));
#10212 = VECTOR('',#10213,1.);
#10213 = DIRECTION('',(0.,1.));
#10214 = ( GEOMETRIC_REPRESENTATION_CONTEXT(2) 
PARAMETRIC_REPRESENTATION_CONTEXT() REPRESENTATION_CONTEXT('2D SPACE',''
  ) );
#10215 = ORIENTED_EDGE('',*,*,#10216,.T.);
#10216 = EDGE_CURVE('',#10189,#10217,#10219,.T.);
#10217 = VERTEX_POINT('',#10218);
#10218 = CARTESIAN_POINT('',(-110.,24.,5.));
#10219 = SURFACE_CURVE('',#10220,(#10224,#10231),.PCURVE_S1.);
#10220 = LINE('',#10221,#10222);
#10221 = CARTESIAN_POINT('',(-110.,24.,-5.));
#10222 = VECTOR('',#10223,1.);
#10223 = DIRECTION('',(0.,0.,1.));
#10224 = PCURVE('',#10164,#10225);
#10225 = DEFINITIONAL_REPRESENTATION('',(#10226),#10230);
#10226 = LINE('',#10227,#10228);
#10227 = CARTESIAN_POINT('',(0.,-48.));
#10228 = VECTOR('',#10229,1.);
#10229 = DIRECTION('',(1.,0.));
#10230 = ( GEOMETRIC_REPRESENTATION_CONTEXT(2) 
PARAMETRIC_REPRESENTATION_CONTEXT() REPRESENTATION_CONTEXT('2D SPACE',''
  ) );
#10231 = PCURVE('',#10232,#10237);
#10232 = PLANE('',#10233);
#10233 = AXIS2_PLACEMENT_3D('',#10234,#10235,#10236);
#10234 = CARTESIAN_POINT('',(-110.,24.,-5.));
#10235 = DIRECTION('',(0.,1.,0.));
#10236 = DIRECTION('',(0.,0.,1.));
#10237 = DEFINITIONAL_REPRESENTATION('',(#10238),#10242);
#10238 = LINE('',#10239,#10240);
#10239 = CARTESIAN_POINT('',(0.,0.));
#10240 = VECTOR('',#10241,1.);
#10241 = DIRECTION('',(1.,0.));
#10242 = ( GEOMETRIC_REPRESENTATION_CONTEXT(2) 
PARAMETRIC_REPRESENTATION_CONTEXT() REPRESENTATION_CONTEXT('2D SPACE',''
  ) );
#10243 = ORIENTED_EDGE('',*,*,#10244,.F.);
#10244 = EDGE_CURVE('',#10156,#10217,#10245,.T.);
#10245 = SURFACE_CURVE('',#10246,(#10250,#10257),.PCURVE_S1.);
#10246 = LINE('',#10247,#10248);
#10247 = CARTESIAN_POINT('',(-110.,-24.,5.));
#10248 = VECTOR('',#10249,1.);
#10249 = DIRECTION('',(0.,1.,0.));
#10250 = PCURVE('',#10164,#10251);
#10251 = DEFINITIONAL_REPRESENTATION('',(#10252),#10256);
#10252 = LINE('',#10253,#10254);
#10253 = CARTESIAN_POINT('',(10.,0.));
#10254 = VECTOR('',#10255,1.);
#10255 = DIRECTION('',(0.,-1.));
#10256 = ( GEOMETRIC_REPRESENTATION_CONTEXT(2) 
PARAMETRIC_REPRESENTATION_CONTEXT() REPRESENTATION_CONTEXT('2D SPACE',''
  ) );
#10257 = PCURVE('',#10258,#10263);
#10258 = PLANE('',#10259);
#10259 = AXIS2_PLACEMENT_3D('',#10260,#10261,#10262);
#10260 = CARTESIAN_POINT('',(-110.,-24.,5.));
#10261 = DIRECTION('',(0.,0.,1.));
#10262 = DIRECTION('',(1.,0.,0.));
#10263 = DEFINITIONAL_REPRESENTATION('',(#10264),#10268);
#10264 = LINE('',#10265,#10266);
#10265 = CARTESIAN_POINT('',(0.,0.));
#10266 = VECTOR('',#10267,1.);
#10267 = DIRECTION('',(0.,1.));
#10268 = ( GEOMETRIC_REPRESENTATION_CONTEXT(2) 
PARAMETRIC_REPRESENTATION_CONTEXT() REPRESENTATION_CONTEXT('2D SPACE',''
  ) );
#10269 = ADVANCED_FACE('',(#10270),#10284,.T.);
#10270 = FACE_BOUND('',#10271,.T.);
#10271 = EDGE_LOOP('',(#10272,#10302,#10325,#10348));
#10272 = ORIENTED_EDGE('',*,*,#10273,.F.);
#10273 = EDGE_CURVE('',#10274,#10276,#10278,.T.);
#10274 = VERTEX_POINT('',#10275);
#10275 = CARTESIAN_POINT('',(110.,-24.,-5.));
#10276 = VERTEX_POINT('',#10277);
#10277 = CARTESIAN_POINT('',(110.,-24.,5.));
#10278 = SURFACE_CURVE('',#10279,(#10283,#10295),.PCURVE_S1.);
#10279 = LINE('',#10280,#10281);
#10280 = CARTESIAN_POINT('',(110.,-24.,-5.));
#10281 = VECTOR('',#10282,1.);
#10282 = DIRECTION('',(0.,0.,1.));
#10283 = PCURVE('',#10284,#10289);
#10284 = PLANE('',#10285);
#10285 = AXIS2_PLACEMENT_3D('',#10286,#10287,#10288);
#10286 = CARTESIAN_POINT('',(110.,-24.,-5.));
#10287 = DIRECTION('',(1.,0.,0.));
#10288 = DIRECTION('',(0.,0.,1.));
#10289 = DEFINITIONAL_REPRESENTATION('',(#10290),#10294);
#10290 = LINE('',#10291,#10292);
#10291 = CARTESIAN_POINT('',(0.,0.));
#10292 = VECTOR('',#10293,1.);
#10293 = DIRECTION('',(1.,0.));
#10294 = ( GEOMETRIC_REPRESENTATION_CONTEXT(2) 
PARAMETRIC_REPRESENTATION_CONTEXT() REPRESENTATION_CONTEXT('2D SPACE',''
  ) );
#10295 = PCURVE('',#10176,#10296);
#10296 = DEFINITIONAL_REPRESENTATION('',(#10297),#10301);
#10297 = LINE('',#10298,#10299);
#10298 = CARTESIAN_POINT('',(0.,220.));
#10299 = VECTOR('',#10300,1.);
#10300 = DIRECTION('',(1.,0.));
#10301 = ( GEOMETRIC_REPRESENTATION_CONTEXT(2) 
PARAMETRIC_REPRESENTATION_CONTEXT() REPRESENTATION_CONTEXT('2D SPACE',''
  ) );
#10302 = ORIENTED_EDGE('',*,*,#10303,.T.);
#10303 = EDGE_CURVE('',#10274,#10304,#10306,.T.);
#10304 = VERTEX_POINT('',#10305);
#10305 = CARTESIAN_POINT('',(110.,24.,-5.));
#10306 = SURFACE_CURVE('',#10307,(#10311,#10318),.PCURVE_S1.);
#10307 = LINE('',#10308,#10309);
#10308 = CARTESIAN_POINT('',(110.,-24.,-5.));
#10309 = VECTOR('',#10310,1.);
#10310 = DIRECTION('',(0.,1.,0.));
#10311 = PCURVE('',#10284,#10312);
#10312 = DEFINITIONAL_REPRESENTATION('',(#10313),#10317);
#10313 = LINE('',#10314,#10315);
#10314 = CARTESIAN_POINT('',(0.,0.));
#10315 = VECTOR('',#10316,1.);
#10316 = DIRECTION('',(0.,-1.));
#10317 = ( GEOMETRIC_REPRESENTATION_CONTEXT(2) 
PARAMETRIC_REPRESENTATION_CONTEXT() REPRESENTATION_CONTEXT('2D SPACE',''
  ) );
#10318 = PCURVE('',#10204,#10319);
#10319 = DEFINITIONAL_REPRESENTATION('',(#10320),#10324);
#10320 = LINE('',#10321,#10322);
#10321 = CARTESIAN_POINT('',(220.,0.));
#10322 = VECTOR('',#10323,1.);
#10323 = DIRECTION('',(0.,1.));
#10324 = ( GEOMETRIC_REPRESENTATION_CONTEXT(2) 
PARAMETRIC_REPRESENTATION_CONTEXT() REPRESENTATION_CONTEXT('2D SPACE',''
  ) );
#10325 = ORIENTED_EDGE('',*,*,#10326,.T.);
#10326 = EDGE_CURVE('',#10304,#10327,#10329,.T.);
#10327 = VERTEX_POINT('',#10328);
#10328 = CARTESIAN_POINT('',(110.,24.,5.));
#10329 = SURFACE_CURVE('',#10330,(#10334,#10341),.PCURVE_S1.);
#10330 = LINE('',#10331,#10332);
#10331 = CARTESIAN_POINT('',(110.,24.,-5.));
#10332 = VECTOR('',#10333,1.);
#10333 = DIRECTION('',(0.,0.,1.));
#10334 = PCURVE('',#10284,#10335);
#10335 = DEFINITIONAL_REPRESENTATION('',(#10336),#10340);
#10336 = LINE('',#10337,#10338);
#10337 = CARTESIAN_POINT('',(0.,-48.));
#10338 = VECTOR('',#10339,1.);
#10339 = DIRECTION('',(1.,0.));
#10340 = ( GEOMETRIC_REPRESENTATION_CONTEXT(2) 
PARAMETRIC_REPRESENTATION_CONTEXT() REPRESENTATION_CONTEXT('2D SPACE',''
  ) );
#10341 = PCURVE('',#10232,#10342);
#10342 = DEFINITIONAL_REPRESENTATION('',(#10343),#10347);
#10343 = LINE('',#10344,#10345);
#10344 = CARTESIAN_POINT('',(0.,220.));
#10345 = VECTOR('',#10346,1.);
#10346 = DIRECTION('',(1.,0.));
#10347 = ( GEOMETRIC_REPRESENTATION_CONTEXT(2) 
PARAMETRIC_REPRESENTATION_CONTEXT() REPRESENTATION_CONTEXT('2D SPACE',''
  ) );
#10348 = ORIENTED_EDGE('',*,*,#10349,.F.);
#10349 = EDGE_CURVE('',#10276,#10327,#10350,.T.);
#10350 = SURFACE_CURVE('',#10351,(#10355,#10362),.PCURVE_S1.);
#10351 = LINE('',#10352,#10353);
#10352 = CARTESIAN_POINT('',(110.,-24.,5.));
#10353 = VECTOR('',#10354,1.);
#10354 = DIRECTION('',(0.,1.,0.));
#10355 = PCURVE('',#10284,#10356);
#10356 = DEFINITIONAL_REPRESENTATION('',(#10357),#10361);
#10357 = LINE('',#10358,#10359);
#10358 = CARTESIAN_POINT('',(10.,0.));
#10359 = VECTOR('',#10360,1.);
#10360 = DIRECTION('',(0.,-1.));
#10361 = ( GEOMETRIC_REPRESENTATION_CONTEXT(2) 
PARAMETRIC_REPRESENTATION_CONTEXT() REPRESENTATION_CONTEXT('2D SPACE',''
  ) );
#10362 = PCURVE('',#10258,#10363);
#10363 = DEFINITIONAL_REPRESENTATION('',(#10364),#10368);
#10364 = LINE('',#10365,#10366);
#10365 = CARTESIAN_POINT('',(220.,0.));
#10366 = VECTOR('',#10367,1.);
#10367 = DIRECTION('',(0.,1.));
#10368 = ( GEOMETRIC_REPRESENTATION_CONTEXT(2) 
PARAMETRIC_REPRESENTATION_CONTEXT() REPRESENTATION_CONTEXT('2D SPACE',''
  ) );
#10369 = ADVANCED_FACE('',(#10370),#10176,.F.);
#10370 = FACE_BOUND('',#10371,.F.);
#10371 = EDGE_LOOP('',(#10372,#10393,#10394,#10415));
#10372 = ORIENTED_EDGE('',*,*,#10373,.F.);
#10373 = EDGE_CURVE('',#10154,#10274,#10374,.T.);
#10374 = SURFACE_CURVE('',#10375,(#10379,#10386),.PCURVE_S1.);
#10375 = LINE('',#10376,#10377);
#10376 = CARTESIAN_POINT('',(-110.,-24.,-5.));
#10377 = VECTOR('',#10378,1.);
#10378 = DIRECTION('',(1.,0.,0.));
#10379 = PCURVE('',#10176,#10380);
#10380 = DEFINITIONAL_REPRESENTATION('',(#10381),#10385);
#10381 = LINE('',#10382,#10383);
#10382 = CARTESIAN_POINT('',(0.,0.));
#10383 = VECTOR('',#10384,1.);
#10384 = DIRECTION('',(0.,1.));
#10385 = ( GEOMETRIC_REPRESENTATION_CONTEXT(2) 
PARAMETRIC_REPRESENTATION_CONTEXT() REPRESENTATION_CONTEXT('2D SPACE',''
  ) );
#10386 = PCURVE('',#10204,#10387);
#10387 = DEFINITIONAL_REPRESENTATION('',(#10388),#10392);
#10388 = LINE('',#10389,#10390);
#10389 = CARTESIAN_POINT('',(0.,0.));
#10390 = VECTOR('',#10391,1.);
#10391 = DIRECTION('',(1.,0.));
#10392 = ( GEOMETRIC_REPRESENTATION_CONTEXT(2) 
PARAMETRIC_REPRESENTATION_CONTEXT() REPRESENTATION_CONTEXT('2D SPACE',''
  ) );
#10393 = ORIENTED_EDGE('',*,*,#10153,.T.);
#10394 = ORIENTED_EDGE('',*,*,#10395,.T.);
#10395 = EDGE_CURVE('',#10156,#10276,#10396,.T.);
#10396 = SURFACE_CURVE('',#10397,(#10401,#10408),.PCURVE_S1.);
#10397 = LINE('',#10398,#10399);
#10398 = CARTESIAN_POINT('',(-110.,-24.,5.));
#10399 = VECTOR('',#10400,1.);
#10400 = DIRECTION('',(1.,0.,0.));
#10401 = PCURVE('',#10176,#10402);
#10402 = DEFINITIONAL_REPRESENTATION('',(#10403),#10407);
#10403 = LINE('',#10404,#10405);
#10404 = CARTESIAN_POINT('',(10.,0.));
#10405 = VECTOR('',#10406,1.);
#10406 = DIRECTION('',(0.,1.));
#10407 = ( GEOMETRIC_REPRESENTATION_CONTEXT(2) 
PARAMETRIC_REPRESENTATION_CONTEXT() REPRESENTATION_CONTEXT('2D SPACE',''
  ) );
#10408 = PCURVE('',#10258,#10409);
#10409 = DEFINITIONAL_REPRESENTATION('',(#10410),#10414);
#10410 = LINE('',#10411,#10412);
#10411 = CARTESIAN_POINT('',(0.,0.));
#10412 = VECTOR('',#10413,1.);
#10413 = DIRECTION('',(1.,0.));
#10414 = ( GEOMETRIC_REPRESENTATION_CONTEXT(2) 
PARAMETRIC_REPRESENTATION_CONTEXT() REPRESENTATION_CONTEXT('2D SPACE',''
  ) );
#10415 = ORIENTED_EDGE('',*,*,#10273,.F.);
#10416 = ADVANCED_FACE('',(#10417),#10232,.T.);
#10417 = FACE_BOUND('',#10418,.T.);
#10418 = EDGE_LOOP('',(#10419,#10440,#10441,#10462));
#10419 = ORIENTED_EDGE('',*,*,#10420,.F.);
#10420 = EDGE_CURVE('',#10189,#10304,#10421,.T.);
#10421 = SURFACE_CURVE('',#10422,(#10426,#10433),.PCURVE_S1.);
#10422 = LINE('',#10423,#10424);
#10423 = CARTESIAN_POINT('',(-110.,24.,-5.));
#10424 = VECTOR('',#10425,1.);
#10425 = DIRECTION('',(1.,0.,0.));
#10426 = PCURVE('',#10232,#10427);
#10427 = DEFINITIONAL_REPRESENTATION('',(#10428),#10432);
#10428 = LINE('',#10429,#10430);
#10429 = CARTESIAN_POINT('',(0.,0.));
#10430 = VECTOR('',#10431,1.);
#10431 = DIRECTION('',(0.,1.));
#10432 = ( GEOMETRIC_REPRESENTATION_CONTEXT(2) 
PARAMETRIC_REPRESENTATION_CONTEXT() REPRESENTATION_CONTEXT('2D SPACE',''
  ) );
#10433 = PCURVE('',#10204,#10434);
#10434 = DEFINITIONAL_REPRESENTATION('',(#10435),#10439);
#10435 = LINE('',#10436,#10437);
#10436 = CARTESIAN_POINT('',(0.,48.));
#10437 = VECTOR('',#10438,1.);
#10438 = DIRECTION('',(1.,0.));
#10439 = ( GEOMETRIC_REPRESENTATION_CONTEXT(2) 
PARAMETRIC_REPRESENTATION_CONTEXT() REPRESENTATION_CONTEXT('2D SPACE',''
  ) );
#10440 = ORIENTED_EDGE('',*,*,#10216,.T.);
#10441 = ORIENTED_EDGE('',*,*,#10442,.T.);
#10442 = EDGE_CURVE('',#10217,#10327,#10443,.T.);
#10443 = SURFACE_CURVE('',#10444,(#10448,#10455),.PCURVE_S1.);
#10444 = LINE('',#10445,#10446);
#10445 = CARTESIAN_POINT('',(-110.,24.,5.));
#10446 = VECTOR('',#10447,1.);
#10447 = DIRECTION('',(1.,0.,0.));
#10448 = PCURVE('',#10232,#10449);
#10449 = DEFINITIONAL_REPRESENTATION('',(#10450),#10454);
#10450 = LINE('',#10451,#10452);
#10451 = CARTESIAN_POINT('',(10.,0.));
#10452 = VECTOR('',#10453,1.);
#10453 = DIRECTION('',(0.,1.));
#10454 = ( GEOMETRIC_REPRESENTATION_CONTEXT(2) 
PARAMETRIC_REPRESENTATION_CONTEXT() REPRESENTATION_CONTEXT('2D SPACE',''
  ) );
#10455 = PCURVE('',#10258,#10456);
#10456 = DEFINITIONAL_REPRESENTATION('',(#10457),#10461);
#10457 = LINE('',#10458,#10459);
#10458 = CARTESIAN_POINT('',(0.,48.));
#10459 = VECTOR('',#10460,1.);
#10460 = DIRECTION('',(1.,0.));
#10461 = ( GEOMETRIC_REPRESENTATION_CONTEXT(2) 
PARAMETRIC_REPRESENTATION_CONTEXT() REPRESENTATION_CONTEXT('2D SPACE',''
  ) );
#10462 = ORIENTED_EDGE('',*,*,#10326,.F.);
#10463 = ADVANCED_FACE('',(#10464),#10204,.F.);
#10464 = FACE_BOUND('',#10465,.F.);
#10465 = EDGE_LOOP('',(#10466,#10467,#10468,#10469));
#10466 = ORIENTED_EDGE('',*,*,#10188,.F.);
#10467 = ORIENTED_EDGE('',*,*,#10373,.T.);
#10468 = ORIENTED_EDGE('',*,*,#10303,.T.);
#10469 = ORIENTED_EDGE('',*,*,#10420,.F.);
#10470 = ADVANCED_FACE('',(#10471),#10258,.T.);
#10471 = FACE_BOUND('',#10472,.T.);
#10472 = EDGE_LOOP('',(#10473,#10474,#10475,#10476));
#10473 = ORIENTED_EDGE('',*,*,#10244,.F.);
#10474 = ORIENTED_EDGE('',*,*,#10395,.T.);
#10475 = ORIENTED_EDGE('',*,*,#10349,.T.);
#10476 = ORIENTED_EDGE('',*,*,#10442,.F.);
#10477 = ( GEOMETRIC_REPRESENTATION_CONTEXT(3) 
GLOBAL_UNCERTAINTY_ASSIGNED_CONTEXT((#10481)) 
GLOBAL_UNIT_ASSIGNED_CONTEXT((#10478,#10479,#10480)) 
REPRESENTATION_CONTEXT('Context #1',
  '3D Context with UNIT and UNCERTAINTY') );
#10478 = ( LENGTH_UNIT() NAMED_UNIT(*) SI_UNIT(.MILLI.,.METRE.) );
#10479 = ( NAMED_UNIT(*) PLANE_ANGLE_UNIT() SI_UNIT($,.RADIAN.) );
#10480 = ( NAMED_UNIT(*) SI_UNIT($,.STERADIAN.) SOLID_ANGLE_UNIT() );
#10481 = UNCERTAINTY_MEASURE_WITH_UNIT(LENGTH_MEASURE(1.E-07),#10478,
  'distance_accuracy_value','confusion accuracy');
#10482 = CONTEXT_DEPENDENT_SHAPE_REPRESENTATION(#10483,#10485);
#10483 = ( REPRESENTATION_RELATIONSHIP('','',#10146,#10) 
REPRESENTATION_RELATIONSHIP_WITH_TRANSFORMATION(#10484) 
SHAPE_REPRESENTATION_RELATIONSHIP() );
#10484 = ITEM_DEFINED_TRANSFORMATION('','',#11,#67);
#10485 = PRODUCT_DEFINITION_SHAPE('Placement','Placement of an item',
  #10486);
#10486 = NEXT_ASSEMBLY_USAGE_OCCURRENCE('14','mount_1','',#5,#10141,$);
#10487 = PRODUCT_RELATED_PRODUCT_CATEGORY('part',$,(#10143));
#10488 = SHAPE_DEFINITION_REPRESENTATION(#5930,#10489);
#10489 = SHAPE_REPRESENTATION('',(#15),#5922);
#10490 = SHAPE_DEFINITION_REPRESENTATION(#7603,#10491);
#10491 = SHAPE_REPRESENTATION('',(#19),#7595);
#10492 = SHAPE_DEFINITION_REPRESENTATION(#7856,#10493);
#10493 = SHAPE_REPRESENTATION('',(#23),#7848);
#10494 = SHAPE_DEFINITION_REPRESENTATION(#9171,#10495);
#10495 = SHAPE_REPRESENTATION('',(#27),#9163);
#10496 = SHAPE_DEFINITION_REPRESENTATION(#9424,#10497);
#10497 = SHAPE_REPRESENTATION('',(#31),#9416);
#10498 = SHAPE_DEFINITION_REPRESENTATION(#9765,#10499);
#10499 = SHAPE_REPRESENTATION('',(#35),#9757);
#10500 = SHAPE_DEFINITION_REPRESENTATION(#10106,#10501);
#10501 = SHAPE_REPRESENTATION('',(#39),#10098);
#10502 = SHAPE_DEFINITION_REPRESENTATION(#10112,#10503);
#10503 = SHAPE_REPRESENTATION('',(#43),#9757);
#10504 = SHAPE_DEFINITION_REPRESENTATION(#10117,#10505);
#10505 = SHAPE_REPRESENTATION('',(#47),#10098);
#10506 = SHAPE_DEFINITION_REPRESENTATION(#10122,#10507);
#10507 = SHAPE_REPRESENTATION('',(#51),#9757);
#10508 = SHAPE_DEFINITION_REPRESENTATION(#10127,#10509);
#10509 = SHAPE_REPRESENTATION('',(#55),#10098);
#10510 = SHAPE_DEFINITION_REPRESENTATION(#10132,#10511);
#10511 = SHAPE_REPRESENTATION('',(#59),#9757);
#10512 = SHAPE_DEFINITION_REPRESENTATION(#10137,#10513);
#10513 = SHAPE_REPRESENTATION('',(#63),#10098);
#10514 = SHAPE_DEFINITION_REPRESENTATION(#10485,#10515);
#10515 = SHAPE_REPRESENTATION('',(#67),#10477);
#10516 = SHAPE_DEFINITION_REPRESENTATION(#5930,#10517);
#10517 = SHAPE_REPRESENTATION('',(#15),#5922);
#10518 = SHAPE_DEFINITION_REPRESENTATION(#7603,#10519);
#10519 = SHAPE_REPRESENTATION('',(#19),#7595);
#10520 = SHAPE_DEFINITION_REPRESENTATION(#7856,#10521);
#10521 = SHAPE_REPRESENTATION('',(#23),#7848);
#10522 = SHAPE_DEFINITION_REPRESENTATION(#9171,#10523);
#10523 = SHAPE_REPRESENTATION('',(#27),#9163);
#10524 = SHAPE_DEFINITION_REPRESENTATION(#9424,#10525);
#10525 = SHAPE_REPRESENTATION('',(#31),#9416);
#10526 = SHAPE_DEFINITION_REPRESENTATION(#9765,#10527);
#10527 = SHAPE_REPRESENTATION('',(#35),#9757);
#10528 = SHAPE_DEFINITION_REPRESENTATION(#10106,#10529);
#10529 = SHAPE_REPRESENTATION('',(#39),#10098);
#10530 = SHAPE_DEFINITION_REPRESENTATION(#10112,#10531);
#10531 = SHAPE_REPRESENTATION('',(#43),#9757);
#10532 = SHAPE_DEFINITION_REPRESENTATION(#10117,#10533);
#10533 = SHAPE_REPRESENTATION('',(#47),#10098);
#10534 = SHAPE_DEFINITION_REPRESENTATION(#10122,#10535);
#10535 = SHAPE_REPRESENTATION('',(#51),#9757);
#10536 = SHAPE_DEFINITION_REPRESENTATION(#10127,#10537);
#10537 = SHAPE_REPRESENTATION('',(#55),#10098);
#10538 = SHAPE_DEFINITION_REPRESENTATION(#10132,#10539);
#10539 = SHAPE_REPRESENTATION('',(#59),#9757);
#10540 = SHAPE_DEFINITION_REPRESENTATION(#10137,#10541);
#10541 = SHAPE_REPRESENTATION('',(#63),#10098);
#10542 = SHAPE_DEFINITION_REPRESENTATION(#10485,#10543);
#10543 = SHAPE_REPRESENTATION('',(#67),#10477);
#10544 = MECHANICAL_DESIGN_GEOMETRIC_PRESENTATION_REPRESENTATION('',(
    #10545,#10553),#5922);
#10545 = STYLED_ITEM('color',(#10546),#85);
#10546 = PRESENTATION_STYLE_ASSIGNMENT((#10547));
#10547 = SURFACE_STYLE_USAGE(.BOTH.,#10548);
#10548 = SURFACE_SIDE_STYLE('',(#10549));
#10549 = SURFACE_STYLE_FILL_AREA(#10550);
#10550 = FILL_AREA_STYLE('',(#10551));
#10551 = FILL_AREA_STYLE_COLOUR('',#10552);
#10552 = COLOUR_RGB('',0.650980375594,0.678431390124,0.686274507277);
#10553 = OVER_RIDING_STYLED_ITEM('overriding color',(#10554),#85,#10545
  );
#10554 = PRESENTATION_STYLE_BY_CONTEXT((#10555),#10517);
#10555 = SURFACE_STYLE_USAGE(.BOTH.,#10556);
#10556 = SURFACE_SIDE_STYLE('',(#10557));
#10557 = SURFACE_STYLE_FILL_AREA(#10558);
#10558 = FILL_AREA_STYLE('',(#10559));
#10559 = FILL_AREA_STYLE_COLOUR('',#10560);
#10560 = COLOUR_RGB('',0.650980375594,0.678431390124,0.686274507277);
#10561 = MECHANICAL_DESIGN_GEOMETRIC_PRESENTATION_REPRESENTATION('',(
    #10562,#10570),#7595);
#10562 = STYLED_ITEM('color',(#10563),#5941);
#10563 = PRESENTATION_STYLE_ASSIGNMENT((#10564));
#10564 = SURFACE_STYLE_USAGE(.BOTH.,#10565);
#10565 = SURFACE_SIDE_STYLE('',(#10566));
#10566 = SURFACE_STYLE_FILL_AREA(#10567);
#10567 = FILL_AREA_STYLE('',(#10568));
#10568 = FILL_AREA_STYLE_COLOUR('',#10569);
#10569 = COLOUR_RGB('',0.819607860991,0.831372531685,0.819607860991);
#10570 = OVER_RIDING_STYLED_ITEM('overriding color',(#10571),#5941,
  #10562);
#10571 = PRESENTATION_STYLE_BY_CONTEXT((#10572),#10519);
#10572 = SURFACE_STYLE_USAGE(.BOTH.,#10573);
#10573 = SURFACE_SIDE_STYLE('',(#10574));
#10574 = SURFACE_STYLE_FILL_AREA(#10575);
#10575 = FILL_AREA_STYLE('',(#10576));
#10576 = FILL_AREA_STYLE_COLOUR('',#10577);
#10577 = COLOUR_RGB('',0.819607860991,0.831372531685,0.819607860991);
#10578 = MECHANICAL_DESIGN_GEOMETRIC_PRESENTATION_REPRESENTATION('',(
    #10579,#10587),#7848);
#10579 = STYLED_ITEM('color',(#10580),#7614);
#10580 = PRESENTATION_STYLE_ASSIGNMENT((#10581));
#10581 = SURFACE_STYLE_USAGE(.BOTH.,#10582);
#10582 = SURFACE_SIDE_STYLE('',(#10583));
#10583 = SURFACE_STYLE_FILL_AREA(#10584);
#10584 = FILL_AREA_STYLE('',(#10585));
#10585 = FILL_AREA_STYLE_COLOUR('',#10586);
#10586 = COLOUR_RGB('',0.384313764467,0.423529428806,0.439215717829);
#10587 = OVER_RIDING_STYLED_ITEM('overriding color',(#10588),#7614,
  #10579);
#10588 = PRESENTATION_STYLE_BY_CONTEXT((#10589),#10521);
#10589 = SURFACE_STYLE_USAGE(.BOTH.,#10590);
#10590 = SURFACE_SIDE_STYLE('',(#10591));
#10591 = SURFACE_STYLE_FILL_AREA(#10592);
#10592 = FILL_AREA_STYLE('',(#10593));
#10593 = FILL_AREA_STYLE_COLOUR('',#10594);
#10594 = COLOUR_RGB('',0.384313764467,0.423529428806,0.439215717829);
#10595 = MECHANICAL_DESIGN_GEOMETRIC_PRESENTATION_REPRESENTATION('',(
    #10596,#10603),#9163);
#10596 = STYLED_ITEM('color',(#10597),#7867);
#10597 = PRESENTATION_STYLE_ASSIGNMENT((#10598));
#10598 = SURFACE_STYLE_USAGE(.BOTH.,#10599);
#10599 = SURFACE_SIDE_STYLE('',(#10600));
#10600 = SURFACE_STYLE_FILL_AREA(#10601);
#10601 = FILL_AREA_STYLE('',(#10602));
#10602 = FILL_AREA_STYLE_COLOUR('',#10552);
#10603 = OVER_RIDING_STYLED_ITEM('overriding color',(#10604),#7867,
  #10596);
#10604 = PRESENTATION_STYLE_BY_CONTEXT((#10605),#10523);
#10605 = SURFACE_STYLE_USAGE(.BOTH.,#10606);
#10606 = SURFACE_SIDE_STYLE('',(#10607));
#10607 = SURFACE_STYLE_FILL_AREA(#10608);
#10608 = FILL_AREA_STYLE('',(#10609));
#10609 = FILL_AREA_STYLE_COLOUR('',#10560);
#10610 = MECHANICAL_DESIGN_GEOMETRIC_PRESENTATION_REPRESENTATION('',(
    #10611,#10618),#9416);
#10611 = STYLED_ITEM('color',(#10612),#9182);
#10612 = PRESENTATION_STYLE_ASSIGNMENT((#10613));
#10613 = SURFACE_STYLE_USAGE(.BOTH.,#10614);
#10614 = SURFACE_SIDE_STYLE('',(#10615));
#10615 = SURFACE_STYLE_FILL_AREA(#10616);
#10616 = FILL_AREA_STYLE('',(#10617));
#10617 = FILL_AREA_STYLE_COLOUR('',#10586);
#10618 = OVER_RIDING_STYLED_ITEM('overriding color',(#10619),#9182,
  #10611);
#10619 = PRESENTATION_STYLE_BY_CONTEXT((#10620),#10525);
#10620 = SURFACE_STYLE_USAGE(.BOTH.,#10621);
#10621 = SURFACE_SIDE_STYLE('',(#10622));
#10622 = SURFACE_STYLE_FILL_AREA(#10623);
#10623 = FILL_AREA_STYLE('',(#10624));
#10624 = FILL_AREA_STYLE_COLOUR('',#10594);
#10625 = MECHANICAL_DESIGN_GEOMETRIC_PRESENTATION_REPRESENTATION('',(
    #10626,#10633,#10640,#10647,#10654,#10661,#10668,#10675),#9757);
#10626 = STYLED_ITEM('color',(#10627),#9435);
#10627 = PRESENTATION_STYLE_ASSIGNMENT((#10628));
#10628 = SURFACE_STYLE_USAGE(.BOTH.,#10629);
#10629 = SURFACE_SIDE_STYLE('',(#10630));
#10630 = SURFACE_STYLE_FILL_AREA(#10631);
#10631 = FILL_AREA_STYLE('',(#10632));
#10632 = FILL_AREA_STYLE_COLOUR('',#10586);
#10633 = OVER_RIDING_STYLED_ITEM('overriding color',(#10634),#9435,
  #10626);
#10634 = PRESENTATION_STYLE_BY_CONTEXT((#10635),#10503);
#10635 = SURFACE_STYLE_USAGE(.BOTH.,#10636);
#10636 = SURFACE_SIDE_STYLE('',(#10637));
#10637 = SURFACE_STYLE_FILL_AREA(#10638);
#10638 = FILL_AREA_STYLE('',(#10639));
#10639 = FILL_AREA_STYLE_COLOUR('',#10586);
#10640 = OVER_RIDING_STYLED_ITEM('overriding color',(#10641),#9435,
  #10626);
#10641 = PRESENTATION_STYLE_BY_CONTEXT((#10642),#10507);
#10642 = SURFACE_STYLE_USAGE(.BOTH.,#10643);
#10643 = SURFACE_SIDE_STYLE('',(#10644));
#10644 = SURFACE_STYLE_FILL_AREA(#10645);
#10645 = FILL_AREA_STYLE('',(#10646));
#10646 = FILL_AREA_STYLE_COLOUR('',#10586);
#10647 = OVER_RIDING_STYLED_ITEM('overriding color',(#10648),#9435,
  #10626);
#10648 = PRESENTATION_STYLE_BY_CONTEXT((#10649),#10511);
#10649 = SURFACE_STYLE_USAGE(.BOTH.,#10650);
#10650 = SURFACE_SIDE_STYLE('',(#10651));
#10651 = SURFACE_STYLE_FILL_AREA(#10652);
#10652 = FILL_AREA_STYLE('',(#10653));
#10653 = FILL_AREA_STYLE_COLOUR('',#10586);
#10654 = OVER_RIDING_STYLED_ITEM('overriding color',(#10655),#9435,
  #10626);
#10655 = PRESENTATION_STYLE_BY_CONTEXT((#10656),#10527);
#10656 = SURFACE_STYLE_USAGE(.BOTH.,#10657);
#10657 = SURFACE_SIDE_STYLE('',(#10658));
#10658 = SURFACE_STYLE_FILL_AREA(#10659);
#10659 = FILL_AREA_STYLE('',(#10660));
#10660 = FILL_AREA_STYLE_COLOUR('',#10594);
#10661 = OVER_RIDING_STYLED_ITEM('overriding color',(#10662),#9435,
  #10626);
#10662 = PRESENTATION_STYLE_BY_CONTEXT((#10663),#10531);
#10663 = SURFACE_STYLE_USAGE(.BOTH.,#10664);
#10664 = SURFACE_SIDE_STYLE('',(#10665));
#10665 = SURFACE_STYLE_FILL_AREA(#10666);
#10666 = FILL_AREA_STYLE('',(#10667));
#10667 = FILL_AREA_STYLE_COLOUR('',#10594);
#10668 = OVER_RIDING_STYLED_ITEM('overriding color',(#10669),#9435,
  #10626);
#10669 = PRESENTATION_STYLE_BY_CONTEXT((#10670),#10535);
#10670 = SURFACE_STYLE_USAGE(.BOTH.,#10671);
#10671 = SURFACE_SIDE_STYLE('',(#10672));
#10672 = SURFACE_STYLE_FILL_AREA(#10673);
#10673 = FILL_AREA_STYLE('',(#10674));
#10674 = FILL_AREA_STYLE_COLOUR('',#10594);
#10675 = OVER_RIDING_STYLED_ITEM('overriding color',(#10676),#9435,
  #10626);
#10676 = PRESENTATION_STYLE_BY_CONTEXT((#10677),#10539);
#10677 = SURFACE_STYLE_USAGE(.BOTH.,#10678);
#10678 = SURFACE_SIDE_STYLE('',(#10679));
#10679 = SURFACE_STYLE_FILL_AREA(#10680);
#10680 = FILL_AREA_STYLE('',(#10681));
#10681 = FILL_AREA_STYLE_COLOUR('',#10594);
#10682 = MECHANICAL_DESIGN_GEOMETRIC_PRESENTATION_REPRESENTATION('',(
    #10683,#10690,#10697,#10704,#10711,#10718,#10725,#10732),#10098);
#10683 = STYLED_ITEM('color',(#10684),#9776);
#10684 = PRESENTATION_STYLE_ASSIGNMENT((#10685));
#10685 = SURFACE_STYLE_USAGE(.BOTH.,#10686);
#10686 = SURFACE_SIDE_STYLE('',(#10687));
#10687 = SURFACE_STYLE_FILL_AREA(#10688);
#10688 = FILL_AREA_STYLE('',(#10689));
#10689 = FILL_AREA_STYLE_COLOUR('',#10586);
#10690 = OVER_RIDING_STYLED_ITEM('overriding color',(#10691),#9776,
  #10683);
#10691 = PRESENTATION_STYLE_BY_CONTEXT((#10692),#10505);
#10692 = SURFACE_STYLE_USAGE(.BOTH.,#10693);
#10693 = SURFACE_SIDE_STYLE('',(#10694));
#10694 = SURFACE_STYLE_FILL_AREA(#10695);
#10695 = FILL_AREA_STYLE('',(#10696));
#10696 = FILL_AREA_STYLE_COLOUR('',#10586);
#10697 = OVER_RIDING_STYLED_ITEM('overriding color',(#10698),#9776,
  #10683);
#10698 = PRESENTATION_STYLE_BY_CONTEXT((#10699),#10509);
#10699 = SURFACE_STYLE_USAGE(.BOTH.,#10700);
#10700 = SURFACE_SIDE_STYLE('',(#10701));
#10701 = SURFACE_STYLE_FILL_AREA(#10702);
#10702 = FILL_AREA_STYLE('',(#10703));
#10703 = FILL_AREA_STYLE_COLOUR('',#10586);
#10704 = OVER_RIDING_STYLED_ITEM('overriding color',(#10705),#9776,
  #10683);
#10705 = PRESENTATION_STYLE_BY_CONTEXT((#10706),#10513);
#10706 = SURFACE_STYLE_USAGE(.BOTH.,#10707);
#10707 = SURFACE_SIDE_STYLE('',(#10708));
#10708 = SURFACE_STYLE_FILL_AREA(#10709);
#10709 = FILL_AREA_STYLE('',(#10710));
#10710 = FILL_AREA_STYLE_COLOUR('',#10586);
#10711 = OVER_RIDING_STYLED_ITEM('overriding color',(#10712),#9776,
  #10683);
#10712 = PRESENTATION_STYLE_BY_CONTEXT((#10713),#10529);
#10713 = SURFACE_STYLE_USAGE(.BOTH.,#10714);
#10714 = SURFACE_SIDE_STYLE('',(#10715));
#10715 = SURFACE_STYLE_FILL_AREA(#10716);
#10716 = FILL_AREA_STYLE('',(#10717));
#10717 = FILL_AREA_STYLE_COLOUR('',#10594);
#10718 = OVER_RIDING_STYLED_ITEM('overriding color',(#10719),#9776,
  #10683);
#10719 = PRESENTATION_STYLE_BY_CONTEXT((#10720),#10533);
#10720 = SURFACE_STYLE_USAGE(.BOTH.,#10721);
#10721 = SURFACE_SIDE_STYLE('',(#10722));
#10722 = SURFACE_STYLE_FILL_AREA(#10723);
#10723 = FILL_AREA_STYLE('',(#10724));
#10724 = FILL_AREA_STYLE_COLOUR('',#10594);
#10725 = OVER_RIDING_STYLED_ITEM('overriding color',(#10726),#9776,
  #10683);
#10726 = PRESENTATION_STYLE_BY_CONTEXT((#10727),#10537);
#10727 = SURFACE_STYLE_USAGE(.BOTH.,#10728);
#10728 = SURFACE_SIDE_STYLE('',(#10729));
#10729 = SURFACE_STYLE_FILL_AREA(#10730);
#10730 = FILL_AREA_STYLE('',(#10731));
#10731 = FILL_AREA_STYLE_COLOUR('',#10594);
#10732 = OVER_RIDING_STYLED_ITEM('overriding color',(#10733),#9776,
  #10683);
#10733 = PRESENTATION_STYLE_BY_CONTEXT((#10734),#10541);
#10734 = SURFACE_STYLE_USAGE(.BOTH.,#10735);
#10735 = SURFACE_SIDE_STYLE('',(#10736));
#10736 = SURFACE_STYLE_FILL_AREA(#10737);
#10737 = FILL_AREA_STYLE('',(#10738));
#10738 = FILL_AREA_STYLE_COLOUR('',#10594);
#10739 = MECHANICAL_DESIGN_GEOMETRIC_PRESENTATION_REPRESENTATION('',(
    #10740),#10477);
#10740 = STYLED_ITEM('color',(#10741),#10147);
#10741 = PRESENTATION_STYLE_ASSIGNMENT((#10742));
#10742 = SURFACE_STYLE_USAGE(.BOTH.,#10743);
#10743 = SURFACE_SIDE_STYLE('',(#10744));
#10744 = SURFACE_STYLE_FILL_AREA(#10745);
#10745 = FILL_AREA_STYLE('',(#10746));
#10746 = FILL_AREA_STYLE_COLOUR('',#10586);
ENDSEC;
END-ISO-10303-21;
