ISO-10303-21;
HEADER;
FILE_DESCRIPTION(('Open CASCADE Model'),'2;1');
FILE_NAME('Halberd_Shoulder_Hybrid_Upper','2000-01-01T00:00:00',(
    'Author'),('Open CASCADE'),'Open CASCADE STEP processor 7.9',
  'cadgen','Unknown');
FILE_SCHEMA(('AUTOMOTIVE_DESIGN { 1 0 10303 214 1 1 1 1 }'));
ENDSEC;
DATA;
#1 = APPLICATION_PROTOCOL_DEFINITION('international standard',
  'automotive_design',2000,#2);
#2 = APPLICATION_CONTEXT(
  'core data for automotive mechanical design processes');
#3 = SHAPE_DEFINITION_REPRESENTATION(#4,#10);
#4 = PRODUCT_DEFINITION_SHAPE('','',#5);
#5 = PRODUCT_DEFINITION('design','',#6,#9);
#6 = PRODUCT_DEFINITION_FORMATION('','',#7);
#7 = PRODUCT('Halberd_Shoulder_Hybrid_Upper',
  'Halberd_Shoulder_Hybrid_Upper','',(#8));
#8 = PRODUCT_CONTEXT('',#2,'mechanical');
#9 = PRODUCT_DEFINITION_CONTEXT('part definition',#2,'design');
#10 = SHAPE_REPRESENTATION('',(#11,#15,#19,#23,#27,#31,#35,#39,#43,#47,
    #51,#55,#59,#63),#67);
#11 = AXIS2_PLACEMENT_3D('',#12,#13,#14);
#12 = CARTESIAN_POINT('',(0.,0.,0.));
#13 = DIRECTION('',(0.,0.,1.));
#14 = DIRECTION('',(1.,0.,-0.));
#15 = AXIS2_PLACEMENT_3D('',#16,#17,#18);
#16 = CARTESIAN_POINT('',(0.,0.,0.));
#17 = DIRECTION('',(0.,0.,1.));
#18 = DIRECTION('',(1.,0.,0.));
#19 = AXIS2_PLACEMENT_3D('',#20,#21,#22);
#20 = CARTESIAN_POINT('',(0.,0.,0.));
#21 = DIRECTION('',(0.,0.,1.));
#22 = DIRECTION('',(1.,0.,0.));
#23 = AXIS2_PLACEMENT_3D('',#24,#25,#26);
#24 = CARTESIAN_POINT('',(0.,0.,0.));
#25 = DIRECTION('',(0.,0.,1.));
#26 = DIRECTION('',(1.,0.,0.));
#27 = AXIS2_PLACEMENT_3D('',#28,#29,#30);
#28 = CARTESIAN_POINT('',(0.,0.,0.));
#29 = DIRECTION('',(-0.,0.707106781187,0.707106781187));
#30 = DIRECTION('',(1.,0.,0.));
#31 = AXIS2_PLACEMENT_3D('',#32,#33,#34);
#32 = CARTESIAN_POINT('',(0.,0.,0.));
#33 = DIRECTION('',(-0.,0.707106781187,0.707106781187));
#34 = DIRECTION('',(1.,0.,0.));
#35 = AXIS2_PLACEMENT_3D('',#36,#37,#38);
#36 = CARTESIAN_POINT('',(0.,0.,0.));
#37 = DIRECTION('',(0.,0.707106781187,-0.707106781187));
#38 = DIRECTION('',(1.,0.,0.));
#39 = AXIS2_PLACEMENT_3D('',#40,#41,#42);
#40 = CARTESIAN_POINT('',(0.,0.,0.));
#41 = DIRECTION('',(0.,0.707106781187,-0.707106781187));
#42 = DIRECTION('',(1.,0.,0.));
#43 = AXIS2_PLACEMENT_3D('',#44,#45,#46);
#44 = CARTESIAN_POINT('',(0.,0.,0.));
#45 = DIRECTION('',(0.,-0.707106781187,-0.707106781187));
#46 = DIRECTION('',(1.,0.,0.));
#47 = AXIS2_PLACEMENT_3D('',#48,#49,#50);
#48 = CARTESIAN_POINT('',(0.,0.,0.));
#49 = DIRECTION('',(0.,-0.707106781187,-0.707106781187));
#50 = DIRECTION('',(1.,0.,0.));
#51 = AXIS2_PLACEMENT_3D('',#52,#53,#54);
#52 = CARTESIAN_POINT('',(0.,0.,0.));
#53 = DIRECTION('',(0.,-0.707106781187,0.707106781187));
#54 = DIRECTION('',(1.,0.,0.));
#55 = AXIS2_PLACEMENT_3D('',#56,#57,#58);
#56 = CARTESIAN_POINT('',(0.,0.,0.));
#57 = DIRECTION('',(0.,-0.707106781187,0.707106781187));
#58 = DIRECTION('',(1.,0.,0.));
#59 = AXIS2_PLACEMENT_3D('',#60,#61,#62);
#60 = CARTESIAN_POINT('',(0.,0.,105.));
#61 = DIRECTION('',(0.,0.,1.));
#62 = DIRECTION('',(1.,0.,0.));
#63 = AXIS2_PLACEMENT_3D('',#64,#65,#66);
#64 = CARTESIAN_POINT('',(480.,0.,105.));
#65 = DIRECTION('',(0.,0.,1.));
#66 = DIRECTION('',(1.,0.,0.));
#67 = ( GEOMETRIC_REPRESENTATION_CONTEXT(3) 
GLOBAL_UNCERTAINTY_ASSIGNED_CONTEXT((#71)) GLOBAL_UNIT_ASSIGNED_CONTEXT(
(#68,#69,#70)) REPRESENTATION_CONTEXT('Context #1',
  '3D Context with UNIT and UNCERTAINTY') );
#68 = ( LENGTH_UNIT() NAMED_UNIT(*) SI_UNIT(.MILLI.,.METRE.) );
#69 = ( NAMED_UNIT(*) PLANE_ANGLE_UNIT() SI_UNIT($,.RADIAN.) );
#70 = ( NAMED_UNIT(*) SI_UNIT($,.STERADIAN.) SOLID_ANGLE_UNIT() );
#71 = UNCERTAINTY_MEASURE_WITH_UNIT(LENGTH_MEASURE(1.E-05),#68,
  'distance_accuracy_value','confusion accuracy');
#72 = PRODUCT_RELATED_PRODUCT_CATEGORY('part',$,(#7));
#73 = SHAPE_DEFINITION_REPRESENTATION(#74,#80);
#74 = PRODUCT_DEFINITION_SHAPE('','',#75);
#75 = PRODUCT_DEFINITION('design','',#76,#79);
#76 = PRODUCT_DEFINITION_FORMATION('','',#77);
#77 = PRODUCT('sustainer_body','sustainer_body','',(#78));
#78 = PRODUCT_CONTEXT('',#2,'mechanical');
#79 = PRODUCT_DEFINITION_CONTEXT('part definition',#2,'design');
#80 = ADVANCED_BREP_SHAPE_REPRESENTATION('',(#11,#81),#11772);
#81 = MANIFOLD_SOLID_BREP('',#82);
#82 = CLOSED_SHELL('',(#83,#273,#500,#566,#650,#716,#798,#845,#972,#1099
    ,#1165,#1231,#1339,#1391,#1454,#1623,#2768,#2900,#2948,#3011,#3077,
    #3140,#3224,#3290,#3332,#3395,#3458,#3520,#3624,#3666,#3670,#3796,
    #4378,#5040,#5686,#5734,#6389,#6524,#6960,#6986,#7012,#7632,#7749,
    #7918,#8428,#8435,#8552,#8687,#8804,#9267,#9790,#9886,#9966,#10046,
    #10052,#10077,#10084,#10225,#10293,#10385,#10499,#10503,#10644,
    #10712,#10804,#10918,#10944,#10950,#10956,#11158,#11168,#11370,
    #11380,#11434,#11488,#11568,#11648,#11652,#11656,#11710,#11764,
    #11768));
#83 = ADVANCED_FACE('',(#84),#98,.T.);
#84 = FACE_BOUND('',#85,.T.);
#85 = EDGE_LOOP('',(#86,#121,#146,#184,#212,#250));
#86 = ORIENTED_EDGE('',*,*,#87,.T.);
#87 = EDGE_CURVE('',#88,#90,#92,.T.);
#88 = VERTEX_POINT('',#89);
#89 = CARTESIAN_POINT('',(-336.7,91.999999977939,104.));
#90 = VERTEX_POINT('',#91);
#91 = CARTESIAN_POINT('',(-336.7,-92.,104.));
#92 = SURFACE_CURVE('',#93,(#97,#109),.PCURVE_S1.);
#93 = LINE('',#94,#95);
#94 = CARTESIAN_POINT('',(-336.7,91.999999977939,104.));
#95 = VECTOR('',#96,1.);
#96 = DIRECTION('',(0.,-1.,0.));
#97 = PCURVE('',#98,#103);
#98 = PLANE('',#99);
#99 = AXIS2_PLACEMENT_3D('',#100,#101,#102);
#100 = CARTESIAN_POINT('',(400.,2.650324404385E-12,104.));
#101 = DIRECTION('',(0.,0.,1.));
#102 = DIRECTION('',(0.,-1.,0.));
#103 = DEFINITIONAL_REPRESENTATION('',(#104),#108);
#104 = LINE('',#105,#106);
#105 = CARTESIAN_POINT('',(-91.99999997793,-736.7));
#106 = VECTOR('',#107,1.);
#107 = DIRECTION('',(1.,0.));
#108 = ( GEOMETRIC_REPRESENTATION_CONTEXT(2) 
PARAMETRIC_REPRESENTATION_CONTEXT() REPRESENTATION_CONTEXT('2D SPACE',''
  ) );
#109 = PCURVE('',#110,#115);
#110 = PLANE('',#111);
#111 = AXIS2_PLACEMENT_3D('',#112,#113,#114);
#112 = CARTESIAN_POINT('',(-336.7,-92.,92.));
#113 = DIRECTION('',(-1.,0.,-1.110223024625E-16));
#114 = DIRECTION('',(-1.110223024625E-16,0.,1.));
#115 = DEFINITIONAL_REPRESENTATION('',(#116),#120);
#116 = LINE('',#117,#118);
#117 = CARTESIAN_POINT('',(12.,183.99999997794));
#118 = VECTOR('',#119,1.);
#119 = DIRECTION('',(0.,-1.));
#120 = ( GEOMETRIC_REPRESENTATION_CONTEXT(2) 
PARAMETRIC_REPRESENTATION_CONTEXT() REPRESENTATION_CONTEXT('2D SPACE',''
  ) );
#121 = ORIENTED_EDGE('',*,*,#122,.T.);
#122 = EDGE_CURVE('',#90,#123,#125,.T.);
#123 = VERTEX_POINT('',#124);
#124 = CARTESIAN_POINT('',(400.,-92.,104.));
#125 = SURFACE_CURVE('',#126,(#129,#135),.PCURVE_S1.);
#126 = B_SPLINE_CURVE_WITH_KNOTS('',1,(#127,#128),.UNSPECIFIED.,.F.,.F.,
  (2,2),(0.,1.),.PIECEWISE_BEZIER_KNOTS.);
#127 = CARTESIAN_POINT('',(-336.7,-92.,104.));
#128 = CARTESIAN_POINT('',(400.,-92.,104.));
#129 = PCURVE('',#98,#130);
#130 = DEFINITIONAL_REPRESENTATION('',(#131),#134);
#131 = B_SPLINE_CURVE_WITH_KNOTS('',1,(#132,#133),.UNSPECIFIED.,.F.,.F.,
  (2,2),(0.,1.),.PIECEWISE_BEZIER_KNOTS.);
#132 = CARTESIAN_POINT('',(92.000000000005,-736.7));
#133 = CARTESIAN_POINT('',(92.000000000005,0.));
#134 = ( GEOMETRIC_REPRESENTATION_CONTEXT(2) 
PARAMETRIC_REPRESENTATION_CONTEXT() REPRESENTATION_CONTEXT('2D SPACE',''
  ) );
#135 = PCURVE('',#136,#141);
#136 = CYLINDRICAL_SURFACE('',#137,12.);
#137 = AXIS2_PLACEMENT_3D('',#138,#139,#140);
#138 = CARTESIAN_POINT('',(-336.7,-92.,92.));
#139 = DIRECTION('',(1.,-0.,1.110223024625E-16));
#140 = DIRECTION('',(-1.110223024625E-16,0.,1.));
#141 = DEFINITIONAL_REPRESENTATION('',(#142),#145);
#142 = B_SPLINE_CURVE_WITH_KNOTS('',1,(#143,#144),.UNSPECIFIED.,.F.,.F.,
  (2,2),(0.,1.),.PIECEWISE_BEZIER_KNOTS.);
#143 = CARTESIAN_POINT('',(0.,0.));
#144 = CARTESIAN_POINT('',(0.,736.7));
#145 = ( GEOMETRIC_REPRESENTATION_CONTEXT(2) 
PARAMETRIC_REPRESENTATION_CONTEXT() REPRESENTATION_CONTEXT('2D SPACE',''
  ) );
#146 = ORIENTED_EDGE('',*,*,#147,.T.);
#147 = EDGE_CURVE('',#123,#148,#150,.T.);
#148 = VERTEX_POINT('',#149);
#149 = CARTESIAN_POINT('',(400.,-69.33333333408,104.));
#150 = SURFACE_CURVE('',#151,(#155,#162),.PCURVE_S1.);
#151 = LINE('',#152,#153);
#152 = CARTESIAN_POINT('',(400.,2.650324404385E-12,104.));
#153 = VECTOR('',#154,1.);
#154 = DIRECTION('',(0.,1.,0.));
#155 = PCURVE('',#98,#156);
#156 = DEFINITIONAL_REPRESENTATION('',(#157),#161);
#157 = LINE('',#158,#159);
#158 = CARTESIAN_POINT('',(0.,0.));
#159 = VECTOR('',#160,1.);
#160 = DIRECTION('',(-1.,0.));
#161 = ( GEOMETRIC_REPRESENTATION_CONTEXT(2) 
PARAMETRIC_REPRESENTATION_CONTEXT() REPRESENTATION_CONTEXT('2D SPACE',''
  ) );
#162 = PCURVE('',#163,#178);
#163 = B_SPLINE_SURFACE_WITH_KNOTS('',6,1,(
    (#164,#165)
    ,(#166,#167)
    ,(#168,#169)
    ,(#170,#171)
    ,(#172,#173)
    ,(#174,#175)
    ,(#176,#177
    )),.UNSPECIFIED.,.F.,.F.,.F.,(7,7),(2,2),(69.333333334085,
    92.000000000005),(0.,1.),.PIECEWISE_BEZIER_KNOTS.);
#164 = CARTESIAN_POINT('',(400.,-69.33333333408,104.));
#165 = CARTESIAN_POINT('',(650.,-64.,96.));
#166 = CARTESIAN_POINT('',(400.,-73.11111111173,104.));
#167 = CARTESIAN_POINT('',(650.,-66.93617183409,96.));
#168 = CARTESIAN_POINT('',(400.,-76.88888888938,104.));
#169 = CARTESIAN_POINT('',(649.99999999999,-69.87234306519,
    95.676708713538));
#170 = CARTESIAN_POINT('',(400.,-80.66666666704,104.));
#171 = CARTESIAN_POINT('',(650.,-72.76402227482,95.030125128339));
#172 = CARTESIAN_POINT('',(400.,-84.44444444469,104.));
#173 = CARTESIAN_POINT('',(650.,-75.56669925159,94.068417923475));
#174 = CARTESIAN_POINT('',(400.,-88.22222222234,104.));
#175 = CARTESIAN_POINT('',(649.99999999999,-78.23816696625,
    92.807910484457));
#176 = CARTESIAN_POINT('',(400.,-92.,104.));
#177 = CARTESIAN_POINT('',(650.,-80.74050830523,91.271878954013));
#178 = DEFINITIONAL_REPRESENTATION('',(#179),#183);
#179 = LINE('',#180,#181);
#180 = CARTESIAN_POINT('',(0.,0.));
#181 = VECTOR('',#182,1.);
#182 = DIRECTION('',(-1.,0.));
#183 = ( GEOMETRIC_REPRESENTATION_CONTEXT(2) 
PARAMETRIC_REPRESENTATION_CONTEXT() REPRESENTATION_CONTEXT('2D SPACE',''
  ) );
#184 = ORIENTED_EDGE('',*,*,#185,.T.);
#185 = EDGE_CURVE('',#148,#186,#188,.T.);
#186 = VERTEX_POINT('',#187);
#187 = CARTESIAN_POINT('',(400.,69.333333324185,104.));
#188 = SURFACE_CURVE('',#189,(#193,#200),.PCURVE_S1.);
#189 = LINE('',#190,#191);
#190 = CARTESIAN_POINT('',(400.,2.650324404385E-12,104.));
#191 = VECTOR('',#192,1.);
#192 = DIRECTION('',(0.,1.,0.));
#193 = PCURVE('',#98,#194);
#194 = DEFINITIONAL_REPRESENTATION('',(#195),#199);
#195 = LINE('',#196,#197);
#196 = CARTESIAN_POINT('',(0.,0.));
#197 = VECTOR('',#198,1.);
#198 = DIRECTION('',(-1.,0.));
#199 = ( GEOMETRIC_REPRESENTATION_CONTEXT(2) 
PARAMETRIC_REPRESENTATION_CONTEXT() REPRESENTATION_CONTEXT('2D SPACE',''
  ) );
#200 = PCURVE('',#201,#206);
#201 = B_SPLINE_SURFACE_WITH_KNOTS('',1,1,(
    (#202,#203)
    ,(#204,#205
    )),.UNSPECIFIED.,.F.,.F.,.F.,(2,2),(2,2),(-69.33333332418,
    69.333333334085),(0.,1.),.PIECEWISE_BEZIER_KNOTS.);
#202 = CARTESIAN_POINT('',(400.,69.333333324185,104.));
#203 = CARTESIAN_POINT('',(650.,63.999999994859,96.));
#204 = CARTESIAN_POINT('',(400.,-69.33333333408,104.));
#205 = CARTESIAN_POINT('',(650.,-64.,96.));
#206 = DEFINITIONAL_REPRESENTATION('',(#207),#211);
#207 = LINE('',#208,#209);
#208 = CARTESIAN_POINT('',(0.,0.));
#209 = VECTOR('',#210,1.);
#210 = DIRECTION('',(-1.,0.));
#211 = ( GEOMETRIC_REPRESENTATION_CONTEXT(2) 
PARAMETRIC_REPRESENTATION_CONTEXT() REPRESENTATION_CONTEXT('2D SPACE',''
  ) );
#212 = ORIENTED_EDGE('',*,*,#213,.T.);
#213 = EDGE_CURVE('',#186,#214,#216,.T.);
#214 = VERTEX_POINT('',#215);
#215 = CARTESIAN_POINT('',(400.,91.999999977939,104.));
#216 = SURFACE_CURVE('',#217,(#221,#228),.PCURVE_S1.);
#217 = LINE('',#218,#219);
#218 = CARTESIAN_POINT('',(400.,2.650324404385E-12,104.));
#219 = VECTOR('',#220,1.);
#220 = DIRECTION('',(0.,1.,0.));
#221 = PCURVE('',#98,#222);
#222 = DEFINITIONAL_REPRESENTATION('',(#223),#227);
#223 = LINE('',#224,#225);
#224 = CARTESIAN_POINT('',(0.,0.));
#225 = VECTOR('',#226,1.);
#226 = DIRECTION('',(-1.,0.));
#227 = ( GEOMETRIC_REPRESENTATION_CONTEXT(2) 
PARAMETRIC_REPRESENTATION_CONTEXT() REPRESENTATION_CONTEXT('2D SPACE',''
  ) );
#228 = PCURVE('',#229,#244);
#229 = B_SPLINE_SURFACE_WITH_KNOTS('',6,1,(
    (#230,#231)
    ,(#232,#233)
    ,(#234,#235)
    ,(#236,#237)
    ,(#238,#239)
    ,(#240,#241)
    ,(#242,#243
    )),.UNSPECIFIED.,.F.,.F.,.F.,(7,7),(2,2),(-91.99999997793,
    -69.33333332418),(0.,1.),.PIECEWISE_BEZIER_KNOTS.);
#230 = CARTESIAN_POINT('',(400.,91.99999997794,104.));
#231 = CARTESIAN_POINT('',(650.,80.740508293277,91.271878958197));
#232 = CARTESIAN_POINT('',(400.,88.222222202314,104.));
#233 = CARTESIAN_POINT('',(649.99999999999,78.238166955044,
    92.807910487319));
#234 = CARTESIAN_POINT('',(400.,84.444444426688,104.));
#235 = CARTESIAN_POINT('',(650.,75.566699241367,94.068417925223));
#236 = CARTESIAN_POINT('',(400.,80.666666651062,104.));
#237 = CARTESIAN_POINT('',(649.99999999999,72.764022265739,
    95.030125129218));
#238 = CARTESIAN_POINT('',(400.,76.888888875437,104.));
#239 = CARTESIAN_POINT('',(650.,69.872343057387,95.676708713833));
#240 = CARTESIAN_POINT('',(400.,73.111111099811,104.));
#241 = CARTESIAN_POINT('',(649.99999999999,66.936171827617,96.));
#242 = CARTESIAN_POINT('',(400.,69.333333324185,104.));
#243 = CARTESIAN_POINT('',(650.,63.999999994859,96.));
#244 = DEFINITIONAL_REPRESENTATION('',(#245),#249);
#245 = LINE('',#246,#247);
#246 = CARTESIAN_POINT('',(0.,0.));
#247 = VECTOR('',#248,1.);
#248 = DIRECTION('',(-1.,0.));
#249 = ( GEOMETRIC_REPRESENTATION_CONTEXT(2) 
PARAMETRIC_REPRESENTATION_CONTEXT() REPRESENTATION_CONTEXT('2D SPACE',''
  ) );
#250 = ORIENTED_EDGE('',*,*,#251,.F.);
#251 = EDGE_CURVE('',#88,#214,#252,.T.);
#252 = SURFACE_CURVE('',#253,(#256,#262),.PCURVE_S1.);
#253 = B_SPLINE_CURVE_WITH_KNOTS('',1,(#254,#255),.UNSPECIFIED.,.F.,.F.,
  (2,2),(0.,1.),.PIECEWISE_BEZIER_KNOTS.);
#254 = CARTESIAN_POINT('',(-336.7,91.999999977939,104.));
#255 = CARTESIAN_POINT('',(400.,91.999999977939,104.));
#256 = PCURVE('',#98,#257);
#257 = DEFINITIONAL_REPRESENTATION('',(#258),#261);
#258 = B_SPLINE_CURVE_WITH_KNOTS('',1,(#259,#260),.UNSPECIFIED.,.F.,.F.,
  (2,2),(0.,1.),.PIECEWISE_BEZIER_KNOTS.);
#259 = CARTESIAN_POINT('',(-91.99999997793,-736.7));
#260 = CARTESIAN_POINT('',(-91.99999997793,0.));
#261 = ( GEOMETRIC_REPRESENTATION_CONTEXT(2) 
PARAMETRIC_REPRESENTATION_CONTEXT() REPRESENTATION_CONTEXT('2D SPACE',''
  ) );
#262 = PCURVE('',#263,#268);
#263 = CYLINDRICAL_SURFACE('',#264,12.);
#264 = AXIS2_PLACEMENT_3D('',#265,#266,#267);
#265 = CARTESIAN_POINT('',(-336.7,91.999999977939,92.));
#266 = DIRECTION('',(1.,-0.,1.110223024625E-16));
#267 = DIRECTION('',(-1.110223024625E-16,0.,1.));
#268 = DEFINITIONAL_REPRESENTATION('',(#269),#272);
#269 = B_SPLINE_CURVE_WITH_KNOTS('',1,(#270,#271),.UNSPECIFIED.,.F.,.F.,
  (2,2),(0.,1.),.PIECEWISE_BEZIER_KNOTS.);
#270 = CARTESIAN_POINT('',(6.28318530718,0.));
#271 = CARTESIAN_POINT('',(6.28318530718,736.7));
#272 = ( GEOMETRIC_REPRESENTATION_CONTEXT(2) 
PARAMETRIC_REPRESENTATION_CONTEXT() REPRESENTATION_CONTEXT('2D SPACE',''
  ) );
#273 = ADVANCED_FACE('',(#274,#465),#110,.T.);
#274 = FACE_BOUND('',#275,.T.);
#275 = EDGE_LOOP('',(#276,#277,#301,#329,#358,#386,#415,#443));
#276 = ORIENTED_EDGE('',*,*,#87,.F.);
#277 = ORIENTED_EDGE('',*,*,#278,.T.);
#278 = EDGE_CURVE('',#88,#279,#281,.T.);
#279 = VERTEX_POINT('',#280);
#280 = CARTESIAN_POINT('',(-336.7,103.99999998897,92.));
#281 = SURFACE_CURVE('',#282,(#287,#294),.PCURVE_S1.);
#282 = CIRCLE('',#283,12.);
#283 = AXIS2_PLACEMENT_3D('',#284,#285,#286);
#284 = CARTESIAN_POINT('',(-336.7,91.999999977939,92.));
#285 = DIRECTION('',(-1.,0.,-1.110223024625E-16));
#286 = DIRECTION('',(-1.110223024625E-16,0.,1.));
#287 = PCURVE('',#110,#288);
#288 = DEFINITIONAL_REPRESENTATION('',(#289),#293);
#289 = CIRCLE('',#290,12.);
#290 = AXIS2_PLACEMENT_2D('',#291,#292);
#291 = CARTESIAN_POINT('',(0.,183.99999997794));
#292 = DIRECTION('',(1.,0.));
#293 = ( GEOMETRIC_REPRESENTATION_CONTEXT(2) 
PARAMETRIC_REPRESENTATION_CONTEXT() REPRESENTATION_CONTEXT('2D SPACE',''
  ) );
#294 = PCURVE('',#263,#295);
#295 = DEFINITIONAL_REPRESENTATION('',(#296),#300);
#296 = LINE('',#297,#298);
#297 = CARTESIAN_POINT('',(6.28318530718,0.));
#298 = VECTOR('',#299,1.);
#299 = DIRECTION('',(-1.,0.));
#300 = ( GEOMETRIC_REPRESENTATION_CONTEXT(2) 
PARAMETRIC_REPRESENTATION_CONTEXT() REPRESENTATION_CONTEXT('2D SPACE',''
  ) );
#301 = ORIENTED_EDGE('',*,*,#302,.F.);
#302 = EDGE_CURVE('',#303,#279,#305,.T.);
#303 = VERTEX_POINT('',#304);
#304 = CARTESIAN_POINT('',(-336.7,103.99999998897,-92.));
#305 = SURFACE_CURVE('',#306,(#310,#317),.PCURVE_S1.);
#306 = LINE('',#307,#308);
#307 = CARTESIAN_POINT('',(-336.7,103.99999998897,-92.));
#308 = VECTOR('',#309,1.);
#309 = DIRECTION('',(0.,-1.544658121218E-16,1.));
#310 = PCURVE('',#110,#311);
#311 = DEFINITIONAL_REPRESENTATION('',(#312),#316);
#312 = LINE('',#313,#314);
#313 = CARTESIAN_POINT('',(-184.,195.99999998897));
#314 = VECTOR('',#315,1.);
#315 = DIRECTION('',(1.,-1.544658121218E-16));
#316 = ( GEOMETRIC_REPRESENTATION_CONTEXT(2) 
PARAMETRIC_REPRESENTATION_CONTEXT() REPRESENTATION_CONTEXT('2D SPACE',''
  ) );
#317 = PCURVE('',#318,#323);
#318 = PLANE('',#319);
#319 = AXIS2_PLACEMENT_3D('',#320,#321,#322);
#320 = CARTESIAN_POINT('',(400.,104.,0.));
#321 = DIRECTION('',(-0.,1.,0.));
#322 = DIRECTION('',(-1.110223024625E-16,-0.,1.));
#323 = DEFINITIONAL_REPRESENTATION('',(#324),#328);
#324 = LINE('',#325,#326);
#325 = CARTESIAN_POINT('',(-92.,-736.7));
#326 = VECTOR('',#327,1.);
#327 = DIRECTION('',(1.,1.110223024625E-16));
#328 = ( GEOMETRIC_REPRESENTATION_CONTEXT(2) 
PARAMETRIC_REPRESENTATION_CONTEXT() REPRESENTATION_CONTEXT('2D SPACE',''
  ) );
#329 = ORIENTED_EDGE('',*,*,#330,.T.);
#330 = EDGE_CURVE('',#303,#331,#333,.T.);
#331 = VERTEX_POINT('',#332);
#332 = CARTESIAN_POINT('',(-336.7,91.99999997794,-104.));
#333 = SURFACE_CURVE('',#334,(#339,#346),.PCURVE_S1.);
#334 = CIRCLE('',#335,12.);
#335 = AXIS2_PLACEMENT_3D('',#336,#337,#338);
#336 = CARTESIAN_POINT('',(-336.7,91.99999997794,-92.));
#337 = DIRECTION('',(-1.,0.,-1.110223024625E-16));
#338 = DIRECTION('',(-1.110223024625E-16,0.,1.));
#339 = PCURVE('',#110,#340);
#340 = DEFINITIONAL_REPRESENTATION('',(#341),#345);
#341 = CIRCLE('',#342,12.);
#342 = AXIS2_PLACEMENT_2D('',#343,#344);
#343 = CARTESIAN_POINT('',(-184.,183.99999997794));
#344 = DIRECTION('',(1.,0.));
#345 = ( GEOMETRIC_REPRESENTATION_CONTEXT(2) 
PARAMETRIC_REPRESENTATION_CONTEXT() REPRESENTATION_CONTEXT('2D SPACE',''
  ) );
#346 = PCURVE('',#347,#352);
#347 = CYLINDRICAL_SURFACE('',#348,12.);
#348 = AXIS2_PLACEMENT_3D('',#349,#350,#351);
#349 = CARTESIAN_POINT('',(-336.7,91.99999997794,-92.));
#350 = DIRECTION('',(1.,-0.,1.110223024625E-16));
#351 = DIRECTION('',(-1.110223024625E-16,0.,1.));
#352 = DEFINITIONAL_REPRESENTATION('',(#353),#357);
#353 = LINE('',#354,#355);
#354 = CARTESIAN_POINT('',(6.28318530718,0.));
#355 = VECTOR('',#356,1.);
#356 = DIRECTION('',(-1.,0.));
#357 = ( GEOMETRIC_REPRESENTATION_CONTEXT(2) 
PARAMETRIC_REPRESENTATION_CONTEXT() REPRESENTATION_CONTEXT('2D SPACE',''
  ) );
#358 = ORIENTED_EDGE('',*,*,#359,.F.);
#359 = EDGE_CURVE('',#360,#331,#362,.T.);
#360 = VERTEX_POINT('',#361);
#361 = CARTESIAN_POINT('',(-336.7,-91.99999999999,-103.9999999889));
#362 = SURFACE_CURVE('',#363,(#367,#374),.PCURVE_S1.);
#363 = LINE('',#364,#365);
#364 = CARTESIAN_POINT('',(-336.7,-91.99999999999,-103.9999999889));
#365 = VECTOR('',#366,1.);
#366 = DIRECTION('',(0.,1.,-5.995436032413E-11));
#367 = PCURVE('',#110,#368);
#368 = DEFINITIONAL_REPRESENTATION('',(#369),#373);
#369 = LINE('',#370,#371);
#370 = CARTESIAN_POINT('',(-195.9999999889,5.286437954055E-12));
#371 = VECTOR('',#372,1.);
#372 = DIRECTION('',(-5.995436032413E-11,1.));
#373 = ( GEOMETRIC_REPRESENTATION_CONTEXT(2) 
PARAMETRIC_REPRESENTATION_CONTEXT() REPRESENTATION_CONTEXT('2D SPACE',''
  ) );
#374 = PCURVE('',#375,#380);
#375 = PLANE('',#376);
#376 = AXIS2_PLACEMENT_3D('',#377,#378,#379);
#377 = CARTESIAN_POINT('',(400.,2.650324404385E-12,-104.));
#378 = DIRECTION('',(0.,0.,-1.));
#379 = DIRECTION('',(0.,1.,0.));
#380 = DEFINITIONAL_REPRESENTATION('',(#381),#385);
#381 = LINE('',#382,#383);
#382 = CARTESIAN_POINT('',(-92.,-736.7));
#383 = VECTOR('',#384,1.);
#384 = DIRECTION('',(1.,0.));
#385 = ( GEOMETRIC_REPRESENTATION_CONTEXT(2) 
PARAMETRIC_REPRESENTATION_CONTEXT() REPRESENTATION_CONTEXT('2D SPACE',''
  ) );
#386 = ORIENTED_EDGE('',*,*,#387,.T.);
#387 = EDGE_CURVE('',#360,#388,#390,.T.);
#388 = VERTEX_POINT('',#389);
#389 = CARTESIAN_POINT('',(-336.7,-103.9999999999,-91.99999997793));
#390 = SURFACE_CURVE('',#391,(#396,#403),.PCURVE_S1.);
#391 = CIRCLE('',#392,12.);
#392 = AXIS2_PLACEMENT_3D('',#393,#394,#395);
#393 = CARTESIAN_POINT('',(-336.7,-91.99999999999,-91.99999997793));
#394 = DIRECTION('',(-1.,0.,-1.110223024625E-16));
#395 = DIRECTION('',(-1.110223024625E-16,0.,1.));
#396 = PCURVE('',#110,#397);
#397 = DEFINITIONAL_REPRESENTATION('',(#398),#402);
#398 = CIRCLE('',#399,12.);
#399 = AXIS2_PLACEMENT_2D('',#400,#401);
#400 = CARTESIAN_POINT('',(-183.9999999779,5.286437954055E-12));
#401 = DIRECTION('',(1.,0.));
#402 = ( GEOMETRIC_REPRESENTATION_CONTEXT(2) 
PARAMETRIC_REPRESENTATION_CONTEXT() REPRESENTATION_CONTEXT('2D SPACE',''
  ) );
#403 = PCURVE('',#404,#409);
#404 = CYLINDRICAL_SURFACE('',#405,12.);
#405 = AXIS2_PLACEMENT_3D('',#406,#407,#408);
#406 = CARTESIAN_POINT('',(-336.7,-91.99999999999,-91.99999997793));
#407 = DIRECTION('',(1.,-0.,1.110223024625E-16));
#408 = DIRECTION('',(-1.110223024625E-16,0.,1.));
#409 = DEFINITIONAL_REPRESENTATION('',(#410),#414);
#410 = LINE('',#411,#412);
#411 = CARTESIAN_POINT('',(6.28318530718,0.));
#412 = VECTOR('',#413,1.);
#413 = DIRECTION('',(-1.,0.));
#414 = ( GEOMETRIC_REPRESENTATION_CONTEXT(2) 
PARAMETRIC_REPRESENTATION_CONTEXT() REPRESENTATION_CONTEXT('2D SPACE',''
  ) );
#415 = ORIENTED_EDGE('',*,*,#416,.F.);
#416 = EDGE_CURVE('',#417,#388,#419,.T.);
#417 = VERTEX_POINT('',#418);
#418 = CARTESIAN_POINT('',(-336.7,-104.,92.));
#419 = SURFACE_CURVE('',#420,(#424,#431),.PCURVE_S1.);
#420 = LINE('',#421,#422);
#421 = CARTESIAN_POINT('',(-336.7,-104.,92.));
#422 = VECTOR('',#423,1.);
#423 = DIRECTION('',(0.,1.436532052905E-14,-1.));
#424 = PCURVE('',#110,#425);
#425 = DEFINITIONAL_REPRESENTATION('',(#426),#430);
#426 = LINE('',#427,#428);
#427 = CARTESIAN_POINT('',(0.,-11.99999999999));
#428 = VECTOR('',#429,1.);
#429 = DIRECTION('',(-1.,1.436532052905E-14));
#430 = ( GEOMETRIC_REPRESENTATION_CONTEXT(2) 
PARAMETRIC_REPRESENTATION_CONTEXT() REPRESENTATION_CONTEXT('2D SPACE',''
  ) );
#431 = PCURVE('',#432,#437);
#432 = PLANE('',#433);
#433 = AXIS2_PLACEMENT_3D('',#434,#435,#436);
#434 = CARTESIAN_POINT('',(400.,-103.9999999999,0.));
#435 = DIRECTION('',(0.,-1.,0.));
#436 = DIRECTION('',(1.110223024625E-16,0.,-1.));
#437 = DEFINITIONAL_REPRESENTATION('',(#438),#442);
#438 = LINE('',#439,#440);
#439 = CARTESIAN_POINT('',(-92.,-736.7));
#440 = VECTOR('',#441,1.);
#441 = DIRECTION('',(1.,-1.110223024625E-16));
#442 = ( GEOMETRIC_REPRESENTATION_CONTEXT(2) 
PARAMETRIC_REPRESENTATION_CONTEXT() REPRESENTATION_CONTEXT('2D SPACE',''
  ) );
#443 = ORIENTED_EDGE('',*,*,#444,.T.);
#444 = EDGE_CURVE('',#417,#90,#445,.T.);
#445 = SURFACE_CURVE('',#446,(#451,#458),.PCURVE_S1.);
#446 = CIRCLE('',#447,12.);
#447 = AXIS2_PLACEMENT_3D('',#448,#449,#450);
#448 = CARTESIAN_POINT('',(-336.7,-92.,92.));
#449 = DIRECTION('',(-1.,0.,-1.110223024625E-16));
#450 = DIRECTION('',(-1.110223024625E-16,0.,1.));
#451 = PCURVE('',#110,#452);
#452 = DEFINITIONAL_REPRESENTATION('',(#453),#457);
#453 = CIRCLE('',#454,12.);
#454 = AXIS2_PLACEMENT_2D('',#455,#456);
#455 = CARTESIAN_POINT('',(0.,0.));
#456 = DIRECTION('',(1.,0.));
#457 = ( GEOMETRIC_REPRESENTATION_CONTEXT(2) 
PARAMETRIC_REPRESENTATION_CONTEXT() REPRESENTATION_CONTEXT('2D SPACE',''
  ) );
#458 = PCURVE('',#136,#459);
#459 = DEFINITIONAL_REPRESENTATION('',(#460),#464);
#460 = LINE('',#461,#462);
#461 = CARTESIAN_POINT('',(6.28318530718,0.));
#462 = VECTOR('',#463,1.);
#463 = DIRECTION('',(-1.,0.));
#464 = ( GEOMETRIC_REPRESENTATION_CONTEXT(2) 
PARAMETRIC_REPRESENTATION_CONTEXT() REPRESENTATION_CONTEXT('2D SPACE',''
  ) );
#465 = FACE_BOUND('',#466,.T.);
#466 = EDGE_LOOP('',(#467));
#467 = ORIENTED_EDGE('',*,*,#468,.T.);
#468 = EDGE_CURVE('',#469,#469,#471,.T.);
#469 = VERTEX_POINT('',#470);
#470 = CARTESIAN_POINT('',(-336.7,0.,-64.48));
#471 = SURFACE_CURVE('',#472,(#477,#488),.PCURVE_S1.);
#472 = CIRCLE('',#473,64.48);
#473 = AXIS2_PLACEMENT_3D('',#474,#475,#476);
#474 = CARTESIAN_POINT('',(-336.7,0.,1.110223024625E-16));
#475 = DIRECTION('',(1.,-0.,1.110223024625E-16));
#476 = DIRECTION('',(1.110223024625E-16,0.,-1.));
#477 = PCURVE('',#110,#478);
#478 = DEFINITIONAL_REPRESENTATION('',(#479),#487);
#479 = ( BOUNDED_CURVE() B_SPLINE_CURVE(2,(#480,#481,#482,#483,#484,#485
,#486),.UNSPECIFIED.,.T.,.F.) B_SPLINE_CURVE_WITH_KNOTS((1,2,2,2,2,1),(
    -2.094395102393,0.,2.094395102393,4.188790204786,6.28318530718,
8.377580409573),.UNSPECIFIED.) CURVE() GEOMETRIC_REPRESENTATION_ITEM() 
RATIONAL_B_SPLINE_CURVE((1.,0.5,1.,0.5,1.,0.5,1.)) REPRESENTATION_ITEM(
  '') );
#480 = CARTESIAN_POINT('',(-156.48,92.000000000003));
#481 = CARTESIAN_POINT('',(-156.48,203.68263607204));
#482 = CARTESIAN_POINT('',(-59.76,147.84131803602));
#483 = CARTESIAN_POINT('',(36.96,92.000000000003));
#484 = CARTESIAN_POINT('',(-59.76,36.158681963982));
#485 = CARTESIAN_POINT('',(-156.48,-19.68263607203));
#486 = CARTESIAN_POINT('',(-156.48,92.000000000003));
#487 = ( GEOMETRIC_REPRESENTATION_CONTEXT(2) 
PARAMETRIC_REPRESENTATION_CONTEXT() REPRESENTATION_CONTEXT('2D SPACE',''
  ) );
#488 = PCURVE('',#489,#494);
#489 = CYLINDRICAL_SURFACE('',#490,64.48);
#490 = AXIS2_PLACEMENT_3D('',#491,#492,#493);
#491 = CARTESIAN_POINT('',(-337.7,0.,0.));
#492 = DIRECTION('',(1.,-0.,1.110223024625E-16));
#493 = DIRECTION('',(1.110223024625E-16,0.,-1.));
#494 = DEFINITIONAL_REPRESENTATION('',(#495),#499);
#495 = LINE('',#496,#497);
#496 = CARTESIAN_POINT('',(0.,1.));
#497 = VECTOR('',#498,1.);
#498 = DIRECTION('',(1.,0.));
#499 = ( GEOMETRIC_REPRESENTATION_CONTEXT(2) 
PARAMETRIC_REPRESENTATION_CONTEXT() REPRESENTATION_CONTEXT('2D SPACE',''
  ) );
#500 = ADVANCED_FACE('',(#501),#136,.T.);
#501 = FACE_BOUND('',#502,.T.);
#502 = EDGE_LOOP('',(#503,#504,#524,#565));
#503 = ORIENTED_EDGE('',*,*,#444,.F.);
#504 = ORIENTED_EDGE('',*,*,#505,.T.);
#505 = EDGE_CURVE('',#417,#506,#508,.T.);
#506 = VERTEX_POINT('',#507);
#507 = CARTESIAN_POINT('',(400.,-104.,92.));
#508 = SURFACE_CURVE('',#509,(#512,#518),.PCURVE_S1.);
#509 = B_SPLINE_CURVE_WITH_KNOTS('',1,(#510,#511),.UNSPECIFIED.,.F.,.F.,
  (2,2),(0.,1.),.PIECEWISE_BEZIER_KNOTS.);
#510 = CARTESIAN_POINT('',(-336.7,-104.,92.));
#511 = CARTESIAN_POINT('',(400.,-104.,92.));
#512 = PCURVE('',#136,#513);
#513 = DEFINITIONAL_REPRESENTATION('',(#514),#517);
#514 = B_SPLINE_CURVE_WITH_KNOTS('',1,(#515,#516),.UNSPECIFIED.,.F.,.F.,
  (2,2),(0.,1.),.PIECEWISE_BEZIER_KNOTS.);
#515 = CARTESIAN_POINT('',(1.570796326795,0.));
#516 = CARTESIAN_POINT('',(1.570796326795,736.7));
#517 = ( GEOMETRIC_REPRESENTATION_CONTEXT(2) 
PARAMETRIC_REPRESENTATION_CONTEXT() REPRESENTATION_CONTEXT('2D SPACE',''
  ) );
#518 = PCURVE('',#432,#519);
#519 = DEFINITIONAL_REPRESENTATION('',(#520),#523);
#520 = B_SPLINE_CURVE_WITH_KNOTS('',1,(#521,#522),.UNSPECIFIED.,.F.,.F.,
  (2,2),(0.,1.),.PIECEWISE_BEZIER_KNOTS.);
#521 = CARTESIAN_POINT('',(-92.,-736.7));
#522 = CARTESIAN_POINT('',(-92.,0.));
#523 = ( GEOMETRIC_REPRESENTATION_CONTEXT(2) 
PARAMETRIC_REPRESENTATION_CONTEXT() REPRESENTATION_CONTEXT('2D SPACE',''
  ) );
#524 = ORIENTED_EDGE('',*,*,#525,.T.);
#525 = EDGE_CURVE('',#506,#123,#526,.T.);
#526 = SURFACE_CURVE('',#527,(#532,#539),.PCURVE_S1.);
#527 = CIRCLE('',#528,12.);
#528 = AXIS2_PLACEMENT_3D('',#529,#530,#531);
#529 = CARTESIAN_POINT('',(400.,-92.,92.));
#530 = DIRECTION('',(-1.,0.,-1.110223024625E-16));
#531 = DIRECTION('',(-1.110223024625E-16,0.,1.));
#532 = PCURVE('',#136,#533);
#533 = DEFINITIONAL_REPRESENTATION('',(#534),#538);
#534 = LINE('',#535,#536);
#535 = CARTESIAN_POINT('',(6.28318530718,736.7));
#536 = VECTOR('',#537,1.);
#537 = DIRECTION('',(-1.,0.));
#538 = ( GEOMETRIC_REPRESENTATION_CONTEXT(2) 
PARAMETRIC_REPRESENTATION_CONTEXT() REPRESENTATION_CONTEXT('2D SPACE',''
  ) );
#539 = PCURVE('',#540,#559);
#540 = B_SPLINE_SURFACE_WITH_KNOTS('',8,1,(
    (#541,#542)
    ,(#543,#544)
    ,(#545,#546)
    ,(#547,#548)
    ,(#549,#550)
    ,(#551,#552)
    ,(#553,#554)
    ,(#555,#556)
    ,(#557,#558
    )),.UNSPECIFIED.,.F.,.F.,.F.,(9,9),(2,2),(0.,1.570796326795),(0.,1.)
  ,.PIECEWISE_BEZIER_KNOTS.);
#541 = CARTESIAN_POINT('',(400.,-92.,104.));
#542 = CARTESIAN_POINT('',(650.,-80.74050830523,91.271878954013));
#543 = CARTESIAN_POINT('',(400.,-94.35619449019,104.));
#544 = CARTESIAN_POINT('',(650.,-82.34181720747,90.288935130364));
#545 = CARTESIAN_POINT('',(400.,-96.71238972205,103.47127053246));
#546 = CARTESIAN_POINT('',(650.,-83.87716602184,89.198536260279));
#547 = CARTESIAN_POINT('',(400.,-98.93015881202,102.41381679045));
#548 = CARTESIAN_POINT('',(650.,-85.33814260025,88.005845918089));
#549 = CARTESIAN_POINT('',(400.,-100.8711050693,100.87110506936));
#550 = CARTESIAN_POINT('',(649.99999999999,-86.71681892243,
    86.71681892246));
#551 = CARTESIAN_POINT('',(399.99999999999,-102.4138167904,
    98.930158812019));
#552 = CARTESIAN_POINT('',(650.,-88.00584591806,85.338142600282));
#553 = CARTESIAN_POINT('',(400.,-103.4712705324,96.712389722051));
#554 = CARTESIAN_POINT('',(650.,-89.19853626025,83.877166021873));
#555 = CARTESIAN_POINT('',(400.,-104.,94.356194490192));
#556 = CARTESIAN_POINT('',(649.99999999999,-90.28893513034,
    82.341817207506));
#557 = CARTESIAN_POINT('',(400.,-104.,92.));
#558 = CARTESIAN_POINT('',(650.,-91.27187895399,80.74050830527));
#559 = DEFINITIONAL_REPRESENTATION('',(#560),#564);
#560 = LINE('',#561,#562);
#561 = CARTESIAN_POINT('',(6.28318530718,0.));
#562 = VECTOR('',#563,1.);
#563 = DIRECTION('',(-1.,0.));
#564 = ( GEOMETRIC_REPRESENTATION_CONTEXT(2) 
PARAMETRIC_REPRESENTATION_CONTEXT() REPRESENTATION_CONTEXT('2D SPACE',''
  ) );
#565 = ORIENTED_EDGE('',*,*,#122,.F.);
#566 = ADVANCED_FACE('',(#567),#163,.T.);
#567 = FACE_BOUND('',#568,.T.);
#568 = EDGE_LOOP('',(#569,#570,#592,#630));
#569 = ORIENTED_EDGE('',*,*,#147,.F.);
#570 = ORIENTED_EDGE('',*,*,#571,.T.);
#571 = EDGE_CURVE('',#123,#572,#574,.T.);
#572 = VERTEX_POINT('',#573);
#573 = CARTESIAN_POINT('',(650.,-80.74050830523,91.271878954013));
#574 = SURFACE_CURVE('',#575,(#578,#585),.PCURVE_S1.);
#575 = B_SPLINE_CURVE_WITH_KNOTS('',1,(#576,#577),.UNSPECIFIED.,.F.,.F.,
  (2,2),(0.,1.),.PIECEWISE_BEZIER_KNOTS.);
#576 = CARTESIAN_POINT('',(400.,-92.,104.));
#577 = CARTESIAN_POINT('',(650.,-80.74050830523,91.271878954013));
#578 = PCURVE('',#163,#579);
#579 = DEFINITIONAL_REPRESENTATION('',(#580),#584);
#580 = LINE('',#581,#582);
#581 = CARTESIAN_POINT('',(92.000000000005,0.));
#582 = VECTOR('',#583,1.);
#583 = DIRECTION('',(0.,1.));
#584 = ( GEOMETRIC_REPRESENTATION_CONTEXT(2) 
PARAMETRIC_REPRESENTATION_CONTEXT() REPRESENTATION_CONTEXT('2D SPACE',''
  ) );
#585 = PCURVE('',#540,#586);
#586 = DEFINITIONAL_REPRESENTATION('',(#587),#591);
#587 = LINE('',#588,#589);
#588 = CARTESIAN_POINT('',(0.,0.));
#589 = VECTOR('',#590,1.);
#590 = DIRECTION('',(0.,1.));
#591 = ( GEOMETRIC_REPRESENTATION_CONTEXT(2) 
PARAMETRIC_REPRESENTATION_CONTEXT() REPRESENTATION_CONTEXT('2D SPACE',''
  ) );
#592 = ORIENTED_EDGE('',*,*,#593,.F.);
#593 = EDGE_CURVE('',#594,#572,#596,.T.);
#594 = VERTEX_POINT('',#595);
#595 = CARTESIAN_POINT('',(650.,-64.,96.));
#596 = SURFACE_CURVE('',#597,(#602,#608),.PCURVE_S1.);
#597 = CIRCLE('',#598,32.);
#598 = AXIS2_PLACEMENT_3D('',#599,#600,#601);
#599 = CARTESIAN_POINT('',(650.,-64.,64.));
#600 = DIRECTION('',(1.,-0.,1.110223024625E-16));
#601 = DIRECTION('',(1.110223024625E-16,0.,-1.));
#602 = PCURVE('',#163,#603);
#603 = DEFINITIONAL_REPRESENTATION('',(#604),#607);
#604 = B_SPLINE_CURVE_WITH_KNOTS('',1,(#605,#606),.UNSPECIFIED.,.F.,.F.,
  (2,2),(3.14159265359,3.692124872482),.PIECEWISE_BEZIER_KNOTS.);
#605 = CARTESIAN_POINT('',(69.333333334085,1.));
#606 = CARTESIAN_POINT('',(92.000000000005,1.));
#607 = ( GEOMETRIC_REPRESENTATION_CONTEXT(2) 
PARAMETRIC_REPRESENTATION_CONTEXT() REPRESENTATION_CONTEXT('2D SPACE',''
  ) );
#608 = PCURVE('',#609,#624);
#609 = B_SPLINE_SURFACE_WITH_KNOTS('',6,1,(
    (#610,#611)
    ,(#612,#613)
    ,(#614,#615)
    ,(#616,#617)
    ,(#618,#619)
    ,(#620,#621)
    ,(#622,#623
    )),.UNSPECIFIED.,.F.,.F.,.F.,(7,7),(2,2),(3.14159265359,
    3.692124872482),(0.,1.),.PIECEWISE_BEZIER_KNOTS.);
#610 = CARTESIAN_POINT('',(650.,-64.,96.));
#611 = CARTESIAN_POINT('',(850.,-47.70421687516,71.556325313194));
#612 = CARTESIAN_POINT('',(650.,-66.93617183409,96.));
#613 = CARTESIAN_POINT('',(850.,-49.32911072135,70.473062749072));
#614 = CARTESIAN_POINT('',(649.99999999999,-69.87234306519,
    95.676708713538));
#615 = CARTESIAN_POINT('',(850.,-50.92448623356,69.345522682723));
#616 = CARTESIAN_POINT('',(650.,-72.76402227482,95.030125128339));
#617 = CARTESIAN_POINT('',(850.,-52.4888352045,68.174710519013));
#618 = CARTESIAN_POINT('',(650.,-75.56669925159,94.068417923475));
#619 = CARTESIAN_POINT('',(850.,-54.02069518805,66.961700289732));
#620 = CARTESIAN_POINT('',(649.99999999999,-78.23816696625,
    92.807910484457));
#621 = CARTESIAN_POINT('',(850.,-55.51865394176,65.707631233278));
#622 = CARTESIAN_POINT('',(650.,-80.74050830523,91.271878954013));
#623 = CARTESIAN_POINT('',(850.,-56.98135386927,64.413704374335));
#624 = DEFINITIONAL_REPRESENTATION('',(#625),#629);
#625 = LINE('',#626,#627);
#626 = CARTESIAN_POINT('',(0.,0.));
#627 = VECTOR('',#628,1.);
#628 = DIRECTION('',(1.,0.));
#629 = ( GEOMETRIC_REPRESENTATION_CONTEXT(2) 
PARAMETRIC_REPRESENTATION_CONTEXT() REPRESENTATION_CONTEXT('2D SPACE',''
  ) );
#630 = ORIENTED_EDGE('',*,*,#631,.F.);
#631 = EDGE_CURVE('',#148,#594,#632,.T.);
#632 = SURFACE_CURVE('',#633,(#636,#643),.PCURVE_S1.);
#633 = B_SPLINE_CURVE_WITH_KNOTS('',1,(#634,#635),.UNSPECIFIED.,.F.,.F.,
  (2,2),(0.,1.),.PIECEWISE_BEZIER_KNOTS.);
#634 = CARTESIAN_POINT('',(400.,-69.33333333408,104.));
#635 = CARTESIAN_POINT('',(650.,-64.,96.));
#636 = PCURVE('',#163,#637);
#637 = DEFINITIONAL_REPRESENTATION('',(#638),#642);
#638 = LINE('',#639,#640);
#639 = CARTESIAN_POINT('',(69.333333334085,0.));
#640 = VECTOR('',#641,1.);
#641 = DIRECTION('',(0.,1.));
#642 = ( GEOMETRIC_REPRESENTATION_CONTEXT(2) 
PARAMETRIC_REPRESENTATION_CONTEXT() REPRESENTATION_CONTEXT('2D SPACE',''
  ) );
#643 = PCURVE('',#201,#644);
#644 = DEFINITIONAL_REPRESENTATION('',(#645),#649);
#645 = LINE('',#646,#647);
#646 = CARTESIAN_POINT('',(69.333333334085,0.));
#647 = VECTOR('',#648,1.);
#648 = DIRECTION('',(0.,1.));
#649 = ( GEOMETRIC_REPRESENTATION_CONTEXT(2) 
PARAMETRIC_REPRESENTATION_CONTEXT() REPRESENTATION_CONTEXT('2D SPACE',''
  ) );
#650 = ADVANCED_FACE('',(#651),#201,.T.);
#651 = FACE_BOUND('',#652,.T.);
#652 = EDGE_LOOP('',(#653,#654,#655,#696));
#653 = ORIENTED_EDGE('',*,*,#185,.F.);
#654 = ORIENTED_EDGE('',*,*,#631,.T.);
#655 = ORIENTED_EDGE('',*,*,#656,.T.);
#656 = EDGE_CURVE('',#594,#657,#659,.T.);
#657 = VERTEX_POINT('',#658);
#658 = CARTESIAN_POINT('',(650.,63.999999994859,96.));
#659 = SURFACE_CURVE('',#660,(#664,#670),.PCURVE_S1.);
#660 = LINE('',#661,#662);
#661 = CARTESIAN_POINT('',(650.,1.7763568394E-13,96.));
#662 = VECTOR('',#663,1.);
#663 = DIRECTION('',(0.,1.,0.));
#664 = PCURVE('',#201,#665);
#665 = DEFINITIONAL_REPRESENTATION('',(#666),#669);
#666 = B_SPLINE_CURVE_WITH_KNOTS('',1,(#667,#668),.UNSPECIFIED.,.F.,.F.,
  (2,2),(-64.,63.999999994858),.PIECEWISE_BEZIER_KNOTS.);
#667 = CARTESIAN_POINT('',(69.333333334085,1.));
#668 = CARTESIAN_POINT('',(-69.33333332418,1.));
#669 = ( GEOMETRIC_REPRESENTATION_CONTEXT(2) 
PARAMETRIC_REPRESENTATION_CONTEXT() REPRESENTATION_CONTEXT('2D SPACE',''
  ) );
#670 = PCURVE('',#671,#690);
#671 = B_SPLINE_SURFACE_WITH_KNOTS('',8,1,(
    (#672,#673)
    ,(#674,#675)
    ,(#676,#677)
    ,(#678,#679)
    ,(#680,#681)
    ,(#682,#683)
    ,(#684,#685)
    ,(#686,#687)
    ,(#688,#689
    )),.UNSPECIFIED.,.F.,.F.,.F.,(9,9),(2,2),(-63.99999999485,64.),(0.,
    1.),.PIECEWISE_BEZIER_KNOTS.);
#672 = CARTESIAN_POINT('',(650.,63.999999994859,96.));
#673 = CARTESIAN_POINT('',(850.,47.704216873493,71.556325314306));
#674 = CARTESIAN_POINT('',(650.,47.999999995501,96.));
#675 = CARTESIAN_POINT('',(849.99999999999,37.185390477477,
    78.568876244584));
#676 = CARTESIAN_POINT('',(650.,31.999999996144,96.));
#677 = CARTESIAN_POINT('',(850.00000000002,25.488449779188,
    83.814256538707));
#678 = CARTESIAN_POINT('',(650.,15.999999996787,96.));
#679 = CARTESIAN_POINT('',(849.99999999996,12.959765994433,
    87.061554645178));
#680 = CARTESIAN_POINT('',(650.,-2.570758717013E-09,96.));
#681 = CARTESIAN_POINT('',(850.00000000004,-1.025853180181E-09,
    88.161326328287));
#682 = CARTESIAN_POINT('',(650.,-16.00000000192,96.));
#683 = CARTESIAN_POINT('',(849.99999999996,-12.95976599646,
    87.061554644876));
#684 = CARTESIAN_POINT('',(650.,-32.00000000128,96.));
#685 = CARTESIAN_POINT('',(850.00000000001,-25.48844978113,
    83.814256538112));
#686 = CARTESIAN_POINT('',(650.,-48.00000000064,96.));
#687 = CARTESIAN_POINT('',(849.99999999999,-37.1853904793,
    78.568876243718));
#688 = CARTESIAN_POINT('',(650.,-64.,96.));
#689 = CARTESIAN_POINT('',(850.,-47.70421687516,71.556325313194));
#690 = DEFINITIONAL_REPRESENTATION('',(#691),#695);
#691 = LINE('',#692,#693);
#692 = CARTESIAN_POINT('',(0.,0.));
#693 = VECTOR('',#694,1.);
#694 = DIRECTION('',(-1.,0.));
#695 = ( GEOMETRIC_REPRESENTATION_CONTEXT(2) 
PARAMETRIC_REPRESENTATION_CONTEXT() REPRESENTATION_CONTEXT('2D SPACE',''
  ) );
#696 = ORIENTED_EDGE('',*,*,#697,.F.);
#697 = EDGE_CURVE('',#186,#657,#698,.T.);
#698 = SURFACE_CURVE('',#699,(#702,#709),.PCURVE_S1.);
#699 = B_SPLINE_CURVE_WITH_KNOTS('',1,(#700,#701),.UNSPECIFIED.,.F.,.F.,
  (2,2),(0.,1.),.PIECEWISE_BEZIER_KNOTS.);
#700 = CARTESIAN_POINT('',(400.,69.333333324185,104.));
#701 = CARTESIAN_POINT('',(650.,63.999999994859,96.));
#702 = PCURVE('',#201,#703);
#703 = DEFINITIONAL_REPRESENTATION('',(#704),#708);
#704 = LINE('',#705,#706);
#705 = CARTESIAN_POINT('',(-69.33333332418,0.));
#706 = VECTOR('',#707,1.);
#707 = DIRECTION('',(0.,1.));
#708 = ( GEOMETRIC_REPRESENTATION_CONTEXT(2) 
PARAMETRIC_REPRESENTATION_CONTEXT() REPRESENTATION_CONTEXT('2D SPACE',''
  ) );
#709 = PCURVE('',#229,#710);
#710 = DEFINITIONAL_REPRESENTATION('',(#711),#715);
#711 = LINE('',#712,#713);
#712 = CARTESIAN_POINT('',(-69.33333332418,0.));
#713 = VECTOR('',#714,1.);
#714 = DIRECTION('',(0.,1.));
#715 = ( GEOMETRIC_REPRESENTATION_CONTEXT(2) 
PARAMETRIC_REPRESENTATION_CONTEXT() REPRESENTATION_CONTEXT('2D SPACE',''
  ) );
#716 = ADVANCED_FACE('',(#717),#229,.T.);
#717 = FACE_BOUND('',#718,.T.);
#718 = EDGE_LOOP('',(#719,#720,#721,#759));
#719 = ORIENTED_EDGE('',*,*,#213,.F.);
#720 = ORIENTED_EDGE('',*,*,#697,.T.);
#721 = ORIENTED_EDGE('',*,*,#722,.F.);
#722 = EDGE_CURVE('',#723,#657,#725,.T.);
#723 = VERTEX_POINT('',#724);
#724 = CARTESIAN_POINT('',(650.,80.740508293277,91.271878958198));
#725 = SURFACE_CURVE('',#726,(#731,#737),.PCURVE_S1.);
#726 = CIRCLE('',#727,32.);
#727 = AXIS2_PLACEMENT_3D('',#728,#729,#730);
#728 = CARTESIAN_POINT('',(650.,63.999999994859,64.));
#729 = DIRECTION('',(1.,-0.,1.110223024625E-16));
#730 = DIRECTION('',(1.110223024625E-16,0.,-1.));
#731 = PCURVE('',#229,#732);
#732 = DEFINITIONAL_REPRESENTATION('',(#733),#736);
#733 = B_SPLINE_CURVE_WITH_KNOTS('',1,(#734,#735),.UNSPECIFIED.,.F.,.F.,
  (2,2),(2.591060434947,3.14159265359),.PIECEWISE_BEZIER_KNOTS.);
#734 = CARTESIAN_POINT('',(-91.99999997793,1.));
#735 = CARTESIAN_POINT('',(-69.33333332418,1.));
#736 = ( GEOMETRIC_REPRESENTATION_CONTEXT(2) 
PARAMETRIC_REPRESENTATION_CONTEXT() REPRESENTATION_CONTEXT('2D SPACE',''
  ) );
#737 = PCURVE('',#738,#753);
#738 = B_SPLINE_SURFACE_WITH_KNOTS('',6,1,(
    (#739,#740)
    ,(#741,#742)
    ,(#743,#744)
    ,(#745,#746)
    ,(#747,#748)
    ,(#749,#750)
    ,(#751,#752
    )),.UNSPECIFIED.,.F.,.F.,.F.,(7,7),(2,2),(2.591060434947,
    3.14159265359),(0.,1.),.PIECEWISE_BEZIER_KNOTS.);
#739 = CARTESIAN_POINT('',(650.,80.740508293277,91.271878958197));
#740 = CARTESIAN_POINT('',(850.,56.981353863833,64.413704379151));
#741 = CARTESIAN_POINT('',(649.99999999999,78.238166955044,
    92.807910487319));
#742 = CARTESIAN_POINT('',(850.,55.518653936872,65.707631237389));
#743 = CARTESIAN_POINT('',(650.,75.566699241367,94.068417925223));
#744 = CARTESIAN_POINT('',(849.99999999999,54.020695183742,
    66.96170029317));
#745 = CARTESIAN_POINT('',(649.99999999999,72.764022265739,
    95.030125129218));
#746 = CARTESIAN_POINT('',(850.,52.488835200803,68.174710521814));
#747 = CARTESIAN_POINT('',(650.,69.872343057387,95.676708713833));
#748 = CARTESIAN_POINT('',(850.,50.924486230516,69.345522684923));
#749 = CARTESIAN_POINT('',(649.99999999999,66.936171827617,96.));
#750 = CARTESIAN_POINT('',(849.99999999999,49.329110718983,
    70.473062750707));
#751 = CARTESIAN_POINT('',(650.,63.999999994859,96.));
#752 = CARTESIAN_POINT('',(850.,47.704216873493,71.556325314306));
#753 = DEFINITIONAL_REPRESENTATION('',(#754),#758);
#754 = LINE('',#755,#756);
#755 = CARTESIAN_POINT('',(0.,0.));
#756 = VECTOR('',#757,1.);
#757 = DIRECTION('',(1.,0.));
#758 = ( GEOMETRIC_REPRESENTATION_CONTEXT(2) 
PARAMETRIC_REPRESENTATION_CONTEXT() REPRESENTATION_CONTEXT('2D SPACE',''
  ) );
#759 = ORIENTED_EDGE('',*,*,#760,.F.);
#760 = EDGE_CURVE('',#214,#723,#761,.T.);
#761 = SURFACE_CURVE('',#762,(#765,#772),.PCURVE_S1.);
#762 = B_SPLINE_CURVE_WITH_KNOTS('',1,(#763,#764),.UNSPECIFIED.,.F.,.F.,
  (2,2),(0.,1.),.PIECEWISE_BEZIER_KNOTS.);
#763 = CARTESIAN_POINT('',(400.,91.99999997794,104.));
#764 = CARTESIAN_POINT('',(650.,80.740508293277,91.271878958197));
#765 = PCURVE('',#229,#766);
#766 = DEFINITIONAL_REPRESENTATION('',(#767),#771);
#767 = LINE('',#768,#769);
#768 = CARTESIAN_POINT('',(-91.99999997793,0.));
#769 = VECTOR('',#770,1.);
#770 = DIRECTION('',(0.,1.));
#771 = ( GEOMETRIC_REPRESENTATION_CONTEXT(2) 
PARAMETRIC_REPRESENTATION_CONTEXT() REPRESENTATION_CONTEXT('2D SPACE',''
  ) );
#772 = PCURVE('',#773,#792);
#773 = B_SPLINE_SURFACE_WITH_KNOTS('',8,1,(
    (#774,#775)
    ,(#776,#777)
    ,(#778,#779)
    ,(#780,#781)
    ,(#782,#783)
    ,(#784,#785)
    ,(#786,#787)
    ,(#788,#789)
    ,(#790,#791
    )),.UNSPECIFIED.,.F.,.F.,.F.,(9,9),(2,2),(4.712388980385,
    6.28318530718),(0.,1.),.PIECEWISE_BEZIER_KNOTS.);
#774 = CARTESIAN_POINT('',(400.,103.99999997793,92.));
#775 = CARTESIAN_POINT('',(650.,91.271878948557,80.740508305749));
#776 = CARTESIAN_POINT('',(399.99999999999,103.99999997793,
    94.356194490191));
#777 = CARTESIAN_POINT('',(650.,90.288935124392,82.34181720876));
#778 = CARTESIAN_POINT('',(400.00000000002,103.47127051041,
    96.712389722055));
#779 = CARTESIAN_POINT('',(649.99999999999,89.198536253684,
    83.877166023834));
#780 = CARTESIAN_POINT('',(399.99999999996,102.41381676838,
    98.930158812013));
#781 = CARTESIAN_POINT('',(650.,88.005845910775,85.338142602872));
#782 = CARTESIAN_POINT('',(400.00000000003,100.8711050473,
    100.87110506936));
#783 = CARTESIAN_POINT('',(650.,86.71681891434,86.716818925587));
#784 = CARTESIAN_POINT('',(399.99999999997,98.930158789954,
    102.41381679045));
#785 = CARTESIAN_POINT('',(650.,85.338142591278,88.005845921652));
#786 = CARTESIAN_POINT('',(400.00000000001,96.712389699993,
    103.47127053246));
#787 = CARTESIAN_POINT('',(649.99999999999,83.87716601192,
    89.198536264169));
#788 = CARTESIAN_POINT('',(399.99999999999,94.356194468131,
    103.99999999999));
#789 = CARTESIAN_POINT('',(650.,82.341817196552,90.288935134463));
#790 = CARTESIAN_POINT('',(400.,91.99999997794,104.));
#791 = CARTESIAN_POINT('',(650.,80.740508293277,91.271878958197));
#792 = DEFINITIONAL_REPRESENTATION('',(#793),#797);
#793 = LINE('',#794,#795);
#794 = CARTESIAN_POINT('',(6.28318530718,0.));
#795 = VECTOR('',#796,1.);
#796 = DIRECTION('',(0.,1.));
#797 = ( GEOMETRIC_REPRESENTATION_CONTEXT(2) 
PARAMETRIC_REPRESENTATION_CONTEXT() REPRESENTATION_CONTEXT('2D SPACE',''
  ) );
#798 = ADVANCED_FACE('',(#799),#263,.T.);
#799 = FACE_BOUND('',#800,.T.);
#800 = EDGE_LOOP('',(#801,#802,#803,#827));
#801 = ORIENTED_EDGE('',*,*,#278,.F.);
#802 = ORIENTED_EDGE('',*,*,#251,.T.);
#803 = ORIENTED_EDGE('',*,*,#804,.T.);
#804 = EDGE_CURVE('',#214,#805,#807,.T.);
#805 = VERTEX_POINT('',#806);
#806 = CARTESIAN_POINT('',(400.,103.99999998897,92.));
#807 = SURFACE_CURVE('',#808,(#813,#820),.PCURVE_S1.);
#808 = CIRCLE('',#809,12.);
#809 = AXIS2_PLACEMENT_3D('',#810,#811,#812);
#810 = CARTESIAN_POINT('',(400.,91.999999977939,92.));
#811 = DIRECTION('',(-1.,0.,-1.110223024625E-16));
#812 = DIRECTION('',(-1.110223024625E-16,0.,1.));
#813 = PCURVE('',#263,#814);
#814 = DEFINITIONAL_REPRESENTATION('',(#815),#819);
#815 = LINE('',#816,#817);
#816 = CARTESIAN_POINT('',(6.28318530718,736.7));
#817 = VECTOR('',#818,1.);
#818 = DIRECTION('',(-1.,0.));
#819 = ( GEOMETRIC_REPRESENTATION_CONTEXT(2) 
PARAMETRIC_REPRESENTATION_CONTEXT() REPRESENTATION_CONTEXT('2D SPACE',''
  ) );
#820 = PCURVE('',#773,#821);
#821 = DEFINITIONAL_REPRESENTATION('',(#822),#826);
#822 = LINE('',#823,#824);
#823 = CARTESIAN_POINT('',(6.28318530718,0.));
#824 = VECTOR('',#825,1.);
#825 = DIRECTION('',(-1.,0.));
#826 = ( GEOMETRIC_REPRESENTATION_CONTEXT(2) 
PARAMETRIC_REPRESENTATION_CONTEXT() REPRESENTATION_CONTEXT('2D SPACE',''
  ) );
#827 = ORIENTED_EDGE('',*,*,#828,.F.);
#828 = EDGE_CURVE('',#279,#805,#829,.T.);
#829 = SURFACE_CURVE('',#830,(#833,#839),.PCURVE_S1.);
#830 = B_SPLINE_CURVE_WITH_KNOTS('',1,(#831,#832),.UNSPECIFIED.,.F.,.F.,
  (2,2),(0.,1.),.PIECEWISE_BEZIER_KNOTS.);
#831 = CARTESIAN_POINT('',(-336.7,103.99999998897,92.));
#832 = CARTESIAN_POINT('',(400.,103.99999998897,92.));
#833 = PCURVE('',#263,#834);
#834 = DEFINITIONAL_REPRESENTATION('',(#835),#838);
#835 = B_SPLINE_CURVE_WITH_KNOTS('',1,(#836,#837),.UNSPECIFIED.,.F.,.F.,
  (2,2),(0.,1.),.PIECEWISE_BEZIER_KNOTS.);
#836 = CARTESIAN_POINT('',(4.712388980385,0.));
#837 = CARTESIAN_POINT('',(4.712388980385,736.7));
#838 = ( GEOMETRIC_REPRESENTATION_CONTEXT(2) 
PARAMETRIC_REPRESENTATION_CONTEXT() REPRESENTATION_CONTEXT('2D SPACE',''
  ) );
#839 = PCURVE('',#318,#840);
#840 = DEFINITIONAL_REPRESENTATION('',(#841),#844);
#841 = B_SPLINE_CURVE_WITH_KNOTS('',1,(#842,#843),.UNSPECIFIED.,.F.,.F.,
  (2,2),(0.,1.),.PIECEWISE_BEZIER_KNOTS.);
#842 = CARTESIAN_POINT('',(92.,-736.7));
#843 = CARTESIAN_POINT('',(92.,0.));
#844 = ( GEOMETRIC_REPRESENTATION_CONTEXT(2) 
PARAMETRIC_REPRESENTATION_CONTEXT() REPRESENTATION_CONTEXT('2D SPACE',''
  ) );
#845 = ADVANCED_FACE('',(#846),#318,.T.);
#846 = FACE_BOUND('',#847,.T.);
#847 = EDGE_LOOP('',(#848,#849,#850,#888,#916,#954));
#848 = ORIENTED_EDGE('',*,*,#302,.T.);
#849 = ORIENTED_EDGE('',*,*,#828,.T.);
#850 = ORIENTED_EDGE('',*,*,#851,.T.);
#851 = EDGE_CURVE('',#805,#852,#854,.T.);
#852 = VERTEX_POINT('',#853);
#853 = CARTESIAN_POINT('',(400.,104.,69.333333338756));
#854 = SURFACE_CURVE('',#855,(#859,#866),.PCURVE_S1.);
#855 = LINE('',#856,#857);
#856 = CARTESIAN_POINT('',(400.,104.,0.));
#857 = VECTOR('',#858,1.);
#858 = DIRECTION('',(1.110223024625E-16,0.,-1.));
#859 = PCURVE('',#318,#860);
#860 = DEFINITIONAL_REPRESENTATION('',(#861),#865);
#861 = LINE('',#862,#863);
#862 = CARTESIAN_POINT('',(0.,0.));
#863 = VECTOR('',#864,1.);
#864 = DIRECTION('',(-1.,0.));
#865 = ( GEOMETRIC_REPRESENTATION_CONTEXT(2) 
PARAMETRIC_REPRESENTATION_CONTEXT() REPRESENTATION_CONTEXT('2D SPACE',''
  ) );
#866 = PCURVE('',#867,#882);
#867 = B_SPLINE_SURFACE_WITH_KNOTS('',6,1,(
    (#868,#869)
    ,(#870,#871)
    ,(#872,#873)
    ,(#874,#875)
    ,(#876,#877)
    ,(#878,#879)
    ,(#880,#881
    )),.UNSPECIFIED.,.F.,.F.,.F.,(7,7),(2,2),(69.333333338756,92.),(0.,
    1.),.PIECEWISE_BEZIER_KNOTS.);
#868 = CARTESIAN_POINT('',(400.,104.,69.333333338756));
#869 = CARTESIAN_POINT('',(650.,95.999999994859,64.));
#870 = CARTESIAN_POINT('',(400.,104.,73.11111111563));
#871 = CARTESIAN_POINT('',(650.,95.999999994859,66.936171834193));
#872 = CARTESIAN_POINT('',(400.,104.,76.888888892504));
#873 = CARTESIAN_POINT('',(649.99999999999,95.676708708374,
    69.872343065394));
#874 = CARTESIAN_POINT('',(400.,104.,80.666666669378));
#875 = CARTESIAN_POINT('',(650.,95.030125123132,72.764022275118));
#876 = CARTESIAN_POINT('',(400.,104.,84.444444446252));
#877 = CARTESIAN_POINT('',(649.99999999999,94.068417918202,
    75.56669925198));
#878 = CARTESIAN_POINT('',(400.,104.,88.222222223126));
#879 = CARTESIAN_POINT('',(650.,92.807910479101,78.238166966707));
#880 = CARTESIAN_POINT('',(400.,104.,92.));
#881 = CARTESIAN_POINT('',(650.,91.271878948557,80.740508305749));
#882 = DEFINITIONAL_REPRESENTATION('',(#883),#887);
#883 = LINE('',#884,#885);
#884 = CARTESIAN_POINT('',(0.,0.));
#885 = VECTOR('',#886,1.);
#886 = DIRECTION('',(-1.,0.));
#887 = ( GEOMETRIC_REPRESENTATION_CONTEXT(2) 
PARAMETRIC_REPRESENTATION_CONTEXT() REPRESENTATION_CONTEXT('2D SPACE',''
  ) );
#888 = ORIENTED_EDGE('',*,*,#889,.T.);
#889 = EDGE_CURVE('',#852,#890,#892,.T.);
#890 = VERTEX_POINT('',#891);
#891 = CARTESIAN_POINT('',(400.,104.,-69.33333333451));
#892 = SURFACE_CURVE('',#893,(#897,#904),.PCURVE_S1.);
#893 = LINE('',#894,#895);
#894 = CARTESIAN_POINT('',(400.,104.,0.));
#895 = VECTOR('',#896,1.);
#896 = DIRECTION('',(1.110223024625E-16,0.,-1.));
#897 = PCURVE('',#318,#898);
#898 = DEFINITIONAL_REPRESENTATION('',(#899),#903);
#899 = LINE('',#900,#901);
#900 = CARTESIAN_POINT('',(0.,0.));
#901 = VECTOR('',#902,1.);
#902 = DIRECTION('',(-1.,0.));
#903 = ( GEOMETRIC_REPRESENTATION_CONTEXT(2) 
PARAMETRIC_REPRESENTATION_CONTEXT() REPRESENTATION_CONTEXT('2D SPACE',''
  ) );
#904 = PCURVE('',#905,#910);
#905 = B_SPLINE_SURFACE_WITH_KNOTS('',1,1,(
    (#906,#907)
    ,(#908,#909
    )),.UNSPECIFIED.,.F.,.F.,.F.,(2,2),(2,2),(-69.33333333451,
    69.333333338756),(0.,1.),.PIECEWISE_BEZIER_KNOTS.);
#906 = CARTESIAN_POINT('',(400.,104.,-69.33333333451));
#907 = CARTESIAN_POINT('',(650.,96.,-64.));
#908 = CARTESIAN_POINT('',(400.,104.,69.333333338756));
#909 = CARTESIAN_POINT('',(650.,96.,64.));
#910 = DEFINITIONAL_REPRESENTATION('',(#911),#915);
#911 = LINE('',#912,#913);
#912 = CARTESIAN_POINT('',(0.,0.));
#913 = VECTOR('',#914,1.);
#914 = DIRECTION('',(-1.,0.));
#915 = ( GEOMETRIC_REPRESENTATION_CONTEXT(2) 
PARAMETRIC_REPRESENTATION_CONTEXT() REPRESENTATION_CONTEXT('2D SPACE',''
  ) );
#916 = ORIENTED_EDGE('',*,*,#917,.T.);
#917 = EDGE_CURVE('',#890,#918,#920,.T.);
#918 = VERTEX_POINT('',#919);
#919 = CARTESIAN_POINT('',(400.,103.99999998897,-92.));
#920 = SURFACE_CURVE('',#921,(#925,#932),.PCURVE_S1.);
#921 = LINE('',#922,#923);
#922 = CARTESIAN_POINT('',(400.,104.,0.));
#923 = VECTOR('',#924,1.);
#924 = DIRECTION('',(1.110223024625E-16,0.,-1.));
#925 = PCURVE('',#318,#926);
#926 = DEFINITIONAL_REPRESENTATION('',(#927),#931);
#927 = LINE('',#928,#929);
#928 = CARTESIAN_POINT('',(0.,0.));
#929 = VECTOR('',#930,1.);
#930 = DIRECTION('',(-1.,0.));
#931 = ( GEOMETRIC_REPRESENTATION_CONTEXT(2) 
PARAMETRIC_REPRESENTATION_CONTEXT() REPRESENTATION_CONTEXT('2D SPACE',''
  ) );
#932 = PCURVE('',#933,#948);
#933 = B_SPLINE_SURFACE_WITH_KNOTS('',6,1,(
    (#934,#935)
    ,(#936,#937)
    ,(#938,#939)
    ,(#940,#941)
    ,(#942,#943)
    ,(#944,#945)
    ,(#946,#947
    )),.UNSPECIFIED.,.F.,.F.,.F.,(7,7),(2,2),(-92.,-69.33333333451),(0.,
    1.),.PIECEWISE_BEZIER_KNOTS.);
#934 = CARTESIAN_POINT('',(400.,104.,-92.));
#935 = CARTESIAN_POINT('',(650.,91.271878947107,-80.74050830811));
#936 = CARTESIAN_POINT('',(400.,104.,-88.22222222241));
#937 = CARTESIAN_POINT('',(650.,92.807910478109,-78.2381669688));
#938 = CARTESIAN_POINT('',(400.,104.,-84.44444444483));
#939 = CARTESIAN_POINT('',(650.,94.068417917597,-75.56669925374));
#940 = CARTESIAN_POINT('',(400.,104.,-80.66666666725));
#941 = CARTESIAN_POINT('',(649.99999999999,95.030125122826,
    -72.76402227648));
#942 = CARTESIAN_POINT('',(400.,104.,-76.88888888967));
#943 = CARTESIAN_POINT('',(650.,95.676708708273,-69.87234306631));
#944 = CARTESIAN_POINT('',(400.,104.,-73.11111111209));
#945 = CARTESIAN_POINT('',(650.,95.999999994859,-66.93617183465));
#946 = CARTESIAN_POINT('',(400.,104.,-69.33333333451));
#947 = CARTESIAN_POINT('',(650.,95.999999994858,-64.));
#948 = DEFINITIONAL_REPRESENTATION('',(#949),#953);
#949 = LINE('',#950,#951);
#950 = CARTESIAN_POINT('',(0.,0.));
#951 = VECTOR('',#952,1.);
#952 = DIRECTION('',(-1.,0.));
#953 = ( GEOMETRIC_REPRESENTATION_CONTEXT(2) 
PARAMETRIC_REPRESENTATION_CONTEXT() REPRESENTATION_CONTEXT('2D SPACE',''
  ) );
#954 = ORIENTED_EDGE('',*,*,#955,.F.);
#955 = EDGE_CURVE('',#303,#918,#956,.T.);
#956 = SURFACE_CURVE('',#957,(#960,#966),.PCURVE_S1.);
#957 = B_SPLINE_CURVE_WITH_KNOTS('',1,(#958,#959),.UNSPECIFIED.,.F.,.F.,
  (2,2),(0.,1.),.PIECEWISE_BEZIER_KNOTS.);
#958 = CARTESIAN_POINT('',(-336.7,103.99999998897,-92.));
#959 = CARTESIAN_POINT('',(400.,103.99999998897,-92.));
#960 = PCURVE('',#318,#961);
#961 = DEFINITIONAL_REPRESENTATION('',(#962),#965);
#962 = B_SPLINE_CURVE_WITH_KNOTS('',1,(#963,#964),.UNSPECIFIED.,.F.,.F.,
  (2,2),(0.,1.),.PIECEWISE_BEZIER_KNOTS.);
#963 = CARTESIAN_POINT('',(-92.,-736.7));
#964 = CARTESIAN_POINT('',(-92.,0.));
#965 = ( GEOMETRIC_REPRESENTATION_CONTEXT(2) 
PARAMETRIC_REPRESENTATION_CONTEXT() REPRESENTATION_CONTEXT('2D SPACE',''
  ) );
#966 = PCURVE('',#347,#967);
#967 = DEFINITIONAL_REPRESENTATION('',(#968),#971);
#968 = B_SPLINE_CURVE_WITH_KNOTS('',1,(#969,#970),.UNSPECIFIED.,.F.,.F.,
  (2,2),(0.,1.),.PIECEWISE_BEZIER_KNOTS.);
#969 = CARTESIAN_POINT('',(4.712388980385,0.));
#970 = CARTESIAN_POINT('',(4.712388980385,736.7));
#971 = ( GEOMETRIC_REPRESENTATION_CONTEXT(2) 
PARAMETRIC_REPRESENTATION_CONTEXT() REPRESENTATION_CONTEXT('2D SPACE',''
  ) );
#972 = ADVANCED_FACE('',(#973),#432,.T.);
#973 = FACE_BOUND('',#974,.T.);
#974 = EDGE_LOOP('',(#975,#976,#996,#1034,#1062,#1098));
#975 = ORIENTED_EDGE('',*,*,#416,.T.);
#976 = ORIENTED_EDGE('',*,*,#977,.T.);
#977 = EDGE_CURVE('',#388,#978,#980,.T.);
#978 = VERTEX_POINT('',#979);
#979 = CARTESIAN_POINT('',(400.,-103.9999999999,-91.99999997793));
#980 = SURFACE_CURVE('',#981,(#984,#990),.PCURVE_S1.);
#981 = B_SPLINE_CURVE_WITH_KNOTS('',1,(#982,#983),.UNSPECIFIED.,.F.,.F.,
  (2,2),(0.,1.),.PIECEWISE_BEZIER_KNOTS.);
#982 = CARTESIAN_POINT('',(-336.7,-103.9999999999,-91.99999997793));
#983 = CARTESIAN_POINT('',(400.,-103.9999999999,-91.99999997793));
#984 = PCURVE('',#432,#985);
#985 = DEFINITIONAL_REPRESENTATION('',(#986),#989);
#986 = B_SPLINE_CURVE_WITH_KNOTS('',1,(#987,#988),.UNSPECIFIED.,.F.,.F.,
  (2,2),(0.,1.),.PIECEWISE_BEZIER_KNOTS.);
#987 = CARTESIAN_POINT('',(91.999999977937,-736.7));
#988 = CARTESIAN_POINT('',(91.999999977937,0.));
#989 = ( GEOMETRIC_REPRESENTATION_CONTEXT(2) 
PARAMETRIC_REPRESENTATION_CONTEXT() REPRESENTATION_CONTEXT('2D SPACE',''
  ) );
#990 = PCURVE('',#404,#991);
#991 = DEFINITIONAL_REPRESENTATION('',(#992),#995);
#992 = B_SPLINE_CURVE_WITH_KNOTS('',1,(#993,#994),.UNSPECIFIED.,.F.,.F.,
  (2,2),(0.,1.),.PIECEWISE_BEZIER_KNOTS.);
#993 = CARTESIAN_POINT('',(1.570796326795,0.));
#994 = CARTESIAN_POINT('',(1.570796326795,736.7));
#995 = ( GEOMETRIC_REPRESENTATION_CONTEXT(2) 
PARAMETRIC_REPRESENTATION_CONTEXT() REPRESENTATION_CONTEXT('2D SPACE',''
  ) );
#996 = ORIENTED_EDGE('',*,*,#997,.F.);
#997 = EDGE_CURVE('',#998,#978,#1000,.T.);
#998 = VERTEX_POINT('',#999);
#999 = CARTESIAN_POINT('',(400.,-103.9999999999,-69.33333332419));
#1000 = SURFACE_CURVE('',#1001,(#1005,#1012),.PCURVE_S1.);
#1001 = LINE('',#1002,#1003);
#1002 = CARTESIAN_POINT('',(400.,-103.9999999999,0.));
#1003 = VECTOR('',#1004,1.);
#1004 = DIRECTION('',(1.110223024625E-16,0.,-1.));
#1005 = PCURVE('',#432,#1006);
#1006 = DEFINITIONAL_REPRESENTATION('',(#1007),#1011);
#1007 = LINE('',#1008,#1009);
#1008 = CARTESIAN_POINT('',(0.,0.));
#1009 = VECTOR('',#1010,1.);
#1010 = DIRECTION('',(1.,0.));
#1011 = ( GEOMETRIC_REPRESENTATION_CONTEXT(2) 
PARAMETRIC_REPRESENTATION_CONTEXT() REPRESENTATION_CONTEXT('2D SPACE',''
  ) );
#1012 = PCURVE('',#1013,#1028);
#1013 = B_SPLINE_SURFACE_WITH_KNOTS('',6,1,(
    (#1014,#1015)
    ,(#1016,#1017)
    ,(#1018,#1019)
    ,(#1020,#1021)
    ,(#1022,#1023)
    ,(#1024,#1025)
    ,(#1026,#1027
    )),.UNSPECIFIED.,.F.,.F.,.F.,(7,7),(2,2),(69.333333324197,
    91.999999977937),(0.,1.),.PIECEWISE_BEZIER_KNOTS.);
#1014 = CARTESIAN_POINT('',(400.,-103.9999999999,-69.33333332419));
#1015 = CARTESIAN_POINT('',(650.,-96.,-63.99999999485));
#1016 = CARTESIAN_POINT('',(400.,-103.9999999999,-73.11111109982));
#1017 = CARTESIAN_POINT('',(649.99999999999,-96.,-66.93617182761));
#1018 = CARTESIAN_POINT('',(400.,-103.9999999999,-76.88888887544));
#1019 = CARTESIAN_POINT('',(650.,-95.67670871383,-69.87234305738));
#1020 = CARTESIAN_POINT('',(400.,-103.9999999999,-80.66666665106));
#1021 = CARTESIAN_POINT('',(650.,-95.03012512922,-72.76402226573));
#1022 = CARTESIAN_POINT('',(400.,-103.9999999999,-84.44444442669));
#1023 = CARTESIAN_POINT('',(649.99999999999,-94.06841792522,
    -75.56669924136));
#1024 = CARTESIAN_POINT('',(400.,-103.9999999999,-88.22222220231));
#1025 = CARTESIAN_POINT('',(650.,-92.80791048732,-78.23816695504));
#1026 = CARTESIAN_POINT('',(400.,-103.9999999999,-91.99999997793));
#1027 = CARTESIAN_POINT('',(650.,-91.27187895819,-80.74050829327));
#1028 = DEFINITIONAL_REPRESENTATION('',(#1029),#1033);
#1029 = LINE('',#1030,#1031);
#1030 = CARTESIAN_POINT('',(0.,0.));
#1031 = VECTOR('',#1032,1.);
#1032 = DIRECTION('',(1.,0.));
#1033 = ( GEOMETRIC_REPRESENTATION_CONTEXT(2) 
PARAMETRIC_REPRESENTATION_CONTEXT() REPRESENTATION_CONTEXT('2D SPACE',''
  ) );
#1034 = ORIENTED_EDGE('',*,*,#1035,.F.);
#1035 = EDGE_CURVE('',#1036,#998,#1038,.T.);
#1036 = VERTEX_POINT('',#1037);
#1037 = CARTESIAN_POINT('',(400.,-103.9999999999,69.333333334012));
#1038 = SURFACE_CURVE('',#1039,(#1043,#1050),.PCURVE_S1.);
#1039 = LINE('',#1040,#1041);
#1040 = CARTESIAN_POINT('',(400.,-103.9999999999,0.));
#1041 = VECTOR('',#1042,1.);
#1042 = DIRECTION('',(1.110223024625E-16,0.,-1.));
#1043 = PCURVE('',#432,#1044);
#1044 = DEFINITIONAL_REPRESENTATION('',(#1045),#1049);
#1045 = LINE('',#1046,#1047);
#1046 = CARTESIAN_POINT('',(0.,0.));
#1047 = VECTOR('',#1048,1.);
#1048 = DIRECTION('',(1.,0.));
#1049 = ( GEOMETRIC_REPRESENTATION_CONTEXT(2) 
PARAMETRIC_REPRESENTATION_CONTEXT() REPRESENTATION_CONTEXT('2D SPACE',''
  ) );
#1050 = PCURVE('',#1051,#1056);
#1051 = B_SPLINE_SURFACE_WITH_KNOTS('',1,1,(
    (#1052,#1053)
    ,(#1054,#1055
    )),.UNSPECIFIED.,.F.,.F.,.F.,(2,2),(2,2),(-69.33333333401,
    69.333333324197),(0.,1.),.PIECEWISE_BEZIER_KNOTS.);
#1052 = CARTESIAN_POINT('',(400.,-103.9999999999,69.333333334012));
#1053 = CARTESIAN_POINT('',(650.,-96.,64.));
#1054 = CARTESIAN_POINT('',(400.,-103.9999999999,-69.33333332419));
#1055 = CARTESIAN_POINT('',(650.,-96.,-63.99999999485));
#1056 = DEFINITIONAL_REPRESENTATION('',(#1057),#1061);
#1057 = LINE('',#1058,#1059);
#1058 = CARTESIAN_POINT('',(0.,0.));
#1059 = VECTOR('',#1060,1.);
#1060 = DIRECTION('',(1.,0.));
#1061 = ( GEOMETRIC_REPRESENTATION_CONTEXT(2) 
PARAMETRIC_REPRESENTATION_CONTEXT() REPRESENTATION_CONTEXT('2D SPACE',''
  ) );
#1062 = ORIENTED_EDGE('',*,*,#1063,.F.);
#1063 = EDGE_CURVE('',#506,#1036,#1064,.T.);
#1064 = SURFACE_CURVE('',#1065,(#1069,#1076),.PCURVE_S1.);
#1065 = LINE('',#1066,#1067);
#1066 = CARTESIAN_POINT('',(400.,-103.9999999999,0.));
#1067 = VECTOR('',#1068,1.);
#1068 = DIRECTION('',(1.110223024625E-16,0.,-1.));
#1069 = PCURVE('',#432,#1070);
#1070 = DEFINITIONAL_REPRESENTATION('',(#1071),#1075);
#1071 = LINE('',#1072,#1073);
#1072 = CARTESIAN_POINT('',(0.,0.));
#1073 = VECTOR('',#1074,1.);
#1074 = DIRECTION('',(1.,0.));
#1075 = ( GEOMETRIC_REPRESENTATION_CONTEXT(2) 
PARAMETRIC_REPRESENTATION_CONTEXT() REPRESENTATION_CONTEXT('2D SPACE',''
  ) );
#1076 = PCURVE('',#1077,#1092);
#1077 = B_SPLINE_SURFACE_WITH_KNOTS('',6,1,(
    (#1078,#1079)
    ,(#1080,#1081)
    ,(#1082,#1083)
    ,(#1084,#1085)
    ,(#1086,#1087)
    ,(#1088,#1089)
    ,(#1090,#1091
    )),.UNSPECIFIED.,.F.,.F.,.F.,(7,7),(2,2),(-92.,-69.33333333401),(0.,
    1.),.PIECEWISE_BEZIER_KNOTS.);
#1078 = CARTESIAN_POINT('',(400.,-103.9999999999,92.));
#1079 = CARTESIAN_POINT('',(650.,-91.27187895399,80.74050830527));
#1080 = CARTESIAN_POINT('',(400.,-103.9999999999,88.222222222335));
#1081 = CARTESIAN_POINT('',(649.99999999999,-92.80791048444,
    78.238166966281));
#1082 = CARTESIAN_POINT('',(400.,-103.9999999999,84.44444444467));
#1083 = CARTESIAN_POINT('',(650.,-94.06841792346,75.566699251624));
#1084 = CARTESIAN_POINT('',(400.,-103.9999999999,80.666666667006));
#1085 = CARTESIAN_POINT('',(649.99999999999,-95.03012512833,
    72.76402227484));
#1086 = CARTESIAN_POINT('',(400.,-103.9999999999,76.888888889341));
#1087 = CARTESIAN_POINT('',(650.,-95.67670871353,69.872343065207));
#1088 = CARTESIAN_POINT('',(400.,-103.9999999999,73.111111111676));
#1089 = CARTESIAN_POINT('',(649.99999999999,-96.,66.936171834099));
#1090 = CARTESIAN_POINT('',(400.,-103.9999999999,69.333333334012));
#1091 = CARTESIAN_POINT('',(650.,-96.,64.));
#1092 = DEFINITIONAL_REPRESENTATION('',(#1093),#1097);
#1093 = LINE('',#1094,#1095);
#1094 = CARTESIAN_POINT('',(0.,0.));
#1095 = VECTOR('',#1096,1.);
#1096 = DIRECTION('',(1.,0.));
#1097 = ( GEOMETRIC_REPRESENTATION_CONTEXT(2) 
PARAMETRIC_REPRESENTATION_CONTEXT() REPRESENTATION_CONTEXT('2D SPACE',''
  ) );
#1098 = ORIENTED_EDGE('',*,*,#505,.F.);
#1099 = ADVANCED_FACE('',(#1100),#347,.T.);
#1100 = FACE_BOUND('',#1101,.T.);
#1101 = EDGE_LOOP('',(#1102,#1103,#1104,#1147));
#1102 = ORIENTED_EDGE('',*,*,#330,.F.);
#1103 = ORIENTED_EDGE('',*,*,#955,.T.);
#1104 = ORIENTED_EDGE('',*,*,#1105,.T.);
#1105 = EDGE_CURVE('',#918,#1106,#1108,.T.);
#1106 = VERTEX_POINT('',#1107);
#1107 = CARTESIAN_POINT('',(400.,91.99999997794,-104.));
#1108 = SURFACE_CURVE('',#1109,(#1114,#1121),.PCURVE_S1.);
#1109 = CIRCLE('',#1110,12.);
#1110 = AXIS2_PLACEMENT_3D('',#1111,#1112,#1113);
#1111 = CARTESIAN_POINT('',(400.,91.99999997794,-92.));
#1112 = DIRECTION('',(-1.,0.,-1.110223024625E-16));
#1113 = DIRECTION('',(-1.110223024625E-16,0.,1.));
#1114 = PCURVE('',#347,#1115);
#1115 = DEFINITIONAL_REPRESENTATION('',(#1116),#1120);
#1116 = LINE('',#1117,#1118);
#1117 = CARTESIAN_POINT('',(6.28318530718,736.7));
#1118 = VECTOR('',#1119,1.);
#1119 = DIRECTION('',(-1.,0.));
#1120 = ( GEOMETRIC_REPRESENTATION_CONTEXT(2) 
PARAMETRIC_REPRESENTATION_CONTEXT() REPRESENTATION_CONTEXT('2D SPACE',''
  ) );
#1121 = PCURVE('',#1122,#1141);
#1122 = B_SPLINE_SURFACE_WITH_KNOTS('',8,1,(
    (#1123,#1124)
    ,(#1125,#1126)
    ,(#1127,#1128)
    ,(#1129,#1130)
    ,(#1131,#1132)
    ,(#1133,#1134)
    ,(#1135,#1136)
    ,(#1137,#1138)
    ,(#1139,#1140
    )),.UNSPECIFIED.,.F.,.F.,.F.,(9,9),(2,2),(3.14159265359,
    4.712388980385),(0.,1.),.PIECEWISE_BEZIER_KNOTS.);
#1123 = CARTESIAN_POINT('',(400.,91.99999997794,-104.));
#1124 = CARTESIAN_POINT('',(650.,80.740508291188,-91.27187895948));
#1125 = CARTESIAN_POINT('',(399.99999999999,94.356194468131,
    -103.9999999999));
#1126 = CARTESIAN_POINT('',(650.,82.341817194505,-90.28893513588));
#1127 = CARTESIAN_POINT('',(400.00000000001,96.712389699994,
    -103.4712705324));
#1128 = CARTESIAN_POINT('',(649.99999999999,83.877166009924,
    -89.19853626573));
#1129 = CARTESIAN_POINT('',(399.99999999998,98.930158789954,
    -102.4138167904));
#1130 = CARTESIAN_POINT('',(649.99999999999,85.338142589346,
    -88.00584592336));
#1131 = CARTESIAN_POINT('',(400.00000000001,100.8711050473,
    -100.8711050693));
#1132 = CARTESIAN_POINT('',(650.,86.716818912482,-86.71681892743));
#1133 = CARTESIAN_POINT('',(399.99999999998,102.41381676839,
    -98.93015881201));
#1134 = CARTESIAN_POINT('',(650.,88.005845909004,-85.33814260485));
#1135 = CARTESIAN_POINT('',(400.,103.4712705104,-96.71238972205));
#1136 = CARTESIAN_POINT('',(649.99999999999,89.19853625201,
    -83.87716602595));
#1137 = CARTESIAN_POINT('',(399.99999999999,103.99999997793,
    -94.35619449019));
#1138 = CARTESIAN_POINT('',(650.,90.288935122824,-82.341817211));
#1139 = CARTESIAN_POINT('',(400.,103.99999997794,-92.));
#1140 = CARTESIAN_POINT('',(650.,91.271878947107,-80.74050830811));
#1141 = DEFINITIONAL_REPRESENTATION('',(#1142),#1146);
#1142 = LINE('',#1143,#1144);
#1143 = CARTESIAN_POINT('',(6.28318530718,0.));
#1144 = VECTOR('',#1145,1.);
#1145 = DIRECTION('',(-1.,0.));
#1146 = ( GEOMETRIC_REPRESENTATION_CONTEXT(2) 
PARAMETRIC_REPRESENTATION_CONTEXT() REPRESENTATION_CONTEXT('2D SPACE',''
  ) );
#1147 = ORIENTED_EDGE('',*,*,#1148,.F.);
#1148 = EDGE_CURVE('',#331,#1106,#1149,.T.);
#1149 = SURFACE_CURVE('',#1150,(#1153,#1159),.PCURVE_S1.);
#1150 = B_SPLINE_CURVE_WITH_KNOTS('',1,(#1151,#1152),.UNSPECIFIED.,.F.,
  .F.,(2,2),(0.,1.),.PIECEWISE_BEZIER_KNOTS.);
#1151 = CARTESIAN_POINT('',(-336.7,91.99999997794,-104.));
#1152 = CARTESIAN_POINT('',(400.,91.99999997794,-104.));
#1153 = PCURVE('',#347,#1154);
#1154 = DEFINITIONAL_REPRESENTATION('',(#1155),#1158);
#1155 = B_SPLINE_CURVE_WITH_KNOTS('',1,(#1156,#1157),.UNSPECIFIED.,.F.,
  .F.,(2,2),(0.,1.),.PIECEWISE_BEZIER_KNOTS.);
#1156 = CARTESIAN_POINT('',(3.14159265359,0.));
#1157 = CARTESIAN_POINT('',(3.14159265359,736.7));
#1158 = ( GEOMETRIC_REPRESENTATION_CONTEXT(2) 
PARAMETRIC_REPRESENTATION_CONTEXT() REPRESENTATION_CONTEXT('2D SPACE',''
  ) );
#1159 = PCURVE('',#375,#1160);
#1160 = DEFINITIONAL_REPRESENTATION('',(#1161),#1164);
#1161 = B_SPLINE_CURVE_WITH_KNOTS('',1,(#1162,#1163),.UNSPECIFIED.,.F.,
  .F.,(2,2),(0.,1.),.PIECEWISE_BEZIER_KNOTS.);
#1162 = CARTESIAN_POINT('',(91.999999977937,-736.7));
#1163 = CARTESIAN_POINT('',(91.999999977937,0.));
#1164 = ( GEOMETRIC_REPRESENTATION_CONTEXT(2) 
PARAMETRIC_REPRESENTATION_CONTEXT() REPRESENTATION_CONTEXT('2D SPACE',''
  ) );
#1165 = ADVANCED_FACE('',(#1166),#404,.T.);
#1166 = FACE_BOUND('',#1167,.T.);
#1167 = EDGE_LOOP('',(#1168,#1169,#1189,#1230));
#1168 = ORIENTED_EDGE('',*,*,#387,.F.);
#1169 = ORIENTED_EDGE('',*,*,#1170,.T.);
#1170 = EDGE_CURVE('',#360,#1171,#1173,.T.);
#1171 = VERTEX_POINT('',#1172);
#1172 = CARTESIAN_POINT('',(400.,-91.99999999999,-103.9999999889));
#1173 = SURFACE_CURVE('',#1174,(#1177,#1183),.PCURVE_S1.);
#1174 = B_SPLINE_CURVE_WITH_KNOTS('',1,(#1175,#1176),.UNSPECIFIED.,.F.,
  .F.,(2,2),(0.,1.),.PIECEWISE_BEZIER_KNOTS.);
#1175 = CARTESIAN_POINT('',(-336.7,-91.99999999999,-103.9999999889));
#1176 = CARTESIAN_POINT('',(400.,-91.99999999999,-103.9999999889));
#1177 = PCURVE('',#404,#1178);
#1178 = DEFINITIONAL_REPRESENTATION('',(#1179),#1182);
#1179 = B_SPLINE_CURVE_WITH_KNOTS('',1,(#1180,#1181),.UNSPECIFIED.,.F.,
  .F.,(2,2),(0.,1.),.PIECEWISE_BEZIER_KNOTS.);
#1180 = CARTESIAN_POINT('',(3.14159265359,0.));
#1181 = CARTESIAN_POINT('',(3.14159265359,736.7));
#1182 = ( GEOMETRIC_REPRESENTATION_CONTEXT(2) 
PARAMETRIC_REPRESENTATION_CONTEXT() REPRESENTATION_CONTEXT('2D SPACE',''
  ) );
#1183 = PCURVE('',#375,#1184);
#1184 = DEFINITIONAL_REPRESENTATION('',(#1185),#1188);
#1185 = B_SPLINE_CURVE_WITH_KNOTS('',1,(#1186,#1187),.UNSPECIFIED.,.F.,
  .F.,(2,2),(0.,1.),.PIECEWISE_BEZIER_KNOTS.);
#1186 = CARTESIAN_POINT('',(-92.,-736.7));
#1187 = CARTESIAN_POINT('',(-92.,0.));
#1188 = ( GEOMETRIC_REPRESENTATION_CONTEXT(2) 
PARAMETRIC_REPRESENTATION_CONTEXT() REPRESENTATION_CONTEXT('2D SPACE',''
  ) );
#1189 = ORIENTED_EDGE('',*,*,#1190,.T.);
#1190 = EDGE_CURVE('',#1171,#978,#1191,.T.);
#1191 = SURFACE_CURVE('',#1192,(#1197,#1204),.PCURVE_S1.);
#1192 = CIRCLE('',#1193,12.);
#1193 = AXIS2_PLACEMENT_3D('',#1194,#1195,#1196);
#1194 = CARTESIAN_POINT('',(400.,-91.99999999999,-91.99999997793));
#1195 = DIRECTION('',(-1.,0.,-1.110223024625E-16));
#1196 = DIRECTION('',(-1.110223024625E-16,0.,1.));
#1197 = PCURVE('',#404,#1198);
#1198 = DEFINITIONAL_REPRESENTATION('',(#1199),#1203);
#1199 = LINE('',#1200,#1201);
#1200 = CARTESIAN_POINT('',(6.28318530718,736.7));
#1201 = VECTOR('',#1202,1.);
#1202 = DIRECTION('',(-1.,0.));
#1203 = ( GEOMETRIC_REPRESENTATION_CONTEXT(2) 
PARAMETRIC_REPRESENTATION_CONTEXT() REPRESENTATION_CONTEXT('2D SPACE',''
  ) );
#1204 = PCURVE('',#1205,#1224);
#1205 = B_SPLINE_SURFACE_WITH_KNOTS('',8,1,(
    (#1206,#1207)
    ,(#1208,#1209)
    ,(#1210,#1211)
    ,(#1212,#1213)
    ,(#1214,#1215)
    ,(#1216,#1217)
    ,(#1218,#1219)
    ,(#1220,#1221)
    ,(#1222,#1223
    )),.UNSPECIFIED.,.F.,.F.,.F.,(9,9),(2,2),(1.570796326795,
    3.14159265359),(0.,1.),.PIECEWISE_BEZIER_KNOTS.);
#1206 = CARTESIAN_POINT('',(400.,-103.9999999999,-91.99999997793));
#1207 = CARTESIAN_POINT('',(650.,-91.27187895819,-80.74050829327));
#1208 = CARTESIAN_POINT('',(399.99999999999,-103.9999999999,
    -94.35619446812));
#1209 = CARTESIAN_POINT('',(650.,-90.28893513446,-82.34181719655));
#1210 = CARTESIAN_POINT('',(400.,-103.4712705324,-96.71238969999));
#1211 = CARTESIAN_POINT('',(649.99999999999,-89.19853626416,
    -83.87716601191));
#1212 = CARTESIAN_POINT('',(399.99999999999,-102.4138167904,
    -98.93015878995));
#1213 = CARTESIAN_POINT('',(649.99999999999,-88.00584592165,
    -85.33814259127));
#1214 = CARTESIAN_POINT('',(400.,-100.8711050693,-100.8711050472));
#1215 = CARTESIAN_POINT('',(650.,-86.71681892558,-86.71681891434));
#1216 = CARTESIAN_POINT('',(399.99999999999,-98.93015881201,
    -102.4138167683));
#1217 = CARTESIAN_POINT('',(650.,-85.33814260287,-88.00584591077));
#1218 = CARTESIAN_POINT('',(399.99999999999,-96.71238972204,
    -103.4712705104));
#1219 = CARTESIAN_POINT('',(649.99999999999,-83.87716602383,
    -89.19853625368));
#1220 = CARTESIAN_POINT('',(400.,-94.35619449019,-103.9999999779));
#1221 = CARTESIAN_POINT('',(650.,-82.34181720875,-90.28893512439));
#1222 = CARTESIAN_POINT('',(400.,-91.99999999999,-103.9999999779));
#1223 = CARTESIAN_POINT('',(650.,-80.74050830574,-91.27187894855));
#1224 = DEFINITIONAL_REPRESENTATION('',(#1225),#1229);
#1225 = LINE('',#1226,#1227);
#1226 = CARTESIAN_POINT('',(6.28318530718,0.));
#1227 = VECTOR('',#1228,1.);
#1228 = DIRECTION('',(-1.,0.));
#1229 = ( GEOMETRIC_REPRESENTATION_CONTEXT(2) 
PARAMETRIC_REPRESENTATION_CONTEXT() REPRESENTATION_CONTEXT('2D SPACE',''
  ) );
#1230 = ORIENTED_EDGE('',*,*,#977,.F.);
#1231 = ADVANCED_FACE('',(#1232),#375,.T.);
#1232 = FACE_BOUND('',#1233,.T.);
#1233 = EDGE_LOOP('',(#1234,#1235,#1236,#1274,#1302,#1338));
#1234 = ORIENTED_EDGE('',*,*,#359,.T.);
#1235 = ORIENTED_EDGE('',*,*,#1148,.T.);
#1236 = ORIENTED_EDGE('',*,*,#1237,.F.);
#1237 = EDGE_CURVE('',#1238,#1106,#1240,.T.);
#1238 = VERTEX_POINT('',#1239);
#1239 = CARTESIAN_POINT('',(400.,69.333333327015,-104.));
#1240 = SURFACE_CURVE('',#1241,(#1245,#1252),.PCURVE_S1.);
#1241 = LINE('',#1242,#1243);
#1242 = CARTESIAN_POINT('',(400.,2.650324404385E-12,-104.));
#1243 = VECTOR('',#1244,1.);
#1244 = DIRECTION('',(0.,1.,0.));
#1245 = PCURVE('',#375,#1246);
#1246 = DEFINITIONAL_REPRESENTATION('',(#1247),#1251);
#1247 = LINE('',#1248,#1249);
#1248 = CARTESIAN_POINT('',(0.,0.));
#1249 = VECTOR('',#1250,1.);
#1250 = DIRECTION('',(1.,0.));
#1251 = ( GEOMETRIC_REPRESENTATION_CONTEXT(2) 
PARAMETRIC_REPRESENTATION_CONTEXT() REPRESENTATION_CONTEXT('2D SPACE',''
  ) );
#1252 = PCURVE('',#1253,#1268);
#1253 = B_SPLINE_SURFACE_WITH_KNOTS('',6,1,(
    (#1254,#1255)
    ,(#1256,#1257)
    ,(#1258,#1259)
    ,(#1260,#1261)
    ,(#1262,#1263)
    ,(#1264,#1265)
    ,(#1266,#1267
    )),.UNSPECIFIED.,.F.,.F.,.F.,(7,7),(2,2),(69.333333327012,
    91.999999977937),(0.,1.),.PIECEWISE_BEZIER_KNOTS.);
#1254 = CARTESIAN_POINT('',(400.,69.333333327015,-104.));
#1255 = CARTESIAN_POINT('',(650.,63.999999994858,-96.));
#1256 = CARTESIAN_POINT('',(400.,73.111111102169,-104.));
#1257 = CARTESIAN_POINT('',(650.,66.936171827209,-96.));
#1258 = CARTESIAN_POINT('',(400.,76.888888877323,-104.));
#1259 = CARTESIAN_POINT('',(649.99999999999,69.872343056568,
    -95.67670871392));
#1260 = CARTESIAN_POINT('',(400.,80.666666652477,-104.));
#1261 = CARTESIAN_POINT('',(650.,72.764022264534,-95.03012512948));
#1262 = CARTESIAN_POINT('',(400.,84.444444427631,-104.));
#1263 = CARTESIAN_POINT('',(650.,75.566699239806,-94.06841792575));
#1264 = CARTESIAN_POINT('',(400.,88.222222202785,-104.));
#1265 = CARTESIAN_POINT('',(649.99999999999,78.238166953185,
    -92.80791048819));
#1266 = CARTESIAN_POINT('',(400.,91.99999997794,-104.));
#1267 = CARTESIAN_POINT('',(650.,80.740508291188,-91.27187895948));
#1268 = DEFINITIONAL_REPRESENTATION('',(#1269),#1273);
#1269 = LINE('',#1270,#1271);
#1270 = CARTESIAN_POINT('',(0.,0.));
#1271 = VECTOR('',#1272,1.);
#1272 = DIRECTION('',(1.,0.));
#1273 = ( GEOMETRIC_REPRESENTATION_CONTEXT(2) 
PARAMETRIC_REPRESENTATION_CONTEXT() REPRESENTATION_CONTEXT('2D SPACE',''
  ) );
#1274 = ORIENTED_EDGE('',*,*,#1275,.T.);
#1275 = EDGE_CURVE('',#1238,#1276,#1278,.T.);
#1276 = VERTEX_POINT('',#1277);
#1277 = CARTESIAN_POINT('',(400.,-69.33333333876,-104.));
#1278 = SURFACE_CURVE('',#1279,(#1283,#1290),.PCURVE_S1.);
#1279 = LINE('',#1280,#1281);
#1280 = CARTESIAN_POINT('',(400.,69.333333327015,-104.));
#1281 = VECTOR('',#1282,1.);
#1282 = DIRECTION('',(0.,-1.,0.));
#1283 = PCURVE('',#375,#1284);
#1284 = DEFINITIONAL_REPRESENTATION('',(#1285),#1289);
#1285 = LINE('',#1286,#1287);
#1286 = CARTESIAN_POINT('',(69.333333327012,0.));
#1287 = VECTOR('',#1288,1.);
#1288 = DIRECTION('',(-1.,0.));
#1289 = ( GEOMETRIC_REPRESENTATION_CONTEXT(2) 
PARAMETRIC_REPRESENTATION_CONTEXT() REPRESENTATION_CONTEXT('2D SPACE',''
  ) );
#1290 = PCURVE('',#1291,#1296);
#1291 = PLANE('',#1292);
#1292 = AXIS2_PLACEMENT_3D('',#1293,#1294,#1295);
#1293 = CARTESIAN_POINT('',(525.,-33.33333333573,-100.));
#1294 = DIRECTION('',(3.198362857218E-02,-2.851451713637E-17,
    -0.999488392881));
#1295 = DIRECTION('',(-1.147030710466E-02,0.999934146496,
    -3.670498273491E-04));
#1296 = DEFINITIONAL_REPRESENTATION('',(#1297),#1301);
#1297 = LINE('',#1298,#1299);
#1298 = CARTESIAN_POINT('',(104.09516229042,-123.8775267406));
#1299 = VECTOR('',#1300,1.);
#1300 = DIRECTION('',(-0.999934146496,-1.147617839923E-02));
#1301 = ( GEOMETRIC_REPRESENTATION_CONTEXT(2) 
PARAMETRIC_REPRESENTATION_CONTEXT() REPRESENTATION_CONTEXT('2D SPACE',''
  ) );
#1302 = ORIENTED_EDGE('',*,*,#1303,.F.);
#1303 = EDGE_CURVE('',#1171,#1276,#1304,.T.);
#1304 = SURFACE_CURVE('',#1305,(#1309,#1316),.PCURVE_S1.);
#1305 = LINE('',#1306,#1307);
#1306 = CARTESIAN_POINT('',(400.,2.650324404385E-12,-104.));
#1307 = VECTOR('',#1308,1.);
#1308 = DIRECTION('',(0.,1.,0.));
#1309 = PCURVE('',#375,#1310);
#1310 = DEFINITIONAL_REPRESENTATION('',(#1311),#1315);
#1311 = LINE('',#1312,#1313);
#1312 = CARTESIAN_POINT('',(0.,0.));
#1313 = VECTOR('',#1314,1.);
#1314 = DIRECTION('',(1.,0.));
#1315 = ( GEOMETRIC_REPRESENTATION_CONTEXT(2) 
PARAMETRIC_REPRESENTATION_CONTEXT() REPRESENTATION_CONTEXT('2D SPACE',''
  ) );
#1316 = PCURVE('',#1317,#1332);
#1317 = B_SPLINE_SURFACE_WITH_KNOTS('',6,1,(
    (#1318,#1319)
    ,(#1320,#1321)
    ,(#1322,#1323)
    ,(#1324,#1325)
    ,(#1326,#1327)
    ,(#1328,#1329)
    ,(#1330,#1331
    )),.UNSPECIFIED.,.F.,.F.,.F.,(7,7),(2,2),(-92.,-69.33333333877),(0.,
    1.),.PIECEWISE_BEZIER_KNOTS.);
#1318 = CARTESIAN_POINT('',(400.,-91.99999999999,-104.));
#1319 = CARTESIAN_POINT('',(650.,-80.74050830574,-91.27187894855));
#1320 = CARTESIAN_POINT('',(400.,-88.22222222312,-104.));
#1321 = CARTESIAN_POINT('',(650.,-78.2381669667,-92.8079104791));
#1322 = CARTESIAN_POINT('',(400.,-84.44444444625,-104.));
#1323 = CARTESIAN_POINT('',(649.99999999999,-75.56669925197,
    -94.0684179182));
#1324 = CARTESIAN_POINT('',(400.,-80.66666666938,-104.));
#1325 = CARTESIAN_POINT('',(650.,-72.76402227511,-95.03012512313));
#1326 = CARTESIAN_POINT('',(400.,-76.88888889251,-104.));
#1327 = CARTESIAN_POINT('',(649.99999999999,-69.87234306539,
    -95.67670870837));
#1328 = CARTESIAN_POINT('',(400.,-73.11111111564,-104.));
#1329 = CARTESIAN_POINT('',(650.,-66.93617183419,-95.99999999485));
#1330 = CARTESIAN_POINT('',(400.,-69.33333333876,-104.));
#1331 = CARTESIAN_POINT('',(650.,-64.,-95.99999999485));
#1332 = DEFINITIONAL_REPRESENTATION('',(#1333),#1337);
#1333 = LINE('',#1334,#1335);
#1334 = CARTESIAN_POINT('',(0.,0.));
#1335 = VECTOR('',#1336,1.);
#1336 = DIRECTION('',(1.,0.));
#1337 = ( GEOMETRIC_REPRESENTATION_CONTEXT(2) 
PARAMETRIC_REPRESENTATION_CONTEXT() REPRESENTATION_CONTEXT('2D SPACE',''
  ) );
#1338 = ORIENTED_EDGE('',*,*,#1170,.F.);
#1339 = ADVANCED_FACE('',(#1340),#489,.F.);
#1340 = FACE_BOUND('',#1341,.F.);
#1341 = EDGE_LOOP('',(#1342,#1343,#1363,#1390));
#1342 = ORIENTED_EDGE('',*,*,#468,.T.);
#1343 = ORIENTED_EDGE('',*,*,#1344,.T.);
#1344 = EDGE_CURVE('',#469,#1345,#1347,.T.);
#1345 = VERTEX_POINT('',#1346);
#1346 = CARTESIAN_POINT('',(-266.7,0.,-64.48));
#1347 = SEAM_CURVE('',#1348,(#1351,#1357),.PCURVE_S1.);
#1348 = B_SPLINE_CURVE_WITH_KNOTS('',1,(#1349,#1350),.UNSPECIFIED.,.F.,
  .F.,(2,2),(0.,1.),.PIECEWISE_BEZIER_KNOTS.);
#1349 = CARTESIAN_POINT('',(-337.7,0.,-64.48));
#1350 = CARTESIAN_POINT('',(-266.7,0.,-64.48));
#1351 = PCURVE('',#489,#1352);
#1352 = DEFINITIONAL_REPRESENTATION('',(#1353),#1356);
#1353 = B_SPLINE_CURVE_WITH_KNOTS('',1,(#1354,#1355),.UNSPECIFIED.,.F.,
  .F.,(2,2),(0.,1.),.PIECEWISE_BEZIER_KNOTS.);
#1354 = CARTESIAN_POINT('',(0.,0.));
#1355 = CARTESIAN_POINT('',(0.,71.));
#1356 = ( GEOMETRIC_REPRESENTATION_CONTEXT(2) 
PARAMETRIC_REPRESENTATION_CONTEXT() REPRESENTATION_CONTEXT('2D SPACE',''
  ) );
#1357 = PCURVE('',#489,#1358);
#1358 = DEFINITIONAL_REPRESENTATION('',(#1359),#1362);
#1359 = B_SPLINE_CURVE_WITH_KNOTS('',1,(#1360,#1361),.UNSPECIFIED.,.F.,
  .F.,(2,2),(0.,1.),.PIECEWISE_BEZIER_KNOTS.);
#1360 = CARTESIAN_POINT('',(6.28318530718,0.));
#1361 = CARTESIAN_POINT('',(6.28318530718,71.));
#1362 = ( GEOMETRIC_REPRESENTATION_CONTEXT(2) 
PARAMETRIC_REPRESENTATION_CONTEXT() REPRESENTATION_CONTEXT('2D SPACE',''
  ) );
#1363 = ORIENTED_EDGE('',*,*,#1364,.F.);
#1364 = EDGE_CURVE('',#1345,#1345,#1365,.T.);
#1365 = SURFACE_CURVE('',#1366,(#1371,#1378),.PCURVE_S1.);
#1366 = CIRCLE('',#1367,64.48);
#1367 = AXIS2_PLACEMENT_3D('',#1368,#1369,#1370);
#1368 = CARTESIAN_POINT('',(-266.7,0.,0.));
#1369 = DIRECTION('',(1.,-0.,1.110223024625E-16));
#1370 = DIRECTION('',(1.110223024625E-16,0.,-1.));
#1371 = PCURVE('',#489,#1372);
#1372 = DEFINITIONAL_REPRESENTATION('',(#1373),#1377);
#1373 = LINE('',#1374,#1375);
#1374 = CARTESIAN_POINT('',(0.,71.));
#1375 = VECTOR('',#1376,1.);
#1376 = DIRECTION('',(1.,0.));
#1377 = ( GEOMETRIC_REPRESENTATION_CONTEXT(2) 
PARAMETRIC_REPRESENTATION_CONTEXT() REPRESENTATION_CONTEXT('2D SPACE',''
  ) );
#1378 = PCURVE('',#1379,#1384);
#1379 = PLANE('',#1380);
#1380 = AXIS2_PLACEMENT_3D('',#1381,#1382,#1383);
#1381 = CARTESIAN_POINT('',(-266.7,0.,0.));
#1382 = DIRECTION('',(1.,-0.,1.110223024625E-16));
#1383 = DIRECTION('',(1.110223024625E-16,0.,-1.));
#1384 = DEFINITIONAL_REPRESENTATION('',(#1385),#1389);
#1385 = CIRCLE('',#1386,64.48);
#1386 = AXIS2_PLACEMENT_2D('',#1387,#1388);
#1387 = CARTESIAN_POINT('',(0.,0.));
#1388 = DIRECTION('',(1.,0.));
#1389 = ( GEOMETRIC_REPRESENTATION_CONTEXT(2) 
PARAMETRIC_REPRESENTATION_CONTEXT() REPRESENTATION_CONTEXT('2D SPACE',''
  ) );
#1390 = ORIENTED_EDGE('',*,*,#1344,.F.);
#1391 = ADVANCED_FACE('',(#1392),#540,.T.);
#1392 = FACE_BOUND('',#1393,.T.);
#1393 = EDGE_LOOP('',(#1394,#1395,#1417,#1453));
#1394 = ORIENTED_EDGE('',*,*,#525,.F.);
#1395 = ORIENTED_EDGE('',*,*,#1396,.T.);
#1396 = EDGE_CURVE('',#506,#1397,#1399,.T.);
#1397 = VERTEX_POINT('',#1398);
#1398 = CARTESIAN_POINT('',(650.,-91.27187895399,80.74050830527));
#1399 = SURFACE_CURVE('',#1400,(#1403,#1410),.PCURVE_S1.);
#1400 = B_SPLINE_CURVE_WITH_KNOTS('',1,(#1401,#1402),.UNSPECIFIED.,.F.,
  .F.,(2,2),(0.,1.),.PIECEWISE_BEZIER_KNOTS.);
#1401 = CARTESIAN_POINT('',(400.,-104.,92.));
#1402 = CARTESIAN_POINT('',(650.,-91.27187895399,80.74050830527));
#1403 = PCURVE('',#540,#1404);
#1404 = DEFINITIONAL_REPRESENTATION('',(#1405),#1409);
#1405 = LINE('',#1406,#1407);
#1406 = CARTESIAN_POINT('',(1.570796326795,0.));
#1407 = VECTOR('',#1408,1.);
#1408 = DIRECTION('',(0.,1.));
#1409 = ( GEOMETRIC_REPRESENTATION_CONTEXT(2) 
PARAMETRIC_REPRESENTATION_CONTEXT() REPRESENTATION_CONTEXT('2D SPACE',''
  ) );
#1410 = PCURVE('',#1077,#1411);
#1411 = DEFINITIONAL_REPRESENTATION('',(#1412),#1416);
#1412 = LINE('',#1413,#1414);
#1413 = CARTESIAN_POINT('',(-92.,0.));
#1414 = VECTOR('',#1415,1.);
#1415 = DIRECTION('',(0.,1.));
#1416 = ( GEOMETRIC_REPRESENTATION_CONTEXT(2) 
PARAMETRIC_REPRESENTATION_CONTEXT() REPRESENTATION_CONTEXT('2D SPACE',''
  ) );
#1417 = ORIENTED_EDGE('',*,*,#1418,.F.);
#1418 = EDGE_CURVE('',#572,#1397,#1419,.T.);
#1419 = SURFACE_CURVE('',#1420,(#1425,#1431),.PCURVE_S1.);
#1420 = CIRCLE('',#1421,32.);
#1421 = AXIS2_PLACEMENT_3D('',#1422,#1423,#1424);
#1422 = CARTESIAN_POINT('',(650.,-64.,64.));
#1423 = DIRECTION('',(1.,-0.,1.110223024625E-16));
#1424 = DIRECTION('',(1.110223024625E-16,0.,-1.));
#1425 = PCURVE('',#540,#1426);
#1426 = DEFINITIONAL_REPRESENTATION('',(#1427),#1430);
#1427 = B_SPLINE_CURVE_WITH_KNOTS('',1,(#1428,#1429),.UNSPECIFIED.,.F.,
  .F.,(2,2),(3.692124872482,4.161856761491),.PIECEWISE_BEZIER_KNOTS.);
#1428 = CARTESIAN_POINT('',(0.,1.));
#1429 = CARTESIAN_POINT('',(1.570796326795,1.));
#1430 = ( GEOMETRIC_REPRESENTATION_CONTEXT(2) 
PARAMETRIC_REPRESENTATION_CONTEXT() REPRESENTATION_CONTEXT('2D SPACE',''
  ) );
#1431 = PCURVE('',#1432,#1447);
#1432 = B_SPLINE_SURFACE_WITH_KNOTS('',6,1,(
    (#1433,#1434)
    ,(#1435,#1436)
    ,(#1437,#1438)
    ,(#1439,#1440)
    ,(#1441,#1442)
    ,(#1443,#1444)
    ,(#1445,#1446
    )),.UNSPECIFIED.,.F.,.F.,.F.,(7,7),(2,2),(3.692124872482,
    4.161856761491),(0.,1.),.PIECEWISE_BEZIER_KNOTS.);
#1433 = CARTESIAN_POINT('',(650.,-80.74050830523,91.271878954013));
#1434 = CARTESIAN_POINT('',(850.,-56.98135386927,64.413704374335));
#1435 = CARTESIAN_POINT('',(650.,-82.87558684155,89.961287189148));
#1436 = CARTESIAN_POINT('',(850.,-58.29428042662,63.25226934284));
#1437 = CARTESIAN_POINT('',(650.,-84.88753988051,88.450112670936));
#1438 = CARTESIAN_POINT('',(850.,-59.57879914094,62.058721096986));
#1439 = CARTESIAN_POINT('',(649.99999999999,-86.75281340747,
    86.7528134075));
#1440 = CARTESIAN_POINT('',(850.,-60.83392815972,60.833928159842));
#1441 = CARTESIAN_POINT('',(650.,-88.45011267091,84.887539880543));
#1442 = CARTESIAN_POINT('',(850.,-62.05872109687,59.578799141055));
#1443 = CARTESIAN_POINT('',(649.99999999999,-89.96128718912,
    82.875586841585));
#1444 = CARTESIAN_POINT('',(850.,-63.25226934273,58.294280426744));
#1445 = CARTESIAN_POINT('',(650.,-91.27187895399,80.74050830527));
#1446 = CARTESIAN_POINT('',(850.,-64.41370437423,56.981353869396));
#1447 = DEFINITIONAL_REPRESENTATION('',(#1448),#1452);
#1448 = LINE('',#1449,#1450);
#1449 = CARTESIAN_POINT('',(0.,0.));
#1450 = VECTOR('',#1451,1.);
#1451 = DIRECTION('',(1.,0.));
#1452 = ( GEOMETRIC_REPRESENTATION_CONTEXT(2) 
PARAMETRIC_REPRESENTATION_CONTEXT() REPRESENTATION_CONTEXT('2D SPACE',''
  ) );
#1453 = ORIENTED_EDGE('',*,*,#571,.F.);
#1454 = ADVANCED_FACE('',(#1455),#609,.T.);
#1455 = FACE_BOUND('',#1456,.T.);
#1456 = EDGE_LOOP('',(#1457,#1479,#1480,#1502));
#1457 = ORIENTED_EDGE('',*,*,#1458,.F.);
#1458 = EDGE_CURVE('',#594,#1459,#1461,.T.);
#1459 = VERTEX_POINT('',#1460);
#1460 = CARTESIAN_POINT('',(656.56758604428,-63.46488021084,
    95.19732031628));
#1461 = SURFACE_CURVE('',#1462,(#1465,#1472),.PCURVE_S1.);
#1462 = B_SPLINE_CURVE_WITH_KNOTS('',1,(#1463,#1464),.UNSPECIFIED.,.F.,
  .F.,(2,2),(0.,1.),.PIECEWISE_BEZIER_KNOTS.);
#1463 = CARTESIAN_POINT('',(650.,-64.,96.));
#1464 = CARTESIAN_POINT('',(850.,-47.70421687516,71.556325313194));
#1465 = PCURVE('',#609,#1466);
#1466 = DEFINITIONAL_REPRESENTATION('',(#1467),#1471);
#1467 = LINE('',#1468,#1469);
#1468 = CARTESIAN_POINT('',(3.14159265359,0.));
#1469 = VECTOR('',#1470,1.);
#1470 = DIRECTION('',(0.,1.));
#1471 = ( GEOMETRIC_REPRESENTATION_CONTEXT(2) 
PARAMETRIC_REPRESENTATION_CONTEXT() REPRESENTATION_CONTEXT('2D SPACE',''
  ) );
#1472 = PCURVE('',#671,#1473);
#1473 = DEFINITIONAL_REPRESENTATION('',(#1474),#1478);
#1474 = LINE('',#1475,#1476);
#1475 = CARTESIAN_POINT('',(64.,0.));
#1476 = VECTOR('',#1477,1.);
#1477 = DIRECTION('',(0.,1.));
#1478 = ( GEOMETRIC_REPRESENTATION_CONTEXT(2) 
PARAMETRIC_REPRESENTATION_CONTEXT() REPRESENTATION_CONTEXT('2D SPACE',''
  ) );
#1479 = ORIENTED_EDGE('',*,*,#593,.T.);
#1480 = ORIENTED_EDGE('',*,*,#1481,.T.);
#1481 = EDGE_CURVE('',#572,#1482,#1484,.T.);
#1482 = VERTEX_POINT('',#1483);
#1483 = CARTESIAN_POINT('',(656.08199552568,-80.01799295036,
    90.455122465905));
#1484 = SURFACE_CURVE('',#1485,(#1488,#1495),.PCURVE_S1.);
#1485 = B_SPLINE_CURVE_WITH_KNOTS('',1,(#1486,#1487),.UNSPECIFIED.,.F.,
  .F.,(2,2),(0.,1.),.PIECEWISE_BEZIER_KNOTS.);
#1486 = CARTESIAN_POINT('',(650.,-80.74050830523,91.271878954013));
#1487 = CARTESIAN_POINT('',(850.,-56.98135386927,64.413704374335));
#1488 = PCURVE('',#609,#1489);
#1489 = DEFINITIONAL_REPRESENTATION('',(#1490),#1494);
#1490 = LINE('',#1491,#1492);
#1491 = CARTESIAN_POINT('',(3.692124872482,0.));
#1492 = VECTOR('',#1493,1.);
#1493 = DIRECTION('',(0.,1.));
#1494 = ( GEOMETRIC_REPRESENTATION_CONTEXT(2) 
PARAMETRIC_REPRESENTATION_CONTEXT() REPRESENTATION_CONTEXT('2D SPACE',''
  ) );
#1495 = PCURVE('',#1432,#1496);
#1496 = DEFINITIONAL_REPRESENTATION('',(#1497),#1501);
#1497 = LINE('',#1498,#1499);
#1498 = CARTESIAN_POINT('',(3.692124872482,0.));
#1499 = VECTOR('',#1500,1.);
#1500 = DIRECTION('',(0.,1.));
#1501 = ( GEOMETRIC_REPRESENTATION_CONTEXT(2) 
PARAMETRIC_REPRESENTATION_CONTEXT() REPRESENTATION_CONTEXT('2D SPACE',''
  ) );
#1502 = ORIENTED_EDGE('',*,*,#1503,.T.);
#1503 = EDGE_CURVE('',#1482,#1459,#1504,.T.);
#1504 = SURFACE_CURVE('',#1505,(#1532,#1562),.PCURVE_S1.);
#1505 = B_SPLINE_CURVE_WITH_KNOTS('',5,(#1506,#1507,#1508,#1509,#1510,
    #1511,#1512,#1513,#1514,#1515,#1516,#1517,#1518,#1519,#1520,#1521,
    #1522,#1523,#1524,#1525,#1526,#1527,#1528,#1529,#1530,#1531),
  .UNSPECIFIED.,.F.,.F.,(6,4,4,4,4,4,6),(0.,0.176877333306,
    0.353343278715,0.529657958018,0.706538066812,0.850641621215,1.),
  .UNSPECIFIED.);
#1506 = CARTESIAN_POINT('',(656.08199552568,-80.01799295036,
    90.455122465905));
#1507 = CARTESIAN_POINT('',(656.04187155462,-79.49337183563,
    90.788049553811));
#1508 = CARTESIAN_POINT('',(655.99923935594,-78.96103711312,
    91.108510174551));
#1509 = CARTESIAN_POINT('',(655.95483966755,-78.42126843701,
    91.416157767177));
#1510 = CARTESIAN_POINT('',(655.90958276853,-77.87434128892,
    91.710632592773));
#1511 = CARTESIAN_POINT('',(655.81968733655,-76.76799721412,
    92.271840772557));
#1512 = CARTESIAN_POINT('',(655.77504819114,-76.20861896357,
    92.538633654258));
#1513 = CARTESIAN_POINT('',(655.73177210982,-75.64265220868,
    92.791577071535));
#1514 = CARTESIAN_POINT('',(655.6911720317,-75.07039570991,
    93.030271097171));
#1515 = CARTESIAN_POINT('',(655.61849896109,-73.91448269042,
    93.478143279202));
#1516 = CARTESIAN_POINT('',(655.5864200081,-73.33085141316,
    93.687340644418));
#1517 = CARTESIAN_POINT('',(655.56014922956,-72.74162827991,
    93.881489977511));
#1518 = CARTESIAN_POINT('',(655.54152347241,-72.14728540157,
    94.060131458576));
#1519 = CARTESIAN_POINT('',(655.52381087717,-70.94771639612,
    94.386050546474));
#1520 = CARTESIAN_POINT('',(655.52478867023,-70.34248880575,
    94.533218218102));
#1521 = CARTESIAN_POINT('',(655.53776374655,-69.73341043538,
    94.663901674366));
#1522 = CARTESIAN_POINT('',(655.56521573232,-69.12146869437,
    94.777639532131));
#1523 = CARTESIAN_POINT('',(655.64609871723,-68.0082921365,
    94.952770261247));
#1524 = CARTESIAN_POINT('',(655.69377178312,-67.50757047561,
    95.019955226081));
#1525 = CARTESIAN_POINT('',(655.75422346789,-67.00664127498,
    95.075546465618));
#1526 = CARTESIAN_POINT('',(655.82893742333,-66.50652154106,
    95.119458837286));
#1527 = CARTESIAN_POINT('',(656.01281417272,-65.49225308705,
    95.185308346828));
#1528 = CARTESIAN_POINT('',(656.12313496801,-64.97824986388,
    95.206386709734));
#1529 = CARTESIAN_POINT('',(656.25164280908,-64.46788881292,
    95.215136991379));
#1530 = CARTESIAN_POINT('',(656.39958781969,-63.9628353069,
    95.211898409529));
#1531 = CARTESIAN_POINT('',(656.56758604428,-63.46488021084,
    95.19732031628));
#1532 = PCURVE('',#609,#1533);
#1533 = DEFINITIONAL_REPRESENTATION('',(#1534),#1561);
#1534 = B_SPLINE_CURVE_WITH_KNOTS('',5,(#1535,#1536,#1537,#1538,#1539,
    #1540,#1541,#1542,#1543,#1544,#1545,#1546,#1547,#1548,#1549,#1550,
    #1551,#1552,#1553,#1554,#1555,#1556,#1557,#1558,#1559,#1560),
  .UNSPECIFIED.,.F.,.F.,(6,4,4,4,4,4,6),(0.,0.176877333306,
    0.353343278715,0.529657958018,0.706538066812,0.850641621215,1.),
  .UNSPECIFIED.);
#1535 = CARTESIAN_POINT('',(3.692124872482,3.040997762841E-02));
#1536 = CARTESIAN_POINT('',(3.672464997461,3.020935777313E-02));
#1537 = CARTESIAN_POINT('',(3.652804878369,2.999619677971E-02));
#1538 = CARTESIAN_POINT('',(3.6331433784,2.977419833778E-02));
#1539 = CARTESIAN_POINT('',(3.613479341381,2.954791384268E-02));
#1540 = CARTESIAN_POINT('',(3.574189229609,2.90984366828E-02));
#1541 = CARTESIAN_POINT('',(3.554563408731,2.887524095574E-02));
#1542 = CARTESIAN_POINT('',(3.53493239239,2.86588605491E-02));
#1543 = CARTESIAN_POINT('',(3.515295954939,2.845586015853E-02));
#1544 = CARTESIAN_POINT('',(3.476031011933,2.809249480546E-02));
#1545 = CARTESIAN_POINT('',(3.456403023146,2.79321000405E-02));
#1546 = CARTESIAN_POINT('',(3.436771715638,2.78007461478E-02));
#1547 = CARTESIAN_POINT('',(3.41714223485,2.770761736206E-02));
#1548 = CARTESIAN_POINT('',(3.377843727834,2.761905438588E-02));
#1549 = CARTESIAN_POINT('',(3.358175667321,2.762394335118E-02));
#1550 = CARTESIAN_POINT('',(3.338529823826,2.768881873278E-02));
#1551 = CARTESIAN_POINT('',(3.318926617831,2.782607866162E-02));
#1552 = CARTESIAN_POINT('',(3.283487848478,2.823049358617E-02));
#1553 = CARTESIAN_POINT('',(3.267627731799,2.846885891562E-02));
#1554 = CARTESIAN_POINT('',(3.251835154842,2.877111733947E-02));
#1555 = CARTESIAN_POINT('',(3.236135389488,2.914468711666E-02));
#1556 = CARTESIAN_POINT('',(3.204418298957,3.006407086364E-02));
#1557 = CARTESIAN_POINT('',(3.188410023073,3.061567484009E-02));
#1558 = CARTESIAN_POINT('',(3.17257302525,3.125821404542E-02));
#1559 = CARTESIAN_POINT('',(3.156951228302,3.199793909848E-02));
#1560 = CARTESIAN_POINT('',(3.14159265359,3.283793022141E-02));
#1561 = ( GEOMETRIC_REPRESENTATION_CONTEXT(2) 
PARAMETRIC_REPRESENTATION_CONTEXT() REPRESENTATION_CONTEXT('2D SPACE',''
  ) );
#1562 = PCURVE('',#1563,#1594);
#1563 = B_SPLINE_SURFACE_WITH_KNOTS('',14,1,(
    (#1564,#1565)
    ,(#1566,#1567)
    ,(#1568,#1569)
    ,(#1570,#1571)
    ,(#1572,#1573)
    ,(#1574,#1575)
    ,(#1576,#1577)
    ,(#1578,#1579)
    ,(#1580,#1581)
    ,(#1582,#1583)
    ,(#1584,#1585)
    ,(#1586,#1587)
    ,(#1588,#1589)
    ,(#1590,#1591)
    ,(#1592,#1593
    )),.UNSPECIFIED.,.T.,.F.,.F.,(15,15),(2,2),(0.,6.28318530718),(0.,1.
    ),.PIECEWISE_BEZIER_KNOTS.);
#1564 = CARTESIAN_POINT('',(620.,-53.74011537017,86.267027304759));
#1565 = CARTESIAN_POINT('',(790.,-45.25483399593,104.6518036156));
#1566 = CARTESIAN_POINT('',(620.,-60.08709099611,92.6140029307));
#1567 = CARTESIAN_POINT('',(790.00000000006,-52.87120474706,
    112.26817436674));
#1568 = CARTESIAN_POINT('',(620.00000000002,-69.96184612694,
    95.433203737435));
#1569 = CARTESIAN_POINT('',(789.99999999972,-66.92960617071,
    113.4425200681));
#1570 = CARTESIAN_POINT('',(619.99999999971,-81.75814976492,
    93.118389707415));
#1571 = CARTESIAN_POINT('',(790.0000000006,-85.50256389328,
    106.24734987529));
#1572 = CARTESIAN_POINT('',(620.00000000113,-92.81483330958,
    85.118620681251));
#1573 = CARTESIAN_POINT('',(789.99999999916,-104.7360823428,
    90.682128847458));
#1574 = CARTESIAN_POINT('',(619.9999999972,-99.99152968917,
    72.513586178657));
#1575 = CARTESIAN_POINT('',(790.0000000007,-119.5406598399,
    69.363545603631));
#1576 = CARTESIAN_POINT('',(620.00000000493,-100.7101528607,
    58.131068712398));
#1577 = CARTESIAN_POINT('',(789.99999999985,-125.1303212365,
    47.377211052122));
#1578 = CARTESIAN_POINT('',(619.99999999335,-94.13575246922,
    45.871390204209));
#1579 = CARTESIAN_POINT('',(789.99999999945,-119.0207800036,
    30.885857607085));
#1580 = CARTESIAN_POINT('',(620.00000000701,-81.87607396387,
    39.296989815495));
#1581 = CARTESIAN_POINT('',(790.000000001,-102.5294265601,24.77631637573
    ));
#1582 = CARTESIAN_POINT('',(619.99999999413,-67.49355649532,
    40.015612984783));
#1583 = CARTESIAN_POINT('',(789.99999999893,-80.54309200747,
    30.365977771138));
#1584 = CARTESIAN_POINT('',(620.00000000386,-54.88852199423,
    47.192309365914));
#1585 = CARTESIAN_POINT('',(790.0000000008,-59.22450876429,
    45.170555268918));
#1586 = CARTESIAN_POINT('',(619.99999999803,-46.88875296727,
    58.248992909753));
#1587 = CARTESIAN_POINT('',(789.99999999955,-43.65928773618,
    64.404073718186));
#1588 = CARTESIAN_POINT('',(620.00000000071,-44.57393893758,
    70.045296548079));
#1589 = CARTESIAN_POINT('',(790.00000000017,-36.46411754345,
    82.977031440849));
#1590 = CARTESIAN_POINT('',(619.99999999984,-47.39313974422,
    79.920051678802));
#1591 = CARTESIAN_POINT('',(789.99999999996,-37.63846324479,
    97.035432864479));
#1592 = CARTESIAN_POINT('',(620.,-53.74011537017,86.267027304759));
#1593 = CARTESIAN_POINT('',(790.,-45.25483399593,104.6518036156));
#1594 = DEFINITIONAL_REPRESENTATION('',(#1595),#1622);
#1595 = B_SPLINE_CURVE_WITH_KNOTS('',5,(#1596,#1597,#1598,#1599,#1600,
    #1601,#1602,#1603,#1604,#1605,#1606,#1607,#1608,#1609,#1610,#1611,
    #1612,#1613,#1614,#1615,#1616,#1617,#1618,#1619,#1620,#1621),
  .UNSPECIFIED.,.F.,.F.,(6,4,4,4,4,4,6),(0.,0.176877333306,
    0.353343278715,0.529657958018,0.706538066812,0.850641621215,1.),
  .UNSPECIFIED.);
#1596 = CARTESIAN_POINT('',(1.29427699402,0.212247032504));
#1597 = CARTESIAN_POINT('',(1.270912847573,0.212011009145));
#1598 = CARTESIAN_POINT('',(1.247471656519,0.211760231506));
#1599 = CARTESIAN_POINT('',(1.223941073126,0.211499056868));
#1600 = CARTESIAN_POINT('',(1.200308528803,0.211232839815));
#1601 = CARTESIAN_POINT('',(1.152868343076,0.210704043156));
#1602 = CARTESIAN_POINT('',(1.129061520902,0.210441459948));
#1603 = CARTESIAN_POINT('',(1.105126983358,0.210186894764));
#1604 = CARTESIAN_POINT('',(1.081052557978,0.209948070775));
#1605 = CARTESIAN_POINT('',(1.032622191721,0.209520582124));
#1606 = CARTESIAN_POINT('',(1.008267135261,0.209331882401));
#1607 = CARTESIAN_POINT('',(0.983750189998,0.209177348409));
#1608 = CARTESIAN_POINT('',(0.959064695861,0.209067785132));
#1609 = CARTESIAN_POINT('',(0.909275002401,0.208963593395));
#1610 = CARTESIAN_POINT('',(0.884170835813,0.208969345119));
#1611 = CARTESIAN_POINT('',(0.858895838889,0.209045669097));
#1612 = CARTESIAN_POINT('',(0.833462001128,0.209207151367));
#1613 = CARTESIAN_POINT('',(0.787070788327,0.209682933631));
#1614 = CARTESIAN_POINT('',(0.766157873188,0.20996336343));
#1615 = CARTESIAN_POINT('',(0.745175137569,0.210318961576));
#1616 = CARTESIAN_POINT('',(0.724149369263,0.210758455431));
#1617 = CARTESIAN_POINT('',(0.681322506561,0.211840083368));
#1618 = CARTESIAN_POINT('',(0.659520769075,0.212489029226));
#1619 = CARTESIAN_POINT('',(0.637758713714,0.213244957698));
#1620 = CARTESIAN_POINT('',(0.616093159001,0.214115222471));
#1621 = CARTESIAN_POINT('',(0.594591921973,0.215103447318));
#1622 = ( GEOMETRIC_REPRESENTATION_CONTEXT(2) 
PARAMETRIC_REPRESENTATION_CONTEXT() REPRESENTATION_CONTEXT('2D SPACE',''
  ) );
#1623 = ADVANCED_FACE('',(#1624),#671,.T.);
#1624 = FACE_BOUND('',#1625,.T.);
#1625 = EDGE_LOOP('',(#1626,#1627,#1628,#1774,#1899,#2097,#2134,#2162,
    #2199,#2427,#2748));
#1626 = ORIENTED_EDGE('',*,*,#656,.F.);
#1627 = ORIENTED_EDGE('',*,*,#1458,.T.);
#1628 = ORIENTED_EDGE('',*,*,#1629,.T.);
#1629 = EDGE_CURVE('',#1459,#1630,#1632,.T.);
#1630 = VERTEX_POINT('',#1631);
#1631 = CARTESIAN_POINT('',(681.27039408772,-50.68190046579,
    92.893159597585));
#1632 = SURFACE_CURVE('',#1633,(#1678,#1726),.PCURVE_S1.);
#1633 = B_SPLINE_CURVE_WITH_KNOTS('',7,(#1634,#1635,#1636,#1637,#1638,
    #1639,#1640,#1641,#1642,#1643,#1644,#1645,#1646,#1647,#1648,#1649,
    #1650,#1651,#1652,#1653,#1654,#1655,#1656,#1657,#1658,#1659,#1660,
    #1661,#1662,#1663,#1664,#1665,#1666,#1667,#1668,#1669,#1670,#1671,
    #1672,#1673,#1674,#1675,#1676,#1677),.UNSPECIFIED.,.F.,.F.,(8,6,6,6,
    6,6,6,8),(0.,0.215927263534,0.293399241656,0.381781839577,
    0.483461155225,0.601345859235,0.755829533716,1.),.UNSPECIFIED.);
#1634 = CARTESIAN_POINT('',(656.56758604428,-63.46488021084,
    95.19732031628));
#1635 = CARTESIAN_POINT('',(656.79920394773,-62.79734297318,
    95.178454488059));
#1636 = CARTESIAN_POINT('',(657.13086059474,-62.14352363592,
    95.14772830444));
#1637 = CARTESIAN_POINT('',(657.5545585126,-61.51314950987,
    95.106551278147));
#1638 = CARTESIAN_POINT('',(658.05502375937,-60.91047704157,
    95.057116210985));
#1639 = CARTESIAN_POINT('',(658.61739897402,-60.33683748997,
    95.001315610117));
#1640 = CARTESIAN_POINT('',(659.22951479184,-59.79148173733,
    94.940639837906));
#1641 = CARTESIAN_POINT('',(660.11806503914,-59.08573559516,
    94.852884470092));
#1642 = CARTESIAN_POINT('',(660.35802020049,-58.90276463278,
    94.829214670121));
#1643 = CARTESIAN_POINT('',(660.60290270956,-58.72309260144,
    94.805095254997));
#1644 = CARTESIAN_POINT('',(660.85234189221,-58.54663340646,
    94.780569840152));
#1645 = CARTESIAN_POINT('',(661.10600288296,-58.3732971161,
    94.755677277717));
#1646 = CARTESIAN_POINT('',(661.36358662495,-58.20298996166,
    94.730451656519));
#1647 = CARTESIAN_POINT('',(661.92286491836,-57.84466683636,
    94.675797629722));
#1648 = CARTESIAN_POINT('',(662.22565466837,-57.65754042513,
    94.646278700927));
#1649 = CARTESIAN_POINT('',(662.53280727862,-57.47409167104,
    94.616409595288));
#1650 = CARTESIAN_POINT('',(662.84397219657,-57.29418362082,
    94.586228877781));
#1651 = CARTESIAN_POINT('',(663.15883855,-57.11768446151,94.555770037717
    ));
#1652 = CARTESIAN_POINT('',(663.47713353863,-56.94446618155,
    94.525061927699));
#1653 = CARTESIAN_POINT('',(664.1684742959,-56.57875523625,
    94.458542795457));
#1654 = CARTESIAN_POINT('',(664.54254357479,-56.38728819597,
    94.422659996259));
#1655 = CARTESIAN_POINT('',(664.92046683248,-56.19981257296,
    94.386518453603));
#1656 = CARTESIAN_POINT('',(665.30192424534,-56.01615408026,
    94.350150545086));
#1657 = CARTESIAN_POINT('',(665.68663534361,-55.83615089036,
    94.313583896834));
#1658 = CARTESIAN_POINT('',(666.07435635892,-55.6596508437,
    94.276841903039));
#1659 = CARTESIAN_POINT('',(666.91763910261,-55.28577162567,
    94.197165923587));
#1660 = CARTESIAN_POINT('',(667.37415537808,-55.08955210973,
    94.154179227087));
#1661 = CARTESIAN_POINT('',(667.83409771369,-54.89762584355,
    94.111014914962));
#1662 = CARTESIAN_POINT('',(668.29717751753,-54.70979037837,
    94.067699025223));
#1663 = CARTESIAN_POINT('',(668.7631432675,-54.52586120417,
    94.024253387955));
#1664 = CARTESIAN_POINT('',(669.23177748826,-54.34566787129,
    93.980696138336));
#1665 = CARTESIAN_POINT('',(670.32027473439,-53.93759909155,
    93.879835333511));
#1666 = CARTESIAN_POINT('',(670.94190535721,-53.71229303699,
    93.822463629641));
#1667 = CARTESIAN_POINT('',(671.56736593368,-53.49277425981,
    93.764960639526));
#1668 = CARTESIAN_POINT('',(672.19629439735,-53.27872770252,
    93.707353595369));
#1669 = CARTESIAN_POINT('',(672.8283811232,-53.06987289055,
    93.649664222352));
#1670 = CARTESIAN_POINT('',(673.46336377261,-52.86595588405,
    93.59190952089));
#1671 = CARTESIAN_POINT('',(675.10887848277,-52.3518710698,
    93.442735240893));
#1672 = CARTESIAN_POINT('',(676.1233927757,-52.04875773062,
    93.351239705971));
#1673 = CARTESIAN_POINT('',(677.14369010473,-51.75647877588,
    93.25966774476));
#1674 = CARTESIAN_POINT('',(678.16905830054,-51.47427264355,
    93.168055133064));
#1675 = CARTESIAN_POINT('',(679.19891955211,-51.20148402542,
    93.076425442012));
#1676 = CARTESIAN_POINT('',(680.23281382574,-50.93753193526,
    92.984792228738));
#1677 = CARTESIAN_POINT('',(681.27039408772,-50.68190046579,
    92.893159597585));
#1678 = PCURVE('',#671,#1679);
#1679 = DEFINITIONAL_REPRESENTATION('',(#1680),#1725);
#1680 = B_SPLINE_CURVE_WITH_KNOTS('',7,(#1681,#1682,#1683,#1684,#1685,
    #1686,#1687,#1688,#1689,#1690,#1691,#1692,#1693,#1694,#1695,#1696,
    #1697,#1698,#1699,#1700,#1701,#1702,#1703,#1704,#1705,#1706,#1707,
    #1708,#1709,#1710,#1711,#1712,#1713,#1714,#1715,#1716,#1717,#1718,
    #1719,#1720,#1721,#1722,#1723,#1724),.UNSPECIFIED.,.F.,.F.,(8,6,6,6,
    6,6,6,8),(0.,0.215927263534,0.293399241656,0.381781839577,
    0.483461155225,0.601345859235,0.755829533716,1.),.UNSPECIFIED.);
#1681 = CARTESIAN_POINT('',(64.,3.283793022141E-02));
#1682 = CARTESIAN_POINT('',(63.343954546056,3.399601973868E-02));
#1683 = CARTESIAN_POINT('',(62.70948033684,3.56543029737E-02));
#1684 = CARTESIAN_POINT('',(62.10531377097,3.777279256306E-02));
#1685 = CARTESIAN_POINT('',(61.534209231518,4.027511879682E-02));
#1686 = CARTESIAN_POINT('',(60.996224506302,4.308699487014E-02));
#1687 = CARTESIAN_POINT('',(60.489614617378,4.614757395924E-02));
#1688 = CARTESIAN_POINT('',(59.839837181626,5.059032519574E-02));
#1689 = CARTESIAN_POINT('',(59.6719561582,5.179010100249E-02));
#1690 = CARTESIAN_POINT('',(59.507653276586,5.301451354782E-02));
#1691 = CARTESIAN_POINT('',(59.346813484563,5.42617094611E-02));
#1692 = CARTESIAN_POINT('',(59.189321120247,5.553001441484E-02));
#1693 = CARTESIAN_POINT('',(59.03505991209,5.681793312476E-02));
#1694 = CARTESIAN_POINT('',(58.711479656794,5.961432459184E-02));
#1695 = CARTESIAN_POINT('',(58.543104559204,6.112827334187E-02));
#1696 = CARTESIAN_POINT('',(58.378615224709,6.266403639312E-02));
#1697 = CARTESIAN_POINT('',(58.217849414763,6.421986098285E-02));
#1698 = CARTESIAN_POINT('',(58.060653451884,6.579419275004E-02));
#1699 = CARTESIAN_POINT('',(57.906880557879,6.738566769318E-02));
#1700 = CARTESIAN_POINT('',(57.583257233561,7.084237147951E-02));
#1701 = CARTESIAN_POINT('',(57.414472692477,7.271271787397E-02));
#1702 = CARTESIAN_POINT('',(57.249821625474,7.46023341624E-02));
#1703 = CARTESIAN_POINT('',(57.089108886898,7.650962122675E-02));
#1704 = CARTESIAN_POINT('',(56.932154965245,7.843317671805E-02));
#1705 = CARTESIAN_POINT('',(56.778792819635,8.037178179465E-02));
#1706 = CARTESIAN_POINT('',(56.455041576283,8.458819551308E-02));
#1707 = CARTESIAN_POINT('',(56.285837810778,8.687077689043E-02));
#1708 = CARTESIAN_POINT('',(56.121009710207,8.917048856847E-02));
#1709 = CARTESIAN_POINT('',(55.96033852961,9.148588758765E-02));
#1710 = CARTESIAN_POINT('',(55.803626247695,9.381571633751E-02));
#1711 = CARTESIAN_POINT('',(55.650691325895,9.61588874413E-02));
#1712 = CARTESIAN_POINT('',(55.305677203747,0.101601373672));
#1713 = CARTESIAN_POINT('',(55.116189959059,0.104709526786));
#1714 = CARTESIAN_POINT('',(54.93252482945,0.107836829668));
#1715 = CARTESIAN_POINT('',(54.754350689236,0.110981471987));
#1716 = CARTESIAN_POINT('',(54.581374595177,0.114141905616));
#1717 = CARTESIAN_POINT('',(54.413333190703,0.117316818863));
#1718 = CARTESIAN_POINT('',(53.991801593358,0.125544392414));
#1719 = CARTESIAN_POINT('',(53.745349392341,0.130616963878));
#1720 = CARTESIAN_POINT('',(53.509677673292,0.135718450524));
#1721 = CARTESIAN_POINT('',(53.284007872191,0.140845291503));
#1722 = CARTESIAN_POINT('',(53.067675439773,0.14599459776));
#1723 = CARTESIAN_POINT('',(52.860096389612,0.151164069129));
#1724 = CARTESIAN_POINT('',(52.660757649363,0.156351970439));
#1725 = ( GEOMETRIC_REPRESENTATION_CONTEXT(2) 
PARAMETRIC_REPRESENTATION_CONTEXT() REPRESENTATION_CONTEXT('2D SPACE',''
  ) );
#1726 = PCURVE('',#1563,#1727);
#1727 = DEFINITIONAL_REPRESENTATION('',(#1728),#1773);
#1728 = B_SPLINE_CURVE_WITH_KNOTS('',7,(#1729,#1730,#1731,#1732,#1733,
    #1734,#1735,#1736,#1737,#1738,#1739,#1740,#1741,#1742,#1743,#1744,
    #1745,#1746,#1747,#1748,#1749,#1750,#1751,#1752,#1753,#1754,#1755,
    #1756,#1757,#1758,#1759,#1760,#1761,#1762,#1763,#1764,#1765,#1766,
    #1767,#1768,#1769,#1770,#1771,#1772),.UNSPECIFIED.,.F.,.F.,(8,6,6,6,
    6,6,6,8),(0.,0.215927263534,0.293399241656,0.381781839577,
    0.483461155225,0.601345859235,0.755829533716,1.),.UNSPECIFIED.);
#1729 = CARTESIAN_POINT('',(0.594591921951,0.215103447319));
#1730 = CARTESIAN_POINT('',(0.56577583373,0.216465905575));
#1731 = CARTESIAN_POINT('',(0.537393767679,0.218416827028));
#1732 = CARTESIAN_POINT('',(0.509865786652,0.220909167721));
#1733 = CARTESIAN_POINT('',(0.483388413069,0.223853080937));
#1734 = CARTESIAN_POINT('',(0.458034829716,0.227161170435));
#1735 = CARTESIAN_POINT('',(0.433787581614,0.230761851717));
#1736 = CARTESIAN_POINT('',(0.402221348654,0.235988617877));
#1737 = CARTESIAN_POINT('',(0.394018837402,0.237400118826));
#1738 = CARTESIAN_POINT('',(0.385945842419,0.238840604174));
#1739 = CARTESIAN_POINT('',(0.377999131062,0.240307893484));
#1740 = CARTESIAN_POINT('',(0.370175268075,0.241800016959));
#1741 = CARTESIAN_POINT('',(0.362470615597,0.243315215441));
#1742 = CARTESIAN_POINT('',(0.346223233832,0.246605087755));
#1743 = CARTESIAN_POINT('',(0.337715542549,0.248386203932));
#1744 = CARTESIAN_POINT('',(0.329352615969,0.250192983992));
#1745 = CARTESIAN_POINT('',(0.321129045642,0.252023365862));
#1746 = CARTESIAN_POINT('',(0.313039598914,0.253875520882));
#1747 = CARTESIAN_POINT('',(0.305079159828,0.255747844345));
#1748 = CARTESIAN_POINT('',(0.288227222669,0.259814554682));
#1749 = CARTESIAN_POINT('',(0.279376046657,0.262014962205));
#1750 = CARTESIAN_POINT('',(0.270681513654,0.264238040191));
#1751 = CARTESIAN_POINT('',(0.26213660233,0.266481907326));
#1752 = CARTESIAN_POINT('',(0.253734778362,0.268744913786));
#1753 = CARTESIAN_POINT('',(0.245469874449,0.271025625641));
#1754 = CARTESIAN_POINT('',(0.227905710152,0.275986112368));
#1755 = CARTESIAN_POINT('',(0.218651723466,0.278671502224));
#1756 = CARTESIAN_POINT('',(0.209564880275,0.281377045375));
#1757 = CARTESIAN_POINT('',(0.200636938971,0.284101044221));
#1758 = CARTESIAN_POINT('',(0.191860380253,0.286842019221));
#1759 = CARTESIAN_POINT('',(0.183228241067,0.289598691107));
#1760 = CARTESIAN_POINT('',(0.163602492091,0.296001616085));
#1761 = CARTESIAN_POINT('',(0.152707983132,0.299658266807));
#1762 = CARTESIAN_POINT('',(0.142035759767,0.303337446669));
#1763 = CARTESIAN_POINT('',(0.131572917923,0.307037025867));
#1764 = CARTESIAN_POINT('',(0.121307966587,0.310755183078));
#1765 = CARTESIAN_POINT('',(0.111230483042,0.314490375133));
#1766 = CARTESIAN_POINT('',(8.568370054193E-02,0.324169873428));
#1767 = CARTESIAN_POINT('',(7.048119522992E-02,0.330137604563));
#1768 = CARTESIAN_POINT('',(5.568528340925E-02,0.336139353557));
#1769 = CARTESIAN_POINT('',(4.126468236577E-02,0.34217093118));
#1770 = CARTESIAN_POINT('',(2.719246804845E-02,0.348228938542));
#1771 = CARTESIAN_POINT('',(1.344470019922E-02,0.354310669563));
#1772 = CARTESIAN_POINT('',(0.,0.360414082869));
#1773 = ( GEOMETRIC_REPRESENTATION_CONTEXT(2) 
PARAMETRIC_REPRESENTATION_CONTEXT() REPRESENTATION_CONTEXT('2D SPACE',''
  ) );
#1774 = ORIENTED_EDGE('',*,*,#1775,.T.);
#1775 = EDGE_CURVE('',#1630,#1776,#1778,.T.);
#1776 = VERTEX_POINT('',#1777);
#1777 = CARTESIAN_POINT('',(790.,-42.36327099087,82.550276262655));
#1778 = SURFACE_CURVE('',#1779,(#1817,#1858),.PCURVE_S1.);
#1779 = B_SPLINE_CURVE_WITH_KNOTS('',6,(#1780,#1781,#1782,#1783,#1784,
    #1785,#1786,#1787,#1788,#1789,#1790,#1791,#1792,#1793,#1794,#1795,
    #1796,#1797,#1798,#1799,#1800,#1801,#1802,#1803,#1804,#1805,#1806,
    #1807,#1808,#1809,#1810,#1811,#1812,#1813,#1814,#1815,#1816),
  .UNSPECIFIED.,.F.,.F.,(7,5,5,5,5,5,5,7),(0.,6.282787833236E-02,
    0.144850772573,0.262687435672,0.439721245534,0.712262956573,
    0.879572514495,1.),.UNSPECIFIED.);
#1780 = CARTESIAN_POINT('',(681.27039408772,-50.68190046579,
    92.893159597585));
#1781 = CARTESIAN_POINT('',(682.36723691675,-50.4116682283,
    92.79629326861));
#1782 = CARTESIAN_POINT('',(683.46825872565,-50.15101238466,
    92.699432742037));
#1783 = CARTESIAN_POINT('',(684.57295845331,-49.8992713469,
    92.602587664829));
#1784 = CARTESIAN_POINT('',(685.68092303311,-49.65589028196,
    92.505760903077));
#1785 = CARTESIAN_POINT('',(686.79181613754,-49.4203929087,
    92.408949695481));
#1786 = CARTESIAN_POINT('',(689.35912703935,-48.89464401661,
    92.185768930939));
#1787 = CARTESIAN_POINT('',(690.81739882207,-48.60964911757,
    92.059406791053));
#1788 = CARTESIAN_POINT('',(692.27957834216,-48.33643035858,
    91.933044287194));
#1789 = CARTESIAN_POINT('',(693.7451735876,-48.07421494376,
    91.80665898214));
#1790 = CARTESIAN_POINT('',(695.213790008,-47.82234992606,
    91.680222988386));
#1791 = CARTESIAN_POINT('',(698.79886928622,-47.23245814985,
    91.371942491865));
#1792 = CARTESIAN_POINT('',(700.91818116021,-46.90483536516,
    91.190012425902));
#1793 = CARTESIAN_POINT('',(703.04212762888,-46.59568424287,
    91.007817385937));
#1794 = CARTESIAN_POINT('',(705.16997856038,-46.30367730466,
    90.825255164245));
#1795 = CARTESIAN_POINT('',(707.30115871773,-46.02769757169,
    90.642217894549));
#1796 = CARTESIAN_POINT('',(712.64140599168,-45.37482758156,
    90.182714062223));
#1797 = CARTESIAN_POINT('',(715.85403657429,-45.01690083007,
    89.905512145589));
#1798 = CARTESIAN_POINT('',(719.07166075701,-44.68979822351,
    89.62659400679));
#1799 = CARTESIAN_POINT('',(722.29312825395,-44.39116477885,
    89.345566488707));
#1800 = CARTESIAN_POINT('',(725.51754506188,-44.11908839428,
    89.062020134859));
#1801 = CARTESIAN_POINT('',(733.71175917544,-43.4916801805,
    88.334437288381));
#1802 = CARTESIAN_POINT('',(738.68450407905,-43.17063081762,
    87.886361462509));
#1803 = CARTESIAN_POINT('',(743.66013227839,-42.90324527645,
    87.429673503525));
#1804 = CARTESIAN_POINT('',(748.63660529709,-42.68591157196,
    86.962660865703));
#1805 = CARTESIAN_POINT('',(753.61215532663,-42.516069544,
    86.483395688289));
#1806 = CARTESIAN_POINT('',(761.63818282786,-42.31626202148,
    85.686291561624));
#1807 = CARTESIAN_POINT('',(764.69013596728,-42.25760833854,
    85.37757947366));
#1808 = CARTESIAN_POINT('',(767.74073766387,-42.21596738259,
    85.062804967079));
#1809 = CARTESIAN_POINT('',(770.78956852143,-42.19114789272,
    84.741363043529));
#1810 = CARTESIAN_POINT('',(773.83616834137,-42.18311084174,
    84.412562653033));
#1811 = CARTESIAN_POINT('',(779.07096810416,-42.19835898815,
    83.833048889822));
#1812 = CARTESIAN_POINT('',(781.26047976457,-42.21349868349,
    83.586272189874));
#1813 = CARTESIAN_POINT('',(783.44837528058,-42.23744296275,
    83.334961558477));
#1814 = CARTESIAN_POINT('',(785.6344346662,-42.27028198244,
    83.078784167665));
#1815 = CARTESIAN_POINT('',(787.81840553441,-42.31215746908,
    82.817365299574));
#1816 = CARTESIAN_POINT('',(790.,-42.36327097584,82.55027626737));
#1817 = PCURVE('',#671,#1818);
#1818 = DEFINITIONAL_REPRESENTATION('',(#1819),#1857);
#1819 = B_SPLINE_CURVE_WITH_KNOTS('',6,(#1820,#1821,#1822,#1823,#1824,
    #1825,#1826,#1827,#1828,#1829,#1830,#1831,#1832,#1833,#1834,#1835,
    #1836,#1837,#1838,#1839,#1840,#1841,#1842,#1843,#1844,#1845,#1846,
    #1847,#1848,#1849,#1850,#1851,#1852,#1853,#1854,#1855,#1856),
  .UNSPECIFIED.,.F.,.F.,(7,5,5,5,5,5,5,7),(0.,6.282787833236E-02,
    0.144850772573,0.262687435672,0.439721245534,0.712262956573,
    0.879572514495,1.),.UNSPECIFIED.);
#1820 = CARTESIAN_POINT('',(52.660757649363,0.156351970439));
#1821 = CARTESIAN_POINT('',(52.450033361316,0.161836184584));
#1822 = CARTESIAN_POINT('',(52.248789996612,0.167341293628));
#1823 = CARTESIAN_POINT('',(52.056367028973,0.172864792267));
#1824 = CARTESIAN_POINT('',(51.872214870738,0.178404615166));
#1825 = CARTESIAN_POINT('',(51.69586588689,0.183959080688));
#1826 = CARTESIAN_POINT('',(51.306324984252,0.196795635197));
#1827 = CARTESIAN_POINT('',(51.098339955631,0.20408699411));
#1828 = CARTESIAN_POINT('',(50.902037177383,0.211397891711));
#1829 = CARTESIAN_POINT('',(50.71667251572,0.218725867938));
#1830 = CARTESIAN_POINT('',(50.541624684535,0.22606895004));
#1831 = CARTESIAN_POINT('',(50.138909354941,0.243994346431));
#1832 = CARTESIAN_POINT('',(49.92164463787,0.254590905801));
#1833 = CARTESIAN_POINT('',(49.722952054837,0.265210638144));
#1834 = CARTESIAN_POINT('',(49.541607500238,0.275849892802));
#1835 = CARTESIAN_POINT('',(49.376599599525,0.286505793589));
#1836 = CARTESIAN_POINT('',(49.002469578952,0.313207029958));
#1837 = CARTESIAN_POINT('',(48.812833153824,0.329270182871));
#1838 = CARTESIAN_POINT('',(48.655331738391,0.345358303785));
#1839 = CARTESIAN_POINT('',(48.527977390644,0.36146564127));
#1840 = CARTESIAN_POINT('',(48.429232233838,0.377587725309));
#1841 = CARTESIAN_POINT('',(48.248208323129,0.418558795877));
#1842 = CARTESIAN_POINT('',(48.203552366617,0.443422520395));
#1843 = CARTESIAN_POINT('',(48.219781571139,0.468300661392));
#1844 = CARTESIAN_POINT('',(48.29477893045,0.493183026485));
#1845 = CARTESIAN_POINT('',(48.427622611946,0.518060776633));
#1846 = CARTESIAN_POINT('',(48.736196398548,0.558190914139));
#1847 = CARTESIAN_POINT('',(48.875558713884,0.573450679836));
#1848 = CARTESIAN_POINT('',(49.037026813133,0.588703688319));
#1849 = CARTESIAN_POINT('',(49.220902145453,0.603947842607));
#1850 = CARTESIAN_POINT('',(49.427701128104,0.619180841707));
#1851 = CARTESIAN_POINT('',(49.824087911538,0.645354840521));
#1852 = CARTESIAN_POINT('',(50.002260828902,0.656302398823));
#1853 = CARTESIAN_POINT('',(50.192992820697,0.667241876403));
#1854 = CARTESIAN_POINT('',(50.396636559609,0.678172173331));
#1855 = CARTESIAN_POINT('',(50.613627434454,0.689092027672));
#1856 = CARTESIAN_POINT('',(50.844500910142,0.7));
#1857 = ( GEOMETRIC_REPRESENTATION_CONTEXT(2) 
PARAMETRIC_REPRESENTATION_CONTEXT() REPRESENTATION_CONTEXT('2D SPACE',''
  ) );
#1858 = PCURVE('',#1563,#1859);
#1859 = DEFINITIONAL_REPRESENTATION('',(#1860),#1898);
#1860 = B_SPLINE_CURVE_WITH_KNOTS('',6,(#1861,#1862,#1863,#1864,#1865,
    #1866,#1867,#1868,#1869,#1870,#1871,#1872,#1873,#1874,#1875,#1876,
    #1877,#1878,#1879,#1880,#1881,#1882,#1883,#1884,#1885,#1886,#1887,
    #1888,#1889,#1890,#1891,#1892,#1893,#1894,#1895,#1896,#1897),
  .UNSPECIFIED.,.F.,.F.,(7,5,5,5,5,5,5,7),(0.,6.282787833236E-02,
    0.144850772573,0.262687435672,0.439721245534,0.712262956573,
    0.879572514495,1.),.UNSPECIFIED.);
#1861 = CARTESIAN_POINT('',(6.28318530718,0.360414082869));
#1862 = CARTESIAN_POINT('',(6.268972693942,0.36686609951));
#1863 = CARTESIAN_POINT('',(6.255109107049,0.373342698386));
#1864 = CARTESIAN_POINT('',(6.241567272997,0.379840932078));
#1865 = CARTESIAN_POINT('',(6.228324361973,0.386358370783));
#1866 = CARTESIAN_POINT('',(6.215360772477,0.392893036103));
#1867 = CARTESIAN_POINT('',(6.1860764382,0.407994864937));
#1868 = CARTESIAN_POINT('',(6.169940251629,0.416572934248));
#1869 = CARTESIAN_POINT('',(6.154211637117,0.425173990248));
#1870 = CARTESIAN_POINT('',(6.138858755431,0.433795138751));
#1871 = CARTESIAN_POINT('',(6.123854673999,0.442434058871));
#1872 = CARTESIAN_POINT('',(6.088086695556,0.463522760507));
#1873 = CARTESIAN_POINT('',(6.067668789806,0.475989300943));
#1874 = CARTESIAN_POINT('',(6.047851040561,0.488483103699));
#1875 = CARTESIAN_POINT('',(6.028578368648,0.500999873885));
#1876 = CARTESIAN_POINT('',(6.009804091179,0.513536227751));
#1877 = CARTESIAN_POINT('',(5.963970519337,0.54494944701));
#1878 = CARTESIAN_POINT('',(5.937487824476,0.563847273966));
#1879 = CARTESIAN_POINT('',(5.911903565054,0.582774475041));
#1880 = CARTESIAN_POINT('',(5.887115972601,0.601724283847));
#1881 = CARTESIAN_POINT('',(5.863039509266,0.62069144154));
#1882 = CARTESIAN_POINT('',(5.803517647356,0.668892701032));
#1883 = CARTESIAN_POINT('',(5.768947487016,0.698144141642));
#1884 = CARTESIAN_POINT('',(5.735623292259,0.727412542814));
#1885 = CARTESIAN_POINT('',(5.703348448114,0.756685913512));
#1886 = CARTESIAN_POINT('',(5.671951918842,0.785953854863));
#1887 = CARTESIAN_POINT('',(5.622445983191,0.83316578134));
#1888 = CARTESIAN_POINT('',(5.603887191905,0.851118446866));
#1889 = CARTESIAN_POINT('',(5.585564356503,0.869063162729));
#1890 = CARTESIAN_POINT('',(5.567443415427,0.886997461891));
#1891 = CARTESIAN_POINT('',(5.549490925049,0.904918637302));
#1892 = CARTESIAN_POINT('',(5.518847057563,0.935711577083));
#1893 = CARTESIAN_POINT('',(5.506091103708,0.948591057439));
#1894 = CARTESIAN_POINT('',(5.493391850654,0.961461031062));
#1895 = CARTESIAN_POINT('',(5.480736353267,0.974320203919));
#1896 = CARTESIAN_POINT('',(5.468111153178,0.987167091379));
#1897 = CARTESIAN_POINT('',(5.455501890836,1.));
#1898 = ( GEOMETRIC_REPRESENTATION_CONTEXT(2) 
PARAMETRIC_REPRESENTATION_CONTEXT() REPRESENTATION_CONTEXT('2D SPACE',''
  ) );
#1899 = ORIENTED_EDGE('',*,*,#1900,.T.);
#1900 = EDGE_CURVE('',#1776,#1901,#1903,.T.);
#1901 = VERTEX_POINT('',#1902);
#1902 = CARTESIAN_POINT('',(829.14436798858,-49.4035111561,
    74.105266734568));
#1903 = SURFACE_CURVE('',#1904,(#1952,#2003),.PCURVE_S1.);
#1904 = B_SPLINE_CURVE_WITH_KNOTS('',6,(#1905,#1906,#1907,#1908,#1909,
    #1910,#1911,#1912,#1913,#1914,#1915,#1916,#1917,#1918,#1919,#1920,
    #1921,#1922,#1923,#1924,#1925,#1926,#1927,#1928,#1929,#1930,#1931,
    #1932,#1933,#1934,#1935,#1936,#1937,#1938,#1939,#1940,#1941,#1942,
    #1943,#1944,#1945,#1946,#1947,#1948,#1949,#1950,#1951),
  .UNSPECIFIED.,.F.,.F.,(7,5,5,5,5,5,5,5,5,7),(0.,9.278213924345E-02,
    0.283756137787,0.426460753429,0.544590140846,0.648535567897,
    0.74401619506,0.833280027547,0.918474098865,1.),.UNSPECIFIED.);
#1905 = CARTESIAN_POINT('',(790.,-42.36327099087,82.550276262655));
#1906 = CARTESIAN_POINT('',(790.65308316508,-42.40105744454,
    82.463265293189));
#1907 = CARTESIAN_POINT('',(791.30593993132,-42.43929696544,
    82.37573650545));
#1908 = CARTESIAN_POINT('',(791.95843387064,-42.47847188708,
    82.287544571404));
#1909 = CARTESIAN_POINT('',(792.61042890105,-42.51901269033,
    82.198552431171));
#1910 = CARTESIAN_POINT('',(793.26178928665,-42.56129800337,
    82.108631293026));
#1911 = CARTESIAN_POINT('',(795.25149342571,-42.69695421393,
    81.830415392254));
#1912 = CARTESIAN_POINT('',(796.58737841226,-42.79703207243,
    81.638720592439));
#1913 = CARTESIAN_POINT('',(797.91876437699,-42.90873942855,
    81.441543004086));
#1914 = CARTESIAN_POINT('',(799.24443220977,-43.03401179204,
    81.238013990627));
#1915 = CARTESIAN_POINT('',(800.56319595108,-43.17395681369,
    81.027454767665));
#1916 = CARTESIAN_POINT('',(802.85324353266,-43.44488171233,
    80.646427630629));
#1917 = CARTESIAN_POINT('',(803.82814249427,-43.56919156732,
    80.479271912041));
#1918 = CARTESIAN_POINT('',(804.79806901801,-43.70213061795,
    80.307709764329));
#1919 = CARTESIAN_POINT('',(805.76262695071,-43.84368824204,
    80.131581945844));
#1920 = CARTESIAN_POINT('',(806.72148973275,-43.99369952312,
    79.950771922322));
#1921 = CARTESIAN_POINT('',(808.46317504659,-44.2828339263,
    79.611590820605));
#1922 = CARTESIAN_POINT('',(809.24788636941,-44.41938484284,
    79.454715880298));
#1923 = CARTESIAN_POINT('',(810.02836605606,-44.56138398572,
    79.294532944514));
#1924 = CARTESIAN_POINT('',(810.80451149868,-44.70862690796,
    79.131010722905));
#1925 = CARTESIAN_POINT('',(811.57625790467,-44.86087555918,
    78.964129547126));
#1926 = CARTESIAN_POINT('',(813.01874886892,-45.1560191261,
    78.644070936908));
#1927 = CARTESIAN_POINT('',(813.69049613082,-45.29784245912,
    78.491653663575));
#1928 = CARTESIAN_POINT('',(814.35878889927,-45.44316758347,
    78.336619874965));
#1929 = CARTESIAN_POINT('',(815.02362634708,-45.59180860585,
    78.178966789981));
#1930 = CARTESIAN_POINT('',(815.68502492641,-45.74357459258,
    78.018694978016));
#1931 = CARTESIAN_POINT('',(816.94742002754,-46.04037751016,
    77.70618400416));
#1932 = CARTESIAN_POINT('',(817.54894847721,-46.18495671774,
    77.554353319503));
#1933 = CARTESIAN_POINT('',(818.1476244634,-46.3318634919,
    77.400317467822));
#1934 = CARTESIAN_POINT('',(818.74347963064,-46.48095143541,
    77.244079540332));
#1935 = CARTESIAN_POINT('',(819.33655227413,-46.63207709458,
    77.08564324379));
#1936 = CARTESIAN_POINT('',(820.47878535014,-46.92815949815,
    76.774841269699));
#1937 = CARTESIAN_POINT('',(821.02828918097,-47.07287830489,
    76.622751643334));
#1938 = CARTESIAN_POINT('',(821.57543549679,-47.21914191833,
    76.46874750372));
#1939 = CARTESIAN_POINT('',(822.12026141127,-47.36684139573,
    76.312831704644));
#1940 = CARTESIAN_POINT('',(822.66280448717,-47.51587331271,
    76.155006471364));
#1941 = CARTESIAN_POINT('',(823.71876743517,-47.80955520533,
    75.842822962586));
#1942 = CARTESIAN_POINT('',(824.23238601411,-47.9540958992,
    75.688634375829));
#1943 = CARTESIAN_POINT('',(824.74399159056,-48.09967677966,
    75.532709060301));
#1944 = CARTESIAN_POINT('',(825.2536134652,-48.24621962842,
    75.375046930466));
#1945 = CARTESIAN_POINT('',(825.76127712208,-48.39365307408,
    75.215646395301));
#1946 = CARTESIAN_POINT('',(826.75095643376,-48.68378854347,
    74.900300567645));
#1947 = CARTESIAN_POINT('',(827.23313391248,-48.82642163731,
    74.744501668787));
#1948 = CARTESIAN_POINT('',(827.71355585105,-48.96975524883,
    74.58710501812));
#1949 = CARTESIAN_POINT('',(828.19223394907,-49.11374063418,
    74.428105613065));
#1950 = CARTESIAN_POINT('',(828.6691724195,-49.25833693054,
    74.267496092061));
#1951 = CARTESIAN_POINT('',(829.14436798858,-49.4035111561,
    74.105266734568));
#1952 = PCURVE('',#671,#1953);
#1953 = DEFINITIONAL_REPRESENTATION('',(#1954),#2002);
#1954 = B_SPLINE_CURVE_WITH_KNOTS('',6,(#1955,#1956,#1957,#1958,#1959,
    #1960,#1961,#1962,#1963,#1964,#1965,#1966,#1967,#1968,#1969,#1970,
    #1971,#1972,#1973,#1974,#1975,#1976,#1977,#1978,#1979,#1980,#1981,
    #1982,#1983,#1984,#1985,#1986,#1987,#1988,#1989,#1990,#1991,#1992,
    #1993,#1994,#1995,#1996,#1997,#1998,#1999,#2000,#2001),
  .UNSPECIFIED.,.F.,.F.,(7,5,5,5,5,5,5,5,5,7),(0.,9.278213924345E-02,
    0.283756137787,0.426460753429,0.544590140846,0.648535567897,
    0.74401619506,0.833280027547,0.918474098865,1.),.UNSPECIFIED.);
#1955 = CARTESIAN_POINT('',(50.844500929071,0.7));
#1956 = CARTESIAN_POINT('',(50.941940144572,0.703265415825));
#1957 = CARTESIAN_POINT('',(51.040248629226,0.706529699657));
#1958 = CARTESIAN_POINT('',(51.140030753627,0.709792169353));
#1959 = CARTESIAN_POINT('',(51.241831525246,0.713052144505));
#1960 = CARTESIAN_POINT('',(51.346136588432,0.716308946433));
#1961 = CARTESIAN_POINT('',(51.67409597021,0.726257467129));
#1962 = CARTESIAN_POINT('',(51.90724044594,0.732936892061));
#1963 = CARTESIAN_POINT('',(52.156511781744,0.739593821885));
#1964 = CARTESIAN_POINT('',(52.424552141614,0.746222161049));
#1965 = CARTESIAN_POINT('',(52.713007746361,0.752815979755));
#1966 = CARTESIAN_POINT('',(53.254100489899,0.764266217663));
#1967 = CARTESIAN_POINT('',(53.497371633021,0.769140712471));
#1968 = CARTESIAN_POINT('',(53.75284779931,0.77399034509));
#1969 = CARTESIAN_POINT('',(54.020634501892,0.778813134754));
#1970 = CARTESIAN_POINT('',(54.300645656894,0.783607448664));
#1971 = CARTESIAN_POINT('',(54.834367931183,0.792315875233));
#1972 = CARTESIAN_POINT('',(55.084306921068,0.796239431847));
#1973 = CARTESIAN_POINT('',(55.342337537777,0.80014183028));
#1974 = CARTESIAN_POINT('',(55.608270228613,0.804022557493));
#1975 = CARTESIAN_POINT('',(55.881872131744,0.807881289523));
#1976 = CARTESIAN_POINT('',(56.410154300757,0.815093744345));
#1977 = CARTESIAN_POINT('',(56.663162510476,0.818452480654));
#1978 = CARTESIAN_POINT('',(56.921732243611,0.821793944496));
#1979 = CARTESIAN_POINT('',(57.185672778358,0.825118131735));
#1980 = CARTESIAN_POINT('',(57.454785933475,0.828425124632));
#1981 = CARTESIAN_POINT('',(57.980639363307,0.834737100138));
#1982 = CARTESIAN_POINT('',(58.236603535127,0.837744742386));
#1983 = CARTESIAN_POINT('',(58.496609199627,0.840738122317));
#1984 = CARTESIAN_POINT('',(58.760502928299,0.843717398153));
#1985 = CARTESIAN_POINT('',(59.028134150042,0.846682761371));
#1986 = CARTESIAN_POINT('',(59.552916898091,0.852393926751));
#1987 = CARTESIAN_POINT('',(59.809617568439,0.855141445905));
#1988 = CARTESIAN_POINT('',(60.06933687334,0.857877177484));
#1989 = CARTESIAN_POINT('',(60.331960940248,0.860601307056));
#1990 = CARTESIAN_POINT('',(60.597382312938,0.863314022436));
#1991 = CARTESIAN_POINT('',(61.121393450537,0.868593837176));
#1992 = CARTESIAN_POINT('',(61.37974394256,0.871161930071));
#1993 = CARTESIAN_POINT('',(61.640463620215,0.873719957953));
#1994 = CARTESIAN_POINT('',(61.903473082936,0.876268067326));
#1995 = CARTESIAN_POINT('',(62.168701336946,0.87880638561));
#1996 = CARTESIAN_POINT('',(62.691957558271,0.883754782169));
#1997 = CARTESIAN_POINT('',(62.949804797703,0.886165669562));
#1998 = CARTESIAN_POINT('',(63.209572532108,0.888567779255));
#1999 = CARTESIAN_POINT('',(63.471215853991,0.890961169745));
#2000 = CARTESIAN_POINT('',(63.734699929815,0.893345862098));
#2001 = CARTESIAN_POINT('',(64.,0.895721839943));
#2002 = ( GEOMETRIC_REPRESENTATION_CONTEXT(2) 
PARAMETRIC_REPRESENTATION_CONTEXT() REPRESENTATION_CONTEXT('2D SPACE',''
  ) );
#2003 = PCURVE('',#2004,#2047);
#2004 = ( BOUNDED_SURFACE() B_SPLINE_SURFACE(6,5,(
    (#2005,#2006,#2007,#2008,#2009,#2010)
    ,(#2011,#2012,#2013,#2014,#2015,#2016)
    ,(#2017,#2018,#2019,#2020,#2021,#2022)
    ,(#2023,#2024,#2025,#2026,#2027,#2028)
    ,(#2029,#2030,#2031,#2032,#2033,#2034)
    ,(#2035,#2036,#2037,#2038,#2039,#2040)
    ,(#2041,#2042,#2043,#2044,#2045,#2046
)),.UNSPECIFIED.,.T.,.F.,.F.) B_SPLINE_SURFACE_WITH_KNOTS((1,6,6,1),(6,6
    ),(-6.28318530718,0.,6.28318530718,12.566370614359),(0.,1.),
.UNSPECIFIED.) GEOMETRIC_REPRESENTATION_ITEM() RATIONAL_B_SPLINE_SURFACE
((
    (1.669078461068,1.669078461068,1.669078461068,1.669078461068
      ,1.669078461068,1.669078461068)
    ,(1.03672962321,1.03672962321,1.03672962321,1.03672962321
      ,1.03672962321,1.03672962321)
    ,(1.038346699848,1.038346699848,1.038346699848,1.038346699848
      ,1.038346699848,1.038346699848)
    ,(0.853534330196,0.853534330196,0.853534330196,0.853534330196
      ,0.853534330196,0.853534330196)
    ,(1.038346699848,1.038346699848,1.038346699848,1.038346699848
      ,1.038346699848,1.038346699848)
    ,(1.03672962321,1.03672962321,1.03672962321,1.03672962321
      ,1.03672962321,1.03672962321)
    ,(1.669078461068,1.669078461068,1.669078461068,1.669078461068
,1.669078461068,1.669078461068))) REPRESENTATION_ITEM('') SURFACE() );
#2005 = CARTESIAN_POINT('',(790.,-45.25483399593,104.6518036156));
#2006 = CARTESIAN_POINT('',(802.,-45.40457425548,104.80154387515));
#2007 = CARTESIAN_POINT('',(814.,-45.55431451503,104.9512841347));
#2008 = CARTESIAN_POINT('',(826.,-48.08326112068,107.48023074035));
#2009 = CARTESIAN_POINT('',(838.,-48.08326112068,107.48023074035));
#2010 = CARTESIAN_POINT('',(850.,-48.08326112068,107.48023074035));
#2011 = CARTESIAN_POINT('',(790.,-73.45215501921,132.84912463888));
#2012 = CARTESIAN_POINT('',(802.,-73.60189527876,132.99886489843));
#2013 = CARTESIAN_POINT('',(814.,-73.7516355383,133.14860515797));
#2014 = CARTESIAN_POINT('',(826.,-76.28058214396,135.67755176363));
#2015 = CARTESIAN_POINT('',(838.,-76.28058214396,135.67755176363));
#2016 = CARTESIAN_POINT('',(850.,-76.28058214396,135.67755176363));
#2017 = CARTESIAN_POINT('',(790.,-138.517778653,75.880811816569));
#2018 = CARTESIAN_POINT('',(802.,-138.6675189125,76.030552076114));
#2019 = CARTESIAN_POINT('',(814.,-138.8172591721,76.18029233566));
#2020 = CARTESIAN_POINT('',(826.,-141.3462057777,78.709238941315));
#2021 = CARTESIAN_POINT('',(838.,-141.3462057777,78.709238941315));
#2022 = CARTESIAN_POINT('',(850.,-141.3462057777,78.709238941315));
#2023 = CARTESIAN_POINT('',(790.,-156.5979259248,-6.691288313256));
#2024 = CARTESIAN_POINT('',(802.,-156.7476661843,-6.541548053711));
#2025 = CARTESIAN_POINT('',(814.,-156.8974064438,-6.391807794165));
#2026 = CARTESIAN_POINT('',(826.,-159.4263530495,-3.86286118851));
#2027 = CARTESIAN_POINT('',(838.,-159.4263530495,-3.86286118851));
#2028 = CARTESIAN_POINT('',(850.,-159.4263530495,-3.86286118851));
#2029 = CARTESIAN_POINT('',(790.,-74.02582579497,11.388858958513));
#2030 = CARTESIAN_POINT('',(802.,-74.17556605452,11.538599218058));
#2031 = CARTESIAN_POINT('',(814.,-74.32530631407,11.688339477604));
#2032 = CARTESIAN_POINT('',(826.,-76.85425291972,14.217286083259));
#2033 = CARTESIAN_POINT('',(838.,-76.85425291972,14.217286083259));
#2034 = CARTESIAN_POINT('',(850.,-76.85425291972,14.217286083259));
#2035 = CARTESIAN_POINT('',(790.,-17.05751297266,76.454482592333));
#2036 = CARTESIAN_POINT('',(802.,-17.2072532322,76.604222851878));
#2037 = CARTESIAN_POINT('',(814.,-17.35699349175,76.753963111423));
#2038 = CARTESIAN_POINT('',(826.,-19.8859400974,79.282909717079));
#2039 = CARTESIAN_POINT('',(838.,-19.8859400974,79.282909717079));
#2040 = CARTESIAN_POINT('',(850.,-19.8859400974,79.282909717079));
#2041 = CARTESIAN_POINT('',(790.,-45.25483399593,104.6518036156));
#2042 = CARTESIAN_POINT('',(802.,-45.40457425548,104.80154387515));
#2043 = CARTESIAN_POINT('',(814.,-45.55431451503,104.9512841347));
#2044 = CARTESIAN_POINT('',(826.,-48.08326112068,107.48023074035));
#2045 = CARTESIAN_POINT('',(838.,-48.08326112068,107.48023074035));
#2046 = CARTESIAN_POINT('',(850.,-48.08326112068,107.48023074035));
#2047 = DEFINITIONAL_REPRESENTATION('',(#2048),#2096);
#2048 = B_SPLINE_CURVE_WITH_KNOTS('',6,(#2049,#2050,#2051,#2052,#2053,
    #2054,#2055,#2056,#2057,#2058,#2059,#2060,#2061,#2062,#2063,#2064,
    #2065,#2066,#2067,#2068,#2069,#2070,#2071,#2072,#2073,#2074,#2075,
    #2076,#2077,#2078,#2079,#2080,#2081,#2082,#2083,#2084,#2085,#2086,
    #2087,#2088,#2089,#2090,#2091,#2092,#2093,#2094,#2095),
  .UNSPECIFIED.,.F.,.F.,(7,5,5,5,5,5,5,5,5,7),(0.,9.278213924345E-02,
    0.283756137787,0.426460753429,0.544590140846,0.648535567897,
    0.74401619506,0.833280027547,0.918474098865,1.),.UNSPECIFIED.);
#2049 = CARTESIAN_POINT('',(5.452790833945,0.));
#2050 = CARTESIAN_POINT('',(5.449944924217,1.088471941807E-02));
#2051 = CARTESIAN_POINT('',(5.447085853311,2.176566552214E-02));
#2052 = CARTESIAN_POINT('',(5.444199456482,3.264056451081E-02));
#2053 = CARTESIAN_POINT('',(5.441273182241,4.350714835093E-02));
#2054 = CARTESIAN_POINT('',(5.438296092356,5.436315477765E-02));
#2055 = CARTESIAN_POINT('',(5.429007305135,8.752489042863E-02));
#2056 = CARTESIAN_POINT('',(5.422500755994,0.109789640204));
#2057 = CARTESIAN_POINT('',(5.415657996284,0.131979406283));
#2058 = CARTESIAN_POINT('',(5.408425907972,0.154073870163));
#2059 = CARTESIAN_POINT('',(5.400776505714,0.176053265851));
#2060 = CARTESIAN_POINT('',(5.386667454662,0.214220725544));
#2061 = CARTESIAN_POINT('',(5.380395542155,0.230469041571));
#2062 = CARTESIAN_POINT('',(5.373882180887,0.246634483634));
#2063 = CARTESIAN_POINT('',(5.367129350165,0.262710449179));
#2064 = CARTESIAN_POINT('',(5.360143210997,0.278691495546));
#2065 = CARTESIAN_POINT('',(5.346963996031,0.30771958411));
#2066 = CARTESIAN_POINT('',(5.340841460597,0.320798106157));
#2067 = CARTESIAN_POINT('',(5.334570197662,0.333806100934));
#2068 = CARTESIAN_POINT('',(5.328156398195,0.346741858311));
#2069 = CARTESIAN_POINT('',(5.321606954976,0.359604298411));
#2070 = CARTESIAN_POINT('',(5.309052941224,0.383645814482));
#2071 = CARTESIAN_POINT('',(5.303077358811,0.39484160218));
#2072 = CARTESIAN_POINT('',(5.297007167614,0.405979814988));
#2073 = CARTESIAN_POINT('',(5.290847380897,0.417060439118));
#2074 = CARTESIAN_POINT('',(5.284602994847,0.428083748774));
#2075 = CARTESIAN_POINT('',(5.272469698307,0.449123667126));
#2076 = CARTESIAN_POINT('',(5.266593233069,0.459149141287));
#2077 = CARTESIAN_POINT('',(5.260653229633,0.46912707439));
#2078 = CARTESIAN_POINT('',(5.254653299318,0.479057993844));
#2079 = CARTESIAN_POINT('',(5.248596878625,0.488942537902));
#2080 = CARTESIAN_POINT('',(5.236775380326,0.507979755836));
#2081 = CARTESIAN_POINT('',(5.231016985902,0.517138153016));
#2082 = CARTESIAN_POINT('',(5.225214701007,0.52625725828));
#2083 = CARTESIAN_POINT('',(5.219370979171,0.535337690188));
#2084 = CARTESIAN_POINT('',(5.213488072414,0.544380074786));
#2085 = CARTESIAN_POINT('',(5.201917899259,0.561979457253));
#2086 = CARTESIAN_POINT('',(5.196233928054,0.570539766902));
#2087 = CARTESIAN_POINT('',(5.19051789919,0.579066526509));
#2088 = CARTESIAN_POINT('',(5.184771384334,0.58756022442));
#2089 = CARTESIAN_POINT('',(5.178995745264,0.596021285368));
#2090 = CARTESIAN_POINT('',(5.167638406883,0.612515940568));
#2091 = CARTESIAN_POINT('',(5.162059051049,0.620552231871));
#2092 = CARTESIAN_POINT('',(5.156455078369,0.628559264178));
#2093 = CARTESIAN_POINT('',(5.150827282204,0.636537232488));
#2094 = CARTESIAN_POINT('',(5.145176237259,0.644486207003));
#2095 = CARTESIAN_POINT('',(5.139502299587,0.652406133131));
#2096 = ( GEOMETRIC_REPRESENTATION_CONTEXT(2) 
PARAMETRIC_REPRESENTATION_CONTEXT() REPRESENTATION_CONTEXT('2D SPACE',''
  ) );
#2097 = ORIENTED_EDGE('',*,*,#2098,.T.);
#2098 = EDGE_CURVE('',#1901,#2099,#2101,.T.);
#2099 = VERTEX_POINT('',#2100);
#2100 = CARTESIAN_POINT('',(850.,-47.70421687516,71.556325313194));
#2101 = SURFACE_CURVE('',#2102,(#2105,#2112),.PCURVE_S1.);
#2102 = B_SPLINE_CURVE_WITH_KNOTS('',1,(#2103,#2104),.UNSPECIFIED.,.F.,
  .F.,(2,2),(0.,1.),.PIECEWISE_BEZIER_KNOTS.);
#2103 = CARTESIAN_POINT('',(650.,-64.,96.));
#2104 = CARTESIAN_POINT('',(850.,-47.70421687516,71.556325313194));
#2105 = PCURVE('',#671,#2106);
#2106 = DEFINITIONAL_REPRESENTATION('',(#2107),#2111);
#2107 = LINE('',#2108,#2109);
#2108 = CARTESIAN_POINT('',(64.,0.));
#2109 = VECTOR('',#2110,1.);
#2110 = DIRECTION('',(0.,1.));
#2111 = ( GEOMETRIC_REPRESENTATION_CONTEXT(2) 
PARAMETRIC_REPRESENTATION_CONTEXT() REPRESENTATION_CONTEXT('2D SPACE',''
  ) );
#2112 = PCURVE('',#2113,#2128);
#2113 = B_SPLINE_SURFACE_WITH_KNOTS('',6,1,(
    (#2114,#2115)
    ,(#2116,#2117)
    ,(#2118,#2119)
    ,(#2120,#2121)
    ,(#2122,#2123)
    ,(#2124,#2125)
    ,(#2126,#2127
    )),.UNSPECIFIED.,.F.,.F.,.F.,(7,7),(2,2),(3.14159265359,
    3.692124872482),(0.,1.),.PIECEWISE_BEZIER_KNOTS.);
#2114 = CARTESIAN_POINT('',(650.,-64.,96.));
#2115 = CARTESIAN_POINT('',(850.,-47.70421687516,71.556325313194));
#2116 = CARTESIAN_POINT('',(650.,-66.93617183409,96.));
#2117 = CARTESIAN_POINT('',(850.,-49.32911072135,70.473062749072));
#2118 = CARTESIAN_POINT('',(649.99999999999,-69.87234306519,
    95.676708713538));
#2119 = CARTESIAN_POINT('',(850.,-50.92448623356,69.345522682723));
#2120 = CARTESIAN_POINT('',(650.,-72.76402227482,95.030125128339));
#2121 = CARTESIAN_POINT('',(850.,-52.4888352045,68.174710519013));
#2122 = CARTESIAN_POINT('',(650.,-75.56669925159,94.068417923475));
#2123 = CARTESIAN_POINT('',(850.,-54.02069518805,66.961700289732));
#2124 = CARTESIAN_POINT('',(649.99999999999,-78.23816696625,
    92.807910484457));
#2125 = CARTESIAN_POINT('',(850.,-55.51865394176,65.707631233278));
#2126 = CARTESIAN_POINT('',(650.,-80.74050830523,91.271878954013));
#2127 = CARTESIAN_POINT('',(850.,-56.98135386927,64.413704374335));
#2128 = DEFINITIONAL_REPRESENTATION('',(#2129),#2133);
#2129 = LINE('',#2130,#2131);
#2130 = CARTESIAN_POINT('',(3.14159265359,0.));
#2131 = VECTOR('',#2132,1.);
#2132 = DIRECTION('',(0.,1.));
#2133 = ( GEOMETRIC_REPRESENTATION_CONTEXT(2) 
PARAMETRIC_REPRESENTATION_CONTEXT() REPRESENTATION_CONTEXT('2D SPACE',''
  ) );
#2134 = ORIENTED_EDGE('',*,*,#2135,.F.);
#2135 = EDGE_CURVE('',#2136,#2099,#2138,.T.);
#2136 = VERTEX_POINT('',#2137);
#2137 = CARTESIAN_POINT('',(850.,47.704216873493,71.556325314306));
#2138 = SURFACE_CURVE('',#2139,(#2144,#2150),.PCURVE_S1.);
#2139 = CIRCLE('',#2140,86.);
#2140 = AXIS2_PLACEMENT_3D('',#2141,#2142,#2143);
#2141 = CARTESIAN_POINT('',(850.,0.,0.));
#2142 = DIRECTION('',(1.,-0.,1.110223024625E-16));
#2143 = DIRECTION('',(1.110223024625E-16,0.,-1.));
#2144 = PCURVE('',#671,#2145);
#2145 = DEFINITIONAL_REPRESENTATION('',(#2146),#2149);
#2146 = B_SPLINE_CURVE_WITH_KNOTS('',1,(#2147,#2148),.UNSPECIFIED.,.F.,
  .F.,(2,2),(2.553590050068,3.729595257134),.PIECEWISE_BEZIER_KNOTS.);
#2147 = CARTESIAN_POINT('',(-63.99999999485,1.));
#2148 = CARTESIAN_POINT('',(64.,1.));
#2149 = ( GEOMETRIC_REPRESENTATION_CONTEXT(2) 
PARAMETRIC_REPRESENTATION_CONTEXT() REPRESENTATION_CONTEXT('2D SPACE',''
  ) );
#2150 = PCURVE('',#2151,#2156);
#2151 = CYLINDRICAL_SURFACE('',#2152,86.);
#2152 = AXIS2_PLACEMENT_3D('',#2153,#2154,#2155);
#2153 = CARTESIAN_POINT('',(850.,0.,0.));
#2154 = DIRECTION('',(1.,-0.,1.110223024625E-16));
#2155 = DIRECTION('',(1.110223024625E-16,0.,-1.));
#2156 = DEFINITIONAL_REPRESENTATION('',(#2157),#2161);
#2157 = LINE('',#2158,#2159);
#2158 = CARTESIAN_POINT('',(0.,0.));
#2159 = VECTOR('',#2160,1.);
#2160 = DIRECTION('',(1.,0.));
#2161 = ( GEOMETRIC_REPRESENTATION_CONTEXT(2) 
PARAMETRIC_REPRESENTATION_CONTEXT() REPRESENTATION_CONTEXT('2D SPACE',''
  ) );
#2162 = ORIENTED_EDGE('',*,*,#2163,.F.);
#2163 = EDGE_CURVE('',#2164,#2136,#2166,.T.);
#2164 = VERTEX_POINT('',#2165);
#2165 = CARTESIAN_POINT('',(829.14436798298,49.403511154534,
    74.105266736247));
#2166 = SURFACE_CURVE('',#2167,(#2170,#2177),.PCURVE_S1.);
#2167 = B_SPLINE_CURVE_WITH_KNOTS('',1,(#2168,#2169),.UNSPECIFIED.,.F.,
  .F.,(2,2),(0.,1.),.PIECEWISE_BEZIER_KNOTS.);
#2168 = CARTESIAN_POINT('',(650.,63.999999994859,96.));
#2169 = CARTESIAN_POINT('',(850.,47.704216873493,71.556325314306));
#2170 = PCURVE('',#671,#2171);
#2171 = DEFINITIONAL_REPRESENTATION('',(#2172),#2176);
#2172 = LINE('',#2173,#2174);
#2173 = CARTESIAN_POINT('',(-63.99999999485,0.));
#2174 = VECTOR('',#2175,1.);
#2175 = DIRECTION('',(0.,1.));
#2176 = ( GEOMETRIC_REPRESENTATION_CONTEXT(2) 
PARAMETRIC_REPRESENTATION_CONTEXT() REPRESENTATION_CONTEXT('2D SPACE',''
  ) );
#2177 = PCURVE('',#2178,#2193);
#2178 = B_SPLINE_SURFACE_WITH_KNOTS('',6,1,(
    (#2179,#2180)
    ,(#2181,#2182)
    ,(#2183,#2184)
    ,(#2185,#2186)
    ,(#2187,#2188)
    ,(#2189,#2190)
    ,(#2191,#2192
    )),.UNSPECIFIED.,.F.,.F.,.F.,(7,7),(2,2),(2.591060434947,
    3.14159265359),(0.,1.),.PIECEWISE_BEZIER_KNOTS.);
#2179 = CARTESIAN_POINT('',(650.,80.740508293277,91.271878958197));
#2180 = CARTESIAN_POINT('',(850.,56.981353863833,64.413704379151));
#2181 = CARTESIAN_POINT('',(649.99999999999,78.238166955044,
    92.807910487319));
#2182 = CARTESIAN_POINT('',(850.,55.518653936872,65.707631237389));
#2183 = CARTESIAN_POINT('',(650.,75.566699241367,94.068417925223));
#2184 = CARTESIAN_POINT('',(849.99999999999,54.020695183742,
    66.96170029317));
#2185 = CARTESIAN_POINT('',(649.99999999999,72.764022265739,
    95.030125129218));
#2186 = CARTESIAN_POINT('',(850.,52.488835200803,68.174710521814));
#2187 = CARTESIAN_POINT('',(650.,69.872343057387,95.676708713833));
#2188 = CARTESIAN_POINT('',(850.,50.924486230516,69.345522684923));
#2189 = CARTESIAN_POINT('',(649.99999999999,66.936171827617,96.));
#2190 = CARTESIAN_POINT('',(849.99999999999,49.329110718983,
    70.473062750707));
#2191 = CARTESIAN_POINT('',(650.,63.999999994859,96.));
#2192 = CARTESIAN_POINT('',(850.,47.704216873493,71.556325314306));
#2193 = DEFINITIONAL_REPRESENTATION('',(#2194),#2198);
#2194 = LINE('',#2195,#2196);
#2195 = CARTESIAN_POINT('',(3.14159265359,0.));
#2196 = VECTOR('',#2197,1.);
#2197 = DIRECTION('',(0.,1.));
#2198 = ( GEOMETRIC_REPRESENTATION_CONTEXT(2) 
PARAMETRIC_REPRESENTATION_CONTEXT() REPRESENTATION_CONTEXT('2D SPACE',''
  ) );
#2199 = ORIENTED_EDGE('',*,*,#2200,.T.);
#2200 = EDGE_CURVE('',#2164,#2201,#2203,.T.);
#2201 = VERTEX_POINT('',#2202);
#2202 = CARTESIAN_POINT('',(790.,42.363270990955,82.550276262383));
#2203 = SURFACE_CURVE('',#2204,(#2262,#2323),.PCURVE_S1.);
#2204 = B_SPLINE_CURVE_WITH_KNOTS('',6,(#2205,#2206,#2207,#2208,#2209,
    #2210,#2211,#2212,#2213,#2214,#2215,#2216,#2217,#2218,#2219,#2220,
    #2221,#2222,#2223,#2224,#2225,#2226,#2227,#2228,#2229,#2230,#2231,
    #2232,#2233,#2234,#2235,#2236,#2237,#2238,#2239,#2240,#2241,#2242,
    #2243,#2244,#2245,#2246,#2247,#2248,#2249,#2250,#2251,#2252,#2253,
    #2254,#2255,#2256,#2257,#2258,#2259,#2260,#2261),.UNSPECIFIED.,.F.,
  .F.,(7,5,5,5,5,5,5,5,5,5,5,7),(0.,8.796307959434E-02,0.151827223623,
    0.218006314662,0.286856404779,0.359713743043,0.437384139197,
    0.5224576942,0.617819132555,0.76528654986,0.962266734949,1.),
  .UNSPECIFIED.);
#2205 = CARTESIAN_POINT('',(829.14436798298,49.403511154534,
    74.105266736247));
#2206 = CARTESIAN_POINT('',(828.63164785908,49.246873355823,
    74.280306525688));
#2207 = CARTESIAN_POINT('',(828.11690250492,49.090908849009,
    74.453459789129));
#2208 = CARTESIAN_POINT('',(827.60013279984,48.935658853426,
    74.624739249011));
#2209 = CARTESIAN_POINT('',(827.08133123224,48.781175284384,
    74.794154226495));
#2210 = CARTESIAN_POINT('',(826.56048189961,48.62752075317,
    74.961710641468));
#2211 = CARTESIAN_POINT('',(825.65790207676,48.363865312769,
    75.247715070482));
#2212 = CARTESIAN_POINT('',(825.27715164271,48.253437363869,
    75.367040990726));
#2213 = CARTESIAN_POINT('',(824.89529978245,48.14351251999,
    75.485389950505));
#2214 = CARTESIAN_POINT('',(824.51233579803,48.034120778345,
    75.602762634883));
#2215 = CARTESIAN_POINT('',(824.12824771741,47.925294333717,
    75.719159236748));
#2216 = CARTESIAN_POINT('',(823.34383322311,47.704917822364,
    75.954183428959));
#2217 = CARTESIAN_POINT('',(822.94342320249,47.59341183865,
    76.072739033567));
#2218 = CARTESIAN_POINT('',(822.54177751103,47.482587901256,
    76.190245945701));
#2219 = CARTESIAN_POINT('',(822.13888113062,47.372486200718,
    76.306703551385));
#2220 = CARTESIAN_POINT('',(821.73471874666,47.263148844168,
    76.422110947605));
#2221 = CARTESIAN_POINT('',(820.90746696016,47.041710626059,
    76.655438362967));
#2222 = CARTESIAN_POINT('',(820.48427238141,46.929676108759,
    76.773271883939));
#2223 = CARTESIAN_POINT('',(820.05967343315,46.818565914,76.889966161795
    ));
#2224 = CARTESIAN_POINT('',(819.63365344965,46.70843112838,
    77.005519803772));
#2225 = CARTESIAN_POINT('',(819.20619667815,46.599324314531,
    77.119931367759));
#2226 = CARTESIAN_POINT('',(818.32341632723,46.376987413208,
    77.353059834273));
#2227 = CARTESIAN_POINT('',(817.86791928352,46.263886591897,
    77.471639853979));
#2228 = CARTESIAN_POINT('',(817.41077954411,46.152061192416,
    77.588937634704));
#2229 = CARTESIAN_POINT('',(816.95198216864,46.041575993686,
    77.704951705368));
#2230 = CARTESIAN_POINT('',(816.49151487992,45.932496408318,
    77.81968091053));
#2231 = CARTESIAN_POINT('',(815.5366911702,45.710171867432,
    78.054062139276));
#2232 = CARTESIAN_POINT('',(815.04210603,45.597127141257,78.17353884989)
  );
#2233 = CARTESIAN_POINT('',(814.54560100321,45.485834563125,
    78.291553475974));
#2234 = CARTESIAN_POINT('',(814.0471697339,45.376372999258,
    78.408105950949));
#2235 = CARTESIAN_POINT('',(813.54681115044,45.268819923058,
    78.523197207919));
#2236 = CARTESIAN_POINT('',(812.49437274611,45.047620731799,
    78.761291975617));
#2237 = CARTESIAN_POINT('',(811.94190940622,44.934369666693,
    78.884004360704));
#2238 = CARTESIAN_POINT('',(811.38714512682,44.82359875095,
    79.004968756447));
#2239 = CARTESIAN_POINT('',(810.83009528967,44.715401867757,
    79.124190155127));
#2240 = CARTESIAN_POINT('',(810.27078497726,44.609866252332,
    79.241676119785));
#2241 = CARTESIAN_POINT('',(809.07980688954,44.391847683246,
    79.487196365904));
#2242 = CARTESIAN_POINT('',(808.44756755694,44.280066740967,
    79.614788589664));
#2243 = CARTESIAN_POINT('',(807.81258264161,44.171840829506,
    79.740227909348));
#2244 = CARTESIAN_POINT('',(807.17491709837,44.067265617537,
    79.863534567138));
#2245 = CARTESIAN_POINT('',(806.5346521207,43.966415817904,
    79.984735246137));
#2246 = CARTESIAN_POINT('',(804.89791450124,43.719220746252,
    80.28808460272));
#2247 = CARTESIAN_POINT('',(803.89794824956,43.578123587729,
    80.467353183176));
#2248 = CARTESIAN_POINT('',(802.892380752,43.446229954245,
    80.641790145994));
#2249 = CARTESIAN_POINT('',(801.88164748625,43.323558618502,
    80.811570057329));
#2250 = CARTESIAN_POINT('',(800.86624698763,43.209917421618,
    80.976922942361));
#2251 = CARTESIAN_POINT('',(798.48497587288,42.964518037353,
    81.353476654296));
#2252 = CARTESIAN_POINT('',(797.11584058573,42.839482132363,
    81.561439953227));
#2253 = CARTESIAN_POINT('',(795.74073589977,42.728673479239,
    81.762708887125));
#2254 = CARTESIAN_POINT('',(794.3609919618,42.630169489913,
    81.958193431395));
#2255 = CARTESIAN_POINT('',(792.97793014066,42.541024340057,
    82.149019447129));
#2256 = CARTESIAN_POINT('',(791.32753874612,42.441174134971,
    82.372391659477));
#2257 = CARTESIAN_POINT('',(791.06214258873,42.425318118765,
    82.40817828287));
#2258 = CARTESIAN_POINT('',(790.79668142097,42.409630114908,
    82.443850641707));
#2259 = CARTESIAN_POINT('',(790.53116441474,42.394080513844,
    82.479418052092));
#2260 = CARTESIAN_POINT('',(790.26560082706,42.378638287834,
    82.514890024223));
#2261 = CARTESIAN_POINT('',(790.,42.363270990955,82.550276262383));
#2262 = PCURVE('',#671,#2263);
#2263 = DEFINITIONAL_REPRESENTATION('',(#2264),#2322);
#2264 = B_SPLINE_CURVE_WITH_KNOTS('',6,(#2265,#2266,#2267,#2268,#2269,
    #2270,#2271,#2272,#2273,#2274,#2275,#2276,#2277,#2278,#2279,#2280,
    #2281,#2282,#2283,#2284,#2285,#2286,#2287,#2288,#2289,#2290,#2291,
    #2292,#2293,#2294,#2295,#2296,#2297,#2298,#2299,#2300,#2301,#2302,
    #2303,#2304,#2305,#2306,#2307,#2308,#2309,#2310,#2311,#2312,#2313,
    #2314,#2315,#2316,#2317,#2318,#2319,#2320,#2321),.UNSPECIFIED.,.F.,
  .F.,(7,5,5,5,5,5,5,5,5,5,5,7),(0.,8.796307959434E-02,0.151827223623,
    0.218006314662,0.286856404779,0.359713743043,0.437384139197,
    0.5224576942,0.617819132555,0.76528654986,0.962266734949,1.),
  .UNSPECIFIED.);
#2265 = CARTESIAN_POINT('',(-63.99999999485,0.895721839915));
#2266 = CARTESIAN_POINT('',(-63.71375062826,0.893158239295));
#2267 = CARTESIAN_POINT('',(-63.42961642067,0.890584512525));
#2268 = CARTESIAN_POINT('',(-63.1476279006,0.888000663999));
#2269 = CARTESIAN_POINT('',(-62.86782940472,0.885406656161));
#2270 = CARTESIAN_POINT('',(-62.59027907783,0.882802409498));
#2271 = CARTESIAN_POINT('',(-62.11522244491,0.878289510384));
#2272 = CARTESIAN_POINT('',(-61.91661848928,0.876385758214));
#2273 = CARTESIAN_POINT('',(-61.71926412487,0.874476498912));
#2274 = CARTESIAN_POINT('',(-61.52318917439,0.87256167899));
#2275 = CARTESIAN_POINT('',(-61.32842616436,0.870641238587));
#2276 = CARTESIAN_POINT('',(-60.93458355137,0.866719166116));
#2277 = CARTESIAN_POINT('',(-60.73560313639,0.864717116012));
#2278 = CARTESIAN_POINT('',(-60.53810828146,0.862708887555));
#2279 = CARTESIAN_POINT('',(-60.34214045929,0.860694405653));
#2280 = CARTESIAN_POINT('',(-60.1477434141,0.858673593733));
#2281 = CARTESIAN_POINT('',(-59.75440227477,0.854537334801));
#2282 = CARTESIAN_POINT('',(-59.55559102632,0.852421361907));
#2283 = CARTESIAN_POINT('',(-59.35858127338,0.850298367166));
#2284 = CARTESIAN_POINT('',(-59.16342651789,0.848168267248));
#2285 = CARTESIAN_POINT('',(-58.97018190662,0.846030983391));
#2286 = CARTESIAN_POINT('',(-58.57649373921,0.841617081636));
#2287 = CARTESIAN_POINT('',(-58.3762853597,0.839339596418));
#2288 = CARTESIAN_POINT('',(-58.17834652068,0.837053897721));
#2289 = CARTESIAN_POINT('',(-57.98274515767,0.834759910843));
#2290 = CARTESIAN_POINT('',(-57.78954971358,0.8324575744));
#2291 = CARTESIAN_POINT('',(-57.39550934403,0.827683455851));
#2292 = CARTESIAN_POINT('',(-57.1950014162,0.82521053015));
#2293 = CARTESIAN_POINT('',(-56.99738918088,0.822728005016));
#2294 = CARTESIAN_POINT('',(-56.80275435883,0.82023584867));
#2295 = CARTESIAN_POINT('',(-56.6111765659,0.817734055752));
#2296 = CARTESIAN_POINT('',(-56.21632868847,0.812471863731));
#2297 = CARTESIAN_POINT('',(-56.01368302413,0.809709547031));
#2298 = CARTESIAN_POINT('',(-55.81489884242,0.806935725634));
#2299 = CARTESIAN_POINT('',(-55.62006992862,0.804150476448));
#2300 = CARTESIAN_POINT('',(-55.42928133088,0.801353924886));
#2301 = CARTESIAN_POINT('',(-55.03336295018,0.795399034448));
#2302 = CARTESIAN_POINT('',(-54.82928740247,0.792237837785));
#2303 = CARTESIAN_POINT('',(-54.63048759352,0.789062913208));
#2304 = CARTESIAN_POINT('',(-54.43704812374,0.785874585492));
#2305 = CARTESIAN_POINT('',(-54.24902711008,0.782673260604));
#2306 = CARTESIAN_POINT('',(-53.78411175812,0.774489572506));
#2307 = CARTESIAN_POINT('',(-53.51478711452,0.769489741248));
#2308 = CARTESIAN_POINT('',(-53.25857628833,0.76446190376));
#2309 = CARTESIAN_POINT('',(-53.01537092448,0.759408237431));
#2310 = CARTESIAN_POINT('',(-52.78480307225,0.754331234938));
#2311 = CARTESIAN_POINT('',(-52.27418645323,0.742424879364));
#2312 = CARTESIAN_POINT('',(-52.00350420473,0.735579202929));
#2313 = CARTESIAN_POINT('',(-51.75253231544,0.728703679499));
#2314 = CARTESIAN_POINT('',(-51.51861159665,0.721804959809));
#2315 = CARTESIAN_POINT('',(-51.29786835504,0.714889650703));
#2316 = CARTESIAN_POINT('',(-51.04447378752,0.706637693731));
#2317 = CARTESIAN_POINT('',(-51.00403394117,0.705310712944));
#2318 = CARTESIAN_POINT('',(-50.96385493369,0.703983407105));
#2319 = CARTESIAN_POINT('',(-50.92389936297,0.702655822074));
#2320 = CARTESIAN_POINT('',(-50.88412822775,0.701328004135));
#2321 = CARTESIAN_POINT('',(-50.84450092755,0.7));
#2322 = ( GEOMETRIC_REPRESENTATION_CONTEXT(2) 
PARAMETRIC_REPRESENTATION_CONTEXT() REPRESENTATION_CONTEXT('2D SPACE',''
  ) );
#2323 = PCURVE('',#2324,#2367);
#2324 = ( BOUNDED_SURFACE() B_SPLINE_SURFACE(6,5,(
    (#2325,#2326,#2327,#2328,#2329,#2330)
    ,(#2331,#2332,#2333,#2334,#2335,#2336)
    ,(#2337,#2338,#2339,#2340,#2341,#2342)
    ,(#2343,#2344,#2345,#2346,#2347,#2348)
    ,(#2349,#2350,#2351,#2352,#2353,#2354)
    ,(#2355,#2356,#2357,#2358,#2359,#2360)
    ,(#2361,#2362,#2363,#2364,#2365,#2366
)),.UNSPECIFIED.,.T.,.F.,.F.) B_SPLINE_SURFACE_WITH_KNOTS((1,6,6,1),(6,6
    ),(-6.28318530718,0.,6.28318530718,12.566370614359),(0.,1.),
.UNSPECIFIED.) GEOMETRIC_REPRESENTATION_ITEM() RATIONAL_B_SPLINE_SURFACE
((
    (1.669078461068,1.669078461068,1.669078461068,1.669078461068
      ,1.669078461068,1.669078461068)
    ,(1.03672962321,1.03672962321,1.03672962321,1.03672962321
      ,1.03672962321,1.03672962321)
    ,(1.038346699848,1.038346699848,1.038346699848,1.038346699848
      ,1.038346699848,1.038346699848)
    ,(0.853534330196,0.853534330196,0.853534330196,0.853534330196
      ,0.853534330196,0.853534330196)
    ,(1.038346699848,1.038346699848,1.038346699848,1.038346699848
      ,1.038346699848,1.038346699848)
    ,(1.03672962321,1.03672962321,1.03672962321,1.03672962321
      ,1.03672962321,1.03672962321)
    ,(1.669078461068,1.669078461068,1.669078461068,1.669078461068
,1.669078461068,1.669078461068))) REPRESENTATION_ITEM('') SURFACE() );
#2325 = CARTESIAN_POINT('',(790.,104.6518036156,45.254833995939));
#2326 = CARTESIAN_POINT('',(802.,104.80154387515,45.404574255484));
#2327 = CARTESIAN_POINT('',(814.,104.9512841347,45.55431451503));
#2328 = CARTESIAN_POINT('',(826.,107.48023074035,48.083261120685));
#2329 = CARTESIAN_POINT('',(838.,107.48023074035,48.083261120685));
#2330 = CARTESIAN_POINT('',(850.,107.48023074035,48.083261120685));
#2331 = CARTESIAN_POINT('',(790.,132.84912463888,73.452155019215));
#2332 = CARTESIAN_POINT('',(802.,132.99886489843,73.601895278761));
#2333 = CARTESIAN_POINT('',(814.,133.14860515797,73.751635538306));
#2334 = CARTESIAN_POINT('',(826.,135.67755176363,76.280582143962));
#2335 = CARTESIAN_POINT('',(838.,135.67755176363,76.280582143962));
#2336 = CARTESIAN_POINT('',(850.,135.67755176363,76.280582143962));
#2337 = CARTESIAN_POINT('',(790.,75.880811816569,138.51777865303));
#2338 = CARTESIAN_POINT('',(802.,76.030552076114,138.66751891258));
#2339 = CARTESIAN_POINT('',(814.,76.18029233566,138.81725917212));
#2340 = CARTESIAN_POINT('',(826.,78.709238941315,141.34620577778));
#2341 = CARTESIAN_POINT('',(838.,78.709238941315,141.34620577778));
#2342 = CARTESIAN_POINT('',(850.,78.709238941315,141.34620577778));
#2343 = CARTESIAN_POINT('',(790.,-6.691288313256,156.5979259248));
#2344 = CARTESIAN_POINT('',(802.,-6.541548053711,156.74766618435));
#2345 = CARTESIAN_POINT('',(814.,-6.391807794165,156.89740644389));
#2346 = CARTESIAN_POINT('',(826.,-3.86286118851,159.42635304955));
#2347 = CARTESIAN_POINT('',(838.,-3.86286118851,159.42635304955));
#2348 = CARTESIAN_POINT('',(850.,-3.86286118851,159.42635304955));
#2349 = CARTESIAN_POINT('',(790.,11.388858958513,74.025825794979));
#2350 = CARTESIAN_POINT('',(802.,11.538599218058,74.175566054524));
#2351 = CARTESIAN_POINT('',(814.,11.688339477604,74.32530631407));
#2352 = CARTESIAN_POINT('',(826.,14.217286083259,76.854252919725));
#2353 = CARTESIAN_POINT('',(838.,14.217286083259,76.854252919725));
#2354 = CARTESIAN_POINT('',(850.,14.217286083259,76.854252919725));
#2355 = CARTESIAN_POINT('',(790.,76.454482592333,17.057512972663));
#2356 = CARTESIAN_POINT('',(802.,76.604222851878,17.207253232208));
#2357 = CARTESIAN_POINT('',(814.,76.753963111423,17.356993491753));
#2358 = CARTESIAN_POINT('',(826.,79.282909717079,19.885940097409));
#2359 = CARTESIAN_POINT('',(838.,79.282909717079,19.885940097409));
#2360 = CARTESIAN_POINT('',(850.,79.282909717079,19.885940097409));
#2361 = CARTESIAN_POINT('',(790.,104.6518036156,45.254833995939));
#2362 = CARTESIAN_POINT('',(802.,104.80154387515,45.404574255484));
#2363 = CARTESIAN_POINT('',(814.,104.9512841347,45.55431451503));
#2364 = CARTESIAN_POINT('',(826.,107.48023074035,48.083261120685));
#2365 = CARTESIAN_POINT('',(838.,107.48023074035,48.083261120685));
#2366 = CARTESIAN_POINT('',(850.,107.48023074035,48.083261120685));
#2367 = DEFINITIONAL_REPRESENTATION('',(#2368),#2426);
#2368 = B_SPLINE_CURVE_WITH_KNOTS('',6,(#2369,#2370,#2371,#2372,#2373,
    #2374,#2375,#2376,#2377,#2378,#2379,#2380,#2381,#2382,#2383,#2384,
    #2385,#2386,#2387,#2388,#2389,#2390,#2391,#2392,#2393,#2394,#2395,
    #2396,#2397,#2398,#2399,#2400,#2401,#2402,#2403,#2404,#2405,#2406,
    #2407,#2408,#2409,#2410,#2411,#2412,#2413,#2414,#2415,#2416,#2417,
    #2418,#2419,#2420,#2421,#2422,#2423,#2424,#2425),.UNSPECIFIED.,.F.,
  .F.,(7,5,5,5,5,5,5,5,5,5,5,7),(0.,8.796307959434E-02,0.151827223623,
    0.218006314662,0.286856404779,0.359713743043,0.437384139197,
    0.5224576942,0.617819132555,0.76528654986,0.962266734949,1.),
  .UNSPECIFIED.);
#2369 = CARTESIAN_POINT('',(4.283306979718,0.652406131518));
#2370 = CARTESIAN_POINT('',(4.27717108091,0.643860797859));
#2371 = CARTESIAN_POINT('',(4.2710617724,0.635281708683));
#2372 = CARTESIAN_POINT('',(4.264979494797,0.626668879931));
#2373 = CARTESIAN_POINT('',(4.258924991802,0.618022187067));
#2374 = CARTESIAN_POINT('',(4.252899310209,0.609341365078));
#2375 = CARTESIAN_POINT('',(4.242550857241,0.594298367946));
#2376 = CARTESIAN_POINT('',(4.238213810176,0.587952527379));
#2377 = CARTESIAN_POINT('',(4.233893167735,0.581588329708));
#2378 = CARTESIAN_POINT('',(4.22958950606,0.575205596634));
#2379 = CARTESIAN_POINT('',(4.225303468405,0.568804128623));
#2380 = CARTESIAN_POINT('',(4.216613366216,0.555730553719));
#2381 = CARTESIAN_POINT('',(4.212210651537,0.549057053375));
#2382 = CARTESIAN_POINT('',(4.207828411592,0.542362958517));
#2383 = CARTESIAN_POINT('',(4.20346750263,0.535648018844));
#2384 = CARTESIAN_POINT('',(4.199128846653,0.528911979111));
#2385 = CARTESIAN_POINT('',(4.190323845515,0.515124449336));
#2386 = CARTESIAN_POINT('',(4.1858594098,0.508071206357));
#2387 = CARTESIAN_POINT('',(4.181421237591,0.500994557219));
#2388 = CARTESIAN_POINT('',(4.177010504197,0.493894224161));
#2389 = CARTESIAN_POINT('',(4.172628446925,0.486769944636));
#2390 = CARTESIAN_POINT('',(4.163670981723,0.472056938787));
#2391 = CARTESIAN_POINT('',(4.159099156835,0.464465321392));
#2392 = CARTESIAN_POINT('',(4.154562433365,0.456846325735));
#2393 = CARTESIAN_POINT('',(4.150062405175,0.449199702811));
#2394 = CARTESIAN_POINT('',(4.145600717044,0.441525247999));
#2395 = CARTESIAN_POINT('',(4.13646531298,0.425611519503));
#2396 = CARTESIAN_POINT('',(4.131797045309,0.417368433833));
#2397 = CARTESIAN_POINT('',(4.127176323802,0.409093350054));
#2398 = CARTESIAN_POINT('',(4.122605220527,0.400786162232));
#2399 = CARTESIAN_POINT('',(4.118085817468,0.392446852507));
#2400 = CARTESIAN_POINT('',(4.108728958586,0.374906212435));
#2401 = CARTESIAN_POINT('',(4.103902208821,0.365698490104));
#2402 = CARTESIAN_POINT('',(4.099142724999,0.35645241878));
#2403 = CARTESIAN_POINT('',(4.094453157536,0.347168254828));
#2404 = CARTESIAN_POINT('',(4.089836039504,0.337846416288));
#2405 = CARTESIAN_POINT('',(4.080202234168,0.317996781492));
#2406 = CARTESIAN_POINT('',(4.075204709492,0.307459459282));
#2407 = CARTESIAN_POINT('',(4.070304549163,0.29687637736));
#2408 = CARTESIAN_POINT('',(4.065504747874,0.286248618306));
#2409 = CARTESIAN_POINT('',(4.060807789799,0.275577535345));
#2410 = CARTESIAN_POINT('',(4.049113907702,0.248298575021));
#2411 = CARTESIAN_POINT('',(4.042262469817,0.231632470826));
#2412 = CARTESIAN_POINT('',(4.03566798014,0.214873012533));
#2413 = CARTESIAN_POINT('',(4.029332839581,0.198027458104));
#2414 = CARTESIAN_POINT('',(4.023253456694,0.181104116461));
#2415 = CARTESIAN_POINT('',(4.009624825283,0.141416264548));
#2416 = CARTESIAN_POINT('',(4.00226706469,0.118597343096));
#2417 = CARTESIAN_POINT('',(3.995318816274,9.567893166286E-02));
#2418 = CARTESIAN_POINT('',(3.988727820901,7.268319936335E-02));
#2419 = CARTESIAN_POINT('',(3.982410334762,4.963216901104E-02));
#2420 = CARTESIAN_POINT('',(3.975069193565,2.212564576875E-02));
#2421 = CARTESIAN_POINT('',(3.973894751235,1.770237647895E-02));
#2422 = CARTESIAN_POINT('',(3.972725228712,1.327802368289E-02));
#2423 = CARTESIAN_POINT('',(3.971559759304,8.852740245806E-03));
#2424 = CARTESIAN_POINT('',(3.970397431985,4.426680451027E-03));
#2425 = CARTESIAN_POINT('',(3.969237291397,-5.684341896745E-15));
#2426 = ( GEOMETRIC_REPRESENTATION_CONTEXT(2) 
PARAMETRIC_REPRESENTATION_CONTEXT() REPRESENTATION_CONTEXT('2D SPACE',''
  ) );
#2427 = ORIENTED_EDGE('',*,*,#2428,.T.);
#2428 = EDGE_CURVE('',#2201,#2429,#2431,.T.);
#2429 = VERTEX_POINT('',#2430);
#2430 = CARTESIAN_POINT('',(656.56758593406,63.464880214797,
    95.197320329787));
#2431 = SURFACE_CURVE('',#2432,(#2525,#2621),.PCURVE_S1.);
#2432 = B_SPLINE_CURVE_WITH_KNOTS('',7,(#2433,#2434,#2435,#2436,#2437,
    #2438,#2439,#2440,#2441,#2442,#2443,#2444,#2445,#2446,#2447,#2448,
    #2449,#2450,#2451,#2452,#2453,#2454,#2455,#2456,#2457,#2458,#2459,
    #2460,#2461,#2462,#2463,#2464,#2465,#2466,#2467,#2468,#2469,#2470,
    #2471,#2472,#2473,#2474,#2475,#2476,#2477,#2478,#2479,#2480,#2481,
    #2482,#2483,#2484,#2485,#2486,#2487,#2488,#2489,#2490,#2491,#2492,
    #2493,#2494,#2495,#2496,#2497,#2498,#2499,#2500,#2501,#2502,#2503,
    #2504,#2505,#2506,#2507,#2508,#2509,#2510,#2511,#2512,#2513,#2514,
    #2515,#2516,#2517,#2518,#2519,#2520,#2521,#2522,#2523,#2524),
  .UNSPECIFIED.,.F.,.F.,(8,6,6,6,6,6,6,6,6,6,6,6,6,6,6,8),(0.,
    9.061919399475E-02,0.224182065305,0.397379897574,0.568154872401,
    0.678972358497,0.751617064245,0.796751295516,0.833839038412,
    0.865059425329,0.891682750504,0.911958923702,0.929844490327,
    0.945721764735,0.959871134461,1.),.UNSPECIFIED.);
#2433 = CARTESIAN_POINT('',(790.,42.363270963442,82.550276271016));
#2434 = CARTESIAN_POINT('',(788.19334954552,42.320942171244,
    82.77146152999));
#2435 = CARTESIAN_POINT('',(786.38511434822,42.284772883891,
    82.988866194167));
#2436 = CARTESIAN_POINT('',(784.57544305241,42.254659198588,
    83.202711191738));
#2437 = CARTESIAN_POINT('',(782.76447088301,42.230519597234,
    83.413197269365));
#2438 = CARTESIAN_POINT('',(780.95232040413,42.212292927496,
    83.62050792986));
#2439 = CARTESIAN_POINT('',(779.13910227751,42.19993638388,
    83.824812369856));
#2440 = CARTESIAN_POINT('',(774.65100206763,42.183824411498,
    84.323192630305));
#2441 = CARTESIAN_POINT('',(771.97499591875,42.186919360197,
    84.613928196777));
#2442 = CARTESIAN_POINT('',(769.29721192062,42.20262657791,
    84.898978418258));
#2443 = CARTESIAN_POINT('',(766.6179421802,42.230940307471,
    85.178789888577));
#2444 = CARTESIAN_POINT('',(763.93745825504,42.271928206688,
    85.453762935895));
#2445 = CARTESIAN_POINT('',(761.25601284306,42.3257287635,
    85.724262064559));
#2446 = CARTESIAN_POINT('',(755.09573214238,42.479197757685,
    86.336034527586));
#2447 = CARTESIAN_POINT('',(751.61643846788,42.587740485236,
    86.674485340008));
#2448 = CARTESIAN_POINT('',(748.13645670616,42.718630770641,
    87.006717072441));
#2449 = CARTESIAN_POINT('',(744.65631752106,42.872528179917,
    87.333381846381));
#2450 = CARTESIAN_POINT('',(741.17658880832,43.050298536925,
    87.655071420507));
#2451 = CARTESIAN_POINT('',(737.69787908916,43.253052604926,
    87.972336712652));
#2452 = CARTESIAN_POINT('',(730.79244397367,43.708186993448,
    88.594681830078));
#2453 = CARTESIAN_POINT('',(727.36575996824,43.959830146638,
    88.899862265414));
#2454 = CARTESIAN_POINT('',(723.9413638236,44.23852043797,
    89.201749150139));
#2455 = CARTESIAN_POINT('',(720.52003297484,44.54594640022,
    89.500809776248));
#2456 = CARTESIAN_POINT('',(717.10275220647,44.884142500093,
    89.797486427039));
#2457 = CARTESIAN_POINT('',(713.69073686488,45.255657466714,
    90.092209271389));
#2458 = CARTESIAN_POINT('',(708.07576859179,45.928755576551,
    90.575666918945));
#2459 = CARTESIAN_POINT('',(705.86897011983,46.209090848761,
    90.76527874093));
#2460 = CARTESIAN_POINT('',(703.66547631741,46.505792610384,
    90.954361441061));
#2461 = CARTESIAN_POINT('',(701.46582017573,46.819932161035,
    91.143025712622));
#2462 = CARTESIAN_POINT('',(699.27067617927,47.152752479908,
    91.331376232153));
#2463 = CARTESIAN_POINT('',(697.08087948665,47.505748145115,
    91.519512153724));
#2464 = CARTESIAN_POINT('',(693.46615124711,48.1266652637,
    91.830776476379));
#2465 = CARTESIAN_POINT('',(692.03761307388,48.38200225833,
    91.953971642108));
#2466 = CARTESIAN_POINT('',(690.6121312726,48.647345188356,
    92.077138506932));
#2467 = CARTESIAN_POINT('',(689.19007008124,48.923294243828,
    92.200298811096));
#2468 = CARTESIAN_POINT('',(687.77187537536,49.210531183198,
    92.323469475204));
#2469 = CARTESIAN_POINT('',(686.35808551087,49.50985112315,
    92.446661775973));
#2470 = CARTESIAN_POINT('',(684.07409936973,50.01628549287,
    92.646435247662));
#2471 = CARTESIAN_POINT('',(683.20081035117,50.21538920357,
    92.722999781957));
#2472 = CARTESIAN_POINT('',(682.32963884316,50.419756273281,
    92.799574194531));
#2473 = CARTESIAN_POINT('',(681.46077008192,50.629637960944,
    92.876157220288));
#2474 = CARTESIAN_POINT('',(680.59442078489,50.845313137337,
    92.952745144046));
#2475 = CARTESIAN_POINT('',(679.73084241807,51.067095794952,
    93.029331428252));
#2476 = CARTESIAN_POINT('',(678.16321888951,51.482897884289,
    93.168829541699));
#2477 = CARTESIAN_POINT('',(677.45818618491,51.674816217244,
    93.231744498078));
#2478 = CARTESIAN_POINT('',(676.75538622297,51.871297303523,
    93.294645834261));
#2479 = CARTESIAN_POINT('',(676.05500667301,52.072557155257,
    93.35752581029));
#2480 = CARTESIAN_POINT('',(675.35726617573,52.278834053617,
    93.420373893564));
#2481 = CARTESIAN_POINT('',(674.66241751856,52.490394552501,
    93.483176330561));
#2482 = CARTESIAN_POINT('',(673.38850722329,52.890331797282,
    93.59872959979));
#2483 = CARTESIAN_POINT('',(672.80852484538,53.07707933391,
    93.651498225762));
#2484 = CARTESIAN_POINT('',(672.2309758028,53.267963268539,
    93.704211250274));
#2485 = CARTESIAN_POINT('',(671.65606168497,53.463178312547,
    93.756855546972));
#2486 = CARTESIAN_POINT('',(671.08401678004,53.662937783826,
    93.809414719418));
#2487 = CARTESIAN_POINT('',(670.51511130985,53.867478678342,
    93.861868611134));
#2488 = CARTESIAN_POINT('',(669.46745901864,54.255794035143,
    93.958812506687));
#2489 = CARTESIAN_POINT('',(668.98777807016,54.438189067755,
    94.003337269852));
#2490 = CARTESIAN_POINT('',(668.51080257954,54.624418259437,
    94.047752015358));
#2491 = CARTESIAN_POINT('',(668.03675551185,54.814658800907,
    94.09203836806));
#2492 = CARTESIAN_POINT('',(667.56589524518,55.009102818854,
    94.136174126962));
#2493 = CARTESIAN_POINT('',(667.09851877859,55.207961541095,
    94.180132724711));
#2494 = CARTESIAN_POINT('',(666.28192500203,55.566460011127,
    94.257202403424));
#2495 = CARTESIAN_POINT('',(665.93110688631,55.724145290214,
    94.290400670039));
#2496 = CARTESIAN_POINT('',(665.58266046906,55.884629341177,
    94.323463530691));
#2497 = CARTESIAN_POINT('',(665.23675679304,56.048021039154,
    94.356374712212));
#2498 = CARTESIAN_POINT('',(664.89358956306,56.214435704742,
    94.38911533763));
#2499 = CARTESIAN_POINT('',(664.55337664108,56.383996716489,
    94.421663639273));
#2500 = CARTESIAN_POINT('',(663.91908129959,56.709299290201,
    94.482513798763));
#2501 = CARTESIAN_POINT('',(663.62429317636,56.864311170129,
    94.510863495334));
#2502 = CARTESIAN_POINT('',(663.33216367031,57.021964654098,
    94.539026674031));
#2503 = CARTESIAN_POINT('',(663.04288181543,57.182354029502,
    94.566983657986));
#2504 = CARTESIAN_POINT('',(662.7566602387,57.345576916341,
    94.59471192379));
#2505 = CARTESIAN_POINT('',(662.4737362176,57.511735203367,
    94.622185844267));
#2506 = CARTESIAN_POINT('',(661.94637774774,57.831137915908,
    94.673513943531));
#2507 = CARTESIAN_POINT('',(661.70119254164,57.983735289449,
    94.697427680341));
#2508 = CARTESIAN_POINT('',(661.45900018543,58.138803220301,
    94.721097624778));
#2509 = CARTESIAN_POINT('',(661.22000696311,58.296416290322,
    94.744500742173));
#2510 = CARTESIAN_POINT('',(660.98444237653,58.456648547764,
    94.767610980086));
#2511 = CARTESIAN_POINT('',(660.75255914535,58.619573507279,
    94.790399268306));
#2512 = CARTESIAN_POINT('',(660.32151219368,58.932922910272,
    94.832826241286));
#2513 = CARTESIAN_POINT('',(660.12153735171,59.082775936737,
    94.852537372317));
#2514 = CARTESIAN_POINT('',(659.92490366764,59.234874953719,
    94.871944084564));
#2515 = CARTESIAN_POINT('',(659.7318269891,59.389267431024,
    94.891020886656));
#2516 = CARTESIAN_POINT('',(659.54254294408,59.545995873396,
    94.909739613619));
#2517 = CARTESIAN_POINT('',(659.35730586005,59.70509711004,
    94.928069417267));
#2518 = CARTESIAN_POINT('',(658.66328769645,60.324642555877,
    94.996763567449));
#2519 = CARTESIAN_POINT('',(658.184991316,60.801955007757,
    95.044145816341));
#2520 = CARTESIAN_POINT('',(657.74753721989,61.299353186691,
    95.087375102354));
#2521 = CARTESIAN_POINT('',(657.3587558363,61.816705742219,
    95.125462422799));
#2522 = CARTESIAN_POINT('',(657.02749411262,62.352629688461,
    95.157239328257));
#2523 = CARTESIAN_POINT('',(656.76219944729,62.903992422405,
    95.181468532587));
#2524 = CARTESIAN_POINT('',(656.56758593406,63.464880214797,
    95.197320329787));
#2525 = PCURVE('',#671,#2526);
#2526 = DEFINITIONAL_REPRESENTATION('',(#2527),#2620);
#2527 = B_SPLINE_CURVE_WITH_KNOTS('',7,(#2528,#2529,#2530,#2531,#2532,
    #2533,#2534,#2535,#2536,#2537,#2538,#2539,#2540,#2541,#2542,#2543,
    #2544,#2545,#2546,#2547,#2548,#2549,#2550,#2551,#2552,#2553,#2554,
    #2555,#2556,#2557,#2558,#2559,#2560,#2561,#2562,#2563,#2564,#2565,
    #2566,#2567,#2568,#2569,#2570,#2571,#2572,#2573,#2574,#2575,#2576,
    #2577,#2578,#2579,#2580,#2581,#2582,#2583,#2584,#2585,#2586,#2587,
    #2588,#2589,#2590,#2591,#2592,#2593,#2594,#2595,#2596,#2597,#2598,
    #2599,#2600,#2601,#2602,#2603,#2604,#2605,#2606,#2607,#2608,#2609,
    #2610,#2611,#2612,#2613,#2614,#2615,#2616,#2617,#2618,#2619),
  .UNSPECIFIED.,.F.,.F.,(8,6,6,6,6,6,6,6,6,6,6,6,6,6,6,8),(0.,
    9.061919399475E-02,0.224182065305,0.397379897574,0.568154872401,
    0.678972358497,0.751617064245,0.796751295516,0.833839038412,
    0.865059425329,0.891682750504,0.911958923702,0.929844490327,
    0.945721764735,0.959871134461,1.),.UNSPECIFIED.);
#2528 = CARTESIAN_POINT('',(-50.84450089289,0.7));
#2529 = CARTESIAN_POINT('',(-50.65330692597,0.690966747728));
#2530 = CARTESIAN_POINT('',(-50.47136925211,0.681925571741));
#2531 = CARTESIAN_POINT('',(-50.29841188085,0.672877215262));
#2532 = CARTESIAN_POINT('',(-50.1341962595,0.663822354415));
#2533 = CARTESIAN_POINT('',(-49.97851704009,0.654761602021));
#2534 = CARTESIAN_POINT('',(-49.83119784632,0.645695511388));
#2535 = CARTESIAN_POINT('',(-49.48705314122,0.623255010338));
#2536 = CARTESIAN_POINT('',(-49.29985090364,0.609874979594));
#2537 = CARTESIAN_POINT('',(-49.12999941655,0.596486059603));
#2538 = CARTESIAN_POINT('',(-48.97713544746,0.583089710901));
#2539 = CARTESIAN_POINT('',(-48.84100302767,0.569687291275));
#2540 = CARTESIAN_POINT('',(-48.72144303722,0.556280064215));
#2541 = CARTESIAN_POINT('',(-48.48473959818,0.525478660712));
#2542 = CARTESIAN_POINT('',(-48.37884541818,0.50808219234));
#2543 = CARTESIAN_POINT('',(-48.30054595666,0.490682283531));
#2544 = CARTESIAN_POINT('',(-48.24995394167,0.473281587605));
#2545 = CARTESIAN_POINT('',(-48.22743035723,0.455882944042));
#2546 = CARTESIAN_POINT('',(-48.23360858073,0.438489395446));
#2547 = CARTESIAN_POINT('',(-48.30481240824,0.403962219868));
#2548 = CARTESIAN_POINT('',(-48.36901508964,0.386828799841));
#2549 = CARTESIAN_POINT('',(-48.46299370453,0.369706819118));
#2550 = CARTESIAN_POINT('',(-48.58801783267,0.352600164874));
#2551 = CARTESIAN_POINT('',(-48.74571705665,0.335513761032));
#2552 = CARTESIAN_POINT('',(-48.93823968504,0.318453684324));
#2553 = CARTESIAN_POINT('',(-49.31800978611,0.290378842959));
#2554 = CARTESIAN_POINT('',(-49.48337578631,0.279344850599));
#2555 = CARTESIAN_POINT('',(-49.6654638103,0.268327381587));
#2556 = CARTESIAN_POINT('',(-49.86523789869,0.257329100879));
#2557 = CARTESIAN_POINT('',(-50.08383640718,0.246353380896));
#2558 = CARTESIAN_POINT('',(-50.32265146135,0.235404397433));
#2559 = CARTESIAN_POINT('',(-50.75444121748,0.217330756236));
#2560 = CARTESIAN_POINT('',(-50.9348665609,0.210188065369));
#2561 = CARTESIAN_POINT('',(-51.12524576866,0.203060656363));
#2562 = CARTESIAN_POINT('',(-51.32615333967,0.195950350406));
#2563 = CARTESIAN_POINT('',(-51.53824803145,0.188859376877));
#2564 = CARTESIAN_POINT('',(-51.76230519369,0.181790427554));
#2565 = CARTESIAN_POINT('',(-52.14649541891,0.170370496849));
#2566 = CARTESIAN_POINT('',(-52.29870179874,0.166004051756));
#2567 = CARTESIAN_POINT('',(-52.45611594558,0.161648194216));
#2568 = CARTESIAN_POINT('',(-52.61898675435,0.15730385041));
#2569 = CARTESIAN_POINT('',(-52.78759223148,0.152972103924));
#2570 = CARTESIAN_POINT('',(-52.96224725965,0.14865421209));
#2571 = CARTESIAN_POINT('',(-53.2920957149,0.140816094448));
#2572 = CARTESIAN_POINT('',(-53.445206264,0.137290930925));
#2573 = CARTESIAN_POINT('',(-53.60284435892,0.133776931115));
#2574 = CARTESIAN_POINT('',(-53.76522908539,0.130275033365));
#2575 = CARTESIAN_POINT('',(-53.93260356649,0.126786330879));
#2576 = CARTESIAN_POINT('',(-54.10524126337,0.123312087593));
#2577 = CARTESIAN_POINT('',(-54.43347010454,0.116942536116));
#2578 = CARTESIAN_POINT('',(-54.58743563586,0.114042624227));
#2579 = CARTESIAN_POINT('',(-54.74553556331,0.111154879014));
#2580 = CARTESIAN_POINT('',(-54.90797188529,0.108280308425));
#2581 = CARTESIAN_POINT('',(-55.07496731969,0.1054200839));
#2582 = CARTESIAN_POINT('',(-55.24677071836,0.102575556549));
#2583 = CARTESIAN_POINT('',(-55.5745078649,9.733729509324E-02));
#2584 = CARTESIAN_POINT('',(-55.72905133176,9.493889035083E-02));
#2585 = CARTESIAN_POINT('',(-55.88746837114,9.25540128977E-02));
#2586 = CARTESIAN_POINT('',(-56.04994736723,9.018377755929E-02));
#2587 = CARTESIAN_POINT('',(-56.21669414646,8.782947622592E-02));
#2588 = CARTESIAN_POINT('',(-56.38793652434,8.549259389297E-02));
#2589 = CARTESIAN_POINT('',(-56.69796368745,8.140962501015E-02));
#2590 = CARTESIAN_POINT('',(-56.83475196522,7.965553443159E-02));
#2591 = CARTESIAN_POINT('',(-56.97440653837,7.791330234531E-02));
#2592 = CARTESIAN_POINT('',(-57.11704661102,7.618378396524E-02));
#2593 = CARTESIAN_POINT('',(-57.26279955636,7.446794781531E-02));
#2594 = CARTESIAN_POINT('',(-57.41180273411,7.276688320541E-02));
#2595 = CARTESIAN_POINT('',(-57.69863931168,6.959540649799E-02));
#2596 = CARTESIAN_POINT('',(-57.83571663716,6.812146588184E-02));
#2597 = CARTESIAN_POINT('',(-57.97554021895,6.666081835157E-02));
#2598 = CARTESIAN_POINT('',(-58.11821709939,6.521440907717E-02));
#2599 = CARTESIAN_POINT('',(-58.26385955264,6.378330119355E-02));
#2600 = CARTESIAN_POINT('',(-58.41258620831,6.2368681088E-02));
#2601 = CARTESIAN_POINT('',(-58.69939974188,5.973188873873E-02));
#2602 = CARTESIAN_POINT('',(-58.8368043305,5.850596270824E-02));
#2603 = CARTESIAN_POINT('',(-58.97682516566,5.729500092716E-02));
#2604 = CARTESIAN_POINT('',(-59.11955197598,5.610003481556E-02));
#2605 = CARTESIAN_POINT('',(-59.26507599411,5.492221188265E-02));
#2606 = CARTESIAN_POINT('',(-59.41348995676,5.376279572677E-02));
#2607 = CARTESIAN_POINT('',(-59.69980983304,5.160756096843E-02));
#2608 = CARTESIAN_POINT('',(-59.83709963984,5.060768675858E-02));
#2609 = CARTESIAN_POINT('',(-59.97682439254,4.962451833821E-02));
#2610 = CARTESIAN_POINT('',(-60.11904849627,4.865913494554E-02));
#2611 = CARTESIAN_POINT('',(-60.26383320634,4.771271472044E-02));
#2612 = CARTESIAN_POINT('',(-60.41123594073,4.678652930028E-02));
#2613 = CARTESIAN_POINT('',(-60.98693173232,4.331643848227E-02));
#2614 = CARTESIAN_POINT('',(-61.4339825776,4.092495658003E-02));
#2615 = CARTESIAN_POINT('',(-61.90377777055,3.873768609947E-02));
#2616 = CARTESIAN_POINT('',(-62.39685033522,3.679377918153E-02));
#2617 = CARTESIAN_POINT('',(-62.91260800319,3.513747056311E-02));
#2618 = CARTESIAN_POINT('',(-63.44876805306,3.381099723646E-02));
#2619 = CARTESIAN_POINT('',(-63.99999999485,3.28379296703E-02));
#2620 = ( GEOMETRIC_REPRESENTATION_CONTEXT(2) 
PARAMETRIC_REPRESENTATION_CONTEXT() REPRESENTATION_CONTEXT('2D SPACE',''
  ) );
#2621 = PCURVE('',#2622,#2653);
#2622 = B_SPLINE_SURFACE_WITH_KNOTS('',14,1,(
    (#2623,#2624)
    ,(#2625,#2626)
    ,(#2627,#2628)
    ,(#2629,#2630)
    ,(#2631,#2632)
    ,(#2633,#2634)
    ,(#2635,#2636)
    ,(#2637,#2638)
    ,(#2639,#2640)
    ,(#2641,#2642)
    ,(#2643,#2644)
    ,(#2645,#2646)
    ,(#2647,#2648)
    ,(#2649,#2650)
    ,(#2651,#2652
    )),.UNSPECIFIED.,.T.,.F.,.F.,(15,15),(2,2),(0.,6.28318530718),(0.,1.
    ),.PIECEWISE_BEZIER_KNOTS.);
#2623 = CARTESIAN_POINT('',(620.,86.267027304759,53.740115370178));
#2624 = CARTESIAN_POINT('',(790.,104.6518036156,45.254833995939));
#2625 = CARTESIAN_POINT('',(620.,92.6140029307,60.087090996117));
#2626 = CARTESIAN_POINT('',(790.00000000006,112.26817436674,
    52.871204747067));
#2627 = CARTESIAN_POINT('',(620.00000000002,95.433203737435,
    69.961846126941));
#2628 = CARTESIAN_POINT('',(789.99999999972,113.4425200681,
    66.929606170715));
#2629 = CARTESIAN_POINT('',(619.99999999971,93.118389707415,
    81.758149764929));
#2630 = CARTESIAN_POINT('',(790.0000000006,106.24734987529,
    85.502563893288));
#2631 = CARTESIAN_POINT('',(620.00000000113,85.118620681251,
    92.814833309589));
#2632 = CARTESIAN_POINT('',(789.99999999916,90.682128847458,
    104.73608234285));
#2633 = CARTESIAN_POINT('',(619.9999999972,72.513586178657,
    99.991529689173));
#2634 = CARTESIAN_POINT('',(790.0000000007,69.363545603631,
    119.54065983995));
#2635 = CARTESIAN_POINT('',(620.00000000493,58.131068712398,
    100.71015286079));
#2636 = CARTESIAN_POINT('',(789.99999999985,47.377211052122,
    125.13032123651));
#2637 = CARTESIAN_POINT('',(619.99999999335,45.871390204209,
    94.135752469229));
#2638 = CARTESIAN_POINT('',(789.99999999945,30.885857607085,
    119.02078000367));
#2639 = CARTESIAN_POINT('',(620.00000000701,39.296989815495,
    81.876073963874));
#2640 = CARTESIAN_POINT('',(790.000000001,24.77631637573,102.5294265601)
  );
#2641 = CARTESIAN_POINT('',(619.99999999413,40.015612984783,
    67.493556495323));
#2642 = CARTESIAN_POINT('',(789.99999999893,30.365977771138,
    80.543092007479));
#2643 = CARTESIAN_POINT('',(620.00000000386,47.192309365914,
    54.888521994232));
#2644 = CARTESIAN_POINT('',(790.0000000008,45.170555268918,
    59.224508764295));
#2645 = CARTESIAN_POINT('',(619.99999999803,58.248992909753,
    46.888752967278));
#2646 = CARTESIAN_POINT('',(789.99999999955,64.404073718186,
    43.659287736184));
#2647 = CARTESIAN_POINT('',(620.00000000071,70.045296548079,
    44.573938937582));
#2648 = CARTESIAN_POINT('',(790.00000000017,82.977031440849,
    36.464117543451));
#2649 = CARTESIAN_POINT('',(619.99999999984,79.920051678802,
    47.39313974422));
#2650 = CARTESIAN_POINT('',(789.99999999996,97.035432864479,
    37.638463244799));
#2651 = CARTESIAN_POINT('',(620.,86.267027304759,53.740115370178));
#2652 = CARTESIAN_POINT('',(790.,104.6518036156,45.254833995939));
#2653 = DEFINITIONAL_REPRESENTATION('',(#2654),#2747);
#2654 = B_SPLINE_CURVE_WITH_KNOTS('',7,(#2655,#2656,#2657,#2658,#2659,
    #2660,#2661,#2662,#2663,#2664,#2665,#2666,#2667,#2668,#2669,#2670,
    #2671,#2672,#2673,#2674,#2675,#2676,#2677,#2678,#2679,#2680,#2681,
    #2682,#2683,#2684,#2685,#2686,#2687,#2688,#2689,#2690,#2691,#2692,
    #2693,#2694,#2695,#2696,#2697,#2698,#2699,#2700,#2701,#2702,#2703,
    #2704,#2705,#2706,#2707,#2708,#2709,#2710,#2711,#2712,#2713,#2714,
    #2715,#2716,#2717,#2718,#2719,#2720,#2721,#2722,#2723,#2724,#2725,
    #2726,#2727,#2728,#2729,#2730,#2731,#2732,#2733,#2734,#2735,#2736,
    #2737,#2738,#2739,#2740,#2741,#2742,#2743,#2744,#2745,#2746),
  .UNSPECIFIED.,.F.,.F.,(8,6,6,6,6,6,6,6,6,6,6,6,6,6,6,8),(0.,
    9.061919399475E-02,0.224182065305,0.397379897574,0.568154872401,
    0.678972358497,0.751617064245,0.796751295516,0.833839038412,
    0.865059425329,0.891682750504,0.911958923702,0.929844490327,
    0.945721764735,0.959871134461,1.),.UNSPECIFIED.);
#2655 = CARTESIAN_POINT('',(3.969276069459,1.));
#2656 = CARTESIAN_POINT('',(3.958833922543,0.989372644385));
#2657 = CARTESIAN_POINT('',(3.948381147975,0.978735966754));
#2658 = CARTESIAN_POINT('',(3.937910346338,0.968090841485));
#2659 = CARTESIAN_POINT('',(3.927414454868,0.957438064018));
#2660 = CARTESIAN_POINT('',(3.916886653447,0.946778355318));
#2661 = CARTESIAN_POINT('',(3.906320270599,0.936112366338));
#2662 = CARTESIAN_POINT('',(3.880068370403,0.909711776868));
#2663 = CARTESIAN_POINT('',(3.864329930783,0.893970564228));
#2664 = CARTESIAN_POINT('',(3.848472192961,0.878218893651));
#2665 = CARTESIAN_POINT('',(3.832474443575,0.862458483413));
#2666 = CARTESIAN_POINT('',(3.81631593929,0.846690930912));
#2667 = CARTESIAN_POINT('',(3.799975412525,0.830917722606));
#2668 = CARTESIAN_POINT('',(3.761976042967,0.794680777308));
#2669 = CARTESIAN_POINT('',(3.740178157303,0.774214343929));
#2670 = CARTESIAN_POINT('',(3.717988290099,0.753743862977));
#2671 = CARTESIAN_POINT('',(3.695355229593,0.733272456006));
#2672 = CARTESIAN_POINT('',(3.672223724242,0.712803463578));
#2673 = CARTESIAN_POINT('',(3.648531865242,0.69234046523));
#2674 = CARTESIAN_POINT('',(3.600223042139,0.651720258669));
#2675 = CARTESIAN_POINT('',(3.575624155793,0.631563293931));
#2676 = CARTESIAN_POINT('',(3.550341254191,0.611419787198));
#2677 = CARTESIAN_POINT('',(3.524295031014,0.591294311617));
#2678 = CARTESIAN_POINT('',(3.497394467054,0.571192660038));
#2679 = CARTESIAN_POINT('',(3.46952913232,0.551121981558));
#2680 = CARTESIAN_POINT('',(3.421754385865,0.518092756422));
#2681 = CARTESIAN_POINT('',(3.40248699049,0.50511158894));
#2682 = CARTESIAN_POINT('',(3.382714188332,0.492149860691));
#2683 = CARTESIAN_POINT('',(3.362391049715,0.479210706916));
#2684 = CARTESIAN_POINT('',(3.341465905254,0.466298095172));
#2685 = CARTESIAN_POINT('',(3.319876858819,0.453416938157));
#2686 = CARTESIAN_POINT('',(3.282907084118,0.432153830865));
#2687 = CARTESIAN_POINT('',(3.267949756135,0.423750665141));
#2688 = CARTESIAN_POINT('',(3.252651853926,0.415365478074));
#2689 = CARTESIAN_POINT('',(3.236988614523,0.407000412243));
#2690 = CARTESIAN_POINT('',(3.220931972205,0.398658090443));
#2691 = CARTESIAN_POINT('',(3.204449184561,0.390341679476));
#2692 = CARTESIAN_POINT('',(3.176970467646,0.376906466881));
#2693 = CARTESIAN_POINT('',(3.166260647828,0.371769472654));
#2694 = CARTESIAN_POINT('',(3.155361628527,0.366644934372));
#2695 = CARTESIAN_POINT('',(3.144263064885,0.361533941658));
#2696 = CARTESIAN_POINT('',(3.132953484852,0.356437769323));
#2697 = CARTESIAN_POINT('',(3.121419966,0.351357896577));
#2698 = CARTESIAN_POINT('',(3.099974379425,0.342136581703));
#2699 = CARTESIAN_POINT('',(3.090139902848,0.337989330499));
#2700 = CARTESIAN_POINT('',(3.080136145319,0.333855213076));
#2701 = CARTESIAN_POINT('',(3.069954221574,0.329735333371));
#2702 = CARTESIAN_POINT('',(3.059584340685,0.325630977504));
#2703 = CARTESIAN_POINT('',(3.049015548393,0.321543632462));
#2704 = CARTESIAN_POINT('',(3.02916081428,0.31405004249));
#2705 = CARTESIAN_POINT('',(3.01993653743,0.310638381443));
#2706 = CARTESIAN_POINT('',(3.010555179882,0.307241034134));
#2707 = CARTESIAN_POINT('',(3.001008749948,0.303859186382));
#2708 = CARTESIAN_POINT('',(2.991288505987,0.300494216353));
#2709 = CARTESIAN_POINT('',(2.981384739152,0.297147713587));
#2710 = CARTESIAN_POINT('',(2.962675279648,0.290985053051));
#2711 = CARTESIAN_POINT('',(2.953922746628,0.288163400413));
#2712 = CARTESIAN_POINT('',(2.945022129243,0.285357662233));
#2713 = CARTESIAN_POINT('',(2.935966186289,0.28256915007));
#2714 = CARTESIAN_POINT('',(2.926747084842,0.279799383795));
#2715 = CARTESIAN_POINT('',(2.917356221924,0.277050110462));
#2716 = CARTESIAN_POINT('',(2.900493928404,0.272246617659));
#2717 = CARTESIAN_POINT('',(2.893098735458,0.270182981684));
#2718 = CARTESIAN_POINT('',(2.885594228537,0.268133296877));
#2719 = CARTESIAN_POINT('',(2.877975991132,0.266098569371));
#2720 = CARTESIAN_POINT('',(2.870239359764,0.264079938606));
#2721 = CARTESIAN_POINT('',(2.862379354737,0.262078686124));
#2722 = CARTESIAN_POINT('',(2.847343756532,0.258347537056));
#2723 = CARTESIAN_POINT('',(2.840196822221,0.256613489273));
#2724 = CARTESIAN_POINT('',(2.832946099711,0.254895080414));
#2725 = CARTESIAN_POINT('',(2.825587807715,0.253193422444));
#2726 = CARTESIAN_POINT('',(2.818118051057,0.25150976611));
#2727 = CARTESIAN_POINT('',(2.810532779829,0.249845507162));
#2728 = CARTESIAN_POINT('',(2.79598788349,0.246743398516));
#2729 = CARTESIAN_POINT('',(2.78905374027,0.245301132598));
#2730 = CARTESIAN_POINT('',(2.782022341647,0.243876471679));
#2731 = CARTESIAN_POINT('',(2.774890758906,0.242470629195));
#2732 = CARTESIAN_POINT('',(2.767656111861,0.241084955156));
#2733 = CARTESIAN_POINT('',(2.760315568854,0.239720936149));
#2734 = CARTESIAN_POINT('',(2.746227812802,0.237185365845));
#2735 = CARTESIAN_POINT('',(2.739503065615,0.236009043245));
#2736 = CARTESIAN_POINT('',(2.732690130008,0.234852374516));
#2737 = CARTESIAN_POINT('',(2.72578723675,0.233716629348));
#2738 = CARTESIAN_POINT('',(2.718792849872,0.232603193789));
#2739 = CARTESIAN_POINT('',(2.711705693957,0.231513563883));
#2740 = CARTESIAN_POINT('',(2.684159078438,0.227431104098));
#2741 = CARTESIAN_POINT('',(2.663041864058,0.224617595967));
#2742 = CARTESIAN_POINT('',(2.641145229762,0.222044336614));
#2743 = CARTESIAN_POINT('',(2.618483715164,0.21975738723));
#2744 = CARTESIAN_POINT('',(2.595125748378,0.217808788938));
#2745 = CARTESIAN_POINT('',(2.571213002739,0.21624823202));
#2746 = CARTESIAN_POINT('',(2.547000732443,0.215103446678));
#2747 = ( GEOMETRIC_REPRESENTATION_CONTEXT(2) 
PARAMETRIC_REPRESENTATION_CONTEXT() REPRESENTATION_CONTEXT('2D SPACE',''
  ) );
#2748 = ORIENTED_EDGE('',*,*,#2749,.F.);
#2749 = EDGE_CURVE('',#657,#2429,#2750,.T.);
#2750 = SURFACE_CURVE('',#2751,(#2754,#2761),.PCURVE_S1.);
#2751 = B_SPLINE_CURVE_WITH_KNOTS('',1,(#2752,#2753),.UNSPECIFIED.,.F.,
  .F.,(2,2),(0.,1.),.PIECEWISE_BEZIER_KNOTS.);
#2752 = CARTESIAN_POINT('',(650.,63.999999994859,96.));
#2753 = CARTESIAN_POINT('',(850.,47.704216873493,71.556325314306));
#2754 = PCURVE('',#671,#2755);
#2755 = DEFINITIONAL_REPRESENTATION('',(#2756),#2760);
#2756 = LINE('',#2757,#2758);
#2757 = CARTESIAN_POINT('',(-63.99999999485,0.));
#2758 = VECTOR('',#2759,1.);
#2759 = DIRECTION('',(0.,1.));
#2760 = ( GEOMETRIC_REPRESENTATION_CONTEXT(2) 
PARAMETRIC_REPRESENTATION_CONTEXT() REPRESENTATION_CONTEXT('2D SPACE',''
  ) );
#2761 = PCURVE('',#738,#2762);
#2762 = DEFINITIONAL_REPRESENTATION('',(#2763),#2767);
#2763 = LINE('',#2764,#2765);
#2764 = CARTESIAN_POINT('',(3.14159265359,0.));
#2765 = VECTOR('',#2766,1.);
#2766 = DIRECTION('',(0.,1.));
#2767 = ( GEOMETRIC_REPRESENTATION_CONTEXT(2) 
PARAMETRIC_REPRESENTATION_CONTEXT() REPRESENTATION_CONTEXT('2D SPACE',''
  ) );
#2768 = ADVANCED_FACE('',(#2769),#738,.T.);
#2769 = FACE_BOUND('',#2770,.T.);
#2770 = EDGE_LOOP('',(#2771,#2808,#2809,#2810));
#2771 = ORIENTED_EDGE('',*,*,#2772,.F.);
#2772 = EDGE_CURVE('',#723,#2773,#2775,.T.);
#2773 = VERTEX_POINT('',#2774);
#2774 = CARTESIAN_POINT('',(656.08199551671,80.017992939673,
    90.455122471313));
#2775 = SURFACE_CURVE('',#2776,(#2779,#2786),.PCURVE_S1.);
#2776 = B_SPLINE_CURVE_WITH_KNOTS('',1,(#2777,#2778),.UNSPECIFIED.,.F.,
  .F.,(2,2),(0.,1.),.PIECEWISE_BEZIER_KNOTS.);
#2777 = CARTESIAN_POINT('',(650.,80.740508293277,91.271878958197));
#2778 = CARTESIAN_POINT('',(850.,56.981353863833,64.413704379151));
#2779 = PCURVE('',#738,#2780);
#2780 = DEFINITIONAL_REPRESENTATION('',(#2781),#2785);
#2781 = LINE('',#2782,#2783);
#2782 = CARTESIAN_POINT('',(2.591060434947,0.));
#2783 = VECTOR('',#2784,1.);
#2784 = DIRECTION('',(0.,1.));
#2785 = ( GEOMETRIC_REPRESENTATION_CONTEXT(2) 
PARAMETRIC_REPRESENTATION_CONTEXT() REPRESENTATION_CONTEXT('2D SPACE',''
  ) );
#2786 = PCURVE('',#2787,#2802);
#2787 = B_SPLINE_SURFACE_WITH_KNOTS('',6,1,(
    (#2788,#2789)
    ,(#2790,#2791)
    ,(#2792,#2793)
    ,(#2794,#2795)
    ,(#2796,#2797)
    ,(#2798,#2799)
    ,(#2800,#2801
    )),.UNSPECIFIED.,.F.,.F.,.F.,(7,7),(2,2),(2.121328545706,
    2.591060434947),(0.,1.),.PIECEWISE_BEZIER_KNOTS.);
#2788 = CARTESIAN_POINT('',(650.,91.271878948557,80.740508305749));
#2789 = CARTESIAN_POINT('',(850.,64.41370437297,56.98135387082));
#2790 = CARTESIAN_POINT('',(650.,89.961287183003,82.875586843097));
#2791 = CARTESIAN_POINT('',(850.,63.252269340851,58.294280428812));
#2792 = CARTESIAN_POINT('',(649.99999999999,88.450112663905,
    84.887539882963));
#2793 = CARTESIAN_POINT('',(850.,62.058721094341,59.578799143737));
#2794 = CARTESIAN_POINT('',(650.00000000001,86.752813399412,
    86.752813410669));
#2795 = CARTESIAN_POINT('',(850.,60.83392815651,60.833928163108));
#2796 = CARTESIAN_POINT('',(649.99999999999,84.887539871249,
    88.450112674661));
#2797 = CARTESIAN_POINT('',(850.,59.578799137006,62.058721100803));
#2798 = CARTESIAN_POINT('',(650.,82.875586830977,89.961287193218));
#2799 = CARTESIAN_POINT('',(850.,58.294280421951,63.252269347174));
#2800 = CARTESIAN_POINT('',(650.,80.740508293277,91.271878958197));
#2801 = CARTESIAN_POINT('',(850.,56.981353863833,64.413704379151));
#2802 = DEFINITIONAL_REPRESENTATION('',(#2803),#2807);
#2803 = LINE('',#2804,#2805);
#2804 = CARTESIAN_POINT('',(2.591060434947,0.));
#2805 = VECTOR('',#2806,1.);
#2806 = DIRECTION('',(0.,1.));
#2807 = ( GEOMETRIC_REPRESENTATION_CONTEXT(2) 
PARAMETRIC_REPRESENTATION_CONTEXT() REPRESENTATION_CONTEXT('2D SPACE',''
  ) );
#2808 = ORIENTED_EDGE('',*,*,#722,.T.);
#2809 = ORIENTED_EDGE('',*,*,#2749,.T.);
#2810 = ORIENTED_EDGE('',*,*,#2811,.T.);
#2811 = EDGE_CURVE('',#2429,#2773,#2812,.T.);
#2812 = SURFACE_CURVE('',#2813,(#2840,#2870),.PCURVE_S1.);
#2813 = B_SPLINE_CURVE_WITH_KNOTS('',5,(#2814,#2815,#2816,#2817,#2818,
    #2819,#2820,#2821,#2822,#2823,#2824,#2825,#2826,#2827,#2828,#2829,
    #2830,#2831,#2832,#2833,#2834,#2835,#2836,#2837,#2838,#2839),
  .UNSPECIFIED.,.F.,.F.,(6,4,4,4,4,4,6),(0.,0.149047871177,
    0.293169103128,0.470540236338,0.6468984914,0.823359846558,1.),
  .UNSPECIFIED.);
#2814 = CARTESIAN_POINT('',(656.56758593406,63.464880214797,
    95.197320329787));
#2815 = CARTESIAN_POINT('',(656.39993696204,63.961800104455,
    95.211868117766));
#2816 = CARTESIAN_POINT('',(656.25225793077,64.46578884899,
    95.215123486355));
#2817 = CARTESIAN_POINT('',(656.12393659989,64.97506687621,
    95.206441149407));
#2818 = CARTESIAN_POINT('',(656.01373193503,65.487978873861,
    95.185483318053));
#2819 = CARTESIAN_POINT('',(655.82976546346,66.501198918347,
    95.119902515165));
#2820 = CARTESIAN_POINT('',(655.75491841605,67.001370576173,
    95.07608378629));
#2821 = CARTESIAN_POINT('',(655.6943462683,67.502358828717,
    95.020583164497));
#2822 = CARTESIAN_POINT('',(655.64656491144,68.003145220367,
    94.953485300707));
#2823 = CARTESIAN_POINT('',(655.56534766641,69.118103572106,
    94.778284446287));
#2824 = CARTESIAN_POINT('',(655.53776659823,69.731756676856,
    94.664295890282));
#2825 = CARTESIAN_POINT('',(655.52474822947,70.342532223247,
    94.533266298943));
#2826 = CARTESIAN_POINT('',(655.52379182564,70.949434365062,
    94.385661178401));
#2827 = CARTESIAN_POINT('',(655.54161946993,72.15077873839,
    94.059104937697));
#2828 = CARTESIAN_POINT('',(655.56028902785,72.74524503407,
    93.88034514573));
#2829 = CARTESIAN_POINT('',(655.5866003102,73.334587181741,
    93.686071460494));
#2830 = CARTESIAN_POINT('',(655.61871585205,73.918333098027,
    93.476743986933));
#2831 = CARTESIAN_POINT('',(655.69144346839,75.074308757649,
    93.028661643912));
#2832 = CARTESIAN_POINT('',(655.73205917805,75.646516500604,
    92.789895568628));
#2833 = CARTESIAN_POINT('',(655.77534504625,76.212433582497,
    92.5368824851));
#2834 = CARTESIAN_POINT('',(655.81998886295,76.771761370691,
    92.270022211642));
#2835 = CARTESIAN_POINT('',(655.90982550823,77.877274718386,
    91.70905299706));
#2836 = CARTESIAN_POINT('',(655.95501826744,78.423439722028,
    91.41492012148));
#2837 = CARTESIAN_POINT('',(655.99935368164,78.962464707206,
    91.107650742526));
#2838 = CARTESIAN_POINT('',(656.04192535163,79.494075294948,
    90.787603132876));
#2839 = CARTESIAN_POINT('',(656.08199551671,80.017992939673,
    90.455122471313));
#2840 = PCURVE('',#738,#2841);
#2841 = DEFINITIONAL_REPRESENTATION('',(#2842),#2869);
#2842 = B_SPLINE_CURVE_WITH_KNOTS('',5,(#2843,#2844,#2845,#2846,#2847,
    #2848,#2849,#2850,#2851,#2852,#2853,#2854,#2855,#2856,#2857,#2858,
    #2859,#2860,#2861,#2862,#2863,#2864,#2865,#2866,#2867,#2868),
  .UNSPECIFIED.,.F.,.F.,(6,4,4,4,4,4,6),(0.,0.149047871177,
    0.293169103128,0.470540236338,0.6468984914,0.823359846558,1.),
  .UNSPECIFIED.);
#2843 = CARTESIAN_POINT('',(3.14159265359,3.28379296703E-02));
#2844 = CARTESIAN_POINT('',(3.126266008067,3.199968481023E-02));
#2845 = CARTESIAN_POINT('',(3.110677235793,3.126128965387E-02));
#2846 = CARTESIAN_POINT('',(3.094874054807,3.061968299947E-02));
#2847 = CARTESIAN_POINT('',(3.07890012425,3.006865967519E-02));
#2848 = CARTESIAN_POINT('',(3.047216880141,2.914882731733E-02));
#2849 = CARTESIAN_POINT('',(3.031516042867,2.877459208029E-02));
#2850 = CARTESIAN_POINT('',(3.015722196894,2.847173134155E-02));
#2851 = CARTESIAN_POINT('',(2.999860655115,2.823282455723E-02));
#2852 = CARTESIAN_POINT('',(2.964366624368,2.782673833207E-02));
#2853 = CARTESIAN_POINT('',(2.944709127952,2.768883299116E-02));
#2854 = CARTESIAN_POINT('',(2.925008724816,2.762374114737E-02));
#2855 = CARTESIAN_POINT('',(2.905286012603,2.761895912821E-02));
#2856 = CARTESIAN_POINT('',(2.865927913684,2.770809734969E-02));
#2857 = CARTESIAN_POINT('',(2.846293561129,2.780144513927E-02));
#2858 = CARTESIAN_POINT('',(2.82665740391,2.793300155103E-02));
#2859 = CARTESIAN_POINT('',(2.807024579944,2.809357926028E-02));
#2860 = CARTESIAN_POINT('',(2.76775534396,2.845721734198E-02));
#2861 = CARTESIAN_POINT('',(2.748119446314,2.866029589027E-02));
#2862 = CARTESIAN_POINT('',(2.728488969062,2.887672523125E-02));
#2863 = CARTESIAN_POINT('',(2.708863683179,2.909994431476E-02));
#2864 = CARTESIAN_POINT('',(2.66960049529,2.954912754119E-02));
#2865 = CARTESIAN_POINT('',(2.649962836352,2.977509133723E-02));
#2866 = CARTESIAN_POINT('',(2.630327704392,2.999676840823E-02));
#2867 = CARTESIAN_POINT('',(2.610693947816,3.020962675818E-02));
#2868 = CARTESIAN_POINT('',(2.591060434947,3.040997758357E-02));
#2869 = ( GEOMETRIC_REPRESENTATION_CONTEXT(2) 
PARAMETRIC_REPRESENTATION_CONTEXT() REPRESENTATION_CONTEXT('2D SPACE',''
  ) );
#2870 = PCURVE('',#2622,#2871);
#2871 = DEFINITIONAL_REPRESENTATION('',(#2872),#2899);
#2872 = B_SPLINE_CURVE_WITH_KNOTS('',5,(#2873,#2874,#2875,#2876,#2877,
    #2878,#2879,#2880,#2881,#2882,#2883,#2884,#2885,#2886,#2887,#2888,
    #2889,#2890,#2891,#2892,#2893,#2894,#2895,#2896,#2897,#2898),
  .UNSPECIFIED.,.F.,.F.,(6,4,4,4,4,4,6),(0.,0.149047871177,
    0.293169103128,0.470540236338,0.6468984914,0.823359846558,1.),
  .UNSPECIFIED.);
#2873 = CARTESIAN_POINT('',(2.547000732294,0.215103446671));
#2874 = CARTESIAN_POINT('',(2.525544194497,0.214117276247));
#2875 = CARTESIAN_POINT('',(2.503924024738,0.213248576063));
#2876 = CARTESIAN_POINT('',(2.482207611248,0.212493744705));
#2877 = CARTESIAN_POINT('',(2.460451444048,0.211845481971));
#2878 = CARTESIAN_POINT('',(2.417667244909,0.210763326256));
#2879 = CARTESIAN_POINT('',(2.396638609618,0.210323049506));
#2880 = CARTESIAN_POINT('',(2.375652824024,0.209966742755));
#2881 = CARTESIAN_POINT('',(2.354736733946,0.20968567595));
#2882 = CARTESIAN_POINT('',(2.308270438987,0.209207927449));
#2883 = CARTESIAN_POINT('',(2.282765351234,0.209045685872));
#2884 = CARTESIAN_POINT('',(2.257419979792,0.208969107232));
#2885 = CARTESIAN_POINT('',(2.232246419457,0.208963481327));
#2886 = CARTESIAN_POINT('',(2.182382887573,0.209068349823));
#2887 = CARTESIAN_POINT('',(2.157692095658,0.209178170752));
#2888 = CARTESIAN_POINT('',(2.133169916811,0.209332943001));
#2889 = CARTESIAN_POINT('',(2.10880967324,0.209521857953));
#2890 = CARTESIAN_POINT('',(2.060375607456,0.209949667461));
#2891 = CARTESIAN_POINT('',(2.036302587165,0.2101885834));
#2892 = CARTESIAN_POINT('',(2.012369397554,0.210443206154));
#2893 = CARTESIAN_POINT('',(1.988563864368,0.210705816841));
#2894 = CARTESIAN_POINT('',(1.941157369981,0.211234267696));
#2895 = CARTESIAN_POINT('',(1.917556924525,0.211500107456));
#2896 = CARTESIAN_POINT('',(1.894058132919,0.21176090401));
#2897 = CARTESIAN_POINT('',(1.870648477227,0.212011325598));
#2898 = CARTESIAN_POINT('',(1.847315660019,0.212247032451));
#2899 = ( GEOMETRIC_REPRESENTATION_CONTEXT(2) 
PARAMETRIC_REPRESENTATION_CONTEXT() REPRESENTATION_CONTEXT('2D SPACE',''
  ) );
#2900 = ADVANCED_FACE('',(#2901),#773,.T.);
#2901 = FACE_BOUND('',#2902,.T.);
#2902 = EDGE_LOOP('',(#2903,#2904,#2905,#2928));
#2903 = ORIENTED_EDGE('',*,*,#804,.F.);
#2904 = ORIENTED_EDGE('',*,*,#760,.T.);
#2905 = ORIENTED_EDGE('',*,*,#2906,.F.);
#2906 = EDGE_CURVE('',#2907,#723,#2909,.T.);
#2907 = VERTEX_POINT('',#2908);
#2908 = CARTESIAN_POINT('',(650.,91.271878948557,80.740508305749));
#2909 = SURFACE_CURVE('',#2910,(#2915,#2921),.PCURVE_S1.);
#2910 = CIRCLE('',#2911,32.);
#2911 = AXIS2_PLACEMENT_3D('',#2912,#2913,#2914);
#2912 = CARTESIAN_POINT('',(650.,63.999999994859,64.));
#2913 = DIRECTION('',(1.,-0.,1.110223024625E-16));
#2914 = DIRECTION('',(1.110223024625E-16,0.,-1.));
#2915 = PCURVE('',#773,#2916);
#2916 = DEFINITIONAL_REPRESENTATION('',(#2917),#2920);
#2917 = B_SPLINE_CURVE_WITH_KNOTS('',1,(#2918,#2919),.UNSPECIFIED.,.F.,
  .F.,(2,2),(2.121328545706,2.591060434947),.PIECEWISE_BEZIER_KNOTS.);
#2918 = CARTESIAN_POINT('',(4.712388980385,1.));
#2919 = CARTESIAN_POINT('',(6.28318530718,1.));
#2920 = ( GEOMETRIC_REPRESENTATION_CONTEXT(2) 
PARAMETRIC_REPRESENTATION_CONTEXT() REPRESENTATION_CONTEXT('2D SPACE',''
  ) );
#2921 = PCURVE('',#2787,#2922);
#2922 = DEFINITIONAL_REPRESENTATION('',(#2923),#2927);
#2923 = LINE('',#2924,#2925);
#2924 = CARTESIAN_POINT('',(0.,0.));
#2925 = VECTOR('',#2926,1.);
#2926 = DIRECTION('',(1.,0.));
#2927 = ( GEOMETRIC_REPRESENTATION_CONTEXT(2) 
PARAMETRIC_REPRESENTATION_CONTEXT() REPRESENTATION_CONTEXT('2D SPACE',''
  ) );
#2928 = ORIENTED_EDGE('',*,*,#2929,.F.);
#2929 = EDGE_CURVE('',#805,#2907,#2930,.T.);
#2930 = SURFACE_CURVE('',#2931,(#2934,#2941),.PCURVE_S1.);
#2931 = B_SPLINE_CURVE_WITH_KNOTS('',1,(#2932,#2933),.UNSPECIFIED.,.F.,
  .F.,(2,2),(0.,1.),.PIECEWISE_BEZIER_KNOTS.);
#2932 = CARTESIAN_POINT('',(400.,104.,92.));
#2933 = CARTESIAN_POINT('',(650.,91.271878948557,80.740508305749));
#2934 = PCURVE('',#773,#2935);
#2935 = DEFINITIONAL_REPRESENTATION('',(#2936),#2940);
#2936 = LINE('',#2937,#2938);
#2937 = CARTESIAN_POINT('',(4.712388980385,0.));
#2938 = VECTOR('',#2939,1.);
#2939 = DIRECTION('',(0.,1.));
#2940 = ( GEOMETRIC_REPRESENTATION_CONTEXT(2) 
PARAMETRIC_REPRESENTATION_CONTEXT() REPRESENTATION_CONTEXT('2D SPACE',''
  ) );
#2941 = PCURVE('',#867,#2942);
#2942 = DEFINITIONAL_REPRESENTATION('',(#2943),#2947);
#2943 = LINE('',#2944,#2945);
#2944 = CARTESIAN_POINT('',(92.,0.));
#2945 = VECTOR('',#2946,1.);
#2946 = DIRECTION('',(0.,1.));
#2947 = ( GEOMETRIC_REPRESENTATION_CONTEXT(2) 
PARAMETRIC_REPRESENTATION_CONTEXT() REPRESENTATION_CONTEXT('2D SPACE',''
  ) );
#2948 = ADVANCED_FACE('',(#2949),#867,.T.);
#2949 = FACE_BOUND('',#2950,.T.);
#2950 = EDGE_LOOP('',(#2951,#2952,#2953,#2991));
#2951 = ORIENTED_EDGE('',*,*,#851,.F.);
#2952 = ORIENTED_EDGE('',*,*,#2929,.T.);
#2953 = ORIENTED_EDGE('',*,*,#2954,.F.);
#2954 = EDGE_CURVE('',#2955,#2907,#2957,.T.);
#2955 = VERTEX_POINT('',#2956);
#2956 = CARTESIAN_POINT('',(650.,95.999999997429,64.));
#2957 = SURFACE_CURVE('',#2958,(#2963,#2969),.PCURVE_S1.);
#2958 = CIRCLE('',#2959,32.);
#2959 = AXIS2_PLACEMENT_3D('',#2960,#2961,#2962);
#2960 = CARTESIAN_POINT('',(650.,63.999999994859,64.));
#2961 = DIRECTION('',(1.,-0.,1.110223024625E-16));
#2962 = DIRECTION('',(1.110223024625E-16,0.,-1.));
#2963 = PCURVE('',#867,#2964);
#2964 = DEFINITIONAL_REPRESENTATION('',(#2965),#2968);
#2965 = B_SPLINE_CURVE_WITH_KNOTS('',1,(#2966,#2967),.UNSPECIFIED.,.F.,
  .F.,(2,2),(1.570796326795,2.121328545706),.PIECEWISE_BEZIER_KNOTS.);
#2966 = CARTESIAN_POINT('',(69.333333338756,1.));
#2967 = CARTESIAN_POINT('',(92.,1.));
#2968 = ( GEOMETRIC_REPRESENTATION_CONTEXT(2) 
PARAMETRIC_REPRESENTATION_CONTEXT() REPRESENTATION_CONTEXT('2D SPACE',''
  ) );
#2969 = PCURVE('',#2970,#2985);
#2970 = B_SPLINE_SURFACE_WITH_KNOTS('',6,1,(
    (#2971,#2972)
    ,(#2973,#2974)
    ,(#2975,#2976)
    ,(#2977,#2978)
    ,(#2979,#2980)
    ,(#2981,#2982)
    ,(#2983,#2984
    )),.UNSPECIFIED.,.F.,.F.,.F.,(7,7),(2,2),(1.570796326795,
    2.121328545706),(0.,1.),.PIECEWISE_BEZIER_KNOTS.);
#2971 = CARTESIAN_POINT('',(650.,95.999999994859,64.));
#2972 = CARTESIAN_POINT('',(850.,71.556325312968,47.7042168755));
#2973 = CARTESIAN_POINT('',(650.,95.999999994859,66.936171834193));
#2974 = CARTESIAN_POINT('',(850.,70.473062748684,49.329110721918));
#2975 = CARTESIAN_POINT('',(649.99999999999,95.676708708374,
    69.872343065394));
#2976 = CARTESIAN_POINT('',(850.,69.345522682164,50.924486234344));
#2977 = CARTESIAN_POINT('',(650.,95.030125123132,72.764022275118));
#2978 = CARTESIAN_POINT('',(850.,68.174710518269,52.488835205485));
#2979 = CARTESIAN_POINT('',(649.99999999999,94.068417918202,
    75.56669925198));
#2980 = CARTESIAN_POINT('',(850.,66.961700288792,54.020695189236));
#2981 = CARTESIAN_POINT('',(650.,92.807910479101,78.238166966707));
#2982 = CARTESIAN_POINT('',(850.,65.707631232131,55.518653943135));
#2983 = CARTESIAN_POINT('',(650.,91.271878948557,80.740508305749));
#2984 = CARTESIAN_POINT('',(850.,64.41370437297,56.98135387082));
#2985 = DEFINITIONAL_REPRESENTATION('',(#2986),#2990);
#2986 = LINE('',#2987,#2988);
#2987 = CARTESIAN_POINT('',(0.,0.));
#2988 = VECTOR('',#2989,1.);
#2989 = DIRECTION('',(1.,0.));
#2990 = ( GEOMETRIC_REPRESENTATION_CONTEXT(2) 
PARAMETRIC_REPRESENTATION_CONTEXT() REPRESENTATION_CONTEXT('2D SPACE',''
  ) );
#2991 = ORIENTED_EDGE('',*,*,#2992,.F.);
#2992 = EDGE_CURVE('',#852,#2955,#2993,.T.);
#2993 = SURFACE_CURVE('',#2994,(#2997,#3004),.PCURVE_S1.);
#2994 = B_SPLINE_CURVE_WITH_KNOTS('',1,(#2995,#2996),.UNSPECIFIED.,.F.,
  .F.,(2,2),(0.,1.),.PIECEWISE_BEZIER_KNOTS.);
#2995 = CARTESIAN_POINT('',(400.,104.,69.333333338756));
#2996 = CARTESIAN_POINT('',(650.,96.,64.));
#2997 = PCURVE('',#867,#2998);
#2998 = DEFINITIONAL_REPRESENTATION('',(#2999),#3003);
#2999 = LINE('',#3000,#3001);
#3000 = CARTESIAN_POINT('',(69.333333338756,0.));
#3001 = VECTOR('',#3002,1.);
#3002 = DIRECTION('',(0.,1.));
#3003 = ( GEOMETRIC_REPRESENTATION_CONTEXT(2) 
PARAMETRIC_REPRESENTATION_CONTEXT() REPRESENTATION_CONTEXT('2D SPACE',''
  ) );
#3004 = PCURVE('',#905,#3005);
#3005 = DEFINITIONAL_REPRESENTATION('',(#3006),#3010);
#3006 = LINE('',#3007,#3008);
#3007 = CARTESIAN_POINT('',(69.333333338756,0.));
#3008 = VECTOR('',#3009,1.);
#3009 = DIRECTION('',(0.,1.));
#3010 = ( GEOMETRIC_REPRESENTATION_CONTEXT(2) 
PARAMETRIC_REPRESENTATION_CONTEXT() REPRESENTATION_CONTEXT('2D SPACE',''
  ) );
#3011 = ADVANCED_FACE('',(#3012),#905,.T.);
#3012 = FACE_BOUND('',#3013,.T.);
#3013 = EDGE_LOOP('',(#3014,#3015,#3016,#3057));
#3014 = ORIENTED_EDGE('',*,*,#889,.F.);
#3015 = ORIENTED_EDGE('',*,*,#2992,.T.);
#3016 = ORIENTED_EDGE('',*,*,#3017,.T.);
#3017 = EDGE_CURVE('',#2955,#3018,#3020,.T.);
#3018 = VERTEX_POINT('',#3019);
#3019 = CARTESIAN_POINT('',(650.,95.999999997429,-64.));
#3020 = SURFACE_CURVE('',#3021,(#3025,#3031),.PCURVE_S1.);
#3021 = LINE('',#3022,#3023);
#3022 = CARTESIAN_POINT('',(650.,96.,0.));
#3023 = VECTOR('',#3024,1.);
#3024 = DIRECTION('',(1.110223024625E-16,0.,-1.));
#3025 = PCURVE('',#905,#3026);
#3026 = DEFINITIONAL_REPRESENTATION('',(#3027),#3030);
#3027 = B_SPLINE_CURVE_WITH_KNOTS('',1,(#3028,#3029),.UNSPECIFIED.,.F.,
  .F.,(2,2),(-64.,64.),.PIECEWISE_BEZIER_KNOTS.);
#3028 = CARTESIAN_POINT('',(69.333333338756,1.));
#3029 = CARTESIAN_POINT('',(-69.33333333451,1.));
#3030 = ( GEOMETRIC_REPRESENTATION_CONTEXT(2) 
PARAMETRIC_REPRESENTATION_CONTEXT() REPRESENTATION_CONTEXT('2D SPACE',''
  ) );
#3031 = PCURVE('',#3032,#3051);
#3032 = B_SPLINE_SURFACE_WITH_KNOTS('',8,1,(
    (#3033,#3034)
    ,(#3035,#3036)
    ,(#3037,#3038)
    ,(#3039,#3040)
    ,(#3041,#3042)
    ,(#3043,#3044)
    ,(#3045,#3046)
    ,(#3047,#3048)
    ,(#3049,#3050
    )),.UNSPECIFIED.,.F.,.F.,.F.,(9,9),(2,2),(-64.,64.),(0.,1.),
  .PIECEWISE_BEZIER_KNOTS.);
#3033 = CARTESIAN_POINT('',(650.,96.,-64.));
#3034 = CARTESIAN_POINT('',(850.,71.556325312401,-47.70421687635));
#3035 = CARTESIAN_POINT('',(650.,96.,-48.));
#3036 = CARTESIAN_POINT('',(850.,78.568876243367,-37.18539048021));
#3037 = CARTESIAN_POINT('',(650.,96.,-32.));
#3038 = CARTESIAN_POINT('',(849.99999999998,83.814256538084,
    -25.48844978164));
#3039 = CARTESIAN_POINT('',(650.,96.,-16.));
#3040 = CARTESIAN_POINT('',(850.00000000001,87.061554645035,
    -12.95976599648));
#3041 = CARTESIAN_POINT('',(650.,96.,0.));
#3042 = CARTESIAN_POINT('',(849.99999999998,88.161326328447,
    -5.234035427293E-10));
#3043 = CARTESIAN_POINT('',(650.,96.,16.));
#3044 = CARTESIAN_POINT('',(850.00000000001,87.06155464519,
    12.959765995447));
#3045 = CARTESIAN_POINT('',(650.,96.,32.));
#3046 = CARTESIAN_POINT('',(849.99999999999,83.814256538387,
    25.488449780649));
#3047 = CARTESIAN_POINT('',(650.,96.,48.));
#3048 = CARTESIAN_POINT('',(850.,78.568876243809,37.185390479281));
#3049 = CARTESIAN_POINT('',(650.,96.,64.));
#3050 = CARTESIAN_POINT('',(850.,71.556325312968,47.7042168755));
#3051 = DEFINITIONAL_REPRESENTATION('',(#3052),#3056);
#3052 = LINE('',#3053,#3054);
#3053 = CARTESIAN_POINT('',(0.,0.));
#3054 = VECTOR('',#3055,1.);
#3055 = DIRECTION('',(-1.,0.));
#3056 = ( GEOMETRIC_REPRESENTATION_CONTEXT(2) 
PARAMETRIC_REPRESENTATION_CONTEXT() REPRESENTATION_CONTEXT('2D SPACE',''
  ) );
#3057 = ORIENTED_EDGE('',*,*,#3058,.F.);
#3058 = EDGE_CURVE('',#890,#3018,#3059,.T.);
#3059 = SURFACE_CURVE('',#3060,(#3063,#3070),.PCURVE_S1.);
#3060 = B_SPLINE_CURVE_WITH_KNOTS('',1,(#3061,#3062),.UNSPECIFIED.,.F.,
  .F.,(2,2),(0.,1.),.PIECEWISE_BEZIER_KNOTS.);
#3061 = CARTESIAN_POINT('',(400.,104.,-69.33333333451));
#3062 = CARTESIAN_POINT('',(650.,95.999999994858,-64.));
#3063 = PCURVE('',#905,#3064);
#3064 = DEFINITIONAL_REPRESENTATION('',(#3065),#3069);
#3065 = LINE('',#3066,#3067);
#3066 = CARTESIAN_POINT('',(-69.33333333451,0.));
#3067 = VECTOR('',#3068,1.);
#3068 = DIRECTION('',(0.,1.));
#3069 = ( GEOMETRIC_REPRESENTATION_CONTEXT(2) 
PARAMETRIC_REPRESENTATION_CONTEXT() REPRESENTATION_CONTEXT('2D SPACE',''
  ) );
#3070 = PCURVE('',#933,#3071);
#3071 = DEFINITIONAL_REPRESENTATION('',(#3072),#3076);
#3072 = LINE('',#3073,#3074);
#3073 = CARTESIAN_POINT('',(-69.33333333451,0.));
#3074 = VECTOR('',#3075,1.);
#3075 = DIRECTION('',(0.,1.));
#3076 = ( GEOMETRIC_REPRESENTATION_CONTEXT(2) 
PARAMETRIC_REPRESENTATION_CONTEXT() REPRESENTATION_CONTEXT('2D SPACE',''
  ) );
#3077 = ADVANCED_FACE('',(#3078),#933,.T.);
#3078 = FACE_BOUND('',#3079,.T.);
#3079 = EDGE_LOOP('',(#3080,#3081,#3082,#3120));
#3080 = ORIENTED_EDGE('',*,*,#917,.F.);
#3081 = ORIENTED_EDGE('',*,*,#3058,.T.);
#3082 = ORIENTED_EDGE('',*,*,#3083,.F.);
#3083 = EDGE_CURVE('',#3084,#3018,#3086,.T.);
#3084 = VERTEX_POINT('',#3085);
#3085 = CARTESIAN_POINT('',(650.,91.271878947107,-80.74050830811));
#3086 = SURFACE_CURVE('',#3087,(#3092,#3098),.PCURVE_S1.);
#3087 = CIRCLE('',#3088,32.);
#3088 = AXIS2_PLACEMENT_3D('',#3089,#3090,#3091);
#3089 = CARTESIAN_POINT('',(650.,63.999999994858,-64.));
#3090 = DIRECTION('',(1.,-0.,1.110223024625E-16));
#3091 = DIRECTION('',(1.110223024625E-16,0.,-1.));
#3092 = PCURVE('',#933,#3093);
#3093 = DEFINITIONAL_REPRESENTATION('',(#3094),#3097);
#3094 = B_SPLINE_CURVE_WITH_KNOTS('',1,(#3095,#3096),.UNSPECIFIED.,.F.,
  .F.,(2,2),(1.020264107797,1.570796326795),.PIECEWISE_BEZIER_KNOTS.);
#3095 = CARTESIAN_POINT('',(-92.,1.));
#3096 = CARTESIAN_POINT('',(-69.33333333451,1.));
#3097 = ( GEOMETRIC_REPRESENTATION_CONTEXT(2) 
PARAMETRIC_REPRESENTATION_CONTEXT() REPRESENTATION_CONTEXT('2D SPACE',''
  ) );
#3098 = PCURVE('',#3099,#3114);
#3099 = B_SPLINE_SURFACE_WITH_KNOTS('',6,1,(
    (#3100,#3101)
    ,(#3102,#3103)
    ,(#3104,#3105)
    ,(#3106,#3107)
    ,(#3108,#3109)
    ,(#3110,#3111)
    ,(#3112,#3113
    )),.UNSPECIFIED.,.F.,.F.,.F.,(7,7),(2,2),(1.020264107797,
    1.570796326795),(0.,1.),.PIECEWISE_BEZIER_KNOTS.);
#3100 = CARTESIAN_POINT('',(650.,91.271878947107,-80.74050830811));
#3101 = CARTESIAN_POINT('',(850.,64.413704371117,-56.98135387291));
#3102 = CARTESIAN_POINT('',(650.,92.807910478109,-78.2381669688));
#3103 = CARTESIAN_POINT('',(849.99999999999,65.707631230521,
    -55.51865394505));
#3104 = CARTESIAN_POINT('',(650.,94.068417917597,-75.56669925374));
#3105 = CARTESIAN_POINT('',(850.,66.961700287415,-54.02069519096));
#3106 = CARTESIAN_POINT('',(649.99999999999,95.030125122826,
    -72.76402227648));
#3107 = CARTESIAN_POINT('',(850.,68.174710517113,-52.488835207));
#3108 = CARTESIAN_POINT('',(650.,95.676708708273,-69.87234306631));
#3109 = CARTESIAN_POINT('',(849.99999999999,69.345522681217,
    -50.92448623565));
#3110 = CARTESIAN_POINT('',(650.,95.999999994859,-66.93617183465));
#3111 = CARTESIAN_POINT('',(850.,70.473062747934,-49.329110723));
#3112 = CARTESIAN_POINT('',(650.,95.999999994858,-64.));
#3113 = CARTESIAN_POINT('',(850.,71.556325312401,-47.70421687635));
#3114 = DEFINITIONAL_REPRESENTATION('',(#3115),#3119);
#3115 = LINE('',#3116,#3117);
#3116 = CARTESIAN_POINT('',(0.,0.));
#3117 = VECTOR('',#3118,1.);
#3118 = DIRECTION('',(1.,0.));
#3119 = ( GEOMETRIC_REPRESENTATION_CONTEXT(2) 
PARAMETRIC_REPRESENTATION_CONTEXT() REPRESENTATION_CONTEXT('2D SPACE',''
  ) );
#3120 = ORIENTED_EDGE('',*,*,#3121,.F.);
#3121 = EDGE_CURVE('',#918,#3084,#3122,.T.);
#3122 = SURFACE_CURVE('',#3123,(#3126,#3133),.PCURVE_S1.);
#3123 = B_SPLINE_CURVE_WITH_KNOTS('',1,(#3124,#3125),.UNSPECIFIED.,.F.,
  .F.,(2,2),(0.,1.),.PIECEWISE_BEZIER_KNOTS.);
#3124 = CARTESIAN_POINT('',(400.,103.99999997794,-92.));
#3125 = CARTESIAN_POINT('',(650.,91.271878947107,-80.74050830811));
#3126 = PCURVE('',#933,#3127);
#3127 = DEFINITIONAL_REPRESENTATION('',(#3128),#3132);
#3128 = LINE('',#3129,#3130);
#3129 = CARTESIAN_POINT('',(-92.,0.));
#3130 = VECTOR('',#3131,1.);
#3131 = DIRECTION('',(0.,1.));
#3132 = ( GEOMETRIC_REPRESENTATION_CONTEXT(2) 
PARAMETRIC_REPRESENTATION_CONTEXT() REPRESENTATION_CONTEXT('2D SPACE',''
  ) );
#3133 = PCURVE('',#1122,#3134);
#3134 = DEFINITIONAL_REPRESENTATION('',(#3135),#3139);
#3135 = LINE('',#3136,#3137);
#3136 = CARTESIAN_POINT('',(4.712388980385,0.));
#3137 = VECTOR('',#3138,1.);
#3138 = DIRECTION('',(0.,1.));
#3139 = ( GEOMETRIC_REPRESENTATION_CONTEXT(2) 
PARAMETRIC_REPRESENTATION_CONTEXT() REPRESENTATION_CONTEXT('2D SPACE',''
  ) );
#3140 = ADVANCED_FACE('',(#3141),#1013,.T.);
#3141 = FACE_BOUND('',#3142,.T.);
#3142 = EDGE_LOOP('',(#3143,#3144,#3166,#3204));
#3143 = ORIENTED_EDGE('',*,*,#997,.T.);
#3144 = ORIENTED_EDGE('',*,*,#3145,.T.);
#3145 = EDGE_CURVE('',#978,#3146,#3148,.T.);
#3146 = VERTEX_POINT('',#3147);
#3147 = CARTESIAN_POINT('',(650.,-91.27187895819,-80.74050829327));
#3148 = SURFACE_CURVE('',#3149,(#3152,#3159),.PCURVE_S1.);
#3149 = B_SPLINE_CURVE_WITH_KNOTS('',1,(#3150,#3151),.UNSPECIFIED.,.F.,
  .F.,(2,2),(0.,1.),.PIECEWISE_BEZIER_KNOTS.);
#3150 = CARTESIAN_POINT('',(400.,-103.9999999999,-91.99999997793));
#3151 = CARTESIAN_POINT('',(650.,-91.27187895819,-80.74050829327));
#3152 = PCURVE('',#1013,#3153);
#3153 = DEFINITIONAL_REPRESENTATION('',(#3154),#3158);
#3154 = LINE('',#3155,#3156);
#3155 = CARTESIAN_POINT('',(91.999999977937,0.));
#3156 = VECTOR('',#3157,1.);
#3157 = DIRECTION('',(0.,1.));
#3158 = ( GEOMETRIC_REPRESENTATION_CONTEXT(2) 
PARAMETRIC_REPRESENTATION_CONTEXT() REPRESENTATION_CONTEXT('2D SPACE',''
  ) );
#3159 = PCURVE('',#1205,#3160);
#3160 = DEFINITIONAL_REPRESENTATION('',(#3161),#3165);
#3161 = LINE('',#3162,#3163);
#3162 = CARTESIAN_POINT('',(1.570796326795,0.));
#3163 = VECTOR('',#3164,1.);
#3164 = DIRECTION('',(0.,1.));
#3165 = ( GEOMETRIC_REPRESENTATION_CONTEXT(2) 
PARAMETRIC_REPRESENTATION_CONTEXT() REPRESENTATION_CONTEXT('2D SPACE',''
  ) );
#3166 = ORIENTED_EDGE('',*,*,#3167,.F.);
#3167 = EDGE_CURVE('',#3168,#3146,#3170,.T.);
#3168 = VERTEX_POINT('',#3169);
#3169 = CARTESIAN_POINT('',(650.,-96.,-63.99999999485));
#3170 = SURFACE_CURVE('',#3171,(#3176,#3182),.PCURVE_S1.);
#3171 = CIRCLE('',#3172,32.);
#3172 = AXIS2_PLACEMENT_3D('',#3173,#3174,#3175);
#3173 = CARTESIAN_POINT('',(650.,-64.,-63.99999999485));
#3174 = DIRECTION('',(1.,-0.,1.110223024625E-16));
#3175 = DIRECTION('',(1.110223024625E-16,0.,-1.));
#3176 = PCURVE('',#1013,#3177);
#3177 = DEFINITIONAL_REPRESENTATION('',(#3178),#3181);
#3178 = B_SPLINE_CURVE_WITH_KNOTS('',1,(#3179,#3180),.UNSPECIFIED.,.F.,
  .F.,(2,2),(4.712388980385,5.262921199027),.PIECEWISE_BEZIER_KNOTS.);
#3179 = CARTESIAN_POINT('',(69.333333324197,1.));
#3180 = CARTESIAN_POINT('',(91.999999977937,1.));
#3181 = ( GEOMETRIC_REPRESENTATION_CONTEXT(2) 
PARAMETRIC_REPRESENTATION_CONTEXT() REPRESENTATION_CONTEXT('2D SPACE',''
  ) );
#3182 = PCURVE('',#3183,#3198);
#3183 = B_SPLINE_SURFACE_WITH_KNOTS('',6,1,(
    (#3184,#3185)
    ,(#3186,#3187)
    ,(#3188,#3189)
    ,(#3190,#3191)
    ,(#3192,#3193)
    ,(#3194,#3195)
    ,(#3196,#3197
    )),.UNSPECIFIED.,.F.,.F.,.F.,(7,7),(2,2),(4.712388980385,
    5.262921199027),(0.,1.),.PIECEWISE_BEZIER_KNOTS.);
#3184 = CARTESIAN_POINT('',(650.,-96.,-63.99999999485));
#3185 = CARTESIAN_POINT('',(850.,-71.55632531432,-47.70421687347));
#3186 = CARTESIAN_POINT('',(649.99999999999,-96.,-66.93617182761));
#3187 = CARTESIAN_POINT('',(850.,-70.47306275072,-49.32911071896));
#3188 = CARTESIAN_POINT('',(650.,-95.67670871383,-69.87234305738));
#3189 = CARTESIAN_POINT('',(850.,-69.34552268493,-50.92448623049));
#3190 = CARTESIAN_POINT('',(650.,-95.03012512922,-72.76402226573));
#3191 = CARTESIAN_POINT('',(850.,-68.17471052182,-52.48883520078));
#3192 = CARTESIAN_POINT('',(649.99999999999,-94.06841792522,
    -75.56669924136));
#3193 = CARTESIAN_POINT('',(850.,-66.96170029318,-54.02069518373));
#3194 = CARTESIAN_POINT('',(650.,-92.80791048732,-78.23816695504));
#3195 = CARTESIAN_POINT('',(850.,-65.70763123739,-55.51865393686));
#3196 = CARTESIAN_POINT('',(650.,-91.27187895819,-80.74050829327));
#3197 = CARTESIAN_POINT('',(850.,-64.41370437915,-56.98135386382));
#3198 = DEFINITIONAL_REPRESENTATION('',(#3199),#3203);
#3199 = LINE('',#3200,#3201);
#3200 = CARTESIAN_POINT('',(0.,0.));
#3201 = VECTOR('',#3202,1.);
#3202 = DIRECTION('',(1.,0.));
#3203 = ( GEOMETRIC_REPRESENTATION_CONTEXT(2) 
PARAMETRIC_REPRESENTATION_CONTEXT() REPRESENTATION_CONTEXT('2D SPACE',''
  ) );
#3204 = ORIENTED_EDGE('',*,*,#3205,.F.);
#3205 = EDGE_CURVE('',#998,#3168,#3206,.T.);
#3206 = SURFACE_CURVE('',#3207,(#3210,#3217),.PCURVE_S1.);
#3207 = B_SPLINE_CURVE_WITH_KNOTS('',1,(#3208,#3209),.UNSPECIFIED.,.F.,
  .F.,(2,2),(0.,1.),.PIECEWISE_BEZIER_KNOTS.);
#3208 = CARTESIAN_POINT('',(400.,-103.9999999999,-69.33333332419));
#3209 = CARTESIAN_POINT('',(650.,-96.,-63.99999999485));
#3210 = PCURVE('',#1013,#3211);
#3211 = DEFINITIONAL_REPRESENTATION('',(#3212),#3216);
#3212 = LINE('',#3213,#3214);
#3213 = CARTESIAN_POINT('',(69.333333324197,0.));
#3214 = VECTOR('',#3215,1.);
#3215 = DIRECTION('',(0.,1.));
#3216 = ( GEOMETRIC_REPRESENTATION_CONTEXT(2) 
PARAMETRIC_REPRESENTATION_CONTEXT() REPRESENTATION_CONTEXT('2D SPACE',''
  ) );
#3217 = PCURVE('',#1051,#3218);
#3218 = DEFINITIONAL_REPRESENTATION('',(#3219),#3223);
#3219 = LINE('',#3220,#3221);
#3220 = CARTESIAN_POINT('',(69.333333324197,0.));
#3221 = VECTOR('',#3222,1.);
#3222 = DIRECTION('',(0.,1.));
#3223 = ( GEOMETRIC_REPRESENTATION_CONTEXT(2) 
PARAMETRIC_REPRESENTATION_CONTEXT() REPRESENTATION_CONTEXT('2D SPACE',''
  ) );
#3224 = ADVANCED_FACE('',(#3225),#1051,.T.);
#3225 = FACE_BOUND('',#3226,.T.);
#3226 = EDGE_LOOP('',(#3227,#3228,#3229,#3270));
#3227 = ORIENTED_EDGE('',*,*,#1035,.T.);
#3228 = ORIENTED_EDGE('',*,*,#3205,.T.);
#3229 = ORIENTED_EDGE('',*,*,#3230,.F.);
#3230 = EDGE_CURVE('',#3231,#3168,#3233,.T.);
#3231 = VERTEX_POINT('',#3232);
#3232 = CARTESIAN_POINT('',(650.,-96.,64.));
#3233 = SURFACE_CURVE('',#3234,(#3238,#3244),.PCURVE_S1.);
#3234 = LINE('',#3235,#3236);
#3235 = CARTESIAN_POINT('',(650.,-96.,0.));
#3236 = VECTOR('',#3237,1.);
#3237 = DIRECTION('',(1.110223024625E-16,0.,-1.));
#3238 = PCURVE('',#1051,#3239);
#3239 = DEFINITIONAL_REPRESENTATION('',(#3240),#3243);
#3240 = B_SPLINE_CURVE_WITH_KNOTS('',1,(#3241,#3242),.UNSPECIFIED.,.F.,
  .F.,(2,2),(-64.,63.999999994858),.PIECEWISE_BEZIER_KNOTS.);
#3241 = CARTESIAN_POINT('',(-69.33333333401,1.));
#3242 = CARTESIAN_POINT('',(69.333333324197,1.));
#3243 = ( GEOMETRIC_REPRESENTATION_CONTEXT(2) 
PARAMETRIC_REPRESENTATION_CONTEXT() REPRESENTATION_CONTEXT('2D SPACE',''
  ) );
#3244 = PCURVE('',#3245,#3264);
#3245 = B_SPLINE_SURFACE_WITH_KNOTS('',8,1,(
    (#3246,#3247)
    ,(#3248,#3249)
    ,(#3250,#3251)
    ,(#3252,#3253)
    ,(#3254,#3255)
    ,(#3256,#3257)
    ,(#3258,#3259)
    ,(#3260,#3261)
    ,(#3262,#3263
    )),.UNSPECIFIED.,.F.,.F.,.F.,(9,9),(2,2),(-64.,63.999999994858),(0.,
    1.),.PIECEWISE_BEZIER_KNOTS.);
#3246 = CARTESIAN_POINT('',(650.,-96.,64.));
#3247 = CARTESIAN_POINT('',(850.,-71.55632531311,47.704216875273));
#3248 = CARTESIAN_POINT('',(650.,-96.,48.000000000643));
#3249 = CARTESIAN_POINT('',(850.,-78.56887624366,37.18539047942));
#3250 = CARTESIAN_POINT('',(650.,-96.,32.000000001285));
#3251 = CARTESIAN_POINT('',(849.99999999999,-83.81425653808,
    25.488449781247));
#3252 = CARTESIAN_POINT('',(650.,-96.,16.000000001928));
#3253 = CARTESIAN_POINT('',(850.,-87.06155464486,12.959765996559));
#3254 = CARTESIAN_POINT('',(650.,-96.,2.570832879911E-09));
#3255 = CARTESIAN_POINT('',(849.99999999999,-88.16132632828,
    1.110461056442E-09));
#3256 = CARTESIAN_POINT('',(650.,-96.,-15.99999999678));
#3257 = CARTESIAN_POINT('',(850.,-87.06155464519,-12.95976599436));
#3258 = CARTESIAN_POINT('',(650.,-96.,-31.99999999614));
#3259 = CARTESIAN_POINT('',(849.99999999999,-83.81425653872,
    -25.48844977913));
#3260 = CARTESIAN_POINT('',(650.,-96.,-47.9999999955));
#3261 = CARTESIAN_POINT('',(850.,-78.5688762446,-37.18539047744));
#3262 = CARTESIAN_POINT('',(650.,-96.,-63.99999999485));
#3263 = CARTESIAN_POINT('',(850.,-71.55632531432,-47.70421687347));
#3264 = DEFINITIONAL_REPRESENTATION('',(#3265),#3269);
#3265 = LINE('',#3266,#3267);
#3266 = CARTESIAN_POINT('',(0.,0.));
#3267 = VECTOR('',#3268,1.);
#3268 = DIRECTION('',(1.,0.));
#3269 = ( GEOMETRIC_REPRESENTATION_CONTEXT(2) 
PARAMETRIC_REPRESENTATION_CONTEXT() REPRESENTATION_CONTEXT('2D SPACE',''
  ) );
#3270 = ORIENTED_EDGE('',*,*,#3271,.F.);
#3271 = EDGE_CURVE('',#1036,#3231,#3272,.T.);
#3272 = SURFACE_CURVE('',#3273,(#3276,#3283),.PCURVE_S1.);
#3273 = B_SPLINE_CURVE_WITH_KNOTS('',1,(#3274,#3275),.UNSPECIFIED.,.F.,
  .F.,(2,2),(0.,1.),.PIECEWISE_BEZIER_KNOTS.);
#3274 = CARTESIAN_POINT('',(400.,-103.9999999999,69.333333334012));
#3275 = CARTESIAN_POINT('',(650.,-96.,64.));
#3276 = PCURVE('',#1051,#3277);
#3277 = DEFINITIONAL_REPRESENTATION('',(#3278),#3282);
#3278 = LINE('',#3279,#3280);
#3279 = CARTESIAN_POINT('',(-69.33333333401,0.));
#3280 = VECTOR('',#3281,1.);
#3281 = DIRECTION('',(0.,1.));
#3282 = ( GEOMETRIC_REPRESENTATION_CONTEXT(2) 
PARAMETRIC_REPRESENTATION_CONTEXT() REPRESENTATION_CONTEXT('2D SPACE',''
  ) );
#3283 = PCURVE('',#1077,#3284);
#3284 = DEFINITIONAL_REPRESENTATION('',(#3285),#3289);
#3285 = LINE('',#3286,#3287);
#3286 = CARTESIAN_POINT('',(-69.33333333401,0.));
#3287 = VECTOR('',#3288,1.);
#3288 = DIRECTION('',(0.,1.));
#3289 = ( GEOMETRIC_REPRESENTATION_CONTEXT(2) 
PARAMETRIC_REPRESENTATION_CONTEXT() REPRESENTATION_CONTEXT('2D SPACE',''
  ) );
#3290 = ADVANCED_FACE('',(#3291),#1077,.T.);
#3291 = FACE_BOUND('',#3292,.T.);
#3292 = EDGE_LOOP('',(#3293,#3294,#3295,#3331));
#3293 = ORIENTED_EDGE('',*,*,#1063,.T.);
#3294 = ORIENTED_EDGE('',*,*,#3271,.T.);
#3295 = ORIENTED_EDGE('',*,*,#3296,.F.);
#3296 = EDGE_CURVE('',#1397,#3231,#3297,.T.);
#3297 = SURFACE_CURVE('',#3298,(#3303,#3309),.PCURVE_S1.);
#3298 = CIRCLE('',#3299,32.);
#3299 = AXIS2_PLACEMENT_3D('',#3300,#3301,#3302);
#3300 = CARTESIAN_POINT('',(650.,-64.,64.));
#3301 = DIRECTION('',(1.,-0.,1.110223024625E-16));
#3302 = DIRECTION('',(1.110223024625E-16,0.,-1.));
#3303 = PCURVE('',#1077,#3304);
#3304 = DEFINITIONAL_REPRESENTATION('',(#3305),#3308);
#3305 = B_SPLINE_CURVE_WITH_KNOTS('',1,(#3306,#3307),.UNSPECIFIED.,.F.,
  .F.,(2,2),(4.161856761491,4.712388980385),.PIECEWISE_BEZIER_KNOTS.);
#3306 = CARTESIAN_POINT('',(-92.,1.));
#3307 = CARTESIAN_POINT('',(-69.33333333401,1.));
#3308 = ( GEOMETRIC_REPRESENTATION_CONTEXT(2) 
PARAMETRIC_REPRESENTATION_CONTEXT() REPRESENTATION_CONTEXT('2D SPACE',''
  ) );
#3309 = PCURVE('',#3310,#3325);
#3310 = B_SPLINE_SURFACE_WITH_KNOTS('',6,1,(
    (#3311,#3312)
    ,(#3313,#3314)
    ,(#3315,#3316)
    ,(#3317,#3318)
    ,(#3319,#3320)
    ,(#3321,#3322)
    ,(#3323,#3324
    )),.UNSPECIFIED.,.F.,.F.,.F.,(7,7),(2,2),(4.161856761491,
    4.712388980385),(0.,1.),.PIECEWISE_BEZIER_KNOTS.);
#3311 = CARTESIAN_POINT('',(650.,-91.27187895399,80.74050830527));
#3312 = CARTESIAN_POINT('',(850.,-64.41370437423,56.981353869396));
#3313 = CARTESIAN_POINT('',(649.99999999999,-92.80791048444,
    78.238166966281));
#3314 = CARTESIAN_POINT('',(849.99999999999,-65.70763123317,
    55.518653941886));
#3315 = CARTESIAN_POINT('',(650.,-94.06841792346,75.566699251624));
#3316 = CARTESIAN_POINT('',(850.,-66.96170028963,54.020695188173));
#3317 = CARTESIAN_POINT('',(649.99999999999,-95.03012512833,
    72.76402227484));
#3318 = CARTESIAN_POINT('',(850.,-68.17471051892,52.488835204617));
#3319 = CARTESIAN_POINT('',(650.,-95.67670871353,69.872343065207));
#3320 = CARTESIAN_POINT('',(849.99999999999,-69.34552268263,
    50.924486233681));
#3321 = CARTESIAN_POINT('',(649.99999999999,-96.,66.936171834099));
#3322 = CARTESIAN_POINT('',(850.,-70.47306274899,49.329110721469));
#3323 = CARTESIAN_POINT('',(650.,-96.,64.));
#3324 = CARTESIAN_POINT('',(850.,-71.55632531311,47.704216875273));
#3325 = DEFINITIONAL_REPRESENTATION('',(#3326),#3330);
#3326 = LINE('',#3327,#3328);
#3327 = CARTESIAN_POINT('',(0.,0.));
#3328 = VECTOR('',#3329,1.);
#3329 = DIRECTION('',(1.,0.));
#3330 = ( GEOMETRIC_REPRESENTATION_CONTEXT(2) 
PARAMETRIC_REPRESENTATION_CONTEXT() REPRESENTATION_CONTEXT('2D SPACE',''
  ) );
#3331 = ORIENTED_EDGE('',*,*,#1396,.F.);
#3332 = ADVANCED_FACE('',(#3333),#1122,.T.);
#3333 = FACE_BOUND('',#3334,.T.);
#3334 = EDGE_LOOP('',(#3335,#3336,#3337,#3375));
#3335 = ORIENTED_EDGE('',*,*,#1105,.F.);
#3336 = ORIENTED_EDGE('',*,*,#3121,.T.);
#3337 = ORIENTED_EDGE('',*,*,#3338,.F.);
#3338 = EDGE_CURVE('',#3339,#3084,#3341,.T.);
#3339 = VERTEX_POINT('',#3340);
#3340 = CARTESIAN_POINT('',(650.,80.740508291188,-91.27187895948));
#3341 = SURFACE_CURVE('',#3342,(#3347,#3353),.PCURVE_S1.);
#3342 = CIRCLE('',#3343,32.);
#3343 = AXIS2_PLACEMENT_3D('',#3344,#3345,#3346);
#3344 = CARTESIAN_POINT('',(650.,63.999999994858,-64.));
#3345 = DIRECTION('',(1.,-0.,1.110223024625E-16));
#3346 = DIRECTION('',(1.110223024625E-16,0.,-1.));
#3347 = PCURVE('',#1122,#3348);
#3348 = DEFINITIONAL_REPRESENTATION('',(#3349),#3352);
#3349 = B_SPLINE_CURVE_WITH_KNOTS('',1,(#3350,#3351),.UNSPECIFIED.,.F.,
  .F.,(2,2),(0.550532218566,1.020264107797),.PIECEWISE_BEZIER_KNOTS.);
#3350 = CARTESIAN_POINT('',(3.14159265359,1.));
#3351 = CARTESIAN_POINT('',(4.712388980385,1.));
#3352 = ( GEOMETRIC_REPRESENTATION_CONTEXT(2) 
PARAMETRIC_REPRESENTATION_CONTEXT() REPRESENTATION_CONTEXT('2D SPACE',''
  ) );
#3353 = PCURVE('',#3354,#3369);
#3354 = B_SPLINE_SURFACE_WITH_KNOTS('',6,1,(
    (#3355,#3356)
    ,(#3357,#3358)
    ,(#3359,#3360)
    ,(#3361,#3362)
    ,(#3363,#3364)
    ,(#3365,#3366)
    ,(#3367,#3368
    )),.UNSPECIFIED.,.F.,.F.,.F.,(7,7),(2,2),(0.550532218566,
    1.020264107797),(0.,1.),.PIECEWISE_BEZIER_KNOTS.);
#3355 = CARTESIAN_POINT('',(650.,80.740508291188,-91.27187895948));
#3356 = CARTESIAN_POINT('',(850.,56.98135386198,-64.41370438079));
#3357 = CARTESIAN_POINT('',(650.,82.875586828943,-89.96128719469));
#3358 = CARTESIAN_POINT('',(850.,58.294280420091,-63.25226934888));
#3359 = CARTESIAN_POINT('',(649.99999999999,84.887539869291,
    -88.45011267632));
#3360 = CARTESIAN_POINT('',(850.,59.578799135142,-62.05872110259));
#3361 = CARTESIAN_POINT('',(650.,86.75281339755,-86.75281341252));
#3362 = CARTESIAN_POINT('',(850.,60.833928154644,-60.83392816497));
#3363 = CARTESIAN_POINT('',(649.99999999999,88.450112662161,
    -84.88753988499));
#3364 = CARTESIAN_POINT('',(850.,62.058721092476,-59.57879914567));
#3365 = CARTESIAN_POINT('',(650.,89.961287181396,-82.87558684529));
#3366 = CARTESIAN_POINT('',(850.,63.252269338991,-58.29428043082));
#3367 = CARTESIAN_POINT('',(650.,91.271878947107,-80.74050830811));
#3368 = CARTESIAN_POINT('',(850.,64.413704371117,-56.98135387291));
#3369 = DEFINITIONAL_REPRESENTATION('',(#3370),#3374);
#3370 = LINE('',#3371,#3372);
#3371 = CARTESIAN_POINT('',(0.,0.));
#3372 = VECTOR('',#3373,1.);
#3373 = DIRECTION('',(1.,0.));
#3374 = ( GEOMETRIC_REPRESENTATION_CONTEXT(2) 
PARAMETRIC_REPRESENTATION_CONTEXT() REPRESENTATION_CONTEXT('2D SPACE',''
  ) );
#3375 = ORIENTED_EDGE('',*,*,#3376,.F.);
#3376 = EDGE_CURVE('',#1106,#3339,#3377,.T.);
#3377 = SURFACE_CURVE('',#3378,(#3381,#3388),.PCURVE_S1.);
#3378 = B_SPLINE_CURVE_WITH_KNOTS('',1,(#3379,#3380),.UNSPECIFIED.,.F.,
  .F.,(2,2),(0.,1.),.PIECEWISE_BEZIER_KNOTS.);
#3379 = CARTESIAN_POINT('',(400.,91.99999997794,-104.));
#3380 = CARTESIAN_POINT('',(650.,80.740508291188,-91.27187895948));
#3381 = PCURVE('',#1122,#3382);
#3382 = DEFINITIONAL_REPRESENTATION('',(#3383),#3387);
#3383 = LINE('',#3384,#3385);
#3384 = CARTESIAN_POINT('',(3.14159265359,0.));
#3385 = VECTOR('',#3386,1.);
#3386 = DIRECTION('',(0.,1.));
#3387 = ( GEOMETRIC_REPRESENTATION_CONTEXT(2) 
PARAMETRIC_REPRESENTATION_CONTEXT() REPRESENTATION_CONTEXT('2D SPACE',''
  ) );
#3388 = PCURVE('',#1253,#3389);
#3389 = DEFINITIONAL_REPRESENTATION('',(#3390),#3394);
#3390 = LINE('',#3391,#3392);
#3391 = CARTESIAN_POINT('',(91.999999977937,0.));
#3392 = VECTOR('',#3393,1.);
#3393 = DIRECTION('',(0.,1.));
#3394 = ( GEOMETRIC_REPRESENTATION_CONTEXT(2) 
PARAMETRIC_REPRESENTATION_CONTEXT() REPRESENTATION_CONTEXT('2D SPACE',''
  ) );
#3395 = ADVANCED_FACE('',(#3396),#1205,.T.);
#3396 = FACE_BOUND('',#3397,.T.);
#3397 = EDGE_LOOP('',(#3398,#3399,#3421,#3457));
#3398 = ORIENTED_EDGE('',*,*,#1190,.F.);
#3399 = ORIENTED_EDGE('',*,*,#3400,.T.);
#3400 = EDGE_CURVE('',#1171,#3401,#3403,.T.);
#3401 = VERTEX_POINT('',#3402);
#3402 = CARTESIAN_POINT('',(650.,-80.74050830574,-91.27187894855));
#3403 = SURFACE_CURVE('',#3404,(#3407,#3414),.PCURVE_S1.);
#3404 = B_SPLINE_CURVE_WITH_KNOTS('',1,(#3405,#3406),.UNSPECIFIED.,.F.,
  .F.,(2,2),(0.,1.),.PIECEWISE_BEZIER_KNOTS.);
#3405 = CARTESIAN_POINT('',(400.,-91.99999999999,-103.9999999779));
#3406 = CARTESIAN_POINT('',(650.,-80.74050830574,-91.27187894855));
#3407 = PCURVE('',#1205,#3408);
#3408 = DEFINITIONAL_REPRESENTATION('',(#3409),#3413);
#3409 = LINE('',#3410,#3411);
#3410 = CARTESIAN_POINT('',(3.14159265359,0.));
#3411 = VECTOR('',#3412,1.);
#3412 = DIRECTION('',(0.,1.));
#3413 = ( GEOMETRIC_REPRESENTATION_CONTEXT(2) 
PARAMETRIC_REPRESENTATION_CONTEXT() REPRESENTATION_CONTEXT('2D SPACE',''
  ) );
#3414 = PCURVE('',#1317,#3415);
#3415 = DEFINITIONAL_REPRESENTATION('',(#3416),#3420);
#3416 = LINE('',#3417,#3418);
#3417 = CARTESIAN_POINT('',(-92.,0.));
#3418 = VECTOR('',#3419,1.);
#3419 = DIRECTION('',(0.,1.));
#3420 = ( GEOMETRIC_REPRESENTATION_CONTEXT(2) 
PARAMETRIC_REPRESENTATION_CONTEXT() REPRESENTATION_CONTEXT('2D SPACE',''
  ) );
#3421 = ORIENTED_EDGE('',*,*,#3422,.F.);
#3422 = EDGE_CURVE('',#3146,#3401,#3423,.T.);
#3423 = SURFACE_CURVE('',#3424,(#3429,#3435),.PCURVE_S1.);
#3424 = CIRCLE('',#3425,32.);
#3425 = AXIS2_PLACEMENT_3D('',#3426,#3427,#3428);
#3426 = CARTESIAN_POINT('',(650.,-64.,-63.99999999485));
#3427 = DIRECTION('',(1.,-0.,1.110223024625E-16));
#3428 = DIRECTION('',(1.110223024625E-16,0.,-1.));
#3429 = PCURVE('',#1205,#3430);
#3430 = DEFINITIONAL_REPRESENTATION('',(#3431),#3434);
#3431 = B_SPLINE_CURVE_WITH_KNOTS('',1,(#3432,#3433),.UNSPECIFIED.,.F.,
  .F.,(2,2),(5.262921199027,5.732653088269),.PIECEWISE_BEZIER_KNOTS.);
#3432 = CARTESIAN_POINT('',(1.570796326795,1.));
#3433 = CARTESIAN_POINT('',(3.14159265359,1.));
#3434 = ( GEOMETRIC_REPRESENTATION_CONTEXT(2) 
PARAMETRIC_REPRESENTATION_CONTEXT() REPRESENTATION_CONTEXT('2D SPACE',''
  ) );
#3435 = PCURVE('',#3436,#3451);
#3436 = B_SPLINE_SURFACE_WITH_KNOTS('',6,1,(
    (#3437,#3438)
    ,(#3439,#3440)
    ,(#3441,#3442)
    ,(#3443,#3444)
    ,(#3445,#3446)
    ,(#3447,#3448)
    ,(#3449,#3450
    )),.UNSPECIFIED.,.F.,.F.,.F.,(7,7),(2,2),(5.262921199027,
    5.732653088269),(0.,1.),.PIECEWISE_BEZIER_KNOTS.);
#3437 = CARTESIAN_POINT('',(650.,-91.27187895819,-80.74050829327));
#3438 = CARTESIAN_POINT('',(850.,-64.41370437915,-56.98135386382));
#3439 = CARTESIAN_POINT('',(650.,-89.96128719321,-82.87558683097));
#3440 = CARTESIAN_POINT('',(849.99999999999,-63.25226934717,
    -58.29428042194));
#3441 = CARTESIAN_POINT('',(649.99999999998,-88.45011267466,
    -84.88753987124));
#3442 = CARTESIAN_POINT('',(850.,-62.0587211008,-59.578799137));
#3443 = CARTESIAN_POINT('',(650.00000000001,-86.75281341067,
    -86.75281339941));
#3444 = CARTESIAN_POINT('',(850.,-60.8339281631,-60.83392815651));
#3445 = CARTESIAN_POINT('',(649.99999999999,-84.88753988296,
    -88.4501126639));
#3446 = CARTESIAN_POINT('',(849.99999999999,-59.57879914373,
    -62.05872109434));
#3447 = CARTESIAN_POINT('',(650.,-82.87558684309,-89.961287183));
#3448 = CARTESIAN_POINT('',(850.,-58.2942804288,-63.25226934085));
#3449 = CARTESIAN_POINT('',(650.,-80.74050830574,-91.27187894855));
#3450 = CARTESIAN_POINT('',(850.,-56.98135387081,-64.41370437297));
#3451 = DEFINITIONAL_REPRESENTATION('',(#3452),#3456);
#3452 = LINE('',#3453,#3454);
#3453 = CARTESIAN_POINT('',(0.,0.));
#3454 = VECTOR('',#3455,1.);
#3455 = DIRECTION('',(1.,0.));
#3456 = ( GEOMETRIC_REPRESENTATION_CONTEXT(2) 
PARAMETRIC_REPRESENTATION_CONTEXT() REPRESENTATION_CONTEXT('2D SPACE',''
  ) );
#3457 = ORIENTED_EDGE('',*,*,#3145,.F.);
#3458 = ADVANCED_FACE('',(#3459),#1253,.T.);
#3459 = FACE_BOUND('',#3460,.T.);
#3460 = EDGE_LOOP('',(#3461,#3462,#3463,#3501));
#3461 = ORIENTED_EDGE('',*,*,#1237,.T.);
#3462 = ORIENTED_EDGE('',*,*,#3376,.T.);
#3463 = ORIENTED_EDGE('',*,*,#3464,.F.);
#3464 = EDGE_CURVE('',#3465,#3339,#3467,.T.);
#3465 = VERTEX_POINT('',#3466);
#3466 = CARTESIAN_POINT('',(650.,63.999999994858,-96.));
#3467 = SURFACE_CURVE('',#3468,(#3473,#3479),.PCURVE_S1.);
#3468 = CIRCLE('',#3469,32.);
#3469 = AXIS2_PLACEMENT_3D('',#3470,#3471,#3472);
#3470 = CARTESIAN_POINT('',(650.,63.999999994858,-64.));
#3471 = DIRECTION('',(1.,-0.,1.110223024625E-16));
#3472 = DIRECTION('',(1.110223024625E-16,0.,-1.));
#3473 = PCURVE('',#1253,#3474);
#3474 = DEFINITIONAL_REPRESENTATION('',(#3475),#3478);
#3475 = B_SPLINE_CURVE_WITH_KNOTS('',1,(#3476,#3477),.UNSPECIFIED.,.F.,
  .F.,(2,2),(0.,0.550532218566),.PIECEWISE_BEZIER_KNOTS.);
#3476 = CARTESIAN_POINT('',(69.333333327012,1.));
#3477 = CARTESIAN_POINT('',(91.999999977937,1.));
#3478 = ( GEOMETRIC_REPRESENTATION_CONTEXT(2) 
PARAMETRIC_REPRESENTATION_CONTEXT() REPRESENTATION_CONTEXT('2D SPACE',''
  ) );
#3479 = PCURVE('',#3480,#3495);
#3480 = B_SPLINE_SURFACE_WITH_KNOTS('',6,1,(
    (#3481,#3482)
    ,(#3483,#3484)
    ,(#3485,#3486)
    ,(#3487,#3488)
    ,(#3489,#3490)
    ,(#3491,#3492)
    ,(#3493,#3494
    )),.UNSPECIFIED.,.F.,.F.,.F.,(7,7),(2,2),(0.,0.550532218566),(0.,1.)
  ,.PIECEWISE_BEZIER_KNOTS.);
#3481 = CARTESIAN_POINT('',(650.,63.999999994858,-96.));
#3482 = CARTESIAN_POINT('',(850.,47.704216872926,-71.55632531468));
#3483 = CARTESIAN_POINT('',(650.,66.936171827209,-96.));
#3484 = CARTESIAN_POINT('',(850.,49.329110718176,-70.47306275126));
#3485 = CARTESIAN_POINT('',(649.99999999999,69.872343056568,
    -95.67670871392));
#3486 = CARTESIAN_POINT('',(849.99999999999,50.924486229478,
    -69.34552268567));
#3487 = CARTESIAN_POINT('',(650.,72.764022264534,-95.03012512948));
#3488 = CARTESIAN_POINT('',(849.99999999999,52.488835199545,
    -68.17471052276));
#3489 = CARTESIAN_POINT('',(650.,75.566699239806,-94.06841792575));
#3490 = CARTESIAN_POINT('',(850.,54.020695182274,-66.96170029434));
#3491 = CARTESIAN_POINT('',(649.99999999999,78.238166953185,
    -92.80791048819));
#3492 = CARTESIAN_POINT('',(850.,55.518653935205,-65.70763123878));
#3493 = CARTESIAN_POINT('',(650.,80.740508291188,-91.27187895948));
#3494 = CARTESIAN_POINT('',(850.,56.98135386198,-64.41370438079));
#3495 = DEFINITIONAL_REPRESENTATION('',(#3496),#3500);
#3496 = LINE('',#3497,#3498);
#3497 = CARTESIAN_POINT('',(0.,0.));
#3498 = VECTOR('',#3499,1.);
#3499 = DIRECTION('',(1.,0.));
#3500 = ( GEOMETRIC_REPRESENTATION_CONTEXT(2) 
PARAMETRIC_REPRESENTATION_CONTEXT() REPRESENTATION_CONTEXT('2D SPACE',''
  ) );
#3501 = ORIENTED_EDGE('',*,*,#3502,.F.);
#3502 = EDGE_CURVE('',#1238,#3465,#3503,.T.);
#3503 = SURFACE_CURVE('',#3504,(#3507,#3514),.PCURVE_S1.);
#3504 = B_SPLINE_CURVE_WITH_KNOTS('',1,(#3505,#3506),.UNSPECIFIED.,.F.,
  .F.,(2,2),(0.,1.),.PIECEWISE_BEZIER_KNOTS.);
#3505 = CARTESIAN_POINT('',(400.,69.333333327015,-104.));
#3506 = CARTESIAN_POINT('',(650.,63.999999994858,-96.));
#3507 = PCURVE('',#1253,#3508);
#3508 = DEFINITIONAL_REPRESENTATION('',(#3509),#3513);
#3509 = LINE('',#3510,#3511);
#3510 = CARTESIAN_POINT('',(69.333333327012,0.));
#3511 = VECTOR('',#3512,1.);
#3512 = DIRECTION('',(0.,1.));
#3513 = ( GEOMETRIC_REPRESENTATION_CONTEXT(2) 
PARAMETRIC_REPRESENTATION_CONTEXT() REPRESENTATION_CONTEXT('2D SPACE',''
  ) );
#3514 = PCURVE('',#1291,#3515);
#3515 = DEFINITIONAL_REPRESENTATION('',(#3516),#3519);
#3516 = B_SPLINE_CURVE_WITH_KNOTS('',1,(#3517,#3518),.UNSPECIFIED.,.F.,
  .F.,(2,2),(0.,1.),.PIECEWISE_BEZIER_KNOTS.);
#3517 = CARTESIAN_POINT('',(104.09516229042,-123.8775267406));
#3518 = CARTESIAN_POINT('',(95.891667002174,126.17276242037));
#3519 = ( GEOMETRIC_REPRESENTATION_CONTEXT(2) 
PARAMETRIC_REPRESENTATION_CONTEXT() REPRESENTATION_CONTEXT('2D SPACE',''
  ) );
#3520 = ADVANCED_FACE('',(#3521),#1291,.T.);
#3521 = FACE_BOUND('',#3522,.T.);
#3522 = EDGE_LOOP('',(#3523,#3524,#3525,#3565,#3605));
#3523 = ORIENTED_EDGE('',*,*,#1275,.F.);
#3524 = ORIENTED_EDGE('',*,*,#3502,.T.);
#3525 = ORIENTED_EDGE('',*,*,#3526,.F.);
#3526 = EDGE_CURVE('',#3527,#3465,#3529,.T.);
#3527 = VERTEX_POINT('',#3528);
#3528 = CARTESIAN_POINT('',(650.,-9.555094493408E-10,-96.));
#3529 = SURFACE_CURVE('',#3530,(#3534,#3541),.PCURVE_S1.);
#3530 = LINE('',#3531,#3532);
#3531 = CARTESIAN_POINT('',(650.,1.7763568394E-13,-96.));
#3532 = VECTOR('',#3533,1.);
#3533 = DIRECTION('',(0.,1.,0.));
#3534 = PCURVE('',#1291,#3535);
#3535 = DEFINITIONAL_REPRESENTATION('',(#3536),#3540);
#3536 = LINE('',#3537,#3538);
#3537 = CARTESIAN_POINT('',(31.89588163155,125.43828700288));
#3538 = VECTOR('',#3539,1.);
#3539 = DIRECTION('',(0.999934146496,1.147617839923E-02));
#3540 = ( GEOMETRIC_REPRESENTATION_CONTEXT(2) 
PARAMETRIC_REPRESENTATION_CONTEXT() REPRESENTATION_CONTEXT('2D SPACE',''
  ) );
#3541 = PCURVE('',#3542,#3559);
#3542 = B_SPLINE_SURFACE_WITH_KNOTS('',7,1,(
    (#3543,#3544)
    ,(#3545,#3546)
    ,(#3547,#3548)
    ,(#3549,#3550)
    ,(#3551,#3552)
    ,(#3553,#3554)
    ,(#3555,#3556)
    ,(#3557,#3558
    )),.UNSPECIFIED.,.F.,.F.,.F.,(8,8),(2,2),(-9.556870850247E-10,
    63.999999994858),(0.,1.),.PIECEWISE_BEZIER_KNOTS.);
#3543 = CARTESIAN_POINT('',(650.,-9.555094493408E-10,-96.));
#3544 = CARTESIAN_POINT('',(850.,0.,-86.));
#3545 = CARTESIAN_POINT('',(650.,9.142857141304,-96.));
#3546 = CARTESIAN_POINT('',(850.,7.224031986022,-86.));
#3547 = CARTESIAN_POINT('',(650.,18.285714283563,-96.));
#3548 = CARTESIAN_POINT('',(849.99999999998,14.44806395725,
    -85.29204167706));
#3549 = CARTESIAN_POINT('',(650.,27.428571425822,-96.));
#3550 = CARTESIAN_POINT('',(850.00000000002,21.588839759737,
    -83.87612543116));
#3551 = CARTESIAN_POINT('',(650.,36.571428568081,-96.));
#3552 = CARTESIAN_POINT('',(849.99999999997,28.563102755985,
    -81.76448850489));
#3553 = CARTESIAN_POINT('',(650.,45.71428571034,-96.));
#3554 = CARTESIAN_POINT('',(850.00000000001,35.28999638378,
    -78.98161229544));
#3555 = CARTESIAN_POINT('',(650.,54.857142852599,-96.));
#3556 = CARTESIAN_POINT('',(849.99999999999,41.693458932514,
    -75.56349727466));
#3557 = CARTESIAN_POINT('',(650.,63.999999994858,-96.));
#3558 = CARTESIAN_POINT('',(850.,47.704216872926,-71.55632531468));
#3559 = DEFINITIONAL_REPRESENTATION('',(#3560),#3564);
#3560 = LINE('',#3561,#3562);
#3561 = CARTESIAN_POINT('',(0.,0.));
#3562 = VECTOR('',#3563,1.);
#3563 = DIRECTION('',(1.,0.));
#3564 = ( GEOMETRIC_REPRESENTATION_CONTEXT(2) 
PARAMETRIC_REPRESENTATION_CONTEXT() REPRESENTATION_CONTEXT('2D SPACE',''
  ) );
#3565 = ORIENTED_EDGE('',*,*,#3566,.F.);
#3566 = EDGE_CURVE('',#3567,#3527,#3569,.T.);
#3567 = VERTEX_POINT('',#3568);
#3568 = CARTESIAN_POINT('',(650.,-64.,-95.99999999742));
#3569 = SURFACE_CURVE('',#3570,(#3574,#3581),.PCURVE_S1.);
#3570 = LINE('',#3571,#3572);
#3571 = CARTESIAN_POINT('',(650.,1.7763568394E-13,-96.));
#3572 = VECTOR('',#3573,1.);
#3573 = DIRECTION('',(0.,1.,0.));
#3574 = PCURVE('',#1291,#3575);
#3575 = DEFINITIONAL_REPRESENTATION('',(#3576),#3580);
#3576 = LINE('',#3577,#3578);
#3577 = CARTESIAN_POINT('',(31.89588163155,125.43828700288));
#3578 = VECTOR('',#3579,1.);
#3579 = DIRECTION('',(0.999934146496,1.147617839923E-02));
#3580 = ( GEOMETRIC_REPRESENTATION_CONTEXT(2) 
PARAMETRIC_REPRESENTATION_CONTEXT() REPRESENTATION_CONTEXT('2D SPACE',''
  ) );
#3581 = PCURVE('',#3582,#3599);
#3582 = B_SPLINE_SURFACE_WITH_KNOTS('',7,1,(
    (#3583,#3584)
    ,(#3585,#3586)
    ,(#3587,#3588)
    ,(#3589,#3590)
    ,(#3591,#3592)
    ,(#3593,#3594)
    ,(#3595,#3596)
    ,(#3597,#3598
    )),.UNSPECIFIED.,.F.,.F.,.F.,(8,8),(2,2),(-64.,-9.556870850247E-10),
  (0.,1.),.PIECEWISE_BEZIER_KNOTS.);
#3583 = CARTESIAN_POINT('',(650.,-64.,-96.));
#3584 = CARTESIAN_POINT('',(850.,-47.70421687547,-71.55632531298));
#3585 = CARTESIAN_POINT('',(650.,-54.85714285727,-96.));
#3586 = CARTESIAN_POINT('',(849.99999999999,-41.69345893484,
    -75.56349727341));
#3587 = CARTESIAN_POINT('',(650.,-45.71428571455,-96.));
#3588 = CARTESIAN_POINT('',(850.,-35.28999638582,-78.9816122946));
#3589 = CARTESIAN_POINT('',(650.,-36.57142857183,-96.));
#3590 = CARTESIAN_POINT('',(850.,-28.56310275767,-81.76448850438));
#3591 = CARTESIAN_POINT('',(650.,-27.42857142911,-96.));
#3592 = CARTESIAN_POINT('',(849.99999999999,-21.58883976103,
    -83.8761254309));
#3593 = CARTESIAN_POINT('',(650.,-18.28571428639,-96.));
#3594 = CARTESIAN_POINT('',(850.,-14.44806395812,-85.29204167698));
#3595 = CARTESIAN_POINT('',(650.,-9.142857143676,-96.));
#3596 = CARTESIAN_POINT('',(849.99999999999,-7.22403198646,-86.));
#3597 = CARTESIAN_POINT('',(650.,-9.555094493408E-10,-96.));
#3598 = CARTESIAN_POINT('',(850.,-2.13162820728E-14,-86.));
#3599 = DEFINITIONAL_REPRESENTATION('',(#3600),#3604);
#3600 = LINE('',#3601,#3602);
#3601 = CARTESIAN_POINT('',(0.,0.));
#3602 = VECTOR('',#3603,1.);
#3603 = DIRECTION('',(1.,0.));
#3604 = ( GEOMETRIC_REPRESENTATION_CONTEXT(2) 
PARAMETRIC_REPRESENTATION_CONTEXT() REPRESENTATION_CONTEXT('2D SPACE',''
  ) );
#3605 = ORIENTED_EDGE('',*,*,#3606,.F.);
#3606 = EDGE_CURVE('',#1276,#3567,#3607,.T.);
#3607 = SURFACE_CURVE('',#3608,(#3611,#3617),.PCURVE_S1.);
#3608 = B_SPLINE_CURVE_WITH_KNOTS('',1,(#3609,#3610),.UNSPECIFIED.,.F.,
  .F.,(2,2),(0.,1.),.PIECEWISE_BEZIER_KNOTS.);
#3609 = CARTESIAN_POINT('',(400.,-69.33333333876,-104.));
#3610 = CARTESIAN_POINT('',(650.,-64.,-95.99999999485));
#3611 = PCURVE('',#1291,#3612);
#3612 = DEFINITIONAL_REPRESENTATION('',(#3613),#3616);
#3613 = B_SPLINE_CURVE_WITH_KNOTS('',1,(#3614,#3615),.UNSPECIFIED.,.F.,
  .F.,(2,2),(0.,1.),.PIECEWISE_BEZIER_KNOTS.);
#3614 = CARTESIAN_POINT('',(-34.56237268951,-125.4688901452));
#3615 = CARTESIAN_POINT('',(-32.09990374421,124.70381158549));
#3616 = ( GEOMETRIC_REPRESENTATION_CONTEXT(2) 
PARAMETRIC_REPRESENTATION_CONTEXT() REPRESENTATION_CONTEXT('2D SPACE',''
  ) );
#3617 = PCURVE('',#1317,#3618);
#3618 = DEFINITIONAL_REPRESENTATION('',(#3619),#3623);
#3619 = LINE('',#3620,#3621);
#3620 = CARTESIAN_POINT('',(-69.33333333877,0.));
#3621 = VECTOR('',#3622,1.);
#3622 = DIRECTION('',(0.,1.));
#3623 = ( GEOMETRIC_REPRESENTATION_CONTEXT(2) 
PARAMETRIC_REPRESENTATION_CONTEXT() REPRESENTATION_CONTEXT('2D SPACE',''
  ) );
#3624 = ADVANCED_FACE('',(#3625),#1317,.T.);
#3625 = FACE_BOUND('',#3626,.T.);
#3626 = EDGE_LOOP('',(#3627,#3628,#3629,#3665));
#3627 = ORIENTED_EDGE('',*,*,#1303,.T.);
#3628 = ORIENTED_EDGE('',*,*,#3606,.T.);
#3629 = ORIENTED_EDGE('',*,*,#3630,.F.);
#3630 = EDGE_CURVE('',#3401,#3567,#3631,.T.);
#3631 = SURFACE_CURVE('',#3632,(#3637,#3643),.PCURVE_S1.);
#3632 = CIRCLE('',#3633,32.);
#3633 = AXIS2_PLACEMENT_3D('',#3634,#3635,#3636);
#3634 = CARTESIAN_POINT('',(650.,-64.,-63.99999999485));
#3635 = DIRECTION('',(1.,-0.,1.110223024625E-16));
#3636 = DIRECTION('',(1.110223024625E-16,0.,-1.));
#3637 = PCURVE('',#1317,#3638);
#3638 = DEFINITIONAL_REPRESENTATION('',(#3639),#3642);
#3639 = B_SPLINE_CURVE_WITH_KNOTS('',1,(#3640,#3641),.UNSPECIFIED.,.F.,
  .F.,(2,2),(5.732653088269,6.28318530718),.PIECEWISE_BEZIER_KNOTS.);
#3640 = CARTESIAN_POINT('',(-92.,1.));
#3641 = CARTESIAN_POINT('',(-69.33333333877,1.));
#3642 = ( GEOMETRIC_REPRESENTATION_CONTEXT(2) 
PARAMETRIC_REPRESENTATION_CONTEXT() REPRESENTATION_CONTEXT('2D SPACE',''
  ) );
#3643 = PCURVE('',#3644,#3659);
#3644 = B_SPLINE_SURFACE_WITH_KNOTS('',6,1,(
    (#3645,#3646)
    ,(#3647,#3648)
    ,(#3649,#3650)
    ,(#3651,#3652)
    ,(#3653,#3654)
    ,(#3655,#3656)
    ,(#3657,#3658
    )),.UNSPECIFIED.,.F.,.F.,.F.,(7,7),(2,2),(5.732653088269,
    6.28318530718),(0.,1.),.PIECEWISE_BEZIER_KNOTS.);
#3645 = CARTESIAN_POINT('',(650.,-80.74050830574,-91.27187894855));
#3646 = CARTESIAN_POINT('',(850.,-56.98135387081,-64.41370437297));
#3647 = CARTESIAN_POINT('',(650.,-78.2381669667,-92.8079104791));
#3648 = CARTESIAN_POINT('',(850.,-55.51865394312,-65.70763123213));
#3649 = CARTESIAN_POINT('',(649.99999999999,-75.56669925197,
    -94.0684179182));
#3650 = CARTESIAN_POINT('',(850.,-54.02069518922,-66.9617002888));
#3651 = CARTESIAN_POINT('',(650.,-72.76402227511,-95.03012512313));
#3652 = CARTESIAN_POINT('',(850.,-52.48883520547,-68.17471051828));
#3653 = CARTESIAN_POINT('',(649.99999999999,-69.87234306539,
    -95.67670870837));
#3654 = CARTESIAN_POINT('',(850.,-50.92448623432,-69.34552268217));
#3655 = CARTESIAN_POINT('',(650.,-66.93617183419,-95.99999999485));
#3656 = CARTESIAN_POINT('',(850.,-49.32911072189,-70.47306274869));
#3657 = CARTESIAN_POINT('',(650.,-64.,-95.99999999485));
#3658 = CARTESIAN_POINT('',(850.,-47.70421687547,-71.55632531298));
#3659 = DEFINITIONAL_REPRESENTATION('',(#3660),#3664);
#3660 = LINE('',#3661,#3662);
#3661 = CARTESIAN_POINT('',(0.,0.));
#3662 = VECTOR('',#3663,1.);
#3663 = DIRECTION('',(1.,0.));
#3664 = ( GEOMETRIC_REPRESENTATION_CONTEXT(2) 
PARAMETRIC_REPRESENTATION_CONTEXT() REPRESENTATION_CONTEXT('2D SPACE',''
  ) );
#3665 = ORIENTED_EDGE('',*,*,#3400,.F.);
#3666 = ADVANCED_FACE('',(#3667),#1379,.F.);
#3667 = FACE_BOUND('',#3668,.F.);
#3668 = EDGE_LOOP('',(#3669));
#3669 = ORIENTED_EDGE('',*,*,#1364,.T.);
#3670 = ADVANCED_FACE('',(#3671),#1432,.T.);
#3671 = FACE_BOUND('',#3672,.T.);
#3672 = EDGE_LOOP('',(#3673,#3674,#3675,#3697));
#3673 = ORIENTED_EDGE('',*,*,#1481,.F.);
#3674 = ORIENTED_EDGE('',*,*,#1418,.T.);
#3675 = ORIENTED_EDGE('',*,*,#3676,.T.);
#3676 = EDGE_CURVE('',#1397,#3677,#3679,.T.);
#3677 = VERTEX_POINT('',#3678);
#3678 = CARTESIAN_POINT('',(656.08199552812,-90.45512246555,
    80.017992950116));
#3679 = SURFACE_CURVE('',#3680,(#3683,#3690),.PCURVE_S1.);
#3680 = B_SPLINE_CURVE_WITH_KNOTS('',1,(#3681,#3682),.UNSPECIFIED.,.F.,
  .F.,(2,2),(0.,1.),.PIECEWISE_BEZIER_KNOTS.);
#3681 = CARTESIAN_POINT('',(650.,-91.27187895399,80.74050830527));
#3682 = CARTESIAN_POINT('',(850.,-64.41370437423,56.981353869396));
#3683 = PCURVE('',#1432,#3684);
#3684 = DEFINITIONAL_REPRESENTATION('',(#3685),#3689);
#3685 = LINE('',#3686,#3687);
#3686 = CARTESIAN_POINT('',(4.161856761491,0.));
#3687 = VECTOR('',#3688,1.);
#3688 = DIRECTION('',(0.,1.));
#3689 = ( GEOMETRIC_REPRESENTATION_CONTEXT(2) 
PARAMETRIC_REPRESENTATION_CONTEXT() REPRESENTATION_CONTEXT('2D SPACE',''
  ) );
#3690 = PCURVE('',#3310,#3691);
#3691 = DEFINITIONAL_REPRESENTATION('',(#3692),#3696);
#3692 = LINE('',#3693,#3694);
#3693 = CARTESIAN_POINT('',(4.161856761491,0.));
#3694 = VECTOR('',#3695,1.);
#3695 = DIRECTION('',(0.,1.));
#3696 = ( GEOMETRIC_REPRESENTATION_CONTEXT(2) 
PARAMETRIC_REPRESENTATION_CONTEXT() REPRESENTATION_CONTEXT('2D SPACE',''
  ) );
#3697 = ORIENTED_EDGE('',*,*,#3698,.T.);
#3698 = EDGE_CURVE('',#3677,#1482,#3699,.T.);
#3699 = SURFACE_CURVE('',#3700,(#3730,#3763),.PCURVE_S1.);
#3700 = B_SPLINE_CURVE_WITH_KNOTS('',4,(#3701,#3702,#3703,#3704,#3705,
    #3706,#3707,#3708,#3709,#3710,#3711,#3712,#3713,#3714,#3715,#3716,
    #3717,#3718,#3719,#3720,#3721,#3722,#3723,#3724,#3725,#3726,#3727,
    #3728,#3729),.UNSPECIFIED.,.F.,.F.,(5,3,3,3,3,3,3,3,3,5),(0.,
    0.118761895285,0.23708480057,0.355396588146,0.473259829482,
    0.591562467417,0.709873288709,0.828198014759,0.946134077816,1.),
  .UNSPECIFIED.);
#3701 = CARTESIAN_POINT('',(656.08199552812,-90.45512246555,
    80.017992950116));
#3702 = CARTESIAN_POINT('',(656.1101628316,-90.21870067043,
    80.390500969177));
#3703 = CARTESIAN_POINT('',(656.13702874828,-89.97558032329,
    80.758857765368));
#3704 = CARTESIAN_POINT('',(656.16225639088,-89.72592141087,
    81.122933607114));
#3705 = CARTESIAN_POINT('',(656.208846271,-89.21478845786,
    81.840919123681));
#3706 = CARTESIAN_POINT('',(656.23022220973,-88.95336158762,
    82.194861394648));
#3707 = CARTESIAN_POINT('',(656.24947356098,-88.68575727022,
    82.544281824321));
#3708 = CARTESIAN_POINT('',(656.28338716044,-88.13853087493,
    83.233759152415));
#3709 = CARTESIAN_POINT('',(656.29804970713,-87.85890994576,
    83.57381700315));
#3710 = CARTESIAN_POINT('',(656.31024954523,-87.57342420538,
    83.909066460152));
#3711 = CARTESIAN_POINT('',(656.32950254692,-86.99213842811,
    84.568396627126));
#3712 = CARTESIAN_POINT('',(656.33657498737,-86.69638155363,
    84.892514969535));
#3713 = CARTESIAN_POINT('',(656.34102026349,-86.39511269365,
    85.211564476285));
#3714 = CARTESIAN_POINT('',(656.3446295777,-85.78071385129,
    85.840391736028));
#3715 = CARTESIAN_POINT('',(656.34377385543,-85.46754374638,
    86.15013059314));
#3716 = CARTESIAN_POINT('',(656.34023732777,-85.14912926825,
    86.454456000457));
#3717 = CARTESIAN_POINT('',(656.327919086,-84.50209294176,
    87.051989641434));
#3718 = CARTESIAN_POINT('',(656.31913704538,-84.1734702775,
    87.345197173506));
#3719 = CARTESIAN_POINT('',(656.30779065989,-83.83990621364,
    87.632679655831));
#3720 = CARTESIAN_POINT('',(656.28023675769,-83.16314907557,
    88.19591600475));
#3721 = CARTESIAN_POINT('',(656.26402876648,-82.81995477814,
    88.471668501271));
#3722 = CARTESIAN_POINT('',(656.24552507123,-82.47211140703,
    88.741383011662));
#3723 = CARTESIAN_POINT('',(656.20441928195,-81.76856323962,
    89.267558702103));
#3724 = CARTESIAN_POINT('',(656.18183103408,-81.41288798221,
    89.524060451466));
#3725 = CARTESIAN_POINT('',(656.15738406617,-81.05287102903,
    89.774254655428));
#3726 = CARTESIAN_POINT('',(656.11948782535,-80.52228574843,
    90.129307250391));
#3727 = CARTESIAN_POINT('',(656.10727907154,-80.35505019352,
    90.239280393959));
#3728 = CARTESIAN_POINT('',(656.09477114547,-80.18694858637,
    90.347890428422));
#3729 = CARTESIAN_POINT('',(656.08199552568,-80.01799295036,
    90.455122465905));
#3730 = PCURVE('',#1432,#3731);
#3731 = DEFINITIONAL_REPRESENTATION('',(#3732),#3762);
#3732 = B_SPLINE_CURVE_WITH_KNOTS('',4,(#3733,#3734,#3735,#3736,#3737,
    #3738,#3739,#3740,#3741,#3742,#3743,#3744,#3745,#3746,#3747,#3748,
    #3749,#3750,#3751,#3752,#3753,#3754,#3755,#3756,#3757,#3758,#3759,
    #3760,#3761),.UNSPECIFIED.,.F.,.F.,(5,3,3,3,3,3,3,3,3,5),(0.,
    0.118761895285,0.23708480057,0.355396588146,0.473259829482,
    0.591562467417,0.709873288709,0.828198014759,0.946134077816,1.),
  .UNSPECIFIED.);
#3733 = CARTESIAN_POINT('',(4.161856761491,3.04099776406E-02));
#3734 = CARTESIAN_POINT('',(4.147911717642,3.055081415803E-02));
#3735 = CARTESIAN_POINT('',(4.133967110384,3.068514374143E-02));
#3736 = CARTESIAN_POINT('',(4.120022476491,3.08112819544E-02));
#3737 = CARTESIAN_POINT('',(4.092184193505,3.1044231355E-02));
#3738 = CARTESIAN_POINT('',(4.078290547041,3.115111104869E-02));
#3739 = CARTESIAN_POINT('',(4.064396377768,3.124736780494E-02));
#3740 = CARTESIAN_POINT('',(4.036608241149,3.141693580221E-02));
#3741 = CARTESIAN_POINT('',(4.022714271353,3.149024853566E-02));
#3742 = CARTESIAN_POINT('',(4.008819722177,3.155124772615E-02));
#3743 = CARTESIAN_POINT('',(3.981082421246,3.164751273462E-02));
#3744 = CARTESIAN_POINT('',(3.967239668489,3.168287493687E-02));
#3745 = CARTESIAN_POINT('',(3.953396612924,3.17051013175E-02));
#3746 = CARTESIAN_POINT('',(3.925658714285,3.172314788854E-02));
#3747 = CARTESIAN_POINT('',(3.911763865415,3.17188692772E-02));
#3748 = CARTESIAN_POINT('',(3.897869136424,3.170118663885E-02));
#3749 = CARTESIAN_POINT('',(3.870079330853,3.163959543002E-02));
#3750 = CARTESIAN_POINT('',(3.856184249448,3.159568522691E-02));
#3751 = CARTESIAN_POINT('',(3.842289655616,3.153895329946E-02));
#3752 = CARTESIAN_POINT('',(3.814499927344,3.140118378849E-02));
#3753 = CARTESIAN_POINT('',(3.800604789507,3.132014383242E-02));
#3754 = CARTESIAN_POINT('',(3.786710250005,3.122762535616E-02));
#3755 = CARTESIAN_POINT('',(3.758967719729,3.102209640979E-02));
#3756 = CARTESIAN_POINT('',(3.745119724953,3.090915517041E-02));
#3757 = CARTESIAN_POINT('',(3.731272034897,3.078692033089E-02));
#3758 = CARTESIAN_POINT('',(3.711099487572,3.059743912678E-02));
#3759 = CARTESIAN_POINT('',(3.704774676498,3.053639535775E-02));
#3760 = CARTESIAN_POINT('',(3.698449820226,3.047385572736E-02));
#3761 = CARTESIAN_POINT('',(3.692124872482,3.040997762841E-02));
#3762 = ( GEOMETRIC_REPRESENTATION_CONTEXT(2) 
PARAMETRIC_REPRESENTATION_CONTEXT() REPRESENTATION_CONTEXT('2D SPACE',''
  ) );
#3763 = PCURVE('',#1563,#3764);
#3764 = DEFINITIONAL_REPRESENTATION('',(#3765),#3795);
#3765 = B_SPLINE_CURVE_WITH_KNOTS('',4,(#3766,#3767,#3768,#3769,#3770,
    #3771,#3772,#3773,#3774,#3775,#3776,#3777,#3778,#3779,#3780,#3781,
    #3782,#3783,#3784,#3785,#3786,#3787,#3788,#3789,#3790,#3791,#3792,
    #3793,#3794),.UNSPECIFIED.,.F.,.F.,(5,3,3,3,3,3,3,3,3,5),(0.,
    0.118761895285,0.23708480057,0.355396588146,0.473259829482,
    0.591562467417,0.709873288709,0.828198014759,0.946134077816,1.),
  .UNSPECIFIED.);
#3766 = CARTESIAN_POINT('',(1.847315659539,0.212247032519));
#3767 = CARTESIAN_POINT('',(1.830725573052,0.212412722538));
#3768 = CARTESIAN_POINT('',(1.814177043584,0.212570757343));
#3769 = CARTESIAN_POINT('',(1.797664513142,0.21271915524));
#3770 = CARTESIAN_POINT('',(1.76476195158,0.212993213359));
#3771 = CARTESIAN_POINT('',(1.748371691902,0.213118954175));
#3772 = CARTESIAN_POINT('',(1.732006844975,0.213232197418));
#3773 = CARTESIAN_POINT('',(1.699319842728,0.213431689179));
#3774 = CARTESIAN_POINT('',(1.682997679092,0.213517939454));
#3775 = CARTESIAN_POINT('',(1.666691255303,0.213589703207));
#3776 = CARTESIAN_POINT('',(1.634162450718,0.213702956158));
#3777 = CARTESIAN_POINT('',(1.617939979627,0.213744558749));
#3778 = CARTESIAN_POINT('',(1.601723996262,0.213770707432));
#3779 = CARTESIAN_POINT('',(1.569235645536,0.213791938692));
#3780 = CARTESIAN_POINT('',(1.552963286593,0.213786905032));
#3781 = CARTESIAN_POINT('',(1.536688460699,0.213766101928));
#3782 = CARTESIAN_POINT('',(1.504123660689,0.213693641682));
#3783 = CARTESIAN_POINT('',(1.487833679059,0.21364198262));
#3784 = CARTESIAN_POINT('',(1.471532132811,0.213575239176));
#3785 = CARTESIAN_POINT('',(1.438894562285,0.213413157398));
#3786 = CARTESIAN_POINT('',(1.422558528834,0.213317816273));
#3787 = CARTESIAN_POINT('',(1.406201486126,0.213208971007));
#3788 = CARTESIAN_POINT('',(1.37348920127,0.212967172247));
#3789 = CARTESIAN_POINT('',(1.357134126727,0.2128343002));
#3790 = CARTESIAN_POINT('',(1.340748260167,0.212690494507));
#3791 = CARTESIAN_POINT('',(1.316825782028,0.212467575442));
#3792 = CARTESIAN_POINT('',(1.309317722593,0.212395759247));
#3793 = CARTESIAN_POINT('',(1.301801633423,0.212322183205));
#3794 = CARTESIAN_POINT('',(1.294276994271,0.212247032507));
#3795 = ( GEOMETRIC_REPRESENTATION_CONTEXT(2) 
PARAMETRIC_REPRESENTATION_CONTEXT() REPRESENTATION_CONTEXT('2D SPACE',''
  ) );
#3796 = ADVANCED_FACE('',(#3797),#1563,.F.);
#3797 = FACE_BOUND('',#3798,.F.);
#3798 = EDGE_LOOP('',(#3799,#3821,#3874,#3875,#3876,#3995,#4285,#4375,
    #4376,#4377));
#3799 = ORIENTED_EDGE('',*,*,#3800,.F.);
#3800 = EDGE_CURVE('',#3801,#1630,#3803,.T.);
#3801 = VERTEX_POINT('',#3802);
#3802 = CARTESIAN_POINT('',(620.,-53.74011537017,86.267027304759));
#3803 = SEAM_CURVE('',#3804,(#3807,#3814),.PCURVE_S1.);
#3804 = B_SPLINE_CURVE_WITH_KNOTS('',1,(#3805,#3806),.UNSPECIFIED.,.F.,
  .F.,(2,2),(0.,1.),.PIECEWISE_BEZIER_KNOTS.);
#3805 = CARTESIAN_POINT('',(620.,-53.74011537017,86.267027304759));
#3806 = CARTESIAN_POINT('',(790.,-45.25483399593,104.6518036156));
#3807 = PCURVE('',#1563,#3808);
#3808 = DEFINITIONAL_REPRESENTATION('',(#3809),#3813);
#3809 = LINE('',#3810,#3811);
#3810 = CARTESIAN_POINT('',(0.,0.));
#3811 = VECTOR('',#3812,1.);
#3812 = DIRECTION('',(0.,1.));
#3813 = ( GEOMETRIC_REPRESENTATION_CONTEXT(2) 
PARAMETRIC_REPRESENTATION_CONTEXT() REPRESENTATION_CONTEXT('2D SPACE',''
  ) );
#3814 = PCURVE('',#1563,#3815);
#3815 = DEFINITIONAL_REPRESENTATION('',(#3816),#3820);
#3816 = LINE('',#3817,#3818);
#3817 = CARTESIAN_POINT('',(6.28318530718,0.));
#3818 = VECTOR('',#3819,1.);
#3819 = DIRECTION('',(0.,1.));
#3820 = ( GEOMETRIC_REPRESENTATION_CONTEXT(2) 
PARAMETRIC_REPRESENTATION_CONTEXT() REPRESENTATION_CONTEXT('2D SPACE',''
  ) );
#3821 = ORIENTED_EDGE('',*,*,#3822,.T.);
#3822 = EDGE_CURVE('',#3801,#3801,#3823,.T.);
#3823 = SURFACE_CURVE('',#3824,(#3829,#3836),.PCURVE_S1.);
#3824 = ELLIPSE('',#3825,23.,20.);
#3825 = AXIS2_PLACEMENT_3D('',#3826,#3827,#3828);
#3826 = CARTESIAN_POINT('',(620.,-70.00357133746,70.003571337468));
#3827 = DIRECTION('',(1.,-7.850462293419E-17,7.850462293419E-17));
#3828 = DIRECTION('',(1.232595164408E-32,0.707106781187,0.707106781187)
  );
#3829 = PCURVE('',#1563,#3830);
#3830 = DEFINITIONAL_REPRESENTATION('',(#3831),#3835);
#3831 = LINE('',#3832,#3833);
#3832 = CARTESIAN_POINT('',(0.,0.));
#3833 = VECTOR('',#3834,1.);
#3834 = DIRECTION('',(1.,0.));
#3835 = ( GEOMETRIC_REPRESENTATION_CONTEXT(2) 
PARAMETRIC_REPRESENTATION_CONTEXT() REPRESENTATION_CONTEXT('2D SPACE',''
  ) );
#3836 = PCURVE('',#3837,#3868);
#3837 = B_SPLINE_SURFACE_WITH_KNOTS('',14,1,(
    (#3838,#3839)
    ,(#3840,#3841)
    ,(#3842,#3843)
    ,(#3844,#3845)
    ,(#3846,#3847)
    ,(#3848,#3849)
    ,(#3850,#3851)
    ,(#3852,#3853)
    ,(#3854,#3855)
    ,(#3856,#3857)
    ,(#3858,#3859)
    ,(#3860,#3861)
    ,(#3862,#3863)
    ,(#3864,#3865)
    ,(#3866,#3867
    )),.UNSPECIFIED.,.T.,.F.,.F.,(15,15),(2,2),(0.,6.28318530718),(0.,1.
    ),.PIECEWISE_BEZIER_KNOTS.);
#3838 = CARTESIAN_POINT('',(535.,-46.66904755831,74.953318805774));
#3839 = CARTESIAN_POINT('',(620.,-53.74011537017,86.267027304759));
#3840 = CARTESIAN_POINT('',(535.00000000008,-52.06397684036,
    80.348248087829));
#3841 = CARTESIAN_POINT('',(620.,-60.08709099611,92.6140029307));
#3842 = CARTESIAN_POINT('',(534.99999999966,-60.52654042862,
    82.675547046446));
#3843 = CARTESIAN_POINT('',(620.00000000002,-69.96184612694,
    95.433203737435));
#3844 = CARTESIAN_POINT('',(535.00000000076,-70.69144206338,
    80.569911578597));
#3845 = CARTESIAN_POINT('',(619.99999999971,-81.75814976492,
    93.118389707415));
#3846 = CARTESIAN_POINT('',(534.99999999883,-80.27604489483,
    73.583686087567));
#3847 = CARTESIAN_POINT('',(620.00000000113,-92.81483330958,
    85.118620681251));
#3848 = CARTESIAN_POINT('',(535.00000000118,-86.56975375025,
    62.675889828108));
#3849 = CARTESIAN_POINT('',(619.9999999972,-99.99152968917,
    72.513586178657));
#3850 = CARTESIAN_POINT('',(534.99999999931,-87.32831199553,
    50.303021431653));
#3851 = CARTESIAN_POINT('',(620.00000000493,-100.7101528607,
    58.131068712398));
#3852 = CARTESIAN_POINT('',(534.9999999999,-81.79568851421,
    39.826677849052));
#3853 = CARTESIAN_POINT('',(619.99999999335,-94.13575246922,
    45.871390204209));
#3854 = CARTESIAN_POINT('',(535.00000000071,-71.31934493316,
    34.294054369279));
#3855 = CARTESIAN_POINT('',(620.00000000701,-81.87607396387,
    39.296989815495));
#3856 = CARTESIAN_POINT('',(534.99999999909,-58.94647653546,
    35.052612613323));
#3857 = CARTESIAN_POINT('',(619.99999999413,-67.49355649532,
    40.015612984783));
#3858 = CARTESIAN_POINT('',(535.00000000072,-48.0386802768,
    41.346321469523));
#3859 = CARTESIAN_POINT('',(620.00000000386,-54.88852199423,
    47.192309365914));
#3860 = CARTESIAN_POINT('',(534.99999999959,-41.05245478537,
    50.930924300588));
#3861 = CARTESIAN_POINT('',(619.99999999803,-46.88875296727,
    58.248992909753));
#3862 = CARTESIAN_POINT('',(535.00000000015,-38.94681931767,
    61.095825935492));
#3863 = CARTESIAN_POINT('',(620.00000000071,-44.57393893758,
    70.045296548079));
#3864 = CARTESIAN_POINT('',(534.99999999996,-41.27411827625,
    69.558389523716));
#3865 = CARTESIAN_POINT('',(619.99999999984,-47.39313974422,
    79.920051678802));
#3866 = CARTESIAN_POINT('',(535.,-46.66904755831,74.953318805774));
#3867 = CARTESIAN_POINT('',(620.,-53.74011537017,86.267027304759));
#3868 = DEFINITIONAL_REPRESENTATION('',(#3869),#3873);
#3869 = LINE('',#3870,#3871);
#3870 = CARTESIAN_POINT('',(0.,1.));
#3871 = VECTOR('',#3872,1.);
#3872 = DIRECTION('',(1.,0.));
#3873 = ( GEOMETRIC_REPRESENTATION_CONTEXT(2) 
PARAMETRIC_REPRESENTATION_CONTEXT() REPRESENTATION_CONTEXT('2D SPACE',''
  ) );
#3874 = ORIENTED_EDGE('',*,*,#3800,.T.);
#3875 = ORIENTED_EDGE('',*,*,#1775,.T.);
#3876 = ORIENTED_EDGE('',*,*,#3877,.F.);
#3877 = EDGE_CURVE('',#3878,#1776,#3880,.T.);
#3878 = VERTEX_POINT('',#3879);
#3879 = CARTESIAN_POINT('',(790.,-82.55027626263,42.363270990876));
#3880 = SURFACE_CURVE('',#3881,(#3886,#3893),.PCURVE_S1.);
#3881 = ELLIPSE('',#3882,42.,24.);
#3882 = AXIS2_PLACEMENT_3D('',#3883,#3884,#3885);
#3883 = CARTESIAN_POINT('',(790.,-74.95331880577,74.953318805774));
#3884 = DIRECTION('',(1.,-7.850462293419E-17,7.850462293419E-17));
#3885 = DIRECTION('',(1.232595164408E-32,0.707106781187,0.707106781187)
  );
#3886 = PCURVE('',#1563,#3887);
#3887 = DEFINITIONAL_REPRESENTATION('',(#3888),#3892);
#3888 = LINE('',#3889,#3890);
#3889 = CARTESIAN_POINT('',(0.,1.));
#3890 = VECTOR('',#3891,1.);
#3891 = DIRECTION('',(1.,0.));
#3892 = ( GEOMETRIC_REPRESENTATION_CONTEXT(2) 
PARAMETRIC_REPRESENTATION_CONTEXT() REPRESENTATION_CONTEXT('2D SPACE',''
  ) );
#3893 = PCURVE('',#2004,#3894);
#3894 = DEFINITIONAL_REPRESENTATION('',(#3895),#3994);
#3895 = B_SPLINE_CURVE_WITH_KNOTS('',9,(#3896,#3897,#3898,#3899,#3900,
    #3901,#3902,#3903,#3904,#3905,#3906,#3907,#3908,#3909,#3910,#3911,
    #3912,#3913,#3914,#3915,#3916,#3917,#3918,#3919,#3920,#3921,#3922,
    #3923,#3924,#3925,#3926,#3927,#3928,#3929,#3930,#3931,#3932,#3933,
    #3934,#3935,#3936,#3937,#3938,#3939,#3940,#3941,#3942,#3943,#3944,
    #3945,#3946,#3947,#3948,#3949,#3950,#3951,#3952,#3953,#3954,#3955,
    #3956,#3957,#3958,#3959,#3960,#3961,#3962,#3963,#3964,#3965,#3966,
    #3967,#3968,#3969,#3970,#3971,#3972,#3973,#3974,#3975,#3976,#3977,
    #3978,#3979,#3980,#3981,#3982,#3983,#3984,#3985,#3986,#3987,#3988,
    #3989,#3990,#3991,#3992,#3993),.UNSPECIFIED.,.F.,.F.,(10,8,8,8,8,8,8
    ,8,8,8,8,8,10),(0.,0.392699081699,0.785398163397,1.178097245096,
    1.570796326795,2.356194490192,3.14159265359,3.926990816987,
    4.712388980385,5.105088062083,5.497787143782,5.890486225481,
    6.28318530718),.UNSPECIFIED.);
#3896 = CARTESIAN_POINT('',(-2.775557561563E-17,0.));
#3897 = CARTESIAN_POINT('',(4.427368124787E-02,0.));
#3898 = CARTESIAN_POINT('',(8.845179712598E-02,0.));
#3899 = CARTESIAN_POINT('',(0.132543099082,0.));
#3900 = CARTESIAN_POINT('',(0.17655404323,0.));
#3901 = CARTESIAN_POINT('',(0.220502722317,0.));
#3902 = CARTESIAN_POINT('',(0.264378775733,0.));
#3903 = CARTESIAN_POINT('',(0.308207374766,0.));
#3904 = CARTESIAN_POINT('',(0.351983968362,0.));
#3905 = CARTESIAN_POINT('',(0.439452072057,0.));
#3906 = CARTESIAN_POINT('',(0.48314280936,0.));
#3907 = CARTESIAN_POINT('',(0.526799546644,0.));
#3908 = CARTESIAN_POINT('',(0.570416672802,0.));
#3909 = CARTESIAN_POINT('',(0.614018350658,0.));
#3910 = CARTESIAN_POINT('',(0.657588564248,0.));
#3911 = CARTESIAN_POINT('',(0.701144692301,0.));
#3912 = CARTESIAN_POINT('',(0.744685427048,0.));
#3913 = CARTESIAN_POINT('',(0.831743762037,0.));
#3914 = CARTESIAN_POINT('',(0.875261029713,0.));
#3915 = CARTESIAN_POINT('',(0.918771384919,0.));
#3916 = CARTESIAN_POINT('',(0.962274348022,0.));
#3917 = CARTESIAN_POINT('',(1.005774783891,0.));
#3918 = CARTESIAN_POINT('',(1.049275170403,0.));
#3919 = CARTESIAN_POINT('',(1.092774769683,0.));
#3920 = CARTESIAN_POINT('',(1.136277034524,0.));
#3921 = CARTESIAN_POINT('',(1.22328790371,0.));
#3922 = CARTESIAN_POINT('',(1.266796407414,0.));
#3923 = CARTESIAN_POINT('',(1.310309485738,0.));
#3924 = CARTESIAN_POINT('',(1.353827753256,0.));
#3925 = CARTESIAN_POINT('',(1.397351841008,0.));
#3926 = CARTESIAN_POINT('',(1.440882381824,0.));
#3927 = CARTESIAN_POINT('',(1.484419664791,0.));
#3928 = CARTESIAN_POINT('',(1.527963550129,0.));
#3929 = CARTESIAN_POINT('',(1.658615606798,0.));
#3930 = CARTESIAN_POINT('',(1.745743978468,0.));
#3931 = CARTESIAN_POINT('',(1.832899191022,0.));
#3932 = CARTESIAN_POINT('',(1.920079085505,0.));
#3933 = CARTESIAN_POINT('',(2.007280326278,0.));
#3934 = CARTESIAN_POINT('',(2.094499077199,0.));
#3935 = CARTESIAN_POINT('',(2.181731531369,0.));
#3936 = CARTESIAN_POINT('',(2.268974294466,0.));
#3937 = CARTESIAN_POINT('',(2.443474948812,0.));
#3938 = CARTESIAN_POINT('',(2.530733251753,0.));
#3939 = CARTESIAN_POINT('',(2.617993400585,0.));
#3940 = CARTESIAN_POINT('',(2.705264552776,0.));
#3941 = CARTESIAN_POINT('',(2.792523496912,0.));
#3942 = CARTESIAN_POINT('',(2.879793668538,0.));
#3943 = CARTESIAN_POINT('',(2.967059871355,0.));
#3944 = CARTESIAN_POINT('',(3.05432624274,0.));
#3945 = CARTESIAN_POINT('',(3.228859064439,0.));
#3946 = CARTESIAN_POINT('',(3.316125435825,0.));
#3947 = CARTESIAN_POINT('',(3.403391638641,0.));
#3948 = CARTESIAN_POINT('',(3.490661810268,0.));
#3949 = CARTESIAN_POINT('',(3.577920754403,0.));
#3950 = CARTESIAN_POINT('',(3.665191906594,0.));
#3951 = CARTESIAN_POINT('',(3.752452055427,0.));
#3952 = CARTESIAN_POINT('',(3.839710358367,0.));
#3953 = CARTESIAN_POINT('',(4.014211012714,0.));
#3954 = CARTESIAN_POINT('',(4.10145377581,0.));
#3955 = CARTESIAN_POINT('',(4.188686229981,0.));
#3956 = CARTESIAN_POINT('',(4.275904980902,0.));
#3957 = CARTESIAN_POINT('',(4.363106221675,0.));
#3958 = CARTESIAN_POINT('',(4.450286116157,0.));
#3959 = CARTESIAN_POINT('',(4.537441328712,0.));
#3960 = CARTESIAN_POINT('',(4.624569700382,0.));
#3961 = CARTESIAN_POINT('',(4.755221757051,0.));
#3962 = CARTESIAN_POINT('',(4.798765642389,0.));
#3963 = CARTESIAN_POINT('',(4.842302925356,0.));
#3964 = CARTESIAN_POINT('',(4.885833466171,0.));
#3965 = CARTESIAN_POINT('',(4.929357553924,0.));
#3966 = CARTESIAN_POINT('',(4.972875821442,0.));
#3967 = CARTESIAN_POINT('',(5.016388899766,0.));
#3968 = CARTESIAN_POINT('',(5.059897403469,0.));
#3969 = CARTESIAN_POINT('',(5.146908272655,0.));
#3970 = CARTESIAN_POINT('',(5.190410537497,0.));
#3971 = CARTESIAN_POINT('',(5.233910136777,0.));
#3972 = CARTESIAN_POINT('',(5.277410523287,0.));
#3973 = CARTESIAN_POINT('',(5.320910959158,0.));
#3974 = CARTESIAN_POINT('',(5.36441392226,0.));
#3975 = CARTESIAN_POINT('',(5.407924277466,0.));
#3976 = CARTESIAN_POINT('',(5.451441545142,0.));
#3977 = CARTESIAN_POINT('',(5.538499880132,0.));
#3978 = CARTESIAN_POINT('',(5.582040614879,0.));
#3979 = CARTESIAN_POINT('',(5.625596742932,0.));
#3980 = CARTESIAN_POINT('',(5.669166956522,0.));
#3981 = CARTESIAN_POINT('',(5.712768634378,0.));
#3982 = CARTESIAN_POINT('',(5.756385760536,0.));
#3983 = CARTESIAN_POINT('',(5.80004249782,0.));
#3984 = CARTESIAN_POINT('',(5.843733235123,0.));
#3985 = CARTESIAN_POINT('',(5.931201338818,0.));
#3986 = CARTESIAN_POINT('',(5.974977932414,0.));
#3987 = CARTESIAN_POINT('',(6.018806531446,0.));
#3988 = CARTESIAN_POINT('',(6.062682584864,0.));
#3989 = CARTESIAN_POINT('',(6.106631263948,0.));
#3990 = CARTESIAN_POINT('',(6.150642208098,0.));
#3991 = CARTESIAN_POINT('',(6.194733510053,0.));
#3992 = CARTESIAN_POINT('',(6.238911625932,0.));
#3993 = CARTESIAN_POINT('',(6.28318530718,0.));
#3994 = ( GEOMETRIC_REPRESENTATION_CONTEXT(2) 
PARAMETRIC_REPRESENTATION_CONTEXT() REPRESENTATION_CONTEXT('2D SPACE',''
  ) );
#3995 = ORIENTED_EDGE('',*,*,#3996,.T.);
#3996 = EDGE_CURVE('',#3878,#3997,#3999,.T.);
#3997 = VERTEX_POINT('',#3998);
#3998 = CARTESIAN_POINT('',(656.56758593241,-95.19732032994,
    63.464880219961));
#3999 = SURFACE_CURVE('',#4000,(#4093,#4189),.PCURVE_S1.);
#4000 = B_SPLINE_CURVE_WITH_KNOTS('',7,(#4001,#4002,#4003,#4004,#4005,
    #4006,#4007,#4008,#4009,#4010,#4011,#4012,#4013,#4014,#4015,#4016,
    #4017,#4018,#4019,#4020,#4021,#4022,#4023,#4024,#4025,#4026,#4027,
    #4028,#4029,#4030,#4031,#4032,#4033,#4034,#4035,#4036,#4037,#4038,
    #4039,#4040,#4041,#4042,#4043,#4044,#4045,#4046,#4047,#4048,#4049,
    #4050,#4051,#4052,#4053,#4054,#4055,#4056,#4057,#4058,#4059,#4060,
    #4061,#4062,#4063,#4064,#4065,#4066,#4067,#4068,#4069,#4070,#4071,
    #4072,#4073,#4074,#4075,#4076,#4077,#4078,#4079,#4080,#4081,#4082,
    #4083,#4084,#4085,#4086,#4087,#4088,#4089,#4090,#4091,#4092),
  .UNSPECIFIED.,.F.,.F.,(8,6,6,6,6,6,6,6,6,6,6,6,6,6,6,8),(0.,
    9.061919397702E-02,0.224182065265,0.397379897524,0.568154872349,
    0.678972358456,0.751617064206,0.796751295477,0.833839038372,
    0.865059425288,0.891682750462,0.911958923659,0.929844490283,
    0.945721764689,0.959871134415,1.),.UNSPECIFIED.);
#4001 = CARTESIAN_POINT('',(790.,-82.55027627127,42.363270963362));
#4002 = CARTESIAN_POINT('',(788.19334954577,-82.77146153021,
    42.320942171172));
#4003 = CARTESIAN_POINT('',(786.38511434874,-82.98886619436,
    42.284772883827));
#4004 = CARTESIAN_POINT('',(784.57544305318,-83.2027111919,
    42.254659198529));
#4005 = CARTESIAN_POINT('',(782.76447088405,-83.4131972695,
    42.230519597179));
#4006 = CARTESIAN_POINT('',(780.95232040542,-83.62050792997,
    42.212292927443));
#4007 = CARTESIAN_POINT('',(779.13910227906,-83.82481236994,
    42.199936383828));
#4008 = CARTESIAN_POINT('',(774.65100206975,-84.32319263033,
    42.183824411442));
#4009 = CARTESIAN_POINT('',(771.97499592118,-84.61392819677,
    42.186919360136));
#4010 = CARTESIAN_POINT('',(769.29721192336,-84.89897841822,
    42.202626577843));
#4011 = CARTESIAN_POINT('',(766.61794218325,-85.17878988851,
    42.230940307394));
#4012 = CARTESIAN_POINT('',(763.9374582584,-85.4537629358,
    42.271928206597));
#4013 = CARTESIAN_POINT('',(761.25601284674,-85.72426206444,
    42.325728763393));
#4014 = CARTESIAN_POINT('',(755.09573214636,-86.33603452744,
    42.479197757545));
#4015 = CARTESIAN_POINT('',(751.61643847186,-86.67448533987,
    42.587740485081));
#4016 = CARTESIAN_POINT('',(748.13645671013,-87.0067170723,
    42.71863077047));
#4017 = CARTESIAN_POINT('',(744.65631752504,-87.33338184624,
    42.87252817973));
#4018 = CARTESIAN_POINT('',(741.17658881231,-87.65507142037,
    43.050298536722));
#4019 = CARTESIAN_POINT('',(737.69787909314,-87.97233671252,
    43.253052604704));
#4020 = CARTESIAN_POINT('',(730.7924439775,-88.59468182995,
    43.708186993199));
#4021 = CARTESIAN_POINT('',(727.36575997195,-88.8998622653,
    43.959830146377));
#4022 = CARTESIAN_POINT('',(723.94136382714,-89.20174915004,
    44.238520437705));
#4023 = CARTESIAN_POINT('',(720.52003297824,-89.50080977615,
    44.545946399949));
#4024 = CARTESIAN_POINT('',(717.10275220975,-89.79748642695,
    44.884142499812));
#4025 = CARTESIAN_POINT('',(713.690736868,-90.09220927131,
    45.255657466431));
#4026 = CARTESIAN_POINT('',(708.07576859443,-90.5756669189,
    45.92875557629));
#4027 = CARTESIAN_POINT('',(705.86897012213,-90.76527874091,
    46.20909084853));
#4028 = CARTESIAN_POINT('',(703.66547631936,-90.95436144106,
    46.505792610189));
#4029 = CARTESIAN_POINT('',(701.46582017734,-91.14302571265,
    46.819932160879));
#4030 = CARTESIAN_POINT('',(699.27067618054,-91.3313762322,
    47.152752479797));
#4031 = CARTESIAN_POINT('',(697.08087948759,-91.5195121538,
    47.505748145054));
#4032 = CARTESIAN_POINT('',(693.4661512476,-91.83077647648,
    48.126665263711));
#4033 = CARTESIAN_POINT('',(692.03761307429,-91.95397164221,
    48.382002258356));
#4034 = CARTESIAN_POINT('',(690.61213127289,-92.07713850704,
    48.647345188401));
#4035 = CARTESIAN_POINT('',(689.19007008144,-92.20029881121,
    48.923294243893));
#4036 = CARTESIAN_POINT('',(687.77187537547,-92.32346947533,
    49.210531183281));
#4037 = CARTESIAN_POINT('',(686.35808551088,-92.4466617761,
    49.509851123257));
#4038 = CARTESIAN_POINT('',(684.07409936961,-92.64643524779,
    50.016285493009));
#4039 = CARTESIAN_POINT('',(683.20081035102,-92.72299978209,
    50.215389203719));
#4040 = CARTESIAN_POINT('',(682.32963884298,-92.79957419466,
    50.419756273439));
#4041 = CARTESIAN_POINT('',(681.46077008171,-92.87615722042,
    50.629637961112));
#4042 = CARTESIAN_POINT('',(680.59442078465,-92.95274514418,
    50.845313137516));
#4043 = CARTESIAN_POINT('',(679.73084241779,-93.02933142838,
    51.067095795143));
#4044 = CARTESIAN_POINT('',(678.16321888918,-93.16882954183,
    51.482897884498));
#4045 = CARTESIAN_POINT('',(677.45818618457,-93.23174449821,
    51.674816217459));
#4046 = CARTESIAN_POINT('',(676.75538622261,-93.29464583439,
    51.871297303746));
#4047 = CARTESIAN_POINT('',(676.05500667264,-93.35752581042,
    52.072557155488));
#4048 = CARTESIAN_POINT('',(675.35726617535,-93.42037389369,
    52.278834053855));
#4049 = CARTESIAN_POINT('',(674.66241751816,-93.48317633069,
    52.490394552748));
#4050 = CARTESIAN_POINT('',(673.38850722287,-93.59872959992,
    52.890331797543));
#4051 = CARTESIAN_POINT('',(672.80852484495,-93.65149822589,
    53.077079334176));
#4052 = CARTESIAN_POINT('',(672.23097580237,-93.7042112504,
    53.267963268811));
#4053 = CARTESIAN_POINT('',(671.65606168454,-93.7568555471,
    53.463178312825));
#4054 = CARTESIAN_POINT('',(671.08401677961,-93.80941471954,
    53.66293778411));
#4055 = CARTESIAN_POINT('',(670.51511130941,-93.86186861125,
    53.867478678632));
#4056 = CARTESIAN_POINT('',(669.4674590182,-93.9588125068,
    54.255794035443));
#4057 = CARTESIAN_POINT('',(668.98777806972,-94.00333726997,
    54.438189068059));
#4058 = CARTESIAN_POINT('',(668.51080257909,-94.04775201547,
    54.624418259746));
#4059 = CARTESIAN_POINT('',(668.03675551141,-94.09203836817,
    54.81465880122));
#4060 = CARTESIAN_POINT('',(667.56589524474,-94.13617412707,
    55.009102819171));
#4061 = CARTESIAN_POINT('',(667.09851877815,-94.18013272482,
    55.207961541417));
#4062 = CARTESIAN_POINT('',(666.28192500159,-94.25720240353,
    55.566460011457));
#4063 = CARTESIAN_POINT('',(665.93110688589,-94.29040067014,
    55.724145290548));
#4064 = CARTESIAN_POINT('',(665.58266046863,-94.32346353079,
    55.884629341513));
#4065 = CARTESIAN_POINT('',(665.23675679262,-94.35637471231,
    56.048021039492));
#4066 = CARTESIAN_POINT('',(664.89358956264,-94.38911533773,
    56.214435705083));
#4067 = CARTESIAN_POINT('',(664.55337664067,-94.42166363937,
    56.383996716835));
#4068 = CARTESIAN_POINT('',(663.9190812992,-94.48251379886,
    56.709299290552));
#4069 = CARTESIAN_POINT('',(663.62429317597,-94.51086349543,
    56.864311170482));
#4070 = CARTESIAN_POINT('',(663.33216366992,-94.53902667412,
    57.021964654453));
#4071 = CARTESIAN_POINT('',(663.04288181505,-94.56698365808,
    57.182354029859));
#4072 = CARTESIAN_POINT('',(662.75666023833,-94.59471192388,
    57.345576916701));
#4073 = CARTESIAN_POINT('',(662.47373621723,-94.62218584435,
    57.51173520373));
#4074 = CARTESIAN_POINT('',(661.94637774739,-94.67351394361,
    57.831137916274));
#4075 = CARTESIAN_POINT('',(661.7011925413,-94.69742768042,
    57.983735289817));
#4076 = CARTESIAN_POINT('',(661.45900018509,-94.72109762486,
    58.138803220671));
#4077 = CARTESIAN_POINT('',(661.22000696278,-94.74450074225,
    58.296416290693));
#4078 = CARTESIAN_POINT('',(660.98444237621,-94.76761098016,
    58.456648548137));
#4079 = CARTESIAN_POINT('',(660.75255914504,-94.79039926838,
    58.619573507653));
#4080 = CARTESIAN_POINT('',(660.32151219339,-94.83282624136,
    58.932922910649));
#4081 = CARTESIAN_POINT('',(660.12153735143,-94.85253737239,
    59.082775937116));
#4082 = CARTESIAN_POINT('',(659.92490366736,-94.87194408463,
    59.234874954099));
#4083 = CARTESIAN_POINT('',(659.73182698884,-94.89102088672,
    59.389267431405));
#4084 = CARTESIAN_POINT('',(659.54254294383,-94.90973961368,
    59.545995873778));
#4085 = CARTESIAN_POINT('',(659.3573058598,-94.92806941733,
    59.705097110423));
#4086 = CARTESIAN_POINT('',(658.66328769562,-94.99676356757,
    60.324642556821));
#4087 = CARTESIAN_POINT('',(658.18499131466,-95.0441458165,
    60.801955009309));
#4088 = CARTESIAN_POINT('',(657.74753721815,-95.08737510257,
    61.2993531889));
#4089 = CARTESIAN_POINT('',(657.3587558343,-95.12546242301,
    61.816705745132));
#4090 = CARTESIAN_POINT('',(657.02749411053,-95.15723932849,
    62.352629692117));
#4091 = CARTESIAN_POINT('',(656.76219944532,-95.18146853279,
    62.903992426822));
#4092 = CARTESIAN_POINT('',(656.56758593241,-95.19732032994,
    63.464880219962));
#4093 = PCURVE('',#1563,#4094);
#4094 = DEFINITIONAL_REPRESENTATION('',(#4095),#4188);
#4095 = B_SPLINE_CURVE_WITH_KNOTS('',7,(#4096,#4097,#4098,#4099,#4100,
    #4101,#4102,#4103,#4104,#4105,#4106,#4107,#4108,#4109,#4110,#4111,
    #4112,#4113,#4114,#4115,#4116,#4117,#4118,#4119,#4120,#4121,#4122,
    #4123,#4124,#4125,#4126,#4127,#4128,#4129,#4130,#4131,#4132,#4133,
    #4134,#4135,#4136,#4137,#4138,#4139,#4140,#4141,#4142,#4143,#4144,
    #4145,#4146,#4147,#4148,#4149,#4150,#4151,#4152,#4153,#4154,#4155,
    #4156,#4157,#4158,#4159,#4160,#4161,#4162,#4163,#4164,#4165,#4166,
    #4167,#4168,#4169,#4170,#4171,#4172,#4173,#4174,#4175,#4176,#4177,
    #4178,#4179,#4180,#4181,#4182,#4183,#4184,#4185,#4186,#4187),
  .UNSPECIFIED.,.F.,.F.,(8,6,6,6,6,6,6,6,6,6,6,6,6,6,6,8),(0.,
    9.061919397702E-02,0.224182065265,0.397379897524,0.568154872349,
    0.678972358456,0.751617064206,0.796751295477,0.833839038372,
    0.865059425288,0.891682750462,0.911958923659,0.929844490283,
    0.945721764689,0.959871134415,1.),.UNSPECIFIED.);
#4096 = CARTESIAN_POINT('',(3.969276069452,1.));
#4097 = CARTESIAN_POINT('',(3.958833922537,0.989372644387));
#4098 = CARTESIAN_POINT('',(3.94838114797,0.978735966757));
#4099 = CARTESIAN_POINT('',(3.937910346335,0.968090841489));
#4100 = CARTESIAN_POINT('',(3.927414454866,0.957438064024));
#4101 = CARTESIAN_POINT('',(3.916886653447,0.946778355326));
#4102 = CARTESIAN_POINT('',(3.9063202706,0.936112366347));
#4103 = CARTESIAN_POINT('',(3.880068370407,0.909711776881));
#4104 = CARTESIAN_POINT('',(3.864329930789,0.893970564242));
#4105 = CARTESIAN_POINT('',(3.848472192969,0.878218893667));
#4106 = CARTESIAN_POINT('',(3.832474443585,0.862458483431));
#4107 = CARTESIAN_POINT('',(3.816315939302,0.846690930932));
#4108 = CARTESIAN_POINT('',(3.799975412539,0.830917722628));
#4109 = CARTESIAN_POINT('',(3.761976042984,0.794680777332));
#4110 = CARTESIAN_POINT('',(3.740178157319,0.774214343952));
#4111 = CARTESIAN_POINT('',(3.717988290117,0.753743863001));
#4112 = CARTESIAN_POINT('',(3.695355229611,0.73327245603));
#4113 = CARTESIAN_POINT('',(3.67222372426,0.712803463602));
#4114 = CARTESIAN_POINT('',(3.648531865261,0.692340465254));
#4115 = CARTESIAN_POINT('',(3.600223042157,0.651720258691));
#4116 = CARTESIAN_POINT('',(3.575624155812,0.631563293953));
#4117 = CARTESIAN_POINT('',(3.550341254209,0.611419787218));
#4118 = CARTESIAN_POINT('',(3.524295031032,0.591294311637));
#4119 = CARTESIAN_POINT('',(3.497394467072,0.571192660057));
#4120 = CARTESIAN_POINT('',(3.469529132337,0.551121981576));
#4121 = CARTESIAN_POINT('',(3.42175438588,0.518092756438));
#4122 = CARTESIAN_POINT('',(3.402486990502,0.505111588954));
#4123 = CARTESIAN_POINT('',(3.382714188342,0.492149860702));
#4124 = CARTESIAN_POINT('',(3.362391049722,0.479210706926));
#4125 = CARTESIAN_POINT('',(3.341465905258,0.46629809518));
#4126 = CARTESIAN_POINT('',(3.31987685882,0.453416938162));
#4127 = CARTESIAN_POINT('',(3.282907084115,0.432153830868));
#4128 = CARTESIAN_POINT('',(3.267949756131,0.423750665143));
#4129 = CARTESIAN_POINT('',(3.252651853921,0.415365478076));
#4130 = CARTESIAN_POINT('',(3.236988614517,0.407000412244));
#4131 = CARTESIAN_POINT('',(3.220931972199,0.398658090444));
#4132 = CARTESIAN_POINT('',(3.204449184553,0.390341679476));
#4133 = CARTESIAN_POINT('',(3.176970467637,0.37690646688));
#4134 = CARTESIAN_POINT('',(3.166260647819,0.371769472653));
#4135 = CARTESIAN_POINT('',(3.155361628517,0.36664493437));
#4136 = CARTESIAN_POINT('',(3.144263064874,0.361533941657));
#4137 = CARTESIAN_POINT('',(3.132953484841,0.356437769321));
#4138 = CARTESIAN_POINT('',(3.121419965989,0.351357896575));
#4139 = CARTESIAN_POINT('',(3.099974379413,0.342136581701));
#4140 = CARTESIAN_POINT('',(3.090139902836,0.337989330498));
#4141 = CARTESIAN_POINT('',(3.080136145307,0.333855213074));
#4142 = CARTESIAN_POINT('',(3.069954221561,0.329735333368));
#4143 = CARTESIAN_POINT('',(3.059584340672,0.325630977502));
#4144 = CARTESIAN_POINT('',(3.04901554838,0.32154363246));
#4145 = CARTESIAN_POINT('',(3.029160814266,0.314050042488));
#4146 = CARTESIAN_POINT('',(3.019936537416,0.310638381441));
#4147 = CARTESIAN_POINT('',(3.010555179868,0.307241034132));
#4148 = CARTESIAN_POINT('',(3.001008749933,0.30385918638));
#4149 = CARTESIAN_POINT('',(2.991288505972,0.300494216351));
#4150 = CARTESIAN_POINT('',(2.981384739137,0.297147713585));
#4151 = CARTESIAN_POINT('',(2.962675279633,0.290985053048));
#4152 = CARTESIAN_POINT('',(2.953922746612,0.28816340041));
#4153 = CARTESIAN_POINT('',(2.945022129227,0.28535766223));
#4154 = CARTESIAN_POINT('',(2.935966186273,0.282569150067));
#4155 = CARTESIAN_POINT('',(2.926747084826,0.279799383793));
#4156 = CARTESIAN_POINT('',(2.917356221908,0.27705011046));
#4157 = CARTESIAN_POINT('',(2.900493928388,0.272246617656));
#4158 = CARTESIAN_POINT('',(2.893098735442,0.270182981682));
#4159 = CARTESIAN_POINT('',(2.885594228521,0.268133296874));
#4160 = CARTESIAN_POINT('',(2.877975991116,0.266098569368));
#4161 = CARTESIAN_POINT('',(2.870239359748,0.264079938604));
#4162 = CARTESIAN_POINT('',(2.86237935472,0.262078686122));
#4163 = CARTESIAN_POINT('',(2.847343756515,0.258347537054));
#4164 = CARTESIAN_POINT('',(2.840196822204,0.25661348927));
#4165 = CARTESIAN_POINT('',(2.832946099694,0.254895080411));
#4166 = CARTESIAN_POINT('',(2.825587807699,0.253193422441));
#4167 = CARTESIAN_POINT('',(2.81811805104,0.251509766108));
#4168 = CARTESIAN_POINT('',(2.810532779812,0.24984550716));
#4169 = CARTESIAN_POINT('',(2.795987883473,0.246743398514));
#4170 = CARTESIAN_POINT('',(2.789053740253,0.245301132596));
#4171 = CARTESIAN_POINT('',(2.78202234163,0.243876471677));
#4172 = CARTESIAN_POINT('',(2.774890758889,0.242470629193));
#4173 = CARTESIAN_POINT('',(2.767656111843,0.241084955154));
#4174 = CARTESIAN_POINT('',(2.760315568837,0.239720936147));
#4175 = CARTESIAN_POINT('',(2.746227812785,0.237185365843));
#4176 = CARTESIAN_POINT('',(2.739503065598,0.236009043244));
#4177 = CARTESIAN_POINT('',(2.73269012999,0.234852374514));
#4178 = CARTESIAN_POINT('',(2.725787236733,0.233716629346));
#4179 = CARTESIAN_POINT('',(2.718792849855,0.232603193787));
#4180 = CARTESIAN_POINT('',(2.71170569394,0.231513563881));
#4181 = CARTESIAN_POINT('',(2.684159078396,0.227431104094));
#4182 = CARTESIAN_POINT('',(2.663041863989,0.224617595959));
#4183 = CARTESIAN_POINT('',(2.641145229664,0.222044336604));
#4184 = CARTESIAN_POINT('',(2.618483715036,0.219757387218));
#4185 = CARTESIAN_POINT('',(2.595125748219,0.217808788926));
#4186 = CARTESIAN_POINT('',(2.571213002547,0.216248232008));
#4187 = CARTESIAN_POINT('',(2.54700073222,0.215103446668));
#4188 = ( GEOMETRIC_REPRESENTATION_CONTEXT(2) 
PARAMETRIC_REPRESENTATION_CONTEXT() REPRESENTATION_CONTEXT('2D SPACE',''
  ) );
#4189 = PCURVE('',#3245,#4190);
#4190 = DEFINITIONAL_REPRESENTATION('',(#4191),#4284);
#4191 = B_SPLINE_CURVE_WITH_KNOTS('',7,(#4192,#4193,#4194,#4195,#4196,
    #4197,#4198,#4199,#4200,#4201,#4202,#4203,#4204,#4205,#4206,#4207,
    #4208,#4209,#4210,#4211,#4212,#4213,#4214,#4215,#4216,#4217,#4218,
    #4219,#4220,#4221,#4222,#4223,#4224,#4225,#4226,#4227,#4228,#4229,
    #4230,#4231,#4232,#4233,#4234,#4235,#4236,#4237,#4238,#4239,#4240,
    #4241,#4242,#4243,#4244,#4245,#4246,#4247,#4248,#4249,#4250,#4251,
    #4252,#4253,#4254,#4255,#4256,#4257,#4258,#4259,#4260,#4261,#4262,
    #4263,#4264,#4265,#4266,#4267,#4268,#4269,#4270,#4271,#4272,#4273,
    #4274,#4275,#4276,#4277,#4278,#4279,#4280,#4281,#4282,#4283),
  .UNSPECIFIED.,.F.,.F.,(8,6,6,6,6,6,6,6,6,6,6,6,6,6,6,8),(0.,
    9.061919397702E-02,0.224182065265,0.397379897524,0.568154872349,
    0.678972358456,0.751617064206,0.796751295477,0.833839038372,
    0.865059425288,0.891682750462,0.911958923659,0.929844490283,
    0.945721764689,0.959871134415,1.),.UNSPECIFIED.);
#4192 = CARTESIAN_POINT('',(-50.84450089432,0.7));
#4193 = CARTESIAN_POINT('',(-50.6533069274,0.690966747729));
#4194 = CARTESIAN_POINT('',(-50.47136925354,0.681925571744));
#4195 = CARTESIAN_POINT('',(-50.29841188229,0.672877215266));
#4196 = CARTESIAN_POINT('',(-50.13419626094,0.66382235442));
#4197 = CARTESIAN_POINT('',(-49.97851704152,0.654761602027));
#4198 = CARTESIAN_POINT('',(-49.83119784775,0.645695511395));
#4199 = CARTESIAN_POINT('',(-49.48705314262,0.623255010349));
#4200 = CARTESIAN_POINT('',(-49.29985090503,0.609874979606));
#4201 = CARTESIAN_POINT('',(-49.12999941791,0.596486059617));
#4202 = CARTESIAN_POINT('',(-48.9771354488,0.583089710916));
#4203 = CARTESIAN_POINT('',(-48.84100302898,0.569687291292));
#4204 = CARTESIAN_POINT('',(-48.7214430385,0.556280064234));
#4205 = CARTESIAN_POINT('',(-48.48473959936,0.525478660732));
#4206 = CARTESIAN_POINT('',(-48.3788454193,0.508082192359));
#4207 = CARTESIAN_POINT('',(-48.30054595772,0.490682283551));
#4208 = CARTESIAN_POINT('',(-48.24995394267,0.473281587625));
#4209 = CARTESIAN_POINT('',(-48.22743035817,0.455882944062));
#4210 = CARTESIAN_POINT('',(-48.23360858161,0.438489395466));
#4211 = CARTESIAN_POINT('',(-48.30481240901,0.403962219888));
#4212 = CARTESIAN_POINT('',(-48.36901509034,0.38682879986));
#4213 = CARTESIAN_POINT('',(-48.46299370518,0.369706819136));
#4214 = CARTESIAN_POINT('',(-48.58801783328,0.352600164891));
#4215 = CARTESIAN_POINT('',(-48.74571705719,0.335513761049));
#4216 = CARTESIAN_POINT('',(-48.93823968554,0.31845368434));
#4217 = CARTESIAN_POINT('',(-49.31800978655,0.290378842972));
#4218 = CARTESIAN_POINT('',(-49.48337578673,0.279344850611));
#4219 = CARTESIAN_POINT('',(-49.66546381072,0.268327381597));
#4220 = CARTESIAN_POINT('',(-49.8652378991,0.257329100887));
#4221 = CARTESIAN_POINT('',(-50.0838364076,0.246353380903));
#4222 = CARTESIAN_POINT('',(-50.32265146178,0.235404397438));
#4223 = CARTESIAN_POINT('',(-50.75444121792,0.217330756238));
#4224 = CARTESIAN_POINT('',(-50.93486656134,0.210188065371));
#4225 = CARTESIAN_POINT('',(-51.1252457691,0.203060656365));
#4226 = CARTESIAN_POINT('',(-51.32615334011,0.195950350407));
#4227 = CARTESIAN_POINT('',(-51.53824803189,0.188859376877));
#4228 = CARTESIAN_POINT('',(-51.76230519413,0.181790427554));
#4229 = CARTESIAN_POINT('',(-52.14649541935,0.170370496848));
#4230 = CARTESIAN_POINT('',(-52.29870179919,0.166004051755));
#4231 = CARTESIAN_POINT('',(-52.45611594602,0.161648194215));
#4232 = CARTESIAN_POINT('',(-52.61898675479,0.157303850409));
#4233 = CARTESIAN_POINT('',(-52.78759223193,0.152972103923));
#4234 = CARTESIAN_POINT('',(-52.9622472601,0.148654212089));
#4235 = CARTESIAN_POINT('',(-53.29209571535,0.140816094446));
#4236 = CARTESIAN_POINT('',(-53.44520626445,0.137290930923));
#4237 = CARTESIAN_POINT('',(-53.60284435937,0.133776931113));
#4238 = CARTESIAN_POINT('',(-53.76522908584,0.130275033363));
#4239 = CARTESIAN_POINT('',(-53.93260356694,0.126786330877));
#4240 = CARTESIAN_POINT('',(-54.10524126382,0.123312087591));
#4241 = CARTESIAN_POINT('',(-54.43347010499,0.116942536114));
#4242 = CARTESIAN_POINT('',(-54.5874356363,0.114042624225));
#4243 = CARTESIAN_POINT('',(-54.74553556375,0.111154879012));
#4244 = CARTESIAN_POINT('',(-54.90797188574,0.108280308423));
#4245 = CARTESIAN_POINT('',(-55.07496732014,0.105420083898));
#4246 = CARTESIAN_POINT('',(-55.24677071881,0.102575556547));
#4247 = CARTESIAN_POINT('',(-55.57450786534,9.733729509102E-02));
#4248 = CARTESIAN_POINT('',(-55.72905133221,9.493889034861E-02));
#4249 = CARTESIAN_POINT('',(-55.88746837158,9.255401289548E-02));
#4250 = CARTESIAN_POINT('',(-56.04994736768,9.018377755708E-02));
#4251 = CARTESIAN_POINT('',(-56.21669414691,8.782947622372E-02));
#4252 = CARTESIAN_POINT('',(-56.38793652478,8.549259389077E-02));
#4253 = CARTESIAN_POINT('',(-56.6979636879,8.140962500799E-02));
#4254 = CARTESIAN_POINT('',(-56.83475196566,7.965553442945E-02));
#4255 = CARTESIAN_POINT('',(-56.97440653881,7.791330234319E-02));
#4256 = CARTESIAN_POINT('',(-57.11704661147,7.618378396314E-02));
#4257 = CARTESIAN_POINT('',(-57.2627995568,7.446794781323E-02));
#4258 = CARTESIAN_POINT('',(-57.41180273456,7.276688320336E-02));
#4259 = CARTESIAN_POINT('',(-57.69863931212,6.9595406496E-02));
#4260 = CARTESIAN_POINT('',(-57.83571663761,6.812146587988E-02));
#4261 = CARTESIAN_POINT('',(-57.97554021939,6.666081834964E-02));
#4262 = CARTESIAN_POINT('',(-58.11821709984,6.521440907527E-02));
#4263 = CARTESIAN_POINT('',(-58.26385955308,6.378330119168E-02));
#4264 = CARTESIAN_POINT('',(-58.41258620875,6.236868108617E-02));
#4265 = CARTESIAN_POINT('',(-58.69939974232,5.973188873698E-02));
#4266 = CARTESIAN_POINT('',(-58.83680433094,5.850596270652E-02));
#4267 = CARTESIAN_POINT('',(-58.97682516611,5.729500092548E-02));
#4268 = CARTESIAN_POINT('',(-59.11955197643,5.610003481393E-02));
#4269 = CARTESIAN_POINT('',(-59.26507599456,5.492221188106E-02));
#4270 = CARTESIAN_POINT('',(-59.41348995721,5.376279572522E-02));
#4271 = CARTESIAN_POINT('',(-59.69980983349,5.160756096697E-02));
#4272 = CARTESIAN_POINT('',(-59.83709964029,5.060768675716E-02));
#4273 = CARTESIAN_POINT('',(-59.97682439299,4.962451833683E-02));
#4274 = CARTESIAN_POINT('',(-60.11904849672,4.865913494421E-02));
#4275 = CARTESIAN_POINT('',(-60.26383320678,4.771271471916E-02));
#4276 = CARTESIAN_POINT('',(-60.41123594118,4.678652929904E-02));
#4277 = CARTESIAN_POINT('',(-60.98693173328,4.33164384781E-02));
#4278 = CARTESIAN_POINT('',(-61.43398257914,4.092495657332E-02));
#4279 = CARTESIAN_POINT('',(-61.90377777271,3.873768609077E-02));
#4280 = CARTESIAN_POINT('',(-62.39685033808,3.679377917151E-02));
#4281 = CARTESIAN_POINT('',(-62.91260800678,3.513747055269E-02));
#4282 = CARTESIAN_POINT('',(-63.44876805743,3.381099722664E-02));
#4283 = CARTESIAN_POINT('',(-64.,3.283792966209E-02));
#4284 = ( GEOMETRIC_REPRESENTATION_CONTEXT(2) 
PARAMETRIC_REPRESENTATION_CONTEXT() REPRESENTATION_CONTEXT('2D SPACE',''
  ) );
#4285 = ORIENTED_EDGE('',*,*,#4286,.T.);
#4286 = EDGE_CURVE('',#3997,#3677,#4287,.T.);
#4287 = SURFACE_CURVE('',#4288,(#4315,#4345),.PCURVE_S1.);
#4288 = B_SPLINE_CURVE_WITH_KNOTS('',5,(#4289,#4290,#4291,#4292,#4293,
    #4294,#4295,#4296,#4297,#4298,#4299,#4300,#4301,#4302,#4303,#4304,
    #4305,#4306,#4307,#4308,#4309,#4310,#4311,#4312,#4313,#4314),
  .UNSPECIFIED.,.F.,.F.,(6,4,4,4,4,4,6),(0.,0.149111440508,
    0.293180461747,0.469706504168,0.645230009087,0.820862938982,1.),
  .UNSPECIFIED.);
#4289 = CARTESIAN_POINT('',(656.56758593241,-95.19732032994,
    63.464880219961));
#4290 = CARTESIAN_POINT('',(656.3998654653,-95.21187432167,
    63.96201202488));
#4291 = CARTESIAN_POINT('',(656.25213197193,-95.21512626194,
    64.466218731376));
#4292 = CARTESIAN_POINT('',(656.12377243493,-95.20643003318,
    64.975718456842));
#4293 = CARTESIAN_POINT('',(656.0135439631,-95.18544755456,
    65.488853833752));
#4294 = CARTESIAN_POINT('',(655.82962631637,-95.11982265638,
    66.502120544909));
#4295 = CARTESIAN_POINT('',(655.75482649826,-95.07600344101,
    67.002112225745));
#4296 = CARTESIAN_POINT('',(655.69428981847,-95.02051086279,
    67.502918913385));
#4297 = CARTESIAN_POINT('',(655.64653380989,-94.95342952537,
    68.003523396062));
#4298 = CARTESIAN_POINT('',(655.56555122443,-94.77870965548,
    69.11536911785));
#4299 = CARTESIAN_POINT('',(655.53802371828,-94.66534198205,
    69.726105045536));
#4300 = CARTESIAN_POINT('',(655.52493266799,-94.53509399317,
    70.333996929316));
#4301 = CARTESIAN_POINT('',(655.52381194999,-94.38842382909,
    70.938061321119));
#4302 = CARTESIAN_POINT('',(655.54118512966,-94.06402067945,
    72.133869269022));
#4303 = CARTESIAN_POINT('',(655.55956592983,-93.88647617508,
    72.725636601879));
#4304 = CARTESIAN_POINT('',(655.58555363289,-93.69355594115,
    73.312338227746));
#4305 = CARTESIAN_POINT('',(655.61733252104,-93.48571375059,
    73.893506599767));
#4306 = CARTESIAN_POINT('',(655.68939637621,-93.04084757185,
    75.044479955874));
#4307 = CARTESIAN_POINT('',(655.72968534023,-92.80381128079,
    75.614262816047));
#4308 = CARTESIAN_POINT('',(655.77266610522,-92.55264822795,
    76.177824049493));
#4309 = CARTESIAN_POINT('',(655.81703935164,-92.28775322878,
    76.734868309773));
#4310 = CARTESIAN_POINT('',(655.9072692021,-91.7256681258,
    77.846384858391));
#4311 = CARTESIAN_POINT('',(655.95313712345,-91.42794266004,
    78.400577160334));
#4312 = CARTESIAN_POINT('',(655.99814964667,-91.11669629105,
    78.947434058279));
#4313 = CARTESIAN_POINT('',(656.04135894932,-90.79230293451,
    79.486669424962));
#4314 = CARTESIAN_POINT('',(656.08199552812,-90.45512246555,
    80.017992950116));
#4315 = PCURVE('',#1563,#4316);
#4316 = DEFINITIONAL_REPRESENTATION('',(#4317),#4344);
#4317 = B_SPLINE_CURVE_WITH_KNOTS('',5,(#4318,#4319,#4320,#4321,#4322,
    #4323,#4324,#4325,#4326,#4327,#4328,#4329,#4330,#4331,#4332,#4333,
    #4334,#4335,#4336,#4337,#4338,#4339,#4340,#4341,#4342,#4343),
  .UNSPECIFIED.,.F.,.F.,(6,4,4,4,4,4,6),(0.,0.149111440508,
    0.293180461747,0.469706504168,0.645230009087,0.820862938982,1.),
  .UNSPECIFIED.);
#4318 = CARTESIAN_POINT('',(2.547000732067,0.215103446661));
#4319 = CARTESIAN_POINT('',(2.525535043977,0.214116855679));
#4320 = CARTESIAN_POINT('',(2.503905583607,0.213247835129));
#4321 = CARTESIAN_POINT('',(2.482179826907,0.212492779029));
#4322 = CARTESIAN_POINT('',(2.460414331031,0.211844376253));
#4323 = CARTESIAN_POINT('',(2.417628490022,0.210762507743));
#4324 = CARTESIAN_POINT('',(2.396607530756,0.210322508813));
#4325 = CARTESIAN_POINT('',(2.37562941679,0.209966410697));
#4326 = CARTESIAN_POINT('',(2.354720958976,0.209685492999));
#4327 = CARTESIAN_POINT('',(2.308384416043,0.20920912485));
#4328 = CARTESIAN_POINT('',(2.283000257293,0.209047198343));
#4329 = CARTESIAN_POINT('',(2.257774173533,0.208970192165));
#4330 = CARTESIAN_POINT('',(2.232718159667,0.208963599706));
#4331 = CARTESIAN_POINT('',(2.183085044904,0.20906579488));
#4332 = CARTESIAN_POINT('',(2.158507128675,0.209173917234));
#4333 = CARTESIAN_POINT('',(2.134096320353,0.209326786076));
#4334 = CARTESIAN_POINT('',(2.10984610842,0.209513720712));
#4335 = CARTESIAN_POINT('',(2.061628994469,0.209937625742));
#4336 = CARTESIAN_POINT('',(2.037662894012,0.210174619648));
#4337 = CARTESIAN_POINT('',(2.013835712088,0.210427447678));
#4338 = CARTESIAN_POINT('',(1.990135467337,0.210688466774));
#4339 = CARTESIAN_POINT('',(1.942491910271,0.211219230599));
#4340 = CARTESIAN_POINT('',(1.91855347717,0.211489041907));
#4341 = CARTESIAN_POINT('',(1.894719961049,0.211753821444));
#4342 = CARTESIAN_POINT('',(1.870978299134,0.212007993825));
#4343 = CARTESIAN_POINT('',(1.847315659815,0.212247032516));
#4344 = ( GEOMETRIC_REPRESENTATION_CONTEXT(2) 
PARAMETRIC_REPRESENTATION_CONTEXT() REPRESENTATION_CONTEXT('2D SPACE',''
  ) );
#4345 = PCURVE('',#3310,#4346);
#4346 = DEFINITIONAL_REPRESENTATION('',(#4347),#4374);
#4347 = B_SPLINE_CURVE_WITH_KNOTS('',5,(#4348,#4349,#4350,#4351,#4352,
    #4353,#4354,#4355,#4356,#4357,#4358,#4359,#4360,#4361,#4362,#4363,
    #4364,#4365,#4366,#4367,#4368,#4369,#4370,#4371,#4372,#4373),
  .UNSPECIFIED.,.F.,.F.,(6,4,4,4,4,4,6),(0.,0.149111440508,
    0.293180461747,0.469706504168,0.645230009087,0.820862938982,1.),
  .UNSPECIFIED.);
#4348 = CARTESIAN_POINT('',(4.712388980385,3.283792966209E-02));
#4349 = CARTESIAN_POINT('',(4.697055798696,3.199932732655E-02));
#4350 = CARTESIAN_POINT('',(4.681460266137,3.126065985969E-02));
#4351 = CARTESIAN_POINT('',(4.665650162814,3.061886217469E-02));
#4352 = CARTESIAN_POINT('',(4.649669201733,3.006771981553E-02));
#4353 = CARTESIAN_POINT('',(4.617984281062,2.914813158189E-02));
#4354 = CARTESIAN_POINT('',(4.60228899957,2.877413249133E-02));
#4355 = CARTESIAN_POINT('',(4.586500801595,2.847144909236E-02));
#4356 = CARTESIAN_POINT('',(4.570644968469,2.823266904949E-02));
#4357 = CARTESIAN_POINT('',(4.535249969922,2.782775612216E-02));
#4358 = CARTESIAN_POINT('',(4.515686468365,2.769011859141E-02));
#4359 = CARTESIAN_POINT('',(4.496080327856,2.762466333998E-02));
#4360 = CARTESIAN_POINT('',(4.476451903679,2.761905974996E-02));
#4361 = CARTESIAN_POINT('',(4.437281172205,2.770592564834E-02));
#4362 = CARTESIAN_POINT('',(4.41773987946,2.779782964918E-02));
#4363 = CARTESIAN_POINT('',(4.398196670323,2.792776816448E-02));
#4364 = CARTESIAN_POINT('',(4.378656673187,2.808666260522E-02));
#4365 = CARTESIAN_POINT('',(4.339572231733,2.844698188107E-02));
#4366 = CARTESIAN_POINT('',(4.320028293211,2.864842670116E-02));
#4367 = CARTESIAN_POINT('',(4.300489724313,2.886333052612E-02));
#4368 = CARTESIAN_POINT('',(4.28095632754,2.908519675822E-02));
#4369 = CARTESIAN_POINT('',(4.241507179243,2.953634601053E-02));
#4370 = CARTESIAN_POINT('',(4.221591819772,2.976568561726E-02));
#4371 = CARTESIAN_POINT('',(4.201679095375,2.999074823339E-02));
#4372 = CARTESIAN_POINT('',(4.181767805474,3.020679474661E-02));
#4373 = CARTESIAN_POINT('',(4.161856761491,3.04099776406E-02));
#4374 = ( GEOMETRIC_REPRESENTATION_CONTEXT(2) 
PARAMETRIC_REPRESENTATION_CONTEXT() REPRESENTATION_CONTEXT('2D SPACE',''
  ) );
#4375 = ORIENTED_EDGE('',*,*,#3698,.T.);
#4376 = ORIENTED_EDGE('',*,*,#1503,.T.);
#4377 = ORIENTED_EDGE('',*,*,#1629,.T.);
#4378 = ADVANCED_FACE('',(#4379),#2622,.F.);
#4379 = FACE_BOUND('',#4380,.F.);
#4380 = EDGE_LOOP('',(#4381,#4405,#4458,#4459,#4584,#4701,#4702,#4703,
    #4804,#4896));
#4381 = ORIENTED_EDGE('',*,*,#4382,.F.);
#4382 = EDGE_CURVE('',#4383,#4385,#4387,.T.);
#4383 = VERTEX_POINT('',#4384);
#4384 = CARTESIAN_POINT('',(620.,86.267027304759,53.740115370178));
#4385 = VERTEX_POINT('',#4386);
#4386 = CARTESIAN_POINT('',(681.27039408759,92.893159597571,
    50.681900465803));
#4387 = SEAM_CURVE('',#4388,(#4391,#4398),.PCURVE_S1.);
#4388 = B_SPLINE_CURVE_WITH_KNOTS('',1,(#4389,#4390),.UNSPECIFIED.,.F.,
  .F.,(2,2),(0.,1.),.PIECEWISE_BEZIER_KNOTS.);
#4389 = CARTESIAN_POINT('',(620.,86.267027304759,53.740115370178));
#4390 = CARTESIAN_POINT('',(790.,104.6518036156,45.254833995939));
#4391 = PCURVE('',#2622,#4392);
#4392 = DEFINITIONAL_REPRESENTATION('',(#4393),#4397);
#4393 = LINE('',#4394,#4395);
#4394 = CARTESIAN_POINT('',(0.,0.));
#4395 = VECTOR('',#4396,1.);
#4396 = DIRECTION('',(0.,1.));
#4397 = ( GEOMETRIC_REPRESENTATION_CONTEXT(2) 
PARAMETRIC_REPRESENTATION_CONTEXT() REPRESENTATION_CONTEXT('2D SPACE',''
  ) );
#4398 = PCURVE('',#2622,#4399);
#4399 = DEFINITIONAL_REPRESENTATION('',(#4400),#4404);
#4400 = LINE('',#4401,#4402);
#4401 = CARTESIAN_POINT('',(6.28318530718,0.));
#4402 = VECTOR('',#4403,1.);
#4403 = DIRECTION('',(0.,1.));
#4404 = ( GEOMETRIC_REPRESENTATION_CONTEXT(2) 
PARAMETRIC_REPRESENTATION_CONTEXT() REPRESENTATION_CONTEXT('2D SPACE',''
  ) );
#4405 = ORIENTED_EDGE('',*,*,#4406,.T.);
#4406 = EDGE_CURVE('',#4383,#4383,#4407,.T.);
#4407 = SURFACE_CURVE('',#4408,(#4413,#4420),.PCURVE_S1.);
#4408 = ELLIPSE('',#4409,23.,20.);
#4409 = AXIS2_PLACEMENT_3D('',#4410,#4411,#4412);
#4410 = CARTESIAN_POINT('',(620.,70.003571337468,70.003571337468));
#4411 = DIRECTION('',(1.,7.850462293419E-17,7.850462293419E-17));
#4412 = DIRECTION('',(1.232595164408E-32,0.707106781187,-0.707106781187)
  );
#4413 = PCURVE('',#2622,#4414);
#4414 = DEFINITIONAL_REPRESENTATION('',(#4415),#4419);
#4415 = LINE('',#4416,#4417);
#4416 = CARTESIAN_POINT('',(0.,0.));
#4417 = VECTOR('',#4418,1.);
#4418 = DIRECTION('',(1.,0.));
#4419 = ( GEOMETRIC_REPRESENTATION_CONTEXT(2) 
PARAMETRIC_REPRESENTATION_CONTEXT() REPRESENTATION_CONTEXT('2D SPACE',''
  ) );
#4420 = PCURVE('',#4421,#4452);
#4421 = B_SPLINE_SURFACE_WITH_KNOTS('',14,1,(
    (#4422,#4423)
    ,(#4424,#4425)
    ,(#4426,#4427)
    ,(#4428,#4429)
    ,(#4430,#4431)
    ,(#4432,#4433)
    ,(#4434,#4435)
    ,(#4436,#4437)
    ,(#4438,#4439)
    ,(#4440,#4441)
    ,(#4442,#4443)
    ,(#4444,#4445)
    ,(#4446,#4447)
    ,(#4448,#4449)
    ,(#4450,#4451
    )),.UNSPECIFIED.,.T.,.F.,.F.,(15,15),(2,2),(0.,6.28318530718),(0.,1.
    ),.PIECEWISE_BEZIER_KNOTS.);
#4422 = CARTESIAN_POINT('',(535.,74.953318805774,46.669047558312));
#4423 = CARTESIAN_POINT('',(620.,86.267027304759,53.740115370178));
#4424 = CARTESIAN_POINT('',(535.00000000008,80.348248087829,
    52.063976840364));
#4425 = CARTESIAN_POINT('',(620.,92.6140029307,60.087090996117));
#4426 = CARTESIAN_POINT('',(534.99999999966,82.675547046446,
    60.526540428629));
#4427 = CARTESIAN_POINT('',(620.00000000002,95.433203737435,
    69.961846126941));
#4428 = CARTESIAN_POINT('',(535.00000000076,80.569911578597,
    70.691442063382));
#4429 = CARTESIAN_POINT('',(619.99999999971,93.118389707415,
    81.758149764929));
#4430 = CARTESIAN_POINT('',(534.99999999883,73.583686087567,
    80.276044894839));
#4431 = CARTESIAN_POINT('',(620.00000000113,85.118620681251,
    92.814833309589));
#4432 = CARTESIAN_POINT('',(535.00000000118,62.675889828108,
    86.569753750256));
#4433 = CARTESIAN_POINT('',(619.9999999972,72.513586178657,
    99.991529689173));
#4434 = CARTESIAN_POINT('',(534.99999999931,50.303021431653,
    87.328311995535));
#4435 = CARTESIAN_POINT('',(620.00000000493,58.131068712398,
    100.71015286079));
#4436 = CARTESIAN_POINT('',(534.9999999999,39.826677849052,
    81.795688514213));
#4437 = CARTESIAN_POINT('',(619.99999999335,45.871390204209,
    94.135752469229));
#4438 = CARTESIAN_POINT('',(535.00000000071,34.294054369279,
    71.319344933164));
#4439 = CARTESIAN_POINT('',(620.00000000701,39.296989815495,
    81.876073963874));
#4440 = CARTESIAN_POINT('',(534.99999999909,35.052612613323,
    58.946476535466));
#4441 = CARTESIAN_POINT('',(619.99999999413,40.015612984783,
    67.493556495323));
#4442 = CARTESIAN_POINT('',(535.00000000072,41.346321469523,
    48.038680276802));
#4443 = CARTESIAN_POINT('',(620.00000000386,47.192309365914,
    54.888521994232));
#4444 = CARTESIAN_POINT('',(534.99999999959,50.930924300588,
    41.05245478537));
#4445 = CARTESIAN_POINT('',(619.99999999803,58.248992909753,
    46.888752967278));
#4446 = CARTESIAN_POINT('',(535.00000000015,61.095825935492,
    38.946819317677));
#4447 = CARTESIAN_POINT('',(620.00000000071,70.045296548079,
    44.573938937582));
#4448 = CARTESIAN_POINT('',(534.99999999996,69.558389523716,
    41.27411827625));
#4449 = CARTESIAN_POINT('',(619.99999999984,79.920051678802,
    47.39313974422));
#4450 = CARTESIAN_POINT('',(535.,74.953318805774,46.669047558312));
#4451 = CARTESIAN_POINT('',(620.,86.267027304759,53.740115370178));
#4452 = DEFINITIONAL_REPRESENTATION('',(#4453),#4457);
#4453 = LINE('',#4454,#4455);
#4454 = CARTESIAN_POINT('',(0.,1.));
#4455 = VECTOR('',#4456,1.);
#4456 = DIRECTION('',(1.,0.));
#4457 = ( GEOMETRIC_REPRESENTATION_CONTEXT(2) 
PARAMETRIC_REPRESENTATION_CONTEXT() REPRESENTATION_CONTEXT('2D SPACE',''
  ) );
#4458 = ORIENTED_EDGE('',*,*,#4382,.T.);
#4459 = ORIENTED_EDGE('',*,*,#4460,.T.);
#4460 = EDGE_CURVE('',#4385,#4461,#4463,.T.);
#4461 = VERTEX_POINT('',#4462);
#4462 = CARTESIAN_POINT('',(790.,82.550276262598,42.363270990888));
#4463 = SURFACE_CURVE('',#4464,(#4502,#4543),.PCURVE_S1.);
#4464 = B_SPLINE_CURVE_WITH_KNOTS('',6,(#4465,#4466,#4467,#4468,#4469,
    #4470,#4471,#4472,#4473,#4474,#4475,#4476,#4477,#4478,#4479,#4480,
    #4481,#4482,#4483,#4484,#4485,#4486,#4487,#4488,#4489,#4490,#4491,
    #4492,#4493,#4494,#4495,#4496,#4497,#4498,#4499,#4500,#4501),
  .UNSPECIFIED.,.F.,.F.,(7,5,5,5,5,5,5,7),(0.,6.282787833094E-02,
    0.144850772569,0.262687435661,0.439721245519,0.712262956558,
    0.879572514486,1.),.UNSPECIFIED.);
#4465 = CARTESIAN_POINT('',(681.27039408759,92.893159597571,
    50.681900465803));
#4466 = CARTESIAN_POINT('',(682.3672369166,92.796293268596,
    50.411668228317));
#4467 = CARTESIAN_POINT('',(683.46825872548,92.699432742025,
    50.151012384682));
#4468 = CARTESIAN_POINT('',(684.57295845312,92.602587664818,
    49.899271346923));
#4469 = CARTESIAN_POINT('',(685.68092303289,92.505760903067,
    49.655890281985));
#4470 = CARTESIAN_POINT('',(686.7918161373,92.408949695472,
    49.420392908731));
#4471 = CARTESIAN_POINT('',(689.35912703906,92.185768930935,
    48.89464401665));
#4472 = CARTESIAN_POINT('',(690.81739882173,92.05940679105,
    48.609649117618));
#4473 = CARTESIAN_POINT('',(692.27957834178,91.933044287194,
    48.336430358635));
#4474 = CARTESIAN_POINT('',(693.74517358718,91.806658982143,
    48.074214943815));
#4475 = CARTESIAN_POINT('',(695.21379000754,91.680222988391,
    47.822349926118));
#4476 = CARTESIAN_POINT('',(698.79886928561,91.371942491881,
    47.232458149926));
#4477 = CARTESIAN_POINT('',(700.91818115949,91.190012425924,
    46.904835365246));
#4478 = CARTESIAN_POINT('',(703.04212762805,91.007817385972,
    46.595684242974));
#4479 = CARTESIAN_POINT('',(705.16997855945,90.825255164284,
    46.303677304766));
#4480 = CARTESIAN_POINT('',(707.30115871669,90.642217894599,
    46.027697571816));
#4481 = CARTESIAN_POINT('',(712.64140599047,90.182714062285,
    45.374827581691));
#4482 = CARTESIAN_POINT('',(715.85403657299,89.905512145655,
    45.016900830197));
#4483 = CARTESIAN_POINT('',(719.07166075569,89.626594006863,
    44.689798223635));
#4484 = CARTESIAN_POINT('',(722.29312825253,89.345566488782,
    44.391164778969));
#4485 = CARTESIAN_POINT('',(725.51754506041,89.062020134941,
    44.119088394394));
#4486 = CARTESIAN_POINT('',(733.71175917391,88.334437288468,
    43.491680180605));
#4487 = CARTESIAN_POINT('',(738.68450407748,87.886361462599,
    43.170630817703));
#4488 = CARTESIAN_POINT('',(743.66013227691,87.429673503611,
    42.903245276532));
#4489 = CARTESIAN_POINT('',(748.6366052955,86.962660865797,
    42.68591157203));
#4490 = CARTESIAN_POINT('',(753.61215532511,86.483395688381,
    42.516069544058));
#4491 = CARTESIAN_POINT('',(761.63818282642,85.686291561712,
    42.316262021518));
#4492 = CARTESIAN_POINT('',(764.69013596595,85.377579473739,
    42.257608338577));
#4493 = CARTESIAN_POINT('',(767.74073766264,85.062804967151,
    42.215967382619));
#4494 = CARTESIAN_POINT('',(770.78956852029,84.741363043593,
    42.191147892739));
#4495 = CARTESIAN_POINT('',(773.83616834034,84.412562653087,
    42.18311084176));
#4496 = CARTESIAN_POINT('',(779.07096810338,83.833048889852,
    42.198358988165));
#4497 = CARTESIAN_POINT('',(781.26047976395,83.586272189887,
    42.213498683503));
#4498 = CARTESIAN_POINT('',(783.44837528011,83.334961558474,
    42.237442962759));
#4499 = CARTESIAN_POINT('',(785.63443466588,83.078784167645,
    42.270281982456));
#4500 = CARTESIAN_POINT('',(787.81840553425,82.817365299535,
    42.312157469094));
#4501 = CARTESIAN_POINT('',(790.,82.550276267313,42.363270975862));
#4502 = PCURVE('',#2622,#4503);
#4503 = DEFINITIONAL_REPRESENTATION('',(#4504),#4542);
#4504 = B_SPLINE_CURVE_WITH_KNOTS('',6,(#4505,#4506,#4507,#4508,#4509,
    #4510,#4511,#4512,#4513,#4514,#4515,#4516,#4517,#4518,#4519,#4520,
    #4521,#4522,#4523,#4524,#4525,#4526,#4527,#4528,#4529,#4530,#4531,
    #4532,#4533,#4534,#4535,#4536,#4537,#4538,#4539,#4540,#4541),
  .UNSPECIFIED.,.F.,.F.,(7,5,5,5,5,5,5,7),(0.,6.282787833094E-02,
    0.144850772569,0.262687435661,0.439721245519,0.712262956558,
    0.879572514486,1.),.UNSPECIFIED.);
#4505 = CARTESIAN_POINT('',(6.28318530718,0.360414082868));
#4506 = CARTESIAN_POINT('',(6.268972693942,0.366866099509));
#4507 = CARTESIAN_POINT('',(6.255109107049,0.373342698385));
#4508 = CARTESIAN_POINT('',(6.241567272997,0.379840932077));
#4509 = CARTESIAN_POINT('',(6.228324361974,0.386358370782));
#4510 = CARTESIAN_POINT('',(6.215360772478,0.392893036102));
#4511 = CARTESIAN_POINT('',(6.186076438201,0.407994864936));
#4512 = CARTESIAN_POINT('',(6.169940251631,0.416572934246));
#4513 = CARTESIAN_POINT('',(6.154211637119,0.425173990246));
#4514 = CARTESIAN_POINT('',(6.138858755433,0.433795138748));
#4515 = CARTESIAN_POINT('',(6.123854674002,0.442434058868));
#4516 = CARTESIAN_POINT('',(6.08808669556,0.463522760504));
#4517 = CARTESIAN_POINT('',(6.067668789811,0.475989300938));
#4518 = CARTESIAN_POINT('',(6.047851040567,0.488483103694));
#4519 = CARTESIAN_POINT('',(6.028578368654,0.500999873879));
#4520 = CARTESIAN_POINT('',(6.009804091187,0.513536227745));
#4521 = CARTESIAN_POINT('',(5.963970519345,0.544949447003));
#4522 = CARTESIAN_POINT('',(5.937487824484,0.563847273959));
#4523 = CARTESIAN_POINT('',(5.911903565063,0.582774475033));
#4524 = CARTESIAN_POINT('',(5.88711597261,0.601724283838));
#4525 = CARTESIAN_POINT('',(5.863039509275,0.620691441532));
#4526 = CARTESIAN_POINT('',(5.803517647364,0.668892701023));
#4527 = CARTESIAN_POINT('',(5.768947487024,0.698144141632));
#4528 = CARTESIAN_POINT('',(5.735623292267,0.727412542805));
#4529 = CARTESIAN_POINT('',(5.703348448122,0.756685913503));
#4530 = CARTESIAN_POINT('',(5.671951918849,0.785953854854));
#4531 = CARTESIAN_POINT('',(5.622445983197,0.833165781332));
#4532 = CARTESIAN_POINT('',(5.603887191912,0.851118446859));
#4533 = CARTESIAN_POINT('',(5.585564356508,0.869063162721));
#4534 = CARTESIAN_POINT('',(5.567443415432,0.886997461884));
#4535 = CARTESIAN_POINT('',(5.549490925053,0.904918637296));
#4536 = CARTESIAN_POINT('',(5.518847057566,0.935711577079));
#4537 = CARTESIAN_POINT('',(5.50609110371,0.948591057435));
#4538 = CARTESIAN_POINT('',(5.493391850654,0.961461031059));
#4539 = CARTESIAN_POINT('',(5.480736353267,0.974320203917));
#4540 = CARTESIAN_POINT('',(5.468111153177,0.987167091378));
#4541 = CARTESIAN_POINT('',(5.455501890834,1.));
#4542 = ( GEOMETRIC_REPRESENTATION_CONTEXT(2) 
PARAMETRIC_REPRESENTATION_CONTEXT() REPRESENTATION_CONTEXT('2D SPACE',''
  ) );
#4543 = PCURVE('',#3032,#4544);
#4544 = DEFINITIONAL_REPRESENTATION('',(#4545),#4583);
#4545 = B_SPLINE_CURVE_WITH_KNOTS('',6,(#4546,#4547,#4548,#4549,#4550,
    #4551,#4552,#4553,#4554,#4555,#4556,#4557,#4558,#4559,#4560,#4561,
    #4562,#4563,#4564,#4565,#4566,#4567,#4568,#4569,#4570,#4571,#4572,
    #4573,#4574,#4575,#4576,#4577,#4578,#4579,#4580,#4581,#4582),
  .UNSPECIFIED.,.F.,.F.,(7,5,5,5,5,5,5,7),(0.,6.282787833094E-02,
    0.144850772569,0.262687435661,0.439721245519,0.712262956558,
    0.879572514486,1.),.UNSPECIFIED.);
#4546 = CARTESIAN_POINT('',(52.660757649299,0.156351970438));
#4547 = CARTESIAN_POINT('',(52.450033361252,0.161836184583));
#4548 = CARTESIAN_POINT('',(52.24878999655,0.167341293627));
#4549 = CARTESIAN_POINT('',(52.05636702891,0.172864792266));
#4550 = CARTESIAN_POINT('',(51.872214870675,0.178404615164));
#4551 = CARTESIAN_POINT('',(51.695865886827,0.183959080687));
#4552 = CARTESIAN_POINT('',(51.30632498419,0.196795635195));
#4553 = CARTESIAN_POINT('',(51.09833995557,0.204086994109));
#4554 = CARTESIAN_POINT('',(50.902037177321,0.211397891709));
#4555 = CARTESIAN_POINT('',(50.716672515659,0.218725867936));
#4556 = CARTESIAN_POINT('',(50.541624684473,0.226068950038));
#4557 = CARTESIAN_POINT('',(50.138909354882,0.243994346428));
#4558 = CARTESIAN_POINT('',(49.921644637812,0.254590905797));
#4559 = CARTESIAN_POINT('',(49.72295205478,0.26521063814));
#4560 = CARTESIAN_POINT('',(49.54160750018,0.275849892797));
#4561 = CARTESIAN_POINT('',(49.376599599465,0.286505793583));
#4562 = CARTESIAN_POINT('',(49.002469578876,0.313207029952));
#4563 = CARTESIAN_POINT('',(48.812833153735,0.329270182865));
#4564 = CARTESIAN_POINT('',(48.655331738287,0.345358303778));
#4565 = CARTESIAN_POINT('',(48.527977390526,0.361465641263));
#4566 = CARTESIAN_POINT('',(48.429232233704,0.377587725302));
#4567 = CARTESIAN_POINT('',(48.248208322953,0.41855879587));
#4568 = CARTESIAN_POINT('',(48.203552366415,0.443422520387));
#4569 = CARTESIAN_POINT('',(48.219781570912,0.468300661385));
#4570 = CARTESIAN_POINT('',(48.294778930197,0.493183026478));
#4571 = CARTESIAN_POINT('',(48.427622611667,0.518060776626));
#4572 = CARTESIAN_POINT('',(48.736196398231,0.558190914132));
#4573 = CARTESIAN_POINT('',(48.875558713557,0.57345067983));
#4574 = CARTESIAN_POINT('',(49.037026812796,0.588703688313));
#4575 = CARTESIAN_POINT('',(49.220902145108,0.603947842601));
#4576 = CARTESIAN_POINT('',(49.427701127753,0.619180841702));
#4577 = CARTESIAN_POINT('',(49.824087911183,0.645354840517));
#4578 = CARTESIAN_POINT('',(50.002260828551,0.65630239882));
#4579 = CARTESIAN_POINT('',(50.192992820352,0.667241876401));
#4580 = CARTESIAN_POINT('',(50.396636559272,0.678172173329));
#4581 = CARTESIAN_POINT('',(50.613627434126,0.689092027671));
#4582 = CARTESIAN_POINT('',(50.844500909825,0.7));
#4583 = ( GEOMETRIC_REPRESENTATION_CONTEXT(2) 
PARAMETRIC_REPRESENTATION_CONTEXT() REPRESENTATION_CONTEXT('2D SPACE',''
  ) );
#4584 = ORIENTED_EDGE('',*,*,#4585,.F.);
#4585 = EDGE_CURVE('',#2201,#4461,#4586,.T.);
#4586 = SURFACE_CURVE('',#4587,(#4592,#4599),.PCURVE_S1.);
#4587 = ELLIPSE('',#4588,42.,24.);
#4588 = AXIS2_PLACEMENT_3D('',#4589,#4590,#4591);
#4589 = CARTESIAN_POINT('',(790.,74.953318805774,74.953318805774));
#4590 = DIRECTION('',(1.,7.850462293419E-17,7.850462293419E-17));
#4591 = DIRECTION('',(1.232595164408E-32,0.707106781187,-0.707106781187)
  );
#4592 = PCURVE('',#2622,#4593);
#4593 = DEFINITIONAL_REPRESENTATION('',(#4594),#4598);
#4594 = LINE('',#4595,#4596);
#4595 = CARTESIAN_POINT('',(0.,1.));
#4596 = VECTOR('',#4597,1.);
#4597 = DIRECTION('',(1.,0.));
#4598 = ( GEOMETRIC_REPRESENTATION_CONTEXT(2) 
PARAMETRIC_REPRESENTATION_CONTEXT() REPRESENTATION_CONTEXT('2D SPACE',''
  ) );
#4599 = PCURVE('',#2324,#4600);
#4600 = DEFINITIONAL_REPRESENTATION('',(#4601),#4700);
#4601 = B_SPLINE_CURVE_WITH_KNOTS('',9,(#4602,#4603,#4604,#4605,#4606,
    #4607,#4608,#4609,#4610,#4611,#4612,#4613,#4614,#4615,#4616,#4617,
    #4618,#4619,#4620,#4621,#4622,#4623,#4624,#4625,#4626,#4627,#4628,
    #4629,#4630,#4631,#4632,#4633,#4634,#4635,#4636,#4637,#4638,#4639,
    #4640,#4641,#4642,#4643,#4644,#4645,#4646,#4647,#4648,#4649,#4650,
    #4651,#4652,#4653,#4654,#4655,#4656,#4657,#4658,#4659,#4660,#4661,
    #4662,#4663,#4664,#4665,#4666,#4667,#4668,#4669,#4670,#4671,#4672,
    #4673,#4674,#4675,#4676,#4677,#4678,#4679,#4680,#4681,#4682,#4683,
    #4684,#4685,#4686,#4687,#4688,#4689,#4690,#4691,#4692,#4693,#4694,
    #4695,#4696,#4697,#4698,#4699),.UNSPECIFIED.,.F.,.F.,(10,8,8,8,8,8,8
    ,8,8,8,8,8,10),(0.,0.392699081699,0.785398163397,1.178097245096,
    1.570796326795,2.356194490192,3.14159265359,3.926990816987,
    4.712388980385,5.105088062083,5.497787143782,5.890486225481,
    6.28318530718),.UNSPECIFIED.);
#4602 = CARTESIAN_POINT('',(-2.775557561563E-17,0.));
#4603 = CARTESIAN_POINT('',(4.427368124787E-02,0.));
#4604 = CARTESIAN_POINT('',(8.845179712598E-02,0.));
#4605 = CARTESIAN_POINT('',(0.132543099082,0.));
#4606 = CARTESIAN_POINT('',(0.17655404323,0.));
#4607 = CARTESIAN_POINT('',(0.220502722317,0.));
#4608 = CARTESIAN_POINT('',(0.264378775733,0.));
#4609 = CARTESIAN_POINT('',(0.308207374766,0.));
#4610 = CARTESIAN_POINT('',(0.351983968362,0.));
#4611 = CARTESIAN_POINT('',(0.439452072057,0.));
#4612 = CARTESIAN_POINT('',(0.48314280936,0.));
#4613 = CARTESIAN_POINT('',(0.526799546644,0.));
#4614 = CARTESIAN_POINT('',(0.570416672802,0.));
#4615 = CARTESIAN_POINT('',(0.614018350658,0.));
#4616 = CARTESIAN_POINT('',(0.657588564248,0.));
#4617 = CARTESIAN_POINT('',(0.701144692301,0.));
#4618 = CARTESIAN_POINT('',(0.744685427048,0.));
#4619 = CARTESIAN_POINT('',(0.831743762037,0.));
#4620 = CARTESIAN_POINT('',(0.875261029713,0.));
#4621 = CARTESIAN_POINT('',(0.918771384919,0.));
#4622 = CARTESIAN_POINT('',(0.962274348022,0.));
#4623 = CARTESIAN_POINT('',(1.005774783891,0.));
#4624 = CARTESIAN_POINT('',(1.049275170403,0.));
#4625 = CARTESIAN_POINT('',(1.092774769683,0.));
#4626 = CARTESIAN_POINT('',(1.136277034524,0.));
#4627 = CARTESIAN_POINT('',(1.22328790371,0.));
#4628 = CARTESIAN_POINT('',(1.266796407414,0.));
#4629 = CARTESIAN_POINT('',(1.310309485738,0.));
#4630 = CARTESIAN_POINT('',(1.353827753256,0.));
#4631 = CARTESIAN_POINT('',(1.397351841008,0.));
#4632 = CARTESIAN_POINT('',(1.440882381824,0.));
#4633 = CARTESIAN_POINT('',(1.484419664791,0.));
#4634 = CARTESIAN_POINT('',(1.527963550129,0.));
#4635 = CARTESIAN_POINT('',(1.658615606798,0.));
#4636 = CARTESIAN_POINT('',(1.745743978468,0.));
#4637 = CARTESIAN_POINT('',(1.832899191022,0.));
#4638 = CARTESIAN_POINT('',(1.920079085505,0.));
#4639 = CARTESIAN_POINT('',(2.007280326278,0.));
#4640 = CARTESIAN_POINT('',(2.094499077199,0.));
#4641 = CARTESIAN_POINT('',(2.181731531369,0.));
#4642 = CARTESIAN_POINT('',(2.268974294466,0.));
#4643 = CARTESIAN_POINT('',(2.443474948812,0.));
#4644 = CARTESIAN_POINT('',(2.530733251753,0.));
#4645 = CARTESIAN_POINT('',(2.617993400585,0.));
#4646 = CARTESIAN_POINT('',(2.705264552776,0.));
#4647 = CARTESIAN_POINT('',(2.792523496912,0.));
#4648 = CARTESIAN_POINT('',(2.879793668538,0.));
#4649 = CARTESIAN_POINT('',(2.967059871355,0.));
#4650 = CARTESIAN_POINT('',(3.05432624274,0.));
#4651 = CARTESIAN_POINT('',(3.228859064439,0.));
#4652 = CARTESIAN_POINT('',(3.316125435825,0.));
#4653 = CARTESIAN_POINT('',(3.403391638641,0.));
#4654 = CARTESIAN_POINT('',(3.490661810268,0.));
#4655 = CARTESIAN_POINT('',(3.577920754403,0.));
#4656 = CARTESIAN_POINT('',(3.665191906594,0.));
#4657 = CARTESIAN_POINT('',(3.752452055427,0.));
#4658 = CARTESIAN_POINT('',(3.839710358367,0.));
#4659 = CARTESIAN_POINT('',(4.014211012714,0.));
#4660 = CARTESIAN_POINT('',(4.10145377581,0.));
#4661 = CARTESIAN_POINT('',(4.188686229981,0.));
#4662 = CARTESIAN_POINT('',(4.275904980902,0.));
#4663 = CARTESIAN_POINT('',(4.363106221675,0.));
#4664 = CARTESIAN_POINT('',(4.450286116157,0.));
#4665 = CARTESIAN_POINT('',(4.537441328712,0.));
#4666 = CARTESIAN_POINT('',(4.624569700382,0.));
#4667 = CARTESIAN_POINT('',(4.755221757051,0.));
#4668 = CARTESIAN_POINT('',(4.798765642389,0.));
#4669 = CARTESIAN_POINT('',(4.842302925356,0.));
#4670 = CARTESIAN_POINT('',(4.885833466171,0.));
#4671 = CARTESIAN_POINT('',(4.929357553924,0.));
#4672 = CARTESIAN_POINT('',(4.972875821442,0.));
#4673 = CARTESIAN_POINT('',(5.016388899766,0.));
#4674 = CARTESIAN_POINT('',(5.059897403469,0.));
#4675 = CARTESIAN_POINT('',(5.146908272655,0.));
#4676 = CARTESIAN_POINT('',(5.190410537497,0.));
#4677 = CARTESIAN_POINT('',(5.233910136777,0.));
#4678 = CARTESIAN_POINT('',(5.277410523287,0.));
#4679 = CARTESIAN_POINT('',(5.320910959158,0.));
#4680 = CARTESIAN_POINT('',(5.36441392226,0.));
#4681 = CARTESIAN_POINT('',(5.407924277466,0.));
#4682 = CARTESIAN_POINT('',(5.451441545142,0.));
#4683 = CARTESIAN_POINT('',(5.538499880132,0.));
#4684 = CARTESIAN_POINT('',(5.582040614879,0.));
#4685 = CARTESIAN_POINT('',(5.625596742932,0.));
#4686 = CARTESIAN_POINT('',(5.669166956522,0.));
#4687 = CARTESIAN_POINT('',(5.712768634378,0.));
#4688 = CARTESIAN_POINT('',(5.756385760536,0.));
#4689 = CARTESIAN_POINT('',(5.80004249782,0.));
#4690 = CARTESIAN_POINT('',(5.843733235123,0.));
#4691 = CARTESIAN_POINT('',(5.931201338818,0.));
#4692 = CARTESIAN_POINT('',(5.974977932414,0.));
#4693 = CARTESIAN_POINT('',(6.018806531446,0.));
#4694 = CARTESIAN_POINT('',(6.062682584864,0.));
#4695 = CARTESIAN_POINT('',(6.106631263948,0.));
#4696 = CARTESIAN_POINT('',(6.150642208098,0.));
#4697 = CARTESIAN_POINT('',(6.194733510053,0.));
#4698 = CARTESIAN_POINT('',(6.238911625932,0.));
#4699 = CARTESIAN_POINT('',(6.28318530718,0.));
#4700 = ( GEOMETRIC_REPRESENTATION_CONTEXT(2) 
PARAMETRIC_REPRESENTATION_CONTEXT() REPRESENTATION_CONTEXT('2D SPACE',''
  ) );
#4701 = ORIENTED_EDGE('',*,*,#2428,.T.);
#4702 = ORIENTED_EDGE('',*,*,#2811,.T.);
#4703 = ORIENTED_EDGE('',*,*,#4704,.T.);
#4704 = EDGE_CURVE('',#2773,#4705,#4707,.T.);
#4705 = VERTEX_POINT('',#4706);
#4706 = CARTESIAN_POINT('',(656.08199550863,90.455122462863,
    80.017992952938));
#4707 = SURFACE_CURVE('',#4708,(#4738,#4771),.PCURVE_S1.);
#4708 = B_SPLINE_CURVE_WITH_KNOTS('',4,(#4709,#4710,#4711,#4712,#4713,
    #4714,#4715,#4716,#4717,#4718,#4719,#4720,#4721,#4722,#4723,#4724,
    #4725,#4726,#4727,#4728,#4729,#4730,#4731,#4732,#4733,#4734,#4735,
    #4736,#4737),.UNSPECIFIED.,.F.,.F.,(5,3,3,3,3,3,3,3,3,5),(0.,
    0.124778686956,0.249628969106,0.374463600856,0.499286689952,
    0.611909715113,0.723258897812,0.835058096973,0.946464523925,1.),
  .UNSPECIFIED.);
#4709 = CARTESIAN_POINT('',(656.08199551671,80.017992939673,
    90.455122471313));
#4710 = CARTESIAN_POINT('',(656.11158985583,80.40937320091,
    90.206722920979));
#4711 = CARTESIAN_POINT('',(656.1397475778,80.796170955434,
    89.950928902934));
#4712 = CARTESIAN_POINT('',(656.16607803363,81.178235753097,
    89.687925942381));
#4713 = CARTESIAN_POINT('',(656.21452523722,81.932796157882,
    89.147713040429));
#4714 = CARTESIAN_POINT('',(656.23663925242,82.305286145857,
    88.870495140796));
#4715 = CARTESIAN_POINT('',(656.25634943994,82.67271735773,
    88.586426646329));
#4716 = CARTESIAN_POINT('',(656.29058198438,83.39707732833,
    88.004990763362));
#4717 = CARTESIAN_POINT('',(656.30510482937,83.754007503432,
    87.707625059628));
#4718 = CARTESIAN_POINT('',(656.31684620125,84.105540771625,
    87.403776374269));
#4719 = CARTESIAN_POINT('',(656.33457702046,84.797427479071,
    86.783507323148));
#4720 = CARTESIAN_POINT('',(656.34056693203,85.137782093536,
    86.467088051585));
#4721 = CARTESIAN_POINT('',(656.34358758802,85.472386981568,
    86.144552561902));
#4722 = CARTESIAN_POINT('',(656.34368443913,86.097610586758,
    85.519715925535));
#4723 = CARTESIAN_POINT('',(656.34131277897,86.389332114166,
    85.218518152405));
#4724 = CARTESIAN_POINT('',(656.33652310466,86.676092410399,
    84.912621876267));
#4725 = CARTESIAN_POINT('',(656.3223118383,87.236236260698,
    84.295204676865));
#4726 = CARTESIAN_POINT('',(656.31294328257,87.509734474994,
    83.983786421874));
#4727 = CARTESIAN_POINT('',(656.30133091028,87.778122219946,
    83.668028746333));
#4728 = CARTESIAN_POINT('',(656.27380196278,88.305480529677,
    83.02678485356));
#4729 = CARTESIAN_POINT('',(656.25786826047,88.564408654984,
    82.701264406981));
#4730 = CARTESIAN_POINT('',(656.23991393327,88.817922614354,
    82.371615223375));
#4731 = CARTESIAN_POINT('',(656.20040022135,89.312988017376,
    81.705466423185));
#4732 = CARTESIAN_POINT('',(656.17885386668,89.554578315012,
    81.36899491791));
#4733 = CARTESIAN_POINT('',(656.15566453548,89.790531735455,
    81.028656283064));
#4734 = CARTESIAN_POINT('',(656.11926308524,90.131331034985,
    80.519207856354));
#4735 = CARTESIAN_POINT('',(656.10712558187,90.240612902112,
    80.352987684369));
#4736 = CARTESIAN_POINT('',(656.09469275293,90.348548269592,
    80.18591208465));
#4737 = CARTESIAN_POINT('',(656.08199550863,90.455122462863,
    80.017992952938));
#4738 = PCURVE('',#2622,#4739);
#4739 = DEFINITIONAL_REPRESENTATION('',(#4740),#4770);
#4740 = B_SPLINE_CURVE_WITH_KNOTS('',4,(#4741,#4742,#4743,#4744,#4745,
    #4746,#4747,#4748,#4749,#4750,#4751,#4752,#4753,#4754,#4755,#4756,
    #4757,#4758,#4759,#4760,#4761,#4762,#4763,#4764,#4765,#4766,#4767,
    #4768,#4769),.UNSPECIFIED.,.F.,.F.,(5,3,3,3,3,3,3,3,3,5),(0.,
    0.124778686956,0.249628969106,0.374463600856,0.499286689952,
    0.611909715113,0.723258897812,0.835058096973,0.946464523925,1.),
  .UNSPECIFIED.);
#4741 = CARTESIAN_POINT('',(1.847315660018,0.212247032451));
#4742 = CARTESIAN_POINT('',(1.829885075812,0.212421116799));
#4743 = CARTESIAN_POINT('',(1.812500366261,0.212586750458));
#4744 = CARTESIAN_POINT('',(1.795155084695,0.212741635492));
#4745 = CARTESIAN_POINT('',(1.760521398662,0.213026619043));
#4746 = CARTESIAN_POINT('',(1.743233030425,0.213156701485));
#4747 = CARTESIAN_POINT('',(1.725972078591,0.213272643764));
#4748 = CARTESIAN_POINT('',(1.69149587913,0.213474011673));
#4749 = CARTESIAN_POINT('',(1.674280619939,0.213559440173));
#4750 = CARTESIAN_POINT('',(1.657081482882,0.213628507066));
#4751 = CARTESIAN_POINT('',(1.622706279168,0.213732806003));
#4752 = CARTESIAN_POINT('',(1.605530202298,0.213768040777));
#4753 = CARTESIAN_POINT('',(1.588359477877,0.213785809341));
#4754 = CARTESIAN_POINT('',(1.555696399501,0.213786379054));
#4755 = CARTESIAN_POINT('',(1.540204027153,0.213772428112));
#4756 = CARTESIAN_POINT('',(1.524707815304,0.213744253557));
#4757 = CARTESIAN_POINT('',(1.493875194893,0.213660657872));
#4758 = CARTESIAN_POINT('',(1.478538956473,0.213605548721));
#4759 = CARTESIAN_POINT('',(1.463191301307,0.213537240649));
#4760 = CARTESIAN_POINT('',(1.432403158518,0.213375305663));
#4761 = CARTESIAN_POINT('',(1.416962542541,0.213281578003));
#4762 = CARTESIAN_POINT('',(1.40150242179,0.213175964313));
#4763 = CARTESIAN_POINT('',(1.370589104637,0.212943530714));
#4764 = CARTESIAN_POINT('',(1.355136072618,0.212816787451));
#4765 = CARTESIAN_POINT('',(1.3396552772,0.212680379621));
#4766 = CARTESIAN_POINT('',(1.31668760331,0.212466253443));
#4767 = CARTESIAN_POINT('',(1.309225505387,0.212394856364));
#4768 = CARTESIAN_POINT('',(1.301755471977,0.212321722076));
#4769 = CARTESIAN_POINT('',(1.294276994158,0.212247032404));
#4770 = ( GEOMETRIC_REPRESENTATION_CONTEXT(2) 
PARAMETRIC_REPRESENTATION_CONTEXT() REPRESENTATION_CONTEXT('2D SPACE',''
  ) );
#4771 = PCURVE('',#2787,#4772);
#4772 = DEFINITIONAL_REPRESENTATION('',(#4773),#4803);
#4773 = B_SPLINE_CURVE_WITH_KNOTS('',4,(#4774,#4775,#4776,#4777,#4778,
    #4779,#4780,#4781,#4782,#4783,#4784,#4785,#4786,#4787,#4788,#4789,
    #4790,#4791,#4792,#4793,#4794,#4795,#4796,#4797,#4798,#4799,#4800,
    #4801,#4802),.UNSPECIFIED.,.F.,.F.,(5,3,3,3,3,3,3,3,3,5),(0.,
    0.124778686956,0.249628969106,0.374463600856,0.499286689952,
    0.611909715113,0.723258897812,0.835058096973,0.946464523925,1.),
  .UNSPECIFIED.);
#4774 = CARTESIAN_POINT('',(2.591060434947,3.040997758357E-02));
#4775 = CARTESIAN_POINT('',(2.57640889827,3.055794927918E-02));
#4776 = CARTESIAN_POINT('',(2.56175784374,3.069873788902E-02));
#4777 = CARTESIAN_POINT('',(2.547106733512,3.083039016815E-02));
#4778 = CARTESIAN_POINT('',(2.517795432311,3.107262618613E-02));
#4779 = CARTESIAN_POINT('',(2.503135241431,3.118319626213E-02));
#4780 = CARTESIAN_POINT('',(2.488474440003,3.128174719972E-02));
#4781 = CARTESIAN_POINT('',(2.459153436318,3.145290992195E-02));
#4782 = CARTESIAN_POINT('',(2.444493230564,3.152552414689E-02));
#4783 = CARTESIAN_POINT('',(2.429832398255,3.158423100627E-02));
#4784 = CARTESIAN_POINT('',(2.400511209018,3.167288510235E-02));
#4785 = CARTESIAN_POINT('',(2.385850846182,3.170283466015E-02));
#4786 = CARTESIAN_POINT('',(2.371190226146,3.17179379401E-02));
#4787 = CARTESIAN_POINT('',(2.34330189918,3.171842219568E-02));
#4788 = CARTESIAN_POINT('',(2.330074187362,3.170656389488E-02));
#4789 = CARTESIAN_POINT('',(2.31684665864,3.168261552332E-02));
#4790 = CARTESIAN_POINT('',(2.290541869983,3.161155919154E-02));
#4791 = CARTESIAN_POINT('',(2.277464599066,3.156471641286E-02));
#4792 = CARTESIAN_POINT('',(2.264387788089,3.15066545514E-02));
#4793 = CARTESIAN_POINT('',(2.238182301033,3.136900981394E-02));
#4794 = CARTESIAN_POINT('',(2.225053626457,3.128934130235E-02));
#4795 = CARTESIAN_POINT('',(2.211925474267,3.119956966639E-02));
#4796 = CARTESIAN_POINT('',(2.185716070806,3.100200110675E-02));
#4797 = CARTESIAN_POINT('',(2.172634816161,3.089426933344E-02));
#4798 = CARTESIAN_POINT('',(2.159553814077,3.077832267744E-02));
#4799 = CARTESIAN_POINT('',(2.140186759206,3.059631542622E-02));
#4800 = CARTESIAN_POINT('',(2.133900748514,3.053562790937E-02));
#4801 = CARTESIAN_POINT('',(2.127614691336,3.047346376466E-02));
#4802 = CARTESIAN_POINT('',(2.121328545706,3.040997754315E-02));
#4803 = ( GEOMETRIC_REPRESENTATION_CONTEXT(2) 
PARAMETRIC_REPRESENTATION_CONTEXT() REPRESENTATION_CONTEXT('2D SPACE',''
  ) );
#4804 = ORIENTED_EDGE('',*,*,#4805,.T.);
#4805 = EDGE_CURVE('',#4705,#4806,#4808,.T.);
#4806 = VERTEX_POINT('',#4807);
#4807 = CARTESIAN_POINT('',(656.56758604424,95.197320316277,
    63.464880210857));
#4808 = SURFACE_CURVE('',#4809,(#4836,#4866),.PCURVE_S1.);
#4809 = B_SPLINE_CURVE_WITH_KNOTS('',5,(#4810,#4811,#4812,#4813,#4814,
    #4815,#4816,#4817,#4818,#4819,#4820,#4821,#4822,#4823,#4824,#4825,
    #4826,#4827,#4828,#4829,#4830,#4831,#4832,#4833,#4834,#4835),
  .UNSPECIFIED.,.F.,.F.,(6,4,4,4,4,4,6),(0.,0.17687733331,0.353343278724
    ,0.52965795803,0.706538066824,0.850641621223,1.),.UNSPECIFIED.);
#4810 = CARTESIAN_POINT('',(656.08199550863,90.455122462863,
    80.017992952938));
#4811 = CARTESIAN_POINT('',(656.04187153735,90.788049550825,
    79.493371838194));
#4812 = CARTESIAN_POINT('',(655.99923933844,91.108510171618,
    78.961037115679));
#4813 = CARTESIAN_POINT('',(655.95483964984,91.416157764297,
    78.421268439555));
#4814 = CARTESIAN_POINT('',(655.9095827506,91.710632589941,
    77.874341291462));
#4815 = CARTESIAN_POINT('',(655.8196873182,92.27184076982,
    76.767997216633));
#4816 = CARTESIAN_POINT('',(655.77504817258,92.538633651565,
    76.20861896607));
#4817 = CARTESIAN_POINT('',(655.73177209104,92.791577068884,
    75.642652211153));
#4818 = CARTESIAN_POINT('',(655.69117201272,93.030271094561,
    75.070395712366));
#4819 = CARTESIAN_POINT('',(655.6184989417,93.478143276667,
    73.914482692837));
#4820 = CARTESIAN_POINT('',(655.58641998851,93.687340641918,
    73.330851415557));
#4821 = CARTESIAN_POINT('',(655.56014920977,93.881489975043,
    72.741628282274));
#4822 = CARTESIAN_POINT('',(655.54152345243,94.06013145614,
    72.147285403908));
#4823 = CARTESIAN_POINT('',(655.52381085681,94.386050544092,
    70.947716398403));
#4824 = CARTESIAN_POINT('',(655.52478864968,94.533218215743,
    70.342488808009));
#4825 = CARTESIAN_POINT('',(655.53776372581,94.66390167203,
    69.733410437608));
#4826 = CARTESIAN_POINT('',(655.5652157114,94.777639529814,
    69.121468696557));
#4827 = CARTESIAN_POINT('',(655.64609869599,94.95277025896,
    68.008292138629));
#4828 = CARTESIAN_POINT('',(655.69377176174,95.019955223803,
    67.507570477713));
#4829 = CARTESIAN_POINT('',(655.75422344638,95.075546463351,
    67.006641277053));
#4830 = CARTESIAN_POINT('',(655.82893740168,95.119458835027,
    66.506521543097));
#4831 = CARTESIAN_POINT('',(656.01281415082,95.185308344579,
    65.492253089023));
#4832 = CARTESIAN_POINT('',(656.12313494598,95.206386707489,
    64.978249865826));
#4833 = CARTESIAN_POINT('',(656.25164278692,95.215136989136,
    64.467888814832));
#4834 = CARTESIAN_POINT('',(656.39958779742,95.211898407286,
    63.962835308776));
#4835 = CARTESIAN_POINT('',(656.5675860219,95.197320314035,
    63.464880212678));
#4836 = PCURVE('',#2622,#4837);
#4837 = DEFINITIONAL_REPRESENTATION('',(#4838),#4865);
#4838 = B_SPLINE_CURVE_WITH_KNOTS('',5,(#4839,#4840,#4841,#4842,#4843,
    #4844,#4845,#4846,#4847,#4848,#4849,#4850,#4851,#4852,#4853,#4854,
    #4855,#4856,#4857,#4858,#4859,#4860,#4861,#4862,#4863,#4864),
  .UNSPECIFIED.,.F.,.F.,(6,4,4,4,4,4,6),(0.,0.17687733331,0.353343278724
    ,0.52965795803,0.706538066824,0.850641621223,1.),.UNSPECIFIED.);
#4839 = CARTESIAN_POINT('',(1.294276994153,0.212247032404));
#4840 = CARTESIAN_POINT('',(1.270912847703,0.212011009043));
#4841 = CARTESIAN_POINT('',(1.247471656646,0.211760231403));
#4842 = CARTESIAN_POINT('',(1.223941073251,0.211499056764));
#4843 = CARTESIAN_POINT('',(1.200308528924,0.211232839709));
#4844 = CARTESIAN_POINT('',(1.152868343192,0.210704043048));
#4845 = CARTESIAN_POINT('',(1.129061521016,0.210441459839));
#4846 = CARTESIAN_POINT('',(1.105126983469,0.210186894653));
#4847 = CARTESIAN_POINT('',(1.081052558086,0.209948070663));
#4848 = CARTESIAN_POINT('',(1.032622191824,0.20952058201));
#4849 = CARTESIAN_POINT('',(1.008267135361,0.209331882285));
#4850 = CARTESIAN_POINT('',(0.983750190096,0.209177348293));
#4851 = CARTESIAN_POINT('',(0.959064695956,0.209067785014));
#4852 = CARTESIAN_POINT('',(0.90927500249,0.208963593275));
#4853 = CARTESIAN_POINT('',(0.8841708359,0.208969344998));
#4854 = CARTESIAN_POINT('',(0.858895838973,0.209045668975));
#4855 = CARTESIAN_POINT('',(0.833462001209,0.209207151244));
#4856 = CARTESIAN_POINT('',(0.787070788402,0.209682933506));
#4857 = CARTESIAN_POINT('',(0.766157873261,0.209963363304));
#4858 = CARTESIAN_POINT('',(0.74517513764,0.210318961449));
#4859 = CARTESIAN_POINT('',(0.724149369332,0.210758455304));
#4860 = CARTESIAN_POINT('',(0.681322506624,0.21184008324));
#4861 = CARTESIAN_POINT('',(0.659520769137,0.212489029096));
#4862 = CARTESIAN_POINT('',(0.637758713773,0.213244957567));
#4863 = CARTESIAN_POINT('',(0.616093159057,0.21411522234));
#4864 = CARTESIAN_POINT('',(0.594591922026,0.215103447187));
#4865 = ( GEOMETRIC_REPRESENTATION_CONTEXT(2) 
PARAMETRIC_REPRESENTATION_CONTEXT() REPRESENTATION_CONTEXT('2D SPACE',''
  ) );
#4866 = PCURVE('',#2970,#4867);
#4867 = DEFINITIONAL_REPRESENTATION('',(#4868),#4895);
#4868 = B_SPLINE_CURVE_WITH_KNOTS('',5,(#4869,#4870,#4871,#4872,#4873,
    #4874,#4875,#4876,#4877,#4878,#4879,#4880,#4881,#4882,#4883,#4884,
    #4885,#4886,#4887,#4888,#4889,#4890,#4891,#4892,#4893,#4894),
  .UNSPECIFIED.,.F.,.F.,(6,4,4,4,4,4,6),(0.,0.17687733331,0.353343278724
    ,0.52965795803,0.706538066824,0.850641621223,1.),.UNSPECIFIED.);
#4869 = CARTESIAN_POINT('',(2.121328545706,3.040997754315E-02));
#4870 = CARTESIAN_POINT('',(2.101668670684,3.020935768675E-02));
#4871 = CARTESIAN_POINT('',(2.082008551592,2.999619669224E-02));
#4872 = CARTESIAN_POINT('',(2.062347051622,2.977419824921E-02));
#4873 = CARTESIAN_POINT('',(2.042683014603,2.954791375303E-02));
#4874 = CARTESIAN_POINT('',(2.003392902829,2.909843659102E-02));
#4875 = CARTESIAN_POINT('',(1.98376708195,2.887524086292E-02));
#4876 = CARTESIAN_POINT('',(1.964136065609,2.865886045524E-02));
#4877 = CARTESIAN_POINT('',(1.944499628157,2.845586006363E-02));
#4878 = CARTESIAN_POINT('',(1.905234685149,2.809249470854E-02));
#4879 = CARTESIAN_POINT('',(1.885606696362,2.793209994257E-02));
#4880 = CARTESIAN_POINT('',(1.865975388853,2.780074604888E-02));
#4881 = CARTESIAN_POINT('',(1.846345908064,2.770761726216E-02));
#4882 = CARTESIAN_POINT('',(1.807047401048,2.761905428406E-02));
#4883 = CARTESIAN_POINT('',(1.787379340534,2.762394324842E-02));
#4884 = CARTESIAN_POINT('',(1.767733497039,2.768881862909E-02));
#4885 = CARTESIAN_POINT('',(1.748130291042,2.782607855703E-02));
#4886 = CARTESIAN_POINT('',(1.712691521688,2.823049347998E-02));
#4887 = CARTESIAN_POINT('',(1.696831405009,2.846885880873E-02));
#4888 = CARTESIAN_POINT('',(1.681038828052,2.87711172319E-02));
#4889 = CARTESIAN_POINT('',(1.665339062696,2.914468700843E-02));
#4890 = CARTESIAN_POINT('',(1.633621972164,3.006407075411E-02));
#4891 = CARTESIAN_POINT('',(1.61761369628,3.061567472993E-02));
#4892 = CARTESIAN_POINT('',(1.601776698456,3.125821393464E-02));
#4893 = CARTESIAN_POINT('',(1.586154901508,3.199793898714E-02));
#4894 = CARTESIAN_POINT('',(1.570796326795,3.283793010953E-02));
#4895 = ( GEOMETRIC_REPRESENTATION_CONTEXT(2) 
PARAMETRIC_REPRESENTATION_CONTEXT() REPRESENTATION_CONTEXT('2D SPACE',''
  ) );
#4896 = ORIENTED_EDGE('',*,*,#4897,.T.);
#4897 = EDGE_CURVE('',#4806,#4385,#4898,.T.);
#4898 = SURFACE_CURVE('',#4899,(#4944,#4992),.PCURVE_S1.);
#4899 = B_SPLINE_CURVE_WITH_KNOTS('',7,(#4900,#4901,#4902,#4903,#4904,
    #4905,#4906,#4907,#4908,#4909,#4910,#4911,#4912,#4913,#4914,#4915,
    #4916,#4917,#4918,#4919,#4920,#4921,#4922,#4923,#4924,#4925,#4926,
    #4927,#4928,#4929,#4930,#4931,#4932,#4933,#4934,#4935,#4936,#4937,
    #4938,#4939,#4940,#4941,#4942,#4943),.UNSPECIFIED.,.F.,.F.,(8,6,6,6,
    6,6,6,8),(0.,0.215927263542,0.293399241664,0.381781839586,
    0.483461155235,0.601345859245,0.755829533727,1.),.UNSPECIFIED.);
#4900 = CARTESIAN_POINT('',(656.56758604424,95.197320316277,
    63.464880210857));
#4901 = CARTESIAN_POINT('',(656.7992039477,95.178454488056,
    62.797342973179));
#4902 = CARTESIAN_POINT('',(657.13086059473,95.147728304435,
    62.143523635897));
#4903 = CARTESIAN_POINT('',(657.55455851258,95.10655127814,
    61.513149509824));
#4904 = CARTESIAN_POINT('',(658.0550237594,95.057116210975,
    60.910477041508));
#4905 = CARTESIAN_POINT('',(658.61739897406,95.001315610104,
    60.336837489894));
#4906 = CARTESIAN_POINT('',(659.22951479192,94.94063983789,
    59.791481737234));
#4907 = CARTESIAN_POINT('',(660.11806503925,94.852884470072,
    59.085735595054));
#4908 = CARTESIAN_POINT('',(660.3580202006,94.829214670101,
    58.902764632671));
#4909 = CARTESIAN_POINT('',(660.60290270967,94.805095254976,
    58.723092601337));
#4910 = CARTESIAN_POINT('',(660.85234189233,94.780569840131,
    58.546633406349));
#4911 = CARTESIAN_POINT('',(661.10600288308,94.755677277695,
    58.373297115994));
#4912 = CARTESIAN_POINT('',(661.36358662507,94.730451656497,
    58.202989961551));
#4913 = CARTESIAN_POINT('',(661.92286491849,94.675797629699,
    57.844666836254));
#4914 = CARTESIAN_POINT('',(662.2256546685,94.646278700902,
    57.65754042502));
#4915 = CARTESIAN_POINT('',(662.53280727875,94.616409595263,
    57.474091670936));
#4916 = CARTESIAN_POINT('',(662.8439721967,94.586228877755,
    57.294183620711));
#4917 = CARTESIAN_POINT('',(663.15883855015,94.555770037691,
    57.117684461408));
#4918 = CARTESIAN_POINT('',(663.47713353877,94.525061927673,
    56.944466181444));
#4919 = CARTESIAN_POINT('',(664.16847429605,94.458542795429,
    56.578755236147));
#4920 = CARTESIAN_POINT('',(664.54254357494,94.422659996231,
    56.387288195869));
#4921 = CARTESIAN_POINT('',(664.92046683263,94.386518453574,
    56.199812572862));
#4922 = CARTESIAN_POINT('',(665.3019242455,94.350150545057,
    56.016154080162));
#4923 = CARTESIAN_POINT('',(665.68663534377,94.313583896804,
    55.836150890256));
#4924 = CARTESIAN_POINT('',(666.07435635909,94.276841903008,
    55.6596508436));
#4925 = CARTESIAN_POINT('',(666.91763910278,94.197165923556,
    55.285771625575));
#4926 = CARTESIAN_POINT('',(667.37415537826,94.154179227055,
    55.089552109628));
#4927 = CARTESIAN_POINT('',(667.83409771386,94.11101491493,
    54.89762584345));
#4928 = CARTESIAN_POINT('',(668.2971775177,94.06769902519,
    54.709790378276));
#4929 = CARTESIAN_POINT('',(668.76314326768,94.024253387921,
    54.525861204074));
#4930 = CARTESIAN_POINT('',(669.23177748844,93.980696138301,
    54.345667871199));
#4931 = CARTESIAN_POINT('',(670.32027473458,93.879835333475,
    53.937599091463));
#4932 = CARTESIAN_POINT('',(670.9419053574,93.822463629605,
    53.712293036899));
#4933 = CARTESIAN_POINT('',(671.56736593387,93.76496063949,
    53.49277425972));
#4934 = CARTESIAN_POINT('',(672.19629439754,93.707353595332,
    53.278727702428));
#4935 = CARTESIAN_POINT('',(672.8283811234,93.649664222314,
    53.069872890459));
#4936 = CARTESIAN_POINT('',(673.4633637728,93.591909520852,
    52.865955883969));
#4937 = CARTESIAN_POINT('',(675.10887848292,93.442735240858,
    52.351871069736));
#4938 = CARTESIAN_POINT('',(676.12339277581,93.351239705939,
    52.048757730567));
#4939 = CARTESIAN_POINT('',(677.14369010478,93.259667744733,
    51.756478775846));
#4940 = CARTESIAN_POINT('',(678.16905830055,93.16805513304,
    51.474272643532));
#4941 = CARTESIAN_POINT('',(679.19891955208,93.076425441989,
    51.201484025404));
#4942 = CARTESIAN_POINT('',(680.23281382565,92.984792228722,
    50.937531935268));
#4943 = CARTESIAN_POINT('',(681.27039408759,92.893159597571,
    50.681900465803));
#4944 = PCURVE('',#2622,#4945);
#4945 = DEFINITIONAL_REPRESENTATION('',(#4946),#4991);
#4946 = B_SPLINE_CURVE_WITH_KNOTS('',7,(#4947,#4948,#4949,#4950,#4951,
    #4952,#4953,#4954,#4955,#4956,#4957,#4958,#4959,#4960,#4961,#4962,
    #4963,#4964,#4965,#4966,#4967,#4968,#4969,#4970,#4971,#4972,#4973,
    #4974,#4975,#4976,#4977,#4978,#4979,#4980,#4981,#4982,#4983,#4984,
    #4985,#4986,#4987,#4988,#4989,#4990),.UNSPECIFIED.,.F.,.F.,(8,6,6,6,
    6,6,6,8),(0.,0.215927263542,0.293399241664,0.381781839586,
    0.483461155235,0.601345859245,0.755829533727,1.),.UNSPECIFIED.);
#4947 = CARTESIAN_POINT('',(0.594591921951,0.215103447319));
#4948 = CARTESIAN_POINT('',(0.56577583373,0.216465905575));
#4949 = CARTESIAN_POINT('',(0.537393767678,0.218416827028));
#4950 = CARTESIAN_POINT('',(0.509865786651,0.220909167721));
#4951 = CARTESIAN_POINT('',(0.483388413065,0.223853080938));
#4952 = CARTESIAN_POINT('',(0.458034829713,0.227161170436));
#4953 = CARTESIAN_POINT('',(0.433787581609,0.230761851717));
#4954 = CARTESIAN_POINT('',(0.402221348649,0.235988617878));
#4955 = CARTESIAN_POINT('',(0.394018837396,0.237400118827));
#4956 = CARTESIAN_POINT('',(0.385945842414,0.238840604175));
#4957 = CARTESIAN_POINT('',(0.377999131056,0.240307893484));
#4958 = CARTESIAN_POINT('',(0.37017526807,0.241800016959));
#4959 = CARTESIAN_POINT('',(0.362470615592,0.243315215442));
#4960 = CARTESIAN_POINT('',(0.346223233827,0.246605087756));
#4961 = CARTESIAN_POINT('',(0.337715542544,0.248386203932));
#4962 = CARTESIAN_POINT('',(0.329352615964,0.250192983993));
#4963 = CARTESIAN_POINT('',(0.321129045637,0.252023365863));
#4964 = CARTESIAN_POINT('',(0.313039598909,0.253875520883));
#4965 = CARTESIAN_POINT('',(0.305079159823,0.255747844346));
#4966 = CARTESIAN_POINT('',(0.288227222664,0.259814554683));
#4967 = CARTESIAN_POINT('',(0.279376046652,0.262014962206));
#4968 = CARTESIAN_POINT('',(0.270681513649,0.264238040192));
#4969 = CARTESIAN_POINT('',(0.262136602324,0.266481907327));
#4970 = CARTESIAN_POINT('',(0.253734778357,0.268744913787));
#4971 = CARTESIAN_POINT('',(0.245469874444,0.271025625642));
#4972 = CARTESIAN_POINT('',(0.227905710147,0.275986112369));
#4973 = CARTESIAN_POINT('',(0.218651723461,0.278671502225));
#4974 = CARTESIAN_POINT('',(0.20956488027,0.281377045376));
#4975 = CARTESIAN_POINT('',(0.200636938966,0.284101044222));
#4976 = CARTESIAN_POINT('',(0.191860380248,0.286842019222));
#4977 = CARTESIAN_POINT('',(0.183228241062,0.289598691108));
#4978 = CARTESIAN_POINT('',(0.163602492086,0.296001616086));
#4979 = CARTESIAN_POINT('',(0.152707983127,0.299658266808));
#4980 = CARTESIAN_POINT('',(0.142035759762,0.30333744667));
#4981 = CARTESIAN_POINT('',(0.131572917918,0.307037025868));
#4982 = CARTESIAN_POINT('',(0.121307966582,0.310755183079));
#4983 = CARTESIAN_POINT('',(0.111230483038,0.314490375134));
#4984 = CARTESIAN_POINT('',(8.568370053808E-02,0.324169873429));
#4985 = CARTESIAN_POINT('',(7.048119522669E-02,0.330137604564));
#4986 = CARTESIAN_POINT('',(5.56852834069E-02,0.336139353558));
#4987 = CARTESIAN_POINT('',(4.126468236399E-02,0.34217093118));
#4988 = CARTESIAN_POINT('',(2.719246804709E-02,0.348228938542));
#4989 = CARTESIAN_POINT('',(1.344470019884E-02,0.354310669563));
#4990 = CARTESIAN_POINT('',(0.,0.360414082868));
#4991 = ( GEOMETRIC_REPRESENTATION_CONTEXT(2) 
PARAMETRIC_REPRESENTATION_CONTEXT() REPRESENTATION_CONTEXT('2D SPACE',''
  ) );
#4992 = PCURVE('',#3032,#4993);
#4993 = DEFINITIONAL_REPRESENTATION('',(#4994),#5039);
#4994 = B_SPLINE_CURVE_WITH_KNOTS('',7,(#4995,#4996,#4997,#4998,#4999,
    #5000,#5001,#5002,#5003,#5004,#5005,#5006,#5007,#5008,#5009,#5010,
    #5011,#5012,#5013,#5014,#5015,#5016,#5017,#5018,#5019,#5020,#5021,
    #5022,#5023,#5024,#5025,#5026,#5027,#5028,#5029,#5030,#5031,#5032,
    #5033,#5034,#5035,#5036,#5037,#5038),.UNSPECIFIED.,.F.,.F.,(8,6,6,6,
    6,6,6,8),(0.,0.215927263542,0.293399241664,0.381781839586,
    0.483461155235,0.601345859245,0.755829533727,1.),.UNSPECIFIED.);
#4995 = CARTESIAN_POINT('',(64.,3.283793022123E-02));
#4996 = CARTESIAN_POINT('',(63.343954546036,3.399601973851E-02));
#4997 = CARTESIAN_POINT('',(62.709480336787,3.565430297366E-02));
#4998 = CARTESIAN_POINT('',(62.105313770913,3.777279256296E-02));
#4999 = CARTESIAN_POINT('',(61.53420923143,4.027511879699E-02));
#5000 = CARTESIAN_POINT('',(60.996224506205,4.308699487033E-02));
#5001 = CARTESIAN_POINT('',(60.489614617265,4.61475739596E-02));
#5002 = CARTESIAN_POINT('',(59.839837181501,5.059032519625E-02));
#5003 = CARTESIAN_POINT('',(59.671956158075,5.179010100302E-02));
#5004 = CARTESIAN_POINT('',(59.50765327646,5.301451354838E-02));
#5005 = CARTESIAN_POINT('',(59.346813484437,5.426170946166E-02));
#5006 = CARTESIAN_POINT('',(59.189321120122,5.553001441542E-02));
#5007 = CARTESIAN_POINT('',(59.035059911964,5.681793312536E-02));
#5008 = CARTESIAN_POINT('',(58.711479656668,5.961432459248E-02));
#5009 = CARTESIAN_POINT('',(58.543104559079,6.112827334252E-02));
#5010 = CARTESIAN_POINT('',(58.378615224584,6.266403639379E-02));
#5011 = CARTESIAN_POINT('',(58.217849414637,6.421986098354E-02));
#5012 = CARTESIAN_POINT('',(58.060653451759,6.579419275075E-02));
#5013 = CARTESIAN_POINT('',(57.906880557753,6.738566769389E-02));
#5014 = CARTESIAN_POINT('',(57.583257233436,7.084237148026E-02));
#5015 = CARTESIAN_POINT('',(57.414472692351,7.271271787474E-02));
#5016 = CARTESIAN_POINT('',(57.249821625348,7.460233416318E-02));
#5017 = CARTESIAN_POINT('',(57.089108886773,7.650962122754E-02));
#5018 = CARTESIAN_POINT('',(56.932154965119,7.843317671886E-02));
#5019 = CARTESIAN_POINT('',(56.77879281951,8.037178179547E-02));
#5020 = CARTESIAN_POINT('',(56.455041576158,8.458819551393E-02));
#5021 = CARTESIAN_POINT('',(56.285837810653,8.68707768913E-02));
#5022 = CARTESIAN_POINT('',(56.121009710082,8.917048856934E-02));
#5023 = CARTESIAN_POINT('',(55.960338529484,9.148588758854E-02));
#5024 = CARTESIAN_POINT('',(55.80362624757,9.381571633841E-02));
#5025 = CARTESIAN_POINT('',(55.650691325769,9.615888744222E-02));
#5026 = CARTESIAN_POINT('',(55.305677203622,0.101601373673));
#5027 = CARTESIAN_POINT('',(55.116189958934,0.104709526787));
#5028 = CARTESIAN_POINT('',(54.932524829325,0.107836829669));
#5029 = CARTESIAN_POINT('',(54.75435068911,0.110981471988));
#5030 = CARTESIAN_POINT('',(54.581374595051,0.114141905617));
#5031 = CARTESIAN_POINT('',(54.413333190577,0.117316818864));
#5032 = CARTESIAN_POINT('',(53.991801593244,0.125544392415));
#5033 = CARTESIAN_POINT('',(53.745349392237,0.130616963879));
#5034 = CARTESIAN_POINT('',(53.5096776732,0.135718450524));
#5035 = CARTESIAN_POINT('',(53.284007872107,0.140845291503));
#5036 = CARTESIAN_POINT('',(53.067675439692,0.14599459776));
#5037 = CARTESIAN_POINT('',(52.860096389546,0.151164069128));
#5038 = CARTESIAN_POINT('',(52.660757649299,0.156351970438));
#5039 = ( GEOMETRIC_REPRESENTATION_CONTEXT(2) 
PARAMETRIC_REPRESENTATION_CONTEXT() REPRESENTATION_CONTEXT('2D SPACE',''
  ) );
#5040 = ADVANCED_FACE('',(#5041),#2324,.F.);
#5041 = FACE_BOUND('',#5042,.F.);
#5042 = EDGE_LOOP('',(#5043,#5044,#5045,#5137,#5262,#5417,#5572));
#5043 = ORIENTED_EDGE('',*,*,#2200,.T.);
#5044 = ORIENTED_EDGE('',*,*,#4585,.T.);
#5045 = ORIENTED_EDGE('',*,*,#5046,.T.);
#5046 = EDGE_CURVE('',#4461,#5047,#5049,.T.);
#5047 = VERTEX_POINT('',#5048);
#5048 = CARTESIAN_POINT('',(829.1443679893,74.105266734278,
    49.403511156354));
#5049 = SURFACE_CURVE('',#5050,(#5077,#5107),.PCURVE_S1.);
#5050 = B_SPLINE_CURVE_WITH_KNOTS('',7,(#5051,#5052,#5053,#5054,#5055,
    #5056,#5057,#5058,#5059,#5060,#5061,#5062,#5063,#5064,#5065,#5066,
    #5067,#5068,#5069,#5070,#5071,#5072,#5073,#5074,#5075,#5076),
  .UNSPECIFIED.,.F.,.F.,(8,6,6,6,8),(0.,0.11874787607,0.382003635862,
    0.735966391227,1.),.UNSPECIFIED.);
#5051 = CARTESIAN_POINT('',(790.,82.550276262598,42.363270990888));
#5052 = CARTESIAN_POINT('',(790.71642906113,82.454825751168,
    42.404722658741));
#5053 = CARTESIAN_POINT('',(791.43259178025,82.358769218811,
    42.446703922166));
#5054 = CARTESIAN_POINT('',(792.14832651089,82.2619332001,
    42.489793491379));
#5055 = CARTESIAN_POINT('',(792.86347085608,82.164152616569,
    42.534509217463));
#5056 = CARTESIAN_POINT('',(793.57786173419,82.065271858838,
    42.581309063485));
#5057 = CARTESIAN_POINT('',(794.29133544485,81.965145868729,
    42.630592075624));
#5058 = CARTESIAN_POINT('',(796.58305170583,81.63861235657,
    42.798218016692));
#5059 = CARTESIAN_POINT('',(798.15723920075,81.406782682024,
    42.927629028441));
#5060 = CARTESIAN_POINT('',(799.72416963702,81.166738172265,
    43.074644052676));
#5061 = CARTESIAN_POINT('',(801.28198265872,80.917314877752,
    43.241578718069));
#5062 = CARTESIAN_POINT('',(802.82902138847,80.657617973094,
    43.429538739724));
#5063 = CARTESIAN_POINT('',(804.3637598318,80.387027833782,
    43.638639131777));
#5064 = CARTESIAN_POINT('',(807.92972683765,79.726249985108,
    44.176990267699));
#5065 = CARTESIAN_POINT('',(809.95039192106,79.326873906404,
    44.522897791263));
#5066 = CARTESIAN_POINT('',(811.94329708662,78.906152583819,
    44.90452519308));
#5067 = CARTESIAN_POINT('',(813.90717598931,78.463683285611,
    45.318258999825));
#5068 = CARTESIAN_POINT('',(815.84203201714,77.999408140458,
    45.759675113429));
#5069 = CARTESIAN_POINT('',(817.74863217684,77.513465241579,
    46.224270485277));
#5070 = CARTESIAN_POINT('',(821.0301141258,76.627449256897,
    47.068721557924));
#5071 = CARTESIAN_POINT('',(822.41702187587,76.23692455537,
    47.440120341965));
#5072 = CARTESIAN_POINT('',(823.78943123685,75.834450135804,
    47.820450798063));
#5073 = CARTESIAN_POINT('',(825.14794113536,75.420067147959,
    48.208151216319));
#5074 = CARTESIAN_POINT('',(826.49309337709,74.99380289232,
    48.601857319335));
#5075 = CARTESIAN_POINT('',(827.82524181178,74.555609901928,
    49.000512389276));
#5076 = CARTESIAN_POINT('',(829.14436798929,74.105266734278,
    49.403511156354));
#5077 = PCURVE('',#2324,#5078);
#5078 = DEFINITIONAL_REPRESENTATION('',(#5079),#5106);
#5079 = B_SPLINE_CURVE_WITH_KNOTS('',7,(#5080,#5081,#5082,#5083,#5084,
    #5085,#5086,#5087,#5088,#5089,#5090,#5091,#5092,#5093,#5094,#5095,
    #5096,#5097,#5098,#5099,#5100,#5101,#5102,#5103,#5104,#5105),
  .UNSPECIFIED.,.F.,.F.,(8,6,6,6,8),(0.,0.11874787607,0.382003635862,
    0.735966391227,1.),.UNSPECIFIED.);
#5080 = CARTESIAN_POINT('',(5.452790833943,0.));
#5081 = CARTESIAN_POINT('',(5.449668880002,1.194048435219E-02));
#5082 = CARTESIAN_POINT('',(5.446531551633,2.387652967092E-02));
#5083 = CARTESIAN_POINT('',(5.443361836224,3.58054418483E-02));
#5084 = CARTESIAN_POINT('',(5.440144634482,4.772451426803E-02));
#5085 = CARTESIAN_POINT('',(5.436866715546,5.963102890324E-02));
#5086 = CARTESIAN_POINT('',(5.43351667211,7.152225741429E-02));
#5087 = CARTESIAN_POINT('',(5.42247680711,0.109717528431));
#5088 = CARTESIAN_POINT('',(5.414466132313,0.135953986679));
#5089 = CARTESIAN_POINT('',(5.405948948504,0.16206949395));
#5090 = CARTESIAN_POINT('',(5.39686362515,0.188033044312));
#5091 = CARTESIAN_POINT('',(5.387184634294,0.213817023141));
#5092 = CARTESIAN_POINT('',(5.376915231912,0.239395997197));
#5093 = CARTESIAN_POINT('',(5.351509037981,0.298828780628));
#5094 = CARTESIAN_POINT('',(5.335910403248,0.332506532018));
#5095 = CARTESIAN_POINT('',(5.319338123226,0.365721618111));
#5096 = CARTESIAN_POINT('',(5.301901385881,0.398452933155));
#5097 = CARTESIAN_POINT('',(5.283721376859,0.430700533619));
#5098 = CARTESIAN_POINT('',(5.264912225569,0.462477202947));
#5099 = CARTESIAN_POINT('',(5.231142784964,0.517168568772));
#5100 = CARTESIAN_POINT('',(5.216418643551,0.540283697908));
#5101 = CARTESIAN_POINT('',(5.201437215676,0.563157187304));
#5102 = CARTESIAN_POINT('',(5.186232435616,0.585799018932));
#5103 = CARTESIAN_POINT('',(5.170831599753,0.608218222914));
#5104 = CARTESIAN_POINT('',(5.155252956095,0.630420696896));
#5105 = CARTESIAN_POINT('',(5.139502299578,0.652406133143));
#5106 = ( GEOMETRIC_REPRESENTATION_CONTEXT(2) 
PARAMETRIC_REPRESENTATION_CONTEXT() REPRESENTATION_CONTEXT('2D SPACE',''
  ) );
#5107 = PCURVE('',#3032,#5108);
#5108 = DEFINITIONAL_REPRESENTATION('',(#5109),#5136);
#5109 = B_SPLINE_CURVE_WITH_KNOTS('',7,(#5110,#5111,#5112,#5113,#5114,
    #5115,#5116,#5117,#5118,#5119,#5120,#5121,#5122,#5123,#5124,#5125,
    #5126,#5127,#5128,#5129,#5130,#5131,#5132,#5133,#5134,#5135),
  .UNSPECIFIED.,.F.,.F.,(8,6,6,6,8),(0.,0.11874787607,0.382003635862,
    0.735966391227,1.),.UNSPECIFIED.);
#5110 = CARTESIAN_POINT('',(50.844500928753,0.7));
#5111 = CARTESIAN_POINT('',(50.951391307683,0.703582145306));
#5112 = CARTESIAN_POINT('',(51.05929839709,0.707162958901));
#5113 = CARTESIAN_POINT('',(51.16894657493,0.710741632554));
#5114 = CARTESIAN_POINT('',(51.280991630436,0.71431735428));
#5115 = CARTESIAN_POINT('',(51.396020874671,0.717889308671));
#5116 = CARTESIAN_POINT('',(51.514553251094,0.721456677224));
#5117 = CARTESIAN_POINT('',(51.908583375058,0.732915258529));
#5118 = CARTESIAN_POINT('',(52.199588440653,0.740786196004));
#5119 = CARTESIAN_POINT('',(52.514933681026,0.748620848185));
#5120 = CARTESIAN_POINT('',(52.857873661175,0.756409913294));
#5121 = CARTESIAN_POINT('',(53.230211584893,0.764145106942));
#5122 = CARTESIAN_POINT('',(53.632520503579,0.771818799159));
#5123 = CARTESIAN_POINT('',(54.645116537701,0.789648634188));
#5124 = CARTESIAN_POINT('',(55.279459324903,0.799751959605));
#5125 = CARTESIAN_POINT('',(55.966603182536,0.809716485434));
#5126 = CARTESIAN_POINT('',(56.703084339765,0.819535879946));
#5127 = CARTESIAN_POINT('',(57.484347595318,0.829210160086));
#5128 = CARTESIAN_POINT('',(58.305633112629,0.838743160884));
#5129 = CARTESIAN_POINT('',(59.801865473624,0.855150570629));
#5130 = CARTESIAN_POINT('',(60.46098329551,0.862085109379));
#5131 = CARTESIAN_POINT('',(61.138210736989,0.868947156184));
#5132 = CARTESIAN_POINT('',(61.831918855211,0.875739705677));
#5133 = CARTESIAN_POINT('',(62.540701912719,0.882465466886));
#5134 = CARTESIAN_POINT('',(63.263535982278,0.889126209059));
#5135 = CARTESIAN_POINT('',(64.,0.895721839946));
#5136 = ( GEOMETRIC_REPRESENTATION_CONTEXT(2) 
PARAMETRIC_REPRESENTATION_CONTEXT() REPRESENTATION_CONTEXT('2D SPACE',''
  ) );
#5137 = ORIENTED_EDGE('',*,*,#5138,.T.);
#5138 = EDGE_CURVE('',#5047,#5139,#5141,.T.);
#5139 = VERTEX_POINT('',#5140);
#5140 = CARTESIAN_POINT('',(848.0457455014,64.676142915412,
    57.213511043006));
#5141 = SURFACE_CURVE('',#5142,(#5175,#5211),.PCURVE_S1.);
#5142 = B_SPLINE_CURVE_WITH_KNOTS('',6,(#5143,#5144,#5145,#5146,#5147,
    #5148,#5149,#5150,#5151,#5152,#5153,#5154,#5155,#5156,#5157,#5158,
    #5159,#5160,#5161,#5162,#5163,#5164,#5165,#5166,#5167,#5168,#5169,
    #5170,#5171,#5172,#5173,#5174),.UNSPECIFIED.,.F.,.F.,(7,5,5,5,5,5,7)
  ,(0.,0.202787177711,0.388358744903,0.5581869377,0.710855537016,
    0.864410281289,1.),.UNSPECIFIED.);
#5143 = CARTESIAN_POINT('',(829.14436798808,74.10526673389,
    49.403511156453));
#5144 = CARTESIAN_POINT('',(829.84505472432,73.872289902479,
    49.613923069116));
#5145 = CARTESIAN_POINT('',(830.54333321766,73.634135359235,
    49.826599728462));
#5146 = CARTESIAN_POINT('',(831.23914367819,73.390756720185,
    50.041475139123));
#5147 = CARTESIAN_POINT('',(831.93240402291,73.142096114838,
    50.258524675113));
#5148 = CARTESIAN_POINT('',(832.62299611227,72.888065485937,
    50.477787849904));
#5149 = CARTESIAN_POINT('',(833.94012072528,72.391023555572,
    50.902181508786));
#5150 = CARTESIAN_POINT('',(834.56711055297,72.148909248971,
    51.106930083124));
#5151 = CARTESIAN_POINT('',(835.19159331889,71.902076480406,
    51.313737363331));
#5152 = CARTESIAN_POINT('',(835.81339533274,71.650388203731,
    51.522759553233));
#5153 = CARTESIAN_POINT('',(836.43227753456,71.393653938483,
    51.734237773001));
#5154 = CARTESIAN_POINT('',(837.61132458455,70.891787123077,
    52.144637400335));
#5155 = CARTESIAN_POINT('',(838.17200853288,70.647521811691,
    52.343098950403));
#5156 = CARTESIAN_POINT('',(838.72972186426,70.398597064158,
    52.544190106333));
#5157 = CARTESIAN_POINT('',(839.28413646577,70.14475797135,
    52.748258831428));
#5158 = CARTESIAN_POINT('',(839.83481312571,69.88567426055,
    52.955760738123));
#5159 = CARTESIAN_POINT('',(840.87232773799,69.382893570019,
    53.357459570063));
#5160 = CARTESIAN_POINT('',(841.35997796474,69.140294968354,
    53.550875980584));
#5161 = CARTESIAN_POINT('',(841.84371029771,68.892784790958,
    53.747991294943));
#5162 = CARTESIAN_POINT('',(842.322973814,68.639989555787,
    53.949325967835));
#5163 = CARTESIAN_POINT('',(842.7970437845,68.381454109146,
    54.155517566548));
#5164 = CARTESIAN_POINT('',(843.73564318587,67.850220644247,
    54.580437383262));
#5165 = CARTESIAN_POINT('',(844.20005101293,67.577475886544,
    54.799210302593));
#5166 = CARTESIAN_POINT('',(844.65730249645,67.297764354236,
    55.024512157088));
#5167 = CARTESIAN_POINT('',(845.10610840645,67.010430706261,
    55.257281846101));
#5168 = CARTESIAN_POINT('',(845.54476508539,66.71474901593,
    55.49859976194));
#5169 = CARTESIAN_POINT('',(846.34747462241,66.140608450861,
    55.971569584874));
#5170 = CARTESIAN_POINT('',(846.71416749524,65.864240646047,
    56.201001360244));
#5171 = CARTESIAN_POINT('',(847.06966433987,65.580110089558,
    56.438994577935));
#5172 = CARTESIAN_POINT('',(847.41191461933,65.287667329664,
    56.686476121282));
#5173 = CARTESIAN_POINT('',(847.73831655273,64.986458767587,
    56.94435702403));
#5174 = CARTESIAN_POINT('',(848.0457455014,64.676142915413,
    57.213511043006));
#5175 = PCURVE('',#2324,#5176);
#5176 = DEFINITIONAL_REPRESENTATION('',(#5177),#5210);
#5177 = B_SPLINE_CURVE_WITH_KNOTS('',6,(#5178,#5179,#5180,#5181,#5182,
    #5183,#5184,#5185,#5186,#5187,#5188,#5189,#5190,#5191,#5192,#5193,
    #5194,#5195,#5196,#5197,#5198,#5199,#5200,#5201,#5202,#5203,#5204,
    #5205,#5206,#5207,#5208,#5209),.UNSPECIFIED.,.F.,.F.,(7,5,5,5,5,5,7)
  ,(0.,0.202787177711,0.388358744903,0.5581869377,0.710855537016,
    0.864410281289,1.),.UNSPECIFIED.);
#5178 = CARTESIAN_POINT('',(5.139502299521,0.652406133191));
#5179 = CARTESIAN_POINT('',(5.131318401331,0.664084245304));
#5180 = CARTESIAN_POINT('',(5.12303390342,0.67572222036));
#5181 = CARTESIAN_POINT('',(5.114649864493,0.687319061331));
#5182 = CARTESIAN_POINT('',(5.106166223219,0.69887340032));
#5183 = CARTESIAN_POINT('',(5.09758112448,0.710383268565));
#5184 = CARTESIAN_POINT('',(5.080937172744,0.732335345421));
#5185 = CARTESIAN_POINT('',(5.072895573555,0.742785175883));
#5186 = CARTESIAN_POINT('',(5.064762014165,0.753193221982));
#5187 = CARTESIAN_POINT('',(5.056531526158,0.763556588879));
#5188 = CARTESIAN_POINT('',(5.048196722049,0.773871292243));
#5189 = CARTESIAN_POINT('',(5.032013949911,0.793522076409));
#5190 = CARTESIAN_POINT('',(5.024184787899,0.802866808881));
#5191 = CARTESIAN_POINT('',(5.01625103154,0.812162031071));
#5192 = CARTESIAN_POINT('',(5.008202361284,0.82140227443));
#5193 = CARTESIAN_POINT('',(5.000025373226,0.830580218762));
#5194 = CARTESIAN_POINT('',(4.984220417739,0.847872128967));
#5195 = CARTESIAN_POINT('',(4.976620709972,0.855999632746));
#5196 = CARTESIAN_POINT('',(4.968890175238,0.864061838295));
#5197 = CARTESIAN_POINT('',(4.961013688975,0.872049563567));
#5198 = CARTESIAN_POINT('',(4.952972831079,0.879950729742));
#5199 = CARTESIAN_POINT('',(4.936468589052,0.895594053098));
#5200 = CARTESIAN_POINT('',(4.928003850695,0.903334183549));
#5201 = CARTESIAN_POINT('',(4.919326176853,0.910955041608));
#5202 = CARTESIAN_POINT('',(4.910408876952,0.918435140107));
#5203 = CARTESIAN_POINT('',(4.901221792116,0.925746084757));
#5204 = CARTESIAN_POINT('',(4.88334560128,0.939124576987));
#5205 = CARTESIAN_POINT('',(4.874725809361,0.945236125044));
#5206 = CARTESIAN_POINT('',(4.865843043784,0.951161072273));
#5207 = CARTESIAN_POINT('',(4.85667273621,0.956865243527));
#5208 = CARTESIAN_POINT('',(4.847192141028,0.962305276092));
#5209 = CARTESIAN_POINT('',(4.837380789459,0.967429091557));
#5210 = ( GEOMETRIC_REPRESENTATION_CONTEXT(2) 
PARAMETRIC_REPRESENTATION_CONTEXT() REPRESENTATION_CONTEXT('2D SPACE',''
  ) );
#5211 = PCURVE('',#5212,#5227);
#5212 = B_SPLINE_SURFACE_WITH_KNOTS('',6,1,(
    (#5213,#5214)
    ,(#5215,#5216)
    ,(#5217,#5218)
    ,(#5219,#5220)
    ,(#5221,#5222)
    ,(#5223,#5224)
    ,(#5225,#5226
    )),.UNSPECIFIED.,.F.,.F.,.F.,(7,7),(2,2),(1.570796326795,
    2.121328545706),(0.,1.),.PIECEWISE_BEZIER_KNOTS.);
#5213 = CARTESIAN_POINT('',(650.,95.999999994859,64.));
#5214 = CARTESIAN_POINT('',(850.,71.556325312968,47.7042168755));
#5215 = CARTESIAN_POINT('',(650.,95.999999994859,66.936171834193));
#5216 = CARTESIAN_POINT('',(850.,70.473062748684,49.329110721918));
#5217 = CARTESIAN_POINT('',(649.99999999999,95.676708708374,
    69.872343065394));
#5218 = CARTESIAN_POINT('',(850.,69.345522682164,50.924486234344));
#5219 = CARTESIAN_POINT('',(650.,95.030125123132,72.764022275118));
#5220 = CARTESIAN_POINT('',(850.,68.174710518269,52.488835205485));
#5221 = CARTESIAN_POINT('',(649.99999999999,94.068417918202,
    75.56669925198));
#5222 = CARTESIAN_POINT('',(850.,66.961700288792,54.020695189236));
#5223 = CARTESIAN_POINT('',(650.,92.807910479101,78.238166966707));
#5224 = CARTESIAN_POINT('',(850.,65.707631232131,55.518653943135));
#5225 = CARTESIAN_POINT('',(650.,91.271878948557,80.740508305749));
#5226 = CARTESIAN_POINT('',(850.,64.41370437297,56.98135387082));
#5227 = DEFINITIONAL_REPRESENTATION('',(#5228),#5261);
#5228 = B_SPLINE_CURVE_WITH_KNOTS('',6,(#5229,#5230,#5231,#5232,#5233,
    #5234,#5235,#5236,#5237,#5238,#5239,#5240,#5241,#5242,#5243,#5244,
    #5245,#5246,#5247,#5248,#5249,#5250,#5251,#5252,#5253,#5254,#5255,
    #5256,#5257,#5258,#5259,#5260),.UNSPECIFIED.,.F.,.F.,(7,5,5,5,5,5,7)
  ,(0.,0.202787177711,0.388358744903,0.5581869377,0.710855537016,
    0.864410281289,1.),.UNSPECIFIED.);
#5229 = CARTESIAN_POINT('',(1.570796326795,0.89572183994));
#5230 = CARTESIAN_POINT('',(1.584729347839,0.899225273622));
#5231 = CARTESIAN_POINT('',(1.598889060209,0.902716666088));
#5232 = CARTESIAN_POINT('',(1.613277480526,0.906195718391));
#5233 = CARTESIAN_POINT('',(1.627898713866,0.909662020115));
#5234 = CARTESIAN_POINT('',(1.642760282418,0.913114980561));
#5235 = CARTESIAN_POINT('',(1.671705520802,0.919700603626));
#5236 = CARTESIAN_POINT('',(1.68574802305,0.922835552765));
#5237 = CARTESIAN_POINT('',(1.700011601627,0.925957966594));
#5238 = CARTESIAN_POINT('',(1.714508871879,0.929066976664));
#5239 = CARTESIAN_POINT('',(1.729257208978,0.932161387673));
#5240 = CARTESIAN_POINT('',(1.758029336648,0.938056622923));
#5241 = CARTESIAN_POINT('',(1.77200823346,0.940860042664));
#5242 = CARTESIAN_POINT('',(1.786235940629,0.943648609321));
#5243 = CARTESIAN_POINT('',(1.800735062597,0.946420682329));
#5244 = CARTESIAN_POINT('',(1.815534428931,0.949174065629));
#5245 = CARTESIAN_POINT('',(1.844278998386,0.95436163869));
#5246 = CARTESIAN_POINT('',(1.858158958273,0.956799889824));
#5247 = CARTESIAN_POINT('',(1.872339046134,0.959218551489));
#5248 = CARTESIAN_POINT('',(1.8868511993,0.96161486907));
#5249 = CARTESIAN_POINT('',(1.901734113476,0.963985218923));
#5250 = CARTESIAN_POINT('',(1.932426309059,0.968678215929));
#5251 = CARTESIAN_POINT('',(1.94823893047,0.971000255065));
#5252 = CARTESIAN_POINT('',(1.964523961784,0.973286512482));
#5253 = CARTESIAN_POINT('',(1.981337197961,0.975530542032));
#5254 = CARTESIAN_POINT('',(1.998741707687,0.977723825427));
#5255 = CARTESIAN_POINT('',(2.032770303631,0.981737373112));
#5256 = CARTESIAN_POINT('',(2.049244009548,0.983570837476));
#5257 = CARTESIAN_POINT('',(2.066287677026,0.985348321699));
#5258 = CARTESIAN_POINT('',(2.083952534315,0.987059573097));
#5259 = CARTESIAN_POINT('',(2.102285746355,0.988691582764));
#5260 = CARTESIAN_POINT('',(2.121328545706,0.990228727507));
#5261 = ( GEOMETRIC_REPRESENTATION_CONTEXT(2) 
PARAMETRIC_REPRESENTATION_CONTEXT() REPRESENTATION_CONTEXT('2D SPACE',''
  ) );
#5262 = ORIENTED_EDGE('',*,*,#5263,.T.);
#5263 = EDGE_CURVE('',#5139,#5264,#5266,.T.);
#5264 = VERTEX_POINT('',#5265);
#5265 = CARTESIAN_POINT('',(850.,60.811182606598,60.811183757488));
#5266 = SURFACE_CURVE('',#5267,(#5310,#5356),.PCURVE_S1.);
#5267 = B_SPLINE_CURVE_WITH_KNOTS('',5,(#5268,#5269,#5270,#5271,#5272,
    #5273,#5274,#5275,#5276,#5277,#5278,#5279,#5280,#5281,#5282,#5283,
    #5284,#5285,#5286,#5287,#5288,#5289,#5290,#5291,#5292,#5293,#5294,
    #5295,#5296,#5297,#5298,#5299,#5300,#5301,#5302,#5303,#5304,#5305,
    #5306,#5307,#5308,#5309),.UNSPECIFIED.,.F.,.F.,(6,4,4,4,4,4,4,4,4,4,
    6),(0.,0.103607752482,0.200658957483,0.301843741517,0.402376795364,
    0.500119349616,0.602185691291,0.69814502816,0.799369665224,
    0.89637931169,1.),.UNSPECIFIED.);
#5268 = CARTESIAN_POINT('',(848.0457455014,64.676142915413,
    57.213511043006));
#5269 = CARTESIAN_POINT('',(848.18802969481,64.53239254734,
    57.338193366618));
#5270 = CARTESIAN_POINT('',(848.32608223031,64.386631885673,
    57.46537330534));
#5271 = CARTESIAN_POINT('',(848.4595313601,64.238829739336,
    57.59514434144));
#5272 = CARTESIAN_POINT('',(848.58796347304,64.088984539026,
    57.727575935609));
#5273 = CARTESIAN_POINT('',(848.82610183464,63.794874319998,
    57.989299134473));
#5274 = CARTESIAN_POINT('',(848.93647890596,63.650857982434,
    58.118257332101));
#5275 = CARTESIAN_POINT('',(849.04168324064,63.505100465371,
    58.249622865209));
#5276 = CARTESIAN_POINT('',(849.14131158144,63.357660534911,
    58.383401032205));
#5277 = CARTESIAN_POINT('',(849.33258822316,63.053270133369,
    58.661508597566));
#5278 = CARTESIAN_POINT('',(849.42371572143,62.896182285765,
    58.806044505679));
#5279 = CARTESIAN_POINT('',(849.50787528196,62.737491358918,
    58.953119712576));
#5280 = CARTESIAN_POINT('',(849.58459662684,62.577365633748,
    59.102638951493));
#5281 = CARTESIAN_POINT('',(849.72187114149,62.255746311764,
    59.40525589062));
#5282 = CARTESIAN_POINT('',(849.78252630072,62.094265842257,
    59.558326520723));
#5283 = CARTESIAN_POINT('',(849.83500414771,61.931825296174,
    59.71348213272));
#5284 = CARTESIAN_POINT('',(849.87894116654,61.768701505817,
    59.870501498812));
#5285 = CARTESIAN_POINT('',(849.94824924131,61.446281997391,
    60.183286335903));
#5286 = CARTESIAN_POINT('',(849.97410456333,61.287000589243,
    60.338970349089));
#5287 = CARTESIAN_POINT('',(849.99140957309,61.127682943138,
    60.495879189488));
#5288 = CARTESIAN_POINT('',(850.00004261577,60.968645231485,
    60.653715197854));
#5289 = CARTESIAN_POINT('',(849.99995561489,60.64477746512,
    60.977595077213));
#5290 = CARTESIAN_POINT('',(849.99045278913,60.479995352213,
    61.143699955147));
#5291 = CARTESIAN_POINT('',(849.9714910542,60.316243280787,
    61.310091450118));
#5292 = CARTESIAN_POINT('',(849.94322325559,60.153857306723,
    61.476410288086));
#5293 = CARTESIAN_POINT('',(849.87086362099,59.842037318167,
    61.79828786895));
#5294 = CARTESIAN_POINT('',(849.82781859712,59.692404724996,
    61.953900131351));
#5295 = CARTESIAN_POINT('',(849.77702235632,59.544488508161,
    62.108866942726));
#5296 = CARTESIAN_POINT('',(849.71879320579,59.398478887888,
    62.262949375505));
#5297 = CARTESIAN_POINT('',(849.58461089044,59.102661757763,
    62.57734085908));
#5298 = CARTESIAN_POINT('',(849.50785957368,58.953083503289,
    62.73752974613));
#5299 = CARTESIAN_POINT('',(849.4236642027,58.805951233747,
    62.896282673936));
#5300 = CARTESIAN_POINT('',(849.33249562463,58.661360313586,
    63.053431175482));
#5301 = CARTESIAN_POINT('',(849.14120623025,58.383260956756,
    63.357815053383));
#5302 = CARTESIAN_POINT('',(849.04161643319,58.249541937376,
    63.505190523824));
#5303 = CARTESIAN_POINT('',(848.93645560512,58.118233477821,
    63.650884999763));
#5304 = CARTESIAN_POINT('',(848.82612647577,57.98933028301,
    63.79483979539));
#5305 = CARTESIAN_POINT('',(848.58802743638,57.72764189187,
    64.088909910235));
#5306 = CARTESIAN_POINT('',(848.45958120435,57.595192811808,
    64.238774534217));
#5307 = CARTESIAN_POINT('',(848.32611660345,57.465404970863,
    64.386595593816));
#5308 = CARTESIAN_POINT('',(848.18804740445,57.338208885341,
    64.532374655296));
#5309 = CARTESIAN_POINT('',(848.04574549438,57.2135110368,
    64.676142922569));
#5310 = PCURVE('',#2324,#5311);
#5311 = DEFINITIONAL_REPRESENTATION('',(#5312),#5355);
#5312 = B_SPLINE_CURVE_WITH_KNOTS('',5,(#5313,#5314,#5315,#5316,#5317,
    #5318,#5319,#5320,#5321,#5322,#5323,#5324,#5325,#5326,#5327,#5328,
    #5329,#5330,#5331,#5332,#5333,#5334,#5335,#5336,#5337,#5338,#5339,
    #5340,#5341,#5342,#5343,#5344,#5345,#5346,#5347,#5348,#5349,#5350,
    #5351,#5352,#5353,#5354),.UNSPECIFIED.,.F.,.F.,(6,4,4,4,4,4,4,4,4,4,
    6),(0.,0.103607752482,0.200658957483,0.301843741517,0.402376795364,
    0.500119349616,0.602185691291,0.69814502816,0.799369665224,
    0.89637931169,1.),.UNSPECIFIED.);
#5313 = CARTESIAN_POINT('',(4.837380789199,0.967429091695));
#5314 = CARTESIAN_POINT('',(4.832835794282,0.969800494908));
#5315 = CARTESIAN_POINT('',(4.828217670885,0.972101370506));
#5316 = CARTESIAN_POINT('',(4.823524321476,0.974325522672));
#5317 = CARTESIAN_POINT('',(4.818754526208,0.976466057882));
#5318 = CARTESIAN_POINT('',(4.809368067113,0.980435030577));
#5319 = CARTESIAN_POINT('',(4.804760871895,0.982274648433));
#5320 = CARTESIAN_POINT('',(4.800086151583,0.984028054011));
#5321 = CARTESIAN_POINT('',(4.795344735625,0.985688526357));
#5322 = CARTESIAN_POINT('',(4.785528216177,0.988876470386));
#5323 = CARTESIAN_POINT('',(4.780447508794,0.990395262024));
#5324 = CARTESIAN_POINT('',(4.775299255495,0.991797921366));
#5325 = CARTESIAN_POINT('',(4.77008771621,0.993076610447));
#5326 = CARTESIAN_POINT('',(4.759584903366,0.995364519025));
#5327 = CARTESIAN_POINT('',(4.7542942837,0.996375438345));
#5328 = CARTESIAN_POINT('',(4.748953926486,0.997250069129));
#5329 = CARTESIAN_POINT('',(4.743571929149,0.997982352776));
#5330 = CARTESIAN_POINT('',(4.732895071424,0.999137487355));
#5331 = CARTESIAN_POINT('',(4.72760177639,0.999568409389));
#5332 = CARTESIAN_POINT('',(4.722287805134,0.999856826218));
#5333 = CARTESIAN_POINT('',(4.716963165283,1.000000710263));
#5334 = CARTESIAN_POINT('',(4.706078394767,0.999999260248));
#5335 = CARTESIAN_POINT('',(4.700518037023,0.999840879819));
#5336 = CARTESIAN_POINT('',(4.694969688707,0.999524850903));
#5337 = CARTESIAN_POINT('',(4.689444677956,0.999053720927));
#5338 = CARTESIAN_POINT('',(4.678790968115,0.997847727017));
#5339 = CARTESIAN_POINT('',(4.673658166315,0.997130309952));
#5340 = CARTESIAN_POINT('',(4.668563775485,0.996283705939));
#5341 = CARTESIAN_POINT('',(4.663514781973,0.995313220097));
#5342 = CARTESIAN_POINT('',(4.65324454578,0.993076848174));
#5343 = CARTESIAN_POINT('',(4.648028985065,0.991797659561));
#5344 = CARTESIAN_POINT('',(4.642876574359,0.990394403378));
#5345 = CARTESIAN_POINT('',(4.637791591464,0.988874927077));
#5346 = CARTESIAN_POINT('',(4.627970446152,0.985686770504));
#5347 = CARTESIAN_POINT('',(4.623228582285,0.984026940553));
#5348 = CARTESIAN_POINT('',(4.618553220941,0.982274260085));
#5349 = CARTESIAN_POINT('',(4.613945201349,0.980435441263));
#5350 = CARTESIAN_POINT('',(4.604553998091,0.976467123937));
#5351 = CARTESIAN_POINT('',(4.599780343605,0.974326353409));
#5352 = CARTESIAN_POINT('',(4.595083034915,0.972101943392));
#5353 = CARTESIAN_POINT('',(4.590460862585,0.969800790068));
#5354 = CARTESIAN_POINT('',(4.585911737627,0.967429091578));
#5355 = ( GEOMETRIC_REPRESENTATION_CONTEXT(2) 
PARAMETRIC_REPRESENTATION_CONTEXT() REPRESENTATION_CONTEXT('2D SPACE',''
  ) );
#5356 = PCURVE('',#5357,#5372);
#5357 = B_SPLINE_SURFACE_WITH_KNOTS('',6,1,(
    (#5358,#5359)
    ,(#5360,#5361)
    ,(#5362,#5363)
    ,(#5364,#5365)
    ,(#5366,#5367)
    ,(#5368,#5369)
    ,(#5370,#5371
    )),.UNSPECIFIED.,.F.,.F.,.F.,(7,7),(2,2),(2.121328545706,
    2.591060434947),(0.,1.),.PIECEWISE_BEZIER_KNOTS.);
#5358 = CARTESIAN_POINT('',(650.,91.271878948557,80.740508305749));
#5359 = CARTESIAN_POINT('',(850.,64.41370437297,56.98135387082));
#5360 = CARTESIAN_POINT('',(650.,89.961287183003,82.875586843097));
#5361 = CARTESIAN_POINT('',(850.,63.252269340851,58.294280428812));
#5362 = CARTESIAN_POINT('',(649.99999999999,88.450112663905,
    84.887539882963));
#5363 = CARTESIAN_POINT('',(850.,62.058721094341,59.578799143737));
#5364 = CARTESIAN_POINT('',(650.00000000001,86.752813399412,
    86.752813410669));
#5365 = CARTESIAN_POINT('',(850.,60.83392815651,60.833928163108));
#5366 = CARTESIAN_POINT('',(649.99999999999,84.887539871249,
    88.450112674661));
#5367 = CARTESIAN_POINT('',(850.,59.578799137006,62.058721100803));
#5368 = CARTESIAN_POINT('',(650.,82.875586830977,89.961287193218));
#5369 = CARTESIAN_POINT('',(850.,58.294280421951,63.252269347174));
#5370 = CARTESIAN_POINT('',(650.,80.740508293277,91.271878958197));
#5371 = CARTESIAN_POINT('',(850.,56.981353863833,64.413704379151));
#5372 = DEFINITIONAL_REPRESENTATION('',(#5373),#5416);
#5373 = B_SPLINE_CURVE_WITH_KNOTS('',5,(#5374,#5375,#5376,#5377,#5378,
    #5379,#5380,#5381,#5382,#5383,#5384,#5385,#5386,#5387,#5388,#5389,
    #5390,#5391,#5392,#5393,#5394,#5395,#5396,#5397,#5398,#5399,#5400,
    #5401,#5402,#5403,#5404,#5405,#5406,#5407,#5408,#5409,#5410,#5411,
    #5412,#5413,#5414,#5415),.UNSPECIFIED.,.F.,.F.,(6,4,4,4,4,4,4,4,4,4,
    6),(0.,0.103607752482,0.200658957483,0.301843741517,0.402376795364,
    0.500119349616,0.602185691291,0.69814502816,0.799369665224,
    0.89637931169,1.),.UNSPECIFIED.);
#5374 = CARTESIAN_POINT('',(2.121328545706,0.990228727507));
#5375 = CARTESIAN_POINT('',(2.129719797058,0.990940148474));
#5376 = CARTESIAN_POINT('',(2.138259363539,0.991630411152));
#5377 = CARTESIAN_POINT('',(2.146951304596,0.992297656801));
#5378 = CARTESIAN_POINT('',(2.155797915251,0.992939817365));
#5379 = CARTESIAN_POINT('',(2.173231871809,0.994130509173));
#5380 = CARTESIAN_POINT('',(2.181800083538,0.99468239453));
#5381 = CARTESIAN_POINT('',(2.190504640869,0.995208416203));
#5382 = CARTESIAN_POINT('',(2.199343760029,0.995706557907));
#5383 = CARTESIAN_POINT('',(2.217664056618,0.996662941116));
#5384 = CARTESIAN_POINT('',(2.22715653192,0.997118578607));
#5385 = CARTESIAN_POINT('',(2.236785067137,0.99753937641));
#5386 = CARTESIAN_POINT('',(2.246540977679,0.997922983134));
#5387 = CARTESIAN_POINT('',(2.266217859082,0.998609355707));
#5388 = CARTESIAN_POINT('',(2.276137504053,0.998912631504));
#5389 = CARTESIAN_POINT('',(2.28615712436,0.999175020739));
#5390 = CARTESIAN_POINT('',(2.296260340002,0.999394705833));
#5391 = CARTESIAN_POINT('',(2.3163112112,0.999741246207));
#5392 = CARTESIAN_POINT('',(2.326255717849,0.999870522817));
#5393 = CARTESIAN_POINT('',(2.336241612551,0.999957047865));
#5394 = CARTESIAN_POINT('',(2.346248747891,1.000000213079));
#5395 = CARTESIAN_POINT('',(2.366705137979,0.999999778074));
#5396 = CARTESIAN_POINT('',(2.377154812336,0.999952263946));
#5397 = CARTESIAN_POINT('',(2.387580105491,0.999857455271));
#5398 = CARTESIAN_POINT('',(2.397958161656,0.999716116278));
#5399 = CARTESIAN_POINT('',(2.417960584054,0.999354318105));
#5400 = CARTESIAN_POINT('',(2.427593211214,0.999139092986));
#5401 = CARTESIAN_POINT('',(2.43714831814,0.998885111782));
#5402 = CARTESIAN_POINT('',(2.44661179233,0.998593966029));
#5403 = CARTESIAN_POINT('',(2.465846504748,0.997923054452));
#5404 = CARTESIAN_POINT('',(2.4756062651,0.997539297868));
#5405 = CARTESIAN_POINT('',(2.485238547884,0.997118321014));
#5406 = CARTESIAN_POINT('',(2.494734659148,0.996662478123));
#5407 = CARTESIAN_POINT('',(2.513054479,0.995706031151));
#5408 = CARTESIAN_POINT('',(2.521889708544,0.995208082166));
#5409 = CARTESIAN_POINT('',(2.530590491028,0.994682278026));
#5410 = CARTESIAN_POINT('',(2.539155045239,0.994130632379));
#5411 = CARTESIAN_POINT('',(2.55658665902,0.992940137182));
#5412 = CARTESIAN_POINT('',(2.565434429141,0.992297906022));
#5413 = CARTESIAN_POINT('',(2.574127490496,0.991630583017));
#5414 = CARTESIAN_POINT('',(2.582668138751,0.990940237022));
#5415 = CARTESIAN_POINT('',(2.591060434947,0.990228727472));
#5416 = ( GEOMETRIC_REPRESENTATION_CONTEXT(2) 
PARAMETRIC_REPRESENTATION_CONTEXT() REPRESENTATION_CONTEXT('2D SPACE',''
  ) );
#5417 = ORIENTED_EDGE('',*,*,#5418,.T.);
#5418 = EDGE_CURVE('',#5264,#5419,#5421,.T.);
#5419 = VERTEX_POINT('',#5420);
#5420 = CARTESIAN_POINT('',(848.04574549438,57.2135110368,
    64.676142922569));
#5421 = SURFACE_CURVE('',#5422,(#5465,#5511),.PCURVE_S1.);
#5422 = B_SPLINE_CURVE_WITH_KNOTS('',5,(#5423,#5424,#5425,#5426,#5427,
    #5428,#5429,#5430,#5431,#5432,#5433,#5434,#5435,#5436,#5437,#5438,
    #5439,#5440,#5441,#5442,#5443,#5444,#5445,#5446,#5447,#5448,#5449,
    #5450,#5451,#5452,#5453,#5454,#5455,#5456,#5457,#5458,#5459,#5460,
    #5461,#5462,#5463,#5464),.UNSPECIFIED.,.F.,.F.,(6,4,4,4,4,4,4,4,4,4,
    6),(0.,0.103607752482,0.200658957483,0.301843741517,0.402376795364,
    0.500119349616,0.602185691291,0.69814502816,0.799369665224,
    0.89637931169,1.),.UNSPECIFIED.);
#5423 = CARTESIAN_POINT('',(848.0457455014,64.676142915413,
    57.213511043006));
#5424 = CARTESIAN_POINT('',(848.18802969481,64.53239254734,
    57.338193366618));
#5425 = CARTESIAN_POINT('',(848.32608223031,64.386631885673,
    57.46537330534));
#5426 = CARTESIAN_POINT('',(848.4595313601,64.238829739336,
    57.59514434144));
#5427 = CARTESIAN_POINT('',(848.58796347304,64.088984539026,
    57.727575935609));
#5428 = CARTESIAN_POINT('',(848.82610183464,63.794874319998,
    57.989299134473));
#5429 = CARTESIAN_POINT('',(848.93647890596,63.650857982434,
    58.118257332101));
#5430 = CARTESIAN_POINT('',(849.04168324064,63.505100465371,
    58.249622865209));
#5431 = CARTESIAN_POINT('',(849.14131158144,63.357660534911,
    58.383401032205));
#5432 = CARTESIAN_POINT('',(849.33258822316,63.053270133369,
    58.661508597566));
#5433 = CARTESIAN_POINT('',(849.42371572143,62.896182285765,
    58.806044505679));
#5434 = CARTESIAN_POINT('',(849.50787528196,62.737491358918,
    58.953119712576));
#5435 = CARTESIAN_POINT('',(849.58459662684,62.577365633748,
    59.102638951493));
#5436 = CARTESIAN_POINT('',(849.72187114149,62.255746311764,
    59.40525589062));
#5437 = CARTESIAN_POINT('',(849.78252630072,62.094265842257,
    59.558326520723));
#5438 = CARTESIAN_POINT('',(849.83500414771,61.931825296174,
    59.71348213272));
#5439 = CARTESIAN_POINT('',(849.87894116654,61.768701505817,
    59.870501498812));
#5440 = CARTESIAN_POINT('',(849.94824924131,61.446281997391,
    60.183286335903));
#5441 = CARTESIAN_POINT('',(849.97410456333,61.287000589243,
    60.338970349089));
#5442 = CARTESIAN_POINT('',(849.99140957309,61.127682943138,
    60.495879189488));
#5443 = CARTESIAN_POINT('',(850.00004261577,60.968645231485,
    60.653715197854));
#5444 = CARTESIAN_POINT('',(849.99995561489,60.64477746512,
    60.977595077213));
#5445 = CARTESIAN_POINT('',(849.99045278913,60.479995352213,
    61.143699955147));
#5446 = CARTESIAN_POINT('',(849.9714910542,60.316243280787,
    61.310091450118));
#5447 = CARTESIAN_POINT('',(849.94322325559,60.153857306723,
    61.476410288086));
#5448 = CARTESIAN_POINT('',(849.87086362099,59.842037318167,
    61.79828786895));
#5449 = CARTESIAN_POINT('',(849.82781859712,59.692404724996,
    61.953900131351));
#5450 = CARTESIAN_POINT('',(849.77702235632,59.544488508161,
    62.108866942726));
#5451 = CARTESIAN_POINT('',(849.71879320579,59.398478887888,
    62.262949375505));
#5452 = CARTESIAN_POINT('',(849.58461089044,59.102661757763,
    62.57734085908));
#5453 = CARTESIAN_POINT('',(849.50785957368,58.953083503289,
    62.73752974613));
#5454 = CARTESIAN_POINT('',(849.4236642027,58.805951233747,
    62.896282673936));
#5455 = CARTESIAN_POINT('',(849.33249562463,58.661360313586,
    63.053431175482));
#5456 = CARTESIAN_POINT('',(849.14120623025,58.383260956756,
    63.357815053383));
#5457 = CARTESIAN_POINT('',(849.04161643319,58.249541937376,
    63.505190523824));
#5458 = CARTESIAN_POINT('',(848.93645560512,58.118233477821,
    63.650884999763));
#5459 = CARTESIAN_POINT('',(848.82612647577,57.98933028301,
    63.79483979539));
#5460 = CARTESIAN_POINT('',(848.58802743638,57.72764189187,
    64.088909910235));
#5461 = CARTESIAN_POINT('',(848.45958120435,57.595192811808,
    64.238774534217));
#5462 = CARTESIAN_POINT('',(848.32611660345,57.465404970863,
    64.386595593816));
#5463 = CARTESIAN_POINT('',(848.18804740445,57.338208885341,
    64.532374655296));
#5464 = CARTESIAN_POINT('',(848.04574549438,57.2135110368,
    64.676142922569));
#5465 = PCURVE('',#2324,#5466);
#5466 = DEFINITIONAL_REPRESENTATION('',(#5467),#5510);
#5467 = B_SPLINE_CURVE_WITH_KNOTS('',5,(#5468,#5469,#5470,#5471,#5472,
    #5473,#5474,#5475,#5476,#5477,#5478,#5479,#5480,#5481,#5482,#5483,
    #5484,#5485,#5486,#5487,#5488,#5489,#5490,#5491,#5492,#5493,#5494,
    #5495,#5496,#5497,#5498,#5499,#5500,#5501,#5502,#5503,#5504,#5505,
    #5506,#5507,#5508,#5509),.UNSPECIFIED.,.F.,.F.,(6,4,4,4,4,4,4,4,4,4,
    6),(0.,0.103607752482,0.200658957483,0.301843741517,0.402376795364,
    0.500119349616,0.602185691291,0.69814502816,0.799369665224,
    0.89637931169,1.),.UNSPECIFIED.);
#5468 = CARTESIAN_POINT('',(4.837380789199,0.967429091695));
#5469 = CARTESIAN_POINT('',(4.832835794282,0.969800494908));
#5470 = CARTESIAN_POINT('',(4.828217670885,0.972101370506));
#5471 = CARTESIAN_POINT('',(4.823524321476,0.974325522672));
#5472 = CARTESIAN_POINT('',(4.818754526208,0.976466057882));
#5473 = CARTESIAN_POINT('',(4.809368067113,0.980435030577));
#5474 = CARTESIAN_POINT('',(4.804760871895,0.982274648433));
#5475 = CARTESIAN_POINT('',(4.800086151583,0.984028054011));
#5476 = CARTESIAN_POINT('',(4.795344735625,0.985688526357));
#5477 = CARTESIAN_POINT('',(4.785528216177,0.988876470386));
#5478 = CARTESIAN_POINT('',(4.780447508794,0.990395262024));
#5479 = CARTESIAN_POINT('',(4.775299255495,0.991797921366));
#5480 = CARTESIAN_POINT('',(4.77008771621,0.993076610447));
#5481 = CARTESIAN_POINT('',(4.759584903366,0.995364519025));
#5482 = CARTESIAN_POINT('',(4.7542942837,0.996375438345));
#5483 = CARTESIAN_POINT('',(4.748953926486,0.997250069129));
#5484 = CARTESIAN_POINT('',(4.743571929149,0.997982352776));
#5485 = CARTESIAN_POINT('',(4.732895071424,0.999137487355));
#5486 = CARTESIAN_POINT('',(4.72760177639,0.999568409389));
#5487 = CARTESIAN_POINT('',(4.722287805134,0.999856826218));
#5488 = CARTESIAN_POINT('',(4.716963165283,1.000000710263));
#5489 = CARTESIAN_POINT('',(4.706078394767,0.999999260248));
#5490 = CARTESIAN_POINT('',(4.700518037023,0.999840879819));
#5491 = CARTESIAN_POINT('',(4.694969688707,0.999524850903));
#5492 = CARTESIAN_POINT('',(4.689444677956,0.999053720927));
#5493 = CARTESIAN_POINT('',(4.678790968115,0.997847727017));
#5494 = CARTESIAN_POINT('',(4.673658166315,0.997130309952));
#5495 = CARTESIAN_POINT('',(4.668563775485,0.996283705939));
#5496 = CARTESIAN_POINT('',(4.663514781973,0.995313220097));
#5497 = CARTESIAN_POINT('',(4.65324454578,0.993076848174));
#5498 = CARTESIAN_POINT('',(4.648028985065,0.991797659561));
#5499 = CARTESIAN_POINT('',(4.642876574359,0.990394403378));
#5500 = CARTESIAN_POINT('',(4.637791591464,0.988874927077));
#5501 = CARTESIAN_POINT('',(4.627970446152,0.985686770504));
#5502 = CARTESIAN_POINT('',(4.623228582285,0.984026940553));
#5503 = CARTESIAN_POINT('',(4.618553220941,0.982274260085));
#5504 = CARTESIAN_POINT('',(4.613945201349,0.980435441263));
#5505 = CARTESIAN_POINT('',(4.604553998091,0.976467123937));
#5506 = CARTESIAN_POINT('',(4.599780343605,0.974326353409));
#5507 = CARTESIAN_POINT('',(4.595083034915,0.972101943392));
#5508 = CARTESIAN_POINT('',(4.590460862585,0.969800790068));
#5509 = CARTESIAN_POINT('',(4.585911737627,0.967429091578));
#5510 = ( GEOMETRIC_REPRESENTATION_CONTEXT(2) 
PARAMETRIC_REPRESENTATION_CONTEXT() REPRESENTATION_CONTEXT('2D SPACE',''
  ) );
#5511 = PCURVE('',#5512,#5527);
#5512 = B_SPLINE_SURFACE_WITH_KNOTS('',6,1,(
    (#5513,#5514)
    ,(#5515,#5516)
    ,(#5517,#5518)
    ,(#5519,#5520)
    ,(#5521,#5522)
    ,(#5523,#5524)
    ,(#5525,#5526
    )),.UNSPECIFIED.,.F.,.F.,.F.,(7,7),(2,2),(2.121328545706,
    2.591060434947),(0.,1.),.PIECEWISE_BEZIER_KNOTS.);
#5513 = CARTESIAN_POINT('',(650.,91.271878948557,80.740508305749));
#5514 = CARTESIAN_POINT('',(850.,64.41370437297,56.98135387082));
#5515 = CARTESIAN_POINT('',(650.,89.961287183003,82.875586843097));
#5516 = CARTESIAN_POINT('',(850.,63.252269340851,58.294280428812));
#5517 = CARTESIAN_POINT('',(649.99999999999,88.450112663905,
    84.887539882963));
#5518 = CARTESIAN_POINT('',(850.,62.058721094341,59.578799143737));
#5519 = CARTESIAN_POINT('',(650.00000000001,86.752813399412,
    86.752813410669));
#5520 = CARTESIAN_POINT('',(850.,60.83392815651,60.833928163108));
#5521 = CARTESIAN_POINT('',(649.99999999999,84.887539871249,
    88.450112674661));
#5522 = CARTESIAN_POINT('',(850.,59.578799137006,62.058721100803));
#5523 = CARTESIAN_POINT('',(650.,82.875586830977,89.961287193218));
#5524 = CARTESIAN_POINT('',(850.,58.294280421951,63.252269347174));
#5525 = CARTESIAN_POINT('',(650.,80.740508293277,91.271878958197));
#5526 = CARTESIAN_POINT('',(850.,56.981353863833,64.413704379151));
#5527 = DEFINITIONAL_REPRESENTATION('',(#5528),#5571);
#5528 = B_SPLINE_CURVE_WITH_KNOTS('',5,(#5529,#5530,#5531,#5532,#5533,
    #5534,#5535,#5536,#5537,#5538,#5539,#5540,#5541,#5542,#5543,#5544,
    #5545,#5546,#5547,#5548,#5549,#5550,#5551,#5552,#5553,#5554,#5555,
    #5556,#5557,#5558,#5559,#5560,#5561,#5562,#5563,#5564,#5565,#5566,
    #5567,#5568,#5569,#5570),.UNSPECIFIED.,.F.,.F.,(6,4,4,4,4,4,4,4,4,4,
    6),(0.,0.103607752482,0.200658957483,0.301843741517,0.402376795364,
    0.500119349616,0.602185691291,0.69814502816,0.799369665224,
    0.89637931169,1.),.UNSPECIFIED.);
#5529 = CARTESIAN_POINT('',(2.121328545706,0.990228727507));
#5530 = CARTESIAN_POINT('',(2.129719797058,0.990940148474));
#5531 = CARTESIAN_POINT('',(2.138259363539,0.991630411152));
#5532 = CARTESIAN_POINT('',(2.146951304596,0.992297656801));
#5533 = CARTESIAN_POINT('',(2.155797915251,0.992939817365));
#5534 = CARTESIAN_POINT('',(2.173231871809,0.994130509173));
#5535 = CARTESIAN_POINT('',(2.181800083538,0.99468239453));
#5536 = CARTESIAN_POINT('',(2.190504640869,0.995208416203));
#5537 = CARTESIAN_POINT('',(2.199343760029,0.995706557907));
#5538 = CARTESIAN_POINT('',(2.217664056618,0.996662941116));
#5539 = CARTESIAN_POINT('',(2.22715653192,0.997118578607));
#5540 = CARTESIAN_POINT('',(2.236785067137,0.99753937641));
#5541 = CARTESIAN_POINT('',(2.246540977679,0.997922983134));
#5542 = CARTESIAN_POINT('',(2.266217859082,0.998609355707));
#5543 = CARTESIAN_POINT('',(2.276137504053,0.998912631504));
#5544 = CARTESIAN_POINT('',(2.28615712436,0.999175020739));
#5545 = CARTESIAN_POINT('',(2.296260340002,0.999394705833));
#5546 = CARTESIAN_POINT('',(2.3163112112,0.999741246207));
#5547 = CARTESIAN_POINT('',(2.326255717849,0.999870522817));
#5548 = CARTESIAN_POINT('',(2.336241612551,0.999957047865));
#5549 = CARTESIAN_POINT('',(2.346248747891,1.000000213079));
#5550 = CARTESIAN_POINT('',(2.366705137979,0.999999778074));
#5551 = CARTESIAN_POINT('',(2.377154812336,0.999952263946));
#5552 = CARTESIAN_POINT('',(2.387580105491,0.999857455271));
#5553 = CARTESIAN_POINT('',(2.397958161656,0.999716116278));
#5554 = CARTESIAN_POINT('',(2.417960584054,0.999354318105));
#5555 = CARTESIAN_POINT('',(2.427593211214,0.999139092986));
#5556 = CARTESIAN_POINT('',(2.43714831814,0.998885111782));
#5557 = CARTESIAN_POINT('',(2.44661179233,0.998593966029));
#5558 = CARTESIAN_POINT('',(2.465846504748,0.997923054452));
#5559 = CARTESIAN_POINT('',(2.4756062651,0.997539297868));
#5560 = CARTESIAN_POINT('',(2.485238547884,0.997118321014));
#5561 = CARTESIAN_POINT('',(2.494734659148,0.996662478123));
#5562 = CARTESIAN_POINT('',(2.513054479,0.995706031151));
#5563 = CARTESIAN_POINT('',(2.521889708544,0.995208082166));
#5564 = CARTESIAN_POINT('',(2.530590491028,0.994682278026));
#5565 = CARTESIAN_POINT('',(2.539155045239,0.994130632379));
#5566 = CARTESIAN_POINT('',(2.55658665902,0.992940137182));
#5567 = CARTESIAN_POINT('',(2.565434429141,0.992297906022));
#5568 = CARTESIAN_POINT('',(2.574127490496,0.991630583017));
#5569 = CARTESIAN_POINT('',(2.582668138751,0.990940237022));
#5570 = CARTESIAN_POINT('',(2.591060434947,0.990228727472));
#5571 = ( GEOMETRIC_REPRESENTATION_CONTEXT(2) 
PARAMETRIC_REPRESENTATION_CONTEXT() REPRESENTATION_CONTEXT('2D SPACE',''
  ) );
#5572 = ORIENTED_EDGE('',*,*,#5573,.T.);
#5573 = EDGE_CURVE('',#5419,#2164,#5574,.T.);
#5574 = SURFACE_CURVE('',#5575,(#5610,#5648),.PCURVE_S1.);
#5575 = B_SPLINE_CURVE_WITH_KNOTS('',5,(#5576,#5577,#5578,#5579,#5580,
    #5581,#5582,#5583,#5584,#5585,#5586,#5587,#5588,#5589,#5590,#5591,
    #5592,#5593,#5594,#5595,#5596,#5597,#5598,#5599,#5600,#5601,#5602,
    #5603,#5604,#5605,#5606,#5607,#5608,#5609),.UNSPECIFIED.,.F.,.F.,(6,
    4,4,4,4,4,4,4,6),(0.,6.569852619663E-02,0.137456721053,
    0.215835674375,0.300760335946,0.451329326536,0.618162441903,
    0.799968888796,1.),.UNSPECIFIED.);
#5576 = CARTESIAN_POINT('',(848.04574549438,57.2135110368,
    64.676142922569));
#5577 = CARTESIAN_POINT('',(847.8669948676,57.057014624635,
    64.856572383094));
#5578 = CARTESIAN_POINT('',(847.68154667769,56.904475411039,
    65.033809441903));
#5579 = CARTESIAN_POINT('',(847.49013103173,56.755710147838,
    65.207913729808));
#5580 = CARTESIAN_POINT('',(847.29337576974,56.610518559723,
    65.378976418309));
#5581 = CARTESIAN_POINT('',(846.87164520982,56.313766261233,
    65.730772493643));
#5582 = CARTESIAN_POINT('',(846.6457453816,56.162857921708,
    65.91093740319));
#5583 = CARTESIAN_POINT('',(846.41478884235,56.015678815848,
    66.087771669071));
#5584 = CARTESIAN_POINT('',(846.17934517988,55.871959646853,
    66.261438490155));
#5585 = CARTESIAN_POINT('',(845.67830305791,55.577958281111,
    66.618523212675));
#5586 = CARTESIAN_POINT('',(845.41193378087,55.428296244376,
    66.801359237167));
#5587 = CARTESIAN_POINT('',(845.14135991085,55.282120794724,
    66.980833567081));
#5588 = CARTESIAN_POINT('',(844.86707017514,55.13912853241,
    67.157150078538));
#5589 = CARTESIAN_POINT('',(844.28863663936,54.847266713916,
    67.518324203403));
#5590 = CARTESIAN_POINT('',(843.98391896107,54.698905097189,
    67.702663121934));
#5591 = CARTESIAN_POINT('',(843.67578407682,54.553613812607,
    67.883757836626));
#5592 = CARTESIAN_POINT('',(843.36462202243,54.411096784454,
    68.061815907453));
#5593 = CARTESIAN_POINT('',(842.49423523624,54.022867173414,
    68.54766686914));
#5594 = CARTESIAN_POINT('',(841.92920340609,53.782547975082,
    68.849342641766));
#5595 = CARTESIAN_POINT('',(841.35733077553,53.548670195915,
    69.143106650169));
#5596 = CARTESIAN_POINT('',(840.77974302124,53.32020480468,
    69.429691182636));
#5597 = CARTESIAN_POINT('',(839.5517267717,52.848278539546,
    70.019951253914));
#5598 = CARTESIAN_POINT('',(838.90019488547,52.605873748085,
    70.322116436056));
#5599 = CARTESIAN_POINT('',(838.24364921602,52.368023778005,
    70.616991857063));
#5600 = CARTESIAN_POINT('',(837.58276371427,52.134027454762,
    70.905084897447));
#5601 = CARTESIAN_POINT('',(836.19355308533,51.652023623389,
    71.493766276787));
#5602 = CARTESIAN_POINT('',(835.4645111382,51.40464820221,
    71.793149757391));
#5603 = CARTESIAN_POINT('',(834.7314556591,51.160604089646,
    72.085424982999));
#5604 = CARTESIAN_POINT('',(833.9947486628,50.919554614793,
    72.370871197536));
#5605 = CARTESIAN_POINT('',(832.44031633546,50.419196757461,
    72.956455950195));
#5606 = CARTESIAN_POINT('',(831.62187853843,50.160482541089,
    73.255196355051));
#5607 = CARTESIAN_POINT('',(830.79963298401,49.90493788941,
    73.546169233719));
#5608 = CARTESIAN_POINT('',(829.9737578456,49.652571816103,
    73.829496399624));
#5609 = CARTESIAN_POINT('',(829.14436798298,49.403511154534,
    74.105266736247));
#5610 = PCURVE('',#2324,#5611);
#5611 = DEFINITIONAL_REPRESENTATION('',(#5612),#5647);
#5612 = B_SPLINE_CURVE_WITH_KNOTS('',5,(#5613,#5614,#5615,#5616,#5617,
    #5618,#5619,#5620,#5621,#5622,#5623,#5624,#5625,#5626,#5627,#5628,
    #5629,#5630,#5631,#5632,#5633,#5634,#5635,#5636,#5637,#5638,#5639,
    #5640,#5641,#5642,#5643,#5644,#5645,#5646),.UNSPECIFIED.,.F.,.F.,(6,
    4,4,4,4,4,4,4,6),(0.,6.569852619663E-02,0.137456721053,
    0.215835674375,0.300760335946,0.451329326536,0.618162441903,
    0.799968888796,1.),.UNSPECIFIED.);
#5613 = CARTESIAN_POINT('',(4.585911737609,0.967429091568));
#5614 = CARTESIAN_POINT('',(4.580202570831,0.964449914466));
#5615 = CARTESIAN_POINT('',(4.574609258914,0.961359111294));
#5616 = CARTESIAN_POINT('',(4.569127737549,0.958168850525));
#5617 = CARTESIAN_POINT('',(4.56375314518,0.954889596165));
#5618 = CARTESIAN_POINT('',(4.55272012545,0.947860753497));
#5619 = CARTESIAN_POINT('',(4.547081402626,0.94409575636));
#5620 = CARTESIAN_POINT('',(4.541556392393,0.940246480706));
#5621 = CARTESIAN_POINT('',(4.53613789197,0.936322419665));
#5622 = CARTESIAN_POINT('',(4.525008859695,0.927971717632));
#5623 = CARTESIAN_POINT('',(4.519317599266,0.923532229681));
#5624 = CARTESIAN_POINT('',(4.513735771724,0.919022665181));
#5625 = CARTESIAN_POINT('',(4.508254911156,0.914451169586));
#5626 = CARTESIAN_POINT('',(4.497029723651,0.904810610656));
#5627 = CARTESIAN_POINT('',(4.491301683592,0.899731982685));
#5628 = CARTESIAN_POINT('',(4.485673287531,0.89459640128));
#5629 = CARTESIAN_POINT('',(4.480136097964,0.889410367041));
#5630 = CARTESIAN_POINT('',(4.465013557896,0.874903920604));
#5631 = CARTESIAN_POINT('',(4.455607833677,0.865486723435));
#5632 = CARTESIAN_POINT('',(4.4464230434,0.855955512926));
#5633 = CARTESIAN_POINT('',(4.437429424131,0.846329050354));
#5634 = CARTESIAN_POINT('',(4.418822808016,0.825862112862));
#5635 = CARTESIAN_POINT('',(4.409248243241,0.815003248091));
#5636 = CARTESIAN_POINT('',(4.399846989003,0.804060820267));
#5637 = CARTESIAN_POINT('',(4.390598368668,0.793046061905));
#5638 = CARTESIAN_POINT('',(4.371557940758,0.769892551422));
#5639 = CARTESIAN_POINT('',(4.3617920653,0.757741852303));
#5640 = CARTESIAN_POINT('',(4.352169963921,0.745524260985));
#5641 = CARTESIAN_POINT('',(4.342681140707,0.733245811047));
#5642 = CARTESIAN_POINT('',(4.323019085254,0.707338605591));
#5643 = CARTESIAN_POINT('',(4.312872683255,0.693697975641));
#5644 = CARTESIAN_POINT('',(4.302872067532,0.679993883067));
#5645 = CARTESIAN_POINT('',(4.293016135863,0.666229297427));
#5646 = CARTESIAN_POINT('',(4.283306980812,0.65240613305));
#5647 = ( GEOMETRIC_REPRESENTATION_CONTEXT(2) 
PARAMETRIC_REPRESENTATION_CONTEXT() REPRESENTATION_CONTEXT('2D SPACE',''
  ) );
#5648 = PCURVE('',#2178,#5649);
#5649 = DEFINITIONAL_REPRESENTATION('',(#5650),#5685);
#5650 = B_SPLINE_CURVE_WITH_KNOTS('',5,(#5651,#5652,#5653,#5654,#5655,
    #5656,#5657,#5658,#5659,#5660,#5661,#5662,#5663,#5664,#5665,#5666,
    #5667,#5668,#5669,#5670,#5671,#5672,#5673,#5674,#5675,#5676,#5677,
    #5678,#5679,#5680,#5681,#5682,#5683,#5684),.UNSPECIFIED.,.F.,.F.,(6,
    4,4,4,4,4,4,4,6),(0.,6.569852619663E-02,0.137456721053,
    0.215835674375,0.300760335946,0.451329326536,0.618162441903,
    0.799968888796,1.),.UNSPECIFIED.);
#5651 = CARTESIAN_POINT('',(2.591060434947,0.990228727472));
#5652 = CARTESIAN_POINT('',(2.602132645469,0.989334974338));
#5653 = CARTESIAN_POINT('',(2.612955867002,0.988407733388));
#5654 = CARTESIAN_POINT('',(2.623538394283,0.987450655159));
#5655 = CARTESIAN_POINT('',(2.633890240788,0.986466878849));
#5656 = CARTESIAN_POINT('',(2.655090624966,0.984358226049));
#5657 = CARTESIAN_POINT('',(2.66589656718,0.983228726908));
#5658 = CARTESIAN_POINT('',(2.676456016683,0.982073944212));
#5659 = CARTESIAN_POINT('',(2.686783935301,0.980896725899));
#5660 = CARTESIAN_POINT('',(2.707939358463,0.97839151529));
#5661 = CARTESIAN_POINT('',(2.718724848479,0.977059668904));
#5662 = CARTESIAN_POINT('',(2.729270825545,0.975706799554));
#5663 = CARTESIAN_POINT('',(2.739594931217,0.974335350876));
#5664 = CARTESIAN_POINT('',(2.760676678055,0.971443183197));
#5665 = CARTESIAN_POINT('',(2.771398394697,0.969919594805));
#5666 = CARTESIAN_POINT('',(2.781899033954,0.968378920384));
#5667 = CARTESIAN_POINT('',(2.792196257022,0.966823110112));
#5668 = CARTESIAN_POINT('',(2.820229956368,0.962471176181));
#5669 = CARTESIAN_POINT('',(2.837563680316,0.95964601703));
#5670 = CARTESIAN_POINT('',(2.854395491841,0.956786653878));
#5671 = CARTESIAN_POINT('',(2.870788295628,0.953898715106));
#5672 = CARTESIAN_POINT('',(2.904527003872,0.947758633859));
#5673 = CARTESIAN_POINT('',(2.921783867273,0.944500974427));
#5674 = CARTESIAN_POINT('',(2.93863209672,0.94121824608));
#5675 = CARTESIAN_POINT('',(2.955116819941,0.937913818571));
#5676 = CARTESIAN_POINT('',(2.988878051665,0.930967765427));
#5677 = CARTESIAN_POINT('',(3.006092507448,0.927322555691));
#5678 = CARTESIAN_POINT('',(3.022959516191,0.923657278296));
#5679 = CARTESIAN_POINT('',(3.039505086495,0.919973743314));
#5680 = CARTESIAN_POINT('',(3.073617095208,0.912201581677));
#5681 = CARTESIAN_POINT('',(3.091119454048,0.908109392692));
#5682 = CARTESIAN_POINT('',(3.10827728322,0.90399816492));
#5683 = CARTESIAN_POINT('',(3.12510039611,0.899868789228));
#5684 = CARTESIAN_POINT('',(3.14159265359,0.895721839915));
#5685 = ( GEOMETRIC_REPRESENTATION_CONTEXT(2) 
PARAMETRIC_REPRESENTATION_CONTEXT() REPRESENTATION_CONTEXT('2D SPACE',''
  ) );
#5686 = ADVANCED_FACE('',(#5687),#2178,.T.);
#5687 = FACE_BOUND('',#5688,.T.);
#5688 = EDGE_LOOP('',(#5689,#5711,#5712,#5713));
#5689 = ORIENTED_EDGE('',*,*,#5690,.F.);
#5690 = EDGE_CURVE('',#5419,#5691,#5693,.T.);
#5691 = VERTEX_POINT('',#5692);
#5692 = CARTESIAN_POINT('',(850.,56.981353863833,64.413704379151));
#5693 = SURFACE_CURVE('',#5694,(#5697,#5704),.PCURVE_S1.);
#5694 = B_SPLINE_CURVE_WITH_KNOTS('',1,(#5695,#5696),.UNSPECIFIED.,.F.,
  .F.,(2,2),(0.,1.),.PIECEWISE_BEZIER_KNOTS.);
#5695 = CARTESIAN_POINT('',(650.,80.740508293277,91.271878958197));
#5696 = CARTESIAN_POINT('',(850.,56.981353863833,64.413704379151));
#5697 = PCURVE('',#2178,#5698);
#5698 = DEFINITIONAL_REPRESENTATION('',(#5699),#5703);
#5699 = LINE('',#5700,#5701);
#5700 = CARTESIAN_POINT('',(2.591060434947,0.));
#5701 = VECTOR('',#5702,1.);
#5702 = DIRECTION('',(0.,1.));
#5703 = ( GEOMETRIC_REPRESENTATION_CONTEXT(2) 
PARAMETRIC_REPRESENTATION_CONTEXT() REPRESENTATION_CONTEXT('2D SPACE',''
  ) );
#5704 = PCURVE('',#5512,#5705);
#5705 = DEFINITIONAL_REPRESENTATION('',(#5706),#5710);
#5706 = LINE('',#5707,#5708);
#5707 = CARTESIAN_POINT('',(2.591060434947,0.));
#5708 = VECTOR('',#5709,1.);
#5709 = DIRECTION('',(0.,1.));
#5710 = ( GEOMETRIC_REPRESENTATION_CONTEXT(2) 
PARAMETRIC_REPRESENTATION_CONTEXT() REPRESENTATION_CONTEXT('2D SPACE',''
  ) );
#5711 = ORIENTED_EDGE('',*,*,#5573,.T.);
#5712 = ORIENTED_EDGE('',*,*,#2163,.T.);
#5713 = ORIENTED_EDGE('',*,*,#5714,.F.);
#5714 = EDGE_CURVE('',#5691,#2136,#5715,.T.);
#5715 = SURFACE_CURVE('',#5716,(#5721,#5727),.PCURVE_S1.);
#5716 = CIRCLE('',#5717,86.);
#5717 = AXIS2_PLACEMENT_3D('',#5718,#5719,#5720);
#5718 = CARTESIAN_POINT('',(850.,0.,0.));
#5719 = DIRECTION('',(1.,-0.,1.110223024625E-16));
#5720 = DIRECTION('',(1.110223024625E-16,0.,-1.));
#5721 = PCURVE('',#2178,#5722);
#5722 = DEFINITIONAL_REPRESENTATION('',(#5723),#5726);
#5723 = B_SPLINE_CURVE_WITH_KNOTS('',1,(#5724,#5725),.UNSPECIFIED.,.F.,
  .F.,(2,2),(2.417342652929,2.553590050068),.PIECEWISE_BEZIER_KNOTS.);
#5724 = CARTESIAN_POINT('',(2.591060434947,1.));
#5725 = CARTESIAN_POINT('',(3.14159265359,1.));
#5726 = ( GEOMETRIC_REPRESENTATION_CONTEXT(2) 
PARAMETRIC_REPRESENTATION_CONTEXT() REPRESENTATION_CONTEXT('2D SPACE',''
  ) );
#5727 = PCURVE('',#2151,#5728);
#5728 = DEFINITIONAL_REPRESENTATION('',(#5729),#5733);
#5729 = LINE('',#5730,#5731);
#5730 = CARTESIAN_POINT('',(0.,0.));
#5731 = VECTOR('',#5732,1.);
#5732 = DIRECTION('',(1.,0.));
#5733 = ( GEOMETRIC_REPRESENTATION_CONTEXT(2) 
PARAMETRIC_REPRESENTATION_CONTEXT() REPRESENTATION_CONTEXT('2D SPACE',''
  ) );
#5734 = ADVANCED_FACE('',(#5735),#2151,.T.);
#5735 = FACE_BOUND('',#5736,.T.);
#5736 = EDGE_LOOP('',(#5737,#5762,#5785,#5806,#5827,#5828,#5829,#5852,
    #5890,#5928,#5966,#5989,#6027,#6065,#6103,#6141,#6164,#6184,#6215,
    #6216,#6239,#6277,#6315,#6353));
#5737 = ORIENTED_EDGE('',*,*,#5738,.T.);
#5738 = EDGE_CURVE('',#5739,#5741,#5743,.T.);
#5739 = VERTEX_POINT('',#5740);
#5740 = CARTESIAN_POINT('',(850.,71.556325312401,-47.70421687635));
#5741 = VERTEX_POINT('',#5742);
#5742 = CARTESIAN_POINT('',(850.,71.556325312968,47.7042168755));
#5743 = SURFACE_CURVE('',#5744,(#5749,#5756),.PCURVE_S1.);
#5744 = CIRCLE('',#5745,86.);
#5745 = AXIS2_PLACEMENT_3D('',#5746,#5747,#5748);
#5746 = CARTESIAN_POINT('',(850.,0.,0.));
#5747 = DIRECTION('',(1.,-0.,1.110223024625E-16));
#5748 = DIRECTION('',(1.110223024625E-16,0.,-1.));
#5749 = PCURVE('',#2151,#5750);
#5750 = DEFINITIONAL_REPRESENTATION('',(#5751),#5755);
#5751 = LINE('',#5752,#5753);
#5752 = CARTESIAN_POINT('',(0.,0.));
#5753 = VECTOR('',#5754,1.);
#5754 = DIRECTION('',(1.,0.));
#5755 = ( GEOMETRIC_REPRESENTATION_CONTEXT(2) 
PARAMETRIC_REPRESENTATION_CONTEXT() REPRESENTATION_CONTEXT('2D SPACE',''
  ) );
#5756 = PCURVE('',#3032,#5757);
#5757 = DEFINITIONAL_REPRESENTATION('',(#5758),#5761);
#5758 = B_SPLINE_CURVE_WITH_KNOTS('',1,(#5759,#5760),.UNSPECIFIED.,.F.,
  .F.,(2,2),(0.982793723234,2.158798930344),.PIECEWISE_BEZIER_KNOTS.);
#5759 = CARTESIAN_POINT('',(-64.,1.));
#5760 = CARTESIAN_POINT('',(64.,1.));
#5761 = ( GEOMETRIC_REPRESENTATION_CONTEXT(2) 
PARAMETRIC_REPRESENTATION_CONTEXT() REPRESENTATION_CONTEXT('2D SPACE',''
  ) );
#5762 = ORIENTED_EDGE('',*,*,#5763,.T.);
#5763 = EDGE_CURVE('',#5741,#5764,#5766,.T.);
#5764 = VERTEX_POINT('',#5765);
#5765 = CARTESIAN_POINT('',(850.,64.41370437297,56.98135387082));
#5766 = SURFACE_CURVE('',#5767,(#5772,#5779),.PCURVE_S1.);
#5767 = CIRCLE('',#5768,86.);
#5768 = AXIS2_PLACEMENT_3D('',#5769,#5770,#5771);
#5769 = CARTESIAN_POINT('',(850.,0.,0.));
#5770 = DIRECTION('',(1.,-0.,1.110223024625E-16));
#5771 = DIRECTION('',(1.110223024625E-16,0.,-1.));
#5772 = PCURVE('',#2151,#5773);
#5773 = DEFINITIONAL_REPRESENTATION('',(#5774),#5778);
#5774 = LINE('',#5775,#5776);
#5775 = CARTESIAN_POINT('',(0.,0.));
#5776 = VECTOR('',#5777,1.);
#5777 = DIRECTION('',(1.,0.));
#5778 = ( GEOMETRIC_REPRESENTATION_CONTEXT(2) 
PARAMETRIC_REPRESENTATION_CONTEXT() REPRESENTATION_CONTEXT('2D SPACE',''
  ) );
#5779 = PCURVE('',#5212,#5780);
#5780 = DEFINITIONAL_REPRESENTATION('',(#5781),#5784);
#5781 = B_SPLINE_CURVE_WITH_KNOTS('',1,(#5782,#5783),.UNSPECIFIED.,.F.,
  .F.,(2,2),(2.158798930344,2.295046327564),.PIECEWISE_BEZIER_KNOTS.);
#5782 = CARTESIAN_POINT('',(1.570796326795,1.));
#5783 = CARTESIAN_POINT('',(2.121328545706,1.));
#5784 = ( GEOMETRIC_REPRESENTATION_CONTEXT(2) 
PARAMETRIC_REPRESENTATION_CONTEXT() REPRESENTATION_CONTEXT('2D SPACE',''
  ) );
#5785 = ORIENTED_EDGE('',*,*,#5786,.T.);
#5786 = EDGE_CURVE('',#5764,#5264,#5787,.T.);
#5787 = SURFACE_CURVE('',#5788,(#5793,#5800),.PCURVE_S1.);
#5788 = CIRCLE('',#5789,86.);
#5789 = AXIS2_PLACEMENT_3D('',#5790,#5791,#5792);
#5790 = CARTESIAN_POINT('',(850.,0.,0.));
#5791 = DIRECTION('',(1.,-0.,1.110223024625E-16));
#5792 = DIRECTION('',(1.110223024625E-16,0.,-1.));
#5793 = PCURVE('',#2151,#5794);
#5794 = DEFINITIONAL_REPRESENTATION('',(#5795),#5799);
#5795 = LINE('',#5796,#5797);
#5796 = CARTESIAN_POINT('',(0.,0.));
#5797 = VECTOR('',#5798,1.);
#5798 = DIRECTION('',(1.,0.));
#5799 = ( GEOMETRIC_REPRESENTATION_CONTEXT(2) 
PARAMETRIC_REPRESENTATION_CONTEXT() REPRESENTATION_CONTEXT('2D SPACE',''
  ) );
#5800 = PCURVE('',#5357,#5801);
#5801 = DEFINITIONAL_REPRESENTATION('',(#5802),#5805);
#5802 = B_SPLINE_CURVE_WITH_KNOTS('',1,(#5803,#5804),.UNSPECIFIED.,.F.,
  .F.,(2,2),(2.295046327564,2.417342652929),.PIECEWISE_BEZIER_KNOTS.);
#5803 = CARTESIAN_POINT('',(2.121328545706,1.));
#5804 = CARTESIAN_POINT('',(2.591060434947,1.));
#5805 = ( GEOMETRIC_REPRESENTATION_CONTEXT(2) 
PARAMETRIC_REPRESENTATION_CONTEXT() REPRESENTATION_CONTEXT('2D SPACE',''
  ) );
#5806 = ORIENTED_EDGE('',*,*,#5807,.T.);
#5807 = EDGE_CURVE('',#5264,#5691,#5808,.T.);
#5808 = SURFACE_CURVE('',#5809,(#5814,#5821),.PCURVE_S1.);
#5809 = CIRCLE('',#5810,86.);
#5810 = AXIS2_PLACEMENT_3D('',#5811,#5812,#5813);
#5811 = CARTESIAN_POINT('',(850.,0.,0.));
#5812 = DIRECTION('',(1.,-0.,1.110223024625E-16));
#5813 = DIRECTION('',(1.110223024625E-16,0.,-1.));
#5814 = PCURVE('',#2151,#5815);
#5815 = DEFINITIONAL_REPRESENTATION('',(#5816),#5820);
#5816 = LINE('',#5817,#5818);
#5817 = CARTESIAN_POINT('',(0.,0.));
#5818 = VECTOR('',#5819,1.);
#5819 = DIRECTION('',(1.,0.));
#5820 = ( GEOMETRIC_REPRESENTATION_CONTEXT(2) 
PARAMETRIC_REPRESENTATION_CONTEXT() REPRESENTATION_CONTEXT('2D SPACE',''
  ) );
#5821 = PCURVE('',#5512,#5822);
#5822 = DEFINITIONAL_REPRESENTATION('',(#5823),#5826);
#5823 = B_SPLINE_CURVE_WITH_KNOTS('',1,(#5824,#5825),.UNSPECIFIED.,.F.,
  .F.,(2,2),(2.295046327564,2.417342652929),.PIECEWISE_BEZIER_KNOTS.);
#5824 = CARTESIAN_POINT('',(2.121328545706,1.));
#5825 = CARTESIAN_POINT('',(2.591060434947,1.));
#5826 = ( GEOMETRIC_REPRESENTATION_CONTEXT(2) 
PARAMETRIC_REPRESENTATION_CONTEXT() REPRESENTATION_CONTEXT('2D SPACE',''
  ) );
#5827 = ORIENTED_EDGE('',*,*,#5714,.T.);
#5828 = ORIENTED_EDGE('',*,*,#2135,.T.);
#5829 = ORIENTED_EDGE('',*,*,#5830,.T.);
#5830 = EDGE_CURVE('',#2099,#5831,#5833,.T.);
#5831 = VERTEX_POINT('',#5832);
#5832 = CARTESIAN_POINT('',(850.,-56.98135386927,64.413704374335));
#5833 = SURFACE_CURVE('',#5834,(#5839,#5846),.PCURVE_S1.);
#5834 = CIRCLE('',#5835,86.);
#5835 = AXIS2_PLACEMENT_3D('',#5836,#5837,#5838);
#5836 = CARTESIAN_POINT('',(850.,0.,0.));
#5837 = DIRECTION('',(1.,-0.,1.110223024625E-16));
#5838 = DIRECTION('',(1.110223024625E-16,0.,-1.));
#5839 = PCURVE('',#2151,#5840);
#5840 = DEFINITIONAL_REPRESENTATION('',(#5841),#5845);
#5841 = LINE('',#5842,#5843);
#5842 = CARTESIAN_POINT('',(0.,0.));
#5843 = VECTOR('',#5844,1.);
#5844 = DIRECTION('',(1.,0.));
#5845 = ( GEOMETRIC_REPRESENTATION_CONTEXT(2) 
PARAMETRIC_REPRESENTATION_CONTEXT() REPRESENTATION_CONTEXT('2D SPACE',''
  ) );
#5846 = PCURVE('',#2113,#5847);
#5847 = DEFINITIONAL_REPRESENTATION('',(#5848),#5851);
#5848 = B_SPLINE_CURVE_WITH_KNOTS('',1,(#5849,#5850),.UNSPECIFIED.,.F.,
  .F.,(2,2),(3.729595257134,3.865842654335),.PIECEWISE_BEZIER_KNOTS.);
#5849 = CARTESIAN_POINT('',(3.14159265359,1.));
#5850 = CARTESIAN_POINT('',(3.692124872482,1.));
#5851 = ( GEOMETRIC_REPRESENTATION_CONTEXT(2) 
PARAMETRIC_REPRESENTATION_CONTEXT() REPRESENTATION_CONTEXT('2D SPACE',''
  ) );
#5852 = ORIENTED_EDGE('',*,*,#5853,.T.);
#5853 = EDGE_CURVE('',#5831,#5854,#5856,.T.);
#5854 = VERTEX_POINT('',#5855);
#5855 = CARTESIAN_POINT('',(850.,-60.81118300998,60.811183354099));
#5856 = SURFACE_CURVE('',#5857,(#5862,#5869),.PCURVE_S1.);
#5857 = CIRCLE('',#5858,86.);
#5858 = AXIS2_PLACEMENT_3D('',#5859,#5860,#5861);
#5859 = CARTESIAN_POINT('',(850.,0.,0.));
#5860 = DIRECTION('',(1.,-0.,1.110223024625E-16));
#5861 = DIRECTION('',(1.110223024625E-16,0.,-1.));
#5862 = PCURVE('',#2151,#5863);
#5863 = DEFINITIONAL_REPRESENTATION('',(#5864),#5868);
#5864 = LINE('',#5865,#5866);
#5865 = CARTESIAN_POINT('',(0.,0.));
#5866 = VECTOR('',#5867,1.);
#5867 = DIRECTION('',(1.,0.));
#5868 = ( GEOMETRIC_REPRESENTATION_CONTEXT(2) 
PARAMETRIC_REPRESENTATION_CONTEXT() REPRESENTATION_CONTEXT('2D SPACE',''
  ) );
#5869 = PCURVE('',#5870,#5885);
#5870 = B_SPLINE_SURFACE_WITH_KNOTS('',6,1,(
    (#5871,#5872)
    ,(#5873,#5874)
    ,(#5875,#5876)
    ,(#5877,#5878)
    ,(#5879,#5880)
    ,(#5881,#5882)
    ,(#5883,#5884
    )),.UNSPECIFIED.,.F.,.F.,.F.,(7,7),(2,2),(3.692124872482,
    4.161856761491),(0.,1.),.PIECEWISE_BEZIER_KNOTS.);
#5871 = CARTESIAN_POINT('',(650.,-80.74050830523,91.271878954013));
#5872 = CARTESIAN_POINT('',(850.,-56.98135386927,64.413704374335));
#5873 = CARTESIAN_POINT('',(650.,-82.87558684155,89.961287189148));
#5874 = CARTESIAN_POINT('',(850.,-58.29428042662,63.25226934284));
#5875 = CARTESIAN_POINT('',(650.,-84.88753988051,88.450112670936));
#5876 = CARTESIAN_POINT('',(850.,-59.57879914094,62.058721096986));
#5877 = CARTESIAN_POINT('',(649.99999999999,-86.75281340747,
    86.7528134075));
#5878 = CARTESIAN_POINT('',(850.,-60.83392815972,60.833928159842));
#5879 = CARTESIAN_POINT('',(650.,-88.45011267091,84.887539880543));
#5880 = CARTESIAN_POINT('',(850.,-62.05872109687,59.578799141055));
#5881 = CARTESIAN_POINT('',(649.99999999999,-89.96128718912,
    82.875586841585));
#5882 = CARTESIAN_POINT('',(850.,-63.25226934273,58.294280426744));
#5883 = CARTESIAN_POINT('',(650.,-91.27187895399,80.74050830527));
#5884 = CARTESIAN_POINT('',(850.,-64.41370437423,56.981353869396));
#5885 = DEFINITIONAL_REPRESENTATION('',(#5886),#5889);
#5886 = B_SPLINE_CURVE_WITH_KNOTS('',1,(#5887,#5888),.UNSPECIFIED.,.F.,
  .F.,(2,2),(3.865842654335,3.988138979638),.PIECEWISE_BEZIER_KNOTS.);
#5887 = CARTESIAN_POINT('',(3.692124872482,1.));
#5888 = CARTESIAN_POINT('',(4.161856761491,1.));
#5889 = ( GEOMETRIC_REPRESENTATION_CONTEXT(2) 
PARAMETRIC_REPRESENTATION_CONTEXT() REPRESENTATION_CONTEXT('2D SPACE',''
  ) );
#5890 = ORIENTED_EDGE('',*,*,#5891,.T.);
#5891 = EDGE_CURVE('',#5854,#5892,#5894,.T.);
#5892 = VERTEX_POINT('',#5893);
#5893 = CARTESIAN_POINT('',(850.,-64.41370437423,56.981353869396));
#5894 = SURFACE_CURVE('',#5895,(#5900,#5907),.PCURVE_S1.);
#5895 = CIRCLE('',#5896,86.);
#5896 = AXIS2_PLACEMENT_3D('',#5897,#5898,#5899);
#5897 = CARTESIAN_POINT('',(850.,0.,0.));
#5898 = DIRECTION('',(1.,-0.,1.110223024625E-16));
#5899 = DIRECTION('',(1.110223024625E-16,0.,-1.));
#5900 = PCURVE('',#2151,#5901);
#5901 = DEFINITIONAL_REPRESENTATION('',(#5902),#5906);
#5902 = LINE('',#5903,#5904);
#5903 = CARTESIAN_POINT('',(0.,0.));
#5904 = VECTOR('',#5905,1.);
#5905 = DIRECTION('',(1.,0.));
#5906 = ( GEOMETRIC_REPRESENTATION_CONTEXT(2) 
PARAMETRIC_REPRESENTATION_CONTEXT() REPRESENTATION_CONTEXT('2D SPACE',''
  ) );
#5907 = PCURVE('',#5908,#5923);
#5908 = B_SPLINE_SURFACE_WITH_KNOTS('',6,1,(
    (#5909,#5910)
    ,(#5911,#5912)
    ,(#5913,#5914)
    ,(#5915,#5916)
    ,(#5917,#5918)
    ,(#5919,#5920)
    ,(#5921,#5922
    )),.UNSPECIFIED.,.F.,.F.,.F.,(7,7),(2,2),(3.692124872482,
    4.161856761491),(0.,1.),.PIECEWISE_BEZIER_KNOTS.);
#5909 = CARTESIAN_POINT('',(650.,-80.74050830523,91.271878954013));
#5910 = CARTESIAN_POINT('',(850.,-56.98135386927,64.413704374335));
#5911 = CARTESIAN_POINT('',(650.,-82.87558684155,89.961287189148));
#5912 = CARTESIAN_POINT('',(850.,-58.29428042662,63.25226934284));
#5913 = CARTESIAN_POINT('',(650.,-84.88753988051,88.450112670936));
#5914 = CARTESIAN_POINT('',(850.,-59.57879914094,62.058721096986));
#5915 = CARTESIAN_POINT('',(649.99999999999,-86.75281340747,
    86.7528134075));
#5916 = CARTESIAN_POINT('',(850.,-60.83392815972,60.833928159842));
#5917 = CARTESIAN_POINT('',(650.,-88.45011267091,84.887539880543));
#5918 = CARTESIAN_POINT('',(850.,-62.05872109687,59.578799141055));
#5919 = CARTESIAN_POINT('',(649.99999999999,-89.96128718912,
    82.875586841585));
#5920 = CARTESIAN_POINT('',(850.,-63.25226934273,58.294280426744));
#5921 = CARTESIAN_POINT('',(650.,-91.27187895399,80.74050830527));
#5922 = CARTESIAN_POINT('',(850.,-64.41370437423,56.981353869396));
#5923 = DEFINITIONAL_REPRESENTATION('',(#5924),#5927);
#5924 = B_SPLINE_CURVE_WITH_KNOTS('',1,(#5925,#5926),.UNSPECIFIED.,.F.,
  .F.,(2,2),(3.865842654335,3.988138979638),.PIECEWISE_BEZIER_KNOTS.);
#5925 = CARTESIAN_POINT('',(3.692124872482,1.));
#5926 = CARTESIAN_POINT('',(4.161856761491,1.));
#5927 = ( GEOMETRIC_REPRESENTATION_CONTEXT(2) 
PARAMETRIC_REPRESENTATION_CONTEXT() REPRESENTATION_CONTEXT('2D SPACE',''
  ) );
#5928 = ORIENTED_EDGE('',*,*,#5929,.T.);
#5929 = EDGE_CURVE('',#5892,#5930,#5932,.T.);
#5930 = VERTEX_POINT('',#5931);
#5931 = CARTESIAN_POINT('',(850.,-71.55632531311,47.704216875273));
#5932 = SURFACE_CURVE('',#5933,(#5938,#5945),.PCURVE_S1.);
#5933 = CIRCLE('',#5934,86.);
#5934 = AXIS2_PLACEMENT_3D('',#5935,#5936,#5937);
#5935 = CARTESIAN_POINT('',(850.,0.,0.));
#5936 = DIRECTION('',(1.,-0.,1.110223024625E-16));
#5937 = DIRECTION('',(1.110223024625E-16,0.,-1.));
#5938 = PCURVE('',#2151,#5939);
#5939 = DEFINITIONAL_REPRESENTATION('',(#5940),#5944);
#5940 = LINE('',#5941,#5942);
#5941 = CARTESIAN_POINT('',(0.,0.));
#5942 = VECTOR('',#5943,1.);
#5943 = DIRECTION('',(1.,0.));
#5944 = ( GEOMETRIC_REPRESENTATION_CONTEXT(2) 
PARAMETRIC_REPRESENTATION_CONTEXT() REPRESENTATION_CONTEXT('2D SPACE',''
  ) );
#5945 = PCURVE('',#5946,#5961);
#5946 = B_SPLINE_SURFACE_WITH_KNOTS('',6,1,(
    (#5947,#5948)
    ,(#5949,#5950)
    ,(#5951,#5952)
    ,(#5953,#5954)
    ,(#5955,#5956)
    ,(#5957,#5958)
    ,(#5959,#5960
    )),.UNSPECIFIED.,.F.,.F.,.F.,(7,7),(2,2),(4.161856761491,
    4.712388980385),(0.,1.),.PIECEWISE_BEZIER_KNOTS.);
#5947 = CARTESIAN_POINT('',(650.,-91.27187895399,80.74050830527));
#5948 = CARTESIAN_POINT('',(850.,-64.41370437423,56.981353869396));
#5949 = CARTESIAN_POINT('',(649.99999999999,-92.80791048444,
    78.238166966281));
#5950 = CARTESIAN_POINT('',(849.99999999999,-65.70763123317,
    55.518653941886));
#5951 = CARTESIAN_POINT('',(650.,-94.06841792346,75.566699251624));
#5952 = CARTESIAN_POINT('',(850.,-66.96170028963,54.020695188173));
#5953 = CARTESIAN_POINT('',(649.99999999999,-95.03012512833,
    72.76402227484));
#5954 = CARTESIAN_POINT('',(850.,-68.17471051892,52.488835204617));
#5955 = CARTESIAN_POINT('',(650.,-95.67670871353,69.872343065207));
#5956 = CARTESIAN_POINT('',(849.99999999999,-69.34552268263,
    50.924486233681));
#5957 = CARTESIAN_POINT('',(649.99999999999,-96.,66.936171834099));
#5958 = CARTESIAN_POINT('',(850.,-70.47306274899,49.329110721469));
#5959 = CARTESIAN_POINT('',(650.,-96.,64.));
#5960 = CARTESIAN_POINT('',(850.,-71.55632531311,47.704216875273));
#5961 = DEFINITIONAL_REPRESENTATION('',(#5962),#5965);
#5962 = B_SPLINE_CURVE_WITH_KNOTS('',1,(#5963,#5964),.UNSPECIFIED.,.F.,
  .F.,(2,2),(3.988138979638,4.124386376838),.PIECEWISE_BEZIER_KNOTS.);
#5963 = CARTESIAN_POINT('',(4.161856761491,1.));
#5964 = CARTESIAN_POINT('',(4.712388980385,1.));
#5965 = ( GEOMETRIC_REPRESENTATION_CONTEXT(2) 
PARAMETRIC_REPRESENTATION_CONTEXT() REPRESENTATION_CONTEXT('2D SPACE',''
  ) );
#5966 = ORIENTED_EDGE('',*,*,#5967,.T.);
#5967 = EDGE_CURVE('',#5930,#5968,#5970,.T.);
#5968 = VERTEX_POINT('',#5969);
#5969 = CARTESIAN_POINT('',(850.,-71.55632531432,-47.70421687347));
#5970 = SURFACE_CURVE('',#5971,(#5976,#5983),.PCURVE_S1.);
#5971 = CIRCLE('',#5972,86.);
#5972 = AXIS2_PLACEMENT_3D('',#5973,#5974,#5975);
#5973 = CARTESIAN_POINT('',(850.,0.,0.));
#5974 = DIRECTION('',(1.,-0.,1.110223024625E-16));
#5975 = DIRECTION('',(1.110223024625E-16,0.,-1.));
#5976 = PCURVE('',#2151,#5977);
#5977 = DEFINITIONAL_REPRESENTATION('',(#5978),#5982);
#5978 = LINE('',#5979,#5980);
#5979 = CARTESIAN_POINT('',(0.,0.));
#5980 = VECTOR('',#5981,1.);
#5981 = DIRECTION('',(1.,0.));
#5982 = ( GEOMETRIC_REPRESENTATION_CONTEXT(2) 
PARAMETRIC_REPRESENTATION_CONTEXT() REPRESENTATION_CONTEXT('2D SPACE',''
  ) );
#5983 = PCURVE('',#3245,#5984);
#5984 = DEFINITIONAL_REPRESENTATION('',(#5985),#5988);
#5985 = B_SPLINE_CURVE_WITH_KNOTS('',1,(#5986,#5987),.UNSPECIFIED.,.F.,
  .F.,(2,2),(4.124386376838,5.300391583906),.PIECEWISE_BEZIER_KNOTS.);
#5986 = CARTESIAN_POINT('',(-64.,1.));
#5987 = CARTESIAN_POINT('',(63.999999994858,1.));
#5988 = ( GEOMETRIC_REPRESENTATION_CONTEXT(2) 
PARAMETRIC_REPRESENTATION_CONTEXT() REPRESENTATION_CONTEXT('2D SPACE',''
  ) );
#5989 = ORIENTED_EDGE('',*,*,#5990,.T.);
#5990 = EDGE_CURVE('',#5968,#5991,#5993,.T.);
#5991 = VERTEX_POINT('',#5992);
#5992 = CARTESIAN_POINT('',(850.,-64.41370437915,-56.98135386382));
#5993 = SURFACE_CURVE('',#5994,(#5999,#6006),.PCURVE_S1.);
#5994 = CIRCLE('',#5995,86.);
#5995 = AXIS2_PLACEMENT_3D('',#5996,#5997,#5998);
#5996 = CARTESIAN_POINT('',(850.,0.,0.));
#5997 = DIRECTION('',(1.,-0.,1.110223024625E-16));
#5998 = DIRECTION('',(1.110223024625E-16,0.,-1.));
#5999 = PCURVE('',#2151,#6000);
#6000 = DEFINITIONAL_REPRESENTATION('',(#6001),#6005);
#6001 = LINE('',#6002,#6003);
#6002 = CARTESIAN_POINT('',(0.,0.));
#6003 = VECTOR('',#6004,1.);
#6004 = DIRECTION('',(1.,0.));
#6005 = ( GEOMETRIC_REPRESENTATION_CONTEXT(2) 
PARAMETRIC_REPRESENTATION_CONTEXT() REPRESENTATION_CONTEXT('2D SPACE',''
  ) );
#6006 = PCURVE('',#6007,#6022);
#6007 = B_SPLINE_SURFACE_WITH_KNOTS('',6,1,(
    (#6008,#6009)
    ,(#6010,#6011)
    ,(#6012,#6013)
    ,(#6014,#6015)
    ,(#6016,#6017)
    ,(#6018,#6019)
    ,(#6020,#6021
    )),.UNSPECIFIED.,.F.,.F.,.F.,(7,7),(2,2),(4.712388980385,
    5.262921199027),(0.,1.),.PIECEWISE_BEZIER_KNOTS.);
#6008 = CARTESIAN_POINT('',(650.,-96.,-63.99999999485));
#6009 = CARTESIAN_POINT('',(850.,-71.55632531432,-47.70421687347));
#6010 = CARTESIAN_POINT('',(649.99999999999,-96.,-66.93617182761));
#6011 = CARTESIAN_POINT('',(850.,-70.47306275072,-49.32911071896));
#6012 = CARTESIAN_POINT('',(650.,-95.67670871383,-69.87234305738));
#6013 = CARTESIAN_POINT('',(850.,-69.34552268493,-50.92448623049));
#6014 = CARTESIAN_POINT('',(650.,-95.03012512922,-72.76402226573));
#6015 = CARTESIAN_POINT('',(850.,-68.17471052182,-52.48883520078));
#6016 = CARTESIAN_POINT('',(649.99999999999,-94.06841792522,
    -75.56669924136));
#6017 = CARTESIAN_POINT('',(850.,-66.96170029318,-54.02069518373));
#6018 = CARTESIAN_POINT('',(650.,-92.80791048732,-78.23816695504));
#6019 = CARTESIAN_POINT('',(850.,-65.70763123739,-55.51865393686));
#6020 = CARTESIAN_POINT('',(650.,-91.27187895819,-80.74050829327));
#6021 = CARTESIAN_POINT('',(850.,-64.41370437915,-56.98135386382));
#6022 = DEFINITIONAL_REPRESENTATION('',(#6023),#6026);
#6023 = B_SPLINE_CURVE_WITH_KNOTS('',1,(#6024,#6025),.UNSPECIFIED.,.F.,
  .F.,(2,2),(5.300391583906,5.436638981045),.PIECEWISE_BEZIER_KNOTS.);
#6024 = CARTESIAN_POINT('',(4.712388980385,1.));
#6025 = CARTESIAN_POINT('',(5.262921199027,1.));
#6026 = ( GEOMETRIC_REPRESENTATION_CONTEXT(2) 
PARAMETRIC_REPRESENTATION_CONTEXT() REPRESENTATION_CONTEXT('2D SPACE',''
  ) );
#6027 = ORIENTED_EDGE('',*,*,#6028,.T.);
#6028 = EDGE_CURVE('',#5991,#6029,#6031,.T.);
#6029 = VERTEX_POINT('',#6030);
#6030 = CARTESIAN_POINT('',(850.,-60.8111828406,-60.81118352347));
#6031 = SURFACE_CURVE('',#6032,(#6037,#6044),.PCURVE_S1.);
#6032 = CIRCLE('',#6033,86.);
#6033 = AXIS2_PLACEMENT_3D('',#6034,#6035,#6036);
#6034 = CARTESIAN_POINT('',(850.,0.,0.));
#6035 = DIRECTION('',(1.,-0.,1.110223024625E-16));
#6036 = DIRECTION('',(1.110223024625E-16,0.,-1.));
#6037 = PCURVE('',#2151,#6038);
#6038 = DEFINITIONAL_REPRESENTATION('',(#6039),#6043);
#6039 = LINE('',#6040,#6041);
#6040 = CARTESIAN_POINT('',(0.,0.));
#6041 = VECTOR('',#6042,1.);
#6042 = DIRECTION('',(1.,0.));
#6043 = ( GEOMETRIC_REPRESENTATION_CONTEXT(2) 
PARAMETRIC_REPRESENTATION_CONTEXT() REPRESENTATION_CONTEXT('2D SPACE',''
  ) );
#6044 = PCURVE('',#6045,#6060);
#6045 = B_SPLINE_SURFACE_WITH_KNOTS('',6,1,(
    (#6046,#6047)
    ,(#6048,#6049)
    ,(#6050,#6051)
    ,(#6052,#6053)
    ,(#6054,#6055)
    ,(#6056,#6057)
    ,(#6058,#6059
    )),.UNSPECIFIED.,.F.,.F.,.F.,(7,7),(2,2),(5.262921199027,
    5.732653088269),(0.,1.),.PIECEWISE_BEZIER_KNOTS.);
#6046 = CARTESIAN_POINT('',(650.,-91.27187895819,-80.74050829327));
#6047 = CARTESIAN_POINT('',(850.,-64.41370437915,-56.98135386382));
#6048 = CARTESIAN_POINT('',(650.,-89.96128719321,-82.87558683097));
#6049 = CARTESIAN_POINT('',(849.99999999999,-63.25226934717,
    -58.29428042194));
#6050 = CARTESIAN_POINT('',(649.99999999998,-88.45011267466,
    -84.88753987124));
#6051 = CARTESIAN_POINT('',(850.,-62.0587211008,-59.578799137));
#6052 = CARTESIAN_POINT('',(650.00000000001,-86.75281341067,
    -86.75281339941));
#6053 = CARTESIAN_POINT('',(850.,-60.8339281631,-60.83392815651));
#6054 = CARTESIAN_POINT('',(649.99999999999,-84.88753988296,
    -88.4501126639));
#6055 = CARTESIAN_POINT('',(849.99999999999,-59.57879914373,
    -62.05872109434));
#6056 = CARTESIAN_POINT('',(650.,-82.87558684309,-89.961287183));
#6057 = CARTESIAN_POINT('',(850.,-58.2942804288,-63.25226934085));
#6058 = CARTESIAN_POINT('',(650.,-80.74050830574,-91.27187894855));
#6059 = CARTESIAN_POINT('',(850.,-56.98135387081,-64.41370437297));
#6060 = DEFINITIONAL_REPRESENTATION('',(#6061),#6064);
#6061 = B_SPLINE_CURVE_WITH_KNOTS('',1,(#6062,#6063),.UNSPECIFIED.,.F.,
  .F.,(2,2),(5.436638981045,5.55893530641),.PIECEWISE_BEZIER_KNOTS.);
#6062 = CARTESIAN_POINT('',(5.262921199027,1.));
#6063 = CARTESIAN_POINT('',(5.732653088269,1.));
#6064 = ( GEOMETRIC_REPRESENTATION_CONTEXT(2) 
PARAMETRIC_REPRESENTATION_CONTEXT() REPRESENTATION_CONTEXT('2D SPACE',''
  ) );
#6065 = ORIENTED_EDGE('',*,*,#6066,.T.);
#6066 = EDGE_CURVE('',#6029,#6067,#6069,.T.);
#6067 = VERTEX_POINT('',#6068);
#6068 = CARTESIAN_POINT('',(850.,-56.98135387081,-64.41370437297));
#6069 = SURFACE_CURVE('',#6070,(#6075,#6082),.PCURVE_S1.);
#6070 = CIRCLE('',#6071,86.);
#6071 = AXIS2_PLACEMENT_3D('',#6072,#6073,#6074);
#6072 = CARTESIAN_POINT('',(850.,0.,0.));
#6073 = DIRECTION('',(1.,-0.,1.110223024625E-16));
#6074 = DIRECTION('',(1.110223024625E-16,0.,-1.));
#6075 = PCURVE('',#2151,#6076);
#6076 = DEFINITIONAL_REPRESENTATION('',(#6077),#6081);
#6077 = LINE('',#6078,#6079);
#6078 = CARTESIAN_POINT('',(0.,0.));
#6079 = VECTOR('',#6080,1.);
#6080 = DIRECTION('',(1.,0.));
#6081 = ( GEOMETRIC_REPRESENTATION_CONTEXT(2) 
PARAMETRIC_REPRESENTATION_CONTEXT() REPRESENTATION_CONTEXT('2D SPACE',''
  ) );
#6082 = PCURVE('',#6083,#6098);
#6083 = B_SPLINE_SURFACE_WITH_KNOTS('',6,1,(
    (#6084,#6085)
    ,(#6086,#6087)
    ,(#6088,#6089)
    ,(#6090,#6091)
    ,(#6092,#6093)
    ,(#6094,#6095)
    ,(#6096,#6097
    )),.UNSPECIFIED.,.F.,.F.,.F.,(7,7),(2,2),(5.262921199027,
    5.732653088269),(0.,1.),.PIECEWISE_BEZIER_KNOTS.);
#6084 = CARTESIAN_POINT('',(650.,-91.27187895819,-80.74050829327));
#6085 = CARTESIAN_POINT('',(850.,-64.41370437915,-56.98135386382));
#6086 = CARTESIAN_POINT('',(650.,-89.96128719321,-82.87558683097));
#6087 = CARTESIAN_POINT('',(849.99999999999,-63.25226934717,
    -58.29428042194));
#6088 = CARTESIAN_POINT('',(649.99999999998,-88.45011267466,
    -84.88753987124));
#6089 = CARTESIAN_POINT('',(850.,-62.0587211008,-59.578799137));
#6090 = CARTESIAN_POINT('',(650.00000000001,-86.75281341067,
    -86.75281339941));
#6091 = CARTESIAN_POINT('',(850.,-60.8339281631,-60.83392815651));
#6092 = CARTESIAN_POINT('',(649.99999999999,-84.88753988296,
    -88.4501126639));
#6093 = CARTESIAN_POINT('',(849.99999999999,-59.57879914373,
    -62.05872109434));
#6094 = CARTESIAN_POINT('',(650.,-82.87558684309,-89.961287183));
#6095 = CARTESIAN_POINT('',(850.,-58.2942804288,-63.25226934085));
#6096 = CARTESIAN_POINT('',(650.,-80.74050830574,-91.27187894855));
#6097 = CARTESIAN_POINT('',(850.,-56.98135387081,-64.41370437297));
#6098 = DEFINITIONAL_REPRESENTATION('',(#6099),#6102);
#6099 = B_SPLINE_CURVE_WITH_KNOTS('',1,(#6100,#6101),.UNSPECIFIED.,.F.,
  .F.,(2,2),(5.436638981045,5.55893530641),.PIECEWISE_BEZIER_KNOTS.);
#6100 = CARTESIAN_POINT('',(5.262921199027,1.));
#6101 = CARTESIAN_POINT('',(5.732653088269,1.));
#6102 = ( GEOMETRIC_REPRESENTATION_CONTEXT(2) 
PARAMETRIC_REPRESENTATION_CONTEXT() REPRESENTATION_CONTEXT('2D SPACE',''
  ) );
#6103 = ORIENTED_EDGE('',*,*,#6104,.T.);
#6104 = EDGE_CURVE('',#6067,#6105,#6107,.T.);
#6105 = VERTEX_POINT('',#6106);
#6106 = CARTESIAN_POINT('',(850.,-47.70421687547,-71.55632531298));
#6107 = SURFACE_CURVE('',#6108,(#6113,#6120),.PCURVE_S1.);
#6108 = CIRCLE('',#6109,86.);
#6109 = AXIS2_PLACEMENT_3D('',#6110,#6111,#6112);
#6110 = CARTESIAN_POINT('',(850.,0.,0.));
#6111 = DIRECTION('',(1.,-0.,1.110223024625E-16));
#6112 = DIRECTION('',(1.110223024625E-16,0.,-1.));
#6113 = PCURVE('',#2151,#6114);
#6114 = DEFINITIONAL_REPRESENTATION('',(#6115),#6119);
#6115 = LINE('',#6116,#6117);
#6116 = CARTESIAN_POINT('',(0.,0.));
#6117 = VECTOR('',#6118,1.);
#6118 = DIRECTION('',(1.,0.));
#6119 = ( GEOMETRIC_REPRESENTATION_CONTEXT(2) 
PARAMETRIC_REPRESENTATION_CONTEXT() REPRESENTATION_CONTEXT('2D SPACE',''
  ) );
#6120 = PCURVE('',#6121,#6136);
#6121 = B_SPLINE_SURFACE_WITH_KNOTS('',6,1,(
    (#6122,#6123)
    ,(#6124,#6125)
    ,(#6126,#6127)
    ,(#6128,#6129)
    ,(#6130,#6131)
    ,(#6132,#6133)
    ,(#6134,#6135
    )),.UNSPECIFIED.,.F.,.F.,.F.,(7,7),(2,2),(5.732653088269,
    6.28318530718),(0.,1.),.PIECEWISE_BEZIER_KNOTS.);
#6122 = CARTESIAN_POINT('',(650.,-80.74050830574,-91.27187894855));
#6123 = CARTESIAN_POINT('',(850.,-56.98135387081,-64.41370437297));
#6124 = CARTESIAN_POINT('',(650.,-78.2381669667,-92.8079104791));
#6125 = CARTESIAN_POINT('',(850.,-55.51865394312,-65.70763123213));
#6126 = CARTESIAN_POINT('',(649.99999999999,-75.56669925197,
    -94.0684179182));
#6127 = CARTESIAN_POINT('',(850.,-54.02069518922,-66.9617002888));
#6128 = CARTESIAN_POINT('',(650.,-72.76402227511,-95.03012512313));
#6129 = CARTESIAN_POINT('',(850.,-52.48883520547,-68.17471051828));
#6130 = CARTESIAN_POINT('',(649.99999999999,-69.87234306539,
    -95.67670870837));
#6131 = CARTESIAN_POINT('',(850.,-50.92448623432,-69.34552268217));
#6132 = CARTESIAN_POINT('',(650.,-66.93617183419,-95.99999999485));
#6133 = CARTESIAN_POINT('',(850.,-49.32911072189,-70.47306274869));
#6134 = CARTESIAN_POINT('',(650.,-64.,-95.99999999485));
#6135 = CARTESIAN_POINT('',(850.,-47.70421687547,-71.55632531298));
#6136 = DEFINITIONAL_REPRESENTATION('',(#6137),#6140);
#6137 = B_SPLINE_CURVE_WITH_KNOTS('',1,(#6138,#6139),.UNSPECIFIED.,.F.,
  .F.,(2,2),(5.55893530641,5.695182703631),.PIECEWISE_BEZIER_KNOTS.);
#6138 = CARTESIAN_POINT('',(5.732653088269,1.));
#6139 = CARTESIAN_POINT('',(6.28318530718,1.));
#6140 = ( GEOMETRIC_REPRESENTATION_CONTEXT(2) 
PARAMETRIC_REPRESENTATION_CONTEXT() REPRESENTATION_CONTEXT('2D SPACE',''
  ) );
#6141 = ORIENTED_EDGE('',*,*,#6142,.T.);
#6142 = EDGE_CURVE('',#6105,#6143,#6145,.T.);
#6143 = VERTEX_POINT('',#6144);
#6144 = CARTESIAN_POINT('',(850.,0.,-86.));
#6145 = SURFACE_CURVE('',#6146,(#6151,#6158),.PCURVE_S1.);
#6146 = CIRCLE('',#6147,86.);
#6147 = AXIS2_PLACEMENT_3D('',#6148,#6149,#6150);
#6148 = CARTESIAN_POINT('',(850.,0.,0.));
#6149 = DIRECTION('',(1.,-0.,1.110223024625E-16));
#6150 = DIRECTION('',(1.110223024625E-16,0.,-1.));
#6151 = PCURVE('',#2151,#6152);
#6152 = DEFINITIONAL_REPRESENTATION('',(#6153),#6157);
#6153 = LINE('',#6154,#6155);
#6154 = CARTESIAN_POINT('',(0.,0.));
#6155 = VECTOR('',#6156,1.);
#6156 = DIRECTION('',(1.,0.));
#6157 = ( GEOMETRIC_REPRESENTATION_CONTEXT(2) 
PARAMETRIC_REPRESENTATION_CONTEXT() REPRESENTATION_CONTEXT('2D SPACE',''
  ) );
#6158 = PCURVE('',#3582,#6159);
#6159 = DEFINITIONAL_REPRESENTATION('',(#6160),#6163);
#6160 = B_SPLINE_CURVE_WITH_KNOTS('',1,(#6161,#6162),.UNSPECIFIED.,.F.,
  .F.,(2,2),(5.695182703631,6.28318530718),.PIECEWISE_BEZIER_KNOTS.);
#6161 = CARTESIAN_POINT('',(-64.,1.));
#6162 = CARTESIAN_POINT('',(-9.556870850247E-10,1.));
#6163 = ( GEOMETRIC_REPRESENTATION_CONTEXT(2) 
PARAMETRIC_REPRESENTATION_CONTEXT() REPRESENTATION_CONTEXT('2D SPACE',''
  ) );
#6164 = ORIENTED_EDGE('',*,*,#6165,.T.);
#6165 = EDGE_CURVE('',#6143,#6166,#6168,.T.);
#6166 = VERTEX_POINT('',#6167);
#6167 = CARTESIAN_POINT('',(1.08E+03,0.,-86.));
#6168 = SEAM_CURVE('',#6169,(#6172,#6178),.PCURVE_S1.);
#6169 = B_SPLINE_CURVE_WITH_KNOTS('',1,(#6170,#6171),.UNSPECIFIED.,.F.,
  .F.,(2,2),(0.,1.),.PIECEWISE_BEZIER_KNOTS.);
#6170 = CARTESIAN_POINT('',(850.,0.,-86.));
#6171 = CARTESIAN_POINT('',(1.08E+03,0.,-86.));
#6172 = PCURVE('',#2151,#6173);
#6173 = DEFINITIONAL_REPRESENTATION('',(#6174),#6177);
#6174 = B_SPLINE_CURVE_WITH_KNOTS('',1,(#6175,#6176),.UNSPECIFIED.,.F.,
  .F.,(2,2),(0.,1.),.PIECEWISE_BEZIER_KNOTS.);
#6175 = CARTESIAN_POINT('',(0.,0.));
#6176 = CARTESIAN_POINT('',(0.,230.));
#6177 = ( GEOMETRIC_REPRESENTATION_CONTEXT(2) 
PARAMETRIC_REPRESENTATION_CONTEXT() REPRESENTATION_CONTEXT('2D SPACE',''
  ) );
#6178 = PCURVE('',#2151,#6179);
#6179 = DEFINITIONAL_REPRESENTATION('',(#6180),#6183);
#6180 = B_SPLINE_CURVE_WITH_KNOTS('',1,(#6181,#6182),.UNSPECIFIED.,.F.,
  .F.,(2,2),(0.,1.),.PIECEWISE_BEZIER_KNOTS.);
#6181 = CARTESIAN_POINT('',(6.28318530718,0.));
#6182 = CARTESIAN_POINT('',(6.28318530718,230.));
#6183 = ( GEOMETRIC_REPRESENTATION_CONTEXT(2) 
PARAMETRIC_REPRESENTATION_CONTEXT() REPRESENTATION_CONTEXT('2D SPACE',''
  ) );
#6184 = ORIENTED_EDGE('',*,*,#6185,.T.);
#6185 = EDGE_CURVE('',#6166,#6166,#6186,.T.);
#6186 = SURFACE_CURVE('',#6187,(#6192,#6199),.PCURVE_S1.);
#6187 = CIRCLE('',#6188,86.);
#6188 = AXIS2_PLACEMENT_3D('',#6189,#6190,#6191);
#6189 = CARTESIAN_POINT('',(1.08E+03,-1.68753899743E-14,
    -9.947598300641E-14));
#6190 = DIRECTION('',(-1.,0.,0.));
#6191 = DIRECTION('',(-0.,-4.8703895012E-17,-1.));
#6192 = PCURVE('',#2151,#6193);
#6193 = DEFINITIONAL_REPRESENTATION('',(#6194),#6198);
#6194 = LINE('',#6195,#6196);
#6195 = CARTESIAN_POINT('',(6.28318530718,230.));
#6196 = VECTOR('',#6197,1.);
#6197 = DIRECTION('',(-1.,-0.));
#6198 = ( GEOMETRIC_REPRESENTATION_CONTEXT(2) 
PARAMETRIC_REPRESENTATION_CONTEXT() REPRESENTATION_CONTEXT('2D SPACE',''
  ) );
#6199 = PCURVE('',#6200,#6205);
#6200 = PLANE('',#6201);
#6201 = AXIS2_PLACEMENT_3D('',#6202,#6203,#6204);
#6202 = CARTESIAN_POINT('',(1.08E+03,0.,0.));
#6203 = DIRECTION('',(1.,-0.,1.110223024625E-16));
#6204 = DIRECTION('',(1.110223024625E-16,0.,-1.));
#6205 = DEFINITIONAL_REPRESENTATION('',(#6206),#6214);
#6206 = ( BOUNDED_CURVE() B_SPLINE_CURVE(2,(#6207,#6208,#6209,#6210,
#6211,#6212,#6213),.UNSPECIFIED.,.T.,.F.) B_SPLINE_CURVE_WITH_KNOTS((1,2
    ,2,2,2,1),(-2.094395102393,0.,2.094395102393,4.188790204786,
6.28318530718,8.377580409573),.UNSPECIFIED.) CURVE() 
GEOMETRIC_REPRESENTATION_ITEM() RATIONAL_B_SPLINE_CURVE((1.,0.5,1.,0.5,
1.,0.5,1.)) REPRESENTATION_ITEM('') );
#6207 = CARTESIAN_POINT('',(86.,-2.106392494533E-14));
#6208 = CARTESIAN_POINT('',(86.,-148.9563694509));
#6209 = CARTESIAN_POINT('',(-43.,-74.47818472546));
#6210 = CARTESIAN_POINT('',(-172.,-2.956224497757E-14));
#6211 = CARTESIAN_POINT('',(-43.,74.478184725462));
#6212 = CARTESIAN_POINT('',(86.,148.95636945092));
#6213 = CARTESIAN_POINT('',(86.,-2.106392494533E-14));
#6214 = ( GEOMETRIC_REPRESENTATION_CONTEXT(2) 
PARAMETRIC_REPRESENTATION_CONTEXT() REPRESENTATION_CONTEXT('2D SPACE',''
  ) );
#6215 = ORIENTED_EDGE('',*,*,#6165,.F.);
#6216 = ORIENTED_EDGE('',*,*,#6217,.T.);
#6217 = EDGE_CURVE('',#6143,#6218,#6220,.T.);
#6218 = VERTEX_POINT('',#6219);
#6219 = CARTESIAN_POINT('',(850.,47.704216872926,-71.55632531468));
#6220 = SURFACE_CURVE('',#6221,(#6226,#6233),.PCURVE_S1.);
#6221 = CIRCLE('',#6222,86.);
#6222 = AXIS2_PLACEMENT_3D('',#6223,#6224,#6225);
#6223 = CARTESIAN_POINT('',(850.,0.,0.));
#6224 = DIRECTION('',(1.,-0.,1.110223024625E-16));
#6225 = DIRECTION('',(1.110223024625E-16,0.,-1.));
#6226 = PCURVE('',#2151,#6227);
#6227 = DEFINITIONAL_REPRESENTATION('',(#6228),#6232);
#6228 = LINE('',#6229,#6230);
#6229 = CARTESIAN_POINT('',(0.,0.));
#6230 = VECTOR('',#6231,1.);
#6231 = DIRECTION('',(1.,0.));
#6232 = ( GEOMETRIC_REPRESENTATION_CONTEXT(2) 
PARAMETRIC_REPRESENTATION_CONTEXT() REPRESENTATION_CONTEXT('2D SPACE',''
  ) );
#6233 = PCURVE('',#3542,#6234);
#6234 = DEFINITIONAL_REPRESENTATION('',(#6235),#6238);
#6235 = B_SPLINE_CURVE_WITH_KNOTS('',1,(#6236,#6237),.UNSPECIFIED.,.F.,
  .F.,(2,2),(0.,0.588002603513),.PIECEWISE_BEZIER_KNOTS.);
#6236 = CARTESIAN_POINT('',(-9.556870850247E-10,1.));
#6237 = CARTESIAN_POINT('',(63.999999994858,1.));
#6238 = ( GEOMETRIC_REPRESENTATION_CONTEXT(2) 
PARAMETRIC_REPRESENTATION_CONTEXT() REPRESENTATION_CONTEXT('2D SPACE',''
  ) );
#6239 = ORIENTED_EDGE('',*,*,#6240,.T.);
#6240 = EDGE_CURVE('',#6218,#6241,#6243,.T.);
#6241 = VERTEX_POINT('',#6242);
#6242 = CARTESIAN_POINT('',(850.,56.98135386198,-64.41370438079));
#6243 = SURFACE_CURVE('',#6244,(#6249,#6256),.PCURVE_S1.);
#6244 = CIRCLE('',#6245,86.);
#6245 = AXIS2_PLACEMENT_3D('',#6246,#6247,#6248);
#6246 = CARTESIAN_POINT('',(850.,0.,0.));
#6247 = DIRECTION('',(1.,-0.,1.110223024625E-16));
#6248 = DIRECTION('',(1.110223024625E-16,0.,-1.));
#6249 = PCURVE('',#2151,#6250);
#6250 = DEFINITIONAL_REPRESENTATION('',(#6251),#6255);
#6251 = LINE('',#6252,#6253);
#6252 = CARTESIAN_POINT('',(0.,0.));
#6253 = VECTOR('',#6254,1.);
#6254 = DIRECTION('',(1.,0.));
#6255 = ( GEOMETRIC_REPRESENTATION_CONTEXT(2) 
PARAMETRIC_REPRESENTATION_CONTEXT() REPRESENTATION_CONTEXT('2D SPACE',''
  ) );
#6256 = PCURVE('',#6257,#6272);
#6257 = B_SPLINE_SURFACE_WITH_KNOTS('',6,1,(
    (#6258,#6259)
    ,(#6260,#6261)
    ,(#6262,#6263)
    ,(#6264,#6265)
    ,(#6266,#6267)
    ,(#6268,#6269)
    ,(#6270,#6271
    )),.UNSPECIFIED.,.F.,.F.,.F.,(7,7),(2,2),(0.,0.550532218566),(0.,1.)
  ,.PIECEWISE_BEZIER_KNOTS.);
#6258 = CARTESIAN_POINT('',(650.,63.999999994858,-96.));
#6259 = CARTESIAN_POINT('',(850.,47.704216872926,-71.55632531468));
#6260 = CARTESIAN_POINT('',(650.,66.936171827209,-96.));
#6261 = CARTESIAN_POINT('',(850.,49.329110718176,-70.47306275126));
#6262 = CARTESIAN_POINT('',(649.99999999999,69.872343056568,
    -95.67670871392));
#6263 = CARTESIAN_POINT('',(849.99999999999,50.924486229478,
    -69.34552268567));
#6264 = CARTESIAN_POINT('',(650.,72.764022264534,-95.03012512948));
#6265 = CARTESIAN_POINT('',(849.99999999999,52.488835199545,
    -68.17471052276));
#6266 = CARTESIAN_POINT('',(650.,75.566699239806,-94.06841792575));
#6267 = CARTESIAN_POINT('',(850.,54.020695182274,-66.96170029434));
#6268 = CARTESIAN_POINT('',(649.99999999999,78.238166953185,
    -92.80791048819));
#6269 = CARTESIAN_POINT('',(850.,55.518653935205,-65.70763123878));
#6270 = CARTESIAN_POINT('',(650.,80.740508291188,-91.27187895948));
#6271 = CARTESIAN_POINT('',(850.,56.98135386198,-64.41370438079));
#6272 = DEFINITIONAL_REPRESENTATION('',(#6273),#6276);
#6273 = B_SPLINE_CURVE_WITH_KNOTS('',1,(#6274,#6275),.UNSPECIFIED.,.F.,
  .F.,(2,2),(0.588002603513,0.724250000632),.PIECEWISE_BEZIER_KNOTS.);
#6274 = CARTESIAN_POINT('',(0.,1.));
#6275 = CARTESIAN_POINT('',(0.550532218566,1.));
#6276 = ( GEOMETRIC_REPRESENTATION_CONTEXT(2) 
PARAMETRIC_REPRESENTATION_CONTEXT() REPRESENTATION_CONTEXT('2D SPACE',''
  ) );
#6277 = ORIENTED_EDGE('',*,*,#6278,.T.);
#6278 = EDGE_CURVE('',#6241,#6279,#6281,.T.);
#6279 = VERTEX_POINT('',#6280);
#6280 = CARTESIAN_POINT('',(850.,60.811183776637,-60.81118258745));
#6281 = SURFACE_CURVE('',#6282,(#6287,#6294),.PCURVE_S1.);
#6282 = CIRCLE('',#6283,86.);
#6283 = AXIS2_PLACEMENT_3D('',#6284,#6285,#6286);
#6284 = CARTESIAN_POINT('',(850.,0.,0.));
#6285 = DIRECTION('',(1.,-0.,1.110223024625E-16));
#6286 = DIRECTION('',(1.110223024625E-16,0.,-1.));
#6287 = PCURVE('',#2151,#6288);
#6288 = DEFINITIONAL_REPRESENTATION('',(#6289),#6293);
#6289 = LINE('',#6290,#6291);
#6290 = CARTESIAN_POINT('',(0.,0.));
#6291 = VECTOR('',#6292,1.);
#6292 = DIRECTION('',(1.,0.));
#6293 = ( GEOMETRIC_REPRESENTATION_CONTEXT(2) 
PARAMETRIC_REPRESENTATION_CONTEXT() REPRESENTATION_CONTEXT('2D SPACE',''
  ) );
#6294 = PCURVE('',#6295,#6310);
#6295 = B_SPLINE_SURFACE_WITH_KNOTS('',6,1,(
    (#6296,#6297)
    ,(#6298,#6299)
    ,(#6300,#6301)
    ,(#6302,#6303)
    ,(#6304,#6305)
    ,(#6306,#6307)
    ,(#6308,#6309
    )),.UNSPECIFIED.,.F.,.F.,.F.,(7,7),(2,2),(0.550532218566,
    1.020264107797),(0.,1.),.PIECEWISE_BEZIER_KNOTS.);
#6296 = CARTESIAN_POINT('',(650.,80.740508291188,-91.27187895948));
#6297 = CARTESIAN_POINT('',(850.,56.98135386198,-64.41370438079));
#6298 = CARTESIAN_POINT('',(650.,82.875586828943,-89.96128719469));
#6299 = CARTESIAN_POINT('',(850.,58.294280420091,-63.25226934888));
#6300 = CARTESIAN_POINT('',(649.99999999999,84.887539869291,
    -88.45011267632));
#6301 = CARTESIAN_POINT('',(850.,59.578799135142,-62.05872110259));
#6302 = CARTESIAN_POINT('',(650.,86.75281339755,-86.75281341252));
#6303 = CARTESIAN_POINT('',(850.,60.833928154644,-60.83392816497));
#6304 = CARTESIAN_POINT('',(649.99999999999,88.450112662161,
    -84.88753988499));
#6305 = CARTESIAN_POINT('',(850.,62.058721092476,-59.57879914567));
#6306 = CARTESIAN_POINT('',(650.,89.961287181396,-82.87558684529));
#6307 = CARTESIAN_POINT('',(850.,63.252269338991,-58.29428043082));
#6308 = CARTESIAN_POINT('',(650.,91.271878947107,-80.74050830811));
#6309 = CARTESIAN_POINT('',(850.,64.413704371117,-56.98135387291));
#6310 = DEFINITIONAL_REPRESENTATION('',(#6311),#6314);
#6311 = B_SPLINE_CURVE_WITH_KNOTS('',1,(#6312,#6313),.UNSPECIFIED.,.F.,
  .F.,(2,2),(0.724250000632,0.846546325993),.PIECEWISE_BEZIER_KNOTS.);
#6312 = CARTESIAN_POINT('',(0.550532218566,1.));
#6313 = CARTESIAN_POINT('',(1.020264107797,1.));
#6314 = ( GEOMETRIC_REPRESENTATION_CONTEXT(2) 
PARAMETRIC_REPRESENTATION_CONTEXT() REPRESENTATION_CONTEXT('2D SPACE',''
  ) );
#6315 = ORIENTED_EDGE('',*,*,#6316,.T.);
#6316 = EDGE_CURVE('',#6279,#6317,#6319,.T.);
#6317 = VERTEX_POINT('',#6318);
#6318 = CARTESIAN_POINT('',(850.,64.413704371117,-56.98135387291));
#6319 = SURFACE_CURVE('',#6320,(#6325,#6332),.PCURVE_S1.);
#6320 = CIRCLE('',#6321,86.);
#6321 = AXIS2_PLACEMENT_3D('',#6322,#6323,#6324);
#6322 = CARTESIAN_POINT('',(850.,0.,0.));
#6323 = DIRECTION('',(1.,-0.,1.110223024625E-16));
#6324 = DIRECTION('',(1.110223024625E-16,0.,-1.));
#6325 = PCURVE('',#2151,#6326);
#6326 = DEFINITIONAL_REPRESENTATION('',(#6327),#6331);
#6327 = LINE('',#6328,#6329);
#6328 = CARTESIAN_POINT('',(0.,0.));
#6329 = VECTOR('',#6330,1.);
#6330 = DIRECTION('',(1.,0.));
#6331 = ( GEOMETRIC_REPRESENTATION_CONTEXT(2) 
PARAMETRIC_REPRESENTATION_CONTEXT() REPRESENTATION_CONTEXT('2D SPACE',''
  ) );
#6332 = PCURVE('',#6333,#6348);
#6333 = B_SPLINE_SURFACE_WITH_KNOTS('',6,1,(
    (#6334,#6335)
    ,(#6336,#6337)
    ,(#6338,#6339)
    ,(#6340,#6341)
    ,(#6342,#6343)
    ,(#6344,#6345)
    ,(#6346,#6347
    )),.UNSPECIFIED.,.F.,.F.,.F.,(7,7),(2,2),(0.550532218566,
    1.020264107797),(0.,1.),.PIECEWISE_BEZIER_KNOTS.);
#6334 = CARTESIAN_POINT('',(650.,80.740508291188,-91.27187895948));
#6335 = CARTESIAN_POINT('',(850.,56.98135386198,-64.41370438079));
#6336 = CARTESIAN_POINT('',(650.,82.875586828943,-89.96128719469));
#6337 = CARTESIAN_POINT('',(850.,58.294280420091,-63.25226934888));
#6338 = CARTESIAN_POINT('',(649.99999999999,84.887539869291,
    -88.45011267632));
#6339 = CARTESIAN_POINT('',(850.,59.578799135142,-62.05872110259));
#6340 = CARTESIAN_POINT('',(650.,86.75281339755,-86.75281341252));
#6341 = CARTESIAN_POINT('',(850.,60.833928154644,-60.83392816497));
#6342 = CARTESIAN_POINT('',(649.99999999999,88.450112662161,
    -84.88753988499));
#6343 = CARTESIAN_POINT('',(850.,62.058721092476,-59.57879914567));
#6344 = CARTESIAN_POINT('',(650.,89.961287181396,-82.87558684529));
#6345 = CARTESIAN_POINT('',(850.,63.252269338991,-58.29428043082));
#6346 = CARTESIAN_POINT('',(650.,91.271878947107,-80.74050830811));
#6347 = CARTESIAN_POINT('',(850.,64.413704371117,-56.98135387291));
#6348 = DEFINITIONAL_REPRESENTATION('',(#6349),#6352);
#6349 = B_SPLINE_CURVE_WITH_KNOTS('',1,(#6350,#6351),.UNSPECIFIED.,.F.,
  .F.,(2,2),(0.724250000632,0.846546325993),.PIECEWISE_BEZIER_KNOTS.);
#6350 = CARTESIAN_POINT('',(0.550532218566,1.));
#6351 = CARTESIAN_POINT('',(1.020264107797,1.));
#6352 = ( GEOMETRIC_REPRESENTATION_CONTEXT(2) 
PARAMETRIC_REPRESENTATION_CONTEXT() REPRESENTATION_CONTEXT('2D SPACE',''
  ) );
#6353 = ORIENTED_EDGE('',*,*,#6354,.T.);
#6354 = EDGE_CURVE('',#6317,#5739,#6355,.T.);
#6355 = SURFACE_CURVE('',#6356,(#6361,#6368),.PCURVE_S1.);
#6356 = CIRCLE('',#6357,86.);
#6357 = AXIS2_PLACEMENT_3D('',#6358,#6359,#6360);
#6358 = CARTESIAN_POINT('',(850.,0.,0.));
#6359 = DIRECTION('',(1.,-0.,1.110223024625E-16));
#6360 = DIRECTION('',(1.110223024625E-16,0.,-1.));
#6361 = PCURVE('',#2151,#6362);
#6362 = DEFINITIONAL_REPRESENTATION('',(#6363),#6367);
#6363 = LINE('',#6364,#6365);
#6364 = CARTESIAN_POINT('',(0.,0.));
#6365 = VECTOR('',#6366,1.);
#6366 = DIRECTION('',(1.,0.));
#6367 = ( GEOMETRIC_REPRESENTATION_CONTEXT(2) 
PARAMETRIC_REPRESENTATION_CONTEXT() REPRESENTATION_CONTEXT('2D SPACE',''
  ) );
#6368 = PCURVE('',#6369,#6384);
#6369 = B_SPLINE_SURFACE_WITH_KNOTS('',6,1,(
    (#6370,#6371)
    ,(#6372,#6373)
    ,(#6374,#6375)
    ,(#6376,#6377)
    ,(#6378,#6379)
    ,(#6380,#6381)
    ,(#6382,#6383
    )),.UNSPECIFIED.,.F.,.F.,.F.,(7,7),(2,2),(1.020264107797,
    1.570796326795),(0.,1.),.PIECEWISE_BEZIER_KNOTS.);
#6370 = CARTESIAN_POINT('',(650.,91.271878947107,-80.74050830811));
#6371 = CARTESIAN_POINT('',(850.,64.413704371117,-56.98135387291));
#6372 = CARTESIAN_POINT('',(650.,92.807910478109,-78.2381669688));
#6373 = CARTESIAN_POINT('',(849.99999999999,65.707631230521,
    -55.51865394505));
#6374 = CARTESIAN_POINT('',(650.,94.068417917597,-75.56669925374));
#6375 = CARTESIAN_POINT('',(850.,66.961700287415,-54.02069519096));
#6376 = CARTESIAN_POINT('',(649.99999999999,95.030125122826,
    -72.76402227648));
#6377 = CARTESIAN_POINT('',(850.,68.174710517113,-52.488835207));
#6378 = CARTESIAN_POINT('',(650.,95.676708708273,-69.87234306631));
#6379 = CARTESIAN_POINT('',(849.99999999999,69.345522681217,
    -50.92448623565));
#6380 = CARTESIAN_POINT('',(650.,95.999999994859,-66.93617183465));
#6381 = CARTESIAN_POINT('',(850.,70.473062747934,-49.329110723));
#6382 = CARTESIAN_POINT('',(650.,95.999999994858,-64.));
#6383 = CARTESIAN_POINT('',(850.,71.556325312401,-47.70421687635));
#6384 = DEFINITIONAL_REPRESENTATION('',(#6385),#6388);
#6385 = B_SPLINE_CURVE_WITH_KNOTS('',1,(#6386,#6387),.UNSPECIFIED.,.F.,
  .F.,(2,2),(0.846546325993,0.982793723234),.PIECEWISE_BEZIER_KNOTS.);
#6386 = CARTESIAN_POINT('',(1.020264107797,1.));
#6387 = CARTESIAN_POINT('',(1.570796326795,1.));
#6388 = ( GEOMETRIC_REPRESENTATION_CONTEXT(2) 
PARAMETRIC_REPRESENTATION_CONTEXT() REPRESENTATION_CONTEXT('2D SPACE',''
  ) );
#6389 = ADVANCED_FACE('',(#6390),#2113,.T.);
#6390 = FACE_BOUND('',#6391,.T.);
#6391 = EDGE_LOOP('',(#6392,#6393,#6503,#6523));
#6392 = ORIENTED_EDGE('',*,*,#2098,.F.);
#6393 = ORIENTED_EDGE('',*,*,#6394,.T.);
#6394 = EDGE_CURVE('',#1901,#6395,#6397,.T.);
#6395 = VERTEX_POINT('',#6396);
#6396 = CARTESIAN_POINT('',(848.04574550006,-57.21351104163,
    64.676142916997));
#6397 = SURFACE_CURVE('',#6398,(#6431,#6467),.PCURVE_S1.);
#6398 = B_SPLINE_CURVE_WITH_KNOTS('',6,(#6399,#6400,#6401,#6402,#6403,
    #6404,#6405,#6406,#6407,#6408,#6409,#6410,#6411,#6412,#6413,#6414,
    #6415,#6416,#6417,#6418,#6419,#6420,#6421,#6422,#6423,#6424,#6425,
    #6426,#6427,#6428,#6429,#6430),.UNSPECIFIED.,.F.,.F.,(7,5,5,5,5,5,7)
  ,(0.,0.202787177704,0.388358744891,0.558186937685,0.710855537002,
    0.864410281279,1.),.UNSPECIFIED.);
#6399 = CARTESIAN_POINT('',(829.14436798858,-49.4035111561,
    74.105266734568));
#6400 = CARTESIAN_POINT('',(829.84505472471,-49.61392306874,
    73.872289903177));
#6401 = CARTESIAN_POINT('',(830.54333321795,-49.82659972806,
    73.63413535995));
#6402 = CARTESIAN_POINT('',(831.23914367838,-50.04147513869,
    73.390756720922));
#6403 = CARTESIAN_POINT('',(831.93240402299,-50.25852467465,
    73.142096115599));
#6404 = CARTESIAN_POINT('',(832.62299611225,-50.47778784941,
    72.88806548672));
#6405 = CARTESIAN_POINT('',(833.94012072507,-50.90218150824,
    72.3910235564));
#6406 = CARTESIAN_POINT('',(834.56711055268,-51.10693008255,
    72.148909249819));
#6407 = CARTESIAN_POINT('',(835.19159331851,-51.31373736273,
    71.902076481276));
#6408 = CARTESIAN_POINT('',(835.81339533228,-51.52275955261,
    71.650388204624));
#6409 = CARTESIAN_POINT('',(836.43227753401,-51.73423777235,
    71.3936539394));
#6410 = CARTESIAN_POINT('',(837.61132458385,-52.14463739963,
    70.891787124041));
#6411 = CARTESIAN_POINT('',(838.17200853211,-52.34309894968,
    70.647521812678));
#6412 = CARTESIAN_POINT('',(838.72972186341,-52.54419010558,
    70.398597065169));
#6413 = CARTESIAN_POINT('',(839.28413646485,-52.74825883065,
    70.144757972385));
#6414 = CARTESIAN_POINT('',(839.83481312472,-52.95576073732,
    69.885674261614));
#6415 = CARTESIAN_POINT('',(840.87232773688,-53.35745956921,
    69.382893571131));
#6416 = CARTESIAN_POINT('',(841.35997796358,-53.55087597971,
    69.140294969489));
#6417 = CARTESIAN_POINT('',(841.84371029649,-53.74799129405,
    68.892784792117));
#6418 = CARTESIAN_POINT('',(842.32297381274,-53.94932596691,
    68.639989556971));
#6419 = CARTESIAN_POINT('',(842.79704378319,-54.1555175656,
    68.381454110357));
#6420 = CARTESIAN_POINT('',(843.73564318449,-54.58043738226,
    67.850220645512));
#6421 = CARTESIAN_POINT('',(844.20005101151,-54.79921030157,
    67.577475887831));
#6422 = CARTESIAN_POINT('',(844.65730249502,-55.02451215603,
    67.297764355553));
#6423 = CARTESIAN_POINT('',(845.10610840499,-55.25728184501,
    67.010430707606));
#6424 = CARTESIAN_POINT('',(845.54476508392,-55.49859976081,
    66.714749017309));
#6425 = CARTESIAN_POINT('',(846.34747462093,-55.97156958368,
    66.140608452298));
#6426 = CARTESIAN_POINT('',(846.71416749377,-56.20100135902,
    65.864240647509));
#6427 = CARTESIAN_POINT('',(847.06966433843,-56.43899457668,
    65.580110091046));
#6428 = CARTESIAN_POINT('',(847.41191461791,-56.68647611999,
    65.287667331181));
#6429 = CARTESIAN_POINT('',(847.73831655134,-56.9443570227,
    64.986458769137));
#6430 = CARTESIAN_POINT('',(848.04574550006,-57.21351104163,
    64.676142916997));
#6431 = PCURVE('',#2113,#6432);
#6432 = DEFINITIONAL_REPRESENTATION('',(#6433),#6466);
#6433 = B_SPLINE_CURVE_WITH_KNOTS('',6,(#6434,#6435,#6436,#6437,#6438,
    #6439,#6440,#6441,#6442,#6443,#6444,#6445,#6446,#6447,#6448,#6449,
    #6450,#6451,#6452,#6453,#6454,#6455,#6456,#6457,#6458,#6459,#6460,
    #6461,#6462,#6463,#6464,#6465),.UNSPECIFIED.,.F.,.F.,(7,5,5,5,5,5,7)
  ,(0.,0.202787177704,0.388358744891,0.558186937685,0.710855537002,
    0.864410281279,1.),.UNSPECIFIED.);
#6434 = CARTESIAN_POINT('',(3.14159265359,0.895721839943));
#6435 = CARTESIAN_POINT('',(3.155525674633,0.899225273624));
#6436 = CARTESIAN_POINT('',(3.169685387003,0.90271666609));
#6437 = CARTESIAN_POINT('',(3.184073807319,0.906195718392));
#6438 = CARTESIAN_POINT('',(3.198695040658,0.909662020115));
#6439 = CARTESIAN_POINT('',(3.21355660921,0.913114980561));
#6440 = CARTESIAN_POINT('',(3.242501847593,0.919700603625));
#6441 = CARTESIAN_POINT('',(3.25654434984,0.922835552763));
#6442 = CARTESIAN_POINT('',(3.270807928416,0.925957966593));
#6443 = CARTESIAN_POINT('',(3.285305198668,0.929066976661));
#6444 = CARTESIAN_POINT('',(3.300053535766,0.93216138767));
#6445 = CARTESIAN_POINT('',(3.328825663435,0.938056622919));
#6446 = CARTESIAN_POINT('',(3.342804560247,0.940860042661));
#6447 = CARTESIAN_POINT('',(3.357032267416,0.943648609317));
#6448 = CARTESIAN_POINT('',(3.371531389383,0.946420682324));
#6449 = CARTESIAN_POINT('',(3.386330755716,0.949174065624));
#6450 = CARTESIAN_POINT('',(3.415075325171,0.954361638684));
#6451 = CARTESIAN_POINT('',(3.428955285057,0.956799889818));
#6452 = CARTESIAN_POINT('',(3.443135372918,0.959218551482));
#6453 = CARTESIAN_POINT('',(3.457647526084,0.961614869064));
#6454 = CARTESIAN_POINT('',(3.472530440259,0.963985218916));
#6455 = CARTESIAN_POINT('',(3.503222635841,0.968678215922));
#6456 = CARTESIAN_POINT('',(3.519035257252,0.971000255058));
#6457 = CARTESIAN_POINT('',(3.535320288565,0.973286512475));
#6458 = CARTESIAN_POINT('',(3.552133524742,0.975530542025));
#6459 = CARTESIAN_POINT('',(3.569538034467,0.97772382542));
#6460 = CARTESIAN_POINT('',(3.60356663041,0.981737373105));
#6461 = CARTESIAN_POINT('',(3.620040336327,0.983570837469));
#6462 = CARTESIAN_POINT('',(3.637084003804,0.985348321692));
#6463 = CARTESIAN_POINT('',(3.654748861092,0.98705957309));
#6464 = CARTESIAN_POINT('',(3.673082073132,0.988691582757));
#6465 = CARTESIAN_POINT('',(3.692124872482,0.9902287275));
#6466 = ( GEOMETRIC_REPRESENTATION_CONTEXT(2) 
PARAMETRIC_REPRESENTATION_CONTEXT() REPRESENTATION_CONTEXT('2D SPACE',''
  ) );
#6467 = PCURVE('',#2004,#6468);
#6468 = DEFINITIONAL_REPRESENTATION('',(#6469),#6502);
#6469 = B_SPLINE_CURVE_WITH_KNOTS('',6,(#6470,#6471,#6472,#6473,#6474,
    #6475,#6476,#6477,#6478,#6479,#6480,#6481,#6482,#6483,#6484,#6485,
    #6486,#6487,#6488,#6489,#6490,#6491,#6492,#6493,#6494,#6495,#6496,
    #6497,#6498,#6499,#6500,#6501),.UNSPECIFIED.,.F.,.F.,(7,5,5,5,5,5,7)
  ,(0.,0.202787177704,0.388358744891,0.558186937685,0.710855537002,
    0.864410281279,1.),.UNSPECIFIED.);
#6470 = CARTESIAN_POINT('',(5.13950229954,0.652406133199));
#6471 = CARTESIAN_POINT('',(5.13131840135,0.664084245311));
#6472 = CARTESIAN_POINT('',(5.123033903441,0.675722220365));
#6473 = CARTESIAN_POINT('',(5.114649864514,0.687319061334));
#6474 = CARTESIAN_POINT('',(5.106166223242,0.698873400322));
#6475 = CARTESIAN_POINT('',(5.097581124503,0.710383268565));
#6476 = CARTESIAN_POINT('',(5.080937172769,0.732335345418));
#6477 = CARTESIAN_POINT('',(5.07289557358,0.742785175878));
#6478 = CARTESIAN_POINT('',(5.064762014191,0.753193221975));
#6479 = CARTESIAN_POINT('',(5.056531526186,0.763556588871));
#6480 = CARTESIAN_POINT('',(5.048196722077,0.773871292234));
#6481 = CARTESIAN_POINT('',(5.032013949941,0.793522076398));
#6482 = CARTESIAN_POINT('',(5.024184787929,0.802866808869));
#6483 = CARTESIAN_POINT('',(5.016251031571,0.812162031057));
#6484 = CARTESIAN_POINT('',(5.008202361315,0.821402274414));
#6485 = CARTESIAN_POINT('',(5.000025373259,0.830580218745));
#6486 = CARTESIAN_POINT('',(4.984220417773,0.847872128948));
#6487 = CARTESIAN_POINT('',(4.976620710007,0.855999632726));
#6488 = CARTESIAN_POINT('',(4.968890175273,0.864061838275));
#6489 = CARTESIAN_POINT('',(4.961013689012,0.872049563546));
#6490 = CARTESIAN_POINT('',(4.952972831116,0.87995072972));
#6491 = CARTESIAN_POINT('',(4.936468589091,0.895594053075));
#6492 = CARTESIAN_POINT('',(4.928003850735,0.903334183525));
#6493 = CARTESIAN_POINT('',(4.919326176893,0.910955041584));
#6494 = CARTESIAN_POINT('',(4.910408876993,0.918435140083));
#6495 = CARTESIAN_POINT('',(4.901221792159,0.925746084732));
#6496 = CARTESIAN_POINT('',(4.883345601325,0.939124576962));
#6497 = CARTESIAN_POINT('',(4.874725809407,0.945236125019));
#6498 = CARTESIAN_POINT('',(4.865843043831,0.951161072249));
#6499 = CARTESIAN_POINT('',(4.856672736258,0.956865243504));
#6500 = CARTESIAN_POINT('',(4.847192141076,0.962305276068));
#6501 = CARTESIAN_POINT('',(4.837380789509,0.967429091535));
#6502 = ( GEOMETRIC_REPRESENTATION_CONTEXT(2) 
PARAMETRIC_REPRESENTATION_CONTEXT() REPRESENTATION_CONTEXT('2D SPACE',''
  ) );
#6503 = ORIENTED_EDGE('',*,*,#6504,.T.);
#6504 = EDGE_CURVE('',#6395,#5831,#6505,.T.);
#6505 = SURFACE_CURVE('',#6506,(#6509,#6516),.PCURVE_S1.);
#6506 = B_SPLINE_CURVE_WITH_KNOTS('',1,(#6507,#6508),.UNSPECIFIED.,.F.,
  .F.,(2,2),(0.,1.),.PIECEWISE_BEZIER_KNOTS.);
#6507 = CARTESIAN_POINT('',(650.,-80.74050830523,91.271878954013));
#6508 = CARTESIAN_POINT('',(850.,-56.98135386927,64.413704374335));
#6509 = PCURVE('',#2113,#6510);
#6510 = DEFINITIONAL_REPRESENTATION('',(#6511),#6515);
#6511 = LINE('',#6512,#6513);
#6512 = CARTESIAN_POINT('',(3.692124872482,0.));
#6513 = VECTOR('',#6514,1.);
#6514 = DIRECTION('',(0.,1.));
#6515 = ( GEOMETRIC_REPRESENTATION_CONTEXT(2) 
PARAMETRIC_REPRESENTATION_CONTEXT() REPRESENTATION_CONTEXT('2D SPACE',''
  ) );
#6516 = PCURVE('',#5870,#6517);
#6517 = DEFINITIONAL_REPRESENTATION('',(#6518),#6522);
#6518 = LINE('',#6519,#6520);
#6519 = CARTESIAN_POINT('',(3.692124872482,0.));
#6520 = VECTOR('',#6521,1.);
#6521 = DIRECTION('',(0.,1.));
#6522 = ( GEOMETRIC_REPRESENTATION_CONTEXT(2) 
PARAMETRIC_REPRESENTATION_CONTEXT() REPRESENTATION_CONTEXT('2D SPACE',''
  ) );
#6523 = ORIENTED_EDGE('',*,*,#5830,.F.);
#6524 = ADVANCED_FACE('',(#6525),#2004,.F.);
#6525 = FACE_BOUND('',#6526,.F.);
#6526 = EDGE_LOOP('',(#6527,#6712,#6713,#6714,#6715,#6781,#6846));
#6527 = ORIENTED_EDGE('',*,*,#6528,.T.);
#6528 = EDGE_CURVE('',#6529,#3878,#6531,.T.);
#6529 = VERTEX_POINT('',#6530);
#6530 = CARTESIAN_POINT('',(829.14436798882,-74.10526673447,
    49.40351115619));
#6531 = SURFACE_CURVE('',#6532,(#6590,#6651),.PCURVE_S1.);
#6532 = B_SPLINE_CURVE_WITH_KNOTS('',6,(#6533,#6534,#6535,#6536,#6537,
    #6538,#6539,#6540,#6541,#6542,#6543,#6544,#6545,#6546,#6547,#6548,
    #6549,#6550,#6551,#6552,#6553,#6554,#6555,#6556,#6557,#6558,#6559,
    #6560,#6561,#6562,#6563,#6564,#6565,#6566,#6567,#6568,#6569,#6570,
    #6571,#6572,#6573,#6574,#6575,#6576,#6577,#6578,#6579,#6580,#6581,
    #6582,#6583,#6584,#6585,#6586,#6587,#6588,#6589),.UNSPECIFIED.,.F.,
  .F.,(7,5,5,5,5,5,5,5,5,5,5,7),(0.,8.79630797662E-02,0.151827223783,
    0.21800631481,0.286856404915,0.359713743166,0.437384139306,
    0.522457694294,0.617819132631,0.765286549906,0.962266734956,1.),
  .UNSPECIFIED.);
#6533 = CARTESIAN_POINT('',(829.14436798882,-74.10526673447,
    49.40351115619));
#6534 = CARTESIAN_POINT('',(828.63164786384,-74.2803065243,
    49.24687335714));
#6535 = CARTESIAN_POINT('',(828.1169025086,-74.45345978812,
    49.09090884999));
#6536 = CARTESIAN_POINT('',(827.60013280244,-74.62473924838,
    48.935658854074));
#6537 = CARTESIAN_POINT('',(827.08133123375,-74.79415422623,
    48.781175284702));
#6538 = CARTESIAN_POINT('',(826.56048190001,-74.96171064156,
    48.627520753162));
#6539 = CARTESIAN_POINT('',(825.65790207605,-75.24771507092,
    48.36386531244));
#6540 = CARTESIAN_POINT('',(825.277151642,-75.36704099116,
    48.253437363543));
#6541 = CARTESIAN_POINT('',(824.89529978175,-75.48538995094,
    48.143512519667));
#6542 = CARTESIAN_POINT('',(824.51233579733,-75.60276263532,
    48.034120778025));
#6543 = CARTESIAN_POINT('',(824.12824771671,-75.71915923718,
    47.925294333399));
#6544 = CARTESIAN_POINT('',(823.34383322242,-75.95418342939,
    47.704917822052));
#6545 = CARTESIAN_POINT('',(822.9434232018,-76.07273903399,
    47.593411838341));
#6546 = CARTESIAN_POINT('',(822.54177751035,-76.19024594612,
    47.482587900951));
#6547 = CARTESIAN_POINT('',(822.13888112994,-76.3067035518,
    47.372486200416));
#6548 = CARTESIAN_POINT('',(821.73471874598,-76.42211094802,
    47.263148843869));
#6549 = CARTESIAN_POINT('',(820.90746695949,-76.65543836338,
    47.041710625766));
#6550 = CARTESIAN_POINT('',(820.48427238075,-76.77327188435,
    46.929676108469));
#6551 = CARTESIAN_POINT('',(820.05967343249,-76.8899661622,
    46.818565913713));
#6552 = CARTESIAN_POINT('',(819.633653449,-77.00551980418,
    46.708431128097));
#6553 = CARTESIAN_POINT('',(819.2061966775,-77.11993136816,
    46.599324314251));
#6554 = CARTESIAN_POINT('',(818.32341632658,-77.35305983467,
    46.376987412935));
#6555 = CARTESIAN_POINT('',(817.86791928288,-77.47163985437,
    46.263886591628));
#6556 = CARTESIAN_POINT('',(817.41077954348,-77.5889376351,
    46.15206119215));
#6557 = CARTESIAN_POINT('',(816.95198216801,-77.70495170576,
    46.041575993425));
#6558 = CARTESIAN_POINT('',(816.49151487929,-77.81968091092,
    45.93249640806));
#6559 = CARTESIAN_POINT('',(815.53669116958,-78.05406213966,
    45.710171867182));
#6560 = CARTESIAN_POINT('',(815.04210602939,-78.17353885027,
    45.597127141011));
#6561 = CARTESIAN_POINT('',(814.5456010026,-78.29155347635,
    45.485834562883));
#6562 = CARTESIAN_POINT('',(814.04716973329,-78.40810595132,
    45.37637299902));
#6563 = CARTESIAN_POINT('',(813.54681114984,-78.52319720829,
    45.268819922824));
#6564 = CARTESIAN_POINT('',(812.49437274552,-78.76129197598,
    45.047620731574));
#6565 = CARTESIAN_POINT('',(811.94190940564,-78.88400436107,
    44.934369666473));
#6566 = CARTESIAN_POINT('',(811.38714512625,-79.00496875681,
    44.823598750734));
#6567 = CARTESIAN_POINT('',(810.8300952891,-79.12419015548,
    44.715401867546));
#6568 = CARTESIAN_POINT('',(810.27078497669,-79.24167612014,
    44.609866252125));
#6569 = CARTESIAN_POINT('',(809.079806889,-79.48719636625,
    44.391847683049));
#6570 = CARTESIAN_POINT('',(808.4475675564,-79.61478859001,
    44.280066740777));
#6571 = CARTESIAN_POINT('',(807.81258264109,-79.74022790969,
    44.171840829321));
#6572 = CARTESIAN_POINT('',(807.17491709785,-79.86353456748,
    44.067265617357));
#6573 = CARTESIAN_POINT('',(806.53465212019,-79.98473524647,
    43.966415817729));
#6574 = CARTESIAN_POINT('',(804.89791450077,-80.28808460304,
    43.719220746091));
#6575 = CARTESIAN_POINT('',(803.89794824912,-80.46735318349,
    43.578123587578));
#6576 = CARTESIAN_POINT('',(802.89238075159,-80.64179014631,
    43.446229954102));
#6577 = CARTESIAN_POINT('',(801.88164748587,-80.81157005763,
    43.323558618367));
#6578 = CARTESIAN_POINT('',(800.86624698728,-80.97692294266,
    43.20991742149));
#6579 = CARTESIAN_POINT('',(798.4849758726,-81.35347665458,
    42.964518037241));
#6580 = CARTESIAN_POINT('',(797.11584058551,-81.5614399535,
    42.839482132259));
#6581 = CARTESIAN_POINT('',(795.7407358996,-81.7627088874,
    42.728673479144));
#6582 = CARTESIAN_POINT('',(794.36099196168,-81.95819343166,
    42.630169489822));
#6583 = CARTESIAN_POINT('',(792.9779301406,-82.14901944739,
    42.541024339972));
#6584 = CARTESIAN_POINT('',(791.32753874611,-82.37239165973,
    42.44117413489));
#6585 = CARTESIAN_POINT('',(791.06214258873,-82.40817828312,
    42.425318118684));
#6586 = CARTESIAN_POINT('',(790.79668142096,-82.44385064196,
    42.409630114827));
#6587 = CARTESIAN_POINT('',(790.53116441474,-82.47941805234,
    42.394080513764));
#6588 = CARTESIAN_POINT('',(790.26560082706,-82.51489002447,
    42.378638287754));
#6589 = CARTESIAN_POINT('',(790.,-82.55027626263,42.363270990876));
#6590 = PCURVE('',#2004,#6591);
#6591 = DEFINITIONAL_REPRESENTATION('',(#6592),#6650);
#6592 = B_SPLINE_CURVE_WITH_KNOTS('',6,(#6593,#6594,#6595,#6596,#6597,
    #6598,#6599,#6600,#6601,#6602,#6603,#6604,#6605,#6606,#6607,#6608,
    #6609,#6610,#6611,#6612,#6613,#6614,#6615,#6616,#6617,#6618,#6619,
    #6620,#6621,#6622,#6623,#6624,#6625,#6626,#6627,#6628,#6629,#6630,
    #6631,#6632,#6633,#6634,#6635,#6636,#6637,#6638,#6639,#6640,#6641,
    #6642,#6643,#6644,#6645,#6646,#6647,#6648,#6649),.UNSPECIFIED.,.F.,
  .F.,(7,5,5,5,5,5,5,5,5,5,5,7),(0.,8.79630797662E-02,0.151827223783,
    0.21800631481,0.286856404915,0.359713743166,0.437384139306,
    0.522457694294,0.617819132631,0.765286549906,0.962266734956,1.),
  .UNSPECIFIED.);
#6593 = CARTESIAN_POINT('',(4.283306979782,0.652406131615));
#6594 = CARTESIAN_POINT('',(4.277171080961,0.643860797938));
#6595 = CARTESIAN_POINT('',(4.271061772437,0.635281708744));
#6596 = CARTESIAN_POINT('',(4.264979494821,0.626668879974));
#6597 = CARTESIAN_POINT('',(4.258924991813,0.618022187092));
#6598 = CARTESIAN_POINT('',(4.252899310207,0.609341365085));
#6599 = CARTESIAN_POINT('',(4.242550857226,0.594298367934));
#6600 = CARTESIAN_POINT('',(4.238213810161,0.587952527367));
#6601 = CARTESIAN_POINT('',(4.23389316772,0.581588329696));
#6602 = CARTESIAN_POINT('',(4.229589506045,0.575205596622));
#6603 = CARTESIAN_POINT('',(4.22530346839,0.568804128612));
#6604 = CARTESIAN_POINT('',(4.216613366201,0.555730553707));
#6605 = CARTESIAN_POINT('',(4.212210651523,0.549057053363));
#6606 = CARTESIAN_POINT('',(4.207828411578,0.542362958506));
#6607 = CARTESIAN_POINT('',(4.203467502616,0.535648018832));
#6608 = CARTESIAN_POINT('',(4.199128846639,0.5289119791));
#6609 = CARTESIAN_POINT('',(4.190323845501,0.515124449325));
#6610 = CARTESIAN_POINT('',(4.185859409787,0.508071206346));
#6611 = CARTESIAN_POINT('',(4.181421237577,0.500994557208));
#6612 = CARTESIAN_POINT('',(4.177010504183,0.49389422415));
#6613 = CARTESIAN_POINT('',(4.172628446912,0.486769944625));
#6614 = CARTESIAN_POINT('',(4.163670981709,0.472056938776));
#6615 = CARTESIAN_POINT('',(4.159099156822,0.464465321381));
#6616 = CARTESIAN_POINT('',(4.154562433351,0.456846325725));
#6617 = CARTESIAN_POINT('',(4.150062405162,0.4491997028));
#6618 = CARTESIAN_POINT('',(4.145600717031,0.441525247988));
#6619 = CARTESIAN_POINT('',(4.136465312967,0.425611519493));
#6620 = CARTESIAN_POINT('',(4.131797045296,0.417368433823));
#6621 = CARTESIAN_POINT('',(4.127176323789,0.409093350043));
#6622 = CARTESIAN_POINT('',(4.122605220514,0.400786162222));
#6623 = CARTESIAN_POINT('',(4.118085817455,0.392446852497));
#6624 = CARTESIAN_POINT('',(4.108728958574,0.374906212425));
#6625 = CARTESIAN_POINT('',(4.103902208809,0.365698490094));
#6626 = CARTESIAN_POINT('',(4.099142724987,0.356452418771));
#6627 = CARTESIAN_POINT('',(4.094453157524,0.347168254818));
#6628 = CARTESIAN_POINT('',(4.089836039493,0.337846416278));
#6629 = CARTESIAN_POINT('',(4.080202234157,0.317996781483));
#6630 = CARTESIAN_POINT('',(4.07520470948,0.307459459273));
#6631 = CARTESIAN_POINT('',(4.070304549152,0.296876377352));
#6632 = CARTESIAN_POINT('',(4.065504747863,0.286248618298));
#6633 = CARTESIAN_POINT('',(4.060807789788,0.275577535337));
#6634 = CARTESIAN_POINT('',(4.049113907691,0.248298575013));
#6635 = CARTESIAN_POINT('',(4.042262469807,0.231632470819));
#6636 = CARTESIAN_POINT('',(4.03566798013,0.214873012527));
#6637 = CARTESIAN_POINT('',(4.029332839572,0.198027458098));
#6638 = CARTESIAN_POINT('',(4.023253456685,0.181104116455));
#6639 = CARTESIAN_POINT('',(4.009624825274,0.141416264543));
#6640 = CARTESIAN_POINT('',(4.002267064682,0.118597343092));
#6641 = CARTESIAN_POINT('',(3.995318816266,9.567893166003E-02));
#6642 = CARTESIAN_POINT('',(3.988727820893,7.268319936147E-02));
#6643 = CARTESIAN_POINT('',(3.982410334754,4.963216900998E-02));
#6644 = CARTESIAN_POINT('',(3.975069193558,2.212564576861E-02));
#6645 = CARTESIAN_POINT('',(3.973894751227,1.770237647883E-02));
#6646 = CARTESIAN_POINT('',(3.972725228704,1.327802368281E-02));
#6647 = CARTESIAN_POINT('',(3.971559759296,8.852740245751E-03));
#6648 = CARTESIAN_POINT('',(3.970397431977,4.426680450999E-03));
#6649 = CARTESIAN_POINT('',(3.969237291389,-5.684341896745E-15));
#6650 = ( GEOMETRIC_REPRESENTATION_CONTEXT(2) 
PARAMETRIC_REPRESENTATION_CONTEXT() REPRESENTATION_CONTEXT('2D SPACE',''
  ) );
#6651 = PCURVE('',#3245,#6652);
#6652 = DEFINITIONAL_REPRESENTATION('',(#6653),#6711);
#6653 = B_SPLINE_CURVE_WITH_KNOTS('',6,(#6654,#6655,#6656,#6657,#6658,
    #6659,#6660,#6661,#6662,#6663,#6664,#6665,#6666,#6667,#6668,#6669,
    #6670,#6671,#6672,#6673,#6674,#6675,#6676,#6677,#6678,#6679,#6680,
    #6681,#6682,#6683,#6684,#6685,#6686,#6687,#6688,#6689,#6690,#6691,
    #6692,#6693,#6694,#6695,#6696,#6697,#6698,#6699,#6700,#6701,#6702,
    #6703,#6704,#6705,#6706,#6707,#6708,#6709,#6710),.UNSPECIFIED.,.F.,
  .F.,(7,5,5,5,5,5,5,5,5,5,5,7),(0.,8.79630797662E-02,0.151827223783,
    0.21800631481,0.286856404915,0.359713743166,0.437384139306,
    0.522457694294,0.617819132631,0.765286549906,0.962266734956,1.),
  .UNSPECIFIED.);
#6654 = CARTESIAN_POINT('',(-64.,0.895721839944));
#6655 = CARTESIAN_POINT('',(-63.71375063277,0.893158239319));
#6656 = CARTESIAN_POINT('',(-63.42961642455,0.890584512543));
#6657 = CARTESIAN_POINT('',(-63.14762790387,0.888000664012));
#6658 = CARTESIAN_POINT('',(-62.86782940738,0.885406656169));
#6659 = CARTESIAN_POINT('',(-62.59027907989,0.8828024095));
#6660 = CARTESIAN_POINT('',(-62.11522244638,0.87828951038));
#6661 = CARTESIAN_POINT('',(-61.91661849075,0.87638575821));
#6662 = CARTESIAN_POINT('',(-61.71926412634,0.874476498909));
#6663 = CARTESIAN_POINT('',(-61.52318917586,0.872561678987));
#6664 = CARTESIAN_POINT('',(-61.32842616583,0.870641238584));
#6665 = CARTESIAN_POINT('',(-60.93458355284,0.866719166112));
#6666 = CARTESIAN_POINT('',(-60.73560313786,0.864717116009));
#6667 = CARTESIAN_POINT('',(-60.53810828293,0.862708887552));
#6668 = CARTESIAN_POINT('',(-60.34214046076,0.86069440565));
#6669 = CARTESIAN_POINT('',(-60.14774341557,0.85867359373));
#6670 = CARTESIAN_POINT('',(-59.75440227624,0.854537334797));
#6671 = CARTESIAN_POINT('',(-59.55559102779,0.852421361904));
#6672 = CARTESIAN_POINT('',(-59.35858127485,0.850298367162));
#6673 = CARTESIAN_POINT('',(-59.16342651936,0.848168267245));
#6674 = CARTESIAN_POINT('',(-58.97018190809,0.846030983388));
#6675 = CARTESIAN_POINT('',(-58.57649374068,0.841617081633));
#6676 = CARTESIAN_POINT('',(-58.37628536117,0.839339596414));
#6677 = CARTESIAN_POINT('',(-58.17834652215,0.837053897717));
#6678 = CARTESIAN_POINT('',(-57.98274515915,0.83475991084));
#6679 = CARTESIAN_POINT('',(-57.78954971505,0.832457574396));
#6680 = CARTESIAN_POINT('',(-57.3955093455,0.827683455848));
#6681 = CARTESIAN_POINT('',(-57.19500141767,0.825210530147));
#6682 = CARTESIAN_POINT('',(-56.99738918235,0.822728005013));
#6683 = CARTESIAN_POINT('',(-56.8027543603,0.820235848666));
#6684 = CARTESIAN_POINT('',(-56.61117656737,0.817734055749));
#6685 = CARTESIAN_POINT('',(-56.21632868994,0.812471863728));
#6686 = CARTESIAN_POINT('',(-56.0136830256,0.809709547028));
#6687 = CARTESIAN_POINT('',(-55.81489884389,0.806935725631));
#6688 = CARTESIAN_POINT('',(-55.62006993009,0.804150476446));
#6689 = CARTESIAN_POINT('',(-55.42928133235,0.801353924883));
#6690 = CARTESIAN_POINT('',(-55.03336295165,0.795399034445));
#6691 = CARTESIAN_POINT('',(-54.82928740394,0.792237837782));
#6692 = CARTESIAN_POINT('',(-54.630487595,0.789062913205));
#6693 = CARTESIAN_POINT('',(-54.43704812521,0.785874585489));
#6694 = CARTESIAN_POINT('',(-54.24902711156,0.782673260601));
#6695 = CARTESIAN_POINT('',(-53.7841117596,0.774489572504));
#6696 = CARTESIAN_POINT('',(-53.51478711599,0.769489741246));
#6697 = CARTESIAN_POINT('',(-53.25857628981,0.764461903758));
#6698 = CARTESIAN_POINT('',(-53.01537092596,0.759408237429));
#6699 = CARTESIAN_POINT('',(-52.78480307372,0.754331234936));
#6700 = CARTESIAN_POINT('',(-52.2741864547,0.742424879363));
#6701 = CARTESIAN_POINT('',(-52.0035042062,0.735579202928));
#6702 = CARTESIAN_POINT('',(-51.75253231691,0.728703679498));
#6703 = CARTESIAN_POINT('',(-51.5186115981,0.721804959808));
#6704 = CARTESIAN_POINT('',(-51.29786835649,0.714889650703));
#6705 = CARTESIAN_POINT('',(-51.04447378895,0.706637693731));
#6706 = CARTESIAN_POINT('',(-51.00403394261,0.705310712944));
#6707 = CARTESIAN_POINT('',(-50.96385493512,0.703983407105));
#6708 = CARTESIAN_POINT('',(-50.9238993644,0.702655822074));
#6709 = CARTESIAN_POINT('',(-50.88412822917,0.701328004135));
#6710 = CARTESIAN_POINT('',(-50.84450092897,0.7));
#6711 = ( GEOMETRIC_REPRESENTATION_CONTEXT(2) 
PARAMETRIC_REPRESENTATION_CONTEXT() REPRESENTATION_CONTEXT('2D SPACE',''
  ) );
#6712 = ORIENTED_EDGE('',*,*,#3877,.T.);
#6713 = ORIENTED_EDGE('',*,*,#1900,.T.);
#6714 = ORIENTED_EDGE('',*,*,#6394,.T.);
#6715 = ORIENTED_EDGE('',*,*,#6716,.T.);
#6716 = EDGE_CURVE('',#6395,#5854,#6717,.T.);
#6717 = SURFACE_CURVE('',#6718,(#6737,#6759),.PCURVE_S1.);
#6718 = B_SPLINE_CURVE_WITH_KNOTS('',5,(#6719,#6720,#6721,#6722,#6723,
    #6724,#6725,#6726,#6727,#6728,#6729,#6730,#6731,#6732,#6733,#6734,
    #6735,#6736),.UNSPECIFIED.,.F.,.F.,(6,4,4,4,6),(0.,0.207212898712,
    0.400437902041,0.707799091548,1.),.UNSPECIFIED.);
#6719 = CARTESIAN_POINT('',(848.04574550006,-57.21351104163,
    64.676142916997));
#6720 = CARTESIAN_POINT('',(848.18802713946,-57.33819112687,
    64.532395129564));
#6721 = CARTESIAN_POINT('',(848.32607727273,-57.46536873814,
    64.386637120152));
#6722 = CARTESIAN_POINT('',(848.45952417232,-57.59513735175,
    64.238837700229));
#6723 = CARTESIAN_POINT('',(848.58795425012,-57.72756642508,
    64.088995300066));
#6724 = CARTESIAN_POINT('',(848.82556990181,-57.98871393748,
    63.795531863909));
#6725 = CARTESIAN_POINT('',(848.93546946791,-58.11707764465,
    63.652175383237));
#6726 = CARTESIAN_POINT('',(849.04024468981,-58.24782678671,
    63.507093336736));
#6727 = CARTESIAN_POINT('',(849.13949791635,-58.38096672207,
    63.360343544235));
#6728 = CARTESIAN_POINT('',(849.38128346507,-58.73199245139,
    62.976095989439));
#6729 = CARTESIAN_POINT('',(849.51475005866,-58.95348565223,
    62.736194023268));
#6730 = CARTESIAN_POINT('',(849.63160320035,-59.18078338716,
    62.492732016648));
#6731 = CARTESIAN_POINT('',(849.73017561263,-59.41346103273,
    62.246391851896));
#6732 = CARTESIAN_POINT('',(849.88435616702,-59.87619996695,
    61.762255595196));
#6733 = CARTESIAN_POINT('',(849.94185328937,-60.10584968232,
    61.524610582764));
#6734 = CARTESIAN_POINT('',(849.98061967365,-60.33888009494,
    61.286183942562));
#6735 = CARTESIAN_POINT('',(850.00000005661,-60.57436821421,
    61.047998144635));
#6736 = CARTESIAN_POINT('',(849.99999999995,-60.81118333197,
    60.811183031722));
#6737 = PCURVE('',#2004,#6738);
#6738 = DEFINITIONAL_REPRESENTATION('',(#6739),#6758);
#6739 = B_SPLINE_CURVE_WITH_KNOTS('',5,(#6740,#6741,#6742,#6743,#6744,
    #6745,#6746,#6747,#6748,#6749,#6750,#6751,#6752,#6753,#6754,#6755,
    #6756,#6757),.UNSPECIFIED.,.F.,.F.,(6,4,4,4,6),(0.,0.207212898712,
    0.400437902041,0.707799091548,1.),.UNSPECIFIED.);
#6740 = CARTESIAN_POINT('',(4.837380789257,0.967429091668));
#6741 = CARTESIAN_POINT('',(4.832835875915,0.969800452324));
#6742 = CARTESIAN_POINT('',(4.82821783673,0.972101287879));
#6743 = CARTESIAN_POINT('',(4.823524574275,0.974325402872));
#6744 = CARTESIAN_POINT('',(4.818754868744,0.976465904169));
#6745 = CARTESIAN_POINT('',(4.809389053307,0.98042616503));
#6746 = CARTESIAN_POINT('',(4.80480301703,0.982257824465));
#6747 = CARTESIAN_POINT('',(4.800150066505,0.984004078164));
#6748 = CARTESIAN_POINT('',(4.795431015315,0.985658298606));
#6749 = CARTESIAN_POINT('',(4.783039754031,0.989688057751));
#6750 = CARTESIAN_POINT('',(4.775269572648,0.991912500978));
#6751 = CARTESIAN_POINT('',(4.767346650673,0.993860053339));
#6752 = CARTESIAN_POINT('',(4.759288895607,0.995502926877));
#6753 = CARTESIAN_POINT('',(4.743367122008,0.998072602784));
#6754 = CARTESIAN_POINT('',(4.735512272876,0.999030888155));
#6755 = CARTESIAN_POINT('',(4.727589339789,0.999676994563));
#6756 = CARTESIAN_POINT('',(4.71962996163,1.000000000942));
#6757 = CARTESIAN_POINT('',(4.711671066385,1.));
#6758 = ( GEOMETRIC_REPRESENTATION_CONTEXT(2) 
PARAMETRIC_REPRESENTATION_CONTEXT() REPRESENTATION_CONTEXT('2D SPACE',''
  ) );
#6759 = PCURVE('',#5870,#6760);
#6760 = DEFINITIONAL_REPRESENTATION('',(#6761),#6780);
#6761 = B_SPLINE_CURVE_WITH_KNOTS('',5,(#6762,#6763,#6764,#6765,#6766,
    #6767,#6768,#6769,#6770,#6771,#6772,#6773,#6774,#6775,#6776,#6777,
    #6778,#6779),.UNSPECIFIED.,.F.,.F.,(6,4,4,4,6),(0.,0.207212898712,
    0.400437902041,0.707799091548,1.),.UNSPECIFIED.);
#6762 = CARTESIAN_POINT('',(3.692124872482,0.9902287275));
#6763 = CARTESIAN_POINT('',(3.700515973191,0.990940135697));
#6764 = CARTESIAN_POINT('',(3.709055383741,0.991630386364));
#6765 = CARTESIAN_POINT('',(3.717747163302,0.992297620862));
#6766 = CARTESIAN_POINT('',(3.726593606805,0.992939771251));
#6767 = CARTESIAN_POINT('',(3.743989219095,0.994127849509));
#6768 = CARTESIAN_POINT('',(3.752518030784,0.99467734734));
#6769 = CARTESIAN_POINT('',(3.7611819553,0.995201223449));
#6770 = CARTESIAN_POINT('',(3.769979242264,0.995697489582));
#6771 = CARTESIAN_POINT('',(3.793104256018,0.996906417325));
#6772 = CARTESIAN_POINT('',(3.807629465313,0.997573750293));
#6773 = CARTESIAN_POINT('',(3.822462250826,0.998158016002));
#6774 = CARTESIAN_POINT('',(3.83756613691,0.998650878063));
#6775 = CARTESIAN_POINT('',(3.86743820477,0.999421780835));
#6776 = CARTESIAN_POINT('',(3.882187849009,0.999709266447));
#6777 = CARTESIAN_POINT('',(3.897074197663,0.999903098368));
#6778 = CARTESIAN_POINT('',(3.912033203216,1.000000000284));
#6779 = CARTESIAN_POINT('',(3.926990826472,1.));
#6780 = ( GEOMETRIC_REPRESENTATION_CONTEXT(2) 
PARAMETRIC_REPRESENTATION_CONTEXT() REPRESENTATION_CONTEXT('2D SPACE',''
  ) );
#6781 = ORIENTED_EDGE('',*,*,#6782,.T.);
#6782 = EDGE_CURVE('',#5854,#6783,#6785,.T.);
#6783 = VERTEX_POINT('',#6784);
#6784 = CARTESIAN_POINT('',(848.04574550018,-64.67614291687,
    57.213511041737));
#6785 = SURFACE_CURVE('',#6786,(#6804,#6825),.PCURVE_S1.);
#6786 = B_SPLINE_CURVE_WITH_KNOTS('',6,(#6787,#6788,#6789,#6790,#6791,
    #6792,#6793,#6794,#6795,#6796,#6797,#6798,#6799,#6800,#6801,#6802,
    #6803),.UNSPECIFIED.,.F.,.F.,(7,5,5,7),(0.,0.289609560187,
    0.592623524577,1.),.UNSPECIFIED.);
#6787 = CARTESIAN_POINT('',(849.99999999995,-60.81118349179,
    60.8111828719));
#6788 = CARTESIAN_POINT('',(850.00000001931,-61.00678056391,
    60.615585799494));
#6789 = CARTESIAN_POINT('',(849.98730773837,-61.20327494585,
    60.420858137646));
#6790 = CARTESIAN_POINT('',(849.96192050681,-61.40011711358,
    60.227549822645));
#6791 = CARTESIAN_POINT('',(849.92404807831,-61.59679167691,
    60.036144403606));
#6792 = CARTESIAN_POINT('',(849.87407629903,-61.79281724416,
    59.8470644991));
#6793 = CARTESIAN_POINT('',(849.74813692035,-62.19169752537,
    59.465663136441));
#6794 = CARTESIAN_POINT('',(849.67106648094,-62.3944672628,
    59.273578766367));
#6795 = CARTESIAN_POINT('',(849.58191560981,-62.59556014092,
    59.084828302985));
#6796 = CARTESIAN_POINT('',(849.48141284246,-62.79458993724,
    58.89968584446));
#6797 = CARTESIAN_POINT('',(849.37034748529,-62.99126748928,
    58.718318099876));
#6798 = CARTESIAN_POINT('',(849.08702635477,-63.4463680117,
    58.302158489897));
#6799 = CARTESIAN_POINT('',(848.90687761628,-63.70271755983,
    58.070488956336));
#6800 = CARTESIAN_POINT('',(848.71092805245,-63.95398371212,
    57.845957235873));
#6801 = CARTESIAN_POINT('',(848.50103507561,-64.199962724,
    57.628470637453));
#6802 = CARTESIAN_POINT('',(848.27885092881,-64.44063607671,
    57.417778528643));
#6803 = CARTESIAN_POINT('',(848.04574550018,-64.67614291687,
    57.213511041737));
#6804 = PCURVE('',#2004,#6805);
#6805 = DEFINITIONAL_REPRESENTATION('',(#6806),#6824);
#6806 = B_SPLINE_CURVE_WITH_KNOTS('',6,(#6807,#6808,#6809,#6810,#6811,
    #6812,#6813,#6814,#6815,#6816,#6817,#6818,#6819,#6820,#6821,#6822,
    #6823),.UNSPECIFIED.,.F.,.F.,(7,5,5,7),(0.,0.289609560187,
    0.592623524577,1.),.UNSPECIFIED.);
#6807 = CARTESIAN_POINT('',(4.711671061014,1.));
#6808 = CARTESIAN_POINT('',(4.705097424003,1.00000000032));
#6809 = CARTESIAN_POINT('',(4.698523154931,0.999788462307));
#6810 = CARTESIAN_POINT('',(4.691966213884,0.999365341781));
#6811 = CARTESIAN_POINT('',(4.685442879729,0.998734134638));
#6812 = CARTESIAN_POINT('',(4.678967879174,0.997901271651));
#6813 = CARTESIAN_POINT('',(4.665844312266,0.995802282006));
#6814 = CARTESIAN_POINT('',(4.659200964785,0.994517774682));
#6815 = CARTESIAN_POINT('',(4.65263913944,0.99303192683));
#6816 = CARTESIAN_POINT('',(4.646169575273,0.991356880708));
#6817 = CARTESIAN_POINT('',(4.63979966411,0.989505791422));
#6818 = CARTESIAN_POINT('',(4.625110416309,0.984783772541));
#6819 = CARTESIAN_POINT('',(4.616875572092,0.981781293769));
#6820 = CARTESIAN_POINT('',(4.608839325829,0.978515467211));
#6821 = CARTESIAN_POINT('',(4.601003339025,0.975017251649));
#6822 = CARTESIAN_POINT('',(4.593363659205,0.971314181863));
#6823 = CARTESIAN_POINT('',(4.58591173805,0.967429091799));
#6824 = ( GEOMETRIC_REPRESENTATION_CONTEXT(2) 
PARAMETRIC_REPRESENTATION_CONTEXT() REPRESENTATION_CONTEXT('2D SPACE',''
  ) );
#6825 = PCURVE('',#5908,#6826);
#6826 = DEFINITIONAL_REPRESENTATION('',(#6827),#6845);
#6827 = B_SPLINE_CURVE_WITH_KNOTS('',6,(#6828,#6829,#6830,#6831,#6832,
    #6833,#6834,#6835,#6836,#6837,#6838,#6839,#6840,#6841,#6842,#6843,
    #6844),.UNSPECIFIED.,.F.,.F.,(7,5,5,7),(0.,0.289609560187,
    0.592623524577,1.),.UNSPECIFIED.);
#6828 = CARTESIAN_POINT('',(3.926990836567,1.));
#6829 = CARTESIAN_POINT('',(3.939345062001,1.000000000097));
#6830 = CARTESIAN_POINT('',(3.951700170171,0.999936538692));
#6831 = CARTESIAN_POINT('',(3.964020149736,0.999809602534));
#6832 = CARTESIAN_POINT('',(3.976272176712,0.999620240392));
#6833 = CARTESIAN_POINT('',(3.988426535153,0.999370381495));
#6834 = CARTESIAN_POINT('',(4.013043343355,0.998740684602));
#6835 = CARTESIAN_POINT('',(4.025495177515,0.998355332405));
#6836 = CARTESIAN_POINT('',(4.037782515336,0.997909578049));
#6837 = CARTESIAN_POINT('',(4.049883633144,0.997407064212));
#6838 = CARTESIAN_POINT('',(4.061783506076,0.996851737426));
#6839 = CARTESIAN_POINT('',(4.089187843268,0.995435131774));
#6840 = CARTESIAN_POINT('',(4.104521645733,0.994534388081));
#6841 = CARTESIAN_POINT('',(4.119453794601,0.993554640262));
#6842 = CARTESIAN_POINT('',(4.133980512768,0.992505175378));
#6843 = CARTESIAN_POINT('',(4.148109343247,0.991394254644));
#6844 = CARTESIAN_POINT('',(4.161856761491,0.990228727501));
#6845 = ( GEOMETRIC_REPRESENTATION_CONTEXT(2) 
PARAMETRIC_REPRESENTATION_CONTEXT() REPRESENTATION_CONTEXT('2D SPACE',''
  ) );
#6846 = ORIENTED_EDGE('',*,*,#6847,.T.);
#6847 = EDGE_CURVE('',#6783,#6529,#6848,.T.);
#6848 = SURFACE_CURVE('',#6849,(#6884,#6922),.PCURVE_S1.);
#6849 = B_SPLINE_CURVE_WITH_KNOTS('',5,(#6850,#6851,#6852,#6853,#6854,
    #6855,#6856,#6857,#6858,#6859,#6860,#6861,#6862,#6863,#6864,#6865,
    #6866,#6867,#6868,#6869,#6870,#6871,#6872,#6873,#6874,#6875,#6876,
    #6877,#6878,#6879,#6880,#6881,#6882,#6883),.UNSPECIFIED.,.F.,.F.,(6,
    4,4,4,4,4,4,4,6),(0.,6.570238847112E-02,0.137239014778,
    0.215391525527,0.300459656617,0.451548979716,0.618673691786,
    0.801301502569,1.),.UNSPECIFIED.);
#6850 = CARTESIAN_POINT('',(848.04574550018,-64.67614291687,
    57.213511041737));
#6851 = CARTESIAN_POINT('',(847.86698436163,-64.85658298805,
    57.057005426355));
#6852 = CARTESIAN_POINT('',(847.68152487209,-65.03383028229,
    56.904457474731));
#6853 = CARTESIAN_POINT('',(847.49009726748,-65.20794444072,
    56.755683906557));
#6854 = CARTESIAN_POINT('',(847.29332949268,-65.37901665258,
    56.610484410384));
#6855 = CARTESIAN_POINT('',(846.87226450451,-65.73025412046,
    56.314203755969));
#6856 = CARTESIAN_POINT('',(846.64707870198,-65.90987276455,
    56.163749837172));
#6857 = CARTESIAN_POINT('',(846.41686539592,-66.08618083066,
    56.017002984561));
#6858 = CARTESIAN_POINT('',(846.18218923769,-66.25933999658,
    55.873696353931));
#6859 = CARTESIAN_POINT('',(845.68274421697,-66.61543513569,
    55.58049118885));
#6860 = CARTESIAN_POINT('',(845.41720652047,-66.79779112997,
    55.431210941221));
#6861 = CARTESIAN_POINT('',(845.14748250226,-66.97680245267,
    55.285400733936));
#6862 = CARTESIAN_POINT('',(844.87405755596,-67.15267133743,
    55.142759529022));
#6863 = CARTESIAN_POINT('',(844.29607528977,-67.51380217307,
    54.85090847209));
#6864 = CARTESIAN_POINT('',(843.99091040581,-67.69851591767,
    54.702235774437));
#6865 = CARTESIAN_POINT('',(843.68231096085,-67.87997142324,
    54.556648157178));
#6866 = CARTESIAN_POINT('',(843.37066976529,-68.05837752467,
    54.413847682724));
#6867 = CARTESIAN_POINT('',(842.49793665095,-68.54571025631,
    54.024424718783));
#6868 = CARTESIAN_POINT('',(841.93098082719,-68.84846298424,
    53.783247887824));
#6869 = CARTESIAN_POINT('',(841.35713481017,-69.14324778139,
    53.548559051131));
#6870 = CARTESIAN_POINT('',(840.77753593635,-69.430804309,
    53.319318721003));
#6871 = CARTESIAN_POINT('',(839.54631739583,-70.02249311082,
    52.846241940567));
#6872 = CARTESIAN_POINT('',(838.89360840105,-70.32513274923,
    52.603448824413));
#6873 = CARTESIAN_POINT('',(838.23587296075,-70.62046091816,
    52.365221258702));
#6874 = CARTESIAN_POINT('',(837.57378720585,-70.9089866768,
    52.130855774003));
#6875 = CARTESIAN_POINT('',(836.18004210331,-71.49938295317,
    51.647399222112));
#6876 = CARTESIAN_POINT('',(835.44763873334,-71.80000283015,
    51.398963674162));
#6877 = CARTESIAN_POINT('',(834.71119175095,-72.09345525665,
    51.153882970888));
#6878 = CARTESIAN_POINT('',(833.97106617872,-72.38002161549,
    50.911818440451));
#6879 = CARTESIAN_POINT('',(832.41850553677,-72.9644147256,
    50.41230337891));
#6880 = CARTESIAN_POINT('',(831.60544466169,-73.26101073427,
    50.155375634551));
#6881 = CARTESIAN_POINT('',(830.78862887065,-73.54994393724,
    49.901575523399));
#6882 = CARTESIAN_POINT('',(829.96823243519,-73.83133359067,
    49.650912565296));
#6883 = CARTESIAN_POINT('',(829.14436798882,-74.10526673447,
    49.40351115619));
#6884 = PCURVE('',#2004,#6885);
#6885 = DEFINITIONAL_REPRESENTATION('',(#6886),#6921);
#6886 = B_SPLINE_CURVE_WITH_KNOTS('',5,(#6887,#6888,#6889,#6890,#6891,
    #6892,#6893,#6894,#6895,#6896,#6897,#6898,#6899,#6900,#6901,#6902,
    #6903,#6904,#6905,#6906,#6907,#6908,#6909,#6910,#6911,#6912,#6913,
    #6914,#6915,#6916,#6917,#6918,#6919,#6920),.UNSPECIFIED.,.F.,.F.,(6,
    4,4,4,4,4,4,4,6),(0.,6.570238847112E-02,0.137239014778,
    0.215391525527,0.300459656617,0.451548979716,0.618673691786,
    0.801301502569,1.),.UNSPECIFIED.);
#6887 = CARTESIAN_POINT('',(4.585911737798,0.967429091669));
#6888 = CARTESIAN_POINT('',(4.580202235256,0.964449739361));
#6889 = CARTESIAN_POINT('',(4.574608601228,0.961358747868));
#6890 = CARTESIAN_POINT('',(4.569126770649,0.958168287791));
#6891 = CARTESIAN_POINT('',(4.563751881061,0.954888824878));
#6892 = CARTESIAN_POINT('',(4.552736385139,0.947871075075));
#6893 = CARTESIAN_POINT('',(4.547114724863,0.944117978366));
#6894 = CARTESIAN_POINT('',(4.541606097629,0.940281089932));
#6895 = CARTESIAN_POINT('',(4.536203366842,0.936369820628));
#6896 = CARTESIAN_POINT('',(4.525105025833,0.92804573695));
#6897 = CARTESIAN_POINT('',(4.519428627023,0.923620108675));
#6898 = CARTESIAN_POINT('',(4.513861128802,0.919124708371));
#6899 = CARTESIAN_POINT('',(4.5083941322,0.914567625933));
#6900 = CARTESIAN_POINT('',(4.497170242669,0.904934588163));
#6901 = CARTESIAN_POINT('',(4.491430569303,0.899848506764));
#6902 = CARTESIAN_POINT('',(4.485791001323,0.894705182681));
#6903 = CARTESIAN_POINT('',(4.480243048882,0.889511162755));
#6904 = CARTESIAN_POINT('',(4.465074584962,0.874965610849));
#6905 = CARTESIAN_POINT('',(4.455635414112,0.86551634712));
#6906 = CARTESIAN_POINT('',(4.446418764065,0.855952246836));
#6907 = CARTESIAN_POINT('',(4.437394570575,0.846292265606));
#6908 = CARTESIAN_POINT('',(4.418742419716,0.825771956597));
#6909 = CARTESIAN_POINT('',(4.409152436713,0.814893473351));
#6910 = CARTESIAN_POINT('',(4.39973621722,0.803931216013));
#6911 = CARTESIAN_POINT('',(4.390473015974,0.792896453431));
#6912 = CARTESIAN_POINT('',(4.371375334375,0.769667368389));
#6913 = CARTESIAN_POINT('',(4.361567757574,0.757460645556));
#6914 = CARTESIAN_POINT('',(4.351905054918,0.745186529182));
#6915 = CARTESIAN_POINT('',(4.342376661499,0.732851102979));
#6916 = CARTESIAN_POINT('',(4.322748742464,0.70697509232));
#6917 = CARTESIAN_POINT('',(4.312672829666,0.693424077559));
#6918 = CARTESIAN_POINT('',(4.302740754177,0.679810481384));
#6919 = CARTESIAN_POINT('',(4.292951453042,0.666137207086));
#6920 = CARTESIAN_POINT('',(4.283306980925,0.652406133218));
#6921 = ( GEOMETRIC_REPRESENTATION_CONTEXT(2) 
PARAMETRIC_REPRESENTATION_CONTEXT() REPRESENTATION_CONTEXT('2D SPACE',''
  ) );
#6922 = PCURVE('',#5946,#6923);
#6923 = DEFINITIONAL_REPRESENTATION('',(#6924),#6959);
#6924 = B_SPLINE_CURVE_WITH_KNOTS('',5,(#6925,#6926,#6927,#6928,#6929,
    #6930,#6931,#6932,#6933,#6934,#6935,#6936,#6937,#6938,#6939,#6940,
    #6941,#6942,#6943,#6944,#6945,#6946,#6947,#6948,#6949,#6950,#6951,
    #6952,#6953,#6954,#6955,#6956,#6957,#6958),.UNSPECIFIED.,.F.,.F.,(6,
    4,4,4,4,4,4,4,6),(0.,6.570238847112E-02,0.137239014778,
    0.215391525527,0.300459656617,0.451548979716,0.618673691786,
    0.801301502569,1.),.UNSPECIFIED.);
#6925 = CARTESIAN_POINT('',(4.161856761491,0.990228727501));
#6926 = CARTESIAN_POINT('',(4.172929623145,0.989334921808));
#6927 = CARTESIAN_POINT('',(4.183753466543,0.98840762436));
#6928 = CARTESIAN_POINT('',(4.194336587869,0.987450486337));
#6929 = CARTESIAN_POINT('',(4.204689002456,0.986466647463));
#6930 = CARTESIAN_POINT('',(4.225855701953,0.984361322523));
#6931 = CARTESIAN_POINT('',(4.236629031147,0.98323539351));
#6932 = CARTESIAN_POINT('',(4.247157342711,0.98208432698));
#6933 = CARTESIAN_POINT('',(4.257455460891,0.980910946188));
#6934 = CARTESIAN_POINT('',(4.278553245756,0.978413721085));
#6935 = CARTESIAN_POINT('',(4.289311029932,0.977086032602));
#6936 = CARTESIAN_POINT('',(4.299830476675,0.975737412511));
#6937 = CARTESIAN_POINT('',(4.310129087865,0.97437028778));
#6938 = CARTESIAN_POINT('',(4.331209843968,0.971480376449));
#6939 = CARTESIAN_POINT('',(4.341954009283,0.969954552029));
#6940 = CARTESIAN_POINT('',(4.352476089609,0.968411554804));
#6941 = CARTESIAN_POINT('',(4.362793855614,0.966853348826));
#6942 = CARTESIAN_POINT('',(4.390913969442,0.962489683255));
#6943 = CARTESIAN_POINT('',(4.408309747523,0.959654904136));
#6944 = CARTESIAN_POINT('',(4.425200015679,0.956785674051));
#6945 = CARTESIAN_POINT('',(4.441648317019,0.953887679682));
#6946 = CARTESIAN_POINT('',(4.475468543731,0.947731586979));
#6947 = CARTESIAN_POINT('',(4.49275248859,0.944468042005));
#6948 = CARTESIAN_POINT('',(4.509626698515,0.941179364804));
#6949 = CARTESIAN_POINT('',(4.526136457657,0.937868936029));
#6950 = CARTESIAN_POINT('',(4.559997006792,0.930900210517));
#6951 = CARTESIAN_POINT('',(4.577283412788,0.927238193667));
#6952 = CARTESIAN_POINT('',(4.594219692919,0.923555958755));
#6953 = CARTESIAN_POINT('',(4.610832064566,0.919855330894));
#6954 = CARTESIAN_POINT('',(4.644879733681,0.912092527684));
#6955 = CARTESIAN_POINT('',(4.662258653685,0.908027223308));
#6956 = CARTESIAN_POINT('',(4.679297745762,0.903943144353));
#6957 = CARTESIAN_POINT('',(4.696006595003,0.899841162176));
#6958 = CARTESIAN_POINT('',(4.712388980385,0.895721839944));
#6959 = ( GEOMETRIC_REPRESENTATION_CONTEXT(2) 
PARAMETRIC_REPRESENTATION_CONTEXT() REPRESENTATION_CONTEXT('2D SPACE',''
  ) );
#6960 = ADVANCED_FACE('',(#6961),#2787,.T.);
#6961 = FACE_BOUND('',#6962,.T.);
#6962 = EDGE_LOOP('',(#6963,#6983,#6984,#6985));
#6963 = ORIENTED_EDGE('',*,*,#6964,.F.);
#6964 = EDGE_CURVE('',#2907,#4705,#6965,.T.);
#6965 = SURFACE_CURVE('',#6966,(#6969,#6976),.PCURVE_S1.);
#6966 = B_SPLINE_CURVE_WITH_KNOTS('',1,(#6967,#6968),.UNSPECIFIED.,.F.,
  .F.,(2,2),(0.,1.),.PIECEWISE_BEZIER_KNOTS.);
#6967 = CARTESIAN_POINT('',(650.,91.271878948557,80.740508305749));
#6968 = CARTESIAN_POINT('',(850.,64.41370437297,56.98135387082));
#6969 = PCURVE('',#2787,#6970);
#6970 = DEFINITIONAL_REPRESENTATION('',(#6971),#6975);
#6971 = LINE('',#6972,#6973);
#6972 = CARTESIAN_POINT('',(2.121328545706,0.));
#6973 = VECTOR('',#6974,1.);
#6974 = DIRECTION('',(0.,1.));
#6975 = ( GEOMETRIC_REPRESENTATION_CONTEXT(2) 
PARAMETRIC_REPRESENTATION_CONTEXT() REPRESENTATION_CONTEXT('2D SPACE',''
  ) );
#6976 = PCURVE('',#2970,#6977);
#6977 = DEFINITIONAL_REPRESENTATION('',(#6978),#6982);
#6978 = LINE('',#6979,#6980);
#6979 = CARTESIAN_POINT('',(2.121328545706,0.));
#6980 = VECTOR('',#6981,1.);
#6981 = DIRECTION('',(0.,1.));
#6982 = ( GEOMETRIC_REPRESENTATION_CONTEXT(2) 
PARAMETRIC_REPRESENTATION_CONTEXT() REPRESENTATION_CONTEXT('2D SPACE',''
  ) );
#6983 = ORIENTED_EDGE('',*,*,#2906,.T.);
#6984 = ORIENTED_EDGE('',*,*,#2772,.T.);
#6985 = ORIENTED_EDGE('',*,*,#4704,.T.);
#6986 = ADVANCED_FACE('',(#6987),#2970,.T.);
#6987 = FACE_BOUND('',#6988,.T.);
#6988 = EDGE_LOOP('',(#6989,#7009,#7010,#7011));
#6989 = ORIENTED_EDGE('',*,*,#6990,.F.);
#6990 = EDGE_CURVE('',#2955,#4806,#6991,.T.);
#6991 = SURFACE_CURVE('',#6992,(#6995,#7002),.PCURVE_S1.);
#6992 = B_SPLINE_CURVE_WITH_KNOTS('',1,(#6993,#6994),.UNSPECIFIED.,.F.,
  .F.,(2,2),(0.,1.),.PIECEWISE_BEZIER_KNOTS.);
#6993 = CARTESIAN_POINT('',(650.,96.,64.));
#6994 = CARTESIAN_POINT('',(850.,71.556325312968,47.7042168755));
#6995 = PCURVE('',#2970,#6996);
#6996 = DEFINITIONAL_REPRESENTATION('',(#6997),#7001);
#6997 = LINE('',#6998,#6999);
#6998 = CARTESIAN_POINT('',(1.570796326795,0.));
#6999 = VECTOR('',#7000,1.);
#7000 = DIRECTION('',(0.,1.));
#7001 = ( GEOMETRIC_REPRESENTATION_CONTEXT(2) 
PARAMETRIC_REPRESENTATION_CONTEXT() REPRESENTATION_CONTEXT('2D SPACE',''
  ) );
#7002 = PCURVE('',#3032,#7003);
#7003 = DEFINITIONAL_REPRESENTATION('',(#7004),#7008);
#7004 = LINE('',#7005,#7006);
#7005 = CARTESIAN_POINT('',(64.,0.));
#7006 = VECTOR('',#7007,1.);
#7007 = DIRECTION('',(0.,1.));
#7008 = ( GEOMETRIC_REPRESENTATION_CONTEXT(2) 
PARAMETRIC_REPRESENTATION_CONTEXT() REPRESENTATION_CONTEXT('2D SPACE',''
  ) );
#7009 = ORIENTED_EDGE('',*,*,#2954,.T.);
#7010 = ORIENTED_EDGE('',*,*,#6964,.T.);
#7011 = ORIENTED_EDGE('',*,*,#4805,.T.);
#7012 = ADVANCED_FACE('',(#7013),#3032,.T.);
#7013 = FACE_BOUND('',#7014,.T.);
#7014 = EDGE_LOOP('',(#7015,#7016,#7017,#7018,#7019,#7020,#7040,#7041,
    #7063,#7291,#7612));
#7015 = ORIENTED_EDGE('',*,*,#3017,.F.);
#7016 = ORIENTED_EDGE('',*,*,#6990,.T.);
#7017 = ORIENTED_EDGE('',*,*,#4897,.T.);
#7018 = ORIENTED_EDGE('',*,*,#4460,.T.);
#7019 = ORIENTED_EDGE('',*,*,#5046,.T.);
#7020 = ORIENTED_EDGE('',*,*,#7021,.T.);
#7021 = EDGE_CURVE('',#5047,#5741,#7022,.T.);
#7022 = SURFACE_CURVE('',#7023,(#7026,#7033),.PCURVE_S1.);
#7023 = B_SPLINE_CURVE_WITH_KNOTS('',1,(#7024,#7025),.UNSPECIFIED.,.F.,
  .F.,(2,2),(0.,1.),.PIECEWISE_BEZIER_KNOTS.);
#7024 = CARTESIAN_POINT('',(650.,96.,64.));
#7025 = CARTESIAN_POINT('',(850.,71.556325312968,47.7042168755));
#7026 = PCURVE('',#3032,#7027);
#7027 = DEFINITIONAL_REPRESENTATION('',(#7028),#7032);
#7028 = LINE('',#7029,#7030);
#7029 = CARTESIAN_POINT('',(64.,0.));
#7030 = VECTOR('',#7031,1.);
#7031 = DIRECTION('',(0.,1.));
#7032 = ( GEOMETRIC_REPRESENTATION_CONTEXT(2) 
PARAMETRIC_REPRESENTATION_CONTEXT() REPRESENTATION_CONTEXT('2D SPACE',''
  ) );
#7033 = PCURVE('',#5212,#7034);
#7034 = DEFINITIONAL_REPRESENTATION('',(#7035),#7039);
#7035 = LINE('',#7036,#7037);
#7036 = CARTESIAN_POINT('',(1.570796326795,0.));
#7037 = VECTOR('',#7038,1.);
#7038 = DIRECTION('',(0.,1.));
#7039 = ( GEOMETRIC_REPRESENTATION_CONTEXT(2) 
PARAMETRIC_REPRESENTATION_CONTEXT() REPRESENTATION_CONTEXT('2D SPACE',''
  ) );
#7040 = ORIENTED_EDGE('',*,*,#5738,.F.);
#7041 = ORIENTED_EDGE('',*,*,#7042,.F.);
#7042 = EDGE_CURVE('',#7043,#5739,#7045,.T.);
#7043 = VERTEX_POINT('',#7044);
#7044 = CARTESIAN_POINT('',(829.14436798988,74.105266733163,
    -49.40351115706));
#7045 = SURFACE_CURVE('',#7046,(#7049,#7056),.PCURVE_S1.);
#7046 = B_SPLINE_CURVE_WITH_KNOTS('',1,(#7047,#7048),.UNSPECIFIED.,.F.,
  .F.,(2,2),(0.,1.),.PIECEWISE_BEZIER_KNOTS.);
#7047 = CARTESIAN_POINT('',(650.,95.999999994858,-64.));
#7048 = CARTESIAN_POINT('',(850.,71.556325312401,-47.70421687635));
#7049 = PCURVE('',#3032,#7050);
#7050 = DEFINITIONAL_REPRESENTATION('',(#7051),#7055);
#7051 = LINE('',#7052,#7053);
#7052 = CARTESIAN_POINT('',(-64.,0.));
#7053 = VECTOR('',#7054,1.);
#7054 = DIRECTION('',(0.,1.));
#7055 = ( GEOMETRIC_REPRESENTATION_CONTEXT(2) 
PARAMETRIC_REPRESENTATION_CONTEXT() REPRESENTATION_CONTEXT('2D SPACE',''
  ) );
#7056 = PCURVE('',#6369,#7057);
#7057 = DEFINITIONAL_REPRESENTATION('',(#7058),#7062);
#7058 = LINE('',#7059,#7060);
#7059 = CARTESIAN_POINT('',(1.570796326795,0.));
#7060 = VECTOR('',#7061,1.);
#7061 = DIRECTION('',(0.,1.));
#7062 = ( GEOMETRIC_REPRESENTATION_CONTEXT(2) 
PARAMETRIC_REPRESENTATION_CONTEXT() REPRESENTATION_CONTEXT('2D SPACE',''
  ) );
#7063 = ORIENTED_EDGE('',*,*,#7064,.T.);
#7064 = EDGE_CURVE('',#7043,#7065,#7067,.T.);
#7065 = VERTEX_POINT('',#7066);
#7066 = CARTESIAN_POINT('',(790.,82.550276262463,-42.36327099093));
#7067 = SURFACE_CURVE('',#7068,(#7126,#7187),.PCURVE_S1.);
#7068 = B_SPLINE_CURVE_WITH_KNOTS('',6,(#7069,#7070,#7071,#7072,#7073,
    #7074,#7075,#7076,#7077,#7078,#7079,#7080,#7081,#7082,#7083,#7084,
    #7085,#7086,#7087,#7088,#7089,#7090,#7091,#7092,#7093,#7094,#7095,
    #7096,#7097,#7098,#7099,#7100,#7101,#7102,#7103,#7104,#7105,#7106,
    #7107,#7108,#7109,#7110,#7111,#7112,#7113,#7114,#7115,#7116,#7117,
    #7118,#7119,#7120,#7121,#7122,#7123,#7124,#7125),.UNSPECIFIED.,.F.,
  .F.,(7,5,5,5,5,5,5,5,5,5,5,7),(0.,8.796307981331E-02,0.151827223827,
    0.21800631485,0.286856404951,0.359713743197,0.437384139333,
    0.522457694316,0.617819132648,0.765286549917,0.962266734958,1.),
  .UNSPECIFIED.);
#7069 = CARTESIAN_POINT('',(829.14436799109,74.105266733551,
    -49.40351115696));
#7070 = CARTESIAN_POINT('',(828.63164786582,74.280306523492,
    -49.24687335782));
#7071 = CARTESIAN_POINT('',(828.11690251028,74.453459787424,
    -49.09090885057));
#7072 = CARTESIAN_POINT('',(827.60013280381,74.624739247786,
    -48.93565885456));
#7073 = CARTESIAN_POINT('',(827.08133123481,74.794154225741,
    -48.7811752851));
#7074 = CARTESIAN_POINT('',(826.56048190077,74.961710641174,
    -48.62752075346));
#7075 = CARTESIAN_POINT('',(825.6579020765,75.247715070636,
    -48.36386531265));
#7076 = CARTESIAN_POINT('',(825.27715164245,75.367040990879,
    -48.25343736375));
#7077 = CARTESIAN_POINT('',(824.89529978219,75.485389950658,
    -48.14351251987));
#7078 = CARTESIAN_POINT('',(824.51233579777,75.602762635035,
    -48.03412077823));
#7079 = CARTESIAN_POINT('',(824.12824771715,75.719159236899,
    -47.9252943336));
#7080 = CARTESIAN_POINT('',(823.34383322286,75.954183429107,
    -47.70491782225));
#7081 = CARTESIAN_POINT('',(822.94342320224,76.072739033714,
    -47.59341183854));
#7082 = CARTESIAN_POINT('',(822.54177751078,76.190245945847,
    -47.48258790115));
#7083 = CARTESIAN_POINT('',(822.13888113037,76.30670355153,
    -47.37248620061));
#7084 = CARTESIAN_POINT('',(821.73471874641,76.422110947749,
    -47.26314884406));
#7085 = CARTESIAN_POINT('',(820.90746695992,76.655438363109,
    -47.04171062595));
#7086 = CARTESIAN_POINT('',(820.48427238118,76.773271884079,
    -46.92967610865));
#7087 = CARTESIAN_POINT('',(820.05967343291,76.889966161935,
    -46.8185659139));
#7088 = CARTESIAN_POINT('',(819.63365344942,77.00551980391,
    -46.70843112828));
#7089 = CARTESIAN_POINT('',(819.20619667792,77.119931367897,
    -46.59932431443));
#7090 = CARTESIAN_POINT('',(818.323416327,77.353059834409,
    -46.37698741311));
#7091 = CARTESIAN_POINT('',(817.86791928329,77.471639854113,
    -46.2638865918));
#7092 = CARTESIAN_POINT('',(817.41077954389,77.588937634837,
    -46.15206119232));
#7093 = CARTESIAN_POINT('',(816.95198216841,77.7049517055,
    -46.04157599359));
#7094 = CARTESIAN_POINT('',(816.4915148797,77.819680910661,
    -45.93249640823));
#7095 = CARTESIAN_POINT('',(815.53669116998,78.054062139405,
    -45.71017186734));
#7096 = CARTESIAN_POINT('',(815.04210602979,78.173538850018,
    -45.59712714117));
#7097 = CARTESIAN_POINT('',(814.54560100299,78.291553476101,
    -45.48583456304));
#7098 = CARTESIAN_POINT('',(814.04716973368,78.408105951075,
    -45.37637299917));
#7099 = CARTESIAN_POINT('',(813.54681115023,78.523197208044,
    -45.26881992297));
#7100 = CARTESIAN_POINT('',(812.49437274591,78.76129197574,
    -45.04762073172));
#7101 = CARTESIAN_POINT('',(811.94190940602,78.884004360825,
    -44.93436966661));
#7102 = CARTESIAN_POINT('',(811.38714512662,79.004968756567,
    -44.82359875087));
#7103 = CARTESIAN_POINT('',(810.83009528947,79.124190155246,
    -44.71540186768));
#7104 = CARTESIAN_POINT('',(810.27078497706,79.241676119903,
    -44.60986625226));
#7105 = CARTESIAN_POINT('',(809.07980688935,79.48719636602,
    -44.39184768318));
#7106 = CARTESIAN_POINT('',(808.44756755675,79.614788589778,
    -44.2800667409));
#7107 = CARTESIAN_POINT('',(807.81258264143,79.740227909461,
    -44.17184082944));
#7108 = CARTESIAN_POINT('',(807.17491709819,79.86353456725,
    -44.06726561747));
#7109 = CARTESIAN_POINT('',(806.53465212053,79.984735246247,
    -43.96641581784));
#7110 = CARTESIAN_POINT('',(804.89791450108,80.288084602827,
    -43.71922074619));
#7111 = CARTESIAN_POINT('',(803.89794824941,80.46735318328,
    -43.57812358768));
#7112 = CARTESIAN_POINT('',(802.89238075186,80.641790146096,
    -43.44622995419));
#7113 = CARTESIAN_POINT('',(801.88164748612,80.811570057429,
    -43.32355861845));
#7114 = CARTESIAN_POINT('',(800.86624698751,80.976922942458,
    -43.20991742157));
#7115 = CARTESIAN_POINT('',(798.48497587278,81.353476654389,
    -42.96451803731));
#7116 = CARTESIAN_POINT('',(797.11584058565,81.561439953315,
    -42.83948213232));
#7117 = CARTESIAN_POINT('',(795.74073589971,81.762708887215,
    -42.72867347921));
#7118 = CARTESIAN_POINT('',(794.36099196176,81.958193431478,
    -42.63016948988));
#7119 = CARTESIAN_POINT('',(792.97793014064,82.149019447212,
    -42.54102434003));
#7120 = CARTESIAN_POINT('',(791.32753874612,82.372391659558,
    -42.44117413494));
#7121 = CARTESIAN_POINT('',(791.06214258873,82.408178282951,
    -42.42531811873));
#7122 = CARTESIAN_POINT('',(790.79668142097,82.443850641787,
    -42.40963011488));
#7123 = CARTESIAN_POINT('',(790.53116441474,82.479418052173,
    -42.39408051381));
#7124 = CARTESIAN_POINT('',(790.26560082706,82.514890024303,
    -42.3786382878));
#7125 = CARTESIAN_POINT('',(790.,82.550276262463,-42.36327099093));
#7126 = PCURVE('',#3032,#7127);
#7127 = DEFINITIONAL_REPRESENTATION('',(#7128),#7186);
#7128 = B_SPLINE_CURVE_WITH_KNOTS('',6,(#7129,#7130,#7131,#7132,#7133,
    #7134,#7135,#7136,#7137,#7138,#7139,#7140,#7141,#7142,#7143,#7144,
    #7145,#7146,#7147,#7148,#7149,#7150,#7151,#7152,#7153,#7154,#7155,
    #7156,#7157,#7158,#7159,#7160,#7161,#7162,#7163,#7164,#7165,#7166,
    #7167,#7168,#7169,#7170,#7171,#7172,#7173,#7174,#7175,#7176,#7177,
    #7178,#7179,#7180,#7181,#7182,#7183,#7184,#7185),.UNSPECIFIED.,.F.,
  .F.,(7,5,5,5,5,5,5,5,5,5,5,7),(0.,8.796307981331E-02,0.151827223827,
    0.21800631485,0.286856404951,0.359713743197,0.437384139333,
    0.522457694316,0.617819132648,0.765286549917,0.962266734958,1.),
  .UNSPECIFIED.);
#7129 = CARTESIAN_POINT('',(-64.,0.895721839955));
#7130 = CARTESIAN_POINT('',(-63.71375063259,0.893158239329));
#7131 = CARTESIAN_POINT('',(-63.4296164242,0.890584512551));
#7132 = CARTESIAN_POINT('',(-63.14762790335,0.888000664019));
#7133 = CARTESIAN_POINT('',(-62.8678294067,0.885406656174));
#7134 = CARTESIAN_POINT('',(-62.59027907904,0.882802409504));
#7135 = CARTESIAN_POINT('',(-62.11522244537,0.878289510383));
#7136 = CARTESIAN_POINT('',(-61.91661848974,0.876385758212));
#7137 = CARTESIAN_POINT('',(-61.71926412533,0.874476498911));
#7138 = CARTESIAN_POINT('',(-61.52318917485,0.872561678989));
#7139 = CARTESIAN_POINT('',(-61.32842616482,0.870641238586));
#7140 = CARTESIAN_POINT('',(-60.93458355183,0.866719166114));
#7141 = CARTESIAN_POINT('',(-60.73560313685,0.864717116011));
#7142 = CARTESIAN_POINT('',(-60.53810828192,0.862708887554));
#7143 = CARTESIAN_POINT('',(-60.34214045975,0.860694405652));
#7144 = CARTESIAN_POINT('',(-60.14774341456,0.858673593732));
#7145 = CARTESIAN_POINT('',(-59.75440227523,0.8545373348));
#7146 = CARTESIAN_POINT('',(-59.55559102678,0.852421361906));
#7147 = CARTESIAN_POINT('',(-59.35858127384,0.850298367165));
#7148 = CARTESIAN_POINT('',(-59.16342651835,0.848168267247));
#7149 = CARTESIAN_POINT('',(-58.97018190708,0.84603098339));
#7150 = CARTESIAN_POINT('',(-58.57649373967,0.841617081635));
#7151 = CARTESIAN_POINT('',(-58.37628536016,0.839339596416));
#7152 = CARTESIAN_POINT('',(-58.17834652114,0.837053897719));
#7153 = CARTESIAN_POINT('',(-57.98274515814,0.834759910842));
#7154 = CARTESIAN_POINT('',(-57.78954971404,0.832457574399));
#7155 = CARTESIAN_POINT('',(-57.39550934449,0.82768345585));
#7156 = CARTESIAN_POINT('',(-57.19500141666,0.825210530149));
#7157 = CARTESIAN_POINT('',(-56.99738918134,0.822728005015));
#7158 = CARTESIAN_POINT('',(-56.80275435929,0.820235848668));
#7159 = CARTESIAN_POINT('',(-56.61117656636,0.817734055751));
#7160 = CARTESIAN_POINT('',(-56.21632868893,0.81247186373));
#7161 = CARTESIAN_POINT('',(-56.01368302459,0.80970954703));
#7162 = CARTESIAN_POINT('',(-55.81489884288,0.806935725633));
#7163 = CARTESIAN_POINT('',(-55.62006992908,0.804150476447));
#7164 = CARTESIAN_POINT('',(-55.42928133134,0.801353924885));
#7165 = CARTESIAN_POINT('',(-55.03336295064,0.795399034447));
#7166 = CARTESIAN_POINT('',(-54.82928740293,0.792237837784));
#7167 = CARTESIAN_POINT('',(-54.63048759398,0.789062913207));
#7168 = CARTESIAN_POINT('',(-54.4370481242,0.785874585491));
#7169 = CARTESIAN_POINT('',(-54.24902711055,0.782673260603));
#7170 = CARTESIAN_POINT('',(-53.78411175858,0.774489572505));
#7171 = CARTESIAN_POINT('',(-53.51478711498,0.769489741247));
#7172 = CARTESIAN_POINT('',(-53.25857628879,0.764461903759));
#7173 = CARTESIAN_POINT('',(-53.01537092495,0.759408237431));
#7174 = CARTESIAN_POINT('',(-52.78480307271,0.754331234938));
#7175 = CARTESIAN_POINT('',(-52.27418645369,0.742424879364));
#7176 = CARTESIAN_POINT('',(-52.00350420519,0.735579202928));
#7177 = CARTESIAN_POINT('',(-51.7525323159,0.728703679499));
#7178 = CARTESIAN_POINT('',(-51.51861159711,0.721804959809));
#7179 = CARTESIAN_POINT('',(-51.2978683555,0.714889650703));
#7180 = CARTESIAN_POINT('',(-51.04447378797,0.706637693731));
#7181 = CARTESIAN_POINT('',(-51.00403394162,0.705310712944));
#7182 = CARTESIAN_POINT('',(-50.96385493413,0.703983407105));
#7183 = CARTESIAN_POINT('',(-50.92389936342,0.702655822074));
#7184 = CARTESIAN_POINT('',(-50.88412822819,0.701328004135));
#7185 = CARTESIAN_POINT('',(-50.844500928,0.7));
#7186 = ( GEOMETRIC_REPRESENTATION_CONTEXT(2) 
PARAMETRIC_REPRESENTATION_CONTEXT() REPRESENTATION_CONTEXT('2D SPACE',''
  ) );
#7187 = PCURVE('',#7188,#7231);
#7188 = ( BOUNDED_SURFACE() B_SPLINE_SURFACE(6,5,(
    (#7189,#7190,#7191,#7192,#7193,#7194)
    ,(#7195,#7196,#7197,#7198,#7199,#7200)
    ,(#7201,#7202,#7203,#7204,#7205,#7206)
    ,(#7207,#7208,#7209,#7210,#7211,#7212)
    ,(#7213,#7214,#7215,#7216,#7217,#7218)
    ,(#7219,#7220,#7221,#7222,#7223,#7224)
    ,(#7225,#7226,#7227,#7228,#7229,#7230
)),.UNSPECIFIED.,.T.,.F.,.F.) B_SPLINE_SURFACE_WITH_KNOTS((1,6,6,1),(6,6
    ),(-6.28318530718,0.,6.28318530718,12.566370614359),(0.,1.),
.UNSPECIFIED.) GEOMETRIC_REPRESENTATION_ITEM() RATIONAL_B_SPLINE_SURFACE
((
    (1.669078461068,1.669078461068,1.669078461068,1.669078461068
      ,1.669078461068,1.669078461068)
    ,(1.03672962321,1.03672962321,1.03672962321,1.03672962321
      ,1.03672962321,1.03672962321)
    ,(1.038346699848,1.038346699848,1.038346699848,1.038346699848
      ,1.038346699848,1.038346699848)
    ,(0.853534330196,0.853534330196,0.853534330196,0.853534330196
      ,0.853534330196,0.853534330196)
    ,(1.038346699848,1.038346699848,1.038346699848,1.038346699848
      ,1.038346699848,1.038346699848)
    ,(1.03672962321,1.03672962321,1.03672962321,1.03672962321
      ,1.03672962321,1.03672962321)
    ,(1.669078461068,1.669078461068,1.669078461068,1.669078461068
,1.669078461068,1.669078461068))) REPRESENTATION_ITEM('') SURFACE() );
#7189 = CARTESIAN_POINT('',(790.,45.254833995939,-104.6518036156));
#7190 = CARTESIAN_POINT('',(802.,45.404574255484,-104.8015438751));
#7191 = CARTESIAN_POINT('',(814.,45.55431451503,-104.9512841347));
#7192 = CARTESIAN_POINT('',(826.,48.083261120685,-107.4802307403));
#7193 = CARTESIAN_POINT('',(838.,48.083261120685,-107.4802307403));
#7194 = CARTESIAN_POINT('',(850.,48.083261120685,-107.4802307403));
#7195 = CARTESIAN_POINT('',(790.,73.452155019215,-132.8491246388));
#7196 = CARTESIAN_POINT('',(802.,73.601895278761,-132.9988648984));
#7197 = CARTESIAN_POINT('',(814.,73.751635538306,-133.1486051579));
#7198 = CARTESIAN_POINT('',(826.,76.280582143962,-135.6775517636));
#7199 = CARTESIAN_POINT('',(838.,76.280582143962,-135.6775517636));
#7200 = CARTESIAN_POINT('',(850.,76.280582143962,-135.6775517636));
#7201 = CARTESIAN_POINT('',(790.,138.51777865303,-75.88081181656));
#7202 = CARTESIAN_POINT('',(802.,138.66751891258,-76.03055207611));
#7203 = CARTESIAN_POINT('',(814.,138.81725917212,-76.18029233566));
#7204 = CARTESIAN_POINT('',(826.,141.34620577778,-78.70923894131));
#7205 = CARTESIAN_POINT('',(838.,141.34620577778,-78.70923894131));
#7206 = CARTESIAN_POINT('',(850.,141.34620577778,-78.70923894131));
#7207 = CARTESIAN_POINT('',(790.,156.5979259248,6.691288313256));
#7208 = CARTESIAN_POINT('',(802.,156.74766618435,6.541548053711));
#7209 = CARTESIAN_POINT('',(814.,156.89740644389,6.391807794165));
#7210 = CARTESIAN_POINT('',(826.,159.42635304955,3.86286118851));
#7211 = CARTESIAN_POINT('',(838.,159.42635304955,3.86286118851));
#7212 = CARTESIAN_POINT('',(850.,159.42635304955,3.86286118851));
#7213 = CARTESIAN_POINT('',(790.,74.025825794979,-11.38885895851));
#7214 = CARTESIAN_POINT('',(802.,74.175566054524,-11.53859921805));
#7215 = CARTESIAN_POINT('',(814.,74.32530631407,-11.6883394776));
#7216 = CARTESIAN_POINT('',(826.,76.854252919725,-14.21728608325));
#7217 = CARTESIAN_POINT('',(838.,76.854252919725,-14.21728608325));
#7218 = CARTESIAN_POINT('',(850.,76.854252919725,-14.21728608325));
#7219 = CARTESIAN_POINT('',(790.,17.057512972663,-76.45448259233));
#7220 = CARTESIAN_POINT('',(802.,17.207253232208,-76.60422285187));
#7221 = CARTESIAN_POINT('',(814.,17.356993491753,-76.75396311142));
#7222 = CARTESIAN_POINT('',(826.,19.885940097409,-79.28290971707));
#7223 = CARTESIAN_POINT('',(838.,19.885940097409,-79.28290971707));
#7224 = CARTESIAN_POINT('',(850.,19.885940097409,-79.28290971707));
#7225 = CARTESIAN_POINT('',(790.,45.254833995939,-104.6518036156));
#7226 = CARTESIAN_POINT('',(802.,45.404574255484,-104.8015438751));
#7227 = CARTESIAN_POINT('',(814.,45.55431451503,-104.9512841347));
#7228 = CARTESIAN_POINT('',(826.,48.083261120685,-107.4802307403));
#7229 = CARTESIAN_POINT('',(838.,48.083261120685,-107.4802307403));
#7230 = CARTESIAN_POINT('',(850.,48.083261120685,-107.4802307403));
#7231 = DEFINITIONAL_REPRESENTATION('',(#7232),#7290);
#7232 = B_SPLINE_CURVE_WITH_KNOTS('',6,(#7233,#7234,#7235,#7236,#7237,
    #7238,#7239,#7240,#7241,#7242,#7243,#7244,#7245,#7246,#7247,#7248,
    #7249,#7250,#7251,#7252,#7253,#7254,#7255,#7256,#7257,#7258,#7259,
    #7260,#7261,#7262,#7263,#7264,#7265,#7266,#7267,#7268,#7269,#7270,
    #7271,#7272,#7273,#7274,#7275,#7276,#7277,#7278,#7279,#7280,#7281,
    #7282,#7283,#7284,#7285,#7286,#7287,#7288,#7289),.UNSPECIFIED.,.F.,
  .F.,(7,5,5,5,5,5,5,5,5,5,5,7),(0.,8.796307981331E-02,0.151827223827,
    0.21800631485,0.286856404951,0.359713743197,0.437384139333,
    0.522457694316,0.617819132648,0.765286549917,0.962266734958,1.),
  .UNSPECIFIED.);
#7233 = CARTESIAN_POINT('',(4.283306979813,0.652406131653));
#7234 = CARTESIAN_POINT('',(4.277171080988,0.643860797971));
#7235 = CARTESIAN_POINT('',(4.271061772461,0.635281708772));
#7236 = CARTESIAN_POINT('',(4.264979494841,0.626668879997));
#7237 = CARTESIAN_POINT('',(4.25892499183,0.61802218711));
#7238 = CARTESIAN_POINT('',(4.25289931022,0.609341365098));
#7239 = CARTESIAN_POINT('',(4.242550857235,0.594298367942));
#7240 = CARTESIAN_POINT('',(4.23821381017,0.587952527374));
#7241 = CARTESIAN_POINT('',(4.233893167729,0.581588329703));
#7242 = CARTESIAN_POINT('',(4.229589506055,0.57520559663));
#7243 = CARTESIAN_POINT('',(4.2253034684,0.568804128619));
#7244 = CARTESIAN_POINT('',(4.216613366211,0.555730553714));
#7245 = CARTESIAN_POINT('',(4.212210651532,0.549057053371));
#7246 = CARTESIAN_POINT('',(4.207828411587,0.542362958513));
#7247 = CARTESIAN_POINT('',(4.203467502625,0.53564801884));
#7248 = CARTESIAN_POINT('',(4.199128846648,0.528911979107));
#7249 = CARTESIAN_POINT('',(4.190323845511,0.515124449332));
#7250 = CARTESIAN_POINT('',(4.185859409796,0.508071206353));
#7251 = CARTESIAN_POINT('',(4.181421237586,0.500994557215));
#7252 = CARTESIAN_POINT('',(4.177010504192,0.493894224157));
#7253 = CARTESIAN_POINT('',(4.172628446921,0.486769944632));
#7254 = CARTESIAN_POINT('',(4.163670981718,0.472056938783));
#7255 = CARTESIAN_POINT('',(4.15909915683,0.464465321388));
#7256 = CARTESIAN_POINT('',(4.15456243336,0.456846325731));
#7257 = CARTESIAN_POINT('',(4.150062405171,0.449199702807));
#7258 = CARTESIAN_POINT('',(4.145600717039,0.441525247995));
#7259 = CARTESIAN_POINT('',(4.136465312975,0.4256115195));
#7260 = CARTESIAN_POINT('',(4.131797045305,0.41736843383));
#7261 = CARTESIAN_POINT('',(4.127176323798,0.40909335005));
#7262 = CARTESIAN_POINT('',(4.122605220523,0.400786162228));
#7263 = CARTESIAN_POINT('',(4.118085817463,0.392446852504));
#7264 = CARTESIAN_POINT('',(4.108728958582,0.374906212432));
#7265 = CARTESIAN_POINT('',(4.103902208817,0.3656984901));
#7266 = CARTESIAN_POINT('',(4.099142724995,0.356452418777));
#7267 = CARTESIAN_POINT('',(4.094453157532,0.347168254825));
#7268 = CARTESIAN_POINT('',(4.089836039501,0.337846416284));
#7269 = CARTESIAN_POINT('',(4.080202234164,0.317996781489));
#7270 = CARTESIAN_POINT('',(4.075204709488,0.307459459279));
#7271 = CARTESIAN_POINT('',(4.070304549159,0.296876377357));
#7272 = CARTESIAN_POINT('',(4.06550474787,0.286248618303));
#7273 = CARTESIAN_POINT('',(4.060807789795,0.275577535342));
#7274 = CARTESIAN_POINT('',(4.049113907698,0.248298575018));
#7275 = CARTESIAN_POINT('',(4.042262469814,0.231632470824));
#7276 = CARTESIAN_POINT('',(4.035667980136,0.214873012531));
#7277 = CARTESIAN_POINT('',(4.029332839578,0.198027458102));
#7278 = CARTESIAN_POINT('',(4.023253456691,0.181104116459));
#7279 = CARTESIAN_POINT('',(4.00962482528,0.141416264546));
#7280 = CARTESIAN_POINT('',(4.002267064687,0.118597343094));
#7281 = CARTESIAN_POINT('',(3.995318816272,9.567893166193E-02));
#7282 = CARTESIAN_POINT('',(3.988727820899,7.268319936272E-02));
#7283 = CARTESIAN_POINT('',(3.982410334759,4.963216901069E-02));
#7284 = CARTESIAN_POINT('',(3.975069193563,2.212564576871E-02));
#7285 = CARTESIAN_POINT('',(3.973894751233,1.770237647892E-02));
#7286 = CARTESIAN_POINT('',(3.97272522871,1.327802368287E-02));
#7287 = CARTESIAN_POINT('',(3.971559759301,8.852740245792E-03));
#7288 = CARTESIAN_POINT('',(3.970397431983,4.426680451019E-03));
#7289 = CARTESIAN_POINT('',(3.969237291394,-5.684341900743E-15));
#7290 = ( GEOMETRIC_REPRESENTATION_CONTEXT(2) 
PARAMETRIC_REPRESENTATION_CONTEXT() REPRESENTATION_CONTEXT('2D SPACE',''
  ) );
#7291 = ORIENTED_EDGE('',*,*,#7292,.T.);
#7292 = EDGE_CURVE('',#7065,#7293,#7295,.T.);
#7293 = VERTEX_POINT('',#7294);
#7294 = CARTESIAN_POINT('',(656.56758590996,95.197320327698,
    -63.46488022182));
#7295 = SURFACE_CURVE('',#7296,(#7389,#7485),.PCURVE_S1.);
#7296 = B_SPLINE_CURVE_WITH_KNOTS('',7,(#7297,#7298,#7299,#7300,#7301,
    #7302,#7303,#7304,#7305,#7306,#7307,#7308,#7309,#7310,#7311,#7312,
    #7313,#7314,#7315,#7316,#7317,#7318,#7319,#7320,#7321,#7322,#7323,
    #7324,#7325,#7326,#7327,#7328,#7329,#7330,#7331,#7332,#7333,#7334,
    #7335,#7336,#7337,#7338,#7339,#7340,#7341,#7342,#7343,#7344,#7345,
    #7346,#7347,#7348,#7349,#7350,#7351,#7352,#7353,#7354,#7355,#7356,
    #7357,#7358,#7359,#7360,#7361,#7362,#7363,#7364,#7365,#7366,#7367,
    #7368,#7369,#7370,#7371,#7372,#7373,#7374,#7375,#7376,#7377,#7378,
    #7379,#7380,#7381,#7382,#7383,#7384,#7385,#7386,#7387,#7388),
  .UNSPECIFIED.,.F.,.F.,(8,6,6,6,6,6,6,6,6,6,6,6,6,6,6,8),(0.,
    9.061919398559E-02,0.224182065285,0.397379897544,0.568154872364,
    0.678972358459,0.751617064205,0.796751295475,0.833839038369,
    0.865059425284,0.891682750458,0.911958923655,0.929844490279,
    0.945721764686,0.959871134411,1.),.UNSPECIFIED.);
#7297 = CARTESIAN_POINT('',(790.,82.550276271096,-42.36327096341));
#7298 = CARTESIAN_POINT('',(788.19334954561,82.77146153006,
    -42.32094217122));
#7299 = CARTESIAN_POINT('',(786.3851143484,82.988866194227,
    -42.28477288387));
#7300 = CARTESIAN_POINT('',(784.57544305268,83.202711191787,
    -42.25465919857));
#7301 = CARTESIAN_POINT('',(782.76447088338,83.413197269404,
    -42.23051959721));
#7302 = CARTESIAN_POINT('',(780.95232040458,83.620507929889,
    -42.21229292748));
#7303 = CARTESIAN_POINT('',(779.13910227804,83.824812369877,
    -42.19993638386));
#7304 = CARTESIAN_POINT('',(774.65100206836,84.323192630306,
    -42.18382441148));
#7305 = CARTESIAN_POINT('',(771.97499591958,84.613928196769,
    -42.18691936017));
#7306 = CARTESIAN_POINT('',(769.29721192155,84.898978418239,
    -42.20262657788));
#7307 = CARTESIAN_POINT('',(766.61794218124,85.178789888549,
    -42.23094030744));
#7308 = CARTESIAN_POINT('',(763.93745825618,85.453762935858,
    -42.27192820665));
#7309 = CARTESIAN_POINT('',(761.2560128443,85.724262064513,
    -42.32572876346));
#7310 = CARTESIAN_POINT('',(755.09573214373,86.336034527532,
    -42.47919775763));
#7311 = CARTESIAN_POINT('',(751.61643846919,86.674485339958,
    -42.58774048518));
#7312 = CARTESIAN_POINT('',(748.13645670751,87.006717072389,
    -42.71863077058));
#7313 = CARTESIAN_POINT('',(744.65631752242,87.333381846329,
    -42.87252817985));
#7314 = CARTESIAN_POINT('',(741.17658880964,87.655071420459,
    -43.05029853685));
#7315 = CARTESIAN_POINT('',(737.69787909051,87.972336712601,
    -43.25305260485));
#7316 = CARTESIAN_POINT('',(730.79244397497,88.594681830034,
    -43.70818699336));
#7317 = CARTESIAN_POINT('',(727.36575996948,88.899862265366,
    -43.95983014655));
#7318 = CARTESIAN_POINT('',(723.9413638248,89.201749150103,
    -44.23852043787));
#7319 = CARTESIAN_POINT('',(720.520032976,89.500809776215,
    -44.54594640012));
#7320 = CARTESIAN_POINT('',(717.10275220758,89.797486427001,
    -44.88414249999));
#7321 = CARTESIAN_POINT('',(713.69073686594,90.092209271359,
    -45.25565746661));
#7322 = CARTESIAN_POINT('',(708.07576859268,90.575666918925,
    -45.92875557645));
#7323 = CARTESIAN_POINT('',(705.86897012065,90.765278740918,
    -46.20909084868));
#7324 = CARTESIAN_POINT('',(703.66547631808,90.954361441057,
    -46.50579261031));
#7325 = CARTESIAN_POINT('',(701.46582017628,91.143025712626,
    -46.81993216097));
#7326 = CARTESIAN_POINT('',(699.27067617975,91.331376232165,
    -47.15275247986));
#7327 = CARTESIAN_POINT('',(697.080879487,91.519512153743,
    -47.50574814508));
#7328 = CARTESIAN_POINT('',(693.46615124733,91.830776476407,
    -48.12666526369));
#7329 = CARTESIAN_POINT('',(692.03761307405,91.95397164214,
    -48.38200225832));
#7330 = CARTESIAN_POINT('',(690.61213127275,92.077138506963,
    -48.64734518836));
#7331 = CARTESIAN_POINT('',(689.19007008136,92.200298811129,
    -48.92329424383));
#7332 = CARTESIAN_POINT('',(687.77187537543,92.323469475241,
    -49.21053118321));
#7333 = CARTESIAN_POINT('',(686.35808551092,92.446661776009,
    -49.50985112317));
#7334 = CARTESIAN_POINT('',(684.07409936973,92.6464352477,-50.0162854929
    ));
#7335 = CARTESIAN_POINT('',(683.20081035116,92.722999781996,
    -50.2153892036));
#7336 = CARTESIAN_POINT('',(682.32963884314,92.799574194571,
    -50.41975627332));
#7337 = CARTESIAN_POINT('',(681.4607700819,92.876157220328,
    -50.62963796098));
#7338 = CARTESIAN_POINT('',(680.59442078485,92.952745144085,
    -50.84531313738));
#7339 = CARTESIAN_POINT('',(679.73084241802,93.029331428292,
    -51.067095795));
#7340 = CARTESIAN_POINT('',(678.16321888944,93.168829541739,
    -51.48289788434));
#7341 = CARTESIAN_POINT('',(677.45818618484,93.231744498117,
    -51.6748162173));
#7342 = CARTESIAN_POINT('',(676.75538622289,93.2946458343,
    -51.87129730358));
#7343 = CARTESIAN_POINT('',(676.05500667293,93.35752581033,
    -52.07255715532));
#7344 = CARTESIAN_POINT('',(675.35726617565,93.420373893603,
    -52.27883405368));
#7345 = CARTESIAN_POINT('',(674.66241751847,93.4831763306,
    -52.49039455256));
#7346 = CARTESIAN_POINT('',(673.38850722319,93.598729599829,
    -52.89033179735));
#7347 = CARTESIAN_POINT('',(672.80852484527,93.6514982258,
    -53.07707933398));
#7348 = CARTESIAN_POINT('',(672.2309758027,93.704211250312,
    -53.26796326861));
#7349 = CARTESIAN_POINT('',(671.65606168487,93.75685554701,
    -53.46317831262));
#7350 = CARTESIAN_POINT('',(671.08401677993,93.809414719455,
    -53.6629377839));
#7351 = CARTESIAN_POINT('',(670.51511130974,93.861868611171,
    -53.86747867842));
#7352 = CARTESIAN_POINT('',(669.46745901853,93.958812506723,
    -54.25579403522));
#7353 = CARTESIAN_POINT('',(668.98777807005,94.003337269888,
    -54.43818906784));
#7354 = CARTESIAN_POINT('',(668.51080257942,94.047752015393,
    -54.62441825952));
#7355 = CARTESIAN_POINT('',(668.03675551174,94.092038368095,
    -54.81465880099));
#7356 = CARTESIAN_POINT('',(667.56589524507,94.136174126996,
    -55.00910281894));
#7357 = CARTESIAN_POINT('',(667.09851877847,94.180132724745,
    -55.20796154118));
#7358 = CARTESIAN_POINT('',(666.28192500191,94.257202403457,
    -55.56646001122));
#7359 = CARTESIAN_POINT('',(665.9311068862,94.290400670071,
    -55.72414529031));
#7360 = CARTESIAN_POINT('',(665.58266046895,94.323463530723,
    -55.88462934127));
#7361 = CARTESIAN_POINT('',(665.23675679293,94.356374712244,
    -56.04802103925));
#7362 = CARTESIAN_POINT('',(664.89358956295,94.389115337661,
    -56.21443570484));
#7363 = CARTESIAN_POINT('',(664.55337664097,94.421663639304,
    -56.38399671658));
#7364 = CARTESIAN_POINT('',(663.91908129949,94.482513798793,
    -56.7092992903));
#7365 = CARTESIAN_POINT('',(663.62429317626,94.510863495363,
    -56.86431117023));
#7366 = CARTESIAN_POINT('',(663.33216367021,94.53902667406,
    -57.0219646542));
#7367 = CARTESIAN_POINT('',(663.04288181533,94.566983658014,
    -57.1823540296));
#7368 = CARTESIAN_POINT('',(662.75666023861,94.594711923818,
    -57.34557691644));
#7369 = CARTESIAN_POINT('',(662.4737362175,94.622185844294,
    -57.51173520347));
#7370 = CARTESIAN_POINT('',(661.94637774765,94.673513943557,
    -57.83113791601));
#7371 = CARTESIAN_POINT('',(661.70119254155,94.697427680367,
    -57.98373528955));
#7372 = CARTESIAN_POINT('',(661.45900018534,94.721097624803,
    -58.1388032204));
#7373 = CARTESIAN_POINT('',(661.22000696302,94.744500742198,
    -58.29641629042));
#7374 = CARTESIAN_POINT('',(660.98444237644,94.767610980111,
    -58.45664854787));
#7375 = CARTESIAN_POINT('',(660.75255914527,94.79039926833,
    -58.61957350738));
#7376 = CARTESIAN_POINT('',(660.3215121936,94.832826241309,
    -58.93292291038));
#7377 = CARTESIAN_POINT('',(660.12153735164,94.852537372339,
    -59.08277593684));
#7378 = CARTESIAN_POINT('',(659.92490366756,94.871944084585,
    -59.23487495382));
#7379 = CARTESIAN_POINT('',(659.73182698903,94.891020886677,
    -59.38926743113));
#7380 = CARTESIAN_POINT('',(659.54254294402,94.90973961364,
    -59.5459958735));
#7381 = CARTESIAN_POINT('',(659.35730585999,94.928069417287,
    -59.70509711015));
#7382 = CARTESIAN_POINT('',(658.66328769573,94.996763567534,
    -60.32464255658));
#7383 = CARTESIAN_POINT('',(658.18499131472,95.044145816476,
    -60.80195500911));
#7384 = CARTESIAN_POINT('',(657.74753721815,95.087375102549,
    -61.29935318873));
#7385 = CARTESIAN_POINT('',(657.35875583426,95.125462422997,
    -61.81670574502));
#7386 = CARTESIAN_POINT('',(657.02749411045,95.157239328483,
    -62.35262969204));
#7387 = CARTESIAN_POINT('',(656.76219944522,95.181468532783,
    -62.90399242681));
#7388 = CARTESIAN_POINT('',(656.5675859323,95.19732032994,-63.46488022)
  );
#7389 = PCURVE('',#3032,#7390);
#7390 = DEFINITIONAL_REPRESENTATION('',(#7391),#7484);
#7391 = B_SPLINE_CURVE_WITH_KNOTS('',7,(#7392,#7393,#7394,#7395,#7396,
    #7397,#7398,#7399,#7400,#7401,#7402,#7403,#7404,#7405,#7406,#7407,
    #7408,#7409,#7410,#7411,#7412,#7413,#7414,#7415,#7416,#7417,#7418,
    #7419,#7420,#7421,#7422,#7423,#7424,#7425,#7426,#7427,#7428,#7429,
    #7430,#7431,#7432,#7433,#7434,#7435,#7436,#7437,#7438,#7439,#7440,
    #7441,#7442,#7443,#7444,#7445,#7446,#7447,#7448,#7449,#7450,#7451,
    #7452,#7453,#7454,#7455,#7456,#7457,#7458,#7459,#7460,#7461,#7462,
    #7463,#7464,#7465,#7466,#7467,#7468,#7469,#7470,#7471,#7472,#7473,
    #7474,#7475,#7476,#7477,#7478,#7479,#7480,#7481,#7482,#7483),
  .UNSPECIFIED.,.F.,.F.,(8,6,6,6,6,6,6,6,6,6,6,6,6,6,6,8),(0.,
    9.061919398559E-02,0.224182065285,0.397379897544,0.568154872364,
    0.678972358459,0.751617064205,0.796751295475,0.833839038369,
    0.865059425284,0.891682750458,0.911958923655,0.929844490279,
    0.945721764686,0.959871134411,1.),.UNSPECIFIED.);
#7392 = CARTESIAN_POINT('',(-50.84450089334,0.7));
#7393 = CARTESIAN_POINT('',(-50.65330692642,0.690966747728));
#7394 = CARTESIAN_POINT('',(-50.47136925256,0.681925571742));
#7395 = CARTESIAN_POINT('',(-50.2984118813,0.672877215263));
#7396 = CARTESIAN_POINT('',(-50.13419625995,0.663822354417));
#7397 = CARTESIAN_POINT('',(-49.97851704054,0.654761602023));
#7398 = CARTESIAN_POINT('',(-49.83119784677,0.64569551139));
#7399 = CARTESIAN_POINT('',(-49.48705314166,0.623255010342));
#7400 = CARTESIAN_POINT('',(-49.29985090408,0.609874979598));
#7401 = CARTESIAN_POINT('',(-49.12999941698,0.596486059608));
#7402 = CARTESIAN_POINT('',(-48.97713544789,0.583089710906));
#7403 = CARTESIAN_POINT('',(-48.84100302808,0.569687291281));
#7404 = CARTESIAN_POINT('',(-48.72144303762,0.556280064222));
#7405 = CARTESIAN_POINT('',(-48.48473959855,0.525478660719));
#7406 = CARTESIAN_POINT('',(-48.37884541853,0.508082192346));
#7407 = CARTESIAN_POINT('',(-48.30054595699,0.490682283538));
#7408 = CARTESIAN_POINT('',(-48.24995394198,0.473281587612));
#7409 = CARTESIAN_POINT('',(-48.22743035752,0.455882944048));
#7410 = CARTESIAN_POINT('',(-48.23360858101,0.438489395453));
#7411 = CARTESIAN_POINT('',(-48.30481240848,0.403962219875));
#7412 = CARTESIAN_POINT('',(-48.36901508985,0.386828799847));
#7413 = CARTESIAN_POINT('',(-48.46299370473,0.369706819124));
#7414 = CARTESIAN_POINT('',(-48.58801783286,0.35260016488));
#7415 = CARTESIAN_POINT('',(-48.74571705681,0.335513761038));
#7416 = CARTESIAN_POINT('',(-48.93823968519,0.31845368433));
#7417 = CARTESIAN_POINT('',(-49.31800978624,0.290378842963));
#7418 = CARTESIAN_POINT('',(-49.48337578644,0.279344850603));
#7419 = CARTESIAN_POINT('',(-49.66546381042,0.26832738159));
#7420 = CARTESIAN_POINT('',(-49.86523789881,0.257329100881));
#7421 = CARTESIAN_POINT('',(-50.08383640731,0.246353380899));
#7422 = CARTESIAN_POINT('',(-50.32265146147,0.235404397435));
#7423 = CARTESIAN_POINT('',(-50.75444121761,0.217330756237));
#7424 = CARTESIAN_POINT('',(-50.93486656103,0.21018806537));
#7425 = CARTESIAN_POINT('',(-51.12524576879,0.203060656364));
#7426 = CARTESIAN_POINT('',(-51.3261533398,0.195950350407));
#7427 = CARTESIAN_POINT('',(-51.53824803158,0.188859376877));
#7428 = CARTESIAN_POINT('',(-51.76230519382,0.181790427555));
#7429 = CARTESIAN_POINT('',(-52.14649541904,0.170370496849));
#7430 = CARTESIAN_POINT('',(-52.29870179888,0.166004051756));
#7431 = CARTESIAN_POINT('',(-52.45611594571,0.161648194216));
#7432 = CARTESIAN_POINT('',(-52.61898675448,0.15730385041));
#7433 = CARTESIAN_POINT('',(-52.78759223162,0.152972103924));
#7434 = CARTESIAN_POINT('',(-52.96224725979,0.14865421209));
#7435 = CARTESIAN_POINT('',(-53.29209571504,0.140816094447));
#7436 = CARTESIAN_POINT('',(-53.44520626413,0.137290930924));
#7437 = CARTESIAN_POINT('',(-53.60284435905,0.133776931114));
#7438 = CARTESIAN_POINT('',(-53.76522908553,0.130275033365));
#7439 = CARTESIAN_POINT('',(-53.93260356663,0.126786330878));
#7440 = CARTESIAN_POINT('',(-54.10524126351,0.123312087592));
#7441 = CARTESIAN_POINT('',(-54.43347010467,0.116942536116));
#7442 = CARTESIAN_POINT('',(-54.58743563599,0.114042624226));
#7443 = CARTESIAN_POINT('',(-54.74553556344,0.111154879014));
#7444 = CARTESIAN_POINT('',(-54.90797188542,0.108280308424));
#7445 = CARTESIAN_POINT('',(-55.07496731983,0.1054200839));
#7446 = CARTESIAN_POINT('',(-55.24677071849,0.102575556549));
#7447 = CARTESIAN_POINT('',(-55.57450786503,9.733729509268E-02));
#7448 = CARTESIAN_POINT('',(-55.7290513319,9.493889035026E-02));
#7449 = CARTESIAN_POINT('',(-55.88746837127,9.255401289713E-02));
#7450 = CARTESIAN_POINT('',(-56.04994736737,9.018377755872E-02));
#7451 = CARTESIAN_POINT('',(-56.21669414659,8.782947622535E-02));
#7452 = CARTESIAN_POINT('',(-56.38793652447,8.549259389239E-02));
#7453 = CARTESIAN_POINT('',(-56.69796368758,8.140962500959E-02));
#7454 = CARTESIAN_POINT('',(-56.83475196535,7.965553443103E-02));
#7455 = CARTESIAN_POINT('',(-56.9744065385,7.791330234475E-02));
#7456 = CARTESIAN_POINT('',(-57.11704661116,7.618378396469E-02));
#7457 = CARTESIAN_POINT('',(-57.26279955649,7.446794781476E-02));
#7458 = CARTESIAN_POINT('',(-57.41180273425,7.276688320486E-02));
#7459 = CARTESIAN_POINT('',(-57.69863931181,6.959540649746E-02));
#7460 = CARTESIAN_POINT('',(-57.83571663729,6.812146588132E-02));
#7461 = CARTESIAN_POINT('',(-57.97554021908,6.666081835106E-02));
#7462 = CARTESIAN_POINT('',(-58.11821709952,6.521440907667E-02));
#7463 = CARTESIAN_POINT('',(-58.26385955277,6.378330119305E-02));
#7464 = CARTESIAN_POINT('',(-58.41258620844,6.236868108751E-02));
#7465 = CARTESIAN_POINT('',(-58.69939974201,5.973188873826E-02));
#7466 = CARTESIAN_POINT('',(-58.83680433063,5.850596270778E-02));
#7467 = CARTESIAN_POINT('',(-58.9768251658,5.729500092671E-02));
#7468 = CARTESIAN_POINT('',(-59.11955197612,5.610003481513E-02));
#7469 = CARTESIAN_POINT('',(-59.26507599425,5.492221188223E-02));
#7470 = CARTESIAN_POINT('',(-59.41348995689,5.376279572636E-02));
#7471 = CARTESIAN_POINT('',(-59.69980983318,5.160756096804E-02));
#7472 = CARTESIAN_POINT('',(-59.83709963997,5.06076867582E-02));
#7473 = CARTESIAN_POINT('',(-59.97682439268,4.962451833785E-02));
#7474 = CARTESIAN_POINT('',(-60.11904849641,4.865913494519E-02));
#7475 = CARTESIAN_POINT('',(-60.26383320647,4.771271472011E-02));
#7476 = CARTESIAN_POINT('',(-60.41123594086,4.678652929995E-02));
#7477 = CARTESIAN_POINT('',(-60.986931733,4.331643847866E-02));
#7478 = CARTESIAN_POINT('',(-61.4339825789,4.09249565736E-02));
#7479 = CARTESIAN_POINT('',(-61.90377777251,3.873768609076E-02));
#7480 = CARTESIAN_POINT('',(-62.39685033792,3.679377917131E-02));
#7481 = CARTESIAN_POINT('',(-62.91260800667,3.513747055228E-02));
#7482 = CARTESIAN_POINT('',(-63.44876805737,3.381099722612E-02));
#7483 = CARTESIAN_POINT('',(-64.,3.283792966151E-02));
#7484 = ( GEOMETRIC_REPRESENTATION_CONTEXT(2) 
PARAMETRIC_REPRESENTATION_CONTEXT() REPRESENTATION_CONTEXT('2D SPACE',''
  ) );
#7485 = PCURVE('',#7486,#7517);
#7486 = B_SPLINE_SURFACE_WITH_KNOTS('',14,1,(
    (#7487,#7488)
    ,(#7489,#7490)
    ,(#7491,#7492)
    ,(#7493,#7494)
    ,(#7495,#7496)
    ,(#7497,#7498)
    ,(#7499,#7500)
    ,(#7501,#7502)
    ,(#7503,#7504)
    ,(#7505,#7506)
    ,(#7507,#7508)
    ,(#7509,#7510)
    ,(#7511,#7512)
    ,(#7513,#7514)
    ,(#7515,#7516
    )),.UNSPECIFIED.,.T.,.F.,.F.,(15,15),(2,2),(0.,6.28318530718),(0.,1.
    ),.PIECEWISE_BEZIER_KNOTS.);
#7487 = CARTESIAN_POINT('',(620.,53.740115370178,-86.26702730475));
#7488 = CARTESIAN_POINT('',(790.,45.254833995939,-104.6518036156));
#7489 = CARTESIAN_POINT('',(620.,60.087090996117,-92.6140029307));
#7490 = CARTESIAN_POINT('',(790.00000000006,52.871204747067,
    -112.2681743667));
#7491 = CARTESIAN_POINT('',(620.00000000002,69.961846126941,
    -95.43320373743));
#7492 = CARTESIAN_POINT('',(789.99999999972,66.929606170715,
    -113.4425200681));
#7493 = CARTESIAN_POINT('',(619.99999999971,81.758149764929,
    -93.11838970741));
#7494 = CARTESIAN_POINT('',(790.0000000006,85.502563893288,
    -106.2473498752));
#7495 = CARTESIAN_POINT('',(620.00000000113,92.814833309589,
    -85.11862068125));
#7496 = CARTESIAN_POINT('',(789.99999999916,104.73608234285,
    -90.68212884745));
#7497 = CARTESIAN_POINT('',(619.9999999972,99.991529689173,
    -72.51358617865));
#7498 = CARTESIAN_POINT('',(790.0000000007,119.54065983995,
    -69.36354560363));
#7499 = CARTESIAN_POINT('',(620.00000000493,100.71015286079,
    -58.13106871239));
#7500 = CARTESIAN_POINT('',(789.99999999985,125.13032123651,
    -47.37721105212));
#7501 = CARTESIAN_POINT('',(619.99999999335,94.135752469229,
    -45.8713902042));
#7502 = CARTESIAN_POINT('',(789.99999999945,119.02078000367,
    -30.88585760708));
#7503 = CARTESIAN_POINT('',(620.00000000701,81.876073963874,
    -39.29698981549));
#7504 = CARTESIAN_POINT('',(790.000000001,102.5294265601,-24.77631637573
    ));
#7505 = CARTESIAN_POINT('',(619.99999999413,67.493556495323,
    -40.01561298478));
#7506 = CARTESIAN_POINT('',(789.99999999893,80.543092007479,
    -30.36597777113));
#7507 = CARTESIAN_POINT('',(620.00000000386,54.888521994232,
    -47.19230936591));
#7508 = CARTESIAN_POINT('',(790.0000000008,59.224508764295,
    -45.17055526891));
#7509 = CARTESIAN_POINT('',(619.99999999803,46.888752967278,
    -58.24899290975));
#7510 = CARTESIAN_POINT('',(789.99999999955,43.659287736184,
    -64.40407371818));
#7511 = CARTESIAN_POINT('',(620.00000000071,44.573938937582,
    -70.04529654807));
#7512 = CARTESIAN_POINT('',(790.00000000017,36.464117543451,
    -82.97703144084));
#7513 = CARTESIAN_POINT('',(619.99999999984,47.39313974422,
    -79.9200516788));
#7514 = CARTESIAN_POINT('',(789.99999999996,37.638463244799,
    -97.03543286447));
#7515 = CARTESIAN_POINT('',(620.,53.740115370178,-86.26702730475));
#7516 = CARTESIAN_POINT('',(790.,45.254833995939,-104.6518036156));
#7517 = DEFINITIONAL_REPRESENTATION('',(#7518),#7611);
#7518 = B_SPLINE_CURVE_WITH_KNOTS('',7,(#7519,#7520,#7521,#7522,#7523,
    #7524,#7525,#7526,#7527,#7528,#7529,#7530,#7531,#7532,#7533,#7534,
    #7535,#7536,#7537,#7538,#7539,#7540,#7541,#7542,#7543,#7544,#7545,
    #7546,#7547,#7548,#7549,#7550,#7551,#7552,#7553,#7554,#7555,#7556,
    #7557,#7558,#7559,#7560,#7561,#7562,#7563,#7564,#7565,#7566,#7567,
    #7568,#7569,#7570,#7571,#7572,#7573,#7574,#7575,#7576,#7577,#7578,
    #7579,#7580,#7581,#7582,#7583,#7584,#7585,#7586,#7587,#7588,#7589,
    #7590,#7591,#7592,#7593,#7594,#7595,#7596,#7597,#7598,#7599,#7600,
    #7601,#7602,#7603,#7604,#7605,#7606,#7607,#7608,#7609,#7610),
  .UNSPECIFIED.,.F.,.F.,(8,6,6,6,6,6,6,6,6,6,6,6,6,6,6,8),(0.,
    9.061919398559E-02,0.224182065285,0.397379897544,0.568154872364,
    0.678972358459,0.751617064205,0.796751295475,0.833839038369,
    0.865059425284,0.891682750458,0.911958923655,0.929844490279,
    0.945721764686,0.959871134411,1.),.UNSPECIFIED.);
#7519 = CARTESIAN_POINT('',(3.969276069457,1.));
#7520 = CARTESIAN_POINT('',(3.958833922541,0.989372644386));
#7521 = CARTESIAN_POINT('',(3.948381147973,0.978735966755));
#7522 = CARTESIAN_POINT('',(3.937910346337,0.968090841486));
#7523 = CARTESIAN_POINT('',(3.927414454868,0.95743806402));
#7524 = CARTESIAN_POINT('',(3.916886653448,0.946778355321));
#7525 = CARTESIAN_POINT('',(3.906320270599,0.936112366341));
#7526 = CARTESIAN_POINT('',(3.880068370405,0.909711776873));
#7527 = CARTESIAN_POINT('',(3.864329930785,0.893970564233));
#7528 = CARTESIAN_POINT('',(3.848472192964,0.878218893656));
#7529 = CARTESIAN_POINT('',(3.832474443579,0.862458483419));
#7530 = CARTESIAN_POINT('',(3.816315939294,0.846690930919));
#7531 = CARTESIAN_POINT('',(3.79997541253,0.830917722614));
#7532 = CARTESIAN_POINT('',(3.761976042973,0.794680777316));
#7533 = CARTESIAN_POINT('',(3.740178157308,0.774214343936));
#7534 = CARTESIAN_POINT('',(3.717988290106,0.753743862985));
#7535 = CARTESIAN_POINT('',(3.6953552296,0.733272456014));
#7536 = CARTESIAN_POINT('',(3.672223724248,0.712803463586));
#7537 = CARTESIAN_POINT('',(3.648531865249,0.692340465238));
#7538 = CARTESIAN_POINT('',(3.600223042145,0.651720258676));
#7539 = CARTESIAN_POINT('',(3.5756241558,0.631563293938));
#7540 = CARTESIAN_POINT('',(3.550341254197,0.611419787205));
#7541 = CARTESIAN_POINT('',(3.52429503102,0.591294311623));
#7542 = CARTESIAN_POINT('',(3.497394467061,0.571192660045));
#7543 = CARTESIAN_POINT('',(3.469529132326,0.551121981564));
#7544 = CARTESIAN_POINT('',(3.42175438587,0.518092756428));
#7545 = CARTESIAN_POINT('',(3.402486990495,0.505111588945));
#7546 = CARTESIAN_POINT('',(3.382714188336,0.492149860695));
#7547 = CARTESIAN_POINT('',(3.362391049718,0.479210706919));
#7548 = CARTESIAN_POINT('',(3.341465905256,0.466298095175));
#7549 = CARTESIAN_POINT('',(3.31987685882,0.453416938159));
#7550 = CARTESIAN_POINT('',(3.282907084117,0.432153830867));
#7551 = CARTESIAN_POINT('',(3.267949756134,0.423750665141));
#7552 = CARTESIAN_POINT('',(3.252651853925,0.415365478075));
#7553 = CARTESIAN_POINT('',(3.236988614522,0.407000412243));
#7554 = CARTESIAN_POINT('',(3.220931972204,0.398658090444));
#7555 = CARTESIAN_POINT('',(3.204449184559,0.390341679476));
#7556 = CARTESIAN_POINT('',(3.176970467644,0.376906466881));
#7557 = CARTESIAN_POINT('',(3.166260647826,0.371769472654));
#7558 = CARTESIAN_POINT('',(3.155361628525,0.366644934371));
#7559 = CARTESIAN_POINT('',(3.144263064882,0.361533941658));
#7560 = CARTESIAN_POINT('',(3.132953484849,0.356437769323));
#7561 = CARTESIAN_POINT('',(3.121419965997,0.351357896577));
#7562 = CARTESIAN_POINT('',(3.099974379422,0.342136581703));
#7563 = CARTESIAN_POINT('',(3.090139902845,0.337989330499));
#7564 = CARTESIAN_POINT('',(3.080136145316,0.333855213076));
#7565 = CARTESIAN_POINT('',(3.06995422157,0.32973533337));
#7566 = CARTESIAN_POINT('',(3.059584340682,0.325630977504));
#7567 = CARTESIAN_POINT('',(3.049015548389,0.321543632462));
#7568 = CARTESIAN_POINT('',(3.029160814276,0.314050042489));
#7569 = CARTESIAN_POINT('',(3.019936537426,0.310638381443));
#7570 = CARTESIAN_POINT('',(3.010555179878,0.307241034134));
#7571 = CARTESIAN_POINT('',(3.001008749944,0.303859186382));
#7572 = CARTESIAN_POINT('',(2.991288505983,0.300494216353));
#7573 = CARTESIAN_POINT('',(2.981384739147,0.297147713587));
#7574 = CARTESIAN_POINT('',(2.962675279644,0.29098505305));
#7575 = CARTESIAN_POINT('',(2.953922746623,0.288163400412));
#7576 = CARTESIAN_POINT('',(2.945022129238,0.285357662232));
#7577 = CARTESIAN_POINT('',(2.935966186284,0.282569150069));
#7578 = CARTESIAN_POINT('',(2.926747084837,0.279799383795));
#7579 = CARTESIAN_POINT('',(2.91735622192,0.277050110462));
#7580 = CARTESIAN_POINT('',(2.900493928399,0.272246617658));
#7581 = CARTESIAN_POINT('',(2.893098735453,0.270182981684));
#7582 = CARTESIAN_POINT('',(2.885594228533,0.268133296876));
#7583 = CARTESIAN_POINT('',(2.877975991127,0.26609856937));
#7584 = CARTESIAN_POINT('',(2.87023935976,0.264079938606));
#7585 = CARTESIAN_POINT('',(2.862379354732,0.262078686123));
#7586 = CARTESIAN_POINT('',(2.847343756527,0.258347537056));
#7587 = CARTESIAN_POINT('',(2.840196822216,0.256613489272));
#7588 = CARTESIAN_POINT('',(2.832946099706,0.254895080413));
#7589 = CARTESIAN_POINT('',(2.825587807711,0.253193422443));
#7590 = CARTESIAN_POINT('',(2.818118051052,0.251509766109));
#7591 = CARTESIAN_POINT('',(2.810532779824,0.249845507162));
#7592 = CARTESIAN_POINT('',(2.795987883485,0.246743398516));
#7593 = CARTESIAN_POINT('',(2.789053740265,0.245301132597));
#7594 = CARTESIAN_POINT('',(2.782022341642,0.243876471678));
#7595 = CARTESIAN_POINT('',(2.774890758901,0.242470629194));
#7596 = CARTESIAN_POINT('',(2.767656111856,0.241084955156));
#7597 = CARTESIAN_POINT('',(2.760315568849,0.239720936149));
#7598 = CARTESIAN_POINT('',(2.746227812797,0.237185365845));
#7599 = CARTESIAN_POINT('',(2.73950306561,0.236009043245));
#7600 = CARTESIAN_POINT('',(2.732690130003,0.234852374515));
#7601 = CARTESIAN_POINT('',(2.725787236745,0.233716629347));
#7602 = CARTESIAN_POINT('',(2.718792849867,0.232603193788));
#7603 = CARTESIAN_POINT('',(2.711705693952,0.231513563882));
#7604 = CARTESIAN_POINT('',(2.684159078406,0.227431104094));
#7605 = CARTESIAN_POINT('',(2.663041863998,0.224617595959));
#7606 = CARTESIAN_POINT('',(2.641145229671,0.222044336604));
#7607 = CARTESIAN_POINT('',(2.618483715041,0.219757387218));
#7608 = CARTESIAN_POINT('',(2.595125748221,0.217808788925));
#7609 = CARTESIAN_POINT('',(2.571213002548,0.216248232008));
#7610 = CARTESIAN_POINT('',(2.547000732218,0.215103446668));
#7611 = ( GEOMETRIC_REPRESENTATION_CONTEXT(2) 
PARAMETRIC_REPRESENTATION_CONTEXT() REPRESENTATION_CONTEXT('2D SPACE',''
  ) );
#7612 = ORIENTED_EDGE('',*,*,#7613,.F.);
#7613 = EDGE_CURVE('',#3018,#7293,#7614,.T.);
#7614 = SURFACE_CURVE('',#7615,(#7618,#7625),.PCURVE_S1.);
#7615 = B_SPLINE_CURVE_WITH_KNOTS('',1,(#7616,#7617),.UNSPECIFIED.,.F.,
  .F.,(2,2),(0.,1.),.PIECEWISE_BEZIER_KNOTS.);
#7616 = CARTESIAN_POINT('',(650.,95.999999994858,-64.));
#7617 = CARTESIAN_POINT('',(850.,71.556325312401,-47.70421687635));
#7618 = PCURVE('',#3032,#7619);
#7619 = DEFINITIONAL_REPRESENTATION('',(#7620),#7624);
#7620 = LINE('',#7621,#7622);
#7621 = CARTESIAN_POINT('',(-64.,0.));
#7622 = VECTOR('',#7623,1.);
#7623 = DIRECTION('',(0.,1.));
#7624 = ( GEOMETRIC_REPRESENTATION_CONTEXT(2) 
PARAMETRIC_REPRESENTATION_CONTEXT() REPRESENTATION_CONTEXT('2D SPACE',''
  ) );
#7625 = PCURVE('',#3099,#7626);
#7626 = DEFINITIONAL_REPRESENTATION('',(#7627),#7631);
#7627 = LINE('',#7628,#7629);
#7628 = CARTESIAN_POINT('',(1.570796326795,0.));
#7629 = VECTOR('',#7630,1.);
#7630 = DIRECTION('',(0.,1.));
#7631 = ( GEOMETRIC_REPRESENTATION_CONTEXT(2) 
PARAMETRIC_REPRESENTATION_CONTEXT() REPRESENTATION_CONTEXT('2D SPACE',''
  ) );
#7632 = ADVANCED_FACE('',(#7633),#3099,.T.);
#7633 = FACE_BOUND('',#7634,.T.);
#7634 = EDGE_LOOP('',(#7635,#7657,#7658,#7659));
#7635 = ORIENTED_EDGE('',*,*,#7636,.F.);
#7636 = EDGE_CURVE('',#3084,#7637,#7639,.T.);
#7637 = VERTEX_POINT('',#7638);
#7638 = CARTESIAN_POINT('',(656.08199551122,90.455122461053,
    -80.01799295498));
#7639 = SURFACE_CURVE('',#7640,(#7643,#7650),.PCURVE_S1.);
#7640 = B_SPLINE_CURVE_WITH_KNOTS('',1,(#7641,#7642),.UNSPECIFIED.,.F.,
  .F.,(2,2),(0.,1.),.PIECEWISE_BEZIER_KNOTS.);
#7641 = CARTESIAN_POINT('',(650.,91.271878947107,-80.74050830811));
#7642 = CARTESIAN_POINT('',(850.,64.413704371117,-56.98135387291));
#7643 = PCURVE('',#3099,#7644);
#7644 = DEFINITIONAL_REPRESENTATION('',(#7645),#7649);
#7645 = LINE('',#7646,#7647);
#7646 = CARTESIAN_POINT('',(1.020264107797,0.));
#7647 = VECTOR('',#7648,1.);
#7648 = DIRECTION('',(0.,1.));
#7649 = ( GEOMETRIC_REPRESENTATION_CONTEXT(2) 
PARAMETRIC_REPRESENTATION_CONTEXT() REPRESENTATION_CONTEXT('2D SPACE',''
  ) );
#7650 = PCURVE('',#3354,#7651);
#7651 = DEFINITIONAL_REPRESENTATION('',(#7652),#7656);
#7652 = LINE('',#7653,#7654);
#7653 = CARTESIAN_POINT('',(1.020264107797,0.));
#7654 = VECTOR('',#7655,1.);
#7655 = DIRECTION('',(0.,1.));
#7656 = ( GEOMETRIC_REPRESENTATION_CONTEXT(2) 
PARAMETRIC_REPRESENTATION_CONTEXT() REPRESENTATION_CONTEXT('2D SPACE',''
  ) );
#7657 = ORIENTED_EDGE('',*,*,#3083,.T.);
#7658 = ORIENTED_EDGE('',*,*,#7613,.T.);
#7659 = ORIENTED_EDGE('',*,*,#7660,.T.);
#7660 = EDGE_CURVE('',#7293,#7637,#7661,.T.);
#7661 = SURFACE_CURVE('',#7662,(#7689,#7719),.PCURVE_S1.);
#7662 = B_SPLINE_CURVE_WITH_KNOTS('',5,(#7663,#7664,#7665,#7666,#7667,
    #7668,#7669,#7670,#7671,#7672,#7673,#7674,#7675,#7676,#7677,#7678,
    #7679,#7680,#7681,#7682,#7683,#7684,#7685,#7686,#7687,#7688),
  .UNSPECIFIED.,.F.,.F.,(6,4,4,4,4,4,6),(0.,0.149111440501,
    0.293180461737,0.469706504157,0.645230009079,0.820862938978,1.),
  .UNSPECIFIED.);
#7663 = CARTESIAN_POINT('',(656.56758590996,95.197320327698,
    -63.46488022182));
#7664 = CARTESIAN_POINT('',(656.39986544293,95.211874319432,
    -63.96201202686));
#7665 = CARTESIAN_POINT('',(656.25213194966,95.215126259697,
    -64.46621873347));
#7666 = CARTESIAN_POINT('',(656.12377241277,95.206430030925,
    -64.97571845905));
#7667 = CARTESIAN_POINT('',(656.01354394106,95.185447552292,
    -65.48885383607));
#7668 = CARTESIAN_POINT('',(655.82962629459,95.119822654074,
    -66.50212054745));
#7669 = CARTESIAN_POINT('',(655.75482647661,95.076003438689,
    -67.00211222839));
#7670 = CARTESIAN_POINT('',(655.69428979696,95.020510860431,
    -67.50291891614));
#7671 = CARTESIAN_POINT('',(655.64653378854,94.953429522985,
    -68.00352339892));
#7672 = CARTESIAN_POINT('',(655.56555120342,94.778709653007,
    -69.11536912093));
#7673 = CARTESIAN_POINT('',(655.53802369746,94.665341979511,
    -69.72610504875));
#7674 = CARTESIAN_POINT('',(655.52493264738,94.535093990573,
    -70.33399693264));
#7675 = CARTESIAN_POINT('',(655.52381192958,94.38842382642,
    -70.93806132456));
#7676 = CARTESIAN_POINT('',(655.54118510968,94.064020676628,
    -72.13386927269));
#7677 = CARTESIAN_POINT('',(655.55956591006,93.886476172167,
    -72.72563660566));
#7678 = CARTESIAN_POINT('',(655.58555361334,93.693555938146,
    -73.31233823163));
#7679 = CARTESIAN_POINT('',(655.6173325017,93.48571374749,
    -73.89350660375));
#7680 = CARTESIAN_POINT('',(655.68939635731,93.040847568535,
    -75.04447996005));
#7681 = CARTESIAN_POINT('',(655.72968532155,92.803811277367,
    -75.61426282032));
#7682 = CARTESIAN_POINT('',(655.77266608676,92.552648224402,
    -76.17782405385));
#7683 = CARTESIAN_POINT('',(655.8170393334,92.287753225115,
    -76.73486831422));
#7684 = CARTESIAN_POINT('',(655.90726918431,91.725668121874,
    -77.84638486299));
#7685 = CARTESIAN_POINT('',(655.95313710588,91.42794265598,
    -78.40057716501));
#7686 = CARTESIAN_POINT('',(655.99814962933,91.116696286854,
    -78.94743406302));
#7687 = CARTESIAN_POINT('',(656.0413589322,90.792302930168,
    -79.48666942977));
#7688 = CARTESIAN_POINT('',(656.08199551122,90.455122461053,
    -80.01799295498));
#7689 = PCURVE('',#3099,#7690);
#7690 = DEFINITIONAL_REPRESENTATION('',(#7691),#7718);
#7691 = B_SPLINE_CURVE_WITH_KNOTS('',5,(#7692,#7693,#7694,#7695,#7696,
    #7697,#7698,#7699,#7700,#7701,#7702,#7703,#7704,#7705,#7706,#7707,
    #7708,#7709,#7710,#7711,#7712,#7713,#7714,#7715,#7716,#7717),
  .UNSPECIFIED.,.F.,.F.,(6,4,4,4,4,4,6),(0.,0.149111440501,
    0.293180461737,0.469706504157,0.645230009079,0.820862938978,1.),
  .UNSPECIFIED.);
#7692 = CARTESIAN_POINT('',(1.570796326795,3.283792954981E-02));
#7693 = CARTESIAN_POINT('',(1.555463145103,3.199932721468E-02));
#7694 = CARTESIAN_POINT('',(1.539867612541,3.126065974832E-02));
#7695 = CARTESIAN_POINT('',(1.524057509215,3.061886206387E-02));
#7696 = CARTESIAN_POINT('',(1.508076548131,3.006771970532E-02));
#7697 = CARTESIAN_POINT('',(1.476391627454,2.914813147297E-02));
#7698 = CARTESIAN_POINT('',(1.460696345958,2.877413238309E-02));
#7699 = CARTESIAN_POINT('',(1.44490814798,2.847144898483E-02));
#7700 = CARTESIAN_POINT('',(1.429052314852,2.823266894271E-02));
#7701 = CARTESIAN_POINT('',(1.393657316298,2.78277560171E-02));
#7702 = CARTESIAN_POINT('',(1.374093814737,2.769011848733E-02));
#7703 = CARTESIAN_POINT('',(1.354487674224,2.762466323691E-02));
#7704 = CARTESIAN_POINT('',(1.334859250044,2.761905964793E-02));
#7705 = CARTESIAN_POINT('',(1.295688518563,2.770592554841E-02));
#7706 = CARTESIAN_POINT('',(1.276147225813,2.779782955032E-02));
#7707 = CARTESIAN_POINT('',(1.256604016672,2.792776806671E-02));
#7708 = CARTESIAN_POINT('',(1.237064019534,2.808666250853E-02));
#7709 = CARTESIAN_POINT('',(1.197979578072,2.844698178657E-02));
#7710 = CARTESIAN_POINT('',(1.178435639546,2.864842660776E-02));
#7711 = CARTESIAN_POINT('',(1.158897070645,2.886333043383E-02));
#7712 = CARTESIAN_POINT('',(1.139363673868,2.908519666703E-02));
#7713 = CARTESIAN_POINT('',(1.099914525564,2.953634592156E-02));
#7714 = CARTESIAN_POINT('',(1.079999166089,2.976568552942E-02));
#7715 = CARTESIAN_POINT('',(1.060086441689,2.999074814668E-02));
#7716 = CARTESIAN_POINT('',(1.040175151784,3.020679466101E-02));
#7717 = CARTESIAN_POINT('',(1.020264107797,3.040997755612E-02));
#7718 = ( GEOMETRIC_REPRESENTATION_CONTEXT(2) 
PARAMETRIC_REPRESENTATION_CONTEXT() REPRESENTATION_CONTEXT('2D SPACE',''
  ) );
#7719 = PCURVE('',#7486,#7720);
#7720 = DEFINITIONAL_REPRESENTATION('',(#7721),#7748);
#7721 = B_SPLINE_CURVE_WITH_KNOTS('',5,(#7722,#7723,#7724,#7725,#7726,
    #7727,#7728,#7729,#7730,#7731,#7732,#7733,#7734,#7735,#7736,#7737,
    #7738,#7739,#7740,#7741,#7742,#7743,#7744,#7745,#7746,#7747),
  .UNSPECIFIED.,.F.,.F.,(6,4,4,4,4,4,6),(0.,0.149111440501,
    0.293180461737,0.469706504157,0.645230009079,0.820862938978,1.),
  .UNSPECIFIED.);
#7722 = CARTESIAN_POINT('',(2.547000732012,0.215103446529));
#7723 = CARTESIAN_POINT('',(2.525535043917,0.214116855547));
#7724 = CARTESIAN_POINT('',(2.503905583541,0.213247834998));
#7725 = CARTESIAN_POINT('',(2.482179826834,0.212492778899));
#7726 = CARTESIAN_POINT('',(2.460414330953,0.211844376124));
#7727 = CARTESIAN_POINT('',(2.417628489932,0.210762507615));
#7728 = CARTESIAN_POINT('',(2.396607530661,0.210322508686));
#7729 = CARTESIAN_POINT('',(2.375629416689,0.20996641057));
#7730 = CARTESIAN_POINT('',(2.35472095887,0.209685492874));
#7731 = CARTESIAN_POINT('',(2.308384415925,0.209209124726));
#7732 = CARTESIAN_POINT('',(2.283000257167,0.20904719822));
#7733 = CARTESIAN_POINT('',(2.257774173402,0.208970192043));
#7734 = CARTESIAN_POINT('',(2.232718159529,0.208963599586));
#7735 = CARTESIAN_POINT('',(2.183085044754,0.209065794763));
#7736 = CARTESIAN_POINT('',(2.158507128518,0.209173917118));
#7737 = CARTESIAN_POINT('',(2.134096320191,0.209326785961));
#7738 = CARTESIAN_POINT('',(2.109846108251,0.209513720598));
#7739 = CARTESIAN_POINT('',(2.061628994288,0.209937625631));
#7740 = CARTESIAN_POINT('',(2.037662893825,0.210174619539));
#7741 = CARTESIAN_POINT('',(2.013835711895,0.210427447569));
#7742 = CARTESIAN_POINT('',(1.990135467138,0.210688466667));
#7743 = CARTESIAN_POINT('',(1.94249191006,0.211219230495));
#7744 = CARTESIAN_POINT('',(1.918553476953,0.211489041804));
#7745 = CARTESIAN_POINT('',(1.894719960826,0.211753821342));
#7746 = CARTESIAN_POINT('',(1.870978298905,0.212007993725));
#7747 = CARTESIAN_POINT('',(1.84731565958,0.212247032416));
#7748 = ( GEOMETRIC_REPRESENTATION_CONTEXT(2) 
PARAMETRIC_REPRESENTATION_CONTEXT() REPRESENTATION_CONTEXT('2D SPACE',''
  ) );
#7749 = ADVANCED_FACE('',(#7750),#3183,.T.);
#7750 = FACE_BOUND('',#7751,.T.);
#7751 = EDGE_LOOP('',(#7752,#7774,#7775,#7797));
#7752 = ORIENTED_EDGE('',*,*,#7753,.F.);
#7753 = EDGE_CURVE('',#3168,#7754,#7756,.T.);
#7754 = VERTEX_POINT('',#7755);
#7755 = CARTESIAN_POINT('',(656.56758604591,-95.19732031611,
    -63.46488020568));
#7756 = SURFACE_CURVE('',#7757,(#7760,#7767),.PCURVE_S1.);
#7757 = B_SPLINE_CURVE_WITH_KNOTS('',1,(#7758,#7759),.UNSPECIFIED.,.F.,
  .F.,(2,2),(0.,1.),.PIECEWISE_BEZIER_KNOTS.);
#7758 = CARTESIAN_POINT('',(650.,-96.,-63.99999999485));
#7759 = CARTESIAN_POINT('',(850.,-71.55632531432,-47.70421687347));
#7760 = PCURVE('',#3183,#7761);
#7761 = DEFINITIONAL_REPRESENTATION('',(#7762),#7766);
#7762 = LINE('',#7763,#7764);
#7763 = CARTESIAN_POINT('',(4.712388980385,0.));
#7764 = VECTOR('',#7765,1.);
#7765 = DIRECTION('',(0.,1.));
#7766 = ( GEOMETRIC_REPRESENTATION_CONTEXT(2) 
PARAMETRIC_REPRESENTATION_CONTEXT() REPRESENTATION_CONTEXT('2D SPACE',''
  ) );
#7767 = PCURVE('',#3245,#7768);
#7768 = DEFINITIONAL_REPRESENTATION('',(#7769),#7773);
#7769 = LINE('',#7770,#7771);
#7770 = CARTESIAN_POINT('',(63.999999994858,0.));
#7771 = VECTOR('',#7772,1.);
#7772 = DIRECTION('',(0.,1.));
#7773 = ( GEOMETRIC_REPRESENTATION_CONTEXT(2) 
PARAMETRIC_REPRESENTATION_CONTEXT() REPRESENTATION_CONTEXT('2D SPACE',''
  ) );
#7774 = ORIENTED_EDGE('',*,*,#3167,.T.);
#7775 = ORIENTED_EDGE('',*,*,#7776,.T.);
#7776 = EDGE_CURVE('',#3146,#7777,#7779,.T.);
#7777 = VERTEX_POINT('',#7778);
#7778 = CARTESIAN_POINT('',(656.08199551427,-90.45512247164,
    -80.01799293996));
#7779 = SURFACE_CURVE('',#7780,(#7783,#7790),.PCURVE_S1.);
#7780 = B_SPLINE_CURVE_WITH_KNOTS('',1,(#7781,#7782),.UNSPECIFIED.,.F.,
  .F.,(2,2),(0.,1.),.PIECEWISE_BEZIER_KNOTS.);
#7781 = CARTESIAN_POINT('',(650.,-91.27187895819,-80.74050829327));
#7782 = CARTESIAN_POINT('',(850.,-64.41370437915,-56.98135386382));
#7783 = PCURVE('',#3183,#7784);
#7784 = DEFINITIONAL_REPRESENTATION('',(#7785),#7789);
#7785 = LINE('',#7786,#7787);
#7786 = CARTESIAN_POINT('',(5.262921199027,0.));
#7787 = VECTOR('',#7788,1.);
#7788 = DIRECTION('',(0.,1.));
#7789 = ( GEOMETRIC_REPRESENTATION_CONTEXT(2) 
PARAMETRIC_REPRESENTATION_CONTEXT() REPRESENTATION_CONTEXT('2D SPACE',''
  ) );
#7790 = PCURVE('',#3436,#7791);
#7791 = DEFINITIONAL_REPRESENTATION('',(#7792),#7796);
#7792 = LINE('',#7793,#7794);
#7793 = CARTESIAN_POINT('',(5.262921199027,0.));
#7794 = VECTOR('',#7795,1.);
#7795 = DIRECTION('',(0.,1.));
#7796 = ( GEOMETRIC_REPRESENTATION_CONTEXT(2) 
PARAMETRIC_REPRESENTATION_CONTEXT() REPRESENTATION_CONTEXT('2D SPACE',''
  ) );
#7797 = ORIENTED_EDGE('',*,*,#7798,.T.);
#7798 = EDGE_CURVE('',#7777,#7754,#7799,.T.);
#7799 = SURFACE_CURVE('',#7800,(#7827,#7857),.PCURVE_S1.);
#7800 = B_SPLINE_CURVE_WITH_KNOTS('',5,(#7801,#7802,#7803,#7804,#7805,
    #7806,#7807,#7808,#7809,#7810,#7811,#7812,#7813,#7814,#7815,#7816,
    #7817,#7818,#7819,#7820,#7821,#7822,#7823,#7824,#7825,#7826),
  .UNSPECIFIED.,.F.,.F.,(6,4,4,4,4,4,6),(0.,0.176877333291,
    0.353343278684,0.529657957975,0.706538066768,0.850641621184,1.),
  .UNSPECIFIED.);
#7801 = CARTESIAN_POINT('',(656.08199551427,-90.45512247164,
    -80.01799293996));
#7802 = CARTESIAN_POINT('',(656.04187154351,-90.78804955923,
    -79.49337182532));
#7803 = CARTESIAN_POINT('',(655.99923934515,-91.10851017966,
    -78.96103710293));
#7804 = CARTESIAN_POINT('',(655.95483965709,-91.41615777199,
    -78.42126842694));
#7805 = CARTESIAN_POINT('',(655.90958275842,-91.71063259729,
    -77.87434127899));
#7806 = CARTESIAN_POINT('',(655.81968732718,-92.2718407765,
    -76.76799720446));
#7807 = CARTESIAN_POINT('',(655.77504818215,-92.53863365793,
    -76.20861895406));
#7808 = CARTESIAN_POINT('',(655.73177210121,-92.79157707493,
    -75.64265219932));
#7809 = CARTESIAN_POINT('',(655.69117202351,-93.03027110031,
    -75.07039570072));
#7810 = CARTESIAN_POINT('',(655.61849895376,-93.47814328183,
    -73.91448268157));
#7811 = CARTESIAN_POINT('',(655.58642000121,-93.68734064681,
    -73.33085140449));
#7812 = CARTESIAN_POINT('',(655.56014922313,-93.88148997967,
    -72.74162827141));
#7813 = CARTESIAN_POINT('',(655.54152346646,-94.06013146051,
    -72.14728539327));
#7814 = CARTESIAN_POINT('',(655.5238108722,-94.38605054799,
    -70.94771638821));
#7815 = CARTESIAN_POINT('',(655.52478866576,-94.53321821942,
    -70.34248879804));
#7816 = CARTESIAN_POINT('',(655.5377637426,-94.6639016755,
    -69.73341042786));
#7817 = CARTESIAN_POINT('',(655.5652157289,-94.77763953308,
    -69.12146868708));
#7818 = CARTESIAN_POINT('',(655.64609871478,-94.9527702619,
    -68.00829212961));
#7819 = CARTESIAN_POINT('',(655.69377178111,-95.01995522662,
    -67.50757046888));
#7820 = CARTESIAN_POINT('',(655.75422346633,-95.07554646604,
    -67.00664126843));
#7821 = CARTESIAN_POINT('',(655.82893742222,-95.1194588376,
    -66.5065215347));
#7822 = CARTESIAN_POINT('',(656.01281417253,-95.18530834695,
    -65.49225308106));
#7823 = CARTESIAN_POINT('',(656.12313496829,-95.20638670977,
    -64.97824985808));
#7824 = CARTESIAN_POINT('',(656.25164280982,-95.21513699133,
    -64.46788880731));
#7825 = CARTESIAN_POINT('',(656.39958782089,-95.21189840942,
    -63.96283530151));
#7826 = CARTESIAN_POINT('',(656.56758604591,-95.19732031611,
    -63.46488020568));
#7827 = PCURVE('',#3183,#7828);
#7828 = DEFINITIONAL_REPRESENTATION('',(#7829),#7856);
#7829 = B_SPLINE_CURVE_WITH_KNOTS('',5,(#7830,#7831,#7832,#7833,#7834,
    #7835,#7836,#7837,#7838,#7839,#7840,#7841,#7842,#7843,#7844,#7845,
    #7846,#7847,#7848,#7849,#7850,#7851,#7852,#7853,#7854,#7855),
  .UNSPECIFIED.,.F.,.F.,(6,4,4,4,4,4,6),(0.,0.176877333291,
    0.353343278684,0.529657957975,0.706538066768,0.850641621184,1.),
  .UNSPECIFIED.);
#7830 = CARTESIAN_POINT('',(5.262921199027,3.040997757137E-02));
#7831 = CARTESIAN_POINT('',(5.243261324014,3.020935771759E-02));
#7832 = CARTESIAN_POINT('',(5.223601204932,2.999619672577E-02));
#7833 = CARTESIAN_POINT('',(5.203939704971,2.97741982855E-02));
#7834 = CARTESIAN_POINT('',(5.184275667961,2.954791379214E-02));
#7835 = CARTESIAN_POINT('',(5.144985556206,2.90984366359E-02));
#7836 = CARTESIAN_POINT('',(5.125359735337,2.887524091075E-02));
#7837 = CARTESIAN_POINT('',(5.105728719005,2.86588605061E-02));
#7838 = CARTESIAN_POINT('',(5.086092281563,2.845586011759E-02));
#7839 = CARTESIAN_POINT('',(5.046827338574,2.809249476881E-02));
#7840 = CARTESIAN_POINT('',(5.027199349797,2.793210000607E-02));
#7841 = CARTESIAN_POINT('',(5.007568042297,2.780074611567E-02));
#7842 = CARTESIAN_POINT('',(4.987938561518,2.77076173323E-02));
#7843 = CARTESIAN_POINT('',(4.94864005452,2.761905436101E-02));
#7844 = CARTESIAN_POINT('',(4.928971994015,2.762394332883E-02));
#7845 = CARTESIAN_POINT('',(4.909326150529,2.768881871302E-02));
#7846 = CARTESIAN_POINT('',(4.889722944543,2.78260786445E-02));
#7847 = CARTESIAN_POINT('',(4.854284175206,2.823049357391E-02));
#7848 = CARTESIAN_POINT('',(4.838424058534,2.846885890558E-02));
#7849 = CARTESIAN_POINT('',(4.822631481585,2.877111733167E-02));
#7850 = CARTESIAN_POINT('',(4.806931716238,2.91446871111E-02));
#7851 = CARTESIAN_POINT('',(4.775214625721,3.006407086266E-02));
#7852 = CARTESIAN_POINT('',(4.759206349845,3.061567484147E-02));
#7853 = CARTESIAN_POINT('',(4.743369352028,3.125821404912E-02));
#7854 = CARTESIAN_POINT('',(4.727747555089,3.199793910446E-02));
#7855 = CARTESIAN_POINT('',(4.712388980385,3.283793022957E-02));
#7856 = ( GEOMETRIC_REPRESENTATION_CONTEXT(2) 
PARAMETRIC_REPRESENTATION_CONTEXT() REPRESENTATION_CONTEXT('2D SPACE',''
  ) );
#7857 = PCURVE('',#7858,#7889);
#7858 = B_SPLINE_SURFACE_WITH_KNOTS('',14,1,(
    (#7859,#7860)
    ,(#7861,#7862)
    ,(#7863,#7864)
    ,(#7865,#7866)
    ,(#7867,#7868)
    ,(#7869,#7870)
    ,(#7871,#7872)
    ,(#7873,#7874)
    ,(#7875,#7876)
    ,(#7877,#7878)
    ,(#7879,#7880)
    ,(#7881,#7882)
    ,(#7883,#7884)
    ,(#7885,#7886)
    ,(#7887,#7888
    )),.UNSPECIFIED.,.T.,.F.,.F.,(15,15),(2,2),(0.,6.28318530718),(0.,1.
    ),.PIECEWISE_BEZIER_KNOTS.);
#7859 = CARTESIAN_POINT('',(620.,-86.26702730475,-53.74011537017));
#7860 = CARTESIAN_POINT('',(790.,-104.6518036156,-45.25483399593));
#7861 = CARTESIAN_POINT('',(620.,-92.6140029307,-60.08709099611));
#7862 = CARTESIAN_POINT('',(790.00000000006,-112.2681743667,
    -52.87120474706));
#7863 = CARTESIAN_POINT('',(620.00000000002,-95.43320373743,
    -69.96184612694));
#7864 = CARTESIAN_POINT('',(789.99999999972,-113.4425200681,
    -66.92960617071));
#7865 = CARTESIAN_POINT('',(619.99999999971,-93.11838970741,
    -81.75814976492));
#7866 = CARTESIAN_POINT('',(790.0000000006,-106.2473498752,
    -85.50256389328));
#7867 = CARTESIAN_POINT('',(620.00000000113,-85.11862068125,
    -92.81483330958));
#7868 = CARTESIAN_POINT('',(789.99999999916,-90.68212884745,
    -104.7360823428));
#7869 = CARTESIAN_POINT('',(619.9999999972,-72.51358617865,
    -99.99152968917));
#7870 = CARTESIAN_POINT('',(790.0000000007,-69.36354560363,
    -119.5406598399));
#7871 = CARTESIAN_POINT('',(620.00000000493,-58.13106871239,
    -100.7101528607));
#7872 = CARTESIAN_POINT('',(789.99999999985,-47.37721105212,
    -125.1303212365));
#7873 = CARTESIAN_POINT('',(619.99999999335,-45.8713902042,
    -94.13575246922));
#7874 = CARTESIAN_POINT('',(789.99999999945,-30.88585760708,
    -119.0207800036));
#7875 = CARTESIAN_POINT('',(620.00000000701,-39.29698981549,
    -81.87607396387));
#7876 = CARTESIAN_POINT('',(790.000000001,-24.77631637573,
    -102.5294265601));
#7877 = CARTESIAN_POINT('',(619.99999999413,-40.01561298478,
    -67.49355649532));
#7878 = CARTESIAN_POINT('',(789.99999999893,-30.36597777113,
    -80.54309200747));
#7879 = CARTESIAN_POINT('',(620.00000000386,-47.19230936591,
    -54.88852199423));
#7880 = CARTESIAN_POINT('',(790.0000000008,-45.17055526891,
    -59.22450876429));
#7881 = CARTESIAN_POINT('',(619.99999999803,-58.24899290975,
    -46.88875296727));
#7882 = CARTESIAN_POINT('',(789.99999999955,-64.40407371818,
    -43.65928773618));
#7883 = CARTESIAN_POINT('',(620.00000000071,-70.04529654807,
    -44.57393893758));
#7884 = CARTESIAN_POINT('',(790.00000000017,-82.97703144084,
    -36.46411754345));
#7885 = CARTESIAN_POINT('',(619.99999999984,-79.9200516788,
    -47.39313974422));
#7886 = CARTESIAN_POINT('',(789.99999999996,-97.03543286447,
    -37.63846324479));
#7887 = CARTESIAN_POINT('',(620.,-86.26702730475,-53.74011537017));
#7888 = CARTESIAN_POINT('',(790.,-104.6518036156,-45.25483399593));
#7889 = DEFINITIONAL_REPRESENTATION('',(#7890),#7917);
#7890 = B_SPLINE_CURVE_WITH_KNOTS('',5,(#7891,#7892,#7893,#7894,#7895,
    #7896,#7897,#7898,#7899,#7900,#7901,#7902,#7903,#7904,#7905,#7906,
    #7907,#7908,#7909,#7910,#7911,#7912,#7913,#7914,#7915,#7916),
  .UNSPECIFIED.,.F.,.F.,(6,4,4,4,4,4,6),(0.,0.176877333291,
    0.353343278684,0.529657957975,0.706538066768,0.850641621184,1.),
  .UNSPECIFIED.);
#7891 = CARTESIAN_POINT('',(1.294276993568,0.212247032437));
#7892 = CARTESIAN_POINT('',(1.270912847128,0.21201100908));
#7893 = CARTESIAN_POINT('',(1.247471656082,0.211760231442));
#7894 = CARTESIAN_POINT('',(1.223941072697,0.211499056806));
#7895 = CARTESIAN_POINT('',(1.20030852838,0.211232839755));
#7896 = CARTESIAN_POINT('',(1.152868342668,0.210704043101));
#7897 = CARTESIAN_POINT('',(1.129061520503,0.210441459895));
#7898 = CARTESIAN_POINT('',(1.105126982966,0.210186894713));
#7899 = CARTESIAN_POINT('',(1.081052557594,0.209948070727));
#7900 = CARTESIAN_POINT('',(1.032622191352,0.209520582081));
#7901 = CARTESIAN_POINT('',(1.008267134899,0.20933188236));
#7902 = CARTESIAN_POINT('',(0.983750189645,0.209177348371));
#7903 = CARTESIAN_POINT('',(0.959064695516,0.209067785097));
#7904 = CARTESIAN_POINT('',(0.909275002071,0.208963593366));
#7905 = CARTESIAN_POINT('',(0.884170835492,0.208969345093));
#7906 = CARTESIAN_POINT('',(0.858895838575,0.209045669074));
#7907 = CARTESIAN_POINT('',(0.833462000823,0.209207151346));
#7908 = CARTESIAN_POINT('',(0.787070788037,0.209682933616));
#7909 = CARTESIAN_POINT('',(0.766157872904,0.209963363418));
#7910 = CARTESIAN_POINT('',(0.745175137292,0.210318961567));
#7911 = CARTESIAN_POINT('',(0.724149368994,0.210758455425));
#7912 = CARTESIAN_POINT('',(0.681322506306,0.211840083367));
#7913 = CARTESIAN_POINT('',(0.659520768827,0.212489029227));
#7914 = CARTESIAN_POINT('',(0.637758713474,0.213244957702));
#7915 = CARTESIAN_POINT('',(0.616093158769,0.214115222478));
#7916 = CARTESIAN_POINT('',(0.59459192175,0.215103447328));
#7917 = ( GEOMETRIC_REPRESENTATION_CONTEXT(2) 
PARAMETRIC_REPRESENTATION_CONTEXT() REPRESENTATION_CONTEXT('2D SPACE',''
  ) );
#7918 = ADVANCED_FACE('',(#7919),#3245,.T.);
#7919 = FACE_BOUND('',#7920,.T.);
#7920 = EDGE_LOOP('',(#7921,#7941,#7942,#7943,#8089,#8214,#8385,#8405,
    #8406,#8426,#8427));
#7921 = ORIENTED_EDGE('',*,*,#7922,.F.);
#7922 = EDGE_CURVE('',#3231,#3997,#7923,.T.);
#7923 = SURFACE_CURVE('',#7924,(#7927,#7934),.PCURVE_S1.);
#7924 = B_SPLINE_CURVE_WITH_KNOTS('',1,(#7925,#7926),.UNSPECIFIED.,.F.,
  .F.,(2,2),(0.,1.),.PIECEWISE_BEZIER_KNOTS.);
#7925 = CARTESIAN_POINT('',(650.,-96.,64.));
#7926 = CARTESIAN_POINT('',(850.,-71.55632531311,47.704216875273));
#7927 = PCURVE('',#3245,#7928);
#7928 = DEFINITIONAL_REPRESENTATION('',(#7929),#7933);
#7929 = LINE('',#7930,#7931);
#7930 = CARTESIAN_POINT('',(-64.,0.));
#7931 = VECTOR('',#7932,1.);
#7932 = DIRECTION('',(0.,1.));
#7933 = ( GEOMETRIC_REPRESENTATION_CONTEXT(2) 
PARAMETRIC_REPRESENTATION_CONTEXT() REPRESENTATION_CONTEXT('2D SPACE',''
  ) );
#7934 = PCURVE('',#3310,#7935);
#7935 = DEFINITIONAL_REPRESENTATION('',(#7936),#7940);
#7936 = LINE('',#7937,#7938);
#7937 = CARTESIAN_POINT('',(4.712388980385,0.));
#7938 = VECTOR('',#7939,1.);
#7939 = DIRECTION('',(0.,1.));
#7940 = ( GEOMETRIC_REPRESENTATION_CONTEXT(2) 
PARAMETRIC_REPRESENTATION_CONTEXT() REPRESENTATION_CONTEXT('2D SPACE',''
  ) );
#7941 = ORIENTED_EDGE('',*,*,#3230,.T.);
#7942 = ORIENTED_EDGE('',*,*,#7753,.T.);
#7943 = ORIENTED_EDGE('',*,*,#7944,.T.);
#7944 = EDGE_CURVE('',#7754,#7945,#7947,.T.);
#7945 = VERTEX_POINT('',#7946);
#7946 = CARTESIAN_POINT('',(681.2703940871,-92.89315959751,
    -50.68190046582));
#7947 = SURFACE_CURVE('',#7948,(#7993,#8041),.PCURVE_S1.);
#7948 = B_SPLINE_CURVE_WITH_KNOTS('',7,(#7949,#7950,#7951,#7952,#7953,
    #7954,#7955,#7956,#7957,#7958,#7959,#7960,#7961,#7962,#7963,#7964,
    #7965,#7966,#7967,#7968,#7969,#7970,#7971,#7972,#7973,#7974,#7975,
    #7976,#7977,#7978,#7979,#7980,#7981,#7982,#7983,#7984,#7985,#7986,
    #7987,#7988,#7989,#7990,#7991,#7992),.UNSPECIFIED.,.F.,.F.,(8,6,6,6,
    6,6,6,8),(0.,0.215927263674,0.293399241857,0.381781839851,
    0.483461155585,0.601345859699,0.755829534321,1.),.UNSPECIFIED.);
#7949 = CARTESIAN_POINT('',(656.56758604591,-95.19732031611,
    -63.46488020568));
#7950 = CARTESIAN_POINT('',(656.79920395011,-95.17845448781,
    -62.79734296784));
#7951 = CARTESIAN_POINT('',(657.13086059791,-95.14772830409,
    -62.14352363048));
#7952 = CARTESIAN_POINT('',(657.55455851654,-95.10655127772,
    -61.51314950436));
#7953 = CARTESIAN_POINT('',(658.05502376406,-95.05711621047,
    -60.91047703606));
#7954 = CARTESIAN_POINT('',(658.6173989794,-95.00131560954,
    -60.33683748446));
#7955 = CARTESIAN_POINT('',(659.22951479788,-94.94063983726,
    -59.79148173184));
#7956 = CARTESIAN_POINT('',(660.11806504607,-94.85288446936,
    -59.08573558968));
#7957 = CARTESIAN_POINT('',(660.35802020767,-94.82921466936,
    -58.90276462728));
#7958 = CARTESIAN_POINT('',(660.60290271699,-94.80509525421,
    -58.72309259593));
#7959 = CARTESIAN_POINT('',(660.8523418999,-94.78056983934,
    -58.54663340093));
#7960 = CARTESIAN_POINT('',(661.10600289089,-94.75567727688,
    -58.37329711057));
#7961 = CARTESIAN_POINT('',(661.36358663312,-94.73045165566,
    -58.20298995611));
#7962 = CARTESIAN_POINT('',(661.92286492707,-94.67579762881,
    -57.84466683079));
#7963 = CARTESIAN_POINT('',(662.22565467736,-94.64627869999,
    -57.65754041954));
#7964 = CARTESIAN_POINT('',(662.5328072879,-94.61640959432,
    -57.47409166544));
#7965 = CARTESIAN_POINT('',(662.84397220612,-94.58622887679,
    -57.29418361521));
#7966 = CARTESIAN_POINT('',(663.15883855984,-94.5557700367,
    -57.11768445589));
#7967 = CARTESIAN_POINT('',(663.47713354874,-94.52506192666,
    -56.94446617592));
#7968 = CARTESIAN_POINT('',(664.1684743066,-94.45854279436,
    -56.57875523059));
#7969 = CARTESIAN_POINT('',(664.54254358582,-94.42265999513,
    -56.3872881903));
#7970 = CARTESIAN_POINT('',(664.92046684382,-94.38651845245,
    -56.19981256728));
#7971 = CARTESIAN_POINT('',(665.30192425701,-94.3501505439,
    -56.01615407456));
#7972 = CARTESIAN_POINT('',(665.68663535559,-94.31358389562,
    -55.83615088465));
#7973 = CARTESIAN_POINT('',(666.07435637122,-94.2768419018,
    -55.65965083798));
#7974 = CARTESIAN_POINT('',(666.91763911559,-94.19716592228,
    -55.28577161992));
#7975 = CARTESIAN_POINT('',(667.37415539144,-94.15417922575,
    -55.08955210396));
#7976 = CARTESIAN_POINT('',(667.83409772741,-94.11101491359,
    -54.89762583776));
#7977 = CARTESIAN_POINT('',(668.29717753162,-94.06769902382,
    -54.70979037258));
#7978 = CARTESIAN_POINT('',(668.76314328196,-94.02425338652,
    -54.52586119836));
#7979 = CARTESIAN_POINT('',(669.23177750308,-93.98069613687,
    -54.34566786547));
#7980 = CARTESIAN_POINT('',(670.32027475008,-93.87983533197,
    -53.9375990857));
#7981 = CARTESIAN_POINT('',(670.94190537339,-93.82246362806,
    -53.71229303111));
#7982 = CARTESIAN_POINT('',(671.56736595036,-93.7649606379,
    -53.49277425391));
#7983 = CARTESIAN_POINT('',(672.19629441452,-93.7073535937,
    -53.2787276966));
#7984 = CARTESIAN_POINT('',(672.82838114087,-93.64966422064,
    -53.06987288462));
#7985 = CARTESIAN_POINT('',(673.46336379076,-93.59190951914,
    -52.86595587811));
#7986 = CARTESIAN_POINT('',(675.10887849877,-93.44273523934,
    -52.35187106489));
#7987 = CARTESIAN_POINT('',(676.123392789,-93.35123970466,
    -52.04875772668));
#7988 = CARTESIAN_POINT('',(677.14369011531,-93.2596677437,
    -51.75647877285));
#7989 = CARTESIAN_POINT('',(678.16905830835,-93.16805513225,
    -51.47427264136));
#7990 = CARTESIAN_POINT('',(679.19891955713,-93.07642544144,
    -51.20148402401));
#7991 = CARTESIAN_POINT('',(680.23281382795,-92.98479222842,
    -50.93753193461));
#7992 = CARTESIAN_POINT('',(681.2703940871,-92.89315959751,
    -50.68190046582));
#7993 = PCURVE('',#3245,#7994);
#7994 = DEFINITIONAL_REPRESENTATION('',(#7995),#8040);
#7995 = B_SPLINE_CURVE_WITH_KNOTS('',7,(#7996,#7997,#7998,#7999,#8000,
    #8001,#8002,#8003,#8004,#8005,#8006,#8007,#8008,#8009,#8010,#8011,
    #8012,#8013,#8014,#8015,#8016,#8017,#8018,#8019,#8020,#8021,#8022,
    #8023,#8024,#8025,#8026,#8027,#8028,#8029,#8030,#8031,#8032,#8033,
    #8034,#8035,#8036,#8037,#8038,#8039),.UNSPECIFIED.,.F.,.F.,(8,6,6,6,
    6,6,6,8),(0.,0.215927263674,0.293399241857,0.381781839851,
    0.483461155585,0.601345859699,0.755829534321,1.),.UNSPECIFIED.);
#7996 = CARTESIAN_POINT('',(63.999999994858,3.283793022957E-02));
#7997 = CARTESIAN_POINT('',(63.343954540791,3.39960197506E-02));
#7998 = CARTESIAN_POINT('',(62.709480331525,3.565430298956E-02));
#7999 = CARTESIAN_POINT('',(62.105313765643,3.777279258275E-02));
#8000 = CARTESIAN_POINT('',(61.53420922622,4.027511882028E-02));
#8001 = CARTESIAN_POINT('',(60.996224501051,4.308699489703E-02));
#8002 = CARTESIAN_POINT('',(60.489614612182,4.614757398943E-02));
#8003 = CARTESIAN_POINT('',(59.839837176486,5.059032523035E-02));
#8004 = CARTESIAN_POINT('',(59.671956153058,5.179010103839E-02));
#8005 = CARTESIAN_POINT('',(59.507653271442,5.301451358499E-02));
#8006 = CARTESIAN_POINT('',(59.34681347942,5.426170949951E-02));
#8007 = CARTESIAN_POINT('',(59.189321115106,5.553001445449E-02));
#8008 = CARTESIAN_POINT('',(59.03505990695,5.681793316564E-02));
#8009 = CARTESIAN_POINT('',(58.711479651654,5.961432463538E-02));
#8010 = CARTESIAN_POINT('',(58.543104554064,6.112827338683E-02));
#8011 = CARTESIAN_POINT('',(58.378615219568,6.26640364395E-02));
#8012 = CARTESIAN_POINT('',(58.217849409621,6.421986103063E-02));
#8013 = CARTESIAN_POINT('',(58.060653446744,6.579419279921E-02));
#8014 = CARTESIAN_POINT('',(57.90688055274,6.738566774372E-02));
#8015 = CARTESIAN_POINT('',(57.583257228423,7.084237153304E-02));
#8016 = CARTESIAN_POINT('',(57.414472687337,7.271271792911E-02));
#8017 = CARTESIAN_POINT('',(57.249821620333,7.460233421914E-02));
#8018 = CARTESIAN_POINT('',(57.089108881758,7.650962128508E-02));
#8019 = CARTESIAN_POINT('',(56.932154960105,7.843317677796E-02));
#8020 = CARTESIAN_POINT('',(56.778792814497,8.037178185613E-02));
#8021 = CARTESIAN_POINT('',(56.455041571144,8.458819557799E-02));
#8022 = CARTESIAN_POINT('',(56.285837805638,8.687077695721E-02));
#8023 = CARTESIAN_POINT('',(56.121009705066,8.917048863709E-02));
#8024 = CARTESIAN_POINT('',(55.960338524469,9.148588765811E-02));
#8025 = CARTESIAN_POINT('',(55.803626242555,9.38157164098E-02));
#8026 = CARTESIAN_POINT('',(55.650691320756,9.615888751543E-02));
#8027 = CARTESIAN_POINT('',(55.305677198607,0.10160137375));
#8028 = CARTESIAN_POINT('',(55.116189953916,0.104709526867));
#8029 = CARTESIAN_POINT('',(54.932524824305,0.107836829752));
#8030 = CARTESIAN_POINT('',(54.754350684091,0.110981472073));
#8031 = CARTESIAN_POINT('',(54.581374590034,0.114141905704));
#8032 = CARTESIAN_POINT('',(54.413333185563,0.117316818954));
#8033 = CARTESIAN_POINT('',(53.991801589104,0.125544392494));
#8034 = CARTESIAN_POINT('',(53.745349388891,0.130616963945));
#8035 = CARTESIAN_POINT('',(53.509677670582,0.135718450577));
#8036 = CARTESIAN_POINT('',(53.284007870159,0.140845291542));
#8037 = CARTESIAN_POINT('',(53.067675438361,0.145994597786));
#8038 = CARTESIAN_POINT('',(52.860096388782,0.15116406914));
#8039 = CARTESIAN_POINT('',(52.66075764906,0.156351970436));
#8040 = ( GEOMETRIC_REPRESENTATION_CONTEXT(2) 
PARAMETRIC_REPRESENTATION_CONTEXT() REPRESENTATION_CONTEXT('2D SPACE',''
  ) );
#8041 = PCURVE('',#7858,#8042);
#8042 = DEFINITIONAL_REPRESENTATION('',(#8043),#8088);
#8043 = B_SPLINE_CURVE_WITH_KNOTS('',7,(#8044,#8045,#8046,#8047,#8048,
    #8049,#8050,#8051,#8052,#8053,#8054,#8055,#8056,#8057,#8058,#8059,
    #8060,#8061,#8062,#8063,#8064,#8065,#8066,#8067,#8068,#8069,#8070,
    #8071,#8072,#8073,#8074,#8075,#8076,#8077,#8078,#8079,#8080,#8081,
    #8082,#8083,#8084,#8085,#8086,#8087),.UNSPECIFIED.,.F.,.F.,(8,6,6,6,
    6,6,6,8),(0.,0.215927263674,0.293399241857,0.381781839851,
    0.483461155585,0.601345859699,0.755829534321,1.),.UNSPECIFIED.);
#8044 = CARTESIAN_POINT('',(0.594591921728,0.215103447329));
#8045 = CARTESIAN_POINT('',(0.565775833499,0.216465905589));
#8046 = CARTESIAN_POINT('',(0.537393767442,0.218416827047));
#8047 = CARTESIAN_POINT('',(0.509865786411,0.220909167744));
#8048 = CARTESIAN_POINT('',(0.483388412825,0.223853080965));
#8049 = CARTESIAN_POINT('',(0.458034829472,0.227161170467));
#8050 = CARTESIAN_POINT('',(0.433787581369,0.230761851752));
#8051 = CARTESIAN_POINT('',(0.402221348408,0.235988617918));
#8052 = CARTESIAN_POINT('',(0.394018837154,0.237400118869));
#8053 = CARTESIAN_POINT('',(0.385945842171,0.238840604218));
#8054 = CARTESIAN_POINT('',(0.377999130812,0.240307893529));
#8055 = CARTESIAN_POINT('',(0.370175267824,0.241800017005));
#8056 = CARTESIAN_POINT('',(0.362470615346,0.243315215489));
#8057 = CARTESIAN_POINT('',(0.346223233578,0.246605087806));
#8058 = CARTESIAN_POINT('',(0.337715542295,0.248386203985));
#8059 = CARTESIAN_POINT('',(0.329352615713,0.250192984046));
#8060 = CARTESIAN_POINT('',(0.321129045385,0.252023365918));
#8061 = CARTESIAN_POINT('',(0.313039598656,0.25387552094));
#8062 = CARTESIAN_POINT('',(0.305079159568,0.255747844404));
#8063 = CARTESIAN_POINT('',(0.288227222407,0.259814554745));
#8064 = CARTESIAN_POINT('',(0.279376046393,0.26201496227));
#8065 = CARTESIAN_POINT('',(0.270681513389,0.264238040258));
#8066 = CARTESIAN_POINT('',(0.262136602063,0.266481907394));
#8067 = CARTESIAN_POINT('',(0.253734778094,0.268744913856));
#8068 = CARTESIAN_POINT('',(0.24546987418,0.271025625713));
#8069 = CARTESIAN_POINT('',(0.22790570988,0.275986112445));
#8070 = CARTESIAN_POINT('',(0.218651723193,0.278671502303));
#8071 = CARTESIAN_POINT('',(0.20956488,0.281377045455));
#8072 = CARTESIAN_POINT('',(0.200636938694,0.284101044304));
#8073 = CARTESIAN_POINT('',(0.191860379974,0.286842019306));
#8074 = CARTESIAN_POINT('',(0.183228240787,0.289598691195));
#8075 = CARTESIAN_POINT('',(0.163602491808,0.296001616177));
#8076 = CARTESIAN_POINT('',(0.152707982846,0.299658266902));
#8077 = CARTESIAN_POINT('',(0.142035759478,0.303337446767));
#8078 = CARTESIAN_POINT('',(0.131572917632,0.307037025968));
#8079 = CARTESIAN_POINT('',(0.121307966294,0.310755183182));
#8080 = CARTESIAN_POINT('',(0.111230482747,0.31449037524));
#8081 = CARTESIAN_POINT('',(8.568370029442E-02,0.324169873522));
#8082 = CARTESIAN_POINT('',(7.048119502912E-02,0.330137604641));
#8083 = CARTESIAN_POINT('',(5.568528325277E-02,0.33613935362));
#8084 = CARTESIAN_POINT('',(4.126468225121E-02,0.342170931226));
#8085 = CARTESIAN_POINT('',(2.719246797372E-02,0.348228938571));
#8086 = CARTESIAN_POINT('',(1.344470016284E-02,0.354310669576));
#8087 = CARTESIAN_POINT('',(0.,0.360414082865));
#8088 = ( GEOMETRIC_REPRESENTATION_CONTEXT(2) 
PARAMETRIC_REPRESENTATION_CONTEXT() REPRESENTATION_CONTEXT('2D SPACE',''
  ) );
#8089 = ORIENTED_EDGE('',*,*,#8090,.T.);
#8090 = EDGE_CURVE('',#7945,#8091,#8093,.T.);
#8091 = VERTEX_POINT('',#8092);
#8092 = CARTESIAN_POINT('',(790.,-82.55027626238,-42.36327099095));
#8093 = SURFACE_CURVE('',#8094,(#8132,#8173),.PCURVE_S1.);
#8094 = B_SPLINE_CURVE_WITH_KNOTS('',6,(#8095,#8096,#8097,#8098,#8099,
    #8100,#8101,#8102,#8103,#8104,#8105,#8106,#8107,#8108,#8109,#8110,
    #8111,#8112,#8113,#8114,#8115,#8116,#8117,#8118,#8119,#8120,#8121,
    #8122,#8123,#8124,#8125,#8126,#8127,#8128,#8129,#8130,#8131),
  .UNSPECIFIED.,.F.,.F.,(7,5,5,5,5,5,5,7),(0.,6.28278783278E-02,
    0.144850772558,0.26268743563,0.439721245475,0.712262956512,
    0.879572514459,1.),.UNSPECIFIED.);
#8095 = CARTESIAN_POINT('',(681.2703940871,-92.89315959751,
    -50.68190046582));
#8096 = CARTESIAN_POINT('',(682.36723691605,-92.79629326854,
    -50.41166822835));
#8097 = CARTESIAN_POINT('',(683.46825872488,-92.69943274197,
    -50.15101238472));
#8098 = CARTESIAN_POINT('',(684.57295845246,-92.60258766477,
    -49.89927134697));
#8099 = CARTESIAN_POINT('',(685.68092303218,-92.50576090302,
    -49.65589028204));
#8100 = CARTESIAN_POINT('',(686.79181613653,-92.40894969543,
    -49.4203929088));
#8101 = CARTESIAN_POINT('',(689.3591270381,-92.1857689309,
    -48.89464401675));
#8102 = CARTESIAN_POINT('',(690.81739882063,-92.05940679102,
    -48.60964911774));
#8103 = CARTESIAN_POINT('',(692.27957834055,-91.93304428717,
    -48.33643035877));
#8104 = CARTESIAN_POINT('',(693.74517358582,-91.80665898213,
    -48.07421494397));
#8105 = CARTESIAN_POINT('',(695.21379000603,-91.68022298839,
    -47.82234992629));
#8106 = CARTESIAN_POINT('',(698.7988692836,-91.37194249192,
    -47.23245815017));
#8107 = CARTESIAN_POINT('',(700.91818115711,-91.19001242599,
    -46.90483536553));
#8108 = CARTESIAN_POINT('',(703.04212762529,-91.00781738606,
    -46.59568424329));
#8109 = CARTESIAN_POINT('',(705.16997855631,-90.8252551644,
    -46.30367730513));
#8110 = CARTESIAN_POINT('',(707.30115871319,-90.64221789475,
    -46.0276975722));
#8111 = CARTESIAN_POINT('',(712.64140598636,-90.18271406248,
    -45.3748275821));
#8112 = CARTESIAN_POINT('',(715.85403656869,-89.90551214586,
    -45.0169008306));
#8113 = CARTESIAN_POINT('',(719.07166075112,-89.62659400709,
    -44.68979822403));
#8114 = CARTESIAN_POINT('',(722.29312824779,-89.34556648902,
    -44.39116477936));
#8115 = CARTESIAN_POINT('',(725.51754505543,-89.0620201352,
    -44.11908839477));
#8116 = CARTESIAN_POINT('',(733.71175916871,-88.33443728874,
    -43.49168018093));
#8117 = CARTESIAN_POINT('',(738.68450407227,-87.88636146288,
    -43.17063081799));
#8118 = CARTESIAN_POINT('',(743.66013227171,-87.42967350389,
    -42.90324527677));
#8119 = CARTESIAN_POINT('',(748.6366052903,-86.96266086609,
    -42.68591157225));
#8120 = CARTESIAN_POINT('',(753.61215531991,-86.48339568868,
    -42.51606954424));
#8121 = CARTESIAN_POINT('',(761.63818282158,-85.68629156199,
    -42.31626202164));
#8122 = CARTESIAN_POINT('',(764.69013596147,-85.37757947399,
    -42.25760833867));
#8123 = CARTESIAN_POINT('',(767.74073765852,-85.06280496737,
    -42.21596738269));
#8124 = CARTESIAN_POINT('',(770.78956851653,-84.74136304378,
    -42.1911478928));
#8125 = CARTESIAN_POINT('',(773.83616833694,-84.41256265324,
    -42.1831108418));
#8126 = CARTESIAN_POINT('',(779.07096810084,-83.83304888992,
    -42.19835898819));
#8127 = CARTESIAN_POINT('',(781.26047976193,-83.5862721899,
    -42.21349868353));
#8128 = CARTESIAN_POINT('',(783.44837527859,-83.33496155844,
    -42.23744296279));
#8129 = CARTESIAN_POINT('',(785.63443466487,-83.07878416755,
    -42.27028198249));
#8130 = CARTESIAN_POINT('',(787.81840553375,-82.81736529938,
    -42.31215746914));
#8131 = CARTESIAN_POINT('',(790.,-82.5502762671,-42.36327097592));
#8132 = PCURVE('',#3245,#8133);
#8133 = DEFINITIONAL_REPRESENTATION('',(#8134),#8172);
#8134 = B_SPLINE_CURVE_WITH_KNOTS('',6,(#8135,#8136,#8137,#8138,#8139,
    #8140,#8141,#8142,#8143,#8144,#8145,#8146,#8147,#8148,#8149,#8150,
    #8151,#8152,#8153,#8154,#8155,#8156,#8157,#8158,#8159,#8160,#8161,
    #8162,#8163,#8164,#8165,#8166,#8167,#8168,#8169,#8170,#8171),
  .UNSPECIFIED.,.F.,.F.,(7,5,5,5,5,5,5,7),(0.,6.28278783278E-02,
    0.144850772558,0.26268743563,0.439721245475,0.712262956512,
    0.879572514459,1.),.UNSPECIFIED.);
#8135 = CARTESIAN_POINT('',(52.66075764906,0.156351970436));
#8136 = CARTESIAN_POINT('',(52.450033361013,0.16183618458));
#8137 = CARTESIAN_POINT('',(52.248789996308,0.167341293624));
#8138 = CARTESIAN_POINT('',(52.056367028667,0.172864792262));
#8139 = CARTESIAN_POINT('',(51.872214870429,0.178404615161));
#8140 = CARTESIAN_POINT('',(51.695865886577,0.183959080683));
#8141 = CARTESIAN_POINT('',(51.306324983941,0.196795635191));
#8142 = CARTESIAN_POINT('',(51.098339955323,0.204086994103));
#8143 = CARTESIAN_POINT('',(50.902037177075,0.211397891703));
#8144 = CARTESIAN_POINT('',(50.716672515411,0.218725867929));
#8145 = CARTESIAN_POINT('',(50.541624684223,0.22606895003));
#8146 = CARTESIAN_POINT('',(50.138909354641,0.243994346418));
#8147 = CARTESIAN_POINT('',(49.921644637579,0.254590905786));
#8148 = CARTESIAN_POINT('',(49.722952054549,0.265210638126));
#8149 = CARTESIAN_POINT('',(49.541607499946,0.275849892782));
#8150 = CARTESIAN_POINT('',(49.376599599222,0.286505793566));
#8151 = CARTESIAN_POINT('',(49.002469578578,0.313207029932));
#8152 = CARTESIAN_POINT('',(48.812833153391,0.329270182844));
#8153 = CARTESIAN_POINT('',(48.655331737897,0.345358303756));
#8154 = CARTESIAN_POINT('',(48.527977390085,0.361465641239));
#8155 = CARTESIAN_POINT('',(48.42923223321,0.377587725277));
#8156 = CARTESIAN_POINT('',(48.24820832231,0.418558795844));
#8157 = CARTESIAN_POINT('',(48.203552365682,0.443422520361));
#8158 = CARTESIAN_POINT('',(48.219781570088,0.468300661358));
#8159 = CARTESIAN_POINT('',(48.294778929285,0.493183026452));
#8160 = CARTESIAN_POINT('',(48.427622610665,0.5180607766));
#8161 = CARTESIAN_POINT('',(48.736196397096,0.558190914108));
#8162 = CARTESIAN_POINT('',(48.875558712384,0.573450679807));
#8163 = CARTESIAN_POINT('',(49.03702681159,0.588703688293));
#8164 = CARTESIAN_POINT('',(49.220902143874,0.603947842583));
#8165 = CARTESIAN_POINT('',(49.427701126494,0.619180841685));
#8166 = CARTESIAN_POINT('',(49.824087909909,0.645354840504));
#8167 = CARTESIAN_POINT('',(50.002260827288,0.65630239881));
#8168 = CARTESIAN_POINT('',(50.192992819103,0.667241876393));
#8169 = CARTESIAN_POINT('',(50.396636558043,0.678172173324));
#8170 = CARTESIAN_POINT('',(50.613627432925,0.689092027669));
#8171 = CARTESIAN_POINT('',(50.844500908656,0.7));
#8172 = ( GEOMETRIC_REPRESENTATION_CONTEXT(2) 
PARAMETRIC_REPRESENTATION_CONTEXT() REPRESENTATION_CONTEXT('2D SPACE',''
  ) );
#8173 = PCURVE('',#7858,#8174);
#8174 = DEFINITIONAL_REPRESENTATION('',(#8175),#8213);
#8175 = B_SPLINE_CURVE_WITH_KNOTS('',6,(#8176,#8177,#8178,#8179,#8180,
    #8181,#8182,#8183,#8184,#8185,#8186,#8187,#8188,#8189,#8190,#8191,
    #8192,#8193,#8194,#8195,#8196,#8197,#8198,#8199,#8200,#8201,#8202,
    #8203,#8204,#8205,#8206,#8207,#8208,#8209,#8210,#8211,#8212),
  .UNSPECIFIED.,.F.,.F.,(7,5,5,5,5,5,5,7),(0.,6.28278783278E-02,
    0.144850772558,0.26268743563,0.439721245475,0.712262956512,
    0.879572514459,1.),.UNSPECIFIED.);
#8176 = CARTESIAN_POINT('',(6.28318530718,0.360414082865));
#8177 = CARTESIAN_POINT('',(6.268972693942,0.366866099506));
#8178 = CARTESIAN_POINT('',(6.25510910705,0.373342698382));
#8179 = CARTESIAN_POINT('',(6.241567272999,0.379840932073));
#8180 = CARTESIAN_POINT('',(6.228324361976,0.386358370778));
#8181 = CARTESIAN_POINT('',(6.215360772481,0.392893036097));
#8182 = CARTESIAN_POINT('',(6.186076438205,0.40799486493));
#8183 = CARTESIAN_POINT('',(6.169940251636,0.416572934239));
#8184 = CARTESIAN_POINT('',(6.154211637125,0.425173990239));
#8185 = CARTESIAN_POINT('',(6.138858755441,0.43379513874));
#8186 = CARTESIAN_POINT('',(6.123854674011,0.442434058859));
#8187 = CARTESIAN_POINT('',(6.088086695573,0.463522760492));
#8188 = CARTESIAN_POINT('',(6.067668789827,0.475989300924));
#8189 = CARTESIAN_POINT('',(6.047851040585,0.488483103678));
#8190 = CARTESIAN_POINT('',(6.028578368676,0.500999873861));
#8191 = CARTESIAN_POINT('',(6.00980409121,0.513536227725));
#8192 = CARTESIAN_POINT('',(5.963970519372,0.544949446979));
#8193 = CARTESIAN_POINT('',(5.937487824512,0.563847273934));
#8194 = CARTESIAN_POINT('',(5.911903565091,0.582774475007));
#8195 = CARTESIAN_POINT('',(5.887115972639,0.601724283811));
#8196 = CARTESIAN_POINT('',(5.863039509305,0.620691441503));
#8197 = CARTESIAN_POINT('',(5.803517647394,0.668892700992));
#8198 = CARTESIAN_POINT('',(5.768947487052,0.698144141602));
#8199 = CARTESIAN_POINT('',(5.735623292294,0.727412542775));
#8200 = CARTESIAN_POINT('',(5.703348448149,0.756685913472));
#8201 = CARTESIAN_POINT('',(5.671951918875,0.785953854823));
#8202 = CARTESIAN_POINT('',(5.62244598322,0.833165781303));
#8203 = CARTESIAN_POINT('',(5.603887191932,0.851118446832));
#8204 = CARTESIAN_POINT('',(5.585564356526,0.869063162697));
#8205 = CARTESIAN_POINT('',(5.567443415447,0.886997461862));
#8206 = CARTESIAN_POINT('',(5.549490925066,0.904918637276));
#8207 = CARTESIAN_POINT('',(5.518847057574,0.935711577064));
#8208 = CARTESIAN_POINT('',(5.506091103715,0.948591057423));
#8209 = CARTESIAN_POINT('',(5.493391850657,0.961461031051));
#8210 = CARTESIAN_POINT('',(5.480736353267,0.974320203911));
#8211 = CARTESIAN_POINT('',(5.468111153174,0.987167091375));
#8212 = CARTESIAN_POINT('',(5.455501890828,1.));
#8213 = ( GEOMETRIC_REPRESENTATION_CONTEXT(2) 
PARAMETRIC_REPRESENTATION_CONTEXT() REPRESENTATION_CONTEXT('2D SPACE',''
  ) );
#8214 = ORIENTED_EDGE('',*,*,#8215,.T.);
#8215 = EDGE_CURVE('',#8091,#8216,#8218,.T.);
#8216 = VERTEX_POINT('',#8217);
#8217 = CARTESIAN_POINT('',(829.14436798294,-74.10526673626,
    -49.40351115451));
#8218 = SURFACE_CURVE('',#8219,(#8258,#8300),.PCURVE_S1.);
#8219 = B_SPLINE_CURVE_WITH_KNOTS('',7,(#8220,#8221,#8222,#8223,#8224,
    #8225,#8226,#8227,#8228,#8229,#8230,#8231,#8232,#8233,#8234,#8235,
    #8236,#8237,#8238,#8239,#8240,#8241,#8242,#8243,#8244,#8245,#8246,
    #8247,#8248,#8249,#8250,#8251,#8252,#8253,#8254,#8255,#8256,#8257),
  .UNSPECIFIED.,.F.,.F.,(8,6,6,6,6,6,8),(0.,0.11237542537,0.382377873323
    ,0.574359794145,0.732984223802,0.875709645122,1.),.UNSPECIFIED.);
#8220 = CARTESIAN_POINT('',(789.99999999999,-82.55027626238,
    -42.36327099095));
#8221 = CARTESIAN_POINT('',(790.6779899956,-82.45994702932,
    -42.40249860597));
#8222 = CARTESIAN_POINT('',(791.35574178698,-82.36907500151,
    -42.44220058079));
#8223 = CARTESIAN_POINT('',(792.03311805495,-82.27751323349,
    -42.48286728028));
#8224 = CARTESIAN_POINT('',(792.70998103114,-82.18512145465,
    -42.52494036595));
#8225 = CARTESIAN_POINT('',(793.38619256816,-82.09176690905,
    -42.56881346641));
#8226 = CARTESIAN_POINT('',(794.06161420989,-81.99732519524,
    -42.61483284787));
#8227 = CARTESIAN_POINT('',(796.35669978027,-81.67187870847,
    -42.77974476498));
#8228 = CARTESIAN_POINT('',(797.97213109612,-81.43510670009,
    -42.91032587367));
#8229 = CARTESIAN_POINT('',(799.58011224234,-81.18981336589,
    -43.05918329273));
#8230 = CARTESIAN_POINT('',(801.17862567094,-80.93471613432,
    -43.22892559442));
#8231 = CARTESIAN_POINT('',(802.76588748942,-80.6688401424,
    -43.4207766626));
#8232 = CARTESIAN_POINT('',(804.34023866844,-80.3915081062,
    -43.63488893178));
#8233 = CARTESIAN_POINT('',(807.00916567677,-79.89674336709,
    -44.0381574453));
#8234 = CARTESIAN_POINT('',(808.11104364444,-79.68513632556,
    -44.21666541834));
#8235 = CARTESIAN_POINT('',(809.2052069309,-79.4673737369,
    -44.40587042485));
#8236 = CARTESIAN_POINT('',(810.29131989872,-79.24334959877,
    -44.6053576275));
#8237 = CARTESIAN_POINT('',(811.36917202014,-79.0129977061,
    -44.8145853435));
#8238 = CARTESIAN_POINT('',(812.4386494526,-78.77628457386,
    -45.03293263301));
#8239 = CARTESIAN_POINT('',(814.37641244099,-78.33235601199,
    -45.44713036418));
#8240 = CARTESIAN_POINT('',(815.24737736118,-78.12715952406,
    -45.64030015922));
#8241 = CARTESIAN_POINT('',(816.11259780159,-77.9176049487,
    -45.8388721141));
#8242 = CARTESIAN_POINT('',(816.97210809878,-77.70369371116,
    -46.04245827148));
#8243 = CARTESIAN_POINT('',(817.82597718701,-77.48543317561,
    -46.25066647983));
#8244 = CARTESIAN_POINT('',(818.67429936001,-77.26283346774,
    -46.46311147599));
#8245 = CARTESIAN_POINT('',(820.27558785175,-76.83172033121,
    -46.87405907596));
#8246 = CARTESIAN_POINT('',(821.02958729389,-76.62403194354,
    -47.07182403355));
#8247 = CARTESIAN_POINT('',(821.77926534879,-76.41284561006,
    -47.27245296736));
#8248 = CARTESIAN_POINT('',(822.52471057157,-76.19816893298,
    -47.47568770145));
#8249 = CARTESIAN_POINT('',(823.26601293155,-75.98000834989,
    -47.68128450435));
#8250 = CARTESIAN_POINT('',(824.00325866099,-75.75836684279,
    -47.8890188361));
#8251 = CARTESIAN_POINT('',(825.37507948547,-75.33719460535,
    -48.28127929206));
#8252 = CARTESIAN_POINT('',(826.01061395507,-75.13850640913,
    -48.46533663411));
#8253 = CARTESIAN_POINT('',(826.64317899543,-74.93717495184,
    -48.65072987829));
#8254 = CARTESIAN_POINT('',(827.27281638822,-74.73319615173,
    -48.83733907395));
#8255 = CARTESIAN_POINT('',(827.89955530933,-74.52656211791,
    -49.02505960598));
#8256 = CARTESIAN_POINT('',(828.52340842417,-74.31725931642,
    -49.21380523783));
#8257 = CARTESIAN_POINT('',(829.14436798294,-74.10526673626,
    -49.40351115451));
#8258 = PCURVE('',#3245,#8259);
#8259 = DEFINITIONAL_REPRESENTATION('',(#8260),#8299);
#8260 = B_SPLINE_CURVE_WITH_KNOTS('',7,(#8261,#8262,#8263,#8264,#8265,
    #8266,#8267,#8268,#8269,#8270,#8271,#8272,#8273,#8274,#8275,#8276,
    #8277,#8278,#8279,#8280,#8281,#8282,#8283,#8284,#8285,#8286,#8287,
    #8288,#8289,#8290,#8291,#8292,#8293,#8294,#8295,#8296,#8297,#8298),
  .UNSPECIFIED.,.F.,.F.,(8,6,6,6,6,6,8),(0.,0.11237542537,0.382377873323
    ,0.574359794145,0.732984223802,0.875709645122,1.),.UNSPECIFIED.);
#8261 = CARTESIAN_POINT('',(50.844500927584,0.7));
#8262 = CARTESIAN_POINT('',(50.945656220333,0.703389949978));
#8263 = CARTESIAN_POINT('',(51.047722162176,0.706778708935));
#8264 = CARTESIAN_POINT('',(51.151312522762,0.710165590275));
#8265 = CARTESIAN_POINT('',(51.256986208625,0.713549905156));
#8266 = CARTESIAN_POINT('',(51.365247264996,0.716930962841));
#8267 = CARTESIAN_POINT('',(51.476544877615,0.720308071049));
#8268 = CARTESIAN_POINT('',(51.866929646709,0.731783498901));
#8269 = CARTESIAN_POINT('',(52.162426538081,0.739860655481));
#8270 = CARTESIAN_POINT('',(52.483188765195,0.747900561212));
#8271 = CARTESIAN_POINT('',(52.83286147565,0.755893128355));
#8272 = CARTESIAN_POINT('',(53.213429191978,0.763829437447));
#8273 = CARTESIAN_POINT('',(53.625545996927,0.771701193342));
#8274 = CARTESIAN_POINT('',(54.383925741051,0.785045828384));
#8275 = CARTESIAN_POINT('',(54.714841404265,0.790555218222));
#8276 = CARTESIAN_POINT('',(55.061395167071,0.796026034655));
#8277 = CARTESIAN_POINT('',(55.423233407396,0.801456599494));
#8278 = CARTESIAN_POINT('',(55.799841572319,0.806845860101));
#8279 = CARTESIAN_POINT('',(56.190599400262,0.812193247263));
#8280 = CARTESIAN_POINT('',(56.928813930807,0.821882062205));
#8281 = CARTESIAN_POINT('',(57.272001281656,0.826236886806));
#8282 = CARTESIAN_POINT('',(57.624005650261,0.830562989008));
#8283 = CARTESIAN_POINT('',(57.984424160189,0.834860540494));
#8284 = CARTESIAN_POINT('',(58.352845869003,0.839129885935));
#8285 = CARTESIAN_POINT('',(58.728865746794,0.8433714968));
#8286 = CARTESIAN_POINT('',(59.456919871246,0.851377939259));
#8287 = CARTESIAN_POINT('',(59.807579323008,0.855147936469));
#8288 = CARTESIAN_POINT('',(60.163796517096,0.858896326744));
#8289 = CARTESIAN_POINT('',(60.525300840799,0.862623552858));
#8290 = CARTESIAN_POINT('',(60.891838171433,0.866330064658));
#8291 = CARTESIAN_POINT('',(61.263177486201,0.870016293305));
#8292 = CARTESIAN_POINT('',(61.966499400163,0.876875397427));
#8293 = CARTESIAN_POINT('',(62.297369000549,0.880053069775));
#8294 = CARTESIAN_POINT('',(62.631593769187,0.883215894977));
#8295 = CARTESIAN_POINT('',(62.969055809454,0.886364081941));
#8296 = CARTESIAN_POINT('',(63.309656322131,0.889497776547));
#8297 = CARTESIAN_POINT('',(63.653320095401,0.892617042121));
#8298 = CARTESIAN_POINT('',(63.999999994858,0.895721839915));
#8299 = ( GEOMETRIC_REPRESENTATION_CONTEXT(2) 
PARAMETRIC_REPRESENTATION_CONTEXT() REPRESENTATION_CONTEXT('2D SPACE',''
  ) );
#8300 = PCURVE('',#8301,#8344);
#8301 = ( BOUNDED_SURFACE() B_SPLINE_SURFACE(6,5,(
    (#8302,#8303,#8304,#8305,#8306,#8307)
    ,(#8308,#8309,#8310,#8311,#8312,#8313)
    ,(#8314,#8315,#8316,#8317,#8318,#8319)
    ,(#8320,#8321,#8322,#8323,#8324,#8325)
    ,(#8326,#8327,#8328,#8329,#8330,#8331)
    ,(#8332,#8333,#8334,#8335,#8336,#8337)
    ,(#8338,#8339,#8340,#8341,#8342,#8343
)),.UNSPECIFIED.,.T.,.F.,.F.) B_SPLINE_SURFACE_WITH_KNOTS((1,6,6,1),(6,6
    ),(-6.28318530718,0.,6.28318530718,12.566370614359),(0.,1.),
.UNSPECIFIED.) GEOMETRIC_REPRESENTATION_ITEM() RATIONAL_B_SPLINE_SURFACE
((
    (1.669078461068,1.669078461068,1.669078461068,1.669078461068
      ,1.669078461068,1.669078461068)
    ,(1.03672962321,1.03672962321,1.03672962321,1.03672962321
      ,1.03672962321,1.03672962321)
    ,(1.038346699848,1.038346699848,1.038346699848,1.038346699848
      ,1.038346699848,1.038346699848)
    ,(0.853534330196,0.853534330196,0.853534330196,0.853534330196
      ,0.853534330196,0.853534330196)
    ,(1.038346699848,1.038346699848,1.038346699848,1.038346699848
      ,1.038346699848,1.038346699848)
    ,(1.03672962321,1.03672962321,1.03672962321,1.03672962321
      ,1.03672962321,1.03672962321)
    ,(1.669078461068,1.669078461068,1.669078461068,1.669078461068
,1.669078461068,1.669078461068))) REPRESENTATION_ITEM('') SURFACE() );
#8302 = CARTESIAN_POINT('',(790.,-104.6518036156,-45.25483399593));
#8303 = CARTESIAN_POINT('',(802.,-104.8015438751,-45.40457425548));
#8304 = CARTESIAN_POINT('',(814.,-104.9512841347,-45.55431451503));
#8305 = CARTESIAN_POINT('',(826.,-107.4802307403,-48.08326112068));
#8306 = CARTESIAN_POINT('',(838.,-107.4802307403,-48.08326112068));
#8307 = CARTESIAN_POINT('',(850.,-107.4802307403,-48.08326112068));
#8308 = CARTESIAN_POINT('',(790.,-132.8491246388,-73.45215501921));
#8309 = CARTESIAN_POINT('',(802.,-132.9988648984,-73.60189527876));
#8310 = CARTESIAN_POINT('',(814.,-133.1486051579,-73.7516355383));
#8311 = CARTESIAN_POINT('',(826.,-135.6775517636,-76.28058214396));
#8312 = CARTESIAN_POINT('',(838.,-135.6775517636,-76.28058214396));
#8313 = CARTESIAN_POINT('',(850.,-135.6775517636,-76.28058214396));
#8314 = CARTESIAN_POINT('',(790.,-75.88081181656,-138.517778653));
#8315 = CARTESIAN_POINT('',(802.,-76.03055207611,-138.6675189125));
#8316 = CARTESIAN_POINT('',(814.,-76.18029233566,-138.8172591721));
#8317 = CARTESIAN_POINT('',(826.,-78.70923894131,-141.3462057777));
#8318 = CARTESIAN_POINT('',(838.,-78.70923894131,-141.3462057777));
#8319 = CARTESIAN_POINT('',(850.,-78.70923894131,-141.3462057777));
#8320 = CARTESIAN_POINT('',(790.,6.691288313256,-156.5979259248));
#8321 = CARTESIAN_POINT('',(802.,6.541548053711,-156.7476661843));
#8322 = CARTESIAN_POINT('',(814.,6.391807794165,-156.8974064438));
#8323 = CARTESIAN_POINT('',(826.,3.86286118851,-159.4263530495));
#8324 = CARTESIAN_POINT('',(838.,3.86286118851,-159.4263530495));
#8325 = CARTESIAN_POINT('',(850.,3.86286118851,-159.4263530495));
#8326 = CARTESIAN_POINT('',(790.,-11.38885895851,-74.02582579497));
#8327 = CARTESIAN_POINT('',(802.,-11.53859921805,-74.17556605452));
#8328 = CARTESIAN_POINT('',(814.,-11.6883394776,-74.32530631407));
#8329 = CARTESIAN_POINT('',(826.,-14.21728608325,-76.85425291972));
#8330 = CARTESIAN_POINT('',(838.,-14.21728608325,-76.85425291972));
#8331 = CARTESIAN_POINT('',(850.,-14.21728608325,-76.85425291972));
#8332 = CARTESIAN_POINT('',(790.,-76.45448259233,-17.05751297266));
#8333 = CARTESIAN_POINT('',(802.,-76.60422285187,-17.2072532322));
#8334 = CARTESIAN_POINT('',(814.,-76.75396311142,-17.35699349175));
#8335 = CARTESIAN_POINT('',(826.,-79.28290971707,-19.8859400974));
#8336 = CARTESIAN_POINT('',(838.,-79.28290971707,-19.8859400974));
#8337 = CARTESIAN_POINT('',(850.,-79.28290971707,-19.8859400974));
#8338 = CARTESIAN_POINT('',(790.,-104.6518036156,-45.25483399593));
#8339 = CARTESIAN_POINT('',(802.,-104.8015438751,-45.40457425548));
#8340 = CARTESIAN_POINT('',(814.,-104.9512841347,-45.55431451503));
#8341 = CARTESIAN_POINT('',(826.,-107.4802307403,-48.08326112068));
#8342 = CARTESIAN_POINT('',(838.,-107.4802307403,-48.08326112068));
#8343 = CARTESIAN_POINT('',(850.,-107.4802307403,-48.08326112068));
#8344 = DEFINITIONAL_REPRESENTATION('',(#8345),#8384);
#8345 = B_SPLINE_CURVE_WITH_KNOTS('',7,(#8346,#8347,#8348,#8349,#8350,
    #8351,#8352,#8353,#8354,#8355,#8356,#8357,#8358,#8359,#8360,#8361,
    #8362,#8363,#8364,#8365,#8366,#8367,#8368,#8369,#8370,#8371,#8372,
    #8373,#8374,#8375,#8376,#8377,#8378,#8379,#8380,#8381,#8382,#8383),
  .UNSPECIFIED.,.F.,.F.,(8,6,6,6,6,6,8),(0.,0.11237542537,0.382377873323
    ,0.574359794145,0.732984223802,0.875709645122,1.),.UNSPECIFIED.);
#8346 = CARTESIAN_POINT('',(5.452790833937,0.));
#8347 = CARTESIAN_POINT('',(5.449836384807,1.129983325999E-02));
#8348 = CARTESIAN_POINT('',(5.446868164088,2.25956964497E-02));
#8349 = CARTESIAN_POINT('',(5.443871756798,3.388530091596E-02));
#8350 = CARTESIAN_POINT('',(5.440834279341,4.5166350519E-02));
#8351 = CARTESIAN_POINT('',(5.437744347064,5.643654280272E-02));
#8352 = CARTESIAN_POINT('',(5.434592041811,6.769357016497E-02));
#8353 = CARTESIAN_POINT('',(5.423624641659,0.105944996338));
#8354 = CARTESIAN_POINT('',(5.415470387781,0.132868851602));
#8355 = CARTESIAN_POINT('',(5.406789832647,0.159668537372));
#8356 = CARTESIAN_POINT('',(5.397513095237,0.186310427849));
#8357 = CARTESIAN_POINT('',(5.387611819408,0.21276479149));
#8358 = CARTESIAN_POINT('',(5.377088672895,0.239003977807));
#8359 = CARTESIAN_POINT('',(5.358063471107,0.283486094613));
#8360 = CARTESIAN_POINT('',(5.349855197342,0.301850727407));
#8361 = CARTESIAN_POINT('',(5.341353313075,0.320086782182));
#8362 = CARTESIAN_POINT('',(5.332571094945,0.338188664979));
#8363 = CARTESIAN_POINT('',(5.323524685888,0.356152867002));
#8364 = CARTESIAN_POINT('',(5.314231680207,0.373977490877));
#8365 = CARTESIAN_POINT('',(5.296843004752,0.406273540683));
#8366 = CARTESIAN_POINT('',(5.288819753514,0.420789622686));
#8367 = CARTESIAN_POINT('',(5.280650492457,0.43520996336));
#8368 = CARTESIAN_POINT('',(5.272345363529,0.44953513498));
#8369 = CARTESIAN_POINT('',(5.263914271686,0.46376628645));
#8370 = CARTESIAN_POINT('',(5.255366610612,0.477904989334));
#8371 = CARTESIAN_POINT('',(5.238922926143,0.504593130863));
#8372 = CARTESIAN_POINT('',(5.231047492014,0.517159788232));
#8373 = CARTESIAN_POINT('',(5.223090965381,0.52965442248));
#8374 = CARTESIAN_POINT('',(5.215059188496,0.542078509526));
#8375 = CARTESIAN_POINT('',(5.206957464522,0.554433548859));
#8376 = CARTESIAN_POINT('',(5.198790455557,0.566720977683));
#8377 = CARTESIAN_POINT('',(5.183396519126,0.589584658085));
#8378 = CARTESIAN_POINT('',(5.17618444839,0.600176899261));
#8379 = CARTESIAN_POINT('',(5.16892845024,0.610719649927));
#8380 = CARTESIAN_POINT('',(5.161630733493,0.621213606459));
#8381 = CARTESIAN_POINT('',(5.154293064198,0.63165925515));
#8382 = CARTESIAN_POINT('',(5.146916695857,0.64205680709));
#8383 = CARTESIAN_POINT('',(5.139502299648,0.652406133037));
#8384 = ( GEOMETRIC_REPRESENTATION_CONTEXT(2) 
PARAMETRIC_REPRESENTATION_CONTEXT() REPRESENTATION_CONTEXT('2D SPACE',''
  ) );
#8385 = ORIENTED_EDGE('',*,*,#8386,.T.);
#8386 = EDGE_CURVE('',#8216,#5968,#8387,.T.);
#8387 = SURFACE_CURVE('',#8388,(#8391,#8398),.PCURVE_S1.);
#8388 = B_SPLINE_CURVE_WITH_KNOTS('',1,(#8389,#8390),.UNSPECIFIED.,.F.,
  .F.,(2,2),(0.,1.),.PIECEWISE_BEZIER_KNOTS.);
#8389 = CARTESIAN_POINT('',(650.,-96.,-63.99999999485));
#8390 = CARTESIAN_POINT('',(850.,-71.55632531432,-47.70421687347));
#8391 = PCURVE('',#3245,#8392);
#8392 = DEFINITIONAL_REPRESENTATION('',(#8393),#8397);
#8393 = LINE('',#8394,#8395);
#8394 = CARTESIAN_POINT('',(63.999999994858,0.));
#8395 = VECTOR('',#8396,1.);
#8396 = DIRECTION('',(0.,1.));
#8397 = ( GEOMETRIC_REPRESENTATION_CONTEXT(2) 
PARAMETRIC_REPRESENTATION_CONTEXT() REPRESENTATION_CONTEXT('2D SPACE',''
  ) );
#8398 = PCURVE('',#6007,#8399);
#8399 = DEFINITIONAL_REPRESENTATION('',(#8400),#8404);
#8400 = LINE('',#8401,#8402);
#8401 = CARTESIAN_POINT('',(4.712388980385,0.));
#8402 = VECTOR('',#8403,1.);
#8403 = DIRECTION('',(0.,1.));
#8404 = ( GEOMETRIC_REPRESENTATION_CONTEXT(2) 
PARAMETRIC_REPRESENTATION_CONTEXT() REPRESENTATION_CONTEXT('2D SPACE',''
  ) );
#8405 = ORIENTED_EDGE('',*,*,#5967,.F.);
#8406 = ORIENTED_EDGE('',*,*,#8407,.F.);
#8407 = EDGE_CURVE('',#6529,#5930,#8408,.T.);
#8408 = SURFACE_CURVE('',#8409,(#8412,#8419),.PCURVE_S1.);
#8409 = B_SPLINE_CURVE_WITH_KNOTS('',1,(#8410,#8411),.UNSPECIFIED.,.F.,
  .F.,(2,2),(0.,1.),.PIECEWISE_BEZIER_KNOTS.);
#8410 = CARTESIAN_POINT('',(650.,-96.,64.));
#8411 = CARTESIAN_POINT('',(850.,-71.55632531311,47.704216875273));
#8412 = PCURVE('',#3245,#8413);
#8413 = DEFINITIONAL_REPRESENTATION('',(#8414),#8418);
#8414 = LINE('',#8415,#8416);
#8415 = CARTESIAN_POINT('',(-64.,0.));
#8416 = VECTOR('',#8417,1.);
#8417 = DIRECTION('',(0.,1.));
#8418 = ( GEOMETRIC_REPRESENTATION_CONTEXT(2) 
PARAMETRIC_REPRESENTATION_CONTEXT() REPRESENTATION_CONTEXT('2D SPACE',''
  ) );
#8419 = PCURVE('',#5946,#8420);
#8420 = DEFINITIONAL_REPRESENTATION('',(#8421),#8425);
#8421 = LINE('',#8422,#8423);
#8422 = CARTESIAN_POINT('',(4.712388980385,0.));
#8423 = VECTOR('',#8424,1.);
#8424 = DIRECTION('',(0.,1.));
#8425 = ( GEOMETRIC_REPRESENTATION_CONTEXT(2) 
PARAMETRIC_REPRESENTATION_CONTEXT() REPRESENTATION_CONTEXT('2D SPACE',''
  ) );
#8426 = ORIENTED_EDGE('',*,*,#6528,.T.);
#8427 = ORIENTED_EDGE('',*,*,#3996,.T.);
#8428 = ADVANCED_FACE('',(#8429),#3310,.T.);
#8429 = FACE_BOUND('',#8430,.T.);
#8430 = EDGE_LOOP('',(#8431,#8432,#8433,#8434));
#8431 = ORIENTED_EDGE('',*,*,#3676,.F.);
#8432 = ORIENTED_EDGE('',*,*,#3296,.T.);
#8433 = ORIENTED_EDGE('',*,*,#7922,.T.);
#8434 = ORIENTED_EDGE('',*,*,#4286,.T.);
#8435 = ADVANCED_FACE('',(#8436),#3354,.T.);
#8436 = FACE_BOUND('',#8437,.T.);
#8437 = EDGE_LOOP('',(#8438,#8460,#8461,#8462));
#8438 = ORIENTED_EDGE('',*,*,#8439,.F.);
#8439 = EDGE_CURVE('',#3339,#8440,#8442,.T.);
#8440 = VERTEX_POINT('',#8441);
#8441 = CARTESIAN_POINT('',(656.08199551413,80.017992937898,
    -90.45512247295));
#8442 = SURFACE_CURVE('',#8443,(#8446,#8453),.PCURVE_S1.);
#8443 = B_SPLINE_CURVE_WITH_KNOTS('',1,(#8444,#8445),.UNSPECIFIED.,.F.,
  .F.,(2,2),(0.,1.),.PIECEWISE_BEZIER_KNOTS.);
#8444 = CARTESIAN_POINT('',(650.,80.740508291188,-91.27187895948));
#8445 = CARTESIAN_POINT('',(850.,56.98135386198,-64.41370438079));
#8446 = PCURVE('',#3354,#8447);
#8447 = DEFINITIONAL_REPRESENTATION('',(#8448),#8452);
#8448 = LINE('',#8449,#8450);
#8449 = CARTESIAN_POINT('',(0.550532218566,0.));
#8450 = VECTOR('',#8451,1.);
#8451 = DIRECTION('',(0.,1.));
#8452 = ( GEOMETRIC_REPRESENTATION_CONTEXT(2) 
PARAMETRIC_REPRESENTATION_CONTEXT() REPRESENTATION_CONTEXT('2D SPACE',''
  ) );
#8453 = PCURVE('',#3480,#8454);
#8454 = DEFINITIONAL_REPRESENTATION('',(#8455),#8459);
#8455 = LINE('',#8456,#8457);
#8456 = CARTESIAN_POINT('',(0.550532218566,0.));
#8457 = VECTOR('',#8458,1.);
#8458 = DIRECTION('',(0.,1.));
#8459 = ( GEOMETRIC_REPRESENTATION_CONTEXT(2) 
PARAMETRIC_REPRESENTATION_CONTEXT() REPRESENTATION_CONTEXT('2D SPACE',''
  ) );
#8460 = ORIENTED_EDGE('',*,*,#3338,.T.);
#8461 = ORIENTED_EDGE('',*,*,#7636,.T.);
#8462 = ORIENTED_EDGE('',*,*,#8463,.T.);
#8463 = EDGE_CURVE('',#7637,#8440,#8464,.T.);
#8464 = SURFACE_CURVE('',#8465,(#8492,#8522),.PCURVE_S1.);
#8465 = B_SPLINE_CURVE_WITH_KNOTS('',4,(#8466,#8467,#8468,#8469,#8470,
    #8471,#8472,#8473,#8474,#8475,#8476,#8477,#8478,#8479,#8480,#8481,
    #8482,#8483,#8484,#8485,#8486,#8487,#8488,#8489,#8490,#8491),
  .UNSPECIFIED.,.F.,.F.,(5,3,3,3,3,3,3,3,5),(0.,0.125282266589,
    0.249724476293,0.374554270096,0.498975806769,0.62379880274,
    0.74783320912,0.871883097038,1.),.UNSPECIFIED.);
#8466 = CARTESIAN_POINT('',(656.08199551122,90.455122461053,
    -80.01799295498));
#8467 = CARTESIAN_POINT('',(656.11170928748,90.205720424452,
    -80.41095274072));
#8468 = CARTESIAN_POINT('',(656.13997482505,89.948864115754,
    -80.79929295666));
#8469 = CARTESIAN_POINT('',(656.16639673301,89.684741312772,
    -81.18286132506));
#8470 = CARTESIAN_POINT('',(656.21481122135,89.144151501018,
    -81.93759184666));
#8471 = CARTESIAN_POINT('',(656.23683200887,88.867779245718,
    -82.30881993866));
#8472 = CARTESIAN_POINT('',(656.25646368442,88.584601976215,
    -82.67502146674));
#8473 = CARTESIAN_POINT('',(656.29062773659,88.004097079767,
    -83.39815958551));
#8474 = CARTESIAN_POINT('',(656.30514387994,87.706728140355,
    -83.7550638729));
#8475 = CARTESIAN_POINT('',(656.31687855696,87.402876994723,
    -84.1065714124));
#8476 = CARTESIAN_POINT('',(656.33456800397,86.783590203753,
    -84.79730762178));
#8477 = CARTESIAN_POINT('',(656.34054148478,86.468195625819,
    -85.13657283291));
#8478 = CARTESIAN_POINT('',(656.34356501574,86.146723795636,
    -85.47012555942));
#8479 = CARTESIAN_POINT('',(656.34371098621,85.490928317912,
    -86.12650426958));
#8480 = CARTESIAN_POINT('',(656.34081435342,85.156566421753,
    -86.44929229776));
#8481 = CARTESIAN_POINT('',(656.33494717237,84.816449808685,
    -86.76596919336));
#8482 = CARTESIAN_POINT('',(656.31751267858,84.127245250071,
    -87.38477410879));
#8483 = CARTESIAN_POINT('',(656.30598167608,83.778227415915,
    -87.68698147472));
#8484 = CARTESIAN_POINT('',(656.29170029567,83.423875743615,
    -87.9827948947));
#8485 = CARTESIAN_POINT('',(656.25800185972,82.704793290828,
    -88.56131092964));
#8486 = CARTESIAN_POINT('',(656.23858431792,82.340061116592,
    -88.84401189253));
#8487 = CARTESIAN_POINT('',(656.21678299735,81.970327107841,
    -89.11995831564));
#8488 = CARTESIAN_POINT('',(656.16818738148,81.208889859362,
    -89.66680201746));
#8489 = CARTESIAN_POINT('',(656.14125315416,80.816863746978,
    -89.93723705087));
#8490 = CARTESIAN_POINT('',(656.11238160211,80.419843863348,
    -90.20007744438));
#8491 = CARTESIAN_POINT('',(656.08199551413,80.017992937898,
    -90.45512247295));
#8492 = PCURVE('',#3354,#8493);
#8493 = DEFINITIONAL_REPRESENTATION('',(#8494),#8521);
#8494 = B_SPLINE_CURVE_WITH_KNOTS('',4,(#8495,#8496,#8497,#8498,#8499,
    #8500,#8501,#8502,#8503,#8504,#8505,#8506,#8507,#8508,#8509,#8510,
    #8511,#8512,#8513,#8514,#8515,#8516,#8517,#8518,#8519,#8520),
  .UNSPECIFIED.,.F.,.F.,(5,3,3,3,3,3,3,3,5),(0.,0.125282266589,
    0.249724476293,0.374554270096,0.498975806769,0.62379880274,
    0.74783320912,0.871883097038,1.),.UNSPECIFIED.);
#8495 = CARTESIAN_POINT('',(1.020264107797,3.040997755612E-02));
#8496 = CARTESIAN_POINT('',(1.005553440741,3.055854643743E-02));
#8497 = CARTESIAN_POINT('',(0.99084325975,3.069987412529E-02));
#8498 = CARTESIAN_POINT('',(0.976133020389,3.083198366506E-02));
#8499 = CARTESIAN_POINT('',(0.946810496692,3.107405610679E-02));
#8500 = CARTESIAN_POINT('',(0.932198217415,3.118416004435E-02));
#8501 = CARTESIAN_POINT('',(0.917585331358,3.128231842214E-02));
#8502 = CARTESIAN_POINT('',(0.888312813795,3.145313868297E-02));
#8503 = CARTESIAN_POINT('',(0.873653174806,3.152571939972E-02));
#8504 = CARTESIAN_POINT('',(0.858992909472,3.15843927848E-02));
#8505 = CARTESIAN_POINT('',(0.829719447116,3.167284001987E-02));
#8506 = CARTESIAN_POINT('',(0.815106247047,3.170270742394E-02));
#8507 = CARTESIAN_POINT('',(0.800492791115,3.17178250787E-02));
#8508 = CARTESIAN_POINT('',(0.771218726096,3.171855493105E-02));
#8509 = CARTESIAN_POINT('',(0.756558110283,3.170407176711E-02));
#8510 = CARTESIAN_POINT('',(0.741897744911,3.167473586186E-02));
#8511 = CARTESIAN_POINT('',(0.712670512928,3.15875633929E-02));
#8512 = CARTESIAN_POINT('',(0.698103634873,3.152990838041E-02));
#8513 = CARTESIAN_POINT('',(0.683537371133,3.145850147835E-02));
#8514 = CARTESIAN_POINT('',(0.654404256282,3.129000929864E-02));
#8515 = CARTESIAN_POINT('',(0.639837401721,3.119292158962E-02));
#8516 = CARTESIAN_POINT('',(0.625271155225,3.10839149868E-02));
#8517 = CARTESIAN_POINT('',(0.595661808787,3.084093690742E-02));
#8518 = CARTESIAN_POINT('',(0.580618731519,3.070626577082E-02));
#8519 = CARTESIAN_POINT('',(0.56557573037,3.056190801057E-02));
#8520 = CARTESIAN_POINT('',(0.550532218566,3.040997757068E-02));
#8521 = ( GEOMETRIC_REPRESENTATION_CONTEXT(2) 
PARAMETRIC_REPRESENTATION_CONTEXT() REPRESENTATION_CONTEXT('2D SPACE',''
  ) );
#8522 = PCURVE('',#7486,#8523);
#8523 = DEFINITIONAL_REPRESENTATION('',(#8524),#8551);
#8524 = B_SPLINE_CURVE_WITH_KNOTS('',4,(#8525,#8526,#8527,#8528,#8529,
    #8530,#8531,#8532,#8533,#8534,#8535,#8536,#8537,#8538,#8539,#8540,
    #8541,#8542,#8543,#8544,#8545,#8546,#8547,#8548,#8549,#8550),
  .UNSPECIFIED.,.F.,.F.,(5,3,3,3,3,3,3,3,5),(0.,0.125282266589,
    0.249724476293,0.374554270096,0.498975806769,0.62379880274,
    0.74783320912,0.871883097038,1.),.UNSPECIFIED.);
#8525 = CARTESIAN_POINT('',(1.847315659305,0.212247032419));
#8526 = CARTESIAN_POINT('',(1.829814729171,0.212421819338));
#8527 = CARTESIAN_POINT('',(1.812360044565,0.212588087207));
#8528 = CARTESIAN_POINT('',(1.794945080743,0.212743510194));
#8529 = CARTESIAN_POINT('',(1.760298952899,0.213028301302));
#8530 = CARTESIAN_POINT('',(1.743067337416,0.213157835346));
#8531 = CARTESIAN_POINT('',(1.725862932269,0.213273315791));
#8532 = CARTESIAN_POINT('',(1.69144384679,0.213474280803));
#8533 = CARTESIAN_POINT('',(1.674229295259,0.213559669882));
#8534 = CARTESIAN_POINT('',(1.657030856433,0.213628697394));
#8535 = CARTESIAN_POINT('',(1.622711655105,0.213732752965));
#8536 = CARTESIAN_POINT('',(1.605590814388,0.213767891087));
#8537 = CARTESIAN_POINT('',(1.588475301186,0.213785676563));
#8538 = CARTESIAN_POINT('',(1.55418923186,0.213786535213));
#8539 = CARTESIAN_POINT('',(1.537018667468,0.213769496197));
#8540 = CARTESIAN_POINT('',(1.519842898383,0.213734983367));
#8541 = CARTESIAN_POINT('',(1.485578777574,0.213632427521));
#8542 = CARTESIAN_POINT('',(1.46849055104,0.213564598095));
#8543 = CARTESIAN_POINT('',(1.451386593104,0.213480589975));
#8544 = CARTESIAN_POINT('',(1.417134029293,0.213282363881));
#8545 = CARTESIAN_POINT('',(1.399985412137,0.213168143047));
#8546 = CARTESIAN_POINT('',(1.38280999808,0.213039899984));
#8547 = CARTESIAN_POINT('',(1.347829605113,0.212754043419));
#8548 = CARTESIAN_POINT('',(1.33002244439,0.212595606793));
#8549 = CARTESIAN_POINT('',(1.312173900662,0.212425774126));
#8550 = CARTESIAN_POINT('',(1.294276993727,0.212247032439));
#8551 = ( GEOMETRIC_REPRESENTATION_CONTEXT(2) 
PARAMETRIC_REPRESENTATION_CONTEXT() REPRESENTATION_CONTEXT('2D SPACE',''
  ) );
#8552 = ADVANCED_FACE('',(#8553),#3436,.T.);
#8553 = FACE_BOUND('',#8554,.T.);
#8554 = EDGE_LOOP('',(#8555,#8556,#8557,#8579));
#8555 = ORIENTED_EDGE('',*,*,#7776,.F.);
#8556 = ORIENTED_EDGE('',*,*,#3422,.T.);
#8557 = ORIENTED_EDGE('',*,*,#8558,.T.);
#8558 = EDGE_CURVE('',#3401,#8559,#8561,.T.);
#8559 = VERTEX_POINT('',#8560);
#8560 = CARTESIAN_POINT('',(656.08199551106,-80.01799295264,
    -90.45512246253));
#8561 = SURFACE_CURVE('',#8562,(#8565,#8572),.PCURVE_S1.);
#8562 = B_SPLINE_CURVE_WITH_KNOTS('',1,(#8563,#8564),.UNSPECIFIED.,.F.,
  .F.,(2,2),(0.,1.),.PIECEWISE_BEZIER_KNOTS.);
#8563 = CARTESIAN_POINT('',(650.,-80.74050830574,-91.27187894855));
#8564 = CARTESIAN_POINT('',(850.,-56.98135387081,-64.41370437297));
#8565 = PCURVE('',#3436,#8566);
#8566 = DEFINITIONAL_REPRESENTATION('',(#8567),#8571);
#8567 = LINE('',#8568,#8569);
#8568 = CARTESIAN_POINT('',(5.732653088269,0.));
#8569 = VECTOR('',#8570,1.);
#8570 = DIRECTION('',(0.,1.));
#8571 = ( GEOMETRIC_REPRESENTATION_CONTEXT(2) 
PARAMETRIC_REPRESENTATION_CONTEXT() REPRESENTATION_CONTEXT('2D SPACE',''
  ) );
#8572 = PCURVE('',#3644,#8573);
#8573 = DEFINITIONAL_REPRESENTATION('',(#8574),#8578);
#8574 = LINE('',#8575,#8576);
#8575 = CARTESIAN_POINT('',(5.732653088269,0.));
#8576 = VECTOR('',#8577,1.);
#8577 = DIRECTION('',(0.,1.));
#8578 = ( GEOMETRIC_REPRESENTATION_CONTEXT(2) 
PARAMETRIC_REPRESENTATION_CONTEXT() REPRESENTATION_CONTEXT('2D SPACE',''
  ) );
#8579 = ORIENTED_EDGE('',*,*,#8580,.T.);
#8580 = EDGE_CURVE('',#8559,#7777,#8581,.T.);
#8581 = SURFACE_CURVE('',#8582,(#8615,#8651),.PCURVE_S1.);
#8582 = B_SPLINE_CURVE_WITH_KNOTS('',4,(#8583,#8584,#8585,#8586,#8587,
    #8588,#8589,#8590,#8591,#8592,#8593,#8594,#8595,#8596,#8597,#8598,
    #8599,#8600,#8601,#8602,#8603,#8604,#8605,#8606,#8607,#8608,#8609,
    #8610,#8611,#8612,#8613,#8614),.UNSPECIFIED.,.F.,.F.,(5,3,3,3,3,3,3,
    3,3,3,5),(0.,5.34776792022E-02,0.165244161071,0.277043317434,
    0.388832405413,0.500215614414,0.611960065099,0.723353086023,
    0.835158723984,0.946534140104,1.),.UNSPECIFIED.);
#8583 = CARTESIAN_POINT('',(656.08199551106,-80.01799295264,
    -90.45512246253));
#8584 = CARTESIAN_POINT('',(656.0946790464,-80.1857307988,
    -90.34866332701));
#8585 = CARTESIAN_POINT('',(656.10709873706,-80.35262693336,
    -90.24084595471));
#8586 = CARTESIAN_POINT('',(656.11922377282,-80.518669499,
    -90.13168497278));
#8587 = CARTESIAN_POINT('',(656.15569515182,-81.02906016912,
    -89.79027447077));
#8588 = CARTESIAN_POINT('',(656.17895733463,-81.37049254446,
    -89.55354863988));
#8589 = CARTESIAN_POINT('',(656.20056532886,-81.70803251398,
    -89.31114972677));
#8590 = CARTESIAN_POINT('',(656.24011296545,-82.3751906903,
    -88.81519588513));
#8591 = CARTESIAN_POINT('',(656.25805138861,-82.70480657693,
    -88.56163776006));
#8592 = CARTESIAN_POINT('',(656.27396836857,-83.03029307838,
    -88.30266618357));
#8593 = CARTESIAN_POINT('',(656.30151684333,-83.67273200385,
    -87.77418269142));
#8594 = CARTESIAN_POINT('',(656.31314864522,-83.98968526336,
    -87.50467172309));
#8595 = CARTESIAN_POINT('',(656.32251790362,-84.30226358243,
    -87.23001105384));
#8596 = CARTESIAN_POINT('',(656.33658609624,-84.91729671175,
    -86.67166817725));
#8597 = CARTESIAN_POINT('',(656.34130183043,-85.21978424064,
    -86.38802230041));
#8598 = CARTESIAN_POINT('',(656.3436527627,-85.51767584977,
    -86.09952410084));
#8599 = CARTESIAN_POINT('',(656.34362525477,-86.10496052877,
    -85.51212950474));
#8600 = CARTESIAN_POINT('',(656.34123145152,-86.3943229764,
    -85.21320234491));
#8601 = CARTESIAN_POINT('',(656.33645771317,-86.67880014618,
    -84.90965082187));
#8602 = CARTESIAN_POINT('',(656.32229315106,-87.23684281979,
    -84.29452257627));
#8603 = CARTESIAN_POINT('',(656.31291692836,-87.51043987164,
    -83.98297401167));
#8604 = CARTESIAN_POINT('',(656.30129522626,-87.77892226076,
    -83.66708277106));
#8605 = CARTESIAN_POINT('',(656.27374927191,-88.30637273114,
    -83.02567294868));
#8606 = CARTESIAN_POINT('',(656.25780932051,-88.56530188983,
    -82.70012297095));
#8607 = CARTESIAN_POINT('',(656.23984877425,-88.81881602998,
    -82.3704439907));
#8608 = CARTESIAN_POINT('',(656.20032951073,-89.31379703844,
    -81.70434690417));
#8609 = CARTESIAN_POINT('',(656.17878504809,-89.55530646664,
    -81.36795958689));
#8610 = CARTESIAN_POINT('',(656.15559885776,-89.79118195614,
    -81.02770746429));
#8611 = CARTESIAN_POINT('',(656.11921574087,-90.13175734265,
    -80.51855941895));
#8612 = CARTESIAN_POINT('',(656.10709325243,-90.24089361779,
    -80.35255315394));
#8613 = CARTESIAN_POINT('',(656.09467624942,-90.34868684663,
    -80.18569374237));
#8614 = CARTESIAN_POINT('',(656.08199551427,-90.45512247164,
    -80.01799293996));
#8615 = PCURVE('',#3436,#8616);
#8616 = DEFINITIONAL_REPRESENTATION('',(#8617),#8650);
#8617 = B_SPLINE_CURVE_WITH_KNOTS('',4,(#8618,#8619,#8620,#8621,#8622,
    #8623,#8624,#8625,#8626,#8627,#8628,#8629,#8630,#8631,#8632,#8633,
    #8634,#8635,#8636,#8637,#8638,#8639,#8640,#8641,#8642,#8643,#8644,
    #8645,#8646,#8647,#8648,#8649),.UNSPECIFIED.,.F.,.F.,(5,3,3,3,3,3,3,
    3,3,3,5),(0.,5.34776792022E-02,0.165244161071,0.277043317434,
    0.388832405413,0.500215614414,0.611960065099,0.723353086023,
    0.835158723984,0.946534140104,1.),.UNSPECIFIED.);
#8618 = CARTESIAN_POINT('',(5.732653088269,3.040997755533E-02));
#8619 = CARTESIAN_POINT('',(5.726373729168,3.047339523202E-02));
#8620 = CARTESIAN_POINT('',(5.720094458328,3.053549368533E-02));
#8621 = CARTESIAN_POINT('',(5.713815233919,3.05961188641E-02));
#8622 = CARTESIAN_POINT('',(5.69441268859,3.077847575914E-02));
#8623 = CARTESIAN_POINT('',(5.681289410393,3.089478667318E-02));
#8624 = CARTESIAN_POINT('',(5.66816587723,3.100282664432E-02));
#8625 = CARTESIAN_POINT('',(5.641914193902,3.12005648273E-02));
#8626 = CARTESIAN_POINT('',(5.628786042865,3.129025694306E-02));
#8627 = CARTESIAN_POINT('',(5.615657369192,3.136984184289E-02));
#8628 = CARTESIAN_POINT('',(5.589400218813,3.150758421669E-02));
#8629 = CARTESIAN_POINT('',(5.576271739694,3.15657432261E-02));
#8630 = CARTESIAN_POINT('',(5.563142797678,3.161258951811E-02));
#8631 = CARTESIAN_POINT('',(5.536931943112,3.168293048124E-02));
#8632 = CARTESIAN_POINT('',(5.523850029364,3.170650915216E-02));
#8633 = CARTESIAN_POINT('',(5.510767937123,3.171826381354E-02));
#8634 = CARTESIAN_POINT('',(5.484561329556,3.171812627386E-02));
#8635 = CARTESIAN_POINT('',(5.471436810364,3.170615725763E-02));
#8636 = CARTESIAN_POINT('',(5.458312472796,3.168228856586E-02));
#8637 = CARTESIAN_POINT('',(5.432105722041,3.161146575532E-02));
#8638 = CARTESIAN_POINT('',(5.419023303299,3.156458464181E-02));
#8639 = CARTESIAN_POINT('',(5.405941345004,3.150647613131E-02));
#8640 = CARTESIAN_POINT('',(5.379729956189,3.136874635959E-02));
#8641 = CARTESIAN_POINT('',(5.366600526841,3.128904660256E-02));
#8642 = CARTESIAN_POINT('',(5.353471619862,3.119924387127E-02));
#8643 = CARTESIAN_POINT('',(5.327265103858,3.100164755367E-02));
#8644 = CARTESIAN_POINT('',(5.314187491201,3.089392524048E-02));
#8645 = CARTESIAN_POINT('',(5.301110130599,3.077799428883E-02));
#8646 = CARTESIAN_POINT('',(5.281754890975,3.059607870435E-02));
#8647 = CARTESIAN_POINT('',(5.27547705359,3.053546626218E-02));
#8648 = CARTESIAN_POINT('',(5.269199171379,3.04733812471E-02));
#8649 = CARTESIAN_POINT('',(5.262921199027,3.040997757138E-02));
#8650 = ( GEOMETRIC_REPRESENTATION_CONTEXT(2) 
PARAMETRIC_REPRESENTATION_CONTEXT() REPRESENTATION_CONTEXT('2D SPACE',''
  ) );
#8651 = PCURVE('',#7858,#8652);
#8652 = DEFINITIONAL_REPRESENTATION('',(#8653),#8686);
#8653 = B_SPLINE_CURVE_WITH_KNOTS('',4,(#8654,#8655,#8656,#8657,#8658,
    #8659,#8660,#8661,#8662,#8663,#8664,#8665,#8666,#8667,#8668,#8669,
    #8670,#8671,#8672,#8673,#8674,#8675,#8676,#8677,#8678,#8679,#8680,
    #8681,#8682,#8683,#8684,#8685),.UNSPECIFIED.,.F.,.F.,(5,3,3,3,3,3,3,
    3,3,3,5),(0.,5.34776792022E-02,0.165244161071,0.277043317434,
    0.388832405413,0.500215614414,0.611960065099,0.723353086023,
    0.835158723984,0.946534140104,1.),.UNSPECIFIED.);
#8654 = CARTESIAN_POINT('',(1.847315659409,0.212247032418));
#8655 = CARTESIAN_POINT('',(1.839845255412,0.212321641449));
#8656 = CARTESIAN_POINT('',(1.832383277478,0.212394698454));
#8657 = CARTESIAN_POINT('',(1.824929218566,0.212466022193));
#8658 = CARTESIAN_POINT('',(1.801919381756,0.212680559717));
#8659 = CARTESIAN_POINT('',(1.786388612712,0.212817396086));
#8660 = CARTESIAN_POINT('',(1.77088577684,0.212944501934));
#8661 = CARTESIAN_POINT('',(1.739922983937,0.213177135091));
#8662 = CARTESIAN_POINT('',(1.724463038634,0.213282655227));
#8663 = CARTESIAN_POINT('',(1.709022575875,0.213376284521));
#8664 = CARTESIAN_POINT('',(1.678173995768,0.213538334373));
#8665 = CARTESIAN_POINT('',(1.662765871747,0.213606756737));
#8666 = CARTESIAN_POINT('',(1.647369217996,0.213661870021));
#8667 = CARTESIAN_POINT('',(1.616647019317,0.213744624096));
#8668 = CARTESIAN_POINT('',(1.601321414399,0.213772363708));
#8669 = CARTESIAN_POINT('',(1.585999556924,0.213786192722));
#8670 = CARTESIAN_POINT('',(1.555306125439,0.21378603091));
#8671 = CARTESIAN_POINT('',(1.539934546245,0.213771949715));
#8672 = CARTESIAN_POINT('',(1.52455915365,0.213743868901));
#8673 = CARTESIAN_POINT('',(1.493841424658,0.213660547947));
#8674 = CARTESIAN_POINT('',(1.4784991316,0.213605393696));
#8675 = CARTESIAN_POINT('',(1.463145407809,0.213537030743));
#8676 = CARTESIAN_POINT('',(1.432350250052,0.213374995717));
#8677 = CARTESIAN_POINT('',(1.416908698002,0.213281231297));
#8678 = CARTESIAN_POINT('',(1.401447631776,0.213175581025));
#8679 = CARTESIAN_POINT('',(1.370537589851,0.212943114769));
#8680 = CARTESIAN_POINT('',(1.355088794452,0.212816382636));
#8681 = CARTESIAN_POINT('',(1.33961224447,0.212679993281));
#8682 = CARTESIAN_POINT('',(1.316658493148,0.212465974945));
#8683 = CARTESIAN_POINT('',(1.309206077652,0.212394666194));
#8684 = CARTESIAN_POINT('',(1.301745747468,0.212321624993));
#8685 = CARTESIAN_POINT('',(1.294276993819,0.212247032439));
#8686 = ( GEOMETRIC_REPRESENTATION_CONTEXT(2) 
PARAMETRIC_REPRESENTATION_CONTEXT() REPRESENTATION_CONTEXT('2D SPACE',''
  ) );
#8687 = ADVANCED_FACE('',(#8688),#3480,.T.);
#8688 = FACE_BOUND('',#8689,.T.);
#8689 = EDGE_LOOP('',(#8690,#8712,#8713,#8714));
#8690 = ORIENTED_EDGE('',*,*,#8691,.F.);
#8691 = EDGE_CURVE('',#3465,#8692,#8694,.T.);
#8692 = VERTEX_POINT('',#8693);
#8693 = CARTESIAN_POINT('',(656.56758604597,63.464880205659,
    -95.19732031612));
#8694 = SURFACE_CURVE('',#8695,(#8698,#8705),.PCURVE_S1.);
#8695 = B_SPLINE_CURVE_WITH_KNOTS('',1,(#8696,#8697),.UNSPECIFIED.,.F.,
  .F.,(2,2),(0.,1.),.PIECEWISE_BEZIER_KNOTS.);
#8696 = CARTESIAN_POINT('',(650.,63.999999994858,-96.));
#8697 = CARTESIAN_POINT('',(850.,47.704216872926,-71.55632531468));
#8698 = PCURVE('',#3480,#8699);
#8699 = DEFINITIONAL_REPRESENTATION('',(#8700),#8704);
#8700 = LINE('',#8701,#8702);
#8701 = CARTESIAN_POINT('',(0.,0.));
#8702 = VECTOR('',#8703,1.);
#8703 = DIRECTION('',(0.,1.));
#8704 = ( GEOMETRIC_REPRESENTATION_CONTEXT(2) 
PARAMETRIC_REPRESENTATION_CONTEXT() REPRESENTATION_CONTEXT('2D SPACE',''
  ) );
#8705 = PCURVE('',#3542,#8706);
#8706 = DEFINITIONAL_REPRESENTATION('',(#8707),#8711);
#8707 = LINE('',#8708,#8709);
#8708 = CARTESIAN_POINT('',(63.999999994858,0.));
#8709 = VECTOR('',#8710,1.);
#8710 = DIRECTION('',(0.,1.));
#8711 = ( GEOMETRIC_REPRESENTATION_CONTEXT(2) 
PARAMETRIC_REPRESENTATION_CONTEXT() REPRESENTATION_CONTEXT('2D SPACE',''
  ) );
#8712 = ORIENTED_EDGE('',*,*,#3464,.T.);
#8713 = ORIENTED_EDGE('',*,*,#8439,.T.);
#8714 = ORIENTED_EDGE('',*,*,#8715,.T.);
#8715 = EDGE_CURVE('',#8440,#8692,#8716,.T.);
#8716 = SURFACE_CURVE('',#8717,(#8744,#8774),.PCURVE_S1.);
#8717 = B_SPLINE_CURVE_WITH_KNOTS('',5,(#8718,#8719,#8720,#8721,#8722,
    #8723,#8724,#8725,#8726,#8727,#8728,#8729,#8730,#8731,#8732,#8733,
    #8734,#8735,#8736,#8737,#8738,#8739,#8740,#8741,#8742,#8743),
  .UNSPECIFIED.,.F.,.F.,(6,4,4,4,4,4,6),(0.,0.176877333291,
    0.353343278684,0.529657957975,0.706538066768,0.850641621184,1.),
  .UNSPECIFIED.);
#8718 = CARTESIAN_POINT('',(656.08199551413,80.017992937898,
    -90.45512247295));
#8719 = CARTESIAN_POINT('',(656.04187154337,79.493371823312,
    -90.78804956046));
#8720 = CARTESIAN_POINT('',(655.99923934501,78.961037100968,
    -91.10851018081));
#8721 = CARTESIAN_POINT('',(655.95483965696,78.421268425029,
    -91.41615777305));
#8722 = CARTESIAN_POINT('',(655.90958275829,77.874341277132,
    -91.71063259828));
#8723 = CARTESIAN_POINT('',(655.81968732706,76.767997202723,
    -92.27184077734));
#8724 = CARTESIAN_POINT('',(655.77504818204,76.20861895239,
    -92.5386336587));
#8725 = CARTESIAN_POINT('',(655.73177210112,75.642652197709,
    -92.79157707563));
#8726 = CARTESIAN_POINT('',(655.69117202343,75.070395699178,
    -93.03027110094));
#8727 = CARTESIAN_POINT('',(655.61849895371,73.914482680168,
    -93.47814328235));
#8728 = CARTESIAN_POINT('',(655.58642000118,73.330851403151,
    -93.68734064727));
#8729 = CARTESIAN_POINT('',(655.56014922311,72.741628270153,
    -93.88148998007));
#8730 = CARTESIAN_POINT('',(655.54152346646,72.147285392084,
    -94.06013146086));
#8731 = CARTESIAN_POINT('',(655.52381087223,70.947716387173,
    -94.38605054825));
#8732 = CARTESIAN_POINT('',(655.52478866581,70.342488797074,
    -94.53321821964));
#8733 = CARTESIAN_POINT('',(655.53776374266,69.733410426988,
    -94.66390167568));
#8734 = CARTESIAN_POINT('',(655.56521572897,69.12146868628,
    -94.77763953323));
#8735 = CARTESIAN_POINT('',(655.64609871488,68.00829212896,-94.952770262
    ));
#8736 = CARTESIAN_POINT('',(655.69377178122,67.507570468301,
    -95.01995522669));
#8737 = CARTESIAN_POINT('',(655.75422346644,67.006641267917,
    -95.07554646609));
#8738 = CARTESIAN_POINT('',(655.82893742233,66.506521534258,
    -95.11945883764));
#8739 = CARTESIAN_POINT('',(656.01281417264,65.492253080759,
    -95.18530834697));
#8740 = CARTESIAN_POINT('',(656.1231349684,64.978249857843,
    -95.20638670978));
#8741 = CARTESIAN_POINT('',(656.25164280992,64.467888807151,
    -95.21513699134));
#8742 = CARTESIAN_POINT('',(656.39958782097,63.962835301419,
    -95.21189840942));
#8743 = CARTESIAN_POINT('',(656.56758604597,63.464880205659,
    -95.19732031612));
#8744 = PCURVE('',#3480,#8745);
#8745 = DEFINITIONAL_REPRESENTATION('',(#8746),#8773);
#8746 = B_SPLINE_CURVE_WITH_KNOTS('',5,(#8747,#8748,#8749,#8750,#8751,
    #8752,#8753,#8754,#8755,#8756,#8757,#8758,#8759,#8760,#8761,#8762,
    #8763,#8764,#8765,#8766,#8767,#8768,#8769,#8770,#8771,#8772),
  .UNSPECIFIED.,.F.,.F.,(6,4,4,4,4,4,6),(0.,0.176877333291,
    0.353343278684,0.529657957975,0.706538066768,0.850641621184,1.),
  .UNSPECIFIED.);
#8747 = CARTESIAN_POINT('',(0.550532218566,3.040997757068E-02));
#8748 = CARTESIAN_POINT('',(0.530872343556,3.020935771689E-02));
#8749 = CARTESIAN_POINT('',(0.511212224476,2.999619672507E-02));
#8750 = CARTESIAN_POINT('',(0.491550724518,2.977419828482E-02));
#8751 = CARTESIAN_POINT('',(0.47188668751,2.954791379149E-02));
#8752 = CARTESIAN_POINT('',(0.432596575761,2.909843663533E-02));
#8753 = CARTESIAN_POINT('',(0.412970754894,2.887524091023E-02));
#8754 = CARTESIAN_POINT('',(0.393339738566,2.865886050564E-02));
#8755 = CARTESIAN_POINT('',(0.373703301126,2.845586011719E-02));
#8756 = CARTESIAN_POINT('',(0.334438358143,2.809249476856E-02));
#8757 = CARTESIAN_POINT('',(0.314810369368,2.79321000059E-02));
#8758 = CARTESIAN_POINT('',(0.295179061871,2.780074611558E-02));
#8759 = CARTESIAN_POINT('',(0.275549581094,2.77076173323E-02));
#8760 = CARTESIAN_POINT('',(0.236251074102,2.761905436117E-02));
#8761 = CARTESIAN_POINT('',(0.2165830136,2.762394332908E-02));
#8762 = CARTESIAN_POINT('',(0.196937170117,2.768881871334E-02));
#8763 = CARTESIAN_POINT('',(0.177333964133,2.78260786449E-02));
#8764 = CARTESIAN_POINT('',(0.141895194801,2.82304935744E-02));
#8765 = CARTESIAN_POINT('',(0.126035078132,2.846885890611E-02));
#8766 = CARTESIAN_POINT('',(0.110242501184,2.877111733223E-02));
#8767 = CARTESIAN_POINT('',(9.45427358396E-02,2.914468711167E-02));
#8768 = CARTESIAN_POINT('',(6.282564532774E-02,3.006407086322E-02));
#8769 = CARTESIAN_POINT('',(4.681736945315E-02,3.0615674842E-02));
#8770 = CARTESIAN_POINT('',(3.09803716391E-02,3.12582140496E-02));
#8771 = CARTESIAN_POINT('',(1.535857470178E-02,3.199793910486E-02));
#8772 = CARTESIAN_POINT('',(0.,3.283793022987E-02));
#8773 = ( GEOMETRIC_REPRESENTATION_CONTEXT(2) 
PARAMETRIC_REPRESENTATION_CONTEXT() REPRESENTATION_CONTEXT('2D SPACE',''
  ) );
#8774 = PCURVE('',#7486,#8775);
#8775 = DEFINITIONAL_REPRESENTATION('',(#8776),#8803);
#8776 = B_SPLINE_CURVE_WITH_KNOTS('',5,(#8777,#8778,#8779,#8780,#8781,
    #8782,#8783,#8784,#8785,#8786,#8787,#8788,#8789,#8790,#8791,#8792,
    #8793,#8794,#8795,#8796,#8797,#8798,#8799,#8800,#8801,#8802),
  .UNSPECIFIED.,.F.,.F.,(6,4,4,4,4,4,6),(0.,0.176877333291,
    0.353343278684,0.529657957975,0.706538066768,0.850641621184,1.),
  .UNSPECIFIED.);
#8777 = CARTESIAN_POINT('',(1.294276993476,0.212247032436));
#8778 = CARTESIAN_POINT('',(1.270912847039,0.212011009079));
#8779 = CARTESIAN_POINT('',(1.247471655996,0.211760231441));
#8780 = CARTESIAN_POINT('',(1.223941072613,0.211499056806));
#8781 = CARTESIAN_POINT('',(1.2003085283,0.211232839755));
#8782 = CARTESIAN_POINT('',(1.152868342594,0.2107040431));
#8783 = CARTESIAN_POINT('',(1.129061520431,0.210441459894));
#8784 = CARTESIAN_POINT('',(1.105126982898,0.210186894713));
#8785 = CARTESIAN_POINT('',(1.081052557529,0.209948070726));
#8786 = CARTESIAN_POINT('',(1.032622191293,0.209520582081));
#8787 = CARTESIAN_POINT('',(1.008267134844,0.20933188236));
#8788 = CARTESIAN_POINT('',(0.983750189592,0.209177348371));
#8789 = CARTESIAN_POINT('',(0.959064695466,0.209067785097));
#8790 = CARTESIAN_POINT('',(0.909275002028,0.208963593366));
#8791 = CARTESIAN_POINT('',(0.884170835452,0.208969345093));
#8792 = CARTESIAN_POINT('',(0.858895838539,0.209045669075));
#8793 = CARTESIAN_POINT('',(0.83346200079,0.209207151347));
#8794 = CARTESIAN_POINT('',(0.78707078801,0.209682933617));
#8795 = CARTESIAN_POINT('',(0.76615787288,0.209963363419));
#8796 = CARTESIAN_POINT('',(0.745175137271,0.210318961567));
#8797 = CARTESIAN_POINT('',(0.724149368975,0.210758455426));
#8798 = CARTESIAN_POINT('',(0.681322506293,0.211840083368));
#8799 = CARTESIAN_POINT('',(0.659520768817,0.212489029228));
#8800 = CARTESIAN_POINT('',(0.637758713467,0.213244957702));
#8801 = CARTESIAN_POINT('',(0.616093158765,0.214115222479));
#8802 = CARTESIAN_POINT('',(0.594591921749,0.215103447328));
#8803 = ( GEOMETRIC_REPRESENTATION_CONTEXT(2) 
PARAMETRIC_REPRESENTATION_CONTEXT() REPRESENTATION_CONTEXT('2D SPACE',''
  ) );
#8804 = ADVANCED_FACE('',(#8805),#3542,.T.);
#8805 = FACE_BOUND('',#8806,.T.);
#8806 = EDGE_LOOP('',(#8807,#8827,#8828,#8829,#8993,#9118,#9246,#9266));
#8807 = ORIENTED_EDGE('',*,*,#8808,.F.);
#8808 = EDGE_CURVE('',#3527,#6143,#8809,.T.);
#8809 = SURFACE_CURVE('',#8810,(#8813,#8820),.PCURVE_S1.);
#8810 = B_SPLINE_CURVE_WITH_KNOTS('',1,(#8811,#8812),.UNSPECIFIED.,.F.,
  .F.,(2,2),(0.,1.),.PIECEWISE_BEZIER_KNOTS.);
#8811 = CARTESIAN_POINT('',(650.,-9.555094493408E-10,-96.));
#8812 = CARTESIAN_POINT('',(850.,-2.13162820728E-14,-86.));
#8813 = PCURVE('',#3542,#8814);
#8814 = DEFINITIONAL_REPRESENTATION('',(#8815),#8819);
#8815 = LINE('',#8816,#8817);
#8816 = CARTESIAN_POINT('',(-9.556870850247E-10,0.));
#8817 = VECTOR('',#8818,1.);
#8818 = DIRECTION('',(0.,1.));
#8819 = ( GEOMETRIC_REPRESENTATION_CONTEXT(2) 
PARAMETRIC_REPRESENTATION_CONTEXT() REPRESENTATION_CONTEXT('2D SPACE',''
  ) );
#8820 = PCURVE('',#3582,#8821);
#8821 = DEFINITIONAL_REPRESENTATION('',(#8822),#8826);
#8822 = LINE('',#8823,#8824);
#8823 = CARTESIAN_POINT('',(-9.556870850247E-10,0.));
#8824 = VECTOR('',#8825,1.);
#8825 = DIRECTION('',(0.,1.));
#8826 = ( GEOMETRIC_REPRESENTATION_CONTEXT(2) 
PARAMETRIC_REPRESENTATION_CONTEXT() REPRESENTATION_CONTEXT('2D SPACE',''
  ) );
#8827 = ORIENTED_EDGE('',*,*,#3526,.T.);
#8828 = ORIENTED_EDGE('',*,*,#8691,.T.);
#8829 = ORIENTED_EDGE('',*,*,#8830,.T.);
#8830 = EDGE_CURVE('',#8692,#8831,#8833,.T.);
#8831 = VERTEX_POINT('',#8832);
#8832 = CARTESIAN_POINT('',(681.27039408716,50.681900465824,
    -92.89315959752));
#8833 = SURFACE_CURVE('',#8834,(#8885,#8939),.PCURVE_S1.);
#8834 = B_SPLINE_CURVE_WITH_KNOTS('',7,(#8835,#8836,#8837,#8838,#8839,
    #8840,#8841,#8842,#8843,#8844,#8845,#8846,#8847,#8848,#8849,#8850,
    #8851,#8852,#8853,#8854,#8855,#8856,#8857,#8858,#8859,#8860,#8861,
    #8862,#8863,#8864,#8865,#8866,#8867,#8868,#8869,#8870,#8871,#8872,
    #8873,#8874,#8875,#8876,#8877,#8878,#8879,#8880,#8881,#8882,#8883,
    #8884),.UNSPECIFIED.,.F.,.F.,(8,6,6,6,6,6,6,6,8),(0.,0.159967855073,
    0.215815843083,0.293277583289,0.381647475233,0.483311187218,
    0.601176623816,0.755632947851,1.),.UNSPECIFIED.);
#8835 = CARTESIAN_POINT('',(656.56758604597,63.464880205659,
    -95.19732031612));
#8836 = CARTESIAN_POINT('',(656.73916016059,62.970393258428,
    -95.18334512662));
#8837 = CARTESIAN_POINT('',(656.96567304254,62.483303560508,
    -95.16285854418));
#8838 = CARTESIAN_POINT('',(657.24390268399,62.007645858952,
    -95.13642804256));
#8839 = CARTESIAN_POINT('',(657.56837018769,61.545816600862,
    -95.10486793422));
#8840 = CARTESIAN_POINT('',(657.93308278765,61.099076255438,
    -95.06898791496));
#8841 = CARTESIAN_POINT('',(658.33245570191,60.667834215842,
    -95.02950753454));
#8842 = CARTESIAN_POINT('',(658.91177752898,60.106580963226,
    -94.9721722267));
#8843 = CARTESIAN_POINT('',(659.06535125203,59.963199738484,
    -94.95696754689));
#8844 = CARTESIAN_POINT('',(659.22238525128,59.821666242538,
    -94.94142017999));
#8845 = CARTESIAN_POINT('',(659.38269070015,59.681964592491,
    -94.92555350399));
#8846 = CARTESIAN_POINT('',(659.54608979534,59.544073634893,
    -94.9093892447));
#8847 = CARTESIAN_POINT('',(659.71241681604,59.407967566008,
    -94.89294743055));
#8848 = CARTESIAN_POINT('',(660.11606581768,59.087270169856,
    -94.85308171768));
#8849 = CARTESIAN_POINT('',(660.35594700637,58.904304357586,
    -94.82941896319));
#8850 = CARTESIAN_POINT('',(660.60075626179,58.724636941752,
    -94.80530646687));
#8851 = CARTESIAN_POINT('',(660.85012289767,58.548181900707,
    -94.7807878489));
#8852 = CARTESIAN_POINT('',(661.10371202895,58.374849364681,
    -94.75590196672));
#8853 = CARTESIAN_POINT('',(661.36122457179,58.204545615783,
    -94.73068291503));
#8854 = CARTESIAN_POINT('',(661.9203483202,57.846231337709,
    -94.67604306714));
#8855 = CARTESIAN_POINT('',(662.22305480722,57.659110188769,
    -94.64653172495));
#8856 = CARTESIAN_POINT('',(662.53012483252,57.475666275362,
    -94.61667008604));
#8857 = CARTESIAN_POINT('',(662.84120780912,57.295762698572,
    -94.58649672266));
#8858 = CARTESIAN_POINT('',(663.15599282861,57.119267689424,
    -94.55604513126));
#8859 = CARTESIAN_POINT('',(663.47420705459,56.946053271927,
    -94.52534417124));
#8860 = CARTESIAN_POINT('',(664.16537170477,56.580351974588,
    -94.45884056116));
#8861 = CARTESIAN_POINT('',(664.53934573127,56.388890556077,
    -94.42296611001));
#8862 = CARTESIAN_POINT('',(664.91717432433,56.201420181951,
    -94.38683280743));
#8863 = CARTESIAN_POINT('',(665.29853762009,56.017766605052,
    -94.35047303897));
#8864 = CARTESIAN_POINT('',(665.68315511059,55.837768029778,
    -94.31391443813));
#8865 = CARTESIAN_POINT('',(666.07078299221,55.661272322189,
    -94.27718040583));
#8866 = CARTESIAN_POINT('',(666.91386106076,55.287403928081,
    -94.19752187288));
#8867 = CARTESIAN_POINT('',(667.37026587147,55.091190720175,
    -94.15454463815));
#8868 = CARTESIAN_POINT('',(667.8300972217,54.899270369352,
    -94.11138969328));
#8869 = CARTESIAN_POINT('',(668.29306648291,54.711440458546,
    -94.06808308409));
#8870 = CARTESIAN_POINT('',(668.75892209968,54.527516503472,
    -94.02464664774));
#8871 = CARTESIAN_POINT('',(669.22744656683,54.347328075446,
    -93.98109852581));
#8872 = CARTESIAN_POINT('',(670.31568265114,53.939273090586,
    -93.88025943229));
#8873 = CARTESIAN_POINT('',(670.93716200267,53.713975547214,
    -93.82290026825));
#8874 = CARTESIAN_POINT('',(671.56247175618,53.494464658516,
    -93.76540971826));
#8875 = CARTESIAN_POINT('',(672.19124980763,53.28042541044,
    -93.70781502492));
#8876 = CARTESIAN_POINT('',(672.82318649872,53.071577363958,
    -93.6501379228));
#8877 = CARTESIAN_POINT('',(673.45801946174,52.867666608577,
    -93.59239542072));
#8878 = CARTESIAN_POINT('',(675.10413855336,52.353287363601,
    -93.44316272254));
#8879 = CARTESIAN_POINT('',(676.11942033285,52.049895763807,
    -93.35159623609));
#8880 = CARTESIAN_POINT('',(677.14049643225,51.757357788116,
    -93.25995308792));
#8881 = CARTESIAN_POINT('',(678.16665271798,51.474909844482,
    -93.16826916491));
#8882 = CARTESIAN_POINT('',(679.19730977798,51.201895000202,
    -93.07656811493));
#8883 = CARTESIAN_POINT('',(680.23200626336,50.937730898097,
    -92.98486354745));
#8884 = CARTESIAN_POINT('',(681.27039408716,50.681900465824,
    -92.89315959752));
#8885 = PCURVE('',#3542,#8886);
#8886 = DEFINITIONAL_REPRESENTATION('',(#8887),#8938);
#8887 = B_SPLINE_CURVE_WITH_KNOTS('',7,(#8888,#8889,#8890,#8891,#8892,
    #8893,#8894,#8895,#8896,#8897,#8898,#8899,#8900,#8901,#8902,#8903,
    #8904,#8905,#8906,#8907,#8908,#8909,#8910,#8911,#8912,#8913,#8914,
    #8915,#8916,#8917,#8918,#8919,#8920,#8921,#8922,#8923,#8924,#8925,
    #8926,#8927,#8928,#8929,#8930,#8931,#8932,#8933,#8934,#8935,#8936,
    #8937),.UNSPECIFIED.,.F.,.F.,(8,6,6,6,6,6,6,6,8),(0.,0.159967855073,
    0.215815843083,0.293277583289,0.381647475233,0.483311187218,
    0.601176623816,0.755632947851,1.),.UNSPECIFIED.);
#8888 = CARTESIAN_POINT('',(63.999999994858,3.283793022987E-02));
#8889 = CARTESIAN_POINT('',(63.514025796912,3.369580080298E-02));
#8890 = CARTESIAN_POINT('',(63.039760141811,3.48283652127E-02));
#8891 = CARTESIAN_POINT('',(62.580838835378,3.621951341996E-02));
#8892 = CARTESIAN_POINT('',(62.139097856416,3.784185093848E-02));
#8893 = CARTESIAN_POINT('',(61.715247843576,3.966541393826E-02));
#8894 = CARTESIAN_POINT('',(61.309213245784,4.166227850955E-02));
#8895 = CARTESIAN_POINT('',(60.784566171516,4.455888764495E-02));
#8896 = CARTESIAN_POINT('',(60.650892386268,4.532675626016E-02));
#8897 = CARTESIAN_POINT('',(60.519284190293,4.61119262564E-02));
#8898 = CARTESIAN_POINT('',(60.389710043994,4.691345350078E-02));
#8899 = CARTESIAN_POINT('',(60.262134275743,4.773044897673E-02));
#8900 = CARTESIAN_POINT('',(60.136517722547,4.856208408024E-02));
#8901 = CARTESIAN_POINT('',(59.841245998283,5.058032908842E-02));
#8902 = CARTESIAN_POINT('',(59.673365684975,5.177973503186E-02));
#8903 = CARTESIAN_POINT('',(59.509063069188,5.300378130896E-02));
#8904 = CARTESIAN_POINT('',(59.34822316821,5.425061448835E-02));
#8905 = CARTESIAN_POINT('',(59.19073037822,5.551856014476E-02));
#8906 = CARTESIAN_POINT('',(59.036468474286,5.680612285896E-02));
#8907 = CARTESIAN_POINT('',(58.712888229779,5.9601741601E-02));
#8908 = CARTESIAN_POINT('',(58.544513676543,6.111527403611E-02));
#8909 = CARTESIAN_POINT('',(58.380024550842,6.265062416262E-02));
#8910 = CARTESIAN_POINT('',(58.219258663278,6.420603904562E-02));
#8911 = CARTESIAN_POINT('',(58.062062375249,6.577996414307E-02));
#8912 = CARTESIAN_POINT('',(57.908288939318,6.737103527297E-02));
#8913 = CARTESIAN_POINT('',(57.58466571609,7.082685852388E-02));
#8914 = CARTESIAN_POINT('',(57.415881672549,7.26967286564E-02));
#8915 = CARTESIAN_POINT('',(57.251230808798,7.458587162166E-02));
#8916 = CARTESIAN_POINT('',(57.090518013292,7.649268810045E-02));
#8917 = CARTESIAN_POINT('',(56.93356380118,7.841577555299E-02));
#8918 = CARTESIAN_POINT('',(56.780201152372,8.035391496108E-02));
#8919 = CARTESIAN_POINT('',(56.456450134256,8.456930530383E-02));
#8920 = CARTESIAN_POINT('',(56.287246938411,8.685132935739E-02));
#8921 = CARTESIAN_POINT('',(56.122419085113,8.915048610851E-02));
#8922 = CARTESIAN_POINT('',(55.961747855437,9.146533241455E-02));
#8923 = CARTESIAN_POINT('',(55.805035248691,9.379461049842E-02));
#8924 = CARTESIAN_POINT('',(55.652099742604,9.613723283418E-02));
#8925 = CARTESIAN_POINT('',(55.307086363395,0.101578413256));
#8926 = CARTESIAN_POINT('',(55.117600101818,0.104685810013));
#8927 = CARTESIAN_POINT('',(54.933935409277,0.107812358781));
#8928 = CARTESIAN_POINT('',(54.755761195708,0.110956249038));
#8929 = CARTESIAN_POINT('',(54.582784546342,0.114115932494));
#8930 = CARTESIAN_POINT('',(54.414742127544,0.117290097309));
#8931 = CARTESIAN_POINT('',(53.992953153515,0.125520692767));
#8932 = CARTESIAN_POINT('',(53.746267024942,0.130597101664));
#8933 = CARTESIAN_POINT('',(53.510380590002,0.135702482161));
#8934 = CARTESIAN_POINT('',(53.284513197412,0.14083326359));
#8935 = CARTESIAN_POINT('',(53.067998638351,0.14598654889));
#8936 = CARTESIAN_POINT('',(52.860251535727,0.151160031317));
#8937 = CARTESIAN_POINT('',(52.660757645883,0.156351970436));
#8938 = ( GEOMETRIC_REPRESENTATION_CONTEXT(2) 
PARAMETRIC_REPRESENTATION_CONTEXT() REPRESENTATION_CONTEXT('2D SPACE',''
  ) );
#8939 = PCURVE('',#7486,#8940);
#8940 = DEFINITIONAL_REPRESENTATION('',(#8941),#8992);
#8941 = B_SPLINE_CURVE_WITH_KNOTS('',7,(#8942,#8943,#8944,#8945,#8946,
    #8947,#8948,#8949,#8950,#8951,#8952,#8953,#8954,#8955,#8956,#8957,
    #8958,#8959,#8960,#8961,#8962,#8963,#8964,#8965,#8966,#8967,#8968,
    #8969,#8970,#8971,#8972,#8973,#8974,#8975,#8976,#8977,#8978,#8979,
    #8980,#8981,#8982,#8983,#8984,#8985,#8986,#8987,#8988,#8989,#8990,
    #8991),.UNSPECIFIED.,.F.,.F.,(8,6,6,6,6,6,6,6,8),(0.,0.159967855073,
    0.215815843083,0.293277583289,0.381647475233,0.483311187218,
    0.601176623816,0.755632947851,1.),.UNSPECIFIED.);
#8942 = CARTESIAN_POINT('',(0.594591921727,0.215103447329));
#8943 = CARTESIAN_POINT('',(0.57324602656,0.216112706827));
#8944 = CARTESIAN_POINT('',(0.552132676169,0.217445135544));
#8945 = CARTESIAN_POINT('',(0.531426012779,0.219081780494));
#8946 = CARTESIAN_POINT('',(0.511233362459,0.220990412869));
#8947 = CARTESIAN_POINT('',(0.491614727766,0.223135781104));
#8948 = CARTESIAN_POINT('',(0.472593794297,0.225485033541));
#8949 = CARTESIAN_POINT('',(0.447730073907,0.228892808994));
#8950 = CARTESIAN_POINT('',(0.441368088053,0.229796183835));
#8951 = CARTESIAN_POINT('',(0.435078051488,0.230719913243));
#8952 = CARTESIAN_POINT('',(0.428859502644,0.231662886472));
#8953 = CARTESIAN_POINT('',(0.422711744832,0.23262405762));
#8954 = CARTESIAN_POINT('',(0.416633870466,0.233602451859));
#8955 = CARTESIAN_POINT('',(0.402290117102,0.235976857751));
#8956 = CARTESIAN_POINT('',(0.394087969707,0.237387923567));
#8957 = CARTESIAN_POINT('',(0.386015316627,0.238827978011));
#8958 = CARTESIAN_POINT('',(0.378068928326,0.240294840575));
#8959 = CARTESIAN_POINT('',(0.370245372196,0.241786541347));
#8960 = CARTESIAN_POINT('',(0.362541012557,0.243301321011));
#8961 = CARTESIAN_POINT('',(0.346294331961,0.246590284236));
#8962 = CARTESIAN_POINT('',(0.33778704191,0.248370910631));
#8963 = CARTESIAN_POINT('',(0.329424500032,0.250177204897));
#8964 = CARTESIAN_POINT('',(0.321201300218,0.25200710476));
#8965 = CARTESIAN_POINT('',(0.313112211714,0.253858781345));
#8966 = CARTESIAN_POINT('',(0.305152120108,0.255730629733));
#8967 = CARTESIAN_POINT('',(0.288300997267,0.259796304146));
#8968 = CARTESIAN_POINT('',(0.279450281883,0.26199615136));
#8969 = CARTESIAN_POINT('',(0.270756195959,0.264218672496));
#8970 = CARTESIAN_POINT('',(0.26221171989,0.266461986001));
#8971 = CARTESIAN_POINT('',(0.253810320741,0.268724441827));
#8972 = CARTESIAN_POINT('',(0.245545832326,0.271004605837));
#8973 = CARTESIAN_POINT('',(0.227982641243,0.275963888593));
#8974 = CARTESIAN_POINT('',(0.218729205904,0.278648622773));
#8975 = CARTESIAN_POINT('',(0.209642900959,0.281353513069));
#8976 = CARTESIAN_POINT('',(0.200715486172,0.284076861664));
#8977 = CARTESIAN_POINT('',(0.191939443355,0.286817188822));
#8978 = CARTESIAN_POINT('',(0.183307810362,0.289573215099));
#8979 = CARTESIAN_POINT('',(0.16368336165,0.29597460383));
#8980 = CARTESIAN_POINT('',(0.152789633946,0.299630364722));
#8981 = CARTESIAN_POINT('',(0.142118172326,0.303308657389));
#8982 = CARTESIAN_POINT('',(0.131656074567,0.30700735181));
#8983 = CARTESIAN_POINT('',(0.121391851167,0.310724626463));
#8984 = CARTESIAN_POINT('',(0.111315080653,0.31445893801));
#8985 = CARTESIAN_POINT('',(8.575473284769E-02,0.32414199149));
#8986 = CARTESIAN_POINT('',(7.053880457937E-02,0.330114237252));
#8987 = CARTESIAN_POINT('',(5.573020006543E-02,0.336120567249));
#8988 = CARTESIAN_POINT('',(4.129755316539E-02,0.342156780694));
#8989 = CARTESIAN_POINT('',(2.72138733696E-02,0.348219469282));
#8990 = CARTESIAN_POINT('',(1.345516444773E-02,0.354305919196));
#8991 = CARTESIAN_POINT('',(0.,0.360414082866));
#8992 = ( GEOMETRIC_REPRESENTATION_CONTEXT(2) 
PARAMETRIC_REPRESENTATION_CONTEXT() REPRESENTATION_CONTEXT('2D SPACE',''
  ) );
#8993 = ORIENTED_EDGE('',*,*,#8994,.T.);
#8994 = EDGE_CURVE('',#8831,#8995,#8997,.T.);
#8995 = VERTEX_POINT('',#8996);
#8996 = CARTESIAN_POINT('',(790.,42.363270989586,-82.55027626678));
#8997 = SURFACE_CURVE('',#8998,(#9036,#9077),.PCURVE_S1.);
#8998 = B_SPLINE_CURVE_WITH_KNOTS('',6,(#8999,#9000,#9001,#9002,#9003,
    #9004,#9005,#9006,#9007,#9008,#9009,#9010,#9011,#9012,#9013,#9014,
    #9015,#9016,#9017,#9018,#9019,#9020,#9021,#9022,#9023,#9024,#9025,
    #9026,#9027,#9028,#9029,#9030,#9031,#9032,#9033,#9034,#9035),
  .UNSPECIFIED.,.F.,.F.,(7,5,5,5,5,5,5,7),(0.,6.282787830099E-02,
    0.144850772486,0.26268743544,0.439721245218,0.712262956257,
    0.879572514518,1.),.UNSPECIFIED.);
#8999 = CARTESIAN_POINT('',(681.27039408716,50.681900465824,
    -92.89315959752));
#9000 = CARTESIAN_POINT('',(682.36723691563,50.411668228492,
    -92.79629326861));
#9001 = CARTESIAN_POINT('',(683.46825872397,50.151012385003,
    -92.69943274211));
#9002 = CARTESIAN_POINT('',(684.57295845106,49.899271347378,
    -92.60258766498));
#9003 = CARTESIAN_POINT('',(685.68092303028,49.655890282565,
    -92.5057609033));
#9004 = CARTESIAN_POINT('',(686.79181613415,49.420392909429,
    -92.40894969578));
#9005 = CARTESIAN_POINT('',(689.35912703438,48.894644017653,
    -92.18576893143));
#9006 = CARTESIAN_POINT('',(690.81739881607,48.6096491188,
    -92.05940679167));
#9007 = CARTESIAN_POINT('',(692.27957833514,48.336430359978,
    -91.93304428793));
#9008 = CARTESIAN_POINT('',(693.74517357957,48.074214945305,
    -91.806658983));
#9009 = CARTESIAN_POINT('',(695.21378999894,47.822349927742,
    -91.68022298937));
#9010 = CARTESIAN_POINT('',(698.79886927352,47.232458152024,
    -91.37194249325));
#9011 = CARTESIAN_POINT('',(700.91818114489,46.904835367653,
    -91.19001242757));
#9012 = CARTESIAN_POINT('',(703.04212761091,46.595684245642,
    -91.00781738788));
#9013 = CARTESIAN_POINT('',(705.16997853979,46.303677307668,
    -90.82525516647));
#9014 = CARTESIAN_POINT('',(707.3011586945,46.027697574909,
    -90.64221789706));
#9015 = CARTESIAN_POINT('',(712.64140596422,45.374827584915,
    -90.18271406524));
#9016 = CARTESIAN_POINT('',(715.85403654524,45.016900833363,
    -89.90551214884));
#9017 = CARTESIAN_POINT('',(719.07166072638,44.689798226729,
    -89.62659401027));
#9018 = CARTESIAN_POINT('',(722.29312822174,44.391164781965,
    -89.34556649243));
#9019 = CARTESIAN_POINT('',(725.5175450281,44.119088397282,
    -89.06202013883));
#9020 = CARTESIAN_POINT('',(733.71175914005,43.491680182991,
    -88.33443729279));
#9021 = CARTESIAN_POINT('',(738.68450404361,43.170630819734,
    -87.88636146712));
#9022 = CARTESIAN_POINT('',(743.66013224299,42.903245278208,
    -87.42967350835));
#9023 = CARTESIAN_POINT('',(748.63660526164,42.685911573359,
    -86.96266087078));
#9024 = CARTESIAN_POINT('',(753.61215529124,42.516069545032,
    -86.48339569364));
#9025 = CARTESIAN_POINT('',(761.63818279873,42.316262021749,
    -85.68629156686));
#9026 = CARTESIAN_POINT('',(764.69013594439,42.257608338496,
    -85.37757947847));
#9027 = CARTESIAN_POINT('',(767.74073764721,42.215967382287,
    -85.06280497145));
#9028 = CARTESIAN_POINT('',(770.789568511,42.191147892214,
    -84.74136304744));
#9029 = CARTESIAN_POINT('',(773.8361683372,42.183110841101,
    -84.41256265647));
#9030 = CARTESIAN_POINT('',(779.07096810586,42.198358987358,
    -83.83304889295));
#9031 = CARTESIAN_POINT('',(781.26047976593,42.213498682617,
    -83.58627219318));
#9032 = CARTESIAN_POINT('',(783.44837528158,42.237442961783,
    -83.33496156198));
#9033 = CARTESIAN_POINT('',(785.63443466684,42.270281981382,
    -83.07878417137));
#9034 = CARTESIAN_POINT('',(787.81840553474,42.312157467911,
    -82.81736530348));
#9035 = CARTESIAN_POINT('',(790.,42.36327097456,-82.55027627149));
#9036 = PCURVE('',#3542,#9037);
#9037 = DEFINITIONAL_REPRESENTATION('',(#9038),#9076);
#9038 = B_SPLINE_CURVE_WITH_KNOTS('',6,(#9039,#9040,#9041,#9042,#9043,
    #9044,#9045,#9046,#9047,#9048,#9049,#9050,#9051,#9052,#9053,#9054,
    #9055,#9056,#9057,#9058,#9059,#9060,#9061,#9062,#9063,#9064,#9065,
    #9066,#9067,#9068,#9069,#9070,#9071,#9072,#9073,#9074,#9075),
  .UNSPECIFIED.,.F.,.F.,(7,5,5,5,5,5,5,7),(0.,6.282787830099E-02,
    0.144850772486,0.26268743544,0.439721245218,0.712262956257,
    0.879572514518,1.),.UNSPECIFIED.);
#9039 = CARTESIAN_POINT('',(52.660757645883,0.156351970436));
#9040 = CARTESIAN_POINT('',(52.450033357848,0.161836184578));
#9041 = CARTESIAN_POINT('',(52.248789993153,0.16734129362));
#9042 = CARTESIAN_POINT('',(52.056367025515,0.172864792255));
#9043 = CARTESIAN_POINT('',(51.872214867277,0.178404615151));
#9044 = CARTESIAN_POINT('',(51.695865883423,0.183959080671));
#9045 = CARTESIAN_POINT('',(51.3063249808,0.196795635172));
#9046 = CARTESIAN_POINT('',(51.098339952194,0.20408699408));
#9047 = CARTESIAN_POINT('',(50.902037173949,0.211397891676));
#9048 = CARTESIAN_POINT('',(50.71667251228,0.218725867898));
#9049 = CARTESIAN_POINT('',(50.54162468108,0.226068949995));
#9050 = CARTESIAN_POINT('',(50.138909351554,0.243994346368));
#9051 = CARTESIAN_POINT('',(49.921644634535,0.254590905724));
#9052 = CARTESIAN_POINT('',(49.722952051516,0.265210638055));
#9053 = CARTESIAN_POINT('',(49.541607496897,0.275849892699));
#9054 = CARTESIAN_POINT('',(49.376599596128,0.286505793473));
#9055 = CARTESIAN_POINT('',(49.002469575164,0.313207029821));
#9056 = CARTESIAN_POINT('',(48.812833149709,0.329270182726));
#9057 = CARTESIAN_POINT('',(48.655331733918,0.345358303632));
#9058 = CARTESIAN_POINT('',(48.52797738578,0.361465641109));
#9059 = CARTESIAN_POINT('',(48.429232228541,0.377587725141));
#9060 = CARTESIAN_POINT('',(48.248208316562,0.4185587957));
#9061 = CARTESIAN_POINT('',(48.203552359211,0.443422520218));
#9062 = CARTESIAN_POINT('',(48.219781562818,0.468300661215));
#9063 = CARTESIAN_POINT('',(48.294778921112,0.493183026308));
#9064 = CARTESIAN_POINT('',(48.427622601464,0.518060776456));
#9065 = CARTESIAN_POINT('',(48.73619638622,0.558190913994));
#9066 = CARTESIAN_POINT('',(48.875558701036,0.573450679722));
#9067 = CARTESIAN_POINT('',(49.037026799793,0.588703688236));
#9068 = CARTESIAN_POINT('',(49.220902131652,0.603947842555));
#9069 = CARTESIAN_POINT('',(49.427701113871,0.619180841686));
#9070 = CARTESIAN_POINT('',(49.824087896264,0.645354840529));
#9071 = CARTESIAN_POINT('',(50.002260812946,0.65630239883));
#9072 = CARTESIAN_POINT('',(50.192992804024,0.667241876408));
#9073 = CARTESIAN_POINT('',(50.39663654219,0.678172173334));
#9074 = CARTESIAN_POINT('',(50.613627416266,0.689092027674));
#9075 = CARTESIAN_POINT('',(50.844500891164,0.7));
#9076 = ( GEOMETRIC_REPRESENTATION_CONTEXT(2) 
PARAMETRIC_REPRESENTATION_CONTEXT() REPRESENTATION_CONTEXT('2D SPACE',''
  ) );
#9077 = PCURVE('',#7486,#9078);
#9078 = DEFINITIONAL_REPRESENTATION('',(#9079),#9117);
#9079 = B_SPLINE_CURVE_WITH_KNOTS('',6,(#9080,#9081,#9082,#9083,#9084,
    #9085,#9086,#9087,#9088,#9089,#9090,#9091,#9092,#9093,#9094,#9095,
    #9096,#9097,#9098,#9099,#9100,#9101,#9102,#9103,#9104,#9105,#9106,
    #9107,#9108,#9109,#9110,#9111,#9112,#9113,#9114,#9115,#9116),
  .UNSPECIFIED.,.F.,.F.,(7,5,5,5,5,5,5,7),(0.,6.282787830099E-02,
    0.144850772486,0.26268743544,0.439721245218,0.712262956257,
    0.879572514518,1.),.UNSPECIFIED.);
#9080 = CARTESIAN_POINT('',(6.28318530718,0.360414082866));
#9081 = CARTESIAN_POINT('',(6.26897269395,0.366866099504));
#9082 = CARTESIAN_POINT('',(6.255109107066,0.373342698376));
#9083 = CARTESIAN_POINT('',(6.241567273021,0.379840932065));
#9084 = CARTESIAN_POINT('',(6.228324362006,0.386358370766));
#9085 = CARTESIAN_POINT('',(6.215360772517,0.392893036083));
#9086 = CARTESIAN_POINT('',(6.186076438259,0.407994864908));
#9087 = CARTESIAN_POINT('',(6.1699402517,0.416572934212));
#9088 = CARTESIAN_POINT('',(6.154211637199,0.425173990207));
#9089 = CARTESIAN_POINT('',(6.138858755524,0.433795138703));
#9090 = CARTESIAN_POINT('',(6.123854674103,0.442434058817));
#9091 = CARTESIAN_POINT('',(6.088086695695,0.463522760433));
#9092 = CARTESIAN_POINT('',(6.06766878997,0.475989300852));
#9093 = CARTESIAN_POINT('',(6.047851040747,0.488483103594));
#9094 = CARTESIAN_POINT('',(6.028578368856,0.500999873764));
#9095 = CARTESIAN_POINT('',(6.009804091408,0.513536227615));
#9096 = CARTESIAN_POINT('',(5.963970519595,0.544949446848));
#9097 = CARTESIAN_POINT('',(5.937487824743,0.563847273796));
#9098 = CARTESIAN_POINT('',(5.911903565329,0.582774474861));
#9099 = CARTESIAN_POINT('',(5.887115972885,0.601724283657));
#9100 = CARTESIAN_POINT('',(5.863039509558,0.620691441342));
#9101 = CARTESIAN_POINT('',(5.803517647651,0.668892700824));
#9102 = CARTESIAN_POINT('',(5.768947487308,0.698144141433));
#9103 = CARTESIAN_POINT('',(5.735623292549,0.727412542606));
#9104 = CARTESIAN_POINT('',(5.703348448404,0.756685913304));
#9105 = CARTESIAN_POINT('',(5.671951919131,0.785953854654));
#9106 = CARTESIAN_POINT('',(5.622445983444,0.833165781169));
#9107 = CARTESIAN_POINT('',(5.603887192124,0.851118446732));
#9108 = CARTESIAN_POINT('',(5.585564356687,0.869063162631));
#9109 = CARTESIAN_POINT('',(5.567443415578,0.886997461829));
#9110 = CARTESIAN_POINT('',(5.549490925168,0.904918637278));
#9111 = CARTESIAN_POINT('',(5.518847057657,0.935711577093));
#9112 = CARTESIAN_POINT('',(5.506091103807,0.948591057447));
#9113 = CARTESIAN_POINT('',(5.493391850759,0.961461031068));
#9114 = CARTESIAN_POINT('',(5.480736353379,0.974320203923));
#9115 = CARTESIAN_POINT('',(5.468111153295,0.987167091381));
#9116 = CARTESIAN_POINT('',(5.455501890959,1.));
#9117 = ( GEOMETRIC_REPRESENTATION_CONTEXT(2) 
PARAMETRIC_REPRESENTATION_CONTEXT() REPRESENTATION_CONTEXT('2D SPACE',''
  ) );
#9118 = ORIENTED_EDGE('',*,*,#9119,.T.);
#9119 = EDGE_CURVE('',#8995,#9120,#9122,.T.);
#9120 = VERTEX_POINT('',#9121);
#9121 = CARTESIAN_POINT('',(829.14436798179,49.403511154124,
    -74.10526673673));
#9122 = SURFACE_CURVE('',#9123,(#9162,#9204),.PCURVE_S1.);
#9123 = B_SPLINE_CURVE_WITH_KNOTS('',7,(#9124,#9125,#9126,#9127,#9128,
    #9129,#9130,#9131,#9132,#9133,#9134,#9135,#9136,#9137,#9138,#9139,
    #9140,#9141,#9142,#9143,#9144,#9145,#9146,#9147,#9148,#9149,#9150,
    #9151,#9152,#9153,#9154,#9155,#9156,#9157,#9158,#9159,#9160,#9161),
  .UNSPECIFIED.,.F.,.F.,(8,6,6,6,6,6,8),(0.,0.100877249369,
    0.382042579328,0.572212632794,0.729635874102,0.870766695798,1.),
  .UNSPECIFIED.);
#9124 = CARTESIAN_POINT('',(790.,42.363270989586,-82.55027626678));
#9125 = CARTESIAN_POINT('',(790.60861711655,42.398484674151,
    -82.46918951248));
#9126 = CARTESIAN_POINT('',(791.2170427905,42.434080945597,
    -82.38766567953));
#9127 = CARTESIAN_POINT('',(791.82517715436,42.470413973896,
    -82.30559788371));
#9128 = CARTESIAN_POINT('',(792.43292035971,42.507806908803,
    -82.22288428347));
#9129 = CARTESIAN_POINT('',(793.04017257718,42.546551879853,
    -82.13942807996));
#9130 = CARTESIAN_POINT('',(793.64683399644,42.586909996362,
    -82.05513751706));
#9131 = CARTESIAN_POINT('',(795.94176830898,42.746735377438,
    -81.73242409672));
#9132 = CARTESIAN_POINT('',(797.6256055814,42.878697130378,
    -81.48773625418));
#9133 = CARTESIAN_POINT('',(799.30172968028,43.029971508845,
    -81.23405287955));
#9134 = CARTESIAN_POINT('',(800.96785454015,43.203710617223,
    -80.9698768055));
#9135 = CARTESIAN_POINT('',(802.6219576881,43.401405789144,
    -80.69407624311));
#9136 = CARTESIAN_POINT('',(804.26214761983,43.623273886494,
    -80.40587201843));
#9137 = CARTESIAN_POINT('',(806.98527540151,44.034423924897,
    -79.90124753201));
#9138 = CARTESIAN_POINT('',(808.07689672134,44.211034703388,
    -79.69175764624));
#9139 = CARTESIAN_POINT('',(809.16095735316,44.398144473238,
    -79.47623023147));
#9140 = CARTESIAN_POINT('',(810.23712718699,44.595356326454,
    -79.25456155806));
#9141 = CARTESIAN_POINT('',(811.30519841499,44.802146850745,
    -79.02668630834));
#9142 = CARTESIAN_POINT('',(812.36505844784,45.017911577525,
    -78.79257084351));
#9143 = CARTESIAN_POINT('',(814.28718362481,45.427519648251,
    -78.35323225679));
#9144 = CARTESIAN_POINT('',(815.15205681457,45.618741287975,
    -78.14997381248));
#9145 = CARTESIAN_POINT('',(816.01127066521,45.815312003306,
    -77.9424231579));
#9146 = CARTESIAN_POINT('',(816.86485641826,46.016853060321,
    -77.73058126633));
#9147 = CARTESIAN_POINT('',(817.71287936365,46.222981100435,
    -77.5144550091));
#9148 = CARTESIAN_POINT('',(818.55542991129,46.433318903889,
    -77.2940541008));
#9149 = CARTESIAN_POINT('',(820.14315551582,46.83952615751,
    -76.86797364006));
#9150 = CARTESIAN_POINT('',(820.88938186083,47.034639273543,
    -76.66313183286));
#9151 = CARTESIAN_POINT('',(821.63137203374,47.232585555476,
    -76.45486890734));
#9152 = CARTESIAN_POINT('',(822.36921113261,47.433114048865,
    -76.24319229432));
#9153 = CARTESIAN_POINT('',(823.10298617404,47.635987283688,
    -76.02810842748));
#9154 = CARTESIAN_POINT('',(823.83278124956,47.840985767336,
    -75.80962059969));
#9155 = CARTESIAN_POINT('',(825.2233704684,48.237395026409,
    -75.38453893513));
#9156 = CARTESIAN_POINT('',(825.88479261987,48.428493577697,
    -75.17849595005));
#9157 = CARTESIAN_POINT('',(826.54299725366,48.621057179775,
    -74.9695959512));
#9158 = CARTESIAN_POINT('',(827.19803287115,48.814948914618,
    -74.75783489518));
#9159 = CARTESIAN_POINT('',(827.84993367123,49.010049560419,
    -74.54320440549));
#9160 = CARTESIAN_POINT('',(828.49871486353,49.206261254151,
    -74.32568956968));
#9161 = CARTESIAN_POINT('',(829.14436798179,49.403511154124,
    -74.10526673673));
#9162 = PCURVE('',#3542,#9163);
#9163 = DEFINITIONAL_REPRESENTATION('',(#9164),#9203);
#9164 = B_SPLINE_CURVE_WITH_KNOTS('',7,(#9165,#9166,#9167,#9168,#9169,
    #9170,#9171,#9172,#9173,#9174,#9175,#9176,#9177,#9178,#9179,#9180,
    #9181,#9182,#9183,#9184,#9185,#9186,#9187,#9188,#9189,#9190,#9191,
    #9192,#9193,#9194,#9195,#9196,#9197,#9198,#9199,#9200,#9201,#9202),
  .UNSPECIFIED.,.F.,.F.,(8,6,6,6,6,6,8),(0.,0.100877249369,
    0.382042579328,0.572212632794,0.729635874102,0.870766695798,1.),
  .UNSPECIFIED.);
#9165 = CARTESIAN_POINT('',(50.844500910092,0.7));
#9166 = CARTESIAN_POINT('',(50.93530585262,0.703043085583));
#9167 = CARTESIAN_POINT('',(51.026844693898,0.706085213953));
#9168 = CARTESIAN_POINT('',(51.119561346719,0.709125885772));
#9169 = CARTESIAN_POINT('',(51.213864136135,0.712164601799));
#9170 = CARTESIAN_POINT('',(51.310125799454,0.715200862886));
#9171 = CARTESIAN_POINT('',(51.408683486241,0.718234169982));
#9172 = CARTESIAN_POINT('',(51.791779063498,0.729708841545));
#9173 = CARTESIAN_POINT('',(52.093938226913,0.738128027907));
#9174 = CARTESIAN_POINT('',(52.422790770723,0.746508648401));
#9175 = CARTESIAN_POINT('',(52.782702351012,0.754839272701));
#9176 = CARTESIAN_POINT('',(53.17605009649,0.76310978844));
#9177 = CARTESIAN_POINT('',(53.603629535574,0.771310738099));
#9178 = CARTESIAN_POINT('',(54.376953947685,0.784926377008));
#9179 = CARTESIAN_POINT('',(54.704437532746,0.790384483607));
#9180 = CARTESIAN_POINT('',(55.047266725516,0.795804786766));
#9181 = CARTESIAN_POINT('',(55.405104870399,0.801185635935));
#9182 = CARTESIAN_POINT('',(55.777455752711,0.806525992075));
#9183 = CARTESIAN_POINT('',(56.163716317033,0.811825292239));
#9184 = CARTESIAN_POINT('',(56.893946903532,0.821435918124));
#9185 = CARTESIAN_POINT('',(57.233748731859,0.825760284073));
#9186 = CARTESIAN_POINT('',(57.582263909273,0.830056353326));
#9187 = CARTESIAN_POINT('',(57.93909940942,0.834324282091));
#9188 = CARTESIAN_POINT('',(58.303853695435,0.838564396818));
#9189 = CARTESIAN_POINT('',(58.676130274531,0.842777149556));
#9190 = CARTESIAN_POINT('',(59.395704234059,0.850715777579));
#9191 = CARTESIAN_POINT('',(59.741598105927,0.854446909304));
#9192 = CARTESIAN_POINT('',(60.092960615358,0.858156860169));
#9193 = CARTESIAN_POINT('',(60.449528609714,0.861846055663));
#9194 = CARTESIAN_POINT('',(60.811054276137,0.86551493087));
#9195 = CARTESIAN_POINT('',(61.177311381161,0.869163906248));
#9196 = CARTESIAN_POINT('',(61.88763360705,0.876116852342));
#9197 = CARTESIAN_POINT('',(62.230965238893,0.879423963099));
#9198 = CARTESIAN_POINT('',(62.577944670624,0.882714986268));
#9199 = CARTESIAN_POINT('',(62.92843676389,0.885990164356));
#9200 = CARTESIAN_POINT('',(63.282328377799,0.889249668356));
#9201 = CARTESIAN_POINT('',(63.639533769516,0.892493574318));
#9202 = CARTESIAN_POINT('',(63.999999994858,0.895721839909));
#9203 = ( GEOMETRIC_REPRESENTATION_CONTEXT(2) 
PARAMETRIC_REPRESENTATION_CONTEXT() REPRESENTATION_CONTEXT('2D SPACE',''
  ) );
#9204 = PCURVE('',#7188,#9205);
#9205 = DEFINITIONAL_REPRESENTATION('',(#9206),#9245);
#9206 = B_SPLINE_CURVE_WITH_KNOTS('',7,(#9207,#9208,#9209,#9210,#9211,
    #9212,#9213,#9214,#9215,#9216,#9217,#9218,#9219,#9220,#9221,#9222,
    #9223,#9224,#9225,#9226,#9227,#9228,#9229,#9230,#9231,#9232,#9233,
    #9234,#9235,#9236,#9237,#9238,#9239,#9240,#9241,#9242,#9243,#9244),
  .UNSPECIFIED.,.F.,.F.,(8,6,6,6,6,6,8),(0.,0.100877249369,
    0.382042579328,0.572212632794,0.729635874102,0.870766695798,1.),
  .UNSPECIFIED.);
#9207 = CARTESIAN_POINT('',(5.452790834068,0.));
#9208 = CARTESIAN_POINT('',(5.450138693398,1.014361860925E-02));
#9209 = CARTESIAN_POINT('',(5.447475438254,2.028404650834E-02));
#9210 = CARTESIAN_POINT('',(5.444790668479,3.041961923938E-02));
#9211 = CARTESIAN_POINT('',(5.442074948609,4.054867266197E-02));
#9212 = CARTESIAN_POINT('',(5.439319807875,5.066954295314E-02));
#9213 = CARTESIAN_POINT('',(5.436517740205,6.078056660736E-02));
#9214 = CARTESIAN_POINT('',(5.425703233276,9.902947181631E-02));
#9215 = CARTESIAN_POINT('',(5.41732766766,0.127093426357));
#9216 = CARTESIAN_POINT('',(5.408395037692,0.155028828004));
#9217 = CARTESIAN_POINT('',(5.398820174328,0.18279757567));
#9218 = CARTESIAN_POINT('',(5.388567860746,0.210365961468));
#9219 = CARTESIAN_POINT('',(5.377639913507,0.237702460331));
#9220 = CARTESIAN_POINT('',(5.358237416137,0.283087923359));
#9221 = CARTESIAN_POINT('',(5.350112465501,0.301281612022));
#9222 = CARTESIAN_POINT('',(5.341699326185,0.319349289219));
#9223 = CARTESIAN_POINT('',(5.333010699494,0.337285453117));
#9224 = CARTESIAN_POINT('',(5.324062206838,0.35508664025));
#9225 = CARTESIAN_POINT('',(5.314871037511,0.372750974131));
#9226 = CARTESIAN_POINT('',(5.297659656913,0.404786393747));
#9227 = CARTESIAN_POINT('',(5.289710287968,0.41920094691));
#9228 = CARTESIAN_POINT('',(5.281616360484,0.433521177754));
#9229 = CARTESIAN_POINT('',(5.273387796777,0.447747606971));
#9230 = CARTESIAN_POINT('',(5.265034303344,0.461881322728));
#9231 = CARTESIAN_POINT('',(5.256565103574,0.475923831855));
#9232 = CARTESIAN_POINT('',(5.240299852326,0.502385925264));
#9233 = CARTESIAN_POINT('',(5.232524877841,0.514823031014));
#9234 = CARTESIAN_POINT('',(5.224669861033,0.527189533896));
#9235 = CARTESIAN_POINT('',(5.216740503319,0.53948685221));
#9236 = CARTESIAN_POINT('',(5.20874199689,0.551716436234));
#9237 = CARTESIAN_POINT('',(5.200678928096,0.563879687493));
#9238 = CARTESIAN_POINT('',(5.185116275186,0.587056174473));
#9239 = CARTESIAN_POINT('',(5.17762652169,0.598079876998));
#9240 = CARTESIAN_POINT('',(5.170088892943,0.609049954228));
#9241 = CARTESIAN_POINT('',(5.162505932479,0.619967214519));
#9242 = CARTESIAN_POINT('',(5.154879670936,0.630832227854));
#9243 = CARTESIAN_POINT('',(5.147211542218,0.641645247726));
#9244 = CARTESIAN_POINT('',(5.139502299655,0.65240613303));
#9245 = ( GEOMETRIC_REPRESENTATION_CONTEXT(2) 
PARAMETRIC_REPRESENTATION_CONTEXT() REPRESENTATION_CONTEXT('2D SPACE',''
  ) );
#9246 = ORIENTED_EDGE('',*,*,#9247,.T.);
#9247 = EDGE_CURVE('',#9120,#6218,#9248,.T.);
#9248 = SURFACE_CURVE('',#9249,(#9252,#9259),.PCURVE_S1.);
#9249 = B_SPLINE_CURVE_WITH_KNOTS('',1,(#9250,#9251),.UNSPECIFIED.,.F.,
  .F.,(2,2),(0.,1.),.PIECEWISE_BEZIER_KNOTS.);
#9250 = CARTESIAN_POINT('',(650.,63.999999994858,-96.));
#9251 = CARTESIAN_POINT('',(850.,47.704216872926,-71.55632531468));
#9252 = PCURVE('',#3542,#9253);
#9253 = DEFINITIONAL_REPRESENTATION('',(#9254),#9258);
#9254 = LINE('',#9255,#9256);
#9255 = CARTESIAN_POINT('',(63.999999994858,0.));
#9256 = VECTOR('',#9257,1.);
#9257 = DIRECTION('',(0.,1.));
#9258 = ( GEOMETRIC_REPRESENTATION_CONTEXT(2) 
PARAMETRIC_REPRESENTATION_CONTEXT() REPRESENTATION_CONTEXT('2D SPACE',''
  ) );
#9259 = PCURVE('',#6257,#9260);
#9260 = DEFINITIONAL_REPRESENTATION('',(#9261),#9265);
#9261 = LINE('',#9262,#9263);
#9262 = CARTESIAN_POINT('',(0.,0.));
#9263 = VECTOR('',#9264,1.);
#9264 = DIRECTION('',(0.,1.));
#9265 = ( GEOMETRIC_REPRESENTATION_CONTEXT(2) 
PARAMETRIC_REPRESENTATION_CONTEXT() REPRESENTATION_CONTEXT('2D SPACE',''
  ) );
#9266 = ORIENTED_EDGE('',*,*,#6217,.F.);
#9267 = ADVANCED_FACE('',(#9268),#3582,.T.);
#9268 = FACE_BOUND('',#9269,.T.);
#9269 = EDGE_LOOP('',(#9270,#9292,#9293,#9294,#9295,#9317,#9502));
#9270 = ORIENTED_EDGE('',*,*,#9271,.F.);
#9271 = EDGE_CURVE('',#3567,#9272,#9274,.T.);
#9272 = VERTEX_POINT('',#9273);
#9273 = CARTESIAN_POINT('',(656.56758591005,-63.46488022179,
    -95.1973203277));
#9274 = SURFACE_CURVE('',#9275,(#9278,#9285),.PCURVE_S1.);
#9275 = B_SPLINE_CURVE_WITH_KNOTS('',1,(#9276,#9277),.UNSPECIFIED.,.F.,
  .F.,(2,2),(0.,1.),.PIECEWISE_BEZIER_KNOTS.);
#9276 = CARTESIAN_POINT('',(650.,-64.,-95.99999999485));
#9277 = CARTESIAN_POINT('',(850.,-47.70421687547,-71.55632531298));
#9278 = PCURVE('',#3582,#9279);
#9279 = DEFINITIONAL_REPRESENTATION('',(#9280),#9284);
#9280 = LINE('',#9281,#9282);
#9281 = CARTESIAN_POINT('',(-64.,0.));
#9282 = VECTOR('',#9283,1.);
#9283 = DIRECTION('',(0.,1.));
#9284 = ( GEOMETRIC_REPRESENTATION_CONTEXT(2) 
PARAMETRIC_REPRESENTATION_CONTEXT() REPRESENTATION_CONTEXT('2D SPACE',''
  ) );
#9285 = PCURVE('',#3644,#9286);
#9286 = DEFINITIONAL_REPRESENTATION('',(#9287),#9291);
#9287 = LINE('',#9288,#9289);
#9288 = CARTESIAN_POINT('',(6.28318530718,0.));
#9289 = VECTOR('',#9290,1.);
#9290 = DIRECTION('',(0.,1.));
#9291 = ( GEOMETRIC_REPRESENTATION_CONTEXT(2) 
PARAMETRIC_REPRESENTATION_CONTEXT() REPRESENTATION_CONTEXT('2D SPACE',''
  ) );
#9292 = ORIENTED_EDGE('',*,*,#3566,.T.);
#9293 = ORIENTED_EDGE('',*,*,#8808,.T.);
#9294 = ORIENTED_EDGE('',*,*,#6142,.F.);
#9295 = ORIENTED_EDGE('',*,*,#9296,.F.);
#9296 = EDGE_CURVE('',#9297,#6105,#9299,.T.);
#9297 = VERTEX_POINT('',#9298);
#9298 = CARTESIAN_POINT('',(829.14436798803,-49.40351115643,
    -74.1052667339));
#9299 = SURFACE_CURVE('',#9300,(#9303,#9310),.PCURVE_S1.);
#9300 = B_SPLINE_CURVE_WITH_KNOTS('',1,(#9301,#9302),.UNSPECIFIED.,.F.,
  .F.,(2,2),(0.,1.),.PIECEWISE_BEZIER_KNOTS.);
#9301 = CARTESIAN_POINT('',(650.,-64.,-95.99999999485));
#9302 = CARTESIAN_POINT('',(850.,-47.70421687547,-71.55632531298));
#9303 = PCURVE('',#3582,#9304);
#9304 = DEFINITIONAL_REPRESENTATION('',(#9305),#9309);
#9305 = LINE('',#9306,#9307);
#9306 = CARTESIAN_POINT('',(-64.,0.));
#9307 = VECTOR('',#9308,1.);
#9308 = DIRECTION('',(0.,1.));
#9309 = ( GEOMETRIC_REPRESENTATION_CONTEXT(2) 
PARAMETRIC_REPRESENTATION_CONTEXT() REPRESENTATION_CONTEXT('2D SPACE',''
  ) );
#9310 = PCURVE('',#6121,#9311);
#9311 = DEFINITIONAL_REPRESENTATION('',(#9312),#9316);
#9312 = LINE('',#9313,#9314);
#9313 = CARTESIAN_POINT('',(6.28318530718,0.));
#9314 = VECTOR('',#9315,1.);
#9315 = DIRECTION('',(0.,1.));
#9316 = ( GEOMETRIC_REPRESENTATION_CONTEXT(2) 
PARAMETRIC_REPRESENTATION_CONTEXT() REPRESENTATION_CONTEXT('2D SPACE',''
  ) );
#9317 = ORIENTED_EDGE('',*,*,#9318,.T.);
#9318 = EDGE_CURVE('',#9297,#9319,#9321,.T.);
#9319 = VERTEX_POINT('',#9320);
#9320 = CARTESIAN_POINT('',(790.,-42.36327098954,-82.55027626692));
#9321 = SURFACE_CURVE('',#9322,(#9380,#9441),.PCURVE_S1.);
#9322 = B_SPLINE_CURVE_WITH_KNOTS('',6,(#9323,#9324,#9325,#9326,#9327,
    #9328,#9329,#9330,#9331,#9332,#9333,#9334,#9335,#9336,#9337,#9338,
    #9339,#9340,#9341,#9342,#9343,#9344,#9345,#9346,#9347,#9348,#9349,
    #9350,#9351,#9352,#9353,#9354,#9355,#9356,#9357,#9358,#9359,#9360,
    #9361,#9362,#9363,#9364,#9365,#9366,#9367,#9368,#9369,#9370,#9371,
    #9372,#9373,#9374,#9375,#9376,#9377,#9378,#9379),.UNSPECIFIED.,.F.,
  .F.,(7,5,5,5,5,5,5,5,5,5,5,7),(0.,7.606486814541E-02,0.141290910885,
    0.208877903543,0.279198942318,0.353617686907,0.43299760599,
    0.52003066203,0.617819161951,0.765286567867,0.962266737873,1.),
  .UNSPECIFIED.);
#9323 = CARTESIAN_POINT('',(829.14436798925,-49.40351115633,
    -74.10526673429));
#9324 = CARTESIAN_POINT('',(828.70100285335,-49.26806127212,
    -74.25662933365));
#9325 = CARTESIAN_POINT('',(828.25612099132,-49.1331146427,
    -74.40658166375));
#9326 = CARTESIAN_POINT('',(827.80972467315,-48.99869790444,
    -74.55513177664));
#9327 = CARTESIAN_POINT('',(827.36181067667,-48.86484375813,
    -74.70228584742));
#9328 = CARTESIAN_POINT('',(826.91237028749,-48.73159096896,
    -74.84804817424));
#9329 = CARTESIAN_POINT('',(826.07467063809,-48.48527344411,
    -75.11622184645));
#9330 = CARTESIAN_POINT('',(825.68681955171,-48.37203738557,
    -75.23900109302));
#9331 = CARTESIAN_POINT('',(825.29782713169,-48.25930431014,
    -75.3607605575));
#9332 = CARTESIAN_POINT('',(824.90768287271,-48.14710483471,
    -75.48150129174));
#9333 = CARTESIAN_POINT('',(824.5163746724,-48.0354720738,
    -75.60122375999));
#9334 = CARTESIAN_POINT('',(823.71719640377,-47.80939230118,
    -75.84292858285));
#9335 = CARTESIAN_POINT('',(823.30923992778,-47.69498948028,
    -75.96483597234));
#9336 = CARTESIAN_POINT('',(822.90000418685,-47.58127279816,
    -76.08564988089));
#9337 = CARTESIAN_POINT('',(822.48947346056,-47.46828406076,
    -76.20536982576));
#9338 = CARTESIAN_POINT('',(822.07763152453,-47.35606725873,
    -76.32399496779));
#9339 = CARTESIAN_POINT('',(821.23457812184,-47.1287635557,
    -76.56380757302));
#9340 = CARTESIAN_POINT('',(820.80325745608,-47.01374393627,
    -76.68490466615));
#9341 = CARTESIAN_POINT('',(820.37048081426,-46.89966175599,
    -76.80481404479));
#9342 = CARTESIAN_POINT('',(819.93623018712,-46.78657077801,
    -76.92353427122));
#9343 = CARTESIAN_POINT('',(819.50048839511,-46.67452648173,
    -77.04106381601));
#9344 = CARTESIAN_POINT('',(818.60051064274,-46.44618101156,
    -77.28051743016));
#9345 = CARTESIAN_POINT('',(818.13609435619,-46.33001185478,
    -77.40229861633));
#9346 = CARTESIAN_POINT('',(817.66997082956,-46.21514649978,
    -77.52274267523));
#9347 = CARTESIAN_POINT('',(817.20212340863,-46.10165368733,
    -77.64184796763));
#9348 = CARTESIAN_POINT('',(816.73253818396,-45.98960299173,
    -77.75961315644));
#9349 = CARTESIAN_POINT('',(815.75844798166,-45.76115759533,
    -78.00022273416));
#9350 = CARTESIAN_POINT('',(815.2537026198,-45.64497059459,
    -78.12288253255));
#9351 = CARTESIAN_POINT('',(814.7469543599,-45.53058953231,
    -78.24401529217));
#9352 = CARTESIAN_POINT('',(814.23819529351,-45.41809879481,
    -78.36362074496));
#9353 = CARTESIAN_POINT('',(813.72742314926,-45.3075814409,
    -78.48169966451));
#9354 = CARTESIAN_POINT('',(812.65242134303,-45.08020006168,
    -78.72604521613));
#9355 = CARTESIAN_POINT('',(812.08778611781,-44.96374998025,
    -78.85200402452));
#9356 = CARTESIAN_POINT('',(811.52074020795,-44.84987730898,
    -78.9761325501));
#9357 = CARTESIAN_POINT('',(810.95129875906,-44.73868335867,
    -79.09843581068));
#9358 = CARTESIAN_POINT('',(810.37948747158,-44.63026239958,
    -79.21892158298));
#9359 = CARTESIAN_POINT('',(809.16024564531,-44.4060955448,
    -79.47094548494));
#9360 = CARTESIAN_POINT('',(808.51220192637,-44.29109888687,
    -79.60200992339));
#9361 = CARTESIAN_POINT('',(807.86126591023,-44.17983280285,
    -79.73080886325));
#9362 = CARTESIAN_POINT('',(807.20750668086,-44.07240158603,
    -79.85736379123));
#9363 = CARTESIAN_POINT('',(806.55101128925,-43.96888652604,
    -79.98170327888));
#9364 = CARTESIAN_POINT('',(804.8979145123,-43.71922074581,
    -80.28808460597));
#9365 = CARTESIAN_POINT('',(803.89794826026,-43.57812358718,
    -80.46735318655));
#9366 = CARTESIAN_POINT('',(802.89238076233,-43.44622995359,
    -80.64179014947));
#9367 = CARTESIAN_POINT('',(801.88164749619,-43.32355861776,
    -80.8115700609));
#9368 = CARTESIAN_POINT('',(800.86624699716,-43.2099174208,-80.976922946
    ));
#9369 = CARTESIAN_POINT('',(798.48497588055,-42.96451803628,
    -81.35347665821));
#9370 = CARTESIAN_POINT('',(797.11584059194,-42.83948213115,
    -81.56143995733));
#9371 = CARTESIAN_POINT('',(795.7407359045,-42.72867347792,
    -81.76270889139));
#9372 = CARTESIAN_POINT('',(794.36099196505,-42.63016948853,
    -81.95819343578));
#9373 = CARTESIAN_POINT('',(792.97793014242,-42.54102433862,
    -82.14901945164));
#9374 = CARTESIAN_POINT('',(791.32753874634,-42.44117413351,
    -82.37239166408));
#9375 = CARTESIAN_POINT('',(791.06214258891,-42.42531811731,
    -82.40817828746));
#9376 = CARTESIAN_POINT('',(790.7966814211,-42.40963011346,
    -82.44385064628));
#9377 = CARTESIAN_POINT('',(790.53116441483,-42.39408051241,
    -82.47941805666));
#9378 = CARTESIAN_POINT('',(790.2656008271,-42.37863828641,
    -82.51489002877));
#9379 = CARTESIAN_POINT('',(790.,-42.36327098954,-82.55027626692));
#9380 = PCURVE('',#3582,#9381);
#9381 = DEFINITIONAL_REPRESENTATION('',(#9382),#9440);
#9382 = B_SPLINE_CURVE_WITH_KNOTS('',6,(#9383,#9384,#9385,#9386,#9387,
    #9388,#9389,#9390,#9391,#9392,#9393,#9394,#9395,#9396,#9397,#9398,
    #9399,#9400,#9401,#9402,#9403,#9404,#9405,#9406,#9407,#9408,#9409,
    #9410,#9411,#9412,#9413,#9414,#9415,#9416,#9417,#9418,#9419,#9420,
    #9421,#9422,#9423,#9424,#9425,#9426,#9427,#9428,#9429,#9430,#9431,
    #9432,#9433,#9434,#9435,#9436,#9437,#9438,#9439),.UNSPECIFIED.,.F.,
  .F.,(7,5,5,5,5,5,5,5,5,5,5,7),(0.,7.606486814541E-02,0.141290910885,
    0.208877903543,0.279198942318,0.353617686907,0.43299760599,
    0.52003066203,0.617819161951,0.765286567867,0.962266737873,1.),
  .UNSPECIFIED.);
#9383 = CARTESIAN_POINT('',(-64.,0.895721839946));
#9384 = CARTESIAN_POINT('',(-63.75247077126,0.893505014267));
#9385 = CARTESIAN_POINT('',(-63.50652268293,0.891280604957));
#9386 = CARTESIAN_POINT('',(-63.26217557633,0.889048623366));
#9387 = CARTESIAN_POINT('',(-63.01945708596,0.886809053383));
#9388 = CARTESIAN_POINT('',(-62.77840263941,0.884561851437));
#9389 = CARTESIAN_POINT('',(-62.33381388294,0.88037335319));
#9390 = CARTESIAN_POINT('',(-62.12982726553,0.878434097759));
#9391 = CARTESIAN_POINT('',(-61.92712262291,0.876489135658));
#9392 = CARTESIAN_POINT('',(-61.72573006356,0.874538414364));
#9393 = CARTESIAN_POINT('',(-61.5256827867,0.872581873362));
#9394 = CARTESIAN_POINT('',(-61.12116038898,0.868585982019));
#9395 = CARTESIAN_POINT('',(-60.91678681531,0.866546199639));
#9396 = CARTESIAN_POINT('',(-60.71393672927,0.864500020934));
#9397 = CARTESIAN_POINT('',(-60.51265310449,0.862447367303));
#9398 = CARTESIAN_POINT('',(-60.3129815203,0.860388157623));
#9399 = CARTESIAN_POINT('',(-59.90894880628,0.856172890609));
#9400 = CARTESIAN_POINT('',(-59.70472438655,0.85401628728));
#9401 = CARTESIAN_POINT('',(-59.50235121547,0.851852404071));
#9402 = CARTESIAN_POINT('',(-59.30188553897,0.849681150936));
#9403 = CARTESIAN_POINT('',(-59.10338553604,0.847502441976));
#9404 = CARTESIAN_POINT('',(-58.69898829887,0.843002553214));
#9405 = CARTESIAN_POINT('',(-58.49333354724,0.840680471781));
#9406 = CARTESIAN_POINT('',(-58.29001844927,0.838349854148));
#9407 = CARTESIAN_POINT('',(-58.08911512433,0.836010617043));
#9408 = CARTESIAN_POINT('',(-57.89069642561,0.83366269092));
#9409 = CARTESIAN_POINT('',(-57.48591834072,0.828792239908));
#9410 = CARTESIAN_POINT('',(-57.27991055318,0.826268513099));
#9411 = CARTESIAN_POINT('',(-57.0769022029,0.8237347718));
#9412 = CARTESIAN_POINT('',(-56.87698085683,0.821190976468));
#9413 = CARTESIAN_POINT('',(-56.68023202341,0.818637115746));
#9414 = CARTESIAN_POINT('',(-56.27459146751,0.813262106715));
#9415 = CARTESIAN_POINT('',(-56.06635607374,0.810438930589));
#9416 = CARTESIAN_POINT('',(-55.86214371427,0.80760370104));
#9417 = CARTESIAN_POINT('',(-55.66205585672,0.804756493795));
#9418 = CARTESIAN_POINT('',(-55.46618469338,0.801897437358));
#9419 = CARTESIAN_POINT('',(-55.05936702693,0.795801228227));
#9420 = CARTESIAN_POINT('',(-54.8495470728,0.792561009632));
#9421 = CARTESIAN_POINT('',(-54.64526798069,0.789306329551));
#9422 = CARTESIAN_POINT('',(-54.44662240276,0.786037533404));
#9423 = CARTESIAN_POINT('',(-54.25367390996,0.782755056446));
#9424 = CARTESIAN_POINT('',(-53.78411173983,0.774489572562));
#9425 = CARTESIAN_POINT('',(-53.51478709615,0.769489741301));
#9426 = CARTESIAN_POINT('',(-53.25857626994,0.764461903812));
#9427 = CARTESIAN_POINT('',(-53.01537090614,0.759408237481));
#9428 = CARTESIAN_POINT('',(-52.78480305399,0.754331234986));
#9429 = CARTESIAN_POINT('',(-52.27418643508,0.742424879403));
#9430 = CARTESIAN_POINT('',(-52.00350418666,0.73557920296));
#9431 = CARTESIAN_POINT('',(-51.75253229752,0.728703679523));
#9432 = CARTESIAN_POINT('',(-51.51861157894,0.721804959825));
#9433 = CARTESIAN_POINT('',(-51.29786833758,0.714889650712));
#9434 = CARTESIAN_POINT('',(-51.04447377041,0.706637693732));
#9435 = CARTESIAN_POINT('',(-51.00403392416,0.705310712945));
#9436 = CARTESIAN_POINT('',(-50.96385491676,0.703983407106));
#9437 = CARTESIAN_POINT('',(-50.92389934614,0.702655822074));
#9438 = CARTESIAN_POINT('',(-50.884128211,0.701328004136));
#9439 = CARTESIAN_POINT('',(-50.8445009109,0.7));
#9440 = ( GEOMETRIC_REPRESENTATION_CONTEXT(2) 
PARAMETRIC_REPRESENTATION_CONTEXT() REPRESENTATION_CONTEXT('2D SPACE',''
  ) );
#9441 = PCURVE('',#8301,#9442);
#9442 = DEFINITIONAL_REPRESENTATION('',(#9443),#9501);
#9443 = B_SPLINE_CURVE_WITH_KNOTS('',6,(#9444,#9445,#9446,#9447,#9448,
    #9449,#9450,#9451,#9452,#9453,#9454,#9455,#9456,#9457,#9458,#9459,
    #9460,#9461,#9462,#9463,#9464,#9465,#9466,#9467,#9468,#9469,#9470,
    #9471,#9472,#9473,#9474,#9475,#9476,#9477,#9478,#9479,#9480,#9481,
    #9482,#9483,#9484,#9485,#9486,#9487,#9488,#9489,#9490,#9491,#9492,
    #9493,#9494,#9495,#9496,#9497,#9498,#9499,#9500),.UNSPECIFIED.,.F.,
  .F.,(7,5,5,5,5,5,5,5,5,5,5,7),(0.,7.606486814541E-02,0.141290910885,
    0.208877903543,0.279198942318,0.353617686907,0.43299760599,
    0.52003066203,0.617819161951,0.765286567867,0.962266737873,1.),
  .UNSPECIFIED.);
#9444 = CARTESIAN_POINT('',(4.283306980338,0.652406132396));
#9445 = CARTESIAN_POINT('',(4.278001068521,0.645016714517));
#9446 = CARTESIAN_POINT('',(4.27271502621,0.637602016695));
#9447 = CARTESIAN_POINT('',(4.267449143863,0.630162077762));
#9448 = CARTESIAN_POINT('',(4.262203880836,0.622696844486));
#9449 = CARTESIAN_POINT('',(4.256979865387,0.615206171569));
#9450 = CARTESIAN_POINT('',(4.247317175385,0.601244510635));
#9451 = CARTESIAN_POINT('',(4.242872659659,0.594780325862));
#9452 = CARTESIAN_POINT('',(4.238444846205,0.588297118862));
#9453 = CARTESIAN_POINT('',(4.234034308801,0.581794714545));
#9454 = CARTESIAN_POINT('',(4.229641696293,0.575272911207));
#9455 = CARTESIAN_POINT('',(4.220735447042,0.561953273396));
#9456 = CARTESIAN_POINT('',(4.21622318093,0.555153998796));
#9457 = CARTESIAN_POINT('',(4.21173173959,0.548333403114));
#9458 = CARTESIAN_POINT('',(4.207262001753,0.541491224343));
#9459 = CARTESIAN_POINT('',(4.202814919558,0.534627192076));
#9460 = CARTESIAN_POINT('',(4.193789181202,0.520576302031));
#9461 = CARTESIAN_POINT('',(4.189212474917,0.513387624268));
#9462 = CARTESIAN_POINT('',(4.184662555838,0.506174680238));
#9463 = CARTESIAN_POINT('',(4.180140649809,0.498937169785));
#9464 = CARTESIAN_POINT('',(4.175648052384,0.491674806585));
#9465 = CARTESIAN_POINT('',(4.166464203315,0.476675177379));
#9466 = CARTESIAN_POINT('',(4.161776622319,0.468934905936));
#9467 = CARTESIAN_POINT('',(4.157125007456,0.461166180493));
#9468 = CARTESIAN_POINT('',(4.152511039129,0.453368723477));
#9469 = CARTESIAN_POINT('',(4.147936456518,0.445542303066));
#9470 = CARTESIAN_POINT('',(4.138567438004,0.429307466361));
#9471 = CARTESIAN_POINT('',(4.133778658858,0.420895043663));
#9472 = CARTESIAN_POINT('',(4.129038910675,0.412449239332));
#9473 = CARTESIAN_POINT('',(4.124350399919,0.403969921559));
#9474 = CARTESIAN_POINT('',(4.119715348985,0.395457052488));
#9475 = CARTESIAN_POINT('',(4.110115144522,0.377540355717));
#9476 = CARTESIAN_POINT('',(4.105161207944,0.36812976863));
#9477 = CARTESIAN_POINT('',(4.100277157863,0.358679003466));
#9478 = CARTESIAN_POINT('',(4.095465844278,0.349188312651));
#9479 = CARTESIAN_POINT('',(4.090729995792,0.339658124526));
#9480 = CARTESIAN_POINT('',(4.080838831697,0.319337427422));
#9481 = CARTESIAN_POINT('',(4.075703961194,0.308536698773));
#9482 = CARTESIAN_POINT('',(4.070671232902,0.297687765171));
#9483 = CARTESIAN_POINT('',(4.065743903304,0.286791778014));
#9484 = CARTESIAN_POINT('',(4.060924669788,0.275850188154));
#9485 = CARTESIAN_POINT('',(4.049113907623,0.248298575205));
#9486 = CARTESIAN_POINT('',(4.042262469733,0.231632471004));
#9487 = CARTESIAN_POINT('',(4.035667980051,0.214873012706));
#9488 = CARTESIAN_POINT('',(4.029332839488,0.19802745827));
#9489 = CARTESIAN_POINT('',(4.023253456597,0.181104116619));
#9490 = CARTESIAN_POINT('',(4.009624825173,0.141416264676));
#9491 = CARTESIAN_POINT('',(4.002267064572,0.118597343199));
#9492 = CARTESIAN_POINT('',(3.99531881615,9.567893174185E-02));
#9493 = CARTESIAN_POINT('',(3.988727820772,7.268319941746E-02));
#9494 = CARTESIAN_POINT('',(3.982410334627,4.963216904035E-02));
#9495 = CARTESIAN_POINT('',(3.975069193427,2.212564577241E-02));
#9496 = CARTESIAN_POINT('',(3.973894751098,1.770237648188E-02));
#9497 = CARTESIAN_POINT('',(3.972725228575,1.327802368509E-02));
#9498 = CARTESIAN_POINT('',(3.971559759167,8.852740247272E-03));
#9499 = CARTESIAN_POINT('',(3.970397431849,4.42668045176E-03));
#9500 = CARTESIAN_POINT('',(3.969237291261,-5.684341896745E-15));
#9501 = ( GEOMETRIC_REPRESENTATION_CONTEXT(2) 
PARAMETRIC_REPRESENTATION_CONTEXT() REPRESENTATION_CONTEXT('2D SPACE',''
  ) );
#9502 = ORIENTED_EDGE('',*,*,#9503,.T.);
#9503 = EDGE_CURVE('',#9319,#9272,#9504,.T.);
#9504 = SURFACE_CURVE('',#9505,(#9598,#9694),.PCURVE_S1.);
#9505 = B_SPLINE_CURVE_WITH_KNOTS('',7,(#9506,#9507,#9508,#9509,#9510,
    #9511,#9512,#9513,#9514,#9515,#9516,#9517,#9518,#9519,#9520,#9521,
    #9522,#9523,#9524,#9525,#9526,#9527,#9528,#9529,#9530,#9531,#9532,
    #9533,#9534,#9535,#9536,#9537,#9538,#9539,#9540,#9541,#9542,#9543,
    #9544,#9545,#9546,#9547,#9548,#9549,#9550,#9551,#9552,#9553,#9554,
    #9555,#9556,#9557,#9558,#9559,#9560,#9561,#9562,#9563,#9564,#9565,
    #9566,#9567,#9568,#9569,#9570,#9571,#9572,#9573,#9574,#9575,#9576,
    #9577,#9578,#9579,#9580,#9581,#9582,#9583,#9584,#9585,#9586,#9587,
    #9588,#9589,#9590,#9591,#9592,#9593,#9594,#9595,#9596,#9597),
  .UNSPECIFIED.,.F.,.F.,(8,6,6,6,6,6,6,6,6,6,6,6,6,6,6,8),(0.,
    9.061918635908E-02,0.224182046275,0.397379863273,0.56815482293,
    0.678972298953,0.751616998185,0.796751225425,0.833838965014,
    0.865059349151,0.891682671958,0.911958843355,0.929844408393,
    0.945721681393,0.959924940245,1.),.UNSPECIFIED.);
#9506 = CARTESIAN_POINT('',(790.,-42.36327096202,-82.55027627555));
#9507 = CARTESIAN_POINT('',(788.19334953838,-42.32094216975,
    -82.77146153526));
#9508 = CARTESIAN_POINT('',(786.38511433395,-42.28477288237,
    -82.98886620015));
#9509 = CARTESIAN_POINT('',(784.57544303099,-42.25465919708,
    -83.2027111984));
#9510 = CARTESIAN_POINT('',(782.76447085445,-42.23051959578,
    -83.41319727668));
#9511 = CARTESIAN_POINT('',(780.95232036841,-42.21229292614,
    -83.62050793781));
#9512 = CARTESIAN_POINT('',(779.13910223464,-42.19993638267,
    -83.82481237843));
#9513 = CARTESIAN_POINT('',(774.65100200988,-42.18382441075,
    -84.32319264006));
#9514 = CARTESIAN_POINT('',(771.97499585326,-42.18691935979,
    -84.61392820709));
#9515 = CARTESIAN_POINT('',(769.2972118474,-42.20262657791,
    -84.89897842911));
#9516 = CARTESIAN_POINT('',(766.61794209926,-42.23094030794,
    -85.17878989996));
#9517 = CARTESIAN_POINT('',(763.93745816639,-42.2719282077,
    -85.45376294779));
#9518 = CARTESIAN_POINT('',(761.2560127467,-42.32572876513,
    -85.72426207696));
#9519 = CARTESIAN_POINT('',(755.09573203826,-42.47919776065,
    -86.33603454014));
#9520 = CARTESIAN_POINT('',(751.61643836373,-42.58774048884,
    -86.67448535225));
#9521 = CARTESIAN_POINT('',(748.13645660198,-42.7186307749,
    -87.00671708439));
#9522 = CARTESIAN_POINT('',(744.65631741689,-42.87252818484,
    -87.33338185807));
#9523 = CARTESIAN_POINT('',(741.17658870418,-43.05029854252,
    -87.65507143195));
#9524 = CARTESIAN_POINT('',(737.69787898505,-43.25305261122,
    -87.97233672386));
#9525 = CARTESIAN_POINT('',(730.79244387194,-43.70818700101,
    -88.59468184066));
#9526 = CARTESIAN_POINT('',(727.36575986889,-43.95983015475,
    -88.89986227559));
#9527 = CARTESIAN_POINT('',(723.9413637266,-44.23852044663,
    -89.20174915994));
#9528 = CARTESIAN_POINT('',(720.52003288022,-44.54594640941,
    -89.50080978569));
#9529 = CARTESIAN_POINT('',(717.10275211428,-44.88414250982,
    -89.79748643613));
#9530 = CARTESIAN_POINT('',(713.69073677509,-45.25565747697,
    -90.09220928014));
#9531 = CARTESIAN_POINT('',(708.0757685106,-45.92875558715,
    -90.57566692676));
#9532 = CARTESIAN_POINT('',(705.86897004479,-46.2090908591,
    -90.76527874814));
#9533 = CARTESIAN_POINT('',(703.66547624851,-46.5057926204,
    -90.95436144768));
#9534 = CARTESIAN_POINT('',(701.46582011297,-46.81993217065,
    -91.14302571865));
#9535 = CARTESIAN_POINT('',(699.27067612264,-47.15275248905,
    -91.33137623759));
#9536 = CARTESIAN_POINT('',(697.08087943614,-47.50574815369,
    -91.51951215858));
#9537 = CARTESIAN_POINT('',(693.46615120496,-48.12666527147,
    -91.83077648042));
#9538 = CARTESIAN_POINT('',(692.03761303401,-48.38200226595,
    -91.95397164592));
#9539 = CARTESIAN_POINT('',(690.61213123497,-48.64734519579,
    -92.07713851051));
#9540 = CARTESIAN_POINT('',(689.19007004588,-48.92329425107,
    -92.20029881445));
#9541 = CARTESIAN_POINT('',(687.77187534227,-49.21053119021,
    -92.32346947833));
#9542 = CARTESIAN_POINT('',(686.35808548003,-49.50985112992,
    -92.44666177887));
#9543 = CARTESIAN_POINT('',(684.07409934223,-50.01628549925,
    -92.64643525022));
#9544 = CARTESIAN_POINT('',(683.20081032477,-50.21538920984,
    -92.7229997844));
#9545 = CARTESIAN_POINT('',(682.32963881785,-50.41975627943,
    -92.79957419686));
#9546 = CARTESIAN_POINT('',(681.46077005771,-50.62963796696,
    -92.87615722251));
#9547 = CARTESIAN_POINT('',(680.59442076177,-50.84531314322,
    -92.95274514615));
#9548 = CARTESIAN_POINT('',(679.73084239604,-51.06709580069,
    -93.02933143025));
#9549 = CARTESIAN_POINT('',(678.16321886934,-51.48289788977,
    -93.1688295435));
#9550 = CARTESIAN_POINT('',(677.45818616552,-51.67481622262,
    -93.2317444998));
#9551 = CARTESIAN_POINT('',(676.75538620435,-51.87129730879,
    -93.29464583591));
#9552 = CARTESIAN_POINT('',(676.05500665517,-52.07255716041,
    -93.35752581186));
#9553 = CARTESIAN_POINT('',(675.35726615867,-52.27883405865,
    -93.42037389505));
#9554 = CARTESIAN_POINT('',(674.66241750227,-52.49039455741,
    -93.48317633197));
#9555 = CARTESIAN_POINT('',(673.38850720834,-52.89033180197,
    -93.59872960107));
#9556 = CARTESIAN_POINT('',(672.80852483101,-53.07707933851,
    -93.65149822698));
#9557 = CARTESIAN_POINT('',(672.23097578901,-53.26796327304,
    -93.70421125144));
#9558 = CARTESIAN_POINT('',(671.65606167176,-53.46317831695,
    -93.75685554808));
#9559 = CARTESIAN_POINT('',(671.0840167674,-53.66293778812,
    -93.80941472047));
#9560 = CARTESIAN_POINT('',(670.51511129778,-53.86747868253,
    -93.86186861213));
#9561 = CARTESIAN_POINT('',(669.46745900759,-54.25579403914,
    -93.95881250759));
#9562 = CARTESIAN_POINT('',(668.98777805954,-54.43818907167,
    -94.00333727071));
#9563 = CARTESIAN_POINT('',(668.51080256935,-54.62441826326,
    -94.04775201618));
#9564 = CARTESIAN_POINT('',(668.03675550211,-54.81465880465,
    -94.09203836884));
#9565 = CARTESIAN_POINT('',(667.56589523587,-55.0091028225,
    -94.1361741277));
#9566 = CARTESIAN_POINT('',(667.09851876972,-55.20796154465,
    -94.18013272541));
#9567 = CARTESIAN_POINT('',(666.28192499389,-55.56646001452,
    -94.25720240406));
#9568 = CARTESIAN_POINT('',(665.93110687847,-55.72414529354,
    -94.29040067065));
#9569 = CARTESIAN_POINT('',(665.58266046151,-55.88462934444,
    -94.32346353128));
#9570 = CARTESIAN_POINT('',(665.23675678579,-56.04802104235,
    -94.35637471277));
#9571 = CARTESIAN_POINT('',(664.8935895561,-56.21443570787,
    -94.38911533817));
#9572 = CARTESIAN_POINT('',(664.55337663442,-56.38399671955,
    -94.42166363979));
#9573 = CARTESIAN_POINT('',(663.91908129347,-56.70929929314,
    -94.48251379923));
#9574 = CARTESIAN_POINT('',(663.62429317047,-56.86431117301,
    -94.51086349578));
#9575 = CARTESIAN_POINT('',(663.33216366465,-57.02196465693,
    -94.53902667446));
#9576 = CARTESIAN_POINT('',(663.04288181001,-57.18235403228,
    -94.5669836584));
#9577 = CARTESIAN_POINT('',(662.75666023351,-57.34557691906,
    -94.59471192419));
#9578 = CARTESIAN_POINT('',(662.47373621264,-57.51173520603,
    -94.62218584464));
#9579 = CARTESIAN_POINT('',(661.9463777432,-57.83113791846,
    -94.67351394388));
#9580 = CARTESIAN_POINT('',(661.70119253729,-57.98373529196,
    -94.69742768067));
#9581 = CARTESIAN_POINT('',(661.45900018126,-58.13880322277,
    -94.7210976251));
#9582 = CARTESIAN_POINT('',(661.22000695912,-58.29641629275,
    -94.74450074248));
#9583 = CARTESIAN_POINT('',(660.98444237272,-58.45664855014,
    -94.76761098038));
#9584 = CARTESIAN_POINT('',(660.75255914173,-58.61957350961,
    -94.79039926859));
#9585 = CARTESIAN_POINT('',(660.32073856783,-58.93348529686,
    -94.83290238739));
#9586 = CARTESIAN_POINT('',(660.12001413466,-59.08391744059,
    -94.85268751321));
#9587 = CARTESIAN_POINT('',(659.92265710181,-59.23661291537,
    -94.87216580986));
#9588 = CARTESIAN_POINT('',(659.72888586536,-59.39161972681,
    -94.89131148408));
#9589 = CARTESIAN_POINT('',(659.53893891403,-59.54898082775,
    -94.91009602671));
#9590 = CARTESIAN_POINT('',(659.3530737235,-59.70873339188,
    -94.92848820322));
#9591 = CARTESIAN_POINT('',(658.65943339095,-60.32849042448,
    -94.99714539206));
#9592 = CARTESIAN_POINT('',(658.18205703858,-60.80529352553,
    -95.04443576527));
#9593 = CARTESIAN_POINT('',(657.74545190907,-61.30212946734,
    -95.08757940341));
#9594 = CARTESIAN_POINT('',(657.35742193866,-61.81886337746,
    -95.12559035185));
#9595 = CARTESIAN_POINT('',(657.02677909372,-62.3541131658,
    -95.15730467371));
#9596 = CARTESIAN_POINT('',(656.7619358173,-62.90475220454,
    -95.18149000326));
#9597 = CARTESIAN_POINT('',(656.56758593239,-63.46488021997,
    -95.19732032994));
#9598 = PCURVE('',#3582,#9599);
#9599 = DEFINITIONAL_REPRESENTATION('',(#9600),#9693);
#9600 = B_SPLINE_CURVE_WITH_KNOTS('',7,(#9601,#9602,#9603,#9604,#9605,
    #9606,#9607,#9608,#9609,#9610,#9611,#9612,#9613,#9614,#9615,#9616,
    #9617,#9618,#9619,#9620,#9621,#9622,#9623,#9624,#9625,#9626,#9627,
    #9628,#9629,#9630,#9631,#9632,#9633,#9634,#9635,#9636,#9637,#9638,
    #9639,#9640,#9641,#9642,#9643,#9644,#9645,#9646,#9647,#9648,#9649,
    #9650,#9651,#9652,#9653,#9654,#9655,#9656,#9657,#9658,#9659,#9660,
    #9661,#9662,#9663,#9664,#9665,#9666,#9667,#9668,#9669,#9670,#9671,
    #9672,#9673,#9674,#9675,#9676,#9677,#9678,#9679,#9680,#9681,#9682,
    #9683,#9684,#9685,#9686,#9687,#9688,#9689,#9690,#9691,#9692),
  .UNSPECIFIED.,.F.,.F.,(8,6,6,6,6,6,6,6,6,6,6,6,6,6,6,8),(0.,
    9.061918635908E-02,0.224182046275,0.397379863273,0.56815482293,
    0.678972298953,0.751616998185,0.796751225425,0.833838965014,
    0.865059349151,0.891682671958,0.911958843355,0.929844408393,
    0.945721681393,0.959924940245,1.),.UNSPECIFIED.);
#9601 = CARTESIAN_POINT('',(-50.84450087624,0.7));
#9602 = CARTESIAN_POINT('',(-50.65330690915,0.690966747692));
#9603 = CARTESIAN_POINT('',(-50.4713692352,0.68192557167));
#9604 = CARTESIAN_POINT('',(-50.2984118639,0.672877215155));
#9605 = CARTESIAN_POINT('',(-50.13419624256,0.663822354272));
#9606 = CARTESIAN_POINT('',(-49.9785170232,0.654761601842));
#9607 = CARTESIAN_POINT('',(-49.83119782953,0.645695511173));
#9608 = CARTESIAN_POINT('',(-49.487053125,0.623255010049));
#9609 = CARTESIAN_POINT('',(-49.2998508879,0.609874979266));
#9610 = CARTESIAN_POINT('',(-49.12999940134,0.596486059237));
#9611 = CARTESIAN_POINT('',(-48.97713543283,0.583089710496));
#9612 = CARTESIAN_POINT('',(-48.84100301366,0.569687290832));
#9613 = CARTESIAN_POINT('',(-48.72144302388,0.556280063734));
#9614 = CARTESIAN_POINT('',(-48.48473958688,0.525478660191));
#9615 = CARTESIAN_POINT('',(-48.37884540813,0.508082191819));
#9616 = CARTESIAN_POINT('',(-48.30054594779,0.49068228301));
#9617 = CARTESIAN_POINT('',(-48.24995393392,0.473281587084));
#9618 = CARTESIAN_POINT('',(-48.22743035058,0.455882943521));
#9619 = CARTESIAN_POINT('',(-48.23360857514,0.438489394925));
#9620 = CARTESIAN_POINT('',(-48.30481240469,0.40396221936));
#9621 = CARTESIAN_POINT('',(-48.36901508704,0.386828799345));
#9622 = CARTESIAN_POINT('',(-48.46299370283,0.369706818633));
#9623 = CARTESIAN_POINT('',(-48.58801783184,0.352600164401));
#9624 = CARTESIAN_POINT('',(-48.74571705664,0.335513760571));
#9625 = CARTESIAN_POINT('',(-48.93823968586,0.318453683875));
#9626 = CARTESIAN_POINT('',(-49.31800978796,0.290378842553));
#9627 = CARTESIAN_POINT('',(-49.48337578831,0.279344850224));
#9628 = CARTESIAN_POINT('',(-49.66546381238,0.268327381243));
#9629 = CARTESIAN_POINT('',(-49.86523790078,0.257329100565));
#9630 = CARTESIAN_POINT('',(-50.08383640921,0.246353380613));
#9631 = CARTESIAN_POINT('',(-50.32265146323,0.235404397181));
#9632 = CARTESIAN_POINT('',(-50.75444121917,0.217330756025));
#9633 = CARTESIAN_POINT('',(-50.93486656263,0.21018806517));
#9634 = CARTESIAN_POINT('',(-51.12524577041,0.203060656175));
#9635 = CARTESIAN_POINT('',(-51.32615334142,0.195950350229));
#9636 = CARTESIAN_POINT('',(-51.53824803319,0.188859376711));
#9637 = CARTESIAN_POINT('',(-51.76230519539,0.1817904274));
#9638 = CARTESIAN_POINT('',(-52.14649542057,0.170370496711));
#9639 = CARTESIAN_POINT('',(-52.29870180042,0.166004051624));
#9640 = CARTESIAN_POINT('',(-52.45611594726,0.161648194089));
#9641 = CARTESIAN_POINT('',(-52.61898675603,0.157303850289));
#9642 = CARTESIAN_POINT('',(-52.78759223316,0.152972103809));
#9643 = CARTESIAN_POINT('',(-52.96224726132,0.14865421198));
#9644 = CARTESIAN_POINT('',(-53.29209571656,0.140816094347));
#9645 = CARTESIAN_POINT('',(-53.44520626566,0.137290930828));
#9646 = CARTESIAN_POINT('',(-53.60284436059,0.133776931022));
#9647 = CARTESIAN_POINT('',(-53.76522908706,0.130275033276));
#9648 = CARTESIAN_POINT('',(-53.93260356816,0.126786330793));
#9649 = CARTESIAN_POINT('',(-54.10524126503,0.123312087511));
#9650 = CARTESIAN_POINT('',(-54.4334701062,0.116942536042));
#9651 = CARTESIAN_POINT('',(-54.58743563752,0.114042624155));
#9652 = CARTESIAN_POINT('',(-54.74553556497,0.111154878945));
#9653 = CARTESIAN_POINT('',(-54.90797188696,0.108280308359));
#9654 = CARTESIAN_POINT('',(-55.07496732136,0.105420083837));
#9655 = CARTESIAN_POINT('',(-55.24677072002,0.102575556489));
#9656 = CARTESIAN_POINT('',(-55.57450786655,9.733729503797E-02));
#9657 = CARTESIAN_POINT('',(-55.72905133342,9.493889029774E-02));
#9658 = CARTESIAN_POINT('',(-55.8874683728,9.255401284679E-02));
#9659 = CARTESIAN_POINT('',(-56.0499473689,9.018377751057E-02));
#9660 = CARTESIAN_POINT('',(-56.21669414812,8.782947617938E-02));
#9661 = CARTESIAN_POINT('',(-56.38793652599,8.54925938486E-02));
#9662 = CARTESIAN_POINT('',(-56.6979636891,8.140962496945E-02));
#9663 = CARTESIAN_POINT('',(-56.83475196687,7.965553439238E-02));
#9664 = CARTESIAN_POINT('',(-56.97440654003,7.791330230758E-02));
#9665 = CARTESIAN_POINT('',(-57.11704661268,7.6183783929E-02));
#9666 = CARTESIAN_POINT('',(-57.26279955801,7.446794778054E-02));
#9667 = CARTESIAN_POINT('',(-57.41180273577,7.276688317213E-02));
#9668 = CARTESIAN_POINT('',(-57.69863931333,6.959540646736E-02));
#9669 = CARTESIAN_POINT('',(-57.83571663882,6.812146585239E-02));
#9670 = CARTESIAN_POINT('',(-57.97554022061,6.666081832328E-02));
#9671 = CARTESIAN_POINT('',(-58.11821710105,6.521440905005E-02));
#9672 = CARTESIAN_POINT('',(-58.26385955429,6.378330116759E-02));
#9673 = CARTESIAN_POINT('',(-58.41258620996,6.236868106321E-02));
#9674 = CARTESIAN_POINT('',(-58.69939974353,5.973188871603E-02));
#9675 = CARTESIAN_POINT('',(-58.83680433215,5.850596268646E-02));
#9676 = CARTESIAN_POINT('',(-58.97682516732,5.72950009063E-02));
#9677 = CARTESIAN_POINT('',(-59.11955197764,5.610003479562E-02));
#9678 = CARTESIAN_POINT('',(-59.26507599577,5.492221186363E-02));
#9679 = CARTESIAN_POINT('',(-59.41348995841,5.376279570866E-02));
#9680 = CARTESIAN_POINT('',(-59.70032370779,5.160369283915E-02));
#9681 = CARTESIAN_POINT('',(-59.8381454484,5.06000706733E-02));
#9682 = CARTESIAN_POINT('',(-59.97842097533,4.961328550909E-02));
#9683 = CARTESIAN_POINT('',(-60.12121543018,4.864442932683E-02));
#9684 = CARTESIAN_POINT('',(-60.26659074573,4.769469457016E-02));
#9685 = CARTESIAN_POINT('',(-60.41460494281,4.676536861755E-02));
#9686 = CARTESIAN_POINT('',(-60.99053574087,4.329716695475E-02));
#9687 = CARTESIAN_POINT('',(-61.43713595752,4.091028519294E-02));
#9688 = CARTESIAN_POINT('',(-61.90642381154,3.872725954538E-02));
#9689 = CARTESIAN_POINT('',(-62.39892678776,3.678710969333E-02));
#9690 = CARTESIAN_POINT('',(-62.91405047305,3.513389546864E-02));
#9691 = CARTESIAN_POINT('',(-63.4495147572,3.380967908654E-02));
#9692 = CARTESIAN_POINT('',(-64.,3.283792966198E-02));
#9693 = ( GEOMETRIC_REPRESENTATION_CONTEXT(2) 
PARAMETRIC_REPRESENTATION_CONTEXT() REPRESENTATION_CONTEXT('2D SPACE',''
  ) );
#9694 = PCURVE('',#7858,#9695);
#9695 = DEFINITIONAL_REPRESENTATION('',(#9696),#9789);
#9696 = B_SPLINE_CURVE_WITH_KNOTS('',7,(#9697,#9698,#9699,#9700,#9701,
    #9702,#9703,#9704,#9705,#9706,#9707,#9708,#9709,#9710,#9711,#9712,
    #9713,#9714,#9715,#9716,#9717,#9718,#9719,#9720,#9721,#9722,#9723,
    #9724,#9725,#9726,#9727,#9728,#9729,#9730,#9731,#9732,#9733,#9734,
    #9735,#9736,#9737,#9738,#9739,#9740,#9741,#9742,#9743,#9744,#9745,
    #9746,#9747,#9748,#9749,#9750,#9751,#9752,#9753,#9754,#9755,#9756,
    #9757,#9758,#9759,#9760,#9761,#9762,#9763,#9764,#9765,#9766,#9767,
    #9768,#9769,#9770,#9771,#9772,#9773,#9774,#9775,#9776,#9777,#9778,
    #9779,#9780,#9781,#9782,#9783,#9784,#9785,#9786,#9787,#9788),
  .UNSPECIFIED.,.F.,.F.,(8,6,6,6,6,6,6,6,6,6,6,6,6,6,6,8),(0.,
    9.061918635908E-02,0.224182046275,0.397379863273,0.56815482293,
    0.678972298953,0.751616998185,0.796751225425,0.833838965014,
    0.865059349151,0.891682671958,0.911958843355,0.929844408393,
    0.945721681393,0.959924940245,1.),.UNSPECIFIED.);
#9697 = CARTESIAN_POINT('',(3.969276069323,1.));
#9698 = CARTESIAN_POINT('',(3.958833922369,0.989372644343));
#9699 = CARTESIAN_POINT('',(3.948381147763,0.97873596667));
#9700 = CARTESIAN_POINT('',(3.937910346088,0.968090841359));
#9701 = CARTESIAN_POINT('',(3.92741445458,0.95743806385));
#9702 = CARTESIAN_POINT('',(3.91688665312,0.946778355108));
#9703 = CARTESIAN_POINT('',(3.906320270232,0.936112366086));
#9704 = CARTESIAN_POINT('',(3.880068369954,0.909711776529));
#9705 = CARTESIAN_POINT('',(3.864329930291,0.893970563843));
#9706 = CARTESIAN_POINT('',(3.848472192425,0.87821889322));
#9707 = CARTESIAN_POINT('',(3.832474442993,0.862458482937));
#9708 = CARTESIAN_POINT('',(3.816315938661,0.846690930391));
#9709 = CARTESIAN_POINT('',(3.799975411847,0.830917722039));
#9710 = CARTESIAN_POINT('',(3.761976042233,0.794680776696));
#9711 = CARTESIAN_POINT('',(3.740178156563,0.774214343316));
#9712 = CARTESIAN_POINT('',(3.717988289352,0.753743862365));
#9713 = CARTESIAN_POINT('',(3.695355228838,0.733272455393));
#9714 = CARTESIAN_POINT('',(3.672223723476,0.712803462966));
#9715 = CARTESIAN_POINT('',(3.648531864465,0.692340464618));
#9716 = CARTESIAN_POINT('',(3.600223041351,0.65172025807));
#9717 = CARTESIAN_POINT('',(3.575624155009,0.631563293347));
#9718 = CARTESIAN_POINT('',(3.550341253408,0.611419786627));
#9719 = CARTESIAN_POINT('',(3.524295030232,0.59129431106));
#9720 = CARTESIAN_POINT('',(3.497394466272,0.571192659496));
#9721 = CARTESIAN_POINT('',(3.469529131537,0.55112198103));
#9722 = CARTESIAN_POINT('',(3.421754385118,0.518092755945));
#9723 = CARTESIAN_POINT('',(3.402486989783,0.505111588499));
#9724 = CARTESIAN_POINT('',(3.382714187666,0.492149860285));
#9725 = CARTESIAN_POINT('',(3.362391049092,0.479210706547));
#9726 = CARTESIAN_POINT('',(3.341465904676,0.466298094839));
#9727 = CARTESIAN_POINT('',(3.319876858289,0.45341693786));
#9728 = CARTESIAN_POINT('',(3.282907083655,0.432153830617));
#9729 = CARTESIAN_POINT('',(3.267949755689,0.423750664906));
#9730 = CARTESIAN_POINT('',(3.252651853496,0.415365477853));
#9731 = CARTESIAN_POINT('',(3.236988614111,0.407000412035));
#9732 = CARTESIAN_POINT('',(3.220931971812,0.398658090249));
#9733 = CARTESIAN_POINT('',(3.204449184187,0.390341679294));
#9734 = CARTESIAN_POINT('',(3.176970467301,0.376906466719));
#9735 = CARTESIAN_POINT('',(3.166260647492,0.371769472499));
#9736 = CARTESIAN_POINT('',(3.1553616282,0.366644934223));
#9737 = CARTESIAN_POINT('',(3.144263064566,0.361533941516));
#9738 = CARTESIAN_POINT('',(3.132953484543,0.356437769187));
#9739 = CARTESIAN_POINT('',(3.121419965702,0.351357896447));
#9740 = CARTESIAN_POINT('',(3.099974379144,0.342136581584));
#9741 = CARTESIAN_POINT('',(3.090139902574,0.337989330385));
#9742 = CARTESIAN_POINT('',(3.080136145052,0.333855212967));
#9743 = CARTESIAN_POINT('',(3.069954221314,0.329735333266));
#9744 = CARTESIAN_POINT('',(3.059584340433,0.325630977404));
#9745 = CARTESIAN_POINT('',(3.049015548149,0.321543632366));
#9746 = CARTESIAN_POINT('',(3.029160814049,0.314050042402));
#9747 = CARTESIAN_POINT('',(3.019936537205,0.310638381359));
#9748 = CARTESIAN_POINT('',(3.010555179663,0.307241034053));
#9749 = CARTESIAN_POINT('',(3.001008749734,0.303859186304));
#9750 = CARTESIAN_POINT('',(2.991288505779,0.300494216279));
#9751 = CARTESIAN_POINT('',(2.98138473895,0.297147713516));
#9752 = CARTESIAN_POINT('',(2.962675279457,0.290985052986));
#9753 = CARTESIAN_POINT('',(2.953922746442,0.28816340035));
#9754 = CARTESIAN_POINT('',(2.945022129062,0.285357662173));
#9755 = CARTESIAN_POINT('',(2.935966186112,0.282569150012));
#9756 = CARTESIAN_POINT('',(2.92674708467,0.27979938374));
#9757 = CARTESIAN_POINT('',(2.917356221758,0.27705011041));
#9758 = CARTESIAN_POINT('',(2.900493928246,0.272246617611));
#9759 = CARTESIAN_POINT('',(2.893098735303,0.270182981638));
#9760 = CARTESIAN_POINT('',(2.885594228386,0.268133296832));
#9761 = CARTESIAN_POINT('',(2.877975990984,0.266098569328));
#9762 = CARTESIAN_POINT('',(2.87023935962,0.264079938565));
#9763 = CARTESIAN_POINT('',(2.862379354596,0.262078686085));
#9764 = CARTESIAN_POINT('',(2.847343756397,0.25834753702));
#9765 = CARTESIAN_POINT('',(2.840196822089,0.256613489238));
#9766 = CARTESIAN_POINT('',(2.832946099582,0.25489508038));
#9767 = CARTESIAN_POINT('',(2.825587807589,0.253193422412));
#9768 = CARTESIAN_POINT('',(2.818118050934,0.25150976608));
#9769 = CARTESIAN_POINT('',(2.810532779708,0.249845507133));
#9770 = CARTESIAN_POINT('',(2.795987883374,0.246743398489));
#9771 = CARTESIAN_POINT('',(2.789053740157,0.245301132572));
#9772 = CARTESIAN_POINT('',(2.782022341536,0.243876471654));
#9773 = CARTESIAN_POINT('',(2.774890758797,0.242470629171));
#9774 = CARTESIAN_POINT('',(2.767656111754,0.241084955134));
#9775 = CARTESIAN_POINT('',(2.760315568749,0.239720936128));
#9776 = CARTESIAN_POINT('',(2.746202528678,0.237180815105));
#9777 = CARTESIAN_POINT('',(2.739451840104,0.236000083145));
#9778 = CARTESIAN_POINT('',(2.73261228244,0.234839159422));
#9779 = CARTESIAN_POINT('',(2.725682066614,0.23369932862));
#9780 = CARTESIAN_POINT('',(2.718659640893,0.232581993612));
#9781 = CARTESIAN_POINT('',(2.711543718797,0.231488668962));
#9782 = CARTESIAN_POINT('',(2.683988844023,0.227408431713));
#9783 = CARTESIAN_POINT('',(2.662894898152,0.224600335513));
#9784 = CARTESIAN_POINT('',(2.641023622046,0.222032070075));
#9785 = CARTESIAN_POINT('',(2.618389675717,0.219749540784));
#9786 = CARTESIAN_POINT('',(2.59506140737,0.217804582933));
#9787 = CARTESIAN_POINT('',(2.57118020481,0.216246681262));
#9788 = CARTESIAN_POINT('',(2.547000732172,0.215103446666));
#9789 = ( GEOMETRIC_REPRESENTATION_CONTEXT(2) 
PARAMETRIC_REPRESENTATION_CONTEXT() REPRESENTATION_CONTEXT('2D SPACE',''
  ) );
#9790 = ADVANCED_FACE('',(#9791),#3644,.T.);
#9791 = FACE_BOUND('',#9792,.T.);
#9792 = EDGE_LOOP('',(#9793,#9794,#9795,#9796));
#9793 = ORIENTED_EDGE('',*,*,#8558,.F.);
#9794 = ORIENTED_EDGE('',*,*,#3630,.T.);
#9795 = ORIENTED_EDGE('',*,*,#9271,.T.);
#9796 = ORIENTED_EDGE('',*,*,#9797,.T.);
#9797 = EDGE_CURVE('',#9272,#8559,#9798,.T.);
#9798 = SURFACE_CURVE('',#9799,(#9826,#9856),.PCURVE_S1.);
#9799 = B_SPLINE_CURVE_WITH_KNOTS('',5,(#9800,#9801,#9802,#9803,#9804,
    #9805,#9806,#9807,#9808,#9809,#9810,#9811,#9812,#9813,#9814,#9815,
    #9816,#9817,#9818,#9819,#9820,#9821,#9822,#9823,#9824,#9825),
  .UNSPECIFIED.,.F.,.F.,(6,4,4,4,4,4,6),(0.,0.149111440501,
    0.293180461737,0.469706504157,0.645230009079,0.820862938978,1.),
  .UNSPECIFIED.);
#9800 = CARTESIAN_POINT('',(656.56758591005,-63.46488022179,
    -95.1973203277));
#9801 = CARTESIAN_POINT('',(656.39986544305,-63.96201202674,
    -95.21187431943));
#9802 = CARTESIAN_POINT('',(656.25213194979,-64.46621873327,
    -95.2151262597));
#9803 = CARTESIAN_POINT('',(656.12377241291,-64.97571845878,
    -95.20643003093));
#9804 = CARTESIAN_POINT('',(656.0135439412,-65.48885383572,
    -95.18544755231));
#9805 = CARTESIAN_POINT('',(655.82962629473,-66.50212054694,
    -95.11982265412));
#9806 = CARTESIAN_POINT('',(655.75482647675,-67.0021122278,
    -95.07600343875));
#9807 = CARTESIAN_POINT('',(655.6942897971,-67.50291891547,
    -95.02051086051));
#9808 = CARTESIAN_POINT('',(655.64653378866,-68.00352339817,
    -94.95342952309));
#9809 = CARTESIAN_POINT('',(655.56555120351,-69.11536912002,
    -94.77870965317));
#9810 = CARTESIAN_POINT('',(655.53802369754,-69.72610504774,
    -94.66534197971));
#9811 = CARTESIAN_POINT('',(655.52493264744,-70.33399693155,
    -94.53509399082));
#9812 = CARTESIAN_POINT('',(655.52381192963,-70.93806132338,
    -94.38842382671));
#9813 = CARTESIAN_POINT('',(655.54118510968,-72.13386927134,
    -94.06402067702));
#9814 = CARTESIAN_POINT('',(655.55956591005,-72.72563660422,
    -93.88647617262));
#9815 = CARTESIAN_POINT('',(655.5855536133,-73.31233823011,
    -93.69355593866));
#9816 = CARTESIAN_POINT('',(655.61733250165,-73.89350660215,
    -93.48571374807));
#9817 = CARTESIAN_POINT('',(655.68939635722,-75.0444799583,
    -93.04084756925));
#9818 = CARTESIAN_POINT('',(655.72968532144,-75.61426281849,
    -92.80381127815));
#9819 = CARTESIAN_POINT('',(655.77266608664,-76.17782405195,
    -92.55264822527));
#9820 = CARTESIAN_POINT('',(655.81703933327,-76.73486831225,
    -92.28775322606));
#9821 = CARTESIAN_POINT('',(655.90726918416,-77.84638486089,
    -91.72566812298));
#9822 = CARTESIAN_POINT('',(655.95313710573,-78.40057716284,
    -91.42794265718));
#9823 = CARTESIAN_POINT('',(655.99814962917,-78.94743406079,
    -91.11669628814));
#9824 = CARTESIAN_POINT('',(656.04135893204,-79.48666942748,
    -90.79230293155));
#9825 = CARTESIAN_POINT('',(656.08199551106,-80.01799295264,
    -90.45512246253));
#9826 = PCURVE('',#3644,#9827);
#9827 = DEFINITIONAL_REPRESENTATION('',(#9828),#9855);
#9828 = B_SPLINE_CURVE_WITH_KNOTS('',5,(#9829,#9830,#9831,#9832,#9833,
    #9834,#9835,#9836,#9837,#9838,#9839,#9840,#9841,#9842,#9843,#9844,
    #9845,#9846,#9847,#9848,#9849,#9850,#9851,#9852,#9853,#9854),
  .UNSPECIFIED.,.F.,.F.,(6,4,4,4,4,4,6),(0.,0.149111440501,
    0.293180461737,0.469706504157,0.645230009079,0.820862938978,1.),
  .UNSPECIFIED.);
#9829 = CARTESIAN_POINT('',(6.28318530718,3.283792955027E-02));
#9830 = CARTESIAN_POINT('',(6.26785212549,3.199932721525E-02));
#9831 = CARTESIAN_POINT('',(6.252256592931,3.126065974896E-02));
#9832 = CARTESIAN_POINT('',(6.236446489607,3.061886206457E-02));
#9833 = CARTESIAN_POINT('',(6.220465528526,3.006771970604E-02));
#9834 = CARTESIAN_POINT('',(6.188780607854,2.914813147369E-02));
#9835 = CARTESIAN_POINT('',(6.17308532636,2.877413238379E-02));
#9836 = CARTESIAN_POINT('',(6.157297128385,2.84714489855E-02));
#9837 = CARTESIAN_POINT('',(6.141441295259,2.823266894333E-02));
#9838 = CARTESIAN_POINT('',(6.106046296711,2.782775601759E-02));
#9839 = CARTESIAN_POINT('',(6.086482795153,2.769011848774E-02));
#9840 = CARTESIAN_POINT('',(6.066876654643,2.762466323724E-02));
#9841 = CARTESIAN_POINT('',(6.047248230466,2.761905964816E-02));
#9842 = CARTESIAN_POINT('',(6.008077498991,2.770592554844E-02));
#9843 = CARTESIAN_POINT('',(5.988536206245,2.779782955025E-02));
#9844 = CARTESIAN_POINT('',(5.968992997107,2.792776806654E-02));
#9845 = CARTESIAN_POINT('',(5.949452999971,2.808666250827E-02));
#9846 = CARTESIAN_POINT('',(5.910368558516,2.844698178614E-02));
#9847 = CARTESIAN_POINT('',(5.890824619993,2.864842660725E-02));
#9848 = CARTESIAN_POINT('',(5.871286051095,2.886333043325E-02));
#9849 = CARTESIAN_POINT('',(5.851752654321,2.908519666639E-02));
#9850 = CARTESIAN_POINT('',(5.812303506023,2.953634592083E-02));
#9851 = CARTESIAN_POINT('',(5.792388146551,2.976568552865E-02));
#9852 = CARTESIAN_POINT('',(5.772475422154,2.999074814588E-02));
#9853 = CARTESIAN_POINT('',(5.752564132252,3.020679466021E-02));
#9854 = CARTESIAN_POINT('',(5.732653088269,3.040997755533E-02));
#9855 = ( GEOMETRIC_REPRESENTATION_CONTEXT(2) 
PARAMETRIC_REPRESENTATION_CONTEXT() REPRESENTATION_CONTEXT('2D SPACE',''
  ) );
#9856 = PCURVE('',#7858,#9857);
#9857 = DEFINITIONAL_REPRESENTATION('',(#9858),#9885);
#9858 = B_SPLINE_CURVE_WITH_KNOTS('',5,(#9859,#9860,#9861,#9862,#9863,
    #9864,#9865,#9866,#9867,#9868,#9869,#9870,#9871,#9872,#9873,#9874,
    #9875,#9876,#9877,#9878,#9879,#9880,#9881,#9882,#9883,#9884),
  .UNSPECIFIED.,.F.,.F.,(6,4,4,4,4,4,6),(0.,0.149111440501,
    0.293180461737,0.469706504157,0.645230009079,0.820862938978,1.),
  .UNSPECIFIED.);
#9859 = CARTESIAN_POINT('',(2.547000732014,0.21510344653));
#9860 = CARTESIAN_POINT('',(2.525535043921,0.214116855548));
#9861 = CARTESIAN_POINT('',(2.503905583549,0.213247834998));
#9862 = CARTESIAN_POINT('',(2.482179826846,0.2124927789));
#9863 = CARTESIAN_POINT('',(2.460414330968,0.211844376125));
#9864 = CARTESIAN_POINT('',(2.417628489954,0.210762507616));
#9865 = CARTESIAN_POINT('',(2.396607530685,0.210322508687));
#9866 = CARTESIAN_POINT('',(2.375629416717,0.209966410571));
#9867 = CARTESIAN_POINT('',(2.354720958901,0.209685492875));
#9868 = CARTESIAN_POINT('',(2.308384415963,0.209209124727));
#9869 = CARTESIAN_POINT('',(2.283000257209,0.209047198221));
#9870 = CARTESIAN_POINT('',(2.257774173447,0.208970192044));
#9871 = CARTESIAN_POINT('',(2.232718159578,0.208963599586));
#9872 = CARTESIAN_POINT('',(2.18308504481,0.209065794763));
#9873 = CARTESIAN_POINT('',(2.158507128578,0.209173917118));
#9874 = CARTESIAN_POINT('',(2.134096320254,0.209326785961));
#9875 = CARTESIAN_POINT('',(2.109846108317,0.209513720598));
#9876 = CARTESIAN_POINT('',(2.061628994361,0.209937625631));
#9877 = CARTESIAN_POINT('',(2.037662893902,0.210174619538));
#9878 = CARTESIAN_POINT('',(2.013835711976,0.210427447569));
#9879 = CARTESIAN_POINT('',(1.990135467221,0.210688466666));
#9880 = CARTESIAN_POINT('',(1.94249191015,0.211219230494));
#9881 = CARTESIAN_POINT('',(1.918553477047,0.211489041803));
#9882 = CARTESIAN_POINT('',(1.894719960924,0.211753821341));
#9883 = CARTESIAN_POINT('',(1.870978299005,0.212007993724));
#9884 = CARTESIAN_POINT('',(1.847315659684,0.212247032415));
#9885 = ( GEOMETRIC_REPRESENTATION_CONTEXT(2) 
PARAMETRIC_REPRESENTATION_CONTEXT() REPRESENTATION_CONTEXT('2D SPACE',''
  ) );
#9886 = ADVANCED_FACE('',(#9887),#3837,.F.);
#9887 = FACE_BOUND('',#9888,.F.);
#9888 = EDGE_LOOP('',(#9889,#9944,#9964,#9965));
#9889 = ORIENTED_EDGE('',*,*,#9890,.T.);
#9890 = EDGE_CURVE('',#9891,#9891,#9893,.T.);
#9891 = VERTEX_POINT('',#9892);
#9892 = CARTESIAN_POINT('',(535.,-46.66904755831,74.953318805774));
#9893 = SURFACE_CURVE('',#9894,(#9899,#9906),.PCURVE_S1.);
#9894 = ELLIPSE('',#9895,20.,17.);
#9895 = AXIS2_PLACEMENT_3D('',#9896,#9897,#9898);
#9896 = CARTESIAN_POINT('',(535.,-60.81118318204,60.811183182043));
#9897 = DIRECTION('',(1.,-7.850462293419E-17,7.850462293419E-17));
#9898 = DIRECTION('',(1.232595164408E-32,0.707106781187,0.707106781187)
  );
#9899 = PCURVE('',#3837,#9900);
#9900 = DEFINITIONAL_REPRESENTATION('',(#9901),#9905);
#9901 = LINE('',#9902,#9903);
#9902 = CARTESIAN_POINT('',(0.,0.));
#9903 = VECTOR('',#9904,1.);
#9904 = DIRECTION('',(1.,0.));
#9905 = ( GEOMETRIC_REPRESENTATION_CONTEXT(2) 
PARAMETRIC_REPRESENTATION_CONTEXT() REPRESENTATION_CONTEXT('2D SPACE',''
  ) );
#9906 = PCURVE('',#9907,#9938);
#9907 = B_SPLINE_SURFACE_WITH_KNOTS('',14,1,(
    (#9908,#9909)
    ,(#9910,#9911)
    ,(#9912,#9913)
    ,(#9914,#9915)
    ,(#9916,#9917)
    ,(#9918,#9919)
    ,(#9920,#9921)
    ,(#9922,#9923)
    ,(#9924,#9925)
    ,(#9926,#9927)
    ,(#9928,#9929)
    ,(#9930,#9931)
    ,(#9932,#9933)
    ,(#9934,#9935)
    ,(#9936,#9937
    )),.UNSPECIFIED.,.T.,.F.,.F.,(15,15),(2,2),(0.,6.28318530718),(0.,1.
    ),.PIECEWISE_BEZIER_KNOTS.);
#9908 = CARTESIAN_POINT('',(350.,-36.7695526217,62.225396744416));
#9909 = CARTESIAN_POINT('',(535.,-46.66904755831,74.953318805774));
#9910 = CARTESIAN_POINT('',(349.99999999993,-39.94304043466,
    65.398884557388));
#9911 = CARTESIAN_POINT('',(535.00000000008,-52.06397684036,
    80.348248087829));
#9912 = CARTESIAN_POINT('',(350.00000000031,-45.87739850242,
    65.811504458433));
#9913 = CARTESIAN_POINT('',(534.99999999966,-60.52654042862,
    82.675547046446));
#9914 = CARTESIAN_POINT('',(349.99999999899,-53.7695126005,
    62.660135164261));
#9915 = CARTESIAN_POINT('',(535.00000000076,-70.69144206338,
    80.569911578597));
#9916 = CARTESIAN_POINT('',(350.00000000237,-61.99061397544,
    55.967491048758));
#9917 = CARTESIAN_POINT('',(534.99999999883,-80.27604489483,
    73.583686087567));
#9918 = CARTESIAN_POINT('',(349.99999999565,-68.37420674602,
    46.869729216312));
#9919 = CARTESIAN_POINT('',(535.00000000118,-86.56975375025,
    62.675889828108));
#9920 = CARTESIAN_POINT('',(350.00000000634,-70.86737516168,
    37.544613653889));
#9921 = CARTESIAN_POINT('',(534.99999999931,-87.32831199553,
    50.303021431653));
#9922 = CARTESIAN_POINT('',(349.99999999251,-68.38352948165,
    30.611419883338));
#9923 = CARTESIAN_POINT('',(534.9999999999,-81.79568851421,
    39.826677849052));
#9924 = CARTESIAN_POINT('',(350.00000000716,-61.45033571324,
    28.127574205445));
#9925 = CARTESIAN_POINT('',(535.00000000071,-71.31934493316,
    34.294054369279));
#9926 = CARTESIAN_POINT('',(349.99999999442,-52.12522014906,
    30.620742619363));
#9927 = CARTESIAN_POINT('',(534.99999999909,-58.94647653546,
    35.052612613323));
#9928 = CARTESIAN_POINT('',(350.00000000348,-43.02745831778,
    37.004335391102));
#9929 = CARTESIAN_POINT('',(535.00000000072,-48.0386802768,
    41.346321469523));
#9930 = CARTESIAN_POINT('',(349.99999999829,-36.33481420166,
    45.225436765422));
#9931 = CARTESIAN_POINT('',(534.99999999959,-41.05245478537,
    50.930924300588));
#9932 = CARTESIAN_POINT('',(350.00000000061,-33.18344490774,
    53.11755086376));
#9933 = CARTESIAN_POINT('',(535.00000000015,-38.94681931767,
    61.095825935492));
#9934 = CARTESIAN_POINT('',(349.99999999986,-33.59606480871,
    59.051908931438));
#9935 = CARTESIAN_POINT('',(534.99999999996,-41.27411827625,
    69.558389523716));
#9936 = CARTESIAN_POINT('',(350.,-36.7695526217,62.225396744416));
#9937 = CARTESIAN_POINT('',(535.,-46.66904755831,74.953318805774));
#9938 = DEFINITIONAL_REPRESENTATION('',(#9939),#9943);
#9939 = LINE('',#9940,#9941);
#9940 = CARTESIAN_POINT('',(0.,1.));
#9941 = VECTOR('',#9942,1.);
#9942 = DIRECTION('',(1.,0.));
#9943 = ( GEOMETRIC_REPRESENTATION_CONTEXT(2) 
PARAMETRIC_REPRESENTATION_CONTEXT() REPRESENTATION_CONTEXT('2D SPACE',''
  ) );
#9944 = ORIENTED_EDGE('',*,*,#9945,.T.);
#9945 = EDGE_CURVE('',#9891,#3801,#9946,.T.);
#9946 = SEAM_CURVE('',#9947,(#9950,#9957),.PCURVE_S1.);
#9947 = B_SPLINE_CURVE_WITH_KNOTS('',1,(#9948,#9949),.UNSPECIFIED.,.F.,
  .F.,(2,2),(0.,1.),.PIECEWISE_BEZIER_KNOTS.);
#9948 = CARTESIAN_POINT('',(535.,-46.66904755831,74.953318805774));
#9949 = CARTESIAN_POINT('',(620.,-53.74011537017,86.267027304759));
#9950 = PCURVE('',#3837,#9951);
#9951 = DEFINITIONAL_REPRESENTATION('',(#9952),#9956);
#9952 = LINE('',#9953,#9954);
#9953 = CARTESIAN_POINT('',(6.28318530718,0.));
#9954 = VECTOR('',#9955,1.);
#9955 = DIRECTION('',(0.,1.));
#9956 = ( GEOMETRIC_REPRESENTATION_CONTEXT(2) 
PARAMETRIC_REPRESENTATION_CONTEXT() REPRESENTATION_CONTEXT('2D SPACE',''
  ) );
#9957 = PCURVE('',#3837,#9958);
#9958 = DEFINITIONAL_REPRESENTATION('',(#9959),#9963);
#9959 = LINE('',#9960,#9961);
#9960 = CARTESIAN_POINT('',(0.,0.));
#9961 = VECTOR('',#9962,1.);
#9962 = DIRECTION('',(0.,1.));
#9963 = ( GEOMETRIC_REPRESENTATION_CONTEXT(2) 
PARAMETRIC_REPRESENTATION_CONTEXT() REPRESENTATION_CONTEXT('2D SPACE',''
  ) );
#9964 = ORIENTED_EDGE('',*,*,#3822,.F.);
#9965 = ORIENTED_EDGE('',*,*,#9945,.F.);
#9966 = ADVANCED_FACE('',(#9967),#4421,.F.);
#9967 = FACE_BOUND('',#9968,.F.);
#9968 = EDGE_LOOP('',(#9969,#10024,#10044,#10045));
#9969 = ORIENTED_EDGE('',*,*,#9970,.T.);
#9970 = EDGE_CURVE('',#9971,#9971,#9973,.T.);
#9971 = VERTEX_POINT('',#9972);
#9972 = CARTESIAN_POINT('',(535.,74.953318805774,46.669047558312));
#9973 = SURFACE_CURVE('',#9974,(#9979,#9986),.PCURVE_S1.);
#9974 = ELLIPSE('',#9975,20.,17.);
#9975 = AXIS2_PLACEMENT_3D('',#9976,#9977,#9978);
#9976 = CARTESIAN_POINT('',(535.,60.811183182043,60.811183182043));
#9977 = DIRECTION('',(1.,7.850462293419E-17,7.850462293419E-17));
#9978 = DIRECTION('',(1.232595164408E-32,0.707106781187,-0.707106781187)
  );
#9979 = PCURVE('',#4421,#9980);
#9980 = DEFINITIONAL_REPRESENTATION('',(#9981),#9985);
#9981 = LINE('',#9982,#9983);
#9982 = CARTESIAN_POINT('',(0.,0.));
#9983 = VECTOR('',#9984,1.);
#9984 = DIRECTION('',(1.,0.));
#9985 = ( GEOMETRIC_REPRESENTATION_CONTEXT(2) 
PARAMETRIC_REPRESENTATION_CONTEXT() REPRESENTATION_CONTEXT('2D SPACE',''
  ) );
#9986 = PCURVE('',#9987,#10018);
#9987 = B_SPLINE_SURFACE_WITH_KNOTS('',14,1,(
    (#9988,#9989)
    ,(#9990,#9991)
    ,(#9992,#9993)
    ,(#9994,#9995)
    ,(#9996,#9997)
    ,(#9998,#9999)
    ,(#10000,#10001)
    ,(#10002,#10003)
    ,(#10004,#10005)
    ,(#10006,#10007)
    ,(#10008,#10009)
    ,(#10010,#10011)
    ,(#10012,#10013)
    ,(#10014,#10015)
    ,(#10016,#10017
    )),.UNSPECIFIED.,.T.,.F.,.F.,(15,15),(2,2),(0.,6.28318530718),(0.,1.
    ),.PIECEWISE_BEZIER_KNOTS.);
#9988 = CARTESIAN_POINT('',(350.,62.225396744416,36.7695526217));
#9989 = CARTESIAN_POINT('',(535.,74.953318805774,46.669047558312));
#9990 = CARTESIAN_POINT('',(349.99999999993,65.398884557388,
    39.943040434665));
#9991 = CARTESIAN_POINT('',(535.00000000008,80.348248087829,
    52.063976840364));
#9992 = CARTESIAN_POINT('',(350.00000000031,65.811504458433,
    45.877398502421));
#9993 = CARTESIAN_POINT('',(534.99999999966,82.675547046446,
    60.526540428629));
#9994 = CARTESIAN_POINT('',(349.99999999899,62.660135164261,
    53.769512600502));
#9995 = CARTESIAN_POINT('',(535.00000000076,80.569911578597,
    70.691442063382));
#9996 = CARTESIAN_POINT('',(350.00000000237,55.967491048758,
    61.99061397544));
#9997 = CARTESIAN_POINT('',(534.99999999883,73.583686087567,
    80.276044894839));
#9998 = CARTESIAN_POINT('',(349.99999999565,46.869729216312,
    68.374206746021));
#9999 = CARTESIAN_POINT('',(535.00000000118,62.675889828108,
    86.569753750256));
#10000 = CARTESIAN_POINT('',(350.00000000634,37.544613653889,
    70.867375161683));
#10001 = CARTESIAN_POINT('',(534.99999999931,50.303021431653,
    87.328311995535));
#10002 = CARTESIAN_POINT('',(349.99999999251,30.611419883338,
    68.383529481653));
#10003 = CARTESIAN_POINT('',(534.9999999999,39.826677849052,
    81.795688514213));
#10004 = CARTESIAN_POINT('',(350.00000000716,28.127574205445,
    61.450335713241));
#10005 = CARTESIAN_POINT('',(535.00000000071,34.294054369279,
    71.319344933164));
#10006 = CARTESIAN_POINT('',(349.99999999442,30.620742619363,
    52.125220149068));
#10007 = CARTESIAN_POINT('',(534.99999999909,35.052612613323,
    58.946476535466));
#10008 = CARTESIAN_POINT('',(350.00000000348,37.004335391102,
    43.027458317786));
#10009 = CARTESIAN_POINT('',(535.00000000072,41.346321469523,
    48.038680276802));
#10010 = CARTESIAN_POINT('',(349.99999999829,45.225436765422,
    36.334814201661));
#10011 = CARTESIAN_POINT('',(534.99999999959,50.930924300588,
    41.05245478537));
#10012 = CARTESIAN_POINT('',(350.00000000061,53.11755086376,
    33.183444907748));
#10013 = CARTESIAN_POINT('',(535.00000000015,61.095825935492,
    38.946819317677));
#10014 = CARTESIAN_POINT('',(349.99999999986,59.051908931438,
    33.596064808715));
#10015 = CARTESIAN_POINT('',(534.99999999996,69.558389523716,
    41.27411827625));
#10016 = CARTESIAN_POINT('',(350.,62.225396744416,36.7695526217));
#10017 = CARTESIAN_POINT('',(535.,74.953318805774,46.669047558312));
#10018 = DEFINITIONAL_REPRESENTATION('',(#10019),#10023);
#10019 = LINE('',#10020,#10021);
#10020 = CARTESIAN_POINT('',(0.,1.));
#10021 = VECTOR('',#10022,1.);
#10022 = DIRECTION('',(1.,0.));
#10023 = ( GEOMETRIC_REPRESENTATION_CONTEXT(2) 
PARAMETRIC_REPRESENTATION_CONTEXT() REPRESENTATION_CONTEXT('2D SPACE',''
  ) );
#10024 = ORIENTED_EDGE('',*,*,#10025,.T.);
#10025 = EDGE_CURVE('',#9971,#4383,#10026,.T.);
#10026 = SEAM_CURVE('',#10027,(#10030,#10037),.PCURVE_S1.);
#10027 = B_SPLINE_CURVE_WITH_KNOTS('',1,(#10028,#10029),.UNSPECIFIED.,
  .F.,.F.,(2,2),(0.,1.),.PIECEWISE_BEZIER_KNOTS.);
#10028 = CARTESIAN_POINT('',(535.,74.953318805774,46.669047558312));
#10029 = CARTESIAN_POINT('',(620.,86.267027304759,53.740115370178));
#10030 = PCURVE('',#4421,#10031);
#10031 = DEFINITIONAL_REPRESENTATION('',(#10032),#10036);
#10032 = LINE('',#10033,#10034);
#10033 = CARTESIAN_POINT('',(6.28318530718,0.));
#10034 = VECTOR('',#10035,1.);
#10035 = DIRECTION('',(0.,1.));
#10036 = ( GEOMETRIC_REPRESENTATION_CONTEXT(2) 
PARAMETRIC_REPRESENTATION_CONTEXT() REPRESENTATION_CONTEXT('2D SPACE',''
  ) );
#10037 = PCURVE('',#4421,#10038);
#10038 = DEFINITIONAL_REPRESENTATION('',(#10039),#10043);
#10039 = LINE('',#10040,#10041);
#10040 = CARTESIAN_POINT('',(0.,0.));
#10041 = VECTOR('',#10042,1.);
#10042 = DIRECTION('',(0.,1.));
#10043 = ( GEOMETRIC_REPRESENTATION_CONTEXT(2) 
PARAMETRIC_REPRESENTATION_CONTEXT() REPRESENTATION_CONTEXT('2D SPACE',''
  ) );
#10044 = ORIENTED_EDGE('',*,*,#4406,.F.);
#10045 = ORIENTED_EDGE('',*,*,#10025,.F.);
#10046 = ADVANCED_FACE('',(#10047),#5512,.T.);
#10047 = FACE_BOUND('',#10048,.T.);
#10048 = EDGE_LOOP('',(#10049,#10050,#10051));
#10049 = ORIENTED_EDGE('',*,*,#5418,.T.);
#10050 = ORIENTED_EDGE('',*,*,#5690,.T.);
#10051 = ORIENTED_EDGE('',*,*,#5807,.F.);
#10052 = ADVANCED_FACE('',(#10053),#5357,.T.);
#10053 = FACE_BOUND('',#10054,.T.);
#10054 = EDGE_LOOP('',(#10055,#10075,#10076));
#10055 = ORIENTED_EDGE('',*,*,#10056,.F.);
#10056 = EDGE_CURVE('',#5139,#5764,#10057,.T.);
#10057 = SURFACE_CURVE('',#10058,(#10061,#10068),.PCURVE_S1.);
#10058 = B_SPLINE_CURVE_WITH_KNOTS('',1,(#10059,#10060),.UNSPECIFIED.,
  .F.,.F.,(2,2),(0.,1.),.PIECEWISE_BEZIER_KNOTS.);
#10059 = CARTESIAN_POINT('',(650.,91.271878948557,80.740508305749));
#10060 = CARTESIAN_POINT('',(850.,64.41370437297,56.98135387082));
#10061 = PCURVE('',#5357,#10062);
#10062 = DEFINITIONAL_REPRESENTATION('',(#10063),#10067);
#10063 = LINE('',#10064,#10065);
#10064 = CARTESIAN_POINT('',(2.121328545706,0.));
#10065 = VECTOR('',#10066,1.);
#10066 = DIRECTION('',(0.,1.));
#10067 = ( GEOMETRIC_REPRESENTATION_CONTEXT(2) 
PARAMETRIC_REPRESENTATION_CONTEXT() REPRESENTATION_CONTEXT('2D SPACE',''
  ) );
#10068 = PCURVE('',#5212,#10069);
#10069 = DEFINITIONAL_REPRESENTATION('',(#10070),#10074);
#10070 = LINE('',#10071,#10072);
#10071 = CARTESIAN_POINT('',(2.121328545706,0.));
#10072 = VECTOR('',#10073,1.);
#10073 = DIRECTION('',(0.,1.));
#10074 = ( GEOMETRIC_REPRESENTATION_CONTEXT(2) 
PARAMETRIC_REPRESENTATION_CONTEXT() REPRESENTATION_CONTEXT('2D SPACE',''
  ) );
#10075 = ORIENTED_EDGE('',*,*,#5263,.T.);
#10076 = ORIENTED_EDGE('',*,*,#5786,.F.);
#10077 = ADVANCED_FACE('',(#10078),#5212,.T.);
#10078 = FACE_BOUND('',#10079,.T.);
#10079 = EDGE_LOOP('',(#10080,#10081,#10082,#10083));
#10080 = ORIENTED_EDGE('',*,*,#7021,.F.);
#10081 = ORIENTED_EDGE('',*,*,#5138,.T.);
#10082 = ORIENTED_EDGE('',*,*,#10056,.T.);
#10083 = ORIENTED_EDGE('',*,*,#5763,.F.);
#10084 = ADVANCED_FACE('',(#10085),#6369,.T.);
#10085 = FACE_BOUND('',#10086,.T.);
#10086 = EDGE_LOOP('',(#10087,#10109,#10223,#10224));
#10087 = ORIENTED_EDGE('',*,*,#10088,.F.);
#10088 = EDGE_CURVE('',#10089,#6317,#10091,.T.);
#10089 = VERTEX_POINT('',#10090);
#10090 = CARTESIAN_POINT('',(848.0457455035,64.676142913282,
    -57.21351104485));
#10091 = SURFACE_CURVE('',#10092,(#10095,#10102),.PCURVE_S1.);
#10092 = B_SPLINE_CURVE_WITH_KNOTS('',1,(#10093,#10094),.UNSPECIFIED.,
  .F.,.F.,(2,2),(0.,1.),.PIECEWISE_BEZIER_KNOTS.);
#10093 = CARTESIAN_POINT('',(650.,91.271878947107,-80.74050830811));
#10094 = CARTESIAN_POINT('',(850.,64.413704371117,-56.98135387291));
#10095 = PCURVE('',#6369,#10096);
#10096 = DEFINITIONAL_REPRESENTATION('',(#10097),#10101);
#10097 = LINE('',#10098,#10099);
#10098 = CARTESIAN_POINT('',(1.020264107797,0.));
#10099 = VECTOR('',#10100,1.);
#10100 = DIRECTION('',(0.,1.));
#10101 = ( GEOMETRIC_REPRESENTATION_CONTEXT(2) 
PARAMETRIC_REPRESENTATION_CONTEXT() REPRESENTATION_CONTEXT('2D SPACE',''
  ) );
#10102 = PCURVE('',#6333,#10103);
#10103 = DEFINITIONAL_REPRESENTATION('',(#10104),#10108);
#10104 = LINE('',#10105,#10106);
#10105 = CARTESIAN_POINT('',(1.020264107797,0.));
#10106 = VECTOR('',#10107,1.);
#10107 = DIRECTION('',(0.,1.));
#10108 = ( GEOMETRIC_REPRESENTATION_CONTEXT(2) 
PARAMETRIC_REPRESENTATION_CONTEXT() REPRESENTATION_CONTEXT('2D SPACE',''
  ) );
#10109 = ORIENTED_EDGE('',*,*,#10110,.T.);
#10110 = EDGE_CURVE('',#10089,#7043,#10111,.T.);
#10111 = SURFACE_CURVE('',#10112,(#10147,#10185),.PCURVE_S1.);
#10112 = B_SPLINE_CURVE_WITH_KNOTS('',5,(#10113,#10114,#10115,#10116,
    #10117,#10118,#10119,#10120,#10121,#10122,#10123,#10124,#10125,
    #10126,#10127,#10128,#10129,#10130,#10131,#10132,#10133,#10134,
    #10135,#10136,#10137,#10138,#10139,#10140,#10141,#10142,#10143,
    #10144,#10145,#10146),.UNSPECIFIED.,.F.,.F.,(6,4,4,4,4,4,4,4,6),(0.,
    6.570238845949E-02,0.137239014755,0.215391525495,0.30045965658,
    0.451548979678,0.618673691756,0.801301502553,1.),.UNSPECIFIED.);
#10113 = CARTESIAN_POINT('',(848.0457455035,64.676142913281,
    -57.21351104485));
#10114 = CARTESIAN_POINT('',(847.86698436504,64.856582984501,
    -57.05700542941));
#10115 = CARTESIAN_POINT('',(847.68152487558,65.03383027878,
    -56.90445747774));
#10116 = CARTESIAN_POINT('',(847.49009727105,65.207944437251,
    -56.75568390951));
#10117 = CARTESIAN_POINT('',(847.29332949632,65.37901664915,
    -56.61048441329));
#10118 = CARTESIAN_POINT('',(846.87226450828,65.730254117108,
    -56.31420375878));
#10119 = CARTESIAN_POINT('',(846.6470787058,65.909872761238,
    -56.16374983993));
#10120 = CARTESIAN_POINT('',(846.41686539979,66.086180827392,
    -56.01700298727));
#10121 = CARTESIAN_POINT('',(846.18218924161,66.259339993346,
    -55.8736963566));
#10122 = CARTESIAN_POINT('',(845.68274422096,66.615435132539,
    -55.58049119143));
#10123 = CARTESIAN_POINT('',(845.41720652448,66.79779112686,
    -55.43121094375));
#10124 = CARTESIAN_POINT('',(845.1474825063,66.976802449609,
    -55.28540073642));
#10125 = CARTESIAN_POINT('',(844.87405756001,67.152671334403,
    -55.14275953146));
#10126 = CARTESIAN_POINT('',(844.29607529384,67.513802170124,
    -54.85090847445));
#10127 = CARTESIAN_POINT('',(843.99091040988,67.698515914776,
    -54.70223577675));
#10128 = CARTESIAN_POINT('',(843.6823109649,67.879971420393,
    -54.55664815945));
#10129 = CARTESIAN_POINT('',(843.37066976933,68.058377521859,
    -54.41384768495));
#10130 = CARTESIAN_POINT('',(842.49793665492,68.545710253624,
    -54.0244247209));
#10131 = CARTESIAN_POINT('',(841.9309808311,68.848462981636,
    -53.78324788987));
#10132 = CARTESIAN_POINT('',(841.357134814,69.14324777886,
    -53.54855905311));
#10133 = CARTESIAN_POINT('',(840.7775359401,69.430804306533,
    -53.31931872292));
#10134 = CARTESIAN_POINT('',(839.54631739938,70.022493108505,
    -52.84624194236));
#10135 = CARTESIAN_POINT('',(838.89360840447,70.325132746999,
    -52.60344882614));
#10136 = CARTESIAN_POINT('',(838.23587296403,70.620460915998,
    -52.36522126036));
#10137 = CARTESIAN_POINT('',(837.573787209,70.908986674715,
    -52.13085577561));
#10138 = CARTESIAN_POINT('',(836.18004210614,71.499382951231,
    -51.64739922359));
#10139 = CARTESIAN_POINT('',(835.447638736,71.800002828293,
    -51.39896367557));
#10140 = CARTESIAN_POINT('',(834.71119175342,72.093455254861,
    -51.15388297223));
#10141 = CARTESIAN_POINT('',(833.97106618102,72.380021613776,
    -50.91181844173));
#10142 = CARTESIAN_POINT('',(832.41850553867,72.964414724025,
    -50.41230338005));
#10143 = CARTESIAN_POINT('',(831.60544466339,73.261010732773,
    -50.15537563563));
#10144 = CARTESIAN_POINT('',(830.78862887214,73.54994393581,
    -49.90157552441));
#10145 = CARTESIAN_POINT('',(829.96823243647,73.831333589307,
    -49.65091256624));
#10146 = CARTESIAN_POINT('',(829.14436798988,74.105266733163,
    -49.40351115706));
#10147 = PCURVE('',#6369,#10148);
#10148 = DEFINITIONAL_REPRESENTATION('',(#10149),#10184);
#10149 = B_SPLINE_CURVE_WITH_KNOTS('',5,(#10150,#10151,#10152,#10153,
    #10154,#10155,#10156,#10157,#10158,#10159,#10160,#10161,#10162,
    #10163,#10164,#10165,#10166,#10167,#10168,#10169,#10170,#10171,
    #10172,#10173,#10174,#10175,#10176,#10177,#10178,#10179,#10180,
    #10181,#10182,#10183),.UNSPECIFIED.,.F.,.F.,(6,4,4,4,4,4,4,4,6),(0.,
    6.570238845949E-02,0.137239014755,0.215391525495,0.30045965658,
    0.451548979678,0.618673691756,0.801301502553,1.),.UNSPECIFIED.);
#10150 = CARTESIAN_POINT('',(1.020264107797,0.990228727518));
#10151 = CARTESIAN_POINT('',(1.031336969453,0.989334921825));
#10152 = CARTESIAN_POINT('',(1.042160812853,0.988407624378));
#10153 = CARTESIAN_POINT('',(1.052743934182,0.987450486355));
#10154 = CARTESIAN_POINT('',(1.063096348771,0.986466647482));
#10155 = CARTESIAN_POINT('',(1.084263048272,0.984361322541));
#10156 = CARTESIAN_POINT('',(1.095036377468,0.983235393529));
#10157 = CARTESIAN_POINT('',(1.105564689034,0.982084326999));
#10158 = CARTESIAN_POINT('',(1.115862807216,0.980910946208));
#10159 = CARTESIAN_POINT('',(1.136960592085,0.978413721105));
#10160 = CARTESIAN_POINT('',(1.147718376263,0.977086032622));
#10161 = CARTESIAN_POINT('',(1.158237823008,0.975737412532));
#10162 = CARTESIAN_POINT('',(1.1685364342,0.9743702878));
#10163 = CARTESIAN_POINT('',(1.189617190306,0.971480376469));
#10164 = CARTESIAN_POINT('',(1.200361355624,0.969954552049));
#10165 = CARTESIAN_POINT('',(1.210883435952,0.968411554825));
#10166 = CARTESIAN_POINT('',(1.221201201959,0.966853348847));
#10167 = CARTESIAN_POINT('',(1.249321315793,0.962489683275));
#10168 = CARTESIAN_POINT('',(1.266717093877,0.959654904156));
#10169 = CARTESIAN_POINT('',(1.283607362036,0.95678567407));
#10170 = CARTESIAN_POINT('',(1.300055663379,0.953887679701));
#10171 = CARTESIAN_POINT('',(1.333875890098,0.947731586997));
#10172 = CARTESIAN_POINT('',(1.35115983496,0.944468042022));
#10173 = CARTESIAN_POINT('',(1.368034044888,0.94117936482));
#10174 = CARTESIAN_POINT('',(1.384543804033,0.937868936045));
#10175 = CARTESIAN_POINT('',(1.418404353174,0.930900210531));
#10176 = CARTESIAN_POINT('',(1.435690759174,0.92723819368));
#10177 = CARTESIAN_POINT('',(1.452627039308,0.923555958767));
#10178 = CARTESIAN_POINT('',(1.469239410957,0.919855330905));
#10179 = CARTESIAN_POINT('',(1.503287080079,0.912092527693));
#10180 = CARTESIAN_POINT('',(1.520666000086,0.908027223317));
#10181 = CARTESIAN_POINT('',(1.537705092166,0.903943144361));
#10182 = CARTESIAN_POINT('',(1.554413941411,0.899841162182));
#10183 = CARTESIAN_POINT('',(1.570796326795,0.895721839949));
#10184 = ( GEOMETRIC_REPRESENTATION_CONTEXT(2) 
PARAMETRIC_REPRESENTATION_CONTEXT() REPRESENTATION_CONTEXT('2D SPACE',''
  ) );
#10185 = PCURVE('',#7188,#10186);
#10186 = DEFINITIONAL_REPRESENTATION('',(#10187),#10222);
#10187 = B_SPLINE_CURVE_WITH_KNOTS('',5,(#10188,#10189,#10190,#10191,
    #10192,#10193,#10194,#10195,#10196,#10197,#10198,#10199,#10200,
    #10201,#10202,#10203,#10204,#10205,#10206,#10207,#10208,#10209,
    #10210,#10211,#10212,#10213,#10214,#10215,#10216,#10217,#10218,
    #10219,#10220,#10221),.UNSPECIFIED.,.F.,.F.,(6,4,4,4,4,4,4,4,6),(0.,
    6.570238845949E-02,0.137239014755,0.215391525495,0.30045965658,
    0.451548979678,0.618673691756,0.801301502553,1.),.UNSPECIFIED.);
#10188 = CARTESIAN_POINT('',(4.585911737911,0.967429091725));
#10189 = CARTESIAN_POINT('',(4.580202235369,0.964449739418));
#10190 = CARTESIAN_POINT('',(4.574608601338,0.961358747926));
#10191 = CARTESIAN_POINT('',(4.569126770758,0.958168287851));
#10192 = CARTESIAN_POINT('',(4.563751881169,0.954888824939));
#10193 = CARTESIAN_POINT('',(4.552736385244,0.947871075138));
#10194 = CARTESIAN_POINT('',(4.547114724967,0.94411797843));
#10195 = CARTESIAN_POINT('',(4.541606097731,0.940281089997));
#10196 = CARTESIAN_POINT('',(4.536203366943,0.936369820694));
#10197 = CARTESIAN_POINT('',(4.525105025932,0.928045737016));
#10198 = CARTESIAN_POINT('',(4.519428627119,0.923620108741));
#10199 = CARTESIAN_POINT('',(4.513861128898,0.919124708438));
#10200 = CARTESIAN_POINT('',(4.508394132294,0.914567626));
#10201 = CARTESIAN_POINT('',(4.49717024276,0.904934588231));
#10202 = CARTESIAN_POINT('',(4.491430569393,0.899848506831));
#10203 = CARTESIAN_POINT('',(4.485791001411,0.894705182748));
#10204 = CARTESIAN_POINT('',(4.48024304897,0.889511162822));
#10205 = CARTESIAN_POINT('',(4.465074585045,0.874965610915));
#10206 = CARTESIAN_POINT('',(4.455635414193,0.865516347185));
#10207 = CARTESIAN_POINT('',(4.446418764144,0.8559522469));
#10208 = CARTESIAN_POINT('',(4.437394570651,0.846292265668));
#10209 = CARTESIAN_POINT('',(4.418742419788,0.825771956656));
#10210 = CARTESIAN_POINT('',(4.409152436782,0.814893473408));
#10211 = CARTESIAN_POINT('',(4.399736217288,0.803931216067));
#10212 = CARTESIAN_POINT('',(4.390473016039,0.792896453483));
#10213 = CARTESIAN_POINT('',(4.371375334436,0.769667368436));
#10214 = CARTESIAN_POINT('',(4.361567757633,0.7574606456));
#10215 = CARTESIAN_POINT('',(4.351905054974,0.745186529224));
#10216 = CARTESIAN_POINT('',(4.342376661554,0.732851103017));
#10217 = CARTESIAN_POINT('',(4.322748742513,0.706975092352));
#10218 = CARTESIAN_POINT('',(4.312672829713,0.693424077587));
#10219 = CARTESIAN_POINT('',(4.302740754221,0.679810481408));
#10220 = CARTESIAN_POINT('',(4.292951453084,0.666137207108));
#10221 = CARTESIAN_POINT('',(4.283306980965,0.652406133235));
#10222 = ( GEOMETRIC_REPRESENTATION_CONTEXT(2) 
PARAMETRIC_REPRESENTATION_CONTEXT() REPRESENTATION_CONTEXT('2D SPACE',''
  ) );
#10223 = ORIENTED_EDGE('',*,*,#7042,.T.);
#10224 = ORIENTED_EDGE('',*,*,#6354,.F.);
#10225 = ADVANCED_FACE('',(#10226),#6333,.T.);
#10226 = FACE_BOUND('',#10227,.T.);
#10227 = EDGE_LOOP('',(#10228,#10291,#10292));
#10228 = ORIENTED_EDGE('',*,*,#10229,.T.);
#10229 = EDGE_CURVE('',#6279,#10089,#10230,.T.);
#10230 = SURFACE_CURVE('',#10231,(#10249,#10270),.PCURVE_S1.);
#10231 = B_SPLINE_CURVE_WITH_KNOTS('',6,(#10232,#10233,#10234,#10235,
    #10236,#10237,#10238,#10239,#10240,#10241,#10242,#10243,#10244,
    #10245,#10246,#10247,#10248),.UNSPECIFIED.,.F.,.F.,(7,5,5,7),(0.,
    0.289609594554,0.592623544299,1.),.UNSPECIFIED.);
#10232 = CARTESIAN_POINT('',(849.99999999995,60.811183290896,
    -60.8111830728));
#10233 = CARTESIAN_POINT('',(850.00000003017,61.006780394965,
    -60.61558596693));
#10234 = CARTESIAN_POINT('',(849.98730775586,61.203274809521,
    -60.42085827154));
#10235 = CARTESIAN_POINT('',(849.96192052656,61.40011701025,
    -60.22754992323));
#10236 = CARTESIAN_POINT('',(849.92404809601,61.596791606689,
    -60.03614447136));
#10237 = CARTESIAN_POINT('',(849.87407631054,61.792817206923,
    -59.84706453473));
#10238 = CARTESIAN_POINT('',(849.748136922,62.191697520821,
    -59.46566314076));
#10239 = CARTESIAN_POINT('',(849.6710664828,62.394467258323,
    -59.27357877058));
#10240 = CARTESIAN_POINT('',(849.58191561185,62.595560136526,
    -59.0848283071));
#10241 = CARTESIAN_POINT('',(849.48141284467,62.794589932923,
    -58.89968584846));
#10242 = CARTESIAN_POINT('',(849.37034748766,62.991267485049,
    -58.71831810377));
#10243 = CARTESIAN_POINT('',(849.08702635747,63.446368007638,
    -58.30215849357));
#10244 = CARTESIAN_POINT('',(848.90687761915,63.702717555866,
    -58.07048895989));
#10245 = CARTESIAN_POINT('',(848.71092805546,63.953983708252,
    -57.84595723931));
#10246 = CARTESIAN_POINT('',(848.50103507874,64.199962720228,
    -57.62847064077));
#10247 = CARTESIAN_POINT('',(848.27885093204,64.440636073033,
    -57.41777853186));
#10248 = CARTESIAN_POINT('',(848.0457455035,64.676142913282,
    -57.21351104485));
#10249 = PCURVE('',#6333,#10250);
#10250 = DEFINITIONAL_REPRESENTATION('',(#10251),#10269);
#10251 = B_SPLINE_CURVE_WITH_KNOTS('',6,(#10252,#10253,#10254,#10255,
    #10256,#10257,#10258,#10259,#10260,#10261,#10262,#10263,#10264,
    #10265,#10266,#10267,#10268),.UNSPECIFIED.,.F.,.F.,(7,5,5,7),(0.,
    0.289609594554,0.592623544299,1.),.UNSPECIFIED.);
#10252 = CARTESIAN_POINT('',(0.785398170395,1.));
#10253 = CARTESIAN_POINT('',(0.797752397895,1.000000000151));
#10254 = CARTESIAN_POINT('',(0.810107508155,0.999936538779));
#10255 = CARTESIAN_POINT('',(0.822427489815,0.999809602633));
#10256 = CARTESIAN_POINT('',(0.834679518874,0.99962024048));
#10257 = CARTESIAN_POINT('',(0.846833879371,0.999370381553));
#10258 = CARTESIAN_POINT('',(0.871450689592,0.99874068461));
#10259 = CARTESIAN_POINT('',(0.883902523757,0.998355332414));
#10260 = CARTESIAN_POINT('',(0.896189861584,0.997909578059));
#10261 = CARTESIAN_POINT('',(0.908290979398,0.997407064223));
#10262 = CARTESIAN_POINT('',(0.920190852337,0.996851737438));
#10263 = CARTESIAN_POINT('',(0.947595189541,0.995435131787));
#10264 = CARTESIAN_POINT('',(0.962928992014,0.994534388096));
#10265 = CARTESIAN_POINT('',(0.977861140888,0.993554640277));
#10266 = CARTESIAN_POINT('',(0.992387859062,0.992505175394));
#10267 = CARTESIAN_POINT('',(1.006516689547,0.99139425466));
#10268 = CARTESIAN_POINT('',(1.020264107797,0.990228727518));
#10269 = ( GEOMETRIC_REPRESENTATION_CONTEXT(2) 
PARAMETRIC_REPRESENTATION_CONTEXT() REPRESENTATION_CONTEXT('2D SPACE',''
  ) );
#10270 = PCURVE('',#7188,#10271);
#10271 = DEFINITIONAL_REPRESENTATION('',(#10272),#10290);
#10272 = B_SPLINE_CURVE_WITH_KNOTS('',6,(#10273,#10274,#10275,#10276,
    #10277,#10278,#10279,#10280,#10281,#10282,#10283,#10284,#10285,
    #10286,#10287,#10288,#10289),.UNSPECIFIED.,.F.,.F.,(7,5,5,7),(0.,
    0.289609594554,0.592623544299,1.),.UNSPECIFIED.);
#10273 = CARTESIAN_POINT('',(4.711671067766,1.));
#10274 = CARTESIAN_POINT('',(4.705097429656,1.000000000501));
#10275 = CARTESIAN_POINT('',(4.698523159473,0.999788462599));
#10276 = CARTESIAN_POINT('',(4.691966217311,0.99936534211));
#10277 = CARTESIAN_POINT('',(4.685442882049,0.998734134933));
#10278 = CARTESIAN_POINT('',(4.678967880399,0.997901271843));
#10279 = CARTESIAN_POINT('',(4.665844312416,0.995802282033));
#10280 = CARTESIAN_POINT('',(4.659200964932,0.994517774713));
#10281 = CARTESIAN_POINT('',(4.652639139584,0.993031926864));
#10282 = CARTESIAN_POINT('',(4.646169575413,0.991356880745));
#10283 = CARTESIAN_POINT('',(4.639799664247,0.989505791461));
#10284 = CARTESIAN_POINT('',(4.625110416439,0.984783772586));
#10285 = CARTESIAN_POINT('',(4.616875572219,0.981781293817));
#10286 = CARTESIAN_POINT('',(4.608839325953,0.978515467261));
#10287 = CARTESIAN_POINT('',(4.601003339145,0.975017251701));
#10288 = CARTESIAN_POINT('',(4.593363659322,0.971314181917));
#10289 = CARTESIAN_POINT('',(4.585911738163,0.967429091855));
#10290 = ( GEOMETRIC_REPRESENTATION_CONTEXT(2) 
PARAMETRIC_REPRESENTATION_CONTEXT() REPRESENTATION_CONTEXT('2D SPACE',''
  ) );
#10291 = ORIENTED_EDGE('',*,*,#10088,.T.);
#10292 = ORIENTED_EDGE('',*,*,#6316,.F.);
#10293 = ADVANCED_FACE('',(#10294),#6295,.T.);
#10294 = FACE_BOUND('',#10295,.T.);
#10295 = EDGE_LOOP('',(#10296,#10318,#10384));
#10296 = ORIENTED_EDGE('',*,*,#10297,.F.);
#10297 = EDGE_CURVE('',#10298,#6241,#10300,.T.);
#10298 = VERTEX_POINT('',#10299);
#10299 = CARTESIAN_POINT('',(848.04574549253,57.213511035165,
    -64.67614292445));
#10300 = SURFACE_CURVE('',#10301,(#10304,#10311),.PCURVE_S1.);
#10301 = B_SPLINE_CURVE_WITH_KNOTS('',1,(#10302,#10303),.UNSPECIFIED.,
  .F.,.F.,(2,2),(0.,1.),.PIECEWISE_BEZIER_KNOTS.);
#10302 = CARTESIAN_POINT('',(650.,80.740508291188,-91.27187895948));
#10303 = CARTESIAN_POINT('',(850.,56.98135386198,-64.41370438079));
#10304 = PCURVE('',#6295,#10305);
#10305 = DEFINITIONAL_REPRESENTATION('',(#10306),#10310);
#10306 = LINE('',#10307,#10308);
#10307 = CARTESIAN_POINT('',(0.550532218566,0.));
#10308 = VECTOR('',#10309,1.);
#10309 = DIRECTION('',(0.,1.));
#10310 = ( GEOMETRIC_REPRESENTATION_CONTEXT(2) 
PARAMETRIC_REPRESENTATION_CONTEXT() REPRESENTATION_CONTEXT('2D SPACE',''
  ) );
#10311 = PCURVE('',#6257,#10312);
#10312 = DEFINITIONAL_REPRESENTATION('',(#10313),#10317);
#10313 = LINE('',#10314,#10315);
#10314 = CARTESIAN_POINT('',(0.550532218566,0.));
#10315 = VECTOR('',#10316,1.);
#10316 = DIRECTION('',(0.,1.));
#10317 = ( GEOMETRIC_REPRESENTATION_CONTEXT(2) 
PARAMETRIC_REPRESENTATION_CONTEXT() REPRESENTATION_CONTEXT('2D SPACE',''
  ) );
#10318 = ORIENTED_EDGE('',*,*,#10319,.T.);
#10319 = EDGE_CURVE('',#10298,#6279,#10320,.T.);
#10320 = SURFACE_CURVE('',#10321,(#10340,#10362),.PCURVE_S1.);
#10321 = B_SPLINE_CURVE_WITH_KNOTS('',5,(#10322,#10323,#10324,#10325,
    #10326,#10327,#10328,#10329,#10330,#10331,#10332,#10333,#10334,
    #10335,#10336,#10337,#10338,#10339),.UNSPECIFIED.,.F.,.F.,(6,4,4,4,6
    ),(0.,0.207212917555,0.400437938432,0.707799155793,1.),
  .UNSPECIFIED.);
#10322 = CARTESIAN_POINT('',(848.04574549253,57.213511035165,
    -64.67614292445));
#10323 = CARTESIAN_POINT('',(848.18802713228,57.338191120446,
    -64.53239513693));
#10324 = CARTESIAN_POINT('',(848.3260772659,57.465368731759,
    -64.38663712743));
#10325 = CARTESIAN_POINT('',(848.45952416584,57.595137345426,
    -64.23883770742));
#10326 = CARTESIAN_POINT('',(848.587954244,57.727566418808,
    -64.08899530716));
#10327 = CARTESIAN_POINT('',(848.82556989636,57.988713931305,
    -63.79553187081));
#10328 = CARTESIAN_POINT('',(848.93546946278,58.117077638521,
    -63.65217539006));
#10329 = CARTESIAN_POINT('',(849.040244685,58.247826780624,
    -63.50709334347));
#10330 = CARTESIAN_POINT('',(849.13949791185,58.380966716038,
    -63.36034355087));
#10331 = CARTESIAN_POINT('',(849.38128346136,58.731992445478,
    -62.97609599586));
#10332 = CARTESIAN_POINT('',(849.51475005542,58.953485646383,
    -62.73619402956));
#10333 = CARTESIAN_POINT('',(849.63160319759,59.1807833814,
    -62.49273202279));
#10334 = CARTESIAN_POINT('',(849.73017561033,59.413461027069,
    -62.24639185788));
#10335 = CARTESIAN_POINT('',(849.88435614224,59.876199891508,
    -61.76225567408));
#10336 = CARTESIAN_POINT('',(849.94185325261,60.105849534404,
    -61.52461073579));
#10337 = CARTESIAN_POINT('',(849.98061963688,60.338879872725,
    -61.2861841699));
#10338 = CARTESIAN_POINT('',(850.00000003223,60.574367916774,
    -61.04799844547));
#10339 = CARTESIAN_POINT('',(849.99999999995,60.811182959513,
    -60.81118340418));
#10340 = PCURVE('',#6295,#10341);
#10341 = DEFINITIONAL_REPRESENTATION('',(#10342),#10361);
#10342 = B_SPLINE_CURVE_WITH_KNOTS('',5,(#10343,#10344,#10345,#10346,
    #10347,#10348,#10349,#10350,#10351,#10352,#10353,#10354,#10355,
    #10356,#10357,#10358,#10359,#10360),.UNSPECIFIED.,.F.,.F.,(6,4,4,4,6
    ),(0.,0.207212917555,0.400437938432,0.707799155793,1.),
  .UNSPECIFIED.);
#10343 = CARTESIAN_POINT('',(0.550532218566,0.990228727463));
#10344 = CARTESIAN_POINT('',(0.558923319278,0.990940135661));
#10345 = CARTESIAN_POINT('',(0.567462729832,0.99163038633));
#10346 = CARTESIAN_POINT('',(0.576154509397,0.992297620829));
#10347 = CARTESIAN_POINT('',(0.585000952904,0.99293977122));
#10348 = CARTESIAN_POINT('',(0.602396565203,0.994127849482));
#10349 = CARTESIAN_POINT('',(0.610925376895,0.994677347314));
#10350 = CARTESIAN_POINT('',(0.619589301415,0.995201223425));
#10351 = CARTESIAN_POINT('',(0.628386588384,0.995697489559));
#10352 = CARTESIAN_POINT('',(0.651511602148,0.996906417307));
#10353 = CARTESIAN_POINT('',(0.666036811448,0.997573750277));
#10354 = CARTESIAN_POINT('',(0.680869596969,0.998158015988));
#10355 = CARTESIAN_POINT('',(0.69597348306,0.998650878052));
#10356 = CARTESIAN_POINT('',(0.725845546418,0.999421780711));
#10357 = CARTESIAN_POINT('',(0.740595186027,0.999709266264));
#10358 = CARTESIAN_POINT('',(0.755481529986,0.999903098184));
#10359 = CARTESIAN_POINT('',(0.770440530839,1.000000000162));
#10360 = CARTESIAN_POINT('',(0.785398149464,1.));
#10361 = ( GEOMETRIC_REPRESENTATION_CONTEXT(2) 
PARAMETRIC_REPRESENTATION_CONTEXT() REPRESENTATION_CONTEXT('2D SPACE',''
  ) );
#10362 = PCURVE('',#7188,#10363);
#10363 = DEFINITIONAL_REPRESENTATION('',(#10364),#10383);
#10364 = B_SPLINE_CURVE_WITH_KNOTS('',5,(#10365,#10366,#10367,#10368,
    #10369,#10370,#10371,#10372,#10373,#10374,#10375,#10376,#10377,
    #10378,#10379,#10380,#10381,#10382),.UNSPECIFIED.,.F.,.F.,(6,4,4,4,6
    ),(0.,0.207212917555,0.400437938432,0.707799155793,1.),
  .UNSPECIFIED.);
#10365 = CARTESIAN_POINT('',(4.837380789493,0.967429091542));
#10366 = CARTESIAN_POINT('',(4.832835876148,0.969800452204));
#10367 = CARTESIAN_POINT('',(4.828217836961,0.972101287765));
#10368 = CARTESIAN_POINT('',(4.823524574503,0.974325402764));
#10369 = CARTESIAN_POINT('',(4.81875486897,0.976465904067));
#10370 = CARTESIAN_POINT('',(4.809389053528,0.980426164939));
#10371 = CARTESIAN_POINT('',(4.804803017249,0.98225782438));
#10372 = CARTESIAN_POINT('',(4.800150066721,0.984004078083));
#10373 = CARTESIAN_POINT('',(4.795431015528,0.985658298531));
#10374 = CARTESIAN_POINT('',(4.783039754239,0.989688057689));
#10375 = CARTESIAN_POINT('',(4.775269572852,0.991912500924));
#10376 = CARTESIAN_POINT('',(4.767346650874,0.993860053293));
#10377 = CARTESIAN_POINT('',(4.759288895803,0.995502926839));
#10378 = CARTESIAN_POINT('',(4.743367124603,0.998072602371));
#10379 = CARTESIAN_POINT('',(4.735512277935,0.999030887542));
#10380 = CARTESIAN_POINT('',(4.727589347344,0.999676993951));
#10381 = CARTESIAN_POINT('',(4.719629971683,1.000000000535));
#10382 = CARTESIAN_POINT('',(4.711671078903,1.));
#10383 = ( GEOMETRIC_REPRESENTATION_CONTEXT(2) 
PARAMETRIC_REPRESENTATION_CONTEXT() REPRESENTATION_CONTEXT('2D SPACE',''
  ) );
#10384 = ORIENTED_EDGE('',*,*,#6278,.F.);
#10385 = ADVANCED_FACE('',(#10386),#6257,.T.);
#10386 = FACE_BOUND('',#10387,.T.);
#10387 = EDGE_LOOP('',(#10388,#10389,#10497,#10498));
#10388 = ORIENTED_EDGE('',*,*,#9247,.F.);
#10389 = ORIENTED_EDGE('',*,*,#10390,.T.);
#10390 = EDGE_CURVE('',#9120,#10298,#10391,.T.);
#10391 = SURFACE_CURVE('',#10392,(#10425,#10461),.PCURVE_S1.);
#10392 = B_SPLINE_CURVE_WITH_KNOTS('',6,(#10393,#10394,#10395,#10396,
    #10397,#10398,#10399,#10400,#10401,#10402,#10403,#10404,#10405,
    #10406,#10407,#10408,#10409,#10410,#10411,#10412,#10413,#10414,
    #10415,#10416,#10417,#10418,#10419,#10420,#10421,#10422,#10423,
    #10424),.UNSPECIFIED.,.F.,.F.,(7,5,5,5,5,5,7),(0.,0.202787177649,
    0.388358744805,0.558186937586,0.710855536912,0.864410281226,1.),
  .UNSPECIFIED.);
#10393 = CARTESIAN_POINT('',(829.14436798179,49.403511154124,
    -74.10526673673));
#10394 = CARTESIAN_POINT('',(829.84505471759,49.613923066641,
    -73.87228990549));
#10395 = CARTESIAN_POINT('',(830.54333321051,49.826599725839,
    -73.63413536242));
#10396 = CARTESIAN_POINT('',(831.23914367061,50.04147513635,
    -73.39075672355));
#10397 = CARTESIAN_POINT('',(831.9324040149,50.258524672187,
    -73.14209611839));
#10398 = CARTESIAN_POINT('',(832.62299610384,50.477787846822,
    -72.88806548969));
#10399 = CARTESIAN_POINT('',(833.94012071612,50.90218150542,
    -72.39102355969));
#10400 = CARTESIAN_POINT('',(834.56711054351,51.106930079631,
    -72.14890925326));
#10401 = CARTESIAN_POINT('',(835.19159330912,51.313737359707,
    -71.90207648487));
#10402 = CARTESIAN_POINT('',(835.81339532267,51.522759549475,
    -71.65038820837));
#10403 = CARTESIAN_POINT('',(836.4322775242,51.734237769103,
    -71.39365394332));
#10404 = CARTESIAN_POINT('',(837.6113245737,52.144637396176,
    -70.89178712827));
#10405 = CARTESIAN_POINT('',(838.17200852183,52.343098946124,
    -70.64752181704));
#10406 = CARTESIAN_POINT('',(838.72972185301,52.544190101928,
    -70.39859706968));
#10407 = CARTESIAN_POINT('',(839.28413645434,52.748258826889,
    -70.14475797705));
#10408 = CARTESIAN_POINT('',(839.8348131141,52.955760733439,
    -69.88567426644));
#10409 = CARTESIAN_POINT('',(840.87232772614,53.357459565115,
    -69.38289357625));
#10410 = CARTESIAN_POINT('',(841.35997795283,53.550875975518,
    -69.14029497474));
#10411 = CARTESIAN_POINT('',(841.84371028575,53.747991289748,
    -68.8927847975));
#10412 = CARTESIAN_POINT('',(842.322973802,53.949325962501,
    -68.6399895625));
#10413 = CARTESIAN_POINT('',(842.79704377248,54.15551756106,
    -68.38145411604));
#10414 = CARTESIAN_POINT('',(843.73564317394,54.580437377474,
    -67.85022065147));
#10415 = CARTESIAN_POINT('',(844.2000510011,54.799210296663,
    -67.57747589392));
#10416 = CARTESIAN_POINT('',(844.65730248476,55.024512150998,
    -67.29776436178));
#10417 = CARTESIAN_POINT('',(845.10610839491,55.257281839834,
    -67.01043071398));
#10418 = CARTESIAN_POINT('',(845.54476507405,55.498599755472,
    -66.71474902384));
#10419 = CARTESIAN_POINT('',(846.34747461157,55.971569578031,
    -66.14060845911));
#10420 = CARTESIAN_POINT('',(846.71416748471,56.201001353232,
    -65.86424065444));
#10421 = CARTESIAN_POINT('',(847.06966432969,56.43899457074,
    -65.5801100981));
#10422 = CARTESIAN_POINT('',(847.41191460954,56.686476113886,
    -65.28766733836));
#10423 = CARTESIAN_POINT('',(847.73831654337,56.944357016417,
    -64.98645877645));
#10424 = CARTESIAN_POINT('',(848.04574549253,57.213511035165,
    -64.67614292445));
#10425 = PCURVE('',#6257,#10426);
#10426 = DEFINITIONAL_REPRESENTATION('',(#10427),#10460);
#10427 = B_SPLINE_CURVE_WITH_KNOTS('',6,(#10428,#10429,#10430,#10431,
    #10432,#10433,#10434,#10435,#10436,#10437,#10438,#10439,#10440,
    #10441,#10442,#10443,#10444,#10445,#10446,#10447,#10448,#10449,
    #10450,#10451,#10452,#10453,#10454,#10455,#10456,#10457,#10458,
    #10459),.UNSPECIFIED.,.F.,.F.,(7,5,5,5,5,5,7),(0.,0.202787177649,
    0.388358744805,0.558186937586,0.710855536912,0.864410281226,1.),
  .UNSPECIFIED.);
#10428 = CARTESIAN_POINT('',(0.,0.895721839909));
#10429 = CARTESIAN_POINT('',(1.393302103493E-02,0.899225273588));
#10430 = CARTESIAN_POINT('',(2.809273339557E-02,0.902716666053));
#10431 = CARTESIAN_POINT('',(4.248115370267E-02,0.906195718353));
#10432 = CARTESIAN_POINT('',(5.71023870329E-02,0.909662020075));
#10433 = CARTESIAN_POINT('',(7.196395557495E-02,0.913114980519));
#10434 = CARTESIAN_POINT('',(0.10090919394,0.919700603581));
#10435 = CARTESIAN_POINT('',(0.114951696179,0.922835552718));
#10436 = CARTESIAN_POINT('',(0.129215274747,0.925957966546));
#10437 = CARTESIAN_POINT('',(0.14371254499,0.929066976613));
#10438 = CARTESIAN_POINT('',(0.15846088208,0.932161387621));
#10439 = CARTESIAN_POINT('',(0.187233009732,0.938056622869));
#10440 = CARTESIAN_POINT('',(0.201211906536,0.940860042609));
#10441 = CARTESIAN_POINT('',(0.215439613697,0.943648609265));
#10442 = CARTESIAN_POINT('',(0.229938735655,0.946420682272));
#10443 = CARTESIAN_POINT('',(0.244738101979,0.949174065571));
#10444 = CARTESIAN_POINT('',(0.273482671416,0.954361638631));
#10445 = CARTESIAN_POINT('',(0.287362631295,0.956799889764));
#10446 = CARTESIAN_POINT('',(0.301542719148,0.959218551429));
#10447 = CARTESIAN_POINT('',(0.316054872305,0.96161486901));
#10448 = CARTESIAN_POINT('',(0.33093778647,0.963985218862));
#10449 = CARTESIAN_POINT('',(0.361629982036,0.96867821587));
#10450 = CARTESIAN_POINT('',(0.377442603437,0.971000255006));
#10451 = CARTESIAN_POINT('',(0.393727634741,0.973286512424));
#10452 = CARTESIAN_POINT('',(0.410540870907,0.975530541975));
#10453 = CARTESIAN_POINT('',(0.427945380622,0.97772382537));
#10454 = CARTESIAN_POINT('',(0.461973976544,0.981737373058));
#10455 = CARTESIAN_POINT('',(0.478447682453,0.983570837424));
#10456 = CARTESIAN_POINT('',(0.49549134992,0.985348321648));
#10457 = CARTESIAN_POINT('',(0.513156207198,0.987059573048));
#10458 = CARTESIAN_POINT('',(0.531489419227,0.988691582717));
#10459 = CARTESIAN_POINT('',(0.550532218566,0.990228727463));
#10460 = ( GEOMETRIC_REPRESENTATION_CONTEXT(2) 
PARAMETRIC_REPRESENTATION_CONTEXT() REPRESENTATION_CONTEXT('2D SPACE',''
  ) );
#10461 = PCURVE('',#7188,#10462);
#10462 = DEFINITIONAL_REPRESENTATION('',(#10463),#10496);
#10463 = B_SPLINE_CURVE_WITH_KNOTS('',6,(#10464,#10465,#10466,#10467,
    #10468,#10469,#10470,#10471,#10472,#10473,#10474,#10475,#10476,
    #10477,#10478,#10479,#10480,#10481,#10482,#10483,#10484,#10485,
    #10486,#10487,#10488,#10489,#10490,#10491,#10492,#10493,#10494,
    #10495),.UNSPECIFIED.,.F.,.F.,(7,5,5,5,5,5,7),(0.,0.202787177649,
    0.388358744805,0.558186937586,0.710855536912,0.864410281226,1.),
  .UNSPECIFIED.);
#10464 = CARTESIAN_POINT('',(5.139502299616,0.652406133086));
#10465 = CARTESIAN_POINT('',(5.131318401432,0.664084245192));
#10466 = CARTESIAN_POINT('',(5.123033903527,0.675722220241));
#10467 = CARTESIAN_POINT('',(5.114649864605,0.687319061205));
#10468 = CARTESIAN_POINT('',(5.106166223337,0.698873400187));
#10469 = CARTESIAN_POINT('',(5.097581124604,0.710383268424));
#10470 = CARTESIAN_POINT('',(5.080937172879,0.732335345269));
#10471 = CARTESIAN_POINT('',(5.072895573695,0.742785175725));
#10472 = CARTESIAN_POINT('',(5.06476201431,0.753193221819));
#10473 = CARTESIAN_POINT('',(5.056531526309,0.763556588711));
#10474 = CARTESIAN_POINT('',(5.048196722204,0.77387129207));
#10475 = CARTESIAN_POINT('',(5.032013950077,0.793522076228));
#10476 = CARTESIAN_POINT('',(5.024184788069,0.802866808697));
#10477 = CARTESIAN_POINT('',(5.016251031715,0.812162030884));
#10478 = CARTESIAN_POINT('',(5.008202361464,0.821402274239));
#10479 = CARTESIAN_POINT('',(5.000025373412,0.830580218568));
#10480 = CARTESIAN_POINT('',(4.984220417934,0.847872128769));
#10481 = CARTESIAN_POINT('',(4.976620710171,0.855999632547));
#10482 = CARTESIAN_POINT('',(4.968890175442,0.864061838096));
#10483 = CARTESIAN_POINT('',(4.961013689184,0.872049563367));
#10484 = CARTESIAN_POINT('',(4.952972831293,0.879950729541));
#10485 = CARTESIAN_POINT('',(4.936468589276,0.895594052899));
#10486 = CARTESIAN_POINT('',(4.928003850924,0.903334183352));
#10487 = CARTESIAN_POINT('',(4.919326177087,0.910955041413));
#10488 = CARTESIAN_POINT('',(4.910408877192,0.918435139915));
#10489 = CARTESIAN_POINT('',(4.901221792362,0.925746084568));
#10490 = CARTESIAN_POINT('',(4.883345601537,0.939124576806));
#10491 = CARTESIAN_POINT('',(4.874725809624,0.945236124868));
#10492 = CARTESIAN_POINT('',(4.865843044052,0.951161072103));
#10493 = CARTESIAN_POINT('',(4.856672736484,0.956865243364));
#10494 = CARTESIAN_POINT('',(4.847192141307,0.962305275935));
#10495 = CARTESIAN_POINT('',(4.837380789745,0.96742909141));
#10496 = ( GEOMETRIC_REPRESENTATION_CONTEXT(2) 
PARAMETRIC_REPRESENTATION_CONTEXT() REPRESENTATION_CONTEXT('2D SPACE',''
  ) );
#10497 = ORIENTED_EDGE('',*,*,#10297,.T.);
#10498 = ORIENTED_EDGE('',*,*,#6240,.F.);
#10499 = ADVANCED_FACE('',(#10500),#6200,.T.);
#10500 = FACE_BOUND('',#10501,.T.);
#10501 = EDGE_LOOP('',(#10502));
#10502 = ORIENTED_EDGE('',*,*,#6185,.F.);
#10503 = ADVANCED_FACE('',(#10504),#6121,.T.);
#10504 = FACE_BOUND('',#10505,.T.);
#10505 = EDGE_LOOP('',(#10506,#10528,#10642,#10643));
#10506 = ORIENTED_EDGE('',*,*,#10507,.F.);
#10507 = EDGE_CURVE('',#10508,#6067,#10510,.T.);
#10508 = VERTEX_POINT('',#10509);
#10509 = CARTESIAN_POINT('',(848.04574550139,-57.213511043,
    -64.67614291542));
#10510 = SURFACE_CURVE('',#10511,(#10514,#10521),.PCURVE_S1.);
#10511 = B_SPLINE_CURVE_WITH_KNOTS('',1,(#10512,#10513),.UNSPECIFIED.,
  .F.,.F.,(2,2),(0.,1.),.PIECEWISE_BEZIER_KNOTS.);
#10512 = CARTESIAN_POINT('',(650.,-80.74050830574,-91.27187894855));
#10513 = CARTESIAN_POINT('',(850.,-56.98135387081,-64.41370437297));
#10514 = PCURVE('',#6121,#10515);
#10515 = DEFINITIONAL_REPRESENTATION('',(#10516),#10520);
#10516 = LINE('',#10517,#10518);
#10517 = CARTESIAN_POINT('',(5.732653088269,0.));
#10518 = VECTOR('',#10519,1.);
#10519 = DIRECTION('',(0.,1.));
#10520 = ( GEOMETRIC_REPRESENTATION_CONTEXT(2) 
PARAMETRIC_REPRESENTATION_CONTEXT() REPRESENTATION_CONTEXT('2D SPACE',''
  ) );
#10521 = PCURVE('',#6083,#10522);
#10522 = DEFINITIONAL_REPRESENTATION('',(#10523),#10527);
#10523 = LINE('',#10524,#10525);
#10524 = CARTESIAN_POINT('',(5.732653088269,0.));
#10525 = VECTOR('',#10526,1.);
#10526 = DIRECTION('',(0.,1.));
#10527 = ( GEOMETRIC_REPRESENTATION_CONTEXT(2) 
PARAMETRIC_REPRESENTATION_CONTEXT() REPRESENTATION_CONTEXT('2D SPACE',''
  ) );
#10528 = ORIENTED_EDGE('',*,*,#10529,.T.);
#10529 = EDGE_CURVE('',#10508,#9297,#10530,.T.);
#10530 = SURFACE_CURVE('',#10531,(#10566,#10604),.PCURVE_S1.);
#10531 = B_SPLINE_CURVE_WITH_KNOTS('',5,(#10532,#10533,#10534,#10535,
    #10536,#10537,#10538,#10539,#10540,#10541,#10542,#10543,#10544,
    #10545,#10546,#10547,#10548,#10549,#10550,#10551,#10552,#10553,
    #10554,#10555,#10556,#10557,#10558,#10559,#10560,#10561,#10562,
    #10563,#10564,#10565),.UNSPECIFIED.,.F.,.F.,(6,4,4,4,4,4,4,4,6),(0.,
    6.570238846754E-02,0.137239014771,0.215391525517,0.300459656606,
    0.451548979706,0.61867369178,0.801301502567,1.),.UNSPECIFIED.);
#10532 = CARTESIAN_POINT('',(848.04574550139,-57.213511043,
    -64.67614291542));
#10533 = CARTESIAN_POINT('',(847.86698436287,-57.05700542759,
    -64.85658298662));
#10534 = CARTESIAN_POINT('',(847.68152487333,-56.90445747593,
    -65.03383028088));
#10535 = CARTESIAN_POINT('',(847.49009726874,-56.75568390774,
    -65.20794443933));
#10536 = CARTESIAN_POINT('',(847.29332949395,-56.61048441154,
    -65.37901665121));
#10537 = CARTESIAN_POINT('',(846.87226450579,-56.31420375708,
    -65.73025411913));
#10538 = CARTESIAN_POINT('',(846.64707870326,-56.16374983826,
    -65.90987276324));
#10539 = CARTESIAN_POINT('',(846.4168653972,-56.01700298563,
    -66.08618082937));
#10540 = CARTESIAN_POINT('',(846.18218923897,-55.87369635498,
    -66.2593399953));
#10541 = CARTESIAN_POINT('',(845.68274421824,-55.58049118985,
    -66.61543513445));
#10542 = CARTESIAN_POINT('',(845.41720652172,-55.4312109422,
    -66.79779112875));
#10543 = CARTESIAN_POINT('',(845.1474825035,-55.2854007349,
    -66.97680245148));
#10544 = CARTESIAN_POINT('',(844.87405755718,-55.14275952997,
    -67.15267133625));
#10545 = CARTESIAN_POINT('',(844.29607529095,-54.85090847299,
    -67.51380217192));
#10546 = CARTESIAN_POINT('',(843.99091040696,-54.70223577532,
    -67.69851591655));
#10547 = CARTESIAN_POINT('',(843.68231096197,-54.55664815804,
    -67.87997142214));
#10548 = CARTESIAN_POINT('',(843.37066976638,-54.41384768357,
    -68.05837752358));
#10549 = CARTESIAN_POINT('',(842.49793665194,-54.02442471958,
    -68.54571025527));
#10550 = CARTESIAN_POINT('',(841.93098082813,-53.78324788859,
    -68.84846298324));
#10551 = CARTESIAN_POINT('',(841.35713481103,-53.54855905186,
    -69.14324778042));
#10552 = CARTESIAN_POINT('',(840.77753593714,-53.31931872171,
    -69.43080430805));
#10553 = CARTESIAN_POINT('',(839.54631739646,-52.84624194122,
    -70.02249310993));
#10554 = CARTESIAN_POINT('',(838.89360840159,-52.60344882503,
    -70.32513274838));
#10555 = CARTESIAN_POINT('',(838.23587296119,-52.36522125929,
    -70.62046091733));
#10556 = CARTESIAN_POINT('',(837.57378720621,-52.13085577456,
    -70.908986676));
#10557 = CARTESIAN_POINT('',(836.18004210347,-51.64739922261,
    -71.49938295242));
#10558 = CARTESIAN_POINT('',(835.4476387334,-51.39896367463,
    -71.80000282943));
#10559 = CARTESIAN_POINT('',(834.7111917509,-51.15388297133,
    -72.09345525595));
#10560 = CARTESIAN_POINT('',(833.97106617857,-50.91181844086,
    -72.38002161482));
#10561 = CARTESIAN_POINT('',(832.41850553641,-50.41230337926,
    -72.96441472497));
#10562 = CARTESIAN_POINT('',(831.60544466123,-50.15537563488,
    -73.26101073366));
#10563 = CARTESIAN_POINT('',(830.78862887008,-49.9015755237,
    -73.54994393665));
#10564 = CARTESIAN_POINT('',(829.96823243452,-49.65091256557,
    -73.8313335901));
#10565 = CARTESIAN_POINT('',(829.14436798803,-49.40351115643,
    -74.1052667339));
#10566 = PCURVE('',#6121,#10567);
#10567 = DEFINITIONAL_REPRESENTATION('',(#10568),#10603);
#10568 = B_SPLINE_CURVE_WITH_KNOTS('',5,(#10569,#10570,#10571,#10572,
    #10573,#10574,#10575,#10576,#10577,#10578,#10579,#10580,#10581,
    #10582,#10583,#10584,#10585,#10586,#10587,#10588,#10589,#10590,
    #10591,#10592,#10593,#10594,#10595,#10596,#10597,#10598,#10599,
    #10600,#10601,#10602),.UNSPECIFIED.,.F.,.F.,(6,4,4,4,4,4,4,4,6),(0.,
    6.570238846754E-02,0.137239014771,0.215391525517,0.300459656606,
    0.451548979706,0.61867369178,0.801301502567,1.),.UNSPECIFIED.);
#10569 = CARTESIAN_POINT('',(5.732653088269,0.990228727507));
#10570 = CARTESIAN_POINT('',(5.743725949923,0.989334921814));
#10571 = CARTESIAN_POINT('',(5.754549793321,0.988407624367));
#10572 = CARTESIAN_POINT('',(5.765132914648,0.987450486344));
#10573 = CARTESIAN_POINT('',(5.775485329236,0.98646664747));
#10574 = CARTESIAN_POINT('',(5.796652028734,0.984361322529));
#10575 = CARTESIAN_POINT('',(5.807425357928,0.983235393516));
#10576 = CARTESIAN_POINT('',(5.817953669492,0.982084326986));
#10577 = CARTESIAN_POINT('',(5.828251787672,0.980910946195));
#10578 = CARTESIAN_POINT('',(5.849349572538,0.978413721091));
#10579 = CARTESIAN_POINT('',(5.860107356715,0.977086032609));
#10580 = CARTESIAN_POINT('',(5.870626803457,0.975737412518));
#10581 = CARTESIAN_POINT('',(5.880925414648,0.974370287786));
#10582 = CARTESIAN_POINT('',(5.902006170751,0.971480376455));
#10583 = CARTESIAN_POINT('',(5.912750336068,0.969954552035));
#10584 = CARTESIAN_POINT('',(5.923272416394,0.96841155481));
#10585 = CARTESIAN_POINT('',(5.933590182399,0.966853348832));
#10586 = CARTESIAN_POINT('',(5.961710296228,0.96248968326));
#10587 = CARTESIAN_POINT('',(5.97910607431,0.959654904141));
#10588 = CARTESIAN_POINT('',(5.995996342466,0.956785674055));
#10589 = CARTESIAN_POINT('',(6.012444643807,0.953887679686));
#10590 = CARTESIAN_POINT('',(6.04626487052,0.947731586982));
#10591 = CARTESIAN_POINT('',(6.063548815379,0.944468042008));
#10592 = CARTESIAN_POINT('',(6.080423025305,0.941179364806));
#10593 = CARTESIAN_POINT('',(6.096932784447,0.937868936031));
#10594 = CARTESIAN_POINT('',(6.130793333583,0.930900210517));
#10595 = CARTESIAN_POINT('',(6.14807973958,0.927238193667));
#10596 = CARTESIAN_POINT('',(6.165016019712,0.923555958755));
#10597 = CARTESIAN_POINT('',(6.181628391359,0.919855330893));
#10598 = CARTESIAN_POINT('',(6.215676060475,0.912092527682));
#10599 = CARTESIAN_POINT('',(6.233054980479,0.908027223306));
#10600 = CARTESIAN_POINT('',(6.250094072556,0.90394314435));
#10601 = CARTESIAN_POINT('',(6.266802921798,0.899841162173));
#10602 = CARTESIAN_POINT('',(6.28318530718,0.89572183994));
#10603 = ( GEOMETRIC_REPRESENTATION_CONTEXT(2) 
PARAMETRIC_REPRESENTATION_CONTEXT() REPRESENTATION_CONTEXT('2D SPACE',''
  ) );
#10604 = PCURVE('',#8301,#10605);
#10605 = DEFINITIONAL_REPRESENTATION('',(#10606),#10641);
#10606 = B_SPLINE_CURVE_WITH_KNOTS('',5,(#10607,#10608,#10609,#10610,
    #10611,#10612,#10613,#10614,#10615,#10616,#10617,#10618,#10619,
    #10620,#10621,#10622,#10623,#10624,#10625,#10626,#10627,#10628,
    #10629,#10630,#10631,#10632,#10633,#10634,#10635,#10636,#10637,
    #10638,#10639,#10640),.UNSPECIFIED.,.F.,.F.,(6,4,4,4,4,4,4,4,6),(0.,
    6.570238846754E-02,0.137239014771,0.215391525517,0.300459656606,
    0.451548979706,0.61867369178,0.801301502567,1.),.UNSPECIFIED.);
#10607 = CARTESIAN_POINT('',(4.585911737844,0.96742909169));
#10608 = CARTESIAN_POINT('',(4.580202235302,0.964449739382));
#10609 = CARTESIAN_POINT('',(4.574608601272,0.961358747889));
#10610 = CARTESIAN_POINT('',(4.569126770693,0.958168287812));
#10611 = CARTESIAN_POINT('',(4.563751881104,0.954888824899));
#10612 = CARTESIAN_POINT('',(4.55273638518,0.947871075097));
#10613 = CARTESIAN_POINT('',(4.547114724904,0.944117978388));
#10614 = CARTESIAN_POINT('',(4.541606097669,0.940281089953));
#10615 = CARTESIAN_POINT('',(4.536203366882,0.93636982065));
#10616 = CARTESIAN_POINT('',(4.525105025872,0.928045736971));
#10617 = CARTESIAN_POINT('',(4.519428627061,0.923620108695));
#10618 = CARTESIAN_POINT('',(4.513861128839,0.919124708392));
#10619 = CARTESIAN_POINT('',(4.508394132237,0.914567625953));
#10620 = CARTESIAN_POINT('',(4.497170242705,0.904934588183));
#10621 = CARTESIAN_POINT('',(4.491430569338,0.899848506783));
#10622 = CARTESIAN_POINT('',(4.485791001357,0.8947051827));
#10623 = CARTESIAN_POINT('',(4.480243048916,0.889511162773));
#10624 = CARTESIAN_POINT('',(4.465074584993,0.874965610866));
#10625 = CARTESIAN_POINT('',(4.455635414143,0.865516347136));
#10626 = CARTESIAN_POINT('',(4.446418764095,0.855952246851));
#10627 = CARTESIAN_POINT('',(4.437394570604,0.846292265619));
#10628 = CARTESIAN_POINT('',(4.418742419743,0.825771956608));
#10629 = CARTESIAN_POINT('',(4.409152436739,0.81489347336));
#10630 = CARTESIAN_POINT('',(4.399736217246,0.80393121602));
#10631 = CARTESIAN_POINT('',(4.390473015998,0.792896453437));
#10632 = CARTESIAN_POINT('',(4.371375334397,0.769667368391));
#10633 = CARTESIAN_POINT('',(4.361567757596,0.757460645557));
#10634 = CARTESIAN_POINT('',(4.351905054938,0.745186529182));
#10635 = CARTESIAN_POINT('',(4.342376661519,0.732851102976));
#10636 = CARTESIAN_POINT('',(4.322748742482,0.706975092314));
#10637 = CARTESIAN_POINT('',(4.312672829683,0.693424077551));
#10638 = CARTESIAN_POINT('',(4.302740754193,0.679810481374));
#10639 = CARTESIAN_POINT('',(4.292951453057,0.666137207075));
#10640 = CARTESIAN_POINT('',(4.28330698094,0.652406133205));
#10641 = ( GEOMETRIC_REPRESENTATION_CONTEXT(2) 
PARAMETRIC_REPRESENTATION_CONTEXT() REPRESENTATION_CONTEXT('2D SPACE',''
  ) );
#10642 = ORIENTED_EDGE('',*,*,#9296,.T.);
#10643 = ORIENTED_EDGE('',*,*,#6104,.F.);
#10644 = ADVANCED_FACE('',(#10645),#6083,.T.);
#10645 = FACE_BOUND('',#10646,.T.);
#10646 = EDGE_LOOP('',(#10647,#10710,#10711));
#10647 = ORIENTED_EDGE('',*,*,#10648,.T.);
#10648 = EDGE_CURVE('',#6029,#10508,#10649,.T.);
#10649 = SURFACE_CURVE('',#10650,(#10668,#10689),.PCURVE_S1.);
#10650 = B_SPLINE_CURVE_WITH_KNOTS('',6,(#10651,#10652,#10653,#10654,
    #10655,#10656,#10657,#10658,#10659,#10660,#10661,#10662,#10663,
    #10664,#10665,#10666,#10667),.UNSPECIFIED.,.F.,.F.,(7,5,5,7),(0.,
    0.289609615355,0.592623556216,1.),.UNSPECIFIED.);
#10651 = CARTESIAN_POINT('',(849.99999999995,-60.81118318973,
    -60.81118317395));
#10652 = CARTESIAN_POINT('',(850.0000000365,-60.61558606361,
    -61.0067802974));
#10653 = CARTESIAN_POINT('',(849.98730776593,-60.42085834794,
    -61.20327473172));
#10654 = CARTESIAN_POINT('',(849.96192053775,-60.22754997948,
    -61.40011695244));
#10655 = CARTESIAN_POINT('',(849.92404810572,-60.03614450777,
    -61.59679156893));
#10656 = CARTESIAN_POINT('',(849.87407631625,-59.84706455173,
    -61.79281718913));
#10657 = CARTESIAN_POINT('',(849.74813692128,-59.46566313889,
    -62.19169752279));
#10658 = CARTESIAN_POINT('',(849.67106648196,-59.27357876871,
    -62.39446726031));
#10659 = CARTESIAN_POINT('',(849.58191561091,-59.08482830522,
    -62.59556013853));
#10660 = CARTESIAN_POINT('',(849.48141284362,-58.89968584659,
    -62.79458993494));
#10661 = CARTESIAN_POINT('',(849.3703474865,-58.71831810191,
    -62.99126748707));
#10662 = CARTESIAN_POINT('',(849.08702635606,-58.3021584917,
    -63.4463680097));
#10663 = CARTESIAN_POINT('',(848.90687761759,-58.07048895802,
    -63.70271755794));
#10664 = CARTESIAN_POINT('',(848.71092805375,-57.84595723743,
    -63.95398371036));
#10665 = CARTESIAN_POINT('',(848.50103507691,-57.62847063892,
    -64.19996272233));
#10666 = CARTESIAN_POINT('',(848.27885093006,-57.41777852999,
    -64.44063607517));
#10667 = CARTESIAN_POINT('',(848.04574550139,-57.213511043,
    -64.67614291542));
#10668 = PCURVE('',#6083,#10669);
#10669 = DEFINITIONAL_REPRESENTATION('',(#10670),#10688);
#10670 = B_SPLINE_CURVE_WITH_KNOTS('',6,(#10671,#10672,#10673,#10674,
    #10675,#10676,#10677,#10678,#10679,#10680,#10681,#10682,#10683,
    #10684,#10685,#10686,#10687),.UNSPECIFIED.,.F.,.F.,(7,5,5,7),(0.,
    0.289609615355,0.592623556216,1.),.UNSPECIFIED.);
#10671 = CARTESIAN_POINT('',(5.497787143358,1.));
#10672 = CARTESIAN_POINT('',(5.510141372109,1.000000000183));
#10673 = CARTESIAN_POINT('',(5.522496483634,0.999936538829));
#10674 = CARTESIAN_POINT('',(5.534816466562,0.999809602689));
#10675 = CARTESIAN_POINT('',(5.547068496882,0.999620240529));
#10676 = CARTESIAN_POINT('',(5.559222858621,0.999370381581));
#10677 = CARTESIAN_POINT('',(5.583839670061,0.998740684606));
#10678 = CARTESIAN_POINT('',(5.596291504227,0.99835533241));
#10679 = CARTESIAN_POINT('',(5.608578842054,0.997909578055));
#10680 = CARTESIAN_POINT('',(5.620679959868,0.997407064218));
#10681 = CARTESIAN_POINT('',(5.632579832806,0.996851737433));
#10682 = CARTESIAN_POINT('',(5.659984170012,0.99543513178));
#10683 = CARTESIAN_POINT('',(5.675317972484,0.994534388088));
#10684 = CARTESIAN_POINT('',(5.69025012136,0.993554640269));
#10685 = CARTESIAN_POINT('',(5.704776839533,0.992505175385));
#10686 = CARTESIAN_POINT('',(5.718905670019,0.99139425465));
#10687 = CARTESIAN_POINT('',(5.732653088269,0.990228727507));
#10688 = ( GEOMETRIC_REPRESENTATION_CONTEXT(2) 
PARAMETRIC_REPRESENTATION_CONTEXT() REPRESENTATION_CONTEXT('2D SPACE',''
  ) );
#10689 = PCURVE('',#8301,#10690);
#10690 = DEFINITIONAL_REPRESENTATION('',(#10691),#10709);
#10691 = B_SPLINE_CURVE_WITH_KNOTS('',6,(#10692,#10693,#10694,#10695,
    #10696,#10697,#10698,#10699,#10700,#10701,#10702,#10703,#10704,
    #10705,#10706,#10707,#10708),.UNSPECIFIED.,.F.,.F.,(7,5,5,7),(0.,
    0.289609615355,0.592623556216,1.),.UNSPECIFIED.);
#10692 = CARTESIAN_POINT('',(4.711671071696,1.));
#10693 = CARTESIAN_POINT('',(4.70509743292,1.000000000607));
#10694 = CARTESIAN_POINT('',(4.698523162064,0.999788462767));
#10695 = CARTESIAN_POINT('',(4.691966219229,0.999365342296));
#10696 = CARTESIAN_POINT('',(4.685442883295,0.998734135094));
#10697 = CARTESIAN_POINT('',(4.678967880984,0.997901271938));
#10698 = CARTESIAN_POINT('',(4.665844312351,0.995802282021));
#10699 = CARTESIAN_POINT('',(4.659200964867,0.994517774699));
#10700 = CARTESIAN_POINT('',(4.652639139518,0.993031926849));
#10701 = CARTESIAN_POINT('',(4.646169575348,0.991356880727));
#10702 = CARTESIAN_POINT('',(4.639799664181,0.989505791442));
#10703 = CARTESIAN_POINT('',(4.625110416449,0.984783772601));
#10704 = CARTESIAN_POINT('',(4.616875571834,0.981781293627));
#10705 = CARTESIAN_POINT('',(4.608839326525,0.978515467563));
#10706 = CARTESIAN_POINT('',(4.601003338325,0.975017251282));
#10707 = CARTESIAN_POINT('',(4.593363659805,0.971314182168));
#10708 = CARTESIAN_POINT('',(4.585911737844,0.96742909169));
#10709 = ( GEOMETRIC_REPRESENTATION_CONTEXT(2) 
PARAMETRIC_REPRESENTATION_CONTEXT() REPRESENTATION_CONTEXT('2D SPACE',''
  ) );
#10710 = ORIENTED_EDGE('',*,*,#10507,.T.);
#10711 = ORIENTED_EDGE('',*,*,#6066,.F.);
#10712 = ADVANCED_FACE('',(#10713),#6045,.T.);
#10713 = FACE_BOUND('',#10714,.T.);
#10714 = EDGE_LOOP('',(#10715,#10737,#10803));
#10715 = ORIENTED_EDGE('',*,*,#10716,.F.);
#10716 = EDGE_CURVE('',#10717,#5991,#10719,.T.);
#10717 = VERTEX_POINT('',#10718);
#10718 = CARTESIAN_POINT('',(848.04574549438,-64.67614292257,
    -57.21351103679));
#10719 = SURFACE_CURVE('',#10720,(#10723,#10730),.PCURVE_S1.);
#10720 = B_SPLINE_CURVE_WITH_KNOTS('',1,(#10721,#10722),.UNSPECIFIED.,
  .F.,.F.,(2,2),(0.,1.),.PIECEWISE_BEZIER_KNOTS.);
#10721 = CARTESIAN_POINT('',(650.,-91.27187895819,-80.74050829327));
#10722 = CARTESIAN_POINT('',(850.,-64.41370437915,-56.98135386382));
#10723 = PCURVE('',#6045,#10724);
#10724 = DEFINITIONAL_REPRESENTATION('',(#10725),#10729);
#10725 = LINE('',#10726,#10727);
#10726 = CARTESIAN_POINT('',(5.262921199027,0.));
#10727 = VECTOR('',#10728,1.);
#10728 = DIRECTION('',(0.,1.));
#10729 = ( GEOMETRIC_REPRESENTATION_CONTEXT(2) 
PARAMETRIC_REPRESENTATION_CONTEXT() REPRESENTATION_CONTEXT('2D SPACE',''
  ) );
#10730 = PCURVE('',#6007,#10731);
#10731 = DEFINITIONAL_REPRESENTATION('',(#10732),#10736);
#10732 = LINE('',#10733,#10734);
#10733 = CARTESIAN_POINT('',(5.262921199027,0.));
#10734 = VECTOR('',#10735,1.);
#10735 = DIRECTION('',(0.,1.));
#10736 = ( GEOMETRIC_REPRESENTATION_CONTEXT(2) 
PARAMETRIC_REPRESENTATION_CONTEXT() REPRESENTATION_CONTEXT('2D SPACE',''
  ) );
#10737 = ORIENTED_EDGE('',*,*,#10738,.T.);
#10738 = EDGE_CURVE('',#10717,#6029,#10739,.T.);
#10739 = SURFACE_CURVE('',#10740,(#10759,#10781),.PCURVE_S1.);
#10740 = B_SPLINE_CURVE_WITH_KNOTS('',5,(#10741,#10742,#10743,#10744,
    #10745,#10746,#10747,#10748,#10749,#10750,#10751,#10752,#10753,
    #10754,#10755,#10756,#10757,#10758),.UNSPECIFIED.,.F.,.F.,(6,4,4,4,6
    ),(0.,0.2072129157,0.40043793485,0.707799149476,1.),.UNSPECIFIED.);
#10741 = CARTESIAN_POINT('',(848.04574549438,-64.67614292257,
    -57.21351103679));
#10742 = CARTESIAN_POINT('',(848.18802713407,-64.53239513505,
    -57.33819112208));
#10743 = CARTESIAN_POINT('',(848.32607726762,-64.38663712555,
    -57.4653687334));
#10744 = CARTESIAN_POINT('',(848.4595241675,-64.23883770554,
    -57.59513734707));
#10745 = CARTESIAN_POINT('',(848.58795424559,-64.08899530528,
    -57.72756642047));
#10746 = CARTESIAN_POINT('',(848.82556989781,-63.79553186894,
    -57.98871393298));
#10747 = CARTESIAN_POINT('',(848.93546946416,-63.65217538818,
    -58.1170776402));
#10748 = CARTESIAN_POINT('',(849.04024468631,-63.50709334159,
    -58.24782678231));
#10749 = CARTESIAN_POINT('',(849.1394979131,-63.360343549,
    -58.38096671774));
#10750 = CARTESIAN_POINT('',(849.38128346243,-62.97609599398,
    -58.7319924472));
#10751 = CARTESIAN_POINT('',(849.51475005638,-62.73619402768,
    -58.95348564813));
#10752 = CARTESIAN_POINT('',(849.63160319843,-62.49273202091,
    -59.18078338316));
#10753 = CARTESIAN_POINT('',(849.73017561105,-62.246391856,
    -59.41346102884));
#10754 = CARTESIAN_POINT('',(849.88435614501,-61.76225566502,
    -59.87619990018));
#10755 = CARTESIAN_POINT('',(849.94185325649,-61.52461071944,
    -60.10584955021));
#10756 = CARTESIAN_POINT('',(849.98061964066,-61.28618414625,
    -60.33887989585));
#10757 = CARTESIAN_POINT('',(850.00000003471,-61.0479984146,
    -60.5743679473));
#10758 = CARTESIAN_POINT('',(849.99999999995,-60.81118336627,
    -60.81118299742));
#10759 = PCURVE('',#6045,#10760);
#10760 = DEFINITIONAL_REPRESENTATION('',(#10761),#10780);
#10761 = B_SPLINE_CURVE_WITH_KNOTS('',5,(#10762,#10763,#10764,#10765,
    #10766,#10767,#10768,#10769,#10770,#10771,#10772,#10773,#10774,
    #10775,#10776,#10777,#10778,#10779),.UNSPECIFIED.,.F.,.F.,(6,4,4,4,6
    ),(0.,0.2072129157,0.40043793485,0.707799149476,1.),.UNSPECIFIED.);
#10762 = CARTESIAN_POINT('',(5.262921199027,0.990228727472));
#10763 = CARTESIAN_POINT('',(5.271312299739,0.99094013567));
#10764 = CARTESIAN_POINT('',(5.279851710293,0.991630386338));
#10765 = CARTESIAN_POINT('',(5.288543489859,0.992297620838));
#10766 = CARTESIAN_POINT('',(5.297389933366,0.992939771228));
#10767 = CARTESIAN_POINT('',(5.314785545665,0.994127849489));
#10768 = CARTESIAN_POINT('',(5.323314357358,0.994677347321));
#10769 = CARTESIAN_POINT('',(5.331978281878,0.995201223432));
#10770 = CARTESIAN_POINT('',(5.340775568847,0.995697489566));
#10771 = CARTESIAN_POINT('',(5.363900582611,0.996906417312));
#10772 = CARTESIAN_POINT('',(5.378425791913,0.997573750282));
#10773 = CARTESIAN_POINT('',(5.393258577433,0.998158015992));
#10774 = CARTESIAN_POINT('',(5.408362463525,0.998650878055));
#10775 = CARTESIAN_POINT('',(5.438234527327,0.999421780725));
#10776 = CARTESIAN_POINT('',(5.452984167391,0.999709266283));
#10777 = CARTESIAN_POINT('',(5.467870511812,0.999903098203));
#10778 = CARTESIAN_POINT('',(5.482829513127,1.000000000174));
#10779 = CARTESIAN_POINT('',(5.497787132207,0.999999999999));
#10780 = ( GEOMETRIC_REPRESENTATION_CONTEXT(2) 
PARAMETRIC_REPRESENTATION_CONTEXT() REPRESENTATION_CONTEXT('2D SPACE',''
  ) );
#10781 = PCURVE('',#8301,#10782);
#10782 = DEFINITIONAL_REPRESENTATION('',(#10783),#10802);
#10783 = B_SPLINE_CURVE_WITH_KNOTS('',5,(#10784,#10785,#10786,#10787,
    #10788,#10789,#10790,#10791,#10792,#10793,#10794,#10795,#10796,
    #10797,#10798,#10799,#10800,#10801),.UNSPECIFIED.,.F.,.F.,(6,4,4,4,6
    ),(0.,0.2072129157,0.40043793485,0.707799149476,1.),.UNSPECIFIED.);
#10784 = CARTESIAN_POINT('',(4.837380789434,0.967429091573));
#10785 = CARTESIAN_POINT('',(4.832835876089,0.969800452234));
#10786 = CARTESIAN_POINT('',(4.828217836902,0.972101287794));
#10787 = CARTESIAN_POINT('',(4.823524574444,0.974325402792));
#10788 = CARTESIAN_POINT('',(4.81875486891,0.976465904093));
#10789 = CARTESIAN_POINT('',(4.809389053468,0.980426164964));
#10790 = CARTESIAN_POINT('',(4.804803017189,0.982257824403));
#10791 = CARTESIAN_POINT('',(4.800150066661,0.984004078105));
#10792 = CARTESIAN_POINT('',(4.795431015468,0.985658298552));
#10793 = CARTESIAN_POINT('',(4.783039754178,0.989688057707));
#10794 = CARTESIAN_POINT('',(4.775269572791,0.99191250094));
#10795 = CARTESIAN_POINT('',(4.767346650812,0.993860053307));
#10796 = CARTESIAN_POINT('',(4.759288895742,0.995502926851));
#10797 = CARTESIAN_POINT('',(4.743367124305,0.998072602417));
#10798 = CARTESIAN_POINT('',(4.735512277395,0.999030887606));
#10799 = CARTESIAN_POINT('',(4.727589346558,0.999676994014));
#10800 = CARTESIAN_POINT('',(4.719629970651,1.000000000577));
#10801 = CARTESIAN_POINT('',(4.711671077629,1.));
#10802 = ( GEOMETRIC_REPRESENTATION_CONTEXT(2) 
PARAMETRIC_REPRESENTATION_CONTEXT() REPRESENTATION_CONTEXT('2D SPACE',''
  ) );
#10803 = ORIENTED_EDGE('',*,*,#6028,.F.);
#10804 = ADVANCED_FACE('',(#10805),#6007,.T.);
#10805 = FACE_BOUND('',#10806,.T.);
#10806 = EDGE_LOOP('',(#10807,#10808,#10916,#10917));
#10807 = ORIENTED_EDGE('',*,*,#8386,.F.);
#10808 = ORIENTED_EDGE('',*,*,#10809,.T.);
#10809 = EDGE_CURVE('',#8216,#10717,#10810,.T.);
#10810 = SURFACE_CURVE('',#10811,(#10844,#10880),.PCURVE_S1.);
#10811 = B_SPLINE_CURVE_WITH_KNOTS('',6,(#10812,#10813,#10814,#10815,
    #10816,#10817,#10818,#10819,#10820,#10821,#10822,#10823,#10824,
    #10825,#10826,#10827,#10828,#10829,#10830,#10831,#10832,#10833,
    #10834,#10835,#10836,#10837,#10838,#10839,#10840,#10841,#10842,
    #10843),.UNSPECIFIED.,.F.,.F.,(7,5,5,5,5,5,7),(0.,0.202787177663,
    0.388358744827,0.55818693761,0.710855536934,0.86441028124,1.),
  .UNSPECIFIED.);
#10812 = CARTESIAN_POINT('',(829.14436798294,-74.10526673626,
    -49.40351115451));
#10813 = CARTESIAN_POINT('',(829.84505471884,-73.87228990498,
    -49.61392306706));
#10814 = CARTESIAN_POINT('',(830.54333321185,-73.63413536187,
    -49.8265997263));
#10815 = CARTESIAN_POINT('',(831.23914367205,-73.39075672296,
    -50.04147513684));
#10816 = CARTESIAN_POINT('',(831.93240401644,-73.14209611776,
    -50.25852467271));
#10817 = CARTESIAN_POINT('',(832.62299610548,-72.88806548901,
    -50.47778784738));
#10818 = CARTESIAN_POINT('',(833.94012071793,-72.39102355893,
    -50.90218150605));
#10819 = CARTESIAN_POINT('',(834.56711054538,-72.14890925245,
    -51.10693008029));
#10820 = CARTESIAN_POINT('',(835.19159331106,-71.90207648402,
    -51.31373736039));
#10821 = CARTESIAN_POINT('',(835.81339532469,-71.65038820749,
    -51.52275955019));
#10822 = CARTESIAN_POINT('',(836.43227752628,-71.39365394239,
    -51.73423776985));
#10823 = CARTESIAN_POINT('',(837.61132457589,-70.89178712725,
    -52.14463739699));
#10824 = CARTESIAN_POINT('',(838.17200852407,-70.64752181599,
    -52.34309894696));
#10825 = CARTESIAN_POINT('',(838.7297218553,-70.39859706859,
    -52.54419010279));
#10826 = CARTESIAN_POINT('',(839.28413645666,-70.14475797592,
    -52.74825882778));
#10827 = CARTESIAN_POINT('',(839.83481311647,-69.88567426527,
    -52.95576073437));
#10828 = CARTESIAN_POINT('',(840.87232772856,-69.38289357501,
    -53.3574595661));
#10829 = CARTESIAN_POINT('',(841.35997795527,-69.14029497346,
    -53.55087597653));
#10830 = CARTESIAN_POINT('',(841.8437102882,-68.89278479618,
    -53.74799129079));
#10831 = CARTESIAN_POINT('',(842.32297380447,-68.63998956114,
    -53.94932596357));
#10832 = CARTESIAN_POINT('',(842.79704377495,-68.38145411464,
    -54.15551756217));
#10833 = CARTESIAN_POINT('',(843.7356431764,-67.85022065,-54.58043737865
    ));
#10834 = CARTESIAN_POINT('',(844.20005100354,-67.57747589241,
    -54.79921029787));
#10835 = CARTESIAN_POINT('',(844.65730248719,-67.29776436023,
    -55.02451215224));
#10836 = CARTESIAN_POINT('',(845.1061083973,-67.01043071239,
    -55.25728184112));
#10837 = CARTESIAN_POINT('',(845.54476507641,-66.71474902221,
    -55.4985997568));
#10838 = CARTESIAN_POINT('',(846.34747461383,-66.14060845741,
    -55.97156957944));
#10839 = CARTESIAN_POINT('',(846.7141674869,-65.8642406527,
    -56.20100135468));
#10840 = CARTESIAN_POINT('',(847.06966433181,-65.58011009633,
    -56.43899457222));
#10841 = CARTESIAN_POINT('',(847.41191461158,-65.28766733656,
    -56.68647611542));
#10842 = CARTESIAN_POINT('',(847.73831654532,-64.98645877461,
    -56.94435701799));
#10843 = CARTESIAN_POINT('',(848.04574549438,-64.67614292257,
    -57.21351103679));
#10844 = PCURVE('',#6007,#10845);
#10845 = DEFINITIONAL_REPRESENTATION('',(#10846),#10879);
#10846 = B_SPLINE_CURVE_WITH_KNOTS('',6,(#10847,#10848,#10849,#10850,
    #10851,#10852,#10853,#10854,#10855,#10856,#10857,#10858,#10859,
    #10860,#10861,#10862,#10863,#10864,#10865,#10866,#10867,#10868,
    #10869,#10870,#10871,#10872,#10873,#10874,#10875,#10876,#10877,
    #10878),.UNSPECIFIED.,.F.,.F.,(7,5,5,5,5,5,7),(0.,0.202787177663,
    0.388358744827,0.55818693761,0.710855536934,0.86441028124,1.),
  .UNSPECIFIED.);
#10847 = CARTESIAN_POINT('',(4.712388980385,0.895721839915));
#10848 = CARTESIAN_POINT('',(4.726322001422,0.899225273594));
#10849 = CARTESIAN_POINT('',(4.740481713784,0.902716666059));
#10850 = CARTESIAN_POINT('',(4.754870134094,0.90619571836));
#10851 = CARTESIAN_POINT('',(4.769491367426,0.909662020082));
#10852 = CARTESIAN_POINT('',(4.78435293597,0.913114980527));
#10853 = CARTESIAN_POINT('',(4.81329817434,0.91970060359));
#10854 = CARTESIAN_POINT('',(4.82734067658,0.922835552727));
#10855 = CARTESIAN_POINT('',(4.84160425515,0.925957966555));
#10856 = CARTESIAN_POINT('',(4.856101525396,0.929066976623));
#10857 = CARTESIAN_POINT('',(4.870849862487,0.932161387631));
#10858 = CARTESIAN_POINT('',(4.899621990143,0.938056622879));
#10859 = CARTESIAN_POINT('',(4.913600886949,0.94086004262));
#10860 = CARTESIAN_POINT('',(4.927828594112,0.943648609277));
#10861 = CARTESIAN_POINT('',(4.942327716072,0.946420682283));
#10862 = CARTESIAN_POINT('',(4.957127082398,0.949174065582));
#10863 = CARTESIAN_POINT('',(4.98587165184,0.954361638643));
#10864 = CARTESIAN_POINT('',(4.99975161172,0.956799889776));
#10865 = CARTESIAN_POINT('',(5.013931699575,0.959218551441));
#10866 = CARTESIAN_POINT('',(5.028443852734,0.961614869022));
#10867 = CARTESIAN_POINT('',(5.043326766901,0.963985218875));
#10868 = CARTESIAN_POINT('',(5.074018962471,0.968678215882));
#10869 = CARTESIAN_POINT('',(5.089831583874,0.971000255018));
#10870 = CARTESIAN_POINT('',(5.10611661518,0.973286512436));
#10871 = CARTESIAN_POINT('',(5.122929851349,0.975530541987));
#10872 = CARTESIAN_POINT('',(5.140334361066,0.977723825382));
#10873 = CARTESIAN_POINT('',(5.174362956993,0.981737373069));
#10874 = CARTESIAN_POINT('',(5.190836662904,0.983570837435));
#10875 = CARTESIAN_POINT('',(5.207880330373,0.985348321659));
#10876 = CARTESIAN_POINT('',(5.225545187654,0.987059573058));
#10877 = CARTESIAN_POINT('',(5.243878399686,0.988691582727));
#10878 = CARTESIAN_POINT('',(5.262921199027,0.990228727472));
#10879 = ( GEOMETRIC_REPRESENTATION_CONTEXT(2) 
PARAMETRIC_REPRESENTATION_CONTEXT() REPRESENTATION_CONTEXT('2D SPACE',''
  ) );
#10880 = PCURVE('',#8301,#10881);
#10881 = DEFINITIONAL_REPRESENTATION('',(#10882),#10915);
#10882 = B_SPLINE_CURVE_WITH_KNOTS('',6,(#10883,#10884,#10885,#10886,
    #10887,#10888,#10889,#10890,#10891,#10892,#10893,#10894,#10895,
    #10896,#10897,#10898,#10899,#10900,#10901,#10902,#10903,#10904,
    #10905,#10906,#10907,#10908,#10909,#10910,#10911,#10912,#10913,
    #10914),.UNSPECIFIED.,.F.,.F.,(7,5,5,5,5,5,7),(0.,0.202787177663,
    0.388358744827,0.55818693761,0.710855536934,0.86441028124,1.),
  .UNSPECIFIED.);
#10883 = CARTESIAN_POINT('',(5.1395022996,0.652406133105));
#10884 = CARTESIAN_POINT('',(5.131318401414,0.664084245213));
#10885 = CARTESIAN_POINT('',(5.123033903508,0.675722220263));
#10886 = CARTESIAN_POINT('',(5.114649864585,0.687319061229));
#10887 = CARTESIAN_POINT('',(5.106166223316,0.698873400212));
#10888 = CARTESIAN_POINT('',(5.097581124582,0.710383268452));
#10889 = CARTESIAN_POINT('',(5.080937172854,0.732335345299));
#10890 = CARTESIAN_POINT('',(5.072895573668,0.742785175756));
#10891 = CARTESIAN_POINT('',(5.064762014282,0.753193221851));
#10892 = CARTESIAN_POINT('',(5.05653152628,0.763556588745));
#10893 = CARTESIAN_POINT('',(5.048196722174,0.773871292105));
#10894 = CARTESIAN_POINT('',(5.032013950044,0.793522076265));
#10895 = CARTESIAN_POINT('',(5.024184788036,0.802866808735));
#10896 = CARTESIAN_POINT('',(5.01625103168,0.812162030922));
#10897 = CARTESIAN_POINT('',(5.008202361428,0.821402274278));
#10898 = CARTESIAN_POINT('',(5.000025373375,0.830580218608));
#10899 = CARTESIAN_POINT('',(4.984220417895,0.847872128809));
#10900 = CARTESIAN_POINT('',(4.976620710131,0.855999632588));
#10901 = CARTESIAN_POINT('',(4.968890175401,0.864061838137));
#10902 = CARTESIAN_POINT('',(4.961013689142,0.872049563408));
#10903 = CARTESIAN_POINT('',(4.95297283125,0.879950729583));
#10904 = CARTESIAN_POINT('',(4.936468589231,0.89559405294));
#10905 = CARTESIAN_POINT('',(4.928003850877,0.903334183393));
#10906 = CARTESIAN_POINT('',(4.919326177039,0.910955041453));
#10907 = CARTESIAN_POINT('',(4.910408877142,0.918435139955));
#10908 = CARTESIAN_POINT('',(4.901221792312,0.925746084607));
#10909 = CARTESIAN_POINT('',(4.883345601484,0.939124576844));
#10910 = CARTESIAN_POINT('',(4.874725809569,0.945236124905));
#10911 = CARTESIAN_POINT('',(4.865843043996,0.951161072138));
#10912 = CARTESIAN_POINT('',(4.856672736427,0.956865243398));
#10913 = CARTESIAN_POINT('',(4.847192141249,0.962305275968));
#10914 = CARTESIAN_POINT('',(4.837380789685,0.96742909144));
#10915 = ( GEOMETRIC_REPRESENTATION_CONTEXT(2) 
PARAMETRIC_REPRESENTATION_CONTEXT() REPRESENTATION_CONTEXT('2D SPACE',''
  ) );
#10916 = ORIENTED_EDGE('',*,*,#10716,.T.);
#10917 = ORIENTED_EDGE('',*,*,#5990,.F.);
#10918 = ADVANCED_FACE('',(#10919),#5946,.T.);
#10919 = FACE_BOUND('',#10920,.T.);
#10920 = EDGE_LOOP('',(#10921,#10941,#10942,#10943));
#10921 = ORIENTED_EDGE('',*,*,#10922,.F.);
#10922 = EDGE_CURVE('',#6783,#5892,#10923,.T.);
#10923 = SURFACE_CURVE('',#10924,(#10927,#10934),.PCURVE_S1.);
#10924 = B_SPLINE_CURVE_WITH_KNOTS('',1,(#10925,#10926),.UNSPECIFIED.,
  .F.,.F.,(2,2),(0.,1.),.PIECEWISE_BEZIER_KNOTS.);
#10925 = CARTESIAN_POINT('',(650.,-91.27187895399,80.74050830527));
#10926 = CARTESIAN_POINT('',(850.,-64.41370437423,56.981353869396));
#10927 = PCURVE('',#5946,#10928);
#10928 = DEFINITIONAL_REPRESENTATION('',(#10929),#10933);
#10929 = LINE('',#10930,#10931);
#10930 = CARTESIAN_POINT('',(4.161856761491,0.));
#10931 = VECTOR('',#10932,1.);
#10932 = DIRECTION('',(0.,1.));
#10933 = ( GEOMETRIC_REPRESENTATION_CONTEXT(2) 
PARAMETRIC_REPRESENTATION_CONTEXT() REPRESENTATION_CONTEXT('2D SPACE',''
  ) );
#10934 = PCURVE('',#5908,#10935);
#10935 = DEFINITIONAL_REPRESENTATION('',(#10936),#10940);
#10936 = LINE('',#10937,#10938);
#10937 = CARTESIAN_POINT('',(4.161856761491,0.));
#10938 = VECTOR('',#10939,1.);
#10939 = DIRECTION('',(0.,1.));
#10940 = ( GEOMETRIC_REPRESENTATION_CONTEXT(2) 
PARAMETRIC_REPRESENTATION_CONTEXT() REPRESENTATION_CONTEXT('2D SPACE',''
  ) );
#10941 = ORIENTED_EDGE('',*,*,#6847,.T.);
#10942 = ORIENTED_EDGE('',*,*,#8407,.T.);
#10943 = ORIENTED_EDGE('',*,*,#5929,.F.);
#10944 = ADVANCED_FACE('',(#10945),#5908,.T.);
#10945 = FACE_BOUND('',#10946,.T.);
#10946 = EDGE_LOOP('',(#10947,#10948,#10949));
#10947 = ORIENTED_EDGE('',*,*,#6782,.T.);
#10948 = ORIENTED_EDGE('',*,*,#10922,.T.);
#10949 = ORIENTED_EDGE('',*,*,#5891,.F.);
#10950 = ADVANCED_FACE('',(#10951),#5870,.T.);
#10951 = FACE_BOUND('',#10952,.T.);
#10952 = EDGE_LOOP('',(#10953,#10954,#10955));
#10953 = ORIENTED_EDGE('',*,*,#6504,.F.);
#10954 = ORIENTED_EDGE('',*,*,#6716,.T.);
#10955 = ORIENTED_EDGE('',*,*,#5853,.F.);
#10956 = ADVANCED_FACE('',(#10957),#7486,.F.);
#10957 = FACE_BOUND('',#10958,.F.);
#10958 = EDGE_LOOP('',(#10959,#10981,#11034,#11035,#11036,#11153,#11154,
    #11155,#11156,#11157));
#10959 = ORIENTED_EDGE('',*,*,#10960,.F.);
#10960 = EDGE_CURVE('',#10961,#8831,#10963,.T.);
#10961 = VERTEX_POINT('',#10962);
#10962 = CARTESIAN_POINT('',(620.,53.740115370178,-86.26702730475));
#10963 = SEAM_CURVE('',#10964,(#10967,#10974),.PCURVE_S1.);
#10964 = B_SPLINE_CURVE_WITH_KNOTS('',1,(#10965,#10966),.UNSPECIFIED.,
  .F.,.F.,(2,2),(0.,1.),.PIECEWISE_BEZIER_KNOTS.);
#10965 = CARTESIAN_POINT('',(620.,53.740115370178,-86.26702730475));
#10966 = CARTESIAN_POINT('',(790.,45.254833995939,-104.6518036156));
#10967 = PCURVE('',#7486,#10968);
#10968 = DEFINITIONAL_REPRESENTATION('',(#10969),#10973);
#10969 = LINE('',#10970,#10971);
#10970 = CARTESIAN_POINT('',(0.,0.));
#10971 = VECTOR('',#10972,1.);
#10972 = DIRECTION('',(0.,1.));
#10973 = ( GEOMETRIC_REPRESENTATION_CONTEXT(2) 
PARAMETRIC_REPRESENTATION_CONTEXT() REPRESENTATION_CONTEXT('2D SPACE',''
  ) );
#10974 = PCURVE('',#7486,#10975);
#10975 = DEFINITIONAL_REPRESENTATION('',(#10976),#10980);
#10976 = LINE('',#10977,#10978);
#10977 = CARTESIAN_POINT('',(6.28318530718,0.));
#10978 = VECTOR('',#10979,1.);
#10979 = DIRECTION('',(0.,1.));
#10980 = ( GEOMETRIC_REPRESENTATION_CONTEXT(2) 
PARAMETRIC_REPRESENTATION_CONTEXT() REPRESENTATION_CONTEXT('2D SPACE',''
  ) );
#10981 = ORIENTED_EDGE('',*,*,#10982,.T.);
#10982 = EDGE_CURVE('',#10961,#10961,#10983,.T.);
#10983 = SURFACE_CURVE('',#10984,(#10989,#10996),.PCURVE_S1.);
#10984 = ELLIPSE('',#10985,23.,20.);
#10985 = AXIS2_PLACEMENT_3D('',#10986,#10987,#10988);
#10986 = CARTESIAN_POINT('',(620.,70.003571337468,-70.00357133746));
#10987 = DIRECTION('',(1.,7.850462293419E-17,-7.850462293419E-17));
#10988 = DIRECTION('',(1.232595164408E-32,-0.707106781187,
    -0.707106781187));
#10989 = PCURVE('',#7486,#10990);
#10990 = DEFINITIONAL_REPRESENTATION('',(#10991),#10995);
#10991 = LINE('',#10992,#10993);
#10992 = CARTESIAN_POINT('',(0.,0.));
#10993 = VECTOR('',#10994,1.);
#10994 = DIRECTION('',(1.,0.));
#10995 = ( GEOMETRIC_REPRESENTATION_CONTEXT(2) 
PARAMETRIC_REPRESENTATION_CONTEXT() REPRESENTATION_CONTEXT('2D SPACE',''
  ) );
#10996 = PCURVE('',#10997,#11028);
#10997 = B_SPLINE_SURFACE_WITH_KNOTS('',14,1,(
    (#10998,#10999)
    ,(#11000,#11001)
    ,(#11002,#11003)
    ,(#11004,#11005)
    ,(#11006,#11007)
    ,(#11008,#11009)
    ,(#11010,#11011)
    ,(#11012,#11013)
    ,(#11014,#11015)
    ,(#11016,#11017)
    ,(#11018,#11019)
    ,(#11020,#11021)
    ,(#11022,#11023)
    ,(#11024,#11025)
    ,(#11026,#11027
    )),.UNSPECIFIED.,.T.,.F.,.F.,(15,15),(2,2),(0.,6.28318530718),(0.,1.
    ),.PIECEWISE_BEZIER_KNOTS.);
#10998 = CARTESIAN_POINT('',(535.,46.669047558312,-74.95331880577));
#10999 = CARTESIAN_POINT('',(620.,53.740115370178,-86.26702730475));
#11000 = CARTESIAN_POINT('',(535.00000000008,52.063976840364,
    -80.34824808782));
#11001 = CARTESIAN_POINT('',(620.,60.087090996117,-92.6140029307));
#11002 = CARTESIAN_POINT('',(534.99999999966,60.526540428629,
    -82.67554704644));
#11003 = CARTESIAN_POINT('',(620.00000000002,69.961846126941,
    -95.43320373743));
#11004 = CARTESIAN_POINT('',(535.00000000076,70.691442063382,
    -80.56991157859));
#11005 = CARTESIAN_POINT('',(619.99999999971,81.758149764929,
    -93.11838970741));
#11006 = CARTESIAN_POINT('',(534.99999999883,80.276044894839,
    -73.58368608756));
#11007 = CARTESIAN_POINT('',(620.00000000113,92.814833309589,
    -85.11862068125));
#11008 = CARTESIAN_POINT('',(535.00000000118,86.569753750256,
    -62.6758898281));
#11009 = CARTESIAN_POINT('',(619.9999999972,99.991529689173,
    -72.51358617865));
#11010 = CARTESIAN_POINT('',(534.99999999931,87.328311995535,
    -50.30302143165));
#11011 = CARTESIAN_POINT('',(620.00000000493,100.71015286079,
    -58.13106871239));
#11012 = CARTESIAN_POINT('',(534.9999999999,81.795688514213,
    -39.82667784905));
#11013 = CARTESIAN_POINT('',(619.99999999335,94.135752469229,
    -45.8713902042));
#11014 = CARTESIAN_POINT('',(535.00000000071,71.319344933164,
    -34.29405436927));
#11015 = CARTESIAN_POINT('',(620.00000000701,81.876073963874,
    -39.29698981549));
#11016 = CARTESIAN_POINT('',(534.99999999909,58.946476535466,
    -35.05261261332));
#11017 = CARTESIAN_POINT('',(619.99999999413,67.493556495323,
    -40.01561298478));
#11018 = CARTESIAN_POINT('',(535.00000000072,48.038680276802,
    -41.34632146952));
#11019 = CARTESIAN_POINT('',(620.00000000386,54.888521994232,
    -47.19230936591));
#11020 = CARTESIAN_POINT('',(534.99999999959,41.05245478537,
    -50.93092430058));
#11021 = CARTESIAN_POINT('',(619.99999999803,46.888752967278,
    -58.24899290975));
#11022 = CARTESIAN_POINT('',(535.00000000015,38.946819317677,
    -61.09582593549));
#11023 = CARTESIAN_POINT('',(620.00000000071,44.573938937582,
    -70.04529654807));
#11024 = CARTESIAN_POINT('',(534.99999999996,41.27411827625,
    -69.55838952371));
#11025 = CARTESIAN_POINT('',(619.99999999984,47.39313974422,
    -79.9200516788));
#11026 = CARTESIAN_POINT('',(535.,46.669047558312,-74.95331880577));
#11027 = CARTESIAN_POINT('',(620.,53.740115370178,-86.26702730475));
#11028 = DEFINITIONAL_REPRESENTATION('',(#11029),#11033);
#11029 = LINE('',#11030,#11031);
#11030 = CARTESIAN_POINT('',(0.,1.));
#11031 = VECTOR('',#11032,1.);
#11032 = DIRECTION('',(1.,0.));
#11033 = ( GEOMETRIC_REPRESENTATION_CONTEXT(2) 
PARAMETRIC_REPRESENTATION_CONTEXT() REPRESENTATION_CONTEXT('2D SPACE',''
  ) );
#11034 = ORIENTED_EDGE('',*,*,#10960,.T.);
#11035 = ORIENTED_EDGE('',*,*,#8994,.T.);
#11036 = ORIENTED_EDGE('',*,*,#11037,.F.);
#11037 = EDGE_CURVE('',#7065,#8995,#11038,.T.);
#11038 = SURFACE_CURVE('',#11039,(#11044,#11051),.PCURVE_S1.);
#11039 = ELLIPSE('',#11040,42.,24.);
#11040 = AXIS2_PLACEMENT_3D('',#11041,#11042,#11043);
#11041 = CARTESIAN_POINT('',(790.,74.953318805774,-74.95331880577));
#11042 = DIRECTION('',(1.,7.850462293419E-17,-7.850462293419E-17));
#11043 = DIRECTION('',(1.232595164408E-32,-0.707106781187,
    -0.707106781187));
#11044 = PCURVE('',#7486,#11045);
#11045 = DEFINITIONAL_REPRESENTATION('',(#11046),#11050);
#11046 = LINE('',#11047,#11048);
#11047 = CARTESIAN_POINT('',(0.,1.));
#11048 = VECTOR('',#11049,1.);
#11049 = DIRECTION('',(1.,0.));
#11050 = ( GEOMETRIC_REPRESENTATION_CONTEXT(2) 
PARAMETRIC_REPRESENTATION_CONTEXT() REPRESENTATION_CONTEXT('2D SPACE',''
  ) );
#11051 = PCURVE('',#7188,#11052);
#11052 = DEFINITIONAL_REPRESENTATION('',(#11053),#11152);
#11053 = B_SPLINE_CURVE_WITH_KNOTS('',9,(#11054,#11055,#11056,#11057,
    #11058,#11059,#11060,#11061,#11062,#11063,#11064,#11065,#11066,
    #11067,#11068,#11069,#11070,#11071,#11072,#11073,#11074,#11075,
    #11076,#11077,#11078,#11079,#11080,#11081,#11082,#11083,#11084,
    #11085,#11086,#11087,#11088,#11089,#11090,#11091,#11092,#11093,
    #11094,#11095,#11096,#11097,#11098,#11099,#11100,#11101,#11102,
    #11103,#11104,#11105,#11106,#11107,#11108,#11109,#11110,#11111,
    #11112,#11113,#11114,#11115,#11116,#11117,#11118,#11119,#11120,
    #11121,#11122,#11123,#11124,#11125,#11126,#11127,#11128,#11129,
    #11130,#11131,#11132,#11133,#11134,#11135,#11136,#11137,#11138,
    #11139,#11140,#11141,#11142,#11143,#11144,#11145,#11146,#11147,
    #11148,#11149,#11150,#11151),.UNSPECIFIED.,.F.,.F.,(10,8,8,8,8,8,8,8
    ,8,8,8,8,10),(0.,0.392699081699,0.785398163397,1.178097245096,
    1.570796326795,2.356194490192,3.14159265359,3.926990816987,
    4.712388980385,5.105088062083,5.497787143782,5.890486225481,
    6.28318530718),.UNSPECIFIED.);
#11054 = CARTESIAN_POINT('',(-2.775557561563E-17,0.));
#11055 = CARTESIAN_POINT('',(4.427368124787E-02,0.));
#11056 = CARTESIAN_POINT('',(8.845179712598E-02,0.));
#11057 = CARTESIAN_POINT('',(0.132543099082,0.));
#11058 = CARTESIAN_POINT('',(0.17655404323,0.));
#11059 = CARTESIAN_POINT('',(0.220502722317,0.));
#11060 = CARTESIAN_POINT('',(0.264378775733,0.));
#11061 = CARTESIAN_POINT('',(0.308207374766,0.));
#11062 = CARTESIAN_POINT('',(0.351983968362,0.));
#11063 = CARTESIAN_POINT('',(0.439452072057,0.));
#11064 = CARTESIAN_POINT('',(0.48314280936,0.));
#11065 = CARTESIAN_POINT('',(0.526799546644,0.));
#11066 = CARTESIAN_POINT('',(0.570416672802,0.));
#11067 = CARTESIAN_POINT('',(0.614018350658,0.));
#11068 = CARTESIAN_POINT('',(0.657588564248,0.));
#11069 = CARTESIAN_POINT('',(0.701144692301,0.));
#11070 = CARTESIAN_POINT('',(0.744685427048,0.));
#11071 = CARTESIAN_POINT('',(0.831743762037,0.));
#11072 = CARTESIAN_POINT('',(0.875261029713,0.));
#11073 = CARTESIAN_POINT('',(0.918771384919,0.));
#11074 = CARTESIAN_POINT('',(0.962274348022,0.));
#11075 = CARTESIAN_POINT('',(1.005774783891,0.));
#11076 = CARTESIAN_POINT('',(1.049275170403,0.));
#11077 = CARTESIAN_POINT('',(1.092774769683,0.));
#11078 = CARTESIAN_POINT('',(1.136277034524,0.));
#11079 = CARTESIAN_POINT('',(1.22328790371,0.));
#11080 = CARTESIAN_POINT('',(1.266796407414,0.));
#11081 = CARTESIAN_POINT('',(1.310309485738,0.));
#11082 = CARTESIAN_POINT('',(1.353827753256,0.));
#11083 = CARTESIAN_POINT('',(1.397351841008,0.));
#11084 = CARTESIAN_POINT('',(1.440882381824,0.));
#11085 = CARTESIAN_POINT('',(1.484419664791,0.));
#11086 = CARTESIAN_POINT('',(1.527963550129,0.));
#11087 = CARTESIAN_POINT('',(1.658615606798,0.));
#11088 = CARTESIAN_POINT('',(1.745743978468,0.));
#11089 = CARTESIAN_POINT('',(1.832899191022,0.));
#11090 = CARTESIAN_POINT('',(1.920079085505,0.));
#11091 = CARTESIAN_POINT('',(2.007280326278,0.));
#11092 = CARTESIAN_POINT('',(2.094499077199,0.));
#11093 = CARTESIAN_POINT('',(2.181731531369,0.));
#11094 = CARTESIAN_POINT('',(2.268974294466,0.));
#11095 = CARTESIAN_POINT('',(2.443474948812,0.));
#11096 = CARTESIAN_POINT('',(2.530733251753,0.));
#11097 = CARTESIAN_POINT('',(2.617993400585,0.));
#11098 = CARTESIAN_POINT('',(2.705264552776,0.));
#11099 = CARTESIAN_POINT('',(2.792523496912,0.));
#11100 = CARTESIAN_POINT('',(2.879793668538,0.));
#11101 = CARTESIAN_POINT('',(2.967059871355,0.));
#11102 = CARTESIAN_POINT('',(3.05432624274,0.));
#11103 = CARTESIAN_POINT('',(3.228859064439,0.));
#11104 = CARTESIAN_POINT('',(3.316125435825,0.));
#11105 = CARTESIAN_POINT('',(3.403391638641,0.));
#11106 = CARTESIAN_POINT('',(3.490661810268,0.));
#11107 = CARTESIAN_POINT('',(3.577920754403,0.));
#11108 = CARTESIAN_POINT('',(3.665191906594,0.));
#11109 = CARTESIAN_POINT('',(3.752452055427,0.));
#11110 = CARTESIAN_POINT('',(3.839710358367,0.));
#11111 = CARTESIAN_POINT('',(4.014211012714,0.));
#11112 = CARTESIAN_POINT('',(4.10145377581,0.));
#11113 = CARTESIAN_POINT('',(4.188686229981,0.));
#11114 = CARTESIAN_POINT('',(4.275904980902,0.));
#11115 = CARTESIAN_POINT('',(4.363106221675,0.));
#11116 = CARTESIAN_POINT('',(4.450286116157,0.));
#11117 = CARTESIAN_POINT('',(4.537441328712,0.));
#11118 = CARTESIAN_POINT('',(4.624569700382,0.));
#11119 = CARTESIAN_POINT('',(4.755221757051,0.));
#11120 = CARTESIAN_POINT('',(4.798765642389,0.));
#11121 = CARTESIAN_POINT('',(4.842302925356,0.));
#11122 = CARTESIAN_POINT('',(4.885833466171,0.));
#11123 = CARTESIAN_POINT('',(4.929357553924,0.));
#11124 = CARTESIAN_POINT('',(4.972875821442,0.));
#11125 = CARTESIAN_POINT('',(5.016388899766,0.));
#11126 = CARTESIAN_POINT('',(5.059897403469,0.));
#11127 = CARTESIAN_POINT('',(5.146908272655,0.));
#11128 = CARTESIAN_POINT('',(5.190410537497,0.));
#11129 = CARTESIAN_POINT('',(5.233910136777,0.));
#11130 = CARTESIAN_POINT('',(5.277410523287,0.));
#11131 = CARTESIAN_POINT('',(5.320910959158,0.));
#11132 = CARTESIAN_POINT('',(5.36441392226,0.));
#11133 = CARTESIAN_POINT('',(5.407924277466,0.));
#11134 = CARTESIAN_POINT('',(5.451441545142,0.));
#11135 = CARTESIAN_POINT('',(5.538499880132,0.));
#11136 = CARTESIAN_POINT('',(5.582040614879,0.));
#11137 = CARTESIAN_POINT('',(5.625596742932,0.));
#11138 = CARTESIAN_POINT('',(5.669166956522,0.));
#11139 = CARTESIAN_POINT('',(5.712768634378,0.));
#11140 = CARTESIAN_POINT('',(5.756385760536,0.));
#11141 = CARTESIAN_POINT('',(5.80004249782,0.));
#11142 = CARTESIAN_POINT('',(5.843733235123,0.));
#11143 = CARTESIAN_POINT('',(5.931201338818,0.));
#11144 = CARTESIAN_POINT('',(5.974977932414,0.));
#11145 = CARTESIAN_POINT('',(6.018806531446,0.));
#11146 = CARTESIAN_POINT('',(6.062682584864,0.));
#11147 = CARTESIAN_POINT('',(6.106631263948,0.));
#11148 = CARTESIAN_POINT('',(6.150642208098,0.));
#11149 = CARTESIAN_POINT('',(6.194733510053,0.));
#11150 = CARTESIAN_POINT('',(6.238911625932,0.));
#11151 = CARTESIAN_POINT('',(6.28318530718,0.));
#11152 = ( GEOMETRIC_REPRESENTATION_CONTEXT(2) 
PARAMETRIC_REPRESENTATION_CONTEXT() REPRESENTATION_CONTEXT('2D SPACE',''
  ) );
#11153 = ORIENTED_EDGE('',*,*,#7292,.T.);
#11154 = ORIENTED_EDGE('',*,*,#7660,.T.);
#11155 = ORIENTED_EDGE('',*,*,#8463,.T.);
#11156 = ORIENTED_EDGE('',*,*,#8715,.T.);
#11157 = ORIENTED_EDGE('',*,*,#8830,.T.);
#11158 = ADVANCED_FACE('',(#11159),#7188,.F.);
#11159 = FACE_BOUND('',#11160,.F.);
#11160 = EDGE_LOOP('',(#11161,#11162,#11163,#11164,#11165,#11166,#11167)
  );
#11161 = ORIENTED_EDGE('',*,*,#7064,.T.);
#11162 = ORIENTED_EDGE('',*,*,#11037,.T.);
#11163 = ORIENTED_EDGE('',*,*,#9119,.T.);
#11164 = ORIENTED_EDGE('',*,*,#10390,.T.);
#11165 = ORIENTED_EDGE('',*,*,#10319,.T.);
#11166 = ORIENTED_EDGE('',*,*,#10229,.T.);
#11167 = ORIENTED_EDGE('',*,*,#10110,.T.);
#11168 = ADVANCED_FACE('',(#11169),#7858,.F.);
#11169 = FACE_BOUND('',#11170,.F.);
#11170 = EDGE_LOOP('',(#11171,#11193,#11246,#11247,#11248,#11365,#11366,
    #11367,#11368,#11369));
#11171 = ORIENTED_EDGE('',*,*,#11172,.F.);
#11172 = EDGE_CURVE('',#11173,#7945,#11175,.T.);
#11173 = VERTEX_POINT('',#11174);
#11174 = CARTESIAN_POINT('',(620.,-86.26702730475,-53.74011537017));
#11175 = SEAM_CURVE('',#11176,(#11179,#11186),.PCURVE_S1.);
#11176 = B_SPLINE_CURVE_WITH_KNOTS('',1,(#11177,#11178),.UNSPECIFIED.,
  .F.,.F.,(2,2),(0.,1.),.PIECEWISE_BEZIER_KNOTS.);
#11177 = CARTESIAN_POINT('',(620.,-86.26702730475,-53.74011537017));
#11178 = CARTESIAN_POINT('',(790.,-104.6518036156,-45.25483399593));
#11179 = PCURVE('',#7858,#11180);
#11180 = DEFINITIONAL_REPRESENTATION('',(#11181),#11185);
#11181 = LINE('',#11182,#11183);
#11182 = CARTESIAN_POINT('',(0.,0.));
#11183 = VECTOR('',#11184,1.);
#11184 = DIRECTION('',(0.,1.));
#11185 = ( GEOMETRIC_REPRESENTATION_CONTEXT(2) 
PARAMETRIC_REPRESENTATION_CONTEXT() REPRESENTATION_CONTEXT('2D SPACE',''
  ) );
#11186 = PCURVE('',#7858,#11187);
#11187 = DEFINITIONAL_REPRESENTATION('',(#11188),#11192);
#11188 = LINE('',#11189,#11190);
#11189 = CARTESIAN_POINT('',(6.28318530718,0.));
#11190 = VECTOR('',#11191,1.);
#11191 = DIRECTION('',(0.,1.));
#11192 = ( GEOMETRIC_REPRESENTATION_CONTEXT(2) 
PARAMETRIC_REPRESENTATION_CONTEXT() REPRESENTATION_CONTEXT('2D SPACE',''
  ) );
#11193 = ORIENTED_EDGE('',*,*,#11194,.T.);
#11194 = EDGE_CURVE('',#11173,#11173,#11195,.T.);
#11195 = SURFACE_CURVE('',#11196,(#11201,#11208),.PCURVE_S1.);
#11196 = ELLIPSE('',#11197,23.,20.);
#11197 = AXIS2_PLACEMENT_3D('',#11198,#11199,#11200);
#11198 = CARTESIAN_POINT('',(620.,-70.00357133746,-70.00357133746));
#11199 = DIRECTION('',(1.,-7.850462293419E-17,-7.850462293419E-17));
#11200 = DIRECTION('',(1.232595164408E-32,-0.707106781187,0.707106781187
    ));
#11201 = PCURVE('',#7858,#11202);
#11202 = DEFINITIONAL_REPRESENTATION('',(#11203),#11207);
#11203 = LINE('',#11204,#11205);
#11204 = CARTESIAN_POINT('',(0.,0.));
#11205 = VECTOR('',#11206,1.);
#11206 = DIRECTION('',(1.,0.));
#11207 = ( GEOMETRIC_REPRESENTATION_CONTEXT(2) 
PARAMETRIC_REPRESENTATION_CONTEXT() REPRESENTATION_CONTEXT('2D SPACE',''
  ) );
#11208 = PCURVE('',#11209,#11240);
#11209 = B_SPLINE_SURFACE_WITH_KNOTS('',14,1,(
    (#11210,#11211)
    ,(#11212,#11213)
    ,(#11214,#11215)
    ,(#11216,#11217)
    ,(#11218,#11219)
    ,(#11220,#11221)
    ,(#11222,#11223)
    ,(#11224,#11225)
    ,(#11226,#11227)
    ,(#11228,#11229)
    ,(#11230,#11231)
    ,(#11232,#11233)
    ,(#11234,#11235)
    ,(#11236,#11237)
    ,(#11238,#11239
    )),.UNSPECIFIED.,.T.,.F.,.F.,(15,15),(2,2),(0.,6.28318530718),(0.,1.
    ),.PIECEWISE_BEZIER_KNOTS.);
#11210 = CARTESIAN_POINT('',(535.,-74.95331880577,-46.66904755831));
#11211 = CARTESIAN_POINT('',(620.,-86.26702730475,-53.74011537017));
#11212 = CARTESIAN_POINT('',(535.00000000008,-80.34824808782,
    -52.06397684036));
#11213 = CARTESIAN_POINT('',(620.,-92.6140029307,-60.08709099611));
#11214 = CARTESIAN_POINT('',(534.99999999966,-82.67554704644,
    -60.52654042862));
#11215 = CARTESIAN_POINT('',(620.00000000002,-95.43320373743,
    -69.96184612694));
#11216 = CARTESIAN_POINT('',(535.00000000076,-80.56991157859,
    -70.69144206338));
#11217 = CARTESIAN_POINT('',(619.99999999971,-93.11838970741,
    -81.75814976492));
#11218 = CARTESIAN_POINT('',(534.99999999883,-73.58368608756,
    -80.27604489483));
#11219 = CARTESIAN_POINT('',(620.00000000113,-85.11862068125,
    -92.81483330958));
#11220 = CARTESIAN_POINT('',(535.00000000118,-62.6758898281,
    -86.56975375025));
#11221 = CARTESIAN_POINT('',(619.9999999972,-72.51358617865,
    -99.99152968917));
#11222 = CARTESIAN_POINT('',(534.99999999931,-50.30302143165,
    -87.32831199553));
#11223 = CARTESIAN_POINT('',(620.00000000493,-58.13106871239,
    -100.7101528607));
#11224 = CARTESIAN_POINT('',(534.9999999999,-39.82667784905,
    -81.79568851421));
#11225 = CARTESIAN_POINT('',(619.99999999335,-45.8713902042,
    -94.13575246922));
#11226 = CARTESIAN_POINT('',(535.00000000071,-34.29405436927,
    -71.31934493316));
#11227 = CARTESIAN_POINT('',(620.00000000701,-39.29698981549,
    -81.87607396387));
#11228 = CARTESIAN_POINT('',(534.99999999909,-35.05261261332,
    -58.94647653546));
#11229 = CARTESIAN_POINT('',(619.99999999413,-40.01561298478,
    -67.49355649532));
#11230 = CARTESIAN_POINT('',(535.00000000072,-41.34632146952,
    -48.0386802768));
#11231 = CARTESIAN_POINT('',(620.00000000386,-47.19230936591,
    -54.88852199423));
#11232 = CARTESIAN_POINT('',(534.99999999959,-50.93092430058,
    -41.05245478537));
#11233 = CARTESIAN_POINT('',(619.99999999803,-58.24899290975,
    -46.88875296727));
#11234 = CARTESIAN_POINT('',(535.00000000015,-61.09582593549,
    -38.94681931767));
#11235 = CARTESIAN_POINT('',(620.00000000071,-70.04529654807,
    -44.57393893758));
#11236 = CARTESIAN_POINT('',(534.99999999996,-69.55838952371,
    -41.27411827625));
#11237 = CARTESIAN_POINT('',(619.99999999984,-79.9200516788,
    -47.39313974422));
#11238 = CARTESIAN_POINT('',(535.,-74.95331880577,-46.66904755831));
#11239 = CARTESIAN_POINT('',(620.,-86.26702730475,-53.74011537017));
#11240 = DEFINITIONAL_REPRESENTATION('',(#11241),#11245);
#11241 = LINE('',#11242,#11243);
#11242 = CARTESIAN_POINT('',(0.,1.));
#11243 = VECTOR('',#11244,1.);
#11244 = DIRECTION('',(1.,0.));
#11245 = ( GEOMETRIC_REPRESENTATION_CONTEXT(2) 
PARAMETRIC_REPRESENTATION_CONTEXT() REPRESENTATION_CONTEXT('2D SPACE',''
  ) );
#11246 = ORIENTED_EDGE('',*,*,#11172,.T.);
#11247 = ORIENTED_EDGE('',*,*,#8090,.T.);
#11248 = ORIENTED_EDGE('',*,*,#11249,.F.);
#11249 = EDGE_CURVE('',#9319,#8091,#11250,.T.);
#11250 = SURFACE_CURVE('',#11251,(#11256,#11263),.PCURVE_S1.);
#11251 = ELLIPSE('',#11252,42.,24.);
#11252 = AXIS2_PLACEMENT_3D('',#11253,#11254,#11255);
#11253 = CARTESIAN_POINT('',(790.,-74.95331880577,-74.95331880577));
#11254 = DIRECTION('',(1.,-7.850462293419E-17,-7.850462293419E-17));
#11255 = DIRECTION('',(1.232595164408E-32,-0.707106781187,0.707106781187
    ));
#11256 = PCURVE('',#7858,#11257);
#11257 = DEFINITIONAL_REPRESENTATION('',(#11258),#11262);
#11258 = LINE('',#11259,#11260);
#11259 = CARTESIAN_POINT('',(0.,1.));
#11260 = VECTOR('',#11261,1.);
#11261 = DIRECTION('',(1.,0.));
#11262 = ( GEOMETRIC_REPRESENTATION_CONTEXT(2) 
PARAMETRIC_REPRESENTATION_CONTEXT() REPRESENTATION_CONTEXT('2D SPACE',''
  ) );
#11263 = PCURVE('',#8301,#11264);
#11264 = DEFINITIONAL_REPRESENTATION('',(#11265),#11364);
#11265 = B_SPLINE_CURVE_WITH_KNOTS('',9,(#11266,#11267,#11268,#11269,
    #11270,#11271,#11272,#11273,#11274,#11275,#11276,#11277,#11278,
    #11279,#11280,#11281,#11282,#11283,#11284,#11285,#11286,#11287,
    #11288,#11289,#11290,#11291,#11292,#11293,#11294,#11295,#11296,
    #11297,#11298,#11299,#11300,#11301,#11302,#11303,#11304,#11305,
    #11306,#11307,#11308,#11309,#11310,#11311,#11312,#11313,#11314,
    #11315,#11316,#11317,#11318,#11319,#11320,#11321,#11322,#11323,
    #11324,#11325,#11326,#11327,#11328,#11329,#11330,#11331,#11332,
    #11333,#11334,#11335,#11336,#11337,#11338,#11339,#11340,#11341,
    #11342,#11343,#11344,#11345,#11346,#11347,#11348,#11349,#11350,
    #11351,#11352,#11353,#11354,#11355,#11356,#11357,#11358,#11359,
    #11360,#11361,#11362,#11363),.UNSPECIFIED.,.F.,.F.,(10,8,8,8,8,8,8,8
    ,8,8,8,8,10),(0.,0.392699081699,0.785398163397,1.178097245096,
    1.570796326795,2.356194490192,3.14159265359,3.926990816987,
    4.712388980385,5.105088062083,5.497787143782,5.890486225481,
    6.28318530718),.UNSPECIFIED.);
#11266 = CARTESIAN_POINT('',(-2.775557561563E-17,0.));
#11267 = CARTESIAN_POINT('',(4.427368124787E-02,0.));
#11268 = CARTESIAN_POINT('',(8.845179712598E-02,0.));
#11269 = CARTESIAN_POINT('',(0.132543099082,0.));
#11270 = CARTESIAN_POINT('',(0.17655404323,0.));
#11271 = CARTESIAN_POINT('',(0.220502722317,0.));
#11272 = CARTESIAN_POINT('',(0.264378775733,0.));
#11273 = CARTESIAN_POINT('',(0.308207374766,0.));
#11274 = CARTESIAN_POINT('',(0.351983968362,0.));
#11275 = CARTESIAN_POINT('',(0.439452072057,0.));
#11276 = CARTESIAN_POINT('',(0.48314280936,0.));
#11277 = CARTESIAN_POINT('',(0.526799546644,0.));
#11278 = CARTESIAN_POINT('',(0.570416672802,0.));
#11279 = CARTESIAN_POINT('',(0.614018350658,0.));
#11280 = CARTESIAN_POINT('',(0.657588564248,0.));
#11281 = CARTESIAN_POINT('',(0.701144692301,0.));
#11282 = CARTESIAN_POINT('',(0.744685427048,0.));
#11283 = CARTESIAN_POINT('',(0.831743762037,0.));
#11284 = CARTESIAN_POINT('',(0.875261029713,0.));
#11285 = CARTESIAN_POINT('',(0.918771384919,0.));
#11286 = CARTESIAN_POINT('',(0.962274348022,0.));
#11287 = CARTESIAN_POINT('',(1.005774783891,0.));
#11288 = CARTESIAN_POINT('',(1.049275170403,0.));
#11289 = CARTESIAN_POINT('',(1.092774769683,0.));
#11290 = CARTESIAN_POINT('',(1.136277034524,0.));
#11291 = CARTESIAN_POINT('',(1.22328790371,0.));
#11292 = CARTESIAN_POINT('',(1.266796407414,0.));
#11293 = CARTESIAN_POINT('',(1.310309485738,0.));
#11294 = CARTESIAN_POINT('',(1.353827753256,0.));
#11295 = CARTESIAN_POINT('',(1.397351841008,0.));
#11296 = CARTESIAN_POINT('',(1.440882381824,0.));
#11297 = CARTESIAN_POINT('',(1.484419664791,0.));
#11298 = CARTESIAN_POINT('',(1.527963550129,0.));
#11299 = CARTESIAN_POINT('',(1.658615606798,0.));
#11300 = CARTESIAN_POINT('',(1.745743978468,0.));
#11301 = CARTESIAN_POINT('',(1.832899191022,0.));
#11302 = CARTESIAN_POINT('',(1.920079085505,0.));
#11303 = CARTESIAN_POINT('',(2.007280326278,0.));
#11304 = CARTESIAN_POINT('',(2.094499077199,0.));
#11305 = CARTESIAN_POINT('',(2.181731531369,0.));
#11306 = CARTESIAN_POINT('',(2.268974294466,0.));
#11307 = CARTESIAN_POINT('',(2.443474948812,0.));
#11308 = CARTESIAN_POINT('',(2.530733251753,0.));
#11309 = CARTESIAN_POINT('',(2.617993400585,0.));
#11310 = CARTESIAN_POINT('',(2.705264552776,0.));
#11311 = CARTESIAN_POINT('',(2.792523496912,0.));
#11312 = CARTESIAN_POINT('',(2.879793668538,0.));
#11313 = CARTESIAN_POINT('',(2.967059871355,0.));
#11314 = CARTESIAN_POINT('',(3.05432624274,0.));
#11315 = CARTESIAN_POINT('',(3.228859064439,0.));
#11316 = CARTESIAN_POINT('',(3.316125435825,0.));
#11317 = CARTESIAN_POINT('',(3.403391638641,0.));
#11318 = CARTESIAN_POINT('',(3.490661810268,0.));
#11319 = CARTESIAN_POINT('',(3.577920754403,0.));
#11320 = CARTESIAN_POINT('',(3.665191906594,0.));
#11321 = CARTESIAN_POINT('',(3.752452055427,0.));
#11322 = CARTESIAN_POINT('',(3.839710358367,0.));
#11323 = CARTESIAN_POINT('',(4.014211012714,0.));
#11324 = CARTESIAN_POINT('',(4.10145377581,0.));
#11325 = CARTESIAN_POINT('',(4.188686229981,0.));
#11326 = CARTESIAN_POINT('',(4.275904980902,0.));
#11327 = CARTESIAN_POINT('',(4.363106221675,0.));
#11328 = CARTESIAN_POINT('',(4.450286116157,0.));
#11329 = CARTESIAN_POINT('',(4.537441328712,0.));
#11330 = CARTESIAN_POINT('',(4.624569700382,0.));
#11331 = CARTESIAN_POINT('',(4.755221757051,0.));
#11332 = CARTESIAN_POINT('',(4.798765642389,0.));
#11333 = CARTESIAN_POINT('',(4.842302925356,0.));
#11334 = CARTESIAN_POINT('',(4.885833466171,0.));
#11335 = CARTESIAN_POINT('',(4.929357553924,0.));
#11336 = CARTESIAN_POINT('',(4.972875821442,0.));
#11337 = CARTESIAN_POINT('',(5.016388899766,0.));
#11338 = CARTESIAN_POINT('',(5.059897403469,0.));
#11339 = CARTESIAN_POINT('',(5.146908272655,0.));
#11340 = CARTESIAN_POINT('',(5.190410537497,0.));
#11341 = CARTESIAN_POINT('',(5.233910136777,0.));
#11342 = CARTESIAN_POINT('',(5.277410523287,0.));
#11343 = CARTESIAN_POINT('',(5.320910959158,0.));
#11344 = CARTESIAN_POINT('',(5.36441392226,0.));
#11345 = CARTESIAN_POINT('',(5.407924277466,0.));
#11346 = CARTESIAN_POINT('',(5.451441545142,0.));
#11347 = CARTESIAN_POINT('',(5.538499880132,0.));
#11348 = CARTESIAN_POINT('',(5.582040614879,0.));
#11349 = CARTESIAN_POINT('',(5.625596742932,0.));
#11350 = CARTESIAN_POINT('',(5.669166956522,0.));
#11351 = CARTESIAN_POINT('',(5.712768634378,0.));
#11352 = CARTESIAN_POINT('',(5.756385760536,0.));
#11353 = CARTESIAN_POINT('',(5.80004249782,0.));
#11354 = CARTESIAN_POINT('',(5.843733235123,0.));
#11355 = CARTESIAN_POINT('',(5.931201338818,0.));
#11356 = CARTESIAN_POINT('',(5.974977932414,0.));
#11357 = CARTESIAN_POINT('',(6.018806531446,0.));
#11358 = CARTESIAN_POINT('',(6.062682584864,0.));
#11359 = CARTESIAN_POINT('',(6.106631263948,0.));
#11360 = CARTESIAN_POINT('',(6.150642208098,0.));
#11361 = CARTESIAN_POINT('',(6.194733510053,0.));
#11362 = CARTESIAN_POINT('',(6.238911625932,0.));
#11363 = CARTESIAN_POINT('',(6.28318530718,0.));
#11364 = ( GEOMETRIC_REPRESENTATION_CONTEXT(2) 
PARAMETRIC_REPRESENTATION_CONTEXT() REPRESENTATION_CONTEXT('2D SPACE',''
  ) );
#11365 = ORIENTED_EDGE('',*,*,#9503,.T.);
#11366 = ORIENTED_EDGE('',*,*,#9797,.T.);
#11367 = ORIENTED_EDGE('',*,*,#8580,.T.);
#11368 = ORIENTED_EDGE('',*,*,#7798,.T.);
#11369 = ORIENTED_EDGE('',*,*,#7944,.T.);
#11370 = ADVANCED_FACE('',(#11371),#8301,.F.);
#11371 = FACE_BOUND('',#11372,.F.);
#11372 = EDGE_LOOP('',(#11373,#11374,#11375,#11376,#11377,#11378,#11379)
  );
#11373 = ORIENTED_EDGE('',*,*,#9318,.T.);
#11374 = ORIENTED_EDGE('',*,*,#11249,.T.);
#11375 = ORIENTED_EDGE('',*,*,#8215,.T.);
#11376 = ORIENTED_EDGE('',*,*,#10809,.T.);
#11377 = ORIENTED_EDGE('',*,*,#10738,.T.);
#11378 = ORIENTED_EDGE('',*,*,#10648,.T.);
#11379 = ORIENTED_EDGE('',*,*,#10529,.T.);
#11380 = ADVANCED_FACE('',(#11381),#9907,.F.);
#11381 = FACE_BOUND('',#11382,.F.);
#11382 = EDGE_LOOP('',(#11383,#11412,#11432,#11433));
#11383 = ORIENTED_EDGE('',*,*,#11384,.T.);
#11384 = EDGE_CURVE('',#11385,#11385,#11387,.T.);
#11385 = VERTEX_POINT('',#11386);
#11386 = CARTESIAN_POINT('',(350.,-36.7695526217,62.225396744416));
#11387 = SURFACE_CURVE('',#11388,(#11393,#11400),.PCURVE_S1.);
#11388 = ELLIPSE('',#11389,18.,10.);
#11389 = AXIS2_PLACEMENT_3D('',#11390,#11391,#11392);
#11390 = CARTESIAN_POINT('',(350.,-49.49747468305,49.497474683058));
#11391 = DIRECTION('',(1.,-7.850462293419E-17,7.850462293419E-17));
#11392 = DIRECTION('',(1.232595164408E-32,0.707106781187,0.707106781187)
  );
#11393 = PCURVE('',#9907,#11394);
#11394 = DEFINITIONAL_REPRESENTATION('',(#11395),#11399);
#11395 = LINE('',#11396,#11397);
#11396 = CARTESIAN_POINT('',(0.,0.));
#11397 = VECTOR('',#11398,1.);
#11398 = DIRECTION('',(1.,0.));
#11399 = ( GEOMETRIC_REPRESENTATION_CONTEXT(2) 
PARAMETRIC_REPRESENTATION_CONTEXT() REPRESENTATION_CONTEXT('2D SPACE',''
  ) );
#11400 = PCURVE('',#11401,#11406);
#11401 = PLANE('',#11402);
#11402 = AXIS2_PLACEMENT_3D('',#11403,#11404,#11405);
#11403 = CARTESIAN_POINT('',(350.,-49.49747468305,49.497474683058));
#11404 = DIRECTION('',(1.,-7.850462293419E-17,7.850462293419E-17));
#11405 = DIRECTION('',(1.232595164408E-32,0.707106781187,0.707106781187)
  );
#11406 = DEFINITIONAL_REPRESENTATION('',(#11407),#11411);
#11407 = ELLIPSE('',#11408,18.,10.);
#11408 = AXIS2_PLACEMENT_2D('',#11409,#11410);
#11409 = CARTESIAN_POINT('',(0.,0.));
#11410 = DIRECTION('',(1.,0.));
#11411 = ( GEOMETRIC_REPRESENTATION_CONTEXT(2) 
PARAMETRIC_REPRESENTATION_CONTEXT() REPRESENTATION_CONTEXT('2D SPACE',''
  ) );
#11412 = ORIENTED_EDGE('',*,*,#11413,.T.);
#11413 = EDGE_CURVE('',#11385,#9891,#11414,.T.);
#11414 = SEAM_CURVE('',#11415,(#11418,#11425),.PCURVE_S1.);
#11415 = B_SPLINE_CURVE_WITH_KNOTS('',1,(#11416,#11417),.UNSPECIFIED.,
  .F.,.F.,(2,2),(0.,1.),.PIECEWISE_BEZIER_KNOTS.);
#11416 = CARTESIAN_POINT('',(350.,-36.7695526217,62.225396744416));
#11417 = CARTESIAN_POINT('',(535.,-46.66904755831,74.953318805774));
#11418 = PCURVE('',#9907,#11419);
#11419 = DEFINITIONAL_REPRESENTATION('',(#11420),#11424);
#11420 = LINE('',#11421,#11422);
#11421 = CARTESIAN_POINT('',(6.28318530718,0.));
#11422 = VECTOR('',#11423,1.);
#11423 = DIRECTION('',(0.,1.));
#11424 = ( GEOMETRIC_REPRESENTATION_CONTEXT(2) 
PARAMETRIC_REPRESENTATION_CONTEXT() REPRESENTATION_CONTEXT('2D SPACE',''
  ) );
#11425 = PCURVE('',#9907,#11426);
#11426 = DEFINITIONAL_REPRESENTATION('',(#11427),#11431);
#11427 = LINE('',#11428,#11429);
#11428 = CARTESIAN_POINT('',(0.,0.));
#11429 = VECTOR('',#11430,1.);
#11430 = DIRECTION('',(0.,1.));
#11431 = ( GEOMETRIC_REPRESENTATION_CONTEXT(2) 
PARAMETRIC_REPRESENTATION_CONTEXT() REPRESENTATION_CONTEXT('2D SPACE',''
  ) );
#11432 = ORIENTED_EDGE('',*,*,#9890,.F.);
#11433 = ORIENTED_EDGE('',*,*,#11413,.F.);
#11434 = ADVANCED_FACE('',(#11435),#9987,.F.);
#11435 = FACE_BOUND('',#11436,.F.);
#11436 = EDGE_LOOP('',(#11437,#11466,#11486,#11487));
#11437 = ORIENTED_EDGE('',*,*,#11438,.T.);
#11438 = EDGE_CURVE('',#11439,#11439,#11441,.T.);
#11439 = VERTEX_POINT('',#11440);
#11440 = CARTESIAN_POINT('',(350.,62.225396744416,36.7695526217));
#11441 = SURFACE_CURVE('',#11442,(#11447,#11454),.PCURVE_S1.);
#11442 = ELLIPSE('',#11443,18.,10.);
#11443 = AXIS2_PLACEMENT_3D('',#11444,#11445,#11446);
#11444 = CARTESIAN_POINT('',(350.,49.497474683058,49.497474683058));
#11445 = DIRECTION('',(1.,7.850462293419E-17,7.850462293419E-17));
#11446 = DIRECTION('',(1.232595164408E-32,0.707106781187,-0.707106781187
    ));
#11447 = PCURVE('',#9987,#11448);
#11448 = DEFINITIONAL_REPRESENTATION('',(#11449),#11453);
#11449 = LINE('',#11450,#11451);
#11450 = CARTESIAN_POINT('',(0.,0.));
#11451 = VECTOR('',#11452,1.);
#11452 = DIRECTION('',(1.,0.));
#11453 = ( GEOMETRIC_REPRESENTATION_CONTEXT(2) 
PARAMETRIC_REPRESENTATION_CONTEXT() REPRESENTATION_CONTEXT('2D SPACE',''
  ) );
#11454 = PCURVE('',#11455,#11460);
#11455 = PLANE('',#11456);
#11456 = AXIS2_PLACEMENT_3D('',#11457,#11458,#11459);
#11457 = CARTESIAN_POINT('',(350.,49.497474683058,49.497474683058));
#11458 = DIRECTION('',(1.,7.850462293419E-17,7.850462293419E-17));
#11459 = DIRECTION('',(1.232595164408E-32,0.707106781187,-0.707106781187
    ));
#11460 = DEFINITIONAL_REPRESENTATION('',(#11461),#11465);
#11461 = ELLIPSE('',#11462,18.,10.);
#11462 = AXIS2_PLACEMENT_2D('',#11463,#11464);
#11463 = CARTESIAN_POINT('',(0.,0.));
#11464 = DIRECTION('',(1.,0.));
#11465 = ( GEOMETRIC_REPRESENTATION_CONTEXT(2) 
PARAMETRIC_REPRESENTATION_CONTEXT() REPRESENTATION_CONTEXT('2D SPACE',''
  ) );
#11466 = ORIENTED_EDGE('',*,*,#11467,.T.);
#11467 = EDGE_CURVE('',#11439,#9971,#11468,.T.);
#11468 = SEAM_CURVE('',#11469,(#11472,#11479),.PCURVE_S1.);
#11469 = B_SPLINE_CURVE_WITH_KNOTS('',1,(#11470,#11471),.UNSPECIFIED.,
  .F.,.F.,(2,2),(0.,1.),.PIECEWISE_BEZIER_KNOTS.);
#11470 = CARTESIAN_POINT('',(350.,62.225396744416,36.7695526217));
#11471 = CARTESIAN_POINT('',(535.,74.953318805774,46.669047558312));
#11472 = PCURVE('',#9987,#11473);
#11473 = DEFINITIONAL_REPRESENTATION('',(#11474),#11478);
#11474 = LINE('',#11475,#11476);
#11475 = CARTESIAN_POINT('',(6.28318530718,0.));
#11476 = VECTOR('',#11477,1.);
#11477 = DIRECTION('',(0.,1.));
#11478 = ( GEOMETRIC_REPRESENTATION_CONTEXT(2) 
PARAMETRIC_REPRESENTATION_CONTEXT() REPRESENTATION_CONTEXT('2D SPACE',''
  ) );
#11479 = PCURVE('',#9987,#11480);
#11480 = DEFINITIONAL_REPRESENTATION('',(#11481),#11485);
#11481 = LINE('',#11482,#11483);
#11482 = CARTESIAN_POINT('',(0.,0.));
#11483 = VECTOR('',#11484,1.);
#11484 = DIRECTION('',(0.,1.));
#11485 = ( GEOMETRIC_REPRESENTATION_CONTEXT(2) 
PARAMETRIC_REPRESENTATION_CONTEXT() REPRESENTATION_CONTEXT('2D SPACE',''
  ) );
#11486 = ORIENTED_EDGE('',*,*,#9970,.F.);
#11487 = ORIENTED_EDGE('',*,*,#11467,.F.);
#11488 = ADVANCED_FACE('',(#11489),#10997,.F.);
#11489 = FACE_BOUND('',#11490,.F.);
#11490 = EDGE_LOOP('',(#11491,#11546,#11566,#11567));
#11491 = ORIENTED_EDGE('',*,*,#11492,.T.);
#11492 = EDGE_CURVE('',#11493,#11493,#11495,.T.);
#11493 = VERTEX_POINT('',#11494);
#11494 = CARTESIAN_POINT('',(535.,46.669047558312,-74.95331880577));
#11495 = SURFACE_CURVE('',#11496,(#11501,#11508),.PCURVE_S1.);
#11496 = ELLIPSE('',#11497,20.,17.);
#11497 = AXIS2_PLACEMENT_3D('',#11498,#11499,#11500);
#11498 = CARTESIAN_POINT('',(535.,60.811183182043,-60.81118318204));
#11499 = DIRECTION('',(1.,7.850462293419E-17,-7.850462293419E-17));
#11500 = DIRECTION('',(1.232595164408E-32,-0.707106781187,
    -0.707106781187));
#11501 = PCURVE('',#10997,#11502);
#11502 = DEFINITIONAL_REPRESENTATION('',(#11503),#11507);
#11503 = LINE('',#11504,#11505);
#11504 = CARTESIAN_POINT('',(0.,0.));
#11505 = VECTOR('',#11506,1.);
#11506 = DIRECTION('',(1.,0.));
#11507 = ( GEOMETRIC_REPRESENTATION_CONTEXT(2) 
PARAMETRIC_REPRESENTATION_CONTEXT() REPRESENTATION_CONTEXT('2D SPACE',''
  ) );
#11508 = PCURVE('',#11509,#11540);
#11509 = B_SPLINE_SURFACE_WITH_KNOTS('',14,1,(
    (#11510,#11511)
    ,(#11512,#11513)
    ,(#11514,#11515)
    ,(#11516,#11517)
    ,(#11518,#11519)
    ,(#11520,#11521)
    ,(#11522,#11523)
    ,(#11524,#11525)
    ,(#11526,#11527)
    ,(#11528,#11529)
    ,(#11530,#11531)
    ,(#11532,#11533)
    ,(#11534,#11535)
    ,(#11536,#11537)
    ,(#11538,#11539
    )),.UNSPECIFIED.,.T.,.F.,.F.,(15,15),(2,2),(0.,6.28318530718),(0.,1.
    ),.PIECEWISE_BEZIER_KNOTS.);
#11510 = CARTESIAN_POINT('',(350.,36.7695526217,-62.22539674441));
#11511 = CARTESIAN_POINT('',(535.,46.669047558312,-74.95331880577));
#11512 = CARTESIAN_POINT('',(349.99999999993,39.943040434665,
    -65.39888455738));
#11513 = CARTESIAN_POINT('',(535.00000000008,52.063976840364,
    -80.34824808782));
#11514 = CARTESIAN_POINT('',(350.00000000031,45.877398502421,
    -65.81150445843));
#11515 = CARTESIAN_POINT('',(534.99999999966,60.526540428629,
    -82.67554704644));
#11516 = CARTESIAN_POINT('',(349.99999999899,53.769512600502,
    -62.66013516426));
#11517 = CARTESIAN_POINT('',(535.00000000076,70.691442063382,
    -80.56991157859));
#11518 = CARTESIAN_POINT('',(350.00000000237,61.99061397544,
    -55.96749104875));
#11519 = CARTESIAN_POINT('',(534.99999999883,80.276044894839,
    -73.58368608756));
#11520 = CARTESIAN_POINT('',(349.99999999565,68.374206746021,
    -46.86972921631));
#11521 = CARTESIAN_POINT('',(535.00000000118,86.569753750256,
    -62.6758898281));
#11522 = CARTESIAN_POINT('',(350.00000000634,70.867375161683,
    -37.54461365388));
#11523 = CARTESIAN_POINT('',(534.99999999931,87.328311995535,
    -50.30302143165));
#11524 = CARTESIAN_POINT('',(349.99999999251,68.383529481653,
    -30.61141988333));
#11525 = CARTESIAN_POINT('',(534.9999999999,81.795688514213,
    -39.82667784905));
#11526 = CARTESIAN_POINT('',(350.00000000716,61.450335713241,
    -28.12757420544));
#11527 = CARTESIAN_POINT('',(535.00000000071,71.319344933164,
    -34.29405436927));
#11528 = CARTESIAN_POINT('',(349.99999999442,52.125220149068,
    -30.62074261936));
#11529 = CARTESIAN_POINT('',(534.99999999909,58.946476535466,
    -35.05261261332));
#11530 = CARTESIAN_POINT('',(350.00000000348,43.027458317786,
    -37.0043353911));
#11531 = CARTESIAN_POINT('',(535.00000000072,48.038680276802,
    -41.34632146952));
#11532 = CARTESIAN_POINT('',(349.99999999829,36.334814201661,
    -45.22543676542));
#11533 = CARTESIAN_POINT('',(534.99999999959,41.05245478537,
    -50.93092430058));
#11534 = CARTESIAN_POINT('',(350.00000000061,33.183444907748,
    -53.11755086376));
#11535 = CARTESIAN_POINT('',(535.00000000015,38.946819317677,
    -61.09582593549));
#11536 = CARTESIAN_POINT('',(349.99999999986,33.596064808715,
    -59.05190893143));
#11537 = CARTESIAN_POINT('',(534.99999999996,41.27411827625,
    -69.55838952371));
#11538 = CARTESIAN_POINT('',(350.,36.7695526217,-62.22539674441));
#11539 = CARTESIAN_POINT('',(535.,46.669047558312,-74.95331880577));
#11540 = DEFINITIONAL_REPRESENTATION('',(#11541),#11545);
#11541 = LINE('',#11542,#11543);
#11542 = CARTESIAN_POINT('',(0.,1.));
#11543 = VECTOR('',#11544,1.);
#11544 = DIRECTION('',(1.,0.));
#11545 = ( GEOMETRIC_REPRESENTATION_CONTEXT(2) 
PARAMETRIC_REPRESENTATION_CONTEXT() REPRESENTATION_CONTEXT('2D SPACE',''
  ) );
#11546 = ORIENTED_EDGE('',*,*,#11547,.T.);
#11547 = EDGE_CURVE('',#11493,#10961,#11548,.T.);
#11548 = SEAM_CURVE('',#11549,(#11552,#11559),.PCURVE_S1.);
#11549 = B_SPLINE_CURVE_WITH_KNOTS('',1,(#11550,#11551),.UNSPECIFIED.,
  .F.,.F.,(2,2),(0.,1.),.PIECEWISE_BEZIER_KNOTS.);
#11550 = CARTESIAN_POINT('',(535.,46.669047558312,-74.95331880577));
#11551 = CARTESIAN_POINT('',(620.,53.740115370178,-86.26702730475));
#11552 = PCURVE('',#10997,#11553);
#11553 = DEFINITIONAL_REPRESENTATION('',(#11554),#11558);
#11554 = LINE('',#11555,#11556);
#11555 = CARTESIAN_POINT('',(6.28318530718,0.));
#11556 = VECTOR('',#11557,1.);
#11557 = DIRECTION('',(0.,1.));
#11558 = ( GEOMETRIC_REPRESENTATION_CONTEXT(2) 
PARAMETRIC_REPRESENTATION_CONTEXT() REPRESENTATION_CONTEXT('2D SPACE',''
  ) );
#11559 = PCURVE('',#10997,#11560);
#11560 = DEFINITIONAL_REPRESENTATION('',(#11561),#11565);
#11561 = LINE('',#11562,#11563);
#11562 = CARTESIAN_POINT('',(0.,0.));
#11563 = VECTOR('',#11564,1.);
#11564 = DIRECTION('',(0.,1.));
#11565 = ( GEOMETRIC_REPRESENTATION_CONTEXT(2) 
PARAMETRIC_REPRESENTATION_CONTEXT() REPRESENTATION_CONTEXT('2D SPACE',''
  ) );
#11566 = ORIENTED_EDGE('',*,*,#10982,.F.);
#11567 = ORIENTED_EDGE('',*,*,#11547,.F.);
#11568 = ADVANCED_FACE('',(#11569),#11209,.F.);
#11569 = FACE_BOUND('',#11570,.F.);
#11570 = EDGE_LOOP('',(#11571,#11626,#11646,#11647));
#11571 = ORIENTED_EDGE('',*,*,#11572,.T.);
#11572 = EDGE_CURVE('',#11573,#11573,#11575,.T.);
#11573 = VERTEX_POINT('',#11574);
#11574 = CARTESIAN_POINT('',(535.,-74.95331880577,-46.66904755831));
#11575 = SURFACE_CURVE('',#11576,(#11581,#11588),.PCURVE_S1.);
#11576 = ELLIPSE('',#11577,20.,17.);
#11577 = AXIS2_PLACEMENT_3D('',#11578,#11579,#11580);
#11578 = CARTESIAN_POINT('',(535.,-60.81118318204,-60.81118318204));
#11579 = DIRECTION('',(1.,-7.850462293419E-17,-7.850462293419E-17));
#11580 = DIRECTION('',(1.232595164408E-32,-0.707106781187,0.707106781187
    ));
#11581 = PCURVE('',#11209,#11582);
#11582 = DEFINITIONAL_REPRESENTATION('',(#11583),#11587);
#11583 = LINE('',#11584,#11585);
#11584 = CARTESIAN_POINT('',(0.,0.));
#11585 = VECTOR('',#11586,1.);
#11586 = DIRECTION('',(1.,0.));
#11587 = ( GEOMETRIC_REPRESENTATION_CONTEXT(2) 
PARAMETRIC_REPRESENTATION_CONTEXT() REPRESENTATION_CONTEXT('2D SPACE',''
  ) );
#11588 = PCURVE('',#11589,#11620);
#11589 = B_SPLINE_SURFACE_WITH_KNOTS('',14,1,(
    (#11590,#11591)
    ,(#11592,#11593)
    ,(#11594,#11595)
    ,(#11596,#11597)
    ,(#11598,#11599)
    ,(#11600,#11601)
    ,(#11602,#11603)
    ,(#11604,#11605)
    ,(#11606,#11607)
    ,(#11608,#11609)
    ,(#11610,#11611)
    ,(#11612,#11613)
    ,(#11614,#11615)
    ,(#11616,#11617)
    ,(#11618,#11619
    )),.UNSPECIFIED.,.T.,.F.,.F.,(15,15),(2,2),(0.,6.28318530718),(0.,1.
    ),.PIECEWISE_BEZIER_KNOTS.);
#11590 = CARTESIAN_POINT('',(350.,-62.22539674441,-36.7695526217));
#11591 = CARTESIAN_POINT('',(535.,-74.95331880577,-46.66904755831));
#11592 = CARTESIAN_POINT('',(349.99999999993,-65.39888455738,
    -39.94304043466));
#11593 = CARTESIAN_POINT('',(535.00000000008,-80.34824808782,
    -52.06397684036));
#11594 = CARTESIAN_POINT('',(350.00000000031,-65.81150445843,
    -45.87739850242));
#11595 = CARTESIAN_POINT('',(534.99999999966,-82.67554704644,
    -60.52654042862));
#11596 = CARTESIAN_POINT('',(349.99999999899,-62.66013516426,
    -53.7695126005));
#11597 = CARTESIAN_POINT('',(535.00000000076,-80.56991157859,
    -70.69144206338));
#11598 = CARTESIAN_POINT('',(350.00000000237,-55.96749104875,
    -61.99061397544));
#11599 = CARTESIAN_POINT('',(534.99999999883,-73.58368608756,
    -80.27604489483));
#11600 = CARTESIAN_POINT('',(349.99999999565,-46.86972921631,
    -68.37420674602));
#11601 = CARTESIAN_POINT('',(535.00000000118,-62.6758898281,
    -86.56975375025));
#11602 = CARTESIAN_POINT('',(350.00000000634,-37.54461365388,
    -70.86737516168));
#11603 = CARTESIAN_POINT('',(534.99999999931,-50.30302143165,
    -87.32831199553));
#11604 = CARTESIAN_POINT('',(349.99999999251,-30.61141988333,
    -68.38352948165));
#11605 = CARTESIAN_POINT('',(534.9999999999,-39.82667784905,
    -81.79568851421));
#11606 = CARTESIAN_POINT('',(350.00000000716,-28.12757420544,
    -61.45033571324));
#11607 = CARTESIAN_POINT('',(535.00000000071,-34.29405436927,
    -71.31934493316));
#11608 = CARTESIAN_POINT('',(349.99999999442,-30.62074261936,
    -52.12522014906));
#11609 = CARTESIAN_POINT('',(534.99999999909,-35.05261261332,
    -58.94647653546));
#11610 = CARTESIAN_POINT('',(350.00000000348,-37.0043353911,
    -43.02745831778));
#11611 = CARTESIAN_POINT('',(535.00000000072,-41.34632146952,
    -48.0386802768));
#11612 = CARTESIAN_POINT('',(349.99999999829,-45.22543676542,
    -36.33481420166));
#11613 = CARTESIAN_POINT('',(534.99999999959,-50.93092430058,
    -41.05245478537));
#11614 = CARTESIAN_POINT('',(350.00000000061,-53.11755086376,
    -33.18344490774));
#11615 = CARTESIAN_POINT('',(535.00000000015,-61.09582593549,
    -38.94681931767));
#11616 = CARTESIAN_POINT('',(349.99999999986,-59.05190893143,
    -33.59606480871));
#11617 = CARTESIAN_POINT('',(534.99999999996,-69.55838952371,
    -41.27411827625));
#11618 = CARTESIAN_POINT('',(350.,-62.22539674441,-36.7695526217));
#11619 = CARTESIAN_POINT('',(535.,-74.95331880577,-46.66904755831));
#11620 = DEFINITIONAL_REPRESENTATION('',(#11621),#11625);
#11621 = LINE('',#11622,#11623);
#11622 = CARTESIAN_POINT('',(0.,1.));
#11623 = VECTOR('',#11624,1.);
#11624 = DIRECTION('',(1.,0.));
#11625 = ( GEOMETRIC_REPRESENTATION_CONTEXT(2) 
PARAMETRIC_REPRESENTATION_CONTEXT() REPRESENTATION_CONTEXT('2D SPACE',''
  ) );
#11626 = ORIENTED_EDGE('',*,*,#11627,.T.);
#11627 = EDGE_CURVE('',#11573,#11173,#11628,.T.);
#11628 = SEAM_CURVE('',#11629,(#11632,#11639),.PCURVE_S1.);
#11629 = B_SPLINE_CURVE_WITH_KNOTS('',1,(#11630,#11631),.UNSPECIFIED.,
  .F.,.F.,(2,2),(0.,1.),.PIECEWISE_BEZIER_KNOTS.);
#11630 = CARTESIAN_POINT('',(535.,-74.95331880577,-46.66904755831));
#11631 = CARTESIAN_POINT('',(620.,-86.26702730475,-53.74011537017));
#11632 = PCURVE('',#11209,#11633);
#11633 = DEFINITIONAL_REPRESENTATION('',(#11634),#11638);
#11634 = LINE('',#11635,#11636);
#11635 = CARTESIAN_POINT('',(6.28318530718,0.));
#11636 = VECTOR('',#11637,1.);
#11637 = DIRECTION('',(0.,1.));
#11638 = ( GEOMETRIC_REPRESENTATION_CONTEXT(2) 
PARAMETRIC_REPRESENTATION_CONTEXT() REPRESENTATION_CONTEXT('2D SPACE',''
  ) );
#11639 = PCURVE('',#11209,#11640);
#11640 = DEFINITIONAL_REPRESENTATION('',(#11641),#11645);
#11641 = LINE('',#11642,#11643);
#11642 = CARTESIAN_POINT('',(0.,0.));
#11643 = VECTOR('',#11644,1.);
#11644 = DIRECTION('',(0.,1.));
#11645 = ( GEOMETRIC_REPRESENTATION_CONTEXT(2) 
PARAMETRIC_REPRESENTATION_CONTEXT() REPRESENTATION_CONTEXT('2D SPACE',''
  ) );
#11646 = ORIENTED_EDGE('',*,*,#11194,.F.);
#11647 = ORIENTED_EDGE('',*,*,#11627,.F.);
#11648 = ADVANCED_FACE('',(#11649),#11401,.T.);
#11649 = FACE_BOUND('',#11650,.T.);
#11650 = EDGE_LOOP('',(#11651));
#11651 = ORIENTED_EDGE('',*,*,#11384,.T.);
#11652 = ADVANCED_FACE('',(#11653),#11455,.T.);
#11653 = FACE_BOUND('',#11654,.T.);
#11654 = EDGE_LOOP('',(#11655));
#11655 = ORIENTED_EDGE('',*,*,#11438,.T.);
#11656 = ADVANCED_FACE('',(#11657),#11509,.F.);
#11657 = FACE_BOUND('',#11658,.F.);
#11658 = EDGE_LOOP('',(#11659,#11688,#11708,#11709));
#11659 = ORIENTED_EDGE('',*,*,#11660,.T.);
#11660 = EDGE_CURVE('',#11661,#11661,#11663,.T.);
#11661 = VERTEX_POINT('',#11662);
#11662 = CARTESIAN_POINT('',(350.,36.7695526217,-62.22539674441));
#11663 = SURFACE_CURVE('',#11664,(#11669,#11676),.PCURVE_S1.);
#11664 = ELLIPSE('',#11665,18.,10.);
#11665 = AXIS2_PLACEMENT_3D('',#11666,#11667,#11668);
#11666 = CARTESIAN_POINT('',(350.,49.497474683058,-49.49747468305));
#11667 = DIRECTION('',(1.,7.850462293419E-17,-7.850462293419E-17));
#11668 = DIRECTION('',(1.232595164408E-32,-0.707106781187,
    -0.707106781187));
#11669 = PCURVE('',#11509,#11670);
#11670 = DEFINITIONAL_REPRESENTATION('',(#11671),#11675);
#11671 = LINE('',#11672,#11673);
#11672 = CARTESIAN_POINT('',(0.,0.));
#11673 = VECTOR('',#11674,1.);
#11674 = DIRECTION('',(1.,0.));
#11675 = ( GEOMETRIC_REPRESENTATION_CONTEXT(2) 
PARAMETRIC_REPRESENTATION_CONTEXT() REPRESENTATION_CONTEXT('2D SPACE',''
  ) );
#11676 = PCURVE('',#11677,#11682);
#11677 = PLANE('',#11678);
#11678 = AXIS2_PLACEMENT_3D('',#11679,#11680,#11681);
#11679 = CARTESIAN_POINT('',(350.,49.497474683058,-49.49747468305));
#11680 = DIRECTION('',(1.,7.850462293419E-17,-7.850462293419E-17));
#11681 = DIRECTION('',(1.232595164408E-32,-0.707106781187,
    -0.707106781187));
#11682 = DEFINITIONAL_REPRESENTATION('',(#11683),#11687);
#11683 = ELLIPSE('',#11684,18.,10.);
#11684 = AXIS2_PLACEMENT_2D('',#11685,#11686);
#11685 = CARTESIAN_POINT('',(0.,0.));
#11686 = DIRECTION('',(1.,0.));
#11687 = ( GEOMETRIC_REPRESENTATION_CONTEXT(2) 
PARAMETRIC_REPRESENTATION_CONTEXT() REPRESENTATION_CONTEXT('2D SPACE',''
  ) );
#11688 = ORIENTED_EDGE('',*,*,#11689,.T.);
#11689 = EDGE_CURVE('',#11661,#11493,#11690,.T.);
#11690 = SEAM_CURVE('',#11691,(#11694,#11701),.PCURVE_S1.);
#11691 = B_SPLINE_CURVE_WITH_KNOTS('',1,(#11692,#11693),.UNSPECIFIED.,
  .F.,.F.,(2,2),(0.,1.),.PIECEWISE_BEZIER_KNOTS.);
#11692 = CARTESIAN_POINT('',(350.,36.7695526217,-62.22539674441));
#11693 = CARTESIAN_POINT('',(535.,46.669047558312,-74.95331880577));
#11694 = PCURVE('',#11509,#11695);
#11695 = DEFINITIONAL_REPRESENTATION('',(#11696),#11700);
#11696 = LINE('',#11697,#11698);
#11697 = CARTESIAN_POINT('',(6.28318530718,0.));
#11698 = VECTOR('',#11699,1.);
#11699 = DIRECTION('',(0.,1.));
#11700 = ( GEOMETRIC_REPRESENTATION_CONTEXT(2) 
PARAMETRIC_REPRESENTATION_CONTEXT() REPRESENTATION_CONTEXT('2D SPACE',''
  ) );
#11701 = PCURVE('',#11509,#11702);
#11702 = DEFINITIONAL_REPRESENTATION('',(#11703),#11707);
#11703 = LINE('',#11704,#11705);
#11704 = CARTESIAN_POINT('',(0.,0.));
#11705 = VECTOR('',#11706,1.);
#11706 = DIRECTION('',(0.,1.));
#11707 = ( GEOMETRIC_REPRESENTATION_CONTEXT(2) 
PARAMETRIC_REPRESENTATION_CONTEXT() REPRESENTATION_CONTEXT('2D SPACE',''
  ) );
#11708 = ORIENTED_EDGE('',*,*,#11492,.F.);
#11709 = ORIENTED_EDGE('',*,*,#11689,.F.);
#11710 = ADVANCED_FACE('',(#11711),#11589,.F.);
#11711 = FACE_BOUND('',#11712,.F.);
#11712 = EDGE_LOOP('',(#11713,#11742,#11762,#11763));
#11713 = ORIENTED_EDGE('',*,*,#11714,.T.);
#11714 = EDGE_CURVE('',#11715,#11715,#11717,.T.);
#11715 = VERTEX_POINT('',#11716);
#11716 = CARTESIAN_POINT('',(350.,-62.22539674441,-36.7695526217));
#11717 = SURFACE_CURVE('',#11718,(#11723,#11730),.PCURVE_S1.);
#11718 = ELLIPSE('',#11719,18.,10.);
#11719 = AXIS2_PLACEMENT_3D('',#11720,#11721,#11722);
#11720 = CARTESIAN_POINT('',(350.,-49.49747468305,-49.49747468305));
#11721 = DIRECTION('',(1.,-7.850462293419E-17,-7.850462293419E-17));
#11722 = DIRECTION('',(1.232595164408E-32,-0.707106781187,0.707106781187
    ));
#11723 = PCURVE('',#11589,#11724);
#11724 = DEFINITIONAL_REPRESENTATION('',(#11725),#11729);
#11725 = LINE('',#11726,#11727);
#11726 = CARTESIAN_POINT('',(0.,0.));
#11727 = VECTOR('',#11728,1.);
#11728 = DIRECTION('',(1.,0.));
#11729 = ( GEOMETRIC_REPRESENTATION_CONTEXT(2) 
PARAMETRIC_REPRESENTATION_CONTEXT() REPRESENTATION_CONTEXT('2D SPACE',''
  ) );
#11730 = PCURVE('',#11731,#11736);
#11731 = PLANE('',#11732);
#11732 = AXIS2_PLACEMENT_3D('',#11733,#11734,#11735);
#11733 = CARTESIAN_POINT('',(350.,-49.49747468305,-49.49747468305));
#11734 = DIRECTION('',(1.,-7.850462293419E-17,-7.850462293419E-17));
#11735 = DIRECTION('',(1.232595164408E-32,-0.707106781187,0.707106781187
    ));
#11736 = DEFINITIONAL_REPRESENTATION('',(#11737),#11741);
#11737 = ELLIPSE('',#11738,18.,10.);
#11738 = AXIS2_PLACEMENT_2D('',#11739,#11740);
#11739 = CARTESIAN_POINT('',(0.,0.));
#11740 = DIRECTION('',(1.,0.));
#11741 = ( GEOMETRIC_REPRESENTATION_CONTEXT(2) 
PARAMETRIC_REPRESENTATION_CONTEXT() REPRESENTATION_CONTEXT('2D SPACE',''
  ) );
#11742 = ORIENTED_EDGE('',*,*,#11743,.T.);
#11743 = EDGE_CURVE('',#11715,#11573,#11744,.T.);
#11744 = SEAM_CURVE('',#11745,(#11748,#11755),.PCURVE_S1.);
#11745 = B_SPLINE_CURVE_WITH_KNOTS('',1,(#11746,#11747),.UNSPECIFIED.,
  .F.,.F.,(2,2),(0.,1.),.PIECEWISE_BEZIER_KNOTS.);
#11746 = CARTESIAN_POINT('',(350.,-62.22539674441,-36.7695526217));
#11747 = CARTESIAN_POINT('',(535.,-74.95331880577,-46.66904755831));
#11748 = PCURVE('',#11589,#11749);
#11749 = DEFINITIONAL_REPRESENTATION('',(#11750),#11754);
#11750 = LINE('',#11751,#11752);
#11751 = CARTESIAN_POINT('',(6.28318530718,0.));
#11752 = VECTOR('',#11753,1.);
#11753 = DIRECTION('',(0.,1.));
#11754 = ( GEOMETRIC_REPRESENTATION_CONTEXT(2) 
PARAMETRIC_REPRESENTATION_CONTEXT() REPRESENTATION_CONTEXT('2D SPACE',''
  ) );
#11755 = PCURVE('',#11589,#11756);
#11756 = DEFINITIONAL_REPRESENTATION('',(#11757),#11761);
#11757 = LINE('',#11758,#11759);
#11758 = CARTESIAN_POINT('',(0.,0.));
#11759 = VECTOR('',#11760,1.);
#11760 = DIRECTION('',(0.,1.));
#11761 = ( GEOMETRIC_REPRESENTATION_CONTEXT(2) 
PARAMETRIC_REPRESENTATION_CONTEXT() REPRESENTATION_CONTEXT('2D SPACE',''
  ) );
#11762 = ORIENTED_EDGE('',*,*,#11572,.F.);
#11763 = ORIENTED_EDGE('',*,*,#11743,.F.);
#11764 = ADVANCED_FACE('',(#11765),#11677,.T.);
#11765 = FACE_BOUND('',#11766,.T.);
#11766 = EDGE_LOOP('',(#11767));
#11767 = ORIENTED_EDGE('',*,*,#11660,.T.);
#11768 = ADVANCED_FACE('',(#11769),#11731,.T.);
#11769 = FACE_BOUND('',#11770,.T.);
#11770 = EDGE_LOOP('',(#11771));
#11771 = ORIENTED_EDGE('',*,*,#11714,.T.);
#11772 = ( GEOMETRIC_REPRESENTATION_CONTEXT(3) 
GLOBAL_UNCERTAINTY_ASSIGNED_CONTEXT((#11776)) 
GLOBAL_UNIT_ASSIGNED_CONTEXT((#11773,#11774,#11775)) 
REPRESENTATION_CONTEXT('Context #1',
  '3D Context with UNIT and UNCERTAINTY') );
#11773 = ( LENGTH_UNIT() NAMED_UNIT(*) SI_UNIT(.MILLI.,.METRE.) );
#11774 = ( NAMED_UNIT(*) PLANE_ANGLE_UNIT() SI_UNIT($,.RADIAN.) );
#11775 = ( NAMED_UNIT(*) SI_UNIT($,.STERADIAN.) SOLID_ANGLE_UNIT() );
#11776 = UNCERTAINTY_MEASURE_WITH_UNIT(LENGTH_MEASURE(1.E-05),#11773,
  'distance_accuracy_value','confusion accuracy');
#11777 = CONTEXT_DEPENDENT_SHAPE_REPRESENTATION(#11778,#11780);
#11778 = ( REPRESENTATION_RELATIONSHIP('','',#80,#10) 
REPRESENTATION_RELATIONSHIP_WITH_TRANSFORMATION(#11779) 
SHAPE_REPRESENTATION_RELATIONSHIP() );
#11779 = ITEM_DEFINED_TRANSFORMATION('','',#11,#15);
#11780 = PRODUCT_DEFINITION_SHAPE('Placement','Placement of an item',
  #11781);
#11781 = NEXT_ASSEMBLY_USAGE_OCCURRENCE('1','sustainer_body','',#5,#75,$
  );
#11782 = PRODUCT_RELATED_PRODUCT_CATEGORY('part',$,(#77));
#11783 = SHAPE_DEFINITION_REPRESENTATION(#11784,#11790);
#11784 = PRODUCT_DEFINITION_SHAPE('','',#11785);
#11785 = PRODUCT_DEFINITION('design','',#11786,#11789);
#11786 = PRODUCT_DEFINITION_FORMATION('','',#11787);
#11787 = PRODUCT('radome','radome','',(#11788));
#11788 = PRODUCT_CONTEXT('',#2,'mechanical');
#11789 = PRODUCT_DEFINITION_CONTEXT('part definition',#2,'design');
#11790 = ADVANCED_BREP_SHAPE_REPRESENTATION('',(#11,#11791),#12125);
#11791 = MANIFOLD_SOLID_BREP('',#11792);
#11792 = CLOSED_SHELL('',(#11793,#12117,#12121));
#11793 = ADVANCED_FACE('',(#11794),#11831,.T.);
#11794 = FACE_BOUND('',#11795,.T.);
#11795 = EDGE_LOOP('',(#11796,#12015,#12040,#12116));
#11796 = ORIENTED_EDGE('',*,*,#11797,.T.);
#11797 = EDGE_CURVE('',#11798,#11798,#11800,.T.);
#11798 = VERTEX_POINT('',#11799);
#11799 = CARTESIAN_POINT('',(1.08E+03,0.,-86.));
#11800 = SURFACE_CURVE('',#11801,(#11830,#11978),.PCURVE_S1.);
#11801 = B_SPLINE_CURVE_WITH_KNOTS('',14,(#11802,#11803,#11804,#11805,
    #11806,#11807,#11808,#11809,#11810,#11811,#11812,#11813,#11814,
    #11815,#11816,#11817,#11818,#11819,#11820,#11821,#11822,#11823,
    #11824,#11825,#11826,#11827,#11828,#11829),.UNSPECIFIED.,.T.,.F.,(15
    ,13,15),(0.,0.5,1.),.UNSPECIFIED.);
#11802 = CARTESIAN_POINT('',(1.08E+03,1.42108547152E-14,-86.));
#11803 = CARTESIAN_POINT('',(1.08E+03,19.298354872047,-85.99999999999));
#11804 = CARTESIAN_POINT('',(1.08E+03,38.596708583612,-81.33634068168));
#11805 = CARTESIAN_POINT('',(1.08E+03,56.674126457611,-72.00902286771));
#11806 = CARTESIAN_POINT('',(1.08E+03,72.309638040424,-58.36674379184));
#11807 = CARTESIAN_POINT('',(1.08E+03,84.391896793582,-41.10691261507));
#11808 = CARTESIAN_POINT('',(1.08E+03,92.028555355918,-21.23737888414));
#11809 = CARTESIAN_POINT('',(1.08E+03,94.640946103662,3.905447394053E-13
    ));
#11810 = CARTESIAN_POINT('',(1.08E+03,92.028555355931,21.237378884147));
#11811 = CARTESIAN_POINT('',(1.08E+03,84.391896793573,41.106912615075));
#11812 = CARTESIAN_POINT('',(1.08E+03,72.309638040414,58.366743791842));
#11813 = CARTESIAN_POINT('',(1.08E+03,56.674126457634,72.009022867721));
#11814 = CARTESIAN_POINT('',(1.08E+03,38.596708583593,81.336340681682));
#11815 = CARTESIAN_POINT('',(1.08E+03,19.298354872055,85.999999999999));
#11816 = CARTESIAN_POINT('',(1.08E+03,-19.29835487205,86.000000000002));
#11817 = CARTESIAN_POINT('',(1.08E+03,-38.59670858359,81.336340681675));
#11818 = CARTESIAN_POINT('',(1.08E+03,-56.67412645763,72.00902286773));
#11819 = CARTESIAN_POINT('',(1.08E+03,-72.30963804041,58.366743791838));
#11820 = CARTESIAN_POINT('',(1.08E+03,-84.39189679357,41.106912615072));
#11821 = CARTESIAN_POINT('',(1.08E+03,-92.02855535593,21.237378884152));
#11822 = CARTESIAN_POINT('',(1.08E+03,-94.64094610366,2.994430100703E-14
    ));
#11823 = CARTESIAN_POINT('',(1.08E+03,-92.02855535591,-21.23737888415));
#11824 = CARTESIAN_POINT('',(1.08E+03,-84.39189679358,-41.10691261507));
#11825 = CARTESIAN_POINT('',(1.08E+03,-72.30963804042,-58.36674379183));
#11826 = CARTESIAN_POINT('',(1.08E+03,-56.67412645761,-72.00902286772));
#11827 = CARTESIAN_POINT('',(1.08E+03,-38.5967085836,-81.33634068167));
#11828 = CARTESIAN_POINT('',(1.08E+03,-19.29835487204,-86.));
#11829 = CARTESIAN_POINT('',(1.08E+03,-9.488975757801E-15,-86.));
#11830 = PCURVE('',#11831,#11972);
#11831 = ( BOUNDED_SURFACE() B_SPLINE_SURFACE(14,4,(
    (#11832,#11833,#11834,#11835,#11836)
    ,(#11837,#11838,#11839,#11840,#11841)
    ,(#11842,#11843,#11844,#11845,#11846)
    ,(#11847,#11848,#11849,#11850,#11851)
    ,(#11852,#11853,#11854,#11855,#11856)
    ,(#11857,#11858,#11859,#11860,#11861)
    ,(#11862,#11863,#11864,#11865,#11866)
    ,(#11867,#11868,#11869,#11870,#11871)
    ,(#11872,#11873,#11874,#11875,#11876)
    ,(#11877,#11878,#11879,#11880,#11881)
    ,(#11882,#11883,#11884,#11885,#11886)
    ,(#11887,#11888,#11889,#11890,#11891)
    ,(#11892,#11893,#11894,#11895,#11896)
    ,(#11897,#11898,#11899,#11900,#11901)
    ,(#11902,#11903,#11904,#11905,#11906)
    ,(#11907,#11908,#11909,#11910,#11911)
    ,(#11912,#11913,#11914,#11915,#11916)
    ,(#11917,#11918,#11919,#11920,#11921)
    ,(#11922,#11923,#11924,#11925,#11926)
    ,(#11927,#11928,#11929,#11930,#11931)
    ,(#11932,#11933,#11934,#11935,#11936)
    ,(#11937,#11938,#11939,#11940,#11941)
    ,(#11942,#11943,#11944,#11945,#11946)
    ,(#11947,#11948,#11949,#11950,#11951)
    ,(#11952,#11953,#11954,#11955,#11956)
    ,(#11957,#11958,#11959,#11960,#11961)
    ,(#11962,#11963,#11964,#11965,#11966)
    ,(#11967,#11968,#11969,#11970,#11971
)),.UNSPECIFIED.,.T.,.F.,.F.) B_SPLINE_SURFACE_WITH_KNOTS((15,13,15),(5,
5),(0.,0.5,1.),(0.,1.),.UNSPECIFIED.) GEOMETRIC_REPRESENTATION_ITEM() 
RATIONAL_B_SPLINE_SURFACE((
    (1.,1.,1.,1.,1.)
    ,(1.,1.,1.,1.,1.)
    ,(1.,1.,1.,1.,1.)
    ,(1.,1.,1.,1.,1.)
    ,(1.,1.,1.,1.,1.)
    ,(1.,1.,1.,1.,1.)
    ,(1.,1.,1.,1.,1.)
    ,(1.,1.,1.,1.,1.)
    ,(1.,1.,1.,1.,1.)
    ,(1.,1.,1.,1.,1.)
    ,(1.,1.,1.,1.,1.)
    ,(1.,1.,1.,1.,1.)
    ,(1.,1.,1.,1.,1.)
    ,(1.,1.,1.,1.,1.)
    ,(1.,1.,1.,1.,1.)
    ,(1.,1.,1.,1.,1.)
    ,(1.,1.,1.,1.,1.)
    ,(1.,1.,1.,1.,1.)
    ,(1.,1.,1.,1.,1.)
    ,(1.,1.,1.,1.,1.)
    ,(1.,1.,1.,1.,1.)
    ,(1.,1.,1.,1.,1.)
    ,(1.,1.,1.,1.,1.)
    ,(1.,1.,1.,1.,1.)
    ,(1.,1.,1.,1.,1.)
    ,(1.,1.,1.,1.,1.)
    ,(1.,1.,1.,1.,1.)
,(1.,1.,1.,1.,1.))) REPRESENTATION_ITEM('') SURFACE() );
#11832 = CARTESIAN_POINT('',(1.08E+03,1.42108547152E-14,-86.));
#11833 = CARTESIAN_POINT('',(1.231952404954E+03,1.162045388418E-13,
    -86.43746137027));
#11834 = CARTESIAN_POINT('',(1.389499433831E+03,-1.910623685013E-13,
    -83.37630320768));
#11835 = CARTESIAN_POINT('',(1.535719262004E+03,6.564265015957E-14,
    -38.58434233802));
#11836 = CARTESIAN_POINT('',(1.6835E+03,-1.204169609348E-15,-0.8));
#11837 = CARTESIAN_POINT('',(1.08E+03,19.298354872047,-85.99999999999));
#11838 = CARTESIAN_POINT('',(1.231952404954E+03,19.396520974002,
    -86.43746137029));
#11839 = CARTESIAN_POINT('',(1.389499433831E+03,18.709598688596,
    -83.37630320765));
#11840 = CARTESIAN_POINT('',(1.535719262004E+03,8.658306173781,
    -38.58434233804));
#11841 = CARTESIAN_POINT('',(1.6835E+03,0.179519580205,-0.8));
#11842 = CARTESIAN_POINT('',(1.08E+03,38.596708583612,-81.33634068168));
#11843 = CARTESIAN_POINT('',(1.231952404954E+03,38.793044282512,
    -81.75008003782));
#11844 = CARTESIAN_POINT('',(1.389499433831E+03,37.419190177909,
    -78.85492168247));
#11845 = CARTESIAN_POINT('',(1.535719262004E+03,17.316615718624,
    -36.49196874493));
#11846 = CARTESIAN_POINT('',(1.6835E+03,0.359039193543,-0.756616885457)
  );
#11847 = CARTESIAN_POINT('',(1.08E+03,56.674126457611,-72.00902286771));
#11848 = CARTESIAN_POINT('',(1.231952404954E+03,56.962403262564,
    -72.37531291746));
#11849 = CARTESIAN_POINT('',(1.389499433831E+03,54.945125292949,
    -69.81216877964));
#11850 = CARTESIAN_POINT('',(1.535719262004E+03,25.427126240622,
    -32.30721533264));
#11851 = CARTESIAN_POINT('',(1.6835E+03,0.527201039817,-0.669851840156)
  );
#11852 = CARTESIAN_POINT('',(1.08E+03,72.309638040424,-58.36674379184));
#11853 = CARTESIAN_POINT('',(1.231952404954E+03,72.677472853256,
    -58.66364454051));
#11854 = CARTESIAN_POINT('',(1.389499433831E+03,70.103585603319,
    -56.58607975863));
#11855 = CARTESIAN_POINT('',(1.535719262004E+03,32.442105513248,
    -26.18654338423));
#11856 = CARTESIAN_POINT('',(1.6835E+03,0.672647959215,-0.542946318009)
  );
#11857 = CARTESIAN_POINT('',(1.08E+03,84.391896793582,-41.10691261507));
#11858 = CARTESIAN_POINT('',(1.231952404954E+03,84.821173564091,
    -41.31601138873));
#11859 = CARTESIAN_POINT('',(1.389499433831E+03,81.817268097845,
    -39.85282255756));
#11860 = CARTESIAN_POINT('',(1.535719262004E+03,37.862853489217,
    -18.44282543087));
#11861 = CARTESIAN_POINT('',(1.6835E+03,0.785040843133,-0.382389628093)
  );
#11862 = CARTESIAN_POINT('',(1.08E+03,92.028555355918,-21.23737888414));
#11863 = CARTESIAN_POINT('',(1.231952404954E+03,92.496677766342,
    -21.34540971501));
#11864 = CARTESIAN_POINT('',(1.389499433831E+03,89.220947064939,
    -20.58946437029));
#11865 = CARTESIAN_POINT('',(1.535719262004E+03,41.289079398298,
    -9.528260784031));
#11866 = CARTESIAN_POINT('',(1.6835E+03,0.856079524795,-0.19755706265));
#11867 = CARTESIAN_POINT('',(1.08E+03,94.640946103662,3.905447394053E-13
    ));
#11868 = CARTESIAN_POINT('',(1.231952404954E+03,95.122368268842,
    3.003714212871E-07));
#11869 = CARTESIAN_POINT('',(1.389499433831E+03,91.753619383609,
    -5.39425993009E-07));
#11870 = CARTESIAN_POINT('',(1.535719262004E+03,42.461154338323,
    4.053283957717E-07));
#11871 = CARTESIAN_POINT('',(1.6835E+03,0.880380973976,
    -1.189428016635E-07));
#11872 = CARTESIAN_POINT('',(1.08E+03,92.028555355931,21.237378884147));
#11873 = CARTESIAN_POINT('',(1.231952404954E+03,92.496680379364,
    21.345409533727));
#11874 = CARTESIAN_POINT('',(1.389499433831E+03,89.220942531261,
    20.58946467203));
#11875 = CARTESIAN_POINT('',(1.535719262004E+03,41.28908230302,
    9.528260632566));
#11876 = CARTESIAN_POINT('',(1.6835E+03,0.856079557581,0.197556974371));
#11877 = CARTESIAN_POINT('',(1.08E+03,84.391896793573,41.106912615075));
#11878 = CARTESIAN_POINT('',(1.231952404954E+03,84.821174131693,
    41.316011993256));
#11879 = CARTESIAN_POINT('',(1.389499433831E+03,81.817267113038,
    39.852821546151));
#11880 = CARTESIAN_POINT('',(1.535719262004E+03,37.862854120172,
    18.442825956495));
#11881 = CARTESIAN_POINT('',(1.6835E+03,0.785040850255,0.382389887161));
#11882 = CARTESIAN_POINT('',(1.08E+03,72.309638040414,58.366743791842));
#11883 = CARTESIAN_POINT('',(1.231952404954E+03,72.677466605783,
    58.663642421458));
#11884 = CARTESIAN_POINT('',(1.389499433831E+03,70.103596442882,
    56.586083467727));
#11885 = CARTESIAN_POINT('',(1.535719262004E+03,32.44209856837,
    26.18654090181));
#11886 = CARTESIAN_POINT('',(1.6835E+03,0.672647880825,0.542946509284));
#11887 = CARTESIAN_POINT('',(1.08E+03,56.674126457634,72.009022867721));
#11888 = CARTESIAN_POINT('',(1.231952404954E+03,56.962410309976,
    72.375315075912));
#11889 = CARTESIAN_POINT('',(1.389499433831E+03,54.94511306547,
    69.81216496428));
#11890 = CARTESIAN_POINT('',(1.535719262004E+03,25.427134074744,
    32.307218007188));
#11891 = CARTESIAN_POINT('',(1.6835E+03,0.527201128244,0.66985139454));
#11892 = CARTESIAN_POINT('',(1.08E+03,38.596708583593,81.336340681682));
#11893 = CARTESIAN_POINT('',(1.231952404954E+03,38.793041452894,
    81.750079208769));
#11894 = CARTESIAN_POINT('',(1.389499433831E+03,37.419195087381,
    78.854923158011));
#11895 = CARTESIAN_POINT('',(1.535719262004E+03,17.316612573127,
    36.491967678282));
#11896 = CARTESIAN_POINT('',(1.6835E+03,0.359039158038,0.756617124265));
#11897 = CARTESIAN_POINT('',(1.08E+03,19.298354872055,85.999999999999));
#11898 = CARTESIAN_POINT('',(1.231952404954E+03,19.396520879462,
    86.437461383715));
#11899 = CARTESIAN_POINT('',(1.389499433831E+03,18.709598852631,
    83.376303182726));
#11900 = CARTESIAN_POINT('',(1.535719262004E+03,8.65830606869,
    38.584342359389));
#11901 = CARTESIAN_POINT('',(1.6835E+03,0.179519579019,0.799999989128));
#11902 = CARTESIAN_POINT('',(1.08E+03,-19.29835487205,86.000000000002));
#11903 = CARTESIAN_POINT('',(1.231952404954E+03,-19.39652087946,
    86.43746138371));
#11904 = CARTESIAN_POINT('',(1.389499433831E+03,-18.70959885262,
    83.376303182738));
#11905 = CARTESIAN_POINT('',(1.535719262004E+03,-8.658306068691,
    38.584342359387));
#11906 = CARTESIAN_POINT('',(1.6835E+03,-0.179519579019,0.799999989128)
  );
#11907 = CARTESIAN_POINT('',(1.08E+03,-38.59670858359,81.336340681675));
#11908 = CARTESIAN_POINT('',(1.231952404954E+03,-38.79304145286,
    81.75007920878));
#11909 = CARTESIAN_POINT('',(1.389499433831E+03,-37.4191950874,
    78.854923157982));
#11910 = CARTESIAN_POINT('',(1.535719262004E+03,-17.31661257312,
    36.491967678287));
#11911 = CARTESIAN_POINT('',(1.6835E+03,-0.359039158038,0.756617124265)
  );
#11912 = CARTESIAN_POINT('',(1.08E+03,-56.67412645763,72.00902286773));
#11913 = CARTESIAN_POINT('',(1.231952404954E+03,-56.96241031001,
    72.375315075901));
#11914 = CARTESIAN_POINT('',(1.389499433831E+03,-54.94511306543,
    69.812164964313));
#11915 = CARTESIAN_POINT('',(1.535719262004E+03,-25.42713407474,
    32.307218007182));
#11916 = CARTESIAN_POINT('',(1.6835E+03,-0.527201128244,0.66985139454));
#11917 = CARTESIAN_POINT('',(1.08E+03,-72.30963804041,58.366743791838));
#11918 = CARTESIAN_POINT('',(1.231952404954E+03,-72.67746660576,
    58.66364242146));
#11919 = CARTESIAN_POINT('',(1.389499433831E+03,-70.1035964429,
    56.586083467715));
#11920 = CARTESIAN_POINT('',(1.535719262004E+03,-32.44209856836,
    26.186540901811));
#11921 = CARTESIAN_POINT('',(1.6835E+03,-0.672647880825,0.542946509284)
  );
#11922 = CARTESIAN_POINT('',(1.08E+03,-84.39189679357,41.106912615072));
#11923 = CARTESIAN_POINT('',(1.231952404954E+03,-84.82117413167,
    41.316011993262));
#11924 = CARTESIAN_POINT('',(1.389499433831E+03,-81.81726711305,
    39.852821546139));
#11925 = CARTESIAN_POINT('',(1.535719262004E+03,-37.86285412017,
    18.442825956497));
#11926 = CARTESIAN_POINT('',(1.6835E+03,-0.785040850255,0.382389887161)
  );
#11927 = CARTESIAN_POINT('',(1.08E+03,-92.02855535593,21.237378884152));
#11928 = CARTESIAN_POINT('',(1.231952404954E+03,-92.49668037938,
    21.345409533724));
#11929 = CARTESIAN_POINT('',(1.389499433831E+03,-89.22094253123,
    20.589464672046));
#11930 = CARTESIAN_POINT('',(1.535719262004E+03,-41.28908230302,
    9.528260632564));
#11931 = CARTESIAN_POINT('',(1.6835E+03,-0.856079557581,0.197556974371)
  );
#11932 = CARTESIAN_POINT('',(1.08E+03,-94.64094610366,2.994430100703E-14
    ));
#11933 = CARTESIAN_POINT('',(1.231952404954E+03,-95.12236826884,
    3.00368384619E-07));
#11934 = CARTESIAN_POINT('',(1.389499433831E+03,-91.7536193836,
    -5.394255208327E-07));
#11935 = CARTESIAN_POINT('',(1.535719262004E+03,-42.46115433832,
    4.053283478142E-07));
#11936 = CARTESIAN_POINT('',(1.6835E+03,-0.880380973976,
    -1.189428046888E-07));
#11937 = CARTESIAN_POINT('',(1.08E+03,-92.02855535591,-21.23737888415));
#11938 = CARTESIAN_POINT('',(1.231952404954E+03,-92.49667776632,
    -21.34540971501));
#11939 = CARTESIAN_POINT('',(1.389499433831E+03,-89.22094706495,
    -20.58946437031));
#11940 = CARTESIAN_POINT('',(1.535719262004E+03,-41.28907939829,
    -9.528260784028));
#11941 = CARTESIAN_POINT('',(1.6835E+03,-0.856079524795,-0.19755706265)
  );
#11942 = CARTESIAN_POINT('',(1.08E+03,-84.39189679358,-41.10691261507));
#11943 = CARTESIAN_POINT('',(1.231952404954E+03,-84.8211735641,
    -41.31601138873));
#11944 = CARTESIAN_POINT('',(1.389499433831E+03,-81.81726809782,
    -39.85282255755));
#11945 = CARTESIAN_POINT('',(1.535719262004E+03,-37.86285348922,
    -18.44282543087));
#11946 = CARTESIAN_POINT('',(1.6835E+03,-0.785040843133,-0.382389628093)
  );
#11947 = CARTESIAN_POINT('',(1.08E+03,-72.30963804042,-58.36674379183));
#11948 = CARTESIAN_POINT('',(1.231952404954E+03,-72.67747285327,
    -58.66364454052));
#11949 = CARTESIAN_POINT('',(1.389499433831E+03,-70.10358560331,
    -56.58607975862));
#11950 = CARTESIAN_POINT('',(1.535719262004E+03,-32.44210551324,
    -26.18654338423));
#11951 = CARTESIAN_POINT('',(1.6835E+03,-0.672647959215,-0.542946318009)
  );
#11952 = CARTESIAN_POINT('',(1.08E+03,-56.67412645761,-72.00902286772));
#11953 = CARTESIAN_POINT('',(1.231952404954E+03,-56.96240326252,
    -72.37531291746));
#11954 = CARTESIAN_POINT('',(1.389499433831E+03,-54.945125293,
    -69.81216877967));
#11955 = CARTESIAN_POINT('',(1.535719262004E+03,-25.4271262406,
    -32.30721533264));
#11956 = CARTESIAN_POINT('',(1.6835E+03,-0.527201039817,-0.669851840156)
  );
#11957 = CARTESIAN_POINT('',(1.08E+03,-38.5967085836,-81.33634068167));
#11958 = CARTESIAN_POINT('',(1.231952404954E+03,-38.79304428256,
    -81.75008003782));
#11959 = CARTESIAN_POINT('',(1.389499433831E+03,-37.41919017783,
    -78.85492168244));
#11960 = CARTESIAN_POINT('',(1.535719262004E+03,-17.31661571865,
    -36.49196874494));
#11961 = CARTESIAN_POINT('',(1.6835E+03,-0.359039193543,-0.756616885457)
  );
#11962 = CARTESIAN_POINT('',(1.08E+03,-19.29835487204,-86.));
#11963 = CARTESIAN_POINT('',(1.231952404954E+03,-19.39652097397,
    -86.43746137028));
#11964 = CARTESIAN_POINT('',(1.389499433831E+03,-18.70959868864,
    -83.37630320766));
#11965 = CARTESIAN_POINT('',(1.535719262004E+03,-8.658306173757,
    -38.58434233804));
#11966 = CARTESIAN_POINT('',(1.6835E+03,-0.179519580205,-0.8));
#11967 = CARTESIAN_POINT('',(1.08E+03,-9.488975757801E-15,-86.));
#11968 = CARTESIAN_POINT('',(1.231952404954E+03,-1.684662337768E-13,
    -86.43746137027));
#11969 = CARTESIAN_POINT('',(1.389499433831E+03,9.789270511525E-14,
    -83.37630320768));
#11970 = CARTESIAN_POINT('',(1.535719262004E+03,-3.661876291941E-14,
    -38.58434233802));
#11971 = CARTESIAN_POINT('',(1.6835E+03,1.23242615009E-15,-0.8));
#11972 = DEFINITIONAL_REPRESENTATION('',(#11973),#11977);
#11973 = LINE('',#11974,#11975);
#11974 = CARTESIAN_POINT('',(0.,0.));
#11975 = VECTOR('',#11976,1.);
#11976 = DIRECTION('',(1.,0.));
#11977 = ( GEOMETRIC_REPRESENTATION_CONTEXT(2) 
PARAMETRIC_REPRESENTATION_CONTEXT() REPRESENTATION_CONTEXT('2D SPACE',''
  ) );
#11978 = PCURVE('',#11979,#11984);
#11979 = PLANE('',#11980);
#11980 = AXIS2_PLACEMENT_3D('',#11981,#11982,#11983);
#11981 = CARTESIAN_POINT('',(1.08E+03,1.42108547152E-14,-86.));
#11982 = DIRECTION('',(-1.,0.,0.));
#11983 = DIRECTION('',(0.,-5.814482866584E-02,0.998308158286));
#11984 = DEFINITIONAL_REPRESENTATION('',(#11985),#12014);
#11985 = B_SPLINE_CURVE_WITH_KNOTS('',14,(#11986,#11987,#11988,#11989,
    #11990,#11991,#11992,#11993,#11994,#11995,#11996,#11997,#11998,
    #11999,#12000,#12001,#12002,#12003,#12004,#12005,#12006,#12007,
    #12008,#12009,#12010,#12011,#12012,#12013),.UNSPECIFIED.,.F.,.F.,(15
    ,13,15),(0.,0.5,1.),.UNSPECIFIED.);
#11986 = CARTESIAN_POINT('',(0.,0.));
#11987 = CARTESIAN_POINT('',(-1.122099537566,19.265705110254));
#11988 = CARTESIAN_POINT('',(2.411570137279,38.802576734008));
#11989 = CARTESIAN_POINT('',(10.671999240878,57.391745774562));
#11990 = CARTESIAN_POINT('',(23.382073597849,73.794032526131));
#11991 = CARTESIAN_POINT('',(39.910183007146,86.859419936499));
#11992 = CARTESIAN_POINT('',(59.302068428375,95.638469115776));
#11993 = CARTESIAN_POINT('',(80.351620016584,99.481283868408));
#11994 = CARTESIAN_POINT('',(101.70496562966,98.108156628849));
#11995 = CARTESIAN_POINT('',(121.98491545826,91.639728718461));
#11996 = CARTESIAN_POINT('',(139.91806659776,80.58148116124));
#11997 = CARTESIAN_POINT('',(154.4463892389,65.765650368662));
#11998 = CARTESIAN_POINT('',(164.80903507251,48.261151920475));
#11999 = CARTESIAN_POINT('',(170.58690368753,29.266615640786));
#12000 = CARTESIAN_POINT('',(172.83110276267,-9.264794579736));
#12001 = CARTESIAN_POINT('',(169.29743308781,-28.80166620346));
#12002 = CARTESIAN_POINT('',(161.03700398424,-47.39083524405));
#12003 = CARTESIAN_POINT('',(148.32692962725,-63.79312199559));
#12004 = CARTESIAN_POINT('',(131.79882021795,-76.85850940596));
#12005 = CARTESIAN_POINT('',(112.40693479674,-85.63755858526));
#12006 = CARTESIAN_POINT('',(91.357383208525,-89.48037333788));
#12007 = CARTESIAN_POINT('',(70.004037595439,-88.10724609831));
#12008 = CARTESIAN_POINT('',(49.724087766846,-81.63881818794));
#12009 = CARTESIAN_POINT('',(31.790936627351,-70.58057063072));
#12010 = CARTESIAN_POINT('',(17.262613986196,-55.76473983811));
#12011 = CARTESIAN_POINT('',(6.899968152607,-38.26024138996));
#12012 = CARTESIAN_POINT('',(1.122099537566,-19.26570511025));
#12013 = CARTESIAN_POINT('',(-1.42108547152E-14,-2.48689957516E-14));
#12014 = ( GEOMETRIC_REPRESENTATION_CONTEXT(2) 
PARAMETRIC_REPRESENTATION_CONTEXT() REPRESENTATION_CONTEXT('2D SPACE',''
  ) );
#12015 = ORIENTED_EDGE('',*,*,#12016,.T.);
#12016 = EDGE_CURVE('',#11798,#12017,#12019,.T.);
#12017 = VERTEX_POINT('',#12018);
#12018 = CARTESIAN_POINT('',(1.6835E+03,0.,-0.8));
#12019 = SEAM_CURVE('',#12020,(#12026,#12033),.PCURVE_S1.);
#12020 = ( BOUNDED_CURVE() B_SPLINE_CURVE(4,(#12021,#12022,#12023,#12024
,#12025),.UNSPECIFIED.,.F.,.F.) B_SPLINE_CURVE_WITH_KNOTS((5,5),(0.,1.),
.PIECEWISE_BEZIER_KNOTS.) CURVE() GEOMETRIC_REPRESENTATION_ITEM() 
RATIONAL_B_SPLINE_CURVE((1.,1.,1.,1.,1.)) REPRESENTATION_ITEM('') );
#12021 = CARTESIAN_POINT('',(1.08E+03,1.42108547152E-14,-86.));
#12022 = CARTESIAN_POINT('',(1.231952404954E+03,1.162045388418E-13,
    -86.43746137027));
#12023 = CARTESIAN_POINT('',(1.389499433831E+03,-1.910623685013E-13,
    -83.37630320768));
#12024 = CARTESIAN_POINT('',(1.535719262004E+03,6.564265015957E-14,
    -38.58434233802));
#12025 = CARTESIAN_POINT('',(1.6835E+03,-1.204169609348E-15,-0.8));
#12026 = PCURVE('',#11831,#12027);
#12027 = DEFINITIONAL_REPRESENTATION('',(#12028),#12032);
#12028 = LINE('',#12029,#12030);
#12029 = CARTESIAN_POINT('',(1.,0.));
#12030 = VECTOR('',#12031,1.);
#12031 = DIRECTION('',(0.,1.));
#12032 = ( GEOMETRIC_REPRESENTATION_CONTEXT(2) 
PARAMETRIC_REPRESENTATION_CONTEXT() REPRESENTATION_CONTEXT('2D SPACE',''
  ) );
#12033 = PCURVE('',#11831,#12034);
#12034 = DEFINITIONAL_REPRESENTATION('',(#12035),#12039);
#12035 = LINE('',#12036,#12037);
#12036 = CARTESIAN_POINT('',(0.,0.));
#12037 = VECTOR('',#12038,1.);
#12038 = DIRECTION('',(0.,1.));
#12039 = ( GEOMETRIC_REPRESENTATION_CONTEXT(2) 
PARAMETRIC_REPRESENTATION_CONTEXT() REPRESENTATION_CONTEXT('2D SPACE',''
  ) );
#12040 = ORIENTED_EDGE('',*,*,#12041,.F.);
#12041 = EDGE_CURVE('',#12017,#12017,#12042,.T.);
#12042 = SURFACE_CURVE('',#12043,(#12072,#12079),.PCURVE_S1.);
#12043 = B_SPLINE_CURVE_WITH_KNOTS('',14,(#12044,#12045,#12046,#12047,
    #12048,#12049,#12050,#12051,#12052,#12053,#12054,#12055,#12056,
    #12057,#12058,#12059,#12060,#12061,#12062,#12063,#12064,#12065,
    #12066,#12067,#12068,#12069,#12070,#12071),.UNSPECIFIED.,.T.,.F.,(15
    ,13,15),(0.,0.5,1.),.UNSPECIFIED.);
#12044 = CARTESIAN_POINT('',(1.6835E+03,-1.204169609348E-15,-0.8));
#12045 = CARTESIAN_POINT('',(1.6835E+03,0.179519580205,-0.8));
#12046 = CARTESIAN_POINT('',(1.6835E+03,0.359039193543,-0.756616885457)
  );
#12047 = CARTESIAN_POINT('',(1.6835E+03,0.527201039817,-0.669851840156)
  );
#12048 = CARTESIAN_POINT('',(1.6835E+03,0.672647959215,-0.542946318009)
  );
#12049 = CARTESIAN_POINT('',(1.6835E+03,0.785040843133,-0.382389628093)
  );
#12050 = CARTESIAN_POINT('',(1.6835E+03,0.856079524795,-0.19755706265));
#12051 = CARTESIAN_POINT('',(1.6835E+03,0.880380973976,
    -1.189428016635E-07));
#12052 = CARTESIAN_POINT('',(1.6835E+03,0.856079557581,0.197556974371));
#12053 = CARTESIAN_POINT('',(1.6835E+03,0.785040850255,0.382389887161));
#12054 = CARTESIAN_POINT('',(1.6835E+03,0.672647880825,0.542946509284));
#12055 = CARTESIAN_POINT('',(1.6835E+03,0.527201128244,0.66985139454));
#12056 = CARTESIAN_POINT('',(1.6835E+03,0.359039158038,0.756617124265));
#12057 = CARTESIAN_POINT('',(1.6835E+03,0.179519579019,0.799999989128));
#12058 = CARTESIAN_POINT('',(1.6835E+03,-0.179519579019,0.799999989128)
  );
#12059 = CARTESIAN_POINT('',(1.6835E+03,-0.359039158038,0.756617124265)
  );
#12060 = CARTESIAN_POINT('',(1.6835E+03,-0.527201128244,0.66985139454));
#12061 = CARTESIAN_POINT('',(1.6835E+03,-0.672647880825,0.542946509284)
  );
#12062 = CARTESIAN_POINT('',(1.6835E+03,-0.785040850255,0.382389887161)
  );
#12063 = CARTESIAN_POINT('',(1.6835E+03,-0.856079557581,0.197556974371)
  );
#12064 = CARTESIAN_POINT('',(1.6835E+03,-0.880380973976,
    -1.189428046888E-07));
#12065 = CARTESIAN_POINT('',(1.6835E+03,-0.856079524795,-0.19755706265)
  );
#12066 = CARTESIAN_POINT('',(1.6835E+03,-0.785040843133,-0.382389628093)
  );
#12067 = CARTESIAN_POINT('',(1.6835E+03,-0.672647959215,-0.542946318009)
  );
#12068 = CARTESIAN_POINT('',(1.6835E+03,-0.527201039817,-0.669851840156)
  );
#12069 = CARTESIAN_POINT('',(1.6835E+03,-0.359039193543,-0.756616885457)
  );
#12070 = CARTESIAN_POINT('',(1.6835E+03,-0.179519580205,-0.8));
#12071 = CARTESIAN_POINT('',(1.6835E+03,1.23242615009E-15,-0.8));
#12072 = PCURVE('',#11831,#12073);
#12073 = DEFINITIONAL_REPRESENTATION('',(#12074),#12078);
#12074 = LINE('',#12075,#12076);
#12075 = CARTESIAN_POINT('',(0.,1.));
#12076 = VECTOR('',#12077,1.);
#12077 = DIRECTION('',(1.,0.));
#12078 = ( GEOMETRIC_REPRESENTATION_CONTEXT(2) 
PARAMETRIC_REPRESENTATION_CONTEXT() REPRESENTATION_CONTEXT('2D SPACE',''
  ) );
#12079 = PCURVE('',#12080,#12085);
#12080 = PLANE('',#12081);
#12081 = AXIS2_PLACEMENT_3D('',#12082,#12083,#12084);
#12082 = CARTESIAN_POINT('',(1.6835E+03,-1.204169609348E-15,-0.8));
#12083 = DIRECTION('',(1.,0.,-0.));
#12084 = DIRECTION('',(0.,5.814482888951E-02,0.998308158272));
#12085 = DEFINITIONAL_REPRESENTATION('',(#12086),#12115);
#12086 = B_SPLINE_CURVE_WITH_KNOTS('',14,(#12087,#12088,#12089,#12090,
    #12091,#12092,#12093,#12094,#12095,#12096,#12097,#12098,#12099,
    #12100,#12101,#12102,#12103,#12104,#12105,#12106,#12107,#12108,
    #12109,#12110,#12111,#12112,#12113,#12114),.UNSPECIFIED.,.F.,.F.,(15
    ,13,15),(0.,0.5,1.),.UNSPECIFIED.);
#12087 = CARTESIAN_POINT('',(0.,0.));
#12088 = CARTESIAN_POINT('',(1.04381352733E-02,-0.179215861488));
#12089 = CARTESIAN_POINT('',(6.418598965251E-02,-0.355909252282));
#12090 = CARTESIAN_POINT('',(0.160581984007,-0.518741656615));
#12091 = CARTESIAN_POINT('',(0.295729788337,-0.656563602975));
#12092 = CARTESIAN_POINT('',(0.462549906749,-0.75943079466));
#12093 = CARTESIAN_POINT('',(0.651200296736,-0.819602232225));
#12094 = CARTESIAN_POINT('',(0.849836008966,-0.832375652512));
#12095 = CARTESIAN_POINT('',(1.045645865247,-0.796628426882));
#12096 = CARTESIAN_POINT('',(1.226035536521,-0.714962827717));
#12097 = CARTESIAN_POINT('',(1.379785452275,-0.593424472082));
#12098 = CARTESIAN_POINT('',(1.498018658009,-0.440844929548));
#12099 = CARTESIAN_POINT('',(1.574859844869,-0.267922484272));
#12100 = CARTESIAN_POINT('',(1.607731177586,-8.618413471336E-02));
#12101 = CARTESIAN_POINT('',(1.586854907178,0.272247585895));
#12102 = CARTESIAN_POINT('',(1.533107304052,0.448940956946));
#12103 = CARTESIAN_POINT('',(1.436710619225,0.611773445205));
#12104 = CARTESIAN_POINT('',(1.301563460408,0.749595262063));
#12105 = CARTESIAN_POINT('',(1.134743404702,0.852462543056));
#12106 = CARTESIAN_POINT('',(0.946092666465,0.912633986046));
#12107 = CARTESIAN_POINT('',(0.747456806787,0.925407364903));
#12108 = CARTESIAN_POINT('',(0.551647101766,0.88966011524));
#12109 = CARTESIAN_POINT('',(0.371257775758,0.807994561894));
#12110 = CARTESIAN_POINT('',(0.217507787354,0.686456287684));
#12111 = CARTESIAN_POINT('',(9.927395550629E-02,0.533876541584));
#12112 = CARTESIAN_POINT('',(2.243344470608E-02,0.360954259825));
#12113 = CARTESIAN_POINT('',(-1.043813527333E-02,0.179215861488));
#12114 = CARTESIAN_POINT('',(-3.330669073875E-16,-2.463307335887E-15));
#12115 = ( GEOMETRIC_REPRESENTATION_CONTEXT(2) 
PARAMETRIC_REPRESENTATION_CONTEXT() REPRESENTATION_CONTEXT('2D SPACE',''
  ) );
#12116 = ORIENTED_EDGE('',*,*,#12016,.F.);
#12117 = ADVANCED_FACE('',(#12118),#11979,.T.);
#12118 = FACE_BOUND('',#12119,.T.);
#12119 = EDGE_LOOP('',(#12120));
#12120 = ORIENTED_EDGE('',*,*,#11797,.F.);
#12121 = ADVANCED_FACE('',(#12122),#12080,.T.);
#12122 = FACE_BOUND('',#12123,.T.);
#12123 = EDGE_LOOP('',(#12124));
#12124 = ORIENTED_EDGE('',*,*,#12041,.T.);
#12125 = ( GEOMETRIC_REPRESENTATION_CONTEXT(3) 
GLOBAL_UNCERTAINTY_ASSIGNED_CONTEXT((#12129)) 
GLOBAL_UNIT_ASSIGNED_CONTEXT((#12126,#12127,#12128)) 
REPRESENTATION_CONTEXT('Context #1',
  '3D Context with UNIT and UNCERTAINTY') );
#12126 = ( LENGTH_UNIT() NAMED_UNIT(*) SI_UNIT(.MILLI.,.METRE.) );
#12127 = ( NAMED_UNIT(*) PLANE_ANGLE_UNIT() SI_UNIT($,.RADIAN.) );
#12128 = ( NAMED_UNIT(*) SI_UNIT($,.STERADIAN.) SOLID_ANGLE_UNIT() );
#12129 = UNCERTAINTY_MEASURE_WITH_UNIT(LENGTH_MEASURE(1.E-07),#12126,
  'distance_accuracy_value','confusion accuracy');
#12130 = CONTEXT_DEPENDENT_SHAPE_REPRESENTATION(#12131,#12133);
#12131 = ( REPRESENTATION_RELATIONSHIP('','',#11790,#10) 
REPRESENTATION_RELATIONSHIP_WITH_TRANSFORMATION(#12132) 
SHAPE_REPRESENTATION_RELATIONSHIP() );
#12132 = ITEM_DEFINED_TRANSFORMATION('','',#11,#19);
#12133 = PRODUCT_DEFINITION_SHAPE('Placement','Placement of an item',
  #12134);
#12134 = NEXT_ASSEMBLY_USAGE_OCCURRENCE('2','radome','',#5,#11785,$);
#12135 = PRODUCT_RELATED_PRODUCT_CATEGORY('part',$,(#11787));
#12136 = SHAPE_DEFINITION_REPRESENTATION(#12137,#12143);
#12137 = PRODUCT_DEFINITION_SHAPE('','',#12138);
#12138 = PRODUCT_DEFINITION('design','',#12139,#12142);
#12139 = PRODUCT_DEFINITION_FORMATION('','',#12140);
#12140 = PRODUCT('sustainer_nozzle','sustainer_nozzle','',(#12141));
#12141 = PRODUCT_CONTEXT('',#2,'mechanical');
#12142 = PRODUCT_DEFINITION_CONTEXT('part definition',#2,'design');
#12143 = ADVANCED_BREP_SHAPE_REPRESENTATION('',(#11,#12144),#12378);
#12144 = MANIFOLD_SOLID_BREP('',#12145);
#12145 = CLOSED_SHELL('',(#12146,#12231,#12266,#12270,#12322,#12374));
#12146 = ADVANCED_FACE('',(#12147),#12160,.T.);
#12147 = FACE_BOUND('',#12148,.T.);
#12148 = EDGE_LOOP('',(#12149,#12183,#12203,#12230));
#12149 = ORIENTED_EDGE('',*,*,#12150,.T.);
#12150 = EDGE_CURVE('',#12151,#12151,#12153,.T.);
#12151 = VERTEX_POINT('',#12152);
#12152 = CARTESIAN_POINT('',(-336.7,0.,-64.48));
#12153 = SURFACE_CURVE('',#12154,(#12159,#12171),.PCURVE_S1.);
#12154 = CIRCLE('',#12155,64.48);
#12155 = AXIS2_PLACEMENT_3D('',#12156,#12157,#12158);
#12156 = CARTESIAN_POINT('',(-336.7,0.,0.));
#12157 = DIRECTION('',(1.,-0.,1.110223024625E-16));
#12158 = DIRECTION('',(1.110223024625E-16,0.,-1.));
#12159 = PCURVE('',#12160,#12165);
#12160 = CYLINDRICAL_SURFACE('',#12161,64.48);
#12161 = AXIS2_PLACEMENT_3D('',#12162,#12163,#12164);
#12162 = CARTESIAN_POINT('',(-336.7,0.,0.));
#12163 = DIRECTION('',(1.,-0.,1.110223024625E-16));
#12164 = DIRECTION('',(1.110223024625E-16,0.,-1.));
#12165 = DEFINITIONAL_REPRESENTATION('',(#12166),#12170);
#12166 = LINE('',#12167,#12168);
#12167 = CARTESIAN_POINT('',(0.,0.));
#12168 = VECTOR('',#12169,1.);
#12169 = DIRECTION('',(1.,0.));
#12170 = ( GEOMETRIC_REPRESENTATION_CONTEXT(2) 
PARAMETRIC_REPRESENTATION_CONTEXT() REPRESENTATION_CONTEXT('2D SPACE',''
  ) );
#12171 = PCURVE('',#12172,#12177);
#12172 = PLANE('',#12173);
#12173 = AXIS2_PLACEMENT_3D('',#12174,#12175,#12176);
#12174 = CARTESIAN_POINT('',(-336.7,0.,0.));
#12175 = DIRECTION('',(1.,-0.,1.110223024625E-16));
#12176 = DIRECTION('',(1.110223024625E-16,0.,-1.));
#12177 = DEFINITIONAL_REPRESENTATION('',(#12178),#12182);
#12178 = CIRCLE('',#12179,64.48);
#12179 = AXIS2_PLACEMENT_2D('',#12180,#12181);
#12180 = CARTESIAN_POINT('',(0.,0.));
#12181 = DIRECTION('',(1.,0.));
#12182 = ( GEOMETRIC_REPRESENTATION_CONTEXT(2) 
PARAMETRIC_REPRESENTATION_CONTEXT() REPRESENTATION_CONTEXT('2D SPACE',''
  ) );
#12183 = ORIENTED_EDGE('',*,*,#12184,.T.);
#12184 = EDGE_CURVE('',#12151,#12185,#12187,.T.);
#12185 = VERTEX_POINT('',#12186);
#12186 = CARTESIAN_POINT('',(-266.7,0.,-64.48));
#12187 = SEAM_CURVE('',#12188,(#12191,#12197),.PCURVE_S1.);
#12188 = B_SPLINE_CURVE_WITH_KNOTS('',1,(#12189,#12190),.UNSPECIFIED.,
  .F.,.F.,(2,2),(0.,1.),.PIECEWISE_BEZIER_KNOTS.);
#12189 = CARTESIAN_POINT('',(-336.7,0.,-64.48));
#12190 = CARTESIAN_POINT('',(-266.7,0.,-64.48));
#12191 = PCURVE('',#12160,#12192);
#12192 = DEFINITIONAL_REPRESENTATION('',(#12193),#12196);
#12193 = B_SPLINE_CURVE_WITH_KNOTS('',1,(#12194,#12195),.UNSPECIFIED.,
  .F.,.F.,(2,2),(0.,1.),.PIECEWISE_BEZIER_KNOTS.);
#12194 = CARTESIAN_POINT('',(6.28318530718,0.));
#12195 = CARTESIAN_POINT('',(6.28318530718,70.));
#12196 = ( GEOMETRIC_REPRESENTATION_CONTEXT(2) 
PARAMETRIC_REPRESENTATION_CONTEXT() REPRESENTATION_CONTEXT('2D SPACE',''
  ) );
#12197 = PCURVE('',#12160,#12198);
#12198 = DEFINITIONAL_REPRESENTATION('',(#12199),#12202);
#12199 = B_SPLINE_CURVE_WITH_KNOTS('',1,(#12200,#12201),.UNSPECIFIED.,
  .F.,.F.,(2,2),(0.,1.),.PIECEWISE_BEZIER_KNOTS.);
#12200 = CARTESIAN_POINT('',(0.,0.));
#12201 = CARTESIAN_POINT('',(0.,70.));
#12202 = ( GEOMETRIC_REPRESENTATION_CONTEXT(2) 
PARAMETRIC_REPRESENTATION_CONTEXT() REPRESENTATION_CONTEXT('2D SPACE',''
  ) );
#12203 = ORIENTED_EDGE('',*,*,#12204,.F.);
#12204 = EDGE_CURVE('',#12185,#12185,#12205,.T.);
#12205 = SURFACE_CURVE('',#12206,(#12211,#12218),.PCURVE_S1.);
#12206 = CIRCLE('',#12207,64.48);
#12207 = AXIS2_PLACEMENT_3D('',#12208,#12209,#12210);
#12208 = CARTESIAN_POINT('',(-266.7,0.,0.));
#12209 = DIRECTION('',(1.,-0.,1.110223024625E-16));
#12210 = DIRECTION('',(1.110223024625E-16,0.,-1.));
#12211 = PCURVE('',#12160,#12212);
#12212 = DEFINITIONAL_REPRESENTATION('',(#12213),#12217);
#12213 = LINE('',#12214,#12215);
#12214 = CARTESIAN_POINT('',(0.,70.));
#12215 = VECTOR('',#12216,1.);
#12216 = DIRECTION('',(1.,0.));
#12217 = ( GEOMETRIC_REPRESENTATION_CONTEXT(2) 
PARAMETRIC_REPRESENTATION_CONTEXT() REPRESENTATION_CONTEXT('2D SPACE',''
  ) );
#12218 = PCURVE('',#12219,#12224);
#12219 = PLANE('',#12220);
#12220 = AXIS2_PLACEMENT_3D('',#12221,#12222,#12223);
#12221 = CARTESIAN_POINT('',(-266.7,0.,0.));
#12222 = DIRECTION('',(1.,-0.,1.110223024625E-16));
#12223 = DIRECTION('',(1.110223024625E-16,0.,-1.));
#12224 = DEFINITIONAL_REPRESENTATION('',(#12225),#12229);
#12225 = CIRCLE('',#12226,64.48);
#12226 = AXIS2_PLACEMENT_2D('',#12227,#12228);
#12227 = CARTESIAN_POINT('',(0.,0.));
#12228 = DIRECTION('',(1.,0.));
#12229 = ( GEOMETRIC_REPRESENTATION_CONTEXT(2) 
PARAMETRIC_REPRESENTATION_CONTEXT() REPRESENTATION_CONTEXT('2D SPACE',''
  ) );
#12230 = ORIENTED_EDGE('',*,*,#12184,.F.);
#12231 = ADVANCED_FACE('',(#12232,#12235),#12172,.F.);
#12232 = FACE_BOUND('',#12233,.F.);
#12233 = EDGE_LOOP('',(#12234));
#12234 = ORIENTED_EDGE('',*,*,#12150,.T.);
#12235 = FACE_BOUND('',#12236,.F.);
#12236 = EDGE_LOOP('',(#12237));
#12237 = ORIENTED_EDGE('',*,*,#12238,.F.);
#12238 = EDGE_CURVE('',#12239,#12239,#12241,.T.);
#12239 = VERTEX_POINT('',#12240);
#12240 = CARTESIAN_POINT('',(-336.7,0.,-54.88314838709));
#12241 = SURFACE_CURVE('',#12242,(#12247,#12254),.PCURVE_S1.);
#12242 = CIRCLE('',#12243,54.883148387097);
#12243 = AXIS2_PLACEMENT_3D('',#12244,#12245,#12246);
#12244 = CARTESIAN_POINT('',(-336.7,0.,1.110223024625E-16));
#12245 = DIRECTION('',(1.,-0.,1.110223024625E-16));
#12246 = DIRECTION('',(1.110223024625E-16,0.,-1.));
#12247 = PCURVE('',#12172,#12248);
#12248 = DEFINITIONAL_REPRESENTATION('',(#12249),#12253);
#12249 = CIRCLE('',#12250,54.883148387097);
#12250 = AXIS2_PLACEMENT_2D('',#12251,#12252);
#12251 = CARTESIAN_POINT('',(-1.110223024625E-16,0.));
#12252 = DIRECTION('',(1.,0.));
#12253 = ( GEOMETRIC_REPRESENTATION_CONTEXT(2) 
PARAMETRIC_REPRESENTATION_CONTEXT() REPRESENTATION_CONTEXT('2D SPACE',''
  ) );
#12254 = PCURVE('',#12255,#12260);
#12255 = CONICAL_SURFACE('',#12256,55.48,0.53810129393);
#12256 = AXIS2_PLACEMENT_3D('',#12257,#12258,#12259);
#12257 = CARTESIAN_POINT('',(-337.7,0.,0.));
#12258 = DIRECTION('',(-1.,0.,-1.110223024625E-16));
#12259 = DIRECTION('',(1.110223024625E-16,0.,-1.));
#12260 = DEFINITIONAL_REPRESENTATION('',(#12261),#12265);
#12261 = LINE('',#12262,#12263);
#12262 = CARTESIAN_POINT('',(-0.,-1.));
#12263 = VECTOR('',#12264,1.);
#12264 = DIRECTION('',(-1.,-0.));
#12265 = ( GEOMETRIC_REPRESENTATION_CONTEXT(2) 
PARAMETRIC_REPRESENTATION_CONTEXT() REPRESENTATION_CONTEXT('2D SPACE',''
  ) );
#12266 = ADVANCED_FACE('',(#12267),#12219,.T.);
#12267 = FACE_BOUND('',#12268,.T.);
#12268 = EDGE_LOOP('',(#12269));
#12269 = ORIENTED_EDGE('',*,*,#12204,.T.);
#12270 = ADVANCED_FACE('',(#12271),#12255,.F.);
#12271 = FACE_BOUND('',#12272,.F.);
#12272 = EDGE_LOOP('',(#12273,#12274,#12294,#12321));
#12273 = ORIENTED_EDGE('',*,*,#12238,.T.);
#12274 = ORIENTED_EDGE('',*,*,#12275,.T.);
#12275 = EDGE_CURVE('',#12239,#12276,#12278,.T.);
#12276 = VERTEX_POINT('',#12277);
#12277 = CARTESIAN_POINT('',(-291.2,0.,-27.7264));
#12278 = SEAM_CURVE('',#12279,(#12282,#12288),.PCURVE_S1.);
#12279 = B_SPLINE_CURVE_WITH_KNOTS('',1,(#12280,#12281),.UNSPECIFIED.,
  .F.,.F.,(2,2),(0.,1.),.PIECEWISE_BEZIER_KNOTS.);
#12280 = CARTESIAN_POINT('',(-337.7,0.,-55.48));
#12281 = CARTESIAN_POINT('',(-291.2,0.,-27.7264));
#12282 = PCURVE('',#12255,#12283);
#12283 = DEFINITIONAL_REPRESENTATION('',(#12284),#12287);
#12284 = B_SPLINE_CURVE_WITH_KNOTS('',1,(#12285,#12286),.UNSPECIFIED.,
  .F.,.F.,(2,2),(0.,1.),.PIECEWISE_BEZIER_KNOTS.);
#12285 = CARTESIAN_POINT('',(0.,0.));
#12286 = CARTESIAN_POINT('',(0.,-46.5));
#12287 = ( GEOMETRIC_REPRESENTATION_CONTEXT(2) 
PARAMETRIC_REPRESENTATION_CONTEXT() REPRESENTATION_CONTEXT('2D SPACE',''
  ) );
#12288 = PCURVE('',#12255,#12289);
#12289 = DEFINITIONAL_REPRESENTATION('',(#12290),#12293);
#12290 = B_SPLINE_CURVE_WITH_KNOTS('',1,(#12291,#12292),.UNSPECIFIED.,
  .F.,.F.,(2,2),(0.,1.),.PIECEWISE_BEZIER_KNOTS.);
#12291 = CARTESIAN_POINT('',(-6.28318530718,0.));
#12292 = CARTESIAN_POINT('',(-6.28318530718,-46.5));
#12293 = ( GEOMETRIC_REPRESENTATION_CONTEXT(2) 
PARAMETRIC_REPRESENTATION_CONTEXT() REPRESENTATION_CONTEXT('2D SPACE',''
  ) );
#12294 = ORIENTED_EDGE('',*,*,#12295,.F.);
#12295 = EDGE_CURVE('',#12276,#12276,#12296,.T.);
#12296 = SURFACE_CURVE('',#12297,(#12302,#12309),.PCURVE_S1.);
#12297 = CIRCLE('',#12298,27.7264);
#12298 = AXIS2_PLACEMENT_3D('',#12299,#12300,#12301);
#12299 = CARTESIAN_POINT('',(-291.2,0.,0.));
#12300 = DIRECTION('',(1.,-0.,1.110223024625E-16));
#12301 = DIRECTION('',(1.110223024625E-16,0.,-1.));
#12302 = PCURVE('',#12255,#12303);
#12303 = DEFINITIONAL_REPRESENTATION('',(#12304),#12308);
#12304 = LINE('',#12305,#12306);
#12305 = CARTESIAN_POINT('',(-0.,-46.5));
#12306 = VECTOR('',#12307,1.);
#12307 = DIRECTION('',(-1.,-0.));
#12308 = ( GEOMETRIC_REPRESENTATION_CONTEXT(2) 
PARAMETRIC_REPRESENTATION_CONTEXT() REPRESENTATION_CONTEXT('2D SPACE',''
  ) );
#12309 = PCURVE('',#12310,#12315);
#12310 = CONICAL_SURFACE('',#12311,27.7264,0.163851100288);
#12311 = AXIS2_PLACEMENT_3D('',#12312,#12313,#12314);
#12312 = CARTESIAN_POINT('',(-291.2,0.,0.));
#12313 = DIRECTION('',(-1.,0.,-1.110223024625E-16));
#12314 = DIRECTION('',(1.110223024625E-16,0.,-1.));
#12315 = DEFINITIONAL_REPRESENTATION('',(#12316),#12320);
#12316 = LINE('',#12317,#12318);
#12317 = CARTESIAN_POINT('',(-0.,-0.));
#12318 = VECTOR('',#12319,1.);
#12319 = DIRECTION('',(-1.,-0.));
#12320 = ( GEOMETRIC_REPRESENTATION_CONTEXT(2) 
PARAMETRIC_REPRESENTATION_CONTEXT() REPRESENTATION_CONTEXT('2D SPACE',''
  ) );
#12321 = ORIENTED_EDGE('',*,*,#12275,.F.);
#12322 = ADVANCED_FACE('',(#12323),#12310,.F.);
#12323 = FACE_BOUND('',#12324,.F.);
#12324 = EDGE_LOOP('',(#12325,#12326,#12346,#12373));
#12325 = ORIENTED_EDGE('',*,*,#12295,.T.);
#12326 = ORIENTED_EDGE('',*,*,#12327,.T.);
#12327 = EDGE_CURVE('',#12276,#12328,#12330,.T.);
#12328 = VERTEX_POINT('',#12329);
#12329 = CARTESIAN_POINT('',(-271.7,0.,-24.5024));
#12330 = SEAM_CURVE('',#12331,(#12334,#12340),.PCURVE_S1.);
#12331 = B_SPLINE_CURVE_WITH_KNOTS('',1,(#12332,#12333),.UNSPECIFIED.,
  .F.,.F.,(2,2),(0.,1.),.PIECEWISE_BEZIER_KNOTS.);
#12332 = CARTESIAN_POINT('',(-291.2,0.,-27.7264));
#12333 = CARTESIAN_POINT('',(-271.7,0.,-24.5024));
#12334 = PCURVE('',#12310,#12335);
#12335 = DEFINITIONAL_REPRESENTATION('',(#12336),#12339);
#12336 = B_SPLINE_CURVE_WITH_KNOTS('',1,(#12337,#12338),.UNSPECIFIED.,
  .F.,.F.,(2,2),(0.,1.),.PIECEWISE_BEZIER_KNOTS.);
#12337 = CARTESIAN_POINT('',(-6.28318530718,0.));
#12338 = CARTESIAN_POINT('',(-6.28318530718,-19.5));
#12339 = ( GEOMETRIC_REPRESENTATION_CONTEXT(2) 
PARAMETRIC_REPRESENTATION_CONTEXT() REPRESENTATION_CONTEXT('2D SPACE',''
  ) );
#12340 = PCURVE('',#12310,#12341);
#12341 = DEFINITIONAL_REPRESENTATION('',(#12342),#12345);
#12342 = B_SPLINE_CURVE_WITH_KNOTS('',1,(#12343,#12344),.UNSPECIFIED.,
  .F.,.F.,(2,2),(0.,1.),.PIECEWISE_BEZIER_KNOTS.);
#12343 = CARTESIAN_POINT('',(0.,0.));
#12344 = CARTESIAN_POINT('',(0.,-19.5));
#12345 = ( GEOMETRIC_REPRESENTATION_CONTEXT(2) 
PARAMETRIC_REPRESENTATION_CONTEXT() REPRESENTATION_CONTEXT('2D SPACE',''
  ) );
#12346 = ORIENTED_EDGE('',*,*,#12347,.F.);
#12347 = EDGE_CURVE('',#12328,#12328,#12348,.T.);
#12348 = SURFACE_CURVE('',#12349,(#12354,#12361),.PCURVE_S1.);
#12349 = CIRCLE('',#12350,24.5024);
#12350 = AXIS2_PLACEMENT_3D('',#12351,#12352,#12353);
#12351 = CARTESIAN_POINT('',(-271.7,0.,0.));
#12352 = DIRECTION('',(1.,-0.,1.110223024625E-16));
#12353 = DIRECTION('',(1.110223024625E-16,0.,-1.));
#12354 = PCURVE('',#12310,#12355);
#12355 = DEFINITIONAL_REPRESENTATION('',(#12356),#12360);
#12356 = LINE('',#12357,#12358);
#12357 = CARTESIAN_POINT('',(-0.,-19.5));
#12358 = VECTOR('',#12359,1.);
#12359 = DIRECTION('',(-1.,-0.));
#12360 = ( GEOMETRIC_REPRESENTATION_CONTEXT(2) 
PARAMETRIC_REPRESENTATION_CONTEXT() REPRESENTATION_CONTEXT('2D SPACE',''
  ) );
#12361 = PCURVE('',#12362,#12367);
#12362 = PLANE('',#12363);
#12363 = AXIS2_PLACEMENT_3D('',#12364,#12365,#12366);
#12364 = CARTESIAN_POINT('',(-271.7,0.,0.));
#12365 = DIRECTION('',(1.,-0.,1.110223024625E-16));
#12366 = DIRECTION('',(1.110223024625E-16,0.,-1.));
#12367 = DEFINITIONAL_REPRESENTATION('',(#12368),#12372);
#12368 = CIRCLE('',#12369,24.5024);
#12369 = AXIS2_PLACEMENT_2D('',#12370,#12371);
#12370 = CARTESIAN_POINT('',(0.,0.));
#12371 = DIRECTION('',(1.,0.));
#12372 = ( GEOMETRIC_REPRESENTATION_CONTEXT(2) 
PARAMETRIC_REPRESENTATION_CONTEXT() REPRESENTATION_CONTEXT('2D SPACE',''
  ) );
#12373 = ORIENTED_EDGE('',*,*,#12327,.F.);
#12374 = ADVANCED_FACE('',(#12375),#12362,.F.);
#12375 = FACE_BOUND('',#12376,.F.);
#12376 = EDGE_LOOP('',(#12377));
#12377 = ORIENTED_EDGE('',*,*,#12347,.T.);
#12378 = ( GEOMETRIC_REPRESENTATION_CONTEXT(3) 
GLOBAL_UNCERTAINTY_ASSIGNED_CONTEXT((#12382)) 
GLOBAL_UNIT_ASSIGNED_CONTEXT((#12379,#12380,#12381)) 
REPRESENTATION_CONTEXT('Context #1',
  '3D Context with UNIT and UNCERTAINTY') );
#12379 = ( LENGTH_UNIT() NAMED_UNIT(*) SI_UNIT(.MILLI.,.METRE.) );
#12380 = ( NAMED_UNIT(*) PLANE_ANGLE_UNIT() SI_UNIT($,.RADIAN.) );
#12381 = ( NAMED_UNIT(*) SI_UNIT($,.STERADIAN.) SOLID_ANGLE_UNIT() );
#12382 = UNCERTAINTY_MEASURE_WITH_UNIT(LENGTH_MEASURE(1.E-07),#12379,
  'distance_accuracy_value','confusion accuracy');
#12383 = CONTEXT_DEPENDENT_SHAPE_REPRESENTATION(#12384,#12386);
#12384 = ( REPRESENTATION_RELATIONSHIP('','',#12143,#10) 
REPRESENTATION_RELATIONSHIP_WITH_TRANSFORMATION(#12385) 
SHAPE_REPRESENTATION_RELATIONSHIP() );
#12385 = ITEM_DEFINED_TRANSFORMATION('','',#11,#23);
#12386 = PRODUCT_DEFINITION_SHAPE('Placement','Placement of an item',
  #12387);
#12387 = NEXT_ASSEMBLY_USAGE_OCCURRENCE('3','sustainer_nozzle','',#5,
  #12138,$);
#12388 = PRODUCT_RELATED_PRODUCT_CATEGORY('part',$,(#12140));
#12389 = SHAPE_DEFINITION_REPRESENTATION(#12390,#12396);
#12390 = PRODUCT_DEFINITION_SHAPE('','',#12391);
#12391 = PRODUCT_DEFINITION('design','',#12392,#12395);
#12392 = PRODUCT_DEFINITION_FORMATION('','',#12393);
#12393 = PRODUCT('intake_floor_4','intake_floor_4','',(#12394));
#12394 = PRODUCT_CONTEXT('',#2,'mechanical');
#12395 = PRODUCT_DEFINITION_CONTEXT('part definition',#2,'design');
#12396 = ADVANCED_BREP_SHAPE_REPRESENTATION('',(#11,#12397),#12520);
#12397 = MANIFOLD_SOLID_BREP('',#12398);
#12398 = CLOSED_SHELL('',(#12399,#12512,#12516));
#12399 = ADVANCED_FACE('',(#12400),#12413,.T.);
#12400 = FACE_BOUND('',#12401,.T.);
#12401 = EDGE_LOOP('',(#12402,#12462,#12484,#12511));
#12402 = ORIENTED_EDGE('',*,*,#12403,.T.);
#12403 = EDGE_CURVE('',#12404,#12404,#12406,.T.);
#12404 = VERTEX_POINT('',#12405);
#12405 = CARTESIAN_POINT('',(349.5,18.,70.));
#12406 = SURFACE_CURVE('',#12407,(#12412,#12450),.PCURVE_S1.);
#12407 = ELLIPSE('',#12408,18.,10.);
#12408 = AXIS2_PLACEMENT_3D('',#12409,#12410,#12411);
#12409 = CARTESIAN_POINT('',(349.5,0.,70.));
#12410 = DIRECTION('',(1.,0.,1.110223024625E-16));
#12411 = DIRECTION('',(1.232595164408E-32,1.,-1.110223024625E-16));
#12412 = PCURVE('',#12413,#12444);
#12413 = B_SPLINE_SURFACE_WITH_KNOTS('',14,1,(
    (#12414,#12415)
    ,(#12416,#12417)
    ,(#12418,#12419)
    ,(#12420,#12421)
    ,(#12422,#12423)
    ,(#12424,#12425)
    ,(#12426,#12427)
    ,(#12428,#12429)
    ,(#12430,#12431)
    ,(#12432,#12433)
    ,(#12434,#12435)
    ,(#12436,#12437)
    ,(#12438,#12439)
    ,(#12440,#12441)
    ,(#12442,#12443
    )),.UNSPECIFIED.,.T.,.F.,.F.,(15,15),(2,2),(0.,6.28318530718),(0.,1.
    ),.PIECEWISE_BEZIER_KNOTS.);
#12414 = CARTESIAN_POINT('',(349.5,18.,70.));
#12415 = CARTESIAN_POINT('',(352.,17.5,70.));
#12416 = CARTESIAN_POINT('',(349.49999999997,18.000000000006,
    74.487989505126));
#12417 = CARTESIAN_POINT('',(351.99999999997,17.500000000001,
    74.263590029873));
#12418 = CARTESIAN_POINT('',(349.50000000014,14.095541498387,
    78.975980666907));
#12419 = CARTESIAN_POINT('',(352.00000000014,13.703998679008,
    78.527181633547));
#12420 = CARTESIAN_POINT('',(349.49999999949,6.286619503804,
    82.328193465626));
#12421 = CARTESIAN_POINT('',(351.99999999947,6.111991184197,
    81.711783792383));
#12422 = CARTESIAN_POINT('',(349.5000000013,-4.258991065377,
    83.408975958525));
#12423 = CARTESIAN_POINT('',(352.00000000139,-4.140685757888,
    82.738527160526));
#12424 = CARTESIAN_POINT('',(349.49999999744,-15.20596188713,
    81.489768609594));
#12425 = CARTESIAN_POINT('',(351.99999999721,-14.78357405712,
    80.91528017922));
#12426 = CARTESIAN_POINT('',(349.50000000392,-23.56275063002,
    76.658852453411));
#12427 = CARTESIAN_POINT('',(352.0000000043,-22.90822977893,
    76.325909830619));
#12428 = CARTESIAN_POINT('',(349.4999999952,-26.70891483669,
    69.999999999203));
#12429 = CARTESIAN_POINT('',(351.99999999473,-25.96700053594,
    69.999999999354));
#12430 = CARTESIAN_POINT('',(349.50000000469,-23.56275063002,
    63.341147548021));
#12431 = CARTESIAN_POINT('',(352.00000000514,-22.90822977894,
    63.674090170539));
#12432 = CARTESIAN_POINT('',(349.49999999628,-15.20596188712,
    58.510231389367));
#12433 = CARTESIAN_POINT('',(351.99999999595,-14.78357405711,
    59.084719819945));
#12434 = CARTESIAN_POINT('',(349.50000000234,-4.258991065379,
    56.591024042078));
#12435 = CARTESIAN_POINT('',(352.00000000254,-4.140685757896,
    57.261472839952));
#12436 = CARTESIAN_POINT('',(349.49999999884,6.286619503805,
    57.671806534101));
#12437 = CARTESIAN_POINT('',(351.99999999875,6.111991184202,
    58.288216207405));
#12438 = CARTESIAN_POINT('',(349.50000000041,14.095541498387,
    61.024019333185));
#12439 = CARTESIAN_POINT('',(352.00000000045,13.703998679006,
    61.472818366523));
#12440 = CARTESIAN_POINT('',(349.4999999999,18.000000000006,
    65.512010494856));
#12441 = CARTESIAN_POINT('',(351.9999999999,17.500000000001,
    65.736409970113));
#12442 = CARTESIAN_POINT('',(349.5,18.,70.));
#12443 = CARTESIAN_POINT('',(352.,17.5,70.));
#12444 = DEFINITIONAL_REPRESENTATION('',(#12445),#12449);
#12445 = LINE('',#12446,#12447);
#12446 = CARTESIAN_POINT('',(0.,0.));
#12447 = VECTOR('',#12448,1.);
#12448 = DIRECTION('',(1.,0.));
#12449 = ( GEOMETRIC_REPRESENTATION_CONTEXT(2) 
PARAMETRIC_REPRESENTATION_CONTEXT() REPRESENTATION_CONTEXT('2D SPACE',''
  ) );
#12450 = PCURVE('',#12451,#12456);
#12451 = PLANE('',#12452);
#12452 = AXIS2_PLACEMENT_3D('',#12453,#12454,#12455);
#12453 = CARTESIAN_POINT('',(349.5,0.,70.));
#12454 = DIRECTION('',(1.,0.,1.110223024625E-16));
#12455 = DIRECTION('',(1.232595164408E-32,1.,-1.110223024625E-16));
#12456 = DEFINITIONAL_REPRESENTATION('',(#12457),#12461);
#12457 = ELLIPSE('',#12458,18.,10.);
#12458 = AXIS2_PLACEMENT_2D('',#12459,#12460);
#12459 = CARTESIAN_POINT('',(0.,0.));
#12460 = DIRECTION('',(1.,0.));
#12461 = ( GEOMETRIC_REPRESENTATION_CONTEXT(2) 
PARAMETRIC_REPRESENTATION_CONTEXT() REPRESENTATION_CONTEXT('2D SPACE',''
  ) );
#12462 = ORIENTED_EDGE('',*,*,#12463,.T.);
#12463 = EDGE_CURVE('',#12404,#12464,#12466,.T.);
#12464 = VERTEX_POINT('',#12465);
#12465 = CARTESIAN_POINT('',(352.,17.5,70.));
#12466 = SEAM_CURVE('',#12467,(#12470,#12477),.PCURVE_S1.);
#12467 = B_SPLINE_CURVE_WITH_KNOTS('',1,(#12468,#12469),.UNSPECIFIED.,
  .F.,.F.,(2,2),(0.,1.),.PIECEWISE_BEZIER_KNOTS.);
#12468 = CARTESIAN_POINT('',(349.5,18.,70.));
#12469 = CARTESIAN_POINT('',(352.,17.5,70.));
#12470 = PCURVE('',#12413,#12471);
#12471 = DEFINITIONAL_REPRESENTATION('',(#12472),#12476);
#12472 = LINE('',#12473,#12474);
#12473 = CARTESIAN_POINT('',(6.28318530718,0.));
#12474 = VECTOR('',#12475,1.);
#12475 = DIRECTION('',(0.,1.));
#12476 = ( GEOMETRIC_REPRESENTATION_CONTEXT(2) 
PARAMETRIC_REPRESENTATION_CONTEXT() REPRESENTATION_CONTEXT('2D SPACE',''
  ) );
#12477 = PCURVE('',#12413,#12478);
#12478 = DEFINITIONAL_REPRESENTATION('',(#12479),#12483);
#12479 = LINE('',#12480,#12481);
#12480 = CARTESIAN_POINT('',(0.,0.));
#12481 = VECTOR('',#12482,1.);
#12482 = DIRECTION('',(0.,1.));
#12483 = ( GEOMETRIC_REPRESENTATION_CONTEXT(2) 
PARAMETRIC_REPRESENTATION_CONTEXT() REPRESENTATION_CONTEXT('2D SPACE',''
  ) );
#12484 = ORIENTED_EDGE('',*,*,#12485,.F.);
#12485 = EDGE_CURVE('',#12464,#12464,#12486,.T.);
#12486 = SURFACE_CURVE('',#12487,(#12492,#12499),.PCURVE_S1.);
#12487 = ELLIPSE('',#12488,17.5,9.5);
#12488 = AXIS2_PLACEMENT_3D('',#12489,#12490,#12491);
#12489 = CARTESIAN_POINT('',(352.,0.,70.));
#12490 = DIRECTION('',(1.,0.,1.110223024625E-16));
#12491 = DIRECTION('',(1.232595164408E-32,1.,-1.110223024625E-16));
#12492 = PCURVE('',#12413,#12493);
#12493 = DEFINITIONAL_REPRESENTATION('',(#12494),#12498);
#12494 = LINE('',#12495,#12496);
#12495 = CARTESIAN_POINT('',(0.,1.));
#12496 = VECTOR('',#12497,1.);
#12497 = DIRECTION('',(1.,0.));
#12498 = ( GEOMETRIC_REPRESENTATION_CONTEXT(2) 
PARAMETRIC_REPRESENTATION_CONTEXT() REPRESENTATION_CONTEXT('2D SPACE',''
  ) );
#12499 = PCURVE('',#12500,#12505);
#12500 = PLANE('',#12501);
#12501 = AXIS2_PLACEMENT_3D('',#12502,#12503,#12504);
#12502 = CARTESIAN_POINT('',(352.,0.,70.));
#12503 = DIRECTION('',(1.,0.,1.110223024625E-16));
#12504 = DIRECTION('',(1.232595164408E-32,1.,-1.110223024625E-16));
#12505 = DEFINITIONAL_REPRESENTATION('',(#12506),#12510);
#12506 = ELLIPSE('',#12507,17.5,9.5);
#12507 = AXIS2_PLACEMENT_2D('',#12508,#12509);
#12508 = CARTESIAN_POINT('',(0.,0.));
#12509 = DIRECTION('',(1.,0.));
#12510 = ( GEOMETRIC_REPRESENTATION_CONTEXT(2) 
PARAMETRIC_REPRESENTATION_CONTEXT() REPRESENTATION_CONTEXT('2D SPACE',''
  ) );
#12511 = ORIENTED_EDGE('',*,*,#12463,.F.);
#12512 = ADVANCED_FACE('',(#12513),#12451,.F.);
#12513 = FACE_BOUND('',#12514,.F.);
#12514 = EDGE_LOOP('',(#12515));
#12515 = ORIENTED_EDGE('',*,*,#12403,.T.);
#12516 = ADVANCED_FACE('',(#12517),#12500,.T.);
#12517 = FACE_BOUND('',#12518,.T.);
#12518 = EDGE_LOOP('',(#12519));
#12519 = ORIENTED_EDGE('',*,*,#12485,.T.);
#12520 = ( GEOMETRIC_REPRESENTATION_CONTEXT(3) 
GLOBAL_UNCERTAINTY_ASSIGNED_CONTEXT((#12524)) 
GLOBAL_UNIT_ASSIGNED_CONTEXT((#12521,#12522,#12523)) 
REPRESENTATION_CONTEXT('Context #1',
  '3D Context with UNIT and UNCERTAINTY') );
#12521 = ( LENGTH_UNIT() NAMED_UNIT(*) SI_UNIT(.MILLI.,.METRE.) );
#12522 = ( NAMED_UNIT(*) PLANE_ANGLE_UNIT() SI_UNIT($,.RADIAN.) );
#12523 = ( NAMED_UNIT(*) SI_UNIT($,.STERADIAN.) SOLID_ANGLE_UNIT() );
#12524 = UNCERTAINTY_MEASURE_WITH_UNIT(LENGTH_MEASURE(1.E-07),#12521,
  'distance_accuracy_value','confusion accuracy');
#12525 = CONTEXT_DEPENDENT_SHAPE_REPRESENTATION(#12526,#12528);
#12526 = ( REPRESENTATION_RELATIONSHIP('','',#12396,#10) 
REPRESENTATION_RELATIONSHIP_WITH_TRANSFORMATION(#12527) 
SHAPE_REPRESENTATION_RELATIONSHIP() );
#12527 = ITEM_DEFINED_TRANSFORMATION('','',#11,#27);
#12528 = PRODUCT_DEFINITION_SHAPE('Placement','Placement of an item',
  #12529);
#12529 = NEXT_ASSEMBLY_USAGE_OCCURRENCE('4','intake_floor_1','',#5,
  #12391,$);
#12530 = PRODUCT_RELATED_PRODUCT_CATEGORY('part',$,(#12393));
#12531 = SHAPE_DEFINITION_REPRESENTATION(#12532,#12538);
#12532 = PRODUCT_DEFINITION_SHAPE('','',#12533);
#12533 = PRODUCT_DEFINITION('design','',#12534,#12537);
#12534 = PRODUCT_DEFINITION_FORMATION('','',#12535);
#12535 = PRODUCT('sustainer_fin_4','sustainer_fin_4','',(#12536));
#12536 = PRODUCT_CONTEXT('',#2,'mechanical');
#12537 = PRODUCT_DEFINITION_CONTEXT('part definition',#2,'design');
#12538 = ADVANCED_BREP_SHAPE_REPRESENTATION('',(#11,#12539),#12861);
#12539 = MANIFOLD_SOLID_BREP('',#12540);
#12540 = CLOSED_SHELL('',(#12541,#12658,#12732,#12801,#12847,#12854));
#12541 = ADVANCED_FACE('',(#12542),#12556,.T.);
#12542 = FACE_BOUND('',#12543,.T.);
#12543 = EDGE_LOOP('',(#12544,#12579,#12606,#12633));
#12544 = ORIENTED_EDGE('',*,*,#12545,.T.);
#12545 = EDGE_CURVE('',#12546,#12548,#12550,.T.);
#12546 = VERTEX_POINT('',#12547);
#12547 = CARTESIAN_POINT('',(-241.7,0.,108.16));
#12548 = VERTEX_POINT('',#12549);
#12549 = CARTESIAN_POINT('',(-115.7,-5.5,108.16));
#12550 = SURFACE_CURVE('',#12551,(#12555,#12567),.PCURVE_S1.);
#12551 = LINE('',#12552,#12553);
#12552 = CARTESIAN_POINT('',(-241.7,0.,108.16));
#12553 = VECTOR('',#12554,1.);
#12554 = DIRECTION('',(0.999048663393,-4.360926705286E-02,0.));
#12555 = PCURVE('',#12556,#12561);
#12556 = B_SPLINE_SURFACE_WITH_KNOTS('',1,1,(
    (#12557,#12558)
    ,(#12559,#12560
    )),.UNSPECIFIED.,.F.,.F.,.F.,(2,2),(2,2),(0.,126.11998255629),(0.,1.
    ),.PIECEWISE_BEZIER_KNOTS.);
#12557 = CARTESIAN_POINT('',(-241.7,0.,108.16));
#12558 = CARTESIAN_POINT('',(-271.7,0.,220.));
#12559 = CARTESIAN_POINT('',(-115.7,-5.5,108.16));
#12560 = CARTESIAN_POINT('',(-221.3,-2.475,220.));
#12561 = DEFINITIONAL_REPRESENTATION('',(#12562),#12566);
#12562 = LINE('',#12563,#12564);
#12563 = CARTESIAN_POINT('',(0.,0.));
#12564 = VECTOR('',#12565,1.);
#12565 = DIRECTION('',(1.,0.));
#12566 = ( GEOMETRIC_REPRESENTATION_CONTEXT(2) 
PARAMETRIC_REPRESENTATION_CONTEXT() REPRESENTATION_CONTEXT('2D SPACE',''
  ) );
#12567 = PCURVE('',#12568,#12573);
#12568 = PLANE('',#12569);
#12569 = AXIS2_PLACEMENT_3D('',#12570,#12571,#12572);
#12570 = CARTESIAN_POINT('',(-241.7,0.,108.16));
#12571 = DIRECTION('',(0.,0.,-1.));
#12572 = DIRECTION('',(1.,0.,0.));
#12573 = DEFINITIONAL_REPRESENTATION('',(#12574),#12578);
#12574 = LINE('',#12575,#12576);
#12575 = CARTESIAN_POINT('',(0.,0.));
#12576 = VECTOR('',#12577,1.);
#12577 = DIRECTION('',(0.999048663393,4.360926705286E-02));
#12578 = ( GEOMETRIC_REPRESENTATION_CONTEXT(2) 
PARAMETRIC_REPRESENTATION_CONTEXT() REPRESENTATION_CONTEXT('2D SPACE',''
  ) );
#12579 = ORIENTED_EDGE('',*,*,#12580,.T.);
#12580 = EDGE_CURVE('',#12548,#12581,#12583,.T.);
#12581 = VERTEX_POINT('',#12582);
#12582 = CARTESIAN_POINT('',(-221.3,-2.475,220.));
#12583 = SURFACE_CURVE('',#12584,(#12587,#12594),.PCURVE_S1.);
#12584 = B_SPLINE_CURVE_WITH_KNOTS('',1,(#12585,#12586),.UNSPECIFIED.,
  .F.,.F.,(2,2),(0.,1.),.PIECEWISE_BEZIER_KNOTS.);
#12585 = CARTESIAN_POINT('',(-115.7,-5.5,108.16));
#12586 = CARTESIAN_POINT('',(-221.3,-2.475,220.));
#12587 = PCURVE('',#12556,#12588);
#12588 = DEFINITIONAL_REPRESENTATION('',(#12589),#12593);
#12589 = LINE('',#12590,#12591);
#12590 = CARTESIAN_POINT('',(126.11998255629,0.));
#12591 = VECTOR('',#12592,1.);
#12592 = DIRECTION('',(0.,1.));
#12593 = ( GEOMETRIC_REPRESENTATION_CONTEXT(2) 
PARAMETRIC_REPRESENTATION_CONTEXT() REPRESENTATION_CONTEXT('2D SPACE',''
  ) );
#12594 = PCURVE('',#12595,#12600);
#12595 = B_SPLINE_SURFACE_WITH_KNOTS('',1,1,(
    (#12596,#12597)
    ,(#12598,#12599
    )),.UNSPECIFIED.,.F.,.F.,.F.,(2,2),(2,2),(0.,234.06462782744),(0.,1.
    ),.PIECEWISE_BEZIER_KNOTS.);
#12596 = CARTESIAN_POINT('',(-115.7,-5.5,108.16));
#12597 = CARTESIAN_POINT('',(-221.3,-2.475,220.));
#12598 = CARTESIAN_POINT('',(118.3,0.,108.16));
#12599 = CARTESIAN_POINT('',(-127.7,0.,220.));
#12600 = DEFINITIONAL_REPRESENTATION('',(#12601),#12605);
#12601 = LINE('',#12602,#12603);
#12602 = CARTESIAN_POINT('',(0.,0.));
#12603 = VECTOR('',#12604,1.);
#12604 = DIRECTION('',(0.,1.));
#12605 = ( GEOMETRIC_REPRESENTATION_CONTEXT(2) 
PARAMETRIC_REPRESENTATION_CONTEXT() REPRESENTATION_CONTEXT('2D SPACE',''
  ) );
#12606 = ORIENTED_EDGE('',*,*,#12607,.F.);
#12607 = EDGE_CURVE('',#12608,#12581,#12610,.T.);
#12608 = VERTEX_POINT('',#12609);
#12609 = CARTESIAN_POINT('',(-271.7,0.,220.));
#12610 = SURFACE_CURVE('',#12611,(#12615,#12621),.PCURVE_S1.);
#12611 = LINE('',#12612,#12613);
#12612 = CARTESIAN_POINT('',(-271.7,0.,220.));
#12613 = VECTOR('',#12614,1.);
#12614 = DIRECTION('',(0.998796420657,-4.904803851442E-02,0.));
#12615 = PCURVE('',#12556,#12616);
#12616 = DEFINITIONAL_REPRESENTATION('',(#12617),#12620);
#12617 = B_SPLINE_CURVE_WITH_KNOTS('',1,(#12618,#12619),.UNSPECIFIED.,
  .F.,.F.,(2,2),(0.,50.460733496452),.PIECEWISE_BEZIER_KNOTS.);
#12618 = CARTESIAN_POINT('',(0.,1.));
#12619 = CARTESIAN_POINT('',(126.11998255629,1.));
#12620 = ( GEOMETRIC_REPRESENTATION_CONTEXT(2) 
PARAMETRIC_REPRESENTATION_CONTEXT() REPRESENTATION_CONTEXT('2D SPACE',''
  ) );
#12621 = PCURVE('',#12622,#12627);
#12622 = PLANE('',#12623);
#12623 = AXIS2_PLACEMENT_3D('',#12624,#12625,#12626);
#12624 = CARTESIAN_POINT('',(-271.7,0.,220.));
#12625 = DIRECTION('',(0.,0.,-1.));
#12626 = DIRECTION('',(1.,0.,0.));
#12627 = DEFINITIONAL_REPRESENTATION('',(#12628),#12632);
#12628 = LINE('',#12629,#12630);
#12629 = CARTESIAN_POINT('',(0.,0.));
#12630 = VECTOR('',#12631,1.);
#12631 = DIRECTION('',(0.998796420657,4.904803851442E-02));
#12632 = ( GEOMETRIC_REPRESENTATION_CONTEXT(2) 
PARAMETRIC_REPRESENTATION_CONTEXT() REPRESENTATION_CONTEXT('2D SPACE',''
  ) );
#12633 = ORIENTED_EDGE('',*,*,#12634,.F.);
#12634 = EDGE_CURVE('',#12546,#12608,#12635,.T.);
#12635 = SURFACE_CURVE('',#12636,(#12639,#12646),.PCURVE_S1.);
#12636 = B_SPLINE_CURVE_WITH_KNOTS('',1,(#12637,#12638),.UNSPECIFIED.,
  .F.,.F.,(2,2),(0.,1.),.PIECEWISE_BEZIER_KNOTS.);
#12637 = CARTESIAN_POINT('',(-241.7,0.,108.16));
#12638 = CARTESIAN_POINT('',(-271.7,0.,220.));
#12639 = PCURVE('',#12556,#12640);
#12640 = DEFINITIONAL_REPRESENTATION('',(#12641),#12645);
#12641 = LINE('',#12642,#12643);
#12642 = CARTESIAN_POINT('',(0.,0.));
#12643 = VECTOR('',#12644,1.);
#12644 = DIRECTION('',(0.,1.));
#12645 = ( GEOMETRIC_REPRESENTATION_CONTEXT(2) 
PARAMETRIC_REPRESENTATION_CONTEXT() REPRESENTATION_CONTEXT('2D SPACE',''
  ) );
#12646 = PCURVE('',#12647,#12652);
#12647 = B_SPLINE_SURFACE_WITH_KNOTS('',1,1,(
    (#12648,#12649)
    ,(#12650,#12651
    )),.UNSPECIFIED.,.F.,.F.,.F.,(2,2),(2,2),(0.,126.11998255629),(0.,1.
    ),.PIECEWISE_BEZIER_KNOTS.);
#12648 = CARTESIAN_POINT('',(-115.7,5.5,108.16));
#12649 = CARTESIAN_POINT('',(-221.3,2.475,220.));
#12650 = CARTESIAN_POINT('',(-241.7,0.,108.16));
#12651 = CARTESIAN_POINT('',(-271.7,0.,220.));
#12652 = DEFINITIONAL_REPRESENTATION('',(#12653),#12657);
#12653 = LINE('',#12654,#12655);
#12654 = CARTESIAN_POINT('',(126.11998255629,0.));
#12655 = VECTOR('',#12656,1.);
#12656 = DIRECTION('',(0.,1.));
#12657 = ( GEOMETRIC_REPRESENTATION_CONTEXT(2) 
PARAMETRIC_REPRESENTATION_CONTEXT() REPRESENTATION_CONTEXT('2D SPACE',''
  ) );
#12658 = ADVANCED_FACE('',(#12659),#12595,.T.);
#12659 = FACE_BOUND('',#12660,.T.);
#12660 = EDGE_LOOP('',(#12661,#12684,#12711,#12731));
#12661 = ORIENTED_EDGE('',*,*,#12662,.T.);
#12662 = EDGE_CURVE('',#12548,#12663,#12665,.T.);
#12663 = VERTEX_POINT('',#12664);
#12664 = CARTESIAN_POINT('',(118.3,0.,108.16));
#12665 = SURFACE_CURVE('',#12666,(#12670,#12677),.PCURVE_S1.);
#12666 = LINE('',#12667,#12668);
#12667 = CARTESIAN_POINT('',(-115.7,-5.5,108.16));
#12668 = VECTOR('',#12669,1.);
#12669 = DIRECTION('',(0.999723888962,2.349778371491E-02,0.));
#12670 = PCURVE('',#12595,#12671);
#12671 = DEFINITIONAL_REPRESENTATION('',(#12672),#12676);
#12672 = LINE('',#12673,#12674);
#12673 = CARTESIAN_POINT('',(0.,0.));
#12674 = VECTOR('',#12675,1.);
#12675 = DIRECTION('',(1.,0.));
#12676 = ( GEOMETRIC_REPRESENTATION_CONTEXT(2) 
PARAMETRIC_REPRESENTATION_CONTEXT() REPRESENTATION_CONTEXT('2D SPACE',''
  ) );
#12677 = PCURVE('',#12568,#12678);
#12678 = DEFINITIONAL_REPRESENTATION('',(#12679),#12683);
#12679 = LINE('',#12680,#12681);
#12680 = CARTESIAN_POINT('',(126.,5.5));
#12681 = VECTOR('',#12682,1.);
#12682 = DIRECTION('',(0.999723888962,-2.349778371491E-02));
#12683 = ( GEOMETRIC_REPRESENTATION_CONTEXT(2) 
PARAMETRIC_REPRESENTATION_CONTEXT() REPRESENTATION_CONTEXT('2D SPACE',''
  ) );
#12684 = ORIENTED_EDGE('',*,*,#12685,.T.);
#12685 = EDGE_CURVE('',#12663,#12686,#12688,.T.);
#12686 = VERTEX_POINT('',#12687);
#12687 = CARTESIAN_POINT('',(-127.7,0.,220.));
#12688 = SURFACE_CURVE('',#12689,(#12692,#12699),.PCURVE_S1.);
#12689 = B_SPLINE_CURVE_WITH_KNOTS('',1,(#12690,#12691),.UNSPECIFIED.,
  .F.,.F.,(2,2),(0.,1.),.PIECEWISE_BEZIER_KNOTS.);
#12690 = CARTESIAN_POINT('',(118.3,0.,108.16));
#12691 = CARTESIAN_POINT('',(-127.7,0.,220.));
#12692 = PCURVE('',#12595,#12693);
#12693 = DEFINITIONAL_REPRESENTATION('',(#12694),#12698);
#12694 = LINE('',#12695,#12696);
#12695 = CARTESIAN_POINT('',(234.06462782744,0.));
#12696 = VECTOR('',#12697,1.);
#12697 = DIRECTION('',(0.,1.));
#12698 = ( GEOMETRIC_REPRESENTATION_CONTEXT(2) 
PARAMETRIC_REPRESENTATION_CONTEXT() REPRESENTATION_CONTEXT('2D SPACE',''
  ) );
#12699 = PCURVE('',#12700,#12705);
#12700 = B_SPLINE_SURFACE_WITH_KNOTS('',1,1,(
    (#12701,#12702)
    ,(#12703,#12704
    )),.UNSPECIFIED.,.F.,.F.,.F.,(2,2),(2,2),(0.,234.06462782744),(0.,1.
    ),.PIECEWISE_BEZIER_KNOTS.);
#12701 = CARTESIAN_POINT('',(118.3,0.,108.16));
#12702 = CARTESIAN_POINT('',(-127.7,0.,220.));
#12703 = CARTESIAN_POINT('',(-115.7,5.5,108.16));
#12704 = CARTESIAN_POINT('',(-221.3,2.475,220.));
#12705 = DEFINITIONAL_REPRESENTATION('',(#12706),#12710);
#12706 = LINE('',#12707,#12708);
#12707 = CARTESIAN_POINT('',(0.,0.));
#12708 = VECTOR('',#12709,1.);
#12709 = DIRECTION('',(0.,1.));
#12710 = ( GEOMETRIC_REPRESENTATION_CONTEXT(2) 
PARAMETRIC_REPRESENTATION_CONTEXT() REPRESENTATION_CONTEXT('2D SPACE',''
  ) );
#12711 = ORIENTED_EDGE('',*,*,#12712,.F.);
#12712 = EDGE_CURVE('',#12581,#12686,#12713,.T.);
#12713 = SURFACE_CURVE('',#12714,(#12718,#12724),.PCURVE_S1.);
#12714 = LINE('',#12715,#12716);
#12715 = CARTESIAN_POINT('',(-221.3,-2.475,220.));
#12716 = VECTOR('',#12717,1.);
#12717 = DIRECTION('',(0.999650585403,2.643306836403E-02,0.));
#12718 = PCURVE('',#12595,#12719);
#12719 = DEFINITIONAL_REPRESENTATION('',(#12720),#12723);
#12720 = B_SPLINE_CURVE_WITH_KNOTS('',1,(#12721,#12722),.UNSPECIFIED.,
  .F.,.F.,(2,2),(0.,93.632716637936),.PIECEWISE_BEZIER_KNOTS.);
#12721 = CARTESIAN_POINT('',(0.,1.));
#12722 = CARTESIAN_POINT('',(234.06462782744,1.));
#12723 = ( GEOMETRIC_REPRESENTATION_CONTEXT(2) 
PARAMETRIC_REPRESENTATION_CONTEXT() REPRESENTATION_CONTEXT('2D SPACE',''
  ) );
#12724 = PCURVE('',#12622,#12725);
#12725 = DEFINITIONAL_REPRESENTATION('',(#12726),#12730);
#12726 = LINE('',#12727,#12728);
#12727 = CARTESIAN_POINT('',(50.4,2.475));
#12728 = VECTOR('',#12729,1.);
#12729 = DIRECTION('',(0.999650585403,-2.643306836403E-02));
#12730 = ( GEOMETRIC_REPRESENTATION_CONTEXT(2) 
PARAMETRIC_REPRESENTATION_CONTEXT() REPRESENTATION_CONTEXT('2D SPACE',''
  ) );
#12731 = ORIENTED_EDGE('',*,*,#12580,.F.);
#12732 = ADVANCED_FACE('',(#12733),#12700,.T.);
#12733 = FACE_BOUND('',#12734,.T.);
#12734 = EDGE_LOOP('',(#12735,#12758,#12780,#12800));
#12735 = ORIENTED_EDGE('',*,*,#12736,.T.);
#12736 = EDGE_CURVE('',#12663,#12737,#12739,.T.);
#12737 = VERTEX_POINT('',#12738);
#12738 = CARTESIAN_POINT('',(-115.7,5.5,108.16));
#12739 = SURFACE_CURVE('',#12740,(#12744,#12751),.PCURVE_S1.);
#12740 = LINE('',#12741,#12742);
#12741 = CARTESIAN_POINT('',(118.3,0.,108.16));
#12742 = VECTOR('',#12743,1.);
#12743 = DIRECTION('',(-0.999723888962,2.349778371491E-02,0.));
#12744 = PCURVE('',#12700,#12745);
#12745 = DEFINITIONAL_REPRESENTATION('',(#12746),#12750);
#12746 = LINE('',#12747,#12748);
#12747 = CARTESIAN_POINT('',(0.,0.));
#12748 = VECTOR('',#12749,1.);
#12749 = DIRECTION('',(1.,0.));
#12750 = ( GEOMETRIC_REPRESENTATION_CONTEXT(2) 
PARAMETRIC_REPRESENTATION_CONTEXT() REPRESENTATION_CONTEXT('2D SPACE',''
  ) );
#12751 = PCURVE('',#12568,#12752);
#12752 = DEFINITIONAL_REPRESENTATION('',(#12753),#12757);
#12753 = LINE('',#12754,#12755);
#12754 = CARTESIAN_POINT('',(360.,0.));
#12755 = VECTOR('',#12756,1.);
#12756 = DIRECTION('',(-0.999723888962,-2.349778371491E-02));
#12757 = ( GEOMETRIC_REPRESENTATION_CONTEXT(2) 
PARAMETRIC_REPRESENTATION_CONTEXT() REPRESENTATION_CONTEXT('2D SPACE',''
  ) );
#12758 = ORIENTED_EDGE('',*,*,#12759,.T.);
#12759 = EDGE_CURVE('',#12737,#12760,#12762,.T.);
#12760 = VERTEX_POINT('',#12761);
#12761 = CARTESIAN_POINT('',(-221.3,2.475,220.));
#12762 = SURFACE_CURVE('',#12763,(#12766,#12773),.PCURVE_S1.);
#12763 = B_SPLINE_CURVE_WITH_KNOTS('',1,(#12764,#12765),.UNSPECIFIED.,
  .F.,.F.,(2,2),(0.,1.),.PIECEWISE_BEZIER_KNOTS.);
#12764 = CARTESIAN_POINT('',(-115.7,5.5,108.16));
#12765 = CARTESIAN_POINT('',(-221.3,2.475,220.));
#12766 = PCURVE('',#12700,#12767);
#12767 = DEFINITIONAL_REPRESENTATION('',(#12768),#12772);
#12768 = LINE('',#12769,#12770);
#12769 = CARTESIAN_POINT('',(234.06462782744,0.));
#12770 = VECTOR('',#12771,1.);
#12771 = DIRECTION('',(0.,1.));
#12772 = ( GEOMETRIC_REPRESENTATION_CONTEXT(2) 
PARAMETRIC_REPRESENTATION_CONTEXT() REPRESENTATION_CONTEXT('2D SPACE',''
  ) );
#12773 = PCURVE('',#12647,#12774);
#12774 = DEFINITIONAL_REPRESENTATION('',(#12775),#12779);
#12775 = LINE('',#12776,#12777);
#12776 = CARTESIAN_POINT('',(0.,0.));
#12777 = VECTOR('',#12778,1.);
#12778 = DIRECTION('',(0.,1.));
#12779 = ( GEOMETRIC_REPRESENTATION_CONTEXT(2) 
PARAMETRIC_REPRESENTATION_CONTEXT() REPRESENTATION_CONTEXT('2D SPACE',''
  ) );
#12780 = ORIENTED_EDGE('',*,*,#12781,.F.);
#12781 = EDGE_CURVE('',#12686,#12760,#12782,.T.);
#12782 = SURFACE_CURVE('',#12783,(#12787,#12793),.PCURVE_S1.);
#12783 = LINE('',#12784,#12785);
#12784 = CARTESIAN_POINT('',(-127.7,0.,220.));
#12785 = VECTOR('',#12786,1.);
#12786 = DIRECTION('',(-0.999650585403,2.643306836403E-02,0.));
#12787 = PCURVE('',#12700,#12788);
#12788 = DEFINITIONAL_REPRESENTATION('',(#12789),#12792);
#12789 = B_SPLINE_CURVE_WITH_KNOTS('',1,(#12790,#12791),.UNSPECIFIED.,
  .F.,.F.,(2,2),(0.,93.632716637936),.PIECEWISE_BEZIER_KNOTS.);
#12790 = CARTESIAN_POINT('',(0.,1.));
#12791 = CARTESIAN_POINT('',(234.06462782744,1.));
#12792 = ( GEOMETRIC_REPRESENTATION_CONTEXT(2) 
PARAMETRIC_REPRESENTATION_CONTEXT() REPRESENTATION_CONTEXT('2D SPACE',''
  ) );
#12793 = PCURVE('',#12622,#12794);
#12794 = DEFINITIONAL_REPRESENTATION('',(#12795),#12799);
#12795 = LINE('',#12796,#12797);
#12796 = CARTESIAN_POINT('',(144.,0.));
#12797 = VECTOR('',#12798,1.);
#12798 = DIRECTION('',(-0.999650585403,-2.643306836403E-02));
#12799 = ( GEOMETRIC_REPRESENTATION_CONTEXT(2) 
PARAMETRIC_REPRESENTATION_CONTEXT() REPRESENTATION_CONTEXT('2D SPACE',''
  ) );
#12800 = ORIENTED_EDGE('',*,*,#12685,.F.);
#12801 = ADVANCED_FACE('',(#12802),#12647,.T.);
#12802 = FACE_BOUND('',#12803,.T.);
#12803 = EDGE_LOOP('',(#12804,#12825,#12826,#12846));
#12804 = ORIENTED_EDGE('',*,*,#12805,.T.);
#12805 = EDGE_CURVE('',#12737,#12546,#12806,.T.);
#12806 = SURFACE_CURVE('',#12807,(#12811,#12818),.PCURVE_S1.);
#12807 = LINE('',#12808,#12809);
#12808 = CARTESIAN_POINT('',(-115.7,5.5,108.16));
#12809 = VECTOR('',#12810,1.);
#12810 = DIRECTION('',(-0.999048663393,-4.360926705286E-02,0.));
#12811 = PCURVE('',#12647,#12812);
#12812 = DEFINITIONAL_REPRESENTATION('',(#12813),#12817);
#12813 = LINE('',#12814,#12815);
#12814 = CARTESIAN_POINT('',(0.,0.));
#12815 = VECTOR('',#12816,1.);
#12816 = DIRECTION('',(1.,0.));
#12817 = ( GEOMETRIC_REPRESENTATION_CONTEXT(2) 
PARAMETRIC_REPRESENTATION_CONTEXT() REPRESENTATION_CONTEXT('2D SPACE',''
  ) );
#12818 = PCURVE('',#12568,#12819);
#12819 = DEFINITIONAL_REPRESENTATION('',(#12820),#12824);
#12820 = LINE('',#12821,#12822);
#12821 = CARTESIAN_POINT('',(126.,-5.5));
#12822 = VECTOR('',#12823,1.);
#12823 = DIRECTION('',(-0.999048663393,4.360926705286E-02));
#12824 = ( GEOMETRIC_REPRESENTATION_CONTEXT(2) 
PARAMETRIC_REPRESENTATION_CONTEXT() REPRESENTATION_CONTEXT('2D SPACE',''
  ) );
#12825 = ORIENTED_EDGE('',*,*,#12634,.T.);
#12826 = ORIENTED_EDGE('',*,*,#12827,.F.);
#12827 = EDGE_CURVE('',#12760,#12608,#12828,.T.);
#12828 = SURFACE_CURVE('',#12829,(#12833,#12839),.PCURVE_S1.);
#12829 = LINE('',#12830,#12831);
#12830 = CARTESIAN_POINT('',(-221.3,2.475,220.));
#12831 = VECTOR('',#12832,1.);
#12832 = DIRECTION('',(-0.998796420657,-4.904803851442E-02,0.));
#12833 = PCURVE('',#12647,#12834);
#12834 = DEFINITIONAL_REPRESENTATION('',(#12835),#12838);
#12835 = B_SPLINE_CURVE_WITH_KNOTS('',1,(#12836,#12837),.UNSPECIFIED.,
  .F.,.F.,(2,2),(0.,50.460733496452),.PIECEWISE_BEZIER_KNOTS.);
#12836 = CARTESIAN_POINT('',(0.,1.));
#12837 = CARTESIAN_POINT('',(126.11998255629,1.));
#12838 = ( GEOMETRIC_REPRESENTATION_CONTEXT(2) 
PARAMETRIC_REPRESENTATION_CONTEXT() REPRESENTATION_CONTEXT('2D SPACE',''
  ) );
#12839 = PCURVE('',#12622,#12840);
#12840 = DEFINITIONAL_REPRESENTATION('',(#12841),#12845);
#12841 = LINE('',#12842,#12843);
#12842 = CARTESIAN_POINT('',(50.4,-2.475));
#12843 = VECTOR('',#12844,1.);
#12844 = DIRECTION('',(-0.998796420657,4.904803851442E-02));
#12845 = ( GEOMETRIC_REPRESENTATION_CONTEXT(2) 
PARAMETRIC_REPRESENTATION_CONTEXT() REPRESENTATION_CONTEXT('2D SPACE',''
  ) );
#12846 = ORIENTED_EDGE('',*,*,#12759,.F.);
#12847 = ADVANCED_FACE('',(#12848),#12568,.T.);
#12848 = FACE_BOUND('',#12849,.F.);
#12849 = EDGE_LOOP('',(#12850,#12851,#12852,#12853));
#12850 = ORIENTED_EDGE('',*,*,#12545,.T.);
#12851 = ORIENTED_EDGE('',*,*,#12662,.T.);
#12852 = ORIENTED_EDGE('',*,*,#12736,.T.);
#12853 = ORIENTED_EDGE('',*,*,#12805,.T.);
#12854 = ADVANCED_FACE('',(#12855),#12622,.F.);
#12855 = FACE_BOUND('',#12856,.T.);
#12856 = EDGE_LOOP('',(#12857,#12858,#12859,#12860));
#12857 = ORIENTED_EDGE('',*,*,#12607,.T.);
#12858 = ORIENTED_EDGE('',*,*,#12712,.T.);
#12859 = ORIENTED_EDGE('',*,*,#12781,.T.);
#12860 = ORIENTED_EDGE('',*,*,#12827,.T.);
#12861 = ( GEOMETRIC_REPRESENTATION_CONTEXT(3) 
GLOBAL_UNCERTAINTY_ASSIGNED_CONTEXT((#12865)) 
GLOBAL_UNIT_ASSIGNED_CONTEXT((#12862,#12863,#12864)) 
REPRESENTATION_CONTEXT('Context #1',
  '3D Context with UNIT and UNCERTAINTY') );
#12862 = ( LENGTH_UNIT() NAMED_UNIT(*) SI_UNIT(.MILLI.,.METRE.) );
#12863 = ( NAMED_UNIT(*) PLANE_ANGLE_UNIT() SI_UNIT($,.RADIAN.) );
#12864 = ( NAMED_UNIT(*) SI_UNIT($,.STERADIAN.) SOLID_ANGLE_UNIT() );
#12865 = UNCERTAINTY_MEASURE_WITH_UNIT(LENGTH_MEASURE(1.E-07),#12862,
  'distance_accuracy_value','confusion accuracy');
#12866 = CONTEXT_DEPENDENT_SHAPE_REPRESENTATION(#12867,#12869);
#12867 = ( REPRESENTATION_RELATIONSHIP('','',#12538,#10) 
REPRESENTATION_RELATIONSHIP_WITH_TRANSFORMATION(#12868) 
SHAPE_REPRESENTATION_RELATIONSHIP() );
#12868 = ITEM_DEFINED_TRANSFORMATION('','',#11,#31);
#12869 = PRODUCT_DEFINITION_SHAPE('Placement','Placement of an item',
  #12870);
#12870 = NEXT_ASSEMBLY_USAGE_OCCURRENCE('5','sustainer_fin_1','',#5,
  #12533,$);
#12871 = PRODUCT_RELATED_PRODUCT_CATEGORY('part',$,(#12535));
#12872 = CONTEXT_DEPENDENT_SHAPE_REPRESENTATION(#12873,#12875);
#12873 = ( REPRESENTATION_RELATIONSHIP('','',#12396,#10) 
REPRESENTATION_RELATIONSHIP_WITH_TRANSFORMATION(#12874) 
SHAPE_REPRESENTATION_RELATIONSHIP() );
#12874 = ITEM_DEFINED_TRANSFORMATION('','',#11,#35);
#12875 = PRODUCT_DEFINITION_SHAPE('Placement','Placement of an item',
  #12876);
#12876 = NEXT_ASSEMBLY_USAGE_OCCURRENCE('6','intake_floor_2','',#5,
  #12391,$);
#12877 = CONTEXT_DEPENDENT_SHAPE_REPRESENTATION(#12878,#12880);
#12878 = ( REPRESENTATION_RELATIONSHIP('','',#12538,#10) 
REPRESENTATION_RELATIONSHIP_WITH_TRANSFORMATION(#12879) 
SHAPE_REPRESENTATION_RELATIONSHIP() );
#12879 = ITEM_DEFINED_TRANSFORMATION('','',#11,#39);
#12880 = PRODUCT_DEFINITION_SHAPE('Placement','Placement of an item',
  #12881);
#12881 = NEXT_ASSEMBLY_USAGE_OCCURRENCE('7','sustainer_fin_2','',#5,
  #12533,$);
#12882 = CONTEXT_DEPENDENT_SHAPE_REPRESENTATION(#12883,#12885);
#12883 = ( REPRESENTATION_RELATIONSHIP('','',#12396,#10) 
REPRESENTATION_RELATIONSHIP_WITH_TRANSFORMATION(#12884) 
SHAPE_REPRESENTATION_RELATIONSHIP() );
#12884 = ITEM_DEFINED_TRANSFORMATION('','',#11,#43);
#12885 = PRODUCT_DEFINITION_SHAPE('Placement','Placement of an item',
  #12886);
#12886 = NEXT_ASSEMBLY_USAGE_OCCURRENCE('8','intake_floor_3','',#5,
  #12391,$);
#12887 = CONTEXT_DEPENDENT_SHAPE_REPRESENTATION(#12888,#12890);
#12888 = ( REPRESENTATION_RELATIONSHIP('','',#12538,#10) 
REPRESENTATION_RELATIONSHIP_WITH_TRANSFORMATION(#12889) 
SHAPE_REPRESENTATION_RELATIONSHIP() );
#12889 = ITEM_DEFINED_TRANSFORMATION('','',#11,#47);
#12890 = PRODUCT_DEFINITION_SHAPE('Placement','Placement of an item',
  #12891);
#12891 = NEXT_ASSEMBLY_USAGE_OCCURRENCE('9','sustainer_fin_3','',#5,
  #12533,$);
#12892 = CONTEXT_DEPENDENT_SHAPE_REPRESENTATION(#12893,#12895);
#12893 = ( REPRESENTATION_RELATIONSHIP('','',#12396,#10) 
REPRESENTATION_RELATIONSHIP_WITH_TRANSFORMATION(#12894) 
SHAPE_REPRESENTATION_RELATIONSHIP() );
#12894 = ITEM_DEFINED_TRANSFORMATION('','',#11,#51);
#12895 = PRODUCT_DEFINITION_SHAPE('Placement','Placement of an item',
  #12896);
#12896 = NEXT_ASSEMBLY_USAGE_OCCURRENCE('10','intake_floor_4','',#5,
  #12391,$);
#12897 = CONTEXT_DEPENDENT_SHAPE_REPRESENTATION(#12898,#12900);
#12898 = ( REPRESENTATION_RELATIONSHIP('','',#12538,#10) 
REPRESENTATION_RELATIONSHIP_WITH_TRANSFORMATION(#12899) 
SHAPE_REPRESENTATION_RELATIONSHIP() );
#12899 = ITEM_DEFINED_TRANSFORMATION('','',#11,#55);
#12900 = PRODUCT_DEFINITION_SHAPE('Placement','Placement of an item',
  #12901);
#12901 = NEXT_ASSEMBLY_USAGE_OCCURRENCE('11','sustainer_fin_4','',#5,
  #12533,$);
#12902 = SHAPE_DEFINITION_REPRESENTATION(#12903,#12909);
#12903 = PRODUCT_DEFINITION_SHAPE('','',#12904);
#12904 = PRODUCT_DEFINITION('design','',#12905,#12908);
#12905 = PRODUCT_DEFINITION_FORMATION('','',#12906);
#12906 = PRODUCT('mount_2','mount_2','',(#12907));
#12907 = PRODUCT_CONTEXT('',#2,'mechanical');
#12908 = PRODUCT_DEFINITION_CONTEXT('part definition',#2,'design');
#12909 = ADVANCED_BREP_SHAPE_REPRESENTATION('',(#11,#12910),#13240);
#12910 = MANIFOLD_SOLID_BREP('',#12911);
#12911 = CLOSED_SHELL('',(#12912,#13032,#13132,#13179,#13226,#13233));
#12912 = ADVANCED_FACE('',(#12913),#12927,.F.);
#12913 = FACE_BOUND('',#12914,.F.);
#12914 = EDGE_LOOP('',(#12915,#12950,#12978,#13006));
#12915 = ORIENTED_EDGE('',*,*,#12916,.F.);
#12916 = EDGE_CURVE('',#12917,#12919,#12921,.T.);
#12917 = VERTEX_POINT('',#12918);
#12918 = CARTESIAN_POINT('',(-31.,-12.5,-5.));
#12919 = VERTEX_POINT('',#12920);
#12920 = CARTESIAN_POINT('',(-31.,-12.5,5.));
#12921 = SURFACE_CURVE('',#12922,(#12926,#12938),.PCURVE_S1.);
#12922 = LINE('',#12923,#12924);
#12923 = CARTESIAN_POINT('',(-31.,-12.5,-5.));
#12924 = VECTOR('',#12925,1.);
#12925 = DIRECTION('',(0.,0.,1.));
#12926 = PCURVE('',#12927,#12932);
#12927 = PLANE('',#12928);
#12928 = AXIS2_PLACEMENT_3D('',#12929,#12930,#12931);
#12929 = CARTESIAN_POINT('',(-31.,-12.5,-5.));
#12930 = DIRECTION('',(1.,0.,0.));
#12931 = DIRECTION('',(0.,0.,1.));
#12932 = DEFINITIONAL_REPRESENTATION('',(#12933),#12937);
#12933 = LINE('',#12934,#12935);
#12934 = CARTESIAN_POINT('',(0.,0.));
#12935 = VECTOR('',#12936,1.);
#12936 = DIRECTION('',(1.,0.));
#12937 = ( GEOMETRIC_REPRESENTATION_CONTEXT(2) 
PARAMETRIC_REPRESENTATION_CONTEXT() REPRESENTATION_CONTEXT('2D SPACE',''
  ) );
#12938 = PCURVE('',#12939,#12944);
#12939 = PLANE('',#12940);
#12940 = AXIS2_PLACEMENT_3D('',#12941,#12942,#12943);
#12941 = CARTESIAN_POINT('',(-31.,-12.5,-5.));
#12942 = DIRECTION('',(0.,1.,0.));
#12943 = DIRECTION('',(0.,0.,1.));
#12944 = DEFINITIONAL_REPRESENTATION('',(#12945),#12949);
#12945 = LINE('',#12946,#12947);
#12946 = CARTESIAN_POINT('',(0.,0.));
#12947 = VECTOR('',#12948,1.);
#12948 = DIRECTION('',(1.,0.));
#12949 = ( GEOMETRIC_REPRESENTATION_CONTEXT(2) 
PARAMETRIC_REPRESENTATION_CONTEXT() REPRESENTATION_CONTEXT('2D SPACE',''
  ) );
#12950 = ORIENTED_EDGE('',*,*,#12951,.T.);
#12951 = EDGE_CURVE('',#12917,#12952,#12954,.T.);
#12952 = VERTEX_POINT('',#12953);
#12953 = CARTESIAN_POINT('',(-31.,12.5,-5.));
#12954 = SURFACE_CURVE('',#12955,(#12959,#12966),.PCURVE_S1.);
#12955 = LINE('',#12956,#12957);
#12956 = CARTESIAN_POINT('',(-31.,-12.5,-5.));
#12957 = VECTOR('',#12958,1.);
#12958 = DIRECTION('',(0.,1.,0.));
#12959 = PCURVE('',#12927,#12960);
#12960 = DEFINITIONAL_REPRESENTATION('',(#12961),#12965);
#12961 = LINE('',#12962,#12963);
#12962 = CARTESIAN_POINT('',(0.,0.));
#12963 = VECTOR('',#12964,1.);
#12964 = DIRECTION('',(0.,-1.));
#12965 = ( GEOMETRIC_REPRESENTATION_CONTEXT(2) 
PARAMETRIC_REPRESENTATION_CONTEXT() REPRESENTATION_CONTEXT('2D SPACE',''
  ) );
#12966 = PCURVE('',#12967,#12972);
#12967 = PLANE('',#12968);
#12968 = AXIS2_PLACEMENT_3D('',#12969,#12970,#12971);
#12969 = CARTESIAN_POINT('',(-31.,-12.5,-5.));
#12970 = DIRECTION('',(0.,0.,1.));
#12971 = DIRECTION('',(1.,0.,0.));
#12972 = DEFINITIONAL_REPRESENTATION('',(#12973),#12977);
#12973 = LINE('',#12974,#12975);
#12974 = CARTESIAN_POINT('',(0.,0.));
#12975 = VECTOR('',#12976,1.);
#12976 = DIRECTION('',(0.,1.));
#12977 = ( GEOMETRIC_REPRESENTATION_CONTEXT(2) 
PARAMETRIC_REPRESENTATION_CONTEXT() REPRESENTATION_CONTEXT('2D SPACE',''
  ) );
#12978 = ORIENTED_EDGE('',*,*,#12979,.T.);
#12979 = EDGE_CURVE('',#12952,#12980,#12982,.T.);
#12980 = VERTEX_POINT('',#12981);
#12981 = CARTESIAN_POINT('',(-31.,12.5,5.));
#12982 = SURFACE_CURVE('',#12983,(#12987,#12994),.PCURVE_S1.);
#12983 = LINE('',#12984,#12985);
#12984 = CARTESIAN_POINT('',(-31.,12.5,-5.));
#12985 = VECTOR('',#12986,1.);
#12986 = DIRECTION('',(0.,0.,1.));
#12987 = PCURVE('',#12927,#12988);
#12988 = DEFINITIONAL_REPRESENTATION('',(#12989),#12993);
#12989 = LINE('',#12990,#12991);
#12990 = CARTESIAN_POINT('',(0.,-25.));
#12991 = VECTOR('',#12992,1.);
#12992 = DIRECTION('',(1.,0.));
#12993 = ( GEOMETRIC_REPRESENTATION_CONTEXT(2) 
PARAMETRIC_REPRESENTATION_CONTEXT() REPRESENTATION_CONTEXT('2D SPACE',''
  ) );
#12994 = PCURVE('',#12995,#13000);
#12995 = PLANE('',#12996);
#12996 = AXIS2_PLACEMENT_3D('',#12997,#12998,#12999);
#12997 = CARTESIAN_POINT('',(-31.,12.5,-5.));
#12998 = DIRECTION('',(0.,1.,0.));
#12999 = DIRECTION('',(0.,0.,1.));
#13000 = DEFINITIONAL_REPRESENTATION('',(#13001),#13005);
#13001 = LINE('',#13002,#13003);
#13002 = CARTESIAN_POINT('',(0.,0.));
#13003 = VECTOR('',#13004,1.);
#13004 = DIRECTION('',(1.,0.));
#13005 = ( GEOMETRIC_REPRESENTATION_CONTEXT(2) 
PARAMETRIC_REPRESENTATION_CONTEXT() REPRESENTATION_CONTEXT('2D SPACE',''
  ) );
#13006 = ORIENTED_EDGE('',*,*,#13007,.F.);
#13007 = EDGE_CURVE('',#12919,#12980,#13008,.T.);
#13008 = SURFACE_CURVE('',#13009,(#13013,#13020),.PCURVE_S1.);
#13009 = LINE('',#13010,#13011);
#13010 = CARTESIAN_POINT('',(-31.,-12.5,5.));
#13011 = VECTOR('',#13012,1.);
#13012 = DIRECTION('',(0.,1.,0.));
#13013 = PCURVE('',#12927,#13014);
#13014 = DEFINITIONAL_REPRESENTATION('',(#13015),#13019);
#13015 = LINE('',#13016,#13017);
#13016 = CARTESIAN_POINT('',(10.,0.));
#13017 = VECTOR('',#13018,1.);
#13018 = DIRECTION('',(0.,-1.));
#13019 = ( GEOMETRIC_REPRESENTATION_CONTEXT(2) 
PARAMETRIC_REPRESENTATION_CONTEXT() REPRESENTATION_CONTEXT('2D SPACE',''
  ) );
#13020 = PCURVE('',#13021,#13026);
#13021 = PLANE('',#13022);
#13022 = AXIS2_PLACEMENT_3D('',#13023,#13024,#13025);
#13023 = CARTESIAN_POINT('',(-31.,-12.5,5.));
#13024 = DIRECTION('',(0.,0.,1.));
#13025 = DIRECTION('',(1.,0.,0.));
#13026 = DEFINITIONAL_REPRESENTATION('',(#13027),#13031);
#13027 = LINE('',#13028,#13029);
#13028 = CARTESIAN_POINT('',(0.,0.));
#13029 = VECTOR('',#13030,1.);
#13030 = DIRECTION('',(0.,1.));
#13031 = ( GEOMETRIC_REPRESENTATION_CONTEXT(2) 
PARAMETRIC_REPRESENTATION_CONTEXT() REPRESENTATION_CONTEXT('2D SPACE',''
  ) );
#13032 = ADVANCED_FACE('',(#13033),#13047,.T.);
#13033 = FACE_BOUND('',#13034,.T.);
#13034 = EDGE_LOOP('',(#13035,#13065,#13088,#13111));
#13035 = ORIENTED_EDGE('',*,*,#13036,.F.);
#13036 = EDGE_CURVE('',#13037,#13039,#13041,.T.);
#13037 = VERTEX_POINT('',#13038);
#13038 = CARTESIAN_POINT('',(31.,-12.5,-5.));
#13039 = VERTEX_POINT('',#13040);
#13040 = CARTESIAN_POINT('',(31.,-12.5,5.));
#13041 = SURFACE_CURVE('',#13042,(#13046,#13058),.PCURVE_S1.);
#13042 = LINE('',#13043,#13044);
#13043 = CARTESIAN_POINT('',(31.,-12.5,-5.));
#13044 = VECTOR('',#13045,1.);
#13045 = DIRECTION('',(0.,0.,1.));
#13046 = PCURVE('',#13047,#13052);
#13047 = PLANE('',#13048);
#13048 = AXIS2_PLACEMENT_3D('',#13049,#13050,#13051);
#13049 = CARTESIAN_POINT('',(31.,-12.5,-5.));
#13050 = DIRECTION('',(1.,0.,0.));
#13051 = DIRECTION('',(0.,0.,1.));
#13052 = DEFINITIONAL_REPRESENTATION('',(#13053),#13057);
#13053 = LINE('',#13054,#13055);
#13054 = CARTESIAN_POINT('',(0.,0.));
#13055 = VECTOR('',#13056,1.);
#13056 = DIRECTION('',(1.,0.));
#13057 = ( GEOMETRIC_REPRESENTATION_CONTEXT(2) 
PARAMETRIC_REPRESENTATION_CONTEXT() REPRESENTATION_CONTEXT('2D SPACE',''
  ) );
#13058 = PCURVE('',#12939,#13059);
#13059 = DEFINITIONAL_REPRESENTATION('',(#13060),#13064);
#13060 = LINE('',#13061,#13062);
#13061 = CARTESIAN_POINT('',(0.,62.));
#13062 = VECTOR('',#13063,1.);
#13063 = DIRECTION('',(1.,0.));
#13064 = ( GEOMETRIC_REPRESENTATION_CONTEXT(2) 
PARAMETRIC_REPRESENTATION_CONTEXT() REPRESENTATION_CONTEXT('2D SPACE',''
  ) );
#13065 = ORIENTED_EDGE('',*,*,#13066,.T.);
#13066 = EDGE_CURVE('',#13037,#13067,#13069,.T.);
#13067 = VERTEX_POINT('',#13068);
#13068 = CARTESIAN_POINT('',(31.,12.5,-5.));
#13069 = SURFACE_CURVE('',#13070,(#13074,#13081),.PCURVE_S1.);
#13070 = LINE('',#13071,#13072);
#13071 = CARTESIAN_POINT('',(31.,-12.5,-5.));
#13072 = VECTOR('',#13073,1.);
#13073 = DIRECTION('',(0.,1.,0.));
#13074 = PCURVE('',#13047,#13075);
#13075 = DEFINITIONAL_REPRESENTATION('',(#13076),#13080);
#13076 = LINE('',#13077,#13078);
#13077 = CARTESIAN_POINT('',(0.,0.));
#13078 = VECTOR('',#13079,1.);
#13079 = DIRECTION('',(0.,-1.));
#13080 = ( GEOMETRIC_REPRESENTATION_CONTEXT(2) 
PARAMETRIC_REPRESENTATION_CONTEXT() REPRESENTATION_CONTEXT('2D SPACE',''
  ) );
#13081 = PCURVE('',#12967,#13082);
#13082 = DEFINITIONAL_REPRESENTATION('',(#13083),#13087);
#13083 = LINE('',#13084,#13085);
#13084 = CARTESIAN_POINT('',(62.,0.));
#13085 = VECTOR('',#13086,1.);
#13086 = DIRECTION('',(0.,1.));
#13087 = ( GEOMETRIC_REPRESENTATION_CONTEXT(2) 
PARAMETRIC_REPRESENTATION_CONTEXT() REPRESENTATION_CONTEXT('2D SPACE',''
  ) );
#13088 = ORIENTED_EDGE('',*,*,#13089,.T.);
#13089 = EDGE_CURVE('',#13067,#13090,#13092,.T.);
#13090 = VERTEX_POINT('',#13091);
#13091 = CARTESIAN_POINT('',(31.,12.5,5.));
#13092 = SURFACE_CURVE('',#13093,(#13097,#13104),.PCURVE_S1.);
#13093 = LINE('',#13094,#13095);
#13094 = CARTESIAN_POINT('',(31.,12.5,-5.));
#13095 = VECTOR('',#13096,1.);
#13096 = DIRECTION('',(0.,0.,1.));
#13097 = PCURVE('',#13047,#13098);
#13098 = DEFINITIONAL_REPRESENTATION('',(#13099),#13103);
#13099 = LINE('',#13100,#13101);
#13100 = CARTESIAN_POINT('',(0.,-25.));
#13101 = VECTOR('',#13102,1.);
#13102 = DIRECTION('',(1.,0.));
#13103 = ( GEOMETRIC_REPRESENTATION_CONTEXT(2) 
PARAMETRIC_REPRESENTATION_CONTEXT() REPRESENTATION_CONTEXT('2D SPACE',''
  ) );
#13104 = PCURVE('',#12995,#13105);
#13105 = DEFINITIONAL_REPRESENTATION('',(#13106),#13110);
#13106 = LINE('',#13107,#13108);
#13107 = CARTESIAN_POINT('',(0.,62.));
#13108 = VECTOR('',#13109,1.);
#13109 = DIRECTION('',(1.,0.));
#13110 = ( GEOMETRIC_REPRESENTATION_CONTEXT(2) 
PARAMETRIC_REPRESENTATION_CONTEXT() REPRESENTATION_CONTEXT('2D SPACE',''
  ) );
#13111 = ORIENTED_EDGE('',*,*,#13112,.F.);
#13112 = EDGE_CURVE('',#13039,#13090,#13113,.T.);
#13113 = SURFACE_CURVE('',#13114,(#13118,#13125),.PCURVE_S1.);
#13114 = LINE('',#13115,#13116);
#13115 = CARTESIAN_POINT('',(31.,-12.5,5.));
#13116 = VECTOR('',#13117,1.);
#13117 = DIRECTION('',(0.,1.,0.));
#13118 = PCURVE('',#13047,#13119);
#13119 = DEFINITIONAL_REPRESENTATION('',(#13120),#13124);
#13120 = LINE('',#13121,#13122);
#13121 = CARTESIAN_POINT('',(10.,0.));
#13122 = VECTOR('',#13123,1.);
#13123 = DIRECTION('',(0.,-1.));
#13124 = ( GEOMETRIC_REPRESENTATION_CONTEXT(2) 
PARAMETRIC_REPRESENTATION_CONTEXT() REPRESENTATION_CONTEXT('2D SPACE',''
  ) );
#13125 = PCURVE('',#13021,#13126);
#13126 = DEFINITIONAL_REPRESENTATION('',(#13127),#13131);
#13127 = LINE('',#13128,#13129);
#13128 = CARTESIAN_POINT('',(62.,0.));
#13129 = VECTOR('',#13130,1.);
#13130 = DIRECTION('',(0.,1.));
#13131 = ( GEOMETRIC_REPRESENTATION_CONTEXT(2) 
PARAMETRIC_REPRESENTATION_CONTEXT() REPRESENTATION_CONTEXT('2D SPACE',''
  ) );
#13132 = ADVANCED_FACE('',(#13133),#12939,.F.);
#13133 = FACE_BOUND('',#13134,.F.);
#13134 = EDGE_LOOP('',(#13135,#13156,#13157,#13178));
#13135 = ORIENTED_EDGE('',*,*,#13136,.F.);
#13136 = EDGE_CURVE('',#12917,#13037,#13137,.T.);
#13137 = SURFACE_CURVE('',#13138,(#13142,#13149),.PCURVE_S1.);
#13138 = LINE('',#13139,#13140);
#13139 = CARTESIAN_POINT('',(-31.,-12.5,-5.));
#13140 = VECTOR('',#13141,1.);
#13141 = DIRECTION('',(1.,0.,0.));
#13142 = PCURVE('',#12939,#13143);
#13143 = DEFINITIONAL_REPRESENTATION('',(#13144),#13148);
#13144 = LINE('',#13145,#13146);
#13145 = CARTESIAN_POINT('',(0.,0.));
#13146 = VECTOR('',#13147,1.);
#13147 = DIRECTION('',(0.,1.));
#13148 = ( GEOMETRIC_REPRESENTATION_CONTEXT(2) 
PARAMETRIC_REPRESENTATION_CONTEXT() REPRESENTATION_CONTEXT('2D SPACE',''
  ) );
#13149 = PCURVE('',#12967,#13150);
#13150 = DEFINITIONAL_REPRESENTATION('',(#13151),#13155);
#13151 = LINE('',#13152,#13153);
#13152 = CARTESIAN_POINT('',(0.,0.));
#13153 = VECTOR('',#13154,1.);
#13154 = DIRECTION('',(1.,0.));
#13155 = ( GEOMETRIC_REPRESENTATION_CONTEXT(2) 
PARAMETRIC_REPRESENTATION_CONTEXT() REPRESENTATION_CONTEXT('2D SPACE',''
  ) );
#13156 = ORIENTED_EDGE('',*,*,#12916,.T.);
#13157 = ORIENTED_EDGE('',*,*,#13158,.T.);
#13158 = EDGE_CURVE('',#12919,#13039,#13159,.T.);
#13159 = SURFACE_CURVE('',#13160,(#13164,#13171),.PCURVE_S1.);
#13160 = LINE('',#13161,#13162);
#13161 = CARTESIAN_POINT('',(-31.,-12.5,5.));
#13162 = VECTOR('',#13163,1.);
#13163 = DIRECTION('',(1.,0.,0.));
#13164 = PCURVE('',#12939,#13165);
#13165 = DEFINITIONAL_REPRESENTATION('',(#13166),#13170);
#13166 = LINE('',#13167,#13168);
#13167 = CARTESIAN_POINT('',(10.,0.));
#13168 = VECTOR('',#13169,1.);
#13169 = DIRECTION('',(0.,1.));
#13170 = ( GEOMETRIC_REPRESENTATION_CONTEXT(2) 
PARAMETRIC_REPRESENTATION_CONTEXT() REPRESENTATION_CONTEXT('2D SPACE',''
  ) );
#13171 = PCURVE('',#13021,#13172);
#13172 = DEFINITIONAL_REPRESENTATION('',(#13173),#13177);
#13173 = LINE('',#13174,#13175);
#13174 = CARTESIAN_POINT('',(0.,0.));
#13175 = VECTOR('',#13176,1.);
#13176 = DIRECTION('',(1.,0.));
#13177 = ( GEOMETRIC_REPRESENTATION_CONTEXT(2) 
PARAMETRIC_REPRESENTATION_CONTEXT() REPRESENTATION_CONTEXT('2D SPACE',''
  ) );
#13178 = ORIENTED_EDGE('',*,*,#13036,.F.);
#13179 = ADVANCED_FACE('',(#13180),#12995,.T.);
#13180 = FACE_BOUND('',#13181,.T.);
#13181 = EDGE_LOOP('',(#13182,#13203,#13204,#13225));
#13182 = ORIENTED_EDGE('',*,*,#13183,.F.);
#13183 = EDGE_CURVE('',#12952,#13067,#13184,.T.);
#13184 = SURFACE_CURVE('',#13185,(#13189,#13196),.PCURVE_S1.);
#13185 = LINE('',#13186,#13187);
#13186 = CARTESIAN_POINT('',(-31.,12.5,-5.));
#13187 = VECTOR('',#13188,1.);
#13188 = DIRECTION('',(1.,0.,0.));
#13189 = PCURVE('',#12995,#13190);
#13190 = DEFINITIONAL_REPRESENTATION('',(#13191),#13195);
#13191 = LINE('',#13192,#13193);
#13192 = CARTESIAN_POINT('',(0.,0.));
#13193 = VECTOR('',#13194,1.);
#13194 = DIRECTION('',(0.,1.));
#13195 = ( GEOMETRIC_REPRESENTATION_CONTEXT(2) 
PARAMETRIC_REPRESENTATION_CONTEXT() REPRESENTATION_CONTEXT('2D SPACE',''
  ) );
#13196 = PCURVE('',#12967,#13197);
#13197 = DEFINITIONAL_REPRESENTATION('',(#13198),#13202);
#13198 = LINE('',#13199,#13200);
#13199 = CARTESIAN_POINT('',(0.,25.));
#13200 = VECTOR('',#13201,1.);
#13201 = DIRECTION('',(1.,0.));
#13202 = ( GEOMETRIC_REPRESENTATION_CONTEXT(2) 
PARAMETRIC_REPRESENTATION_CONTEXT() REPRESENTATION_CONTEXT('2D SPACE',''
  ) );
#13203 = ORIENTED_EDGE('',*,*,#12979,.T.);
#13204 = ORIENTED_EDGE('',*,*,#13205,.T.);
#13205 = EDGE_CURVE('',#12980,#13090,#13206,.T.);
#13206 = SURFACE_CURVE('',#13207,(#13211,#13218),.PCURVE_S1.);
#13207 = LINE('',#13208,#13209);
#13208 = CARTESIAN_POINT('',(-31.,12.5,5.));
#13209 = VECTOR('',#13210,1.);
#13210 = DIRECTION('',(1.,0.,0.));
#13211 = PCURVE('',#12995,#13212);
#13212 = DEFINITIONAL_REPRESENTATION('',(#13213),#13217);
#13213 = LINE('',#13214,#13215);
#13214 = CARTESIAN_POINT('',(10.,0.));
#13215 = VECTOR('',#13216,1.);
#13216 = DIRECTION('',(0.,1.));
#13217 = ( GEOMETRIC_REPRESENTATION_CONTEXT(2) 
PARAMETRIC_REPRESENTATION_CONTEXT() REPRESENTATION_CONTEXT('2D SPACE',''
  ) );
#13218 = PCURVE('',#13021,#13219);
#13219 = DEFINITIONAL_REPRESENTATION('',(#13220),#13224);
#13220 = LINE('',#13221,#13222);
#13221 = CARTESIAN_POINT('',(0.,25.));
#13222 = VECTOR('',#13223,1.);
#13223 = DIRECTION('',(1.,0.));
#13224 = ( GEOMETRIC_REPRESENTATION_CONTEXT(2) 
PARAMETRIC_REPRESENTATION_CONTEXT() REPRESENTATION_CONTEXT('2D SPACE',''
  ) );
#13225 = ORIENTED_EDGE('',*,*,#13089,.F.);
#13226 = ADVANCED_FACE('',(#13227),#12967,.F.);
#13227 = FACE_BOUND('',#13228,.F.);
#13228 = EDGE_LOOP('',(#13229,#13230,#13231,#13232));
#13229 = ORIENTED_EDGE('',*,*,#12951,.F.);
#13230 = ORIENTED_EDGE('',*,*,#13136,.T.);
#13231 = ORIENTED_EDGE('',*,*,#13066,.T.);
#13232 = ORIENTED_EDGE('',*,*,#13183,.F.);
#13233 = ADVANCED_FACE('',(#13234),#13021,.T.);
#13234 = FACE_BOUND('',#13235,.T.);
#13235 = EDGE_LOOP('',(#13236,#13237,#13238,#13239));
#13236 = ORIENTED_EDGE('',*,*,#13007,.F.);
#13237 = ORIENTED_EDGE('',*,*,#13158,.T.);
#13238 = ORIENTED_EDGE('',*,*,#13112,.T.);
#13239 = ORIENTED_EDGE('',*,*,#13205,.F.);
#13240 = ( GEOMETRIC_REPRESENTATION_CONTEXT(3) 
GLOBAL_UNCERTAINTY_ASSIGNED_CONTEXT((#13244)) 
GLOBAL_UNIT_ASSIGNED_CONTEXT((#13241,#13242,#13243)) 
REPRESENTATION_CONTEXT('Context #1',
  '3D Context with UNIT and UNCERTAINTY') );
#13241 = ( LENGTH_UNIT() NAMED_UNIT(*) SI_UNIT(.MILLI.,.METRE.) );
#13242 = ( NAMED_UNIT(*) PLANE_ANGLE_UNIT() SI_UNIT($,.RADIAN.) );
#13243 = ( NAMED_UNIT(*) SI_UNIT($,.STERADIAN.) SOLID_ANGLE_UNIT() );
#13244 = UNCERTAINTY_MEASURE_WITH_UNIT(LENGTH_MEASURE(1.E-07),#13241,
  'distance_accuracy_value','confusion accuracy');
#13245 = CONTEXT_DEPENDENT_SHAPE_REPRESENTATION(#13246,#13248);
#13246 = ( REPRESENTATION_RELATIONSHIP('','',#12909,#10) 
REPRESENTATION_RELATIONSHIP_WITH_TRANSFORMATION(#13247) 
SHAPE_REPRESENTATION_RELATIONSHIP() );
#13247 = ITEM_DEFINED_TRANSFORMATION('','',#11,#59);
#13248 = PRODUCT_DEFINITION_SHAPE('Placement','Placement of an item',
  #13249);
#13249 = NEXT_ASSEMBLY_USAGE_OCCURRENCE('12','mount_1','',#5,#12904,$);
#13250 = PRODUCT_RELATED_PRODUCT_CATEGORY('part',$,(#12906));
#13251 = CONTEXT_DEPENDENT_SHAPE_REPRESENTATION(#13252,#13254);
#13252 = ( REPRESENTATION_RELATIONSHIP('','',#12909,#10) 
REPRESENTATION_RELATIONSHIP_WITH_TRANSFORMATION(#13253) 
SHAPE_REPRESENTATION_RELATIONSHIP() );
#13253 = ITEM_DEFINED_TRANSFORMATION('','',#11,#63);
#13254 = PRODUCT_DEFINITION_SHAPE('Placement','Placement of an item',
  #13255);
#13255 = NEXT_ASSEMBLY_USAGE_OCCURRENCE('13','mount_2','',#5,#12904,$);
#13256 = SHAPE_DEFINITION_REPRESENTATION(#11780,#13257);
#13257 = SHAPE_REPRESENTATION('',(#15),#11772);
#13258 = SHAPE_DEFINITION_REPRESENTATION(#12133,#13259);
#13259 = SHAPE_REPRESENTATION('',(#19),#12125);
#13260 = SHAPE_DEFINITION_REPRESENTATION(#12386,#13261);
#13261 = SHAPE_REPRESENTATION('',(#23),#12378);
#13262 = SHAPE_DEFINITION_REPRESENTATION(#12528,#13263);
#13263 = SHAPE_REPRESENTATION('',(#27),#12520);
#13264 = SHAPE_DEFINITION_REPRESENTATION(#12869,#13265);
#13265 = SHAPE_REPRESENTATION('',(#31),#12861);
#13266 = SHAPE_DEFINITION_REPRESENTATION(#12875,#13267);
#13267 = SHAPE_REPRESENTATION('',(#35),#12520);
#13268 = SHAPE_DEFINITION_REPRESENTATION(#12880,#13269);
#13269 = SHAPE_REPRESENTATION('',(#39),#12861);
#13270 = SHAPE_DEFINITION_REPRESENTATION(#12885,#13271);
#13271 = SHAPE_REPRESENTATION('',(#43),#12520);
#13272 = SHAPE_DEFINITION_REPRESENTATION(#12890,#13273);
#13273 = SHAPE_REPRESENTATION('',(#47),#12861);
#13274 = SHAPE_DEFINITION_REPRESENTATION(#12895,#13275);
#13275 = SHAPE_REPRESENTATION('',(#51),#12520);
#13276 = SHAPE_DEFINITION_REPRESENTATION(#12900,#13277);
#13277 = SHAPE_REPRESENTATION('',(#55),#12861);
#13278 = SHAPE_DEFINITION_REPRESENTATION(#13248,#13279);
#13279 = SHAPE_REPRESENTATION('',(#59),#13240);
#13280 = SHAPE_DEFINITION_REPRESENTATION(#13254,#13281);
#13281 = SHAPE_REPRESENTATION('',(#63),#13240);
#13282 = SHAPE_DEFINITION_REPRESENTATION(#11780,#13283);
#13283 = SHAPE_REPRESENTATION('',(#15),#11772);
#13284 = SHAPE_DEFINITION_REPRESENTATION(#12133,#13285);
#13285 = SHAPE_REPRESENTATION('',(#19),#12125);
#13286 = SHAPE_DEFINITION_REPRESENTATION(#12386,#13287);
#13287 = SHAPE_REPRESENTATION('',(#23),#12378);
#13288 = SHAPE_DEFINITION_REPRESENTATION(#12528,#13289);
#13289 = SHAPE_REPRESENTATION('',(#27),#12520);
#13290 = SHAPE_DEFINITION_REPRESENTATION(#12869,#13291);
#13291 = SHAPE_REPRESENTATION('',(#31),#12861);
#13292 = SHAPE_DEFINITION_REPRESENTATION(#12875,#13293);
#13293 = SHAPE_REPRESENTATION('',(#35),#12520);
#13294 = SHAPE_DEFINITION_REPRESENTATION(#12880,#13295);
#13295 = SHAPE_REPRESENTATION('',(#39),#12861);
#13296 = SHAPE_DEFINITION_REPRESENTATION(#12885,#13297);
#13297 = SHAPE_REPRESENTATION('',(#43),#12520);
#13298 = SHAPE_DEFINITION_REPRESENTATION(#12890,#13299);
#13299 = SHAPE_REPRESENTATION('',(#47),#12861);
#13300 = SHAPE_DEFINITION_REPRESENTATION(#12895,#13301);
#13301 = SHAPE_REPRESENTATION('',(#51),#12520);
#13302 = SHAPE_DEFINITION_REPRESENTATION(#12900,#13303);
#13303 = SHAPE_REPRESENTATION('',(#55),#12861);
#13304 = SHAPE_DEFINITION_REPRESENTATION(#13248,#13305);
#13305 = SHAPE_REPRESENTATION('',(#59),#13240);
#13306 = SHAPE_DEFINITION_REPRESENTATION(#13254,#13307);
#13307 = SHAPE_REPRESENTATION('',(#63),#13240);
#13308 = MECHANICAL_DESIGN_GEOMETRIC_PRESENTATION_REPRESENTATION('',(
    #13309,#13317),#11772);
#13309 = STYLED_ITEM('color',(#13310),#81);
#13310 = PRESENTATION_STYLE_ASSIGNMENT((#13311));
#13311 = SURFACE_STYLE_USAGE(.BOTH.,#13312);
#13312 = SURFACE_SIDE_STYLE('',(#13313));
#13313 = SURFACE_STYLE_FILL_AREA(#13314);
#13314 = FILL_AREA_STYLE('',(#13315));
#13315 = FILL_AREA_STYLE_COLOUR('',#13316);
#13316 = COLOUR_RGB('',0.650980375594,0.678431390124,0.686274507277);
#13317 = OVER_RIDING_STYLED_ITEM('overriding color',(#13318),#81,#13309
  );
#13318 = PRESENTATION_STYLE_BY_CONTEXT((#13319),#13283);
#13319 = SURFACE_STYLE_USAGE(.BOTH.,#13320);
#13320 = SURFACE_SIDE_STYLE('',(#13321));
#13321 = SURFACE_STYLE_FILL_AREA(#13322);
#13322 = FILL_AREA_STYLE('',(#13323));
#13323 = FILL_AREA_STYLE_COLOUR('',#13324);
#13324 = COLOUR_RGB('',0.650980375594,0.678431390124,0.686274507277);
#13325 = MECHANICAL_DESIGN_GEOMETRIC_PRESENTATION_REPRESENTATION('',(
    #13326,#13334),#12125);
#13326 = STYLED_ITEM('color',(#13327),#11791);
#13327 = PRESENTATION_STYLE_ASSIGNMENT((#13328));
#13328 = SURFACE_STYLE_USAGE(.BOTH.,#13329);
#13329 = SURFACE_SIDE_STYLE('',(#13330));
#13330 = SURFACE_STYLE_FILL_AREA(#13331);
#13331 = FILL_AREA_STYLE('',(#13332));
#13332 = FILL_AREA_STYLE_COLOUR('',#13333);
#13333 = COLOUR_RGB('',0.827450943969,0.83529410346,0.819607860991);
#13334 = OVER_RIDING_STYLED_ITEM('overriding color',(#13335),#11791,
  #13326);
#13335 = PRESENTATION_STYLE_BY_CONTEXT((#13336),#13285);
#13336 = SURFACE_STYLE_USAGE(.BOTH.,#13337);
#13337 = SURFACE_SIDE_STYLE('',(#13338));
#13338 = SURFACE_STYLE_FILL_AREA(#13339);
#13339 = FILL_AREA_STYLE('',(#13340));
#13340 = FILL_AREA_STYLE_COLOUR('',#13341);
#13341 = COLOUR_RGB('',0.827450943969,0.83529410346,0.819607860991);
#13342 = MECHANICAL_DESIGN_GEOMETRIC_PRESENTATION_REPRESENTATION('',(
    #13343,#13351),#12378);
#13343 = STYLED_ITEM('color',(#13344),#12144);
#13344 = PRESENTATION_STYLE_ASSIGNMENT((#13345));
#13345 = SURFACE_STYLE_USAGE(.BOTH.,#13346);
#13346 = SURFACE_SIDE_STYLE('',(#13347));
#13347 = SURFACE_STYLE_FILL_AREA(#13348);
#13348 = FILL_AREA_STYLE('',(#13349));
#13349 = FILL_AREA_STYLE_COLOUR('',#13350);
#13350 = COLOUR_RGB('',0.384313764467,0.423529428806,0.439215717829);
#13351 = OVER_RIDING_STYLED_ITEM('overriding color',(#13352),#12144,
  #13343);
#13352 = PRESENTATION_STYLE_BY_CONTEXT((#13353),#13287);
#13353 = SURFACE_STYLE_USAGE(.BOTH.,#13354);
#13354 = SURFACE_SIDE_STYLE('',(#13355));
#13355 = SURFACE_STYLE_FILL_AREA(#13356);
#13356 = FILL_AREA_STYLE('',(#13357));
#13357 = FILL_AREA_STYLE_COLOUR('',#13358);
#13358 = COLOUR_RGB('',0.384313764467,0.423529428806,0.439215717829);
#13359 = MECHANICAL_DESIGN_GEOMETRIC_PRESENTATION_REPRESENTATION('',(
    #13360,#13368,#13375,#13382,#13389,#13397,#13404,#13411),#12520);
#13360 = STYLED_ITEM('color',(#13361),#12397);
#13361 = PRESENTATION_STYLE_ASSIGNMENT((#13362));
#13362 = SURFACE_STYLE_USAGE(.BOTH.,#13363);
#13363 = SURFACE_SIDE_STYLE('',(#13364));
#13364 = SURFACE_STYLE_FILL_AREA(#13365);
#13365 = FILL_AREA_STYLE('',(#13366));
#13366 = FILL_AREA_STYLE_COLOUR('',#13367);
#13367 = COLOUR_RGB('',0.200000106289,0.231372472571,0.243137191472);
#13368 = OVER_RIDING_STYLED_ITEM('overriding color',(#13369),#12397,
  #13360);
#13369 = PRESENTATION_STYLE_BY_CONTEXT((#13370),#13267);
#13370 = SURFACE_STYLE_USAGE(.BOTH.,#13371);
#13371 = SURFACE_SIDE_STYLE('',(#13372));
#13372 = SURFACE_STYLE_FILL_AREA(#13373);
#13373 = FILL_AREA_STYLE('',(#13374));
#13374 = FILL_AREA_STYLE_COLOUR('',#13367);
#13375 = OVER_RIDING_STYLED_ITEM('overriding color',(#13376),#12397,
  #13360);
#13376 = PRESENTATION_STYLE_BY_CONTEXT((#13377),#13271);
#13377 = SURFACE_STYLE_USAGE(.BOTH.,#13378);
#13378 = SURFACE_SIDE_STYLE('',(#13379));
#13379 = SURFACE_STYLE_FILL_AREA(#13380);
#13380 = FILL_AREA_STYLE('',(#13381));
#13381 = FILL_AREA_STYLE_COLOUR('',#13367);
#13382 = OVER_RIDING_STYLED_ITEM('overriding color',(#13383),#12397,
  #13360);
#13383 = PRESENTATION_STYLE_BY_CONTEXT((#13384),#13275);
#13384 = SURFACE_STYLE_USAGE(.BOTH.,#13385);
#13385 = SURFACE_SIDE_STYLE('',(#13386));
#13386 = SURFACE_STYLE_FILL_AREA(#13387);
#13387 = FILL_AREA_STYLE('',(#13388));
#13388 = FILL_AREA_STYLE_COLOUR('',#13367);
#13389 = OVER_RIDING_STYLED_ITEM('overriding color',(#13390),#12397,
  #13360);
#13390 = PRESENTATION_STYLE_BY_CONTEXT((#13391),#13289);
#13391 = SURFACE_STYLE_USAGE(.BOTH.,#13392);
#13392 = SURFACE_SIDE_STYLE('',(#13393));
#13393 = SURFACE_STYLE_FILL_AREA(#13394);
#13394 = FILL_AREA_STYLE('',(#13395));
#13395 = FILL_AREA_STYLE_COLOUR('',#13396);
#13396 = COLOUR_RGB('',0.200000106289,0.231372472571,0.243137191472);
#13397 = OVER_RIDING_STYLED_ITEM('overriding color',(#13398),#12397,
  #13360);
#13398 = PRESENTATION_STYLE_BY_CONTEXT((#13399),#13293);
#13399 = SURFACE_STYLE_USAGE(.BOTH.,#13400);
#13400 = SURFACE_SIDE_STYLE('',(#13401));
#13401 = SURFACE_STYLE_FILL_AREA(#13402);
#13402 = FILL_AREA_STYLE('',(#13403));
#13403 = FILL_AREA_STYLE_COLOUR('',#13396);
#13404 = OVER_RIDING_STYLED_ITEM('overriding color',(#13405),#12397,
  #13360);
#13405 = PRESENTATION_STYLE_BY_CONTEXT((#13406),#13297);
#13406 = SURFACE_STYLE_USAGE(.BOTH.,#13407);
#13407 = SURFACE_SIDE_STYLE('',(#13408));
#13408 = SURFACE_STYLE_FILL_AREA(#13409);
#13409 = FILL_AREA_STYLE('',(#13410));
#13410 = FILL_AREA_STYLE_COLOUR('',#13396);
#13411 = OVER_RIDING_STYLED_ITEM('overriding color',(#13412),#12397,
  #13360);
#13412 = PRESENTATION_STYLE_BY_CONTEXT((#13413),#13301);
#13413 = SURFACE_STYLE_USAGE(.BOTH.,#13414);
#13414 = SURFACE_SIDE_STYLE('',(#13415));
#13415 = SURFACE_STYLE_FILL_AREA(#13416);
#13416 = FILL_AREA_STYLE('',(#13417));
#13417 = FILL_AREA_STYLE_COLOUR('',#13396);
#13418 = MECHANICAL_DESIGN_GEOMETRIC_PRESENTATION_REPRESENTATION('',(
    #13419,#13426,#13433,#13440,#13447,#13454,#13461,#13468),#12861);
#13419 = STYLED_ITEM('color',(#13420),#12539);
#13420 = PRESENTATION_STYLE_ASSIGNMENT((#13421));
#13421 = SURFACE_STYLE_USAGE(.BOTH.,#13422);
#13422 = SURFACE_SIDE_STYLE('',(#13423));
#13423 = SURFACE_STYLE_FILL_AREA(#13424);
#13424 = FILL_AREA_STYLE('',(#13425));
#13425 = FILL_AREA_STYLE_COLOUR('',#13350);
#13426 = OVER_RIDING_STYLED_ITEM('overriding color',(#13427),#12539,
  #13419);
#13427 = PRESENTATION_STYLE_BY_CONTEXT((#13428),#13269);
#13428 = SURFACE_STYLE_USAGE(.BOTH.,#13429);
#13429 = SURFACE_SIDE_STYLE('',(#13430));
#13430 = SURFACE_STYLE_FILL_AREA(#13431);
#13431 = FILL_AREA_STYLE('',(#13432));
#13432 = FILL_AREA_STYLE_COLOUR('',#13350);
#13433 = OVER_RIDING_STYLED_ITEM('overriding color',(#13434),#12539,
  #13419);
#13434 = PRESENTATION_STYLE_BY_CONTEXT((#13435),#13273);
#13435 = SURFACE_STYLE_USAGE(.BOTH.,#13436);
#13436 = SURFACE_SIDE_STYLE('',(#13437));
#13437 = SURFACE_STYLE_FILL_AREA(#13438);
#13438 = FILL_AREA_STYLE('',(#13439));
#13439 = FILL_AREA_STYLE_COLOUR('',#13350);
#13440 = OVER_RIDING_STYLED_ITEM('overriding color',(#13441),#12539,
  #13419);
#13441 = PRESENTATION_STYLE_BY_CONTEXT((#13442),#13277);
#13442 = SURFACE_STYLE_USAGE(.BOTH.,#13443);
#13443 = SURFACE_SIDE_STYLE('',(#13444));
#13444 = SURFACE_STYLE_FILL_AREA(#13445);
#13445 = FILL_AREA_STYLE('',(#13446));
#13446 = FILL_AREA_STYLE_COLOUR('',#13350);
#13447 = OVER_RIDING_STYLED_ITEM('overriding color',(#13448),#12539,
  #13419);
#13448 = PRESENTATION_STYLE_BY_CONTEXT((#13449),#13291);
#13449 = SURFACE_STYLE_USAGE(.BOTH.,#13450);
#13450 = SURFACE_SIDE_STYLE('',(#13451));
#13451 = SURFACE_STYLE_FILL_AREA(#13452);
#13452 = FILL_AREA_STYLE('',(#13453));
#13453 = FILL_AREA_STYLE_COLOUR('',#13358);
#13454 = OVER_RIDING_STYLED_ITEM('overriding color',(#13455),#12539,
  #13419);
#13455 = PRESENTATION_STYLE_BY_CONTEXT((#13456),#13295);
#13456 = SURFACE_STYLE_USAGE(.BOTH.,#13457);
#13457 = SURFACE_SIDE_STYLE('',(#13458));
#13458 = SURFACE_STYLE_FILL_AREA(#13459);
#13459 = FILL_AREA_STYLE('',(#13460));
#13460 = FILL_AREA_STYLE_COLOUR('',#13358);
#13461 = OVER_RIDING_STYLED_ITEM('overriding color',(#13462),#12539,
  #13419);
#13462 = PRESENTATION_STYLE_BY_CONTEXT((#13463),#13299);
#13463 = SURFACE_STYLE_USAGE(.BOTH.,#13464);
#13464 = SURFACE_SIDE_STYLE('',(#13465));
#13465 = SURFACE_STYLE_FILL_AREA(#13466);
#13466 = FILL_AREA_STYLE('',(#13467));
#13467 = FILL_AREA_STYLE_COLOUR('',#13358);
#13468 = OVER_RIDING_STYLED_ITEM('overriding color',(#13469),#12539,
  #13419);
#13469 = PRESENTATION_STYLE_BY_CONTEXT((#13470),#13303);
#13470 = SURFACE_STYLE_USAGE(.BOTH.,#13471);
#13471 = SURFACE_SIDE_STYLE('',(#13472));
#13472 = SURFACE_STYLE_FILL_AREA(#13473);
#13473 = FILL_AREA_STYLE('',(#13474));
#13474 = FILL_AREA_STYLE_COLOUR('',#13358);
#13475 = MECHANICAL_DESIGN_GEOMETRIC_PRESENTATION_REPRESENTATION('',(
    #13476),#13240);
#13476 = STYLED_ITEM('color',(#13477),#12910);
#13477 = PRESENTATION_STYLE_ASSIGNMENT((#13478));
#13478 = SURFACE_STYLE_USAGE(.BOTH.,#13479);
#13479 = SURFACE_SIDE_STYLE('',(#13480));
#13480 = SURFACE_STYLE_FILL_AREA(#13481);
#13481 = FILL_AREA_STYLE('',(#13482));
#13482 = FILL_AREA_STYLE_COLOUR('',#13350);
ENDSEC;
END-ISO-10303-21;
