ISO-10303-21;
HEADER;
FILE_DESCRIPTION(('Open CASCADE Model'),'2;1');
FILE_NAME('halberd_r10_focus','2000-01-01T00:00:00',('Author'),(
    'Open CASCADE'),'Open CASCADE STEP processor 7.9','cadgen','Unknown'
  );
FILE_SCHEMA(('AUTOMOTIVE_DESIGN { 1 0 10303 214 1 1 1 1 }'));
ENDSEC;
DATA;
#1 = APPLICATION_PROTOCOL_DEFINITION('international standard',
  'automotive_design',2000,#2);
#2 = APPLICATION_CONTEXT(
  'core data for automotive mechanical design processes');
#3 = SHAPE_DEFINITION_REPRESENTATION(#4,#10);
#4 = PRODUCT_DEFINITION_SHAPE('','',#5);
#5 = PRODUCT_DEFINITION('design','',#6,#9);
#6 = PRODUCT_DEFINITION_FORMATION('','',#7);
#7 = PRODUCT('halberd_r10_focus','halberd_r10_focus','',(#8));
#8 = PRODUCT_CONTEXT('',#2,'mechanical');
#9 = PRODUCT_DEFINITION_CONTEXT('part definition',#2,'design');
#10 = SHAPE_REPRESENTATION('',(#11,#15,#19,#23,#27),#31);
#11 = AXIS2_PLACEMENT_3D('',#12,#13,#14);
#12 = CARTESIAN_POINT('',(0.,0.,0.));
#13 = DIRECTION('',(0.,0.,1.));
#14 = DIRECTION('',(1.,0.,0.));
#15 = AXIS2_PLACEMENT_3D('',#16,#17,#18);
#16 = CARTESIAN_POINT('',(0.,0.,0.));
#17 = DIRECTION('',(0.,0.,1.));
#18 = DIRECTION('',(1.,0.,0.));
#19 = AXIS2_PLACEMENT_3D('',#20,#21,#22);
#20 = CARTESIAN_POINT('',(0.,0.,0.));
#21 = DIRECTION('',(0.,0.,1.));
#22 = DIRECTION('',(1.,0.,0.));
#23 = AXIS2_PLACEMENT_3D('',#24,#25,#26);
#24 = CARTESIAN_POINT('',(0.,0.,0.));
#25 = DIRECTION('',(0.,0.,1.));
#26 = DIRECTION('',(1.,0.,0.));
#27 = AXIS2_PLACEMENT_3D('',#28,#29,#30);
#28 = CARTESIAN_POINT('',(0.,0.,0.));
#29 = DIRECTION('',(0.,0.,1.));
#30 = DIRECTION('',(1.,0.,0.));
#31 = ( GEOMETRIC_REPRESENTATION_CONTEXT(3) 
GLOBAL_UNCERTAINTY_ASSIGNED_CONTEXT((#35)) GLOBAL_UNIT_ASSIGNED_CONTEXT(
(#32,#33,#34)) REPRESENTATION_CONTEXT('Context #1',
  '3D Context with UNIT and UNCERTAINTY') );
#32 = ( LENGTH_UNIT() NAMED_UNIT(*) SI_UNIT(.MILLI.,.METRE.) );
#33 = ( NAMED_UNIT(*) PLANE_ANGLE_UNIT() SI_UNIT($,.RADIAN.) );
#34 = ( NAMED_UNIT(*) SI_UNIT($,.STERADIAN.) SOLID_ANGLE_UNIT() );
#35 = UNCERTAINTY_MEASURE_WITH_UNIT(LENGTH_MEASURE(2.E-06),#32,
  'distance_accuracy_value','confusion accuracy');
#36 = PRODUCT_RELATED_PRODUCT_CATEGORY('part',$,(#7));
#37 = SHAPE_DEFINITION_REPRESENTATION(#38,#44);
#38 = PRODUCT_DEFINITION_SHAPE('','',#39);
#39 = PRODUCT_DEFINITION('design','',#40,#43);
#40 = PRODUCT_DEFINITION_FORMATION('','',#41);
#41 = PRODUCT('main_body_intake_r10','main_body_intake_r10','',(#42));
#42 = PRODUCT_CONTEXT('',#2,'mechanical');
#43 = PRODUCT_DEFINITION_CONTEXT('part definition',#2,'design');
#44 = ADVANCED_BREP_SHAPE_REPRESENTATION('',(#11,#45),#3520);
#45 = MANIFOLD_SOLID_BREP('',#46);
#46 = CLOSED_SHELL('',(#47,#165,#888,#1086,#1696,#1888,#1916,#1944,#2136
    ,#2163,#2190,#2382,#2410,#2438,#2630,#2657,#2684,#2876,#2904,#2932,
    #3124,#3151,#3178,#3349,#3377,#3405,#3412,#3464,#3516));
#47 = ADVANCED_FACE('',(#48),#62,.T.);
#48 = FACE_BOUND('',#49,.T.);
#49 = EDGE_LOOP('',(#50,#85,#113,#139));
#50 = ORIENTED_EDGE('',*,*,#51,.F.);
#51 = EDGE_CURVE('',#52,#54,#56,.T.);
#52 = VERTEX_POINT('',#53);
#53 = CARTESIAN_POINT('',(-1.123333333333E+03,-91.92388157202,
    49.49747466529));
#54 = VERTEX_POINT('',#55);
#55 = CARTESIAN_POINT('',(-1.123333333333E+03,-49.49747466838,
    91.923881568928));
#56 = SURFACE_CURVE('',#57,(#61,#73),.PCURVE_S1.);
#57 = LINE('',#58,#59);
#58 = CARTESIAN_POINT('',(-1.123333333333E+03,-70.71067810088,
    70.710678136423));
#59 = VECTOR('',#60,1.);
#60 = DIRECTION('',(0.,0.707106781187,0.707106781187));
#61 = PCURVE('',#62,#67);
#62 = PLANE('',#63);
#63 = AXIS2_PLACEMENT_3D('',#64,#65,#66);
#64 = CARTESIAN_POINT('',(-1.123333333333E+03,-91.92388157202,
    49.49747466529));
#65 = DIRECTION('',(0.,-0.707106781187,0.707106781187));
#66 = DIRECTION('',(0.,0.707106781187,0.707106781187));
#67 = DEFINITIONAL_REPRESENTATION('',(#68),#72);
#68 = LINE('',#69,#70);
#69 = CARTESIAN_POINT('',(30.000000050258,0.));
#70 = VECTOR('',#71,1.);
#71 = DIRECTION('',(1.,0.));
#72 = ( GEOMETRIC_REPRESENTATION_CONTEXT(2) 
PARAMETRIC_REPRESENTATION_CONTEXT() REPRESENTATION_CONTEXT('2D SPACE',''
  ) );
#73 = PCURVE('',#74,#79);
#74 = PLANE('',#75);
#75 = AXIS2_PLACEMENT_3D('',#76,#77,#78);
#76 = CARTESIAN_POINT('',(-1.123333333333E+03,3.749537983226E-09,
    1.555316722973E-08));
#77 = DIRECTION('',(1.,-7.850462293419E-17,7.850462293419E-17));
#78 = DIRECTION('',(1.110223024625E-16,0.707106781187,-0.707106781187));
#79 = DEFINITIONAL_REPRESENTATION('',(#80),#84);
#80 = LINE('',#81,#82);
#81 = CARTESIAN_POINT('',(-99.99999999165,1.147972484618E-08));
#82 = VECTOR('',#83,1.);
#83 = DIRECTION('',(0.,1.));
#84 = ( GEOMETRIC_REPRESENTATION_CONTEXT(2) 
PARAMETRIC_REPRESENTATION_CONTEXT() REPRESENTATION_CONTEXT('2D SPACE',''
  ) );
#85 = ORIENTED_EDGE('',*,*,#86,.T.);
#86 = EDGE_CURVE('',#52,#87,#89,.T.);
#87 = VERTEX_POINT('',#88);
#88 = CARTESIAN_POINT('',(-880.,-91.92388157202,49.49747466529));
#89 = SURFACE_CURVE('',#90,(#94,#101),.PCURVE_S1.);
#90 = LINE('',#91,#92);
#91 = CARTESIAN_POINT('',(-1.123333333333E+03,-91.92388157202,
    49.49747466529));
#92 = VECTOR('',#93,1.);
#93 = DIRECTION('',(1.,0.,0.));
#94 = PCURVE('',#62,#95);
#95 = DEFINITIONAL_REPRESENTATION('',(#96),#100);
#96 = LINE('',#97,#98);
#97 = CARTESIAN_POINT('',(-3.552713678801E-15,0.));
#98 = VECTOR('',#99,1.);
#99 = DIRECTION('',(0.,-1.));
#100 = ( GEOMETRIC_REPRESENTATION_CONTEXT(2) 
PARAMETRIC_REPRESENTATION_CONTEXT() REPRESENTATION_CONTEXT('2D SPACE',''
  ) );
#101 = PCURVE('',#102,#107);
#102 = CYLINDRICAL_SURFACE('',#103,70.);
#103 = AXIS2_PLACEMENT_3D('',#104,#105,#106);
#104 = CARTESIAN_POINT('',(-1.123333333333E+03,-42.42640688896,
    -1.776874469783E-08));
#105 = DIRECTION('',(-1.,7.850462293419E-17,-7.850462293419E-17));
#106 = DIRECTION('',(1.110223024625E-16,0.707106781187,-0.707106781187)
  );
#107 = DEFINITIONAL_REPRESENTATION('',(#108),#112);
#108 = LINE('',#109,#110);
#109 = CARTESIAN_POINT('',(-3.14159265359,0.));
#110 = VECTOR('',#111,1.);
#111 = DIRECTION('',(0.,-1.));
#112 = ( GEOMETRIC_REPRESENTATION_CONTEXT(2) 
PARAMETRIC_REPRESENTATION_CONTEXT() REPRESENTATION_CONTEXT('2D SPACE',''
  ) );
#113 = ORIENTED_EDGE('',*,*,#114,.T.);
#114 = EDGE_CURVE('',#87,#115,#117,.T.);
#115 = VERTEX_POINT('',#116);
#116 = CARTESIAN_POINT('',(-880.,-49.49747466838,91.923881568928));
#117 = SURFACE_CURVE('',#118,(#122,#128),.PCURVE_S1.);
#118 = LINE('',#119,#120);
#119 = CARTESIAN_POINT('',(-880.,-193.8172798453,-52.39592360802));
#120 = VECTOR('',#121,1.);
#121 = DIRECTION('',(0.,0.707106781187,0.707106781187));
#122 = PCURVE('',#62,#123);
#123 = DEFINITIONAL_REPRESENTATION('',(#124),#127);
#124 = B_SPLINE_CURVE_WITH_KNOTS('',1,(#125,#126),.UNSPECIFIED.,.F.,.F.,
  (2,2),(144.0990257544,204.09902580029),.PIECEWISE_BEZIER_KNOTS.);
#125 = CARTESIAN_POINT('',(0.,-243.3333333333));
#126 = CARTESIAN_POINT('',(60.000000045885,-243.3333333333));
#127 = ( GEOMETRIC_REPRESENTATION_CONTEXT(2) 
PARAMETRIC_REPRESENTATION_CONTEXT() REPRESENTATION_CONTEXT('2D SPACE',''
  ) );
#128 = PCURVE('',#129,#134);
#129 = PLANE('',#130);
#130 = AXIS2_PLACEMENT_3D('',#131,#132,#133);
#131 = CARTESIAN_POINT('',(-880.,-225.,-225.));
#132 = DIRECTION('',(1.,0.,0.));
#133 = DIRECTION('',(0.,0.,1.));
#134 = DEFINITIONAL_REPRESENTATION('',(#135),#138);
#135 = B_SPLINE_CURVE_WITH_KNOTS('',1,(#136,#137),.UNSPECIFIED.,.F.,.F.,
  (2,2),(144.0990257544,204.09902580029),.PIECEWISE_BEZIER_KNOTS.);
#136 = CARTESIAN_POINT('',(274.49747466529,-133.0761184279));
#137 = CARTESIAN_POINT('',(316.92388156892,-175.5025253316));
#138 = ( GEOMETRIC_REPRESENTATION_CONTEXT(2) 
PARAMETRIC_REPRESENTATION_CONTEXT() REPRESENTATION_CONTEXT('2D SPACE',''
  ) );
#139 = ORIENTED_EDGE('',*,*,#140,.F.);
#140 = EDGE_CURVE('',#54,#115,#141,.T.);
#141 = SURFACE_CURVE('',#142,(#146,#153),.PCURVE_S1.);
#142 = LINE('',#143,#144);
#143 = CARTESIAN_POINT('',(-1.123333333333E+03,-49.49747466838,
    91.923881568928));
#144 = VECTOR('',#145,1.);
#145 = DIRECTION('',(1.,0.,0.));
#146 = PCURVE('',#62,#147);
#147 = DEFINITIONAL_REPRESENTATION('',(#148),#152);
#148 = LINE('',#149,#150);
#149 = CARTESIAN_POINT('',(60.000000045885,0.));
#150 = VECTOR('',#151,1.);
#151 = DIRECTION('',(0.,-1.));
#152 = ( GEOMETRIC_REPRESENTATION_CONTEXT(2) 
PARAMETRIC_REPRESENTATION_CONTEXT() REPRESENTATION_CONTEXT('2D SPACE',''
  ) );
#153 = PCURVE('',#154,#159);
#154 = CYLINDRICAL_SURFACE('',#155,70.);
#155 = AXIS2_PLACEMENT_3D('',#156,#157,#158);
#156 = CARTESIAN_POINT('',(-1.123333333333E+03,1.467661192578E-08,
    42.426406885869));
#157 = DIRECTION('',(-1.,7.850462293419E-17,-7.850462293419E-17));
#158 = DIRECTION('',(1.110223024625E-16,0.707106781187,-0.707106781187)
  );
#159 = DEFINITIONAL_REPRESENTATION('',(#160),#164);
#160 = LINE('',#161,#162);
#161 = CARTESIAN_POINT('',(-3.14159265359,0.));
#162 = VECTOR('',#163,1.);
#163 = DIRECTION('',(0.,-1.));
#164 = ( GEOMETRIC_REPRESENTATION_CONTEXT(2) 
PARAMETRIC_REPRESENTATION_CONTEXT() REPRESENTATION_CONTEXT('2D SPACE',''
  ) );
#165 = ADVANCED_FACE('',(#166,#857),#74,.F.);
#166 = FACE_BOUND('',#167,.F.);
#167 = EDGE_LOOP('',(#168,#169,#193,#223,#253,#283,#312,#340,#369,#399,
    #429,#459,#488,#516,#545,#575,#605,#635,#664,#692,#721,#759,#797,
    #835));
#168 = ORIENTED_EDGE('',*,*,#51,.F.);
#169 = ORIENTED_EDGE('',*,*,#170,.T.);
#170 = EDGE_CURVE('',#52,#171,#173,.T.);
#171 = VERTEX_POINT('',#172);
#172 = CARTESIAN_POINT('',(-1.123333333333E+03,-112.3143103063,
    3.95991865899));
#173 = SURFACE_CURVE('',#174,(#179,#186),.PCURVE_S1.);
#174 = CIRCLE('',#175,70.);
#175 = AXIS2_PLACEMENT_3D('',#176,#177,#178);
#176 = CARTESIAN_POINT('',(-1.123333333333E+03,-42.42640688896,
    -1.77687455043E-08));
#177 = DIRECTION('',(1.,-7.850462293419E-17,7.850462293419E-17));
#178 = DIRECTION('',(1.110223024625E-16,0.707106781187,-0.707106781187)
  );
#179 = PCURVE('',#74,#180);
#180 = DEFINITIONAL_REPRESENTATION('',(#181),#185);
#181 = CIRCLE('',#182,70.);
#182 = AXIS2_PLACEMENT_2D('',#183,#184);
#183 = CARTESIAN_POINT('',(-29.99999999165,-30.00000003877));
#184 = DIRECTION('',(1.,0.));
#185 = ( GEOMETRIC_REPRESENTATION_CONTEXT(2) 
PARAMETRIC_REPRESENTATION_CONTEXT() REPRESENTATION_CONTEXT('2D SPACE',''
  ) );
#186 = PCURVE('',#102,#187);
#187 = DEFINITIONAL_REPRESENTATION('',(#188),#192);
#188 = LINE('',#189,#190);
#189 = CARTESIAN_POINT('',(0.,0.));
#190 = VECTOR('',#191,1.);
#191 = DIRECTION('',(-1.,0.));
#192 = ( GEOMETRIC_REPRESENTATION_CONTEXT(2) 
PARAMETRIC_REPRESENTATION_CONTEXT() REPRESENTATION_CONTEXT('2D SPACE',''
  ) );
#193 = ORIENTED_EDGE('',*,*,#194,.T.);
#194 = EDGE_CURVE('',#171,#195,#197,.T.);
#195 = VERTEX_POINT('',#196);
#196 = CARTESIAN_POINT('',(-1.123333333333E+03,-136.,1.6));
#197 = SURFACE_CURVE('',#198,(#201,#207),.PCURVE_S1.);
#198 = B_SPLINE_CURVE_WITH_KNOTS('',1,(#199,#200),.UNSPECIFIED.,.F.,.F.,
  (2,2),(0.,1.),.PIECEWISE_BEZIER_KNOTS.);
#199 = CARTESIAN_POINT('',(-1.123333333333E+03,-111.9120277098,4.));
#200 = CARTESIAN_POINT('',(-1.123333333333E+03,-136.,1.6));
#201 = PCURVE('',#74,#202);
#202 = DEFINITIONAL_REPRESENTATION('',(#203),#206);
#203 = B_SPLINE_CURVE_WITH_KNOTS('',1,(#204,#205),.UNSPECIFIED.,.F.,.F.,
  (2,2),(0.,1.),.PIECEWISE_BEZIER_KNOTS.);
#204 = CARTESIAN_POINT('',(-81.96218080634,-76.30532657885));
#205 = CARTESIAN_POINT('',(-97.29789308292,-95.03515140512));
#206 = ( GEOMETRIC_REPRESENTATION_CONTEXT(2) 
PARAMETRIC_REPRESENTATION_CONTEXT() REPRESENTATION_CONTEXT('2D SPACE',''
  ) );
#207 = PCURVE('',#208,#217);
#208 = B_SPLINE_SURFACE_WITH_KNOTS('',3,1,(
    (#209,#210)
    ,(#211,#212)
    ,(#213,#214)
    ,(#215,#216)),.UNSPECIFIED.,.F.,.F.,.F.,(4,4),(2,2),(0.,1.),(0.,1.),
  .PIECEWISE_BEZIER_KNOTS.);
#209 = CARTESIAN_POINT('',(210.,-96.46903722645,44.));
#210 = CARTESIAN_POINT('',(210.,-147.5,16.));
#211 = CARTESIAN_POINT('',(-234.4444444444,-96.46903722645,44.));
#212 = CARTESIAN_POINT('',(-234.4444444444,-143.6666666666,16.));
#213 = CARTESIAN_POINT('',(-678.8888888888,-96.46903722645,44.));
#214 = CARTESIAN_POINT('',(-678.8888888888,-139.8333333333,16.));
#215 = CARTESIAN_POINT('',(-1.123333333333E+03,-111.9120277098,4.));
#216 = CARTESIAN_POINT('',(-1.123333333333E+03,-136.,1.6));
#217 = DEFINITIONAL_REPRESENTATION('',(#218),#222);
#218 = LINE('',#219,#220);
#219 = CARTESIAN_POINT('',(1.,0.));
#220 = VECTOR('',#221,1.);
#221 = DIRECTION('',(0.,1.));
#222 = ( GEOMETRIC_REPRESENTATION_CONTEXT(2) 
PARAMETRIC_REPRESENTATION_CONTEXT() REPRESENTATION_CONTEXT('2D SPACE',''
  ) );
#223 = ORIENTED_EDGE('',*,*,#224,.T.);
#224 = EDGE_CURVE('',#195,#225,#227,.T.);
#225 = VERTEX_POINT('',#226);
#226 = CARTESIAN_POINT('',(-1.123333333333E+03,-136.,-1.6));
#227 = SURFACE_CURVE('',#228,(#231,#237),.PCURVE_S1.);
#228 = B_SPLINE_CURVE_WITH_KNOTS('',1,(#229,#230),.UNSPECIFIED.,.F.,.F.,
  (2,2),(0.,1.),.PIECEWISE_BEZIER_KNOTS.);
#229 = CARTESIAN_POINT('',(-1.123333333333E+03,-136.,1.6));
#230 = CARTESIAN_POINT('',(-1.123333333333E+03,-136.,-1.6));
#231 = PCURVE('',#74,#232);
#232 = DEFINITIONAL_REPRESENTATION('',(#233),#236);
#233 = B_SPLINE_CURVE_WITH_KNOTS('',1,(#234,#235),.UNSPECIFIED.,.F.,.F.,
  (2,2),(0.,1.),.PIECEWISE_BEZIER_KNOTS.);
#234 = CARTESIAN_POINT('',(-97.29789308292,-95.03515140512));
#235 = CARTESIAN_POINT('',(-95.03515138312,-97.29789310491));
#236 = ( GEOMETRIC_REPRESENTATION_CONTEXT(2) 
PARAMETRIC_REPRESENTATION_CONTEXT() REPRESENTATION_CONTEXT('2D SPACE',''
  ) );
#237 = PCURVE('',#238,#247);
#238 = B_SPLINE_SURFACE_WITH_KNOTS('',3,1,(
    (#239,#240)
    ,(#241,#242)
    ,(#243,#244)
    ,(#245,#246)),.UNSPECIFIED.,.F.,.F.,.F.,(4,4),(2,2),(0.,1.),(0.,1.),
  .PIECEWISE_BEZIER_KNOTS.);
#239 = CARTESIAN_POINT('',(210.,-147.5,16.));
#240 = CARTESIAN_POINT('',(210.,-147.5,-16.));
#241 = CARTESIAN_POINT('',(-234.4444444444,-143.6666666666,16.));
#242 = CARTESIAN_POINT('',(-234.4444444444,-143.6666666666,-16.));
#243 = CARTESIAN_POINT('',(-678.8888888888,-139.8333333333,16.));
#244 = CARTESIAN_POINT('',(-678.8888888888,-139.8333333333,-16.));
#245 = CARTESIAN_POINT('',(-1.123333333333E+03,-136.,1.6));
#246 = CARTESIAN_POINT('',(-1.123333333333E+03,-136.,-1.6));
#247 = DEFINITIONAL_REPRESENTATION('',(#248),#252);
#248 = LINE('',#249,#250);
#249 = CARTESIAN_POINT('',(1.,0.));
#250 = VECTOR('',#251,1.);
#251 = DIRECTION('',(0.,1.));
#252 = ( GEOMETRIC_REPRESENTATION_CONTEXT(2) 
PARAMETRIC_REPRESENTATION_CONTEXT() REPRESENTATION_CONTEXT('2D SPACE',''
  ) );
#253 = ORIENTED_EDGE('',*,*,#254,.T.);
#254 = EDGE_CURVE('',#225,#255,#257,.T.);
#255 = VERTEX_POINT('',#256);
#256 = CARTESIAN_POINT('',(-1.123333333333E+03,-112.3143103083,
    -3.959918658788));
#257 = SURFACE_CURVE('',#258,(#261,#267),.PCURVE_S1.);
#258 = B_SPLINE_CURVE_WITH_KNOTS('',1,(#259,#260),.UNSPECIFIED.,.F.,.F.,
  (2,2),(0.,1.),.PIECEWISE_BEZIER_KNOTS.);
#259 = CARTESIAN_POINT('',(-1.123333333333E+03,-136.,-1.6));
#260 = CARTESIAN_POINT('',(-1.123333333333E+03,-111.9120277098,-4.));
#261 = PCURVE('',#74,#262);
#262 = DEFINITIONAL_REPRESENTATION('',(#263),#266);
#263 = B_SPLINE_CURVE_WITH_KNOTS('',1,(#264,#265),.UNSPECIFIED.,.F.,.F.,
  (2,2),(0.,1.),.PIECEWISE_BEZIER_KNOTS.);
#264 = CARTESIAN_POINT('',(-95.03515138312,-97.29789310491));
#265 = CARTESIAN_POINT('',(-76.30532655685,-81.96218082834));
#266 = ( GEOMETRIC_REPRESENTATION_CONTEXT(2) 
PARAMETRIC_REPRESENTATION_CONTEXT() REPRESENTATION_CONTEXT('2D SPACE',''
  ) );
#267 = PCURVE('',#268,#277);
#268 = B_SPLINE_SURFACE_WITH_KNOTS('',3,1,(
    (#269,#270)
    ,(#271,#272)
    ,(#273,#274)
    ,(#275,#276)),.UNSPECIFIED.,.F.,.F.,.F.,(4,4),(2,2),(0.,1.),(0.,1.),
  .PIECEWISE_BEZIER_KNOTS.);
#269 = CARTESIAN_POINT('',(210.,-147.5,-16.));
#270 = CARTESIAN_POINT('',(210.,-96.46903722645,-44.));
#271 = CARTESIAN_POINT('',(-234.4444444444,-143.6666666666,-16.));
#272 = CARTESIAN_POINT('',(-234.4444444444,-96.46903722645,-44.));
#273 = CARTESIAN_POINT('',(-678.8888888888,-139.8333333333,-16.));
#274 = CARTESIAN_POINT('',(-678.8888888888,-96.46903722645,-44.));
#275 = CARTESIAN_POINT('',(-1.123333333333E+03,-136.,-1.6));
#276 = CARTESIAN_POINT('',(-1.123333333333E+03,-111.9120277098,-4.));
#277 = DEFINITIONAL_REPRESENTATION('',(#278),#282);
#278 = LINE('',#279,#280);
#279 = CARTESIAN_POINT('',(1.,0.));
#280 = VECTOR('',#281,1.);
#281 = DIRECTION('',(0.,1.));
#282 = ( GEOMETRIC_REPRESENTATION_CONTEXT(2) 
PARAMETRIC_REPRESENTATION_CONTEXT() REPRESENTATION_CONTEXT('2D SPACE',''
  ) );
#283 = ORIENTED_EDGE('',*,*,#284,.T.);
#284 = EDGE_CURVE('',#255,#285,#287,.T.);
#285 = VERTEX_POINT('',#286);
#286 = CARTESIAN_POINT('',(-1.123333333333E+03,-91.92388155425,
    -49.49747468305));
#287 = SURFACE_CURVE('',#288,(#293,#300),.PCURVE_S1.);
#288 = CIRCLE('',#289,70.);
#289 = AXIS2_PLACEMENT_3D('',#290,#291,#292);
#290 = CARTESIAN_POINT('',(-1.123333333333E+03,-42.42640688896,
    -1.77687455043E-08));
#291 = DIRECTION('',(1.,-7.850462293419E-17,7.850462293419E-17));
#292 = DIRECTION('',(1.110223024625E-16,0.707106781187,-0.707106781187)
  );
#293 = PCURVE('',#74,#294);
#294 = DEFINITIONAL_REPRESENTATION('',(#295),#299);
#295 = CIRCLE('',#296,70.);
#296 = AXIS2_PLACEMENT_2D('',#297,#298);
#297 = CARTESIAN_POINT('',(-29.99999999165,-30.00000003877));
#298 = DIRECTION('',(1.,0.));
#299 = ( GEOMETRIC_REPRESENTATION_CONTEXT(2) 
PARAMETRIC_REPRESENTATION_CONTEXT() REPRESENTATION_CONTEXT('2D SPACE',''
  ) );
#300 = PCURVE('',#301,#306);
#301 = CYLINDRICAL_SURFACE('',#302,70.);
#302 = AXIS2_PLACEMENT_3D('',#303,#304,#305);
#303 = CARTESIAN_POINT('',(-1.123333333333E+03,-42.42640688896,
    -1.776874469783E-08));
#304 = DIRECTION('',(-1.,7.850462293419E-17,-7.850462293419E-17));
#305 = DIRECTION('',(1.110223024625E-16,0.707106781187,-0.707106781187)
  );
#306 = DEFINITIONAL_REPRESENTATION('',(#307),#311);
#307 = LINE('',#308,#309);
#308 = CARTESIAN_POINT('',(0.,0.));
#309 = VECTOR('',#310,1.);
#310 = DIRECTION('',(-1.,0.));
#311 = ( GEOMETRIC_REPRESENTATION_CONTEXT(2) 
PARAMETRIC_REPRESENTATION_CONTEXT() REPRESENTATION_CONTEXT('2D SPACE',''
  ) );
#312 = ORIENTED_EDGE('',*,*,#313,.T.);
#313 = EDGE_CURVE('',#285,#314,#316,.T.);
#314 = VERTEX_POINT('',#315);
#315 = CARTESIAN_POINT('',(-1.123333333333E+03,-49.49747466838,
    -91.92388153339));
#316 = SURFACE_CURVE('',#317,(#321,#328),.PCURVE_S1.);
#317 = LINE('',#318,#319);
#318 = CARTESIAN_POINT('',(-1.123333333333E+03,-70.71067810088,
    -70.71067810088));
#319 = VECTOR('',#320,1.);
#320 = DIRECTION('',(1.110223024625E-16,0.707106781187,-0.707106781187)
  );
#321 = PCURVE('',#74,#322);
#322 = DEFINITIONAL_REPRESENTATION('',(#323),#327);
#323 = LINE('',#324,#325);
#324 = CARTESIAN_POINT('',(8.346426282815E-09,-99.99999998852));
#325 = VECTOR('',#326,1.);
#326 = DIRECTION('',(1.,0.));
#327 = ( GEOMETRIC_REPRESENTATION_CONTEXT(2) 
PARAMETRIC_REPRESENTATION_CONTEXT() REPRESENTATION_CONTEXT('2D SPACE',''
  ) );
#328 = PCURVE('',#329,#334);
#329 = PLANE('',#330);
#330 = AXIS2_PLACEMENT_3D('',#331,#332,#333);
#331 = CARTESIAN_POINT('',(-1.123333333333E+03,-91.92388153648,
    -49.49747466529));
#332 = DIRECTION('',(0.,0.707106781187,0.707106781187));
#333 = DIRECTION('',(1.110223024625E-16,0.707106781187,-0.707106781187)
  );
#334 = DEFINITIONAL_REPRESENTATION('',(#335),#339);
#335 = LINE('',#336,#337);
#336 = CARTESIAN_POINT('',(30.,3.330669073875E-15));
#337 = VECTOR('',#338,1.);
#338 = DIRECTION('',(1.,0.));
#339 = ( GEOMETRIC_REPRESENTATION_CONTEXT(2) 
PARAMETRIC_REPRESENTATION_CONTEXT() REPRESENTATION_CONTEXT('2D SPACE',''
  ) );
#340 = ORIENTED_EDGE('',*,*,#341,.T.);
#341 = EDGE_CURVE('',#314,#342,#344,.T.);
#342 = VERTEX_POINT('',#343);
#343 = CARTESIAN_POINT('',(-1.123333333333E+03,-3.959918662843,
    -112.3143102676));
#344 = SURFACE_CURVE('',#345,(#350,#357),.PCURVE_S1.);
#345 = CIRCLE('',#346,70.);
#346 = AXIS2_PLACEMENT_3D('',#347,#348,#349);
#347 = CARTESIAN_POINT('',(-1.123333333333E+03,1.467657203946E-08,
    -42.42640685033));
#348 = DIRECTION('',(1.,-7.850462293419E-17,7.850462293419E-17));
#349 = DIRECTION('',(1.110223024625E-16,0.707106781187,-0.707106781187)
  );
#350 = PCURVE('',#74,#351);
#351 = DEFINITIONAL_REPRESENTATION('',(#352),#356);
#352 = CIRCLE('',#353,70.);
#353 = AXIS2_PLACEMENT_2D('',#354,#355);
#354 = CARTESIAN_POINT('',(30.000000003973,-29.99999998852));
#355 = DIRECTION('',(1.,0.));
#356 = ( GEOMETRIC_REPRESENTATION_CONTEXT(2) 
PARAMETRIC_REPRESENTATION_CONTEXT() REPRESENTATION_CONTEXT('2D SPACE',''
  ) );
#357 = PCURVE('',#358,#363);
#358 = CYLINDRICAL_SURFACE('',#359,70.);
#359 = AXIS2_PLACEMENT_3D('',#360,#361,#362);
#360 = CARTESIAN_POINT('',(-1.123333333333E+03,1.467657284593E-08,
    -42.42640685033));
#361 = DIRECTION('',(-1.,7.850462293419E-17,-7.850462293419E-17));
#362 = DIRECTION('',(1.110223024625E-16,0.707106781187,-0.707106781187)
  );
#363 = DEFINITIONAL_REPRESENTATION('',(#364),#368);
#364 = LINE('',#365,#366);
#365 = CARTESIAN_POINT('',(0.,0.));
#366 = VECTOR('',#367,1.);
#367 = DIRECTION('',(-1.,0.));
#368 = ( GEOMETRIC_REPRESENTATION_CONTEXT(2) 
PARAMETRIC_REPRESENTATION_CONTEXT() REPRESENTATION_CONTEXT('2D SPACE',''
  ) );
#369 = ORIENTED_EDGE('',*,*,#370,.T.);
#370 = EDGE_CURVE('',#342,#371,#373,.T.);
#371 = VERTEX_POINT('',#372);
#372 = CARTESIAN_POINT('',(-1.123333333333E+03,-1.6,-136.));
#373 = SURFACE_CURVE('',#374,(#377,#383),.PCURVE_S1.);
#374 = B_SPLINE_CURVE_WITH_KNOTS('',1,(#375,#376),.UNSPECIFIED.,.F.,.F.,
  (2,2),(0.,1.),.PIECEWISE_BEZIER_KNOTS.);
#375 = CARTESIAN_POINT('',(-1.123333333333E+03,-4.,-111.9120277098));
#376 = CARTESIAN_POINT('',(-1.123333333333E+03,-1.6,-136.));
#377 = PCURVE('',#74,#378);
#378 = DEFINITIONAL_REPRESENTATION('',(#379),#382);
#379 = B_SPLINE_CURVE_WITH_KNOTS('',1,(#380,#381),.UNSPECIFIED.,.F.,.F.,
  (2,2),(0.,1.),.PIECEWISE_BEZIER_KNOTS.);
#380 = CARTESIAN_POINT('',(76.305326573549,-81.96218082834));
#381 = CARTESIAN_POINT('',(95.035151399818,-97.29789310491));
#382 = ( GEOMETRIC_REPRESENTATION_CONTEXT(2) 
PARAMETRIC_REPRESENTATION_CONTEXT() REPRESENTATION_CONTEXT('2D SPACE',''
  ) );
#383 = PCURVE('',#384,#393);
#384 = B_SPLINE_SURFACE_WITH_KNOTS('',3,1,(
    (#385,#386)
    ,(#387,#388)
    ,(#389,#390)
    ,(#391,#392)),.UNSPECIFIED.,.F.,.F.,.F.,(4,4),(2,2),(0.,1.),(0.,1.),
  .PIECEWISE_BEZIER_KNOTS.);
#385 = CARTESIAN_POINT('',(210.,-44.,-96.46903722645));
#386 = CARTESIAN_POINT('',(210.,-16.,-147.5));
#387 = CARTESIAN_POINT('',(-234.4444444444,-44.,-96.46903722645));
#388 = CARTESIAN_POINT('',(-234.4444444444,-16.,-143.6666666666));
#389 = CARTESIAN_POINT('',(-678.8888888888,-44.,-96.46903722645));
#390 = CARTESIAN_POINT('',(-678.8888888888,-16.,-139.8333333333));
#391 = CARTESIAN_POINT('',(-1.123333333333E+03,-4.,-111.9120277098));
#392 = CARTESIAN_POINT('',(-1.123333333333E+03,-1.6,-136.));
#393 = DEFINITIONAL_REPRESENTATION('',(#394),#398);
#394 = LINE('',#395,#396);
#395 = CARTESIAN_POINT('',(1.,0.));
#396 = VECTOR('',#397,1.);
#397 = DIRECTION('',(0.,1.));
#398 = ( GEOMETRIC_REPRESENTATION_CONTEXT(2) 
PARAMETRIC_REPRESENTATION_CONTEXT() REPRESENTATION_CONTEXT('2D SPACE',''
  ) );
#399 = ORIENTED_EDGE('',*,*,#400,.T.);
#400 = EDGE_CURVE('',#371,#401,#403,.T.);
#401 = VERTEX_POINT('',#402);
#402 = CARTESIAN_POINT('',(-1.123333333333E+03,1.6,-136.));
#403 = SURFACE_CURVE('',#404,(#407,#413),.PCURVE_S1.);
#404 = B_SPLINE_CURVE_WITH_KNOTS('',1,(#405,#406),.UNSPECIFIED.,.F.,.F.,
  (2,2),(0.,1.),.PIECEWISE_BEZIER_KNOTS.);
#405 = CARTESIAN_POINT('',(-1.123333333333E+03,-1.6,-136.));
#406 = CARTESIAN_POINT('',(-1.123333333333E+03,1.6,-136.));
#407 = PCURVE('',#74,#408);
#408 = DEFINITIONAL_REPRESENTATION('',(#409),#412);
#409 = B_SPLINE_CURVE_WITH_KNOTS('',1,(#410,#411),.UNSPECIFIED.,.F.,.F.,
  (2,2),(0.,1.),.PIECEWISE_BEZIER_KNOTS.);
#410 = CARTESIAN_POINT('',(95.035151399818,-97.29789310491));
#411 = CARTESIAN_POINT('',(97.297893099615,-95.03515140512));
#412 = ( GEOMETRIC_REPRESENTATION_CONTEXT(2) 
PARAMETRIC_REPRESENTATION_CONTEXT() REPRESENTATION_CONTEXT('2D SPACE',''
  ) );
#413 = PCURVE('',#414,#423);
#414 = B_SPLINE_SURFACE_WITH_KNOTS('',3,1,(
    (#415,#416)
    ,(#417,#418)
    ,(#419,#420)
    ,(#421,#422)),.UNSPECIFIED.,.F.,.F.,.F.,(4,4),(2,2),(0.,1.),(0.,1.),
  .PIECEWISE_BEZIER_KNOTS.);
#415 = CARTESIAN_POINT('',(210.,-16.,-147.5));
#416 = CARTESIAN_POINT('',(210.,16.,-147.5));
#417 = CARTESIAN_POINT('',(-234.4444444444,-16.,-143.6666666666));
#418 = CARTESIAN_POINT('',(-234.4444444444,16.,-143.6666666666));
#419 = CARTESIAN_POINT('',(-678.8888888888,-16.,-139.8333333333));
#420 = CARTESIAN_POINT('',(-678.8888888888,16.,-139.8333333333));
#421 = CARTESIAN_POINT('',(-1.123333333333E+03,-1.6,-136.));
#422 = CARTESIAN_POINT('',(-1.123333333333E+03,1.6,-136.));
#423 = DEFINITIONAL_REPRESENTATION('',(#424),#428);
#424 = LINE('',#425,#426);
#425 = CARTESIAN_POINT('',(1.,0.));
#426 = VECTOR('',#427,1.);
#427 = DIRECTION('',(0.,1.));
#428 = ( GEOMETRIC_REPRESENTATION_CONTEXT(2) 
PARAMETRIC_REPRESENTATION_CONTEXT() REPRESENTATION_CONTEXT('2D SPACE',''
  ) );
#429 = ORIENTED_EDGE('',*,*,#430,.T.);
#430 = EDGE_CURVE('',#401,#431,#433,.T.);
#431 = VERTEX_POINT('',#432);
#432 = CARTESIAN_POINT('',(-1.123333333333E+03,3.959918662677,
    -112.3143102693));
#433 = SURFACE_CURVE('',#434,(#437,#443),.PCURVE_S1.);
#434 = B_SPLINE_CURVE_WITH_KNOTS('',1,(#435,#436),.UNSPECIFIED.,.F.,.F.,
  (2,2),(0.,1.),.PIECEWISE_BEZIER_KNOTS.);
#435 = CARTESIAN_POINT('',(-1.123333333333E+03,1.6,-136.));
#436 = CARTESIAN_POINT('',(-1.123333333333E+03,4.,-111.9120277098));
#437 = PCURVE('',#74,#438);
#438 = DEFINITIONAL_REPRESENTATION('',(#439),#442);
#439 = B_SPLINE_CURVE_WITH_KNOTS('',1,(#440,#441),.UNSPECIFIED.,.F.,.F.,
  (2,2),(0.,1.),.PIECEWISE_BEZIER_KNOTS.);
#440 = CARTESIAN_POINT('',(97.297893099615,-95.03515140512));
#441 = CARTESIAN_POINT('',(81.962180823041,-76.30532657885));
#442 = ( GEOMETRIC_REPRESENTATION_CONTEXT(2) 
PARAMETRIC_REPRESENTATION_CONTEXT() REPRESENTATION_CONTEXT('2D SPACE',''
  ) );
#443 = PCURVE('',#444,#453);
#444 = B_SPLINE_SURFACE_WITH_KNOTS('',3,1,(
    (#445,#446)
    ,(#447,#448)
    ,(#449,#450)
    ,(#451,#452)),.UNSPECIFIED.,.F.,.F.,.F.,(4,4),(2,2),(0.,1.),(0.,1.),
  .PIECEWISE_BEZIER_KNOTS.);
#445 = CARTESIAN_POINT('',(210.,16.,-147.5));
#446 = CARTESIAN_POINT('',(210.,44.,-96.46903722645));
#447 = CARTESIAN_POINT('',(-234.4444444444,16.,-143.6666666666));
#448 = CARTESIAN_POINT('',(-234.4444444444,44.,-96.46903722645));
#449 = CARTESIAN_POINT('',(-678.8888888888,16.,-139.8333333333));
#450 = CARTESIAN_POINT('',(-678.8888888888,44.,-96.46903722645));
#451 = CARTESIAN_POINT('',(-1.123333333333E+03,1.6,-136.));
#452 = CARTESIAN_POINT('',(-1.123333333333E+03,4.,-111.9120277098));
#453 = DEFINITIONAL_REPRESENTATION('',(#454),#458);
#454 = LINE('',#455,#456);
#455 = CARTESIAN_POINT('',(1.,0.));
#456 = VECTOR('',#457,1.);
#457 = DIRECTION('',(0.,1.));
#458 = ( GEOMETRIC_REPRESENTATION_CONTEXT(2) 
PARAMETRIC_REPRESENTATION_CONTEXT() REPRESENTATION_CONTEXT('2D SPACE',''
  ) );
#459 = ORIENTED_EDGE('',*,*,#460,.T.);
#460 = EDGE_CURVE('',#431,#461,#463,.T.);
#461 = VERTEX_POINT('',#462);
#462 = CARTESIAN_POINT('',(-1.123333333333E+03,49.497474699281,
    -91.92388153493));
#463 = SURFACE_CURVE('',#464,(#469,#476),.PCURVE_S1.);
#464 = CIRCLE('',#465,70.);
#465 = AXIS2_PLACEMENT_3D('',#466,#467,#468);
#466 = CARTESIAN_POINT('',(-1.123333333333E+03,1.467657203946E-08,
    -42.42640685033));
#467 = DIRECTION('',(1.,-7.850462293419E-17,7.850462293419E-17));
#468 = DIRECTION('',(1.110223024625E-16,0.707106781187,-0.707106781187)
  );
#469 = PCURVE('',#74,#470);
#470 = DEFINITIONAL_REPRESENTATION('',(#471),#475);
#471 = CIRCLE('',#472,70.);
#472 = AXIS2_PLACEMENT_2D('',#473,#474);
#473 = CARTESIAN_POINT('',(30.000000003973,-29.99999998852));
#474 = DIRECTION('',(1.,0.));
#475 = ( GEOMETRIC_REPRESENTATION_CONTEXT(2) 
PARAMETRIC_REPRESENTATION_CONTEXT() REPRESENTATION_CONTEXT('2D SPACE',''
  ) );
#476 = PCURVE('',#477,#482);
#477 = CYLINDRICAL_SURFACE('',#478,70.);
#478 = AXIS2_PLACEMENT_3D('',#479,#480,#481);
#479 = CARTESIAN_POINT('',(-1.123333333333E+03,1.467657284593E-08,
    -42.42640685033));
#480 = DIRECTION('',(-1.,7.850462293419E-17,-7.850462293419E-17));
#481 = DIRECTION('',(1.110223024625E-16,0.707106781187,-0.707106781187)
  );
#482 = DEFINITIONAL_REPRESENTATION('',(#483),#487);
#483 = LINE('',#484,#485);
#484 = CARTESIAN_POINT('',(0.,0.));
#485 = VECTOR('',#486,1.);
#486 = DIRECTION('',(-1.,0.));
#487 = ( GEOMETRIC_REPRESENTATION_CONTEXT(2) 
PARAMETRIC_REPRESENTATION_CONTEXT() REPRESENTATION_CONTEXT('2D SPACE',''
  ) );
#488 = ORIENTED_EDGE('',*,*,#489,.T.);
#489 = EDGE_CURVE('',#461,#490,#492,.T.);
#490 = VERTEX_POINT('',#491);
#491 = CARTESIAN_POINT('',(-1.123333333333E+03,91.923881568928,
    -49.49747466838));
#492 = SURFACE_CURVE('',#493,(#497,#504),.PCURVE_S1.);
#493 = LINE('',#494,#495);
#494 = CARTESIAN_POINT('',(-1.123333333333E+03,70.710678136423,
    -70.71067810088));
#495 = VECTOR('',#496,1.);
#496 = DIRECTION('',(0.,0.707106781187,0.707106781187));
#497 = PCURVE('',#74,#498);
#498 = DEFINITIONAL_REPRESENTATION('',(#499),#503);
#499 = LINE('',#500,#501);
#500 = CARTESIAN_POINT('',(100.00000000834,1.147972484618E-08));
#501 = VECTOR('',#502,1.);
#502 = DIRECTION('',(0.,1.));
#503 = ( GEOMETRIC_REPRESENTATION_CONTEXT(2) 
PARAMETRIC_REPRESENTATION_CONTEXT() REPRESENTATION_CONTEXT('2D SPACE',''
  ) );
#504 = PCURVE('',#505,#510);
#505 = PLANE('',#506);
#506 = AXIS2_PLACEMENT_3D('',#507,#508,#509);
#507 = CARTESIAN_POINT('',(-1.123333333333E+03,49.497474700827,
    -91.92388153648));
#508 = DIRECTION('',(0.,-0.707106781187,0.707106781187));
#509 = DIRECTION('',(0.,0.707106781187,0.707106781187));
#510 = DEFINITIONAL_REPRESENTATION('',(#511),#515);
#511 = LINE('',#512,#513);
#512 = CARTESIAN_POINT('',(30.,0.));
#513 = VECTOR('',#514,1.);
#514 = DIRECTION('',(1.,0.));
#515 = ( GEOMETRIC_REPRESENTATION_CONTEXT(2) 
PARAMETRIC_REPRESENTATION_CONTEXT() REPRESENTATION_CONTEXT('2D SPACE',''
  ) );
#516 = ORIENTED_EDGE('',*,*,#517,.T.);
#517 = EDGE_CURVE('',#490,#518,#520,.T.);
#518 = VERTEX_POINT('',#519);
#519 = CARTESIAN_POINT('',(-1.123333333333E+03,112.31431030338,
    -3.959918659282));
#520 = SURFACE_CURVE('',#521,(#526,#533),.PCURVE_S1.);
#521 = CIRCLE('',#522,70.);
#522 = AXIS2_PLACEMENT_3D('',#523,#524,#525);
#523 = CARTESIAN_POINT('',(-1.123333333333E+03,42.42640688587,
    1.467667151545E-08));
#524 = DIRECTION('',(1.,-7.850462293419E-17,7.850462293419E-17));
#525 = DIRECTION('',(1.110223024625E-16,0.707106781187,-0.707106781187)
  );
#526 = PCURVE('',#74,#527);
#527 = DEFINITIONAL_REPRESENTATION('',(#528),#532);
#528 = CIRCLE('',#529,70.);
#529 = AXIS2_PLACEMENT_2D('',#530,#531);
#530 = CARTESIAN_POINT('',(30.000000008346,30.000000007107));
#531 = DIRECTION('',(1.,0.));
#532 = ( GEOMETRIC_REPRESENTATION_CONTEXT(2) 
PARAMETRIC_REPRESENTATION_CONTEXT() REPRESENTATION_CONTEXT('2D SPACE',''
  ) );
#533 = PCURVE('',#534,#539);
#534 = CYLINDRICAL_SURFACE('',#535,70.);
#535 = AXIS2_PLACEMENT_3D('',#536,#537,#538);
#536 = CARTESIAN_POINT('',(-1.123333333333E+03,42.42640688587,
    1.467667232191E-08));
#537 = DIRECTION('',(-1.,7.850462293419E-17,-7.850462293419E-17));
#538 = DIRECTION('',(1.110223024625E-16,0.707106781187,-0.707106781187)
  );
#539 = DEFINITIONAL_REPRESENTATION('',(#540),#544);
#540 = LINE('',#541,#542);
#541 = CARTESIAN_POINT('',(0.,0.));
#542 = VECTOR('',#543,1.);
#543 = DIRECTION('',(-1.,0.));
#544 = ( GEOMETRIC_REPRESENTATION_CONTEXT(2) 
PARAMETRIC_REPRESENTATION_CONTEXT() REPRESENTATION_CONTEXT('2D SPACE',''
  ) );
#545 = ORIENTED_EDGE('',*,*,#546,.T.);
#546 = EDGE_CURVE('',#518,#547,#549,.T.);
#547 = VERTEX_POINT('',#548);
#548 = CARTESIAN_POINT('',(-1.123333333333E+03,136.,-1.6));
#549 = SURFACE_CURVE('',#550,(#553,#559),.PCURVE_S1.);
#550 = B_SPLINE_CURVE_WITH_KNOTS('',1,(#551,#552),.UNSPECIFIED.,.F.,.F.,
  (2,2),(0.,1.),.PIECEWISE_BEZIER_KNOTS.);
#551 = CARTESIAN_POINT('',(-1.123333333333E+03,111.91202770981,-4.));
#552 = CARTESIAN_POINT('',(-1.123333333333E+03,136.,-1.6));
#553 = PCURVE('',#74,#554);
#554 = DEFINITIONAL_REPRESENTATION('',(#555),#558);
#555 = B_SPLINE_CURVE_WITH_KNOTS('',1,(#556,#557),.UNSPECIFIED.,.F.,.F.,
  (2,2),(0.,1.),.PIECEWISE_BEZIER_KNOTS.);
#556 = CARTESIAN_POINT('',(81.962180823041,76.305326551553));
#557 = CARTESIAN_POINT('',(97.297893099615,95.035151377823));
#558 = ( GEOMETRIC_REPRESENTATION_CONTEXT(2) 
PARAMETRIC_REPRESENTATION_CONTEXT() REPRESENTATION_CONTEXT('2D SPACE',''
  ) );
#559 = PCURVE('',#560,#569);
#560 = B_SPLINE_SURFACE_WITH_KNOTS('',3,1,(
    (#561,#562)
    ,(#563,#564)
    ,(#565,#566)
    ,(#567,#568)),.UNSPECIFIED.,.F.,.F.,.F.,(4,4),(2,2),(0.,1.),(0.,1.),
  .PIECEWISE_BEZIER_KNOTS.);
#561 = CARTESIAN_POINT('',(210.,96.469037226458,-44.));
#562 = CARTESIAN_POINT('',(210.,147.5,-16.));
#563 = CARTESIAN_POINT('',(-234.4444444444,96.469037226458,-44.));
#564 = CARTESIAN_POINT('',(-234.4444444444,143.66666666666,-16.));
#565 = CARTESIAN_POINT('',(-678.8888888888,96.469037226458,-44.));
#566 = CARTESIAN_POINT('',(-678.8888888888,139.83333333333,-16.));
#567 = CARTESIAN_POINT('',(-1.123333333333E+03,111.91202770981,-4.));
#568 = CARTESIAN_POINT('',(-1.123333333333E+03,136.,-1.6));
#569 = DEFINITIONAL_REPRESENTATION('',(#570),#574);
#570 = LINE('',#571,#572);
#571 = CARTESIAN_POINT('',(1.,0.));
#572 = VECTOR('',#573,1.);
#573 = DIRECTION('',(0.,1.));
#574 = ( GEOMETRIC_REPRESENTATION_CONTEXT(2) 
PARAMETRIC_REPRESENTATION_CONTEXT() REPRESENTATION_CONTEXT('2D SPACE',''
  ) );
#575 = ORIENTED_EDGE('',*,*,#576,.T.);
#576 = EDGE_CURVE('',#547,#577,#579,.T.);
#577 = VERTEX_POINT('',#578);
#578 = CARTESIAN_POINT('',(-1.123333333333E+03,136.,1.6));
#579 = SURFACE_CURVE('',#580,(#583,#589),.PCURVE_S1.);
#580 = B_SPLINE_CURVE_WITH_KNOTS('',1,(#581,#582),.UNSPECIFIED.,.F.,.F.,
  (2,2),(0.,1.),.PIECEWISE_BEZIER_KNOTS.);
#581 = CARTESIAN_POINT('',(-1.123333333333E+03,136.,-1.6));
#582 = CARTESIAN_POINT('',(-1.123333333333E+03,136.,1.6));
#583 = PCURVE('',#74,#584);
#584 = DEFINITIONAL_REPRESENTATION('',(#585),#588);
#585 = B_SPLINE_CURVE_WITH_KNOTS('',1,(#586,#587),.UNSPECIFIED.,.F.,.F.,
  (2,2),(0.,1.),.PIECEWISE_BEZIER_KNOTS.);
#586 = CARTESIAN_POINT('',(97.297893099615,95.035151377823));
#587 = CARTESIAN_POINT('',(95.035151399818,97.29789307762));
#588 = ( GEOMETRIC_REPRESENTATION_CONTEXT(2) 
PARAMETRIC_REPRESENTATION_CONTEXT() REPRESENTATION_CONTEXT('2D SPACE',''
  ) );
#589 = PCURVE('',#590,#599);
#590 = B_SPLINE_SURFACE_WITH_KNOTS('',3,1,(
    (#591,#592)
    ,(#593,#594)
    ,(#595,#596)
    ,(#597,#598)),.UNSPECIFIED.,.F.,.F.,.F.,(4,4),(2,2),(0.,1.),(0.,1.),
  .PIECEWISE_BEZIER_KNOTS.);
#591 = CARTESIAN_POINT('',(210.,147.5,-16.));
#592 = CARTESIAN_POINT('',(210.,147.5,16.));
#593 = CARTESIAN_POINT('',(-234.4444444444,143.66666666666,-16.));
#594 = CARTESIAN_POINT('',(-234.4444444444,143.66666666666,16.));
#595 = CARTESIAN_POINT('',(-678.8888888888,139.83333333333,-16.));
#596 = CARTESIAN_POINT('',(-678.8888888888,139.83333333333,16.));
#597 = CARTESIAN_POINT('',(-1.123333333333E+03,136.,-1.6));
#598 = CARTESIAN_POINT('',(-1.123333333333E+03,136.,1.6));
#599 = DEFINITIONAL_REPRESENTATION('',(#600),#604);
#600 = LINE('',#601,#602);
#601 = CARTESIAN_POINT('',(1.,0.));
#602 = VECTOR('',#603,1.);
#603 = DIRECTION('',(0.,1.));
#604 = ( GEOMETRIC_REPRESENTATION_CONTEXT(2) 
PARAMETRIC_REPRESENTATION_CONTEXT() REPRESENTATION_CONTEXT('2D SPACE',''
  ) );
#605 = ORIENTED_EDGE('',*,*,#606,.T.);
#606 = EDGE_CURVE('',#577,#607,#609,.T.);
#607 = VERTEX_POINT('',#608);
#608 = CARTESIAN_POINT('',(-1.123333333333E+03,112.31431030505,
    3.959918659116));
#609 = SURFACE_CURVE('',#610,(#613,#619),.PCURVE_S1.);
#610 = B_SPLINE_CURVE_WITH_KNOTS('',1,(#611,#612),.UNSPECIFIED.,.F.,.F.,
  (2,2),(0.,1.),.PIECEWISE_BEZIER_KNOTS.);
#611 = CARTESIAN_POINT('',(-1.123333333333E+03,136.,1.6));
#612 = CARTESIAN_POINT('',(-1.123333333333E+03,111.91202770981,4.));
#613 = PCURVE('',#74,#614);
#614 = DEFINITIONAL_REPRESENTATION('',(#615),#618);
#615 = B_SPLINE_CURVE_WITH_KNOTS('',1,(#616,#617),.UNSPECIFIED.,.F.,.F.,
  (2,2),(0.,1.),.PIECEWISE_BEZIER_KNOTS.);
#616 = CARTESIAN_POINT('',(95.035151399818,97.29789307762));
#617 = CARTESIAN_POINT('',(76.305326573549,81.962180801046));
#618 = ( GEOMETRIC_REPRESENTATION_CONTEXT(2) 
PARAMETRIC_REPRESENTATION_CONTEXT() REPRESENTATION_CONTEXT('2D SPACE',''
  ) );
#619 = PCURVE('',#620,#629);
#620 = B_SPLINE_SURFACE_WITH_KNOTS('',3,1,(
    (#621,#622)
    ,(#623,#624)
    ,(#625,#626)
    ,(#627,#628)),.UNSPECIFIED.,.F.,.F.,.F.,(4,4),(2,2),(0.,1.),(0.,1.),
  .PIECEWISE_BEZIER_KNOTS.);
#621 = CARTESIAN_POINT('',(210.,147.5,16.));
#622 = CARTESIAN_POINT('',(210.,96.469037226458,44.));
#623 = CARTESIAN_POINT('',(-234.4444444444,143.66666666666,16.));
#624 = CARTESIAN_POINT('',(-234.4444444444,96.469037226458,44.));
#625 = CARTESIAN_POINT('',(-678.8888888888,139.83333333333,16.));
#626 = CARTESIAN_POINT('',(-678.8888888888,96.469037226458,44.));
#627 = CARTESIAN_POINT('',(-1.123333333333E+03,136.,1.6));
#628 = CARTESIAN_POINT('',(-1.123333333333E+03,111.91202770981,4.));
#629 = DEFINITIONAL_REPRESENTATION('',(#630),#634);
#630 = LINE('',#631,#632);
#631 = CARTESIAN_POINT('',(1.,0.));
#632 = VECTOR('',#633,1.);
#633 = DIRECTION('',(0.,1.));
#634 = ( GEOMETRIC_REPRESENTATION_CONTEXT(2) 
PARAMETRIC_REPRESENTATION_CONTEXT() REPRESENTATION_CONTEXT('2D SPACE',''
  ) );
#635 = ORIENTED_EDGE('',*,*,#636,.T.);
#636 = EDGE_CURVE('',#607,#637,#639,.T.);
#637 = VERTEX_POINT('',#638);
#638 = CARTESIAN_POINT('',(-1.123333333333E+03,91.923881570474,
    49.497474699281));
#639 = SURFACE_CURVE('',#640,(#645,#652),.PCURVE_S1.);
#640 = CIRCLE('',#641,70.);
#641 = AXIS2_PLACEMENT_3D('',#642,#643,#644);
#642 = CARTESIAN_POINT('',(-1.123333333333E+03,42.42640688587,
    1.467667151545E-08));
#643 = DIRECTION('',(1.,-7.850462293419E-17,7.850462293419E-17));
#644 = DIRECTION('',(1.110223024625E-16,0.707106781187,-0.707106781187)
  );
#645 = PCURVE('',#74,#646);
#646 = DEFINITIONAL_REPRESENTATION('',(#647),#651);
#647 = CIRCLE('',#648,70.);
#648 = AXIS2_PLACEMENT_2D('',#649,#650);
#649 = CARTESIAN_POINT('',(30.000000008346,30.000000007107));
#650 = DIRECTION('',(1.,0.));
#651 = ( GEOMETRIC_REPRESENTATION_CONTEXT(2) 
PARAMETRIC_REPRESENTATION_CONTEXT() REPRESENTATION_CONTEXT('2D SPACE',''
  ) );
#652 = PCURVE('',#653,#658);
#653 = CYLINDRICAL_SURFACE('',#654,70.);
#654 = AXIS2_PLACEMENT_3D('',#655,#656,#657);
#655 = CARTESIAN_POINT('',(-1.123333333333E+03,42.42640688587,
    1.467667232191E-08));
#656 = DIRECTION('',(-1.,7.850462293419E-17,-7.850462293419E-17));
#657 = DIRECTION('',(1.110223024625E-16,0.707106781187,-0.707106781187)
  );
#658 = DEFINITIONAL_REPRESENTATION('',(#659),#663);
#659 = LINE('',#660,#661);
#660 = CARTESIAN_POINT('',(0.,0.));
#661 = VECTOR('',#662,1.);
#662 = DIRECTION('',(-1.,0.));
#663 = ( GEOMETRIC_REPRESENTATION_CONTEXT(2) 
PARAMETRIC_REPRESENTATION_CONTEXT() REPRESENTATION_CONTEXT('2D SPACE',''
  ) );
#664 = ORIENTED_EDGE('',*,*,#665,.F.);
#665 = EDGE_CURVE('',#666,#637,#668,.T.);
#666 = VERTEX_POINT('',#667);
#667 = CARTESIAN_POINT('',(-1.123333333333E+03,49.497474699281,
    91.923881570474));
#668 = SURFACE_CURVE('',#669,(#673,#680),.PCURVE_S1.);
#669 = LINE('',#670,#671);
#670 = CARTESIAN_POINT('',(-1.123333333333E+03,70.710678136423,
    70.710678136423));
#671 = VECTOR('',#672,1.);
#672 = DIRECTION('',(1.110223024625E-16,0.707106781187,-0.707106781187)
  );
#673 = PCURVE('',#74,#674);
#674 = DEFINITIONAL_REPRESENTATION('',(#675),#679);
#675 = LINE('',#676,#677);
#676 = CARTESIAN_POINT('',(8.346426282815E-09,100.00000001148));
#677 = VECTOR('',#678,1.);
#678 = DIRECTION('',(1.,0.));
#679 = ( GEOMETRIC_REPRESENTATION_CONTEXT(2) 
PARAMETRIC_REPRESENTATION_CONTEXT() REPRESENTATION_CONTEXT('2D SPACE',''
  ) );
#680 = PCURVE('',#681,#686);
#681 = PLANE('',#682);
#682 = AXIS2_PLACEMENT_3D('',#683,#684,#685);
#683 = CARTESIAN_POINT('',(-1.123333333333E+03,49.497474700827,
    91.92388157202));
#684 = DIRECTION('',(0.,0.707106781187,0.707106781187));
#685 = DIRECTION('',(1.110223024625E-16,0.707106781187,-0.707106781187)
  );
#686 = DEFINITIONAL_REPRESENTATION('',(#687),#691);
#687 = LINE('',#688,#689);
#688 = CARTESIAN_POINT('',(30.,3.330669073875E-15));
#689 = VECTOR('',#690,1.);
#690 = DIRECTION('',(1.,0.));
#691 = ( GEOMETRIC_REPRESENTATION_CONTEXT(2) 
PARAMETRIC_REPRESENTATION_CONTEXT() REPRESENTATION_CONTEXT('2D SPACE',''
  ) );
#692 = ORIENTED_EDGE('',*,*,#693,.T.);
#693 = EDGE_CURVE('',#666,#694,#696,.T.);
#694 = VERTEX_POINT('',#695);
#695 = CARTESIAN_POINT('',(-1.123333333333E+03,16.925790398363,
    110.34928682987));
#696 = SURFACE_CURVE('',#697,(#702,#709),.PCURVE_S1.);
#697 = CIRCLE('',#698,70.);
#698 = AXIS2_PLACEMENT_3D('',#699,#700,#701);
#699 = CARTESIAN_POINT('',(-1.123333333333E+03,1.467661111931E-08,
    42.426406885869));
#700 = DIRECTION('',(1.,-7.850462293419E-17,7.850462293419E-17));
#701 = DIRECTION('',(1.110223024625E-16,0.707106781187,-0.707106781187)
  );
#702 = PCURVE('',#74,#703);
#703 = DEFINITIONAL_REPRESENTATION('',(#704),#708);
#704 = CIRCLE('',#705,70.);
#705 = AXIS2_PLACEMENT_2D('',#706,#707);
#706 = CARTESIAN_POINT('',(-29.99999999165,30.000000007107));
#707 = DIRECTION('',(1.,0.));
#708 = ( GEOMETRIC_REPRESENTATION_CONTEXT(2) 
PARAMETRIC_REPRESENTATION_CONTEXT() REPRESENTATION_CONTEXT('2D SPACE',''
  ) );
#709 = PCURVE('',#710,#715);
#710 = CYLINDRICAL_SURFACE('',#711,70.);
#711 = AXIS2_PLACEMENT_3D('',#712,#713,#714);
#712 = CARTESIAN_POINT('',(-1.123333333333E+03,1.467661192578E-08,
    42.426406885869));
#713 = DIRECTION('',(-1.,7.850462293419E-17,-7.850462293419E-17));
#714 = DIRECTION('',(1.110223024625E-16,0.707106781187,-0.707106781187)
  );
#715 = DEFINITIONAL_REPRESENTATION('',(#716),#720);
#716 = LINE('',#717,#718);
#717 = CARTESIAN_POINT('',(0.,0.));
#718 = VECTOR('',#719,1.);
#719 = DIRECTION('',(-1.,0.));
#720 = ( GEOMETRIC_REPRESENTATION_CONTEXT(2) 
PARAMETRIC_REPRESENTATION_CONTEXT() REPRESENTATION_CONTEXT('2D SPACE',''
  ) );
#721 = ORIENTED_EDGE('',*,*,#722,.T.);
#722 = EDGE_CURVE('',#694,#723,#725,.T.);
#723 = VERTEX_POINT('',#724);
#724 = CARTESIAN_POINT('',(-1.123333333333E+03,6.789425306251,
    137.5915455035));
#725 = SURFACE_CURVE('',#726,(#732,#741),.PCURVE_S1.);
#726 = B_SPLINE_CURVE_WITH_KNOTS('',4,(#727,#728,#729,#730,#731),
  .UNSPECIFIED.,.F.,.F.,(5,5),(0.,1.),.PIECEWISE_BEZIER_KNOTS.);
#727 = CARTESIAN_POINT('',(-1.123333333333E+03,18.415070295142,
    106.34673287519));
#728 = CARTESIAN_POINT('',(-1.123333333333E+03,15.508659047919,
    114.15793603227));
#729 = CARTESIAN_POINT('',(-1.123333333333E+03,12.602247800696,
    121.96913918934));
#730 = CARTESIAN_POINT('',(-1.123333333333E+03,9.695836553474,
    129.78034234642));
#731 = CARTESIAN_POINT('',(-1.123333333333E+03,6.789425306251,
    137.5915455035));
#732 = PCURVE('',#74,#733);
#733 = DEFINITIONAL_REPRESENTATION('',(#734),#740);
#734 = B_SPLINE_CURVE_WITH_KNOTS('',4,(#735,#736,#737,#738,#739),
  .UNSPECIFIED.,.F.,.F.,(5,5),(0.,1.),.PIECEWISE_BEZIER_KNOTS.);
#735 = CARTESIAN_POINT('',(-62.17707488301,88.219917041158));
#736 = CARTESIAN_POINT('',(-69.75557270644,91.688128660924));
#737 = CARTESIAN_POINT('',(-77.33407052986,95.156340280691));
#738 = CARTESIAN_POINT('',(-84.91256835328,98.624551900457));
#739 = CARTESIAN_POINT('',(-92.4910661767,102.09276352022));
#740 = ( GEOMETRIC_REPRESENTATION_CONTEXT(2) 
PARAMETRIC_REPRESENTATION_CONTEXT() REPRESENTATION_CONTEXT('2D SPACE',''
  ) );
#741 = PCURVE('',#742,#751);
#742 = B_SPLINE_SURFACE_WITH_KNOTS('',3,1,(
    (#743,#744)
    ,(#745,#746)
    ,(#747,#748)
    ,(#749,#750)),.UNSPECIFIED.,.F.,.F.,.F.,(4,4),(2,2),(0.,1.),(0.,1.),
  .PIECEWISE_BEZIER_KNOTS.);
#743 = CARTESIAN_POINT('',(210.,44.,96.469037226458));
#744 = CARTESIAN_POINT('',(210.,16.,147.5));
#745 = CARTESIAN_POINT('',(-305.8333333333,44.,96.469037226458));
#746 = CARTESIAN_POINT('',(-305.8333333333,16.,143.66666666666));
#747 = CARTESIAN_POINT('',(-821.6666666666,44.,96.469037226458));
#748 = CARTESIAN_POINT('',(-821.6666666666,16.,139.83333333333));
#749 = CARTESIAN_POINT('',(-1.3375E+03,4.,111.91202770981));
#750 = CARTESIAN_POINT('',(-1.3375E+03,1.6,136.));
#751 = DEFINITIONAL_REPRESENTATION('',(#752),#758);
#752 = B_SPLINE_CURVE_WITH_KNOTS('',4,(#753,#754,#755,#756,#757),
  .UNSPECIFIED.,.F.,.F.,(5,5),(0.,1.),.PIECEWISE_BEZIER_KNOTS.);
#753 = CARTESIAN_POINT('',(0.861604738826,0.));
#754 = CARTESIAN_POINT('',(0.861604738826,0.25));
#755 = CARTESIAN_POINT('',(0.861604738826,0.5));
#756 = CARTESIAN_POINT('',(0.861604738826,0.75));
#757 = CARTESIAN_POINT('',(0.861604738826,1.));
#758 = ( GEOMETRIC_REPRESENTATION_CONTEXT(2) 
PARAMETRIC_REPRESENTATION_CONTEXT() REPRESENTATION_CONTEXT('2D SPACE',''
  ) );
#759 = ORIENTED_EDGE('',*,*,#760,.T.);
#760 = EDGE_CURVE('',#723,#761,#763,.T.);
#761 = VERTEX_POINT('',#762);
#762 = CARTESIAN_POINT('',(-1.123333333333E+03,-6.789425306251,
    137.5915455035));
#763 = SURFACE_CURVE('',#764,(#770,#779),.PCURVE_S1.);
#764 = B_SPLINE_CURVE_WITH_KNOTS('',4,(#765,#766,#767,#768,#769),
  .UNSPECIFIED.,.F.,.F.,(5,5),(0.,1.),.PIECEWISE_BEZIER_KNOTS.);
#765 = CARTESIAN_POINT('',(-1.123333333333E+03,6.789425306251,
    137.5915455035));
#766 = CARTESIAN_POINT('',(-1.123333333333E+03,3.394712653126,
    137.5915455035));
#767 = CARTESIAN_POINT('',(-1.123333333333E+03,-5.684341886081E-14,
    137.5915455035));
#768 = CARTESIAN_POINT('',(-1.123333333333E+03,-3.394712653126,
    137.5915455035));
#769 = CARTESIAN_POINT('',(-1.123333333333E+03,-6.789425306251,
    137.5915455035));
#770 = PCURVE('',#74,#771);
#771 = DEFINITIONAL_REPRESENTATION('',(#772),#778);
#772 = B_SPLINE_CURVE_WITH_KNOTS('',4,(#773,#774,#775,#776,#777),
  .UNSPECIFIED.,.F.,.F.,(5,5),(0.,1.),.PIECEWISE_BEZIER_KNOTS.);
#773 = CARTESIAN_POINT('',(-92.4910661767,102.09276352022));
#774 = CARTESIAN_POINT('',(-94.89149051391,99.692339183018));
#775 = CARTESIAN_POINT('',(-97.29191485111,97.291914845813));
#776 = CARTESIAN_POINT('',(-99.69233918832,94.891490508609));
#777 = CARTESIAN_POINT('',(-102.0927635255,92.491066171404));
#778 = ( GEOMETRIC_REPRESENTATION_CONTEXT(2) 
PARAMETRIC_REPRESENTATION_CONTEXT() REPRESENTATION_CONTEXT('2D SPACE',''
  ) );
#779 = PCURVE('',#780,#789);
#780 = B_SPLINE_SURFACE_WITH_KNOTS('',3,1,(
    (#781,#782)
    ,(#783,#784)
    ,(#785,#786)
    ,(#787,#788)),.UNSPECIFIED.,.F.,.F.,.F.,(4,4),(2,2),(0.,1.),(0.,1.),
  .PIECEWISE_BEZIER_KNOTS.);
#781 = CARTESIAN_POINT('',(210.,16.,147.5));
#782 = CARTESIAN_POINT('',(210.,-16.,147.5));
#783 = CARTESIAN_POINT('',(-305.8333333333,16.,143.66666666666));
#784 = CARTESIAN_POINT('',(-305.8333333333,-16.,143.66666666666));
#785 = CARTESIAN_POINT('',(-821.6666666666,16.,139.83333333333));
#786 = CARTESIAN_POINT('',(-821.6666666666,-16.,139.83333333333));
#787 = CARTESIAN_POINT('',(-1.3375E+03,1.6,136.));
#788 = CARTESIAN_POINT('',(-1.3375E+03,-1.6,136.));
#789 = DEFINITIONAL_REPRESENTATION('',(#790),#796);
#790 = B_SPLINE_CURVE_WITH_KNOTS('',4,(#791,#792,#793,#794,#795),
  .UNSPECIFIED.,.F.,.F.,(5,5),(0.,1.),.PIECEWISE_BEZIER_KNOTS.);
#791 = CARTESIAN_POINT('',(0.861604738826,0.));
#792 = CARTESIAN_POINT('',(0.861604738826,0.25));
#793 = CARTESIAN_POINT('',(0.861604738826,0.5));
#794 = CARTESIAN_POINT('',(0.861604738826,0.75));
#795 = CARTESIAN_POINT('',(0.861604738826,1.));
#796 = ( GEOMETRIC_REPRESENTATION_CONTEXT(2) 
PARAMETRIC_REPRESENTATION_CONTEXT() REPRESENTATION_CONTEXT('2D SPACE',''
  ) );
#797 = ORIENTED_EDGE('',*,*,#798,.T.);
#798 = EDGE_CURVE('',#761,#799,#801,.T.);
#799 = VERTEX_POINT('',#800);
#800 = CARTESIAN_POINT('',(-1.123333333333E+03,-16.92579040136,
    110.34928682181));
#801 = SURFACE_CURVE('',#802,(#808,#817),.PCURVE_S1.);
#802 = B_SPLINE_CURVE_WITH_KNOTS('',4,(#803,#804,#805,#806,#807),
  .UNSPECIFIED.,.F.,.F.,(5,5),(0.,1.),.PIECEWISE_BEZIER_KNOTS.);
#803 = CARTESIAN_POINT('',(-1.123333333333E+03,-6.789425306251,
    137.5915455035));
#804 = CARTESIAN_POINT('',(-1.123333333333E+03,-9.695836553474,
    129.78034234642));
#805 = CARTESIAN_POINT('',(-1.123333333333E+03,-12.60224780069,
    121.96913918934));
#806 = CARTESIAN_POINT('',(-1.123333333333E+03,-15.50865904791,
    114.15793603227));
#807 = CARTESIAN_POINT('',(-1.123333333333E+03,-18.41507029514,
    106.34673287519));
#808 = PCURVE('',#74,#809);
#809 = DEFINITIONAL_REPRESENTATION('',(#810),#816);
#810 = B_SPLINE_CURVE_WITH_KNOTS('',4,(#811,#812,#813,#814,#815),
  .UNSPECIFIED.,.F.,.F.,(5,5),(0.,1.),.PIECEWISE_BEZIER_KNOTS.);
#811 = CARTESIAN_POINT('',(-102.0927635255,92.491066171404));
#812 = CARTESIAN_POINT('',(-98.62455190576,84.912568347982));
#813 = CARTESIAN_POINT('',(-95.15634028599,77.334070524559));
#814 = CARTESIAN_POINT('',(-91.68812866622,69.755572701137));
#815 = CARTESIAN_POINT('',(-88.21991704646,62.177074877715));
#816 = ( GEOMETRIC_REPRESENTATION_CONTEXT(2) 
PARAMETRIC_REPRESENTATION_CONTEXT() REPRESENTATION_CONTEXT('2D SPACE',''
  ) );
#817 = PCURVE('',#818,#827);
#818 = B_SPLINE_SURFACE_WITH_KNOTS('',3,1,(
    (#819,#820)
    ,(#821,#822)
    ,(#823,#824)
    ,(#825,#826)),.UNSPECIFIED.,.F.,.F.,.F.,(4,4),(2,2),(0.,1.),(0.,1.),
  .PIECEWISE_BEZIER_KNOTS.);
#819 = CARTESIAN_POINT('',(210.,-16.,147.5));
#820 = CARTESIAN_POINT('',(210.,-44.,96.469037226458));
#821 = CARTESIAN_POINT('',(-305.8333333333,-16.,143.66666666666));
#822 = CARTESIAN_POINT('',(-305.8333333333,-44.,96.469037226458));
#823 = CARTESIAN_POINT('',(-821.6666666666,-16.,139.83333333333));
#824 = CARTESIAN_POINT('',(-821.6666666666,-44.,96.469037226458));
#825 = CARTESIAN_POINT('',(-1.3375E+03,-1.6,136.));
#826 = CARTESIAN_POINT('',(-1.3375E+03,-4.,111.91202770981));
#827 = DEFINITIONAL_REPRESENTATION('',(#828),#834);
#828 = B_SPLINE_CURVE_WITH_KNOTS('',4,(#829,#830,#831,#832,#833),
  .UNSPECIFIED.,.F.,.F.,(5,5),(0.,1.),.PIECEWISE_BEZIER_KNOTS.);
#829 = CARTESIAN_POINT('',(0.861604738826,0.));
#830 = CARTESIAN_POINT('',(0.861604738826,0.25));
#831 = CARTESIAN_POINT('',(0.861604738826,0.5));
#832 = CARTESIAN_POINT('',(0.861604738826,0.75));
#833 = CARTESIAN_POINT('',(0.861604738826,1.));
#834 = ( GEOMETRIC_REPRESENTATION_CONTEXT(2) 
PARAMETRIC_REPRESENTATION_CONTEXT() REPRESENTATION_CONTEXT('2D SPACE',''
  ) );
#835 = ORIENTED_EDGE('',*,*,#836,.T.);
#836 = EDGE_CURVE('',#799,#54,#837,.T.);
#837 = SURFACE_CURVE('',#838,(#843,#850),.PCURVE_S1.);
#838 = CIRCLE('',#839,70.);
#839 = AXIS2_PLACEMENT_3D('',#840,#841,#842);
#840 = CARTESIAN_POINT('',(-1.123333333333E+03,1.467661111931E-08,
    42.426406885869));
#841 = DIRECTION('',(1.,-7.850462293419E-17,7.850462293419E-17));
#842 = DIRECTION('',(1.110223024625E-16,0.707106781187,-0.707106781187)
  );
#843 = PCURVE('',#74,#844);
#844 = DEFINITIONAL_REPRESENTATION('',(#845),#849);
#845 = CIRCLE('',#846,70.);
#846 = AXIS2_PLACEMENT_2D('',#847,#848);
#847 = CARTESIAN_POINT('',(-29.99999999165,30.000000007107));
#848 = DIRECTION('',(1.,0.));
#849 = ( GEOMETRIC_REPRESENTATION_CONTEXT(2) 
PARAMETRIC_REPRESENTATION_CONTEXT() REPRESENTATION_CONTEXT('2D SPACE',''
  ) );
#850 = PCURVE('',#154,#851);
#851 = DEFINITIONAL_REPRESENTATION('',(#852),#856);
#852 = LINE('',#853,#854);
#853 = CARTESIAN_POINT('',(0.,0.));
#854 = VECTOR('',#855,1.);
#855 = DIRECTION('',(-1.,0.));
#856 = ( GEOMETRIC_REPRESENTATION_CONTEXT(2) 
PARAMETRIC_REPRESENTATION_CONTEXT() REPRESENTATION_CONTEXT('2D SPACE',''
  ) );
#857 = FACE_BOUND('',#858,.F.);
#858 = EDGE_LOOP('',(#859));
#859 = ORIENTED_EDGE('',*,*,#860,.F.);
#860 = EDGE_CURVE('',#861,#861,#863,.T.);
#861 = VERTEX_POINT('',#862);
#862 = CARTESIAN_POINT('',(-1.123333333333E+03,45.426832942714,
    -45.42683294271));
#863 = SURFACE_CURVE('',#864,(#869,#876),.PCURVE_S1.);
#864 = CIRCLE('',#865,64.243243243243);
#865 = AXIS2_PLACEMENT_3D('',#866,#867,#868);
#866 = CARTESIAN_POINT('',(-1.123333333333E+03,-7.850462293419E-17,
    7.850462293419E-17));
#867 = DIRECTION('',(1.,-7.850462293419E-17,7.850462293419E-17));
#868 = DIRECTION('',(1.110223024625E-16,0.707106781187,-0.707106781187)
  );
#869 = PCURVE('',#74,#870);
#870 = DEFINITIONAL_REPRESENTATION('',(#871),#875);
#871 = CIRCLE('',#872,64.243243243243);
#872 = AXIS2_PLACEMENT_2D('',#873,#874);
#873 = CARTESIAN_POINT('',(8.346426171793E-09,-1.364907375133E-08));
#874 = DIRECTION('',(1.,0.));
#875 = ( GEOMETRIC_REPRESENTATION_CONTEXT(2) 
PARAMETRIC_REPRESENTATION_CONTEXT() REPRESENTATION_CONTEXT('2D SPACE',''
  ) );
#876 = PCURVE('',#877,#882);
#877 = CONICAL_SURFACE('',#878,65.,0.647811426927);
#878 = AXIS2_PLACEMENT_3D('',#879,#880,#881);
#879 = CARTESIAN_POINT('',(-1.124333333333E+03,0.,0.));
#880 = DIRECTION('',(-1.,7.850462293419E-17,-7.850462293419E-17));
#881 = DIRECTION('',(1.110223024625E-16,0.707106781187,-0.707106781187)
  );
#882 = DEFINITIONAL_REPRESENTATION('',(#883),#887);
#883 = LINE('',#884,#885);
#884 = CARTESIAN_POINT('',(0.,-1.));
#885 = VECTOR('',#886,1.);
#886 = DIRECTION('',(-1.,0.));
#887 = ( GEOMETRIC_REPRESENTATION_CONTEXT(2) 
PARAMETRIC_REPRESENTATION_CONTEXT() REPRESENTATION_CONTEXT('2D SPACE',''
  ) );
#888 = ADVANCED_FACE('',(#889),#154,.T.);
#889 = FACE_BOUND('',#890,.F.);
#890 = EDGE_LOOP('',(#891,#919,#920,#921));
#891 = ORIENTED_EDGE('',*,*,#892,.F.);
#892 = EDGE_CURVE('',#115,#893,#895,.T.);
#893 = VERTEX_POINT('',#894);
#894 = CARTESIAN_POINT('',(-880.,-27.52277995779,106.78863634795));
#895 = SURFACE_CURVE('',#896,(#901,#908),.PCURVE_S1.);
#896 = CIRCLE('',#897,70.);
#897 = AXIS2_PLACEMENT_3D('',#898,#899,#900);
#898 = CARTESIAN_POINT('',(-880.,1.467659282299E-08,42.426406885869));
#899 = DIRECTION('',(-1.,7.850462293419E-17,-7.850462293419E-17));
#900 = DIRECTION('',(1.110223024625E-16,0.707106781187,-0.707106781187)
  );
#901 = PCURVE('',#154,#902);
#902 = DEFINITIONAL_REPRESENTATION('',(#903),#907);
#903 = LINE('',#904,#905);
#904 = CARTESIAN_POINT('',(-6.28318530718,-243.3333333333));
#905 = VECTOR('',#906,1.);
#906 = DIRECTION('',(1.,0.));
#907 = ( GEOMETRIC_REPRESENTATION_CONTEXT(2) 
PARAMETRIC_REPRESENTATION_CONTEXT() REPRESENTATION_CONTEXT('2D SPACE',''
  ) );
#908 = PCURVE('',#129,#909);
#909 = DEFINITIONAL_REPRESENTATION('',(#910),#918);
#910 = ( BOUNDED_CURVE() B_SPLINE_CURVE(2,(#911,#912,#913,#914,#915,#916
,#917),.UNSPECIFIED.,.T.,.F.) B_SPLINE_CURVE_WITH_KNOTS((1,2,2,2,2,1),(
    -2.094395102393,0.,2.094395102393,4.188790204786,6.28318530718,
8.377580409573),.UNSPECIFIED.) CURVE() GEOMETRIC_REPRESENTATION_ITEM() 
RATIONAL_B_SPLINE_CURVE((1.,0.5,1.,0.5,1.,0.5,1.)) REPRESENTATION_ITEM(
  '') );
#911 = CARTESIAN_POINT('',(217.92893220281,-274.4974746977));
#912 = CARTESIAN_POINT('',(132.1967912054,-188.7653337003));
#913 = CARTESIAN_POINT('',(249.30907372869,-157.3851921744));
#914 = CARTESIAN_POINT('',(366.42135625198,-126.0050506485));
#915 = CARTESIAN_POINT('',(335.0412147261,-243.1173331718));
#916 = CARTESIAN_POINT('',(303.66107320022,-360.2296156951));
#917 = CARTESIAN_POINT('',(217.92893220281,-274.4974746977));
#918 = ( GEOMETRIC_REPRESENTATION_CONTEXT(2) 
PARAMETRIC_REPRESENTATION_CONTEXT() REPRESENTATION_CONTEXT('2D SPACE',''
  ) );
#919 = ORIENTED_EDGE('',*,*,#140,.F.);
#920 = ORIENTED_EDGE('',*,*,#836,.F.);
#921 = ORIENTED_EDGE('',*,*,#922,.T.);
#922 = EDGE_CURVE('',#799,#893,#923,.T.);
#923 = SURFACE_CURVE('',#924,(#976,#1031),.PCURVE_S1.);
#924 = B_SPLINE_CURVE_WITH_KNOTS('',8,(#925,#926,#927,#928,#929,#930,
    #931,#932,#933,#934,#935,#936,#937,#938,#939,#940,#941,#942,#943,
    #944,#945,#946,#947,#948,#949,#950,#951,#952,#953,#954,#955,#956,
    #957,#958,#959,#960,#961,#962,#963,#964,#965,#966,#967,#968,#969,
    #970,#971,#972,#973,#974,#975),.UNSPECIFIED.,.F.,.F.,(9,7,7,7,7,7,7,
    9),(0.,0.210804944335,0.422813479275,0.633807811356,0.844778193665,
    0.94875885706,0.98375222581,1.),.UNSPECIFIED.);
#925 = CARTESIAN_POINT('',(-1.123333335733E+03,-16.9257902797,
    110.34928685212));
#926 = CARTESIAN_POINT('',(-1.088216380434E+03,-18.7058896051,
    109.90570159791));
#927 = CARTESIAN_POINT('',(-1.053097173743E+03,-20.38812090667,
    109.42987711068));
#928 = CARTESIAN_POINT('',(-1.017976125573E+03,-21.98537703851,
    108.9280137697));
#929 = CARTESIAN_POINT('',(-982.853510677,-23.505298282,108.4048637139)
  );
#930 = CARTESIAN_POINT('',(-947.7295239485,-24.95314355437,
    107.86481008547));
#931 = CARTESIAN_POINT('',(-912.6042914728,-26.33235588453,
    107.3120277308));
#932 = CARTESIAN_POINT('',(-877.4778839363,-27.64523532387,
    106.75072775657));
#933 = CARTESIAN_POINT('',(-807.0221998601,-30.14832236877,
    105.61641755099));
#934 = CARTESIAN_POINT('',(-771.6929497473,-31.33778625577,
    105.04335959315));
#935 = CARTESIAN_POINT('',(-736.3626260681,-32.46306799607,
    104.47036655378));
#936 = CARTESIAN_POINT('',(-701.031270665,-33.5247692537,103.90186821624
    ));
#937 = CARTESIAN_POINT('',(-665.6989176335,-34.52296981737,
    103.34243498515));
#938 = CARTESIAN_POINT('',(-630.3655971302,-35.45746660219,
    102.79673623388));
#939 = CARTESIAN_POINT('',(-595.0313397688,-36.327993629,102.26938539038
    ));
#940 = CARTESIAN_POINT('',(-524.5300617841,-37.93715137096,101.262357659
    ));
#941 = CARTESIAN_POINT('',(-489.3630460102,-38.67639290036,
    100.78246475442));
#942 = CARTESIAN_POINT('',(-454.1951921582,-39.35217487819,
    100.32920796856));
#943 = CARTESIAN_POINT('',(-419.026559935,-39.9646524634,99.906484423575
    ));
#944 = CARTESIAN_POINT('',(-383.857215625,-40.5144329506,99.51761922046)
  );
#945 = CARTESIAN_POINT('',(-348.6872365455,-41.00284592805,
    99.164996167262));
#946 = CARTESIAN_POINT('',(-313.5167143708,-41.43212081294,
    98.849769946981));
#947 = CARTESIAN_POINT('',(-243.1787881903,-42.17854616245,
    98.293988976283));
#948 = CARTESIAN_POINT('',(-208.011372718,-42.49570944267,
    98.053425888216));
#949 = CARTESIAN_POINT('',(-172.8436090953,-42.75994219669,97.8500948189
    ));
#950 = CARTESIAN_POINT('',(-137.6755852967,-42.97520885536,
    97.682690298605));
#951 = CARTESIAN_POINT('',(-102.5073772552,-43.14633513975,
    97.548635810904));
#952 = CARTESIAN_POINT('',(-67.3390478315,-43.27878714267,
    97.444360241645));
#953 = CARTESIAN_POINT('',(-32.17064528723,-43.3783906616,
    97.365680941888));
#954 = CARTESIAN_POINT('',(20.331216945624,-43.48700556058,
    97.279687899767));
#955 = CARTESIAN_POINT('',(37.66464673754,-43.51634280576,
    97.256417325708));
#956 = CARTESIAN_POINT('',(54.998084058174,-43.53987666012,
    97.237725536981));
#957 = CARTESIAN_POINT('',(72.3315263274,-43.55833587626,97.22305133742)
  );
#958 = CARTESIAN_POINT('',(89.66497157576,-43.57245386679,
    97.211821760719));
#959 = CARTESIAN_POINT('',(106.99841844931,-43.58296439258,
    97.203458493217));
#960 = CARTESIAN_POINT('',(124.33186621298,-43.59059860558,
    97.197382421034));
#961 = CARTESIAN_POINT('',(147.49866622991,-43.59792929921,
    97.191546939625));
#962 = CARTESIAN_POINT('',(153.33201776923,-43.59953171596,
    97.190271249254));
#963 = CARTESIAN_POINT('',(159.1653693551,-43.60091841353,
    97.189167211772));
#964 = CARTESIAN_POINT('',(164.99872097476,-43.60211704488,
    97.188212849166));
#965 = CARTESIAN_POINT('',(170.83207261808,-43.60315519863,
    97.187386224088));
#966 = CARTESIAN_POINT('',(176.66542427752,-43.60406039904,
    97.186665439851));
#967 = CARTESIAN_POINT('',(182.49877594817,-43.60486010604,
    97.186028640434));
#968 = CARTESIAN_POINT('',(191.04061167054,-43.60591676567,
    97.18518720399));
#969 = CARTESIAN_POINT('',(193.74909571503,-43.60623497869,
    97.184933801627));
#970 = CARTESIAN_POINT('',(196.45757976085,-43.60653909586,
    97.184691620845));
#971 = CARTESIAN_POINT('',(199.1660638077,-43.60683185548,
    97.184458481554));
#972 = CARTESIAN_POINT('',(201.87454785527,-43.60711599256,
    97.184232206112));
#973 = CARTESIAN_POINT('',(204.58303190332,-43.60739423881,
    97.184010619333));
#974 = CARTESIAN_POINT('',(207.29151595163,-43.60766932266,
    97.183791548477));
#975 = CARTESIAN_POINT('',(210.,-43.60794396924,97.18357282326));
#976 = PCURVE('',#154,#977);
#977 = DEFINITIONAL_REPRESENTATION('',(#978),#1030);
#978 = B_SPLINE_CURVE_WITH_KNOTS('',8,(#979,#980,#981,#982,#983,#984,
    #985,#986,#987,#988,#989,#990,#991,#992,#993,#994,#995,#996,#997,
    #998,#999,#1000,#1001,#1002,#1003,#1004,#1005,#1006,#1007,#1008,
    #1009,#1010,#1011,#1012,#1013,#1014,#1015,#1016,#1017,#1018,#1019,
    #1020,#1021,#1022,#1023,#1024,#1025,#1026,#1027,#1028,#1029),
  .UNSPECIFIED.,.F.,.F.,(9,7,7,7,7,7,7,9),(0.,0.210804944335,
    0.422813479275,0.633807811356,0.844778193665,0.94875885706,
    0.98375222581,1.),.UNSPECIFIED.);
#979 = CARTESIAN_POINT('',(-2.600411872763,2.40000008489E-06));
#980 = CARTESIAN_POINT('',(-2.6266195266,-35.11695289944));
#981 = CARTESIAN_POINT('',(-2.651581916539,-70.23615959108));
#982 = CARTESIAN_POINT('',(-2.675483754755,-105.357207759));
#983 = CARTESIAN_POINT('',(-2.698431092155,-140.4798226574));
#984 = CARTESIAN_POINT('',(-2.720493257703,-175.6038093838));
#985 = CARTESIAN_POINT('',(-2.74171049768,-210.7290418607));
#986 = CARTESIAN_POINT('',(-2.762103429484,-245.855449397));
#987 = CARTESIAN_POINT('',(-2.801362132917,-316.3111334732));
#988 = CARTESIAN_POINT('',(-2.820218512295,-351.6403835859));
#989 = CARTESIAN_POINT('',(-2.838250989651,-386.9707072652));
#990 = CARTESIAN_POINT('',(-2.855448803916,-422.3020626682));
#991 = CARTESIAN_POINT('',(-2.871790218384,-457.6344156997));
#992 = CARTESIAN_POINT('',(-2.887246224771,-492.967736203));
#993 = CARTESIAN_POINT('',(-2.901784686458,-528.3019935644));
#994 = CARTESIAN_POINT('',(-2.928903072007,-598.8032715492));
#995 = CARTESIAN_POINT('',(-2.941492029427,-633.9702873229));
#996 = CARTESIAN_POINT('',(-2.953114407956,-669.1381411752));
#997 = CARTESIAN_POINT('',(-2.963744140509,-704.3067733982));
#998 = CARTESIAN_POINT('',(-2.973363233115,-739.4761177082));
#999 = CARTESIAN_POINT('',(-2.981968519648,-774.6460967878));
#1000 = CARTESIAN_POINT('',(-2.98957667804,-809.8166189625));
#1001 = CARTESIAN_POINT('',(-3.002871170453,-880.1545451429));
#1002 = CARTESIAN_POINT('',(-3.008557721484,-915.3219606153));
#1003 = CARTESIAN_POINT('',(-3.013320578527,-950.4897242379));
#1004 = CARTESIAN_POINT('',(-3.017216200118,-985.6577480366));
#1005 = CARTESIAN_POINT('',(-3.020321635316,-1.020825956078E+03));
#1006 = CARTESIAN_POINT('',(-3.0227298173,-1.055994285502E+03));
#1007 = CARTESIAN_POINT('',(-3.024543106064,-1.091162688046E+03));
#1008 = CARTESIAN_POINT('',(-3.026522180244,-1.143664550279E+03));
#1009 = CARTESIAN_POINT('',(-3.027057121105,-1.160997980071E+03));
#1010 = CARTESIAN_POINT('',(-3.02748645965,-1.178331417392E+03));
#1011 = CARTESIAN_POINT('',(-3.027823334468,-1.195664859661E+03));
#1012 = CARTESIAN_POINT('',(-3.028081040615,-1.212998304909E+03));
#1013 = CARTESIAN_POINT('',(-3.028272924592,-1.230331751783E+03));
#1014 = CARTESIAN_POINT('',(-3.028412310908,-1.247665199546E+03));
#1015 = CARTESIAN_POINT('',(-3.028546164248,-1.270831999563E+03));
#1016 = CARTESIAN_POINT('',(-3.028575424256,-1.276665351103E+03));
#1017 = CARTESIAN_POINT('',(-3.028600745977,-1.282498702688E+03));
#1018 = CARTESIAN_POINT('',(-3.028622634028,-1.288332054308E+03));
#1019 = CARTESIAN_POINT('',(-3.028641591941,-1.294165405951E+03));
#1020 = CARTESIAN_POINT('',(-3.028658122172,-1.299998757611E+03));
#1021 = CARTESIAN_POINT('',(-3.028672726091,-1.305832109282E+03));
#1022 = CARTESIAN_POINT('',(-3.028692022621,-1.314373945004E+03));
#1023 = CARTESIAN_POINT('',(-3.028697833805,-1.317082429048E+03));
#1024 = CARTESIAN_POINT('',(-3.028703387601,-1.319790913094E+03));
#1025 = CARTESIAN_POINT('',(-3.028708734011,-1.322499397141E+03));
#1026 = CARTESIAN_POINT('',(-3.02871392298,-1.325207881189E+03));
#1027 = CARTESIAN_POINT('',(-3.028719004393,-1.327916365237E+03));
#1028 = CARTESIAN_POINT('',(-3.028724028074,-1.330624849285E+03));
#1029 = CARTESIAN_POINT('',(-3.028729043794,-1.333333333333E+03));
#1030 = ( GEOMETRIC_REPRESENTATION_CONTEXT(2) 
PARAMETRIC_REPRESENTATION_CONTEXT() REPRESENTATION_CONTEXT('2D SPACE',''
  ) );
#1031 = PCURVE('',#818,#1032);
#1032 = DEFINITIONAL_REPRESENTATION('',(#1033),#1085);
#1033 = B_SPLINE_CURVE_WITH_KNOTS('',8,(#1034,#1035,#1036,#1037,#1038,
    #1039,#1040,#1041,#1042,#1043,#1044,#1045,#1046,#1047,#1048,#1049,
    #1050,#1051,#1052,#1053,#1054,#1055,#1056,#1057,#1058,#1059,#1060,
    #1061,#1062,#1063,#1064,#1065,#1066,#1067,#1068,#1069,#1070,#1071,
    #1072,#1073,#1074,#1075,#1076,#1077,#1078,#1079,#1080,#1081,#1082,
    #1083,#1084),.UNSPECIFIED.,.F.,.F.,(9,7,7,7,7,7,7,9),(0.,
    0.210804944335,0.422813479275,0.633807811356,0.844778193665,
    0.94875885706,0.98375222581,1.),.UNSPECIFIED.);
#1034 = CARTESIAN_POINT('',(0.861604740291,0.871897014519));
#1035 = CARTESIAN_POINT('',(0.838912038967,0.865384835986));
#1036 = CARTESIAN_POINT('',(0.816217883492,0.861710346498));
#1037 = CARTESIAN_POINT('',(0.793522535541,0.860212542183));
#1038 = CARTESIAN_POINT('',(0.77082617933,0.860465829792));
#1039 = CARTESIAN_POINT('',(0.748128932421,0.86214102727));
#1040 = CARTESIAN_POINT('',(0.72543088319,0.864978940647));
#1041 = CARTESIAN_POINT('',(0.702732073626,0.868760083395));
#1042 = CARTESIAN_POINT('',(0.657203360168,0.877854560868));
#1043 = CARTESIAN_POINT('',(0.634373473181,0.883176488229));
#1044 = CARTESIAN_POINT('',(0.611542892451,0.889066704545));
#1045 = CARTESIAN_POINT('',(0.588711645018,0.895360836249));
#1046 = CARTESIAN_POINT('',(0.565879752913,0.901910701436));
#1047 = CARTESIAN_POINT('',(0.543047235625,0.90857932503));
#1048 = CARTESIAN_POINT('',(0.520214112936,0.9152410332));
#1049 = CARTESIAN_POINT('',(0.474655936533,0.928295269577));
#1050 = CARTESIAN_POINT('',(0.451930885952,0.934688938253));
#1051 = CARTESIAN_POINT('',(0.429205293802,0.940854409844));
#1052 = CARTESIAN_POINT('',(0.406479198666,0.94669478064));
#1053 = CARTESIAN_POINT('',(0.383752643377,0.952129095048));
#1054 = CARTESIAN_POINT('',(0.361025677897,0.957097667477));
#1055 = CARTESIAN_POINT('',(0.338298361467,0.961566075314));
#1056 = CARTESIAN_POINT('',(0.29284574358,0.969480729218));
#1057 = CARTESIAN_POINT('',(0.270120434713,0.972927092073));
#1058 = CARTESIAN_POINT('',(0.247394900869,0.975852084779));
#1059 = CARTESIAN_POINT('',(0.224669198899,0.978268784326));
#1060 = CARTESIAN_POINT('',(0.201943377871,0.98021331691));
#1061 = CARTESIAN_POINT('',(0.179217478405,0.981738533308));
#1062 = CARTESIAN_POINT('',(0.156491531688,0.982906199025));
#1063 = CARTESIAN_POINT('',(0.122564641715,0.984213475844));
#1064 = CARTESIAN_POINT('',(0.111363717779,0.98457414303));
#1065 = CARTESIAN_POINT('',(0.100162788977,0.984871731269));
#1066 = CARTESIAN_POINT('',(8.896185697745E-02,0.985114314743));
#1067 = CARTESIAN_POINT('',(7.776092305282E-02,0.985310036502));
#1068 = CARTESIAN_POINT('',(6.655998807798E-02,0.985466990795));
#1069 = CARTESIAN_POINT('',(5.535905252796E-02,0.985593143522));
#1070 = CARTESIAN_POINT('',(4.038858401944E-02,0.985731003686));
#1071 = CARTESIAN_POINT('',(3.66190515223E-02,0.985763110939));
#1072 = CARTESIAN_POINT('',(3.284951899508E-02,0.985792909941));
#1073 = CARTESIAN_POINT('',(2.907998644603E-02,0.985820695644));
#1074 = CARTESIAN_POINT('',(2.531045388169E-02,0.985846760554));
#1075 = CARTESIAN_POINT('',(2.154092130693E-02,0.98587139473));
#1076 = CARTESIAN_POINT('',(1.777138872493E-02,0.98589488579));
#1077 = CARTESIAN_POINT('',(1.225162412243E-02,0.985928027685));
#1078 = CARTESIAN_POINT('',(1.05013921066E-02,0.985938351489));
#1079 = CARTESIAN_POINT('',(8.751160089914E-03,0.985948518841));
#1080 = CARTESIAN_POINT('',(7.000928072568E-03,0.985958558151));
#1081 = CARTESIAN_POINT('',(5.250696054749E-03,0.985968497706));
#1082 = CARTESIAN_POINT('',(3.500464036621E-03,0.985978365672));
#1083 = CARTESIAN_POINT('',(1.75023201833E-03,0.985988190095));
#1084 = CARTESIAN_POINT('',(0.,0.985997998902));
#1085 = ( GEOMETRIC_REPRESENTATION_CONTEXT(2) 
PARAMETRIC_REPRESENTATION_CONTEXT() REPRESENTATION_CONTEXT('2D SPACE',''
  ) );
#1086 = ADVANCED_FACE('',(#1087),#129,.T.);
#1087 = FACE_BOUND('',#1088,.T.);
#1088 = EDGE_LOOP('',(#1089,#1090,#1118,#1147,#1176,#1205,#1233,#1254,
    #1282,#1311,#1340,#1369,#1397,#1418,#1446,#1475,#1504,#1533,#1561,
    #1582,#1610,#1639,#1668,#1695));
#1089 = ORIENTED_EDGE('',*,*,#114,.F.);
#1090 = ORIENTED_EDGE('',*,*,#1091,.F.);
#1091 = EDGE_CURVE('',#1092,#87,#1094,.T.);
#1092 = VERTEX_POINT('',#1093);
#1093 = CARTESIAN_POINT('',(-880.,-109.4385903551,20.232826484545));
#1094 = SURFACE_CURVE('',#1095,(#1100,#1111),.PCURVE_S1.);
#1095 = CIRCLE('',#1096,70.);
#1096 = AXIS2_PLACEMENT_3D('',#1097,#1098,#1099);
#1097 = CARTESIAN_POINT('',(-880.,-42.42640688896,-1.776872559504E-08));
#1098 = DIRECTION('',(-1.,7.850462293419E-17,-7.850462293419E-17));
#1099 = DIRECTION('',(1.110223024625E-16,0.707106781187,-0.707106781187)
  );
#1100 = PCURVE('',#129,#1101);
#1101 = DEFINITIONAL_REPRESENTATION('',(#1102),#1110);
#1102 = ( BOUNDED_CURVE() B_SPLINE_CURVE(2,(#1103,#1104,#1105,#1106,
#1107,#1108,#1109),.UNSPECIFIED.,.T.,.F.) B_SPLINE_CURVE_WITH_KNOTS((1,2
    ,2,2,2,1),(-2.094395102393,0.,2.094395102393,4.188790204786,
6.28318530718,8.377580409573),.UNSPECIFIED.) CURVE() 
GEOMETRIC_REPRESENTATION_ITEM() RATIONAL_B_SPLINE_CURVE((1.,0.5,1.,0.5,
1.,0.5,1.)) REPRESENTATION_ITEM('') );
#1103 = CARTESIAN_POINT('',(175.50252529917,-232.071067794));
#1104 = CARTESIAN_POINT('',(89.770384301762,-146.3389267966));
#1105 = CARTESIAN_POINT('',(206.88266682505,-114.9587852708));
#1106 = CARTESIAN_POINT('',(323.99494934834,-83.57864374492));
#1107 = CARTESIAN_POINT('',(292.61480782246,-200.6909262682));
#1108 = CARTESIAN_POINT('',(261.23466629658,-317.8032087915));
#1109 = CARTESIAN_POINT('',(175.50252529917,-232.071067794));
#1110 = ( GEOMETRIC_REPRESENTATION_CONTEXT(2) 
PARAMETRIC_REPRESENTATION_CONTEXT() REPRESENTATION_CONTEXT('2D SPACE',''
  ) );
#1111 = PCURVE('',#102,#1112);
#1112 = DEFINITIONAL_REPRESENTATION('',(#1113),#1117);
#1113 = LINE('',#1114,#1115);
#1114 = CARTESIAN_POINT('',(-6.28318530718,-243.3333333333));
#1115 = VECTOR('',#1116,1.);
#1116 = DIRECTION('',(1.,0.));
#1117 = ( GEOMETRIC_REPRESENTATION_CONTEXT(2) 
PARAMETRIC_REPRESENTATION_CONTEXT() REPRESENTATION_CONTEXT('2D SPACE',''
  ) );
#1118 = ORIENTED_EDGE('',*,*,#1119,.T.);
#1119 = EDGE_CURVE('',#1092,#1120,#1122,.T.);
#1120 = VERTEX_POINT('',#1121);
#1121 = CARTESIAN_POINT('',(-880.,-138.09875,8.132698825));
#1122 = SURFACE_CURVE('',#1123,(#1129,#1138),.PCURVE_S1.);
#1123 = B_SPLINE_CURVE_WITH_KNOTS('',4,(#1124,#1125,#1126,#1127,#1128),
  .UNSPECIFIED.,.F.,.F.,(5,5),(0.,1.),.PIECEWISE_BEZIER_KNOTS.);
#1124 = CARTESIAN_POINT('',(-880.,-105.370908877,21.95017437494));
#1125 = CARTESIAN_POINT('',(-880.,-113.5528691577,18.495805487455));
#1126 = CARTESIAN_POINT('',(-880.,-121.7348294385,15.04143659997));
#1127 = CARTESIAN_POINT('',(-880.,-129.9167897192,11.587067712485));
#1128 = CARTESIAN_POINT('',(-880.,-138.09875,8.132698825));
#1129 = PCURVE('',#129,#1130);
#1130 = DEFINITIONAL_REPRESENTATION('',(#1131),#1137);
#1131 = B_SPLINE_CURVE_WITH_KNOTS('',4,(#1132,#1133,#1134,#1135,#1136),
  .UNSPECIFIED.,.F.,.F.,(5,5),(0.,1.),.PIECEWISE_BEZIER_KNOTS.);
#1132 = CARTESIAN_POINT('',(246.95017437494,-119.6290911229));
#1133 = CARTESIAN_POINT('',(243.49580548745,-111.4471308422));
#1134 = CARTESIAN_POINT('',(240.04143659997,-103.2651705614));
#1135 = CARTESIAN_POINT('',(236.58706771248,-95.08321028074));
#1136 = CARTESIAN_POINT('',(233.132698825,-86.90125));
#1137 = ( GEOMETRIC_REPRESENTATION_CONTEXT(2) 
PARAMETRIC_REPRESENTATION_CONTEXT() REPRESENTATION_CONTEXT('2D SPACE',''
  ) );
#1138 = PCURVE('',#208,#1139);
#1139 = DEFINITIONAL_REPRESENTATION('',(#1140),#1146);
#1140 = B_SPLINE_CURVE_WITH_KNOTS('',4,(#1141,#1142,#1143,#1144,#1145),
  .UNSPECIFIED.,.F.,.F.,(5,5),(0.,1.),.PIECEWISE_BEZIER_KNOTS.);
#1141 = CARTESIAN_POINT('',(0.8175,1.400140112022E-02));
#1142 = CARTESIAN_POINT('',(0.8175,0.26050105084));
#1143 = CARTESIAN_POINT('',(0.8175,0.50700070056));
#1144 = CARTESIAN_POINT('',(0.8175,0.75350035028));
#1145 = CARTESIAN_POINT('',(0.8175,1.));
#1146 = ( GEOMETRIC_REPRESENTATION_CONTEXT(2) 
PARAMETRIC_REPRESENTATION_CONTEXT() REPRESENTATION_CONTEXT('2D SPACE',''
  ) );
#1147 = ORIENTED_EDGE('',*,*,#1148,.T.);
#1148 = EDGE_CURVE('',#1120,#1149,#1151,.T.);
#1149 = VERTEX_POINT('',#1150);
#1150 = CARTESIAN_POINT('',(-880.,-138.09875,-8.132698825));
#1151 = SURFACE_CURVE('',#1152,(#1158,#1167),.PCURVE_S1.);
#1152 = B_SPLINE_CURVE_WITH_KNOTS('',4,(#1153,#1154,#1155,#1156,#1157),
  .UNSPECIFIED.,.F.,.F.,(5,5),(0.,1.),.PIECEWISE_BEZIER_KNOTS.);
#1153 = CARTESIAN_POINT('',(-880.,-138.09875,8.132698825));
#1154 = CARTESIAN_POINT('',(-880.,-138.09875,4.0663494125));
#1155 = CARTESIAN_POINT('',(-880.,-138.09875,5.684341886081E-14));
#1156 = CARTESIAN_POINT('',(-880.,-138.09875,-4.0663494125));
#1157 = CARTESIAN_POINT('',(-880.,-138.09875,-8.132698825));
#1158 = PCURVE('',#129,#1159);
#1159 = DEFINITIONAL_REPRESENTATION('',(#1160),#1166);
#1160 = B_SPLINE_CURVE_WITH_KNOTS('',4,(#1161,#1162,#1163,#1164,#1165),
  .UNSPECIFIED.,.F.,.F.,(5,5),(0.,1.),.PIECEWISE_BEZIER_KNOTS.);
#1161 = CARTESIAN_POINT('',(233.132698825,-86.90125));
#1162 = CARTESIAN_POINT('',(229.0663494125,-86.90125));
#1163 = CARTESIAN_POINT('',(225.,-86.90125));
#1164 = CARTESIAN_POINT('',(220.9336505875,-86.90125));
#1165 = CARTESIAN_POINT('',(216.867301175,-86.90125));
#1166 = ( GEOMETRIC_REPRESENTATION_CONTEXT(2) 
PARAMETRIC_REPRESENTATION_CONTEXT() REPRESENTATION_CONTEXT('2D SPACE',''
  ) );
#1167 = PCURVE('',#238,#1168);
#1168 = DEFINITIONAL_REPRESENTATION('',(#1169),#1175);
#1169 = B_SPLINE_CURVE_WITH_KNOTS('',4,(#1170,#1171,#1172,#1173,#1174),
  .UNSPECIFIED.,.F.,.F.,(5,5),(0.,1.),.PIECEWISE_BEZIER_KNOTS.);
#1170 = CARTESIAN_POINT('',(0.8175,0.));
#1171 = CARTESIAN_POINT('',(0.8175,0.25));
#1172 = CARTESIAN_POINT('',(0.8175,0.5));
#1173 = CARTESIAN_POINT('',(0.8175,0.75));
#1174 = CARTESIAN_POINT('',(0.8175,1.));
#1175 = ( GEOMETRIC_REPRESENTATION_CONTEXT(2) 
PARAMETRIC_REPRESENTATION_CONTEXT() REPRESENTATION_CONTEXT('2D SPACE',''
  ) );
#1176 = ORIENTED_EDGE('',*,*,#1177,.T.);
#1177 = EDGE_CURVE('',#1149,#1178,#1180,.T.);
#1178 = VERTEX_POINT('',#1179);
#1179 = CARTESIAN_POINT('',(-880.,-109.4385903674,-20.23282647935));
#1180 = SURFACE_CURVE('',#1181,(#1187,#1196),.PCURVE_S1.);
#1181 = B_SPLINE_CURVE_WITH_KNOTS('',4,(#1182,#1183,#1184,#1185,#1186),
  .UNSPECIFIED.,.F.,.F.,(5,5),(0.,1.),.PIECEWISE_BEZIER_KNOTS.);
#1182 = CARTESIAN_POINT('',(-880.,-138.09875,-8.132698825));
#1183 = CARTESIAN_POINT('',(-880.,-129.9167897274,-11.58706770903));
#1184 = CARTESIAN_POINT('',(-880.,-121.7348294548,-15.04143659306));
#1185 = CARTESIAN_POINT('',(-880.,-113.5528691822,-18.4958054771));
#1186 = CARTESIAN_POINT('',(-880.,-105.3709089096,-21.95017436113));
#1187 = PCURVE('',#129,#1188);
#1188 = DEFINITIONAL_REPRESENTATION('',(#1189),#1195);
#1189 = B_SPLINE_CURVE_WITH_KNOTS('',4,(#1190,#1191,#1192,#1193,#1194),
  .UNSPECIFIED.,.F.,.F.,(5,5),(0.,1.),.PIECEWISE_BEZIER_KNOTS.);
#1190 = CARTESIAN_POINT('',(216.867301175,-86.90125));
#1191 = CARTESIAN_POINT('',(213.41293229096,-95.08321027257));
#1192 = CARTESIAN_POINT('',(209.95856340693,-103.2651705451));
#1193 = CARTESIAN_POINT('',(206.50419452289,-111.4471308177));
#1194 = CARTESIAN_POINT('',(203.04982563886,-119.6290910903));
#1195 = ( GEOMETRIC_REPRESENTATION_CONTEXT(2) 
PARAMETRIC_REPRESENTATION_CONTEXT() REPRESENTATION_CONTEXT('2D SPACE',''
  ) );
#1196 = PCURVE('',#268,#1197);
#1197 = DEFINITIONAL_REPRESENTATION('',(#1198),#1204);
#1198 = B_SPLINE_CURVE_WITH_KNOTS('',4,(#1199,#1200,#1201,#1202,#1203),
  .UNSPECIFIED.,.F.,.F.,(5,5),(0.,1.),.PIECEWISE_BEZIER_KNOTS.);
#1199 = CARTESIAN_POINT('',(0.8175,0.));
#1200 = CARTESIAN_POINT('',(0.8175,0.246499649474));
#1201 = CARTESIAN_POINT('',(0.8175,0.492999298947));
#1202 = CARTESIAN_POINT('',(0.8175,0.739498948421));
#1203 = CARTESIAN_POINT('',(0.8175,0.985998597895));
#1204 = ( GEOMETRIC_REPRESENTATION_CONTEXT(2) 
PARAMETRIC_REPRESENTATION_CONTEXT() REPRESENTATION_CONTEXT('2D SPACE',''
  ) );
#1205 = ORIENTED_EDGE('',*,*,#1206,.F.);
#1206 = EDGE_CURVE('',#1207,#1178,#1209,.T.);
#1207 = VERTEX_POINT('',#1208);
#1208 = CARTESIAN_POINT('',(-880.,-91.92388155425,-49.49747468305));
#1209 = SURFACE_CURVE('',#1210,(#1215,#1226),.PCURVE_S1.);
#1210 = CIRCLE('',#1211,70.);
#1211 = AXIS2_PLACEMENT_3D('',#1212,#1213,#1214);
#1212 = CARTESIAN_POINT('',(-880.,-42.42640688896,-1.776872559504E-08));
#1213 = DIRECTION('',(-1.,7.850462293419E-17,-7.850462293419E-17));
#1214 = DIRECTION('',(1.110223024625E-16,0.707106781187,-0.707106781187)
  );
#1215 = PCURVE('',#129,#1216);
#1216 = DEFINITIONAL_REPRESENTATION('',(#1217),#1225);
#1217 = ( BOUNDED_CURVE() B_SPLINE_CURVE(2,(#1218,#1219,#1220,#1221,
#1222,#1223,#1224),.UNSPECIFIED.,.T.,.F.) B_SPLINE_CURVE_WITH_KNOTS((1,2
    ,2,2,2,1),(-2.094395102393,0.,2.094395102393,4.188790204786,
6.28318530718,8.377580409573),.UNSPECIFIED.) CURVE() 
GEOMETRIC_REPRESENTATION_ITEM() RATIONAL_B_SPLINE_CURVE((1.,0.5,1.,0.5,
1.,0.5,1.)) REPRESENTATION_ITEM('') );
#1218 = CARTESIAN_POINT('',(175.50252529917,-232.071067794));
#1219 = CARTESIAN_POINT('',(89.770384301762,-146.3389267966));
#1220 = CARTESIAN_POINT('',(206.88266682505,-114.9587852708));
#1221 = CARTESIAN_POINT('',(323.99494934834,-83.57864374492));
#1222 = CARTESIAN_POINT('',(292.61480782246,-200.6909262682));
#1223 = CARTESIAN_POINT('',(261.23466629658,-317.8032087915));
#1224 = CARTESIAN_POINT('',(175.50252529917,-232.071067794));
#1225 = ( GEOMETRIC_REPRESENTATION_CONTEXT(2) 
PARAMETRIC_REPRESENTATION_CONTEXT() REPRESENTATION_CONTEXT('2D SPACE',''
  ) );
#1226 = PCURVE('',#301,#1227);
#1227 = DEFINITIONAL_REPRESENTATION('',(#1228),#1232);
#1228 = LINE('',#1229,#1230);
#1229 = CARTESIAN_POINT('',(-6.28318530718,-243.3333333333));
#1230 = VECTOR('',#1231,1.);
#1231 = DIRECTION('',(1.,0.));
#1232 = ( GEOMETRIC_REPRESENTATION_CONTEXT(2) 
PARAMETRIC_REPRESENTATION_CONTEXT() REPRESENTATION_CONTEXT('2D SPACE',''
  ) );
#1233 = ORIENTED_EDGE('',*,*,#1234,.T.);
#1234 = EDGE_CURVE('',#1207,#1235,#1237,.T.);
#1235 = VERTEX_POINT('',#1236);
#1236 = CARTESIAN_POINT('',(-880.,-49.49747466838,-91.92388153339));
#1237 = SURFACE_CURVE('',#1238,(#1242,#1248),.PCURVE_S1.);
#1238 = LINE('',#1239,#1240);
#1239 = CARTESIAN_POINT('',(-880.,-81.31727981868,-60.10407638308));
#1240 = VECTOR('',#1241,1.);
#1241 = DIRECTION('',(0.,0.707106781187,-0.707106781187));
#1242 = PCURVE('',#129,#1243);
#1243 = DEFINITIONAL_REPRESENTATION('',(#1244),#1247);
#1244 = B_SPLINE_CURVE_WITH_KNOTS('',1,(#1245,#1246),.UNSPECIFIED.,.F.,
  .F.,(2,2),(-15.,44.999999995627),.PIECEWISE_BEZIER_KNOTS.);
#1245 = CARTESIAN_POINT('',(175.50252533471,-133.0761184635));
#1246 = CARTESIAN_POINT('',(133.07611846661,-175.5025253316));
#1247 = ( GEOMETRIC_REPRESENTATION_CONTEXT(2) 
PARAMETRIC_REPRESENTATION_CONTEXT() REPRESENTATION_CONTEXT('2D SPACE',''
  ) );
#1248 = PCURVE('',#329,#1249);
#1249 = DEFINITIONAL_REPRESENTATION('',(#1250),#1253);
#1250 = B_SPLINE_CURVE_WITH_KNOTS('',1,(#1251,#1252),.UNSPECIFIED.,.F.,
  .F.,(2,2),(-15.,44.999999995627),.PIECEWISE_BEZIER_KNOTS.);
#1251 = CARTESIAN_POINT('',(0.,-243.3333333333));
#1252 = CARTESIAN_POINT('',(59.999999995627,-243.3333333333));
#1253 = ( GEOMETRIC_REPRESENTATION_CONTEXT(2) 
PARAMETRIC_REPRESENTATION_CONTEXT() REPRESENTATION_CONTEXT('2D SPACE',''
  ) );
#1254 = ORIENTED_EDGE('',*,*,#1255,.F.);
#1255 = EDGE_CURVE('',#1256,#1235,#1258,.T.);
#1256 = VERTEX_POINT('',#1257);
#1257 = CARTESIAN_POINT('',(-880.,-20.23282650278,-109.4385903119));
#1258 = SURFACE_CURVE('',#1259,(#1264,#1275),.PCURVE_S1.);
#1259 = CIRCLE('',#1260,70.);
#1260 = AXIS2_PLACEMENT_3D('',#1261,#1262,#1263);
#1261 = CARTESIAN_POINT('',(-880.,1.467655374314E-08,-42.42640685033));
#1262 = DIRECTION('',(-1.,7.850462293419E-17,-7.850462293419E-17));
#1263 = DIRECTION('',(1.110223024625E-16,0.707106781187,-0.707106781187)
  );
#1264 = PCURVE('',#129,#1265);
#1265 = DEFINITIONAL_REPRESENTATION('',(#1266),#1274);
#1266 = ( BOUNDED_CURVE() B_SPLINE_CURVE(2,(#1267,#1268,#1269,#1270,
#1271,#1272,#1273),.UNSPECIFIED.,.T.,.F.) B_SPLINE_CURVE_WITH_KNOTS((1,2
    ,2,2,2,1),(-2.094395102393,0.,2.094395102393,4.188790204786,
6.28318530718,8.377580409573),.UNSPECIFIED.) CURVE() 
GEOMETRIC_REPRESENTATION_ITEM() RATIONAL_B_SPLINE_CURVE((1.,0.5,1.,0.5,
1.,0.5,1.)) REPRESENTATION_ITEM('') );
#1267 = CARTESIAN_POINT('',(133.07611846661,-274.4974746977));
#1268 = CARTESIAN_POINT('',(47.343977469199,-188.7653337003));
#1269 = CARTESIAN_POINT('',(164.45625999249,-157.3851921744));
#1270 = CARTESIAN_POINT('',(281.56854251578,-126.0050506485));
#1271 = CARTESIAN_POINT('',(250.1884009899,-243.1173331718));
#1272 = CARTESIAN_POINT('',(218.80825946402,-360.2296156951));
#1273 = CARTESIAN_POINT('',(133.07611846661,-274.4974746977));
#1274 = ( GEOMETRIC_REPRESENTATION_CONTEXT(2) 
PARAMETRIC_REPRESENTATION_CONTEXT() REPRESENTATION_CONTEXT('2D SPACE',''
  ) );
#1275 = PCURVE('',#358,#1276);
#1276 = DEFINITIONAL_REPRESENTATION('',(#1277),#1281);
#1277 = LINE('',#1278,#1279);
#1278 = CARTESIAN_POINT('',(-6.28318530718,-243.3333333333));
#1279 = VECTOR('',#1280,1.);
#1280 = DIRECTION('',(1.,0.));
#1281 = ( GEOMETRIC_REPRESENTATION_CONTEXT(2) 
PARAMETRIC_REPRESENTATION_CONTEXT() REPRESENTATION_CONTEXT('2D SPACE',''
  ) );
#1282 = ORIENTED_EDGE('',*,*,#1283,.T.);
#1283 = EDGE_CURVE('',#1256,#1284,#1286,.T.);
#1284 = VERTEX_POINT('',#1285);
#1285 = CARTESIAN_POINT('',(-880.,-8.132698825,-138.09875));
#1286 = SURFACE_CURVE('',#1287,(#1293,#1302),.PCURVE_S1.);
#1287 = B_SPLINE_CURVE_WITH_KNOTS('',4,(#1288,#1289,#1290,#1291,#1292),
  .UNSPECIFIED.,.F.,.F.,(5,5),(0.,1.),.PIECEWISE_BEZIER_KNOTS.);
#1288 = CARTESIAN_POINT('',(-880.,-21.95017439258,-105.3709088352));
#1289 = CARTESIAN_POINT('',(-880.,-18.49580550068,-113.5528691264));
#1290 = CARTESIAN_POINT('',(-880.,-15.04143660879,-121.7348294176));
#1291 = CARTESIAN_POINT('',(-880.,-11.58706771689,-129.9167897088));
#1292 = CARTESIAN_POINT('',(-880.,-8.132698825,-138.09875));
#1293 = PCURVE('',#129,#1294);
#1294 = DEFINITIONAL_REPRESENTATION('',(#1295),#1301);
#1295 = B_SPLINE_CURVE_WITH_KNOTS('',4,(#1296,#1297,#1298,#1299,#1300),
  .UNSPECIFIED.,.F.,.F.,(5,5),(0.,1.),.PIECEWISE_BEZIER_KNOTS.);
#1296 = CARTESIAN_POINT('',(119.62909116477,-203.0498256074));
#1297 = CARTESIAN_POINT('',(111.44713087358,-206.5041944993));
#1298 = CARTESIAN_POINT('',(103.26517058238,-209.9585633912));
#1299 = CARTESIAN_POINT('',(95.083210291195,-213.4129322831));
#1300 = CARTESIAN_POINT('',(86.90125,-216.867301175));
#1301 = ( GEOMETRIC_REPRESENTATION_CONTEXT(2) 
PARAMETRIC_REPRESENTATION_CONTEXT() REPRESENTATION_CONTEXT('2D SPACE',''
  ) );
#1302 = PCURVE('',#384,#1303);
#1303 = DEFINITIONAL_REPRESENTATION('',(#1304),#1310);
#1304 = B_SPLINE_CURVE_WITH_KNOTS('',4,(#1305,#1306,#1307,#1308,#1309),
  .UNSPECIFIED.,.F.,.F.,(5,5),(0.,1.),.PIECEWISE_BEZIER_KNOTS.);
#1305 = CARTESIAN_POINT('',(0.8175,1.400139986144E-02));
#1306 = CARTESIAN_POINT('',(0.8175,0.260501049896));
#1307 = CARTESIAN_POINT('',(0.8175,0.507000699931));
#1308 = CARTESIAN_POINT('',(0.8175,0.753500349965));
#1309 = CARTESIAN_POINT('',(0.8175,1.));
#1310 = ( GEOMETRIC_REPRESENTATION_CONTEXT(2) 
PARAMETRIC_REPRESENTATION_CONTEXT() REPRESENTATION_CONTEXT('2D SPACE',''
  ) );
#1311 = ORIENTED_EDGE('',*,*,#1312,.T.);
#1312 = EDGE_CURVE('',#1284,#1313,#1315,.T.);
#1313 = VERTEX_POINT('',#1314);
#1314 = CARTESIAN_POINT('',(-880.,8.132698825,-138.09875));
#1315 = SURFACE_CURVE('',#1316,(#1322,#1331),.PCURVE_S1.);
#1316 = B_SPLINE_CURVE_WITH_KNOTS('',4,(#1317,#1318,#1319,#1320,#1321),
  .UNSPECIFIED.,.F.,.F.,(5,5),(0.,1.),.PIECEWISE_BEZIER_KNOTS.);
#1317 = CARTESIAN_POINT('',(-880.,-8.132698825,-138.09875));
#1318 = CARTESIAN_POINT('',(-880.,-4.0663494125,-138.09875));
#1319 = CARTESIAN_POINT('',(-880.,-8.526512829121E-14,-138.09875));
#1320 = CARTESIAN_POINT('',(-880.,4.0663494125,-138.09875));
#1321 = CARTESIAN_POINT('',(-880.,8.132698825,-138.09875));
#1322 = PCURVE('',#129,#1323);
#1323 = DEFINITIONAL_REPRESENTATION('',(#1324),#1330);
#1324 = B_SPLINE_CURVE_WITH_KNOTS('',4,(#1325,#1326,#1327,#1328,#1329),
  .UNSPECIFIED.,.F.,.F.,(5,5),(0.,1.),.PIECEWISE_BEZIER_KNOTS.);
#1325 = CARTESIAN_POINT('',(86.90125,-216.867301175));
#1326 = CARTESIAN_POINT('',(86.90125,-220.9336505875));
#1327 = CARTESIAN_POINT('',(86.90125,-225.));
#1328 = CARTESIAN_POINT('',(86.90125,-229.0663494125));
#1329 = CARTESIAN_POINT('',(86.90125,-233.132698825));
#1330 = ( GEOMETRIC_REPRESENTATION_CONTEXT(2) 
PARAMETRIC_REPRESENTATION_CONTEXT() REPRESENTATION_CONTEXT('2D SPACE',''
  ) );
#1331 = PCURVE('',#414,#1332);
#1332 = DEFINITIONAL_REPRESENTATION('',(#1333),#1339);
#1333 = B_SPLINE_CURVE_WITH_KNOTS('',4,(#1334,#1335,#1336,#1337,#1338),
  .UNSPECIFIED.,.F.,.F.,(5,5),(0.,1.),.PIECEWISE_BEZIER_KNOTS.);
#1334 = CARTESIAN_POINT('',(0.8175,0.));
#1335 = CARTESIAN_POINT('',(0.8175,0.25));
#1336 = CARTESIAN_POINT('',(0.8175,0.5));
#1337 = CARTESIAN_POINT('',(0.8175,0.75));
#1338 = CARTESIAN_POINT('',(0.8175,1.));
#1339 = ( GEOMETRIC_REPRESENTATION_CONTEXT(2) 
PARAMETRIC_REPRESENTATION_CONTEXT() REPRESENTATION_CONTEXT('2D SPACE',''
  ) );
#1340 = ORIENTED_EDGE('',*,*,#1341,.T.);
#1341 = EDGE_CURVE('',#1313,#1342,#1344,.T.);
#1342 = VERTEX_POINT('',#1343);
#1343 = CARTESIAN_POINT('',(-880.,20.232826498497,-109.4385903221));
#1344 = SURFACE_CURVE('',#1345,(#1351,#1360),.PCURVE_S1.);
#1345 = B_SPLINE_CURVE_WITH_KNOTS('',4,(#1346,#1347,#1348,#1349,#1350),
  .UNSPECIFIED.,.F.,.F.,(5,5),(0.,1.),.PIECEWISE_BEZIER_KNOTS.);
#1346 = CARTESIAN_POINT('',(-880.,8.132698825,-138.09875));
#1347 = CARTESIAN_POINT('',(-880.,11.587067714045,-129.9167897155));
#1348 = CARTESIAN_POINT('',(-880.,15.041436603089,-121.7348294311));
#1349 = CARTESIAN_POINT('',(-880.,18.495805492134,-113.5528691466));
#1350 = CARTESIAN_POINT('',(-880.,21.950174381179,-105.3709088622));
#1351 = PCURVE('',#129,#1352);
#1352 = DEFINITIONAL_REPRESENTATION('',(#1353),#1359);
#1353 = B_SPLINE_CURVE_WITH_KNOTS('',4,(#1354,#1355,#1356,#1357,#1358),
  .UNSPECIFIED.,.F.,.F.,(5,5),(0.,1.),.PIECEWISE_BEZIER_KNOTS.);
#1354 = CARTESIAN_POINT('',(86.90125,-233.132698825));
#1355 = CARTESIAN_POINT('',(95.083210284443,-236.587067714));
#1356 = CARTESIAN_POINT('',(103.26517056888,-240.041436603));
#1357 = CARTESIAN_POINT('',(111.44713085333,-243.4958054921));
#1358 = CARTESIAN_POINT('',(119.62909113777,-246.9501743811));
#1359 = ( GEOMETRIC_REPRESENTATION_CONTEXT(2) 
PARAMETRIC_REPRESENTATION_CONTEXT() REPRESENTATION_CONTEXT('2D SPACE',''
  ) );
#1360 = PCURVE('',#444,#1361);
#1361 = DEFINITIONAL_REPRESENTATION('',(#1362),#1368);
#1362 = B_SPLINE_CURVE_WITH_KNOTS('',4,(#1363,#1364,#1365,#1366,#1367),
  .UNSPECIFIED.,.F.,.F.,(5,5),(0.,1.),.PIECEWISE_BEZIER_KNOTS.);
#1363 = CARTESIAN_POINT('',(0.8175,0.));
#1364 = CARTESIAN_POINT('',(0.8175,0.246499649831));
#1365 = CARTESIAN_POINT('',(0.8175,0.492999299662));
#1366 = CARTESIAN_POINT('',(0.8175,0.739498949494));
#1367 = CARTESIAN_POINT('',(0.8175,0.985998599325));
#1368 = ( GEOMETRIC_REPRESENTATION_CONTEXT(2) 
PARAMETRIC_REPRESENTATION_CONTEXT() REPRESENTATION_CONTEXT('2D SPACE',''
  ) );
#1369 = ORIENTED_EDGE('',*,*,#1370,.F.);
#1370 = EDGE_CURVE('',#1371,#1342,#1373,.T.);
#1371 = VERTEX_POINT('',#1372);
#1372 = CARTESIAN_POINT('',(-880.,49.497474699281,-91.92388153493));
#1373 = SURFACE_CURVE('',#1374,(#1379,#1390),.PCURVE_S1.);
#1374 = CIRCLE('',#1375,70.);
#1375 = AXIS2_PLACEMENT_3D('',#1376,#1377,#1378);
#1376 = CARTESIAN_POINT('',(-880.,1.467655374314E-08,-42.42640685033));
#1377 = DIRECTION('',(-1.,7.850462293419E-17,-7.850462293419E-17));
#1378 = DIRECTION('',(1.110223024625E-16,0.707106781187,-0.707106781187)
  );
#1379 = PCURVE('',#129,#1380);
#1380 = DEFINITIONAL_REPRESENTATION('',(#1381),#1389);
#1381 = ( BOUNDED_CURVE() B_SPLINE_CURVE(2,(#1382,#1383,#1384,#1385,
#1386,#1387,#1388),.UNSPECIFIED.,.T.,.F.) B_SPLINE_CURVE_WITH_KNOTS((1,2
    ,2,2,2,1),(-2.094395102393,0.,2.094395102393,4.188790204786,
6.28318530718,8.377580409573),.UNSPECIFIED.) CURVE() 
GEOMETRIC_REPRESENTATION_ITEM() RATIONAL_B_SPLINE_CURVE((1.,0.5,1.,0.5,
1.,0.5,1.)) REPRESENTATION_ITEM('') );
#1382 = CARTESIAN_POINT('',(133.07611846661,-274.4974746977));
#1383 = CARTESIAN_POINT('',(47.343977469199,-188.7653337003));
#1384 = CARTESIAN_POINT('',(164.45625999249,-157.3851921744));
#1385 = CARTESIAN_POINT('',(281.56854251578,-126.0050506485));
#1386 = CARTESIAN_POINT('',(250.1884009899,-243.1173331718));
#1387 = CARTESIAN_POINT('',(218.80825946402,-360.2296156951));
#1388 = CARTESIAN_POINT('',(133.07611846661,-274.4974746977));
#1389 = ( GEOMETRIC_REPRESENTATION_CONTEXT(2) 
PARAMETRIC_REPRESENTATION_CONTEXT() REPRESENTATION_CONTEXT('2D SPACE',''
  ) );
#1390 = PCURVE('',#477,#1391);
#1391 = DEFINITIONAL_REPRESENTATION('',(#1392),#1396);
#1392 = LINE('',#1393,#1394);
#1393 = CARTESIAN_POINT('',(-6.28318530718,-243.3333333333));
#1394 = VECTOR('',#1395,1.);
#1395 = DIRECTION('',(1.,0.));
#1396 = ( GEOMETRIC_REPRESENTATION_CONTEXT(2) 
PARAMETRIC_REPRESENTATION_CONTEXT() REPRESENTATION_CONTEXT('2D SPACE',''
  ) );
#1397 = ORIENTED_EDGE('',*,*,#1398,.T.);
#1398 = EDGE_CURVE('',#1371,#1399,#1401,.T.);
#1399 = VERTEX_POINT('',#1400);
#1400 = CARTESIAN_POINT('',(-880.,91.923881568928,-49.49747466838));
#1401 = SURFACE_CURVE('',#1402,(#1406,#1412),.PCURVE_S1.);
#1402 = LINE('',#1403,#1404);
#1403 = CARTESIAN_POINT('',(-880.,-52.39592359025,-193.8172798275));
#1404 = VECTOR('',#1405,1.);
#1405 = DIRECTION('',(0.,0.707106781187,0.707106781187));
#1406 = PCURVE('',#129,#1407);
#1407 = DEFINITIONAL_REPRESENTATION('',(#1408),#1411);
#1408 = B_SPLINE_CURVE_WITH_KNOTS('',1,(#1409,#1410),.UNSPECIFIED.,.F.,
  .F.,(2,2),(144.09902577953,204.09902577516),.PIECEWISE_BEZIER_KNOTS.);
#1409 = CARTESIAN_POINT('',(133.07611846351,-274.4974747008));
#1410 = CARTESIAN_POINT('',(175.50252533161,-316.9238815689));
#1411 = ( GEOMETRIC_REPRESENTATION_CONTEXT(2) 
PARAMETRIC_REPRESENTATION_CONTEXT() REPRESENTATION_CONTEXT('2D SPACE',''
  ) );
#1412 = PCURVE('',#505,#1413);
#1413 = DEFINITIONAL_REPRESENTATION('',(#1414),#1417);
#1414 = B_SPLINE_CURVE_WITH_KNOTS('',1,(#1415,#1416),.UNSPECIFIED.,.F.,
  .F.,(2,2),(144.09902577953,204.09902577516),.PIECEWISE_BEZIER_KNOTS.);
#1415 = CARTESIAN_POINT('',(0.,-243.3333333333));
#1416 = CARTESIAN_POINT('',(59.999999995627,-243.3333333333));
#1417 = ( GEOMETRIC_REPRESENTATION_CONTEXT(2) 
PARAMETRIC_REPRESENTATION_CONTEXT() REPRESENTATION_CONTEXT('2D SPACE',''
  ) );
#1418 = ORIENTED_EDGE('',*,*,#1419,.F.);
#1419 = EDGE_CURVE('',#1420,#1399,#1422,.T.);
#1420 = VERTEX_POINT('',#1421);
#1421 = CARTESIAN_POINT('',(-880.,109.43859035272,-20.23282648558));
#1422 = SURFACE_CURVE('',#1423,(#1428,#1439),.PCURVE_S1.);
#1423 = CIRCLE('',#1424,70.);
#1424 = AXIS2_PLACEMENT_3D('',#1425,#1426,#1427);
#1425 = CARTESIAN_POINT('',(-880.,42.42640688587,1.46766914247E-08));
#1426 = DIRECTION('',(-1.,7.850462293419E-17,-7.850462293419E-17));
#1427 = DIRECTION('',(1.110223024625E-16,0.707106781187,-0.707106781187)
  );
#1428 = PCURVE('',#129,#1429);
#1429 = DEFINITIONAL_REPRESENTATION('',(#1430),#1438);
#1430 = ( BOUNDED_CURVE() B_SPLINE_CURVE(2,(#1431,#1432,#1433,#1434,
#1435,#1436,#1437),.UNSPECIFIED.,.T.,.F.) B_SPLINE_CURVE_WITH_KNOTS((1,2
    ,2,2,2,1),(-2.094395102393,0.,2.094395102393,4.188790204786,
6.28318530718,8.377580409573),.UNSPECIFIED.) CURVE() 
GEOMETRIC_REPRESENTATION_ITEM() RATIONAL_B_SPLINE_CURVE((1.,0.5,1.,0.5,
1.,0.5,1.)) REPRESENTATION_ITEM('') );
#1431 = CARTESIAN_POINT('',(175.50252533161,-316.9238815689));
#1432 = CARTESIAN_POINT('',(89.770384334207,-231.1917405715));
#1433 = CARTESIAN_POINT('',(206.8826668575,-199.8115990456));
#1434 = CARTESIAN_POINT('',(323.99494938079,-168.4314575197));
#1435 = CARTESIAN_POINT('',(292.61480785491,-285.543740043));
#1436 = CARTESIAN_POINT('',(261.23466632903,-402.6560225663));
#1437 = CARTESIAN_POINT('',(175.50252533161,-316.9238815689));
#1438 = ( GEOMETRIC_REPRESENTATION_CONTEXT(2) 
PARAMETRIC_REPRESENTATION_CONTEXT() REPRESENTATION_CONTEXT('2D SPACE',''
  ) );
#1439 = PCURVE('',#534,#1440);
#1440 = DEFINITIONAL_REPRESENTATION('',(#1441),#1445);
#1441 = LINE('',#1442,#1443);
#1442 = CARTESIAN_POINT('',(-6.28318530718,-243.3333333333));
#1443 = VECTOR('',#1444,1.);
#1444 = DIRECTION('',(1.,0.));
#1445 = ( GEOMETRIC_REPRESENTATION_CONTEXT(2) 
PARAMETRIC_REPRESENTATION_CONTEXT() REPRESENTATION_CONTEXT('2D SPACE',''
  ) );
#1446 = ORIENTED_EDGE('',*,*,#1447,.T.);
#1447 = EDGE_CURVE('',#1420,#1448,#1450,.T.);
#1448 = VERTEX_POINT('',#1449);
#1449 = CARTESIAN_POINT('',(-880.,138.09875,-8.132698825));
#1450 = SURFACE_CURVE('',#1451,(#1457,#1466),.PCURVE_S1.);
#1451 = B_SPLINE_CURVE_WITH_KNOTS('',4,(#1452,#1453,#1454,#1455,#1456),
  .UNSPECIFIED.,.F.,.F.,(5,5),(0.,1.),.PIECEWISE_BEZIER_KNOTS.);
#1452 = CARTESIAN_POINT('',(-880.,105.37090887627,-21.95017437524));
#1453 = CARTESIAN_POINT('',(-880.,113.5528691572,-18.49580548768));
#1454 = CARTESIAN_POINT('',(-880.,121.73482943813,-15.04143660012));
#1455 = CARTESIAN_POINT('',(-880.,129.91678971906,-11.58706771256));
#1456 = CARTESIAN_POINT('',(-880.,138.09875,-8.132698825));
#1457 = PCURVE('',#129,#1458);
#1458 = DEFINITIONAL_REPRESENTATION('',(#1459),#1465);
#1459 = B_SPLINE_CURVE_WITH_KNOTS('',4,(#1460,#1461,#1462,#1463,#1464),
  .UNSPECIFIED.,.F.,.F.,(5,5),(0.,1.),.PIECEWISE_BEZIER_KNOTS.);
#1460 = CARTESIAN_POINT('',(203.04982562475,-330.3709088762));
#1461 = CARTESIAN_POINT('',(206.50419451231,-338.5528691572));
#1462 = CARTESIAN_POINT('',(209.95856339987,-346.7348294381));
#1463 = CARTESIAN_POINT('',(213.41293228743,-354.916789719));
#1464 = CARTESIAN_POINT('',(216.867301175,-363.09875));
#1465 = ( GEOMETRIC_REPRESENTATION_CONTEXT(2) 
PARAMETRIC_REPRESENTATION_CONTEXT() REPRESENTATION_CONTEXT('2D SPACE',''
  ) );
#1466 = PCURVE('',#560,#1467);
#1467 = DEFINITIONAL_REPRESENTATION('',(#1468),#1474);
#1468 = B_SPLINE_CURVE_WITH_KNOTS('',4,(#1469,#1470,#1471,#1472,#1473),
  .UNSPECIFIED.,.F.,.F.,(5,5),(0.,1.),.PIECEWISE_BEZIER_KNOTS.);
#1469 = CARTESIAN_POINT('',(0.8175,1.400140109829E-02));
#1470 = CARTESIAN_POINT('',(0.8175,0.260501050824));
#1471 = CARTESIAN_POINT('',(0.8175,0.507000700549));
#1472 = CARTESIAN_POINT('',(0.8175,0.753500350275));
#1473 = CARTESIAN_POINT('',(0.8175,1.));
#1474 = ( GEOMETRIC_REPRESENTATION_CONTEXT(2) 
PARAMETRIC_REPRESENTATION_CONTEXT() REPRESENTATION_CONTEXT('2D SPACE',''
  ) );
#1475 = ORIENTED_EDGE('',*,*,#1476,.T.);
#1476 = EDGE_CURVE('',#1448,#1477,#1479,.T.);
#1477 = VERTEX_POINT('',#1478);
#1478 = CARTESIAN_POINT('',(-880.,138.09875,8.132698825));
#1479 = SURFACE_CURVE('',#1480,(#1486,#1495),.PCURVE_S1.);
#1480 = B_SPLINE_CURVE_WITH_KNOTS('',4,(#1481,#1482,#1483,#1484,#1485),
  .UNSPECIFIED.,.F.,.F.,(5,5),(0.,1.),.PIECEWISE_BEZIER_KNOTS.);
#1481 = CARTESIAN_POINT('',(-880.,138.09875,-8.132698825));
#1482 = CARTESIAN_POINT('',(-880.,138.09875,-4.0663494125));
#1483 = CARTESIAN_POINT('',(-880.,138.09875,5.684341886081E-14));
#1484 = CARTESIAN_POINT('',(-880.,138.09875,4.0663494125));
#1485 = CARTESIAN_POINT('',(-880.,138.09875,8.132698825));
#1486 = PCURVE('',#129,#1487);
#1487 = DEFINITIONAL_REPRESENTATION('',(#1488),#1494);
#1488 = B_SPLINE_CURVE_WITH_KNOTS('',4,(#1489,#1490,#1491,#1492,#1493),
  .UNSPECIFIED.,.F.,.F.,(5,5),(0.,1.),.PIECEWISE_BEZIER_KNOTS.);
#1489 = CARTESIAN_POINT('',(216.867301175,-363.09875));
#1490 = CARTESIAN_POINT('',(220.9336505875,-363.09875));
#1491 = CARTESIAN_POINT('',(225.,-363.09875));
#1492 = CARTESIAN_POINT('',(229.0663494125,-363.09875));
#1493 = CARTESIAN_POINT('',(233.132698825,-363.09875));
#1494 = ( GEOMETRIC_REPRESENTATION_CONTEXT(2) 
PARAMETRIC_REPRESENTATION_CONTEXT() REPRESENTATION_CONTEXT('2D SPACE',''
  ) );
#1495 = PCURVE('',#590,#1496);
#1496 = DEFINITIONAL_REPRESENTATION('',(#1497),#1503);
#1497 = B_SPLINE_CURVE_WITH_KNOTS('',4,(#1498,#1499,#1500,#1501,#1502),
  .UNSPECIFIED.,.F.,.F.,(5,5),(0.,1.),.PIECEWISE_BEZIER_KNOTS.);
#1498 = CARTESIAN_POINT('',(0.8175,0.));
#1499 = CARTESIAN_POINT('',(0.8175,0.25));
#1500 = CARTESIAN_POINT('',(0.8175,0.5));
#1501 = CARTESIAN_POINT('',(0.8175,0.75));
#1502 = CARTESIAN_POINT('',(0.8175,1.));
#1503 = ( GEOMETRIC_REPRESENTATION_CONTEXT(2) 
PARAMETRIC_REPRESENTATION_CONTEXT() REPRESENTATION_CONTEXT('2D SPACE',''
  ) );
#1504 = ORIENTED_EDGE('',*,*,#1505,.T.);
#1505 = EDGE_CURVE('',#1477,#1506,#1508,.T.);
#1506 = VERTEX_POINT('',#1507);
#1507 = CARTESIAN_POINT('',(-880.,109.43859036288,20.232826481302));
#1508 = SURFACE_CURVE('',#1509,(#1515,#1524),.PCURVE_S1.);
#1509 = B_SPLINE_CURVE_WITH_KNOTS('',4,(#1510,#1511,#1512,#1513,#1514),
  .UNSPECIFIED.,.F.,.F.,(5,5),(0.,1.),.PIECEWISE_BEZIER_KNOTS.);
#1510 = CARTESIAN_POINT('',(-880.,138.09875,8.132698825));
#1511 = CARTESIAN_POINT('',(-880.,129.91678972582,11.587067709711));
#1512 = CARTESIAN_POINT('',(-880.,121.73482945164,15.041436594423));
#1513 = CARTESIAN_POINT('',(-880.,113.55286917746,18.495805479134));
#1514 = CARTESIAN_POINT('',(-880.,105.37090890328,21.950174363846));
#1515 = PCURVE('',#129,#1516);
#1516 = DEFINITIONAL_REPRESENTATION('',(#1517),#1523);
#1517 = B_SPLINE_CURVE_WITH_KNOTS('',4,(#1518,#1519,#1520,#1521,#1522),
  .UNSPECIFIED.,.F.,.F.,(5,5),(0.,1.),.PIECEWISE_BEZIER_KNOTS.);
#1518 = CARTESIAN_POINT('',(233.132698825,-363.09875));
#1519 = CARTESIAN_POINT('',(236.58706770971,-354.9167897258));
#1520 = CARTESIAN_POINT('',(240.04143659442,-346.7348294516));
#1521 = CARTESIAN_POINT('',(243.49580547913,-338.5528691774));
#1522 = CARTESIAN_POINT('',(246.95017436384,-330.3709089032));
#1523 = ( GEOMETRIC_REPRESENTATION_CONTEXT(2) 
PARAMETRIC_REPRESENTATION_CONTEXT() REPRESENTATION_CONTEXT('2D SPACE',''
  ) );
#1524 = PCURVE('',#620,#1525);
#1525 = DEFINITIONAL_REPRESENTATION('',(#1526),#1532);
#1526 = B_SPLINE_CURVE_WITH_KNOTS('',4,(#1527,#1528,#1529,#1530,#1531),
  .UNSPECIFIED.,.F.,.F.,(5,5),(0.,1.),.PIECEWISE_BEZIER_KNOTS.);
#1527 = CARTESIAN_POINT('',(0.8175,0.));
#1528 = CARTESIAN_POINT('',(0.8175,0.246499649522));
#1529 = CARTESIAN_POINT('',(0.8175,0.492999299044));
#1530 = CARTESIAN_POINT('',(0.8175,0.739498948566));
#1531 = CARTESIAN_POINT('',(0.8175,0.985998598088));
#1532 = ( GEOMETRIC_REPRESENTATION_CONTEXT(2) 
PARAMETRIC_REPRESENTATION_CONTEXT() REPRESENTATION_CONTEXT('2D SPACE',''
  ) );
#1533 = ORIENTED_EDGE('',*,*,#1534,.F.);
#1534 = EDGE_CURVE('',#1535,#1506,#1537,.T.);
#1535 = VERTEX_POINT('',#1536);
#1536 = CARTESIAN_POINT('',(-880.,91.923881570474,49.497474699281));
#1537 = SURFACE_CURVE('',#1538,(#1543,#1554),.PCURVE_S1.);
#1538 = CIRCLE('',#1539,70.);
#1539 = AXIS2_PLACEMENT_3D('',#1540,#1541,#1542);
#1540 = CARTESIAN_POINT('',(-880.,42.42640688587,1.46766914247E-08));
#1541 = DIRECTION('',(-1.,7.850462293419E-17,-7.850462293419E-17));
#1542 = DIRECTION('',(1.110223024625E-16,0.707106781187,-0.707106781187)
  );
#1543 = PCURVE('',#129,#1544);
#1544 = DEFINITIONAL_REPRESENTATION('',(#1545),#1553);
#1545 = ( BOUNDED_CURVE() B_SPLINE_CURVE(2,(#1546,#1547,#1548,#1549,
#1550,#1551,#1552),.UNSPECIFIED.,.T.,.F.) B_SPLINE_CURVE_WITH_KNOTS((1,2
    ,2,2,2,1),(-2.094395102393,0.,2.094395102393,4.188790204786,
6.28318530718,8.377580409573),.UNSPECIFIED.) CURVE() 
GEOMETRIC_REPRESENTATION_ITEM() RATIONAL_B_SPLINE_CURVE((1.,0.5,1.,0.5,
1.,0.5,1.)) REPRESENTATION_ITEM('') );
#1546 = CARTESIAN_POINT('',(175.50252533161,-316.9238815689));
#1547 = CARTESIAN_POINT('',(89.770384334207,-231.1917405715));
#1548 = CARTESIAN_POINT('',(206.8826668575,-199.8115990456));
#1549 = CARTESIAN_POINT('',(323.99494938079,-168.4314575197));
#1550 = CARTESIAN_POINT('',(292.61480785491,-285.543740043));
#1551 = CARTESIAN_POINT('',(261.23466632903,-402.6560225663));
#1552 = CARTESIAN_POINT('',(175.50252533161,-316.9238815689));
#1553 = ( GEOMETRIC_REPRESENTATION_CONTEXT(2) 
PARAMETRIC_REPRESENTATION_CONTEXT() REPRESENTATION_CONTEXT('2D SPACE',''
  ) );
#1554 = PCURVE('',#653,#1555);
#1555 = DEFINITIONAL_REPRESENTATION('',(#1556),#1560);
#1556 = LINE('',#1557,#1558);
#1557 = CARTESIAN_POINT('',(-6.28318530718,-243.3333333333));
#1558 = VECTOR('',#1559,1.);
#1559 = DIRECTION('',(1.,0.));
#1560 = ( GEOMETRIC_REPRESENTATION_CONTEXT(2) 
PARAMETRIC_REPRESENTATION_CONTEXT() REPRESENTATION_CONTEXT('2D SPACE',''
  ) );
#1561 = ORIENTED_EDGE('',*,*,#1562,.F.);
#1562 = EDGE_CURVE('',#1563,#1535,#1565,.T.);
#1563 = VERTEX_POINT('',#1564);
#1564 = CARTESIAN_POINT('',(-880.,49.497474699281,91.923881570474));
#1565 = SURFACE_CURVE('',#1566,(#1570,#1576),.PCURVE_S1.);
#1566 = LINE('',#1567,#1568);
#1567 = CARTESIAN_POINT('',(-880.,60.104076418625,81.317279854222));
#1568 = VECTOR('',#1569,1.);
#1569 = DIRECTION('',(0.,0.707106781187,-0.707106781187));
#1570 = PCURVE('',#129,#1571);
#1571 = DEFINITIONAL_REPRESENTATION('',(#1572),#1575);
#1572 = B_SPLINE_CURVE_WITH_KNOTS('',1,(#1573,#1574),.UNSPECIFIED.,.F.,
  .F.,(2,2),(-15.,45.),.PIECEWISE_BEZIER_KNOTS.);
#1573 = CARTESIAN_POINT('',(316.92388157202,-274.4974747008));
#1574 = CARTESIAN_POINT('',(274.49747470082,-316.923881572));
#1575 = ( GEOMETRIC_REPRESENTATION_CONTEXT(2) 
PARAMETRIC_REPRESENTATION_CONTEXT() REPRESENTATION_CONTEXT('2D SPACE',''
  ) );
#1576 = PCURVE('',#681,#1577);
#1577 = DEFINITIONAL_REPRESENTATION('',(#1578),#1581);
#1578 = B_SPLINE_CURVE_WITH_KNOTS('',1,(#1579,#1580),.UNSPECIFIED.,.F.,
  .F.,(2,2),(-15.,45.),.PIECEWISE_BEZIER_KNOTS.);
#1579 = CARTESIAN_POINT('',(0.,-243.3333333333));
#1580 = CARTESIAN_POINT('',(60.,-243.3333333333));
#1581 = ( GEOMETRIC_REPRESENTATION_CONTEXT(2) 
PARAMETRIC_REPRESENTATION_CONTEXT() REPRESENTATION_CONTEXT('2D SPACE',''
  ) );
#1582 = ORIENTED_EDGE('',*,*,#1583,.F.);
#1583 = EDGE_CURVE('',#1584,#1563,#1586,.T.);
#1584 = VERTEX_POINT('',#1585);
#1585 = CARTESIAN_POINT('',(-880.,27.522779949655,106.78863636398));
#1586 = SURFACE_CURVE('',#1587,(#1592,#1603),.PCURVE_S1.);
#1587 = CIRCLE('',#1588,70.);
#1588 = AXIS2_PLACEMENT_3D('',#1589,#1590,#1591);
#1589 = CARTESIAN_POINT('',(-880.,1.467659282299E-08,42.426406885869));
#1590 = DIRECTION('',(-1.,7.850462293419E-17,-7.850462293419E-17));
#1591 = DIRECTION('',(1.110223024625E-16,0.707106781187,-0.707106781187)
  );
#1592 = PCURVE('',#129,#1593);
#1593 = DEFINITIONAL_REPRESENTATION('',(#1594),#1602);
#1594 = ( BOUNDED_CURVE() B_SPLINE_CURVE(2,(#1595,#1596,#1597,#1598,
#1599,#1600,#1601),.UNSPECIFIED.,.T.,.F.) B_SPLINE_CURVE_WITH_KNOTS((1,2
    ,2,2,2,1),(-2.094395102393,0.,2.094395102393,4.188790204786,
6.28318530718,8.377580409573),.UNSPECIFIED.) CURVE() 
GEOMETRIC_REPRESENTATION_ITEM() RATIONAL_B_SPLINE_CURVE((1.,0.5,1.,0.5,
1.,0.5,1.)) REPRESENTATION_ITEM('') );
#1595 = CARTESIAN_POINT('',(217.92893220281,-274.4974746977));
#1596 = CARTESIAN_POINT('',(132.1967912054,-188.7653337003));
#1597 = CARTESIAN_POINT('',(249.30907372869,-157.3851921744));
#1598 = CARTESIAN_POINT('',(366.42135625198,-126.0050506485));
#1599 = CARTESIAN_POINT('',(335.0412147261,-243.1173331718));
#1600 = CARTESIAN_POINT('',(303.66107320022,-360.2296156951));
#1601 = CARTESIAN_POINT('',(217.92893220281,-274.4974746977));
#1602 = ( GEOMETRIC_REPRESENTATION_CONTEXT(2) 
PARAMETRIC_REPRESENTATION_CONTEXT() REPRESENTATION_CONTEXT('2D SPACE',''
  ) );
#1603 = PCURVE('',#710,#1604);
#1604 = DEFINITIONAL_REPRESENTATION('',(#1605),#1609);
#1605 = LINE('',#1606,#1607);
#1606 = CARTESIAN_POINT('',(-6.28318530718,-243.3333333333));
#1607 = VECTOR('',#1608,1.);
#1608 = DIRECTION('',(1.,0.));
#1609 = ( GEOMETRIC_REPRESENTATION_CONTEXT(2) 
PARAMETRIC_REPRESENTATION_CONTEXT() REPRESENTATION_CONTEXT('2D SPACE',''
  ) );
#1610 = ORIENTED_EDGE('',*,*,#1611,.T.);
#1611 = EDGE_CURVE('',#1584,#1612,#1614,.T.);
#1612 = VERTEX_POINT('',#1613);
#1613 = CARTESIAN_POINT('',(-880.,10.967891311767,139.39983844911));
#1614 = SURFACE_CURVE('',#1615,(#1621,#1630),.PCURVE_S1.);
#1615 = B_SPLINE_CURVE_WITH_KNOTS('',4,(#1616,#1617,#1618,#1619,#1620),
  .UNSPECIFIED.,.F.,.F.,(5,5),(0.,1.),.PIECEWISE_BEZIER_KNOTS.);
#1616 = CARTESIAN_POINT('',(-880.,29.755137192412,102.3911526807));
#1617 = CARTESIAN_POINT('',(-880.,25.058325722251,111.6433241228));
#1618 = CARTESIAN_POINT('',(-880.,20.361514252089,120.8954955649));
#1619 = CARTESIAN_POINT('',(-880.,15.664702781928,130.147667007));
#1620 = CARTESIAN_POINT('',(-880.,10.967891311767,139.39983844911));
#1621 = PCURVE('',#129,#1622);
#1622 = DEFINITIONAL_REPRESENTATION('',(#1623),#1629);
#1623 = B_SPLINE_CURVE_WITH_KNOTS('',4,(#1624,#1625,#1626,#1627,#1628),
  .UNSPECIFIED.,.F.,.F.,(5,5),(0.,1.),.PIECEWISE_BEZIER_KNOTS.);
#1624 = CARTESIAN_POINT('',(327.3911526807,-254.7551371924));
#1625 = CARTESIAN_POINT('',(336.6433241228,-250.0583257222));
#1626 = CARTESIAN_POINT('',(345.8954955649,-245.361514252));
#1627 = CARTESIAN_POINT('',(355.147667007,-240.6647027819));
#1628 = CARTESIAN_POINT('',(364.39983844911,-235.9678913117));
#1629 = ( GEOMETRIC_REPRESENTATION_CONTEXT(2) 
PARAMETRIC_REPRESENTATION_CONTEXT() REPRESENTATION_CONTEXT('2D SPACE',''
  ) );
#1630 = PCURVE('',#742,#1631);
#1631 = DEFINITIONAL_REPRESENTATION('',(#1632),#1638);
#1632 = B_SPLINE_CURVE_WITH_KNOTS('',4,(#1633,#1634,#1635,#1636,#1637),
  .UNSPECIFIED.,.F.,.F.,(5,5),(0.,1.),.PIECEWISE_BEZIER_KNOTS.);
#1633 = CARTESIAN_POINT('',(0.70436187399,1.40014019119E-02));
#1634 = CARTESIAN_POINT('',(0.70436187399,0.260501051434));
#1635 = CARTESIAN_POINT('',(0.70436187399,0.507000700956));
#1636 = CARTESIAN_POINT('',(0.70436187399,0.753500350478));
#1637 = CARTESIAN_POINT('',(0.70436187399,1.));
#1638 = ( GEOMETRIC_REPRESENTATION_CONTEXT(2) 
PARAMETRIC_REPRESENTATION_CONTEXT() REPRESENTATION_CONTEXT('2D SPACE',''
  ) );
#1639 = ORIENTED_EDGE('',*,*,#1640,.T.);
#1640 = EDGE_CURVE('',#1612,#1641,#1643,.T.);
#1641 = VERTEX_POINT('',#1642);
#1642 = CARTESIAN_POINT('',(-880.,-10.96789131176,139.39983844911));
#1643 = SURFACE_CURVE('',#1644,(#1650,#1659),.PCURVE_S1.);
#1644 = B_SPLINE_CURVE_WITH_KNOTS('',4,(#1645,#1646,#1647,#1648,#1649),
  .UNSPECIFIED.,.F.,.F.,(5,5),(0.,1.),.PIECEWISE_BEZIER_KNOTS.);
#1645 = CARTESIAN_POINT('',(-880.,10.967891311767,139.39983844911));
#1646 = CARTESIAN_POINT('',(-880.,5.483945655883,139.39983844911));
#1647 = CARTESIAN_POINT('',(-880.,0.,139.39983844911));
#1648 = CARTESIAN_POINT('',(-880.,-5.483945655883,139.39983844911));
#1649 = CARTESIAN_POINT('',(-880.,-10.96789131176,139.39983844911));
#1650 = PCURVE('',#129,#1651);
#1651 = DEFINITIONAL_REPRESENTATION('',(#1652),#1658);
#1652 = B_SPLINE_CURVE_WITH_KNOTS('',4,(#1653,#1654,#1655,#1656,#1657),
  .UNSPECIFIED.,.F.,.F.,(5,5),(0.,1.),.PIECEWISE_BEZIER_KNOTS.);
#1653 = CARTESIAN_POINT('',(364.39983844911,-235.9678913117));
#1654 = CARTESIAN_POINT('',(364.39983844911,-230.4839456558));
#1655 = CARTESIAN_POINT('',(364.39983844911,-225.));
#1656 = CARTESIAN_POINT('',(364.39983844911,-219.5160543441));
#1657 = CARTESIAN_POINT('',(364.39983844911,-214.0321086882));
#1658 = ( GEOMETRIC_REPRESENTATION_CONTEXT(2) 
PARAMETRIC_REPRESENTATION_CONTEXT() REPRESENTATION_CONTEXT('2D SPACE',''
  ) );
#1659 = PCURVE('',#780,#1660);
#1660 = DEFINITIONAL_REPRESENTATION('',(#1661),#1667);
#1661 = B_SPLINE_CURVE_WITH_KNOTS('',4,(#1662,#1663,#1664,#1665,#1666),
  .UNSPECIFIED.,.F.,.F.,(5,5),(0.,1.),.PIECEWISE_BEZIER_KNOTS.);
#1662 = CARTESIAN_POINT('',(0.70436187399,0.));
#1663 = CARTESIAN_POINT('',(0.70436187399,0.25));
#1664 = CARTESIAN_POINT('',(0.70436187399,0.5));
#1665 = CARTESIAN_POINT('',(0.70436187399,0.75));
#1666 = CARTESIAN_POINT('',(0.70436187399,1.));
#1667 = ( GEOMETRIC_REPRESENTATION_CONTEXT(2) 
PARAMETRIC_REPRESENTATION_CONTEXT() REPRESENTATION_CONTEXT('2D SPACE',''
  ) );
#1668 = ORIENTED_EDGE('',*,*,#1669,.T.);
#1669 = EDGE_CURVE('',#1641,#893,#1670,.T.);
#1670 = SURFACE_CURVE('',#1671,(#1677,#1686),.PCURVE_S1.);
#1671 = B_SPLINE_CURVE_WITH_KNOTS('',4,(#1672,#1673,#1674,#1675,#1676),
  .UNSPECIFIED.,.F.,.F.,(5,5),(0.,1.),.PIECEWISE_BEZIER_KNOTS.);
#1672 = CARTESIAN_POINT('',(-880.,-10.96789131176,139.39983844911));
#1673 = CARTESIAN_POINT('',(-880.,-15.6647027858,130.14766699937));
#1674 = CARTESIAN_POINT('',(-880.,-20.36151425984,120.89549554963));
#1675 = CARTESIAN_POINT('',(-880.,-25.05832573387,111.6433240999));
#1676 = CARTESIAN_POINT('',(-880.,-29.75513720791,102.39115265016));
#1677 = PCURVE('',#129,#1678);
#1678 = DEFINITIONAL_REPRESENTATION('',(#1679),#1685);
#1679 = B_SPLINE_CURVE_WITH_KNOTS('',4,(#1680,#1681,#1682,#1683,#1684),
  .UNSPECIFIED.,.F.,.F.,(5,5),(0.,1.),.PIECEWISE_BEZIER_KNOTS.);
#1680 = CARTESIAN_POINT('',(364.39983844911,-214.0321086882));
#1681 = CARTESIAN_POINT('',(355.14766699937,-209.3352972141));
#1682 = CARTESIAN_POINT('',(345.89549554963,-204.6384857401));
#1683 = CARTESIAN_POINT('',(336.6433240999,-199.9416742661));
#1684 = CARTESIAN_POINT('',(327.39115265016,-195.244862792));
#1685 = ( GEOMETRIC_REPRESENTATION_CONTEXT(2) 
PARAMETRIC_REPRESENTATION_CONTEXT() REPRESENTATION_CONTEXT('2D SPACE',''
  ) );
#1686 = PCURVE('',#818,#1687);
#1687 = DEFINITIONAL_REPRESENTATION('',(#1688),#1694);
#1688 = B_SPLINE_CURVE_WITH_KNOTS('',4,(#1689,#1690,#1691,#1692,#1693),
  .UNSPECIFIED.,.F.,.F.,(5,5),(0.,1.),.PIECEWISE_BEZIER_KNOTS.);
#1689 = CARTESIAN_POINT('',(0.70436187399,0.));
#1690 = CARTESIAN_POINT('',(0.70436187399,0.246499649725));
#1691 = CARTESIAN_POINT('',(0.70436187399,0.492999299451));
#1692 = CARTESIAN_POINT('',(0.70436187399,0.739498949176));
#1693 = CARTESIAN_POINT('',(0.70436187399,0.985998598902));
#1694 = ( GEOMETRIC_REPRESENTATION_CONTEXT(2) 
PARAMETRIC_REPRESENTATION_CONTEXT() REPRESENTATION_CONTEXT('2D SPACE',''
  ) );
#1695 = ORIENTED_EDGE('',*,*,#892,.F.);
#1696 = ADVANCED_FACE('',(#1697),#102,.T.);
#1697 = FACE_BOUND('',#1698,.F.);
#1698 = EDGE_LOOP('',(#1699,#1700,#1701,#1702));
#1699 = ORIENTED_EDGE('',*,*,#170,.F.);
#1700 = ORIENTED_EDGE('',*,*,#86,.T.);
#1701 = ORIENTED_EDGE('',*,*,#1091,.F.);
#1702 = ORIENTED_EDGE('',*,*,#1703,.F.);
#1703 = EDGE_CURVE('',#171,#1092,#1704,.T.);
#1704 = SURFACE_CURVE('',#1705,(#1764,#1826),.PCURVE_S1.);
#1705 = B_SPLINE_CURVE_WITH_KNOTS('',8,(#1706,#1707,#1708,#1709,#1710,
    #1711,#1712,#1713,#1714,#1715,#1716,#1717,#1718,#1719,#1720,#1721,
    #1722,#1723,#1724,#1725,#1726,#1727,#1728,#1729,#1730,#1731,#1732,
    #1733,#1734,#1735,#1736,#1737,#1738,#1739,#1740,#1741,#1742,#1743,
    #1744,#1745,#1746,#1747,#1748,#1749,#1750,#1751,#1752,#1753,#1754,
    #1755,#1756,#1757,#1758,#1759,#1760,#1761,#1762,#1763),
  .UNSPECIFIED.,.F.,.F.,(9,7,7,7,7,7,7,7,9),(0.,7.708615142678E-02,
    0.167225013871,0.34565933624,0.524642091672,0.702605173041,
    0.881542385111,0.961510610742,1.),.UNSPECIFIED.);
#1706 = CARTESIAN_POINT('',(-1.123333333333E+03,-112.3143103063,
    3.95991865899));
#1707 = CARTESIAN_POINT('',(-1.110504362823E+03,-112.251698939,
    5.064935592054));
#1708 = CARTESIAN_POINT('',(-1.097673446679E+03,-112.1716913831,
    6.123444152264));
#1709 = CARTESIAN_POINT('',(-1.08484092983E+03,-112.0768097166,
    7.14169988875));
#1710 = CARTESIAN_POINT('',(-1.072007074176E+03,-111.9688616992,
    8.124340196145));
#1711 = CARTESIAN_POINT('',(-1.059172081921E+03,-111.8492570899,
    9.075019694045));
#1712 = CARTESIAN_POINT('',(-1.046336106675E+03,-111.7191468533,
    9.99671338945));
#1713 = CARTESIAN_POINT('',(-1.033499258659E+03,-111.5794796707,
    10.891857978385));
#1714 = CARTESIAN_POINT('',(-1.005650210832E+03,-111.2575310434,
    12.78056815756));
#1715 = CARTESIAN_POINT('',(-990.6377490875,-111.0720383621,
    13.765131233228));
#1716 = CARTESIAN_POINT('',(-975.6243682908,-110.8758914549,
    14.719457800139));
#1717 = CARTESIAN_POINT('',(-960.6101817417,-110.6701293531,
    15.646068939654));
#1718 = CARTESIAN_POINT('',(-945.5952798397,-110.4556342019,
    16.546987924502));
#1719 = CARTESIAN_POINT('',(-930.57973386,-110.2331836159,
    17.423874159039));
#1720 = CARTESIAN_POINT('',(-915.5635980416,-110.003477121,
    18.278096726523));
#1721 = CARTESIAN_POINT('',(-870.8206401392,-109.2993640349,
    20.75918091062));
#1722 = CARTESIAN_POINT('',(-841.0922535693,-108.8056694343,
    22.323237045441));
#1723 = CARTESIAN_POINT('',(-811.3620722621,-108.2910935764,
    23.811846599063));
#1724 = CARTESIAN_POINT('',(-781.6303175112,-107.7598323894,
    25.230415872419));
#1725 = CARTESIAN_POINT('',(-751.8971475443,-107.2158890278,
    26.582602924937));
#1726 = CARTESIAN_POINT('',(-722.1626668687,-106.6632074297,
    27.870759166891));
#1727 = CARTESIAN_POINT('',(-692.4269358764,-106.1058170999,
    29.096370512514));
#1728 = CARTESIAN_POINT('',(-632.8616178622,-104.9881365341,
    31.427795068301));
#1729 = CARTESIAN_POINT('',(-603.032052801,-104.427843185,
    32.533227867748));
#1730 = CARTESIAN_POINT('',(-573.2013279568,-103.8711107292,
    33.57745702129));
#1731 = CARTESIAN_POINT('',(-543.3694819349,-103.3221856033,
    34.560725537391));
#1732 = CARTESIAN_POINT('',(-513.5365492072,-102.7854272564,
    35.482912212874));
#1733 = CARTESIAN_POINT('',(-483.7025642349,-102.2652261888,
    36.343745748085));
#1734 = CARTESIAN_POINT('',(-453.8675664499,-101.765821329,
    37.143016766753));
#1735 = CARTESIAN_POINT('',(-394.3656242193,-100.8189257979,
    38.614437582516));
#1736 = CARTESIAN_POINT('',(-364.6986839523,-100.3711557739,
    39.287285425593));
#1737 = CARTESIAN_POINT('',(-335.030856995,-99.95145570093,
    39.899472542728));
#1738 = CARTESIAN_POINT('',(-305.3622169875,-99.56315556383,
    40.45139704278));
#1739 = CARTESIAN_POINT('',(-275.6928438533,-99.2089132203,
    40.94398349961));
#1740 = CARTESIAN_POINT('',(-246.022827871,-98.89039826983,
    41.378901332769));
#1741 = CARTESIAN_POINT('',(-216.3522722419,-98.60808617371,
    41.758679918969));
#1742 = CARTESIAN_POINT('',(-156.847899729,-98.11322631684,
    42.416369797954));
#1743 = CARTESIAN_POINT('',(-127.0140663652,-97.90106860332,
    42.693712474043));
#1744 = CARTESIAN_POINT('',(-97.17989836273,-97.72419990236,
    42.922019547207));
#1745 = CARTESIAN_POINT('',(-67.34548748184,-97.58081167295,
    43.105456576871));
#1746 = CARTESIAN_POINT('',(-37.51091097223,-97.46798223307,
    43.248930436796));
#1747 = CARTESIAN_POINT('',(-7.676230420065,-97.3819741616,
    43.35786093904));
#1748 = CARTESIAN_POINT('',(22.158509713549,-97.31859266041,
    43.437923850511));
#1749 = CARTESIAN_POINT('',(65.326640889683,-97.25321075794,
    43.520370313961));
#1750 = CARTESIAN_POINT('',(78.660005755481,-97.23665029147,
    43.541225397684));
#1751 = CARTESIAN_POINT('',(91.993375538986,-97.22332761561,
    43.557987163791));
#1752 = CARTESIAN_POINT('',(105.32674855552,-97.21283831745,
    43.57117585522));
#1753 = CARTESIAN_POINT('',(118.66012352142,-97.20477258421,
    43.581313295233));
#1754 = CARTESIAN_POINT('',(131.99349955621,-97.19871793914,
    43.58892109545));
#1755 = CARTESIAN_POINT('',(145.32687618481,-97.1942619774,
    43.59451886389));
#1756 = CARTESIAN_POINT('',(165.07772152026,-97.18942272693,
    43.600597486208));
#1757 = CARTESIAN_POINT('',(171.49518978388,-97.18812577856,
    43.602226438748));
#1758 = CARTESIAN_POINT('',(177.91265810405,-97.18705846963,
    43.603566860697));
#1759 = CARTESIAN_POINT('',(184.33012645961,-97.18617513949,
    43.604676160762));
#1760 = CARTESIAN_POINT('',(190.74759483477,-97.18543025408,
    43.605611566287));
#1761 = CARTESIAN_POINT('',(197.16506321908,-97.18477840593,
    43.606430123255));
#1762 = CARTESIAN_POINT('',(203.58253160741,-97.18417431413,
    43.607188696285));
#1763 = CARTESIAN_POINT('',(210.,-97.18357282437,43.607943968634));
#1764 = PCURVE('',#102,#1765);
#1765 = DEFINITIONAL_REPRESENTATION('',(#1766),#1825);
#1766 = B_SPLINE_CURVE_WITH_KNOTS('',8,(#1767,#1768,#1769,#1770,#1771,
    #1772,#1773,#1774,#1775,#1776,#1777,#1778,#1779,#1780,#1781,#1782,
    #1783,#1784,#1785,#1786,#1787,#1788,#1789,#1790,#1791,#1792,#1793,
    #1794,#1795,#1796,#1797,#1798,#1799,#1800,#1801,#1802,#1803,#1804,
    #1805,#1806,#1807,#1808,#1809,#1810,#1811,#1812,#1813,#1814,#1815,
    #1816,#1817,#1818,#1819,#1820,#1821,#1822,#1823,#1824),
  .UNSPECIFIED.,.F.,.F.,(9,7,7,7,7,7,7,7,9),(0.,7.708615142678E-02,
    0.167225013871,0.34565933624,0.524642091672,0.702605173041,
    0.881542385111,0.961510610742,1.),.UNSPECIFIED.);
#1767 = CARTESIAN_POINT('',(-3.870390333994,0.));
#1768 = CARTESIAN_POINT('',(-3.85457905795,-12.82897051065));
#1769 = CARTESIAN_POINT('',(-3.839417063213,-25.65988665413));
#1770 = CARTESIAN_POINT('',(-3.824811151981,-38.49240350327));
#1771 = CARTESIAN_POINT('',(-3.810692669316,-51.32625915732));
#1772 = CARTESIAN_POINT('',(-3.797007701819,-64.16125141224));
#1773 = CARTESIAN_POINT('',(-3.783712473915,-76.99722665812));
#1774 = CARTESIAN_POINT('',(-3.770771253987,-89.83407467409));
#1775 = CARTESIAN_POINT('',(-3.743400492515,-117.6831225016));
#1776 = CARTESIAN_POINT('',(-3.729090022381,-132.6955842458));
#1777 = CARTESIAN_POINT('',(-3.715174893702,-147.7089650423));
#1778 = CARTESIAN_POINT('',(-3.701618430011,-162.7231515915));
#1779 = CARTESIAN_POINT('',(-3.68839135563,-177.7380534936));
#1780 = CARTESIAN_POINT('',(-3.675469821411,-192.7535994732));
#1781 = CARTESIAN_POINT('',(-3.662834338702,-207.7697352916));
#1782 = CARTESIAN_POINT('',(-3.62599061477,-252.5126931941));
#1783 = CARTESIAN_POINT('',(-3.602570283055,-282.2410797639));
#1784 = CARTESIAN_POINT('',(-3.580083032387,-311.9712610712));
#1785 = CARTESIAN_POINT('',(-3.558456655381,-341.7030158218));
#1786 = CARTESIAN_POINT('',(-3.537646599674,-371.4361857892));
#1787 = CARTESIAN_POINT('',(-3.517629998343,-401.1706664644));
#1788 = CARTESIAN_POINT('',(-3.498399561801,-430.9063974569));
#1789 = CARTESIAN_POINT('',(-3.461464013119,-490.471715471));
#1790 = CARTESIAN_POINT('',(-3.443763780094,-520.3012805321));
#1791 = CARTESIAN_POINT('',(-3.42686432054,-550.1320053766));
#1792 = CARTESIAN_POINT('',(-3.410782556965,-579.9638513984));
#1793 = CARTESIAN_POINT('',(-3.395543732144,-609.7967841259));
#1794 = CARTESIAN_POINT('',(-3.381177813577,-639.6307690984));
#1795 = CARTESIAN_POINT('',(-3.367715232717,-669.4657668834));
#1796 = CARTESIAN_POINT('',(-3.342718537573,-728.9677091139));
#1797 = CARTESIAN_POINT('',(-3.331173878391,-758.634649381));
#1798 = CARTESIAN_POINT('',(-3.320572002813,-788.3024763382));
#1799 = CARTESIAN_POINT('',(-3.310932740018,-817.9711163457));
#1800 = CARTESIAN_POINT('',(-3.302265781517,-847.64048948));
#1801 = CARTESIAN_POINT('',(-3.294565000933,-877.3105054622));
#1802 = CARTESIAN_POINT('',(-3.287804909191,-906.9810610914));
#1803 = CARTESIAN_POINT('',(-3.276046783431,-966.4854336042));
#1804 = CARTESIAN_POINT('',(-3.27105859101,-996.319266968));
#1805 = CARTESIAN_POINT('',(-3.266932941539,-1.026153434971E+03));
#1806 = CARTESIAN_POINT('',(-3.263606847384,-1.055987845851E+03));
#1807 = CARTESIAN_POINT('',(-3.26099936296,-1.085822422361E+03));
#1808 = CARTESIAN_POINT('',(-3.259016622291,-1.115657102913E+03));
#1809 = CARTESIAN_POINT('',(-3.257557850129,-1.145491843047E+03));
#1810 = CARTESIAN_POINT('',(-3.256054641825,-1.188659974223E+03));
#1811 = CARTESIAN_POINT('',(-3.25567420616,-1.201993339089E+03));
#1812 = CARTESIAN_POINT('',(-3.255368328265,-1.215326708872E+03));
#1813 = CARTESIAN_POINT('',(-3.255127595156,-1.228660081889E+03));
#1814 = CARTESIAN_POINT('',(-3.254942528278,-1.241993456855E+03));
#1815 = CARTESIAN_POINT('',(-3.254803627806,-1.25532683289E+03));
#1816 = CARTESIAN_POINT('',(-3.254701416949,-1.268660209518E+03));
#1817 = CARTESIAN_POINT('',(-3.254590421459,-1.288411054854E+03));
#1818 = CARTESIAN_POINT('',(-3.254560675729,-1.294828523117E+03));
#1819 = CARTESIAN_POINT('',(-3.254536198003,-1.301245991437E+03));
#1820 = CARTESIAN_POINT('',(-3.254515940383,-1.307663459793E+03));
#1821 = CARTESIAN_POINT('',(-3.254498858123,-1.314080928168E+03));
#1822 = CARTESIAN_POINT('',(-3.254483909629,-1.320498396552E+03));
#1823 = CARTESIAN_POINT('',(-3.254470056464,-1.326915864941E+03));
#1824 = CARTESIAN_POINT('',(-3.25445626334,-1.333333333333E+03));
#1825 = ( GEOMETRIC_REPRESENTATION_CONTEXT(2) 
PARAMETRIC_REPRESENTATION_CONTEXT() REPRESENTATION_CONTEXT('2D SPACE',''
  ) );
#1826 = PCURVE('',#208,#1827);
#1827 = DEFINITIONAL_REPRESENTATION('',(#1828),#1887);
#1828 = B_SPLINE_CURVE_WITH_KNOTS('',8,(#1829,#1830,#1831,#1832,#1833,
    #1834,#1835,#1836,#1837,#1838,#1839,#1840,#1841,#1842,#1843,#1844,
    #1845,#1846,#1847,#1848,#1849,#1850,#1851,#1852,#1853,#1854,#1855,
    #1856,#1857,#1858,#1859,#1860,#1861,#1862,#1863,#1864,#1865,#1866,
    #1867,#1868,#1869,#1870,#1871,#1872,#1873,#1874,#1875,#1876,#1877,
    #1878,#1879,#1880,#1881,#1882,#1883,#1884,#1885,#1886),
  .UNSPECIFIED.,.F.,.F.,(9,7,7,7,7,7,7,7,9),(0.,7.708615142678E-02,
    0.167225013871,0.34565933624,0.524642091672,0.702605173041,
    0.881542385111,0.961510610742,1.),.UNSPECIFIED.);
#1829 = CARTESIAN_POINT('',(1.,1.670055875407E-02));
#1830 = CARTESIAN_POINT('',(0.990378272117,3.222120737518E-02));
#1831 = CARTESIAN_POINT('',(0.980755085009,4.580277649094E-02));
#1832 = CARTESIAN_POINT('',(0.971130697373,5.775848390176E-02));
#1833 = CARTESIAN_POINT('',(0.961505305632,6.831709257445E-02));
#1834 = CARTESIAN_POINT('',(0.951879061441,7.765768423005E-02));
#1835 = CARTESIAN_POINT('',(0.942252080006,8.592571609426E-02));
#1836 = CARTESIAN_POINT('',(0.932624443994,9.324012213185E-02));
#1837 = CARTESIAN_POINT('',(0.911737658124,0.107256351703));
#1838 = CARTESIAN_POINT('',(0.900478311816,0.113644684813));
#1839 = CARTESIAN_POINT('',(0.889218276218,0.119026247264));
#1840 = CARTESIAN_POINT('',(0.877957636306,0.123525239546));
#1841 = CARTESIAN_POINT('',(0.86669645988,0.127242676858));
#1842 = CARTESIAN_POINT('',(0.855434800395,0.13026304908));
#1843 = CARTESIAN_POINT('',(0.844172698531,0.132657864032));
#1844 = CARTESIAN_POINT('',(0.810615480104,0.138113643246));
#1845 = CARTESIAN_POINT('',(0.788319190177,0.139529250682));
#1846 = CARTESIAN_POINT('',(0.766021554197,0.139214795237));
#1847 = CARTESIAN_POINT('',(0.743722738133,0.137498707333));
#1848 = CARTESIAN_POINT('',(0.721422860659,0.134641880626));
#1849 = CARTESIAN_POINT('',(0.699122000152,0.130857169852));
#1850 = CARTESIAN_POINT('',(0.676820201907,0.126329238961));
#1851 = CARTESIAN_POINT('',(0.632146213397,0.116098113833));
#1852 = CARTESIAN_POINT('',(0.609774039601,0.110391371554));
#1853 = CARTESIAN_POINT('',(0.587400995968,0.104266336709));
#1854 = CARTESIAN_POINT('',(0.565027111451,9.78671511681E-02));
#1855 = CARTESIAN_POINT('',(0.542652411906,9.132566310593E-02));
#1856 = CARTESIAN_POINT('',(0.520276923176,8.476406488345E-02));
#1857 = CARTESIAN_POINT('',(0.497900674837,7.829363650958E-02));
#1858 = CARTESIAN_POINT('',(0.453274218165,6.576548117726E-02));
#1859 = CARTESIAN_POINT('',(0.431024012964,5.970561482231E-02));
#1860 = CARTESIAN_POINT('',(0.408773142746,5.392767677673E-02));
#1861 = CARTESIAN_POINT('',(0.386521662741,4.85136668139E-02));
#1862 = CARTESIAN_POINT('',(0.36426963289,4.352884312547E-02));
#1863 = CARTESIAN_POINT('',(0.342017120903,3.901721103747E-02));
#1864 = CARTESIAN_POINT('',(0.319764204181,3.499896042431E-02));
#1865 = CARTESIAN_POINT('',(0.275135924797,2.79281038517E-02));
#1866 = CARTESIAN_POINT('',(0.252760549774,2.488089574692E-02));
#1867 = CARTESIAN_POINT('',(0.230384923772,2.233058241958E-02));
#1868 = CARTESIAN_POINT('',(0.208009115611,2.025446483525E-02));
#1869 = CARTESIAN_POINT('',(0.185633183229,1.86101526022E-02));
#1870 = CARTESIAN_POINT('',(0.163257172815,1.734203617079E-02));
#1871 = CARTESIAN_POINT('',(0.140881117715,1.638841733811E-02));
#1872 = CARTESIAN_POINT('',(0.108505019333,1.537138584805E-02));
#1873 = CARTESIAN_POINT('',(9.850499568339E-02,1.510733475581E-02));
#1874 = CARTESIAN_POINT('',(8.850496834576E-02,1.488765835707E-02));
#1875 = CARTESIAN_POINT('',(7.850493858336E-02,1.470659692806E-02));
#1876 = CARTESIAN_POINT('',(6.850490735893E-02,1.455838450777E-02));
#1877 = CARTESIAN_POINT('',(5.850487533284E-02,1.443729724896E-02));
#1878 = CARTESIAN_POINT('',(4.850484286139E-02,1.433770176909E-02));
#1879 = CARTESIAN_POINT('',(3.369170885981E-02,1.421386694183E-02));
#1880 = CARTESIAN_POINT('',(2.887860766209E-02,1.417733546895E-02));
#1881 = CARTESIAN_POINT('',(2.406550642196E-02,1.414389435328E-02));
#1882 = CARTESIAN_POINT('',(1.925240515529E-02,1.411293561563E-02));
#1883 = CARTESIAN_POINT('',(1.443930387392E-02,1.408385802707E-02));
#1884 = CARTESIAN_POINT('',(9.626202585689E-03,1.40560671089E-02));
#1885 = CARTESIAN_POINT('',(4.813101294443E-03,1.402897513269E-02));
#1886 = CARTESIAN_POINT('',(0.,1.400200112022E-02));
#1887 = ( GEOMETRIC_REPRESENTATION_CONTEXT(2) 
PARAMETRIC_REPRESENTATION_CONTEXT() REPRESENTATION_CONTEXT('2D SPACE',''
  ) );
#1888 = ADVANCED_FACE('',(#1889),#208,.T.);
#1889 = FACE_BOUND('',#1890,.T.);
#1890 = EDGE_LOOP('',(#1891,#1892,#1893,#1894));
#1891 = ORIENTED_EDGE('',*,*,#1119,.F.);
#1892 = ORIENTED_EDGE('',*,*,#1703,.F.);
#1893 = ORIENTED_EDGE('',*,*,#194,.T.);
#1894 = ORIENTED_EDGE('',*,*,#1895,.F.);
#1895 = EDGE_CURVE('',#1120,#195,#1896,.T.);
#1896 = SURFACE_CURVE('',#1897,(#1902,#1909),.PCURVE_S1.);
#1897 = B_SPLINE_CURVE_WITH_KNOTS('',3,(#1898,#1899,#1900,#1901),
  .UNSPECIFIED.,.F.,.F.,(4,4),(0.,1.),.PIECEWISE_BEZIER_KNOTS.);
#1898 = CARTESIAN_POINT('',(210.,-147.5,16.));
#1899 = CARTESIAN_POINT('',(-234.4444444444,-143.6666666666,16.));
#1900 = CARTESIAN_POINT('',(-678.8888888888,-139.8333333333,16.));
#1901 = CARTESIAN_POINT('',(-1.123333333333E+03,-136.,1.6));
#1902 = PCURVE('',#208,#1903);
#1903 = DEFINITIONAL_REPRESENTATION('',(#1904),#1908);
#1904 = LINE('',#1905,#1906);
#1905 = CARTESIAN_POINT('',(0.,1.));
#1906 = VECTOR('',#1907,1.);
#1907 = DIRECTION('',(1.,0.));
#1908 = ( GEOMETRIC_REPRESENTATION_CONTEXT(2) 
PARAMETRIC_REPRESENTATION_CONTEXT() REPRESENTATION_CONTEXT('2D SPACE',''
  ) );
#1909 = PCURVE('',#238,#1910);
#1910 = DEFINITIONAL_REPRESENTATION('',(#1911),#1915);
#1911 = LINE('',#1912,#1913);
#1912 = CARTESIAN_POINT('',(0.,0.));
#1913 = VECTOR('',#1914,1.);
#1914 = DIRECTION('',(1.,0.));
#1915 = ( GEOMETRIC_REPRESENTATION_CONTEXT(2) 
PARAMETRIC_REPRESENTATION_CONTEXT() REPRESENTATION_CONTEXT('2D SPACE',''
  ) );
#1916 = ADVANCED_FACE('',(#1917),#238,.T.);
#1917 = FACE_BOUND('',#1918,.T.);
#1918 = EDGE_LOOP('',(#1919,#1920,#1921,#1922));
#1919 = ORIENTED_EDGE('',*,*,#1148,.F.);
#1920 = ORIENTED_EDGE('',*,*,#1895,.T.);
#1921 = ORIENTED_EDGE('',*,*,#224,.T.);
#1922 = ORIENTED_EDGE('',*,*,#1923,.F.);
#1923 = EDGE_CURVE('',#1149,#225,#1924,.T.);
#1924 = SURFACE_CURVE('',#1925,(#1930,#1937),.PCURVE_S1.);
#1925 = B_SPLINE_CURVE_WITH_KNOTS('',3,(#1926,#1927,#1928,#1929),
  .UNSPECIFIED.,.F.,.F.,(4,4),(0.,1.),.PIECEWISE_BEZIER_KNOTS.);
#1926 = CARTESIAN_POINT('',(210.,-147.5,-16.));
#1927 = CARTESIAN_POINT('',(-234.4444444444,-143.6666666666,-16.));
#1928 = CARTESIAN_POINT('',(-678.8888888888,-139.8333333333,-16.));
#1929 = CARTESIAN_POINT('',(-1.123333333333E+03,-136.,-1.6));
#1930 = PCURVE('',#238,#1931);
#1931 = DEFINITIONAL_REPRESENTATION('',(#1932),#1936);
#1932 = LINE('',#1933,#1934);
#1933 = CARTESIAN_POINT('',(0.,1.));
#1934 = VECTOR('',#1935,1.);
#1935 = DIRECTION('',(1.,0.));
#1936 = ( GEOMETRIC_REPRESENTATION_CONTEXT(2) 
PARAMETRIC_REPRESENTATION_CONTEXT() REPRESENTATION_CONTEXT('2D SPACE',''
  ) );
#1937 = PCURVE('',#268,#1938);
#1938 = DEFINITIONAL_REPRESENTATION('',(#1939),#1943);
#1939 = LINE('',#1940,#1941);
#1940 = CARTESIAN_POINT('',(0.,0.));
#1941 = VECTOR('',#1942,1.);
#1942 = DIRECTION('',(1.,0.));
#1943 = ( GEOMETRIC_REPRESENTATION_CONTEXT(2) 
PARAMETRIC_REPRESENTATION_CONTEXT() REPRESENTATION_CONTEXT('2D SPACE',''
  ) );
#1944 = ADVANCED_FACE('',(#1945),#268,.T.);
#1945 = FACE_BOUND('',#1946,.T.);
#1946 = EDGE_LOOP('',(#1947,#1948,#1949,#1950));
#1947 = ORIENTED_EDGE('',*,*,#1177,.F.);
#1948 = ORIENTED_EDGE('',*,*,#1923,.T.);
#1949 = ORIENTED_EDGE('',*,*,#254,.T.);
#1950 = ORIENTED_EDGE('',*,*,#1951,.T.);
#1951 = EDGE_CURVE('',#255,#1178,#1952,.T.);
#1952 = SURFACE_CURVE('',#1953,(#2012,#2074),.PCURVE_S1.);
#1953 = B_SPLINE_CURVE_WITH_KNOTS('',8,(#1954,#1955,#1956,#1957,#1958,
    #1959,#1960,#1961,#1962,#1963,#1964,#1965,#1966,#1967,#1968,#1969,
    #1970,#1971,#1972,#1973,#1974,#1975,#1976,#1977,#1978,#1979,#1980,
    #1981,#1982,#1983,#1984,#1985,#1986,#1987,#1988,#1989,#1990,#1991,
    #1992,#1993,#1994,#1995,#1996,#1997,#1998,#1999,#2000,#2001,#2002,
    #2003,#2004,#2005,#2006,#2007,#2008,#2009,#2010,#2011),
  .UNSPECIFIED.,.F.,.F.,(9,7,7,7,7,7,7,7,9),(0.,7.708615134075E-02,
    0.167225013784,0.345659346204,0.524642101636,0.702605183004,
    0.881542395073,0.961510620704,1.),.UNSPECIFIED.);
#1954 = CARTESIAN_POINT('',(-1.123333333333E+03,-112.3143103083,
    -3.959918658788));
#1955 = CARTESIAN_POINT('',(-1.110504362837E+03,-112.2516989416,
    -5.064935590513));
#1956 = CARTESIAN_POINT('',(-1.097673446707E+03,-112.1716913864,
    -6.123444149488));
#1957 = CARTESIAN_POINT('',(-1.084840929873E+03,-112.0768097207,
    -7.141699884733));
#1958 = CARTESIAN_POINT('',(-1.072007074233E+03,-111.9688617039,
    -8.124340190988));
#1959 = CARTESIAN_POINT('',(-1.059172081991E+03,-111.8492570953,
    -9.075019687788));
#1960 = CARTESIAN_POINT('',(-1.04633610676E+03,-111.7191468594,
    -9.996713382073));
#1961 = CARTESIAN_POINT('',(-1.033499258758E+03,-111.5794796776,
    -10.89185796997));
#1962 = CARTESIAN_POINT('',(-1.005650210945E+03,-111.2575310518,
    -12.78056814804));
#1963 = CARTESIAN_POINT('',(-990.6377492004,-111.0720383712,
    -13.7651312236));
#1964 = CARTESIAN_POINT('',(-975.6243684039,-110.8758914646,
    -14.71945779035));
#1965 = CARTESIAN_POINT('',(-960.6101818546,-110.6701293635,
    -15.6460689297));
#1966 = CARTESIAN_POINT('',(-945.5952799524,-110.455634213,
    -16.54698791435));
#1967 = CARTESIAN_POINT('',(-930.5797339728,-110.2331836277,
    -17.42387414866));
#1968 = CARTESIAN_POINT('',(-915.5635981543,-110.0034771335,
    -18.27809671591));
#1969 = CARTESIAN_POINT('',(-870.8206385772,-109.2993640231,
    -20.75918099208));
#1970 = CARTESIAN_POINT('',(-841.0922503339,-108.8056693947,
    -22.32323720961));
#1971 = CARTESIAN_POINT('',(-811.3620673491,-108.2910935068,
    -23.81184683801));
#1972 = CARTESIAN_POINT('',(-781.630310927,-107.7598322885,
    -25.23041617865));
#1973 = CARTESIAN_POINT('',(-751.8971392817,-107.2158888949,
    -26.58260329168));
#1974 = CARTESIAN_POINT('',(-722.1626569326,-106.6632072647,
    -27.87075958735));
#1975 = CARTESIAN_POINT('',(-692.4269242645,-106.1058169035,
    -29.09637098005));
#1976 = CARTESIAN_POINT('',(-632.8616045744,-104.988136309,
    -31.42779555097));
#1977 = CARTESIAN_POINT('',(-603.0320395135,-104.4278429627,
    -32.5332283254));
#1978 = CARTESIAN_POINT('',(-573.2013146682,-103.8711105111,
    -33.57745745407));
#1979 = CARTESIAN_POINT('',(-543.3694686463,-103.3221853909,
    -34.56072594526));
#1980 = CARTESIAN_POINT('',(-513.5365359188,-102.7854270513,
    -35.48291259575));
#1981 = CARTESIAN_POINT('',(-483.7025509457,-102.2652259923,
    -36.34374610593));
#1982 = CARTESIAN_POINT('',(-453.8675531607,-101.7658211425,
    -37.14301709951));
#1983 = CARTESIAN_POINT('',(-394.3656109298,-100.818925634,
    -38.6144378654));
#1984 = CARTESIAN_POINT('',(-364.6986706623,-100.3711556224,
    -39.28728568368));
#1985 = CARTESIAN_POINT('',(-335.0308437056,-99.9514555629,
    -39.89947277618));
#1986 = CARTESIAN_POINT('',(-305.3622036977,-99.5631554402,
    -40.45139725192));
#1987 = CARTESIAN_POINT('',(-275.6928305632,-99.20891311168,
    -40.94398368497));
#1988 = CARTESIAN_POINT('',(-246.0228145816,-98.89039817652,
    -41.37890149508));
#1989 = CARTESIAN_POINT('',(-216.3522589521,-98.60808609566,
    -41.75868005925));
#1990 = CARTESIAN_POINT('',(-156.8478864396,-98.11322626867,
    -42.41636989648));
#1991 = CARTESIAN_POINT('',(-127.0140530752,-97.90106856974,
    -42.69371255287));
#1992 = CARTESIAN_POINT('',(-97.17988507373,-97.72419988269,
    -42.92201960778));
#1993 = CARTESIAN_POINT('',(-67.3454741925,-97.58081166617,
    -43.10545662087));
#1994 = CARTESIAN_POINT('',(-37.51089768256,-97.4679822379,
    -43.24893046605));
#1995 = CARTESIAN_POINT('',(-7.676217131422,-97.38197417664,
    -43.35786095545));
#1996 = CARTESIAN_POINT('',(22.158523002587,-97.31859268411,
    -43.43792385607));
#1997 = CARTESIAN_POINT('',(65.326654178399,-97.25321079192,
    -43.52037030669));
#1998 = CARTESIAN_POINT('',(78.660019044186,-97.2366503283,
    -43.54122538685));
#1999 = CARTESIAN_POINT('',(91.993388827684,-97.22332765498,
    -43.55798714979));
#2000 = CARTESIAN_POINT('',(105.32676184421,-97.21283835904,
    -43.57117583845));
#2001 = CARTESIAN_POINT('',(118.6601368101,-97.20477262771,
    -43.58131327609));
#2002 = CARTESIAN_POINT('',(131.99351284488,-97.19871798422,
    -43.58892107433));
#2003 = CARTESIAN_POINT('',(145.32688947346,-97.19426202376,
    -43.59451884118));
#2004 = CARTESIAN_POINT('',(165.07773314782,-97.18942277512,
    -43.60059746121));
#2005 = CARTESIAN_POINT('',(171.49519975036,-97.1881258274,
    -43.60222641293));
#2006 = CARTESIAN_POINT('',(177.91266640945,-97.18705851895,
    -43.60356683429));
#2007 = CARTESIAN_POINT('',(184.33013310393,-97.18617518914,
    -43.60467613394));
#2008 = CARTESIAN_POINT('',(190.74759981801,-97.18543030396,
    -43.60561153918));
#2009 = CARTESIAN_POINT('',(197.16506654124,-97.18477845596,
    -43.60643009596));
#2010 = CARTESIAN_POINT('',(203.58253326849,-97.18417436428,
    -43.60718866884));
#2011 = CARTESIAN_POINT('',(210.,-97.18357287464,-43.60794394105));
#2012 = PCURVE('',#268,#2013);
#2013 = DEFINITIONAL_REPRESENTATION('',(#2014),#2073);
#2014 = B_SPLINE_CURVE_WITH_KNOTS('',8,(#2015,#2016,#2017,#2018,#2019,
    #2020,#2021,#2022,#2023,#2024,#2025,#2026,#2027,#2028,#2029,#2030,
    #2031,#2032,#2033,#2034,#2035,#2036,#2037,#2038,#2039,#2040,#2041,
    #2042,#2043,#2044,#2045,#2046,#2047,#2048,#2049,#2050,#2051,#2052,
    #2053,#2054,#2055,#2056,#2057,#2058,#2059,#2060,#2061,#2062,#2063,
    #2064,#2065,#2066,#2067,#2068,#2069,#2070,#2071,#2072),
  .UNSPECIFIED.,.F.,.F.,(9,7,7,7,7,7,7,7,9),(0.,7.708615134075E-02,
    0.167225013784,0.345659346204,0.524642101636,0.702605183004,
    0.881542395073,0.961510620704,1.),.UNSPECIFIED.);
#2015 = CARTESIAN_POINT('',(1.,0.983299441162));
#2016 = CARTESIAN_POINT('',(0.990378272128,0.967778792536));
#2017 = CARTESIAN_POINT('',(0.98075508503,0.954197223413));
#2018 = CARTESIAN_POINT('',(0.971130697405,0.942241515993));
#2019 = CARTESIAN_POINT('',(0.961505305674,0.93168290731));
#2020 = CARTESIAN_POINT('',(0.951879061494,0.922342315642));
#2021 = CARTESIAN_POINT('',(0.94225208007,0.914074283766));
#2022 = CARTESIAN_POINT('',(0.932624444069,0.906759877714));
#2023 = CARTESIAN_POINT('',(0.911737658209,0.892743648104));
#2024 = CARTESIAN_POINT('',(0.9004783119,0.886355314971));
#2025 = CARTESIAN_POINT('',(0.889218276303,0.880973752498));
#2026 = CARTESIAN_POINT('',(0.877957636391,0.876474760194));
#2027 = CARTESIAN_POINT('',(0.866696459964,0.872757322862));
#2028 = CARTESIAN_POINT('',(0.85543480048,0.869736950621));
#2029 = CARTESIAN_POINT('',(0.844172698616,0.86734213565));
#2030 = CARTESIAN_POINT('',(0.810615478933,0.861886356177));
#2031 = CARTESIAN_POINT('',(0.78831918775,0.860470748751));
#2032 = CARTESIAN_POINT('',(0.766021550513,0.860785204375));
#2033 = CARTESIAN_POINT('',(0.743722733194,0.86250129258));
#2034 = CARTESIAN_POINT('',(0.721422854462,0.865358119672));
#2035 = CARTESIAN_POINT('',(0.699121992699,0.869142830888));
#2036 = CARTESIAN_POINT('',(0.676820193198,0.873670762253));
#2037 = CARTESIAN_POINT('',(0.632146203431,0.883901888062));
#2038 = CARTESIAN_POINT('',(0.609774029635,0.889608630483));
#2039 = CARTESIAN_POINT('',(0.587400986001,0.89573366542));
#2040 = CARTESIAN_POINT('',(0.565027101485,0.902132851008));
#2041 = CARTESIAN_POINT('',(0.542652401939,0.908674339074));
#2042 = CARTESIAN_POINT('',(0.520276913209,0.915235937261));
#2043 = CARTESIAN_POINT('',(0.497900664871,0.921706365564));
#2044 = CARTESIAN_POINT('',(0.453274208197,0.934234520692));
#2045 = CARTESIAN_POINT('',(0.431024002997,0.940294386914));
#2046 = CARTESIAN_POINT('',(0.408773132779,0.9460723248));
#2047 = CARTESIAN_POINT('',(0.386521652773,0.951486334581));
#2048 = CARTESIAN_POINT('',(0.364269622922,0.956471158072));
#2049 = CARTESIAN_POINT('',(0.342017110936,0.960982789953));
#2050 = CARTESIAN_POINT('',(0.319764194214,0.965001040357));
#2051 = CARTESIAN_POINT('',(0.27513591483,0.972071896517));
#2052 = CARTESIAN_POINT('',(0.252760539806,0.975119104418));
#2053 = CARTESIAN_POINT('',(0.230384913805,0.977669417551));
#2054 = CARTESIAN_POINT('',(0.208009105644,0.979745534957));
#2055 = CARTESIAN_POINT('',(0.185633173262,0.98138984703));
#2056 = CARTESIAN_POINT('',(0.163257162849,0.982657963324));
#2057 = CARTESIAN_POINT('',(0.140881107748,0.983611582041));
#2058 = CARTESIAN_POINT('',(0.108505009366,0.984628613398));
#2059 = CARTESIAN_POINT('',(9.850498571686E-02,0.984892664454));
#2060 = CARTESIAN_POINT('',(8.850495837924E-02,0.98511234082));
#2061 = CARTESIAN_POINT('',(7.850492861684E-02,0.985293402222));
#2062 = CARTESIAN_POINT('',(6.850489739242E-02,0.985441614619));
#2063 = CARTESIAN_POINT('',(5.850486536634E-02,0.985562701859));
#2064 = CARTESIAN_POINT('',(4.85048328949E-02,0.985662297325));
#2065 = CARTESIAN_POINT('',(3.369170013913E-02,0.985786132126));
#2066 = CARTESIAN_POINT('',(2.887860018723E-02,0.985822663587));
#2067 = CARTESIAN_POINT('',(2.406550019291E-02,0.985856104692));
#2068 = CARTESIAN_POINT('',(1.925240017205E-02,0.985887063422));
#2069 = CARTESIAN_POINT('',(1.443930013649E-02,0.985916141004));
#2070 = CARTESIAN_POINT('',(9.626200094069E-03,0.985943931916));
#2071 = CARTESIAN_POINT('',(4.813100048631E-03,0.985971023887));
#2072 = CARTESIAN_POINT('',(0.,0.985997997895));
#2073 = ( GEOMETRIC_REPRESENTATION_CONTEXT(2) 
PARAMETRIC_REPRESENTATION_CONTEXT() REPRESENTATION_CONTEXT('2D SPACE',''
  ) );
#2074 = PCURVE('',#301,#2075);
#2075 = DEFINITIONAL_REPRESENTATION('',(#2076),#2135);
#2076 = B_SPLINE_CURVE_WITH_KNOTS('',8,(#2077,#2078,#2079,#2080,#2081,
    #2082,#2083,#2084,#2085,#2086,#2087,#2088,#2089,#2090,#2091,#2092,
    #2093,#2094,#2095,#2096,#2097,#2098,#2099,#2100,#2101,#2102,#2103,
    #2104,#2105,#2106,#2107,#2108,#2109,#2110,#2111,#2112,#2113,#2114,
    #2115,#2116,#2117,#2118,#2119,#2120,#2121,#2122,#2123,#2124,#2125,
    #2126,#2127,#2128,#2129,#2130,#2131,#2132,#2133,#2134),
  .UNSPECIFIED.,.F.,.F.,(9,7,7,7,7,7,7,7,9),(0.,7.708615134075E-02,
    0.167225013784,0.345659346204,0.524642101636,0.702605183004,
    0.881542395073,0.961510620704,1.),.UNSPECIFIED.);
#2077 = CARTESIAN_POINT('',(-3.983591299469,0.));
#2078 = CARTESIAN_POINT('',(-3.999402575494,-12.82897049643));
#2079 = CARTESIAN_POINT('',(-4.014564570212,-25.65988662617));
#2080 = CARTESIAN_POINT('',(-4.029170481426,-38.49240346048));
#2081 = CARTESIAN_POINT('',(-4.043288964073,-51.32625910077));
#2082 = CARTESIAN_POINT('',(-4.056973931553,-64.16125134193));
#2083 = CARTESIAN_POINT('',(-4.07026915944,-76.99722657296));
#2084 = CARTESIAN_POINT('',(-4.083210379352,-89.8340745752));
#2085 = CARTESIAN_POINT('',(-4.110581140805,-117.6831223885));
#2086 = CARTESIAN_POINT('',(-4.124891610935,-132.6955841329));
#2087 = CARTESIAN_POINT('',(-4.13880673961,-147.7089649293));
#2088 = CARTESIAN_POINT('',(-4.152363203297,-162.7231514787));
#2089 = CARTESIAN_POINT('',(-4.165590277673,-177.7380533809));
#2090 = CARTESIAN_POINT('',(-4.178511811886,-192.7535993604));
#2091 = CARTESIAN_POINT('',(-4.191147294589,-207.769735179));
#2092 = CARTESIAN_POINT('',(-4.227991019881,-252.5126947561));
#2093 = CARTESIAN_POINT('',(-4.251411352841,-282.2410829997));
#2094 = CARTESIAN_POINT('',(-4.273898604657,-311.971265983));
#2095 = CARTESIAN_POINT('',(-4.295524982717,-341.7030224078));
#2096 = CARTESIAN_POINT('',(-4.316335039397,-371.4361940503));
#2097 = CARTESIAN_POINT('',(-4.336351641611,-401.1706764011));
#2098 = CARTESIAN_POINT('',(-4.355582078951,-430.9064090688));
#2099 = CARTESIAN_POINT('',(-4.392517628006,-490.4717287588));
#2100 = CARTESIAN_POINT('',(-4.410217860694,-520.3012938197));
#2101 = CARTESIAN_POINT('',(-4.427117319906,-550.1320186651));
#2102 = CARTESIAN_POINT('',(-4.443199083131,-579.963864687));
#2103 = CARTESIAN_POINT('',(-4.458437907593,-609.7967974144));
#2104 = CARTESIAN_POINT('',(-4.472803825789,-639.6307823876));
#2105 = CARTESIAN_POINT('',(-4.486266406269,-669.4657801725));
#2106 = CARTESIAN_POINT('',(-4.51126310064,-728.9677224034));
#2107 = CARTESIAN_POINT('',(-4.52280775943,-758.6346626709));
#2108 = CARTESIAN_POINT('',(-4.533409634608,-788.3024896277));
#2109 = CARTESIAN_POINT('',(-4.543048897001,-817.9711296355));
#2110 = CARTESIAN_POINT('',(-4.551715855101,-847.64050277));
#2111 = CARTESIAN_POINT('',(-4.559416635291,-877.3105187517));
#2112 = CARTESIAN_POINT('',(-4.566176726649,-906.9810743811));
#2113 = CARTESIAN_POINT('',(-4.577934851676,-966.4854468937));
#2114 = CARTESIAN_POINT('',(-4.582923043747,-996.319280258));
#2115 = CARTESIAN_POINT('',(-4.58704869289,-1.02615344826E+03));
#2116 = CARTESIAN_POINT('',(-4.590374786745,-1.055987859141E+03));
#2117 = CARTESIAN_POINT('',(-4.592982270901,-1.085822435651E+03));
#2118 = CARTESIAN_POINT('',(-4.594965011336,-1.115657116202E+03));
#2119 = CARTESIAN_POINT('',(-4.5964237833,-1.145491856336E+03));
#2120 = CARTESIAN_POINT('',(-4.597926991369,-1.188659987512E+03));
#2121 = CARTESIAN_POINT('',(-4.598307426969,-1.201993352378E+03));
#2122 = CARTESIAN_POINT('',(-4.598613304806,-1.215326722161E+03));
#2123 = CARTESIAN_POINT('',(-4.598854037864,-1.228660095178E+03));
#2124 = CARTESIAN_POINT('',(-4.599039104699,-1.241993470143E+03));
#2125 = CARTESIAN_POINT('',(-4.599178005134,-1.255326846178E+03));
#2126 = CARTESIAN_POINT('',(-4.599280215962,-1.268660222807E+03));
#2127 = CARTESIAN_POINT('',(-4.59939121141,-1.288411066481E+03));
#2128 = CARTESIAN_POINT('',(-4.599420957125,-1.294828533084E+03));
#2129 = CARTESIAN_POINT('',(-4.59944543484,-1.301245999743E+03));
#2130 = CARTESIAN_POINT('',(-4.599465692453,-1.307663466437E+03));
#2131 = CARTESIAN_POINT('',(-4.599482774708,-1.314080933151E+03));
#2132 = CARTESIAN_POINT('',(-4.599497723198,-1.320498399875E+03));
#2133 = CARTESIAN_POINT('',(-4.599511576361,-1.326915866602E+03));
#2134 = CARTESIAN_POINT('',(-4.599525369482,-1.333333333333E+03));
#2135 = ( GEOMETRIC_REPRESENTATION_CONTEXT(2) 
PARAMETRIC_REPRESENTATION_CONTEXT() REPRESENTATION_CONTEXT('2D SPACE',''
  ) );
#2136 = ADVANCED_FACE('',(#2137),#301,.T.);
#2137 = FACE_BOUND('',#2138,.F.);
#2138 = EDGE_LOOP('',(#2139,#2140,#2161,#2162));
#2139 = ORIENTED_EDGE('',*,*,#1206,.F.);
#2140 = ORIENTED_EDGE('',*,*,#2141,.F.);
#2141 = EDGE_CURVE('',#285,#1207,#2142,.T.);
#2142 = SURFACE_CURVE('',#2143,(#2147,#2154),.PCURVE_S1.);
#2143 = LINE('',#2144,#2145);
#2144 = CARTESIAN_POINT('',(-1.123333333333E+03,-91.92388155425,
    -49.49747468305));
#2145 = VECTOR('',#2146,1.);
#2146 = DIRECTION('',(1.,0.,0.));
#2147 = PCURVE('',#301,#2148);
#2148 = DEFINITIONAL_REPRESENTATION('',(#2149),#2153);
#2149 = LINE('',#2150,#2151);
#2150 = CARTESIAN_POINT('',(-4.712388980385,0.));
#2151 = VECTOR('',#2152,1.);
#2152 = DIRECTION('',(0.,-1.));
#2153 = ( GEOMETRIC_REPRESENTATION_CONTEXT(2) 
PARAMETRIC_REPRESENTATION_CONTEXT() REPRESENTATION_CONTEXT('2D SPACE',''
  ) );
#2154 = PCURVE('',#329,#2155);
#2155 = DEFINITIONAL_REPRESENTATION('',(#2156),#2160);
#2156 = LINE('',#2157,#2158);
#2157 = CARTESIAN_POINT('',(0.,0.));
#2158 = VECTOR('',#2159,1.);
#2159 = DIRECTION('',(1.110223024625E-16,-1.));
#2160 = ( GEOMETRIC_REPRESENTATION_CONTEXT(2) 
PARAMETRIC_REPRESENTATION_CONTEXT() REPRESENTATION_CONTEXT('2D SPACE',''
  ) );
#2161 = ORIENTED_EDGE('',*,*,#284,.F.);
#2162 = ORIENTED_EDGE('',*,*,#1951,.T.);
#2163 = ADVANCED_FACE('',(#2164),#329,.F.);
#2164 = FACE_BOUND('',#2165,.F.);
#2165 = EDGE_LOOP('',(#2166,#2167,#2168,#2169));
#2166 = ORIENTED_EDGE('',*,*,#313,.F.);
#2167 = ORIENTED_EDGE('',*,*,#2141,.T.);
#2168 = ORIENTED_EDGE('',*,*,#1234,.T.);
#2169 = ORIENTED_EDGE('',*,*,#2170,.F.);
#2170 = EDGE_CURVE('',#314,#1235,#2171,.T.);
#2171 = SURFACE_CURVE('',#2172,(#2176,#2183),.PCURVE_S1.);
#2172 = LINE('',#2173,#2174);
#2173 = CARTESIAN_POINT('',(-1.123333333333E+03,-49.49747466838,
    -91.92388153339));
#2174 = VECTOR('',#2175,1.);
#2175 = DIRECTION('',(1.,0.,0.));
#2176 = PCURVE('',#329,#2177);
#2177 = DEFINITIONAL_REPRESENTATION('',(#2178),#2182);
#2178 = LINE('',#2179,#2180);
#2179 = CARTESIAN_POINT('',(59.999999995627,6.661338147265E-15));
#2180 = VECTOR('',#2181,1.);
#2181 = DIRECTION('',(1.110223024625E-16,-1.));
#2182 = ( GEOMETRIC_REPRESENTATION_CONTEXT(2) 
PARAMETRIC_REPRESENTATION_CONTEXT() REPRESENTATION_CONTEXT('2D SPACE',''
  ) );
#2183 = PCURVE('',#358,#2184);
#2184 = DEFINITIONAL_REPRESENTATION('',(#2185),#2189);
#2185 = LINE('',#2186,#2187);
#2186 = CARTESIAN_POINT('',(-4.712388980385,0.));
#2187 = VECTOR('',#2188,1.);
#2188 = DIRECTION('',(0.,-1.));
#2189 = ( GEOMETRIC_REPRESENTATION_CONTEXT(2) 
PARAMETRIC_REPRESENTATION_CONTEXT() REPRESENTATION_CONTEXT('2D SPACE',''
  ) );
#2190 = ADVANCED_FACE('',(#2191),#358,.T.);
#2191 = FACE_BOUND('',#2192,.F.);
#2192 = EDGE_LOOP('',(#2193,#2194,#2195,#2196));
#2193 = ORIENTED_EDGE('',*,*,#341,.F.);
#2194 = ORIENTED_EDGE('',*,*,#2170,.T.);
#2195 = ORIENTED_EDGE('',*,*,#1255,.F.);
#2196 = ORIENTED_EDGE('',*,*,#2197,.F.);
#2197 = EDGE_CURVE('',#342,#1256,#2198,.T.);
#2198 = SURFACE_CURVE('',#2199,(#2258,#2320),.PCURVE_S1.);
#2199 = B_SPLINE_CURVE_WITH_KNOTS('',8,(#2200,#2201,#2202,#2203,#2204,
    #2205,#2206,#2207,#2208,#2209,#2210,#2211,#2212,#2213,#2214,#2215,
    #2216,#2217,#2218,#2219,#2220,#2221,#2222,#2223,#2224,#2225,#2226,
    #2227,#2228,#2229,#2230,#2231,#2232,#2233,#2234,#2235,#2236,#2237,
    #2238,#2239,#2240,#2241,#2242,#2243,#2244,#2245,#2246,#2247,#2248,
    #2249,#2250,#2251,#2252,#2253,#2254,#2255,#2256,#2257),
  .UNSPECIFIED.,.F.,.F.,(9,7,7,7,7,7,7,7,9),(0.,7.70861513029E-02,
    0.167225013747,0.345659340882,0.524642096314,0.702605177685,
    0.881542389754,0.961510615385,1.),.UNSPECIFIED.);
#2200 = CARTESIAN_POINT('',(-1.123333333333E+03,-3.959918662843,
    -112.3143102676));
#2201 = CARTESIAN_POINT('',(-1.110504362843E+03,-5.064935595246,
    -112.2516989003));
#2202 = CARTESIAN_POINT('',(-1.09767344672E+03,-6.12344415489,
    -112.1716913445));
#2203 = CARTESIAN_POINT('',(-1.084840929892E+03,-7.141699890826,
    -112.0768096781));
#2204 = CARTESIAN_POINT('',(-1.072007074258E+03,-8.124340197755,
    -111.9688616608));
#2205 = CARTESIAN_POINT('',(-1.059172082023E+03,-9.075019695228,
    -111.8492570515));
#2206 = CARTESIAN_POINT('',(-1.046336106798E+03,-9.996713390202,
    -111.719146815));
#2207 = CARTESIAN_POINT('',(-1.033499258802E+03,-10.89185797877,
    -111.5794796325));
#2208 = CARTESIAN_POINT('',(-1.005650210995E+03,-12.78056815881,
    -111.2575310051));
#2209 = CARTESIAN_POINT('',(-990.637749251,-13.76513123562,
    -111.0720383236));
#2210 = CARTESIAN_POINT('',(-975.6243684541,-14.71945780363,
    -110.8758914162));
#2211 = CARTESIAN_POINT('',(-960.6101819051,-15.64606894417,
    -110.6701293142));
#2212 = CARTESIAN_POINT('',(-945.595280003,-16.54698793001,
    -110.4556341627));
#2213 = CARTESIAN_POINT('',(-930.5797340229,-17.42387416552,
    -110.2331835764));
#2214 = CARTESIAN_POINT('',(-915.5635982048,-18.27809673391,
    -110.0034770812));
#2215 = CARTESIAN_POINT('',(-870.8206395077,-20.75918096471,
    -109.2993639817));
#2216 = CARTESIAN_POINT('',(-841.0922521449,-22.32323714063,
    -108.8056693665));
#2217 = CARTESIAN_POINT('',(-811.3620700396,-23.81184673173,
    -108.2910934929));
#2218 = CARTESIAN_POINT('',(-781.6303145,-25.23041603855,-107.7598322896
    ));
#2219 = CARTESIAN_POINT('',(-751.8971437327,-26.58260312181,
    -107.2158889111));
#2220 = CARTESIAN_POINT('',(-722.1626622662,-27.87075939083,
    -106.6632072963));
#2221 = CARTESIAN_POINT('',(-692.4269304778,-29.09637076056,
    -106.1058169499));
#2222 = CARTESIAN_POINT('',(-632.8616116689,-31.42779532692,
    -104.9881363669));
#2223 = CARTESIAN_POINT('',(-603.0320466079,-32.53322811618,
    -104.4278430173));
#2224 = CARTESIAN_POINT('',(-573.2013217632,-33.57745725957,
    -103.8711105616));
#2225 = CARTESIAN_POINT('',(-543.3694757412,-34.56072576548,
    -103.3221854365));
#2226 = CARTESIAN_POINT('',(-513.5365430136,-35.48291243069,
    -102.7854270912));
#2227 = CARTESIAN_POINT('',(-483.7025580411,-36.34374595557,
    -102.2652260258));
#2228 = CARTESIAN_POINT('',(-453.867560256,-37.14301696382,
    -101.7658211688));
#2229 = CARTESIAN_POINT('',(-394.3656180251,-38.61443775874,
    -100.8189256447));
#2230 = CARTESIAN_POINT('',(-364.6986777586,-39.28728559138,
    -100.3711556247));
#2231 = CARTESIAN_POINT('',(-335.0308508004,-39.89947269809,
    -99.95145555638));
#2232 = CARTESIAN_POINT('',(-305.3622107933,-40.45139718774,
    -99.56315542446));
#2233 = CARTESIAN_POINT('',(-275.6928376596,-40.9439836343,
    -99.20891308653));
#2234 = CARTESIAN_POINT('',(-246.0228216763,-41.37890145744,
    -98.89039814193));
#2235 = CARTESIAN_POINT('',(-216.3522660478,-41.75868003393,
    -98.60808605184));
#2236 = CARTESIAN_POINT('',(-156.8478935349,-42.41636989433,
    -98.11322620707));
#2237 = CARTESIAN_POINT('',(-127.0140601707,-42.69371256155,
    -97.90106849961));
#2238 = CARTESIAN_POINT('',(-97.17989216891,-42.92201962637,
    -97.72419980458));
#2239 = CARTESIAN_POINT('',(-67.34548128775,-43.10545664836,
    -97.58081158079));
#2240 = CARTESIAN_POINT('',(-37.51090477786,-43.24893050134,
    -97.4679821461));
#2241 = CARTESIAN_POINT('',(-7.676224226354,-43.35786099743,
    -97.38197407932));
#2242 = CARTESIAN_POINT('',(22.158515907531,-43.4379239036,
    -97.31859258221));
#2243 = CARTESIAN_POINT('',(65.326647083525,-43.52037036062,
    -97.25321068473));
#2244 = CARTESIAN_POINT('',(78.660011949301,-43.54122544253,
    -97.23665021967));
#2245 = CARTESIAN_POINT('',(91.993381732797,-43.557987207,
    -97.22332754509));
#2246 = CARTESIAN_POINT('',(105.32675474934,-43.57117589697,
    -97.21283824807));
#2247 = CARTESIAN_POINT('',(118.66012971524,-43.5813133357,
    -97.20477251584));
#2248 = CARTESIAN_POINT('',(131.99350575002,-43.58892113481,
    -97.19871787164));
#2249 = CARTESIAN_POINT('',(145.32688237859,-43.59451890232,
    -97.19426191063));
#2250 = CARTESIAN_POINT('',(165.07772693982,-43.6005975233,
    -97.18942266122));
#2251 = CARTESIAN_POINT('',(171.49519442922,-43.60222647536,
    -97.18812571323));
#2252 = CARTESIAN_POINT('',(177.91266197516,-43.60356689695,
    -97.18705840459));
#2253 = CARTESIAN_POINT('',(184.33012955651,-43.60467619672,
    -97.18617507468));
#2254 = CARTESIAN_POINT('',(190.74759715745,-43.60561160203,
    -97.18543018945));
#2255 = CARTESIAN_POINT('',(197.16506476752,-43.60643015881,
    -97.18477834144));
#2256 = CARTESIAN_POINT('',(203.58253238163,-43.60718873168,
    -97.18417424977));
#2257 = CARTESIAN_POINT('',(210.,-43.60794400388,-97.18357276014));
#2258 = PCURVE('',#358,#2259);
#2259 = DEFINITIONAL_REPRESENTATION('',(#2260),#2319);
#2260 = B_SPLINE_CURVE_WITH_KNOTS('',8,(#2261,#2262,#2263,#2264,#2265,
    #2266,#2267,#2268,#2269,#2270,#2271,#2272,#2273,#2274,#2275,#2276,
    #2277,#2278,#2279,#2280,#2281,#2282,#2283,#2284,#2285,#2286,#2287,
    #2288,#2289,#2290,#2291,#2292,#2293,#2294,#2295,#2296,#2297,#2298,
    #2299,#2300,#2301,#2302,#2303,#2304,#2305,#2306,#2307,#2308,#2309,
    #2310,#2311,#2312,#2313,#2314,#2315,#2316,#2317,#2318),
  .UNSPECIFIED.,.F.,.F.,(9,7,7,7,7,7,7,7,9),(0.,7.70861513029E-02,
    0.167225013747,0.345659340882,0.524642096314,0.702605177685,
    0.881542389754,0.961510615385,1.),.UNSPECIFIED.);
#2261 = CARTESIAN_POINT('',(-5.441186660778,0.));
#2262 = CARTESIAN_POINT('',(-5.425375384743,-12.82897049015));
#2263 = CARTESIAN_POINT('',(-5.410213390015,-25.65988661336));
#2264 = CARTESIAN_POINT('',(-5.39560747879,-38.49240344174));
#2265 = CARTESIAN_POINT('',(-5.381488996132,-51.3262590755));
#2266 = CARTESIAN_POINT('',(-5.367804028642,-64.16125131012));
#2267 = CARTESIAN_POINT('',(-5.354508800744,-76.99722653523));
#2268 = CARTESIAN_POINT('',(-5.341567580821,-89.83407453095));
#2269 = CARTESIAN_POINT('',(-5.314196819337,-117.6831223381));
#2270 = CARTESIAN_POINT('',(-5.299886349186,-132.6955840822));
#2271 = CARTESIAN_POINT('',(-5.285971220491,-147.7089648791));
#2272 = CARTESIAN_POINT('',(-5.272414756785,-162.7231514282));
#2273 = CARTESIAN_POINT('',(-5.259187682389,-177.7380533302));
#2274 = CARTESIAN_POINT('',(-5.246266148156,-192.7535993104));
#2275 = CARTESIAN_POINT('',(-5.233630665433,-207.7697351285));
#2276 = CARTESIAN_POINT('',(-5.196786940807,-252.5126938256));
#2277 = CARTESIAN_POINT('',(-5.17336660847,-282.2410811883));
#2278 = CARTESIAN_POINT('',(-5.150879357225,-311.9712632937));
#2279 = CARTESIAN_POINT('',(-5.129252979689,-341.7030188331));
#2280 = CARTESIAN_POINT('',(-5.108442923486,-371.4361896008));
#2281 = CARTESIAN_POINT('',(-5.088426321706,-401.1706710669));
#2282 = CARTESIAN_POINT('',(-5.069195884752,-430.9064028555));
#2283 = CARTESIAN_POINT('',(-5.032260335828,-490.4717216643));
#2284 = CARTESIAN_POINT('',(-5.01456010293,-520.3012867253));
#2285 = CARTESIAN_POINT('',(-4.997660643504,-550.1320115701));
#2286 = CARTESIAN_POINT('',(-4.981578880062,-579.963857592));
#2287 = CARTESIAN_POINT('',(-4.966340055378,-609.7967903195));
#2288 = CARTESIAN_POINT('',(-4.951974136954,-639.6307752922));
#2289 = CARTESIAN_POINT('',(-4.938511556242,-669.4657730773));
#2290 = CARTESIAN_POINT('',(-4.913514861402,-728.9677153081));
#2291 = CARTESIAN_POINT('',(-4.901970202376,-758.6346555746));
#2292 = CARTESIAN_POINT('',(-4.891368326959,-788.3024825329));
#2293 = CARTESIAN_POINT('',(-4.881729064327,-817.9711225399));
#2294 = CARTESIAN_POINT('',(-4.873062105992,-847.6404956736));
#2295 = CARTESIAN_POINT('',(-4.865361325573,-877.3105116569));
#2296 = CARTESIAN_POINT('',(-4.858601233994,-906.9810672854));
#2297 = CARTESIAN_POINT('',(-4.84684310855,-966.4854397983));
#2298 = CARTESIAN_POINT('',(-4.841854916283,-996.3192731624));
#2299 = CARTESIAN_POINT('',(-4.837729266957,-1.026153441165E+03));
#2300 = CARTESIAN_POINT('',(-4.834403172938,-1.055987852046E+03));
#2301 = CARTESIAN_POINT('',(-4.831795688638,-1.085822428555E+03));
#2302 = CARTESIAN_POINT('',(-4.829812948079,-1.115657109107E+03));
#2303 = CARTESIAN_POINT('',(-4.828354176013,-1.145491849241E+03));
#2304 = CARTESIAN_POINT('',(-4.826850967825,-1.188659980417E+03));
#2305 = CARTESIAN_POINT('',(-4.826470532193,-1.201993345283E+03));
#2306 = CARTESIAN_POINT('',(-4.826164654328,-1.215326715066E+03));
#2307 = CARTESIAN_POINT('',(-4.825923921245,-1.228660088083E+03));
#2308 = CARTESIAN_POINT('',(-4.82573885439,-1.241993463049E+03));
#2309 = CARTESIAN_POINT('',(-4.825599953939,-1.255326839083E+03));
#2310 = CARTESIAN_POINT('',(-4.825497743099,-1.268660215712E+03));
#2311 = CARTESIAN_POINT('',(-4.825386747633,-1.288411060273E+03));
#2312 = CARTESIAN_POINT('',(-4.825357001912,-1.294828527763E+03));
#2313 = CARTESIAN_POINT('',(-4.825332524193,-1.301245995309E+03));
#2314 = CARTESIAN_POINT('',(-4.825312266578,-1.30766346289E+03));
#2315 = CARTESIAN_POINT('',(-4.825295184321,-1.314080930491E+03));
#2316 = CARTESIAN_POINT('',(-4.825280235831,-1.320498398101E+03));
#2317 = CARTESIAN_POINT('',(-4.825266382669,-1.326915865715E+03));
#2318 = CARTESIAN_POINT('',(-4.825252589548,-1.333333333333E+03));
#2319 = ( GEOMETRIC_REPRESENTATION_CONTEXT(2) 
PARAMETRIC_REPRESENTATION_CONTEXT() REPRESENTATION_CONTEXT('2D SPACE',''
  ) );
#2320 = PCURVE('',#384,#2321);
#2321 = DEFINITIONAL_REPRESENTATION('',(#2322),#2381);
#2322 = B_SPLINE_CURVE_WITH_KNOTS('',8,(#2323,#2324,#2325,#2326,#2327,
    #2328,#2329,#2330,#2331,#2332,#2333,#2334,#2335,#2336,#2337,#2338,
    #2339,#2340,#2341,#2342,#2343,#2344,#2345,#2346,#2347,#2348,#2349,
    #2350,#2351,#2352,#2353,#2354,#2355,#2356,#2357,#2358,#2359,#2360,
    #2361,#2362,#2363,#2364,#2365,#2366,#2367,#2368,#2369,#2370,#2371,
    #2372,#2373,#2374,#2375,#2376,#2377,#2378,#2379,#2380),
  .UNSPECIFIED.,.F.,.F.,(9,7,7,7,7,7,7,7,9),(0.,7.70861513029E-02,
    0.167225013747,0.345659340882,0.524642096314,0.702605177685,
    0.881542389754,0.961510615385,1.),.UNSPECIFIED.);
#2323 = CARTESIAN_POINT('',(1.,1.670055714859E-02));
#2324 = CARTESIAN_POINT('',(0.990378272132,3.222120577889E-02));
#2325 = CARTESIAN_POINT('',(0.98075508504,4.580277490637E-02));
#2326 = CARTESIAN_POINT('',(0.971130697419,5.775848232988E-02));
#2327 = CARTESIAN_POINT('',(0.961505305693,6.831709101668E-02));
#2328 = CARTESIAN_POINT('',(0.951879061517,7.765768268712E-02));
#2329 = CARTESIAN_POINT('',(0.942252080099,8.592571456617E-02));
#2330 = CARTESIAN_POINT('',(0.932624444102,9.324012061925E-02));
#2331 = CARTESIAN_POINT('',(0.911737658246,0.107256350236));
#2332 = CARTESIAN_POINT('',(0.900478311938,0.113644683373));
#2333 = CARTESIAN_POINT('',(0.889218276341,0.119026245847));
#2334 = CARTESIAN_POINT('',(0.877957636429,0.123525238151));
#2335 = CARTESIAN_POINT('',(0.866696460002,0.127242675481));
#2336 = CARTESIAN_POINT('',(0.855434800517,0.13026304772));
#2337 = CARTESIAN_POINT('',(0.844172698654,0.132657862687));
#2338 = CARTESIAN_POINT('',(0.810615479631,0.138113642038));
#2339 = CARTESIAN_POINT('',(0.788319189109,0.139529249473));
#2340 = CARTESIAN_POINT('',(0.76602155253,0.139214793942));
#2341 = CARTESIAN_POINT('',(0.743722735875,0.137498705891));
#2342 = CARTESIAN_POINT('',(0.721422857799,0.134641878993));
#2343 = CARTESIAN_POINT('',(0.6991219967,0.130857167999));
#2344 = CARTESIAN_POINT('',(0.676820197858,0.12632923687));
#2345 = CARTESIAN_POINT('',(0.632146208752,0.116098111388));
#2346 = CARTESIAN_POINT('',(0.609774034956,0.110391369024));
#2347 = CARTESIAN_POINT('',(0.587400991322,0.104266334116));
#2348 = CARTESIAN_POINT('',(0.565027106806,9.786714853166E-02));
#2349 = CARTESIAN_POINT('',(0.54265240726,9.132566044552E-02));
#2350 = CARTESIAN_POINT('',(0.520276918531,8.476406221706E-02));
#2351 = CARTESIAN_POINT('',(0.497900670192,7.829363385416E-02));
#2352 = CARTESIAN_POINT('',(0.453274213519,6.57654785744E-02));
#2353 = CARTESIAN_POINT('',(0.431024008319,5.970561226104E-02));
#2354 = CARTESIAN_POINT('',(0.4087731381,5.392767427056E-02));
#2355 = CARTESIAN_POINT('',(0.386521658095,4.851366437512E-02));
#2356 = CARTESIAN_POINT('',(0.364269628245,4.35288407639E-02));
#2357 = CARTESIAN_POINT('',(0.342017116257,3.901720876004E-02));
#2358 = CARTESIAN_POINT('',(0.319764199536,3.499895823553E-02));
#2359 = CARTESIAN_POINT('',(0.275135920151,2.792810184368E-02));
#2360 = CARTESIAN_POINT('',(0.252760545128,2.488089383106E-02));
#2361 = CARTESIAN_POINT('',(0.230384919127,2.233058059479E-02));
#2362 = CARTESIAN_POINT('',(0.208009110966,2.02544630976E-02));
#2363 = CARTESIAN_POINT('',(0.185633178583,1.86101509456E-02));
#2364 = CARTESIAN_POINT('',(0.16325716817,1.734203458762E-02));
#2365 = CARTESIAN_POINT('',(0.140881113069,1.638841581969E-02));
#2366 = CARTESIAN_POINT('',(0.108505014687,1.537138441005E-02));
#2367 = CARTESIAN_POINT('',(9.850499103802E-02,1.510733334082E-02));
#2368 = CARTESIAN_POINT('',(8.85049637004E-02,1.488765696321E-02));
#2369 = CARTESIAN_POINT('',(7.8504933938E-02,1.470659555342E-02));
#2370 = CARTESIAN_POINT('',(6.850490271357E-02,1.455838315043E-02));
#2371 = CARTESIAN_POINT('',(5.850487068748E-02,1.443729590699E-02));
#2372 = CARTESIAN_POINT('',(4.850483821605E-02,1.433770044057E-02));
#2373 = CARTESIAN_POINT('',(3.369170479513E-02,1.421386563526E-02));
#2374 = CARTESIAN_POINT('',(2.887860417808E-02,1.417733417145E-02));
#2375 = CARTESIAN_POINT('',(2.406550351862E-02,1.414389306374E-02));
#2376 = CARTESIAN_POINT('',(1.925240283262E-02,1.411293433317E-02));
#2377 = CARTESIAN_POINT('',(1.443930213191E-02,1.408385675101E-02));
#2378 = CARTESIAN_POINT('',(9.626201424354E-03,1.405606583878E-02));
#2379 = CARTESIAN_POINT('',(4.813100713775E-03,1.402897386826E-02));
#2380 = CARTESIAN_POINT('',(0.,1.400199986144E-02));
#2381 = ( GEOMETRIC_REPRESENTATION_CONTEXT(2) 
PARAMETRIC_REPRESENTATION_CONTEXT() REPRESENTATION_CONTEXT('2D SPACE',''
  ) );
#2382 = ADVANCED_FACE('',(#2383),#384,.T.);
#2383 = FACE_BOUND('',#2384,.T.);
#2384 = EDGE_LOOP('',(#2385,#2386,#2387,#2388));
#2385 = ORIENTED_EDGE('',*,*,#1283,.F.);
#2386 = ORIENTED_EDGE('',*,*,#2197,.F.);
#2387 = ORIENTED_EDGE('',*,*,#370,.T.);
#2388 = ORIENTED_EDGE('',*,*,#2389,.F.);
#2389 = EDGE_CURVE('',#1284,#371,#2390,.T.);
#2390 = SURFACE_CURVE('',#2391,(#2396,#2403),.PCURVE_S1.);
#2391 = B_SPLINE_CURVE_WITH_KNOTS('',3,(#2392,#2393,#2394,#2395),
  .UNSPECIFIED.,.F.,.F.,(4,4),(0.,1.),.PIECEWISE_BEZIER_KNOTS.);
#2392 = CARTESIAN_POINT('',(210.,-16.,-147.5));
#2393 = CARTESIAN_POINT('',(-234.4444444444,-16.,-143.6666666666));
#2394 = CARTESIAN_POINT('',(-678.8888888888,-16.,-139.8333333333));
#2395 = CARTESIAN_POINT('',(-1.123333333333E+03,-1.6,-136.));
#2396 = PCURVE('',#384,#2397);
#2397 = DEFINITIONAL_REPRESENTATION('',(#2398),#2402);
#2398 = LINE('',#2399,#2400);
#2399 = CARTESIAN_POINT('',(0.,1.));
#2400 = VECTOR('',#2401,1.);
#2401 = DIRECTION('',(1.,0.));
#2402 = ( GEOMETRIC_REPRESENTATION_CONTEXT(2) 
PARAMETRIC_REPRESENTATION_CONTEXT() REPRESENTATION_CONTEXT('2D SPACE',''
  ) );
#2403 = PCURVE('',#414,#2404);
#2404 = DEFINITIONAL_REPRESENTATION('',(#2405),#2409);
#2405 = LINE('',#2406,#2407);
#2406 = CARTESIAN_POINT('',(0.,0.));
#2407 = VECTOR('',#2408,1.);
#2408 = DIRECTION('',(1.,0.));
#2409 = ( GEOMETRIC_REPRESENTATION_CONTEXT(2) 
PARAMETRIC_REPRESENTATION_CONTEXT() REPRESENTATION_CONTEXT('2D SPACE',''
  ) );
#2410 = ADVANCED_FACE('',(#2411),#414,.T.);
#2411 = FACE_BOUND('',#2412,.T.);
#2412 = EDGE_LOOP('',(#2413,#2414,#2415,#2416));
#2413 = ORIENTED_EDGE('',*,*,#1312,.F.);
#2414 = ORIENTED_EDGE('',*,*,#2389,.T.);
#2415 = ORIENTED_EDGE('',*,*,#400,.T.);
#2416 = ORIENTED_EDGE('',*,*,#2417,.F.);
#2417 = EDGE_CURVE('',#1313,#401,#2418,.T.);
#2418 = SURFACE_CURVE('',#2419,(#2424,#2431),.PCURVE_S1.);
#2419 = B_SPLINE_CURVE_WITH_KNOTS('',3,(#2420,#2421,#2422,#2423),
  .UNSPECIFIED.,.F.,.F.,(4,4),(0.,1.),.PIECEWISE_BEZIER_KNOTS.);
#2420 = CARTESIAN_POINT('',(210.,16.,-147.5));
#2421 = CARTESIAN_POINT('',(-234.4444444444,16.,-143.6666666666));
#2422 = CARTESIAN_POINT('',(-678.8888888888,16.,-139.8333333333));
#2423 = CARTESIAN_POINT('',(-1.123333333333E+03,1.6,-136.));
#2424 = PCURVE('',#414,#2425);
#2425 = DEFINITIONAL_REPRESENTATION('',(#2426),#2430);
#2426 = LINE('',#2427,#2428);
#2427 = CARTESIAN_POINT('',(0.,1.));
#2428 = VECTOR('',#2429,1.);
#2429 = DIRECTION('',(1.,0.));
#2430 = ( GEOMETRIC_REPRESENTATION_CONTEXT(2) 
PARAMETRIC_REPRESENTATION_CONTEXT() REPRESENTATION_CONTEXT('2D SPACE',''
  ) );
#2431 = PCURVE('',#444,#2432);
#2432 = DEFINITIONAL_REPRESENTATION('',(#2433),#2437);
#2433 = LINE('',#2434,#2435);
#2434 = CARTESIAN_POINT('',(0.,0.));
#2435 = VECTOR('',#2436,1.);
#2436 = DIRECTION('',(1.,0.));
#2437 = ( GEOMETRIC_REPRESENTATION_CONTEXT(2) 
PARAMETRIC_REPRESENTATION_CONTEXT() REPRESENTATION_CONTEXT('2D SPACE',''
  ) );
#2438 = ADVANCED_FACE('',(#2439),#444,.T.);
#2439 = FACE_BOUND('',#2440,.T.);
#2440 = EDGE_LOOP('',(#2441,#2442,#2443,#2444));
#2441 = ORIENTED_EDGE('',*,*,#1341,.F.);
#2442 = ORIENTED_EDGE('',*,*,#2417,.T.);
#2443 = ORIENTED_EDGE('',*,*,#430,.T.);
#2444 = ORIENTED_EDGE('',*,*,#2445,.T.);
#2445 = EDGE_CURVE('',#431,#1342,#2446,.T.);
#2446 = SURFACE_CURVE('',#2447,(#2506,#2568),.PCURVE_S1.);
#2447 = B_SPLINE_CURVE_WITH_KNOTS('',8,(#2448,#2449,#2450,#2451,#2452,
    #2453,#2454,#2455,#2456,#2457,#2458,#2459,#2460,#2461,#2462,#2463,
    #2464,#2465,#2466,#2467,#2468,#2469,#2470,#2471,#2472,#2473,#2474,
    #2475,#2476,#2477,#2478,#2479,#2480,#2481,#2482,#2483,#2484,#2485,
    #2486,#2487,#2488,#2489,#2490,#2491,#2492,#2493,#2494,#2495,#2496,
    #2497,#2498,#2499,#2500,#2501,#2502,#2503,#2504,#2505),
  .UNSPECIFIED.,.F.,.F.,(9,7,7,7,7,7,7,7,9),(0.,7.708615123322E-02,
    0.167225013678,0.345659349122,0.524642104553,0.70260518592,
    0.881542397989,0.96151062362,1.),.UNSPECIFIED.);
#2448 = CARTESIAN_POINT('',(-1.123333333333E+03,3.959918662677,
    -112.3143102693));
#2449 = CARTESIAN_POINT('',(-1.110504362855E+03,5.06493559397,
    -112.2516989025));
#2450 = CARTESIAN_POINT('',(-1.097673446743E+03,6.123444152606,
    -112.1716913473));
#2451 = CARTESIAN_POINT('',(-1.084840929927E+03,7.141699887501,
    -112.0768096814));
#2452 = CARTESIAN_POINT('',(-1.072007074305E+03,8.124340193492,
    -111.9688616647));
#2453 = CARTESIAN_POINT('',(-1.059172082081E+03,9.075019690066,
    -111.849257056));
#2454 = CARTESIAN_POINT('',(-1.046336106868E+03,9.996713384105,
    -111.7191468201));
#2455 = CARTESIAN_POINT('',(-1.033499258884E+03,10.89185797183,
    -111.5794796382));
#2456 = CARTESIAN_POINT('',(-1.005650211089E+03,12.78056815095,
    -111.2575310121));
#2457 = CARTESIAN_POINT('',(-990.6377493442,13.765131227677,
    -111.0720383311));
#2458 = CARTESIAN_POINT('',(-975.6243685475,14.719457795554,
    -110.8758914242));
#2459 = CARTESIAN_POINT('',(-960.6101819983,15.646068935959,
    -110.6701293228));
#2460 = CARTESIAN_POINT('',(-945.5952800961,16.546987921638,
    -110.4556341719));
#2461 = CARTESIAN_POINT('',(-930.5797341161,17.423874156953,
    -110.2331835862));
#2462 = CARTESIAN_POINT('',(-915.5635982978,18.278096725153,
    -110.0034770915));
#2463 = CARTESIAN_POINT('',(-870.8206382168,20.759181032046,
    -109.2993639719));
#2464 = CARTESIAN_POINT('',(-841.0922494689,22.323237276418,
    -108.8056693337));
#2465 = CARTESIAN_POINT('',(-811.3620659821,23.811846929098,
    -108.2910934355));
#2466 = CARTESIAN_POINT('',(-781.6303090528,25.230416291895,
    -107.7598322062));
#2467 = CARTESIAN_POINT('',(-751.8971369065,26.582603424822,
    -107.2158888014));
#2468 = CARTESIAN_POINT('',(-722.1626540515,27.870759738453,
    -106.6632071599));
#2469 = CARTESIAN_POINT('',(-692.4269208797,29.096371147026,
    -106.1058167875));
#2470 = CARTESIAN_POINT('',(-632.8616006854,31.427795725899,
    -104.9881361808));
#2471 = CARTESIAN_POINT('',(-603.0320356242,32.5332284945,
    -104.4278428335));
#2472 = CARTESIAN_POINT('',(-573.2013107791,33.577457617318,
    -103.8711103814));
#2473 = CARTESIAN_POINT('',(-543.3694647571,34.560726102635,
    -103.322185261));
#2474 = CARTESIAN_POINT('',(-513.5365320293,35.482912747206,
    -102.7854269216));
#2475 = CARTESIAN_POINT('',(-483.7025470564,36.343746251379,
    -102.2652258633));
#2476 = CARTESIAN_POINT('',(-453.8675492712,37.1430172389,
    -101.7658210146));
#2477 = CARTESIAN_POINT('',(-394.3656070402,38.614437992588,
    -100.8189255091));
#2478 = CARTESIAN_POINT('',(-364.6986667728,39.287285804742,
    -100.3711554994));
#2479 = CARTESIAN_POINT('',(-335.030839816,39.899472891072,
    -99.95145544227));
#2480 = CARTESIAN_POINT('',(-305.362199808,40.451397360645,
    -99.56315532224));
#2481 = CARTESIAN_POINT('',(-275.6928266735,40.943983787554,
    -99.20891299671));
#2482 = CARTESIAN_POINT('',(-246.0228106919,41.378901591624,
    -98.89039806478));
#2483 = CARTESIAN_POINT('',(-216.3522550623,41.75868014991,
    -98.6080859873));
#2484 = CARTESIAN_POINT('',(-156.8478825497,42.416369975794,
    -98.11322616722));
#2485 = CARTESIAN_POINT('',(-127.014049186,42.693712626724,
    -97.90106847183));
#2486 = CARTESIAN_POINT('',(-97.17988118344,42.922019676473,
    -97.72419978828));
#2487 = CARTESIAN_POINT('',(-67.34547030287,43.105456684754,
    -97.58081157515));
#2488 = CARTESIAN_POINT('',(-37.51089379354,43.24893052554,
    -97.46798215008));
#2489 = CARTESIAN_POINT('',(-7.676213241259,43.357861011028,
    -97.38197409171));
#2490 = CARTESIAN_POINT('',(22.158526891942,43.437923908219,
    -97.31859260177));
#2491 = CARTESIAN_POINT('',(65.326658067898,43.520370354637,
    -97.25321071278));
#2492 = CARTESIAN_POINT('',(78.66002293368,43.5412254336,-97.23665025008
    ));
#2493 = CARTESIAN_POINT('',(91.993392717174,43.557987195452,
    -97.2233275776));
#2494 = CARTESIAN_POINT('',(105.3267657337,43.571175883131,
    -97.21283828242));
#2495 = CARTESIAN_POINT('',(118.66014069959,43.5813133199,
    -97.20477255176));
#2496 = CARTESIAN_POINT('',(131.99351673436,43.588921117377,
    -97.19871790888));
#2497 = CARTESIAN_POINT('',(145.32689336293,43.594518883579,
    -97.19426194892));
#2498 = CARTESIAN_POINT('',(165.0777365511,43.600597502662,
    -97.18942270103));
#2499 = CARTESIAN_POINT('',(171.49520266746,43.602226454053,
    -97.18812575358));
#2500 = CARTESIAN_POINT('',(177.91266884037,43.603566875141,
    -97.18705844533));
#2501 = CARTESIAN_POINT('',(184.33013504867,43.604676174577,
    -97.18617511569));
#2502 = CARTESIAN_POINT('',(190.74760127657,43.605611579647,
    -97.18543023065));
#2503 = CARTESIAN_POINT('',(197.1650675136,43.606430136276,
    -97.18477838276));
#2504 = CARTESIAN_POINT('',(203.58253375467,43.607188709027,
    -97.18417429119));
#2505 = CARTESIAN_POINT('',(210.,43.607943981099,-97.18357280166));
#2506 = PCURVE('',#444,#2507);
#2507 = DEFINITIONAL_REPRESENTATION('',(#2508),#2567);
#2508 = B_SPLINE_CURVE_WITH_KNOTS('',8,(#2509,#2510,#2511,#2512,#2513,
    #2514,#2515,#2516,#2517,#2518,#2519,#2520,#2521,#2522,#2523,#2524,
    #2525,#2526,#2527,#2528,#2529,#2530,#2531,#2532,#2533,#2534,#2535,
    #2536,#2537,#2538,#2539,#2540,#2541,#2542,#2543,#2544,#2545,#2546,
    #2547,#2548,#2549,#2550,#2551,#2552,#2553,#2554,#2555,#2556,#2557,
    #2558,#2559,#2560,#2561,#2562,#2563,#2564,#2565,#2566),
  .UNSPECIFIED.,.F.,.F.,(9,7,7,7,7,7,7,7,9),(0.,7.708615123322E-02,
    0.167225013678,0.345659349122,0.524642104553,0.70260518592,
    0.881542397989,0.96151062362,1.),.UNSPECIFIED.);
#2509 = CARTESIAN_POINT('',(1.,0.983299442782));
#2510 = CARTESIAN_POINT('',(0.990378272141,0.967778794148));
#2511 = CARTESIAN_POINT('',(0.980755085057,0.954197225014));
#2512 = CARTESIAN_POINT('',(0.971130697445,0.942241517583));
#2513 = CARTESIAN_POINT('',(0.961505305728,0.931682908888));
#2514 = CARTESIAN_POINT('',(0.951879061561,0.922342317207));
#2515 = CARTESIAN_POINT('',(0.942252080151,0.914074285318));
#2516 = CARTESIAN_POINT('',(0.932624444163,0.906759879254));
#2517 = CARTESIAN_POINT('',(0.911737658316,0.892743649605));
#2518 = CARTESIAN_POINT('',(0.900478312008,0.886355316449));
#2519 = CARTESIAN_POINT('',(0.889218276411,0.880973753956));
#2520 = CARTESIAN_POINT('',(0.877957636499,0.876474761635));
#2521 = CARTESIAN_POINT('',(0.866696460072,0.872757324288));
#2522 = CARTESIAN_POINT('',(0.855434800587,0.869736952033));
#2523 = CARTESIAN_POINT('',(0.844172698723,0.86734213705));
#2524 = CARTESIAN_POINT('',(0.810615478663,0.861886357485));
#2525 = CARTESIAN_POINT('',(0.788319187102,0.860470750058));
#2526 = CARTESIAN_POINT('',(0.766021549487,0.860785205737));
#2527 = CARTESIAN_POINT('',(0.743722731789,0.862501294037));
#2528 = CARTESIAN_POINT('',(0.72142285268,0.865358121253));
#2529 = CARTESIAN_POINT('',(0.699121990539,0.869142832613));
#2530 = CARTESIAN_POINT('',(0.67682019066,0.873670764134));
#2531 = CARTESIAN_POINT('',(0.632146200514,0.883901890179));
#2532 = CARTESIAN_POINT('',(0.609774026718,0.88960863266));
#2533 = CARTESIAN_POINT('',(0.587400983084,0.895733667645));
#2534 = CARTESIAN_POINT('',(0.565027098568,0.902132853267));
#2535 = CARTESIAN_POINT('',(0.542652399022,0.908674341357));
#2536 = CARTESIAN_POINT('',(0.520276910292,0.915235939556));
#2537 = CARTESIAN_POINT('',(0.497900661953,0.92170636786));
#2538 = CARTESIAN_POINT('',(0.45327420528,0.934234522971));
#2539 = CARTESIAN_POINT('',(0.43102400008,0.940294389175));
#2540 = CARTESIAN_POINT('',(0.408773129862,0.946072327033));
#2541 = CARTESIAN_POINT('',(0.386521649856,0.951486336779));
#2542 = CARTESIAN_POINT('',(0.364269620005,0.956471160227));
#2543 = CARTESIAN_POINT('',(0.342017108019,0.96098279206));
#2544 = CARTESIAN_POINT('',(0.319764191297,0.965001042411));
#2545 = CARTESIAN_POINT('',(0.275135911912,0.972071898462));
#2546 = CARTESIAN_POINT('',(0.25276053689,0.975119106306));
#2547 = CARTESIAN_POINT('',(0.230384910888,0.977669419382));
#2548 = CARTESIAN_POINT('',(0.208009102727,0.979745536731));
#2549 = CARTESIAN_POINT('',(0.185633170345,0.981389848751));
#2550 = CARTESIAN_POINT('',(0.163257159931,0.982657964995));
#2551 = CARTESIAN_POINT('',(0.140881104831,0.983611583668));
#2552 = CARTESIAN_POINT('',(0.108505006449,0.984628614967));
#2553 = CARTESIAN_POINT('',(9.850498279974E-02,0.984892666006));
#2554 = CARTESIAN_POINT('',(8.850495546212E-02,0.985112342357));
#2555 = CARTESIAN_POINT('',(7.850492569972E-02,0.985293403744));
#2556 = CARTESIAN_POINT('',(6.850489447531E-02,0.985441616128));
#2557 = CARTESIAN_POINT('',(5.850486244923E-02,0.985562703356));
#2558 = CARTESIAN_POINT('',(4.85048299778E-02,0.985662298811));
#2559 = CARTESIAN_POINT('',(3.369169758667E-02,0.985786133595));
#2560 = CARTESIAN_POINT('',(2.88785979994E-02,0.985822665049));
#2561 = CARTESIAN_POINT('',(2.406549836972E-02,0.985856106148));
#2562 = CARTESIAN_POINT('',(1.92523987135E-02,0.985887064872));
#2563 = CARTESIAN_POINT('',(1.443929904257E-02,0.985916142449));
#2564 = CARTESIAN_POINT('',(9.626199364793E-03,0.985943933356));
#2565 = CARTESIAN_POINT('',(4.813099683994E-03,0.985971025322));
#2566 = CARTESIAN_POINT('',(0.,0.985997999325));
#2567 = ( GEOMETRIC_REPRESENTATION_CONTEXT(2) 
PARAMETRIC_REPRESENTATION_CONTEXT() REPRESENTATION_CONTEXT('2D SPACE',''
  ) );
#2568 = PCURVE('',#477,#2569);
#2569 = DEFINITIONAL_REPRESENTATION('',(#2570),#2629);
#2570 = B_SPLINE_CURVE_WITH_KNOTS('',8,(#2571,#2572,#2573,#2574,#2575,
    #2576,#2577,#2578,#2579,#2580,#2581,#2582,#2583,#2584,#2585,#2586,
    #2587,#2588,#2589,#2590,#2591,#2592,#2593,#2594,#2595,#2596,#2597,
    #2598,#2599,#2600,#2601,#2602,#2603,#2604,#2605,#2606,#2607,#2608,
    #2609,#2610,#2611,#2612,#2613,#2614,#2615,#2616,#2617,#2618,#2619,
    #2620,#2621,#2622,#2623,#2624,#2625,#2626,#2627,#2628),
  .UNSPECIFIED.,.F.,.F.,(9,7,7,7,7,7,7,7,9),(0.,7.708615123322E-02,
    0.167225013678,0.345659349122,0.524642104553,0.70260518592,
    0.881542397989,0.96151062362,1.),.UNSPECIFIED.);
#2571 = CARTESIAN_POINT('',(-5.554387626364,0.));
#2572 = CARTESIAN_POINT('',(-5.570198902382,-12.82897047836));
#2573 = CARTESIAN_POINT('',(-5.585360897096,-25.65988659042));
#2574 = CARTESIAN_POINT('',(-5.599966808305,-38.49240340625));
#2575 = CARTESIAN_POINT('',(-5.614085290949,-51.32625902876));
#2576 = CARTESIAN_POINT('',(-5.627770258425,-64.16125125219));
#2577 = CARTESIAN_POINT('',(-5.641065486309,-76.99722646482));
#2578 = CARTESIAN_POINT('',(-5.654006706218,-89.83407444927));
#2579 = CARTESIAN_POINT('',(-5.681377467687,-117.6831222446));
#2580 = CARTESIAN_POINT('',(-5.695687937835,-132.6955839891));
#2581 = CARTESIAN_POINT('',(-5.709603066526,-147.7089647856));
#2582 = CARTESIAN_POINT('',(-5.723159530229,-162.7231513349));
#2583 = CARTESIAN_POINT('',(-5.73638660462,-177.7380532372));
#2584 = CARTESIAN_POINT('',(-5.749308138849,-192.753599217));
#2585 = CARTESIAN_POINT('',(-5.761943621567,-207.7697350355));
#2586 = CARTESIAN_POINT('',(-5.798787347317,-252.5126951165));
#2587 = CARTESIAN_POINT('',(-5.822207680684,-282.2410838643));
#2588 = CARTESIAN_POINT('',(-5.844694932876,-311.9712673513));
#2589 = CARTESIAN_POINT('',(-5.866321311286,-341.7030242803));
#2590 = CARTESIAN_POINT('',(-5.887131368288,-371.4361964268));
#2591 = CARTESIAN_POINT('',(-5.907147970803,-401.1706792818));
#2592 = CARTESIAN_POINT('',(-5.926378408415,-430.9064124535));
#2593 = CARTESIAN_POINT('',(-5.963313957647,-490.4717326478));
#2594 = CARTESIAN_POINT('',(-5.981014190267,-520.301297709));
#2595 = CARTESIAN_POINT('',(-5.99791364941,-550.1320225541));
#2596 = CARTESIAN_POINT('',(-6.013995412563,-579.9638685762));
#2597 = CARTESIAN_POINT('',(-6.029234236949,-609.7968013039));
#2598 = CARTESIAN_POINT('',(-6.043600155068,-639.6307862769));
#2599 = CARTESIAN_POINT('',(-6.057062735466,-669.465784062));
#2600 = CARTESIAN_POINT('',(-6.082059429667,-728.967726293));
#2601 = CARTESIAN_POINT('',(-6.093604088368,-758.6346665605));
#2602 = CARTESIAN_POINT('',(-6.104205963455,-788.3024935172));
#2603 = CARTESIAN_POINT('',(-6.113845225755,-817.9711335252));
#2604 = CARTESIAN_POINT('',(-6.122512183758,-847.6405066598));
#2605 = CARTESIAN_POINT('',(-6.130212963851,-877.3105226413));
#2606 = CARTESIAN_POINT('',(-6.136973055113,-906.9810782709));
#2607 = CARTESIAN_POINT('',(-6.148731179952,-966.4854507835));
#2608 = CARTESIAN_POINT('',(-6.153719371929,-996.3192841472));
#2609 = CARTESIAN_POINT('',(-6.157845020984,-1.02615345215E+03));
#2610 = CARTESIAN_POINT('',(-6.161171114755,-1.05598786303E+03));
#2611 = CARTESIAN_POINT('',(-6.163778598833,-1.08582243954E+03));
#2612 = CARTESIAN_POINT('',(-6.165761339199,-1.115657120092E+03));
#2613 = CARTESIAN_POINT('',(-6.167220111101,-1.145491860225E+03));
#2614 = CARTESIAN_POINT('',(-6.168723319095,-1.188659991401E+03));
#2615 = CARTESIAN_POINT('',(-6.169103754673,-1.201993356267E+03));
#2616 = CARTESIAN_POINT('',(-6.16940963249,-1.215326726051E+03));
#2617 = CARTESIAN_POINT('',(-6.169650365531,-1.228660099067E+03));
#2618 = CARTESIAN_POINT('',(-6.16983543235,-1.241993474033E+03));
#2619 = CARTESIAN_POINT('',(-6.169974332771,-1.255326850068E+03));
#2620 = CARTESIAN_POINT('',(-6.170076543587,-1.268660226696E+03));
#2621 = CARTESIAN_POINT('',(-6.170187539018,-1.288411069884E+03));
#2622 = CARTESIAN_POINT('',(-6.170217284727,-1.294828536001E+03));
#2623 = CARTESIAN_POINT('',(-6.170241762437,-1.301246002174E+03));
#2624 = CARTESIAN_POINT('',(-6.170262020046,-1.307663468382E+03));
#2625 = CARTESIAN_POINT('',(-6.170279102298,-1.31408093461E+03));
#2626 = CARTESIAN_POINT('',(-6.170294050785,-1.320498400847E+03));
#2627 = CARTESIAN_POINT('',(-6.170307903946,-1.326915867088E+03));
#2628 = CARTESIAN_POINT('',(-6.170321697064,-1.333333333333E+03));
#2629 = ( GEOMETRIC_REPRESENTATION_CONTEXT(2) 
PARAMETRIC_REPRESENTATION_CONTEXT() REPRESENTATION_CONTEXT('2D SPACE',''
  ) );
#2630 = ADVANCED_FACE('',(#2631),#477,.T.);
#2631 = FACE_BOUND('',#2632,.F.);
#2632 = EDGE_LOOP('',(#2633,#2634,#2655,#2656));
#2633 = ORIENTED_EDGE('',*,*,#1370,.F.);
#2634 = ORIENTED_EDGE('',*,*,#2635,.F.);
#2635 = EDGE_CURVE('',#461,#1371,#2636,.T.);
#2636 = SURFACE_CURVE('',#2637,(#2641,#2648),.PCURVE_S1.);
#2637 = LINE('',#2638,#2639);
#2638 = CARTESIAN_POINT('',(-1.123333333333E+03,49.497474699281,
    -91.92388153493));
#2639 = VECTOR('',#2640,1.);
#2640 = DIRECTION('',(1.,0.,0.));
#2641 = PCURVE('',#477,#2642);
#2642 = DEFINITIONAL_REPRESENTATION('',(#2643),#2647);
#2643 = LINE('',#2644,#2645);
#2644 = CARTESIAN_POINT('',(-6.28318530718,0.));
#2645 = VECTOR('',#2646,1.);
#2646 = DIRECTION('',(0.,-1.));
#2647 = ( GEOMETRIC_REPRESENTATION_CONTEXT(2) 
PARAMETRIC_REPRESENTATION_CONTEXT() REPRESENTATION_CONTEXT('2D SPACE',''
  ) );
#2648 = PCURVE('',#505,#2649);
#2649 = DEFINITIONAL_REPRESENTATION('',(#2650),#2654);
#2650 = LINE('',#2651,#2652);
#2651 = CARTESIAN_POINT('',(0.,0.));
#2652 = VECTOR('',#2653,1.);
#2653 = DIRECTION('',(0.,-1.));
#2654 = ( GEOMETRIC_REPRESENTATION_CONTEXT(2) 
PARAMETRIC_REPRESENTATION_CONTEXT() REPRESENTATION_CONTEXT('2D SPACE',''
  ) );
#2655 = ORIENTED_EDGE('',*,*,#460,.F.);
#2656 = ORIENTED_EDGE('',*,*,#2445,.T.);
#2657 = ADVANCED_FACE('',(#2658),#505,.F.);
#2658 = FACE_BOUND('',#2659,.F.);
#2659 = EDGE_LOOP('',(#2660,#2661,#2662,#2663));
#2660 = ORIENTED_EDGE('',*,*,#489,.F.);
#2661 = ORIENTED_EDGE('',*,*,#2635,.T.);
#2662 = ORIENTED_EDGE('',*,*,#1398,.T.);
#2663 = ORIENTED_EDGE('',*,*,#2664,.F.);
#2664 = EDGE_CURVE('',#490,#1399,#2665,.T.);
#2665 = SURFACE_CURVE('',#2666,(#2670,#2677),.PCURVE_S1.);
#2666 = LINE('',#2667,#2668);
#2667 = CARTESIAN_POINT('',(-1.123333333333E+03,91.923881568928,
    -49.49747466838));
#2668 = VECTOR('',#2669,1.);
#2669 = DIRECTION('',(1.,0.,0.));
#2670 = PCURVE('',#505,#2671);
#2671 = DEFINITIONAL_REPRESENTATION('',(#2672),#2676);
#2672 = LINE('',#2673,#2674);
#2673 = CARTESIAN_POINT('',(59.999999995627,0.));
#2674 = VECTOR('',#2675,1.);
#2675 = DIRECTION('',(0.,-1.));
#2676 = ( GEOMETRIC_REPRESENTATION_CONTEXT(2) 
PARAMETRIC_REPRESENTATION_CONTEXT() REPRESENTATION_CONTEXT('2D SPACE',''
  ) );
#2677 = PCURVE('',#534,#2678);
#2678 = DEFINITIONAL_REPRESENTATION('',(#2679),#2683);
#2679 = LINE('',#2680,#2681);
#2680 = CARTESIAN_POINT('',(0.,0.));
#2681 = VECTOR('',#2682,1.);
#2682 = DIRECTION('',(0.,-1.));
#2683 = ( GEOMETRIC_REPRESENTATION_CONTEXT(2) 
PARAMETRIC_REPRESENTATION_CONTEXT() REPRESENTATION_CONTEXT('2D SPACE',''
  ) );
#2684 = ADVANCED_FACE('',(#2685),#534,.T.);
#2685 = FACE_BOUND('',#2686,.F.);
#2686 = EDGE_LOOP('',(#2687,#2688,#2689,#2690));
#2687 = ORIENTED_EDGE('',*,*,#517,.F.);
#2688 = ORIENTED_EDGE('',*,*,#2664,.T.);
#2689 = ORIENTED_EDGE('',*,*,#1419,.F.);
#2690 = ORIENTED_EDGE('',*,*,#2691,.F.);
#2691 = EDGE_CURVE('',#518,#1420,#2692,.T.);
#2692 = SURFACE_CURVE('',#2693,(#2752,#2814),.PCURVE_S1.);
#2693 = B_SPLINE_CURVE_WITH_KNOTS('',8,(#2694,#2695,#2696,#2697,#2698,
    #2699,#2700,#2701,#2702,#2703,#2704,#2705,#2706,#2707,#2708,#2709,
    #2710,#2711,#2712,#2713,#2714,#2715,#2716,#2717,#2718,#2719,#2720,
    #2721,#2722,#2723,#2724,#2725,#2726,#2727,#2728,#2729,#2730,#2731,
    #2732,#2733,#2734,#2735,#2736,#2737,#2738,#2739,#2740,#2741,#2742,
    #2743,#2744,#2745,#2746,#2747,#2748,#2749,#2750,#2751),
  .UNSPECIFIED.,.F.,.F.,(9,7,7,7,7,7,7,7,9),(0.,7.708615140887E-02,
    0.167225013852,0.345659337408,0.524642092841,0.702605174212,
    0.881542386282,0.961510611913,1.),.UNSPECIFIED.);
#2694 = CARTESIAN_POINT('',(-1.123333333333E+03,112.31431030338,
    -3.959918659283));
#2695 = CARTESIAN_POINT('',(-1.110504362825E+03,112.25169893612,
    -5.064935592185));
#2696 = CARTESIAN_POINT('',(-1.097673446685E+03,112.17169138033,
    -6.123444152254));
#2697 = CARTESIAN_POINT('',(-1.084840929838E+03,112.07680971393,
    -7.141699888592));
#2698 = CARTESIAN_POINT('',(-1.072007074187E+03,111.96886169657,
    -8.124340195863));
#2699 = CARTESIAN_POINT('',(-1.059172081935E+03,111.84925708728,
    -9.075019693641));
#2700 = CARTESIAN_POINT('',(-1.046336106692E+03,111.71914685075,
    -9.996713388913));
#2701 = CARTESIAN_POINT('',(-1.033499258679E+03,111.57947966823,
    -10.89185797774));
#2702 = CARTESIAN_POINT('',(-1.005650210854E+03,111.25753104107,
    -12.7805681569));
#2703 = CARTESIAN_POINT('',(-990.6377491096,111.07203835979,
    -13.76513123265));
#2704 = CARTESIAN_POINT('',(-975.6243683129,110.8758914526,
    -14.71945779963));
#2705 = CARTESIAN_POINT('',(-960.6101817638,110.67012935088,
    -15.64606893922));
#2706 = CARTESIAN_POINT('',(-945.5952798618,110.45563419972,
    -16.54698792413));
#2707 = CARTESIAN_POINT('',(-930.579733882,110.23318361375,
    -17.42387415872));
#2708 = CARTESIAN_POINT('',(-915.5635980637,110.00347711885,
    -18.27809672626));
#2709 = CARTESIAN_POINT('',(-870.820639963,109.29936402978,
    -20.7591809215));
#2710 = CARTESIAN_POINT('',(-841.0922531964,108.80566942579,
    -22.32323706619));
#2711 = CARTESIAN_POINT('',(-811.3620716884,108.29109356417,
    -23.81184662895));
#2712 = CARTESIAN_POINT('',(-781.6303167434,107.75983237338,
    -25.23041591019));
#2713 = CARTESIAN_POINT('',(-751.8971465745,107.21588900777,
    -26.58260297021));
#2714 = CARTESIAN_POINT('',(-722.1626657034,106.66320740583,
    -27.87075921853));
#2715 = CARTESIAN_POINT('',(-692.426934512,106.10581707217,
    -29.0963705699));
#2716 = CARTESIAN_POINT('',(-632.8616162997,104.98813650267,
    -31.42779512775));
#2717 = CARTESIAN_POINT('',(-603.032051239,104.42784315377,
    -32.53322792436));
#2718 = CARTESIAN_POINT('',(-573.201326394,103.87111069828,
    -33.57745707511));
#2719 = CARTESIAN_POINT('',(-543.3694803724,103.3221855729,
    -34.56072558839));
#2720 = CARTESIAN_POINT('',(-513.5365476451,102.78542722678,
    -35.48291226103));
#2721 = CARTESIAN_POINT('',(-483.7025626721,102.26522616004,
    -36.34374579342));
#2722 = CARTESIAN_POINT('',(-453.8675648874,101.76582130124,
    -37.14301680924));
#2723 = CARTESIAN_POINT('',(-394.3656226567,100.81892577255,
    -38.61443761933));
#2724 = CARTESIAN_POINT('',(-364.6986823899,100.37115574985,
    -39.28728545958));
#2725 = CARTESIAN_POINT('',(-335.0308554323,99.951455678274,
    -39.89947257391));
#2726 = CARTESIAN_POINT('',(-305.3622154249,99.563155542748,
    -40.45139707117));
#2727 = CARTESIAN_POINT('',(-275.6928422909,99.208913200872,
    -40.94398352527));
#2728 = CARTESIAN_POINT('',(-246.0228263083,98.890398252094,
    -41.37890135578));
#2729 = CARTESIAN_POINT('',(-216.3522706793,98.608086157681,
    -41.75867993943));
#2730 = CARTESIAN_POINT('',(-156.8478981666,98.113226304179,
    -42.41636981358));
#2731 = CARTESIAN_POINT('',(-127.0140648023,97.901068592311,
    -42.69371248738));
#2732 = CARTESIAN_POINT('',(-97.1798968006,97.724199892949,
    -42.9220195584));
#2733 = CARTESIAN_POINT('',(-67.34548591928,97.580811665021,
    -43.10545658613));
#2734 = CARTESIAN_POINT('',(-37.51090940927,97.467982226482,
    -43.24893044432));
#2735 = CARTESIAN_POINT('',(-7.67622885797,97.381974156216,
    -43.35786094503));
#2736 = CARTESIAN_POINT('',(22.158511276178,97.318592656048,
    -43.43792385521));
#2737 = CARTESIAN_POINT('',(65.326642452161,97.253210754803,
    -43.52037031712));
#2738 = CARTESIAN_POINT('',(78.660007317945,97.236650288673,
    -43.54122540041));
#2739 = CARTESIAN_POINT('',(91.993377101447,97.223327613119,
    -43.55798716613));
#2740 = CARTESIAN_POINT('',(105.32675011799,97.212838315226,
    -43.57117585722));
#2741 = CARTESIAN_POINT('',(118.66012508389,97.204772582219,
    -43.58131329694));
#2742 = CARTESIAN_POINT('',(131.99350111868,97.198717937345,
    -43.58892109691));
#2743 = CARTESIAN_POINT('',(145.32687774726,97.194261975766,
    -43.59451886515));
#2744 = CARTESIAN_POINT('',(165.07772288741,97.189422725527,
    -43.60059748717));
#2745 = CARTESIAN_POINT('',(171.49519095572,97.188125777244,
    -43.60222643961));
#2746 = CARTESIAN_POINT('',(177.91265908058,97.187058468374,
    -43.60356686148));
#2747 = CARTESIAN_POINT('',(184.33012724084,97.186175138279,
    -43.60467616149));
#2748 = CARTESIAN_POINT('',(190.7475954207,97.185430252904,
    -43.60561156697));
#2749 = CARTESIAN_POINT('',(197.16506360969,97.184778404773,
    -43.60643012391));
#2750 = CARTESIAN_POINT('',(203.58253180271,97.184174312995,
    -43.60718869692));
#2751 = CARTESIAN_POINT('',(210.,97.18357282326,-43.60794396924));
#2752 = PCURVE('',#534,#2753);
#2753 = DEFINITIONAL_REPRESENTATION('',(#2754),#2813);
#2754 = B_SPLINE_CURVE_WITH_KNOTS('',8,(#2755,#2756,#2757,#2758,#2759,
    #2760,#2761,#2762,#2763,#2764,#2765,#2766,#2767,#2768,#2769,#2770,
    #2771,#2772,#2773,#2774,#2775,#2776,#2777,#2778,#2779,#2780,#2781,
    #2782,#2783,#2784,#2785,#2786,#2787,#2788,#2789,#2790,#2791,#2792,
    #2793,#2794,#2795,#2796,#2797,#2798,#2799,#2800,#2801,#2802,#2803,
    #2804,#2805,#2806,#2807,#2808,#2809,#2810,#2811,#2812),
  .UNSPECIFIED.,.F.,.F.,(9,7,7,7,7,7,7,7,9),(0.,7.708615140887E-02,
    0.167225013852,0.345659337408,0.524642092841,0.702605174212,
    0.881542386282,0.961510611913,1.),.UNSPECIFIED.);
#2755 = CARTESIAN_POINT('',(-0.728797680444,0.));
#2756 = CARTESIAN_POINT('',(-0.712986404403,-12.82897050785));
#2757 = CARTESIAN_POINT('',(-0.697824409668,-25.65988664867));
#2758 = CARTESIAN_POINT('',(-0.683218498437,-38.49240349485));
#2759 = CARTESIAN_POINT('',(-0.669100015775,-51.32625914627));
#2760 = CARTESIAN_POINT('',(-0.65541504828,-64.16125139851));
#2761 = CARTESIAN_POINT('',(-0.642119820378,-76.99722664136));
#2762 = CARTESIAN_POINT('',(-0.629178600451,-89.83407465477));
#2763 = CARTESIAN_POINT('',(-0.60180783898,-117.6831224795));
#2764 = CARTESIAN_POINT('',(-0.587497368845,-132.6955842236));
#2765 = CARTESIAN_POINT('',(-0.573582240165,-147.7089650203));
#2766 = CARTESIAN_POINT('',(-0.560025776473,-162.7231515694));
#2767 = CARTESIAN_POINT('',(-0.546798702091,-177.7380534714));
#2768 = CARTESIAN_POINT('',(-0.533877167872,-192.7535994512));
#2769 = CARTESIAN_POINT('',(-0.521241685162,-207.7697352695));
#2770 = CARTESIAN_POINT('',(-0.484397961065,-252.5126933702));
#2771 = CARTESIAN_POINT('',(-0.460977629201,-282.2410801368));
#2772 = CARTESIAN_POINT('',(-0.438490378392,-311.9712616452));
#2773 = CARTESIAN_POINT('',(-0.416864001263,-341.7030165892));
#2774 = CARTESIAN_POINT('',(-0.396053945434,-371.4361867592));
#2775 = CARTESIAN_POINT('',(-0.376037343999,-401.1706676296));
#2776 = CARTESIAN_POINT('',(-0.356806907359,-430.9063988213));
#2777 = CARTESIAN_POINT('',(-0.319871358628,-490.4717170335));
#2778 = CARTESIAN_POINT('',(-0.30217112564,-520.3012820942));
#2779 = CARTESIAN_POINT('',(-0.285271666124,-550.1320069392));
#2780 = CARTESIAN_POINT('',(-0.269189902587,-579.9638529608));
#2781 = CARTESIAN_POINT('',(-0.253951077806,-609.7967856881));
#2782 = CARTESIAN_POINT('',(-0.23958515928,-639.6307706611));
#2783 = CARTESIAN_POINT('',(-0.226122578463,-669.4657684458));
#2784 = CARTESIAN_POINT('',(-0.201125883406,-728.9677106765));
#2785 = CARTESIAN_POINT('',(-0.189581224267,-758.6346509434));
#2786 = CARTESIAN_POINT('',(-0.178979348734,-788.3024779009));
#2787 = CARTESIAN_POINT('',(-0.169340085984,-817.9711179083));
#2788 = CARTESIAN_POINT('',(-0.160673127529,-847.6404910424));
#2789 = CARTESIAN_POINT('',(-0.15297234699,-877.3105070249));
#2790 = CARTESIAN_POINT('',(-0.146212255292,-906.9810626539));
#2791 = CARTESIAN_POINT('',(-0.134454129616,-966.4854351667));
#2792 = CARTESIAN_POINT('',(-0.129465937236,-996.3192685309));
#2793 = CARTESIAN_POINT('',(-0.125340287802,-1.026153436533E+03));
#2794 = CARTESIAN_POINT('',(-0.122014193682,-1.055987847414E+03));
#2795 = CARTESIAN_POINT('',(-0.11940670929,-1.085822423924E+03));
#2796 = CARTESIAN_POINT('',(-0.117423968648,-1.115657104475E+03));
#2797 = CARTESIAN_POINT('',(-0.11596519651,-1.14549184461E+03));
#2798 = CARTESIAN_POINT('',(-0.114461988234,-1.188659975785E+03));
#2799 = CARTESIAN_POINT('',(-0.114081552577,-1.201993340651E+03));
#2800 = CARTESIAN_POINT('',(-0.113775674689,-1.215326710435E+03));
#2801 = CARTESIAN_POINT('',(-0.113534941586,-1.228660083451E+03));
#2802 = CARTESIAN_POINT('',(-0.113349874713,-1.241993458417E+03));
#2803 = CARTESIAN_POINT('',(-0.113210974246,-1.255326834452E+03));
#2804 = CARTESIAN_POINT('',(-0.113108763393,-1.268660211081E+03));
#2805 = CARTESIAN_POINT('',(-0.112997767908,-1.288411056221E+03));
#2806 = CARTESIAN_POINT('',(-0.11296802218,-1.294828524289E+03));
#2807 = CARTESIAN_POINT('',(-0.112943544456,-1.301245992414E+03));
#2808 = CARTESIAN_POINT('',(-0.112923286836,-1.307663460574E+03));
#2809 = CARTESIAN_POINT('',(-0.112906204577,-1.314080928754E+03));
#2810 = CARTESIAN_POINT('',(-0.112891256084,-1.320498396943E+03));
#2811 = CARTESIAN_POINT('',(-0.112877402919,-1.326915865136E+03));
#2812 = CARTESIAN_POINT('',(-0.112863609796,-1.333333333333E+03));
#2813 = ( GEOMETRIC_REPRESENTATION_CONTEXT(2) 
PARAMETRIC_REPRESENTATION_CONTEXT() REPRESENTATION_CONTEXT('2D SPACE',''
  ) );
#2814 = PCURVE('',#560,#2815);
#2815 = DEFINITIONAL_REPRESENTATION('',(#2816),#2875);
#2816 = B_SPLINE_CURVE_WITH_KNOTS('',8,(#2817,#2818,#2819,#2820,#2821,
    #2822,#2823,#2824,#2825,#2826,#2827,#2828,#2829,#2830,#2831,#2832,
    #2833,#2834,#2835,#2836,#2837,#2838,#2839,#2840,#2841,#2842,#2843,
    #2844,#2845,#2846,#2847,#2848,#2849,#2850,#2851,#2852,#2853,#2854,
    #2855,#2856,#2857,#2858,#2859,#2860,#2861,#2862,#2863,#2864,#2865,
    #2866,#2867,#2868,#2869,#2870,#2871,#2872,#2873,#2874),
  .UNSPECIFIED.,.F.,.F.,(9,7,7,7,7,7,7,7,9),(0.,7.708615140887E-02,
    0.167225013852,0.345659337408,0.524642092841,0.702605174212,
    0.881542386282,0.961510611913,1.),.UNSPECIFIED.);
#2817 = CARTESIAN_POINT('',(1.,1.670055863229E-02));
#2818 = CARTESIAN_POINT('',(0.990378272119,3.222120725449E-02));
#2819 = CARTESIAN_POINT('',(0.980755085013,4.580277637184E-02));
#2820 = CARTESIAN_POINT('',(0.971130697379,5.775848378431E-02));
#2821 = CARTESIAN_POINT('',(0.96150530564,6.831709245903E-02));
#2822 = CARTESIAN_POINT('',(0.951879061451,7.76576841168E-02));
#2823 = CARTESIAN_POINT('',(0.942252080019,8.59257159831E-02));
#2824 = CARTESIAN_POINT('',(0.932624444009,9.324012202311E-02));
#2825 = CARTESIAN_POINT('',(0.91173765814,0.107256351601));
#2826 = CARTESIAN_POINT('',(0.900478311832,0.113644684715));
#2827 = CARTESIAN_POINT('',(0.889218276235,0.119026247169));
#2828 = CARTESIAN_POINT('',(0.877957636323,0.123525239455));
#2829 = CARTESIAN_POINT('',(0.866696459896,0.12724267677));
#2830 = CARTESIAN_POINT('',(0.855434800412,0.130263048995));
#2831 = CARTESIAN_POINT('',(0.844172698548,0.13265786395));
#2832 = CARTESIAN_POINT('',(0.810615479972,0.138113643195));
#2833 = CARTESIAN_POINT('',(0.788319189897,0.139529250631));
#2834 = CARTESIAN_POINT('',(0.766021553766,0.139214795164));
#2835 = CARTESIAN_POINT('',(0.743722737558,0.137498707224));
#2836 = CARTESIAN_POINT('',(0.72142285993,0.134641880471));
#2837 = CARTESIAN_POINT('',(0.699121999278,0.130857169644));
#2838 = CARTESIAN_POINT('',(0.676820200884,0.126329238696));
#2839 = CARTESIAN_POINT('',(0.632146212225,0.116098113485));
#2840 = CARTESIAN_POINT('',(0.609774038429,0.110391371188));
#2841 = CARTESIAN_POINT('',(0.587400994796,0.104266336331));
#2842 = CARTESIAN_POINT('',(0.565027110279,9.786715078224E-02));
#2843 = CARTESIAN_POINT('',(0.542652410734,9.132566271787E-02));
#2844 = CARTESIAN_POINT('',(0.520276922004,8.476406449765E-02));
#2845 = CARTESIAN_POINT('',(0.497900673666,7.829363613041E-02));
#2846 = CARTESIAN_POINT('',(0.453274216993,6.576548081866E-02));
#2847 = CARTESIAN_POINT('',(0.431024011792,5.970561447772E-02));
#2848 = CARTESIAN_POINT('',(0.408773141574,5.392767644934E-02));
#2849 = CARTESIAN_POINT('',(0.386521661569,4.851366650648E-02));
#2850 = CARTESIAN_POINT('',(0.364269631718,4.352884284009E-02));
#2851 = CARTESIAN_POINT('',(0.342017119731,3.90172107754E-02));
#2852 = CARTESIAN_POINT('',(0.31976420301,3.499896018615E-02));
#2853 = CARTESIAN_POINT('',(0.275135923625,2.792810366116E-02));
#2854 = CARTESIAN_POINT('',(0.252760548602,2.488089558006E-02));
#2855 = CARTESIAN_POINT('',(0.2303849226,2.233058227563E-02));
#2856 = CARTESIAN_POINT('',(0.208009114439,2.025446471262E-02));
#2857 = CARTESIAN_POINT('',(0.185633182057,1.861015249884E-02));
#2858 = CARTESIAN_POINT('',(0.163257171643,1.73420360844E-02));
#2859 = CARTESIAN_POINT('',(0.140881116543,1.638841726614E-02));
#2860 = CARTESIAN_POINT('',(0.108505018161,1.537138579323E-02));
#2861 = CARTESIAN_POINT('',(9.850499451154E-02,1.510733470577E-02));
#2862 = CARTESIAN_POINT('',(8.850496717392E-02,1.488765831129E-02));
#2863 = CARTESIAN_POINT('',(7.850493741151E-02,1.470659688603E-02));
#2864 = CARTESIAN_POINT('',(6.850490618708E-02,1.455838446899E-02));
#2865 = CARTESIAN_POINT('',(5.850487416098E-02,1.443729721291E-02));
#2866 = CARTESIAN_POINT('',(4.850484168955E-02,1.433770173526E-02));
#2867 = CARTESIAN_POINT('',(3.369170783444E-02,1.42138669118E-02));
#2868 = CARTESIAN_POINT('',(2.88786067832E-02,1.417733544065E-02));
#2869 = CARTESIAN_POINT('',(2.406550568956E-02,1.414389432642E-02));
#2870 = CARTESIAN_POINT('',(1.925240456936E-02,1.411293558998E-02));
#2871 = CARTESIAN_POINT('',(1.443930343447E-02,1.408385800247E-02));
#2872 = CARTESIAN_POINT('',(9.626202292728E-03,1.405606708524E-02));
#2873 = CARTESIAN_POINT('',(4.813101147961E-03,1.40289751099E-02));
#2874 = CARTESIAN_POINT('',(0.,1.400200109829E-02));
#2875 = ( GEOMETRIC_REPRESENTATION_CONTEXT(2) 
PARAMETRIC_REPRESENTATION_CONTEXT() REPRESENTATION_CONTEXT('2D SPACE',''
  ) );
#2876 = ADVANCED_FACE('',(#2877),#560,.T.);
#2877 = FACE_BOUND('',#2878,.T.);
#2878 = EDGE_LOOP('',(#2879,#2880,#2881,#2882));
#2879 = ORIENTED_EDGE('',*,*,#1447,.F.);
#2880 = ORIENTED_EDGE('',*,*,#2691,.F.);
#2881 = ORIENTED_EDGE('',*,*,#546,.T.);
#2882 = ORIENTED_EDGE('',*,*,#2883,.F.);
#2883 = EDGE_CURVE('',#1448,#547,#2884,.T.);
#2884 = SURFACE_CURVE('',#2885,(#2890,#2897),.PCURVE_S1.);
#2885 = B_SPLINE_CURVE_WITH_KNOTS('',3,(#2886,#2887,#2888,#2889),
  .UNSPECIFIED.,.F.,.F.,(4,4),(0.,1.),.PIECEWISE_BEZIER_KNOTS.);
#2886 = CARTESIAN_POINT('',(210.,147.5,-16.));
#2887 = CARTESIAN_POINT('',(-234.4444444444,143.66666666666,-16.));
#2888 = CARTESIAN_POINT('',(-678.8888888888,139.83333333333,-16.));
#2889 = CARTESIAN_POINT('',(-1.123333333333E+03,136.,-1.6));
#2890 = PCURVE('',#560,#2891);
#2891 = DEFINITIONAL_REPRESENTATION('',(#2892),#2896);
#2892 = LINE('',#2893,#2894);
#2893 = CARTESIAN_POINT('',(0.,1.));
#2894 = VECTOR('',#2895,1.);
#2895 = DIRECTION('',(1.,0.));
#2896 = ( GEOMETRIC_REPRESENTATION_CONTEXT(2) 
PARAMETRIC_REPRESENTATION_CONTEXT() REPRESENTATION_CONTEXT('2D SPACE',''
  ) );
#2897 = PCURVE('',#590,#2898);
#2898 = DEFINITIONAL_REPRESENTATION('',(#2899),#2903);
#2899 = LINE('',#2900,#2901);
#2900 = CARTESIAN_POINT('',(0.,0.));
#2901 = VECTOR('',#2902,1.);
#2902 = DIRECTION('',(1.,0.));
#2903 = ( GEOMETRIC_REPRESENTATION_CONTEXT(2) 
PARAMETRIC_REPRESENTATION_CONTEXT() REPRESENTATION_CONTEXT('2D SPACE',''
  ) );
#2904 = ADVANCED_FACE('',(#2905),#590,.T.);
#2905 = FACE_BOUND('',#2906,.T.);
#2906 = EDGE_LOOP('',(#2907,#2908,#2909,#2910));
#2907 = ORIENTED_EDGE('',*,*,#1476,.F.);
#2908 = ORIENTED_EDGE('',*,*,#2883,.T.);
#2909 = ORIENTED_EDGE('',*,*,#576,.T.);
#2910 = ORIENTED_EDGE('',*,*,#2911,.F.);
#2911 = EDGE_CURVE('',#1477,#577,#2912,.T.);
#2912 = SURFACE_CURVE('',#2913,(#2918,#2925),.PCURVE_S1.);
#2913 = B_SPLINE_CURVE_WITH_KNOTS('',3,(#2914,#2915,#2916,#2917),
  .UNSPECIFIED.,.F.,.F.,(4,4),(0.,1.),.PIECEWISE_BEZIER_KNOTS.);
#2914 = CARTESIAN_POINT('',(210.,147.5,16.));
#2915 = CARTESIAN_POINT('',(-234.4444444444,143.66666666666,16.));
#2916 = CARTESIAN_POINT('',(-678.8888888888,139.83333333333,16.));
#2917 = CARTESIAN_POINT('',(-1.123333333333E+03,136.,1.6));
#2918 = PCURVE('',#590,#2919);
#2919 = DEFINITIONAL_REPRESENTATION('',(#2920),#2924);
#2920 = LINE('',#2921,#2922);
#2921 = CARTESIAN_POINT('',(0.,1.));
#2922 = VECTOR('',#2923,1.);
#2923 = DIRECTION('',(1.,0.));
#2924 = ( GEOMETRIC_REPRESENTATION_CONTEXT(2) 
PARAMETRIC_REPRESENTATION_CONTEXT() REPRESENTATION_CONTEXT('2D SPACE',''
  ) );
#2925 = PCURVE('',#620,#2926);
#2926 = DEFINITIONAL_REPRESENTATION('',(#2927),#2931);
#2927 = LINE('',#2928,#2929);
#2928 = CARTESIAN_POINT('',(0.,0.));
#2929 = VECTOR('',#2930,1.);
#2930 = DIRECTION('',(1.,0.));
#2931 = ( GEOMETRIC_REPRESENTATION_CONTEXT(2) 
PARAMETRIC_REPRESENTATION_CONTEXT() REPRESENTATION_CONTEXT('2D SPACE',''
  ) );
#2932 = ADVANCED_FACE('',(#2933),#620,.T.);
#2933 = FACE_BOUND('',#2934,.T.);
#2934 = EDGE_LOOP('',(#2935,#2936,#2937,#2938));
#2935 = ORIENTED_EDGE('',*,*,#1505,.F.);
#2936 = ORIENTED_EDGE('',*,*,#2911,.T.);
#2937 = ORIENTED_EDGE('',*,*,#606,.T.);
#2938 = ORIENTED_EDGE('',*,*,#2939,.T.);
#2939 = EDGE_CURVE('',#607,#1506,#2940,.T.);
#2940 = SURFACE_CURVE('',#2941,(#3000,#3062),.PCURVE_S1.);
#2941 = B_SPLINE_CURVE_WITH_KNOTS('',8,(#2942,#2943,#2944,#2945,#2946,
    #2947,#2948,#2949,#2950,#2951,#2952,#2953,#2954,#2955,#2956,#2957,
    #2958,#2959,#2960,#2961,#2962,#2963,#2964,#2965,#2966,#2967,#2968,
    #2969,#2970,#2971,#2972,#2973,#2974,#2975,#2976,#2977,#2978,#2979,
    #2980,#2981,#2982,#2983,#2984,#2985,#2986,#2987,#2988,#2989,#2990,
    #2991,#2992,#2993,#2994,#2995,#2996,#2997,#2998,#2999),
  .UNSPECIFIED.,.F.,.F.,(9,7,7,7,7,7,7,7,9),(0.,7.708615133802E-02,
    0.167225013781,0.345659345638,0.524642101071,0.70260518244,
    0.881542394511,0.961510620142,1.),.UNSPECIFIED.);
#2942 = CARTESIAN_POINT('',(-1.123333333333E+03,112.31431030505,
    3.959918659116));
#2943 = CARTESIAN_POINT('',(-1.110504362837E+03,112.25169893833,
    5.064935590915));
#2944 = CARTESIAN_POINT('',(-1.097673446708E+03,112.17169138308,
    6.12344414996));
#2945 = CARTESIAN_POINT('',(-1.084840929874E+03,112.07680971725,
    7.141699885272));
#2946 = CARTESIAN_POINT('',(-1.072007074234E+03,111.96886170047,
    8.124340191604));
#2947 = CARTESIAN_POINT('',(-1.059172081993E+03,111.84925709176,
    9.075019688476));
#2948 = CARTESIAN_POINT('',(-1.046336106762E+03,111.71914685584,
    9.99671338282));
#2949 = CARTESIAN_POINT('',(-1.03349925876E+03,111.57947967393,
    10.8918579708));
#2950 = CARTESIAN_POINT('',(-1.005650210947E+03,111.25753104798,
    12.780568149033));
#2951 = CARTESIAN_POINT('',(-990.6377492028,111.07203836727,
    13.765131224699));
#2952 = CARTESIAN_POINT('',(-975.6243684062,110.87589146063,
    14.719457791559));
#2953 = CARTESIAN_POINT('',(-960.6101818571,110.67012935949,
    15.646068930994));
#2954 = CARTESIAN_POINT('',(-945.595279955,110.45563420889,
    16.546987915748));
#2955 = CARTESIAN_POINT('',(-930.579733975,110.23318362348,
    17.423874150166));
#2956 = CARTESIAN_POINT('',(-915.5635981568,110.00347712916,
    18.278096717496));
#2957 = CARTESIAN_POINT('',(-870.8206386727,109.29936402002,
    20.7591809888));
#2958 = CARTESIAN_POINT('',(-841.0922505243,108.80566939303,
    22.323237201777));
#2959 = CARTESIAN_POINT('',(-811.3620676289,108.29109350665,
    23.811846826409));
#2960 = CARTESIAN_POINT('',(-781.6303113067,107.75983229009,
    25.230416163043));
#2961 = CARTESIAN_POINT('',(-751.897139748,107.21588889796,
    26.582603273232));
#2962 = CARTESIAN_POINT('',(-722.1626574968,106.66320726959,
    27.870759565804));
#2963 = CARTESIAN_POINT('',(-692.4269249202,106.10581690995,
    29.096370956107));
#2964 = CARTESIAN_POINT('',(-632.8616053239,104.98813631673,
    31.427795526443));
#2965 = CARTESIAN_POINT('',(-603.0320402631,104.42784297014,
    32.533228302406));
#2966 = CARTESIAN_POINT('',(-573.2013154177,103.87111051817,
    33.577457432597));
#2967 = CARTESIAN_POINT('',(-543.3694693959,103.32218539751,
    34.560725925302));
#2968 = CARTESIAN_POINT('',(-513.5365366685,102.78542705733,
    35.482912577316));
#2969 = CARTESIAN_POINT('',(-483.7025516953,102.26522599774,
    36.343746089012));
#2970 = CARTESIAN_POINT('',(-453.8675539104,101.76582114723,
    37.14301708411));
#2971 = CARTESIAN_POINT('',(-394.3656116795,100.81892563711,
    38.614437853002));
#2972 = CARTESIAN_POINT('',(-364.6986714122,100.37115562467,
    39.287285672773));
#2973 = CARTESIAN_POINT('',(-335.0308444551,99.951455564258,
    39.89947276675));
#2974 = CARTESIAN_POINT('',(-305.3622044474,99.563155440622,
    40.451397243939));
#2975 = CARTESIAN_POINT('',(-275.6928313131,99.208913111145,
    40.943983678388));
#2976 = CARTESIAN_POINT('',(-246.022815331,98.890398175023,
    41.378901489864));
#2977 = CARTESIAN_POINT('',(-216.3522597018,98.608086093216,
    41.758680055314));
#2978 = CARTESIAN_POINT('',(-156.8478871891,98.113226264388,
    42.41636989497));
#2979 = CARTESIAN_POINT('',(-127.0140538253,97.901068564583,
    42.693712552499));
#2980 = CARTESIAN_POINT('',(-97.17988582295,97.724199876701,
    42.922019608449));
#2981 = CARTESIAN_POINT('',(-67.34547494218,97.580811659417,
    43.105456622482));
#2982 = CARTESIAN_POINT('',(-37.51089843263,97.467982230481,
    43.248930468488));
#2983 = CARTESIAN_POINT('',(-7.676217880609,97.381974168634,
    43.357860958601));
#2984 = CARTESIAN_POINT('',(22.158522252808,97.318592675625,
    43.437923859813));
#2985 = CARTESIAN_POINT('',(65.326653428793,97.253210782863,
    43.520370311121));
#2986 = CARTESIAN_POINT('',(78.660018294579,97.236650319094,
    43.541225391467));
#2987 = CARTESIAN_POINT('',(91.993388078077,97.223327645639,
    43.557987154572));
#2988 = CARTESIAN_POINT('',(105.3267610946,97.212838349583,
    43.571175843375));
#2989 = CARTESIAN_POINT('',(118.6601360605,97.204772618149,
    43.581313281134));
#2990 = CARTESIAN_POINT('',(131.99351209528,97.198717974587,
    43.588921079469));
#2991 = CARTESIAN_POINT('',(145.32688872385,97.194262014059,
    43.594518846397));
#2992 = CARTESIAN_POINT('',(165.07773249192,97.189422765332,
    43.600597466535));
#2993 = CARTESIAN_POINT('',(171.49519918816,97.18812581759,
    43.602226418296));
#2994 = CARTESIAN_POINT('',(177.91266594094,97.187058509113,
    43.603566839676));
#2995 = CARTESIAN_POINT('',(184.33013272913,97.186175179293,
    43.604676139341));
#2996 = CARTESIAN_POINT('',(190.74759953691,97.185430294104,
    43.605611544594));
#2997 = CARTESIAN_POINT('',(197.16506635384,97.1847784461,
    43.606430101375));
#2998 = CARTESIAN_POINT('',(203.58253317479,97.184174354419,
    43.60718867426));
#2999 = CARTESIAN_POINT('',(210.,97.183572864779,43.607943946467));
#3000 = PCURVE('',#620,#3001);
#3001 = DEFINITIONAL_REPRESENTATION('',(#3002),#3061);
#3002 = B_SPLINE_CURVE_WITH_KNOTS('',8,(#3003,#3004,#3005,#3006,#3007,
    #3008,#3009,#3010,#3011,#3012,#3013,#3014,#3015,#3016,#3017,#3018,
    #3019,#3020,#3021,#3022,#3023,#3024,#3025,#3026,#3027,#3028,#3029,
    #3030,#3031,#3032,#3033,#3034,#3035,#3036,#3037,#3038,#3039,#3040,
    #3041,#3042,#3043,#3044,#3045,#3046,#3047,#3048,#3049,#3050,#3051,
    #3052,#3053,#3054,#3055,#3056,#3057,#3058,#3059,#3060),
  .UNSPECIFIED.,.F.,.F.,(9,7,7,7,7,7,7,7,9),(0.,7.708615133802E-02,
    0.167225013781,0.345659345638,0.524642101071,0.70260518244,
    0.881542394511,0.961510620142,1.),.UNSPECIFIED.);
#3003 = CARTESIAN_POINT('',(1.,0.983299441298));
#3004 = CARTESIAN_POINT('',(0.990378272128,0.967778792672));
#3005 = CARTESIAN_POINT('',(0.980755085031,0.954197223549));
#3006 = CARTESIAN_POINT('',(0.971130697405,0.942241516129));
#3007 = CARTESIAN_POINT('',(0.961505305675,0.931682907445));
#3008 = CARTESIAN_POINT('',(0.951879061495,0.922342315778));
#3009 = CARTESIAN_POINT('',(0.942252080072,0.914074283901));
#3010 = CARTESIAN_POINT('',(0.93262444407,0.90675987785));
#3011 = CARTESIAN_POINT('',(0.91173765821,0.89274364824));
#3012 = CARTESIAN_POINT('',(0.900478311902,0.886355315106));
#3013 = CARTESIAN_POINT('',(0.889218276305,0.880973752634));
#3014 = CARTESIAN_POINT('',(0.877957636393,0.87647476033));
#3015 = CARTESIAN_POINT('',(0.866696459966,0.872757322999));
#3016 = CARTESIAN_POINT('',(0.855434800481,0.869736950758));
#3017 = CARTESIAN_POINT('',(0.844172698618,0.867342135787));
#3018 = CARTESIAN_POINT('',(0.810615479005,0.861886356328));
#3019 = CARTESIAN_POINT('',(0.788319187893,0.860470748901));
#3020 = CARTESIAN_POINT('',(0.766021550722,0.860785204515));
#3021 = CARTESIAN_POINT('',(0.74372273348,0.862501292703));
#3022 = CARTESIAN_POINT('',(0.721422854811,0.865358119775));
#3023 = CARTESIAN_POINT('',(0.699121993123,0.869142830967));
#3024 = CARTESIAN_POINT('',(0.67682019369,0.873670762307));
#3025 = CARTESIAN_POINT('',(0.632146203993,0.883901888081));
#3026 = CARTESIAN_POINT('',(0.609774030197,0.889608630495));
#3027 = CARTESIAN_POINT('',(0.587400986563,0.895733665428));
#3028 = CARTESIAN_POINT('',(0.565027102047,0.902132851015));
#3029 = CARTESIAN_POINT('',(0.542652402501,0.908674339083));
#3030 = CARTESIAN_POINT('',(0.520276913772,0.915235937274));
#3031 = CARTESIAN_POINT('',(0.497900665433,0.921706365582));
#3032 = CARTESIAN_POINT('',(0.45327420876,0.934234520725));
#3033 = CARTESIAN_POINT('',(0.431024003559,0.940294386957));
#3034 = CARTESIAN_POINT('',(0.408773133341,0.946072324853));
#3035 = CARTESIAN_POINT('',(0.386521653336,0.951486334646));
#3036 = CARTESIAN_POINT('',(0.364269623485,0.956471158149));
#3037 = CARTESIAN_POINT('',(0.342017111498,0.960982790043));
#3038 = CARTESIAN_POINT('',(0.319764194776,0.965001040459));
#3039 = CARTESIAN_POINT('',(0.275135915392,0.972071896643));
#3040 = CARTESIAN_POINT('',(0.252760540369,0.975119104556));
#3041 = CARTESIAN_POINT('',(0.230384914367,0.9776694177));
#3042 = CARTESIAN_POINT('',(0.208009106207,0.979745535116));
#3043 = CARTESIAN_POINT('',(0.185633173824,0.981389847198));
#3044 = CARTESIAN_POINT('',(0.16325716341,0.982657963498));
#3045 = CARTESIAN_POINT('',(0.14088110831,0.983611582221));
#3046 = CARTESIAN_POINT('',(0.108505009928,0.984628613584));
#3047 = CARTESIAN_POINT('',(9.850498627907E-02,0.984892664641));
#3048 = CARTESIAN_POINT('',(8.850495894144E-02,0.985112341009));
#3049 = CARTESIAN_POINT('',(7.850492917904E-02,0.985293402412));
#3050 = CARTESIAN_POINT('',(6.850489795462E-02,0.98544161481));
#3051 = CARTESIAN_POINT('',(5.850486592854E-02,0.98556270205));
#3052 = CARTESIAN_POINT('',(4.850483345711E-02,0.985662297516));
#3053 = CARTESIAN_POINT('',(3.369170063106E-02,0.985786132319));
#3054 = CARTESIAN_POINT('',(2.887860060888E-02,0.985822663779));
#3055 = CARTESIAN_POINT('',(2.406550054429E-02,0.985856104885));
#3056 = CARTESIAN_POINT('',(1.925240045315E-02,0.985887063615));
#3057 = CARTESIAN_POINT('',(1.443930034731E-02,0.985916141197));
#3058 = CARTESIAN_POINT('',(9.626200234619E-03,0.98594393211));
#3059 = CARTESIAN_POINT('',(4.813100118906E-03,0.985971024081));
#3060 = CARTESIAN_POINT('',(0.,0.985997998088));
#3061 = ( GEOMETRIC_REPRESENTATION_CONTEXT(2) 
PARAMETRIC_REPRESENTATION_CONTEXT() REPRESENTATION_CONTEXT('2D SPACE',''
  ) );
#3062 = PCURVE('',#653,#3063);
#3063 = DEFINITIONAL_REPRESENTATION('',(#3064),#3123);
#3064 = B_SPLINE_CURVE_WITH_KNOTS('',8,(#3065,#3066,#3067,#3068,#3069,
    #3070,#3071,#3072,#3073,#3074,#3075,#3076,#3077,#3078,#3079,#3080,
    #3081,#3082,#3083,#3084,#3085,#3086,#3087,#3088,#3089,#3090,#3091,
    #3092,#3093,#3094,#3095,#3096,#3097,#3098,#3099,#3100,#3101,#3102,
    #3103,#3104,#3105,#3106,#3107,#3108,#3109,#3110,#3111,#3112,#3113,
    #3114,#3115,#3116,#3117,#3118,#3119,#3120,#3121,#3122),
  .UNSPECIFIED.,.F.,.F.,(9,7,7,7,7,7,7,7,9),(0.,7.708615133802E-02,
    0.167225013781,0.345659345638,0.524642101071,0.70260518244,
    0.881542394511,0.961510620142,1.),.UNSPECIFIED.);
#3065 = CARTESIAN_POINT('',(-0.841998645928,0.));
#3066 = CARTESIAN_POINT('',(-0.857809921954,-12.82897049614));
#3067 = CARTESIAN_POINT('',(-0.872971916673,-25.65988662547));
#3068 = CARTESIAN_POINT('',(-0.887577827888,-38.49240345963));
#3069 = CARTESIAN_POINT('',(-0.901696310537,-51.32625909957));
#3070 = CARTESIAN_POINT('',(-0.915381278018,-64.16125134031));
#3071 = CARTESIAN_POINT('',(-0.928676505906,-76.99722657111));
#3072 = CARTESIAN_POINT('',(-0.941617725819,-89.83407457307));
#3073 = CARTESIAN_POINT('',(-0.968988487274,-117.683122386));
#3074 = CARTESIAN_POINT('',(-0.983298957407,-132.6955841304));
#3075 = CARTESIAN_POINT('',(-0.997214086083,-147.708964927));
#3076 = CARTESIAN_POINT('',(-1.010770549771,-162.7231514761));
#3077 = CARTESIAN_POINT('',(-1.023997624149,-177.7380533783));
#3078 = CARTESIAN_POINT('',(-1.036919158364,-192.7535993582));
#3079 = CARTESIAN_POINT('',(-1.049554641069,-207.7697351764));
#3080 = CARTESIAN_POINT('',(-1.086398366289,-252.5126946605));
#3081 = CARTESIAN_POINT('',(-1.109818699181,-282.2410828088));
#3082 = CARTESIAN_POINT('',(-1.132305950939,-311.9712657048));
#3083 = CARTESIAN_POINT('',(-1.153932328937,-341.703022026));
#3084 = CARTESIAN_POINT('',(-1.17474238557,-371.4361935857));
#3085 = CARTESIAN_POINT('',(-1.194758987735,-401.1706758363));
#3086 = CARTESIAN_POINT('',(-1.213989425035,-430.906408413));
#3087 = CARTESIAN_POINT('',(-1.250924974073,-490.4717280093));
#3088 = CARTESIAN_POINT('',(-1.268625206783,-520.3012930702));
#3089 = CARTESIAN_POINT('',(-1.285524666017,-550.1320179155));
#3090 = CARTESIAN_POINT('',(-1.301606429264,-579.9638639373));
#3091 = CARTESIAN_POINT('',(-1.316845253748,-609.7967966648));
#3092 = CARTESIAN_POINT('',(-1.331211171968,-639.630781638));
#3093 = CARTESIAN_POINT('',(-1.344673752472,-669.4657794229));
#3094 = CARTESIAN_POINT('',(-1.369670446891,-728.9677216538));
#3095 = CARTESIAN_POINT('',(-1.381215105705,-758.634661921));
#3096 = CARTESIAN_POINT('',(-1.391816980908,-788.3024888782));
#3097 = CARTESIAN_POINT('',(-1.401456243326,-817.9711288858));
#3098 = CARTESIAN_POINT('',(-1.410123201449,-847.6405020201));
#3099 = CARTESIAN_POINT('',(-1.417823981663,-877.3105180022));
#3100 = CARTESIAN_POINT('',(-1.424584073044,-906.9810736314));
#3101 = CARTESIAN_POINT('',(-1.436342198115,-966.4854461441));
#3102 = CARTESIAN_POINT('',(-1.441330390206,-996.3192795079));
#3103 = CARTESIAN_POINT('',(-1.445456039368,-1.02615344751E+03));
#3104 = CARTESIAN_POINT('',(-1.448782133241,-1.055987858391E+03));
#3105 = CARTESIAN_POINT('',(-1.451389617412,-1.085822434901E+03));
#3106 = CARTESIAN_POINT('',(-1.45337235786,-1.115657115453E+03));
#3107 = CARTESIAN_POINT('',(-1.454831129834,-1.145491855586E+03));
#3108 = CARTESIAN_POINT('',(-1.456334337916,-1.188659986762E+03));
#3109 = CARTESIAN_POINT('',(-1.456714773519,-1.201993351628E+03));
#3110 = CARTESIAN_POINT('',(-1.457020651359,-1.215326721411E+03));
#3111 = CARTESIAN_POINT('',(-1.457261384421,-1.228660094428E+03));
#3112 = CARTESIAN_POINT('',(-1.457446451257,-1.241993469394E+03));
#3113 = CARTESIAN_POINT('',(-1.457585351694,-1.255326845429E+03));
#3114 = CARTESIAN_POINT('',(-1.457687562524,-1.268660222057E+03));
#3115 = CARTESIAN_POINT('',(-1.457798557974,-1.288411065825E+03));
#3116 = CARTESIAN_POINT('',(-1.45782830369,-1.294828532521E+03));
#3117 = CARTESIAN_POINT('',(-1.457852781405,-1.301245999274E+03));
#3118 = CARTESIAN_POINT('',(-1.457873039018,-1.307663466062E+03));
#3119 = CARTESIAN_POINT('',(-1.457890121273,-1.31408093287E+03));
#3120 = CARTESIAN_POINT('',(-1.457905069763,-1.320498399687E+03));
#3121 = CARTESIAN_POINT('',(-1.457918922926,-1.326915866508E+03));
#3122 = CARTESIAN_POINT('',(-1.457932716047,-1.333333333333E+03));
#3123 = ( GEOMETRIC_REPRESENTATION_CONTEXT(2) 
PARAMETRIC_REPRESENTATION_CONTEXT() REPRESENTATION_CONTEXT('2D SPACE',''
  ) );
#3124 = ADVANCED_FACE('',(#3125),#653,.T.);
#3125 = FACE_BOUND('',#3126,.F.);
#3126 = EDGE_LOOP('',(#3127,#3128,#3149,#3150));
#3127 = ORIENTED_EDGE('',*,*,#1534,.F.);
#3128 = ORIENTED_EDGE('',*,*,#3129,.F.);
#3129 = EDGE_CURVE('',#637,#1535,#3130,.T.);
#3130 = SURFACE_CURVE('',#3131,(#3135,#3142),.PCURVE_S1.);
#3131 = LINE('',#3132,#3133);
#3132 = CARTESIAN_POINT('',(-1.123333333333E+03,91.923881570474,
    49.497474699281));
#3133 = VECTOR('',#3134,1.);
#3134 = DIRECTION('',(1.,0.,0.));
#3135 = PCURVE('',#653,#3136);
#3136 = DEFINITIONAL_REPRESENTATION('',(#3137),#3141);
#3137 = LINE('',#3138,#3139);
#3138 = CARTESIAN_POINT('',(-1.570796326795,0.));
#3139 = VECTOR('',#3140,1.);
#3140 = DIRECTION('',(0.,-1.));
#3141 = ( GEOMETRIC_REPRESENTATION_CONTEXT(2) 
PARAMETRIC_REPRESENTATION_CONTEXT() REPRESENTATION_CONTEXT('2D SPACE',''
  ) );
#3142 = PCURVE('',#681,#3143);
#3143 = DEFINITIONAL_REPRESENTATION('',(#3144),#3148);
#3144 = LINE('',#3145,#3146);
#3145 = CARTESIAN_POINT('',(60.,6.661338147751E-15));
#3146 = VECTOR('',#3147,1.);
#3147 = DIRECTION('',(1.110223024625E-16,-1.));
#3148 = ( GEOMETRIC_REPRESENTATION_CONTEXT(2) 
PARAMETRIC_REPRESENTATION_CONTEXT() REPRESENTATION_CONTEXT('2D SPACE',''
  ) );
#3149 = ORIENTED_EDGE('',*,*,#636,.F.);
#3150 = ORIENTED_EDGE('',*,*,#2939,.T.);
#3151 = ADVANCED_FACE('',(#3152),#681,.T.);
#3152 = FACE_BOUND('',#3153,.T.);
#3153 = EDGE_LOOP('',(#3154,#3155,#3176,#3177));
#3154 = ORIENTED_EDGE('',*,*,#665,.F.);
#3155 = ORIENTED_EDGE('',*,*,#3156,.T.);
#3156 = EDGE_CURVE('',#666,#1563,#3157,.T.);
#3157 = SURFACE_CURVE('',#3158,(#3162,#3169),.PCURVE_S1.);
#3158 = LINE('',#3159,#3160);
#3159 = CARTESIAN_POINT('',(-1.123333333333E+03,49.497474699281,
    91.923881570474));
#3160 = VECTOR('',#3161,1.);
#3161 = DIRECTION('',(1.,0.,0.));
#3162 = PCURVE('',#681,#3163);
#3163 = DEFINITIONAL_REPRESENTATION('',(#3164),#3168);
#3164 = LINE('',#3165,#3166);
#3165 = CARTESIAN_POINT('',(0.,0.));
#3166 = VECTOR('',#3167,1.);
#3167 = DIRECTION('',(1.110223024625E-16,-1.));
#3168 = ( GEOMETRIC_REPRESENTATION_CONTEXT(2) 
PARAMETRIC_REPRESENTATION_CONTEXT() REPRESENTATION_CONTEXT('2D SPACE',''
  ) );
#3169 = PCURVE('',#710,#3170);
#3170 = DEFINITIONAL_REPRESENTATION('',(#3171),#3175);
#3171 = LINE('',#3172,#3173);
#3172 = CARTESIAN_POINT('',(-1.570796326795,0.));
#3173 = VECTOR('',#3174,1.);
#3174 = DIRECTION('',(0.,-1.));
#3175 = ( GEOMETRIC_REPRESENTATION_CONTEXT(2) 
PARAMETRIC_REPRESENTATION_CONTEXT() REPRESENTATION_CONTEXT('2D SPACE',''
  ) );
#3176 = ORIENTED_EDGE('',*,*,#1562,.T.);
#3177 = ORIENTED_EDGE('',*,*,#3129,.F.);
#3178 = ADVANCED_FACE('',(#3179),#710,.T.);
#3179 = FACE_BOUND('',#3180,.F.);
#3180 = EDGE_LOOP('',(#3181,#3182,#3183,#3184));
#3181 = ORIENTED_EDGE('',*,*,#693,.F.);
#3182 = ORIENTED_EDGE('',*,*,#3156,.T.);
#3183 = ORIENTED_EDGE('',*,*,#1583,.F.);
#3184 = ORIENTED_EDGE('',*,*,#3185,.F.);
#3185 = EDGE_CURVE('',#694,#1584,#3186,.T.);
#3186 = SURFACE_CURVE('',#3187,(#3239,#3294),.PCURVE_S1.);
#3187 = B_SPLINE_CURVE_WITH_KNOTS('',8,(#3188,#3189,#3190,#3191,#3192,
    #3193,#3194,#3195,#3196,#3197,#3198,#3199,#3200,#3201,#3202,#3203,
    #3204,#3205,#3206,#3207,#3208,#3209,#3210,#3211,#3212,#3213,#3214,
    #3215,#3216,#3217,#3218,#3219,#3220,#3221,#3222,#3223,#3224,#3225,
    #3226,#3227,#3228,#3229,#3230,#3231,#3232,#3233,#3234,#3235,#3236,
    #3237,#3238),.UNSPECIFIED.,.F.,.F.,(9,7,7,7,7,7,7,9),(0.,
    0.21080494367,0.42281347861,0.633807810691,0.844778193,
    0.948758856395,0.983752225145,1.),.UNSPECIFIED.);
#3188 = CARTESIAN_POINT('',(-1.123333335733E+03,16.925790276706,
    110.34928686018));
#3189 = CARTESIAN_POINT('',(-1.088216380544E+03,18.705889595875,
    109.90570160842));
#3190 = CARTESIAN_POINT('',(-1.053097173965E+03,20.388120891705,
    109.42987712389));
#3191 = CARTESIAN_POINT('',(-1.017976125904E+03,21.985377018453,
    108.92801378576));
#3192 = CARTESIAN_POINT('',(-982.8535111211,23.505298257033,
    108.40486373294));
#3193 = CARTESIAN_POINT('',(-947.729524503,24.953143524983,
    107.86481010764));
#3194 = CARTESIAN_POINT('',(-912.6042921375,26.332355851091,
    107.3120277561));
#3195 = CARTESIAN_POINT('',(-877.4778847124,27.645235286681,
    106.75072778508));
#3196 = CARTESIAN_POINT('',(-807.0222007468,30.148322328795,
    105.61641758407));
#3197 = CARTESIAN_POINT('',(-771.6929506343,31.337786216298,
    105.04335962759));
#3198 = CARTESIAN_POINT('',(-736.3626269548,32.463067957099,
    104.47036658953));
#3199 = CARTESIAN_POINT('',(-701.0312715518,33.524769215194,
    103.90186825324));
#3200 = CARTESIAN_POINT('',(-665.6989185205,34.522969779315,
    103.34243502335));
#3201 = CARTESIAN_POINT('',(-630.3655980171,35.457466564594,
    102.7967362732));
#3202 = CARTESIAN_POINT('',(-595.0313406556,36.327993591885,
    102.26938543073));
#3203 = CARTESIAN_POINT('',(-524.530062671,37.937151334829,
    101.26235770122));
#3204 = CARTESIAN_POINT('',(-489.3630468971,38.676392864754,
    100.78246479748));
#3205 = CARTESIAN_POINT('',(-454.1951930451,39.35217484313,
    100.32920801234));
#3206 = CARTESIAN_POINT('',(-419.0265608221,39.964652428922,
    99.906484467962));
#3207 = CARTESIAN_POINT('',(-383.857216512,40.514432916757,
    99.517619265314));
#3208 = CARTESIAN_POINT('',(-348.6872374325,41.00284589489,
    99.164996212451));
#3209 = CARTESIAN_POINT('',(-313.5167152579,41.432120780493,
    98.849769992368));
#3210 = CARTESIAN_POINT('',(-243.1787890773,42.178546131505,
    98.293989021817));
#3211 = CARTESIAN_POINT('',(-208.0113736054,42.49570941249,
    98.053425933702));
#3212 = CARTESIAN_POINT('',(-172.843609982,42.759942167324,
    97.850094864217));
#3213 = CARTESIAN_POINT('',(-137.6755861838,42.975208826802,
    97.682690343658));
#3214 = CARTESIAN_POINT('',(-102.5073781427,43.146335111989,
    97.548635855619));
#3215 = CARTESIAN_POINT('',(-67.33904871812,43.27878711569,
    97.444360285968));
#3216 = CARTESIAN_POINT('',(-32.17064617448,43.378390635343,
    97.365680985798));
#3217 = CARTESIAN_POINT('',(20.331216058544,43.487005535325,
    97.279687943061));
#3218 = CARTESIAN_POINT('',(37.664645850461,43.516342780824,
    97.256417368798));
#3219 = CARTESIAN_POINT('',(54.998083171096,43.53987663548,
    97.237725579872));
#3220 = CARTESIAN_POINT('',(72.331525440323,43.558335851909,
    97.223051380117));
#3221 = CARTESIAN_POINT('',(89.664970688685,43.572453842696,
    97.21182180323));
#3222 = CARTESIAN_POINT('',(106.99841756223,43.582964368727,
    97.203458535554));
#3223 = CARTESIAN_POINT('',(124.3318653259,43.590598581944,
    97.197382463212));
#3224 = CARTESIAN_POINT('',(147.49866534284,43.597929275825,
    97.19154698161));
#3225 = CARTESIAN_POINT('',(153.33201688216,43.599531692638,
    97.190271291193));
#3226 = CARTESIAN_POINT('',(159.16536846803,43.600918390271,
    97.189167253666));
#3227 = CARTESIAN_POINT('',(164.99872008769,43.602117021679,
    97.188212891017));
#3228 = CARTESIAN_POINT('',(170.832071731,43.603155175476,
    97.187386265898));
#3229 = CARTESIAN_POINT('',(176.66542339045,43.604060375935,
    97.186665481623));
#3230 = CARTESIAN_POINT('',(182.4987750611,43.604860082989,
    97.186028682169));
#3231 = CARTESIAN_POINT('',(191.04061089435,43.605916742697,
    97.185187245665));
#3232 = CARTESIAN_POINT('',(193.74909504973,43.606234955742,
    97.184933843277));
#3233 = CARTESIAN_POINT('',(196.45757920643,43.606539072945,
    97.184691662472));
#3234 = CARTESIAN_POINT('',(199.16606336416,43.606831832598,
    97.184458523157));
#3235 = CARTESIAN_POINT('',(201.87454752262,43.607115969703,
    97.184232247694));
#3236 = CARTESIAN_POINT('',(204.58303168156,43.607394215978,
    97.184010660893));
#3237 = CARTESIAN_POINT('',(207.29151584075,43.607669299852,
    97.183791590017));
#3238 = CARTESIAN_POINT('',(210.,43.607943946467,97.183572864779));
#3239 = PCURVE('',#710,#3240);
#3240 = DEFINITIONAL_REPRESENTATION('',(#3241),#3293);
#3241 = B_SPLINE_CURVE_WITH_KNOTS('',8,(#3242,#3243,#3244,#3245,#3246,
    #3247,#3248,#3249,#3250,#3251,#3252,#3253,#3254,#3255,#3256,#3257,
    #3258,#3259,#3260,#3261,#3262,#3263,#3264,#3265,#3266,#3267,#3268,
    #3269,#3270,#3271,#3272,#3273,#3274,#3275,#3276,#3277,#3278,#3279,
    #3280,#3281,#3282,#3283,#3284,#3285,#3286,#3287,#3288,#3289,#3290,
    #3291,#3292),.UNSPECIFIED.,.F.,.F.,(9,7,7,7,7,7,7,9),(0.,
    0.21080494367,0.42281347861,0.633807810691,0.844778193,
    0.948758856395,0.983752225145,1.),.UNSPECIFIED.);
#3242 = CARTESIAN_POINT('',(-2.111977108098,2.40000008489E-06));
#3243 = CARTESIAN_POINT('',(-2.085769454356,-35.116952789));
#3244 = CARTESIAN_POINT('',(-2.060807064507,-70.23615936801));
#3245 = CARTESIAN_POINT('',(-2.036905226371,-105.3572074287));
#3246 = CARTESIAN_POINT('',(-2.013957889052,-140.4798222125));
#3247 = CARTESIAN_POINT('',(-1.991895723578,-175.6038088299));
#3248 = CARTESIAN_POINT('',(-1.970678483672,-210.7290411958));
#3249 = CARTESIAN_POINT('',(-1.950285551935,-245.8554486209));
#3250 = CARTESIAN_POINT('',(-1.911026848565,-316.3111325864));
#3251 = CARTESIAN_POINT('',(-1.892170469189,-351.6403826989));
#3252 = CARTESIAN_POINT('',(-1.874137991835,-386.9707063784));
#3253 = CARTESIAN_POINT('',(-1.856940177572,-422.3020617815));
#3254 = CARTESIAN_POINT('',(-1.840598763108,-457.6344148127));
#3255 = CARTESIAN_POINT('',(-1.825142756723,-492.9677353161));
#3256 = CARTESIAN_POINT('',(-1.810604295037,-528.3019926776));
#3257 = CARTESIAN_POINT('',(-1.783485909491,-598.8032706622));
#3258 = CARTESIAN_POINT('',(-1.770896952071,-633.9702864361));
#3259 = CARTESIAN_POINT('',(-1.759274573541,-669.1381402882));
#3260 = CARTESIAN_POINT('',(-1.748644840986,-704.3067725112));
#3261 = CARTESIAN_POINT('',(-1.739025748376,-739.4761168212));
#3262 = CARTESIAN_POINT('',(-1.730420461838,-774.6460959008));
#3263 = CARTESIAN_POINT('',(-1.72281230344,-809.8166180754));
#3264 = CARTESIAN_POINT('',(-1.709517811011,-880.154544256));
#3265 = CARTESIAN_POINT('',(-1.703831259971,-915.3219597278));
#3266 = CARTESIAN_POINT('',(-1.699068402917,-950.4897233512));
#3267 = CARTESIAN_POINT('',(-1.695172781315,-985.6577471495));
#3268 = CARTESIAN_POINT('',(-1.692067346105,-1.020825955191E+03));
#3269 = CARTESIAN_POINT('',(-1.689659164109,-1.055994284615E+03));
#3270 = CARTESIAN_POINT('',(-1.687845875333,-1.091162687159E+03));
#3271 = CARTESIAN_POINT('',(-1.685866801137,-1.143664549392E+03));
#3272 = CARTESIAN_POINT('',(-1.68533186027,-1.160997979184E+03));
#3273 = CARTESIAN_POINT('',(-1.68490252172,-1.178331416504E+03));
#3274 = CARTESIAN_POINT('',(-1.684565646897,-1.195664858774E+03));
#3275 = CARTESIAN_POINT('',(-1.684307940745,-1.212998304022E+03));
#3276 = CARTESIAN_POINT('',(-1.684116056764,-1.230331750896E+03));
#3277 = CARTESIAN_POINT('',(-1.683976670444,-1.247665198659E+03));
#3278 = CARTESIAN_POINT('',(-1.683842817099,-1.270831998676E+03));
#3279 = CARTESIAN_POINT('',(-1.683813557091,-1.276665350216E+03));
#3280 = CARTESIAN_POINT('',(-1.683788235368,-1.282498701801E+03));
#3281 = CARTESIAN_POINT('',(-1.683766347317,-1.288332053421E+03));
#3282 = CARTESIAN_POINT('',(-1.683747389402,-1.294165405064E+03));
#3283 = CARTESIAN_POINT('',(-1.683730859171,-1.299998756724E+03));
#3284 = CARTESIAN_POINT('',(-1.683716255251,-1.305832108394E+03));
#3285 = CARTESIAN_POINT('',(-1.683696958719,-1.314373944228E+03));
#3286 = CARTESIAN_POINT('',(-1.683691147535,-1.317082428383E+03));
#3287 = CARTESIAN_POINT('',(-1.683685593739,-1.31979091254E+03));
#3288 = CARTESIAN_POINT('',(-1.683680247327,-1.322499396697E+03));
#3289 = CARTESIAN_POINT('',(-1.683675058358,-1.325207880856E+03));
#3290 = CARTESIAN_POINT('',(-1.683669976945,-1.327916365015E+03));
#3291 = CARTESIAN_POINT('',(-1.683664953263,-1.330624849174E+03));
#3292 = CARTESIAN_POINT('',(-1.683659937543,-1.333333333333E+03));
#3293 = ( GEOMETRIC_REPRESENTATION_CONTEXT(2) 
PARAMETRIC_REPRESENTATION_CONTEXT() REPRESENTATION_CONTEXT('2D SPACE',''
  ) );
#3294 = PCURVE('',#742,#3295);
#3295 = DEFINITIONAL_REPRESENTATION('',(#3296),#3348);
#3296 = B_SPLINE_CURVE_WITH_KNOTS('',8,(#3297,#3298,#3299,#3300,#3301,
    #3302,#3303,#3304,#3305,#3306,#3307,#3308,#3309,#3310,#3311,#3312,
    #3313,#3314,#3315,#3316,#3317,#3318,#3319,#3320,#3321,#3322,#3323,
    #3324,#3325,#3326,#3327,#3328,#3329,#3330,#3331,#3332,#3333,#3334,
    #3335,#3336,#3337,#3338,#3339,#3340,#3341,#3342,#3343,#3344,#3345,
    #3346,#3347),.UNSPECIFIED.,.F.,.F.,(9,7,7,7,7,7,7,9),(0.,
    0.21080494367,0.42281347861,0.633807810691,0.844778193,
    0.948758856395,0.983752225145,1.),.UNSPECIFIED.);
#3297 = CARTESIAN_POINT('',(0.861604740291,0.128102985739));
#3298 = CARTESIAN_POINT('',(0.838912039038,0.134615164276));
#3299 = CARTESIAN_POINT('',(0.816217883636,0.138289653786));
#3300 = CARTESIAN_POINT('',(0.793522535756,0.139787458135));
#3301 = CARTESIAN_POINT('',(0.770826179615,0.139534170567));
#3302 = CARTESIAN_POINT('',(0.748128932781,0.137858973136));
#3303 = CARTESIAN_POINT('',(0.725430883619,0.135021059811));
#3304 = CARTESIAN_POINT('',(0.702732074128,0.131239917118));
#3305 = CARTESIAN_POINT('',(0.657203360741,0.122145439742));
#3306 = CARTESIAN_POINT('',(0.634373473754,0.11682351242));
#3307 = CARTESIAN_POINT('',(0.611542893024,0.110933296139));
#3308 = CARTESIAN_POINT('',(0.588711645591,0.104639164468));
#3309 = CARTESIAN_POINT('',(0.565879753487,9.808929931152E-02));
#3310 = CARTESIAN_POINT('',(0.543047236198,9.142067574618E-02));
#3311 = CARTESIAN_POINT('',(0.520214113509,8.47589676007E-02));
#3312 = CARTESIAN_POINT('',(0.474655937106,7.170473126861E-02));
#3313 = CARTESIAN_POINT('',(0.451930886525,6.531106261211E-02));
#3314 = CARTESIAN_POINT('',(0.429205294375,5.914559103784E-02));
#3315 = CARTESIAN_POINT('',(0.406479199239,5.330522025566E-02));
#3316 = CARTESIAN_POINT('',(0.38375264395,4.787090585785E-02));
#3317 = CARTESIAN_POINT('',(0.36102567847,4.290233343634E-02));
#3318 = CARTESIAN_POINT('',(0.338298362041,3.843392560414E-02));
#3319 = CARTESIAN_POINT('',(0.292845744153,3.051927170317E-02));
#3320 = CARTESIAN_POINT('',(0.270120435286,2.707290884679E-02));
#3321 = CARTESIAN_POINT('',(0.247394901442,2.414791613641E-02));
#3322 = CARTESIAN_POINT('',(0.224669199473,2.173121658326E-02));
#3323 = CARTESIAN_POINT('',(0.201943378444,1.978668399169E-02));
#3324 = CARTESIAN_POINT('',(0.179217478978,1.826146758448E-02));
#3325 = CARTESIAN_POINT('',(0.156491532261,1.709380185726E-02));
#3326 = CARTESIAN_POINT('',(0.122564642289,1.578652502281E-02));
#3327 = CARTESIAN_POINT('',(0.111363718352,1.542585783227E-02));
#3328 = CARTESIAN_POINT('',(0.10016278955,1.512826958846E-02));
#3329 = CARTESIAN_POINT('',(8.896185755069E-02,1.488568610859E-02));
#3330 = CARTESIAN_POINT('',(7.776092362605E-02,1.468996434511E-02));
#3331 = CARTESIAN_POINT('',(6.655998865121E-02,1.453301004739E-02));
#3332 = CARTESIAN_POINT('',(5.535905310119E-02,1.440685731548E-02));
#3333 = CARTESIAN_POINT('',(4.038858459267E-02,1.426899714499E-02));
#3334 = CARTESIAN_POINT('',(3.661905209553E-02,1.423688989093E-02));
#3335 = CARTESIAN_POINT('',(3.284951956831E-02,1.420709088725E-02));
#3336 = CARTESIAN_POINT('',(2.907998701926E-02,1.417930518288E-02));
#3337 = CARTESIAN_POINT('',(2.531045445492E-02,1.415324027192E-02));
#3338 = CARTESIAN_POINT('',(2.154092188016E-02,1.412860609372E-02));
#3339 = CARTESIAN_POINT('',(1.777138929816E-02,1.410511503281E-02));
#3340 = CARTESIAN_POINT('',(1.2251624624E-02,1.407197313537E-02));
#3341 = CARTESIAN_POINT('',(1.050139253652E-02,1.406164933081E-02));
#3342 = CARTESIAN_POINT('',(8.751160448182E-03,1.405148197695E-02));
#3343 = CARTESIAN_POINT('',(7.000928359182E-03,1.404144266596E-02));
#3344 = CARTESIAN_POINT('',(5.250696269709E-03,1.403150311052E-02));
#3345 = CARTESIAN_POINT('',(3.500464179928E-03,1.402163514383E-02));
#3346 = CARTESIAN_POINT('',(1.750232089983E-03,1.401181071956E-02));
#3347 = CARTESIAN_POINT('',(0.,1.40020019119E-02));
#3348 = ( GEOMETRIC_REPRESENTATION_CONTEXT(2) 
PARAMETRIC_REPRESENTATION_CONTEXT() REPRESENTATION_CONTEXT('2D SPACE',''
  ) );
#3349 = ADVANCED_FACE('',(#3350),#742,.T.);
#3350 = FACE_BOUND('',#3351,.T.);
#3351 = EDGE_LOOP('',(#3352,#3353,#3354,#3355));
#3352 = ORIENTED_EDGE('',*,*,#1611,.F.);
#3353 = ORIENTED_EDGE('',*,*,#3185,.F.);
#3354 = ORIENTED_EDGE('',*,*,#722,.T.);
#3355 = ORIENTED_EDGE('',*,*,#3356,.F.);
#3356 = EDGE_CURVE('',#1612,#723,#3357,.T.);
#3357 = SURFACE_CURVE('',#3358,(#3363,#3370),.PCURVE_S1.);
#3358 = B_SPLINE_CURVE_WITH_KNOTS('',3,(#3359,#3360,#3361,#3362),
  .UNSPECIFIED.,.F.,.F.,(4,4),(0.,1.),.PIECEWISE_BEZIER_KNOTS.);
#3359 = CARTESIAN_POINT('',(210.,16.,147.5));
#3360 = CARTESIAN_POINT('',(-305.8333333333,16.,143.66666666666));
#3361 = CARTESIAN_POINT('',(-821.6666666666,16.,139.83333333333));
#3362 = CARTESIAN_POINT('',(-1.3375E+03,1.6,136.));
#3363 = PCURVE('',#742,#3364);
#3364 = DEFINITIONAL_REPRESENTATION('',(#3365),#3369);
#3365 = LINE('',#3366,#3367);
#3366 = CARTESIAN_POINT('',(0.,1.));
#3367 = VECTOR('',#3368,1.);
#3368 = DIRECTION('',(1.,0.));
#3369 = ( GEOMETRIC_REPRESENTATION_CONTEXT(2) 
PARAMETRIC_REPRESENTATION_CONTEXT() REPRESENTATION_CONTEXT('2D SPACE',''
  ) );
#3370 = PCURVE('',#780,#3371);
#3371 = DEFINITIONAL_REPRESENTATION('',(#3372),#3376);
#3372 = LINE('',#3373,#3374);
#3373 = CARTESIAN_POINT('',(0.,0.));
#3374 = VECTOR('',#3375,1.);
#3375 = DIRECTION('',(1.,0.));
#3376 = ( GEOMETRIC_REPRESENTATION_CONTEXT(2) 
PARAMETRIC_REPRESENTATION_CONTEXT() REPRESENTATION_CONTEXT('2D SPACE',''
  ) );
#3377 = ADVANCED_FACE('',(#3378),#780,.T.);
#3378 = FACE_BOUND('',#3379,.T.);
#3379 = EDGE_LOOP('',(#3380,#3381,#3382,#3383));
#3380 = ORIENTED_EDGE('',*,*,#1640,.F.);
#3381 = ORIENTED_EDGE('',*,*,#3356,.T.);
#3382 = ORIENTED_EDGE('',*,*,#760,.T.);
#3383 = ORIENTED_EDGE('',*,*,#3384,.F.);
#3384 = EDGE_CURVE('',#1641,#761,#3385,.T.);
#3385 = SURFACE_CURVE('',#3386,(#3391,#3398),.PCURVE_S1.);
#3386 = B_SPLINE_CURVE_WITH_KNOTS('',3,(#3387,#3388,#3389,#3390),
  .UNSPECIFIED.,.F.,.F.,(4,4),(0.,1.),.PIECEWISE_BEZIER_KNOTS.);
#3387 = CARTESIAN_POINT('',(210.,-16.,147.5));
#3388 = CARTESIAN_POINT('',(-305.8333333333,-16.,143.66666666666));
#3389 = CARTESIAN_POINT('',(-821.6666666666,-16.,139.83333333333));
#3390 = CARTESIAN_POINT('',(-1.3375E+03,-1.6,136.));
#3391 = PCURVE('',#780,#3392);
#3392 = DEFINITIONAL_REPRESENTATION('',(#3393),#3397);
#3393 = LINE('',#3394,#3395);
#3394 = CARTESIAN_POINT('',(0.,1.));
#3395 = VECTOR('',#3396,1.);
#3396 = DIRECTION('',(1.,0.));
#3397 = ( GEOMETRIC_REPRESENTATION_CONTEXT(2) 
PARAMETRIC_REPRESENTATION_CONTEXT() REPRESENTATION_CONTEXT('2D SPACE',''
  ) );
#3398 = PCURVE('',#818,#3399);
#3399 = DEFINITIONAL_REPRESENTATION('',(#3400),#3404);
#3400 = LINE('',#3401,#3402);
#3401 = CARTESIAN_POINT('',(0.,0.));
#3402 = VECTOR('',#3403,1.);
#3403 = DIRECTION('',(1.,0.));
#3404 = ( GEOMETRIC_REPRESENTATION_CONTEXT(2) 
PARAMETRIC_REPRESENTATION_CONTEXT() REPRESENTATION_CONTEXT('2D SPACE',''
  ) );
#3405 = ADVANCED_FACE('',(#3406),#818,.T.);
#3406 = FACE_BOUND('',#3407,.T.);
#3407 = EDGE_LOOP('',(#3408,#3409,#3410,#3411));
#3408 = ORIENTED_EDGE('',*,*,#1669,.F.);
#3409 = ORIENTED_EDGE('',*,*,#3384,.T.);
#3410 = ORIENTED_EDGE('',*,*,#798,.T.);
#3411 = ORIENTED_EDGE('',*,*,#922,.T.);
#3412 = ADVANCED_FACE('',(#3413),#877,.F.);
#3413 = FACE_BOUND('',#3414,.F.);
#3414 = EDGE_LOOP('',(#3415,#3416,#3436,#3463));
#3415 = ORIENTED_EDGE('',*,*,#860,.T.);
#3416 = ORIENTED_EDGE('',*,*,#3417,.T.);
#3417 = EDGE_CURVE('',#861,#3418,#3420,.T.);
#3418 = VERTEX_POINT('',#3419);
#3419 = CARTESIAN_POINT('',(-1.087333333333E+03,26.162950903902,
    -26.1629509039));
#3420 = SEAM_CURVE('',#3421,(#3424,#3430),.PCURVE_S1.);
#3421 = B_SPLINE_CURVE_WITH_KNOTS('',1,(#3422,#3423),.UNSPECIFIED.,.F.,
  .F.,(2,2),(0.,1.),.PIECEWISE_BEZIER_KNOTS.);
#3422 = CARTESIAN_POINT('',(-1.124333333333E+03,45.961940777126,
    -45.96194077712));
#3423 = CARTESIAN_POINT('',(-1.087333333333E+03,26.162950903902,
    -26.1629509039));
#3424 = PCURVE('',#877,#3425);
#3425 = DEFINITIONAL_REPRESENTATION('',(#3426),#3429);
#3426 = B_SPLINE_CURVE_WITH_KNOTS('',1,(#3427,#3428),.UNSPECIFIED.,.F.,
  .F.,(2,2),(0.,1.),.PIECEWISE_BEZIER_KNOTS.);
#3427 = CARTESIAN_POINT('',(0.,0.));
#3428 = CARTESIAN_POINT('',(0.,-37.));
#3429 = ( GEOMETRIC_REPRESENTATION_CONTEXT(2) 
PARAMETRIC_REPRESENTATION_CONTEXT() REPRESENTATION_CONTEXT('2D SPACE',''
  ) );
#3430 = PCURVE('',#877,#3431);
#3431 = DEFINITIONAL_REPRESENTATION('',(#3432),#3435);
#3432 = B_SPLINE_CURVE_WITH_KNOTS('',1,(#3433,#3434),.UNSPECIFIED.,.F.,
  .F.,(2,2),(0.,1.),.PIECEWISE_BEZIER_KNOTS.);
#3433 = CARTESIAN_POINT('',(-6.28318530718,0.));
#3434 = CARTESIAN_POINT('',(-6.28318530718,-37.));
#3435 = ( GEOMETRIC_REPRESENTATION_CONTEXT(2) 
PARAMETRIC_REPRESENTATION_CONTEXT() REPRESENTATION_CONTEXT('2D SPACE',''
  ) );
#3436 = ORIENTED_EDGE('',*,*,#3437,.F.);
#3437 = EDGE_CURVE('',#3418,#3418,#3438,.T.);
#3438 = SURFACE_CURVE('',#3439,(#3444,#3451),.PCURVE_S1.);
#3439 = CIRCLE('',#3440,37.);
#3440 = AXIS2_PLACEMENT_3D('',#3441,#3442,#3443);
#3441 = CARTESIAN_POINT('',(-1.087333333333E+03,0.,0.));
#3442 = DIRECTION('',(1.,-7.850462293419E-17,7.850462293419E-17));
#3443 = DIRECTION('',(1.110223024625E-16,0.707106781187,-0.707106781187)
  );
#3444 = PCURVE('',#877,#3445);
#3445 = DEFINITIONAL_REPRESENTATION('',(#3446),#3450);
#3446 = LINE('',#3447,#3448);
#3447 = CARTESIAN_POINT('',(0.,-37.));
#3448 = VECTOR('',#3449,1.);
#3449 = DIRECTION('',(-1.,0.));
#3450 = ( GEOMETRIC_REPRESENTATION_CONTEXT(2) 
PARAMETRIC_REPRESENTATION_CONTEXT() REPRESENTATION_CONTEXT('2D SPACE',''
  ) );
#3451 = PCURVE('',#3452,#3457);
#3452 = CYLINDRICAL_SURFACE('',#3453,37.);
#3453 = AXIS2_PLACEMENT_3D('',#3454,#3455,#3456);
#3454 = CARTESIAN_POINT('',(-1.087333333333E+03,0.,0.));
#3455 = DIRECTION('',(1.,-7.850462293419E-17,7.850462293419E-17));
#3456 = DIRECTION('',(1.110223024625E-16,0.707106781187,-0.707106781187)
  );
#3457 = DEFINITIONAL_REPRESENTATION('',(#3458),#3462);
#3458 = LINE('',#3459,#3460);
#3459 = CARTESIAN_POINT('',(0.,0.));
#3460 = VECTOR('',#3461,1.);
#3461 = DIRECTION('',(1.,0.));
#3462 = ( GEOMETRIC_REPRESENTATION_CONTEXT(2) 
PARAMETRIC_REPRESENTATION_CONTEXT() REPRESENTATION_CONTEXT('2D SPACE',''
  ) );
#3463 = ORIENTED_EDGE('',*,*,#3417,.F.);
#3464 = ADVANCED_FACE('',(#3465),#3452,.F.);
#3465 = FACE_BOUND('',#3466,.F.);
#3466 = EDGE_LOOP('',(#3467,#3468,#3488,#3515));
#3467 = ORIENTED_EDGE('',*,*,#3437,.T.);
#3468 = ORIENTED_EDGE('',*,*,#3469,.T.);
#3469 = EDGE_CURVE('',#3418,#3470,#3472,.T.);
#3470 = VERTEX_POINT('',#3471);
#3471 = CARTESIAN_POINT('',(-1.081333333333E+03,26.162950903902,
    -26.1629509039));
#3472 = SEAM_CURVE('',#3473,(#3476,#3482),.PCURVE_S1.);
#3473 = B_SPLINE_CURVE_WITH_KNOTS('',1,(#3474,#3475),.UNSPECIFIED.,.F.,
  .F.,(2,2),(0.,1.),.PIECEWISE_BEZIER_KNOTS.);
#3474 = CARTESIAN_POINT('',(-1.087333333333E+03,26.162950903902,
    -26.1629509039));
#3475 = CARTESIAN_POINT('',(-1.081333333333E+03,26.162950903902,
    -26.1629509039));
#3476 = PCURVE('',#3452,#3477);
#3477 = DEFINITIONAL_REPRESENTATION('',(#3478),#3481);
#3478 = B_SPLINE_CURVE_WITH_KNOTS('',1,(#3479,#3480),.UNSPECIFIED.,.F.,
  .F.,(2,2),(0.,1.),.PIECEWISE_BEZIER_KNOTS.);
#3479 = CARTESIAN_POINT('',(6.28318530718,0.));
#3480 = CARTESIAN_POINT('',(6.28318530718,6.));
#3481 = ( GEOMETRIC_REPRESENTATION_CONTEXT(2) 
PARAMETRIC_REPRESENTATION_CONTEXT() REPRESENTATION_CONTEXT('2D SPACE',''
  ) );
#3482 = PCURVE('',#3452,#3483);
#3483 = DEFINITIONAL_REPRESENTATION('',(#3484),#3487);
#3484 = B_SPLINE_CURVE_WITH_KNOTS('',1,(#3485,#3486),.UNSPECIFIED.,.F.,
  .F.,(2,2),(0.,1.),.PIECEWISE_BEZIER_KNOTS.);
#3485 = CARTESIAN_POINT('',(0.,0.));
#3486 = CARTESIAN_POINT('',(0.,6.));
#3487 = ( GEOMETRIC_REPRESENTATION_CONTEXT(2) 
PARAMETRIC_REPRESENTATION_CONTEXT() REPRESENTATION_CONTEXT('2D SPACE',''
  ) );
#3488 = ORIENTED_EDGE('',*,*,#3489,.F.);
#3489 = EDGE_CURVE('',#3470,#3470,#3490,.T.);
#3490 = SURFACE_CURVE('',#3491,(#3496,#3503),.PCURVE_S1.);
#3491 = CIRCLE('',#3492,37.);
#3492 = AXIS2_PLACEMENT_3D('',#3493,#3494,#3495);
#3493 = CARTESIAN_POINT('',(-1.081333333333E+03,0.,0.));
#3494 = DIRECTION('',(1.,-7.850462293419E-17,7.850462293419E-17));
#3495 = DIRECTION('',(1.110223024625E-16,0.707106781187,-0.707106781187)
  );
#3496 = PCURVE('',#3452,#3497);
#3497 = DEFINITIONAL_REPRESENTATION('',(#3498),#3502);
#3498 = LINE('',#3499,#3500);
#3499 = CARTESIAN_POINT('',(0.,6.));
#3500 = VECTOR('',#3501,1.);
#3501 = DIRECTION('',(1.,0.));
#3502 = ( GEOMETRIC_REPRESENTATION_CONTEXT(2) 
PARAMETRIC_REPRESENTATION_CONTEXT() REPRESENTATION_CONTEXT('2D SPACE',''
  ) );
#3503 = PCURVE('',#3504,#3509);
#3504 = PLANE('',#3505);
#3505 = AXIS2_PLACEMENT_3D('',#3506,#3507,#3508);
#3506 = CARTESIAN_POINT('',(-1.081333333333E+03,0.,0.));
#3507 = DIRECTION('',(1.,-7.850462293419E-17,7.850462293419E-17));
#3508 = DIRECTION('',(1.110223024625E-16,0.707106781187,-0.707106781187)
  );
#3509 = DEFINITIONAL_REPRESENTATION('',(#3510),#3514);
#3510 = CIRCLE('',#3511,37.);
#3511 = AXIS2_PLACEMENT_2D('',#3512,#3513);
#3512 = CARTESIAN_POINT('',(0.,0.));
#3513 = DIRECTION('',(1.,0.));
#3514 = ( GEOMETRIC_REPRESENTATION_CONTEXT(2) 
PARAMETRIC_REPRESENTATION_CONTEXT() REPRESENTATION_CONTEXT('2D SPACE',''
  ) );
#3515 = ORIENTED_EDGE('',*,*,#3469,.F.);
#3516 = ADVANCED_FACE('',(#3517),#3504,.F.);
#3517 = FACE_BOUND('',#3518,.F.);
#3518 = EDGE_LOOP('',(#3519));
#3519 = ORIENTED_EDGE('',*,*,#3489,.T.);
#3520 = ( GEOMETRIC_REPRESENTATION_CONTEXT(3) 
GLOBAL_UNCERTAINTY_ASSIGNED_CONTEXT((#3524)) 
GLOBAL_UNIT_ASSIGNED_CONTEXT((#3521,#3522,#3523)) REPRESENTATION_CONTEXT
('Context #1','3D Context with UNIT and UNCERTAINTY') );
#3521 = ( LENGTH_UNIT() NAMED_UNIT(*) SI_UNIT(.MILLI.,.METRE.) );
#3522 = ( NAMED_UNIT(*) PLANE_ANGLE_UNIT() SI_UNIT($,.RADIAN.) );
#3523 = ( NAMED_UNIT(*) SI_UNIT($,.STERADIAN.) SOLID_ANGLE_UNIT() );
#3524 = UNCERTAINTY_MEASURE_WITH_UNIT(LENGTH_MEASURE(2.E-06),#3521,
  'distance_accuracy_value','confusion accuracy');
#3525 = CONTEXT_DEPENDENT_SHAPE_REPRESENTATION(#3526,#3528);
#3526 = ( REPRESENTATION_RELATIONSHIP('','',#44,#10) 
REPRESENTATION_RELATIONSHIP_WITH_TRANSFORMATION(#3527) 
SHAPE_REPRESENTATION_RELATIONSHIP() );
#3527 = ITEM_DEFINED_TRANSFORMATION('','',#11,#15);
#3528 = PRODUCT_DEFINITION_SHAPE('Placement','Placement of an item',
  #3529);
#3529 = NEXT_ASSEMBLY_USAGE_OCCURRENCE('1','main_body_intake_r10','',#5,
  #39,$);
#3530 = PRODUCT_RELATED_PRODUCT_CATEGORY('part',$,(#41));
#3531 = SHAPE_DEFINITION_REPRESENTATION(#3532,#3538);
#3532 = PRODUCT_DEFINITION_SHAPE('','',#3533);
#3533 = PRODUCT_DEFINITION('design','',#3534,#3537);
#3534 = PRODUCT_DEFINITION_FORMATION('','',#3535);
#3535 = PRODUCT('booster_intake_fairing_1','booster_intake_fairing_1',''
  ,(#3536));
#3536 = PRODUCT_CONTEXT('',#2,'mechanical');
#3537 = PRODUCT_DEFINITION_CONTEXT('part definition',#2,'design');
#3538 = ADVANCED_BREP_SHAPE_REPRESENTATION('',(#11,#3539),#4068);
#3539 = MANIFOLD_SOLID_BREP('',#3540);
#3540 = CLOSED_SHELL('',(#3541,#3765,#3842,#3890,#3938,#3986,#4035,#4059
    ));
#3541 = ADVANCED_FACE('',(#3542),#3558,.T.);
#3542 = FACE_BOUND('',#3543,.T.);
#3543 = EDGE_LOOP('',(#3544,#3589,#3615,#3653,#3691,#3729));
#3544 = ORIENTED_EDGE('',*,*,#3545,.T.);
#3545 = EDGE_CURVE('',#3546,#3548,#3550,.T.);
#3546 = VERTEX_POINT('',#3547);
#3547 = CARTESIAN_POINT('',(-1.123333333333E+03,-18.41507029514,
    106.34673287519));
#3548 = VERTEX_POINT('',#3549);
#3549 = CARTESIAN_POINT('',(-1.123333333333E+03,-18.41507029514,78.));
#3550 = SURFACE_CURVE('',#3551,(#3557,#3571),.PCURVE_S1.);
#3551 = B_SPLINE_CURVE_WITH_KNOTS('',4,(#3552,#3553,#3554,#3555,#3556),
  .UNSPECIFIED.,.F.,.F.,(5,5),(0.,1.),.PIECEWISE_BEZIER_KNOTS.);
#3552 = CARTESIAN_POINT('',(-1.123333333333E+03,-18.41507029514,
    106.34673287519));
#3553 = CARTESIAN_POINT('',(-1.123333333333E+03,-18.41507029514,
    99.260049656397));
#3554 = CARTESIAN_POINT('',(-1.123333333333E+03,-18.41507029514,
    92.173366437598));
#3555 = CARTESIAN_POINT('',(-1.123333333333E+03,-18.41507029514,
    85.086683218799));
#3556 = CARTESIAN_POINT('',(-1.123333333333E+03,-18.41507029514,78.));
#3557 = PCURVE('',#3558,#3563);
#3558 = PLANE('',#3559);
#3559 = AXIS2_PLACEMENT_3D('',#3560,#3561,#3562);
#3560 = CARTESIAN_POINT('',(-1.123333333333E+03,-300.,-300.));
#3561 = DIRECTION('',(1.,0.,0.));
#3562 = DIRECTION('',(0.,0.,1.));
#3563 = DEFINITIONAL_REPRESENTATION('',(#3564),#3570);
#3564 = B_SPLINE_CURVE_WITH_KNOTS('',4,(#3565,#3566,#3567,#3568,#3569),
  .UNSPECIFIED.,.F.,.F.,(5,5),(0.,1.),.PIECEWISE_BEZIER_KNOTS.);
#3565 = CARTESIAN_POINT('',(406.34673287519,-281.5849297048));
#3566 = CARTESIAN_POINT('',(399.26004965639,-281.5849297048));
#3567 = CARTESIAN_POINT('',(392.17336643759,-281.5849297048));
#3568 = CARTESIAN_POINT('',(385.08668321879,-281.5849297048));
#3569 = CARTESIAN_POINT('',(378.,-281.5849297048));
#3570 = ( GEOMETRIC_REPRESENTATION_CONTEXT(2) 
PARAMETRIC_REPRESENTATION_CONTEXT() REPRESENTATION_CONTEXT('2D SPACE',''
  ) );
#3571 = PCURVE('',#3572,#3581);
#3572 = B_SPLINE_SURFACE_WITH_KNOTS('',3,1,(
    (#3573,#3574)
    ,(#3575,#3576)
    ,(#3577,#3578)
    ,(#3579,#3580
    )),.UNSPECIFIED.,.F.,.F.,.F.,(4,4),(2,2),(0.,1.),(0.,1.),
  .PIECEWISE_BEZIER_KNOTS.);
#3573 = CARTESIAN_POINT('',(210.,-44.,96.469037226458));
#3574 = CARTESIAN_POINT('',(210.,-44.,78.));
#3575 = CARTESIAN_POINT('',(-305.8333333333,-44.,96.469037226458));
#3576 = CARTESIAN_POINT('',(-305.8333333333,-44.,78.));
#3577 = CARTESIAN_POINT('',(-821.6666666666,-44.,96.469037226458));
#3578 = CARTESIAN_POINT('',(-821.6666666666,-44.,78.));
#3579 = CARTESIAN_POINT('',(-1.3375E+03,-4.,111.91202770981));
#3580 = CARTESIAN_POINT('',(-1.3375E+03,-4.,78.));
#3581 = DEFINITIONAL_REPRESENTATION('',(#3582),#3588);
#3582 = B_SPLINE_CURVE_WITH_KNOTS('',4,(#3583,#3584,#3585,#3586,#3587),
  .UNSPECIFIED.,.F.,.F.,(5,5),(0.,1.),.PIECEWISE_BEZIER_KNOTS.);
#3583 = CARTESIAN_POINT('',(0.861604738826,0.));
#3584 = CARTESIAN_POINT('',(0.861604738826,0.25));
#3585 = CARTESIAN_POINT('',(0.861604738826,0.5));
#3586 = CARTESIAN_POINT('',(0.861604738826,0.75));
#3587 = CARTESIAN_POINT('',(0.861604738826,1.));
#3588 = ( GEOMETRIC_REPRESENTATION_CONTEXT(2) 
PARAMETRIC_REPRESENTATION_CONTEXT() REPRESENTATION_CONTEXT('2D SPACE',''
  ) );
#3589 = ORIENTED_EDGE('',*,*,#3590,.T.);
#3590 = EDGE_CURVE('',#3548,#3591,#3593,.T.);
#3591 = VERTEX_POINT('',#3592);
#3592 = CARTESIAN_POINT('',(-1.123333333333E+03,18.415070295142,78.));
#3593 = SURFACE_CURVE('',#3594,(#3598,#3604),.PCURVE_S1.);
#3594 = LINE('',#3595,#3596);
#3595 = CARTESIAN_POINT('',(-1.123333333333E+03,-150.,78.));
#3596 = VECTOR('',#3597,1.);
#3597 = DIRECTION('',(0.,1.,0.));
#3598 = PCURVE('',#3558,#3599);
#3599 = DEFINITIONAL_REPRESENTATION('',(#3600),#3603);
#3600 = B_SPLINE_CURVE_WITH_KNOTS('',1,(#3601,#3602),.UNSPECIFIED.,.F.,
  .F.,(2,2),(106.,194.),.PIECEWISE_BEZIER_KNOTS.);
#3601 = CARTESIAN_POINT('',(378.,-256.));
#3602 = CARTESIAN_POINT('',(378.,-344.));
#3603 = ( GEOMETRIC_REPRESENTATION_CONTEXT(2) 
PARAMETRIC_REPRESENTATION_CONTEXT() REPRESENTATION_CONTEXT('2D SPACE',''
  ) );
#3604 = PCURVE('',#3605,#3610);
#3605 = PLANE('',#3606);
#3606 = AXIS2_PLACEMENT_3D('',#3607,#3608,#3609);
#3607 = CARTESIAN_POINT('',(-563.75,1.871780967137E-15,78.));
#3608 = DIRECTION('',(0.,0.,-1.));
#3609 = DIRECTION('',(-1.,-9.121439624585E-19,0.));
#3610 = DEFINITIONAL_REPRESENTATION('',(#3611),#3614);
#3611 = B_SPLINE_CURVE_WITH_KNOTS('',1,(#3612,#3613),.UNSPECIFIED.,.F.,
  .F.,(2,2),(106.,194.),.PIECEWISE_BEZIER_KNOTS.);
#3612 = CARTESIAN_POINT('',(559.58333333333,-44.));
#3613 = CARTESIAN_POINT('',(559.58333333333,44.));
#3614 = ( GEOMETRIC_REPRESENTATION_CONTEXT(2) 
PARAMETRIC_REPRESENTATION_CONTEXT() REPRESENTATION_CONTEXT('2D SPACE',''
  ) );
#3615 = ORIENTED_EDGE('',*,*,#3616,.T.);
#3616 = EDGE_CURVE('',#3591,#3617,#3619,.T.);
#3617 = VERTEX_POINT('',#3618);
#3618 = CARTESIAN_POINT('',(-1.123333333333E+03,18.415070295142,
    106.34673287519));
#3619 = SURFACE_CURVE('',#3620,(#3626,#3635),.PCURVE_S1.);
#3620 = B_SPLINE_CURVE_WITH_KNOTS('',4,(#3621,#3622,#3623,#3624,#3625),
  .UNSPECIFIED.,.F.,.F.,(5,5),(0.,1.),.PIECEWISE_BEZIER_KNOTS.);
#3621 = CARTESIAN_POINT('',(-1.123333333333E+03,18.415070295142,78.));
#3622 = CARTESIAN_POINT('',(-1.123333333333E+03,18.415070295142,
    85.086683218799));
#3623 = CARTESIAN_POINT('',(-1.123333333333E+03,18.415070295142,
    92.173366437598));
#3624 = CARTESIAN_POINT('',(-1.123333333333E+03,18.415070295142,
    99.260049656398));
#3625 = CARTESIAN_POINT('',(-1.123333333333E+03,18.415070295142,
    106.34673287519));
#3626 = PCURVE('',#3558,#3627);
#3627 = DEFINITIONAL_REPRESENTATION('',(#3628),#3634);
#3628 = B_SPLINE_CURVE_WITH_KNOTS('',4,(#3629,#3630,#3631,#3632,#3633),
  .UNSPECIFIED.,.F.,.F.,(5,5),(0.,1.),.PIECEWISE_BEZIER_KNOTS.);
#3629 = CARTESIAN_POINT('',(378.,-318.4150702951));
#3630 = CARTESIAN_POINT('',(385.08668321879,-318.4150702951));
#3631 = CARTESIAN_POINT('',(392.17336643759,-318.4150702951));
#3632 = CARTESIAN_POINT('',(399.26004965639,-318.4150702951));
#3633 = CARTESIAN_POINT('',(406.34673287519,-318.4150702951));
#3634 = ( GEOMETRIC_REPRESENTATION_CONTEXT(2) 
PARAMETRIC_REPRESENTATION_CONTEXT() REPRESENTATION_CONTEXT('2D SPACE',''
  ) );
#3635 = PCURVE('',#3636,#3645);
#3636 = B_SPLINE_SURFACE_WITH_KNOTS('',3,1,(
    (#3637,#3638)
    ,(#3639,#3640)
    ,(#3641,#3642)
    ,(#3643,#3644
    )),.UNSPECIFIED.,.F.,.F.,.F.,(4,4),(2,2),(0.,1.),(0.,1.),
  .PIECEWISE_BEZIER_KNOTS.);
#3637 = CARTESIAN_POINT('',(210.,44.,78.));
#3638 = CARTESIAN_POINT('',(210.,44.,96.469037226458));
#3639 = CARTESIAN_POINT('',(-305.8333333333,44.,78.));
#3640 = CARTESIAN_POINT('',(-305.8333333333,44.,96.469037226458));
#3641 = CARTESIAN_POINT('',(-821.6666666666,44.,78.));
#3642 = CARTESIAN_POINT('',(-821.6666666666,44.,96.469037226458));
#3643 = CARTESIAN_POINT('',(-1.3375E+03,4.,78.));
#3644 = CARTESIAN_POINT('',(-1.3375E+03,4.,111.91202770981));
#3645 = DEFINITIONAL_REPRESENTATION('',(#3646),#3652);
#3646 = B_SPLINE_CURVE_WITH_KNOTS('',4,(#3647,#3648,#3649,#3650,#3651),
  .UNSPECIFIED.,.F.,.F.,(5,5),(0.,1.),.PIECEWISE_BEZIER_KNOTS.);
#3647 = CARTESIAN_POINT('',(0.861604738826,0.));
#3648 = CARTESIAN_POINT('',(0.861604738826,0.25));
#3649 = CARTESIAN_POINT('',(0.861604738826,0.5));
#3650 = CARTESIAN_POINT('',(0.861604738826,0.75));
#3651 = CARTESIAN_POINT('',(0.861604738826,1.));
#3652 = ( GEOMETRIC_REPRESENTATION_CONTEXT(2) 
PARAMETRIC_REPRESENTATION_CONTEXT() REPRESENTATION_CONTEXT('2D SPACE',''
  ) );
#3653 = ORIENTED_EDGE('',*,*,#3654,.T.);
#3654 = EDGE_CURVE('',#3617,#3655,#3657,.T.);
#3655 = VERTEX_POINT('',#3656);
#3656 = CARTESIAN_POINT('',(-1.123333333333E+03,6.789425306251,
    137.5915455035));
#3657 = SURFACE_CURVE('',#3658,(#3664,#3673),.PCURVE_S1.);
#3658 = B_SPLINE_CURVE_WITH_KNOTS('',4,(#3659,#3660,#3661,#3662,#3663),
  .UNSPECIFIED.,.F.,.F.,(5,5),(0.,1.),.PIECEWISE_BEZIER_KNOTS.);
#3659 = CARTESIAN_POINT('',(-1.123333333333E+03,18.415070295142,
    106.34673287519));
#3660 = CARTESIAN_POINT('',(-1.123333333333E+03,15.508659047919,
    114.15793603227));
#3661 = CARTESIAN_POINT('',(-1.123333333333E+03,12.602247800696,
    121.96913918934));
#3662 = CARTESIAN_POINT('',(-1.123333333333E+03,9.695836553474,
    129.78034234642));
#3663 = CARTESIAN_POINT('',(-1.123333333333E+03,6.789425306251,
    137.5915455035));
#3664 = PCURVE('',#3558,#3665);
#3665 = DEFINITIONAL_REPRESENTATION('',(#3666),#3672);
#3666 = B_SPLINE_CURVE_WITH_KNOTS('',4,(#3667,#3668,#3669,#3670,#3671),
  .UNSPECIFIED.,.F.,.F.,(5,5),(0.,1.),.PIECEWISE_BEZIER_KNOTS.);
#3667 = CARTESIAN_POINT('',(406.34673287519,-318.4150702951));
#3668 = CARTESIAN_POINT('',(414.15793603227,-315.5086590479));
#3669 = CARTESIAN_POINT('',(421.96913918934,-312.6022478006));
#3670 = CARTESIAN_POINT('',(429.78034234642,-309.6958365534));
#3671 = CARTESIAN_POINT('',(437.5915455035,-306.7894253062));
#3672 = ( GEOMETRIC_REPRESENTATION_CONTEXT(2) 
PARAMETRIC_REPRESENTATION_CONTEXT() REPRESENTATION_CONTEXT('2D SPACE',''
  ) );
#3673 = PCURVE('',#3674,#3683);
#3674 = B_SPLINE_SURFACE_WITH_KNOTS('',3,1,(
    (#3675,#3676)
    ,(#3677,#3678)
    ,(#3679,#3680)
    ,(#3681,#3682
    )),.UNSPECIFIED.,.F.,.F.,.F.,(4,4),(2,2),(0.,1.),(0.,1.),
  .PIECEWISE_BEZIER_KNOTS.);
#3675 = CARTESIAN_POINT('',(210.,44.,96.469037226458));
#3676 = CARTESIAN_POINT('',(210.,16.,147.5));
#3677 = CARTESIAN_POINT('',(-305.8333333333,44.,96.469037226458));
#3678 = CARTESIAN_POINT('',(-305.8333333333,16.,143.66666666666));
#3679 = CARTESIAN_POINT('',(-821.6666666666,44.,96.469037226458));
#3680 = CARTESIAN_POINT('',(-821.6666666666,16.,139.83333333333));
#3681 = CARTESIAN_POINT('',(-1.3375E+03,4.,111.91202770981));
#3682 = CARTESIAN_POINT('',(-1.3375E+03,1.6,136.));
#3683 = DEFINITIONAL_REPRESENTATION('',(#3684),#3690);
#3684 = B_SPLINE_CURVE_WITH_KNOTS('',4,(#3685,#3686,#3687,#3688,#3689),
  .UNSPECIFIED.,.F.,.F.,(5,5),(0.,1.),.PIECEWISE_BEZIER_KNOTS.);
#3685 = CARTESIAN_POINT('',(0.861604738826,0.));
#3686 = CARTESIAN_POINT('',(0.861604738826,0.25));
#3687 = CARTESIAN_POINT('',(0.861604738826,0.5));
#3688 = CARTESIAN_POINT('',(0.861604738826,0.75));
#3689 = CARTESIAN_POINT('',(0.861604738826,1.));
#3690 = ( GEOMETRIC_REPRESENTATION_CONTEXT(2) 
PARAMETRIC_REPRESENTATION_CONTEXT() REPRESENTATION_CONTEXT('2D SPACE',''
  ) );
#3691 = ORIENTED_EDGE('',*,*,#3692,.T.);
#3692 = EDGE_CURVE('',#3655,#3693,#3695,.T.);
#3693 = VERTEX_POINT('',#3694);
#3694 = CARTESIAN_POINT('',(-1.123333333333E+03,-6.789425306251,
    137.5915455035));
#3695 = SURFACE_CURVE('',#3696,(#3702,#3711),.PCURVE_S1.);
#3696 = B_SPLINE_CURVE_WITH_KNOTS('',4,(#3697,#3698,#3699,#3700,#3701),
  .UNSPECIFIED.,.F.,.F.,(5,5),(0.,1.),.PIECEWISE_BEZIER_KNOTS.);
#3697 = CARTESIAN_POINT('',(-1.123333333333E+03,6.789425306251,
    137.5915455035));
#3698 = CARTESIAN_POINT('',(-1.123333333333E+03,3.394712653125,
    137.5915455035));
#3699 = CARTESIAN_POINT('',(-1.123333333333E+03,5.684341886081E-14,
    137.5915455035));
#3700 = CARTESIAN_POINT('',(-1.123333333333E+03,-3.394712653126,
    137.5915455035));
#3701 = CARTESIAN_POINT('',(-1.123333333333E+03,-6.789425306251,
    137.5915455035));
#3702 = PCURVE('',#3558,#3703);
#3703 = DEFINITIONAL_REPRESENTATION('',(#3704),#3710);
#3704 = B_SPLINE_CURVE_WITH_KNOTS('',4,(#3705,#3706,#3707,#3708,#3709),
  .UNSPECIFIED.,.F.,.F.,(5,5),(0.,1.),.PIECEWISE_BEZIER_KNOTS.);
#3705 = CARTESIAN_POINT('',(437.5915455035,-306.7894253062));
#3706 = CARTESIAN_POINT('',(437.5915455035,-303.3947126531));
#3707 = CARTESIAN_POINT('',(437.5915455035,-300.));
#3708 = CARTESIAN_POINT('',(437.5915455035,-296.6052873468));
#3709 = CARTESIAN_POINT('',(437.5915455035,-293.2105746937));
#3710 = ( GEOMETRIC_REPRESENTATION_CONTEXT(2) 
PARAMETRIC_REPRESENTATION_CONTEXT() REPRESENTATION_CONTEXT('2D SPACE',''
  ) );
#3711 = PCURVE('',#3712,#3721);
#3712 = B_SPLINE_SURFACE_WITH_KNOTS('',3,1,(
    (#3713,#3714)
    ,(#3715,#3716)
    ,(#3717,#3718)
    ,(#3719,#3720
    )),.UNSPECIFIED.,.F.,.F.,.F.,(4,4),(2,2),(0.,1.),(0.,1.),
  .PIECEWISE_BEZIER_KNOTS.);
#3713 = CARTESIAN_POINT('',(210.,16.,147.5));
#3714 = CARTESIAN_POINT('',(210.,-16.,147.5));
#3715 = CARTESIAN_POINT('',(-305.8333333333,16.,143.66666666666));
#3716 = CARTESIAN_POINT('',(-305.8333333333,-16.,143.66666666666));
#3717 = CARTESIAN_POINT('',(-821.6666666666,16.,139.83333333333));
#3718 = CARTESIAN_POINT('',(-821.6666666666,-16.,139.83333333333));
#3719 = CARTESIAN_POINT('',(-1.3375E+03,1.6,136.));
#3720 = CARTESIAN_POINT('',(-1.3375E+03,-1.6,136.));
#3721 = DEFINITIONAL_REPRESENTATION('',(#3722),#3728);
#3722 = B_SPLINE_CURVE_WITH_KNOTS('',4,(#3723,#3724,#3725,#3726,#3727),
  .UNSPECIFIED.,.F.,.F.,(5,5),(0.,1.),.PIECEWISE_BEZIER_KNOTS.);
#3723 = CARTESIAN_POINT('',(0.861604738826,0.));
#3724 = CARTESIAN_POINT('',(0.861604738826,0.25));
#3725 = CARTESIAN_POINT('',(0.861604738826,0.5));
#3726 = CARTESIAN_POINT('',(0.861604738826,0.75));
#3727 = CARTESIAN_POINT('',(0.861604738826,1.));
#3728 = ( GEOMETRIC_REPRESENTATION_CONTEXT(2) 
PARAMETRIC_REPRESENTATION_CONTEXT() REPRESENTATION_CONTEXT('2D SPACE',''
  ) );
#3729 = ORIENTED_EDGE('',*,*,#3730,.T.);
#3730 = EDGE_CURVE('',#3693,#3546,#3731,.T.);
#3731 = SURFACE_CURVE('',#3732,(#3738,#3747),.PCURVE_S1.);
#3732 = B_SPLINE_CURVE_WITH_KNOTS('',4,(#3733,#3734,#3735,#3736,#3737),
  .UNSPECIFIED.,.F.,.F.,(5,5),(0.,1.),.PIECEWISE_BEZIER_KNOTS.);
#3733 = CARTESIAN_POINT('',(-1.123333333333E+03,-6.789425306251,
    137.5915455035));
#3734 = CARTESIAN_POINT('',(-1.123333333333E+03,-9.695836553474,
    129.78034234642));
#3735 = CARTESIAN_POINT('',(-1.123333333333E+03,-12.60224780069,
    121.96913918934));
#3736 = CARTESIAN_POINT('',(-1.123333333333E+03,-15.50865904791,
    114.15793603227));
#3737 = CARTESIAN_POINT('',(-1.123333333333E+03,-18.41507029514,
    106.34673287519));
#3738 = PCURVE('',#3558,#3739);
#3739 = DEFINITIONAL_REPRESENTATION('',(#3740),#3746);
#3740 = B_SPLINE_CURVE_WITH_KNOTS('',4,(#3741,#3742,#3743,#3744,#3745),
  .UNSPECIFIED.,.F.,.F.,(5,5),(0.,1.),.PIECEWISE_BEZIER_KNOTS.);
#3741 = CARTESIAN_POINT('',(437.5915455035,-293.2105746937));
#3742 = CARTESIAN_POINT('',(429.78034234642,-290.3041634465));
#3743 = CARTESIAN_POINT('',(421.96913918934,-287.3977521993));
#3744 = CARTESIAN_POINT('',(414.15793603227,-284.491340952));
#3745 = CARTESIAN_POINT('',(406.34673287519,-281.5849297048));
#3746 = ( GEOMETRIC_REPRESENTATION_CONTEXT(2) 
PARAMETRIC_REPRESENTATION_CONTEXT() REPRESENTATION_CONTEXT('2D SPACE',''
  ) );
#3747 = PCURVE('',#3748,#3757);
#3748 = B_SPLINE_SURFACE_WITH_KNOTS('',3,1,(
    (#3749,#3750)
    ,(#3751,#3752)
    ,(#3753,#3754)
    ,(#3755,#3756
    )),.UNSPECIFIED.,.F.,.F.,.F.,(4,4),(2,2),(0.,1.),(0.,1.),
  .PIECEWISE_BEZIER_KNOTS.);
#3749 = CARTESIAN_POINT('',(210.,-16.,147.5));
#3750 = CARTESIAN_POINT('',(210.,-44.,96.469037226458));
#3751 = CARTESIAN_POINT('',(-305.8333333333,-16.,143.66666666666));
#3752 = CARTESIAN_POINT('',(-305.8333333333,-44.,96.469037226458));
#3753 = CARTESIAN_POINT('',(-821.6666666666,-16.,139.83333333333));
#3754 = CARTESIAN_POINT('',(-821.6666666666,-44.,96.469037226458));
#3755 = CARTESIAN_POINT('',(-1.3375E+03,-1.6,136.));
#3756 = CARTESIAN_POINT('',(-1.3375E+03,-4.,111.91202770981));
#3757 = DEFINITIONAL_REPRESENTATION('',(#3758),#3764);
#3758 = B_SPLINE_CURVE_WITH_KNOTS('',4,(#3759,#3760,#3761,#3762,#3763),
  .UNSPECIFIED.,.F.,.F.,(5,5),(0.,1.),.PIECEWISE_BEZIER_KNOTS.);
#3759 = CARTESIAN_POINT('',(0.861604738826,0.));
#3760 = CARTESIAN_POINT('',(0.861604738826,0.25));
#3761 = CARTESIAN_POINT('',(0.861604738826,0.5));
#3762 = CARTESIAN_POINT('',(0.861604738826,0.75));
#3763 = CARTESIAN_POINT('',(0.861604738826,1.));
#3764 = ( GEOMETRIC_REPRESENTATION_CONTEXT(2) 
PARAMETRIC_REPRESENTATION_CONTEXT() REPRESENTATION_CONTEXT('2D SPACE',''
  ) );
#3765 = ADVANCED_FACE('',(#3766),#3572,.T.);
#3766 = FACE_BOUND('',#3767,.T.);
#3767 = EDGE_LOOP('',(#3768,#3769,#3793,#3819));
#3768 = ORIENTED_EDGE('',*,*,#3545,.F.);
#3769 = ORIENTED_EDGE('',*,*,#3770,.T.);
#3770 = EDGE_CURVE('',#3546,#3771,#3773,.T.);
#3771 = VERTEX_POINT('',#3772);
#3772 = CARTESIAN_POINT('',(-1.3375E+03,-4.,111.91202770981));
#3773 = SURFACE_CURVE('',#3774,(#3779,#3786),.PCURVE_S1.);
#3774 = B_SPLINE_CURVE_WITH_KNOTS('',3,(#3775,#3776,#3777,#3778),
  .UNSPECIFIED.,.F.,.F.,(4,4),(0.,1.),.PIECEWISE_BEZIER_KNOTS.);
#3775 = CARTESIAN_POINT('',(210.,-44.,96.469037226458));
#3776 = CARTESIAN_POINT('',(-305.8333333333,-44.,96.469037226458));
#3777 = CARTESIAN_POINT('',(-821.6666666666,-44.,96.469037226458));
#3778 = CARTESIAN_POINT('',(-1.3375E+03,-4.,111.91202770981));
#3779 = PCURVE('',#3572,#3780);
#3780 = DEFINITIONAL_REPRESENTATION('',(#3781),#3785);
#3781 = LINE('',#3782,#3783);
#3782 = CARTESIAN_POINT('',(0.,0.));
#3783 = VECTOR('',#3784,1.);
#3784 = DIRECTION('',(1.,0.));
#3785 = ( GEOMETRIC_REPRESENTATION_CONTEXT(2) 
PARAMETRIC_REPRESENTATION_CONTEXT() REPRESENTATION_CONTEXT('2D SPACE',''
  ) );
#3786 = PCURVE('',#3748,#3787);
#3787 = DEFINITIONAL_REPRESENTATION('',(#3788),#3792);
#3788 = LINE('',#3789,#3790);
#3789 = CARTESIAN_POINT('',(0.,1.));
#3790 = VECTOR('',#3791,1.);
#3791 = DIRECTION('',(1.,0.));
#3792 = ( GEOMETRIC_REPRESENTATION_CONTEXT(2) 
PARAMETRIC_REPRESENTATION_CONTEXT() REPRESENTATION_CONTEXT('2D SPACE',''
  ) );
#3793 = ORIENTED_EDGE('',*,*,#3794,.T.);
#3794 = EDGE_CURVE('',#3771,#3795,#3797,.T.);
#3795 = VERTEX_POINT('',#3796);
#3796 = CARTESIAN_POINT('',(-1.3375E+03,-4.,78.));
#3797 = SURFACE_CURVE('',#3798,(#3801,#3808),.PCURVE_S1.);
#3798 = B_SPLINE_CURVE_WITH_KNOTS('',1,(#3799,#3800),.UNSPECIFIED.,.F.,
  .F.,(2,2),(0.,1.),.PIECEWISE_BEZIER_KNOTS.);
#3799 = CARTESIAN_POINT('',(-1.3375E+03,-4.,111.91202770981));
#3800 = CARTESIAN_POINT('',(-1.3375E+03,-4.,78.));
#3801 = PCURVE('',#3572,#3802);
#3802 = DEFINITIONAL_REPRESENTATION('',(#3803),#3807);
#3803 = LINE('',#3804,#3805);
#3804 = CARTESIAN_POINT('',(1.,0.));
#3805 = VECTOR('',#3806,1.);
#3806 = DIRECTION('',(0.,1.));
#3807 = ( GEOMETRIC_REPRESENTATION_CONTEXT(2) 
PARAMETRIC_REPRESENTATION_CONTEXT() REPRESENTATION_CONTEXT('2D SPACE',''
  ) );
#3808 = PCURVE('',#3809,#3814);
#3809 = PLANE('',#3810);
#3810 = AXIS2_PLACEMENT_3D('',#3811,#3812,#3813);
#3811 = CARTESIAN_POINT('',(-1.3375E+03,0.,105.93944611135));
#3812 = DIRECTION('',(-1.,0.,0.));
#3813 = DIRECTION('',(0.,0.,-1.));
#3814 = DEFINITIONAL_REPRESENTATION('',(#3815),#3818);
#3815 = B_SPLINE_CURVE_WITH_KNOTS('',1,(#3816,#3817),.UNSPECIFIED.,.F.,
  .F.,(2,2),(0.,1.),.PIECEWISE_BEZIER_KNOTS.);
#3816 = CARTESIAN_POINT('',(-5.972581598466,4.));
#3817 = CARTESIAN_POINT('',(27.939446111351,4.));
#3818 = ( GEOMETRIC_REPRESENTATION_CONTEXT(2) 
PARAMETRIC_REPRESENTATION_CONTEXT() REPRESENTATION_CONTEXT('2D SPACE',''
  ) );
#3819 = ORIENTED_EDGE('',*,*,#3820,.F.);
#3820 = EDGE_CURVE('',#3548,#3795,#3821,.T.);
#3821 = SURFACE_CURVE('',#3822,(#3827,#3834),.PCURVE_S1.);
#3822 = B_SPLINE_CURVE_WITH_KNOTS('',3,(#3823,#3824,#3825,#3826),
  .UNSPECIFIED.,.F.,.F.,(4,4),(0.,1.),.PIECEWISE_BEZIER_KNOTS.);
#3823 = CARTESIAN_POINT('',(210.,-44.,78.));
#3824 = CARTESIAN_POINT('',(-305.8333333333,-44.,78.));
#3825 = CARTESIAN_POINT('',(-821.6666666666,-44.,78.));
#3826 = CARTESIAN_POINT('',(-1.3375E+03,-4.,78.));
#3827 = PCURVE('',#3572,#3828);
#3828 = DEFINITIONAL_REPRESENTATION('',(#3829),#3833);
#3829 = LINE('',#3830,#3831);
#3830 = CARTESIAN_POINT('',(0.,1.));
#3831 = VECTOR('',#3832,1.);
#3832 = DIRECTION('',(1.,0.));
#3833 = ( GEOMETRIC_REPRESENTATION_CONTEXT(2) 
PARAMETRIC_REPRESENTATION_CONTEXT() REPRESENTATION_CONTEXT('2D SPACE',''
  ) );
#3834 = PCURVE('',#3605,#3835);
#3835 = DEFINITIONAL_REPRESENTATION('',(#3836),#3841);
#3836 = B_SPLINE_CURVE_WITH_KNOTS('',3,(#3837,#3838,#3839,#3840),
  .UNSPECIFIED.,.F.,.F.,(4,4),(0.,1.),.PIECEWISE_BEZIER_KNOTS.);
#3837 = CARTESIAN_POINT('',(-773.75,-44.));
#3838 = CARTESIAN_POINT('',(-257.9166666666,-44.));
#3839 = CARTESIAN_POINT('',(257.91666666666,-44.));
#3840 = CARTESIAN_POINT('',(773.75,-4.));
#3841 = ( GEOMETRIC_REPRESENTATION_CONTEXT(2) 
PARAMETRIC_REPRESENTATION_CONTEXT() REPRESENTATION_CONTEXT('2D SPACE',''
  ) );
#3842 = ADVANCED_FACE('',(#3843),#3748,.T.);
#3843 = FACE_BOUND('',#3844,.T.);
#3844 = EDGE_LOOP('',(#3845,#3846,#3870,#3889));
#3845 = ORIENTED_EDGE('',*,*,#3730,.F.);
#3846 = ORIENTED_EDGE('',*,*,#3847,.T.);
#3847 = EDGE_CURVE('',#3693,#3848,#3850,.T.);
#3848 = VERTEX_POINT('',#3849);
#3849 = CARTESIAN_POINT('',(-1.3375E+03,-1.6,136.));
#3850 = SURFACE_CURVE('',#3851,(#3856,#3863),.PCURVE_S1.);
#3851 = B_SPLINE_CURVE_WITH_KNOTS('',3,(#3852,#3853,#3854,#3855),
  .UNSPECIFIED.,.F.,.F.,(4,4),(0.,1.),.PIECEWISE_BEZIER_KNOTS.);
#3852 = CARTESIAN_POINT('',(210.,-16.,147.5));
#3853 = CARTESIAN_POINT('',(-305.8333333333,-16.,143.66666666666));
#3854 = CARTESIAN_POINT('',(-821.6666666666,-16.,139.83333333333));
#3855 = CARTESIAN_POINT('',(-1.3375E+03,-1.6,136.));
#3856 = PCURVE('',#3748,#3857);
#3857 = DEFINITIONAL_REPRESENTATION('',(#3858),#3862);
#3858 = LINE('',#3859,#3860);
#3859 = CARTESIAN_POINT('',(0.,0.));
#3860 = VECTOR('',#3861,1.);
#3861 = DIRECTION('',(1.,0.));
#3862 = ( GEOMETRIC_REPRESENTATION_CONTEXT(2) 
PARAMETRIC_REPRESENTATION_CONTEXT() REPRESENTATION_CONTEXT('2D SPACE',''
  ) );
#3863 = PCURVE('',#3712,#3864);
#3864 = DEFINITIONAL_REPRESENTATION('',(#3865),#3869);
#3865 = LINE('',#3866,#3867);
#3866 = CARTESIAN_POINT('',(0.,1.));
#3867 = VECTOR('',#3868,1.);
#3868 = DIRECTION('',(1.,0.));
#3869 = ( GEOMETRIC_REPRESENTATION_CONTEXT(2) 
PARAMETRIC_REPRESENTATION_CONTEXT() REPRESENTATION_CONTEXT('2D SPACE',''
  ) );
#3870 = ORIENTED_EDGE('',*,*,#3871,.T.);
#3871 = EDGE_CURVE('',#3848,#3771,#3872,.T.);
#3872 = SURFACE_CURVE('',#3873,(#3876,#3883),.PCURVE_S1.);
#3873 = B_SPLINE_CURVE_WITH_KNOTS('',1,(#3874,#3875),.UNSPECIFIED.,.F.,
  .F.,(2,2),(0.,1.),.PIECEWISE_BEZIER_KNOTS.);
#3874 = CARTESIAN_POINT('',(-1.3375E+03,-1.6,136.));
#3875 = CARTESIAN_POINT('',(-1.3375E+03,-4.,111.91202770981));
#3876 = PCURVE('',#3748,#3877);
#3877 = DEFINITIONAL_REPRESENTATION('',(#3878),#3882);
#3878 = LINE('',#3879,#3880);
#3879 = CARTESIAN_POINT('',(1.,0.));
#3880 = VECTOR('',#3881,1.);
#3881 = DIRECTION('',(0.,1.));
#3882 = ( GEOMETRIC_REPRESENTATION_CONTEXT(2) 
PARAMETRIC_REPRESENTATION_CONTEXT() REPRESENTATION_CONTEXT('2D SPACE',''
  ) );
#3883 = PCURVE('',#3809,#3884);
#3884 = DEFINITIONAL_REPRESENTATION('',(#3885),#3888);
#3885 = B_SPLINE_CURVE_WITH_KNOTS('',1,(#3886,#3887),.UNSPECIFIED.,.F.,
  .F.,(2,2),(0.,1.),.PIECEWISE_BEZIER_KNOTS.);
#3886 = CARTESIAN_POINT('',(-30.06055388864,1.6));
#3887 = CARTESIAN_POINT('',(-5.972581598466,4.));
#3888 = ( GEOMETRIC_REPRESENTATION_CONTEXT(2) 
PARAMETRIC_REPRESENTATION_CONTEXT() REPRESENTATION_CONTEXT('2D SPACE',''
  ) );
#3889 = ORIENTED_EDGE('',*,*,#3770,.F.);
#3890 = ADVANCED_FACE('',(#3891),#3712,.T.);
#3891 = FACE_BOUND('',#3892,.T.);
#3892 = EDGE_LOOP('',(#3893,#3894,#3918,#3937));
#3893 = ORIENTED_EDGE('',*,*,#3692,.F.);
#3894 = ORIENTED_EDGE('',*,*,#3895,.T.);
#3895 = EDGE_CURVE('',#3655,#3896,#3898,.T.);
#3896 = VERTEX_POINT('',#3897);
#3897 = CARTESIAN_POINT('',(-1.3375E+03,1.6,136.));
#3898 = SURFACE_CURVE('',#3899,(#3904,#3911),.PCURVE_S1.);
#3899 = B_SPLINE_CURVE_WITH_KNOTS('',3,(#3900,#3901,#3902,#3903),
  .UNSPECIFIED.,.F.,.F.,(4,4),(0.,1.),.PIECEWISE_BEZIER_KNOTS.);
#3900 = CARTESIAN_POINT('',(210.,16.,147.5));
#3901 = CARTESIAN_POINT('',(-305.8333333333,16.,143.66666666666));
#3902 = CARTESIAN_POINT('',(-821.6666666666,16.,139.83333333333));
#3903 = CARTESIAN_POINT('',(-1.3375E+03,1.6,136.));
#3904 = PCURVE('',#3712,#3905);
#3905 = DEFINITIONAL_REPRESENTATION('',(#3906),#3910);
#3906 = LINE('',#3907,#3908);
#3907 = CARTESIAN_POINT('',(0.,0.));
#3908 = VECTOR('',#3909,1.);
#3909 = DIRECTION('',(1.,0.));
#3910 = ( GEOMETRIC_REPRESENTATION_CONTEXT(2) 
PARAMETRIC_REPRESENTATION_CONTEXT() REPRESENTATION_CONTEXT('2D SPACE',''
  ) );
#3911 = PCURVE('',#3674,#3912);
#3912 = DEFINITIONAL_REPRESENTATION('',(#3913),#3917);
#3913 = LINE('',#3914,#3915);
#3914 = CARTESIAN_POINT('',(0.,1.));
#3915 = VECTOR('',#3916,1.);
#3916 = DIRECTION('',(1.,0.));
#3917 = ( GEOMETRIC_REPRESENTATION_CONTEXT(2) 
PARAMETRIC_REPRESENTATION_CONTEXT() REPRESENTATION_CONTEXT('2D SPACE',''
  ) );
#3918 = ORIENTED_EDGE('',*,*,#3919,.T.);
#3919 = EDGE_CURVE('',#3896,#3848,#3920,.T.);
#3920 = SURFACE_CURVE('',#3921,(#3924,#3931),.PCURVE_S1.);
#3921 = B_SPLINE_CURVE_WITH_KNOTS('',1,(#3922,#3923),.UNSPECIFIED.,.F.,
  .F.,(2,2),(0.,1.),.PIECEWISE_BEZIER_KNOTS.);
#3922 = CARTESIAN_POINT('',(-1.3375E+03,1.6,136.));
#3923 = CARTESIAN_POINT('',(-1.3375E+03,-1.6,136.));
#3924 = PCURVE('',#3712,#3925);
#3925 = DEFINITIONAL_REPRESENTATION('',(#3926),#3930);
#3926 = LINE('',#3927,#3928);
#3927 = CARTESIAN_POINT('',(1.,0.));
#3928 = VECTOR('',#3929,1.);
#3929 = DIRECTION('',(0.,1.));
#3930 = ( GEOMETRIC_REPRESENTATION_CONTEXT(2) 
PARAMETRIC_REPRESENTATION_CONTEXT() REPRESENTATION_CONTEXT('2D SPACE',''
  ) );
#3931 = PCURVE('',#3809,#3932);
#3932 = DEFINITIONAL_REPRESENTATION('',(#3933),#3936);
#3933 = B_SPLINE_CURVE_WITH_KNOTS('',1,(#3934,#3935),.UNSPECIFIED.,.F.,
  .F.,(2,2),(0.,1.),.PIECEWISE_BEZIER_KNOTS.);
#3934 = CARTESIAN_POINT('',(-30.06055388864,-1.6));
#3935 = CARTESIAN_POINT('',(-30.06055388864,1.6));
#3936 = ( GEOMETRIC_REPRESENTATION_CONTEXT(2) 
PARAMETRIC_REPRESENTATION_CONTEXT() REPRESENTATION_CONTEXT('2D SPACE',''
  ) );
#3937 = ORIENTED_EDGE('',*,*,#3847,.F.);
#3938 = ADVANCED_FACE('',(#3939),#3674,.T.);
#3939 = FACE_BOUND('',#3940,.T.);
#3940 = EDGE_LOOP('',(#3941,#3942,#3966,#3985));
#3941 = ORIENTED_EDGE('',*,*,#3654,.F.);
#3942 = ORIENTED_EDGE('',*,*,#3943,.T.);
#3943 = EDGE_CURVE('',#3617,#3944,#3946,.T.);
#3944 = VERTEX_POINT('',#3945);
#3945 = CARTESIAN_POINT('',(-1.3375E+03,4.,111.91202770981));
#3946 = SURFACE_CURVE('',#3947,(#3952,#3959),.PCURVE_S1.);
#3947 = B_SPLINE_CURVE_WITH_KNOTS('',3,(#3948,#3949,#3950,#3951),
  .UNSPECIFIED.,.F.,.F.,(4,4),(0.,1.),.PIECEWISE_BEZIER_KNOTS.);
#3948 = CARTESIAN_POINT('',(210.,44.,96.469037226458));
#3949 = CARTESIAN_POINT('',(-305.8333333333,44.,96.469037226458));
#3950 = CARTESIAN_POINT('',(-821.6666666666,44.,96.469037226458));
#3951 = CARTESIAN_POINT('',(-1.3375E+03,4.,111.91202770981));
#3952 = PCURVE('',#3674,#3953);
#3953 = DEFINITIONAL_REPRESENTATION('',(#3954),#3958);
#3954 = LINE('',#3955,#3956);
#3955 = CARTESIAN_POINT('',(0.,0.));
#3956 = VECTOR('',#3957,1.);
#3957 = DIRECTION('',(1.,0.));
#3958 = ( GEOMETRIC_REPRESENTATION_CONTEXT(2) 
PARAMETRIC_REPRESENTATION_CONTEXT() REPRESENTATION_CONTEXT('2D SPACE',''
  ) );
#3959 = PCURVE('',#3636,#3960);
#3960 = DEFINITIONAL_REPRESENTATION('',(#3961),#3965);
#3961 = LINE('',#3962,#3963);
#3962 = CARTESIAN_POINT('',(0.,1.));
#3963 = VECTOR('',#3964,1.);
#3964 = DIRECTION('',(1.,0.));
#3965 = ( GEOMETRIC_REPRESENTATION_CONTEXT(2) 
PARAMETRIC_REPRESENTATION_CONTEXT() REPRESENTATION_CONTEXT('2D SPACE',''
  ) );
#3966 = ORIENTED_EDGE('',*,*,#3967,.T.);
#3967 = EDGE_CURVE('',#3944,#3896,#3968,.T.);
#3968 = SURFACE_CURVE('',#3969,(#3972,#3979),.PCURVE_S1.);
#3969 = B_SPLINE_CURVE_WITH_KNOTS('',1,(#3970,#3971),.UNSPECIFIED.,.F.,
  .F.,(2,2),(0.,1.),.PIECEWISE_BEZIER_KNOTS.);
#3970 = CARTESIAN_POINT('',(-1.3375E+03,4.,111.91202770981));
#3971 = CARTESIAN_POINT('',(-1.3375E+03,1.6,136.));
#3972 = PCURVE('',#3674,#3973);
#3973 = DEFINITIONAL_REPRESENTATION('',(#3974),#3978);
#3974 = LINE('',#3975,#3976);
#3975 = CARTESIAN_POINT('',(1.,0.));
#3976 = VECTOR('',#3977,1.);
#3977 = DIRECTION('',(0.,1.));
#3978 = ( GEOMETRIC_REPRESENTATION_CONTEXT(2) 
PARAMETRIC_REPRESENTATION_CONTEXT() REPRESENTATION_CONTEXT('2D SPACE',''
  ) );
#3979 = PCURVE('',#3809,#3980);
#3980 = DEFINITIONAL_REPRESENTATION('',(#3981),#3984);
#3981 = B_SPLINE_CURVE_WITH_KNOTS('',1,(#3982,#3983),.UNSPECIFIED.,.F.,
  .F.,(2,2),(0.,1.),.PIECEWISE_BEZIER_KNOTS.);
#3982 = CARTESIAN_POINT('',(-5.972581598466,-4.));
#3983 = CARTESIAN_POINT('',(-30.06055388864,-1.6));
#3984 = ( GEOMETRIC_REPRESENTATION_CONTEXT(2) 
PARAMETRIC_REPRESENTATION_CONTEXT() REPRESENTATION_CONTEXT('2D SPACE',''
  ) );
#3985 = ORIENTED_EDGE('',*,*,#3895,.F.);
#3986 = ADVANCED_FACE('',(#3987),#3636,.T.);
#3987 = FACE_BOUND('',#3988,.T.);
#3988 = EDGE_LOOP('',(#3989,#3990,#4015,#4034));
#3989 = ORIENTED_EDGE('',*,*,#3616,.F.);
#3990 = ORIENTED_EDGE('',*,*,#3991,.T.);
#3991 = EDGE_CURVE('',#3591,#3992,#3994,.T.);
#3992 = VERTEX_POINT('',#3993);
#3993 = CARTESIAN_POINT('',(-1.3375E+03,4.,78.));
#3994 = SURFACE_CURVE('',#3995,(#4000,#4007),.PCURVE_S1.);
#3995 = B_SPLINE_CURVE_WITH_KNOTS('',3,(#3996,#3997,#3998,#3999),
  .UNSPECIFIED.,.F.,.F.,(4,4),(0.,1.),.PIECEWISE_BEZIER_KNOTS.);
#3996 = CARTESIAN_POINT('',(210.,44.,78.));
#3997 = CARTESIAN_POINT('',(-305.8333333333,44.,78.));
#3998 = CARTESIAN_POINT('',(-821.6666666666,44.,78.));
#3999 = CARTESIAN_POINT('',(-1.3375E+03,4.,78.));
#4000 = PCURVE('',#3636,#4001);
#4001 = DEFINITIONAL_REPRESENTATION('',(#4002),#4006);
#4002 = LINE('',#4003,#4004);
#4003 = CARTESIAN_POINT('',(0.,0.));
#4004 = VECTOR('',#4005,1.);
#4005 = DIRECTION('',(1.,0.));
#4006 = ( GEOMETRIC_REPRESENTATION_CONTEXT(2) 
PARAMETRIC_REPRESENTATION_CONTEXT() REPRESENTATION_CONTEXT('2D SPACE',''
  ) );
#4007 = PCURVE('',#3605,#4008);
#4008 = DEFINITIONAL_REPRESENTATION('',(#4009),#4014);
#4009 = B_SPLINE_CURVE_WITH_KNOTS('',3,(#4010,#4011,#4012,#4013),
  .UNSPECIFIED.,.F.,.F.,(4,4),(0.,1.),.PIECEWISE_BEZIER_KNOTS.);
#4010 = CARTESIAN_POINT('',(-773.75,44.));
#4011 = CARTESIAN_POINT('',(-257.9166666666,44.));
#4012 = CARTESIAN_POINT('',(257.91666666666,44.));
#4013 = CARTESIAN_POINT('',(773.75,4.));
#4014 = ( GEOMETRIC_REPRESENTATION_CONTEXT(2) 
PARAMETRIC_REPRESENTATION_CONTEXT() REPRESENTATION_CONTEXT('2D SPACE',''
  ) );
#4015 = ORIENTED_EDGE('',*,*,#4016,.T.);
#4016 = EDGE_CURVE('',#3992,#3944,#4017,.T.);
#4017 = SURFACE_CURVE('',#4018,(#4021,#4028),.PCURVE_S1.);
#4018 = B_SPLINE_CURVE_WITH_KNOTS('',1,(#4019,#4020),.UNSPECIFIED.,.F.,
  .F.,(2,2),(0.,1.),.PIECEWISE_BEZIER_KNOTS.);
#4019 = CARTESIAN_POINT('',(-1.3375E+03,4.,78.));
#4020 = CARTESIAN_POINT('',(-1.3375E+03,4.,111.91202770981));
#4021 = PCURVE('',#3636,#4022);
#4022 = DEFINITIONAL_REPRESENTATION('',(#4023),#4027);
#4023 = LINE('',#4024,#4025);
#4024 = CARTESIAN_POINT('',(1.,0.));
#4025 = VECTOR('',#4026,1.);
#4026 = DIRECTION('',(0.,1.));
#4027 = ( GEOMETRIC_REPRESENTATION_CONTEXT(2) 
PARAMETRIC_REPRESENTATION_CONTEXT() REPRESENTATION_CONTEXT('2D SPACE',''
  ) );
#4028 = PCURVE('',#3809,#4029);
#4029 = DEFINITIONAL_REPRESENTATION('',(#4030),#4033);
#4030 = B_SPLINE_CURVE_WITH_KNOTS('',1,(#4031,#4032),.UNSPECIFIED.,.F.,
  .F.,(2,2),(0.,1.),.PIECEWISE_BEZIER_KNOTS.);
#4031 = CARTESIAN_POINT('',(27.939446111351,-4.));
#4032 = CARTESIAN_POINT('',(-5.972581598466,-4.));
#4033 = ( GEOMETRIC_REPRESENTATION_CONTEXT(2) 
PARAMETRIC_REPRESENTATION_CONTEXT() REPRESENTATION_CONTEXT('2D SPACE',''
  ) );
#4034 = ORIENTED_EDGE('',*,*,#3943,.F.);
#4035 = ADVANCED_FACE('',(#4036),#3605,.T.);
#4036 = FACE_BOUND('',#4037,.T.);
#4037 = EDGE_LOOP('',(#4038,#4039,#4040,#4058));
#4038 = ORIENTED_EDGE('',*,*,#3590,.F.);
#4039 = ORIENTED_EDGE('',*,*,#3820,.T.);
#4040 = ORIENTED_EDGE('',*,*,#4041,.T.);
#4041 = EDGE_CURVE('',#3795,#3992,#4042,.T.);
#4042 = SURFACE_CURVE('',#4043,(#4046,#4052),.PCURVE_S1.);
#4043 = B_SPLINE_CURVE_WITH_KNOTS('',1,(#4044,#4045),.UNSPECIFIED.,.F.,
  .F.,(2,2),(0.,1.),.PIECEWISE_BEZIER_KNOTS.);
#4044 = CARTESIAN_POINT('',(-1.3375E+03,-4.,78.));
#4045 = CARTESIAN_POINT('',(-1.3375E+03,4.,78.));
#4046 = PCURVE('',#3605,#4047);
#4047 = DEFINITIONAL_REPRESENTATION('',(#4048),#4051);
#4048 = B_SPLINE_CURVE_WITH_KNOTS('',1,(#4049,#4050),.UNSPECIFIED.,.F.,
  .F.,(2,2),(0.,1.),.PIECEWISE_BEZIER_KNOTS.);
#4049 = CARTESIAN_POINT('',(773.75,-4.));
#4050 = CARTESIAN_POINT('',(773.75,4.));
#4051 = ( GEOMETRIC_REPRESENTATION_CONTEXT(2) 
PARAMETRIC_REPRESENTATION_CONTEXT() REPRESENTATION_CONTEXT('2D SPACE',''
  ) );
#4052 = PCURVE('',#3809,#4053);
#4053 = DEFINITIONAL_REPRESENTATION('',(#4054),#4057);
#4054 = B_SPLINE_CURVE_WITH_KNOTS('',1,(#4055,#4056),.UNSPECIFIED.,.F.,
  .F.,(2,2),(0.,1.),.PIECEWISE_BEZIER_KNOTS.);
#4055 = CARTESIAN_POINT('',(27.939446111351,4.));
#4056 = CARTESIAN_POINT('',(27.939446111351,-4.));
#4057 = ( GEOMETRIC_REPRESENTATION_CONTEXT(2) 
PARAMETRIC_REPRESENTATION_CONTEXT() REPRESENTATION_CONTEXT('2D SPACE',''
  ) );
#4058 = ORIENTED_EDGE('',*,*,#3991,.F.);
#4059 = ADVANCED_FACE('',(#4060),#3809,.T.);
#4060 = FACE_BOUND('',#4061,.T.);
#4061 = EDGE_LOOP('',(#4062,#4063,#4064,#4065,#4066,#4067));
#4062 = ORIENTED_EDGE('',*,*,#3871,.F.);
#4063 = ORIENTED_EDGE('',*,*,#3919,.F.);
#4064 = ORIENTED_EDGE('',*,*,#3967,.F.);
#4065 = ORIENTED_EDGE('',*,*,#4016,.F.);
#4066 = ORIENTED_EDGE('',*,*,#4041,.F.);
#4067 = ORIENTED_EDGE('',*,*,#3794,.F.);
#4068 = ( GEOMETRIC_REPRESENTATION_CONTEXT(3) 
GLOBAL_UNCERTAINTY_ASSIGNED_CONTEXT((#4072)) 
GLOBAL_UNIT_ASSIGNED_CONTEXT((#4069,#4070,#4071)) REPRESENTATION_CONTEXT
('Context #1','3D Context with UNIT and UNCERTAINTY') );
#4069 = ( LENGTH_UNIT() NAMED_UNIT(*) SI_UNIT(.MILLI.,.METRE.) );
#4070 = ( NAMED_UNIT(*) PLANE_ANGLE_UNIT() SI_UNIT($,.RADIAN.) );
#4071 = ( NAMED_UNIT(*) SI_UNIT($,.STERADIAN.) SOLID_ANGLE_UNIT() );
#4072 = UNCERTAINTY_MEASURE_WITH_UNIT(LENGTH_MEASURE(2.E-06),#4069,
  'distance_accuracy_value','confusion accuracy');
#4073 = CONTEXT_DEPENDENT_SHAPE_REPRESENTATION(#4074,#4076);
#4074 = ( REPRESENTATION_RELATIONSHIP('','',#3538,#10) 
REPRESENTATION_RELATIONSHIP_WITH_TRANSFORMATION(#4075) 
SHAPE_REPRESENTATION_RELATIONSHIP() );
#4075 = ITEM_DEFINED_TRANSFORMATION('','',#11,#19);
#4076 = PRODUCT_DEFINITION_SHAPE('Placement','Placement of an item',
  #4077);
#4077 = NEXT_ASSEMBLY_USAGE_OCCURRENCE('2','booster_intake_fairing_1',''
  ,#5,#3533,$);
#4078 = PRODUCT_RELATED_PRODUCT_CATEGORY('part',$,(#3535));
#4079 = SHAPE_DEFINITION_REPRESENTATION(#4080,#4086);
#4080 = PRODUCT_DEFINITION_SHAPE('','',#4081);
#4081 = PRODUCT_DEFINITION('design','',#4082,#4085);
#4082 = PRODUCT_DEFINITION_FORMATION('','',#4083);
#4083 = PRODUCT('booster_fin_1','booster_fin_1','',(#4084));
#4084 = PRODUCT_CONTEXT('',#2,'mechanical');
#4085 = PRODUCT_DEFINITION_CONTEXT('part definition',#2,'design');
#4086 = ADVANCED_BREP_SHAPE_REPRESENTATION('',(#11,#4087),#4409);
#4087 = MANIFOLD_SOLID_BREP('',#4088);
#4088 = CLOSED_SHELL('',(#4089,#4206,#4280,#4349,#4395,#4402));
#4089 = ADVANCED_FACE('',(#4090),#4104,.T.);
#4090 = FACE_BOUND('',#4091,.T.);
#4091 = EDGE_LOOP('',(#4092,#4127,#4154,#4181));
#4092 = ORIENTED_EDGE('',*,*,#4093,.T.);
#4093 = EDGE_CURVE('',#4094,#4096,#4098,.T.);
#4094 = VERTEX_POINT('',#4095);
#4095 = CARTESIAN_POINT('',(-1.485E+03,0.,108.));
#4096 = VERTEX_POINT('',#4097);
#4097 = CARTESIAN_POINT('',(-1.35225E+03,-4.,108.));
#4098 = SURFACE_CURVE('',#4099,(#4103,#4115),.PCURVE_S1.);
#4099 = LINE('',#4100,#4101);
#4100 = CARTESIAN_POINT('',(-1.485E+03,0.,108.));
#4101 = VECTOR('',#4102,1.);
#4102 = DIRECTION('',(0.999546345399,-3.011815730016E-02,0.));
#4103 = PCURVE('',#4104,#4109);
#4104 = B_SPLINE_SURFACE_WITH_KNOTS('',1,1,(
    (#4105,#4106)
    ,(#4107,#4108
    )),.UNSPECIFIED.,.F.,.F.,.F.,(2,2),(2,2),(0.,132.81024998094),(0.,1.
    ),.PIECEWISE_BEZIER_KNOTS.);
#4105 = CARTESIAN_POINT('',(-1.485E+03,0.,108.));
#4106 = CARTESIAN_POINT('',(-1.4475E+03,0.,188.));
#4107 = CARTESIAN_POINT('',(-1.35225E+03,-4.,108.));
#4108 = CARTESIAN_POINT('',(-1.3485E+03,-1.4,188.));
#4109 = DEFINITIONAL_REPRESENTATION('',(#4110),#4114);
#4110 = LINE('',#4111,#4112);
#4111 = CARTESIAN_POINT('',(0.,0.));
#4112 = VECTOR('',#4113,1.);
#4113 = DIRECTION('',(1.,0.));
#4114 = ( GEOMETRIC_REPRESENTATION_CONTEXT(2) 
PARAMETRIC_REPRESENTATION_CONTEXT() REPRESENTATION_CONTEXT('2D SPACE',''
  ) );
#4115 = PCURVE('',#4116,#4121);
#4116 = PLANE('',#4117);
#4117 = AXIS2_PLACEMENT_3D('',#4118,#4119,#4120);
#4118 = CARTESIAN_POINT('',(-1.485E+03,0.,108.));
#4119 = DIRECTION('',(0.,0.,-1.));
#4120 = DIRECTION('',(1.,0.,0.));
#4121 = DEFINITIONAL_REPRESENTATION('',(#4122),#4126);
#4122 = LINE('',#4123,#4124);
#4123 = CARTESIAN_POINT('',(0.,0.));
#4124 = VECTOR('',#4125,1.);
#4125 = DIRECTION('',(0.999546345399,3.011815730016E-02));
#4126 = ( GEOMETRIC_REPRESENTATION_CONTEXT(2) 
PARAMETRIC_REPRESENTATION_CONTEXT() REPRESENTATION_CONTEXT('2D SPACE',''
  ) );
#4127 = ORIENTED_EDGE('',*,*,#4128,.T.);
#4128 = EDGE_CURVE('',#4096,#4129,#4131,.T.);
#4129 = VERTEX_POINT('',#4130);
#4130 = CARTESIAN_POINT('',(-1.3485E+03,-1.4,188.));
#4131 = SURFACE_CURVE('',#4132,(#4135,#4142),.PCURVE_S1.);
#4132 = B_SPLINE_CURVE_WITH_KNOTS('',1,(#4133,#4134),.UNSPECIFIED.,.F.,
  .F.,(2,2),(0.,1.),.PIECEWISE_BEZIER_KNOTS.);
#4133 = CARTESIAN_POINT('',(-1.35225E+03,-4.,108.));
#4134 = CARTESIAN_POINT('',(-1.3485E+03,-1.4,188.));
#4135 = PCURVE('',#4104,#4136);
#4136 = DEFINITIONAL_REPRESENTATION('',(#4137),#4141);
#4137 = LINE('',#4138,#4139);
#4138 = CARTESIAN_POINT('',(132.81024998094,0.));
#4139 = VECTOR('',#4140,1.);
#4140 = DIRECTION('',(0.,1.));
#4141 = ( GEOMETRIC_REPRESENTATION_CONTEXT(2) 
PARAMETRIC_REPRESENTATION_CONTEXT() REPRESENTATION_CONTEXT('2D SPACE',''
  ) );
#4142 = PCURVE('',#4143,#4148);
#4143 = B_SPLINE_SURFACE_WITH_KNOTS('',1,1,(
    (#4144,#4145)
    ,(#4146,#4147
    )),.UNSPECIFIED.,.F.,.F.,.F.,(2,2),(2,2),(0.,162.29929913588),(0.,1.
    ),.PIECEWISE_BEZIER_KNOTS.);
#4144 = CARTESIAN_POINT('',(-1.35225E+03,-4.,108.));
#4145 = CARTESIAN_POINT('',(-1.3485E+03,-1.4,188.));
#4146 = CARTESIAN_POINT('',(-1.19E+03,0.,108.));
#4147 = CARTESIAN_POINT('',(-1.2275E+03,0.,188.));
#4148 = DEFINITIONAL_REPRESENTATION('',(#4149),#4153);
#4149 = LINE('',#4150,#4151);
#4150 = CARTESIAN_POINT('',(0.,0.));
#4151 = VECTOR('',#4152,1.);
#4152 = DIRECTION('',(0.,1.));
#4153 = ( GEOMETRIC_REPRESENTATION_CONTEXT(2) 
PARAMETRIC_REPRESENTATION_CONTEXT() REPRESENTATION_CONTEXT('2D SPACE',''
  ) );
#4154 = ORIENTED_EDGE('',*,*,#4155,.F.);
#4155 = EDGE_CURVE('',#4156,#4129,#4158,.T.);
#4156 = VERTEX_POINT('',#4157);
#4157 = CARTESIAN_POINT('',(-1.4475E+03,0.,188.));
#4158 = SURFACE_CURVE('',#4159,(#4163,#4169),.PCURVE_S1.);
#4159 = LINE('',#4160,#4161);
#4160 = CARTESIAN_POINT('',(-1.4475E+03,0.,188.));
#4161 = VECTOR('',#4162,1.);
#4162 = DIRECTION('',(0.999900025197,-1.414000035633E-02,0.));
#4163 = PCURVE('',#4104,#4164);
#4164 = DEFINITIONAL_REPRESENTATION('',(#4165),#4168);
#4165 = B_SPLINE_CURVE_WITH_KNOTS('',1,(#4166,#4167),.UNSPECIFIED.,.F.,
  .F.,(2,2),(0.,99.009898495049),.PIECEWISE_BEZIER_KNOTS.);
#4166 = CARTESIAN_POINT('',(0.,1.));
#4167 = CARTESIAN_POINT('',(132.81024998094,1.));
#4168 = ( GEOMETRIC_REPRESENTATION_CONTEXT(2) 
PARAMETRIC_REPRESENTATION_CONTEXT() REPRESENTATION_CONTEXT('2D SPACE',''
  ) );
#4169 = PCURVE('',#4170,#4175);
#4170 = PLANE('',#4171);
#4171 = AXIS2_PLACEMENT_3D('',#4172,#4173,#4174);
#4172 = CARTESIAN_POINT('',(-1.4475E+03,0.,188.));
#4173 = DIRECTION('',(0.,0.,-1.));
#4174 = DIRECTION('',(1.,0.,0.));
#4175 = DEFINITIONAL_REPRESENTATION('',(#4176),#4180);
#4176 = LINE('',#4177,#4178);
#4177 = CARTESIAN_POINT('',(0.,0.));
#4178 = VECTOR('',#4179,1.);
#4179 = DIRECTION('',(0.999900025197,1.414000035633E-02));
#4180 = ( GEOMETRIC_REPRESENTATION_CONTEXT(2) 
PARAMETRIC_REPRESENTATION_CONTEXT() REPRESENTATION_CONTEXT('2D SPACE',''
  ) );
#4181 = ORIENTED_EDGE('',*,*,#4182,.F.);
#4182 = EDGE_CURVE('',#4094,#4156,#4183,.T.);
#4183 = SURFACE_CURVE('',#4184,(#4187,#4194),.PCURVE_S1.);
#4184 = B_SPLINE_CURVE_WITH_KNOTS('',1,(#4185,#4186),.UNSPECIFIED.,.F.,
  .F.,(2,2),(0.,1.),.PIECEWISE_BEZIER_KNOTS.);
#4185 = CARTESIAN_POINT('',(-1.485E+03,0.,108.));
#4186 = CARTESIAN_POINT('',(-1.4475E+03,0.,188.));
#4187 = PCURVE('',#4104,#4188);
#4188 = DEFINITIONAL_REPRESENTATION('',(#4189),#4193);
#4189 = LINE('',#4190,#4191);
#4190 = CARTESIAN_POINT('',(0.,0.));
#4191 = VECTOR('',#4192,1.);
#4192 = DIRECTION('',(0.,1.));
#4193 = ( GEOMETRIC_REPRESENTATION_CONTEXT(2) 
PARAMETRIC_REPRESENTATION_CONTEXT() REPRESENTATION_CONTEXT('2D SPACE',''
  ) );
#4194 = PCURVE('',#4195,#4200);
#4195 = B_SPLINE_SURFACE_WITH_KNOTS('',1,1,(
    (#4196,#4197)
    ,(#4198,#4199
    )),.UNSPECIFIED.,.F.,.F.,.F.,(2,2),(2,2),(0.,132.81024998094),(0.,1.
    ),.PIECEWISE_BEZIER_KNOTS.);
#4196 = CARTESIAN_POINT('',(-1.35225E+03,4.,108.));
#4197 = CARTESIAN_POINT('',(-1.3485E+03,1.4,188.));
#4198 = CARTESIAN_POINT('',(-1.485E+03,0.,108.));
#4199 = CARTESIAN_POINT('',(-1.4475E+03,0.,188.));
#4200 = DEFINITIONAL_REPRESENTATION('',(#4201),#4205);
#4201 = LINE('',#4202,#4203);
#4202 = CARTESIAN_POINT('',(132.81024998094,0.));
#4203 = VECTOR('',#4204,1.);
#4204 = DIRECTION('',(0.,1.));
#4205 = ( GEOMETRIC_REPRESENTATION_CONTEXT(2) 
PARAMETRIC_REPRESENTATION_CONTEXT() REPRESENTATION_CONTEXT('2D SPACE',''
  ) );
#4206 = ADVANCED_FACE('',(#4207),#4143,.T.);
#4207 = FACE_BOUND('',#4208,.T.);
#4208 = EDGE_LOOP('',(#4209,#4232,#4259,#4279));
#4209 = ORIENTED_EDGE('',*,*,#4210,.T.);
#4210 = EDGE_CURVE('',#4096,#4211,#4213,.T.);
#4211 = VERTEX_POINT('',#4212);
#4212 = CARTESIAN_POINT('',(-1.19E+03,0.,108.));
#4213 = SURFACE_CURVE('',#4214,(#4218,#4225),.PCURVE_S1.);
#4214 = LINE('',#4215,#4216);
#4215 = CARTESIAN_POINT('',(-1.35225E+03,-4.,108.));
#4216 = VECTOR('',#4217,1.);
#4217 = DIRECTION('',(0.99969624554,2.46458242352E-02,0.));
#4218 = PCURVE('',#4143,#4219);
#4219 = DEFINITIONAL_REPRESENTATION('',(#4220),#4224);
#4220 = LINE('',#4221,#4222);
#4221 = CARTESIAN_POINT('',(0.,0.));
#4222 = VECTOR('',#4223,1.);
#4223 = DIRECTION('',(1.,0.));
#4224 = ( GEOMETRIC_REPRESENTATION_CONTEXT(2) 
PARAMETRIC_REPRESENTATION_CONTEXT() REPRESENTATION_CONTEXT('2D SPACE',''
  ) );
#4225 = PCURVE('',#4116,#4226);
#4226 = DEFINITIONAL_REPRESENTATION('',(#4227),#4231);
#4227 = LINE('',#4228,#4229);
#4228 = CARTESIAN_POINT('',(132.75,4.));
#4229 = VECTOR('',#4230,1.);
#4230 = DIRECTION('',(0.99969624554,-2.46458242352E-02));
#4231 = ( GEOMETRIC_REPRESENTATION_CONTEXT(2) 
PARAMETRIC_REPRESENTATION_CONTEXT() REPRESENTATION_CONTEXT('2D SPACE',''
  ) );
#4232 = ORIENTED_EDGE('',*,*,#4233,.T.);
#4233 = EDGE_CURVE('',#4211,#4234,#4236,.T.);
#4234 = VERTEX_POINT('',#4235);
#4235 = CARTESIAN_POINT('',(-1.2275E+03,0.,188.));
#4236 = SURFACE_CURVE('',#4237,(#4240,#4247),.PCURVE_S1.);
#4237 = B_SPLINE_CURVE_WITH_KNOTS('',1,(#4238,#4239),.UNSPECIFIED.,.F.,
  .F.,(2,2),(0.,1.),.PIECEWISE_BEZIER_KNOTS.);
#4238 = CARTESIAN_POINT('',(-1.19E+03,0.,108.));
#4239 = CARTESIAN_POINT('',(-1.2275E+03,0.,188.));
#4240 = PCURVE('',#4143,#4241);
#4241 = DEFINITIONAL_REPRESENTATION('',(#4242),#4246);
#4242 = LINE('',#4243,#4244);
#4243 = CARTESIAN_POINT('',(162.29929913588,0.));
#4244 = VECTOR('',#4245,1.);
#4245 = DIRECTION('',(0.,1.));
#4246 = ( GEOMETRIC_REPRESENTATION_CONTEXT(2) 
PARAMETRIC_REPRESENTATION_CONTEXT() REPRESENTATION_CONTEXT('2D SPACE',''
  ) );
#4247 = PCURVE('',#4248,#4253);
#4248 = B_SPLINE_SURFACE_WITH_KNOTS('',1,1,(
    (#4249,#4250)
    ,(#4251,#4252
    )),.UNSPECIFIED.,.F.,.F.,.F.,(2,2),(2,2),(0.,162.29929913588),(0.,1.
    ),.PIECEWISE_BEZIER_KNOTS.);
#4249 = CARTESIAN_POINT('',(-1.19E+03,0.,108.));
#4250 = CARTESIAN_POINT('',(-1.2275E+03,0.,188.));
#4251 = CARTESIAN_POINT('',(-1.35225E+03,4.,108.));
#4252 = CARTESIAN_POINT('',(-1.3485E+03,1.4,188.));
#4253 = DEFINITIONAL_REPRESENTATION('',(#4254),#4258);
#4254 = LINE('',#4255,#4256);
#4255 = CARTESIAN_POINT('',(0.,0.));
#4256 = VECTOR('',#4257,1.);
#4257 = DIRECTION('',(0.,1.));
#4258 = ( GEOMETRIC_REPRESENTATION_CONTEXT(2) 
PARAMETRIC_REPRESENTATION_CONTEXT() REPRESENTATION_CONTEXT('2D SPACE',''
  ) );
#4259 = ORIENTED_EDGE('',*,*,#4260,.F.);
#4260 = EDGE_CURVE('',#4129,#4234,#4261,.T.);
#4261 = SURFACE_CURVE('',#4262,(#4266,#4272),.PCURVE_S1.);
#4262 = LINE('',#4263,#4264);
#4263 = CARTESIAN_POINT('',(-1.3485E+03,-1.4,188.));
#4264 = VECTOR('',#4265,1.);
#4265 = DIRECTION('',(0.999933071401,1.15694735534E-02,0.));
#4266 = PCURVE('',#4143,#4267);
#4267 = DEFINITIONAL_REPRESENTATION('',(#4268),#4271);
#4268 = B_SPLINE_CURVE_WITH_KNOTS('',1,(#4269,#4270),.UNSPECIFIED.,.F.,
  .F.,(2,2),(0.,121.00809890251),.PIECEWISE_BEZIER_KNOTS.);
#4269 = CARTESIAN_POINT('',(0.,1.));
#4270 = CARTESIAN_POINT('',(162.29929913588,1.));
#4271 = ( GEOMETRIC_REPRESENTATION_CONTEXT(2) 
PARAMETRIC_REPRESENTATION_CONTEXT() REPRESENTATION_CONTEXT('2D SPACE',''
  ) );
#4272 = PCURVE('',#4170,#4273);
#4273 = DEFINITIONAL_REPRESENTATION('',(#4274),#4278);
#4274 = LINE('',#4275,#4276);
#4275 = CARTESIAN_POINT('',(99.,1.4));
#4276 = VECTOR('',#4277,1.);
#4277 = DIRECTION('',(0.999933071401,-1.15694735534E-02));
#4278 = ( GEOMETRIC_REPRESENTATION_CONTEXT(2) 
PARAMETRIC_REPRESENTATION_CONTEXT() REPRESENTATION_CONTEXT('2D SPACE',''
  ) );
#4279 = ORIENTED_EDGE('',*,*,#4128,.F.);
#4280 = ADVANCED_FACE('',(#4281),#4248,.T.);
#4281 = FACE_BOUND('',#4282,.T.);
#4282 = EDGE_LOOP('',(#4283,#4306,#4328,#4348));
#4283 = ORIENTED_EDGE('',*,*,#4284,.T.);
#4284 = EDGE_CURVE('',#4211,#4285,#4287,.T.);
#4285 = VERTEX_POINT('',#4286);
#4286 = CARTESIAN_POINT('',(-1.35225E+03,4.,108.));
#4287 = SURFACE_CURVE('',#4288,(#4292,#4299),.PCURVE_S1.);
#4288 = LINE('',#4289,#4290);
#4289 = CARTESIAN_POINT('',(-1.19E+03,0.,108.));
#4290 = VECTOR('',#4291,1.);
#4291 = DIRECTION('',(-0.99969624554,2.46458242352E-02,0.));
#4292 = PCURVE('',#4248,#4293);
#4293 = DEFINITIONAL_REPRESENTATION('',(#4294),#4298);
#4294 = LINE('',#4295,#4296);
#4295 = CARTESIAN_POINT('',(0.,0.));
#4296 = VECTOR('',#4297,1.);
#4297 = DIRECTION('',(1.,0.));
#4298 = ( GEOMETRIC_REPRESENTATION_CONTEXT(2) 
PARAMETRIC_REPRESENTATION_CONTEXT() REPRESENTATION_CONTEXT('2D SPACE',''
  ) );
#4299 = PCURVE('',#4116,#4300);
#4300 = DEFINITIONAL_REPRESENTATION('',(#4301),#4305);
#4301 = LINE('',#4302,#4303);
#4302 = CARTESIAN_POINT('',(295.,0.));
#4303 = VECTOR('',#4304,1.);
#4304 = DIRECTION('',(-0.99969624554,-2.46458242352E-02));
#4305 = ( GEOMETRIC_REPRESENTATION_CONTEXT(2) 
PARAMETRIC_REPRESENTATION_CONTEXT() REPRESENTATION_CONTEXT('2D SPACE',''
  ) );
#4306 = ORIENTED_EDGE('',*,*,#4307,.T.);
#4307 = EDGE_CURVE('',#4285,#4308,#4310,.T.);
#4308 = VERTEX_POINT('',#4309);
#4309 = CARTESIAN_POINT('',(-1.3485E+03,1.4,188.));
#4310 = SURFACE_CURVE('',#4311,(#4314,#4321),.PCURVE_S1.);
#4311 = B_SPLINE_CURVE_WITH_KNOTS('',1,(#4312,#4313),.UNSPECIFIED.,.F.,
  .F.,(2,2),(0.,1.),.PIECEWISE_BEZIER_KNOTS.);
#4312 = CARTESIAN_POINT('',(-1.35225E+03,4.,108.));
#4313 = CARTESIAN_POINT('',(-1.3485E+03,1.4,188.));
#4314 = PCURVE('',#4248,#4315);
#4315 = DEFINITIONAL_REPRESENTATION('',(#4316),#4320);
#4316 = LINE('',#4317,#4318);
#4317 = CARTESIAN_POINT('',(162.29929913588,0.));
#4318 = VECTOR('',#4319,1.);
#4319 = DIRECTION('',(0.,1.));
#4320 = ( GEOMETRIC_REPRESENTATION_CONTEXT(2) 
PARAMETRIC_REPRESENTATION_CONTEXT() REPRESENTATION_CONTEXT('2D SPACE',''
  ) );
#4321 = PCURVE('',#4195,#4322);
#4322 = DEFINITIONAL_REPRESENTATION('',(#4323),#4327);
#4323 = LINE('',#4324,#4325);
#4324 = CARTESIAN_POINT('',(0.,0.));
#4325 = VECTOR('',#4326,1.);
#4326 = DIRECTION('',(0.,1.));
#4327 = ( GEOMETRIC_REPRESENTATION_CONTEXT(2) 
PARAMETRIC_REPRESENTATION_CONTEXT() REPRESENTATION_CONTEXT('2D SPACE',''
  ) );
#4328 = ORIENTED_EDGE('',*,*,#4329,.F.);
#4329 = EDGE_CURVE('',#4234,#4308,#4330,.T.);
#4330 = SURFACE_CURVE('',#4331,(#4335,#4341),.PCURVE_S1.);
#4331 = LINE('',#4332,#4333);
#4332 = CARTESIAN_POINT('',(-1.2275E+03,0.,188.));
#4333 = VECTOR('',#4334,1.);
#4334 = DIRECTION('',(-0.999933071401,1.15694735534E-02,0.));
#4335 = PCURVE('',#4248,#4336);
#4336 = DEFINITIONAL_REPRESENTATION('',(#4337),#4340);
#4337 = B_SPLINE_CURVE_WITH_KNOTS('',1,(#4338,#4339),.UNSPECIFIED.,.F.,
  .F.,(2,2),(0.,121.00809890251),.PIECEWISE_BEZIER_KNOTS.);
#4338 = CARTESIAN_POINT('',(0.,1.));
#4339 = CARTESIAN_POINT('',(162.29929913588,1.));
#4340 = ( GEOMETRIC_REPRESENTATION_CONTEXT(2) 
PARAMETRIC_REPRESENTATION_CONTEXT() REPRESENTATION_CONTEXT('2D SPACE',''
  ) );
#4341 = PCURVE('',#4170,#4342);
#4342 = DEFINITIONAL_REPRESENTATION('',(#4343),#4347);
#4343 = LINE('',#4344,#4345);
#4344 = CARTESIAN_POINT('',(220.,0.));
#4345 = VECTOR('',#4346,1.);
#4346 = DIRECTION('',(-0.999933071401,-1.15694735534E-02));
#4347 = ( GEOMETRIC_REPRESENTATION_CONTEXT(2) 
PARAMETRIC_REPRESENTATION_CONTEXT() REPRESENTATION_CONTEXT('2D SPACE',''
  ) );
#4348 = ORIENTED_EDGE('',*,*,#4233,.F.);
#4349 = ADVANCED_FACE('',(#4350),#4195,.T.);
#4350 = FACE_BOUND('',#4351,.T.);
#4351 = EDGE_LOOP('',(#4352,#4373,#4374,#4394));
#4352 = ORIENTED_EDGE('',*,*,#4353,.T.);
#4353 = EDGE_CURVE('',#4285,#4094,#4354,.T.);
#4354 = SURFACE_CURVE('',#4355,(#4359,#4366),.PCURVE_S1.);
#4355 = LINE('',#4356,#4357);
#4356 = CARTESIAN_POINT('',(-1.35225E+03,4.,108.));
#4357 = VECTOR('',#4358,1.);
#4358 = DIRECTION('',(-0.999546345399,-3.011815730016E-02,0.));
#4359 = PCURVE('',#4195,#4360);
#4360 = DEFINITIONAL_REPRESENTATION('',(#4361),#4365);
#4361 = LINE('',#4362,#4363);
#4362 = CARTESIAN_POINT('',(0.,0.));
#4363 = VECTOR('',#4364,1.);
#4364 = DIRECTION('',(1.,0.));
#4365 = ( GEOMETRIC_REPRESENTATION_CONTEXT(2) 
PARAMETRIC_REPRESENTATION_CONTEXT() REPRESENTATION_CONTEXT('2D SPACE',''
  ) );
#4366 = PCURVE('',#4116,#4367);
#4367 = DEFINITIONAL_REPRESENTATION('',(#4368),#4372);
#4368 = LINE('',#4369,#4370);
#4369 = CARTESIAN_POINT('',(132.75,-4.));
#4370 = VECTOR('',#4371,1.);
#4371 = DIRECTION('',(-0.999546345399,3.011815730016E-02));
#4372 = ( GEOMETRIC_REPRESENTATION_CONTEXT(2) 
PARAMETRIC_REPRESENTATION_CONTEXT() REPRESENTATION_CONTEXT('2D SPACE',''
  ) );
#4373 = ORIENTED_EDGE('',*,*,#4182,.T.);
#4374 = ORIENTED_EDGE('',*,*,#4375,.F.);
#4375 = EDGE_CURVE('',#4308,#4156,#4376,.T.);
#4376 = SURFACE_CURVE('',#4377,(#4381,#4387),.PCURVE_S1.);
#4377 = LINE('',#4378,#4379);
#4378 = CARTESIAN_POINT('',(-1.3485E+03,1.4,188.));
#4379 = VECTOR('',#4380,1.);
#4380 = DIRECTION('',(-0.999900025197,-1.414000035633E-02,0.));
#4381 = PCURVE('',#4195,#4382);
#4382 = DEFINITIONAL_REPRESENTATION('',(#4383),#4386);
#4383 = B_SPLINE_CURVE_WITH_KNOTS('',1,(#4384,#4385),.UNSPECIFIED.,.F.,
  .F.,(2,2),(0.,99.009898495049),.PIECEWISE_BEZIER_KNOTS.);
#4384 = CARTESIAN_POINT('',(0.,1.));
#4385 = CARTESIAN_POINT('',(132.81024998094,1.));
#4386 = ( GEOMETRIC_REPRESENTATION_CONTEXT(2) 
PARAMETRIC_REPRESENTATION_CONTEXT() REPRESENTATION_CONTEXT('2D SPACE',''
  ) );
#4387 = PCURVE('',#4170,#4388);
#4388 = DEFINITIONAL_REPRESENTATION('',(#4389),#4393);
#4389 = LINE('',#4390,#4391);
#4390 = CARTESIAN_POINT('',(99.,-1.4));
#4391 = VECTOR('',#4392,1.);
#4392 = DIRECTION('',(-0.999900025197,1.414000035633E-02));
#4393 = ( GEOMETRIC_REPRESENTATION_CONTEXT(2) 
PARAMETRIC_REPRESENTATION_CONTEXT() REPRESENTATION_CONTEXT('2D SPACE',''
  ) );
#4394 = ORIENTED_EDGE('',*,*,#4307,.F.);
#4395 = ADVANCED_FACE('',(#4396),#4116,.T.);
#4396 = FACE_BOUND('',#4397,.F.);
#4397 = EDGE_LOOP('',(#4398,#4399,#4400,#4401));
#4398 = ORIENTED_EDGE('',*,*,#4093,.T.);
#4399 = ORIENTED_EDGE('',*,*,#4210,.T.);
#4400 = ORIENTED_EDGE('',*,*,#4284,.T.);
#4401 = ORIENTED_EDGE('',*,*,#4353,.T.);
#4402 = ADVANCED_FACE('',(#4403),#4170,.F.);
#4403 = FACE_BOUND('',#4404,.T.);
#4404 = EDGE_LOOP('',(#4405,#4406,#4407,#4408));
#4405 = ORIENTED_EDGE('',*,*,#4155,.T.);
#4406 = ORIENTED_EDGE('',*,*,#4260,.T.);
#4407 = ORIENTED_EDGE('',*,*,#4329,.T.);
#4408 = ORIENTED_EDGE('',*,*,#4375,.T.);
#4409 = ( GEOMETRIC_REPRESENTATION_CONTEXT(3) 
GLOBAL_UNCERTAINTY_ASSIGNED_CONTEXT((#4413)) 
GLOBAL_UNIT_ASSIGNED_CONTEXT((#4410,#4411,#4412)) REPRESENTATION_CONTEXT
('Context #1','3D Context with UNIT and UNCERTAINTY') );
#4410 = ( LENGTH_UNIT() NAMED_UNIT(*) SI_UNIT(.MILLI.,.METRE.) );
#4411 = ( NAMED_UNIT(*) PLANE_ANGLE_UNIT() SI_UNIT($,.RADIAN.) );
#4412 = ( NAMED_UNIT(*) SI_UNIT($,.STERADIAN.) SOLID_ANGLE_UNIT() );
#4413 = UNCERTAINTY_MEASURE_WITH_UNIT(LENGTH_MEASURE(1.E-07),#4410,
  'distance_accuracy_value','confusion accuracy');
#4414 = CONTEXT_DEPENDENT_SHAPE_REPRESENTATION(#4415,#4417);
#4415 = ( REPRESENTATION_RELATIONSHIP('','',#4086,#10) 
REPRESENTATION_RELATIONSHIP_WITH_TRANSFORMATION(#4416) 
SHAPE_REPRESENTATION_RELATIONSHIP() );
#4416 = ITEM_DEFINED_TRANSFORMATION('','',#11,#23);
#4417 = PRODUCT_DEFINITION_SHAPE('Placement','Placement of an item',
  #4418);
#4418 = NEXT_ASSEMBLY_USAGE_OCCURRENCE('3','booster_fin_1','',#5,#4081,$
  );
#4419 = PRODUCT_RELATED_PRODUCT_CATEGORY('part',$,(#4083));
#4420 = SHAPE_DEFINITION_REPRESENTATION(#4421,#4427);
#4421 = PRODUCT_DEFINITION_SHAPE('','',#4422);
#4422 = PRODUCT_DEFINITION('design','',#4423,#4426);
#4423 = PRODUCT_DEFINITION_FORMATION('','',#4424);
#4424 = PRODUCT('booster_body','booster_body','',(#4425));
#4425 = PRODUCT_CONTEXT('',#2,'mechanical');
#4426 = PRODUCT_DEFINITION_CONTEXT('part definition',#2,'design');
#4427 = ADVANCED_BREP_SHAPE_REPRESENTATION('',(#11,#4428),#6097);
#4428 = MANIFOLD_SOLID_BREP('',#4429);
#4429 = CLOSED_SHELL('',(#4430,#4715,#4842,#4924,#5055,#5468,#5528,#5577
    ,#5631,#5768,#5823,#5886,#5941,#5982,#6009,#6036,#6063,#6090));
#4430 = ADVANCED_FACE('',(#4431),#4445,.T.);
#4431 = FACE_BOUND('',#4432,.T.);
#4432 = EDGE_LOOP('',(#4433,#4520,#4629,#4683));
#4433 = ORIENTED_EDGE('',*,*,#4434,.F.);
#4434 = EDGE_CURVE('',#4435,#4437,#4439,.T.);
#4435 = VERTEX_POINT('',#4436);
#4436 = CARTESIAN_POINT('',(-1.6E+03,75.400332335669,-56.77211082828));
#4437 = VERTEX_POINT('',#4438);
#4438 = CARTESIAN_POINT('',(-1.52E+03,91.923881568928,-49.49747466838));
#4439 = SURFACE_CURVE('',#4440,(#4444,#4482),.PCURVE_S1.);
#4440 = B_SPLINE_CURVE_WITH_KNOTS('',2,(#4441,#4442,#4443),
  .UNSPECIFIED.,.F.,.F.,(3,3),(0.,1.),.PIECEWISE_BEZIER_KNOTS.);
#4441 = CARTESIAN_POINT('',(-1.685E+03,57.982756057297,-57.98275605729)
  );
#4442 = CARTESIAN_POINT('',(-1.602477387266E+03,74.823355930146,
    -60.06583057311));
#4443 = CARTESIAN_POINT('',(-1.52E+03,91.923881568928,-49.49747466838));
#4444 = PCURVE('',#4445,#4476);
#4445 = B_SPLINE_SURFACE_WITH_KNOTS('',9,2,(
    (#4446,#4447,#4448)
    ,(#4449,#4450,#4451)
    ,(#4452,#4453,#4454)
    ,(#4455,#4456,#4457)
    ,(#4458,#4459,#4460)
    ,(#4461,#4462,#4463)
    ,(#4464,#4465,#4466)
    ,(#4467,#4468,#4469)
    ,(#4470,#4471,#4472)
    ,(#4473,#4474,#4475
    )),.UNSPECIFIED.,.F.,.F.,.F.,(10,10),(3,3),(0.,1.),(0.,1.),
  .PIECEWISE_BEZIER_KNOTS.);
#4446 = CARTESIAN_POINT('',(-1.685E+03,57.982756057297,-57.98275605729)
  );
#4447 = CARTESIAN_POINT('',(-1.602477387266E+03,74.823355930146,
    -60.06583057311));
#4448 = CARTESIAN_POINT('',(-1.52E+03,91.923881568928,-49.49747466838));
#4449 = CARTESIAN_POINT('',(-1.685E+03,67.027686964055,-48.93782515053)
  );
#4450 = CARTESIAN_POINT('',(-1.602477387266E+03,85.656281787692,
    -49.23290471556));
#4451 = CARTESIAN_POINT('',(-1.52E+03,100.56282061534,-40.85853562196));
#4452 = CARTESIAN_POINT('',(-1.685E+03,74.485299274964,-38.3055734777));
#4453 = CARTESIAN_POINT('',(-1.602477387266E+03,94.300840169015,
    -36.21161169255));
#4454 = CARTESIAN_POINT('',(-1.52E+03,107.5055082075,-30.52334487368));
#4455 = CARTESIAN_POINT('',(-1.685E+03,80.037233570302,-26.40437157721)
  );
#4456 = CARTESIAN_POINT('',(-1.602477387266E+03,100.25365947152,
    -21.505315708));
#4457 = CARTESIAN_POINT('',(-1.52E+03,112.37130411646,-18.87254027903));
#4458 = CARTESIAN_POINT('',(-1.685E+03,83.439631930459,-13.62702879234)
  );
#4459 = CARTESIAN_POINT('',(-1.602477387266E+03,103.14604349603,
    -5.75205957241));
#4460 = CARTESIAN_POINT('',(-1.52E+03,114.87923057997,-6.386411385525));
#4461 = CARTESIAN_POINT('',(-1.685E+03,84.54402197488,-0.420046079636));
#4462 = CARTESIAN_POINT('',(-1.602477387266E+03,102.78701833565,
    10.318610487969));
#4463 = CARTESIAN_POINT('',(-1.52E+03,114.87923057995,6.386411414878));
#4464 = CARTESIAN_POINT('',(-1.685E+03,83.310963109045,12.744921412786)
  );
#4465 = CARTESIAN_POINT('',(-1.602477387266E+03,99.189405697644,
    25.945854058085));
#4466 = CARTESIAN_POINT('',(-1.52E+03,112.37130411647,18.872540308385));
#4467 = CARTESIAN_POINT('',(-1.685E+03,79.812709943625,25.402915167193)
  );
#4468 = CARTESIAN_POINT('',(-1.602477387266E+03,92.568957054623,
    40.406125263541));
#4469 = CARTESIAN_POINT('',(-1.52E+03,107.5055082075,30.523344903039));
#4470 = CARTESIAN_POINT('',(-1.685E+03,74.224495119744,37.126080784742)
  );
#4471 = CARTESIAN_POINT('',(-1.602477387266E+03,83.316677935554,
    53.072774059248));
#4472 = CARTESIAN_POINT('',(-1.52E+03,100.56282061534,40.858535651316));
#4473 = CARTESIAN_POINT('',(-1.685E+03,66.807381044067,47.547595502116)
  );
#4474 = CARTESIAN_POINT('',(-1.602477387266E+03,71.954566603119,
    63.458187557231));
#4475 = CARTESIAN_POINT('',(-1.52E+03,91.92388157202,49.497474700827));
#4476 = DEFINITIONAL_REPRESENTATION('',(#4477),#4481);
#4477 = LINE('',#4478,#4479);
#4478 = CARTESIAN_POINT('',(0.,0.));
#4479 = VECTOR('',#4480,1.);
#4480 = DIRECTION('',(0.,1.));
#4481 = ( GEOMETRIC_REPRESENTATION_CONTEXT(2) 
PARAMETRIC_REPRESENTATION_CONTEXT() REPRESENTATION_CONTEXT('2D SPACE',''
  ) );
#4482 = PCURVE('',#4483,#4514);
#4483 = B_SPLINE_SURFACE_WITH_KNOTS('',9,2,(
    (#4484,#4485,#4486)
    ,(#4487,#4488,#4489)
    ,(#4490,#4491,#4492)
    ,(#4493,#4494,#4495)
    ,(#4496,#4497,#4498)
    ,(#4499,#4500,#4501)
    ,(#4502,#4503,#4504)
    ,(#4505,#4506,#4507)
    ,(#4508,#4509,#4510)
    ,(#4511,#4512,#4513
    )),.UNSPECIFIED.,.F.,.F.,.F.,(10,10),(3,3),(7.,8.),(0.,1.),
  .PIECEWISE_BEZIER_KNOTS.);
#4484 = CARTESIAN_POINT('',(-1.685E+03,47.54759553126,-66.80738102332));
#4485 = CARTESIAN_POINT('',(-1.602477387266E+03,63.458187547757,
    -71.9545665036));
#4486 = CARTESIAN_POINT('',(-1.52E+03,49.497474700827,-91.92388153648));
#4487 = CARTESIAN_POINT('',(-1.685E+03,48.786168448798,-65.92587417158)
  );
#4488 = CARTESIAN_POINT('',(-1.602477387266E+03,64.695266029324,
    -70.60140973775));
#4489 = CARTESIAN_POINT('',(-1.52E+03,54.211519908394,-87.20983632891));
#4490 = CARTESIAN_POINT('',(-1.685E+03,50.006355880368,-65.01853454647)
  );
#4491 = CARTESIAN_POINT('',(-1.602477387266E+03,65.93832143189,
    -69.25665092482));
#4492 = CARTESIAN_POINT('',(-1.52E+03,58.925565115961,-82.49579112134));
#4493 = CARTESIAN_POINT('',(-1.685E+03,51.207542037044,-64.0858003601));
#4494 = CARTESIAN_POINT('',(-1.602477387266E+03,67.187553941721,
    -67.92014760685));
#4495 = CARTESIAN_POINT('',(-1.52E+03,63.639610323527,-77.78174591378));
#4496 = CARTESIAN_POINT('',(-1.685E+03,52.389123356698,-63.12812699733)
  );
#4497 = CARTESIAN_POINT('',(-1.602477387266E+03,68.443159770282,
    -66.59175174316));
#4498 = CARTESIAN_POINT('',(-1.52E+03,68.353655531094,-73.06770070621));
#4499 = CARTESIAN_POINT('',(-1.685E+03,53.550509039371,-62.14598656308)
  );
#4500 = CARTESIAN_POINT('',(-1.602477387266E+03,69.705330980197,
    -65.2713098576));
#4501 = CARTESIAN_POINT('',(-1.52E+03,73.067700738661,-68.35365549864));
#4502 = CARTESIAN_POINT('',(-1.685E+03,54.691121582635,-61.13986742955)
  );
#4503 = CARTESIAN_POINT('',(-1.602477387266E+03,70.974255311209,
    -63.9586631857));
#4504 = CARTESIAN_POINT('',(-1.52E+03,77.781745946228,-63.63961029108));
#4505 = CARTESIAN_POINT('',(-1.685E+03,55.810397316956,-60.11027378351)
  );
#4506 = CARTESIAN_POINT('',(-1.602477387266E+03,72.250116006136,
    -62.65364782183));
#4507 = CARTESIAN_POINT('',(-1.52E+03,82.495791153794,-58.92556508351));
#4508 = CARTESIAN_POINT('',(-1.685E+03,56.90778694106,-59.05772517353));
#4509 = CARTESIAN_POINT('',(-1.602477387266E+03,73.533091636832,
    -61.35609486642));
#4510 = CARTESIAN_POINT('',(-1.52E+03,87.209836361361,-54.21151987594));
#4511 = CARTESIAN_POINT('',(-1.685E+03,57.982756057297,-57.98275605729)
  );
#4512 = CARTESIAN_POINT('',(-1.602477387266E+03,74.823355930146,
    -60.06583057311));
#4513 = CARTESIAN_POINT('',(-1.52E+03,91.923881568928,-49.49747466838));
#4514 = DEFINITIONAL_REPRESENTATION('',(#4515),#4519);
#4515 = LINE('',#4516,#4517);
#4516 = CARTESIAN_POINT('',(8.,0.));
#4517 = VECTOR('',#4518,1.);
#4518 = DIRECTION('',(0.,1.));
#4519 = ( GEOMETRIC_REPRESENTATION_CONTEXT(2) 
PARAMETRIC_REPRESENTATION_CONTEXT() REPRESENTATION_CONTEXT('2D SPACE',''
  ) );
#4520 = ORIENTED_EDGE('',*,*,#4521,.F.);
#4521 = EDGE_CURVE('',#4522,#4435,#4524,.T.);
#4522 = VERTEX_POINT('',#4523);
#4523 = CARTESIAN_POINT('',(-1.6E+03,76.042304503617,56.012975785076));
#4524 = SURFACE_CURVE('',#4525,(#4556,#4590),.PCURVE_S1.);
#4525 = B_SPLINE_CURVE_WITH_KNOTS('',8,(#4526,#4527,#4528,#4529,#4530,
    #4531,#4532,#4533,#4534,#4535,#4536,#4537,#4538,#4539,#4540,#4541,
    #4542,#4543,#4544,#4545,#4546,#4547,#4548,#4549,#4550,#4551,#4552,
    #4553,#4554,#4555),.UNSPECIFIED.,.F.,.F.,(9,7,7,7,9),(0.,
    0.294897639719,0.502896798751,0.650920691591,1.),.UNSPECIFIED.);
#4526 = CARTESIAN_POINT('',(-1.6E+03,76.042304503617,56.012975785076));
#4527 = CARTESIAN_POINT('',(-1.6E+03,79.266115529997,52.71661439493));
#4528 = CARTESIAN_POINT('',(-1.6E+03,82.273455856402,49.208044173374));
#4529 = CARTESIAN_POINT('',(-1.6E+03,85.047658304558,45.504234481918));
#4530 = CARTESIAN_POINT('',(-1.6E+03,87.574081849688,41.623404166027));
#4531 = CARTESIAN_POINT('',(-1.6E+03,89.839886664794,37.584870012339));
#4532 = CARTESIAN_POINT('',(-1.6E+03,91.833962882677,33.408988283616));
#4533 = CARTESIAN_POINT('',(-1.6E+03,93.547013075709,29.117189331397));
#4534 = CARTESIAN_POINT('',(-1.6E+03,95.976720471936,21.639188725525));
#4535 = CARTESIAN_POINT('',(-1.6E+03,96.838315158379,18.499633305079));
#4536 = CARTESIAN_POINT('',(-1.6E+03,97.554022197305,15.321278320998));
#4537 = CARTESIAN_POINT('',(-1.6E+03,98.121843537785,12.112048936779));
#4538 = CARTESIAN_POINT('',(-1.6E+03,98.540299936418,8.879949836415));
#4539 = CARTESIAN_POINT('',(-1.6E+03,98.808419809763,5.63306229554));
#4540 = CARTESIAN_POINT('',(-1.6E+03,98.925750396139,2.379544670758));
#4541 = CARTESIAN_POINT('',(-1.6E+03,98.868650966815,-3.186604468523));
#4542 = CARTESIAN_POINT('',(-1.6E+03,98.76859275895,-5.500073966526));
#4543 = CARTESIAN_POINT('',(-1.6E+03,98.592247347519,-7.809819059851));
#4544 = CARTESIAN_POINT('',(-1.6E+03,98.339783834934,-10.11290407744));
#4545 = CARTESIAN_POINT('',(-1.6E+03,98.011505233254,-12.40641035839));
#4546 = CARTESIAN_POINT('',(-1.6E+03,97.607846956339,-14.68743617745));
#4547 = CARTESIAN_POINT('',(-1.6E+03,97.129378252602,-16.95309704206));
#4548 = CARTESIAN_POINT('',(-1.6E+03,95.273697099267,-24.5005563571));
#4549 = CARTESIAN_POINT('',(-1.6E+03,93.558257600266,-29.70006096051));
#4550 = CARTESIAN_POINT('',(-1.6E+03,91.4397750521,-34.76039316808));
#4551 = CARTESIAN_POINT('',(-1.6E+03,88.931834228255,-39.64522860392));
#4552 = CARTESIAN_POINT('',(-1.6E+03,86.051538917875,-44.32019059733));
#4553 = CARTESIAN_POINT('',(-1.6E+03,82.819454950345,-48.7528566416));
#4554 = CARTESIAN_POINT('',(-1.6E+03,79.259633204498,-52.91280995945));
#4555 = CARTESIAN_POINT('',(-1.6E+03,75.400332335669,-56.77211082828));
#4556 = PCURVE('',#4445,#4557);
#4557 = DEFINITIONAL_REPRESENTATION('',(#4558),#4589);
#4558 = B_SPLINE_CURVE_WITH_KNOTS('',8,(#4559,#4560,#4561,#4562,#4563,
    #4564,#4565,#4566,#4567,#4568,#4569,#4570,#4571,#4572,#4573,#4574,
    #4575,#4576,#4577,#4578,#4579,#4580,#4581,#4582,#4583,#4584,#4585,
    #4586,#4587,#4588),.UNSPECIFIED.,.F.,.F.,(9,7,7,7,9),(0.,
    0.294897639719,0.502896798751,0.650920691591,1.),.UNSPECIFIED.);
#4559 = CARTESIAN_POINT('',(1.,0.515083054071));
#4560 = CARTESIAN_POINT('',(0.963117593357,0.515083054071));
#4561 = CARTESIAN_POINT('',(0.926235044964,0.515083054071));
#4562 = CARTESIAN_POINT('',(0.889356326886,0.515083054071));
#4563 = CARTESIAN_POINT('',(0.852481617263,0.515083054071));
#4564 = CARTESIAN_POINT('',(0.815609201368,0.515083054071));
#4565 = CARTESIAN_POINT('',(0.778737369165,0.515083054071));
#4566 = CARTESIAN_POINT('',(0.741866309367,0.515083054071));
#4567 = CARTESIAN_POINT('',(0.678997210177,0.515083054071));
#4568 = CARTESIAN_POINT('',(0.652994863401,0.515083054071));
#4569 = CARTESIAN_POINT('',(0.626993640063,0.515083054071));
#4570 = CARTESIAN_POINT('',(0.60099354908,0.515083054071));
#4571 = CARTESIAN_POINT('',(0.57499426406,0.515083054071));
#4572 = CARTESIAN_POINT('',(0.548995459084,0.515083054071));
#4573 = CARTESIAN_POINT('',(0.522997144109,0.515083054071));
#4574 = CARTESIAN_POINT('',(0.478498970997,0.515083054071));
#4575 = CARTESIAN_POINT('',(0.459998187241,0.515083054071));
#4576 = CARTESIAN_POINT('',(0.441497765708,0.515083054071));
#4577 = CARTESIAN_POINT('',(0.42299769988,0.515083054071));
#4578 = CARTESIAN_POINT('',(0.40449792153,0.515083054071));
#4579 = CARTESIAN_POINT('',(0.385998362476,0.515083054071));
#4580 = CARTESIAN_POINT('',(0.367499016294,0.515083054071));
#4581 = CARTESIAN_POINT('',(0.305374449487,0.515083054071));
#4582 = CARTESIAN_POINT('',(0.26174359571,0.515083054071));
#4583 = CARTESIAN_POINT('',(0.218117148945,0.515083054071));
#4584 = CARTESIAN_POINT('',(0.174494724204,0.515083054071));
#4585 = CARTESIAN_POINT('',(0.130872956855,0.515083054071));
#4586 = CARTESIAN_POINT('',(8.72484838053E-02,0.515083054071));
#4587 = CARTESIAN_POINT('',(4.362092766331E-02,0.515083054071));
#4588 = CARTESIAN_POINT('',(0.,0.515083054071));
#4589 = ( GEOMETRIC_REPRESENTATION_CONTEXT(2) 
PARAMETRIC_REPRESENTATION_CONTEXT() REPRESENTATION_CONTEXT('2D SPACE',''
  ) );
#4590 = PCURVE('',#4591,#4596);
#4591 = PLANE('',#4592);
#4592 = AXIS2_PLACEMENT_3D('',#4593,#4594,#4595);
#4593 = CARTESIAN_POINT('',(-1.6E+03,-225.,-225.));
#4594 = DIRECTION('',(1.,0.,0.));
#4595 = DIRECTION('',(0.,0.,1.));
#4596 = DEFINITIONAL_REPRESENTATION('',(#4597),#4628);
#4597 = B_SPLINE_CURVE_WITH_KNOTS('',8,(#4598,#4599,#4600,#4601,#4602,
    #4603,#4604,#4605,#4606,#4607,#4608,#4609,#4610,#4611,#4612,#4613,
    #4614,#4615,#4616,#4617,#4618,#4619,#4620,#4621,#4622,#4623,#4624,
    #4625,#4626,#4627),.UNSPECIFIED.,.F.,.F.,(9,7,7,7,9),(0.,
    0.294897639719,0.502896798751,0.650920691591,1.),.UNSPECIFIED.);
#4598 = CARTESIAN_POINT('',(281.01297578507,-301.0423045036));
#4599 = CARTESIAN_POINT('',(277.71661439493,-304.2661155299));
#4600 = CARTESIAN_POINT('',(274.20804417337,-307.2734558564));
#4601 = CARTESIAN_POINT('',(270.50423448191,-310.0476583045));
#4602 = CARTESIAN_POINT('',(266.62340416602,-312.5740818496));
#4603 = CARTESIAN_POINT('',(262.58487001233,-314.8398866647));
#4604 = CARTESIAN_POINT('',(258.40898828361,-316.8339628826));
#4605 = CARTESIAN_POINT('',(254.11718933139,-318.5470130757));
#4606 = CARTESIAN_POINT('',(246.63918872552,-320.9767204719));
#4607 = CARTESIAN_POINT('',(243.49963330507,-321.8383151583));
#4608 = CARTESIAN_POINT('',(240.32127832099,-322.5540221973));
#4609 = CARTESIAN_POINT('',(237.11204893677,-323.1218435377));
#4610 = CARTESIAN_POINT('',(233.87994983641,-323.5402999364));
#4611 = CARTESIAN_POINT('',(230.63306229554,-323.8084198097));
#4612 = CARTESIAN_POINT('',(227.37954467075,-323.9257503961));
#4613 = CARTESIAN_POINT('',(221.81339553147,-323.8686509668));
#4614 = CARTESIAN_POINT('',(219.49992603347,-323.7685927589));
#4615 = CARTESIAN_POINT('',(217.19018094014,-323.5922473475));
#4616 = CARTESIAN_POINT('',(214.88709592255,-323.3397838349));
#4617 = CARTESIAN_POINT('',(212.59358964161,-323.0115052332));
#4618 = CARTESIAN_POINT('',(210.31256382254,-322.6078469563));
#4619 = CARTESIAN_POINT('',(208.04690295793,-322.1293782526));
#4620 = CARTESIAN_POINT('',(200.49944364289,-320.2736970992));
#4621 = CARTESIAN_POINT('',(195.29993903948,-318.5582576002));
#4622 = CARTESIAN_POINT('',(190.23960683191,-316.4397750521));
#4623 = CARTESIAN_POINT('',(185.35477139607,-313.9318342282));
#4624 = CARTESIAN_POINT('',(180.67980940266,-311.0515389178));
#4625 = CARTESIAN_POINT('',(176.24714335839,-307.8194549503));
#4626 = CARTESIAN_POINT('',(172.08719004054,-304.2596332044));
#4627 = CARTESIAN_POINT('',(168.22788917171,-300.4003323356));
#4628 = ( GEOMETRIC_REPRESENTATION_CONTEXT(2) 
PARAMETRIC_REPRESENTATION_CONTEXT() REPRESENTATION_CONTEXT('2D SPACE',''
  ) );
#4629 = ORIENTED_EDGE('',*,*,#4630,.T.);
#4630 = EDGE_CURVE('',#4522,#4631,#4633,.T.);
#4631 = VERTEX_POINT('',#4632);
#4632 = CARTESIAN_POINT('',(-1.52E+03,91.923881570474,49.497474699281));
#4633 = SURFACE_CURVE('',#4634,(#4638,#4645),.PCURVE_S1.);
#4634 = B_SPLINE_CURVE_WITH_KNOTS('',2,(#4635,#4636,#4637),
  .UNSPECIFIED.,.F.,.F.,(3,3),(0.,1.),.PIECEWISE_BEZIER_KNOTS.);
#4635 = CARTESIAN_POINT('',(-1.685E+03,66.807381044067,47.547595502116)
  );
#4636 = CARTESIAN_POINT('',(-1.602477387266E+03,71.954566603119,
    63.458187557231));
#4637 = CARTESIAN_POINT('',(-1.52E+03,91.92388157202,49.497474700827));
#4638 = PCURVE('',#4445,#4639);
#4639 = DEFINITIONAL_REPRESENTATION('',(#4640),#4644);
#4640 = LINE('',#4641,#4642);
#4641 = CARTESIAN_POINT('',(1.,0.));
#4642 = VECTOR('',#4643,1.);
#4643 = DIRECTION('',(0.,1.));
#4644 = ( GEOMETRIC_REPRESENTATION_CONTEXT(2) 
PARAMETRIC_REPRESENTATION_CONTEXT() REPRESENTATION_CONTEXT('2D SPACE',''
  ) );
#4645 = PCURVE('',#4646,#4677);
#4646 = B_SPLINE_SURFACE_WITH_KNOTS('',9,2,(
    (#4647,#4648,#4649)
    ,(#4650,#4651,#4652)
    ,(#4653,#4654,#4655)
    ,(#4656,#4657,#4658)
    ,(#4659,#4660,#4661)
    ,(#4662,#4663,#4664)
    ,(#4665,#4666,#4667)
    ,(#4668,#4669,#4670)
    ,(#4671,#4672,#4673)
    ,(#4674,#4675,#4676
    )),.UNSPECIFIED.,.F.,.F.,.F.,(10,10),(3,3),(1.,2.),(0.,1.),
  .PIECEWISE_BEZIER_KNOTS.);
#4647 = CARTESIAN_POINT('',(-1.685E+03,66.807381044067,47.547595502116)
  );
#4648 = CARTESIAN_POINT('',(-1.602477387266E+03,71.954566603119,
    63.458187557231));
#4649 = CARTESIAN_POINT('',(-1.52E+03,91.92388157202,49.497474700827));
#4650 = CARTESIAN_POINT('',(-1.685E+03,65.044367339003,50.024741341697)
  );
#4651 = CARTESIAN_POINT('',(-1.602477387266E+03,70.887978099803,
    64.292619491038));
#4652 = CARTESIAN_POINT('',(-1.52E+03,87.20983636411,54.211519908737));
#4653 = CARTESIAN_POINT('',(-1.685E+03,63.178022506265,52.428345183274)
  );
#4654 = CARTESIAN_POINT('',(-1.602477387266E+03,69.854981419294,
    65.150959126439));
#4655 = CARTESIAN_POINT('',(-1.52E+03,82.495791156199,58.925565116648));
#4656 = CARTESIAN_POINT('',(-1.685E+03,61.211852451197,54.753480988374)
  );
#4657 = CARTESIAN_POINT('',(-1.602477387266E+03,68.854436829998,
    66.034807864826));
#4658 = CARTESIAN_POINT('',(-1.52E+03,77.781745948289,63.639610324558));
#4659 = CARTESIAN_POINT('',(-1.685E+03,59.149637181918,56.99541758522));
#4660 = CARTESIAN_POINT('',(-1.602477387266E+03,67.885115492494,
    66.945703758551));
#4661 = CARTESIAN_POINT('',(-1.52E+03,73.067700740379,68.353655532468));
#4662 = CARTESIAN_POINT('',(-1.685E+03,56.995417607046,59.149637160886)
  );
#4663 = CARTESIAN_POINT('',(-1.602477387266E+03,66.945703751455,
    67.885115499331));
#4664 = CARTESIAN_POINT('',(-1.52E+03,68.353655532468,73.067700740379));
#4665 = CARTESIAN_POINT('',(-1.685E+03,54.753481010962,61.211852430993)
  );
#4666 = CARTESIAN_POINT('',(-1.602477387266E+03,66.034807857483,
    68.854436836566));
#4667 = CARTESIAN_POINT('',(-1.52E+03,63.639610324558,77.781745948289));
#4668 = CARTESIAN_POINT('',(-1.685E+03,52.428345206587,63.178022486918)
  );
#4669 = CARTESIAN_POINT('',(-1.602477387266E+03,65.15095911886,
    69.854981425584));
#4670 = CARTESIAN_POINT('',(-1.52E+03,58.925565116648,82.495791156199));
#4671 = CARTESIAN_POINT('',(-1.685E+03,50.024741365699,65.044367320543)
  );
#4672 = CARTESIAN_POINT('',(-1.602477387266E+03,64.292619483235,
    70.887978105804));
#4673 = CARTESIAN_POINT('',(-1.52E+03,54.211519908737,87.20983636411));
#4674 = CARTESIAN_POINT('',(-1.685E+03,47.547595526768,66.807381026522)
  );
#4675 = CARTESIAN_POINT('',(-1.602477387266E+03,63.458187523229,
    71.954566582835));
#4676 = CARTESIAN_POINT('',(-1.52E+03,49.497474697735,91.923881568928));
#4677 = DEFINITIONAL_REPRESENTATION('',(#4678),#4682);
#4678 = LINE('',#4679,#4680);
#4679 = CARTESIAN_POINT('',(1.,0.));
#4680 = VECTOR('',#4681,1.);
#4681 = DIRECTION('',(0.,1.));
#4682 = ( GEOMETRIC_REPRESENTATION_CONTEXT(2) 
PARAMETRIC_REPRESENTATION_CONTEXT() REPRESENTATION_CONTEXT('2D SPACE',''
  ) );
#4683 = ORIENTED_EDGE('',*,*,#4684,.F.);
#4684 = EDGE_CURVE('',#4437,#4631,#4685,.T.);
#4685 = SURFACE_CURVE('',#4686,(#4697,#4704),.PCURVE_S1.);
#4686 = B_SPLINE_CURVE_WITH_KNOTS('',9,(#4687,#4688,#4689,#4690,#4691,
    #4692,#4693,#4694,#4695,#4696),.UNSPECIFIED.,.F.,.F.,(10,10),(0.,1.)
  ,.PIECEWISE_BEZIER_KNOTS.);
#4687 = CARTESIAN_POINT('',(-1.52E+03,91.923881568928,-49.49747466838));
#4688 = CARTESIAN_POINT('',(-1.52E+03,100.56282061534,-40.85853562196));
#4689 = CARTESIAN_POINT('',(-1.52E+03,107.5055082075,-30.52334487368));
#4690 = CARTESIAN_POINT('',(-1.52E+03,112.37130411646,-18.87254027903));
#4691 = CARTESIAN_POINT('',(-1.52E+03,114.87923057997,-6.386411385525));
#4692 = CARTESIAN_POINT('',(-1.52E+03,114.87923057995,6.386411414878));
#4693 = CARTESIAN_POINT('',(-1.52E+03,112.37130411647,18.872540308385));
#4694 = CARTESIAN_POINT('',(-1.52E+03,107.5055082075,30.523344903039));
#4695 = CARTESIAN_POINT('',(-1.52E+03,100.56282061534,40.858535651316));
#4696 = CARTESIAN_POINT('',(-1.52E+03,91.92388157202,49.497474700827));
#4697 = PCURVE('',#4445,#4698);
#4698 = DEFINITIONAL_REPRESENTATION('',(#4699),#4703);
#4699 = LINE('',#4700,#4701);
#4700 = CARTESIAN_POINT('',(0.,1.));
#4701 = VECTOR('',#4702,1.);
#4702 = DIRECTION('',(1.,0.));
#4703 = ( GEOMETRIC_REPRESENTATION_CONTEXT(2) 
PARAMETRIC_REPRESENTATION_CONTEXT() REPRESENTATION_CONTEXT('2D SPACE',''
  ) );
#4704 = PCURVE('',#4705,#4710);
#4705 = CYLINDRICAL_SURFACE('',#4706,70.);
#4706 = AXIS2_PLACEMENT_3D('',#4707,#4708,#4709);
#4707 = CARTESIAN_POINT('',(-1.52E+03,42.42640688587,1.467667232191E-08)
  );
#4708 = DIRECTION('',(-1.,7.850462293419E-17,-7.850462293419E-17));
#4709 = DIRECTION('',(1.110223024625E-16,0.707106781187,-0.707106781187)
  );
#4710 = DEFINITIONAL_REPRESENTATION('',(#4711),#4714);
#4711 = B_SPLINE_CURVE_WITH_KNOTS('',1,(#4712,#4713),.UNSPECIFIED.,.F.,
  .F.,(2,2),(0.,1.),.PIECEWISE_BEZIER_KNOTS.);
#4712 = CARTESIAN_POINT('',(0.,0.));
#4713 = CARTESIAN_POINT('',(-1.570796326795,0.));
#4714 = ( GEOMETRIC_REPRESENTATION_CONTEXT(2) 
PARAMETRIC_REPRESENTATION_CONTEXT() REPRESENTATION_CONTEXT('2D SPACE',''
  ) );
#4715 = ADVANCED_FACE('',(#4716),#4483,.T.);
#4716 = FACE_BOUND('',#4717,.T.);
#4717 = EDGE_LOOP('',(#4718,#4774,#4801,#4802));
#4718 = ORIENTED_EDGE('',*,*,#4719,.F.);
#4719 = EDGE_CURVE('',#4720,#4722,#4724,.T.);
#4720 = VERTEX_POINT('',#4721);
#4721 = CARTESIAN_POINT('',(-1.6E+03,56.012975787196,-76.04230443959));
#4722 = VERTEX_POINT('',#4723);
#4723 = CARTESIAN_POINT('',(-1.52E+03,49.497474699281,-91.92388153493));
#4724 = SURFACE_CURVE('',#4725,(#4729,#4736),.PCURVE_S1.);
#4725 = B_SPLINE_CURVE_WITH_KNOTS('',2,(#4726,#4727,#4728),
  .UNSPECIFIED.,.F.,.F.,(3,3),(0.,1.),.PIECEWISE_BEZIER_KNOTS.);
#4726 = CARTESIAN_POINT('',(-1.685E+03,47.54759553126,-66.80738102332));
#4727 = CARTESIAN_POINT('',(-1.602477387266E+03,63.458187547757,
    -71.9545665036));
#4728 = CARTESIAN_POINT('',(-1.52E+03,49.497474700827,-91.92388153648));
#4729 = PCURVE('',#4483,#4730);
#4730 = DEFINITIONAL_REPRESENTATION('',(#4731),#4735);
#4731 = LINE('',#4732,#4733);
#4732 = CARTESIAN_POINT('',(7.,0.));
#4733 = VECTOR('',#4734,1.);
#4734 = DIRECTION('',(0.,1.));
#4735 = ( GEOMETRIC_REPRESENTATION_CONTEXT(2) 
PARAMETRIC_REPRESENTATION_CONTEXT() REPRESENTATION_CONTEXT('2D SPACE',''
  ) );
#4736 = PCURVE('',#4737,#4768);
#4737 = B_SPLINE_SURFACE_WITH_KNOTS('',9,2,(
    (#4738,#4739,#4740)
    ,(#4741,#4742,#4743)
    ,(#4744,#4745,#4746)
    ,(#4747,#4748,#4749)
    ,(#4750,#4751,#4752)
    ,(#4753,#4754,#4755)
    ,(#4756,#4757,#4758)
    ,(#4759,#4760,#4761)
    ,(#4762,#4763,#4764)
    ,(#4765,#4766,#4767
    )),.UNSPECIFIED.,.F.,.F.,.F.,(10,10),(3,3),(6.,7.),(0.,1.),
  .PIECEWISE_BEZIER_KNOTS.);
#4738 = CARTESIAN_POINT('',(-1.685E+03,-47.54759551034,-66.8073810382));
#4739 = CARTESIAN_POINT('',(-1.602477387266E+03,-63.45818747428,
    -71.95456647277));
#4740 = CARTESIAN_POINT('',(-1.52E+03,-49.49747466838,-91.92388153339));
#4741 = CARTESIAN_POINT('',(-1.685E+03,-38.36465371078,-73.34298826446)
  );
#4742 = CARTESIAN_POINT('',(-1.602477387266E+03,-52.67012745301,
    -83.60324609534));
#4743 = CARTESIAN_POINT('',(-1.52E+03,-40.85853562196,-100.5628205798));
#4744 = CARTESIAN_POINT('',(-1.685E+03,-28.17107276224,-78.45858441941)
  );
#4745 = CARTESIAN_POINT('',(-1.602477387266E+03,-39.50622736111,
    -93.0091683899));
#4746 = CARTESIAN_POINT('',(-1.52E+03,-30.52334487368,-107.5055081719));
#4747 = CARTESIAN_POINT('',(-1.685E+03,-17.21781059771,-81.97556257784)
  );
#4748 = CARTESIAN_POINT('',(-1.602477387266E+03,-24.49176650545,
    -99.62352974187));
#4749 = CARTESIAN_POINT('',(-1.52E+03,-18.87254027902,-112.3713040809));
#4750 = CARTESIAN_POINT('',(-1.685E+03,-5.792632997862,-83.76705896316)
  );
#4751 = CARTESIAN_POINT('',(-1.602477387266E+03,-8.298936213184,
    -103.0396004319));
#4752 = CARTESIAN_POINT('',(-1.52E+03,-6.386411385532,-114.8792305444));
#4753 = CARTESIAN_POINT('',(-1.685E+03,5.792633024084,-83.76705896135));
#4754 = CARTESIAN_POINT('',(-1.602477387266E+03,8.298936258948,
    -103.0396004325));
#4755 = CARTESIAN_POINT('',(-1.52E+03,6.386411414885,-114.8792305444));
#4756 = CARTESIAN_POINT('',(-1.685E+03,17.217810623378,-81.97556257245)
  );
#4757 = CARTESIAN_POINT('',(-1.602477387266E+03,24.491766551395,
    -99.62352974364));
#4758 = CARTESIAN_POINT('',(-1.52E+03,18.872540308381,-112.3713040809));
#4759 = CARTESIAN_POINT('',(-1.685E+03,28.171072786807,-78.4585844106));
#4760 = CARTESIAN_POINT('',(-1.602477387266E+03,39.506227407421,
    -93.00916839276));
#4761 = CARTESIAN_POINT('',(-1.52E+03,30.52334490304,-107.5055081719));
#4762 = CARTESIAN_POINT('',(-1.685E+03,38.364653733745,-73.34298825245)
  );
#4763 = CARTESIAN_POINT('',(-1.602477387266E+03,52.670127499836,
    -83.60324609925));
#4764 = CARTESIAN_POINT('',(-1.52E+03,40.858535651316,-100.5628205798));
#4765 = CARTESIAN_POINT('',(-1.685E+03,47.54759553126,-66.80738102332));
#4766 = CARTESIAN_POINT('',(-1.602477387266E+03,63.458187547757,
    -71.9545665036));
#4767 = CARTESIAN_POINT('',(-1.52E+03,49.497474700827,-91.92388153648));
#4768 = DEFINITIONAL_REPRESENTATION('',(#4769),#4773);
#4769 = LINE('',#4770,#4771);
#4770 = CARTESIAN_POINT('',(7.,0.));
#4771 = VECTOR('',#4772,1.);
#4772 = DIRECTION('',(0.,1.));
#4773 = ( GEOMETRIC_REPRESENTATION_CONTEXT(2) 
PARAMETRIC_REPRESENTATION_CONTEXT() REPRESENTATION_CONTEXT('2D SPACE',''
  ) );
#4774 = ORIENTED_EDGE('',*,*,#4775,.F.);
#4775 = EDGE_CURVE('',#4435,#4720,#4776,.T.);
#4776 = SURFACE_CURVE('',#4777,(#4783,#4792),.PCURVE_S1.);
#4777 = B_SPLINE_CURVE_WITH_KNOTS('',4,(#4778,#4779,#4780,#4781,#4782),
  .UNSPECIFIED.,.F.,.F.,(5,5),(0.,1.),.PIECEWISE_BEZIER_KNOTS.);
#4778 = CARTESIAN_POINT('',(-1.6E+03,75.400332335669,-56.77211082828));
#4779 = CARTESIAN_POINT('',(-1.6E+03,70.568107959677,-61.60433520427));
#4780 = CARTESIAN_POINT('',(-1.6E+03,65.726100423699,-66.42677656144));
#4781 = CARTESIAN_POINT('',(-1.6E+03,60.874340823072,-71.23940386097));
#4782 = CARTESIAN_POINT('',(-1.6E+03,56.012975787196,-76.04230443959));
#4783 = PCURVE('',#4483,#4784);
#4784 = DEFINITIONAL_REPRESENTATION('',(#4785),#4791);
#4785 = B_SPLINE_CURVE_WITH_KNOTS('',4,(#4786,#4787,#4788,#4789,#4790),
  .UNSPECIFIED.,.F.,.F.,(5,5),(0.,1.),.PIECEWISE_BEZIER_KNOTS.);
#4786 = CARTESIAN_POINT('',(8.,0.515083054071));
#4787 = CARTESIAN_POINT('',(7.750040590776,0.515083054071));
#4788 = CARTESIAN_POINT('',(7.500081190652,0.515083054071));
#4789 = CARTESIAN_POINT('',(7.250081118039,0.515083054071));
#4790 = CARTESIAN_POINT('',(7.,0.515083054071));
#4791 = ( GEOMETRIC_REPRESENTATION_CONTEXT(2) 
PARAMETRIC_REPRESENTATION_CONTEXT() REPRESENTATION_CONTEXT('2D SPACE',''
  ) );
#4792 = PCURVE('',#4591,#4793);
#4793 = DEFINITIONAL_REPRESENTATION('',(#4794),#4800);
#4794 = B_SPLINE_CURVE_WITH_KNOTS('',4,(#4795,#4796,#4797,#4798,#4799),
  .UNSPECIFIED.,.F.,.F.,(5,5),(0.,1.),.PIECEWISE_BEZIER_KNOTS.);
#4795 = CARTESIAN_POINT('',(168.22788917171,-300.4003323356));
#4796 = CARTESIAN_POINT('',(163.39566479572,-295.5681079596));
#4797 = CARTESIAN_POINT('',(158.57322343856,-290.7261004236));
#4798 = CARTESIAN_POINT('',(153.76059613902,-285.874340823));
#4799 = CARTESIAN_POINT('',(148.9576955604,-281.0129757871));
#4800 = ( GEOMETRIC_REPRESENTATION_CONTEXT(2) 
PARAMETRIC_REPRESENTATION_CONTEXT() REPRESENTATION_CONTEXT('2D SPACE',''
  ) );
#4801 = ORIENTED_EDGE('',*,*,#4434,.T.);
#4802 = ORIENTED_EDGE('',*,*,#4803,.F.);
#4803 = EDGE_CURVE('',#4722,#4437,#4804,.T.);
#4804 = SURFACE_CURVE('',#4805,(#4816,#4823),.PCURVE_S1.);
#4805 = B_SPLINE_CURVE_WITH_KNOTS('',9,(#4806,#4807,#4808,#4809,#4810,
    #4811,#4812,#4813,#4814,#4815),.UNSPECIFIED.,.F.,.F.,(10,10),(7.,8.)
  ,.PIECEWISE_BEZIER_KNOTS.);
#4806 = CARTESIAN_POINT('',(-1.52E+03,49.497474700827,-91.92388153648));
#4807 = CARTESIAN_POINT('',(-1.52E+03,54.211519908394,-87.20983632891));
#4808 = CARTESIAN_POINT('',(-1.52E+03,58.925565115961,-82.49579112134));
#4809 = CARTESIAN_POINT('',(-1.52E+03,63.639610323527,-77.78174591378));
#4810 = CARTESIAN_POINT('',(-1.52E+03,68.353655531094,-73.06770070621));
#4811 = CARTESIAN_POINT('',(-1.52E+03,73.067700738661,-68.35365549864));
#4812 = CARTESIAN_POINT('',(-1.52E+03,77.781745946228,-63.63961029108));
#4813 = CARTESIAN_POINT('',(-1.52E+03,82.495791153794,-58.92556508351));
#4814 = CARTESIAN_POINT('',(-1.52E+03,87.209836361361,-54.21151987594));
#4815 = CARTESIAN_POINT('',(-1.52E+03,91.923881568928,-49.49747466838));
#4816 = PCURVE('',#4483,#4817);
#4817 = DEFINITIONAL_REPRESENTATION('',(#4818),#4822);
#4818 = LINE('',#4819,#4820);
#4819 = CARTESIAN_POINT('',(0.,1.));
#4820 = VECTOR('',#4821,1.);
#4821 = DIRECTION('',(1.,0.));
#4822 = ( GEOMETRIC_REPRESENTATION_CONTEXT(2) 
PARAMETRIC_REPRESENTATION_CONTEXT() REPRESENTATION_CONTEXT('2D SPACE',''
  ) );
#4823 = PCURVE('',#4824,#4829);
#4824 = PLANE('',#4825);
#4825 = AXIS2_PLACEMENT_3D('',#4826,#4827,#4828);
#4826 = CARTESIAN_POINT('',(-1.52E+03,49.497474700827,-91.92388153648));
#4827 = DIRECTION('',(0.,-0.707106781187,0.707106781187));
#4828 = DIRECTION('',(0.,0.707106781187,0.707106781187));
#4829 = DEFINITIONAL_REPRESENTATION('',(#4830),#4841);
#4830 = B_SPLINE_CURVE_WITH_KNOTS('',9,(#4831,#4832,#4833,#4834,#4835,
    #4836,#4837,#4838,#4839,#4840),.UNSPECIFIED.,.F.,.F.,(10,10),(7.,8.)
  ,.PIECEWISE_BEZIER_KNOTS.);
#4831 = CARTESIAN_POINT('',(-3.552713678801E-15,0.));
#4832 = CARTESIAN_POINT('',(6.666666666181,0.));
#4833 = CARTESIAN_POINT('',(13.333333332362,0.));
#4834 = CARTESIAN_POINT('',(19.999999998542,0.));
#4835 = CARTESIAN_POINT('',(26.666666664723,0.));
#4836 = CARTESIAN_POINT('',(33.333333330904,0.));
#4837 = CARTESIAN_POINT('',(39.999999997085,0.));
#4838 = CARTESIAN_POINT('',(46.666666663266,0.));
#4839 = CARTESIAN_POINT('',(53.333333329446,0.));
#4840 = CARTESIAN_POINT('',(59.999999995627,0.));
#4841 = ( GEOMETRIC_REPRESENTATION_CONTEXT(2) 
PARAMETRIC_REPRESENTATION_CONTEXT() REPRESENTATION_CONTEXT('2D SPACE',''
  ) );
#4842 = ADVANCED_FACE('',(#4843),#4705,.T.);
#4843 = FACE_BOUND('',#4844,.F.);
#4844 = EDGE_LOOP('',(#4845,#4868,#4897,#4923));
#4845 = ORIENTED_EDGE('',*,*,#4846,.T.);
#4846 = EDGE_CURVE('',#4437,#4847,#4849,.T.);
#4847 = VERTEX_POINT('',#4848);
#4848 = CARTESIAN_POINT('',(-1.123333333333E+03,91.923881568928,
    -49.49747466838));
#4849 = SURFACE_CURVE('',#4850,(#4854,#4861),.PCURVE_S1.);
#4850 = LINE('',#4851,#4852);
#4851 = CARTESIAN_POINT('',(-1.52E+03,91.923881568928,-49.49747466838));
#4852 = VECTOR('',#4853,1.);
#4853 = DIRECTION('',(1.,0.,0.));
#4854 = PCURVE('',#4705,#4855);
#4855 = DEFINITIONAL_REPRESENTATION('',(#4856),#4860);
#4856 = LINE('',#4857,#4858);
#4857 = CARTESIAN_POINT('',(0.,0.));
#4858 = VECTOR('',#4859,1.);
#4859 = DIRECTION('',(0.,-1.));
#4860 = ( GEOMETRIC_REPRESENTATION_CONTEXT(2) 
PARAMETRIC_REPRESENTATION_CONTEXT() REPRESENTATION_CONTEXT('2D SPACE',''
  ) );
#4861 = PCURVE('',#4824,#4862);
#4862 = DEFINITIONAL_REPRESENTATION('',(#4863),#4867);
#4863 = LINE('',#4864,#4865);
#4864 = CARTESIAN_POINT('',(59.999999995627,0.));
#4865 = VECTOR('',#4866,1.);
#4866 = DIRECTION('',(0.,-1.));
#4867 = ( GEOMETRIC_REPRESENTATION_CONTEXT(2) 
PARAMETRIC_REPRESENTATION_CONTEXT() REPRESENTATION_CONTEXT('2D SPACE',''
  ) );
#4868 = ORIENTED_EDGE('',*,*,#4869,.T.);
#4869 = EDGE_CURVE('',#4847,#4870,#4872,.T.);
#4870 = VERTEX_POINT('',#4871);
#4871 = CARTESIAN_POINT('',(-1.123333333333E+03,91.923881570474,
    49.497474699281));
#4872 = SURFACE_CURVE('',#4873,(#4878,#4885),.PCURVE_S1.);
#4873 = CIRCLE('',#4874,70.);
#4874 = AXIS2_PLACEMENT_3D('',#4875,#4876,#4877);
#4875 = CARTESIAN_POINT('',(-1.123333333333E+03,42.42640688587,
    1.467667151545E-08));
#4876 = DIRECTION('',(1.,-7.850462293419E-17,7.850462293419E-17));
#4877 = DIRECTION('',(1.110223024625E-16,0.707106781187,-0.707106781187)
  );
#4878 = PCURVE('',#4705,#4879);
#4879 = DEFINITIONAL_REPRESENTATION('',(#4880),#4884);
#4880 = LINE('',#4881,#4882);
#4881 = CARTESIAN_POINT('',(0.,-396.6666666666));
#4882 = VECTOR('',#4883,1.);
#4883 = DIRECTION('',(-1.,0.));
#4884 = ( GEOMETRIC_REPRESENTATION_CONTEXT(2) 
PARAMETRIC_REPRESENTATION_CONTEXT() REPRESENTATION_CONTEXT('2D SPACE',''
  ) );
#4885 = PCURVE('',#4886,#4891);
#4886 = PLANE('',#4887);
#4887 = AXIS2_PLACEMENT_3D('',#4888,#4889,#4890);
#4888 = CARTESIAN_POINT('',(-1.123333333333E+03,3.749537983226E-09,
    1.555316722973E-08));
#4889 = DIRECTION('',(1.,-7.850462293419E-17,7.850462293419E-17));
#4890 = DIRECTION('',(1.110223024625E-16,0.707106781187,-0.707106781187)
  );
#4891 = DEFINITIONAL_REPRESENTATION('',(#4892),#4896);
#4892 = CIRCLE('',#4893,70.);
#4893 = AXIS2_PLACEMENT_2D('',#4894,#4895);
#4894 = CARTESIAN_POINT('',(30.000000008346,30.000000007107));
#4895 = DIRECTION('',(1.,0.));
#4896 = ( GEOMETRIC_REPRESENTATION_CONTEXT(2) 
PARAMETRIC_REPRESENTATION_CONTEXT() REPRESENTATION_CONTEXT('2D SPACE',''
  ) );
#4897 = ORIENTED_EDGE('',*,*,#4898,.F.);
#4898 = EDGE_CURVE('',#4631,#4870,#4899,.T.);
#4899 = SURFACE_CURVE('',#4900,(#4904,#4911),.PCURVE_S1.);
#4900 = LINE('',#4901,#4902);
#4901 = CARTESIAN_POINT('',(-1.52E+03,91.923881570474,49.497474699281));
#4902 = VECTOR('',#4903,1.);
#4903 = DIRECTION('',(1.,0.,0.));
#4904 = PCURVE('',#4705,#4905);
#4905 = DEFINITIONAL_REPRESENTATION('',(#4906),#4910);
#4906 = LINE('',#4907,#4908);
#4907 = CARTESIAN_POINT('',(-1.570796326795,0.));
#4908 = VECTOR('',#4909,1.);
#4909 = DIRECTION('',(0.,-1.));
#4910 = ( GEOMETRIC_REPRESENTATION_CONTEXT(2) 
PARAMETRIC_REPRESENTATION_CONTEXT() REPRESENTATION_CONTEXT('2D SPACE',''
  ) );
#4911 = PCURVE('',#4912,#4917);
#4912 = PLANE('',#4913);
#4913 = AXIS2_PLACEMENT_3D('',#4914,#4915,#4916);
#4914 = CARTESIAN_POINT('',(-1.52E+03,49.497474700827,91.92388157202));
#4915 = DIRECTION('',(0.,0.707106781187,0.707106781187));
#4916 = DIRECTION('',(1.110223024625E-16,0.707106781187,-0.707106781187)
  );
#4917 = DEFINITIONAL_REPRESENTATION('',(#4918),#4922);
#4918 = LINE('',#4919,#4920);
#4919 = CARTESIAN_POINT('',(60.,6.661338147751E-15));
#4920 = VECTOR('',#4921,1.);
#4921 = DIRECTION('',(1.110223024625E-16,-1.));
#4922 = ( GEOMETRIC_REPRESENTATION_CONTEXT(2) 
PARAMETRIC_REPRESENTATION_CONTEXT() REPRESENTATION_CONTEXT('2D SPACE',''
  ) );
#4923 = ORIENTED_EDGE('',*,*,#4684,.F.);
#4924 = ADVANCED_FACE('',(#4925),#4646,.T.);
#4925 = FACE_BOUND('',#4926,.T.);
#4926 = EDGE_LOOP('',(#4927,#4928,#4966,#5020));
#4927 = ORIENTED_EDGE('',*,*,#4630,.F.);
#4928 = ORIENTED_EDGE('',*,*,#4929,.F.);
#4929 = EDGE_CURVE('',#4930,#4522,#4932,.T.);
#4930 = VERTEX_POINT('',#4931);
#4931 = CARTESIAN_POINT('',(-1.6E+03,56.012975773067,76.042304488538));
#4932 = SURFACE_CURVE('',#4933,(#4942,#4954),.PCURVE_S1.);
#4933 = B_SPLINE_CURVE_WITH_KNOTS('',4,(#4934,#4935,#4936,#4937,#4938,
    #4939,#4940,#4941),.UNSPECIFIED.,.F.,.F.,(5,3,5),(0.,0.500000000006,
    1.),.UNSPECIFIED.);
#4934 = CARTESIAN_POINT('',(-1.6E+03,56.012975773067,76.042304488538));
#4935 = CARTESIAN_POINT('',(-1.6E+03,58.545766708246,73.567994414702));
#4936 = CARTESIAN_POINT('',(-1.6E+03,61.068992985668,71.083889566524));
#4937 = CARTESIAN_POINT('',(-1.6E+03,63.582497526887,68.589945699465));
#4938 = CARTESIAN_POINT('',(-1.6E+03,68.589945701018,63.582497525447));
#4939 = CARTESIAN_POINT('',(-1.6E+03,71.083889569492,61.068992985571));
#4940 = CARTESIAN_POINT('',(-1.6E+03,73.567994414156,58.545766704937));
#4941 = CARTESIAN_POINT('',(-1.6E+03,76.042304503617,56.012975785076));
#4942 = PCURVE('',#4646,#4943);
#4943 = DEFINITIONAL_REPRESENTATION('',(#4944),#4953);
#4944 = B_SPLINE_CURVE_WITH_KNOTS('',4,(#4945,#4946,#4947,#4948,#4949,
    #4950,#4951,#4952),.UNSPECIFIED.,.F.,.F.,(5,3,5),(0.,0.500000000006,
    1.),.UNSPECIFIED.);
#4945 = CARTESIAN_POINT('',(2.,0.515083054071));
#4946 = CARTESIAN_POINT('',(1.874924423522,0.515083054071));
#4947 = CARTESIAN_POINT('',(1.74992440362,0.515083054071));
#4948 = CARTESIAN_POINT('',(1.624962202217,0.515083054071));
#4949 = CARTESIAN_POINT('',(1.375037797786,0.515083054071));
#4950 = CARTESIAN_POINT('',(1.250075596381,0.515083054071));
#4951 = CARTESIAN_POINT('',(1.125075576486,0.515083054071));
#4952 = CARTESIAN_POINT('',(1.,0.515083054071));
#4953 = ( GEOMETRIC_REPRESENTATION_CONTEXT(2) 
PARAMETRIC_REPRESENTATION_CONTEXT() REPRESENTATION_CONTEXT('2D SPACE',''
  ) );
#4954 = PCURVE('',#4591,#4955);
#4955 = DEFINITIONAL_REPRESENTATION('',(#4956),#4965);
#4956 = B_SPLINE_CURVE_WITH_KNOTS('',4,(#4957,#4958,#4959,#4960,#4961,
    #4962,#4963,#4964),.UNSPECIFIED.,.F.,.F.,(5,3,5),(0.,0.500000000006,
    1.),.UNSPECIFIED.);
#4957 = CARTESIAN_POINT('',(301.04230448853,-281.012975773));
#4958 = CARTESIAN_POINT('',(298.5679944147,-283.5457667082));
#4959 = CARTESIAN_POINT('',(296.08388956652,-286.0689929856));
#4960 = CARTESIAN_POINT('',(293.58994569946,-288.5824975268));
#4961 = CARTESIAN_POINT('',(288.58249752544,-293.589945701));
#4962 = CARTESIAN_POINT('',(286.06899298557,-296.0838895694));
#4963 = CARTESIAN_POINT('',(283.54576670493,-298.5679944141));
#4964 = CARTESIAN_POINT('',(281.01297578507,-301.0423045036));
#4965 = ( GEOMETRIC_REPRESENTATION_CONTEXT(2) 
PARAMETRIC_REPRESENTATION_CONTEXT() REPRESENTATION_CONTEXT('2D SPACE',''
  ) );
#4966 = ORIENTED_EDGE('',*,*,#4967,.T.);
#4967 = EDGE_CURVE('',#4930,#4968,#4970,.T.);
#4968 = VERTEX_POINT('',#4969);
#4969 = CARTESIAN_POINT('',(-1.52E+03,49.497474699281,91.923881570474));
#4970 = SURFACE_CURVE('',#4971,(#4975,#4982),.PCURVE_S1.);
#4971 = B_SPLINE_CURVE_WITH_KNOTS('',2,(#4972,#4973,#4974),
  .UNSPECIFIED.,.F.,.F.,(3,3),(0.,1.),.PIECEWISE_BEZIER_KNOTS.);
#4972 = CARTESIAN_POINT('',(-1.685E+03,47.547595526768,66.807381026522)
  );
#4973 = CARTESIAN_POINT('',(-1.602477387266E+03,63.458187523229,
    71.954566582835));
#4974 = CARTESIAN_POINT('',(-1.52E+03,49.497474697735,91.923881568928));
#4975 = PCURVE('',#4646,#4976);
#4976 = DEFINITIONAL_REPRESENTATION('',(#4977),#4981);
#4977 = LINE('',#4978,#4979);
#4978 = CARTESIAN_POINT('',(2.,0.));
#4979 = VECTOR('',#4980,1.);
#4980 = DIRECTION('',(0.,1.));
#4981 = ( GEOMETRIC_REPRESENTATION_CONTEXT(2) 
PARAMETRIC_REPRESENTATION_CONTEXT() REPRESENTATION_CONTEXT('2D SPACE',''
  ) );
#4982 = PCURVE('',#4983,#5014);
#4983 = B_SPLINE_SURFACE_WITH_KNOTS('',9,2,(
    (#4984,#4985,#4986)
    ,(#4987,#4988,#4989)
    ,(#4990,#4991,#4992)
    ,(#4993,#4994,#4995)
    ,(#4996,#4997,#4998)
    ,(#4999,#5000,#5001)
    ,(#5002,#5003,#5004)
    ,(#5005,#5006,#5007)
    ,(#5008,#5009,#5010)
    ,(#5011,#5012,#5013
    )),.UNSPECIFIED.,.F.,.F.,.F.,(10,10),(3,3),(2.,3.),(0.,1.),
  .PIECEWISE_BEZIER_KNOTS.);
#4984 = CARTESIAN_POINT('',(-1.685E+03,47.547595526768,66.807381026522)
  );
#4985 = CARTESIAN_POINT('',(-1.602477387266E+03,63.458187523229,
    71.954566582835));
#4986 = CARTESIAN_POINT('',(-1.52E+03,49.497474697735,91.923881568928));
#4987 = CARTESIAN_POINT('',(-1.685E+03,38.364653729811,73.342988254325)
  );
#4988 = CARTESIAN_POINT('',(-1.602477387266E+03,52.670127501115,
    83.603246204902));
#4989 = CARTESIAN_POINT('',(-1.52E+03,40.858535651315,100.56282061534));
#4990 = CARTESIAN_POINT('',(-1.685E+03,28.171072783748,78.458584411382)
  );
#4991 = CARTESIAN_POINT('',(-1.602477387266E+03,39.506227408414,
    93.009168498786));
#4992 = CARTESIAN_POINT('',(-1.52E+03,30.523344903041,107.5055082075));
#4993 = CARTESIAN_POINT('',(-1.685E+03,17.217810621438,81.975562572465)
  );
#4994 = CARTESIAN_POINT('',(-1.602477387266E+03,24.491766552029,
    99.623529849879));
#4995 = CARTESIAN_POINT('',(-1.52E+03,18.87254030838,112.37130411646));
#4996 = CARTESIAN_POINT('',(-1.685E+03,5.792633023419,83.767058960963));
#4997 = CARTESIAN_POINT('',(-1.602477387266E+03,8.298936259159,
    103.03960053893));
#4998 = CARTESIAN_POINT('',(-1.52E+03,6.386411414884,114.87923057996));
#4999 = CARTESIAN_POINT('',(-1.685E+03,-5.792632997197,83.767058962777)
  );
#5000 = CARTESIAN_POINT('',(-1.602477387266E+03,-8.298936213396,
    103.0396005383));
#5001 = CARTESIAN_POINT('',(-1.52E+03,-6.386411385531,114.87923057996));
#5002 = CARTESIAN_POINT('',(-1.685E+03,-17.21781059577,81.975562577855)
  );
#5003 = CARTESIAN_POINT('',(-1.602477387266E+03,-24.49176650608,
    99.623529848158));
#5004 = CARTESIAN_POINT('',(-1.52E+03,-18.87254027902,112.37130411646));
#5005 = CARTESIAN_POINT('',(-1.685E+03,-28.17107275918,78.458584420201)
  );
#5006 = CARTESIAN_POINT('',(-1.602477387266E+03,-39.50622736211,
    93.009168495904));
#5007 = CARTESIAN_POINT('',(-1.52E+03,-30.52334487368,107.5055082075));
#5008 = CARTESIAN_POINT('',(-1.685E+03,-38.36465370685,73.342988266334)
  );
#5009 = CARTESIAN_POINT('',(-1.602477387266E+03,-52.67012745429,
    83.603246201002));
#5010 = CARTESIAN_POINT('',(-1.52E+03,-40.85853562196,100.56282061534));
#5011 = CARTESIAN_POINT('',(-1.685E+03,-47.54759550585,66.807381041406)
  );
#5012 = CARTESIAN_POINT('',(-1.602477387266E+03,-63.45818747574,
    71.954566577997));
#5013 = CARTESIAN_POINT('',(-1.52E+03,-49.49747466838,91.923881568928));
#5014 = DEFINITIONAL_REPRESENTATION('',(#5015),#5019);
#5015 = LINE('',#5016,#5017);
#5016 = CARTESIAN_POINT('',(2.,0.));
#5017 = VECTOR('',#5018,1.);
#5018 = DIRECTION('',(0.,1.));
#5019 = ( GEOMETRIC_REPRESENTATION_CONTEXT(2) 
PARAMETRIC_REPRESENTATION_CONTEXT() REPRESENTATION_CONTEXT('2D SPACE',''
  ) );
#5020 = ORIENTED_EDGE('',*,*,#5021,.F.);
#5021 = EDGE_CURVE('',#4631,#4968,#5022,.T.);
#5022 = SURFACE_CURVE('',#5023,(#5034,#5041),.PCURVE_S1.);
#5023 = B_SPLINE_CURVE_WITH_KNOTS('',9,(#5024,#5025,#5026,#5027,#5028,
    #5029,#5030,#5031,#5032,#5033),.UNSPECIFIED.,.F.,.F.,(10,10),(1.,2.)
  ,.PIECEWISE_BEZIER_KNOTS.);
#5024 = CARTESIAN_POINT('',(-1.52E+03,91.92388157202,49.497474700827));
#5025 = CARTESIAN_POINT('',(-1.52E+03,87.20983636411,54.211519908737));
#5026 = CARTESIAN_POINT('',(-1.52E+03,82.495791156199,58.925565116648));
#5027 = CARTESIAN_POINT('',(-1.52E+03,77.781745948289,63.639610324558));
#5028 = CARTESIAN_POINT('',(-1.52E+03,73.067700740379,68.353655532468));
#5029 = CARTESIAN_POINT('',(-1.52E+03,68.353655532468,73.067700740379));
#5030 = CARTESIAN_POINT('',(-1.52E+03,63.639610324558,77.781745948289));
#5031 = CARTESIAN_POINT('',(-1.52E+03,58.925565116648,82.495791156199));
#5032 = CARTESIAN_POINT('',(-1.52E+03,54.211519908737,87.20983636411));
#5033 = CARTESIAN_POINT('',(-1.52E+03,49.497474697735,91.923881568928));
#5034 = PCURVE('',#4646,#5035);
#5035 = DEFINITIONAL_REPRESENTATION('',(#5036),#5040);
#5036 = LINE('',#5037,#5038);
#5037 = CARTESIAN_POINT('',(0.,1.));
#5038 = VECTOR('',#5039,1.);
#5039 = DIRECTION('',(1.,0.));
#5040 = ( GEOMETRIC_REPRESENTATION_CONTEXT(2) 
PARAMETRIC_REPRESENTATION_CONTEXT() REPRESENTATION_CONTEXT('2D SPACE',''
  ) );
#5041 = PCURVE('',#4912,#5042);
#5042 = DEFINITIONAL_REPRESENTATION('',(#5043),#5054);
#5043 = B_SPLINE_CURVE_WITH_KNOTS('',9,(#5044,#5045,#5046,#5047,#5048,
    #5049,#5050,#5051,#5052,#5053),.UNSPECIFIED.,.F.,.F.,(10,10),(1.,2.)
  ,.PIECEWISE_BEZIER_KNOTS.);
#5044 = CARTESIAN_POINT('',(60.,0.));
#5045 = CARTESIAN_POINT('',(53.333333333333,0.));
#5046 = CARTESIAN_POINT('',(46.666666666667,0.));
#5047 = CARTESIAN_POINT('',(40.,0.));
#5048 = CARTESIAN_POINT('',(33.333333333333,0.));
#5049 = CARTESIAN_POINT('',(26.666666666667,0.));
#5050 = CARTESIAN_POINT('',(20.,0.));
#5051 = CARTESIAN_POINT('',(13.333333333333,0.));
#5052 = CARTESIAN_POINT('',(6.666666666667,0.));
#5053 = CARTESIAN_POINT('',(-7.105427357601E-15,0.));
#5054 = ( GEOMETRIC_REPRESENTATION_CONTEXT(2) 
PARAMETRIC_REPRESENTATION_CONTEXT() REPRESENTATION_CONTEXT('2D SPACE',''
  ) );
#5055 = ADVANCED_FACE('',(#5056),#4591,.F.);
#5056 = FACE_BOUND('',#5057,.F.);
#5057 = EDGE_LOOP('',(#5058,#5059,#5060,#5140,#5209,#5320,#5389,#5467));
#5058 = ORIENTED_EDGE('',*,*,#4521,.F.);
#5059 = ORIENTED_EDGE('',*,*,#4929,.F.);
#5060 = ORIENTED_EDGE('',*,*,#5061,.F.);
#5061 = EDGE_CURVE('',#5062,#4930,#5064,.T.);
#5062 = VERTEX_POINT('',#5063);
#5063 = CARTESIAN_POINT('',(-1.6E+03,-56.01297573664,76.042304489621));
#5064 = SURFACE_CURVE('',#5065,(#5088,#5114),.PCURVE_S1.);
#5065 = B_SPLINE_CURVE_WITH_KNOTS('',6,(#5066,#5067,#5068,#5069,#5070,
    #5071,#5072,#5073,#5074,#5075,#5076,#5077,#5078,#5079,#5080,#5081,
    #5082,#5083,#5084,#5085,#5086,#5087),.UNSPECIFIED.,.F.,.F.,(7,5,5,5,
    7),(0.,0.251951406058,0.501000197992,0.75004860382,1.),
  .UNSPECIFIED.);
#5066 = CARTESIAN_POINT('',(-1.6E+03,-56.01297573664,76.042304489621));
#5067 = CARTESIAN_POINT('',(-1.6E+03,-52.29213520406,79.690324252811));
#5068 = CARTESIAN_POINT('',(-1.6E+03,-48.28579460636,83.047565430043));
#5069 = CARTESIAN_POINT('',(-1.6E+03,-44.0228724784,86.085691030375));
#5070 = CARTESIAN_POINT('',(-1.6E+03,-39.53536996204,88.78104384636));
#5071 = CARTESIAN_POINT('',(-1.6E+03,-34.85781165869,91.113866778309));
#5072 = CARTESIAN_POINT('',(-1.6E+03,-25.25328711449,95.00182704378));
#5073 = CARTESIAN_POINT('',(-1.6E+03,-20.32928878872,96.565827122235));
#5074 = CARTESIAN_POINT('',(-1.6E+03,-15.29190328317,97.746432218014));
#5075 = CARTESIAN_POINT('',(-1.6E+03,-10.17834406705,98.534188528392));
#5076 = CARTESIAN_POINT('',(-1.6E+03,-5.026661608559,98.924003001901));
#5077 = CARTESIAN_POINT('',(-1.6E+03,5.274904024688,98.908025711511));
#5078 = CARTESIAN_POINT('',(-1.6E+03,10.425344551827,98.502234316704));
#5079 = CARTESIAN_POINT('',(-1.6E+03,15.536427821236,97.698622118654));
#5080 = CARTESIAN_POINT('',(-1.6E+03,20.570119375648,96.502399778068));
#5081 = CARTESIAN_POINT('',(-1.6E+03,25.489235144203,94.923136113915));
#5082 = CARTESIAN_POINT('',(-1.6E+03,35.043352299324,91.021043865282));
#5083 = CARTESIAN_POINT('',(-1.6E+03,39.677781931019,88.695326446567));
#5084 = CARTESIAN_POINT('',(-1.6E+03,44.124350923901,86.013274246346));
#5085 = CARTESIAN_POINT('',(-1.6E+03,48.349386832523,82.994242250644));
#5086 = CARTESIAN_POINT('',(-1.6E+03,52.321671583283,79.66136596642));
#5087 = CARTESIAN_POINT('',(-1.6E+03,56.012975773067,76.042304488538));
#5088 = PCURVE('',#4591,#5089);
#5089 = DEFINITIONAL_REPRESENTATION('',(#5090),#5113);
#5090 = B_SPLINE_CURVE_WITH_KNOTS('',6,(#5091,#5092,#5093,#5094,#5095,
    #5096,#5097,#5098,#5099,#5100,#5101,#5102,#5103,#5104,#5105,#5106,
    #5107,#5108,#5109,#5110,#5111,#5112),.UNSPECIFIED.,.F.,.F.,(7,5,5,5,
    7),(0.,0.251951406058,0.501000197992,0.75004860382,1.),
  .UNSPECIFIED.);
#5091 = CARTESIAN_POINT('',(301.04230448962,-168.9870242633));
#5092 = CARTESIAN_POINT('',(304.69032425281,-172.7078647959));
#5093 = CARTESIAN_POINT('',(308.04756543004,-176.7142053936));
#5094 = CARTESIAN_POINT('',(311.08569103037,-180.9771275215));
#5095 = CARTESIAN_POINT('',(313.78104384636,-185.4646300379));
#5096 = CARTESIAN_POINT('',(316.1138667783,-190.1421883413));
#5097 = CARTESIAN_POINT('',(320.00182704378,-199.7467128855));
#5098 = CARTESIAN_POINT('',(321.56582712223,-204.6707112112));
#5099 = CARTESIAN_POINT('',(322.74643221801,-209.7080967168));
#5100 = CARTESIAN_POINT('',(323.53418852839,-214.8216559329));
#5101 = CARTESIAN_POINT('',(323.9240030019,-219.9733383914));
#5102 = CARTESIAN_POINT('',(323.90802571151,-230.2749040246));
#5103 = CARTESIAN_POINT('',(323.5022343167,-235.4253445518));
#5104 = CARTESIAN_POINT('',(322.69862211865,-240.5364278212));
#5105 = CARTESIAN_POINT('',(321.50239977806,-245.5701193756));
#5106 = CARTESIAN_POINT('',(319.92313611391,-250.4892351442));
#5107 = CARTESIAN_POINT('',(316.02104386528,-260.0433522993));
#5108 = CARTESIAN_POINT('',(313.69532644656,-264.677781931));
#5109 = CARTESIAN_POINT('',(311.01327424634,-269.1243509239));
#5110 = CARTESIAN_POINT('',(307.99424225064,-273.3493868325));
#5111 = CARTESIAN_POINT('',(304.66136596642,-277.3216715832));
#5112 = CARTESIAN_POINT('',(301.04230448853,-281.012975773));
#5113 = ( GEOMETRIC_REPRESENTATION_CONTEXT(2) 
PARAMETRIC_REPRESENTATION_CONTEXT() REPRESENTATION_CONTEXT('2D SPACE',''
  ) );
#5114 = PCURVE('',#4983,#5115);
#5115 = DEFINITIONAL_REPRESENTATION('',(#5116),#5139);
#5116 = B_SPLINE_CURVE_WITH_KNOTS('',6,(#5117,#5118,#5119,#5120,#5121,
    #5122,#5123,#5124,#5125,#5126,#5127,#5128,#5129,#5130,#5131,#5132,
    #5133,#5134,#5135,#5136,#5137,#5138),.UNSPECIFIED.,.F.,.F.,(7,5,5,5,
    7),(0.,0.251951406058,0.501000197992,0.75004860382,1.),
  .UNSPECIFIED.);
#5117 = CARTESIAN_POINT('',(3.,0.515083054071));
#5118 = CARTESIAN_POINT('',(2.957986971377,0.515083054071));
#5119 = CARTESIAN_POINT('',(2.915978165713,0.515083054071));
#5120 = CARTESIAN_POINT('',(2.873977862989,0.515083054071));
#5121 = CARTESIAN_POINT('',(2.831982470036,0.515083054071));
#5122 = CARTESIAN_POINT('',(2.789988419292,0.515083054071));
#5123 = CARTESIAN_POINT('',(2.706495309617,0.515083054071));
#5124 = CARTESIAN_POINT('',(2.664991588835,0.515083054071));
#5125 = CARTESIAN_POINT('',(2.623492852027,0.515083054071));
#5126 = CARTESIAN_POINT('',(2.581995700593,0.515083054071));
#5127 = CARTESIAN_POINT('',(2.540496744268,0.515083054071));
#5128 = CARTESIAN_POINT('',(2.457503320065,0.515083054071));
#5129 = CARTESIAN_POINT('',(2.416004402299,0.515083054071));
#5130 = CARTESIAN_POINT('',(2.374507263685,0.515083054071));
#5131 = CARTESIAN_POINT('',(2.333008514034,0.515083054071));
#5132 = CARTESIAN_POINT('',(2.291504754683,0.515083054071));
#5133 = CARTESIAN_POINT('',(2.208344758938,0.515083054071));
#5134 = CARTESIAN_POINT('',(2.166684003794,0.515083054071));
#5135 = CARTESIAN_POINT('',(2.125021845277,0.515083054071));
#5136 = CARTESIAN_POINT('',(2.083354841408,0.515083054071));
#5137 = CARTESIAN_POINT('',(2.041679525695,0.515083054071));
#5138 = CARTESIAN_POINT('',(2.,0.515083054071));
#5139 = ( GEOMETRIC_REPRESENTATION_CONTEXT(2) 
PARAMETRIC_REPRESENTATION_CONTEXT() REPRESENTATION_CONTEXT('2D SPACE',''
  ) );
#5140 = ORIENTED_EDGE('',*,*,#5141,.F.);
#5141 = EDGE_CURVE('',#5142,#5062,#5144,.T.);
#5142 = VERTEX_POINT('',#5143);
#5143 = CARTESIAN_POINT('',(-1.6E+03,-76.04230450546,56.012975719976));
#5144 = SURFACE_CURVE('',#5145,(#5154,#5166),.PCURVE_S1.);
#5145 = B_SPLINE_CURVE_WITH_KNOTS('',4,(#5146,#5147,#5148,#5149,#5150,
    #5151,#5152,#5153),.UNSPECIFIED.,.F.,.F.,(5,3,5),(0.,0.499999999999,
    1.),.UNSPECIFIED.);
#5146 = CARTESIAN_POINT('',(-1.6E+03,-76.04230450546,56.012975719976));
#5147 = CARTESIAN_POINT('',(-1.6E+03,-73.56799440964,58.545766646528));
#5148 = CARTESIAN_POINT('',(-1.6E+03,-71.08388955858,61.068992933827));
#5149 = CARTESIAN_POINT('',(-1.6E+03,-68.5899456836,63.582497480245));
#5150 = CARTESIAN_POINT('',(-1.6E+03,-63.58249749662,68.589945667427));
#5151 = CARTESIAN_POINT('',(-1.6E+03,-61.0689929503,71.083889542524));
#5152 = CARTESIAN_POINT('',(-1.6E+03,-58.5457666631,73.56799439369));
#5153 = CARTESIAN_POINT('',(-1.6E+03,-56.01297573664,76.042304489621));
#5154 = PCURVE('',#4591,#5155);
#5155 = DEFINITIONAL_REPRESENTATION('',(#5156),#5165);
#5156 = B_SPLINE_CURVE_WITH_KNOTS('',4,(#5157,#5158,#5159,#5160,#5161,
    #5162,#5163,#5164),.UNSPECIFIED.,.F.,.F.,(5,3,5),(0.,0.499999999999,
    1.),.UNSPECIFIED.);
#5157 = CARTESIAN_POINT('',(281.01297571997,-148.9576954945));
#5158 = CARTESIAN_POINT('',(283.54576664652,-151.4320055903));
#5159 = CARTESIAN_POINT('',(286.06899293382,-153.9161104414));
#5160 = CARTESIAN_POINT('',(288.58249748024,-156.4100543163));
#5161 = CARTESIAN_POINT('',(293.58994566742,-161.4175025033));
#5162 = CARTESIAN_POINT('',(296.08388954252,-163.9310070496));
#5163 = CARTESIAN_POINT('',(298.56799439369,-166.4542333369));
#5164 = CARTESIAN_POINT('',(301.04230448962,-168.9870242633));
#5165 = ( GEOMETRIC_REPRESENTATION_CONTEXT(2) 
PARAMETRIC_REPRESENTATION_CONTEXT() REPRESENTATION_CONTEXT('2D SPACE',''
  ) );
#5166 = PCURVE('',#5167,#5198);
#5167 = B_SPLINE_SURFACE_WITH_KNOTS('',9,2,(
    (#5168,#5169,#5170)
    ,(#5171,#5172,#5173)
    ,(#5174,#5175,#5176)
    ,(#5177,#5178,#5179)
    ,(#5180,#5181,#5182)
    ,(#5183,#5184,#5185)
    ,(#5186,#5187,#5188)
    ,(#5189,#5190,#5191)
    ,(#5192,#5193,#5194)
    ,(#5195,#5196,#5197
    )),.UNSPECIFIED.,.F.,.F.,.F.,(10,10),(3,3),(3.,4.),(0.,1.),
  .PIECEWISE_BEZIER_KNOTS.);
#5168 = CARTESIAN_POINT('',(-1.685E+03,-47.54759550585,66.807381041406)
  );
#5169 = CARTESIAN_POINT('',(-1.602477387266E+03,-63.45818747574,
    71.954566577997));
#5170 = CARTESIAN_POINT('',(-1.52E+03,-49.49747466838,91.923881568928));
#5171 = CARTESIAN_POINT('',(-1.685E+03,-50.02474135161,65.044367331734)
  );
#5172 = CARTESIAN_POINT('',(-1.602477387266E+03,-64.29261941645,
    70.887978067258));
#5173 = CARTESIAN_POINT('',(-1.52E+03,-54.21151987989,87.209836357412));
#5174 = CARTESIAN_POINT('',(-1.685E+03,-52.42834519899,63.178022493868)
  );
#5175 = CARTESIAN_POINT('',(-1.602477387266E+03,-65.15095905889,
    69.854981379498));
#5176 = CARTESIAN_POINT('',(-1.52E+03,-58.92556509141,82.495791145897));
#5177 = CARTESIAN_POINT('',(-1.685E+03,-54.75348100948,61.211852433181)
  );
#5178 = CARTESIAN_POINT('',(-1.602477387266E+03,-66.03480780444,
    68.854436783109));
#5179 = CARTESIAN_POINT('',(-1.52E+03,-63.63961030292,77.781745934382));
#5180 = CARTESIAN_POINT('',(-1.685E+03,-56.99541761126,59.149637157818)
  );
#5181 = CARTESIAN_POINT('',(-1.602477387266E+03,-66.94570370548,
    67.885115438663));
#5182 = CARTESIAN_POINT('',(-1.52E+03,-68.35365551444,73.067700722866));
#5183 = CARTESIAN_POINT('',(-1.685E+03,-59.14963719137,56.995417576433)
  );
#5184 = CARTESIAN_POINT('',(-1.602477387266E+03,-67.88511545374,
    66.945703690823));
#5185 = CARTESIAN_POINT('',(-1.52E+03,-73.06770072595,68.353655511351));
#5186 = CARTESIAN_POINT('',(-1.685E+03,-61.21185246542,54.753480973438)
  );
#5187 = CARTESIAN_POINT('',(-1.602477387266E+03,-68.85443679861,
    66.034807790178));
#5188 = CARTESIAN_POINT('',(-1.52E+03,-77.78174593747,63.639610299836));
#5189 = CARTESIAN_POINT('',(-1.685E+03,-63.17802252474,52.428345161794)
  );
#5190 = CARTESIAN_POINT('',(-1.602477387266E+03,-69.85498139545,
    65.150959044999));
#5191 = CARTESIAN_POINT('',(-1.52E+03,-82.49579114898,58.92556508832));
#5192 = CARTESIAN_POINT('',(-1.685E+03,-65.04436736119,50.024741313317)
  );
#5193 = CARTESIAN_POINT('',(-1.602477387266E+03,-70.88797808367,
    64.292619402921));
#5194 = CARTESIAN_POINT('',(-1.52E+03,-87.2098363605,54.211519876805));
#5195 = CARTESIAN_POINT('',(-1.685E+03,-66.8073810694,47.547595466517));
#5196 = CARTESIAN_POINT('',(-1.602477387266E+03,-71.95456659488,
    63.458187462543));
#5197 = CARTESIAN_POINT('',(-1.52E+03,-91.92388157202,49.49747466529));
#5198 = DEFINITIONAL_REPRESENTATION('',(#5199),#5208);
#5199 = B_SPLINE_CURVE_WITH_KNOTS('',4,(#5200,#5201,#5202,#5203,#5204,
    #5205,#5206,#5207),.UNSPECIFIED.,.F.,.F.,(5,3,5),(0.,0.499999999999,
    1.),.UNSPECIFIED.);
#5200 = CARTESIAN_POINT('',(4.,0.515083054071));
#5201 = CARTESIAN_POINT('',(3.874924423514,0.515083054071));
#5202 = CARTESIAN_POINT('',(3.749924403618,0.515083054071));
#5203 = CARTESIAN_POINT('',(3.624962202214,0.515083054071));
#5204 = CARTESIAN_POINT('',(3.375037797786,0.515083054071));
#5205 = CARTESIAN_POINT('',(3.250075596381,0.515083054071));
#5206 = CARTESIAN_POINT('',(3.125075576486,0.515083054071));
#5207 = CARTESIAN_POINT('',(3.,0.515083054071));
#5208 = ( GEOMETRIC_REPRESENTATION_CONTEXT(2) 
PARAMETRIC_REPRESENTATION_CONTEXT() REPRESENTATION_CONTEXT('2D SPACE',''
  ) );
#5209 = ORIENTED_EDGE('',*,*,#5210,.F.);
#5210 = EDGE_CURVE('',#5211,#5142,#5213,.T.);
#5211 = VERTEX_POINT('',#5212);
#5212 = CARTESIAN_POINT('',(-1.6E+03,-76.04230443981,-56.01297572438));
#5213 = SURFACE_CURVE('',#5214,(#5237,#5263),.PCURVE_S1.);
#5214 = B_SPLINE_CURVE_WITH_KNOTS('',6,(#5215,#5216,#5217,#5218,#5219,
    #5220,#5221,#5222,#5223,#5224,#5225,#5226,#5227,#5228,#5229,#5230,
    #5231,#5232,#5233,#5234,#5235,#5236),.UNSPECIFIED.,.F.,.F.,(7,5,5,5,
    7),(0.,0.251951406002,0.50100019794,0.750048603795,1.),
  .UNSPECIFIED.);
#5215 = CARTESIAN_POINT('',(-1.6E+03,-76.04230443981,-56.01297572438));
#5216 = CARTESIAN_POINT('',(-1.6E+03,-79.69032422562,-52.29213521665));
#5217 = CARTESIAN_POINT('',(-1.6E+03,-83.04756541763,-48.28579463288));
#5218 = CARTESIAN_POINT('',(-1.6E+03,-86.08569102741,-44.02287251296));
#5219 = CARTESIAN_POINT('',(-1.6E+03,-88.78104384908,-39.53537000182));
#5220 = CARTESIAN_POINT('',(-1.6E+03,-91.11386678446,-34.85781170251));
#5221 = CARTESIAN_POINT('',(-1.6E+03,-95.00182705483,-25.25328716301));
#5222 = CARTESIAN_POINT('',(-1.6E+03,-96.56582713445,-20.32928883822));
#5223 = CARTESIAN_POINT('',(-1.6E+03,-97.74643223084,-15.29190333333));
#5224 = CARTESIAN_POINT('',(-1.6E+03,-98.53418854153,-10.17834411793));
#5225 = CARTESIAN_POINT('',(-1.6E+03,-98.92400301531,-5.026661660139));
#5226 = CARTESIAN_POINT('',(-1.6E+03,-98.90802572547,5.274903972299));
#5227 = CARTESIAN_POINT('',(-1.6E+03,-98.50223433087,10.425344499343));
#5228 = CARTESIAN_POINT('',(-1.6E+03,-97.69862213306,15.53642776852));
#5229 = CARTESIAN_POINT('',(-1.6E+03,-96.50239979269,20.570119322895));
#5230 = CARTESIAN_POINT('',(-1.6E+03,-94.92313612881,25.489235091304));
#5231 = CARTESIAN_POINT('',(-1.6E+03,-91.0210438807,35.043352246283));
#5232 = CARTESIAN_POINT('',(-1.6E+03,-88.69532646229,39.677781877881));
#5233 = CARTESIAN_POINT('',(-1.6E+03,-86.01327426233,44.124350870784));
#5234 = CARTESIAN_POINT('',(-1.6E+03,-82.99424226696,48.349386779349));
#5235 = CARTESIAN_POINT('',(-1.6E+03,-79.66136598303,52.321671530149));
#5236 = CARTESIAN_POINT('',(-1.6E+03,-76.04230450546,56.012975719976));
#5237 = PCURVE('',#4591,#5238);
#5238 = DEFINITIONAL_REPRESENTATION('',(#5239),#5262);
#5239 = B_SPLINE_CURVE_WITH_KNOTS('',6,(#5240,#5241,#5242,#5243,#5244,
    #5245,#5246,#5247,#5248,#5249,#5250,#5251,#5252,#5253,#5254,#5255,
    #5256,#5257,#5258,#5259,#5260,#5261),.UNSPECIFIED.,.F.,.F.,(7,5,5,5,
    7),(0.,0.251951406002,0.50100019794,0.750048603795,1.),
  .UNSPECIFIED.);
#5240 = CARTESIAN_POINT('',(168.98702427561,-148.9576955601));
#5241 = CARTESIAN_POINT('',(172.70786478334,-145.3096757743));
#5242 = CARTESIAN_POINT('',(176.71420536711,-141.9524345823));
#5243 = CARTESIAN_POINT('',(180.97712748703,-138.9143089725));
#5244 = CARTESIAN_POINT('',(185.46462999817,-136.2189561509));
#5245 = CARTESIAN_POINT('',(190.14218829748,-133.8861332155));
#5246 = CARTESIAN_POINT('',(199.74671283698,-129.9981729451));
#5247 = CARTESIAN_POINT('',(204.67071116177,-128.4341728655));
#5248 = CARTESIAN_POINT('',(209.70809666666,-127.2535677691));
#5249 = CARTESIAN_POINT('',(214.82165588206,-126.4658114584));
#5250 = CARTESIAN_POINT('',(219.97333833986,-126.0759969846));
#5251 = CARTESIAN_POINT('',(230.27490397229,-126.0919742745));
#5252 = CARTESIAN_POINT('',(235.42534449934,-126.4977656691));
#5253 = CARTESIAN_POINT('',(240.53642776852,-127.3013778669));
#5254 = CARTESIAN_POINT('',(245.57011932289,-128.4976002073));
#5255 = CARTESIAN_POINT('',(250.4892350913,-130.0768638711));
#5256 = CARTESIAN_POINT('',(260.04335224628,-133.9789561192));
#5257 = CARTESIAN_POINT('',(264.67778187788,-136.3046735377));
#5258 = CARTESIAN_POINT('',(269.12435087078,-138.9867257376));
#5259 = CARTESIAN_POINT('',(273.34938677934,-142.005757733));
#5260 = CARTESIAN_POINT('',(277.32167153014,-145.3386340169));
#5261 = CARTESIAN_POINT('',(281.01297571997,-148.9576954945));
#5262 = ( GEOMETRIC_REPRESENTATION_CONTEXT(2) 
PARAMETRIC_REPRESENTATION_CONTEXT() REPRESENTATION_CONTEXT('2D SPACE',''
  ) );
#5263 = PCURVE('',#5264,#5295);
#5264 = B_SPLINE_SURFACE_WITH_KNOTS('',9,2,(
    (#5265,#5266,#5267)
    ,(#5268,#5269,#5270)
    ,(#5271,#5272,#5273)
    ,(#5274,#5275,#5276)
    ,(#5277,#5278,#5279)
    ,(#5280,#5281,#5282)
    ,(#5283,#5284,#5285)
    ,(#5286,#5287,#5288)
    ,(#5289,#5290,#5291)
    ,(#5292,#5293,#5294
    )),.UNSPECIFIED.,.F.,.F.,.F.,(10,10),(3,3),(4.,5.),(0.,1.),
  .PIECEWISE_BEZIER_KNOTS.);
#5265 = CARTESIAN_POINT('',(-1.685E+03,-66.8073810694,47.547595466517));
#5266 = CARTESIAN_POINT('',(-1.602477387266E+03,-71.95456659488,
    63.458187462543));
#5267 = CARTESIAN_POINT('',(-1.52E+03,-91.92388157202,49.49747466529));
#5268 = CARTESIAN_POINT('',(-1.685E+03,-73.34298828584,38.364653668001)
  );
#5269 = CARTESIAN_POINT('',(-1.602477387266E+03,-83.60324622064,
    52.670127440935));
#5270 = CARTESIAN_POINT('',(-1.52E+03,-100.5628206184,40.85853561887));
#5271 = CARTESIAN_POINT('',(-1.685E+03,-78.45858443195,28.171072722612)
  );
#5272 = CARTESIAN_POINT('',(-1.602477387266E+03,-93.00916851808,
    39.50622734802));
#5273 = CARTESIAN_POINT('',(-1.52E+03,-107.5055082106,30.523344870595));
#5274 = CARTESIAN_POINT('',(-1.685E+03,-81.97556258301,17.217810563018)
  );
#5275 = CARTESIAN_POINT('',(-1.602477387266E+03,-99.62352987244,
    24.491766490736));
#5276 = CARTESIAN_POINT('',(-1.52E+03,-112.3713041195,18.872540275937));
#5277 = CARTESIAN_POINT('',(-1.685E+03,-83.7670589628,5.792632969445));
#5278 = CARTESIAN_POINT('',(-1.602477387266E+03,-103.0396005643,
    8.298936196449));
#5279 = CARTESIAN_POINT('',(-1.52E+03,-114.879230583,6.386411382436));
#5280 = CARTESIAN_POINT('',(-1.685E+03,-83.76705895755,-5.792633045401)
  );
#5281 = CARTESIAN_POINT('',(-1.602477387266E+03,-103.0396005659,
    -8.298936278018));
#5282 = CARTESIAN_POINT('',(-1.52E+03,-114.879230583,-6.386411417974));
#5283 = CARTESIAN_POINT('',(-1.685E+03,-81.9755625674,-17.21781063735));
#5284 = CARTESIAN_POINT('',(-1.602477387266E+03,-99.62352987754,
    -24.49176657283));
#5285 = CARTESIAN_POINT('',(-1.52E+03,-112.3713041195,-18.87254031147));
#5286 = CARTESIAN_POINT('',(-1.685E+03,-78.45858440641,-28.17107279375)
  );
#5287 = CARTESIAN_POINT('',(-1.602477387266E+03,-93.00916852637,
    -39.50622743115));
#5288 = CARTESIAN_POINT('',(-1.52E+03,-107.5055082105,-30.52334490613));
#5289 = CARTESIAN_POINT('',(-1.685E+03,-73.34298825105,-38.3646537345));
#5290 = CARTESIAN_POINT('',(-1.602477387266E+03,-83.60324623195,
    -52.67012752557));
#5291 = CARTESIAN_POINT('',(-1.52E+03,-100.5628206184,-40.8585356544));
#5292 = CARTESIAN_POINT('',(-1.685E+03,-66.80738102628,-47.54759552709)
  );
#5293 = CARTESIAN_POINT('',(-1.602477387266E+03,-71.95456650263,
    -63.45818744285));
#5294 = CARTESIAN_POINT('',(-1.52E+03,-91.92388153648,-49.49747466529));
#5295 = DEFINITIONAL_REPRESENTATION('',(#5296),#5319);
#5296 = B_SPLINE_CURVE_WITH_KNOTS('',6,(#5297,#5298,#5299,#5300,#5301,
    #5302,#5303,#5304,#5305,#5306,#5307,#5308,#5309,#5310,#5311,#5312,
    #5313,#5314,#5315,#5316,#5317,#5318),.UNSPECIFIED.,.F.,.F.,(7,5,5,5,
    7),(0.,0.251951406002,0.50100019794,0.750048603795,1.),
  .UNSPECIFIED.);
#5297 = CARTESIAN_POINT('',(5.,0.515083054071));
#5298 = CARTESIAN_POINT('',(4.957986971388,0.515083054071));
#5299 = CARTESIAN_POINT('',(4.915978165719,0.515083054071));
#5300 = CARTESIAN_POINT('',(4.873977862986,0.515083054071));
#5301 = CARTESIAN_POINT('',(4.831982470029,0.515083054071));
#5302 = CARTESIAN_POINT('',(4.789988419288,0.515083054071));
#5303 = CARTESIAN_POINT('',(4.706495309611,0.515083054071));
#5304 = CARTESIAN_POINT('',(4.664991588827,0.515083054071));
#5305 = CARTESIAN_POINT('',(4.623492852019,0.515083054071));
#5306 = CARTESIAN_POINT('',(4.581995700586,0.515083054071));
#5307 = CARTESIAN_POINT('',(4.540496744265,0.515083054071));
#5308 = CARTESIAN_POINT('',(4.457503320065,0.515083054071));
#5309 = CARTESIAN_POINT('',(4.416004402298,0.515083054071));
#5310 = CARTESIAN_POINT('',(4.374507263685,0.515083054071));
#5311 = CARTESIAN_POINT('',(4.333008514034,0.515083054071));
#5312 = CARTESIAN_POINT('',(4.291504754682,0.515083054071));
#5313 = CARTESIAN_POINT('',(4.208344758937,0.515083054071));
#5314 = CARTESIAN_POINT('',(4.166684003794,0.515083054071));
#5315 = CARTESIAN_POINT('',(4.125021845277,0.515083054071));
#5316 = CARTESIAN_POINT('',(4.083354841409,0.515083054071));
#5317 = CARTESIAN_POINT('',(4.041679525695,0.515083054071));
#5318 = CARTESIAN_POINT('',(4.,0.515083054071));
#5319 = ( GEOMETRIC_REPRESENTATION_CONTEXT(2) 
PARAMETRIC_REPRESENTATION_CONTEXT() REPRESENTATION_CONTEXT('2D SPACE',''
  ) );
#5320 = ORIENTED_EDGE('',*,*,#5321,.F.);
#5321 = EDGE_CURVE('',#5322,#5211,#5324,.T.);
#5322 = VERTEX_POINT('',#5323);
#5323 = CARTESIAN_POINT('',(-1.6E+03,-56.01297573696,-76.04230442687));
#5324 = SURFACE_CURVE('',#5325,(#5334,#5346),.PCURVE_S1.);
#5325 = B_SPLINE_CURVE_WITH_KNOTS('',4,(#5326,#5327,#5328,#5329,#5330,
    #5331,#5332,#5333),.UNSPECIFIED.,.F.,.F.,(5,3,5),(0.,0.5,1.),
  .UNSPECIFIED.);
#5326 = CARTESIAN_POINT('',(-1.6E+03,-56.01297573696,-76.04230442687));
#5327 = CARTESIAN_POINT('',(-1.6E+03,-58.545766655,-73.56799433917));
#5328 = CARTESIAN_POINT('',(-1.6E+03,-61.06899293384,-71.08388949629));
#5329 = CARTESIAN_POINT('',(-1.6E+03,-63.58249747185,-68.58994562954));
#5330 = CARTESIAN_POINT('',(-1.6E+03,-68.58994564233,-63.58249745914));
#5331 = CARTESIAN_POINT('',(-1.6E+03,-71.08388950913,-61.06899292117));
#5332 = CARTESIAN_POINT('',(-1.6E+03,-73.56799435206,-58.54576664237));
#5333 = CARTESIAN_POINT('',(-1.6E+03,-76.04230443981,-56.01297572438));
#5334 = PCURVE('',#4591,#5335);
#5335 = DEFINITIONAL_REPRESENTATION('',(#5336),#5345);
#5336 = B_SPLINE_CURVE_WITH_KNOTS('',4,(#5337,#5338,#5339,#5340,#5341,
    #5342,#5343,#5344),.UNSPECIFIED.,.F.,.F.,(5,3,5),(0.,0.5,1.),
  .UNSPECIFIED.);
#5337 = CARTESIAN_POINT('',(148.95769557312,-168.987024263));
#5338 = CARTESIAN_POINT('',(151.43200566082,-166.4542333449));
#5339 = CARTESIAN_POINT('',(153.9161105037,-163.9310070661));
#5340 = CARTESIAN_POINT('',(156.41005437045,-161.4175025281));
#5341 = CARTESIAN_POINT('',(161.41750254085,-156.4100543576));
#5342 = CARTESIAN_POINT('',(163.93100707882,-153.9161104908));
#5343 = CARTESIAN_POINT('',(166.45423335762,-151.4320056479));
#5344 = CARTESIAN_POINT('',(168.98702427561,-148.9576955601));
#5345 = ( GEOMETRIC_REPRESENTATION_CONTEXT(2) 
PARAMETRIC_REPRESENTATION_CONTEXT() REPRESENTATION_CONTEXT('2D SPACE',''
  ) );
#5346 = PCURVE('',#5347,#5378);
#5347 = B_SPLINE_SURFACE_WITH_KNOTS('',9,2,(
    (#5348,#5349,#5350)
    ,(#5351,#5352,#5353)
    ,(#5354,#5355,#5356)
    ,(#5357,#5358,#5359)
    ,(#5360,#5361,#5362)
    ,(#5363,#5364,#5365)
    ,(#5366,#5367,#5368)
    ,(#5369,#5370,#5371)
    ,(#5372,#5373,#5374)
    ,(#5375,#5376,#5377
    )),.UNSPECIFIED.,.F.,.F.,.F.,(10,10),(3,3),(5.,6.),(0.,1.),
  .PIECEWISE_BEZIER_KNOTS.);
#5348 = CARTESIAN_POINT('',(-1.685E+03,-66.80738102628,-47.54759552709)
  );
#5349 = CARTESIAN_POINT('',(-1.602477387266E+03,-71.95456650263,
    -63.45818744285));
#5350 = CARTESIAN_POINT('',(-1.52E+03,-91.92388153648,-49.49747466529));
#5351 = CARTESIAN_POINT('',(-1.685E+03,-65.04436732097,-50.02474136506)
  );
#5352 = CARTESIAN_POINT('',(-1.602477387266E+03,-70.88797800228,
    -64.29261937429));
#5353 = CARTESIAN_POINT('',(-1.52E+03,-87.20983632891,-54.21151987285));
#5354 = CARTESIAN_POINT('',(-1.685E+03,-63.17802248809,-52.42834520505)
  );
#5355 = CARTESIAN_POINT('',(-1.602477387266E+03,-69.85498132471,
    -65.15095900732));
#5356 = CARTESIAN_POINT('',(-1.52E+03,-82.49579112134,-58.92556508042));
#5357 = CARTESIAN_POINT('',(-1.685E+03,-61.21185243298,-54.75348100858)
  );
#5358 = CARTESIAN_POINT('',(-1.602477387266E+03,-68.85443673831,
    -66.03480774333));
#5359 = CARTESIAN_POINT('',(-1.52E+03,-77.78174591378,-63.63961028799));
#5360 = CARTESIAN_POINT('',(-1.685E+03,-59.14963716377,-56.99541760389)
  );
#5361 = CARTESIAN_POINT('',(-1.602477387266E+03,-67.88511540368,
    -66.94570363466));
#5362 = CARTESIAN_POINT('',(-1.52E+03,-73.06770070621,-68.35365549555));
#5363 = CARTESIAN_POINT('',(-1.685E+03,-56.99541758906,-59.14963717806)
  );
#5364 = CARTESIAN_POINT('',(-1.602477387266E+03,-66.94570366547,
    -67.88511537304));
#5365 = CARTESIAN_POINT('',(-1.52E+03,-68.35365549864,-73.06770070312));
#5366 = CARTESIAN_POINT('',(-1.685E+03,-54.75348099323,-61.21185244671)
  );
#5367 = CARTESIAN_POINT('',(-1.602477387266E+03,-66.0348077743,
    -68.85443670786));
#5368 = CARTESIAN_POINT('',(-1.52E+03,-63.63961029108,-77.78174591069));
#5369 = CARTESIAN_POINT('',(-1.685E+03,-52.42834518921,-63.17802250123)
  );
#5370 = CARTESIAN_POINT('',(-1.602477387266E+03,-65.15095903846,
    -69.85498129445));
#5371 = CARTESIAN_POINT('',(-1.52E+03,-58.92556508351,-82.49579111825));
#5372 = CARTESIAN_POINT('',(-1.685E+03,-50.02474134876,-65.04436733351)
  );
#5373 = CARTESIAN_POINT('',(-1.602477387266E+03,-64.29261940558,
    -70.88797797222));
#5374 = CARTESIAN_POINT('',(-1.52E+03,-54.21151987594,-87.20983632582));
#5375 = CARTESIAN_POINT('',(-1.685E+03,-47.54759551034,-66.8073810382));
#5376 = CARTESIAN_POINT('',(-1.602477387266E+03,-63.45818747428,
    -71.95456647277));
#5377 = CARTESIAN_POINT('',(-1.52E+03,-49.49747466838,-91.92388153339));
#5378 = DEFINITIONAL_REPRESENTATION('',(#5379),#5388);
#5379 = B_SPLINE_CURVE_WITH_KNOTS('',4,(#5380,#5381,#5382,#5383,#5384,
    #5385,#5386,#5387),.UNSPECIFIED.,.F.,.F.,(5,3,5),(0.,0.5,1.),
  .UNSPECIFIED.);
#5380 = CARTESIAN_POINT('',(6.,0.515083054071));
#5381 = CARTESIAN_POINT('',(5.874924423514,0.515083054071));
#5382 = CARTESIAN_POINT('',(5.749924403619,0.515083054071));
#5383 = CARTESIAN_POINT('',(5.624962202214,0.515083054071));
#5384 = CARTESIAN_POINT('',(5.375037797786,0.515083054071));
#5385 = CARTESIAN_POINT('',(5.250075596381,0.515083054071));
#5386 = CARTESIAN_POINT('',(5.125075576486,0.515083054071));
#5387 = CARTESIAN_POINT('',(5.,0.515083054071));
#5388 = ( GEOMETRIC_REPRESENTATION_CONTEXT(2) 
PARAMETRIC_REPRESENTATION_CONTEXT() REPRESENTATION_CONTEXT('2D SPACE',''
  ) );
#5389 = ORIENTED_EDGE('',*,*,#5390,.F.);
#5390 = EDGE_CURVE('',#4720,#5322,#5391,.T.);
#5391 = SURFACE_CURVE('',#5392,(#5415,#5441),.PCURVE_S1.);
#5392 = B_SPLINE_CURVE_WITH_KNOTS('',6,(#5393,#5394,#5395,#5396,#5397,
    #5398,#5399,#5400,#5401,#5402,#5403,#5404,#5405,#5406,#5407,#5408,
    #5409,#5410,#5411,#5412,#5413,#5414),.UNSPECIFIED.,.F.,.F.,(7,5,5,5,
    7),(0.,0.250951400359,0.49999999942,0.750048604653,1.),
  .UNSPECIFIED.);
#5393 = CARTESIAN_POINT('',(-1.6E+03,56.012975787196,-76.04230443959));
#5394 = CARTESIAN_POINT('',(-1.6E+03,52.306903423302,-79.67584505259));
#5395 = CARTESIAN_POINT('',(-1.6E+03,48.317595275708,-83.02090833038));
#5396 = CARTESIAN_POINT('',(-1.6E+03,44.073623910347,-86.04949762399));
#5397 = CARTESIAN_POINT('',(-1.6E+03,39.6065972641,-88.73821745206));
#5398 = CARTESIAN_POINT('',(-1.6E+03,34.950612036438,-91.06751231287));
#5399 = CARTESIAN_POINT('',(-1.6E+03,25.37129173614,-94.96257297773));
#5400 = CARTESIAN_POINT('',(-1.6E+03,20.449728755962,-96.5342067489));
#5401 = CARTESIAN_POINT('',(-1.6E+03,15.414184155589,-97.72262190528));
#5402 = CARTESIAN_POINT('',(-1.6E+03,10.301856749618,-98.51830712455));
#5403 = CARTESIAN_POINT('',(-1.6E+03,5.150789046202,-98.91611054438));
#5404 = CARTESIAN_POINT('',(-1.6E+03,-5.171471000134,-98.91611054444));
#5405 = CARTESIAN_POINT('',(-1.6E+03,-10.34322630627,-98.51510610053));
#5406 = CARTESIAN_POINT('',(-1.6E+03,-15.47576997548,-97.71301695244));
#5407 = CARTESIAN_POINT('',(-1.6E+03,-20.53060259569,-96.51507996341));
#5408 = CARTESIAN_POINT('',(-1.6E+03,-25.47008473888,-94.93095744489));
#5409 = CARTESIAN_POINT('',(-1.6E+03,-35.04335226291,-91.02104380333));
#5410 = CARTESIAN_POINT('',(-1.6E+03,-39.67778189466,-88.69532638468));
#5411 = CARTESIAN_POINT('',(-1.6E+03,-44.1243508876,-86.01327418453));
#5412 = CARTESIAN_POINT('',(-1.6E+03,-48.34938679629,-82.99424218888));
#5413 = CARTESIAN_POINT('',(-1.6E+03,-52.32167154711,-79.66136590471));
#5414 = CARTESIAN_POINT('',(-1.6E+03,-56.01297573696,-76.04230442687));
#5415 = PCURVE('',#4591,#5416);
#5416 = DEFINITIONAL_REPRESENTATION('',(#5417),#5440);
#5417 = B_SPLINE_CURVE_WITH_KNOTS('',6,(#5418,#5419,#5420,#5421,#5422,
    #5423,#5424,#5425,#5426,#5427,#5428,#5429,#5430,#5431,#5432,#5433,
    #5434,#5435,#5436,#5437,#5438,#5439),.UNSPECIFIED.,.F.,.F.,(7,5,5,5,
    7),(0.,0.250951400359,0.49999999942,0.750048604653,1.),
  .UNSPECIFIED.);
#5418 = CARTESIAN_POINT('',(148.9576955604,-281.0129757871));
#5419 = CARTESIAN_POINT('',(145.3241549474,-277.3069034233));
#5420 = CARTESIAN_POINT('',(141.97909166962,-273.3175952757));
#5421 = CARTESIAN_POINT('',(138.95050237601,-269.0736239103));
#5422 = CARTESIAN_POINT('',(136.26178254793,-264.6065972641));
#5423 = CARTESIAN_POINT('',(133.93248768712,-259.9506120364));
#5424 = CARTESIAN_POINT('',(130.03742702226,-250.3712917361));
#5425 = CARTESIAN_POINT('',(128.46579325109,-245.4497287559));
#5426 = CARTESIAN_POINT('',(127.27737809471,-240.4141841555));
#5427 = CARTESIAN_POINT('',(126.48169287544,-235.3018567496));
#5428 = CARTESIAN_POINT('',(126.08388945561,-230.1507890462));
#5429 = CARTESIAN_POINT('',(126.08388945556,-219.8285289998));
#5430 = CARTESIAN_POINT('',(126.48489389946,-214.6567736937));
#5431 = CARTESIAN_POINT('',(127.28698304755,-209.5242300245));
#5432 = CARTESIAN_POINT('',(128.48492003658,-204.4693974043));
#5433 = CARTESIAN_POINT('',(130.0690425551,-199.5299152611));
#5434 = CARTESIAN_POINT('',(133.97895619666,-189.956647737));
#5435 = CARTESIAN_POINT('',(136.30467361531,-185.3222181053));
#5436 = CARTESIAN_POINT('',(138.98672581546,-180.8756491123));
#5437 = CARTESIAN_POINT('',(142.00575781111,-176.6506132037));
#5438 = CARTESIAN_POINT('',(145.33863409528,-172.6783284528));
#5439 = CARTESIAN_POINT('',(148.95769557312,-168.987024263));
#5440 = ( GEOMETRIC_REPRESENTATION_CONTEXT(2) 
PARAMETRIC_REPRESENTATION_CONTEXT() REPRESENTATION_CONTEXT('2D SPACE',''
  ) );
#5441 = PCURVE('',#4737,#5442);
#5442 = DEFINITIONAL_REPRESENTATION('',(#5443),#5466);
#5443 = B_SPLINE_CURVE_WITH_KNOTS('',6,(#5444,#5445,#5446,#5447,#5448,
    #5449,#5450,#5451,#5452,#5453,#5454,#5455,#5456,#5457,#5458,#5459,
    #5460,#5461,#5462,#5463,#5464,#5465),.UNSPECIFIED.,.F.,.F.,(7,5,5,5,
    7),(0.,0.250951400359,0.49999999942,0.750048604653,1.),
  .UNSPECIFIED.);
#5444 = CARTESIAN_POINT('',(7.,0.515083054071));
#5445 = CARTESIAN_POINT('',(6.958153722868,0.515083054071));
#5446 = CARTESIAN_POINT('',(6.916311662465,0.515083054071));
#5447 = CARTESIAN_POINT('',(6.874478008971,0.515083054071));
#5448 = CARTESIAN_POINT('',(6.832649233014,0.515083054071));
#5449 = CARTESIAN_POINT('',(6.790821830278,0.515083054071));
#5450 = CARTESIAN_POINT('',(6.707495277468,0.515083054071));
#5451 = CARTESIAN_POINT('',(6.665991537402,0.515083054071));
#5452 = CARTESIAN_POINT('',(6.624492794172,0.515083054071));
#5453 = CARTESIAN_POINT('',(6.582995649148,0.515083054071));
#5454 = CARTESIAN_POINT('',(6.541496712102,0.515083054071));
#5455 = CARTESIAN_POINT('',(6.458336665928,0.515083054071));
#5456 = CARTESIAN_POINT('',(6.416671062268,0.515083054071));
#5457 = CARTESIAN_POINT('',(6.37500729295,0.515083054071));
#5458 = CARTESIAN_POINT('',(6.333341906154,0.515083054071));
#5459 = CARTESIAN_POINT('',(6.291671441417,0.515083054071));
#5460 = CARTESIAN_POINT('',(6.208344758937,0.515083054071));
#5461 = CARTESIAN_POINT('',(6.166684003793,0.515083054071));
#5462 = CARTESIAN_POINT('',(6.125021845277,0.515083054071));
#5463 = CARTESIAN_POINT('',(6.083354841408,0.515083054071));
#5464 = CARTESIAN_POINT('',(6.041679525695,0.515083054071));
#5465 = CARTESIAN_POINT('',(6.,0.515083054071));
#5466 = ( GEOMETRIC_REPRESENTATION_CONTEXT(2) 
PARAMETRIC_REPRESENTATION_CONTEXT() REPRESENTATION_CONTEXT('2D SPACE',''
  ) );
#5467 = ORIENTED_EDGE('',*,*,#4775,.F.);
#5468 = ADVANCED_FACE('',(#5469),#4737,.T.);
#5469 = FACE_BOUND('',#5470,.T.);
#5470 = EDGE_LOOP('',(#5471,#5494,#5495,#5496));
#5471 = ORIENTED_EDGE('',*,*,#5472,.F.);
#5472 = EDGE_CURVE('',#5322,#5473,#5475,.T.);
#5473 = VERTEX_POINT('',#5474);
#5474 = CARTESIAN_POINT('',(-1.52E+03,-49.49747466838,-91.92388153339));
#5475 = SURFACE_CURVE('',#5476,(#5480,#5487),.PCURVE_S1.);
#5476 = B_SPLINE_CURVE_WITH_KNOTS('',2,(#5477,#5478,#5479),
  .UNSPECIFIED.,.F.,.F.,(3,3),(0.,1.),.PIECEWISE_BEZIER_KNOTS.);
#5477 = CARTESIAN_POINT('',(-1.685E+03,-47.54759551034,-66.8073810382));
#5478 = CARTESIAN_POINT('',(-1.602477387266E+03,-63.45818747428,
    -71.95456647277));
#5479 = CARTESIAN_POINT('',(-1.52E+03,-49.49747466838,-91.92388153339));
#5480 = PCURVE('',#4737,#5481);
#5481 = DEFINITIONAL_REPRESENTATION('',(#5482),#5486);
#5482 = LINE('',#5483,#5484);
#5483 = CARTESIAN_POINT('',(6.,0.));
#5484 = VECTOR('',#5485,1.);
#5485 = DIRECTION('',(0.,1.));
#5486 = ( GEOMETRIC_REPRESENTATION_CONTEXT(2) 
PARAMETRIC_REPRESENTATION_CONTEXT() REPRESENTATION_CONTEXT('2D SPACE',''
  ) );
#5487 = PCURVE('',#5347,#5488);
#5488 = DEFINITIONAL_REPRESENTATION('',(#5489),#5493);
#5489 = LINE('',#5490,#5491);
#5490 = CARTESIAN_POINT('',(6.,0.));
#5491 = VECTOR('',#5492,1.);
#5492 = DIRECTION('',(0.,1.));
#5493 = ( GEOMETRIC_REPRESENTATION_CONTEXT(2) 
PARAMETRIC_REPRESENTATION_CONTEXT() REPRESENTATION_CONTEXT('2D SPACE',''
  ) );
#5494 = ORIENTED_EDGE('',*,*,#5390,.F.);
#5495 = ORIENTED_EDGE('',*,*,#4719,.T.);
#5496 = ORIENTED_EDGE('',*,*,#5497,.F.);
#5497 = EDGE_CURVE('',#5473,#4722,#5498,.T.);
#5498 = SURFACE_CURVE('',#5499,(#5510,#5517),.PCURVE_S1.);
#5499 = B_SPLINE_CURVE_WITH_KNOTS('',9,(#5500,#5501,#5502,#5503,#5504,
    #5505,#5506,#5507,#5508,#5509),.UNSPECIFIED.,.F.,.F.,(10,10),(6.,7.)
  ,.PIECEWISE_BEZIER_KNOTS.);
#5500 = CARTESIAN_POINT('',(-1.52E+03,-49.49747466838,-91.92388153339));
#5501 = CARTESIAN_POINT('',(-1.52E+03,-40.85853562196,-100.5628205798));
#5502 = CARTESIAN_POINT('',(-1.52E+03,-30.52334487368,-107.5055081719));
#5503 = CARTESIAN_POINT('',(-1.52E+03,-18.87254027902,-112.3713040809));
#5504 = CARTESIAN_POINT('',(-1.52E+03,-6.386411385532,-114.8792305444));
#5505 = CARTESIAN_POINT('',(-1.52E+03,6.386411414885,-114.8792305444));
#5506 = CARTESIAN_POINT('',(-1.52E+03,18.872540308381,-112.3713040809));
#5507 = CARTESIAN_POINT('',(-1.52E+03,30.52334490304,-107.5055081719));
#5508 = CARTESIAN_POINT('',(-1.52E+03,40.858535651316,-100.5628205798));
#5509 = CARTESIAN_POINT('',(-1.52E+03,49.497474700827,-91.92388153648));
#5510 = PCURVE('',#4737,#5511);
#5511 = DEFINITIONAL_REPRESENTATION('',(#5512),#5516);
#5512 = LINE('',#5513,#5514);
#5513 = CARTESIAN_POINT('',(0.,1.));
#5514 = VECTOR('',#5515,1.);
#5515 = DIRECTION('',(1.,0.));
#5516 = ( GEOMETRIC_REPRESENTATION_CONTEXT(2) 
PARAMETRIC_REPRESENTATION_CONTEXT() REPRESENTATION_CONTEXT('2D SPACE',''
  ) );
#5517 = PCURVE('',#5518,#5523);
#5518 = CYLINDRICAL_SURFACE('',#5519,70.);
#5519 = AXIS2_PLACEMENT_3D('',#5520,#5521,#5522);
#5520 = CARTESIAN_POINT('',(-1.52E+03,1.467657284593E-08,-42.42640685033
    ));
#5521 = DIRECTION('',(-1.,7.850462293419E-17,-7.850462293419E-17));
#5522 = DIRECTION('',(1.110223024625E-16,0.707106781187,-0.707106781187)
  );
#5523 = DEFINITIONAL_REPRESENTATION('',(#5524),#5527);
#5524 = B_SPLINE_CURVE_WITH_KNOTS('',1,(#5525,#5526),.UNSPECIFIED.,.F.,
  .F.,(2,2),(6.,7.),.PIECEWISE_BEZIER_KNOTS.);
#5525 = CARTESIAN_POINT('',(-4.712388980385,0.));
#5526 = CARTESIAN_POINT('',(-6.28318530718,0.));
#5527 = ( GEOMETRIC_REPRESENTATION_CONTEXT(2) 
PARAMETRIC_REPRESENTATION_CONTEXT() REPRESENTATION_CONTEXT('2D SPACE',''
  ) );
#5528 = ADVANCED_FACE('',(#5529),#4824,.F.);
#5529 = FACE_BOUND('',#5530,.F.);
#5530 = EDGE_LOOP('',(#5531,#5554,#5575,#5576));
#5531 = ORIENTED_EDGE('',*,*,#5532,.T.);
#5532 = EDGE_CURVE('',#4722,#5533,#5535,.T.);
#5533 = VERTEX_POINT('',#5534);
#5534 = CARTESIAN_POINT('',(-1.123333333333E+03,49.497474699281,
    -91.92388153493));
#5535 = SURFACE_CURVE('',#5536,(#5540,#5547),.PCURVE_S1.);
#5536 = LINE('',#5537,#5538);
#5537 = CARTESIAN_POINT('',(-1.52E+03,49.497474699281,-91.92388153493));
#5538 = VECTOR('',#5539,1.);
#5539 = DIRECTION('',(1.,0.,0.));
#5540 = PCURVE('',#4824,#5541);
#5541 = DEFINITIONAL_REPRESENTATION('',(#5542),#5546);
#5542 = LINE('',#5543,#5544);
#5543 = CARTESIAN_POINT('',(0.,0.));
#5544 = VECTOR('',#5545,1.);
#5545 = DIRECTION('',(0.,-1.));
#5546 = ( GEOMETRIC_REPRESENTATION_CONTEXT(2) 
PARAMETRIC_REPRESENTATION_CONTEXT() REPRESENTATION_CONTEXT('2D SPACE',''
  ) );
#5547 = PCURVE('',#5518,#5548);
#5548 = DEFINITIONAL_REPRESENTATION('',(#5549),#5553);
#5549 = LINE('',#5550,#5551);
#5550 = CARTESIAN_POINT('',(-6.28318530718,0.));
#5551 = VECTOR('',#5552,1.);
#5552 = DIRECTION('',(0.,-1.));
#5553 = ( GEOMETRIC_REPRESENTATION_CONTEXT(2) 
PARAMETRIC_REPRESENTATION_CONTEXT() REPRESENTATION_CONTEXT('2D SPACE',''
  ) );
#5554 = ORIENTED_EDGE('',*,*,#5555,.T.);
#5555 = EDGE_CURVE('',#5533,#4847,#5556,.T.);
#5556 = SURFACE_CURVE('',#5557,(#5561,#5568),.PCURVE_S1.);
#5557 = LINE('',#5558,#5559);
#5558 = CARTESIAN_POINT('',(-1.123333333333E+03,70.710678136423,
    -70.71067810088));
#5559 = VECTOR('',#5560,1.);
#5560 = DIRECTION('',(0.,0.707106781187,0.707106781187));
#5561 = PCURVE('',#4824,#5562);
#5562 = DEFINITIONAL_REPRESENTATION('',(#5563),#5567);
#5563 = LINE('',#5564,#5565);
#5564 = CARTESIAN_POINT('',(30.,-396.6666666666));
#5565 = VECTOR('',#5566,1.);
#5566 = DIRECTION('',(1.,0.));
#5567 = ( GEOMETRIC_REPRESENTATION_CONTEXT(2) 
PARAMETRIC_REPRESENTATION_CONTEXT() REPRESENTATION_CONTEXT('2D SPACE',''
  ) );
#5568 = PCURVE('',#4886,#5569);
#5569 = DEFINITIONAL_REPRESENTATION('',(#5570),#5574);
#5570 = LINE('',#5571,#5572);
#5571 = CARTESIAN_POINT('',(100.00000000834,1.147972484618E-08));
#5572 = VECTOR('',#5573,1.);
#5573 = DIRECTION('',(0.,1.));
#5574 = ( GEOMETRIC_REPRESENTATION_CONTEXT(2) 
PARAMETRIC_REPRESENTATION_CONTEXT() REPRESENTATION_CONTEXT('2D SPACE',''
  ) );
#5575 = ORIENTED_EDGE('',*,*,#4846,.F.);
#5576 = ORIENTED_EDGE('',*,*,#4803,.F.);
#5577 = ADVANCED_FACE('',(#5578),#4912,.T.);
#5578 = FACE_BOUND('',#5579,.T.);
#5579 = EDGE_LOOP('',(#5580,#5608,#5629,#5630));
#5580 = ORIENTED_EDGE('',*,*,#5581,.T.);
#5581 = EDGE_CURVE('',#4968,#5582,#5584,.T.);
#5582 = VERTEX_POINT('',#5583);
#5583 = CARTESIAN_POINT('',(-1.123333333333E+03,49.497474699281,
    91.923881570474));
#5584 = SURFACE_CURVE('',#5585,(#5589,#5596),.PCURVE_S1.);
#5585 = LINE('',#5586,#5587);
#5586 = CARTESIAN_POINT('',(-1.52E+03,49.497474699281,91.923881570474));
#5587 = VECTOR('',#5588,1.);
#5588 = DIRECTION('',(1.,0.,0.));
#5589 = PCURVE('',#4912,#5590);
#5590 = DEFINITIONAL_REPRESENTATION('',(#5591),#5595);
#5591 = LINE('',#5592,#5593);
#5592 = CARTESIAN_POINT('',(0.,0.));
#5593 = VECTOR('',#5594,1.);
#5594 = DIRECTION('',(1.110223024625E-16,-1.));
#5595 = ( GEOMETRIC_REPRESENTATION_CONTEXT(2) 
PARAMETRIC_REPRESENTATION_CONTEXT() REPRESENTATION_CONTEXT('2D SPACE',''
  ) );
#5596 = PCURVE('',#5597,#5602);
#5597 = CYLINDRICAL_SURFACE('',#5598,70.);
#5598 = AXIS2_PLACEMENT_3D('',#5599,#5600,#5601);
#5599 = CARTESIAN_POINT('',(-1.52E+03,1.467661192578E-08,42.426406885869
    ));
#5600 = DIRECTION('',(-1.,7.850462293419E-17,-7.850462293419E-17));
#5601 = DIRECTION('',(1.110223024625E-16,0.707106781187,-0.707106781187)
  );
#5602 = DEFINITIONAL_REPRESENTATION('',(#5603),#5607);
#5603 = LINE('',#5604,#5605);
#5604 = CARTESIAN_POINT('',(-1.570796326795,0.));
#5605 = VECTOR('',#5606,1.);
#5606 = DIRECTION('',(0.,-1.));
#5607 = ( GEOMETRIC_REPRESENTATION_CONTEXT(2) 
PARAMETRIC_REPRESENTATION_CONTEXT() REPRESENTATION_CONTEXT('2D SPACE',''
  ) );
#5608 = ORIENTED_EDGE('',*,*,#5609,.T.);
#5609 = EDGE_CURVE('',#5582,#4870,#5610,.T.);
#5610 = SURFACE_CURVE('',#5611,(#5615,#5622),.PCURVE_S1.);
#5611 = LINE('',#5612,#5613);
#5612 = CARTESIAN_POINT('',(-1.123333333333E+03,70.710678136423,
    70.710678136423));
#5613 = VECTOR('',#5614,1.);
#5614 = DIRECTION('',(1.110223024625E-16,0.707106781187,-0.707106781187)
  );
#5615 = PCURVE('',#4912,#5616);
#5616 = DEFINITIONAL_REPRESENTATION('',(#5617),#5621);
#5617 = LINE('',#5618,#5619);
#5618 = CARTESIAN_POINT('',(30.,-396.6666666666));
#5619 = VECTOR('',#5620,1.);
#5620 = DIRECTION('',(1.,0.));
#5621 = ( GEOMETRIC_REPRESENTATION_CONTEXT(2) 
PARAMETRIC_REPRESENTATION_CONTEXT() REPRESENTATION_CONTEXT('2D SPACE',''
  ) );
#5622 = PCURVE('',#4886,#5623);
#5623 = DEFINITIONAL_REPRESENTATION('',(#5624),#5628);
#5624 = LINE('',#5625,#5626);
#5625 = CARTESIAN_POINT('',(8.346426282815E-09,100.00000001148));
#5626 = VECTOR('',#5627,1.);
#5627 = DIRECTION('',(1.,0.));
#5628 = ( GEOMETRIC_REPRESENTATION_CONTEXT(2) 
PARAMETRIC_REPRESENTATION_CONTEXT() REPRESENTATION_CONTEXT('2D SPACE',''
  ) );
#5629 = ORIENTED_EDGE('',*,*,#4898,.F.);
#5630 = ORIENTED_EDGE('',*,*,#5021,.T.);
#5631 = ADVANCED_FACE('',(#5632),#4886,.T.);
#5632 = FACE_BOUND('',#5633,.T.);
#5633 = EDGE_LOOP('',(#5634,#5664,#5693,#5721,#5743,#5744,#5745,#5746));
#5634 = ORIENTED_EDGE('',*,*,#5635,.F.);
#5635 = EDGE_CURVE('',#5636,#5638,#5640,.T.);
#5636 = VERTEX_POINT('',#5637);
#5637 = CARTESIAN_POINT('',(-1.123333333333E+03,-91.92388157202,
    49.49747466529));
#5638 = VERTEX_POINT('',#5639);
#5639 = CARTESIAN_POINT('',(-1.123333333333E+03,-49.49747466838,
    91.923881568928));
#5640 = SURFACE_CURVE('',#5641,(#5645,#5652),.PCURVE_S1.);
#5641 = LINE('',#5642,#5643);
#5642 = CARTESIAN_POINT('',(-1.123333333333E+03,-70.71067810088,
    70.710678136423));
#5643 = VECTOR('',#5644,1.);
#5644 = DIRECTION('',(0.,0.707106781187,0.707106781187));
#5645 = PCURVE('',#4886,#5646);
#5646 = DEFINITIONAL_REPRESENTATION('',(#5647),#5651);
#5647 = LINE('',#5648,#5649);
#5648 = CARTESIAN_POINT('',(-99.99999999165,1.147972484618E-08));
#5649 = VECTOR('',#5650,1.);
#5650 = DIRECTION('',(0.,1.));
#5651 = ( GEOMETRIC_REPRESENTATION_CONTEXT(2) 
PARAMETRIC_REPRESENTATION_CONTEXT() REPRESENTATION_CONTEXT('2D SPACE',''
  ) );
#5652 = PCURVE('',#5653,#5658);
#5653 = PLANE('',#5654);
#5654 = AXIS2_PLACEMENT_3D('',#5655,#5656,#5657);
#5655 = CARTESIAN_POINT('',(-1.52E+03,-91.92388157202,49.49747466529));
#5656 = DIRECTION('',(0.,-0.707106781187,0.707106781187));
#5657 = DIRECTION('',(0.,0.707106781187,0.707106781187));
#5658 = DEFINITIONAL_REPRESENTATION('',(#5659),#5663);
#5659 = LINE('',#5660,#5661);
#5660 = CARTESIAN_POINT('',(30.000000050258,-396.6666666666));
#5661 = VECTOR('',#5662,1.);
#5662 = DIRECTION('',(1.,0.));
#5663 = ( GEOMETRIC_REPRESENTATION_CONTEXT(2) 
PARAMETRIC_REPRESENTATION_CONTEXT() REPRESENTATION_CONTEXT('2D SPACE',''
  ) );
#5664 = ORIENTED_EDGE('',*,*,#5665,.T.);
#5665 = EDGE_CURVE('',#5636,#5666,#5668,.T.);
#5666 = VERTEX_POINT('',#5667);
#5667 = CARTESIAN_POINT('',(-1.123333333333E+03,-91.92388155425,
    -49.49747468305));
#5668 = SURFACE_CURVE('',#5669,(#5674,#5681),.PCURVE_S1.);
#5669 = CIRCLE('',#5670,70.);
#5670 = AXIS2_PLACEMENT_3D('',#5671,#5672,#5673);
#5671 = CARTESIAN_POINT('',(-1.123333333333E+03,-42.42640688896,
    -1.77687455043E-08));
#5672 = DIRECTION('',(1.,-7.850462293419E-17,7.850462293419E-17));
#5673 = DIRECTION('',(1.110223024625E-16,0.707106781187,-0.707106781187)
  );
#5674 = PCURVE('',#4886,#5675);
#5675 = DEFINITIONAL_REPRESENTATION('',(#5676),#5680);
#5676 = CIRCLE('',#5677,70.);
#5677 = AXIS2_PLACEMENT_2D('',#5678,#5679);
#5678 = CARTESIAN_POINT('',(-29.99999999165,-30.00000003877));
#5679 = DIRECTION('',(1.,0.));
#5680 = ( GEOMETRIC_REPRESENTATION_CONTEXT(2) 
PARAMETRIC_REPRESENTATION_CONTEXT() REPRESENTATION_CONTEXT('2D SPACE',''
  ) );
#5681 = PCURVE('',#5682,#5687);
#5682 = CYLINDRICAL_SURFACE('',#5683,70.);
#5683 = AXIS2_PLACEMENT_3D('',#5684,#5685,#5686);
#5684 = CARTESIAN_POINT('',(-1.52E+03,-42.42640688896,
    -1.776874469783E-08));
#5685 = DIRECTION('',(-1.,7.850462293419E-17,-7.850462293419E-17));
#5686 = DIRECTION('',(1.110223024625E-16,0.707106781187,-0.707106781187)
  );
#5687 = DEFINITIONAL_REPRESENTATION('',(#5688),#5692);
#5688 = LINE('',#5689,#5690);
#5689 = CARTESIAN_POINT('',(0.,-396.6666666666));
#5690 = VECTOR('',#5691,1.);
#5691 = DIRECTION('',(-1.,0.));
#5692 = ( GEOMETRIC_REPRESENTATION_CONTEXT(2) 
PARAMETRIC_REPRESENTATION_CONTEXT() REPRESENTATION_CONTEXT('2D SPACE',''
  ) );
#5693 = ORIENTED_EDGE('',*,*,#5694,.T.);
#5694 = EDGE_CURVE('',#5666,#5695,#5697,.T.);
#5695 = VERTEX_POINT('',#5696);
#5696 = CARTESIAN_POINT('',(-1.123333333333E+03,-49.49747466838,
    -91.92388153339));
#5697 = SURFACE_CURVE('',#5698,(#5702,#5709),.PCURVE_S1.);
#5698 = LINE('',#5699,#5700);
#5699 = CARTESIAN_POINT('',(-1.123333333333E+03,-70.71067810088,
    -70.71067810088));
#5700 = VECTOR('',#5701,1.);
#5701 = DIRECTION('',(1.110223024625E-16,0.707106781187,-0.707106781187)
  );
#5702 = PCURVE('',#4886,#5703);
#5703 = DEFINITIONAL_REPRESENTATION('',(#5704),#5708);
#5704 = LINE('',#5705,#5706);
#5705 = CARTESIAN_POINT('',(8.346426282815E-09,-99.99999998852));
#5706 = VECTOR('',#5707,1.);
#5707 = DIRECTION('',(1.,0.));
#5708 = ( GEOMETRIC_REPRESENTATION_CONTEXT(2) 
PARAMETRIC_REPRESENTATION_CONTEXT() REPRESENTATION_CONTEXT('2D SPACE',''
  ) );
#5709 = PCURVE('',#5710,#5715);
#5710 = PLANE('',#5711);
#5711 = AXIS2_PLACEMENT_3D('',#5712,#5713,#5714);
#5712 = CARTESIAN_POINT('',(-1.52E+03,-91.92388153648,-49.49747466529));
#5713 = DIRECTION('',(0.,0.707106781187,0.707106781187));
#5714 = DIRECTION('',(1.110223024625E-16,0.707106781187,-0.707106781187)
  );
#5715 = DEFINITIONAL_REPRESENTATION('',(#5716),#5720);
#5716 = LINE('',#5717,#5718);
#5717 = CARTESIAN_POINT('',(30.,-396.6666666666));
#5718 = VECTOR('',#5719,1.);
#5719 = DIRECTION('',(1.,0.));
#5720 = ( GEOMETRIC_REPRESENTATION_CONTEXT(2) 
PARAMETRIC_REPRESENTATION_CONTEXT() REPRESENTATION_CONTEXT('2D SPACE',''
  ) );
#5721 = ORIENTED_EDGE('',*,*,#5722,.T.);
#5722 = EDGE_CURVE('',#5695,#5533,#5723,.T.);
#5723 = SURFACE_CURVE('',#5724,(#5729,#5736),.PCURVE_S1.);
#5724 = CIRCLE('',#5725,70.);
#5725 = AXIS2_PLACEMENT_3D('',#5726,#5727,#5728);
#5726 = CARTESIAN_POINT('',(-1.123333333333E+03,1.467657203946E-08,
    -42.42640685033));
#5727 = DIRECTION('',(1.,-7.850462293419E-17,7.850462293419E-17));
#5728 = DIRECTION('',(1.110223024625E-16,0.707106781187,-0.707106781187)
  );
#5729 = PCURVE('',#4886,#5730);
#5730 = DEFINITIONAL_REPRESENTATION('',(#5731),#5735);
#5731 = CIRCLE('',#5732,70.);
#5732 = AXIS2_PLACEMENT_2D('',#5733,#5734);
#5733 = CARTESIAN_POINT('',(30.000000003973,-29.99999998852));
#5734 = DIRECTION('',(1.,0.));
#5735 = ( GEOMETRIC_REPRESENTATION_CONTEXT(2) 
PARAMETRIC_REPRESENTATION_CONTEXT() REPRESENTATION_CONTEXT('2D SPACE',''
  ) );
#5736 = PCURVE('',#5518,#5737);
#5737 = DEFINITIONAL_REPRESENTATION('',(#5738),#5742);
#5738 = LINE('',#5739,#5740);
#5739 = CARTESIAN_POINT('',(0.,-396.6666666666));
#5740 = VECTOR('',#5741,1.);
#5741 = DIRECTION('',(-1.,0.));
#5742 = ( GEOMETRIC_REPRESENTATION_CONTEXT(2) 
PARAMETRIC_REPRESENTATION_CONTEXT() REPRESENTATION_CONTEXT('2D SPACE',''
  ) );
#5743 = ORIENTED_EDGE('',*,*,#5555,.T.);
#5744 = ORIENTED_EDGE('',*,*,#4869,.T.);
#5745 = ORIENTED_EDGE('',*,*,#5609,.F.);
#5746 = ORIENTED_EDGE('',*,*,#5747,.T.);
#5747 = EDGE_CURVE('',#5582,#5638,#5748,.T.);
#5748 = SURFACE_CURVE('',#5749,(#5754,#5761),.PCURVE_S1.);
#5749 = CIRCLE('',#5750,70.);
#5750 = AXIS2_PLACEMENT_3D('',#5751,#5752,#5753);
#5751 = CARTESIAN_POINT('',(-1.123333333333E+03,1.467661111931E-08,
    42.426406885869));
#5752 = DIRECTION('',(1.,-7.850462293419E-17,7.850462293419E-17));
#5753 = DIRECTION('',(1.110223024625E-16,0.707106781187,-0.707106781187)
  );
#5754 = PCURVE('',#4886,#5755);
#5755 = DEFINITIONAL_REPRESENTATION('',(#5756),#5760);
#5756 = CIRCLE('',#5757,70.);
#5757 = AXIS2_PLACEMENT_2D('',#5758,#5759);
#5758 = CARTESIAN_POINT('',(-29.99999999165,30.000000007107));
#5759 = DIRECTION('',(1.,0.));
#5760 = ( GEOMETRIC_REPRESENTATION_CONTEXT(2) 
PARAMETRIC_REPRESENTATION_CONTEXT() REPRESENTATION_CONTEXT('2D SPACE',''
  ) );
#5761 = PCURVE('',#5597,#5762);
#5762 = DEFINITIONAL_REPRESENTATION('',(#5763),#5767);
#5763 = LINE('',#5764,#5765);
#5764 = CARTESIAN_POINT('',(0.,-396.6666666666));
#5765 = VECTOR('',#5766,1.);
#5766 = DIRECTION('',(-1.,0.));
#5767 = ( GEOMETRIC_REPRESENTATION_CONTEXT(2) 
PARAMETRIC_REPRESENTATION_CONTEXT() REPRESENTATION_CONTEXT('2D SPACE',''
  ) );
#5768 = ADVANCED_FACE('',(#5769),#4983,.T.);
#5769 = FACE_BOUND('',#5770,.T.);
#5770 = EDGE_LOOP('',(#5771,#5772,#5773,#5796));
#5771 = ORIENTED_EDGE('',*,*,#4967,.F.);
#5772 = ORIENTED_EDGE('',*,*,#5061,.F.);
#5773 = ORIENTED_EDGE('',*,*,#5774,.T.);
#5774 = EDGE_CURVE('',#5062,#5775,#5777,.T.);
#5775 = VERTEX_POINT('',#5776);
#5776 = CARTESIAN_POINT('',(-1.52E+03,-49.49747466838,91.923881568928));
#5777 = SURFACE_CURVE('',#5778,(#5782,#5789),.PCURVE_S1.);
#5778 = B_SPLINE_CURVE_WITH_KNOTS('',2,(#5779,#5780,#5781),
  .UNSPECIFIED.,.F.,.F.,(3,3),(0.,1.),.PIECEWISE_BEZIER_KNOTS.);
#5779 = CARTESIAN_POINT('',(-1.685E+03,-47.54759550585,66.807381041406)
  );
#5780 = CARTESIAN_POINT('',(-1.602477387266E+03,-63.45818747574,
    71.954566577997));
#5781 = CARTESIAN_POINT('',(-1.52E+03,-49.49747466838,91.923881568928));
#5782 = PCURVE('',#4983,#5783);
#5783 = DEFINITIONAL_REPRESENTATION('',(#5784),#5788);
#5784 = LINE('',#5785,#5786);
#5785 = CARTESIAN_POINT('',(3.,0.));
#5786 = VECTOR('',#5787,1.);
#5787 = DIRECTION('',(0.,1.));
#5788 = ( GEOMETRIC_REPRESENTATION_CONTEXT(2) 
PARAMETRIC_REPRESENTATION_CONTEXT() REPRESENTATION_CONTEXT('2D SPACE',''
  ) );
#5789 = PCURVE('',#5167,#5790);
#5790 = DEFINITIONAL_REPRESENTATION('',(#5791),#5795);
#5791 = LINE('',#5792,#5793);
#5792 = CARTESIAN_POINT('',(3.,0.));
#5793 = VECTOR('',#5794,1.);
#5794 = DIRECTION('',(0.,1.));
#5795 = ( GEOMETRIC_REPRESENTATION_CONTEXT(2) 
PARAMETRIC_REPRESENTATION_CONTEXT() REPRESENTATION_CONTEXT('2D SPACE',''
  ) );
#5796 = ORIENTED_EDGE('',*,*,#5797,.F.);
#5797 = EDGE_CURVE('',#4968,#5775,#5798,.T.);
#5798 = SURFACE_CURVE('',#5799,(#5810,#5817),.PCURVE_S1.);
#5799 = B_SPLINE_CURVE_WITH_KNOTS('',9,(#5800,#5801,#5802,#5803,#5804,
    #5805,#5806,#5807,#5808,#5809),.UNSPECIFIED.,.F.,.F.,(10,10),(2.,3.)
  ,.PIECEWISE_BEZIER_KNOTS.);
#5800 = CARTESIAN_POINT('',(-1.52E+03,49.497474697735,91.923881568928));
#5801 = CARTESIAN_POINT('',(-1.52E+03,40.858535651315,100.56282061534));
#5802 = CARTESIAN_POINT('',(-1.52E+03,30.523344903041,107.5055082075));
#5803 = CARTESIAN_POINT('',(-1.52E+03,18.87254030838,112.37130411646));
#5804 = CARTESIAN_POINT('',(-1.52E+03,6.386411414884,114.87923057996));
#5805 = CARTESIAN_POINT('',(-1.52E+03,-6.386411385531,114.87923057996));
#5806 = CARTESIAN_POINT('',(-1.52E+03,-18.87254027902,112.37130411646));
#5807 = CARTESIAN_POINT('',(-1.52E+03,-30.52334487368,107.5055082075));
#5808 = CARTESIAN_POINT('',(-1.52E+03,-40.85853562196,100.56282061534));
#5809 = CARTESIAN_POINT('',(-1.52E+03,-49.49747466838,91.923881568928));
#5810 = PCURVE('',#4983,#5811);
#5811 = DEFINITIONAL_REPRESENTATION('',(#5812),#5816);
#5812 = LINE('',#5813,#5814);
#5813 = CARTESIAN_POINT('',(0.,1.));
#5814 = VECTOR('',#5815,1.);
#5815 = DIRECTION('',(1.,0.));
#5816 = ( GEOMETRIC_REPRESENTATION_CONTEXT(2) 
PARAMETRIC_REPRESENTATION_CONTEXT() REPRESENTATION_CONTEXT('2D SPACE',''
  ) );
#5817 = PCURVE('',#5597,#5818);
#5818 = DEFINITIONAL_REPRESENTATION('',(#5819),#5822);
#5819 = B_SPLINE_CURVE_WITH_KNOTS('',1,(#5820,#5821),.UNSPECIFIED.,.F.,
  .F.,(2,2),(2.,3.),.PIECEWISE_BEZIER_KNOTS.);
#5820 = CARTESIAN_POINT('',(-1.570796326795,0.));
#5821 = CARTESIAN_POINT('',(-3.14159265359,0.));
#5822 = ( GEOMETRIC_REPRESENTATION_CONTEXT(2) 
PARAMETRIC_REPRESENTATION_CONTEXT() REPRESENTATION_CONTEXT('2D SPACE',''
  ) );
#5823 = ADVANCED_FACE('',(#5824),#5347,.T.);
#5824 = FACE_BOUND('',#5825,.T.);
#5825 = EDGE_LOOP('',(#5826,#5849,#5850,#5851));
#5826 = ORIENTED_EDGE('',*,*,#5827,.F.);
#5827 = EDGE_CURVE('',#5211,#5828,#5830,.T.);
#5828 = VERTEX_POINT('',#5829);
#5829 = CARTESIAN_POINT('',(-1.52E+03,-91.92388155425,-49.49747468305));
#5830 = SURFACE_CURVE('',#5831,(#5835,#5842),.PCURVE_S1.);
#5831 = B_SPLINE_CURVE_WITH_KNOTS('',2,(#5832,#5833,#5834),
  .UNSPECIFIED.,.F.,.F.,(3,3),(0.,1.),.PIECEWISE_BEZIER_KNOTS.);
#5832 = CARTESIAN_POINT('',(-1.685E+03,-66.80738102628,-47.54759552709)
  );
#5833 = CARTESIAN_POINT('',(-1.602477387266E+03,-71.95456650263,
    -63.45818744285));
#5834 = CARTESIAN_POINT('',(-1.52E+03,-91.92388153648,-49.49747466529));
#5835 = PCURVE('',#5347,#5836);
#5836 = DEFINITIONAL_REPRESENTATION('',(#5837),#5841);
#5837 = LINE('',#5838,#5839);
#5838 = CARTESIAN_POINT('',(5.,0.));
#5839 = VECTOR('',#5840,1.);
#5840 = DIRECTION('',(0.,1.));
#5841 = ( GEOMETRIC_REPRESENTATION_CONTEXT(2) 
PARAMETRIC_REPRESENTATION_CONTEXT() REPRESENTATION_CONTEXT('2D SPACE',''
  ) );
#5842 = PCURVE('',#5264,#5843);
#5843 = DEFINITIONAL_REPRESENTATION('',(#5844),#5848);
#5844 = LINE('',#5845,#5846);
#5845 = CARTESIAN_POINT('',(5.,0.));
#5846 = VECTOR('',#5847,1.);
#5847 = DIRECTION('',(0.,1.));
#5848 = ( GEOMETRIC_REPRESENTATION_CONTEXT(2) 
PARAMETRIC_REPRESENTATION_CONTEXT() REPRESENTATION_CONTEXT('2D SPACE',''
  ) );
#5849 = ORIENTED_EDGE('',*,*,#5321,.F.);
#5850 = ORIENTED_EDGE('',*,*,#5472,.T.);
#5851 = ORIENTED_EDGE('',*,*,#5852,.F.);
#5852 = EDGE_CURVE('',#5828,#5473,#5853,.T.);
#5853 = SURFACE_CURVE('',#5854,(#5865,#5872),.PCURVE_S1.);
#5854 = B_SPLINE_CURVE_WITH_KNOTS('',9,(#5855,#5856,#5857,#5858,#5859,
    #5860,#5861,#5862,#5863,#5864),.UNSPECIFIED.,.F.,.F.,(10,10),(5.,6.)
  ,.PIECEWISE_BEZIER_KNOTS.);
#5855 = CARTESIAN_POINT('',(-1.52E+03,-91.92388153648,-49.49747466529));
#5856 = CARTESIAN_POINT('',(-1.52E+03,-87.20983632891,-54.21151987285));
#5857 = CARTESIAN_POINT('',(-1.52E+03,-82.49579112134,-58.92556508042));
#5858 = CARTESIAN_POINT('',(-1.52E+03,-77.78174591378,-63.63961028799));
#5859 = CARTESIAN_POINT('',(-1.52E+03,-73.06770070621,-68.35365549555));
#5860 = CARTESIAN_POINT('',(-1.52E+03,-68.35365549864,-73.06770070312));
#5861 = CARTESIAN_POINT('',(-1.52E+03,-63.63961029108,-77.78174591069));
#5862 = CARTESIAN_POINT('',(-1.52E+03,-58.92556508351,-82.49579111825));
#5863 = CARTESIAN_POINT('',(-1.52E+03,-54.21151987594,-87.20983632582));
#5864 = CARTESIAN_POINT('',(-1.52E+03,-49.49747466838,-91.92388153339));
#5865 = PCURVE('',#5347,#5866);
#5866 = DEFINITIONAL_REPRESENTATION('',(#5867),#5871);
#5867 = LINE('',#5868,#5869);
#5868 = CARTESIAN_POINT('',(0.,1.));
#5869 = VECTOR('',#5870,1.);
#5870 = DIRECTION('',(1.,0.));
#5871 = ( GEOMETRIC_REPRESENTATION_CONTEXT(2) 
PARAMETRIC_REPRESENTATION_CONTEXT() REPRESENTATION_CONTEXT('2D SPACE',''
  ) );
#5872 = PCURVE('',#5710,#5873);
#5873 = DEFINITIONAL_REPRESENTATION('',(#5874),#5885);
#5874 = B_SPLINE_CURVE_WITH_KNOTS('',9,(#5875,#5876,#5877,#5878,#5879,
    #5880,#5881,#5882,#5883,#5884),.UNSPECIFIED.,.F.,.F.,(10,10),(5.,6.)
  ,.PIECEWISE_BEZIER_KNOTS.);
#5875 = CARTESIAN_POINT('',(0.,0.));
#5876 = CARTESIAN_POINT('',(6.666666666181,0.));
#5877 = CARTESIAN_POINT('',(13.333333332362,0.));
#5878 = CARTESIAN_POINT('',(19.999999998542,0.));
#5879 = CARTESIAN_POINT('',(26.666666664723,0.));
#5880 = CARTESIAN_POINT('',(33.333333330904,0.));
#5881 = CARTESIAN_POINT('',(39.999999997085,0.));
#5882 = CARTESIAN_POINT('',(46.666666663265,0.));
#5883 = CARTESIAN_POINT('',(53.333333329446,0.));
#5884 = CARTESIAN_POINT('',(59.999999995627,0.));
#5885 = ( GEOMETRIC_REPRESENTATION_CONTEXT(2) 
PARAMETRIC_REPRESENTATION_CONTEXT() REPRESENTATION_CONTEXT('2D SPACE',''
  ) );
#5886 = ADVANCED_FACE('',(#5887),#5264,.T.);
#5887 = FACE_BOUND('',#5888,.T.);
#5888 = EDGE_LOOP('',(#5889,#5912,#5913,#5914));
#5889 = ORIENTED_EDGE('',*,*,#5890,.F.);
#5890 = EDGE_CURVE('',#5142,#5891,#5893,.T.);
#5891 = VERTEX_POINT('',#5892);
#5892 = CARTESIAN_POINT('',(-1.52E+03,-91.92388157202,49.49747466529));
#5893 = SURFACE_CURVE('',#5894,(#5898,#5905),.PCURVE_S1.);
#5894 = B_SPLINE_CURVE_WITH_KNOTS('',2,(#5895,#5896,#5897),
  .UNSPECIFIED.,.F.,.F.,(3,3),(0.,1.),.PIECEWISE_BEZIER_KNOTS.);
#5895 = CARTESIAN_POINT('',(-1.685E+03,-66.8073810694,47.547595466517));
#5896 = CARTESIAN_POINT('',(-1.602477387266E+03,-71.95456659488,
    63.458187462543));
#5897 = CARTESIAN_POINT('',(-1.52E+03,-91.92388157202,49.49747466529));
#5898 = PCURVE('',#5264,#5899);
#5899 = DEFINITIONAL_REPRESENTATION('',(#5900),#5904);
#5900 = LINE('',#5901,#5902);
#5901 = CARTESIAN_POINT('',(4.,0.));
#5902 = VECTOR('',#5903,1.);
#5903 = DIRECTION('',(0.,1.));
#5904 = ( GEOMETRIC_REPRESENTATION_CONTEXT(2) 
PARAMETRIC_REPRESENTATION_CONTEXT() REPRESENTATION_CONTEXT('2D SPACE',''
  ) );
#5905 = PCURVE('',#5167,#5906);
#5906 = DEFINITIONAL_REPRESENTATION('',(#5907),#5911);
#5907 = LINE('',#5908,#5909);
#5908 = CARTESIAN_POINT('',(4.,0.));
#5909 = VECTOR('',#5910,1.);
#5910 = DIRECTION('',(0.,1.));
#5911 = ( GEOMETRIC_REPRESENTATION_CONTEXT(2) 
PARAMETRIC_REPRESENTATION_CONTEXT() REPRESENTATION_CONTEXT('2D SPACE',''
  ) );
#5912 = ORIENTED_EDGE('',*,*,#5210,.F.);
#5913 = ORIENTED_EDGE('',*,*,#5827,.T.);
#5914 = ORIENTED_EDGE('',*,*,#5915,.F.);
#5915 = EDGE_CURVE('',#5891,#5828,#5916,.T.);
#5916 = SURFACE_CURVE('',#5917,(#5928,#5935),.PCURVE_S1.);
#5917 = B_SPLINE_CURVE_WITH_KNOTS('',9,(#5918,#5919,#5920,#5921,#5922,
    #5923,#5924,#5925,#5926,#5927),.UNSPECIFIED.,.F.,.F.,(10,10),(4.,5.)
  ,.PIECEWISE_BEZIER_KNOTS.);
#5918 = CARTESIAN_POINT('',(-1.52E+03,-91.92388157202,49.49747466529));
#5919 = CARTESIAN_POINT('',(-1.52E+03,-100.5628206184,40.85853561887));
#5920 = CARTESIAN_POINT('',(-1.52E+03,-107.5055082106,30.523344870595));
#5921 = CARTESIAN_POINT('',(-1.52E+03,-112.3713041195,18.872540275937));
#5922 = CARTESIAN_POINT('',(-1.52E+03,-114.879230583,6.386411382436));
#5923 = CARTESIAN_POINT('',(-1.52E+03,-114.879230583,-6.386411417974));
#5924 = CARTESIAN_POINT('',(-1.52E+03,-112.3713041195,-18.87254031147));
#5925 = CARTESIAN_POINT('',(-1.52E+03,-107.5055082105,-30.52334490613));
#5926 = CARTESIAN_POINT('',(-1.52E+03,-100.5628206184,-40.8585356544));
#5927 = CARTESIAN_POINT('',(-1.52E+03,-91.92388153648,-49.49747466529));
#5928 = PCURVE('',#5264,#5929);
#5929 = DEFINITIONAL_REPRESENTATION('',(#5930),#5934);
#5930 = LINE('',#5931,#5932);
#5931 = CARTESIAN_POINT('',(0.,1.));
#5932 = VECTOR('',#5933,1.);
#5933 = DIRECTION('',(1.,0.));
#5934 = ( GEOMETRIC_REPRESENTATION_CONTEXT(2) 
PARAMETRIC_REPRESENTATION_CONTEXT() REPRESENTATION_CONTEXT('2D SPACE',''
  ) );
#5935 = PCURVE('',#5682,#5936);
#5936 = DEFINITIONAL_REPRESENTATION('',(#5937),#5940);
#5937 = B_SPLINE_CURVE_WITH_KNOTS('',1,(#5938,#5939),.UNSPECIFIED.,.F.,
  .F.,(2,2),(4.,5.),.PIECEWISE_BEZIER_KNOTS.);
#5938 = CARTESIAN_POINT('',(-3.14159265359,0.));
#5939 = CARTESIAN_POINT('',(-4.712388980385,0.));
#5940 = ( GEOMETRIC_REPRESENTATION_CONTEXT(2) 
PARAMETRIC_REPRESENTATION_CONTEXT() REPRESENTATION_CONTEXT('2D SPACE',''
  ) );
#5941 = ADVANCED_FACE('',(#5942),#5167,.T.);
#5942 = FACE_BOUND('',#5943,.T.);
#5943 = EDGE_LOOP('',(#5944,#5945,#5946,#5947));
#5944 = ORIENTED_EDGE('',*,*,#5774,.F.);
#5945 = ORIENTED_EDGE('',*,*,#5141,.F.);
#5946 = ORIENTED_EDGE('',*,*,#5890,.T.);
#5947 = ORIENTED_EDGE('',*,*,#5948,.F.);
#5948 = EDGE_CURVE('',#5775,#5891,#5949,.T.);
#5949 = SURFACE_CURVE('',#5950,(#5961,#5968),.PCURVE_S1.);
#5950 = B_SPLINE_CURVE_WITH_KNOTS('',9,(#5951,#5952,#5953,#5954,#5955,
    #5956,#5957,#5958,#5959,#5960),.UNSPECIFIED.,.F.,.F.,(10,10),(3.,4.)
  ,.PIECEWISE_BEZIER_KNOTS.);
#5951 = CARTESIAN_POINT('',(-1.52E+03,-49.49747466838,91.923881568928));
#5952 = CARTESIAN_POINT('',(-1.52E+03,-54.21151987989,87.209836357412));
#5953 = CARTESIAN_POINT('',(-1.52E+03,-58.92556509141,82.495791145897));
#5954 = CARTESIAN_POINT('',(-1.52E+03,-63.63961030292,77.781745934382));
#5955 = CARTESIAN_POINT('',(-1.52E+03,-68.35365551444,73.067700722866));
#5956 = CARTESIAN_POINT('',(-1.52E+03,-73.06770072595,68.353655511351));
#5957 = CARTESIAN_POINT('',(-1.52E+03,-77.78174593747,63.639610299836));
#5958 = CARTESIAN_POINT('',(-1.52E+03,-82.49579114898,58.92556508832));
#5959 = CARTESIAN_POINT('',(-1.52E+03,-87.2098363605,54.211519876805));
#5960 = CARTESIAN_POINT('',(-1.52E+03,-91.92388157202,49.49747466529));
#5961 = PCURVE('',#5167,#5962);
#5962 = DEFINITIONAL_REPRESENTATION('',(#5963),#5967);
#5963 = LINE('',#5964,#5965);
#5964 = CARTESIAN_POINT('',(0.,1.));
#5965 = VECTOR('',#5966,1.);
#5966 = DIRECTION('',(1.,0.));
#5967 = ( GEOMETRIC_REPRESENTATION_CONTEXT(2) 
PARAMETRIC_REPRESENTATION_CONTEXT() REPRESENTATION_CONTEXT('2D SPACE',''
  ) );
#5968 = PCURVE('',#5653,#5969);
#5969 = DEFINITIONAL_REPRESENTATION('',(#5970),#5981);
#5970 = B_SPLINE_CURVE_WITH_KNOTS('',9,(#5971,#5972,#5973,#5974,#5975,
    #5976,#5977,#5978,#5979,#5980),.UNSPECIFIED.,.F.,.F.,(10,10),(3.,4.)
  ,.PIECEWISE_BEZIER_KNOTS.);
#5971 = CARTESIAN_POINT('',(60.000000045885,0.));
#5972 = CARTESIAN_POINT('',(53.33333337412,0.));
#5973 = CARTESIAN_POINT('',(46.666666702355,0.));
#5974 = CARTESIAN_POINT('',(40.00000003059,0.));
#5975 = CARTESIAN_POINT('',(33.333333358825,0.));
#5976 = CARTESIAN_POINT('',(26.66666668706,0.));
#5977 = CARTESIAN_POINT('',(20.000000015295,0.));
#5978 = CARTESIAN_POINT('',(13.33333334353,0.));
#5979 = CARTESIAN_POINT('',(6.666666671765,0.));
#5980 = CARTESIAN_POINT('',(-1.7763568394E-14,0.));
#5981 = ( GEOMETRIC_REPRESENTATION_CONTEXT(2) 
PARAMETRIC_REPRESENTATION_CONTEXT() REPRESENTATION_CONTEXT('2D SPACE',''
  ) );
#5982 = ADVANCED_FACE('',(#5983),#5518,.T.);
#5983 = FACE_BOUND('',#5984,.F.);
#5984 = EDGE_LOOP('',(#5985,#6006,#6007,#6008));
#5985 = ORIENTED_EDGE('',*,*,#5986,.T.);
#5986 = EDGE_CURVE('',#5473,#5695,#5987,.T.);
#5987 = SURFACE_CURVE('',#5988,(#5992,#5999),.PCURVE_S1.);
#5988 = LINE('',#5989,#5990);
#5989 = CARTESIAN_POINT('',(-1.52E+03,-49.49747466838,-91.92388153339));
#5990 = VECTOR('',#5991,1.);
#5991 = DIRECTION('',(1.,0.,0.));
#5992 = PCURVE('',#5518,#5993);
#5993 = DEFINITIONAL_REPRESENTATION('',(#5994),#5998);
#5994 = LINE('',#5995,#5996);
#5995 = CARTESIAN_POINT('',(-4.712388980385,0.));
#5996 = VECTOR('',#5997,1.);
#5997 = DIRECTION('',(0.,-1.));
#5998 = ( GEOMETRIC_REPRESENTATION_CONTEXT(2) 
PARAMETRIC_REPRESENTATION_CONTEXT() REPRESENTATION_CONTEXT('2D SPACE',''
  ) );
#5999 = PCURVE('',#5710,#6000);
#6000 = DEFINITIONAL_REPRESENTATION('',(#6001),#6005);
#6001 = LINE('',#6002,#6003);
#6002 = CARTESIAN_POINT('',(59.999999995627,6.661338147265E-15));
#6003 = VECTOR('',#6004,1.);
#6004 = DIRECTION('',(1.110223024625E-16,-1.));
#6005 = ( GEOMETRIC_REPRESENTATION_CONTEXT(2) 
PARAMETRIC_REPRESENTATION_CONTEXT() REPRESENTATION_CONTEXT('2D SPACE',''
  ) );
#6006 = ORIENTED_EDGE('',*,*,#5722,.T.);
#6007 = ORIENTED_EDGE('',*,*,#5532,.F.);
#6008 = ORIENTED_EDGE('',*,*,#5497,.F.);
#6009 = ADVANCED_FACE('',(#6010),#5597,.T.);
#6010 = FACE_BOUND('',#6011,.F.);
#6011 = EDGE_LOOP('',(#6012,#6013,#6014,#6035));
#6012 = ORIENTED_EDGE('',*,*,#5581,.T.);
#6013 = ORIENTED_EDGE('',*,*,#5747,.T.);
#6014 = ORIENTED_EDGE('',*,*,#6015,.F.);
#6015 = EDGE_CURVE('',#5775,#5638,#6016,.T.);
#6016 = SURFACE_CURVE('',#6017,(#6021,#6028),.PCURVE_S1.);
#6017 = LINE('',#6018,#6019);
#6018 = CARTESIAN_POINT('',(-1.52E+03,-49.49747466838,91.923881568928));
#6019 = VECTOR('',#6020,1.);
#6020 = DIRECTION('',(1.,0.,0.));
#6021 = PCURVE('',#5597,#6022);
#6022 = DEFINITIONAL_REPRESENTATION('',(#6023),#6027);
#6023 = LINE('',#6024,#6025);
#6024 = CARTESIAN_POINT('',(-3.14159265359,0.));
#6025 = VECTOR('',#6026,1.);
#6026 = DIRECTION('',(0.,-1.));
#6027 = ( GEOMETRIC_REPRESENTATION_CONTEXT(2) 
PARAMETRIC_REPRESENTATION_CONTEXT() REPRESENTATION_CONTEXT('2D SPACE',''
  ) );
#6028 = PCURVE('',#5653,#6029);
#6029 = DEFINITIONAL_REPRESENTATION('',(#6030),#6034);
#6030 = LINE('',#6031,#6032);
#6031 = CARTESIAN_POINT('',(60.000000045885,0.));
#6032 = VECTOR('',#6033,1.);
#6033 = DIRECTION('',(0.,-1.));
#6034 = ( GEOMETRIC_REPRESENTATION_CONTEXT(2) 
PARAMETRIC_REPRESENTATION_CONTEXT() REPRESENTATION_CONTEXT('2D SPACE',''
  ) );
#6035 = ORIENTED_EDGE('',*,*,#5797,.F.);
#6036 = ADVANCED_FACE('',(#6037),#5653,.T.);
#6037 = FACE_BOUND('',#6038,.T.);
#6038 = EDGE_LOOP('',(#6039,#6060,#6061,#6062));
#6039 = ORIENTED_EDGE('',*,*,#6040,.T.);
#6040 = EDGE_CURVE('',#5891,#5636,#6041,.T.);
#6041 = SURFACE_CURVE('',#6042,(#6046,#6053),.PCURVE_S1.);
#6042 = LINE('',#6043,#6044);
#6043 = CARTESIAN_POINT('',(-1.52E+03,-91.92388157202,49.49747466529));
#6044 = VECTOR('',#6045,1.);
#6045 = DIRECTION('',(1.,0.,0.));
#6046 = PCURVE('',#5653,#6047);
#6047 = DEFINITIONAL_REPRESENTATION('',(#6048),#6052);
#6048 = LINE('',#6049,#6050);
#6049 = CARTESIAN_POINT('',(-3.552713678801E-15,0.));
#6050 = VECTOR('',#6051,1.);
#6051 = DIRECTION('',(0.,-1.));
#6052 = ( GEOMETRIC_REPRESENTATION_CONTEXT(2) 
PARAMETRIC_REPRESENTATION_CONTEXT() REPRESENTATION_CONTEXT('2D SPACE',''
  ) );
#6053 = PCURVE('',#5682,#6054);
#6054 = DEFINITIONAL_REPRESENTATION('',(#6055),#6059);
#6055 = LINE('',#6056,#6057);
#6056 = CARTESIAN_POINT('',(-3.14159265359,0.));
#6057 = VECTOR('',#6058,1.);
#6058 = DIRECTION('',(0.,-1.));
#6059 = ( GEOMETRIC_REPRESENTATION_CONTEXT(2) 
PARAMETRIC_REPRESENTATION_CONTEXT() REPRESENTATION_CONTEXT('2D SPACE',''
  ) );
#6060 = ORIENTED_EDGE('',*,*,#5635,.T.);
#6061 = ORIENTED_EDGE('',*,*,#6015,.F.);
#6062 = ORIENTED_EDGE('',*,*,#5948,.T.);
#6063 = ADVANCED_FACE('',(#6064),#5682,.T.);
#6064 = FACE_BOUND('',#6065,.F.);
#6065 = EDGE_LOOP('',(#6066,#6067,#6068,#6089));
#6066 = ORIENTED_EDGE('',*,*,#6040,.T.);
#6067 = ORIENTED_EDGE('',*,*,#5665,.T.);
#6068 = ORIENTED_EDGE('',*,*,#6069,.F.);
#6069 = EDGE_CURVE('',#5828,#5666,#6070,.T.);
#6070 = SURFACE_CURVE('',#6071,(#6075,#6082),.PCURVE_S1.);
#6071 = LINE('',#6072,#6073);
#6072 = CARTESIAN_POINT('',(-1.52E+03,-91.92388155425,-49.49747468305));
#6073 = VECTOR('',#6074,1.);
#6074 = DIRECTION('',(1.,0.,0.));
#6075 = PCURVE('',#5682,#6076);
#6076 = DEFINITIONAL_REPRESENTATION('',(#6077),#6081);
#6077 = LINE('',#6078,#6079);
#6078 = CARTESIAN_POINT('',(-4.712388980385,0.));
#6079 = VECTOR('',#6080,1.);
#6080 = DIRECTION('',(0.,-1.));
#6081 = ( GEOMETRIC_REPRESENTATION_CONTEXT(2) 
PARAMETRIC_REPRESENTATION_CONTEXT() REPRESENTATION_CONTEXT('2D SPACE',''
  ) );
#6082 = PCURVE('',#5710,#6083);
#6083 = DEFINITIONAL_REPRESENTATION('',(#6084),#6088);
#6084 = LINE('',#6085,#6086);
#6085 = CARTESIAN_POINT('',(0.,0.));
#6086 = VECTOR('',#6087,1.);
#6087 = DIRECTION('',(1.110223024625E-16,-1.));
#6088 = ( GEOMETRIC_REPRESENTATION_CONTEXT(2) 
PARAMETRIC_REPRESENTATION_CONTEXT() REPRESENTATION_CONTEXT('2D SPACE',''
  ) );
#6089 = ORIENTED_EDGE('',*,*,#5915,.F.);
#6090 = ADVANCED_FACE('',(#6091),#5710,.F.);
#6091 = FACE_BOUND('',#6092,.F.);
#6092 = EDGE_LOOP('',(#6093,#6094,#6095,#6096));
#6093 = ORIENTED_EDGE('',*,*,#6069,.T.);
#6094 = ORIENTED_EDGE('',*,*,#5694,.T.);
#6095 = ORIENTED_EDGE('',*,*,#5986,.F.);
#6096 = ORIENTED_EDGE('',*,*,#5852,.F.);
#6097 = ( GEOMETRIC_REPRESENTATION_CONTEXT(3) 
GLOBAL_UNCERTAINTY_ASSIGNED_CONTEXT((#6101)) 
GLOBAL_UNIT_ASSIGNED_CONTEXT((#6098,#6099,#6100)) REPRESENTATION_CONTEXT
('Context #1','3D Context with UNIT and UNCERTAINTY') );
#6098 = ( LENGTH_UNIT() NAMED_UNIT(*) SI_UNIT(.MILLI.,.METRE.) );
#6099 = ( NAMED_UNIT(*) PLANE_ANGLE_UNIT() SI_UNIT($,.RADIAN.) );
#6100 = ( NAMED_UNIT(*) SI_UNIT($,.STERADIAN.) SOLID_ANGLE_UNIT() );
#6101 = UNCERTAINTY_MEASURE_WITH_UNIT(LENGTH_MEASURE(1.E-06),#6098,
  'distance_accuracy_value','confusion accuracy');
#6102 = CONTEXT_DEPENDENT_SHAPE_REPRESENTATION(#6103,#6105);
#6103 = ( REPRESENTATION_RELATIONSHIP('','',#4427,#10) 
REPRESENTATION_RELATIONSHIP_WITH_TRANSFORMATION(#6104) 
SHAPE_REPRESENTATION_RELATIONSHIP() );
#6104 = ITEM_DEFINED_TRANSFORMATION('','',#11,#27);
#6105 = PRODUCT_DEFINITION_SHAPE('Placement','Placement of an item',
  #6106);
#6106 = NEXT_ASSEMBLY_USAGE_OCCURRENCE('4','booster_body','',#5,#4422,$
  );
#6107 = PRODUCT_RELATED_PRODUCT_CATEGORY('part',$,(#4424));
#6108 = SHAPE_DEFINITION_REPRESENTATION(#3528,#6109);
#6109 = SHAPE_REPRESENTATION('',(#15),#3520);
#6110 = SHAPE_DEFINITION_REPRESENTATION(#4076,#6111);
#6111 = SHAPE_REPRESENTATION('',(#19),#4068);
#6112 = SHAPE_DEFINITION_REPRESENTATION(#4417,#6113);
#6113 = SHAPE_REPRESENTATION('',(#23),#4409);
#6114 = SHAPE_DEFINITION_REPRESENTATION(#6105,#6115);
#6115 = SHAPE_REPRESENTATION('',(#27),#6097);
#6116 = SHAPE_DEFINITION_REPRESENTATION(#3528,#6117);
#6117 = SHAPE_REPRESENTATION('',(#15),#3520);
#6118 = SHAPE_DEFINITION_REPRESENTATION(#4076,#6119);
#6119 = SHAPE_REPRESENTATION('',(#19),#4068);
#6120 = SHAPE_DEFINITION_REPRESENTATION(#4417,#6121);
#6121 = SHAPE_REPRESENTATION('',(#23),#4409);
#6122 = SHAPE_DEFINITION_REPRESENTATION(#6105,#6123);
#6123 = SHAPE_REPRESENTATION('',(#27),#6097);
#6124 = MECHANICAL_DESIGN_GEOMETRIC_PRESENTATION_REPRESENTATION('',(
    #6125,#6133),#3520);
#6125 = STYLED_ITEM('color',(#6126),#45);
#6126 = PRESENTATION_STYLE_ASSIGNMENT((#6127));
#6127 = SURFACE_STYLE_USAGE(.BOTH.,#6128);
#6128 = SURFACE_SIDE_STYLE('',(#6129));
#6129 = SURFACE_STYLE_FILL_AREA(#6130);
#6130 = FILL_AREA_STYLE('',(#6131));
#6131 = FILL_AREA_STYLE_COLOUR('',#6132);
#6132 = COLOUR_RGB('',0.709803916149,0.741176438013,0.764705913506);
#6133 = OVER_RIDING_STYLED_ITEM('overriding color',(#6134),#45,#6125);
#6134 = PRESENTATION_STYLE_BY_CONTEXT((#6135),#6117);
#6135 = SURFACE_STYLE_USAGE(.BOTH.,#6136);
#6136 = SURFACE_SIDE_STYLE('',(#6137));
#6137 = SURFACE_STYLE_FILL_AREA(#6138);
#6138 = FILL_AREA_STYLE('',(#6139));
#6139 = FILL_AREA_STYLE_COLOUR('',#6140);
#6140 = COLOUR_RGB('',0.709803916149,0.741176438013,0.764705913506);
#6141 = MECHANICAL_DESIGN_GEOMETRIC_PRESENTATION_REPRESENTATION('',(
    #6142,#6149),#4068);
#6142 = STYLED_ITEM('color',(#6143),#3539);
#6143 = PRESENTATION_STYLE_ASSIGNMENT((#6144));
#6144 = SURFACE_STYLE_USAGE(.BOTH.,#6145);
#6145 = SURFACE_SIDE_STYLE('',(#6146));
#6146 = SURFACE_STYLE_FILL_AREA(#6147);
#6147 = FILL_AREA_STYLE('',(#6148));
#6148 = FILL_AREA_STYLE_COLOUR('',#6132);
#6149 = OVER_RIDING_STYLED_ITEM('overriding color',(#6150),#3539,#6142);
#6150 = PRESENTATION_STYLE_BY_CONTEXT((#6151),#6119);
#6151 = SURFACE_STYLE_USAGE(.BOTH.,#6152);
#6152 = SURFACE_SIDE_STYLE('',(#6153));
#6153 = SURFACE_STYLE_FILL_AREA(#6154);
#6154 = FILL_AREA_STYLE('',(#6155));
#6155 = FILL_AREA_STYLE_COLOUR('',#6140);
#6156 = MECHANICAL_DESIGN_GEOMETRIC_PRESENTATION_REPRESENTATION('',(
    #6157,#6165),#4409);
#6157 = STYLED_ITEM('color',(#6158),#4087);
#6158 = PRESENTATION_STYLE_ASSIGNMENT((#6159));
#6159 = SURFACE_STYLE_USAGE(.BOTH.,#6160);
#6160 = SURFACE_SIDE_STYLE('',(#6161));
#6161 = SURFACE_STYLE_FILL_AREA(#6162);
#6162 = FILL_AREA_STYLE('',(#6163));
#6163 = FILL_AREA_STYLE_COLOUR('',#6164);
#6164 = COLOUR_RGB('',0.572548991317,0.615686259837,0.647058804528);
#6165 = OVER_RIDING_STYLED_ITEM('overriding color',(#6166),#4087,#6157);
#6166 = PRESENTATION_STYLE_BY_CONTEXT((#6167),#6121);
#6167 = SURFACE_STYLE_USAGE(.BOTH.,#6168);
#6168 = SURFACE_SIDE_STYLE('',(#6169));
#6169 = SURFACE_STYLE_FILL_AREA(#6170);
#6170 = FILL_AREA_STYLE('',(#6171));
#6171 = FILL_AREA_STYLE_COLOUR('',#6172);
#6172 = COLOUR_RGB('',0.572548991317,0.615686259837,0.647058804528);
#6173 = MECHANICAL_DESIGN_GEOMETRIC_PRESENTATION_REPRESENTATION('',(
    #6174,#6182),#6097);
#6174 = STYLED_ITEM('color',(#6175),#4428);
#6175 = PRESENTATION_STYLE_ASSIGNMENT((#6176));
#6176 = SURFACE_STYLE_USAGE(.BOTH.,#6177);
#6177 = SURFACE_SIDE_STYLE('',(#6178));
#6178 = SURFACE_STYLE_FILL_AREA(#6179);
#6179 = FILL_AREA_STYLE('',(#6180));
#6180 = FILL_AREA_STYLE_COLOUR('',#6181);
#6181 = COLOUR_RGB('',0.654901934349,0.690196042995,0.717647071237);
#6182 = OVER_RIDING_STYLED_ITEM('overriding color',(#6183),#4428,#6174);
#6183 = PRESENTATION_STYLE_BY_CONTEXT((#6184),#6123);
#6184 = SURFACE_STYLE_USAGE(.BOTH.,#6185);
#6185 = SURFACE_SIDE_STYLE('',(#6186));
#6186 = SURFACE_STYLE_FILL_AREA(#6187);
#6187 = FILL_AREA_STYLE('',(#6188));
#6188 = FILL_AREA_STYLE_COLOUR('',#6189);
#6189 = COLOUR_RGB('',0.654901934349,0.690196042995,0.717647071237);
ENDSEC;
END-ISO-10303-21;
