ISO-10303-21;
HEADER;
FILE_DESCRIPTION(('Open CASCADE Model'),'2;1');
FILE_NAME('Selected_Intake_Prototype_Separated','2000-01-01T00:00:00',(
    'Author'),('Open CASCADE'),'Open CASCADE STEP processor 7.9',
  'cadgen','Unknown');
FILE_SCHEMA(('AUTOMOTIVE_DESIGN { 1 0 10303 214 1 1 1 1 }'));
ENDSEC;
DATA;
#1 = APPLICATION_PROTOCOL_DEFINITION('international standard',
  'automotive_design',2000,#2);
#2 = APPLICATION_CONTEXT(
  'core data for automotive mechanical design processes');
#3 = SHAPE_DEFINITION_REPRESENTATION(#4,#10);
#4 = PRODUCT_DEFINITION_SHAPE('','',#5);
#5 = PRODUCT_DEFINITION('design','',#6,#9);
#6 = PRODUCT_DEFINITION_FORMATION('','',#7);
#7 = PRODUCT('Selected_Intake_Prototype_Separated',
  'Selected_Intake_Prototype_Separated','',(#8));
#8 = PRODUCT_CONTEXT('',#2,'mechanical');
#9 = PRODUCT_DEFINITION_CONTEXT('part definition',#2,'design');
#10 = SHAPE_REPRESENTATION('',(#11,#15,#19,#23,#27,#31,#35,#39,#43,#47,
    #51,#55),#59);
#11 = AXIS2_PLACEMENT_3D('',#12,#13,#14);
#12 = CARTESIAN_POINT('',(0.,0.,0.));
#13 = DIRECTION('',(0.,0.,1.));
#14 = DIRECTION('',(1.,0.,-0.));
#15 = AXIS2_PLACEMENT_3D('',#16,#17,#18);
#16 = CARTESIAN_POINT('',(0.,0.,0.));
#17 = DIRECTION('',(0.,0.,1.));
#18 = DIRECTION('',(1.,0.,0.));
#19 = AXIS2_PLACEMENT_3D('',#20,#21,#22);
#20 = CARTESIAN_POINT('',(0.,0.,0.));
#21 = DIRECTION('',(0.,0.,1.));
#22 = DIRECTION('',(1.,0.,0.));
#23 = AXIS2_PLACEMENT_3D('',#24,#25,#26);
#24 = CARTESIAN_POINT('',(0.,0.,0.));
#25 = DIRECTION('',(-0.,0.707106781187,0.707106781187));
#26 = DIRECTION('',(1.,0.,0.));
#27 = AXIS2_PLACEMENT_3D('',#28,#29,#30);
#28 = CARTESIAN_POINT('',(0.,0.,0.));
#29 = DIRECTION('',(0.,0.707106781187,-0.707106781187));
#30 = DIRECTION('',(1.,0.,0.));
#31 = AXIS2_PLACEMENT_3D('',#32,#33,#34);
#32 = CARTESIAN_POINT('',(0.,0.,0.));
#33 = DIRECTION('',(0.,-0.707106781187,-0.707106781187));
#34 = DIRECTION('',(1.,0.,0.));
#35 = AXIS2_PLACEMENT_3D('',#36,#37,#38);
#36 = CARTESIAN_POINT('',(0.,0.,0.));
#37 = DIRECTION('',(0.,-0.707106781187,0.707106781187));
#38 = DIRECTION('',(1.,0.,0.));
#39 = AXIS2_PLACEMENT_3D('',#40,#41,#42);
#40 = CARTESIAN_POINT('',(-340.,0.,0.));
#41 = DIRECTION('',(0.,0.,1.));
#42 = DIRECTION('',(1.,0.,0.));
#43 = AXIS2_PLACEMENT_3D('',#44,#45,#46);
#44 = CARTESIAN_POINT('',(-340.,0.,0.));
#45 = DIRECTION('',(-0.,0.707106781187,0.707106781187));
#46 = DIRECTION('',(1.,0.,0.));
#47 = AXIS2_PLACEMENT_3D('',#48,#49,#50);
#48 = CARTESIAN_POINT('',(-340.,0.,0.));
#49 = DIRECTION('',(0.,0.707106781187,-0.707106781187));
#50 = DIRECTION('',(1.,0.,0.));
#51 = AXIS2_PLACEMENT_3D('',#52,#53,#54);
#52 = CARTESIAN_POINT('',(-340.,0.,0.));
#53 = DIRECTION('',(0.,-0.707106781187,-0.707106781187));
#54 = DIRECTION('',(1.,0.,0.));
#55 = AXIS2_PLACEMENT_3D('',#56,#57,#58);
#56 = CARTESIAN_POINT('',(-340.,0.,0.));
#57 = DIRECTION('',(0.,-0.707106781187,0.707106781187));
#58 = DIRECTION('',(1.,0.,0.));
#59 = ( GEOMETRIC_REPRESENTATION_CONTEXT(3) 
GLOBAL_UNCERTAINTY_ASSIGNED_CONTEXT((#63)) GLOBAL_UNIT_ASSIGNED_CONTEXT(
(#60,#61,#62)) REPRESENTATION_CONTEXT('Context #1',
  '3D Context with UNIT and UNCERTAINTY') );
#60 = ( LENGTH_UNIT() NAMED_UNIT(*) SI_UNIT(.MILLI.,.METRE.) );
#61 = ( NAMED_UNIT(*) PLANE_ANGLE_UNIT() SI_UNIT($,.RADIAN.) );
#62 = ( NAMED_UNIT(*) SI_UNIT($,.STERADIAN.) SOLID_ANGLE_UNIT() );
#63 = UNCERTAINTY_MEASURE_WITH_UNIT(LENGTH_MEASURE(5.E-07),#60,
  'distance_accuracy_value','confusion accuracy');
#64 = PRODUCT_RELATED_PRODUCT_CATEGORY('part',$,(#7));
#65 = SHAPE_DEFINITION_REPRESENTATION(#66,#72);
#66 = PRODUCT_DEFINITION_SHAPE('','',#67);
#67 = PRODUCT_DEFINITION('design','',#68,#71);
#68 = PRODUCT_DEFINITION_FORMATION('','',#69);
#69 = PRODUCT('main_body_intake_prototype','main_body_intake_prototype',
  '',(#70));
#70 = PRODUCT_CONTEXT('',#2,'mechanical');
#71 = PRODUCT_DEFINITION_CONTEXT('part definition',#2,'design');
#72 = ADVANCED_BREP_SHAPE_REPRESENTATION('',(#11,#73),#4696);
#73 = MANIFOLD_SOLID_BREP('',#74);
#74 = CLOSED_SHELL('',(#75,#270,#428,#1922,#2089,#2183,#2312,#2393,#2522
    ,#2603,#2706,#2751,#2819,#2981,#3111,#3241,#3348,#3400,#3474,#3541,
    #3589,#3656,#3704,#3711,#3785,#3837,#3890,#3921,#4002,#4083,#4159,
    #4211,#4353,#4379,#4405,#4478,#4526,#4573,#4600,#4626,#4652,#4678,
    #4685,#4689));
#75 = ADVANCED_FACE('',(#76),#90,.T.);
#76 = FACE_BOUND('',#77,.T.);
#77 = EDGE_LOOP('',(#78,#113,#216,#244));
#78 = ORIENTED_EDGE('',*,*,#79,.T.);
#79 = EDGE_CURVE('',#80,#82,#84,.T.);
#80 = VERTEX_POINT('',#81);
#81 = CARTESIAN_POINT('',(-1.123333333333E+03,-30.00000002512,100.));
#82 = VERTEX_POINT('',#83);
#83 = CARTESIAN_POINT('',(740.,-30.00000002512,100.));
#84 = SURFACE_CURVE('',#85,(#89,#101),.PCURVE_S1.);
#85 = LINE('',#86,#87);
#86 = CARTESIAN_POINT('',(-1.123333333333E+03,-30.00000002512,100.));
#87 = VECTOR('',#88,1.);
#88 = DIRECTION('',(1.,0.,0.));
#89 = PCURVE('',#90,#95);
#90 = PLANE('',#91);
#91 = AXIS2_PLACEMENT_3D('',#92,#93,#94);
#92 = CARTESIAN_POINT('',(-1.123333333333E+03,-30.00000002512,100.));
#93 = DIRECTION('',(0.,0.,1.));
#94 = DIRECTION('',(0.,1.,0.));
#95 = DEFINITIONAL_REPRESENTATION('',(#96),#100);
#96 = LINE('',#97,#98);
#97 = CARTESIAN_POINT('',(-3.552713678801E-15,0.));
#98 = VECTOR('',#99,1.);
#99 = DIRECTION('',(0.,-1.));
#100 = ( GEOMETRIC_REPRESENTATION_CONTEXT(2) 
PARAMETRIC_REPRESENTATION_CONTEXT() REPRESENTATION_CONTEXT('2D SPACE',''
  ) );
#101 = PCURVE('',#102,#107);
#102 = CYLINDRICAL_SURFACE('',#103,70.);
#103 = AXIS2_PLACEMENT_3D('',#104,#105,#106);
#104 = CARTESIAN_POINT('',(-1.123333333333E+03,-30.00000002512,30.));
#105 = DIRECTION('',(-1.,0.,-1.110223024625E-16));
#106 = DIRECTION('',(1.110223024625E-16,0.,-1.));
#107 = DEFINITIONAL_REPRESENTATION('',(#108),#112);
#108 = LINE('',#109,#110);
#109 = CARTESIAN_POINT('',(-3.14159265359,0.));
#110 = VECTOR('',#111,1.);
#111 = DIRECTION('',(-0.,-1.));
#112 = ( GEOMETRIC_REPRESENTATION_CONTEXT(2) 
PARAMETRIC_REPRESENTATION_CONTEXT() REPRESENTATION_CONTEXT('2D SPACE',''
  ) );
#113 = ORIENTED_EDGE('',*,*,#114,.T.);
#114 = EDGE_CURVE('',#82,#115,#117,.T.);
#115 = VERTEX_POINT('',#116);
#116 = CARTESIAN_POINT('',(740.,30.000000020756,100.));
#117 = SURFACE_CURVE('',#118,(#122,#129),.PCURVE_S1.);
#118 = LINE('',#119,#120);
#119 = CARTESIAN_POINT('',(740.,2.512879859751E-08,100.));
#120 = VECTOR('',#121,1.);
#121 = DIRECTION('',(0.,1.,0.));
#122 = PCURVE('',#90,#123);
#123 = DEFINITIONAL_REPRESENTATION('',(#124),#128);
#124 = LINE('',#125,#126);
#125 = CARTESIAN_POINT('',(30.000000050258,-1.863333333333E+03));
#126 = VECTOR('',#127,1.);
#127 = DIRECTION('',(1.,0.));
#128 = ( GEOMETRIC_REPRESENTATION_CONTEXT(2) 
PARAMETRIC_REPRESENTATION_CONTEXT() REPRESENTATION_CONTEXT('2D SPACE',''
  ) );
#129 = PCURVE('',#130,#211);
#130 = ( BOUNDED_SURFACE() B_SPLINE_SURFACE(9,7,(
    (#131,#132,#133,#134,#135,#136,#137,#138)
    ,(#139,#140,#141,#142,#143,#144,#145,#146)
    ,(#147,#148,#149,#150,#151,#152,#153,#154)
    ,(#155,#156,#157,#158,#159,#160,#161,#162)
    ,(#163,#164,#165,#166,#167,#168,#169,#170)
    ,(#171,#172,#173,#174,#175,#176,#177,#178)
    ,(#179,#180,#181,#182,#183,#184,#185,#186)
    ,(#187,#188,#189,#190,#191,#192,#193,#194)
    ,(#195,#196,#197,#198,#199,#200,#201,#202)
    ,(#203,#204,#205,#206,#207,#208,#209,#210
)),.UNSPECIFIED.,.F.,.F.,.F.) B_SPLINE_SURFACE_WITH_KNOTS((10,10),(8,8),
  (0.,1.),(0.,1.),.PIECEWISE_BEZIER_KNOTS.) 
GEOMETRIC_REPRESENTATION_ITEM() RATIONAL_B_SPLINE_SURFACE((
    (1.,1.,1.,1.000000000001,0.999999999999,1.,1.,1.)
    ,(1.,1.,1.,1.000000000001,0.999999999999,1.,1.,1.)
    ,(1.,1.,1.,1.000000000001,0.999999999999,1.,1.,1.)
    ,(1.,1.,1.,1.000000000001,0.999999999999,1.,1.,1.)
    ,(1.,1.,1.,1.000000000001,0.999999999999,1.,1.,1.)
    ,(1.,1.,1.,1.000000000001,0.999999999999,1.,1.,1.)
    ,(1.,1.,1.,1.000000000001,0.999999999999,1.,1.,1.)
    ,(1.,1.,1.,1.000000000001,0.999999999999,1.,1.,1.)
    ,(1.,1.,1.,1.000000000001,0.999999999999,1.,1.,1.)
    ,(1.,1.,1.,1.000000000001,0.999999999999,1.,1.,1.
))) REPRESENTATION_ITEM('') SURFACE() );
#131 = CARTESIAN_POINT('',(740.,30.000000020756,100.));
#132 = CARTESIAN_POINT('',(789.25100701865,30.00006609164,100.0000109872
    ));
#133 = CARTESIAN_POINT('',(838.50011830426,25.696492553327,
    99.282509727347));
#134 = CARTESIAN_POINT('',(887.5311021226,18.817365351903,
    98.135605873616));
#135 = CARTESIAN_POINT('',(936.46889787768,11.192634643312,
    96.864394126364));
#136 = CARTESIAN_POINT('',(985.49988169536,4.313507480538,
    95.717490272687));
#137 = CARTESIAN_POINT('',(1.034748992981E+03,9.933902234228E-03,
    94.999989012784));
#138 = CARTESIAN_POINT('',(1.084E+03,9.999993449178E-03,95.));
#139 = CARTESIAN_POINT('',(740.,23.333333348991,100.));
#140 = CARTESIAN_POINT('',(789.25100701865,23.333384739726,
    100.0000109872));
#141 = CARTESIAN_POINT('',(838.50011830426,19.986160862855,
    99.282509727347));
#142 = CARTESIAN_POINT('',(887.5311021226,14.635728622959,
    98.135605873616));
#143 = CARTESIAN_POINT('',(936.46889787768,8.705382479609,
    96.864394126364));
#144 = CARTESIAN_POINT('',(985.49988169536,3.354950272284,
    95.717490272687));
#145 = CARTESIAN_POINT('',(1.034748992981E+03,7.726366429374E-03,
    94.999989012784));
#146 = CARTESIAN_POINT('',(1.084E+03,7.77777190217E-03,95.));
#147 = CARTESIAN_POINT('',(740.,16.666666677226,100.));
#148 = CARTESIAN_POINT('',(789.25100701865,16.666703387815,
    100.0000109872));
#149 = CARTESIAN_POINT('',(838.50011830426,14.275829172372,
    99.282509727347));
#150 = CARTESIAN_POINT('',(887.5311021226,10.454091894036,
    98.135605873616));
#151 = CARTESIAN_POINT('',(936.46889787768,6.218130315884,
    96.864394126364));
#152 = CARTESIAN_POINT('',(985.49988169536,2.396393064042,
    95.717490272687));
#153 = CARTESIAN_POINT('',(1.034748992981E+03,5.51883062049E-03,
    94.999989012784));
#154 = CARTESIAN_POINT('',(1.084E+03,5.555550355161E-03,95.));
#155 = CARTESIAN_POINT('',(740.,10.000000005461,100.));
#156 = CARTESIAN_POINT('',(789.25100701865,10.000022035905,
    100.0000109872));
#157 = CARTESIAN_POINT('',(838.50011830426,8.565497481885,
    99.282509727347));
#158 = CARTESIAN_POINT('',(887.5311021226,6.272455165117,98.135605873616
    ));
#159 = CARTESIAN_POINT('',(936.46889787768,3.730878152155,
    96.864394126364));
#160 = CARTESIAN_POINT('',(985.49988169536,1.437835855803,
    95.717490272687));
#161 = CARTESIAN_POINT('',(1.034748992981E+03,3.311294810913E-03,
    94.999989012784));
#162 = CARTESIAN_POINT('',(1.084E+03,3.333328808152E-03,95.));
#163 = CARTESIAN_POINT('',(740.,3.333333333696,100.));
#164 = CARTESIAN_POINT('',(789.25100701865,3.333340683993,100.0000109872
    ));
#165 = CARTESIAN_POINT('',(838.50011830426,2.855165791404,
    99.282509727347));
#166 = CARTESIAN_POINT('',(887.5311021226,2.090818436188,98.135605873616
    ));
#167 = CARTESIAN_POINT('',(936.46889787768,1.243625988435,
    96.864394126364));
#168 = CARTESIAN_POINT('',(985.49988169536,0.479278647559,
    95.717490272687));
#169 = CARTESIAN_POINT('',(1.034748992981E+03,1.103759003069E-03,
    94.999989012784));
#170 = CARTESIAN_POINT('',(1.084E+03,1.111107261144E-03,95.));
#171 = CARTESIAN_POINT('',(740.,-3.333333338069,100.));
#172 = CARTESIAN_POINT('',(789.25100701865,-3.333340667918,
    100.0000109872));
#173 = CARTESIAN_POINT('',(838.50011830426,-2.855165899079,
    99.282509727347));
#174 = CARTESIAN_POINT('',(887.5311021226,-2.090818292736,
    98.135605873616));
#175 = CARTESIAN_POINT('',(936.46889787768,-1.243626175288,
    96.864394126364));
#176 = CARTESIAN_POINT('',(985.49988169536,-0.479278560684,
    95.717490272687));
#177 = CARTESIAN_POINT('',(1.034748992981E+03,-1.103776805534E-03,
    94.999989012784));
#178 = CARTESIAN_POINT('',(1.084E+03,-1.111114285865E-03,95.));
#179 = CARTESIAN_POINT('',(740.,-10.00000000983,100.));
#180 = CARTESIAN_POINT('',(789.25100701865,-10.00002201982,
    100.0000109872));
#181 = CARTESIAN_POINT('',(838.50011830426,-8.565497589564,
    99.282509727347));
#182 = CARTESIAN_POINT('',(887.5311021226,-6.272455021658,
    98.135605873616));
#183 = CARTESIAN_POINT('',(936.46889787768,-3.730878339014,
    96.864394126364));
#184 = CARTESIAN_POINT('',(985.49988169536,-1.437835768925,
    95.717490272687));
#185 = CARTESIAN_POINT('',(1.034748992981E+03,-3.31131261445E-03,
    94.999989012784));
#186 = CARTESIAN_POINT('',(1.084E+03,-3.333335832874E-03,95.));
#187 = CARTESIAN_POINT('',(740.,-16.66666668159,100.));
#188 = CARTESIAN_POINT('',(789.25100701865,-16.66670337173,
    100.0000109872));
#189 = CARTESIAN_POINT('',(838.50011830426,-14.27582928005,
    99.282509727347));
#190 = CARTESIAN_POINT('',(887.5311021226,-10.45409175057,
    98.135605873616));
#191 = CARTESIAN_POINT('',(936.46889787768,-6.218130502746,
    96.864394126364));
#192 = CARTESIAN_POINT('',(985.49988169536,-2.396392977162,
    95.717490272687));
#193 = CARTESIAN_POINT('',(1.034748992981E+03,-5.518848424457E-03,
    94.999989012784));
#194 = CARTESIAN_POINT('',(1.084E+03,-5.555557379882E-03,95.));
#195 = CARTESIAN_POINT('',(740.,-23.33333335336,100.));
#196 = CARTESIAN_POINT('',(789.25100701865,-23.33338472365,
    100.0000109872));
#197 = CARTESIAN_POINT('',(838.50011830426,-19.98616097053,
    99.282509727347));
#198 = CARTESIAN_POINT('',(887.5311021226,-14.6357284795,98.135605873616
    ));
#199 = CARTESIAN_POINT('',(936.46889787768,-8.705382666463,
    96.864394126364));
#200 = CARTESIAN_POINT('',(985.49988169536,-3.354950185408,
    95.717490272687));
#201 = CARTESIAN_POINT('',(1.034748992981E+03,-7.726384231954E-03,
    94.999989012784));
#202 = CARTESIAN_POINT('',(1.084E+03,-7.777778926891E-03,95.));
#203 = CARTESIAN_POINT('',(740.,-30.00000002512,100.));
#204 = CARTESIAN_POINT('',(789.25100701865,-30.00006607556,
    100.00001098719));
#205 = CARTESIAN_POINT('',(838.50011830426,-25.69649266101,
    99.282509727372));
#206 = CARTESIAN_POINT('',(887.5311021226,-18.81736520842,
    98.135605873578));
#207 = CARTESIAN_POINT('',(936.46889787768,-11.19263483019,
    96.864394126397));
#208 = CARTESIAN_POINT('',(985.49988169536,-4.313507393648,
    95.71749027267));
#209 = CARTESIAN_POINT('',(1.034748992981E+03,-9.933920041498E-03,
    94.999989012789));
#210 = CARTESIAN_POINT('',(1.084E+03,-1.000000047387E-02,95.));
#211 = DEFINITIONAL_REPRESENTATION('',(#212),#215);
#212 = B_SPLINE_CURVE_WITH_KNOTS('',1,(#213,#214),.UNSPECIFIED.,.F.,.F.,
  (2,2),(-30.00000005025,29.999999995627),.PIECEWISE_BEZIER_KNOTS.);
#213 = CARTESIAN_POINT('',(1.,0.));
#214 = CARTESIAN_POINT('',(0.,0.));
#215 = ( GEOMETRIC_REPRESENTATION_CONTEXT(2) 
PARAMETRIC_REPRESENTATION_CONTEXT() REPRESENTATION_CONTEXT('2D SPACE',''
  ) );
#216 = ORIENTED_EDGE('',*,*,#217,.F.);
#217 = EDGE_CURVE('',#218,#115,#220,.T.);
#218 = VERTEX_POINT('',#219);
#219 = CARTESIAN_POINT('',(-1.123333333333E+03,30.000000020756,100.));
#220 = SURFACE_CURVE('',#221,(#225,#232),.PCURVE_S1.);
#221 = LINE('',#222,#223);
#222 = CARTESIAN_POINT('',(-1.123333333333E+03,30.000000020756,100.));
#223 = VECTOR('',#224,1.);
#224 = DIRECTION('',(1.,0.,0.));
#225 = PCURVE('',#90,#226);
#226 = DEFINITIONAL_REPRESENTATION('',(#227),#231);
#227 = LINE('',#228,#229);
#228 = CARTESIAN_POINT('',(60.000000045885,0.));
#229 = VECTOR('',#230,1.);
#230 = DIRECTION('',(0.,-1.));
#231 = ( GEOMETRIC_REPRESENTATION_CONTEXT(2) 
PARAMETRIC_REPRESENTATION_CONTEXT() REPRESENTATION_CONTEXT('2D SPACE',''
  ) );
#232 = PCURVE('',#233,#238);
#233 = CYLINDRICAL_SURFACE('',#234,70.);
#234 = AXIS2_PLACEMENT_3D('',#235,#236,#237);
#235 = CARTESIAN_POINT('',(-1.123333333333E+03,30.000000020756,30.));
#236 = DIRECTION('',(-1.,0.,-1.110223024625E-16));
#237 = DIRECTION('',(1.110223024625E-16,0.,-1.));
#238 = DEFINITIONAL_REPRESENTATION('',(#239),#243);
#239 = LINE('',#240,#241);
#240 = CARTESIAN_POINT('',(-3.14159265359,0.));
#241 = VECTOR('',#242,1.);
#242 = DIRECTION('',(-0.,-1.));
#243 = ( GEOMETRIC_REPRESENTATION_CONTEXT(2) 
PARAMETRIC_REPRESENTATION_CONTEXT() REPRESENTATION_CONTEXT('2D SPACE',''
  ) );
#244 = ORIENTED_EDGE('',*,*,#245,.F.);
#245 = EDGE_CURVE('',#80,#218,#246,.T.);
#246 = SURFACE_CURVE('',#247,(#251,#258),.PCURVE_S1.);
#247 = LINE('',#248,#249);
#248 = CARTESIAN_POINT('',(-1.123333333333E+03,2.512879859751E-08,100.)
  );
#249 = VECTOR('',#250,1.);
#250 = DIRECTION('',(0.,1.,0.));
#251 = PCURVE('',#90,#252);
#252 = DEFINITIONAL_REPRESENTATION('',(#253),#257);
#253 = LINE('',#254,#255);
#254 = CARTESIAN_POINT('',(30.000000050258,0.));
#255 = VECTOR('',#256,1.);
#256 = DIRECTION('',(1.,0.));
#257 = ( GEOMETRIC_REPRESENTATION_CONTEXT(2) 
PARAMETRIC_REPRESENTATION_CONTEXT() REPRESENTATION_CONTEXT('2D SPACE',''
  ) );
#258 = PCURVE('',#259,#264);
#259 = PLANE('',#260);
#260 = AXIS2_PLACEMENT_3D('',#261,#262,#263);
#261 = CARTESIAN_POINT('',(-1.123333333333E+03,1.364907375133E-08,
    8.346426282815E-09));
#262 = DIRECTION('',(1.,0.,1.110223024625E-16));
#263 = DIRECTION('',(1.110223024625E-16,0.,-1.));
#264 = DEFINITIONAL_REPRESENTATION('',(#265),#269);
#265 = LINE('',#266,#267);
#266 = CARTESIAN_POINT('',(-99.99999999165,1.147972484618E-08));
#267 = VECTOR('',#268,1.);
#268 = DIRECTION('',(0.,1.));
#269 = ( GEOMETRIC_REPRESENTATION_CONTEXT(2) 
PARAMETRIC_REPRESENTATION_CONTEXT() REPRESENTATION_CONTEXT('2D SPACE',''
  ) );
#270 = ADVANCED_FACE('',(#271),#102,.T.);
#271 = FACE_BOUND('',#272,.F.);
#272 = EDGE_LOOP('',(#273,#274,#378,#406));
#273 = ORIENTED_EDGE('',*,*,#79,.T.);
#274 = ORIENTED_EDGE('',*,*,#275,.T.);
#275 = EDGE_CURVE('',#82,#276,#278,.T.);
#276 = VERTEX_POINT('',#277);
#277 = CARTESIAN_POINT('',(740.,-100.,30.));
#278 = SURFACE_CURVE('',#279,(#284,#291),.PCURVE_S1.);
#279 = CIRCLE('',#280,70.);
#280 = AXIS2_PLACEMENT_3D('',#281,#282,#283);
#281 = CARTESIAN_POINT('',(740.,-30.00000002512,30.));
#282 = DIRECTION('',(1.,-0.,1.110223024625E-16));
#283 = DIRECTION('',(1.110223024625E-16,0.,-1.));
#284 = PCURVE('',#102,#285);
#285 = DEFINITIONAL_REPRESENTATION('',(#286),#290);
#286 = LINE('',#287,#288);
#287 = CARTESIAN_POINT('',(-0.,-1.863333333333E+03));
#288 = VECTOR('',#289,1.);
#289 = DIRECTION('',(-1.,0.));
#290 = ( GEOMETRIC_REPRESENTATION_CONTEXT(2) 
PARAMETRIC_REPRESENTATION_CONTEXT() REPRESENTATION_CONTEXT('2D SPACE',''
  ) );
#291 = PCURVE('',#292,#373);
#292 = ( BOUNDED_SURFACE() B_SPLINE_SURFACE(9,7,(
    (#293,#294,#295,#296,#297,#298,#299,#300)
    ,(#301,#302,#303,#304,#305,#306,#307,#308)
    ,(#309,#310,#311,#312,#313,#314,#315,#316)
    ,(#317,#318,#319,#320,#321,#322,#323,#324)
    ,(#325,#326,#327,#328,#329,#330,#331,#332)
    ,(#333,#334,#335,#336,#337,#338,#339,#340)
    ,(#341,#342,#343,#344,#345,#346,#347,#348)
    ,(#349,#350,#351,#352,#353,#354,#355,#356)
    ,(#357,#358,#359,#360,#361,#362,#363,#364)
    ,(#365,#366,#367,#368,#369,#370,#371,#372
)),.UNSPECIFIED.,.F.,.F.,.F.) B_SPLINE_SURFACE_WITH_KNOTS((10,10),(8,8),
  (1.,2.),(0.,1.),.PIECEWISE_BEZIER_KNOTS.) 
GEOMETRIC_REPRESENTATION_ITEM() RATIONAL_B_SPLINE_SURFACE((
    (1.,1.,1.,1.000000000001,0.999999999999,1.,1.,1.)
    ,(1.,1.,1.,1.000000000001,0.999999999999,1.,1.,1.)
    ,(1.,1.,1.,1.000000000001,0.999999999999,1.,1.,1.)
    ,(1.,1.,1.,1.000000000001,0.999999999999,1.,1.,1.)
    ,(1.,1.,1.,1.000000000001,0.999999999999,1.,1.,1.)
    ,(1.,1.,1.,1.000000000001,0.999999999999,1.,1.,1.)
    ,(1.,1.,1.,1.000000000001,0.999999999999,1.,1.,1.)
    ,(1.,1.,1.,1.000000000001,0.999999999999,1.,1.,1.)
    ,(1.,1.,1.,1.000000000001,0.999999999999,1.,1.,1.)
    ,(1.,1.,1.,1.000000000001,0.999999999999,1.,1.,1.
))) REPRESENTATION_ITEM('') SURFACE() );
#293 = CARTESIAN_POINT('',(740.,-30.00000002512,100.));
#294 = CARTESIAN_POINT('',(789.25100701865,-30.00006607556,
    100.00001098719));
#295 = CARTESIAN_POINT('',(838.50011830426,-25.69649266101,
    99.282509727372));
#296 = CARTESIAN_POINT('',(887.5311021226,-18.81736520842,
    98.135605873578));
#297 = CARTESIAN_POINT('',(936.46889787768,-11.19263483019,
    96.864394126397));
#298 = CARTESIAN_POINT('',(985.49988169536,-4.313507393648,
    95.71749027267));
#299 = CARTESIAN_POINT('',(1.034748992981E+03,-9.933920041498E-03,
    94.999989012789));
#300 = CARTESIAN_POINT('',(1.084E+03,-1.000000047387E-02,95.));
#301 = CARTESIAN_POINT('',(740.,-42.21730478908,99.999999999999));
#302 = CARTESIAN_POINT('',(789.25100701865,-42.21736125519,
    100.0000109872));
#303 = CARTESIAN_POINT('',(838.50011830426,-38.53967535413,
    99.282509727329));
#304 = CARTESIAN_POINT('',(887.5311021226,-32.66100997896,
    98.135605873651));
#305 = CARTESIAN_POINT('',(936.46889787768,-26.14517738833,
    96.864394126328));
#306 = CARTESIAN_POINT('',(985.49988169536,-20.26651202914,
    95.717490272705));
#307 = CARTESIAN_POINT('',(1.034748992981E+03,-16.58882606908,
    94.99998901278));
#308 = CARTESIAN_POINT('',(1.084E+03,-16.58888256516,94.999999999999));
#309 = CARTESIAN_POINT('',(740.,-54.43460972813,97.601138013117));
#310 = CARTESIAN_POINT('',(789.25100701865,-54.43465660994,
    97.601150882234));
#311 = CARTESIAN_POINT('',(838.50011830426,-51.38285823121,
    96.760756906258));
#312 = CARTESIAN_POINT('',(887.5311021226,-46.50465494801,
    95.417412799182));
#313 = CARTESIAN_POINT('',(936.46889787768,-41.09772016058,
    93.928469497686));
#314 = CARTESIAN_POINT('',(985.49988169536,-36.21951689338,
    92.585125390712));
#315 = CARTESIAN_POINT('',(1.034748992981E+03,-33.16771845563,
    91.744731414648));
#316 = CARTESIAN_POINT('',(1.084E+03,-33.16776536744,91.744744283797));
#317 = CARTESIAN_POINT('',(740.,-66.11360994637,92.80341236104));
#318 = CARTESIAN_POINT('',(789.25100701865,-66.11364766612,
    92.803428993844));
#319 = CARTESIAN_POINT('',(838.50011830426,-63.66015967979,
    91.717249500289));
#320 = CARTESIAN_POINT('',(887.5311021226,-59.73833728794,
    89.981024747854));
#321 = CARTESIAN_POINT('',(936.46889787768,-55.39144133517,
    88.056618187123));
#322 = CARTESIAN_POINT('',(985.49988169536,-51.46961895909,
    86.320393434722));
#323 = CARTESIAN_POINT('',(1.034748992981E+03,-49.01613091395,
    85.234213941144));
#324 = CARTESIAN_POINT('',(1.084E+03,-49.0161686636,85.234230573936));
#325 = CARTESIAN_POINT('',(740.,-76.71600816681,85.747757758753));
#326 = CARTESIAN_POINT('',(789.25100701865,-76.71603756915,
    85.747779926736));
#327 = CARTESIAN_POINT('',(838.50011830426,-74.80570609617,
    84.300142140531));
#328 = CARTESIAN_POINT('',(887.5311021226,-71.75210280456,
    81.986137346866));
#329 = CARTESIAN_POINT('',(936.46889787768,-68.36752842398,
    79.421327690418));
#330 = CARTESIAN_POINT('',(985.49988169536,-65.31392514841,
    77.10732289694));
#331 = CARTESIAN_POINT('',(1.034748992981E+03,-63.40359361636,
    75.659685110567));
#332 = CARTESIAN_POINT('',(1.084E+03,-63.40362304874,75.659707278621));
#333 = CARTESIAN_POINT('',(740.,-85.74775778385,76.716008141662));
#334 = CARTESIAN_POINT('',(789.25100701865,-85.74778010085,
    76.716037394807));
#335 = CARTESIAN_POINT('',(838.50011830426,-84.30014145743,
    74.805706779708));
#336 = CARTESIAN_POINT('',(887.5311021226,-81.9861385245,71.752101626268
    ));
#337 = CARTESIAN_POINT('',(936.46889787768,-79.42132655162,
    68.367529563624));
#338 = CARTESIAN_POINT('',(985.49988169536,-77.10732363431,
    65.313924410272));
#339 = CARTESIAN_POINT('',(1.034748992981E+03,-75.65968493221,
    63.403593795108));
#340 = CARTESIAN_POINT('',(1.084E+03,-75.65970727906,63.403623048244));
#341 = CARTESIAN_POINT('',(740.,-92.80341238618,66.113609921267));
#342 = CARTESIAN_POINT('',(789.25100701865,-92.80342916815,
    66.113647491964));
#343 = CARTESIAN_POINT('',(838.50011830426,-91.7172488168,
    63.660160362985));
#344 = CARTESIAN_POINT('',(887.5311021226,-89.98102592607,
    59.738336110152));
#345 = CARTESIAN_POINT('',(936.46889787768,-88.05661704758,
    55.391442474161));
#346 = CARTESIAN_POINT('',(985.49988169536,-86.32039417275,
    51.469618221573));
#347 = CARTESIAN_POINT('',(1.034748992981E+03,-85.23421376246,
    49.016131092381));
#348 = CARTESIAN_POINT('',(1.084E+03,-85.23423057442,49.016168663153));
#349 = CARTESIAN_POINT('',(740.,-97.60113803823,54.434609702993));
#350 = CARTESIAN_POINT('',(789.25100701865,-97.60115105642,
    54.434656435645));
#351 = CARTESIAN_POINT('',(838.50011830426,-96.76075622304,
    51.382858914686));
#352 = CARTESIAN_POINT('',(887.5311021226,-95.41741397699,
    46.504653769797));
#353 = CARTESIAN_POINT('',(936.46889787768,-93.92846835865,
    41.097721300079));
#354 = CARTESIAN_POINT('',(985.49988169536,-92.58512612831,
    36.219516155424));
#355 = CARTESIAN_POINT('',(1.034748992981E+03,-91.74473123617,
    33.167718634268));
#356 = CARTESIAN_POINT('',(1.084E+03,-91.74474428426,33.167765366964));
#357 = CARTESIAN_POINT('',(740.,-100.0000000251,42.217304763961));
#358 = CARTESIAN_POINT('',(789.25100701865,-100.0000111614,
    42.217361080968));
#359 = CARTESIAN_POINT('',(838.50011830426,-99.28250904395,
    38.539676037437));
#360 = CARTESIAN_POINT('',(887.5311021226,-98.13560705171,
    32.661008801007));
#361 = CARTESIAN_POINT('',(936.46889787768,-96.864392987,26.145178527531
    ));
#362 = CARTESIAN_POINT('',(985.49988169536,-95.71749101053,
    20.266511291409));
#363 = CARTESIAN_POINT('',(1.034748992981E+03,-94.9999888342,
    16.588826247615));
#364 = CARTESIAN_POINT('',(1.084E+03,-95.00000000047,16.588882564695));
#365 = CARTESIAN_POINT('',(740.,-99.99999997487,30.));
#366 = CARTESIAN_POINT('',(789.25100701865,-100.0000108129,
    30.000065901321));
#367 = CARTESIAN_POINT('',(838.50011830426,-99.28251041074,
    25.696493344364));
#368 = CARTESIAN_POINT('',(887.5311021226,-98.1356046955,18.817364030401
    ));
#369 = CARTESIAN_POINT('',(936.46889787768,-96.86439526571,
    11.192635969464));
#370 = CARTESIAN_POINT('',(985.49988169536,-95.71748953485,
    4.313506655858));
#371 = CARTESIAN_POINT('',(1.034748992981E+03,-94.99998919135,
    9.934098596205E-03));
#372 = CARTESIAN_POINT('',(1.084E+03,-94.99999999952,1.000000000001E-02)
  );
#373 = DEFINITIONAL_REPRESENTATION('',(#374),#377);
#374 = B_SPLINE_CURVE_WITH_KNOTS('',1,(#375,#376),.UNSPECIFIED.,.F.,.F.,
  (2,2),(3.14159265359,4.712388980385),.PIECEWISE_BEZIER_KNOTS.);
#375 = CARTESIAN_POINT('',(1.,0.));
#376 = CARTESIAN_POINT('',(2.,0.));
#377 = ( GEOMETRIC_REPRESENTATION_CONTEXT(2) 
PARAMETRIC_REPRESENTATION_CONTEXT() REPRESENTATION_CONTEXT('2D SPACE',''
  ) );
#378 = ORIENTED_EDGE('',*,*,#379,.F.);
#379 = EDGE_CURVE('',#380,#276,#382,.T.);
#380 = VERTEX_POINT('',#381);
#381 = CARTESIAN_POINT('',(-1.123333333333E+03,-100.,30.));
#382 = SURFACE_CURVE('',#383,(#387,#394),.PCURVE_S1.);
#383 = LINE('',#384,#385);
#384 = CARTESIAN_POINT('',(-1.123333333333E+03,-100.,30.));
#385 = VECTOR('',#386,1.);
#386 = DIRECTION('',(1.,0.,0.));
#387 = PCURVE('',#102,#388);
#388 = DEFINITIONAL_REPRESENTATION('',(#389),#393);
#389 = LINE('',#390,#391);
#390 = CARTESIAN_POINT('',(-4.712388980385,0.));
#391 = VECTOR('',#392,1.);
#392 = DIRECTION('',(-0.,-1.));
#393 = ( GEOMETRIC_REPRESENTATION_CONTEXT(2) 
PARAMETRIC_REPRESENTATION_CONTEXT() REPRESENTATION_CONTEXT('2D SPACE',''
  ) );
#394 = PCURVE('',#395,#400);
#395 = PLANE('',#396);
#396 = AXIS2_PLACEMENT_3D('',#397,#398,#399);
#397 = CARTESIAN_POINT('',(-1.123333333333E+03,-99.99999997487,30.));
#398 = DIRECTION('',(-0.,1.,0.));
#399 = DIRECTION('',(1.110223024625E-16,0.,-1.));
#400 = DEFINITIONAL_REPRESENTATION('',(#401),#405);
#401 = LINE('',#402,#403);
#402 = CARTESIAN_POINT('',(0.,0.));
#403 = VECTOR('',#404,1.);
#404 = DIRECTION('',(1.110223024625E-16,-1.));
#405 = ( GEOMETRIC_REPRESENTATION_CONTEXT(2) 
PARAMETRIC_REPRESENTATION_CONTEXT() REPRESENTATION_CONTEXT('2D SPACE',''
  ) );
#406 = ORIENTED_EDGE('',*,*,#407,.F.);
#407 = EDGE_CURVE('',#80,#380,#408,.T.);
#408 = SURFACE_CURVE('',#409,(#414,#421),.PCURVE_S1.);
#409 = CIRCLE('',#410,70.);
#410 = AXIS2_PLACEMENT_3D('',#411,#412,#413);
#411 = CARTESIAN_POINT('',(-1.123333333333E+03,-30.00000002512,30.));
#412 = DIRECTION('',(1.,-0.,1.110223024625E-16));
#413 = DIRECTION('',(1.110223024625E-16,0.,-1.));
#414 = PCURVE('',#102,#415);
#415 = DEFINITIONAL_REPRESENTATION('',(#416),#420);
#416 = LINE('',#417,#418);
#417 = CARTESIAN_POINT('',(-0.,0.));
#418 = VECTOR('',#419,1.);
#419 = DIRECTION('',(-1.,0.));
#420 = ( GEOMETRIC_REPRESENTATION_CONTEXT(2) 
PARAMETRIC_REPRESENTATION_CONTEXT() REPRESENTATION_CONTEXT('2D SPACE',''
  ) );
#421 = PCURVE('',#259,#422);
#422 = DEFINITIONAL_REPRESENTATION('',(#423),#427);
#423 = CIRCLE('',#424,70.);
#424 = AXIS2_PLACEMENT_2D('',#425,#426);
#425 = CARTESIAN_POINT('',(-29.99999999165,-30.00000003877));
#426 = DIRECTION('',(1.,0.));
#427 = ( GEOMETRIC_REPRESENTATION_CONTEXT(2) 
PARAMETRIC_REPRESENTATION_CONTEXT() REPRESENTATION_CONTEXT('2D SPACE',''
  ) );
#428 = ADVANCED_FACE('',(#429,#586),#233,.T.);
#429 = FACE_BOUND('',#430,.F.);
#430 = EDGE_LOOP('',(#431,#461,#563,#564));
#431 = ORIENTED_EDGE('',*,*,#432,.T.);
#432 = EDGE_CURVE('',#433,#435,#437,.T.);
#433 = VERTEX_POINT('',#434);
#434 = CARTESIAN_POINT('',(-1.123333333333E+03,100.00000002294,30.));
#435 = VERTEX_POINT('',#436);
#436 = CARTESIAN_POINT('',(740.,100.00000002294,30.));
#437 = SURFACE_CURVE('',#438,(#442,#449),.PCURVE_S1.);
#438 = LINE('',#439,#440);
#439 = CARTESIAN_POINT('',(-1.123333333333E+03,100.00000002294,30.));
#440 = VECTOR('',#441,1.);
#441 = DIRECTION('',(1.,0.,0.));
#442 = PCURVE('',#233,#443);
#443 = DEFINITIONAL_REPRESENTATION('',(#444),#448);
#444 = LINE('',#445,#446);
#445 = CARTESIAN_POINT('',(-1.570796326795,0.));
#446 = VECTOR('',#447,1.);
#447 = DIRECTION('',(-0.,-1.));
#448 = ( GEOMETRIC_REPRESENTATION_CONTEXT(2) 
PARAMETRIC_REPRESENTATION_CONTEXT() REPRESENTATION_CONTEXT('2D SPACE',''
  ) );
#449 = PCURVE('',#450,#455);
#450 = PLANE('',#451);
#451 = AXIS2_PLACEMENT_3D('',#452,#453,#454);
#452 = CARTESIAN_POINT('',(-1.123333333333E+03,100.00000002512,30.));
#453 = DIRECTION('',(-0.,1.,0.));
#454 = DIRECTION('',(1.110223024625E-16,0.,-1.));
#455 = DEFINITIONAL_REPRESENTATION('',(#456),#460);
#456 = LINE('',#457,#458);
#457 = CARTESIAN_POINT('',(0.,0.));
#458 = VECTOR('',#459,1.);
#459 = DIRECTION('',(1.110223024625E-16,-1.));
#460 = ( GEOMETRIC_REPRESENTATION_CONTEXT(2) 
PARAMETRIC_REPRESENTATION_CONTEXT() REPRESENTATION_CONTEXT('2D SPACE',''
  ) );
#461 = ORIENTED_EDGE('',*,*,#462,.T.);
#462 = EDGE_CURVE('',#435,#115,#463,.T.);
#463 = SURFACE_CURVE('',#464,(#469,#476),.PCURVE_S1.);
#464 = CIRCLE('',#465,70.);
#465 = AXIS2_PLACEMENT_3D('',#466,#467,#468);
#466 = CARTESIAN_POINT('',(740.,30.000000020756,30.));
#467 = DIRECTION('',(1.,-0.,1.110223024625E-16));
#468 = DIRECTION('',(1.110223024625E-16,0.,-1.));
#469 = PCURVE('',#233,#470);
#470 = DEFINITIONAL_REPRESENTATION('',(#471),#475);
#471 = LINE('',#472,#473);
#472 = CARTESIAN_POINT('',(-0.,-1.863333333333E+03));
#473 = VECTOR('',#474,1.);
#474 = DIRECTION('',(-1.,0.));
#475 = ( GEOMETRIC_REPRESENTATION_CONTEXT(2) 
PARAMETRIC_REPRESENTATION_CONTEXT() REPRESENTATION_CONTEXT('2D SPACE',''
  ) );
#476 = PCURVE('',#477,#558);
#477 = ( BOUNDED_SURFACE() B_SPLINE_SURFACE(9,7,(
    (#478,#479,#480,#481,#482,#483,#484,#485)
    ,(#486,#487,#488,#489,#490,#491,#492,#493)
    ,(#494,#495,#496,#497,#498,#499,#500,#501)
    ,(#502,#503,#504,#505,#506,#507,#508,#509)
    ,(#510,#511,#512,#513,#514,#515,#516,#517)
    ,(#518,#519,#520,#521,#522,#523,#524,#525)
    ,(#526,#527,#528,#529,#530,#531,#532,#533)
    ,(#534,#535,#536,#537,#538,#539,#540,#541)
    ,(#542,#543,#544,#545,#546,#547,#548,#549)
    ,(#550,#551,#552,#553,#554,#555,#556,#557
)),.UNSPECIFIED.,.F.,.F.,.F.) B_SPLINE_SURFACE_WITH_KNOTS((10,10),(8,8),
  (7.,8.),(0.,1.),.PIECEWISE_BEZIER_KNOTS.) 
GEOMETRIC_REPRESENTATION_ITEM() RATIONAL_B_SPLINE_SURFACE((
    (1.,1.,1.,1.000000000001,0.999999999999,1.,1.,1.)
    ,(1.,1.,1.,1.000000000001,0.999999999999,1.,1.,1.)
    ,(1.,1.,1.,1.000000000001,0.999999999999,1.,1.,1.)
    ,(1.,1.,1.,1.000000000001,0.999999999999,1.,1.,1.)
    ,(1.,1.,1.,1.000000000001,0.999999999999,1.,1.,1.)
    ,(1.,1.,1.,1.000000000001,0.999999999999,1.,1.,1.)
    ,(1.,1.,1.,1.000000000001,0.999999999999,1.,1.,1.)
    ,(1.,1.,1.,1.000000000001,0.999999999999,1.,1.,1.)
    ,(1.,1.,1.,1.000000000001,0.999999999999,1.,1.,1.)
    ,(1.,1.,1.,1.000000000001,0.999999999999,1.,1.,1.
))) REPRESENTATION_ITEM('') SURFACE() );
#478 = CARTESIAN_POINT('',(740.,100.00000002075,30.));
#479 = CARTESIAN_POINT('',(789.25100701865,100.00001117752,
    30.000065901324));
#480 = CARTESIAN_POINT('',(838.50011830426,99.282508936318,
    25.696493344355));
#481 = CARTESIAN_POINT('',(887.5311021226,98.135607195103,
    18.817364030417));
#482 = CARTESIAN_POINT('',(936.46889787768,96.864392800229,
    11.192635969448));
#483 = CARTESIAN_POINT('',(985.49988169536,95.717491097357,
    4.313506655867));
#484 = CARTESIAN_POINT('',(1.034748992981E+03,94.999988816425,
    9.93409859343E-03));
#485 = CARTESIAN_POINT('',(1.084E+03,94.999999993449,9.999999999991E-03)
  );
#486 = CARTESIAN_POINT('',(740.,100.00000002075,42.21730476396));
#487 = CARTESIAN_POINT('',(789.25100701865,100.00001117752,
    42.217361080971));
#488 = CARTESIAN_POINT('',(838.50011830426,99.282508936302,
    38.539676037422));
#489 = CARTESIAN_POINT('',(887.5311021226,98.135607195132,32.66100880103
    ));
#490 = CARTESIAN_POINT('',(936.46889787768,96.864392800203,
    26.145178527519));
#491 = CARTESIAN_POINT('',(985.49988169536,95.717491097369,
    20.266511291404));
#492 = CARTESIAN_POINT('',(1.034748992981E+03,94.999988816423,
    16.588826247622));
#493 = CARTESIAN_POINT('',(1.084E+03,94.999999993448,16.588882564694));
#494 = CARTESIAN_POINT('',(740.,97.60113803387,54.434609702997));
#495 = CARTESIAN_POINT('',(789.25100701865,97.601151072505,
    54.434656435647));
#496 = CARTESIAN_POINT('',(838.50011830426,96.760756115371,
    51.382858914698));
#497 = CARTESIAN_POINT('',(887.5311021226,95.417414120441,
    46.504653769784));
#498 = CARTESIAN_POINT('',(936.46889787768,93.928468171766,
    41.09772130005));
#499 = CARTESIAN_POINT('',(985.49988169536,92.585126215249,
    36.219516155486));
#500 = CARTESIAN_POINT('',(1.034748992981E+03,91.744731218329,
    33.167718634228));
#501 = CARTESIAN_POINT('',(1.084E+03,91.744744277244,33.167765366969));
#502 = CARTESIAN_POINT('',(740.,92.803412381802,66.113609921258));
#503 = CARTESIAN_POINT('',(789.25100701865,92.803429184204,
    66.113647491972));
#504 = CARTESIAN_POINT('',(838.50011830426,91.717248709148,
    63.660160362921));
#505 = CARTESIAN_POINT('',(887.5311021226,89.981026069495,
    59.738336110236));
#506 = CARTESIAN_POINT('',(936.46889787768,88.056616860874,
    55.391442474165));
#507 = CARTESIAN_POINT('',(985.49988169536,86.320394259465,
    51.469618221476));
#508 = CARTESIAN_POINT('',(1.034748992981E+03,85.234213744765,
    49.016131092453));
#509 = CARTESIAN_POINT('',(1.084E+03,85.23423056739,49.016168663143));
#510 = CARTESIAN_POINT('',(740.,85.747757779498,76.716008141674));
#511 = CARTESIAN_POINT('',(789.25100701865,85.747780116967,
    76.71603739479));
#512 = CARTESIAN_POINT('',(838.50011830426,84.300141349734,
    74.805706779807));
#513 = CARTESIAN_POINT('',(887.5311021226,81.986138668023,
    71.752101626136));
#514 = CARTESIAN_POINT('',(936.46889787768,79.421326364544,
    68.367529563634));
#515 = CARTESIAN_POINT('',(985.49988169536,77.10732372145,65.3139244104)
  );
#516 = CARTESIAN_POINT('',(1.034748992981E+03,75.659684914251,
    63.403593795009));
#517 = CARTESIAN_POINT('',(1.084E+03,75.659707272062,63.403623048258));
#518 = CARTESIAN_POINT('',(740.,76.71600816243,85.747757758742));
#519 = CARTESIAN_POINT('',(789.25100701865,76.716037585178,
    85.747779926724));
#520 = CARTESIAN_POINT('',(838.50011830426,74.805705988559,
    84.300142140529));
#521 = CARTESIAN_POINT('',(887.5311021226,71.752102947891,
    81.986137346841));
#522 = CARTESIAN_POINT('',(936.46889787768,68.367528237423,
    79.421327690558));
#523 = CARTESIAN_POINT('',(985.49988169536,65.313925234988,
    77.10732289673));
#524 = CARTESIAN_POINT('',(1.034748992981E+03,63.403593598739,
    75.659685110688));
#525 = CARTESIAN_POINT('',(1.084E+03,63.403623041702,75.659707278606));
#526 = CARTESIAN_POINT('',(740.,66.113609942014,92.803412361047));
#527 = CARTESIAN_POINT('',(789.25100701865,66.113647682237,
    92.803428993834));
#528 = CARTESIAN_POINT('',(838.50011830426,63.660159572059,
    91.71724950035));
#529 = CARTESIAN_POINT('',(887.5311021226,59.738337431517,
    89.981024747767));
#530 = CARTESIAN_POINT('',(936.46889787768,55.391441148097,
    88.056618187127));
#531 = CARTESIAN_POINT('',(985.49988169536,51.469619046198,
    86.320393434808));
#532 = CARTESIAN_POINT('',(1.034748992981E+03,49.016130896032,
    85.234213941076));
#533 = CARTESIAN_POINT('',(1.084E+03,49.016168656596,85.234230573946));
#534 = CARTESIAN_POINT('',(740.,54.434609723753,97.601138013114));
#535 = CARTESIAN_POINT('',(789.25100701865,54.43465662599,97.60115088221
    ));
#536 = CARTESIAN_POINT('',(838.50011830426,51.382858123579,
    96.76075690632));
#537 = CARTESIAN_POINT('',(887.5311021226,46.504655091392,
    95.417412799072));
#538 = CARTESIAN_POINT('',(936.46889787768,41.097719973859,
    93.928469497833));
#539 = CARTESIAN_POINT('',(985.49988169536,36.219516980145,
    92.585125390585));
#540 = CARTESIAN_POINT('',(1.034748992981E+03,33.167718437895,
    91.744731414705));
#541 = CARTESIAN_POINT('',(1.084E+03,33.167765360416,91.744744283792));
#542 = CARTESIAN_POINT('',(740.,42.217304784716,99.999999999999));
#543 = CARTESIAN_POINT('',(789.25100701865,42.217361271277,
    100.00001098718));
#544 = CARTESIAN_POINT('',(838.50011830426,38.539675246429,
    99.282509727408));
#545 = CARTESIAN_POINT('',(887.5311021226,32.661010122468,
    98.135605873515));
#546 = CARTESIAN_POINT('',(936.46889787768,26.145177201415,
    96.864394126456));
#547 = CARTESIAN_POINT('',(985.49988169536,20.266512116068,
    95.717490272639));
#548 = CARTESIAN_POINT('',(1.034748992981E+03,16.588826051259,
    94.999989012795));
#549 = CARTESIAN_POINT('',(1.084E+03,16.588882558144,95.));
#550 = CARTESIAN_POINT('',(740.,30.000000020756,100.));
#551 = CARTESIAN_POINT('',(789.25100701865,30.000066091633,
    100.00001098719));
#552 = CARTESIAN_POINT('',(838.50011830426,25.696492553351,
    99.282509727366));
#553 = CARTESIAN_POINT('',(887.5311021226,18.817365351863,
    98.135605873585));
#554 = CARTESIAN_POINT('',(936.46889787768,11.192634643351,
    96.864394126392));
#555 = CARTESIAN_POINT('',(985.49988169536,4.313507480515,
    95.717490272671));
#556 = CARTESIAN_POINT('',(1.034748992981E+03,9.933902240966E-03,
    94.999989012789));
#557 = CARTESIAN_POINT('',(1.084E+03,9.99999344922E-03,95.));
#558 = DEFINITIONAL_REPRESENTATION('',(#559),#562);
#559 = B_SPLINE_CURVE_WITH_KNOTS('',1,(#560,#561),.UNSPECIFIED.,.F.,.F.,
  (2,2),(1.570796326795,3.14159265359),.PIECEWISE_BEZIER_KNOTS.);
#560 = CARTESIAN_POINT('',(7.,0.));
#561 = CARTESIAN_POINT('',(8.,0.));
#562 = ( GEOMETRIC_REPRESENTATION_CONTEXT(2) 
PARAMETRIC_REPRESENTATION_CONTEXT() REPRESENTATION_CONTEXT('2D SPACE',''
  ) );
#563 = ORIENTED_EDGE('',*,*,#217,.F.);
#564 = ORIENTED_EDGE('',*,*,#565,.F.);
#565 = EDGE_CURVE('',#433,#218,#566,.T.);
#566 = SURFACE_CURVE('',#567,(#572,#579),.PCURVE_S1.);
#567 = CIRCLE('',#568,70.);
#568 = AXIS2_PLACEMENT_3D('',#569,#570,#571);
#569 = CARTESIAN_POINT('',(-1.123333333333E+03,30.000000020756,30.));
#570 = DIRECTION('',(1.,-0.,1.110223024625E-16));
#571 = DIRECTION('',(1.110223024625E-16,0.,-1.));
#572 = PCURVE('',#233,#573);
#573 = DEFINITIONAL_REPRESENTATION('',(#574),#578);
#574 = LINE('',#575,#576);
#575 = CARTESIAN_POINT('',(-0.,0.));
#576 = VECTOR('',#577,1.);
#577 = DIRECTION('',(-1.,0.));
#578 = ( GEOMETRIC_REPRESENTATION_CONTEXT(2) 
PARAMETRIC_REPRESENTATION_CONTEXT() REPRESENTATION_CONTEXT('2D SPACE',''
  ) );
#579 = PCURVE('',#259,#580);
#580 = DEFINITIONAL_REPRESENTATION('',(#581),#585);
#581 = CIRCLE('',#582,70.);
#582 = AXIS2_PLACEMENT_2D('',#583,#584);
#583 = CARTESIAN_POINT('',(-29.99999999165,30.000000007107));
#584 = DIRECTION('',(1.,0.));
#585 = ( GEOMETRIC_REPRESENTATION_CONTEXT(2) 
PARAMETRIC_REPRESENTATION_CONTEXT() REPRESENTATION_CONTEXT('2D SPACE',''
  ) );
#586 = FACE_BOUND('',#587,.F.);
#587 = EDGE_LOOP('',(#588,#1225,#1260,#1895));
#588 = ORIENTED_EDGE('',*,*,#589,.T.);
#589 = EDGE_CURVE('',#590,#592,#594,.T.);
#590 = VERTEX_POINT('',#591);
#591 = CARTESIAN_POINT('',(-1.E+03,76.70463406799,82.140935535469));
#592 = VERTEX_POINT('',#593);
#593 = CARTESIAN_POINT('',(633.46688705775,57.708123605588,
    94.282656194402));
#594 = SURFACE_CURVE('',#595,(#798,#1004),.PCURVE_S1.);
#595 = B_SPLINE_CURVE_WITH_KNOTS('',5,(#596,#597,#598,#599,#600,#601,
    #602,#603,#604,#605,#606,#607,#608,#609,#610,#611,#612,#613,#614,
    #615,#616,#617,#618,#619,#620,#621,#622,#623,#624,#625,#626,#627,
    #628,#629,#630,#631,#632,#633,#634,#635,#636,#637,#638,#639,#640,
    #641,#642,#643,#644,#645,#646,#647,#648,#649,#650,#651,#652,#653,
    #654,#655,#656,#657,#658,#659,#660,#661,#662,#663,#664,#665,#666,
    #667,#668,#669,#670,#671,#672,#673,#674,#675,#676,#677,#678,#679,
    #680,#681,#682,#683,#684,#685,#686,#687,#688,#689,#690,#691,#692,
    #693,#694,#695,#696,#697,#698,#699,#700,#701,#702,#703,#704,#705,
    #706,#707,#708,#709,#710,#711,#712,#713,#714,#715,#716,#717,#718,
    #719,#720,#721,#722,#723,#724,#725,#726,#727,#728,#729,#730,#731,
    #732,#733,#734,#735,#736,#737,#738,#739,#740,#741,#742,#743,#744,
    #745,#746,#747,#748,#749,#750,#751,#752,#753,#754,#755,#756,#757,
    #758,#759,#760,#761,#762,#763,#764,#765,#766,#767,#768,#769,#770,
    #771,#772,#773,#774,#775,#776,#777,#778,#779,#780,#781,#782,#783,
    #784,#785,#786,#787,#788,#789,#790,#791,#792,#793,#794,#795,#796,
    #797),.UNSPECIFIED.,.F.,.F.,(6,4,4,4,4,4,4,4,4,4,4,4,4,4,4,4,4,4,4,4
    ,4,4,4,4,4,4,4,4,4,4,4,4,4,4,4,4,4,4,4,4,4,4,4,4,4,4,4,4,4,4,6),(0.,
    1.049301523866E-02,1.852990395519E-02,2.561581850435E-02,
    3.221703093725E-02,3.857763632078E-02,4.479477482867E-02,
    5.417440534044E-02,6.044032354076E-02,6.685029763259E-02,
    7.341859019953E-02,8.021549211978E-02,8.729478860299E-02,
    9.473734297212E-02,0.102564828032,0.110874123958,0.119754489825,
    0.12934350906,0.139719347775,0.151080790304,0.16365363427,
    0.177790755921,0.193852278622,0.212553638214,0.235025010148,
    0.263533539385,0.297295361968,0.331119740604,0.364945421001,
    0.398871109813,0.43269544906,0.466214507505,0.500033277534,
    0.527845907429,0.555555900523,0.583363514764,0.611069118067,
    0.638873395038,0.666577137137,0.694281306492,0.721986896885,
    0.749794888242,0.777506006951,0.805220765271,0.832939229908,
    0.860761017655,0.888484896681,0.916209251659,0.943931794633,
    0.972049467144,1.),.UNSPECIFIED.);
#596 = CARTESIAN_POINT('',(-1.E+03,76.70463406799,82.140935535469));
#597 = CARTESIAN_POINT('',(-996.5634462709,76.430844081514,
    82.386179718237));
#598 = CARTESIAN_POINT('',(-993.1268843428,76.155567167616,
    82.629516855666));
#599 = CARTESIAN_POINT('',(-989.6903306752,75.878593108272,
    82.87114099061));
#600 = CARTESIAN_POINT('',(-986.2537967077,75.599771298714,
    83.111171781024));
#601 = CARTESIAN_POINT('',(-980.1851741241,75.103967123383,
    83.532343161286));
#602 = CARTESIAN_POINT('',(-977.5530744843,74.887786308104,
    83.714117356797));
#603 = CARTESIAN_POINT('',(-974.9209936555,74.670426642001,
    83.895019553236));
#604 = CARTESIAN_POINT('',(-972.288933415,74.451865769625,
    84.075059225583));
#605 = CARTESIAN_POINT('',(-967.3362940788,74.038337978777,
    84.412197968906));
#606 = CARTESIAN_POINT('',(-965.015710321,73.843639153512,84.56949112953
    ));
#607 = CARTESIAN_POINT('',(-962.6951432371,73.648000720948,
    84.72610330531));
#608 = CARTESIAN_POINT('',(-960.3745925058,73.451429302875,
    84.882022413785));
#609 = CARTESIAN_POINT('',(-955.892254835,73.069961206802,
    85.181819453837));
#610 = CARTESIAN_POINT('',(-953.7304658736,72.885185541328,
    85.325791709687));
#611 = CARTESIAN_POINT('',(-951.5686895281,72.699626610213,
    85.469130659968));
#612 = CARTESIAN_POINT('',(-949.4069246862,72.513302702459,
    85.611817594063));
#613 = CARTESIAN_POINT('',(-945.1622087124,72.145990780733,
    85.890667164072));
#614 = CARTESIAN_POINT('',(-943.0792568716,71.965055689512,
    86.02687818596));
#615 = CARTESIAN_POINT('',(-940.9963130623,71.783453534989,
    86.16244391386));
#616 = CARTESIAN_POINT('',(-938.9133757779,71.60120905337,
    86.297343247301));
#617 = CARTESIAN_POINT('',(-934.7944925024,71.239616398686,
    86.56273681414));
#618 = CARTESIAN_POINT('',(-932.7585463042,71.060295516022,
    86.693261877199));
#619 = CARTESIAN_POINT('',(-930.7226031205,70.880414189328,
    86.823107792262));
#620 = CARTESIAN_POINT('',(-928.6866612473,70.7000010004,86.952253183874
    ));
#621 = CARTESIAN_POINT('',(-923.5791470827,70.246146298615,
    87.274424875166));
#622 = CARTESIAN_POINT('',(-920.5075741589,69.972065295116,
    87.466529615714));
#623 = CARTESIAN_POINT('',(-917.4359939052,69.696949017626,
    87.65691641872));
#624 = CARTESIAN_POINT('',(-914.3643997579,69.420911874202,
    87.845511657447));
#625 = CARTESIAN_POINT('',(-909.2408401742,68.959133231106,
    88.156991868725));
#626 = CARTESIAN_POINT('',(-907.1888860641,68.773836248701,
    88.280907003737));
#627 = CARTESIAN_POINT('',(-905.1369208689,68.588216287008,
    88.403971316084));
#628 = CARTESIAN_POINT('',(-903.0849426484,68.402309137848,
    88.526165296061));
#629 = CARTESIAN_POINT('',(-898.9337801985,68.025713149255,
    88.771564612588));
#630 = CARTESIAN_POINT('',(-896.8345952777,67.83501258817,88.89472864129
    ));
#631 = CARTESIAN_POINT('',(-894.7353926676,67.644088190438,
    89.016942919854));
#632 = CARTESIAN_POINT('',(-892.6361703734,67.452978754785,
    89.138189231138));
#633 = CARTESIAN_POINT('',(-888.3858338007,67.065743608469,
    89.38168275104));
#634 = CARTESIAN_POINT('',(-886.2347184438,66.869610541622,
    89.503880731265));
#635 = CARTESIAN_POINT('',(-884.0835783052,66.673365589879,
    89.625026782959));
#636 = CARTESIAN_POINT('',(-881.9324113932,66.47705002481,
    89.745104689725));
#637 = CARTESIAN_POINT('',(-877.5551478789,66.077525518853,
    89.987236962631));
#638 = CARTESIAN_POINT('',(-875.3290492477,65.874314433412,
    90.109214661313));
#639 = CARTESIAN_POINT('',(-873.1029178064,65.671116635465,
    90.230017122922));
#640 = CARTESIAN_POINT('',(-870.8767515706,65.467976471753,
    90.349630428044));
#641 = CARTESIAN_POINT('',(-866.3318525269,65.053462584216,
    90.591374755047));
#642 = CARTESIAN_POINT('',(-864.0131166105,64.842097408843,
    90.713403896971));
#643 = CARTESIAN_POINT('',(-861.694338824,64.630890992181,
    90.834116768964));
#644 = CARTESIAN_POINT('',(-859.3755172156,64.419891121205,
    90.95350233225));
#645 = CARTESIAN_POINT('',(-854.6187953941,63.987583419286,
    91.195658885936));
#646 = CARTESIAN_POINT('',(-852.1808903788,63.76630220011,
    91.318289229643));
#647 = CARTESIAN_POINT('',(-849.7429328494,63.545354590593,
    91.439432826428));
#648 = CARTESIAN_POINT('',(-847.304920902,63.324792749801,
    91.559082225295));
#649 = CARTESIAN_POINT('',(-842.3026872703,62.873156322719,
    91.801493774684));
#650 = CARTESIAN_POINT('',(-839.7384596279,62.642128001751,
    91.924096823975));
#651 = CARTESIAN_POINT('',(-837.1741678931,62.411640592732,
    92.045036183386));
#652 = CARTESIAN_POINT('',(-834.6098102859,62.181750278598,
    92.164309152372));
#653 = CARTESIAN_POINT('',(-829.3231102856,61.709160950001,
    92.406761803914));
#654 = CARTESIAN_POINT('',(-826.6007593327,61.466544531794,
    92.529730002686));
#655 = CARTESIAN_POINT('',(-823.8783305158,61.224726000867,
    92.650820736247));
#656 = CARTESIAN_POINT('',(-821.1558222208,60.983766701445,
    92.770037383515));
#657 = CARTESIAN_POINT('',(-815.5235295663,60.487185937244,
    93.012800571428));
#658 = CARTESIAN_POINT('',(-812.6137337096,60.23169493426,
    93.136081523913));
#659 = CARTESIAN_POINT('',(-809.7038438576,59.977323109972,
    93.257237313478));
#660 = CARTESIAN_POINT('',(-806.7938586469,59.724137767273,
    93.376279335123));
#661 = CARTESIAN_POINT('',(-800.7414708015,59.200162467411,
    93.619497516004));
#662 = CARTESIAN_POINT('',(-797.599052157,58.929579978658,
    93.743325227278));
#663 = CARTESIAN_POINT('',(-794.456519732,58.660534726291,
    93.864724186546));
#664 = CARTESIAN_POINT('',(-791.3138725303,58.393101538941,
    93.983716743747));
#665 = CARTESIAN_POINT('',(-784.7704703447,57.839792893603,
    94.226509663767));
#666 = CARTESIAN_POINT('',(-781.3696956328,57.554204808732,
    94.349903248414));
#667 = CARTESIAN_POINT('',(-777.9687849461,57.27067439075,
    94.470542702074));
#668 = CARTESIAN_POINT('',(-774.5677378631,56.989283607351,
    94.588464852805));
#669 = CARTESIAN_POINT('',(-767.442291492,56.404413367386,94.82990305106
    ));
#670 = CARTESIAN_POINT('',(-763.7178650443,56.101374798169,
    94.952886284144));
#671 = CARTESIAN_POINT('',(-759.9932749906,55.801091384626,
    95.072713432572));
#672 = CARTESIAN_POINT('',(-756.26852177,55.503653674259,95.189441721879
    ));
#673 = CARTESIAN_POINT('',(-748.4215257518,54.883231800083,
    95.428944845244));
#674 = CARTESIAN_POINT('',(-744.2992464911,54.560905342292,
    95.551037140051));
#675 = CARTESIAN_POINT('',(-740.1767697348,54.242275331864,
    95.669491878572));
#676 = CARTESIAN_POINT('',(-736.0540972602,53.927441093809,
    95.784395364543));
#677 = CARTESIAN_POINT('',(-727.295410217,53.266851708983,
    96.021144806354));
#678 = CARTESIAN_POINT('',(-722.6593445075,52.922123149798,
    96.142075582483));
#679 = CARTESIAN_POINT('',(-718.0230375711,52.582429006081,
    96.258757489339));
#680 = CARTESIAN_POINT('',(-713.3864933674,52.247876792114,
    96.371320762014));
#681 = CARTESIAN_POINT('',(-703.4817632016,51.544409038595,
    96.603255504964));
#682 = CARTESIAN_POINT('',(-698.2135095514,51.177015255092,
    96.72146757639));
#683 = CARTESIAN_POINT('',(-692.9449623216,50.816508441801,
    96.83472903111));
#684 = CARTESIAN_POINT('',(-687.6761290231,50.462996069329,
    96.943234270529));
#685 = CARTESIAN_POINT('',(-676.2718871794,49.71318522154,
    97.168204444351));
#686 = CARTESIAN_POINT('',(-670.1363797552,49.319404321108,
    97.283046233803));
#687 = CARTESIAN_POINT('',(-664.0005086365,48.935348353386,
    97.392008068334));
#688 = CARTESIAN_POINT('',(-657.8642877273,48.561104325952,
    97.495390988311));
#689 = CARTESIAN_POINT('',(-644.3541054282,47.758881932311,
    97.711355840625));
#690 = CARTESIAN_POINT('',(-636.9799951857,47.335280009087,
    97.821590856662));
#691 = CARTESIAN_POINT('',(-629.6054262104,46.926000272709,
    97.924695942977));
#692 = CARTESIAN_POINT('',(-622.2304245813,46.53104815133,
    98.021154924983));
#693 = CARTESIAN_POINT('',(-605.4981322527,45.667402053227,
    98.22593992618));
#694 = CARTESIAN_POINT('',(-596.1405937631,45.207403496591,
    98.330491884342));
#695 = CARTESIAN_POINT('',(-586.7824552156,44.77024221,98.426005599115)
  );
#696 = CARTESIAN_POINT('',(-577.4237698085,44.355620973724,
    98.513331509723));
#697 = CARTESIAN_POINT('',(-556.9807830387,43.498274786111,
    98.687856318344));
#698 = CARTESIAN_POINT('',(-545.8962819663,43.064449906411,
    98.772066572038));
#699 = CARTESIAN_POINT('',(-534.8111708816,42.660926621142,
    98.84713101568));
#700 = CARTESIAN_POINT('',(-523.7255289599,42.286737052217,
    98.914145016539));
#701 = CARTESIAN_POINT('',(-501.5327851789,41.594134423717,
    99.034048084914));
#702 = CARTESIAN_POINT('',(-490.4256815124,41.275826021329,99.0869108057
    ));
#703 = CARTESIAN_POINT('',(-479.3181879504,40.984699747685,
    99.133567885777));
#704 = CARTESIAN_POINT('',(-468.2103673608,40.719466764829,
    99.174795198295));
#705 = CARTESIAN_POINT('',(-445.9937508766,40.238084125363,
    99.247677913643));
#706 = CARTESIAN_POINT('',(-434.8849551258,40.021936397124,
    99.27933299013));
#707 = CARTESIAN_POINT('',(-423.7759384415,39.828989148452,
    99.306844540918));
#708 = CARTESIAN_POINT('',(-412.6667450835,39.657837344876,
    99.330724250942));
#709 = CARTESIAN_POINT('',(-390.4152292971,39.355928778721,
    99.372111695473));
#710 = CARTESIAN_POINT('',(-379.2729063597,39.225292971014,
    99.389600405961));
#711 = CARTESIAN_POINT('',(-368.1304763414,39.113810107358,
    99.404272339178));
#712 = CARTESIAN_POINT('',(-356.987967272,39.020122695909,
    99.416449333267));
#713 = CARTESIAN_POINT('',(-334.7361195337,38.866050256379,
    99.436295755405));
#714 = CARTESIAN_POINT('',(-323.6267815809,38.805566582286,
    99.443978546057));
#715 = CARTESIAN_POINT('',(-312.5174063135,38.760270766304,
    99.449689036736));
#716 = CARTESIAN_POINT('',(-301.4080093267,38.729010280122,
    99.453615584827));
#717 = CARTESIAN_POINT('',(-279.2894609963,38.692695841659,
    99.458169938505));
#718 = CARTESIAN_POINT('',(-268.2803101608,38.687407899486,
    99.458827190622));
#719 = CARTESIAN_POINT('',(-257.2711592762,38.693918652694,
    99.458015426793));
#720 = CARTESIAN_POINT('',(-246.2620161698,38.711372847093,
    99.455833178091));
#721 = CARTESIAN_POINT('',(-224.1453174277,38.767004246447,
    99.448833178693));
#722 = CARTESIAN_POINT('',(-213.03776226,38.805365159693,99.443992312074
    ));
#723 = CARTESIAN_POINT('',(-201.9302259171,38.853422369531,
    99.437894863168));
#724 = CARTESIAN_POINT('',(-190.8227126545,38.910603634471,
    99.43058084717));
#725 = CARTESIAN_POINT('',(-170.5804040979,39.030674333006,
    99.415055330531));
#726 = CARTESIAN_POINT('',(-161.4456004203,39.090746301039,
    99.407234094516));
#727 = CARTESIAN_POINT('',(-152.3108163513,39.156471439495,
    99.398604718523));
#728 = CARTESIAN_POINT('',(-143.1760536382,39.227684416742,
    99.389162073578));
#729 = CARTESIAN_POINT('',(-124.940284134,39.380595302034,
    99.368655463071));
#730 = CARTESIAN_POINT('',(-115.8392772189,39.46225354452,
    99.357597607383));
#731 = CARTESIAN_POINT('',(-106.7382948615,39.549152807179,
    99.345700055124));
#732 = CARTESIAN_POINT('',(-97.63733894472,39.641250300118,
    99.332935517616));
#733 = CARTESIAN_POINT('',(-79.40342190088,39.836196046001,
    99.305547904452));
#734 = CARTESIAN_POINT('',(-70.27046100973,39.939081027508,
    99.290918438077));
#735 = CARTESIAN_POINT('',(-61.13753092387,40.04721235765,
    99.275338778927));
#736 = CARTESIAN_POINT('',(-52.00463412577,40.160644839747,
    99.258759205404));
#737 = CARTESIAN_POINT('',(-33.77241616198,40.39785266417,
    99.223543571098));
#738 = CARTESIAN_POINT('',(-24.67309475777,40.521588534204,
    99.204915275973));
#739 = CARTESIAN_POINT('',(-15.57381196741,40.65076142646,
    99.185174148816));
#740 = CARTESIAN_POINT('',(-6.474571041276,40.785491317458,
    99.164249349198));
#741 = CARTESIAN_POINT('',(11.75622672527,41.066834250554,
    99.119791195401));
#742 = CARTESIAN_POINT('',(20.887783225882,41.213487902071,
    99.096248814263));
#743 = CARTESIAN_POINT('',(30.019290271732,41.366009552566,
    99.071350731663));
#744 = CARTESIAN_POINT('',(39.150743751203,41.524549743217,
    99.045004591536));
#745 = CARTESIAN_POINT('',(57.380517430867,41.853360934347,
    98.989314672397));
#746 = CARTESIAN_POINT('',(66.478838048723,42.023587442017,
    98.959982074452));
#747 = CARTESIAN_POINT('',(75.577096750413,42.200075657059,
    98.929011385224));
#748 = CARTESIAN_POINT('',(84.675288877035,42.382962695767,
    98.896293818539));
#749 = CARTESIAN_POINT('',(102.87167082123,42.761757636628,
    98.827135711419));
#750 = CARTESIAN_POINT('',(111.96986065518,42.957665736405,
    98.790695110923));
#751 = CARTESIAN_POINT('',(121.06797442847,43.160193168603,
    98.752278997299));
#752 = CARTESIAN_POINT('',(130.16600742062,43.369423044702,
    98.711767518878));
#753 = CARTESIAN_POINT('',(148.36236964336,43.801369246732,
    98.62631186376));
#754 = CARTESIAN_POINT('',(157.46069890533,44.02408626194,
    98.581367457155));
#755 = CARTESIAN_POINT('',(166.55893852364,44.253576957886,
    98.534087812472));
#756 = CARTESIAN_POINT('',(175.65708459327,44.489828698211,
    98.484353078265));
#757 = CARTESIAN_POINT('',(193.88681023015,44.976591797766,
    98.379557674147));
#758 = CARTESIAN_POINT('',(203.01838914141,45.227152633624,
    98.324477996366));
#759 = CARTESIAN_POINT('',(212.14986763155,45.484362832093,
    98.266700720153));
#760 = CARTESIAN_POINT('',(221.28124380347,45.748072837574,
    98.206122274512));
#761 = CARTESIAN_POINT('',(239.51198083974,46.287079677435,
    98.079419904156));
#762 = CARTESIAN_POINT('',(248.61134248571,46.562332949873,
    98.013316032064));
#763 = CARTESIAN_POINT('',(257.71060186451,46.84357272962,
    97.944267884225));
#764 = CARTESIAN_POINT('',(266.80976057587,47.130480059864,
    97.872215559343));
#765 = CARTESIAN_POINT('',(285.00907948513,47.714828346208,
    97.722048644495));
#766 = CARTESIAN_POINT('',(294.10923971336,48.012270685836,
    97.643933260087));
#767 = CARTESIAN_POINT('',(303.20930706486,48.314542021865,
    97.562769045068));
#768 = CARTESIAN_POINT('',(312.30928808248,48.621121408464,97.4785720821
    ));
#769 = CARTESIAN_POINT('',(330.51031342853,49.241665955433,
    97.304250770746));
#770 = CARTESIAN_POINT('',(339.61135774933,49.555632105422,
    97.214125634311));
#771 = CARTESIAN_POINT('',(348.71233483551,49.872635225962,
    97.121116926403));
#772 = CARTESIAN_POINT('',(357.81325735224,50.191924300506,
    97.025358636276));
#773 = CARTESIAN_POINT('',(376.04894985061,50.834510110583,
    96.828411144339));
#774 = CARTESIAN_POINT('',(385.18371946548,51.157817358402,
    96.727203036173));
#775 = CARTESIAN_POINT('',(394.31846668156,51.481651392415,
    96.623663617856));
#776 = CARTESIAN_POINT('',(403.45321091413,51.804991900054,
    96.518097487947));
#777 = CARTESIAN_POINT('',(421.69059263903,52.447218163415,
    96.30412169844));
#778 = CARTESIAN_POINT('',(430.7932297456,52.766115603004,
    96.195723367678));
#779 = CARTESIAN_POINT('',(439.89590919906,53.082207452437,
    96.086137964027));
#780 = CARTESIAN_POINT('',(448.99865565377,53.394192762754,
    95.975887931884));
#781 = CARTESIAN_POINT('',(467.20449290985,54.007014871848,
    95.755374563838));
#782 = CARTESIAN_POINT('',(476.30758318068,54.307851493297,
    95.645111255817));
#783 = CARTESIAN_POINT('',(485.41079439817,54.601639889268,
    95.535500950129));
#784 = CARTESIAN_POINT('',(494.51415289948,54.886740131008,
    95.42733936964));
#785 = CARTESIAN_POINT('',(512.72062146833,55.435849580435,
    95.215827190698));
#786 = CARTESIAN_POINT('',(521.82373048898,55.699860184359,
    95.112476331437));
#787 = CARTESIAN_POINT('',(530.92703842238,55.951486288413,
    95.012479636397));
#788 = CARTESIAN_POINT('',(540.03056492081,56.188671108853,
    94.916948099845));
#789 = CARTESIAN_POINT('',(558.36783810084,56.63263715353,
    94.736086609501));
#790 = CARTESIAN_POINT('',(567.60158947918,56.838936899141,
    94.650921578169));
#791 = CARTESIAN_POINT('',(576.8355931985,57.025547803727,
    94.572991271991));
#792 = CARTESIAN_POINT('',(586.0698453859,57.189746432654,
    94.503801217888));
#793 = CARTESIAN_POINT('',(604.48390990424,57.466226861368,
    94.386557570589));
#794 = CARTESIAN_POINT('',(613.66371607606,57.578811562408,
    94.338380958362));
#795 = CARTESIAN_POINT('',(622.84372274733,57.663070296721,
    94.302095235299));
#796 = CARTESIAN_POINT('',(632.02386987642,57.715522708323,
    94.279468944049));
#797 = CARTESIAN_POINT('',(641.20405767044,57.732089971047,
    94.272320535274));
#798 = PCURVE('',#233,#799);
#799 = DEFINITIONAL_REPRESENTATION('',(#800),#1003);
#800 = B_SPLINE_CURVE_WITH_KNOTS('',5,(#801,#802,#803,#804,#805,#806,
    #807,#808,#809,#810,#811,#812,#813,#814,#815,#816,#817,#818,#819,
    #820,#821,#822,#823,#824,#825,#826,#827,#828,#829,#830,#831,#832,
    #833,#834,#835,#836,#837,#838,#839,#840,#841,#842,#843,#844,#845,
    #846,#847,#848,#849,#850,#851,#852,#853,#854,#855,#856,#857,#858,
    #859,#860,#861,#862,#863,#864,#865,#866,#867,#868,#869,#870,#871,
    #872,#873,#874,#875,#876,#877,#878,#879,#880,#881,#882,#883,#884,
    #885,#886,#887,#888,#889,#890,#891,#892,#893,#894,#895,#896,#897,
    #898,#899,#900,#901,#902,#903,#904,#905,#906,#907,#908,#909,#910,
    #911,#912,#913,#914,#915,#916,#917,#918,#919,#920,#921,#922,#923,
    #924,#925,#926,#927,#928,#929,#930,#931,#932,#933,#934,#935,#936,
    #937,#938,#939,#940,#941,#942,#943,#944,#945,#946,#947,#948,#949,
    #950,#951,#952,#953,#954,#955,#956,#957,#958,#959,#960,#961,#962,
    #963,#964,#965,#966,#967,#968,#969,#970,#971,#972,#973,#974,#975,
    #976,#977,#978,#979,#980,#981,#982,#983,#984,#985,#986,#987,#988,
    #989,#990,#991,#992,#993,#994,#995,#996,#997,#998,#999,#1000,#1001,
    #1002),.UNSPECIFIED.,.F.,.F.,(6,4,4,4,4,4,4,4,4,4,4,4,4,4,4,4,4,4,4,
    4,4,4,4,4,4,4,4,4,4,4,4,4,4,4,4,4,4,4,4,4,4,4,4,4,4,4,4,4,4,4,6),(0.
    ,1.049301523866E-02,1.852990395519E-02,2.561581850435E-02,
    3.221703093725E-02,3.857763632078E-02,4.479477482867E-02,
    5.417440534044E-02,6.044032354076E-02,6.685029763259E-02,
    7.341859019953E-02,8.021549211978E-02,8.729478860299E-02,
    9.473734297212E-02,0.102564828032,0.110874123958,0.119754489825,
    0.12934350906,0.139719347775,0.151080790304,0.16365363427,
    0.177790755921,0.193852278622,0.212553638214,0.235025010148,
    0.263533539385,0.297295361968,0.331119740604,0.364945421001,
    0.398871109813,0.43269544906,0.466214507505,0.500033277534,
    0.527845907429,0.555555900523,0.583363514764,0.611069118067,
    0.638873395038,0.666577137137,0.694281306492,0.721986896885,
    0.749794888242,0.777506006951,0.805220765271,0.832939229908,
    0.860761017655,0.888484896681,0.916209251659,0.943931794633,
    0.972049467144,1.),.UNSPECIFIED.);
#801 = CARTESIAN_POINT('',(-2.411137066237,-123.3333333333));
#802 = CARTESIAN_POINT('',(-2.416388026613,-126.7698870624));
#803 = CARTESIAN_POINT('',(-2.421636632331,-130.2064489904));
#804 = CARTESIAN_POINT('',(-2.426887271168,-133.6430026581));
#805 = CARTESIAN_POINT('',(-2.432142987331,-137.0795366256));
#806 = CARTESIAN_POINT('',(-2.441436468828,-143.1481592092));
#807 = CARTESIAN_POINT('',(-2.445471367198,-145.7802588489));
#808 = CARTESIAN_POINT('',(-2.449511171909,-148.4123396777));
#809 = CARTESIAN_POINT('',(-2.453556352444,-151.0443999182));
#810 = CARTESIAN_POINT('',(-2.46117839039,-155.9970392544));
#811 = CARTESIAN_POINT('',(-2.464754031482,-158.3176230123));
#812 = CARTESIAN_POINT('',(-2.468334023881,-160.6381900962));
#813 = CARTESIAN_POINT('',(-2.471918281447,-162.9587408274));
#814 = CARTESIAN_POINT('',(-2.478849373382,-167.4410784982));
#815 = CARTESIAN_POINT('',(-2.482195681134,-169.6028674596));
#816 = CARTESIAN_POINT('',(-2.485545274079,-171.7646438051));
#817 = CARTESIAN_POINT('',(-2.488897860313,-173.9264086471));
#818 = CARTESIAN_POINT('',(-2.495485962306,-178.1711246209));
#819 = CARTESIAN_POINT('',(-2.498721293804,-180.2540764616));
#820 = CARTESIAN_POINT('',(-2.50195871179,-182.337020271));
#821 = CARTESIAN_POINT('',(-2.50519782342,-184.4199575553));
#822 = CARTESIAN_POINT('',(-2.511605455878,-188.5388408308));
#823 = CARTESIAN_POINT('',(-2.514773922954,-190.574787029));
#824 = CARTESIAN_POINT('',(-2.517943170092,-192.6107302127));
#825 = CARTESIAN_POINT('',(-2.521112753772,-194.646672086));
#826 = CARTESIAN_POINT('',(-2.529063863167,-199.7541862505));
#827 = CARTESIAN_POINT('',(-2.533845217799,-202.8257591743));
#828 = CARTESIAN_POINT('',(-2.538624654251,-205.8973394281));
#829 = CARTESIAN_POINT('',(-2.543400458563,-208.9689335754));
#830 = CARTESIAN_POINT('',(-2.551357735264,-214.092493159));
#831 = CARTESIAN_POINT('',(-2.554542172602,-216.1444472692));
#832 = CARTESIAN_POINT('',(-2.55772370574,-218.1964124643));
#833 = CARTESIAN_POINT('',(-2.560901821554,-220.2483906849));
#834 = CARTESIAN_POINT('',(-2.56732317247,-224.3995531347));
#835 = CARTESIAN_POINT('',(-2.570566225631,-226.4987380555));
#836 = CARTESIAN_POINT('',(-2.573804621993,-228.5979406656));
#837 = CARTESIAN_POINT('',(-2.577037825136,-230.6971629599));
#838 = CARTESIAN_POINT('',(-2.583572507377,-234.9474995325));
#839 = CARTESIAN_POINT('',(-2.586873701014,-237.0986148894));
#840 = CARTESIAN_POINT('',(-2.590168323885,-239.249755028));
#841 = CARTESIAN_POINT('',(-2.593455827051,-241.4009219401));
#842 = CARTESIAN_POINT('',(-2.600129685104,-245.7781854543));
#843 = CARTESIAN_POINT('',(-2.603515498456,-248.0042840856));
#844 = CARTESIAN_POINT('',(-2.606892529314,-250.2304155269));
#845 = CARTESIAN_POINT('',(-2.610260211688,-252.4565817627));
#846 = CARTESIAN_POINT('',(-2.617115301895,-257.0014808063));
#847 = CARTESIAN_POINT('',(-2.62060187094,-259.3202167227));
#848 = CARTESIAN_POINT('',(-2.624077096971,-261.6389945092));
#849 = CARTESIAN_POINT('',(-2.627540396426,-263.9578161176));
#850 = CARTESIAN_POINT('',(-2.634619104737,-268.7145379391));
#851 = CARTESIAN_POINT('',(-2.638233199917,-271.1524429545));
#852 = CARTESIAN_POINT('',(-2.641832857062,-273.5904004838));
#853 = CARTESIAN_POINT('',(-2.645417468748,-276.0284124313));
#854 = CARTESIAN_POINT('',(-2.652740048052,-281.0306460629));
#855 = CARTESIAN_POINT('',(-2.656476358343,-283.5948737054));
#856 = CARTESIAN_POINT('',(-2.660194730389,-286.1591654401));
#857 = CARTESIAN_POINT('',(-2.663894542604,-288.7235230474));
#858 = CARTESIAN_POINT('',(-2.671482448687,-294.0102230477));
#859 = CARTESIAN_POINT('',(-2.675368113563,-296.7325740006));
#860 = CARTESIAN_POINT('',(-2.679231518395,-299.4550028174));
#861 = CARTESIAN_POINT('',(-2.683072021295,-302.1775111125));
#862 = CARTESIAN_POINT('',(-2.6909683705,-307.8098037669));
#863 = CARTESIAN_POINT('',(-2.695020876011,-310.7195996237));
#864 = CARTESIAN_POINT('',(-2.699045825556,-313.6294894756));
#865 = CARTESIAN_POINT('',(-2.703042556916,-316.5394746863));
#866 = CARTESIAN_POINT('',(-2.711295017259,-322.5918625317));
#867 = CARTESIAN_POINT('',(-2.715545962042,-325.7342811762));
#868 = CARTESIAN_POINT('',(-2.719762543226,-328.8768136012));
#869 = CARTESIAN_POINT('',(-2.723944073944,-332.019460803));
#870 = CARTESIAN_POINT('',(-2.732575989794,-338.5628629885));
#871 = CARTESIAN_POINT('',(-2.737020280578,-341.9636377004));
#872 = CARTESIAN_POINT('',(-2.741422032147,-345.3645483871));
#873 = CARTESIAN_POINT('',(-2.745780550755,-348.7655954701));
#874 = CARTESIAN_POINT('',(-2.754819757885,-355.8910418412));
#875 = CARTESIAN_POINT('',(-2.759491720255,-359.6154682889));
#876 = CARTESIAN_POINT('',(-2.764110316772,-363.3400583427));
#877 = CARTESIAN_POINT('',(-2.768674854458,-367.0648115633));
#878 = CARTESIAN_POINT('',(-2.77817549942,-374.9118075814));
#879 = CARTESIAN_POINT('',(-2.783099330114,-379.0340868422));
#880 = CARTESIAN_POINT('',(-2.787955441834,-383.1565635984));
#881 = CARTESIAN_POINT('',(-2.792743173195,-387.2792360731));
#882 = CARTESIAN_POINT('',(-2.802767924538,-396.0379231162));
#883 = CARTESIAN_POINT('',(-2.807986728536,-400.6739888257));
#884 = CARTESIAN_POINT('',(-2.813117660806,-405.3102957621));
#885 = CARTESIAN_POINT('',(-2.818160155404,-409.9468399659));
#886 = CARTESIAN_POINT('',(-2.828741816526,-419.8515701316));
#887 = CARTESIAN_POINT('',(-2.834255151935,-425.1198237819));
#888 = CARTESIAN_POINT('',(-2.839653273435,-430.3883710116));
#889 = CARTESIAN_POINT('',(-2.844935878122,-435.6572043101));
#890 = CARTESIAN_POINT('',(-2.856119210167,-447.0614461538));
#891 = CARTESIAN_POINT('',(-2.861978826428,-453.196953578));
#892 = CARTESIAN_POINT('',(-2.867681689484,-459.3328246967));
#893 = CARTESIAN_POINT('',(-2.873228156541,-465.4690456059));
#894 = CARTESIAN_POINT('',(-2.885096495371,-478.9792279051));
#895 = CARTESIAN_POINT('',(-2.891349280402,-486.3533381475));
#896 = CARTESIAN_POINT('',(-2.89737858497,-493.7279071228));
#897 = CARTESIAN_POINT('',(-2.903186462099,-501.1029087519));
#898 = CARTESIAN_POINT('',(-2.915866363273,-517.8352010806));
#899 = CARTESIAN_POINT('',(-2.922605079388,-527.1927395701));
#900 = CARTESIAN_POINT('',(-2.928997302276,-536.5508781177));
#901 = CARTESIAN_POINT('',(-2.935050271879,-545.9095635247));
#902 = CARTESIAN_POINT('',(-2.947549262812,-566.3525502945));
#903 = CARTESIAN_POINT('',(-2.95386217944,-577.4370513669));
#904 = CARTESIAN_POINT('',(-2.959725497993,-588.5221624516));
#905 = CARTESIAN_POINT('',(-2.965156020688,-599.6078043733));
#906 = CARTESIAN_POINT('',(-2.975197517719,-621.8005481544));
#907 = CARTESIAN_POINT('',(-2.979806954558,-632.9076518208));
#908 = CARTESIAN_POINT('',(-2.984018905442,-644.0151453829));
#909 = CARTESIAN_POINT('',(-2.987853418057,-655.1229659724));
#910 = CARTESIAN_POINT('',(-2.994808685269,-677.3395824566));
#911 = CARTESIAN_POINT('',(-2.997929411746,-688.4483782075));
#912 = CARTESIAN_POINT('',(-3.000713662051,-699.5573948917));
#913 = CARTESIAN_POINT('',(-3.003182364159,-710.6665882497));
#914 = CARTESIAN_POINT('',(-3.007535681048,-732.9181040362));
#915 = CARTESIAN_POINT('',(-3.009418546846,-744.0604269735));
#916 = CARTESIAN_POINT('',(-3.011024889832,-755.2028569919));
#917 = CARTESIAN_POINT('',(-3.012374538039,-766.3453660612));
#918 = CARTESIAN_POINT('',(-3.014593758214,-788.5972137996));
#919 = CARTESIAN_POINT('',(-3.015464752151,-799.7065517523));
#920 = CARTESIAN_POINT('',(-3.016116957457,-810.8159270197));
#921 = CARTESIAN_POINT('',(-3.016567044858,-821.9253240065));
#922 = CARTESIAN_POINT('',(-3.0170898865,-844.0438723369));
#923 = CARTESIAN_POINT('',(-3.017166009777,-855.0530231724));
#924 = CARTESIAN_POINT('',(-3.017072278851,-866.062174057));
#925 = CARTESIAN_POINT('',(-3.016820991979,-877.0713171634));
#926 = CARTESIAN_POINT('',(-3.016019991,-899.1880159055));
#927 = CARTESIAN_POINT('',(-3.015467631654,-910.2955710732));
#928 = CARTESIAN_POINT('',(-3.014775596641,-921.4031074161));
#929 = CARTESIAN_POINT('',(-3.013952066806,-932.5106206787));
#930 = CARTESIAN_POINT('',(-3.012222491282,-952.7529292353));
#931 = CARTESIAN_POINT('',(-3.011357077588,-961.8877329129));
#932 = CARTESIAN_POINT('',(-3.01041008963,-971.022516982));
#933 = CARTESIAN_POINT('',(-3.009383858134,-980.157279695));
#934 = CARTESIAN_POINT('',(-3.007179860842,-998.3930491993));
#935 = CARTESIAN_POINT('',(-3.006002668272,-1.007494056114E+03));
#936 = CARTESIAN_POINT('',(-3.004749671092,-1.016595038472E+03));
#937 = CARTESIAN_POINT('',(-3.003421418293,-1.025695994389E+03));
#938 = CARTESIAN_POINT('',(-3.000609130199,-1.043929911432E+03));
#939 = CARTESIAN_POINT('',(-2.999124562613,-1.053062872324E+03));
#940 = CARTESIAN_POINT('',(-2.997563881722,-1.062195802409E+03));
#941 = CARTESIAN_POINT('',(-2.995926203927,-1.071328699208E+03));
#942 = CARTESIAN_POINT('',(-2.992500380836,-1.089560917171E+03));
#943 = CARTESIAN_POINT('',(-2.990712809609,-1.098660238576E+03));
#944 = CARTESIAN_POINT('',(-2.988846063684,-1.107759521366E+03));
#945 = CARTESIAN_POINT('',(-2.986898283124,-1.116858762292E+03));
#946 = CARTESIAN_POINT('',(-2.982829226837,-1.135089560059E+03));
#947 = CARTESIAN_POINT('',(-2.980707357958,-1.144221116559E+03));
#948 = CARTESIAN_POINT('',(-2.978499647356,-1.153352623605E+03));
#949 = CARTESIAN_POINT('',(-2.976203738704,-1.162484077085E+03));
#950 = CARTESIAN_POINT('',(-2.971439540451,-1.180713850764E+03));
#951 = CARTESIAN_POINT('',(-2.968971904206,-1.189812171382E+03));
#952 = CARTESIAN_POINT('',(-2.966412135223,-1.198910430084E+03));
#953 = CARTESIAN_POINT('',(-2.963758002129,-1.20800862221E+03));
#954 = CARTESIAN_POINT('',(-2.958257196047,-1.226205004155E+03));
#955 = CARTESIAN_POINT('',(-2.955410520122,-1.235303193989E+03));
#956 = CARTESIAN_POINT('',(-2.952465707892,-1.244401307762E+03));
#957 = CARTESIAN_POINT('',(-2.949421222348,-1.253499340754E+03));
#958 = CARTESIAN_POINT('',(-2.943130961161,-1.271695702977E+03));
#959 = CARTESIAN_POINT('',(-2.939885175209,-1.280794032239E+03));
#960 = CARTESIAN_POINT('',(-2.936537922996,-1.289892271857E+03));
#961 = CARTESIAN_POINT('',(-2.933088959463,-1.298990417927E+03));
#962 = CARTESIAN_POINT('',(-2.925975873049,-1.317220143563E+03));
#963 = CARTESIAN_POINT('',(-2.922311002022,-1.326351722475E+03));
#964 = CARTESIAN_POINT('',(-2.918545062892,-1.335483200965E+03));
#965 = CARTESIAN_POINT('',(-2.914679705826,-1.344614577137E+03));
#966 = CARTESIAN_POINT('',(-2.906769729381,-1.362845314173E+03));
#967 = CARTESIAN_POINT('',(-2.902725781332,-1.371944675819E+03));
#968 = CARTESIAN_POINT('',(-2.898588828171,-1.381043935198E+03));
#969 = CARTESIAN_POINT('',(-2.894362943128,-1.390143093909E+03));
#970 = CARTESIAN_POINT('',(-2.885743872885,-1.408342412818E+03));
#971 = CARTESIAN_POINT('',(-2.881350665693,-1.417442573047E+03));
#972 = CARTESIAN_POINT('',(-2.876879636846,-1.426542640398E+03));
#973 = CARTESIAN_POINT('',(-2.872337844372,-1.435642621416E+03));
#974 = CARTESIAN_POINT('',(-2.863129779424,-1.453843646762E+03));
#975 = CARTESIAN_POINT('',(-2.858463490278,-1.462944691083E+03));
#976 = CARTESIAN_POINT('',(-2.853744088919,-1.472045668169E+03));
#977 = CARTESIAN_POINT('',(-2.848982183904,-1.481146590686E+03));
#978 = CARTESIAN_POINT('',(-2.839380899573,-1.499382283184E+03));
#979 = CARTESIAN_POINT('',(-2.834541297529,-1.508517052799E+03));
#980 = CARTESIAN_POINT('',(-2.82968450957,-1.517651800015E+03));
#981 = CARTESIAN_POINT('',(-2.824825495788,-1.526786544247E+03));
#982 = CARTESIAN_POINT('',(-2.815155004043,-1.545023925972E+03));
#983 = CARTESIAN_POINT('',(-2.810343418925,-1.554126563079E+03));
#984 = CARTESIAN_POINT('',(-2.805564264234,-1.563229242532E+03));
#985 = CARTESIAN_POINT('',(-2.800837304736,-1.572331988987E+03));
#986 = CARTESIAN_POINT('',(-2.79153317922,-1.590537826243E+03));
#987 = CARTESIAN_POINT('',(-2.786956015812,-1.599640916514E+03));
#988 = CARTESIAN_POINT('',(-2.782476542889,-1.608744127732E+03));
#989 = CARTESIAN_POINT('',(-2.778120484764,-1.617847486233E+03));
#990 = CARTESIAN_POINT('',(-2.769714236003,-1.636053954802E+03));
#991 = CARTESIAN_POINT('',(-2.765664025551,-1.645157063822E+03));
#992 = CARTESIAN_POINT('',(-2.761795979924,-1.654260371756E+03));
#993 = CARTESIAN_POINT('',(-2.758143139357,-1.663363898254E+03));
#994 = CARTESIAN_POINT('',(-2.75129468165,-1.681701171434E+03));
#995 = CARTESIAN_POINT('',(-2.748106323488,-1.690934922813E+03));
#996 = CARTESIAN_POINT('',(-2.745217354627,-1.700168926532E+03));
#997 = CARTESIAN_POINT('',(-2.742671918707,-1.709403178719E+03));
#998 = CARTESIAN_POINT('',(-2.738381742452,-1.727817243238E+03));
#999 = CARTESIAN_POINT('',(-2.736632332024,-1.736997049409E+03));
#1000 = CARTESIAN_POINT('',(-2.735321763411,-1.746177056081E+03));
#1001 = CARTESIAN_POINT('',(-2.734505699718,-1.75535720321E+03));
#1002 = CARTESIAN_POINT('',(-2.734247933038,-1.764537391004E+03));
#1003 = ( GEOMETRIC_REPRESENTATION_CONTEXT(2) 
PARAMETRIC_REPRESENTATION_CONTEXT() REPRESENTATION_CONTEXT('2D SPACE',''
  ) );
#1004 = PCURVE('',#1005,#1020);
#1005 = ( BOUNDED_SURFACE() B_SPLINE_SURFACE(1,6,(
    (#1006,#1007,#1008,#1009,#1010,#1011,#1012)
    ,(#1013,#1014,#1015,#1016,#1017,#1018,#1019
)),.UNSPECIFIED.,.F.,.F.,.F.) B_SPLINE_SURFACE_WITH_KNOTS((2,2),(7,7),(
    4.,5.),(0.,1.),.PIECEWISE_BEZIER_KNOTS.) 
GEOMETRIC_REPRESENTATION_ITEM() RATIONAL_B_SPLINE_SURFACE((
    (1.,1.,1.,1.,1.,1.,1.)
,(1.,1.,1.,1.,1.,1.,1.))) REPRESENTATION_ITEM('') SURFACE() );
#1006 = CARTESIAN_POINT('',(-1.E+03,77.164022305143,82.53803384216));
#1007 = CARTESIAN_POINT('',(-720.3561247764,60.742005371947,
    107.13450034795));
#1008 = CARTESIAN_POINT('',(-438.3501308613,109.32699246139,
    172.73578763693));
#1009 = CARTESIAN_POINT('',(-154.3541178289,47.131807159075,
    74.515207081793));
#1010 = CARTESIAN_POINT('',(125.23666448928,100.38124863651,
    166.4590003683));
#1011 = CARTESIAN_POINT('',(408.40443418496,78.523198287051,
    103.51937327428));
#1012 = CARTESIAN_POINT('',(690.,82.127911909072,112.22237651637));
#1013 = CARTESIAN_POINT('',(-1.E+03,64.648232278141,71.719300090006));
#1014 = CARTESIAN_POINT('',(-720.3561247764,37.662387910386,
    98.705144457766));
#1015 = CARTESIAN_POINT('',(-438.3501308613,26.467453568569,
    109.90007879956));
#1016 = CARTESIAN_POINT('',(-154.3541178289,50.168371498104,
    86.199160870074));
#1017 = CARTESIAN_POINT('',(125.23666448928,24.711561097348,
    111.65597127077));
#1018 = CARTESIAN_POINT('',(408.40443418496,51.738914218798,
    84.628618149359));
#1019 = CARTESIAN_POINT('',(690.,48.38477631085,87.982756057297));
#1020 = DEFINITIONAL_REPRESENTATION('',(#1021),#1224);
#1021 = B_SPLINE_CURVE_WITH_KNOTS('',5,(#1022,#1023,#1024,#1025,#1026,
    #1027,#1028,#1029,#1030,#1031,#1032,#1033,#1034,#1035,#1036,#1037,
    #1038,#1039,#1040,#1041,#1042,#1043,#1044,#1045,#1046,#1047,#1048,
    #1049,#1050,#1051,#1052,#1053,#1054,#1055,#1056,#1057,#1058,#1059,
    #1060,#1061,#1062,#1063,#1064,#1065,#1066,#1067,#1068,#1069,#1070,
    #1071,#1072,#1073,#1074,#1075,#1076,#1077,#1078,#1079,#1080,#1081,
    #1082,#1083,#1084,#1085,#1086,#1087,#1088,#1089,#1090,#1091,#1092,
    #1093,#1094,#1095,#1096,#1097,#1098,#1099,#1100,#1101,#1102,#1103,
    #1104,#1105,#1106,#1107,#1108,#1109,#1110,#1111,#1112,#1113,#1114,
    #1115,#1116,#1117,#1118,#1119,#1120,#1121,#1122,#1123,#1124,#1125,
    #1126,#1127,#1128,#1129,#1130,#1131,#1132,#1133,#1134,#1135,#1136,
    #1137,#1138,#1139,#1140,#1141,#1142,#1143,#1144,#1145,#1146,#1147,
    #1148,#1149,#1150,#1151,#1152,#1153,#1154,#1155,#1156,#1157,#1158,
    #1159,#1160,#1161,#1162,#1163,#1164,#1165,#1166,#1167,#1168,#1169,
    #1170,#1171,#1172,#1173,#1174,#1175,#1176,#1177,#1178,#1179,#1180,
    #1181,#1182,#1183,#1184,#1185,#1186,#1187,#1188,#1189,#1190,#1191,
    #1192,#1193,#1194,#1195,#1196,#1197,#1198,#1199,#1200,#1201,#1202,
    #1203,#1204,#1205,#1206,#1207,#1208,#1209,#1210,#1211,#1212,#1213,
    #1214,#1215,#1216,#1217,#1218,#1219,#1220,#1221,#1222,#1223),
  .UNSPECIFIED.,.F.,.F.,(6,4,4,4,4,4,4,4,4,4,4,4,4,4,4,4,4,4,4,4,4,4,4,4
    ,4,4,4,4,4,4,4,4,4,4,4,4,4,4,4,4,4,4,4,4,4,4,4,4,4,4,6),(0.,
    1.049301523866E-02,1.852990395519E-02,2.561581850435E-02,
    3.221703093725E-02,3.857763632078E-02,4.479477482867E-02,
    5.417440534044E-02,6.044032354076E-02,6.685029763259E-02,
    7.341859019953E-02,8.021549211978E-02,8.729478860299E-02,
    9.473734297212E-02,0.102564828032,0.110874123958,0.119754489825,
    0.12934350906,0.139719347775,0.151080790304,0.16365363427,
    0.177790755921,0.193852278622,0.212553638214,0.235025010148,
    0.263533539385,0.297295361968,0.331119740604,0.364945421001,
    0.398871109813,0.43269544906,0.466214507505,0.500033277534,
    0.527845907429,0.555555900523,0.583363514764,0.611069118067,
    0.638873395038,0.666577137137,0.694281306492,0.721986896885,
    0.749794888242,0.777506006951,0.805220765271,0.832939229908,
    0.860761017655,0.888484896681,0.916209251659,0.943931794633,
    0.972049467144,1.),.UNSPECIFIED.);
#1022 = CARTESIAN_POINT('',(4.036704693524,0.));
#1023 = CARTESIAN_POINT('',(4.042075049553,2.048172713923E-03));
#1024 = CARTESIAN_POINT('',(4.048221087177,4.096128847116E-03));
#1025 = CARTESIAN_POINT('',(4.055073502829,6.143859159915E-03));
#1026 = CARTESIAN_POINT('',(4.062559020292,8.191357530048E-03));
#1027 = CARTESIAN_POINT('',(4.076770323337,1.180667560908E-02));
#1028 = CARTESIAN_POINT('',(4.083263857963,1.337459257587E-02));
#1029 = CARTESIAN_POINT('',(4.090054927212,1.494236998741E-02));
#1030 = CARTESIAN_POINT('',(4.097112549684,1.651000718385E-02));
#1031 = CARTESIAN_POINT('',(4.110838251652,1.945952557746E-02));
#1032 = CARTESIAN_POINT('',(4.117453662618,2.084143794298E-02));
#1033 = CARTESIAN_POINT('',(4.12423286005,2.222324155055E-02));
#1034 = CARTESIAN_POINT('',(4.131156683838,2.360493691034E-02));
#1035 = CARTESIAN_POINT('',(4.144775333207,2.627360734089E-02));
#1036 = CARTESIAN_POINT('',(4.151453441851,2.756059658658E-02));
#1037 = CARTESIAN_POINT('',(4.15822695552,2.88474933943E-02));
#1038 = CARTESIAN_POINT('',(4.165082379235,3.01342987149E-02));
#1039 = CARTESIAN_POINT('',(4.17867969813,3.266082935681E-02));
#1040 = CARTESIAN_POINT('',(4.185416626199,3.390056113587E-02));
#1041 = CARTESIAN_POINT('',(4.192206878896,3.514021010468E-02));
#1042 = CARTESIAN_POINT('',(4.199040212945,3.637977744253E-02));
#1043 = CARTESIAN_POINT('',(4.212619471752,3.883079418329E-02));
#1044 = CARTESIAN_POINT('',(4.219363888123,4.004224716393E-02));
#1045 = CARTESIAN_POINT('',(4.226131820106,4.125362462645E-02));
#1046 = CARTESIAN_POINT('',(4.232915339483,4.246492786963E-02));
#1047 = CARTESIAN_POINT('',(4.249954165279,4.550350915964E-02));
#1048 = CARTESIAN_POINT('',(4.260220245883,4.733069424285E-02));
#1049 = CARTESIAN_POINT('',(4.270480986526,4.915771821411E-02));
#1050 = CARTESIAN_POINT('',(4.280715773234,5.098458603964E-02));
#1051 = CARTESIAN_POINT('',(4.297715590721,5.403161277119E-02));
#1052 = CARTESIAN_POINT('',(4.30450457168,5.525185536578E-02));
#1053 = CARTESIAN_POINT('',(4.311269099575,5.647203200686E-02));
#1054 = CARTESIAN_POINT('',(4.318004641638,5.769214418748E-02));
#1055 = CARTESIAN_POINT('',(4.331564002986,6.016029201111E-02));
#1056 = CARTESIAN_POINT('',(4.338386281602,6.140832472316E-02));
#1057 = CARTESIAN_POINT('',(4.345169910103,6.265629312635E-02));
#1058 = CARTESIAN_POINT('',(4.351911252273,6.390419878834E-02));
#1059 = CARTESIAN_POINT('',(4.36546860162,6.643070793724E-02));
#1060 = CARTESIAN_POINT('',(4.37228232978,6.770930836211E-02));
#1061 = CARTESIAN_POINT('',(4.379045114031,6.898784618397E-02));
#1062 = CARTESIAN_POINT('',(4.385754159527,7.026632301667E-02));
#1063 = CARTESIAN_POINT('',(4.399291764273,7.286765314724E-02));
#1064 = CARTESIAN_POINT('',(4.406116344665,7.419050223583E-02));
#1065 = CARTESIAN_POINT('',(4.412878392755,7.551328943369E-02));
#1066 = CARTESIAN_POINT('',(4.419575846682,7.683601641697E-02));
#1067 = CARTESIAN_POINT('',(4.433113893844,7.953630680167E-02));
#1068 = CARTESIAN_POINT('',(4.439948861233,8.091386523194E-02));
#1069 = CARTESIAN_POINT('',(4.446710215384,8.22913619134E-02));
#1070 = CARTESIAN_POINT('',(4.453396584715,8.366879858951E-02));
#1071 = CARTESIAN_POINT('',(4.466956668336,8.649423227397E-02));
#1072 = CARTESIAN_POINT('',(4.473822378222,8.794222314139E-02));
#1073 = CARTESIAN_POINT('',(4.480603059692,8.939015145948E-02));
#1074 = CARTESIAN_POINT('',(4.487298009397,9.083801906298E-02));
#1075 = CARTESIAN_POINT('',(4.500857639474,9.380851732233E-02));
#1076 = CARTESIAN_POINT('',(4.507713176685,9.533114172035E-02));
#1077 = CARTESIAN_POINT('',(4.514473166068,9.685370290226E-02));
#1078 = CARTESIAN_POINT('',(4.521137591029,9.837620277242E-02));
#1079 = CARTESIAN_POINT('',(4.534680329569,0.101514795342));
#1080 = CARTESIAN_POINT('',(4.541546545054,0.103130880491));
#1081 = CARTESIAN_POINT('',(4.548305819569,0.104746900704));
#1082 = CARTESIAN_POINT('',(4.554958844584,0.106362857987));
#1083 = CARTESIAN_POINT('',(4.56850438368,0.109705705539));
#1084 = CARTESIAN_POINT('',(4.575381918952,0.11143258713));
#1085 = CARTESIAN_POINT('',(4.582140423672,0.113159401263));
#1086 = CARTESIAN_POINT('',(4.588781350308,0.114886150061));
#1087 = CARTESIAN_POINT('',(4.602352142739,0.118477310457));
#1088 = CARTESIAN_POINT('',(4.609262762259,0.12034171154));
#1089 = CARTESIAN_POINT('',(4.616040390122,0.122206041221));
#1090 = CARTESIAN_POINT('',(4.622687343838,0.124070301791));
#1091 = CARTESIAN_POINT('',(4.636259797485,0.127951653872));
#1092 = CARTESIAN_POINT('',(4.64316338617,0.129968733941));
#1093 = CARTESIAN_POINT('',(4.649920053155,0.131985738237));
#1094 = CARTESIAN_POINT('',(4.656533061185,0.134002669216));
#1095 = CARTESIAN_POINT('',(4.670093328681,0.138227971122));
#1096 = CARTESIAN_POINT('',(4.677012655082,0.140436327912));
#1097 = CARTESIAN_POINT('',(4.683768160368,0.142644602446));
#1098 = CARTESIAN_POINT('',(4.69036424698,0.144852797424));
#1099 = CARTESIAN_POINT('',(4.703933146958,0.149504471343));
#1100 = CARTESIAN_POINT('',(4.710871127239,0.151947932973));
#1101 = CARTESIAN_POINT('',(4.71762520238,0.154391303517));
#1102 = CARTESIAN_POINT('',(4.724201173294,0.156834586006));
#1103 = CARTESIAN_POINT('',(4.737804917348,0.162024956033));
#1104 = CARTESIAN_POINT('',(4.744787098562,0.164772021033));
#1105 = CARTESIAN_POINT('',(4.75155925933,0.167518982072));
#1106 = CARTESIAN_POINT('',(4.758129066911,0.170265842686));
#1107 = CARTESIAN_POINT('',(4.771746354635,0.176133269747));
#1108 = CARTESIAN_POINT('',(4.778737115515,0.179253807936));
#1109 = CARTESIAN_POINT('',(4.785486820315,0.182374225291));
#1110 = CARTESIAN_POINT('',(4.792005517962,0.18549452605));
#1111 = CARTESIAN_POINT('',(4.805634657346,0.192247729298));
#1112 = CARTESIAN_POINT('',(4.812666263612,0.195880591697));
#1113 = CARTESIAN_POINT('',(4.819412247695,0.199513307249));
#1114 = CARTESIAN_POINT('',(4.825886228442,0.20314588144));
#1115 = CARTESIAN_POINT('',(4.839568040039,0.211143021264));
#1116 = CARTESIAN_POINT('',(4.846660714549,0.215507526425));
#1117 = CARTESIAN_POINT('',(4.853400517537,0.219871843419));
#1118 = CARTESIAN_POINT('',(4.859806955699,0.224235980292));
#1119 = CARTESIAN_POINT('',(4.87362485323,0.234136331167));
#1120 = CARTESIAN_POINT('',(4.88084391797,0.239672440072));
#1121 = CARTESIAN_POINT('',(4.887591064716,0.245208286585));
#1122 = CARTESIAN_POINT('',(4.893897790994,0.250743885589));
#1123 = CARTESIAN_POINT('',(4.906772958285,0.262834624813));
#1124 = CARTESIAN_POINT('',(4.913175478313,0.269389671446));
#1125 = CARTESIAN_POINT('',(4.919046620301,0.275944415881));
#1126 = CARTESIAN_POINT('',(4.924426691455,0.282498883263));
#1127 = CARTESIAN_POINT('',(4.934285857439,0.29561946012));
#1128 = CARTESIAN_POINT('',(4.938763263643,0.302185568724));
#1129 = CARTESIAN_POINT('',(4.942820106656,0.308751451936));
#1130 = CARTESIAN_POINT('',(4.946488223947,0.315317137531));
#1131 = CARTESIAN_POINT('',(4.953104683142,0.328448424286));
#1132 = CARTESIAN_POINT('',(4.956052996263,0.335014025337));
#1133 = CARTESIAN_POINT('',(4.958670076405,0.341579486976));
#1134 = CARTESIAN_POINT('',(4.960981582238,0.348144839051));
#1135 = CARTESIAN_POINT('',(4.965045877279,0.361294795466));
#1136 = CARTESIAN_POINT('',(4.966796993548,0.367879399143));
#1137 = CARTESIAN_POINT('',(4.968287484241,0.374463953586));
#1138 = CARTESIAN_POINT('',(4.969538264097,0.381048488595));
#1139 = CARTESIAN_POINT('',(4.971594767856,0.394197906606));
#1140 = CARTESIAN_POINT('',(4.972401809598,0.400762789336));
#1141 = CARTESIAN_POINT('',(4.973007725255,0.407327709637));
#1142 = CARTESIAN_POINT('',(4.973428880535,0.413892693515));
#1143 = CARTESIAN_POINT('',(4.9739280453,0.426963582351));
#1144 = CARTESIAN_POINT('',(4.974009117203,0.433469485562));
#1145 = CARTESIAN_POINT('',(4.973936742962,0.439975496762));
#1146 = CARTESIAN_POINT('',(4.973722874011,0.446481634966));
#1147 = CARTESIAN_POINT('',(4.973029187569,0.459552372163));
#1148 = CARTESIAN_POINT('',(4.972547016202,0.466116973587));
#1149 = CARTESIAN_POINT('',(4.971941370281,0.472681735462));
#1150 = CARTESIAN_POINT('',(4.971220671105,0.479246668847));
#1151 = CARTESIAN_POINT('',(4.969709499378,0.491210942021));
#1152 = CARTESIAN_POINT('',(4.968954154963,0.496610224167));
#1153 = CARTESIAN_POINT('',(4.968129069835,0.502009630212));
#1154 = CARTESIAN_POINT('',(4.967237065404,0.507409161421));
#1155 = CARTESIAN_POINT('',(4.965326904025,0.518188546114));
#1156 = CARTESIAN_POINT('',(4.964309224774,0.523568398656));
#1157 = CARTESIAN_POINT('',(4.963229237601,0.528948373694));
#1158 = CARTESIAN_POINT('',(4.962088265834,0.534328468092));
#1159 = CARTESIAN_POINT('',(4.95968153634,0.545107839583));
#1160 = CARTESIAN_POINT('',(4.958415353194,0.550507117461));
#1161 = CARTESIAN_POINT('',(4.957089184033,0.555906505151));
#1162 = CARTESIAN_POINT('',(4.955703121572,0.561305995286));
#1163 = CARTESIAN_POINT('',(4.95281574735,0.572085353979));
#1164 = CARTESIAN_POINT('',(4.951314877081,0.577465221839));
#1165 = CARTESIAN_POINT('',(4.949753791398,0.582845173195));
#1166 = CARTESIAN_POINT('',(4.948131642136,0.588225197087));
#1167 = CARTESIAN_POINT('',(4.944756901081,0.599004526353));
#1168 = CARTESIAN_POINT('',(4.943003865342,0.604403832145));
#1169 = CARTESIAN_POINT('',(4.941186993185,0.609803185962));
#1170 = CARTESIAN_POINT('',(4.939304800602,0.615202573746));
#1171 = CARTESIAN_POINT('',(4.935413550524,0.625981863979));
#1172 = CARTESIAN_POINT('',(4.933404976379,0.631361766291));
#1173 = CARTESIAN_POINT('',(4.931328310517,0.636741672524));
#1174 = CARTESIAN_POINT('',(4.929181785052,0.642121566834));
#1175 = CARTESIAN_POINT('',(4.924745441308,0.652881382215));
#1176 = CARTESIAN_POINT('',(4.922455620794,0.658261303295));
#1177 = CARTESIAN_POINT('',(4.920092398419,0.663641180083));
#1178 = CARTESIAN_POINT('',(4.917654001527,0.669020996114));
#1179 = CARTESIAN_POINT('',(4.91262345027,0.679780750564));
#1180 = CARTESIAN_POINT('',(4.910031287927,0.685160688999));
#1181 = CARTESIAN_POINT('',(4.907360663629,0.690540534632));
#1182 = CARTESIAN_POINT('',(4.904610068501,0.695920272026));
#1183 = CARTESIAN_POINT('',(4.898935991414,0.706699385509));
#1184 = CARTESIAN_POINT('',(4.896011907835,0.712098760728));
#1185 = CARTESIAN_POINT('',(4.893004761436,0.717497998573));
#1186 = CARTESIAN_POINT('',(4.889913570365,0.722897086475));
#1187 = CARTESIAN_POINT('',(4.883573104005,0.733676134458));
#1188 = CARTESIAN_POINT('',(4.880324416619,0.739056095691));
#1189 = CARTESIAN_POINT('',(4.876991225439,0.74443588815));
#1190 = CARTESIAN_POINT('',(4.873573451871,0.749815504653));
#1191 = CARTESIAN_POINT('',(4.86656958587,0.760575085303));
#1192 = CARTESIAN_POINT('',(4.862983470905,0.765955049436));
#1193 = CARTESIAN_POINT('',(4.859314068103,0.77133483063));
#1194 = CARTESIAN_POINT('',(4.855562762398,0.776714429322));
#1195 = CARTESIAN_POINT('',(4.847901077978,0.787473991828));
#1196 = CARTESIAN_POINT('',(4.843990677401,0.792853955602));
#1197 = CARTESIAN_POINT('',(4.840003617257,0.798233747606));
#1198 = CARTESIAN_POINT('',(4.835943762972,0.803613378233));
#1199 = CARTESIAN_POINT('',(4.827675078102,0.814392402206));
#1200 = CARTESIAN_POINT('',(4.823465747878,0.819791794424));
#1201 = CARTESIAN_POINT('',(4.819195215273,0.825191057349));
#1202 = CARTESIAN_POINT('',(4.814871720473,0.830590213596));
#1203 = CARTESIAN_POINT('',(4.806158021303,0.841369372059));
#1204 = CARTESIAN_POINT('',(4.801768105185,0.846749374671));
#1205 = CARTESIAN_POINT('',(4.797349281542,0.852129330262));
#1206 = CARTESIAN_POINT('',(4.792917021075,0.857509274437));
#1207 = CARTESIAN_POINT('',(4.784068316504,0.868269318375));
#1208 = CARTESIAN_POINT('',(4.779651874864,0.873649417824));
#1209 = CARTESIAN_POINT('',(4.775264790593,0.879029591845));
#1210 = CARTESIAN_POINT('',(4.770934432264,0.884409889074));
#1211 = CARTESIAN_POINT('',(4.762459776587,0.895170489397));
#1212 = CARTESIAN_POINT('',(4.758315474661,0.900550791862));
#1213 = CARTESIAN_POINT('',(4.754300179484,0.905931328412));
#1214 = CARTESIAN_POINT('',(4.750458976846,0.911312157964));
#1215 = CARTESIAN_POINT('',(4.74318562108,0.922151228395));
#1216 = CARTESIAN_POINT('',(4.739760095117,0.92760947835));
#1217 = CARTESIAN_POINT('',(4.736629846561,0.933068161198));
#1218 = CARTESIAN_POINT('',(4.733865373117,0.938527341465));
#1219 = CARTESIAN_POINT('',(4.729242980881,0.949414370282));
#1220 = CARTESIAN_POINT('',(4.727379782909,0.954842210124));
#1221 = CARTESIAN_POINT('',(4.726036466055,0.960270666566));
#1222 = CARTESIAN_POINT('',(4.725301961323,0.965699789669));
#1223 = CARTESIAN_POINT('',(4.725264784013,0.971129617329));
#1224 = ( GEOMETRIC_REPRESENTATION_CONTEXT(2) 
PARAMETRIC_REPRESENTATION_CONTEXT() REPRESENTATION_CONTEXT('2D SPACE',''
  ) );
#1225 = ORIENTED_EDGE('',*,*,#1226,.T.);
#1226 = EDGE_CURVE('',#592,#1227,#1229,.T.);
#1227 = VERTEX_POINT('',#1228);
#1228 = CARTESIAN_POINT('',(633.46688704897,94.282656201721,
    57.708123616006));
#1229 = SURFACE_CURVE('',#1230,(#1235,#1248),.PCURVE_S1.);
#1230 = ELLIPSE('',#1231,85.445889310136,70.);
#1231 = AXIS2_PLACEMENT_3D('',#1232,#1233,#1234);
#1232 = CARTESIAN_POINT('',(678.99999998972,30.000000020756,30.));
#1233 = DIRECTION('',(-0.819231920519,-0.405499112454,-0.405499112454));
#1234 = DIRECTION('',(-0.573462344363,0.579284446363,0.579284446363));
#1235 = PCURVE('',#233,#1236);
#1236 = DEFINITIONAL_REPRESENTATION('',(#1237),#1247);
#1237 = B_SPLINE_CURVE_WITH_KNOTS('',8,(#1238,#1239,#1240,#1241,#1242,
    #1243,#1244,#1245,#1246),.UNSPECIFIED.,.F.,.F.,(9,9),(5.78912812325,
    6.777242490632),.PIECEWISE_BEZIER_KNOTS.);
#1238 = CARTESIAN_POINT('',(-2.850251674122,-1.759192940202E+03));
#1239 = CARTESIAN_POINT('',(-2.726737378199,-1.756322975882E+03));
#1240 = CARTESIAN_POINT('',(-2.603223082275,-1.754205172016E+03));
#1241 = CARTESIAN_POINT('',(-2.479708786344,-1.752906246428E+03));
#1242 = CARTESIAN_POINT('',(-2.356194490421,-1.752468437192E+03));
#1243 = CARTESIAN_POINT('',(-2.232680194497,-1.752906246422E+03));
#1244 = CARTESIAN_POINT('',(-2.109165898585,-1.754205172011E+03));
#1245 = CARTESIAN_POINT('',(-1.985651602662,-1.756322975873E+03));
#1246 = CARTESIAN_POINT('',(-1.862137306739,-1.759192940191E+03));
#1247 = ( GEOMETRIC_REPRESENTATION_CONTEXT(2) 
PARAMETRIC_REPRESENTATION_CONTEXT() REPRESENTATION_CONTEXT('2D SPACE',''
  ) );
#1248 = PCURVE('',#1249,#1254);
#1249 = PLANE('',#1250);
#1250 = AXIS2_PLACEMENT_3D('',#1251,#1252,#1253);
#1251 = CARTESIAN_POINT('',(574.,65.355339059327,206.77669529663));
#1252 = DIRECTION('',(-0.819231920519,-0.405499112454,-0.405499112454));
#1253 = DIRECTION('',(0.573462344363,-0.579284446363,-0.579284446363));
#1254 = DEFINITIONAL_REPRESENTATION('',(#1255),#1259);
#1255 = ELLIPSE('',#1256,85.445889310136,70.);
#1256 = AXIS2_PLACEMENT_2D('',#1257,#1258);
#1257 = CARTESIAN_POINT('',(183.09833421809,-100.0000000146));
#1258 = DIRECTION('',(-1.,-5.551115123126E-17));
#1259 = ( GEOMETRIC_REPRESENTATION_CONTEXT(2) 
PARAMETRIC_REPRESENTATION_CONTEXT() REPRESENTATION_CONTEXT('2D SPACE',''
  ) );
#1260 = ORIENTED_EDGE('',*,*,#1261,.F.);
#1261 = EDGE_CURVE('',#1262,#1227,#1264,.T.);
#1262 = VERTEX_POINT('',#1263);
#1263 = CARTESIAN_POINT('',(-1.E+03,82.140935536532,76.704634069219));
#1264 = SURFACE_CURVE('',#1265,(#1468,#1674),.PCURVE_S1.);
#1265 = B_SPLINE_CURVE_WITH_KNOTS('',5,(#1266,#1267,#1268,#1269,#1270,
    #1271,#1272,#1273,#1274,#1275,#1276,#1277,#1278,#1279,#1280,#1281,
    #1282,#1283,#1284,#1285,#1286,#1287,#1288,#1289,#1290,#1291,#1292,
    #1293,#1294,#1295,#1296,#1297,#1298,#1299,#1300,#1301,#1302,#1303,
    #1304,#1305,#1306,#1307,#1308,#1309,#1310,#1311,#1312,#1313,#1314,
    #1315,#1316,#1317,#1318,#1319,#1320,#1321,#1322,#1323,#1324,#1325,
    #1326,#1327,#1328,#1329,#1330,#1331,#1332,#1333,#1334,#1335,#1336,
    #1337,#1338,#1339,#1340,#1341,#1342,#1343,#1344,#1345,#1346,#1347,
    #1348,#1349,#1350,#1351,#1352,#1353,#1354,#1355,#1356,#1357,#1358,
    #1359,#1360,#1361,#1362,#1363,#1364,#1365,#1366,#1367,#1368,#1369,
    #1370,#1371,#1372,#1373,#1374,#1375,#1376,#1377,#1378,#1379,#1380,
    #1381,#1382,#1383,#1384,#1385,#1386,#1387,#1388,#1389,#1390,#1391,
    #1392,#1393,#1394,#1395,#1396,#1397,#1398,#1399,#1400,#1401,#1402,
    #1403,#1404,#1405,#1406,#1407,#1408,#1409,#1410,#1411,#1412,#1413,
    #1414,#1415,#1416,#1417,#1418,#1419,#1420,#1421,#1422,#1423,#1424,
    #1425,#1426,#1427,#1428,#1429,#1430,#1431,#1432,#1433,#1434,#1435,
    #1436,#1437,#1438,#1439,#1440,#1441,#1442,#1443,#1444,#1445,#1446,
    #1447,#1448,#1449,#1450,#1451,#1452,#1453,#1454,#1455,#1456,#1457,
    #1458,#1459,#1460,#1461,#1462,#1463,#1464,#1465,#1466,#1467),
  .UNSPECIFIED.,.F.,.F.,(6,4,4,4,4,4,4,4,4,4,4,4,4,4,4,4,4,4,4,4,4,4,4,4
    ,4,4,4,4,4,4,4,4,4,4,4,4,4,4,4,4,4,4,4,4,4,4,4,4,4,4,6),(0.,
    1.049301525005E-02,1.85299039717E-02,2.561581852457E-02,
    3.221703096069E-02,3.857763634727E-02,4.47947748582E-02,
    5.417440537472E-02,6.044032357855E-02,6.685029767419E-02,
    7.341859024522E-02,8.021549216995E-02,8.729478865815E-02,
    9.473734303289E-02,0.102564828099,0.110874124032,0.119754489908,
    0.129343509153,0.13971934788,0.151080790424,0.163653634408,
    0.177790756082,0.193852278814,0.212553638449,0.235025010448,
    0.263533539794,0.297295362393,0.331119741029,0.364945421426,
    0.398871110238,0.432695449485,0.466214517228,0.500033287256,
    0.52784591715,0.555555910243,0.583363524483,0.611069127785,
    0.638873404757,0.666577146855,0.69428131621,0.721986906605,
    0.749794897963,0.777506016672,0.805220774994,0.832939239632,
    0.860761027381,0.888484906408,0.916209261386,0.943931804358,
    0.972049476867,1.),.UNSPECIFIED.);
#1266 = CARTESIAN_POINT('',(-1.E+03,82.140935536532,76.704634069219));
#1267 = CARTESIAN_POINT('',(-996.5634462671,82.386179719663,
    76.430844082571));
#1268 = CARTESIAN_POINT('',(-993.1268843353,82.62951685745,
    76.155567168497));
#1269 = CARTESIAN_POINT('',(-989.6903306639,82.871140992743,
    75.878593108982));
#1270 = CARTESIAN_POINT('',(-986.2537966926,83.111171783509,
    75.599771299241));
#1271 = CARTESIAN_POINT('',(-980.1851741036,83.532343164297,
    75.103967123689));
#1272 = CARTESIAN_POINT('',(-977.5530744622,83.714117359988,
    74.887786308368));
#1273 = CARTESIAN_POINT('',(-974.9209936317,83.895019556606,
    74.670426642223));
#1274 = CARTESIAN_POINT('',(-972.2889333895,84.07505922913,
    74.451865769804));
#1275 = CARTESIAN_POINT('',(-967.3362940504,84.412197972767,
    74.038337978896));
#1276 = CARTESIAN_POINT('',(-965.0157102913,84.569491133528,
    73.843639153614));
#1277 = CARTESIAN_POINT('',(-962.6951432062,84.726103309444,
    73.648000721033));
#1278 = CARTESIAN_POINT('',(-960.3745924738,84.882022418055,
    73.451429302943));
#1279 = CARTESIAN_POINT('',(-955.8922548006,85.181819458361,
    73.069961206844));
#1280 = CARTESIAN_POINT('',(-953.7304658382,85.32579171433,
    72.88518554136));
#1281 = CARTESIAN_POINT('',(-951.5686894916,85.469130664729,
    72.699626610236));
#1282 = CARTESIAN_POINT('',(-949.4069246486,85.611817598942,
    72.513302702473));
#1283 = CARTESIAN_POINT('',(-945.1622086727,85.890667169178,
    72.14599078073));
#1284 = CARTESIAN_POINT('',(-943.0792568309,86.026878191177,
    71.965055689502));
#1285 = CARTESIAN_POINT('',(-940.9963130206,86.162443919188,
    71.783453534971));
#1286 = CARTESIAN_POINT('',(-938.9133757352,86.297343252738,
    71.601209053346));
#1287 = CARTESIAN_POINT('',(-934.7944924577,86.562736819792,
    71.239616398646));
#1288 = CARTESIAN_POINT('',(-932.7585462585,86.693261882957,
    71.060295515974));
#1289 = CARTESIAN_POINT('',(-930.7226030738,86.823107798126,
    70.880414189273));
#1290 = CARTESIAN_POINT('',(-928.6866611995,86.952253189842,
    70.700001000337));
#1291 = CARTESIAN_POINT('',(-923.5791470324,87.274424881397,
    70.24614629853));
#1292 = CARTESIAN_POINT('',(-920.5075741069,87.466529622109,
    69.972065295007));
#1293 = CARTESIAN_POINT('',(-917.4359938517,87.656916425263,
    69.696949017515));
#1294 = CARTESIAN_POINT('',(-914.3643997027,87.845511664151,
    69.420911874066));
#1295 = CARTESIAN_POINT('',(-909.2408401164,88.156991875686,
    68.959133230943));
#1296 = CARTESIAN_POINT('',(-907.1888860051,88.280907010801,
    68.773836248526));
#1297 = CARTESIAN_POINT('',(-905.1369208088,88.403971323251,
    68.58821628682));
#1298 = CARTESIAN_POINT('',(-903.0849425871,88.526165303332,
    68.402309137644));
#1299 = CARTESIAN_POINT('',(-898.9337801349,88.771564620065,
    68.025713149022));
#1300 = CARTESIAN_POINT('',(-896.8345952129,88.894728648875,
    67.835012587917));
#1301 = CARTESIAN_POINT('',(-894.7353926016,89.016942927544,
    67.644088190167));
#1302 = CARTESIAN_POINT('',(-892.6361703061,89.13818923893,
    67.452978754499));
#1303 = CARTESIAN_POINT('',(-888.3858337309,89.381682759045,
    67.065743608143));
#1304 = CARTESIAN_POINT('',(-886.2347183726,89.503880739377,
    66.869610541271));
#1305 = CARTESIAN_POINT('',(-884.0835782327,89.625026791179,
    66.673365589506));
#1306 = CARTESIAN_POINT('',(-881.9324113193,89.745104698049,
    66.477050024417));
#1307 = CARTESIAN_POINT('',(-877.5551478022,89.987236971171,
    66.07752551841));
#1308 = CARTESIAN_POINT('',(-875.3290491695,90.109214669964,
    65.87431443294));
#1309 = CARTESIAN_POINT('',(-873.1029177267,90.230017131681,
    65.671116634966));
#1310 = CARTESIAN_POINT('',(-870.8767514895,90.34963043691,
    65.467976471228));
#1311 = CARTESIAN_POINT('',(-866.3318524427,90.591374764134,
    65.05346258363));
#1312 = CARTESIAN_POINT('',(-864.0131165246,90.713403906172,
    64.842097408222));
#1313 = CARTESIAN_POINT('',(-861.6943387365,90.834116778277,
    64.630890991527));
#1314 = CARTESIAN_POINT('',(-859.3755171265,90.953502341673,
    64.419891120519));
#1315 = CARTESIAN_POINT('',(-854.6187953014,91.195658895587,
    63.987583418527));
#1316 = CARTESIAN_POINT('',(-852.1808902842,91.318289239412,
    63.766302199308));
#1317 = CARTESIAN_POINT('',(-849.742932753,91.439432836312,
    63.545354589751));
#1318 = CARTESIAN_POINT('',(-847.3049208037,91.559082235291,
    63.324792748923));
#1319 = CARTESIAN_POINT('',(-842.302687168,91.801493784915,
    62.87315632175));
#1320 = CARTESIAN_POINT('',(-839.7384595235,91.924096834327,
    62.642128000733));
#1321 = CARTESIAN_POINT('',(-837.1741677867,92.045036193857,
    62.411640591666));
#1322 = CARTESIAN_POINT('',(-834.6098101773,92.16430916296,
    62.181750277485));
#1323 = CARTESIAN_POINT('',(-829.3231101724,92.406761814742,
    61.709160948784));
#1324 = CARTESIAN_POINT('',(-826.6007592171,92.529730013641,
    61.466544530517));
#1325 = CARTESIAN_POINT('',(-823.8783303979,92.650820747324,
    61.224725999533));
#1326 = CARTESIAN_POINT('',(-821.1558221004,92.770037394711,
    60.983766700058));
#1327 = CARTESIAN_POINT('',(-815.5235294407,93.012800582874,
    60.487185935733));
#1328 = CARTESIAN_POINT('',(-812.6137335811,93.136081535489,
    60.231694932676));
#1329 = CARTESIAN_POINT('',(-809.7038437263,93.257237325181,
    59.977323108322));
#1330 = CARTESIAN_POINT('',(-806.7938585128,93.376279346948,
    59.72413776556));
#1331 = CARTESIAN_POINT('',(-800.7414706613,93.619497528088,
    59.20016246555));
#1332 = CARTESIAN_POINT('',(-797.5990520134,93.743325239498,
    58.929579976713));
#1333 = CARTESIAN_POINT('',(-794.456519585,93.864724198896,
    58.660534724268));
#1334 = CARTESIAN_POINT('',(-791.31387238,93.983716756223,
    58.393101536845));
#1335 = CARTESIAN_POINT('',(-784.7704701871,94.226509676511,
    57.839792891332));
#1336 = CARTESIAN_POINT('',(-781.3696954712,94.349903261298,
    57.554204806362));
#1337 = CARTESIAN_POINT('',(-777.9687847806,94.470542715092,
    57.270674388289));
#1338 = CARTESIAN_POINT('',(-774.5677376936,94.588464865952,
    56.989283604805));
#1339 = CARTESIAN_POINT('',(-767.4422913137,94.829903064483,
    56.404413364635));
#1340 = CARTESIAN_POINT('',(-763.7178648611,94.952886297713,
    56.101374795303));
#1341 = CARTESIAN_POINT('',(-759.9932748026,95.072713446278,
    55.801091381652));
#1342 = CARTESIAN_POINT('',(-756.2685215771,95.189441735718,
    55.503653671186));
#1343 = CARTESIAN_POINT('',(-748.4215255481,95.428944859367,
    54.883231796771));
#1344 = CARTESIAN_POINT('',(-744.2992462814,95.551037154323,
    54.560905338843));
#1345 = CARTESIAN_POINT('',(-740.1767695191,95.669491892986,
    54.24227532829));
#1346 = CARTESIAN_POINT('',(-736.0540970384,95.784395379091,
    53.927441090122));
#1347 = CARTESIAN_POINT('',(-727.2954099816,96.021144821195,
    53.266851705014));
#1348 = CARTESIAN_POINT('',(-722.6593442644,96.142075597479,
    52.922123145666));
#1349 = CARTESIAN_POINT('',(-718.0230373203,96.25875750448,
    52.582429001804));
#1350 = CARTESIAN_POINT('',(-713.3864931088,96.37132077729,
    52.247876787708));
#1351 = CARTESIAN_POINT('',(-703.4817629252,96.60325552054,
    51.544409033857));
#1352 = CARTESIAN_POINT('',(-698.2135092648,96.721467592126,
    51.177015250158));
#1353 = CARTESIAN_POINT('',(-692.9449620249,96.834729046992,
    50.816508436698));
#1354 = CARTESIAN_POINT('',(-687.6761287162,96.943234286544,
    50.462996064085));
#1355 = CARTESIAN_POINT('',(-676.2718868481,97.168204460673,
    49.713185215895));
#1356 = CARTESIAN_POINT('',(-670.13637941,97.283046250286,
    49.319404315241));
#1357 = CARTESIAN_POINT('',(-664.0005082768,97.392008084969,
    48.935348347304));
#1358 = CARTESIAN_POINT('',(-657.8642873538,97.49539100507,
    48.561104319733));
#1359 = CARTESIAN_POINT('',(-644.3541050192,97.711355857699,
    47.758881925602));
#1360 = CARTESIAN_POINT('',(-636.9799947555,97.821590873906,
    47.335280002081));
#1361 = CARTESIAN_POINT('',(-629.605425759,97.924695960364,
    46.926000265478));
#1362 = CARTESIAN_POINT('',(-622.2304241087,98.021154942488,
    46.531048143953));
#1363 = CARTESIAN_POINT('',(-605.4981317228,98.225939944016,
    45.667402045207));
#1364 = CARTESIAN_POINT('',(-596.140593197,98.330491902359,
    45.207403488159));
#1365 = CARTESIAN_POINT('',(-586.7824546135,98.426005617265,
    44.770242201323));
#1366 = CARTESIAN_POINT('',(-577.4237691703,98.51333152797,
    44.35562096494));
#1367 = CARTESIAN_POINT('',(-556.9807823591,98.687856336411,
    43.498274778981));
#1368 = CARTESIAN_POINT('',(-545.8962812814,98.772066589886,
    43.064449900882));
#1369 = CARTESIAN_POINT('',(-534.8111701914,98.847131033331,
    42.660926617194));
#1370 = CARTESIAN_POINT('',(-523.7255282643,98.914145034014,
    42.286737049821));
#1371 = CARTESIAN_POINT('',(-501.532784478,99.03404810204,
    41.594134424526));
#1372 = CARTESIAN_POINT('',(-490.4256808115,99.08691082266,
    41.275826023767));
#1373 = CARTESIAN_POINT('',(-479.3181872494,99.133567902591,
    40.984699751682));
#1374 = CARTESIAN_POINT('',(-468.2103666599,99.174795214978,
    40.719466770322));
#1375 = CARTESIAN_POINT('',(-445.9937501756,99.247677930091,
    40.238084133708));
#1376 = CARTESIAN_POINT('',(-434.8849544247,99.279333006473,
    40.021936406827));
#1377 = CARTESIAN_POINT('',(-423.7759377405,99.306844557166,
    39.828989159445));
#1378 = CARTESIAN_POINT('',(-412.6667443824,99.330724267103,
    39.657837357088));
#1379 = CARTESIAN_POINT('',(-390.415228596,99.372111711469,
    39.355928793241));
#1380 = CARTESIAN_POINT('',(-379.2729056587,99.38960042188,
    39.225292986621));
#1381 = CARTESIAN_POINT('',(-368.1304756403,99.404272355022,
    39.113810123985));
#1382 = CARTESIAN_POINT('',(-356.987966571,99.41644934904,
    39.020122713492));
#1383 = CARTESIAN_POINT('',(-334.7361188326,99.436295771036,
    38.86605027575));
#1384 = CARTESIAN_POINT('',(-323.6267808799,99.443978561619,
    38.805566602487));
#1385 = CARTESIAN_POINT('',(-312.5174056125,99.449689052228,
    38.760270787278));
#1386 = CARTESIAN_POINT('',(-301.4080086257,99.453615600248,
    38.729010301816));
#1387 = CARTESIAN_POINT('',(-279.2894572415,99.45816995441,
    38.692695859672));
#1388 = CARTESIAN_POINT('',(-268.2803033524,99.45882720619,
    38.687407920193));
#1389 = CARTESIAN_POINT('',(-257.271149414,99.458015441245,
    38.693918682321));
#1390 = CARTESIAN_POINT('',(-246.2620032539,99.45583319072,
    38.711372891197));
#1391 = CARTESIAN_POINT('',(-224.1453014585,99.448833187291,
    38.767004322038));
#1392 = CARTESIAN_POINT('',(-213.0377462911,99.443992319188,
    38.805365246604));
#1393 = CARTESIAN_POINT('',(-201.9302099486,99.437894868835,
    38.853422467215));
#1394 = CARTESIAN_POINT('',(-190.8226966863,99.430580851412,
    38.910603742469));
#1395 = CARTESIAN_POINT('',(-170.5803881305,99.415055332185,
    39.030674459124));
#1396 = CARTESIAN_POINT('',(-161.4455844531,99.407234095007,
    39.090746435084));
#1397 = CARTESIAN_POINT('',(-152.3108003846,99.398604717848,
    39.156471581261));
#1398 = CARTESIAN_POINT('',(-143.1760376717,99.389162071724,
    39.227684566074));
#1399 = CARTESIAN_POINT('',(-124.9402681682,99.368655458823,
    39.380595466239));
#1400 = CARTESIAN_POINT('',(-115.8392612534,99.357597601922,
    39.462253716035));
#1401 = CARTESIAN_POINT('',(-106.7382788963,99.345700048421,
    39.549152985931));
#1402 = CARTESIAN_POINT('',(-97.63732297987,99.332935509637,
    39.641250486075));
#1403 = CARTESIAN_POINT('',(-79.40340593664,99.305547893832,
    39.836196246396));
#1404 = CARTESIAN_POINT('',(-70.27044504591,99.29091842609,
    39.939081235134));
#1405 = CARTESIAN_POINT('',(-61.13751496017,99.275338765524,
    40.047212572547));
#1406 = CARTESIAN_POINT('',(-52.0046181625,99.258759190525,
    40.160645061975));
#1407 = CARTESIAN_POINT('',(-33.7724001992,99.223543553143,
    40.397852901213));
#1408 = CARTESIAN_POINT('',(-24.67307879535,99.204915256418,
    40.521588778727));
#1409 = CARTESIAN_POINT('',(-15.57379600507,99.185174127587,
    40.650761678577));
#1410 = CARTESIAN_POINT('',(-6.474555079317,99.164249326215,
    40.785491577292));
#1411 = CARTESIAN_POINT('',(11.756242686839,99.119791168727,
    41.066834526129));
#1412 = CARTESIAN_POINT('',(20.887799187234,99.096248785652,
    41.21348818567));
#1413 = CARTESIAN_POINT('',(30.019306232965,99.071350701021,
    41.366009844337));
#1414 = CARTESIAN_POINT('',(39.150759712202,99.045004558759,
    41.524550043311));
#1415 = CARTESIAN_POINT('',(57.380533391626,98.989314635141,
    41.853361251356));
#1416 = CARTESIAN_POINT('',(66.478854009302,98.959982034853,
    42.023587767612));
#1417 = CARTESIAN_POINT('',(75.577112711011,98.929011343168,
    42.200075991389));
#1418 = CARTESIAN_POINT('',(84.675304837456,98.896293773907,
    42.382963038958));
#1419 = CARTESIAN_POINT('',(102.87168678156,98.82713566139,
    42.761757997773));
#1420 = CARTESIAN_POINT('',(111.96987661555,98.790695058072,
    42.957666106641));
#1421 = CARTESIAN_POINT('',(121.06799038878,98.7522789415,
    43.160193548021));
#1422 = CARTESIAN_POINT('',(130.16602338096,98.711767460001,
    43.369423433374));
#1423 = CARTESIAN_POINT('',(148.3623856038,98.626311798472,
    43.801369653979));
#1424 = CARTESIAN_POINT('',(157.46071486581,98.581367388532,
    44.024086678509));
#1425 = CARTESIAN_POINT('',(166.55895448429,98.534087740386,
    44.253577383782));
#1426 = CARTESIAN_POINT('',(175.65710055396,98.48435300259,
    44.489829133391));
#1427 = CARTESIAN_POINT('',(193.88682619116,98.379557591041,
    44.97659225138));
#1428 = CARTESIAN_POINT('',(203.01840510249,98.324477909419,
    45.227153096383));
#1429 = CARTESIAN_POINT('',(212.14988359297,98.266700629248,
    45.484363303871));
#1430 = CARTESIAN_POINT('',(221.28125976496,98.206122179548,
    45.748073318173));
#1431 = CARTESIAN_POINT('',(239.51199680175,98.079419800909,
    46.28708017516));
#1432 = CARTESIAN_POINT('',(248.61135844783,98.013315924597,
    46.562333455895));
#1433 = CARTESIAN_POINT('',(257.71061782707,97.944267772463,
    46.843573243642));
#1434 = CARTESIAN_POINT('',(266.80977653858,97.872215443237,
    47.130480581506));
#1435 = CARTESIAN_POINT('',(285.00909544843,97.722048519649,
    47.714828882213));
#1436 = CARTESIAN_POINT('',(294.10925567695,97.643933130845,
    48.01227122858));
#1437 = CARTESIAN_POINT('',(303.20932302878,97.562768911433,
    48.314542570838));
#1438 = CARTESIAN_POINT('',(312.3093040467,97.478571944108,
    48.621121963074));
#1439 = CARTESIAN_POINT('',(330.5103293934,97.304250624197,
    49.241666519984));
#1440 = CARTESIAN_POINT('',(339.61137371449,97.214125483561,
    49.555632674272));
#1441 = CARTESIAN_POINT('',(348.71235080102,97.121116771571,
    49.872635798365));
#1442 = CARTESIAN_POINT('',(357.81327331808,97.025358477534,
    50.191924875625));
#1443 = CARTESIAN_POINT('',(376.04896581707,96.82841097822,
    50.834510689291));
#1444 = CARTESIAN_POINT('',(385.18373543225,96.727202866588,
    51.157817937976));
#1445 = CARTESIAN_POINT('',(394.31848264858,96.623663445098,
    51.481651971829));
#1446 = CARTESIAN_POINT('',(403.45322688153,96.518097312373,
    51.804992478192));
#1447 = CARTESIAN_POINT('',(421.69060860695,96.304121518123,
    52.447218736558));
#1448 = CARTESIAN_POINT('',(430.79324571377,96.19572318543,
    52.766116172439));
#1449 = CARTESIAN_POINT('',(439.89592516741,96.08613778036,
    53.082208016846));
#1450 = CARTESIAN_POINT('',(448.99867162242,95.975887747397,
    53.394193320714));
#1451 = CARTESIAN_POINT('',(467.20450887886,95.755374379109,
    54.007015413816));
#1452 = CARTESIAN_POINT('',(476.30759914979,95.645111071664,
    54.307852025722));
#1453 = CARTESIAN_POINT('',(485.41081036735,95.535500767345,
    54.601640410484));
#1454 = CARTESIAN_POINT('',(494.51416886888,95.42733918912,
    54.886740639229));
#1455 = CARTESIAN_POINT('',(512.72063743776,95.215827016726,
    55.435850058772));
#1456 = CARTESIAN_POINT('',(521.82374645832,95.112476161748,
    55.699860645813));
#1457 = CARTESIAN_POINT('',(530.92705439161,95.012479472109,
    55.951486730898));
#1458 = CARTESIAN_POINT('',(540.03058089001,94.91694794219,
    56.18867153012));
#1459 = CARTESIAN_POINT('',(558.36785406947,94.736086467926,
    56.632637527124));
#1460 = CARTESIAN_POINT('',(567.60160544715,94.650921446081,
    56.838937246208));
#1461 = CARTESIAN_POINT('',(576.83560916616,94.572991150891,
    57.025548121559));
#1462 = CARTESIAN_POINT('',(586.06986135286,94.503801109401,
    57.189746718297));
#1463 = CARTESIAN_POINT('',(604.48392267771,94.386557511009,
    57.466227028445));
#1464 = CARTESIAN_POINT('',(613.66372565636,94.338380927913,
    57.578811660702));
#1465 = CARTESIAN_POINT('',(622.84372913429,94.302095226946,
    57.663070343529));
#1466 = CARTESIAN_POINT('',(632.02387306993,94.279468948933,
    57.715522724373));
#1467 = CARTESIAN_POINT('',(641.20405767044,94.27232054264,
    57.732089981323));
#1468 = PCURVE('',#233,#1469);
#1469 = DEFINITIONAL_REPRESENTATION('',(#1470),#1673);
#1470 = B_SPLINE_CURVE_WITH_KNOTS('',5,(#1471,#1472,#1473,#1474,#1475,
    #1476,#1477,#1478,#1479,#1480,#1481,#1482,#1483,#1484,#1485,#1486,
    #1487,#1488,#1489,#1490,#1491,#1492,#1493,#1494,#1495,#1496,#1497,
    #1498,#1499,#1500,#1501,#1502,#1503,#1504,#1505,#1506,#1507,#1508,
    #1509,#1510,#1511,#1512,#1513,#1514,#1515,#1516,#1517,#1518,#1519,
    #1520,#1521,#1522,#1523,#1524,#1525,#1526,#1527,#1528,#1529,#1530,
    #1531,#1532,#1533,#1534,#1535,#1536,#1537,#1538,#1539,#1540,#1541,
    #1542,#1543,#1544,#1545,#1546,#1547,#1548,#1549,#1550,#1551,#1552,
    #1553,#1554,#1555,#1556,#1557,#1558,#1559,#1560,#1561,#1562,#1563,
    #1564,#1565,#1566,#1567,#1568,#1569,#1570,#1571,#1572,#1573,#1574,
    #1575,#1576,#1577,#1578,#1579,#1580,#1581,#1582,#1583,#1584,#1585,
    #1586,#1587,#1588,#1589,#1590,#1591,#1592,#1593,#1594,#1595,#1596,
    #1597,#1598,#1599,#1600,#1601,#1602,#1603,#1604,#1605,#1606,#1607,
    #1608,#1609,#1610,#1611,#1612,#1613,#1614,#1615,#1616,#1617,#1618,
    #1619,#1620,#1621,#1622,#1623,#1624,#1625,#1626,#1627,#1628,#1629,
    #1630,#1631,#1632,#1633,#1634,#1635,#1636,#1637,#1638,#1639,#1640,
    #1641,#1642,#1643,#1644,#1645,#1646,#1647,#1648,#1649,#1650,#1651,
    #1652,#1653,#1654,#1655,#1656,#1657,#1658,#1659,#1660,#1661,#1662,
    #1663,#1664,#1665,#1666,#1667,#1668,#1669,#1670,#1671,#1672),
  .UNSPECIFIED.,.F.,.F.,(6,4,4,4,4,4,4,4,4,4,4,4,4,4,4,4,4,4,4,4,4,4,4,4
    ,4,4,4,4,4,4,4,4,4,4,4,4,4,4,4,4,4,4,4,4,4,4,4,4,4,4,6),(0.,
    1.049301525005E-02,1.85299039717E-02,2.561581852457E-02,
    3.221703096069E-02,3.857763634727E-02,4.47947748582E-02,
    5.417440537472E-02,6.044032357855E-02,6.685029767419E-02,
    7.341859024522E-02,8.021549216995E-02,8.729478865815E-02,
    9.473734303289E-02,0.102564828099,0.110874124032,0.119754489908,
    0.129343509153,0.13971934788,0.151080790424,0.163653634408,
    0.177790756082,0.193852278814,0.212553638449,0.235025010448,
    0.263533539794,0.297295362393,0.331119741029,0.364945421426,
    0.398871110238,0.432695449485,0.466214517228,0.500033287256,
    0.52784591715,0.555555910243,0.583363524483,0.611069127785,
    0.638873404757,0.666577146855,0.69428131621,0.721986906605,
    0.749794897963,0.777506016672,0.805220774994,0.832939239632,
    0.860761027381,0.888484906408,0.916209261386,0.943931804358,
    0.972049476867,1.),.UNSPECIFIED.);
#1471 = CARTESIAN_POINT('',(-2.301251914569,-123.3333333333));
#1472 = CARTESIAN_POINT('',(-2.296000954188,-126.7698870661));
#1473 = CARTESIAN_POINT('',(-2.290752348465,-130.206448998));
#1474 = CARTESIAN_POINT('',(-2.285501709622,-133.6430026693));
#1475 = CARTESIAN_POINT('',(-2.280245993454,-137.0795366406));
#1476 = CARTESIAN_POINT('',(-2.27095251195,-143.1481592296));
#1477 = CARTESIAN_POINT('',(-2.266917613578,-145.780258871));
#1478 = CARTESIAN_POINT('',(-2.262877808865,-148.4123397015));
#1479 = CARTESIAN_POINT('',(-2.258832628328,-151.0443999437));
#1480 = CARTESIAN_POINT('',(-2.251210590378,-155.9970392828));
#1481 = CARTESIAN_POINT('',(-2.247634949285,-158.3176230419));
#1482 = CARTESIAN_POINT('',(-2.244054956885,-160.638190127));
#1483 = CARTESIAN_POINT('',(-2.240470699317,-162.9587408595));
#1484 = CARTESIAN_POINT('',(-2.233539607379,-167.4410785326));
#1485 = CARTESIAN_POINT('',(-2.230193299626,-169.6028674951));
#1486 = CARTESIAN_POINT('',(-2.22684370668,-171.7646438417));
#1487 = CARTESIAN_POINT('',(-2.223491120445,-173.9264086846));
#1488 = CARTESIAN_POINT('',(-2.21690301845,-178.1711246605));
#1489 = CARTESIAN_POINT('',(-2.213667686951,-180.2540765023));
#1490 = CARTESIAN_POINT('',(-2.210430268964,-182.3370203126));
#1491 = CARTESIAN_POINT('',(-2.207191157333,-184.419957598));
#1492 = CARTESIAN_POINT('',(-2.200783524873,-188.5388408755));
#1493 = CARTESIAN_POINT('',(-2.197615057796,-190.5747870747));
#1494 = CARTESIAN_POINT('',(-2.194445810657,-192.6107302594));
#1495 = CARTESIAN_POINT('',(-2.191276226977,-194.6466721337));
#1496 = CARTESIAN_POINT('',(-2.183325117579,-199.7541863008));
#1497 = CARTESIAN_POINT('',(-2.178543762945,-202.8257592263));
#1498 = CARTESIAN_POINT('',(-2.173764326492,-205.8973394815));
#1499 = CARTESIAN_POINT('',(-2.168988522178,-208.9689336305));
#1500 = CARTESIAN_POINT('',(-2.161031245475,-214.0924932169));
#1501 = CARTESIAN_POINT('',(-2.157846808136,-216.1444473281));
#1502 = CARTESIAN_POINT('',(-2.154665274997,-218.1964125244));
#1503 = CARTESIAN_POINT('',(-2.151487159182,-220.2483907461));
#1504 = CARTESIAN_POINT('',(-2.145065808264,-224.3995531983));
#1505 = CARTESIAN_POINT('',(-2.141822755102,-226.4987381204));
#1506 = CARTESIAN_POINT('',(-2.138584358738,-228.5979407317));
#1507 = CARTESIAN_POINT('',(-2.135351155595,-230.6971630271));
#1508 = CARTESIAN_POINT('',(-2.128816473352,-234.9474996023));
#1509 = CARTESIAN_POINT('',(-2.125515279713,-237.0986149606));
#1510 = CARTESIAN_POINT('',(-2.122220656842,-239.2497551005));
#1511 = CARTESIAN_POINT('',(-2.118933153674,-241.4009220139));
#1512 = CARTESIAN_POINT('',(-2.112259295619,-245.778185531));
#1513 = CARTESIAN_POINT('',(-2.108873482267,-248.0042841637));
#1514 = CARTESIAN_POINT('',(-2.105496451407,-250.2304156065));
#1515 = CARTESIAN_POINT('',(-2.102128769032,-252.4565818438));
#1516 = CARTESIAN_POINT('',(-2.095273678822,-257.0014808906));
#1517 = CARTESIAN_POINT('',(-2.091787109777,-259.3202168086));
#1518 = CARTESIAN_POINT('',(-2.088311883744,-261.6389945967));
#1519 = CARTESIAN_POINT('',(-2.084848584288,-263.9578162068));
#1520 = CARTESIAN_POINT('',(-2.077769875975,-268.7145380318));
#1521 = CARTESIAN_POINT('',(-2.074155780793,-271.152443049));
#1522 = CARTESIAN_POINT('',(-2.070556123647,-273.5904005802));
#1523 = CARTESIAN_POINT('',(-2.066971511959,-276.0284125295));
#1524 = CARTESIAN_POINT('',(-2.059648932653,-281.0306461652));
#1525 = CARTESIAN_POINT('',(-2.05591262236,-283.5948738097));
#1526 = CARTESIAN_POINT('',(-2.052194250313,-286.1591655466));
#1527 = CARTESIAN_POINT('',(-2.048494438097,-288.723523156));
#1528 = CARTESIAN_POINT('',(-2.040906532011,-294.0102231608));
#1529 = CARTESIAN_POINT('',(-2.037020867133,-296.7325741161));
#1530 = CARTESIAN_POINT('',(-2.0331574623,-299.4550029354));
#1531 = CARTESIAN_POINT('',(-2.029316959398,-302.1775112329));
#1532 = CARTESIAN_POINT('',(-2.02142061019,-307.8098038926));
#1533 = CARTESIAN_POINT('',(-2.017368104677,-310.7195997522));
#1534 = CARTESIAN_POINT('',(-2.013343155131,-313.6294896069));
#1535 = CARTESIAN_POINT('',(-2.009346423769,-316.5394748204));
#1536 = CARTESIAN_POINT('',(-2.001093963423,-322.591862672));
#1537 = CARTESIAN_POINT('',(-1.996843018638,-325.7342813198));
#1538 = CARTESIAN_POINT('',(-1.992626437452,-328.8768137482));
#1539 = CARTESIAN_POINT('',(-1.988444906732,-332.0194609533));
#1540 = CARTESIAN_POINT('',(-1.979812990879,-338.5628631461));
#1541 = CARTESIAN_POINT('',(-1.975368700093,-341.963637862));
#1542 = CARTESIAN_POINT('',(-1.970966948521,-345.3645485527));
#1543 = CARTESIAN_POINT('',(-1.966608429912,-348.7655956396));
#1544 = CARTESIAN_POINT('',(-1.957569222777,-355.8910420195));
#1545 = CARTESIAN_POINT('',(-1.952897260405,-359.6154684721));
#1546 = CARTESIAN_POINT('',(-1.948278663886,-363.3400585307));
#1547 = CARTESIAN_POINT('',(-1.943714126198,-367.0648117561));
#1548 = CARTESIAN_POINT('',(-1.934213481231,-374.9118077851));
#1549 = CARTESIAN_POINT('',(-1.929289650534,-379.0340870519));
#1550 = CARTESIAN_POINT('',(-1.924433538812,-383.1565638141));
#1551 = CARTESIAN_POINT('',(-1.919645807449,-387.2792362948));
#1552 = CARTESIAN_POINT('',(-1.909621056101,-396.0379233517));
#1553 = CARTESIAN_POINT('',(-1.9044022521,-400.6739890688));
#1554 = CARTESIAN_POINT('',(-1.899271319827,-405.3102960129));
#1555 = CARTESIAN_POINT('',(-1.894228825227,-409.9468402244));
#1556 = CARTESIAN_POINT('',(-1.883647164099,-419.851570408));
#1557 = CARTESIAN_POINT('',(-1.878133828687,-425.1198240684));
#1558 = CARTESIAN_POINT('',(-1.872735707184,-430.3883713083));
#1559 = CARTESIAN_POINT('',(-1.867453102494,-435.6572046171));
#1560 = CARTESIAN_POINT('',(-1.856269770443,-447.0614464851));
#1561 = CARTESIAN_POINT('',(-1.850410154178,-453.1969539232));
#1562 = CARTESIAN_POINT('',(-1.844707291119,-459.3328250564));
#1563 = CARTESIAN_POINT('',(-1.839160824059,-465.4690459795));
#1564 = CARTESIAN_POINT('',(-1.827292485221,-478.9792283141));
#1565 = CARTESIAN_POINT('',(-1.821039700185,-486.3533385777));
#1566 = CARTESIAN_POINT('',(-1.815010395614,-493.7279075743));
#1567 = CARTESIAN_POINT('',(-1.809202518482,-501.1029092245));
#1568 = CARTESIAN_POINT('',(-1.796522617299,-517.8352016104));
#1569 = CARTESIAN_POINT('',(-1.789783901177,-527.1927401362));
#1570 = CARTESIAN_POINT('',(-1.783391678285,-536.5508787197));
#1571 = CARTESIAN_POINT('',(-1.77733870868,-545.909564163));
#1572 = CARTESIAN_POINT('',(-1.764839717771,-566.3525509741));
#1573 = CARTESIAN_POINT('',(-1.758526801166,-577.4370520518));
#1574 = CARTESIAN_POINT('',(-1.752663482636,-588.5221631419));
#1575 = CARTESIAN_POINT('',(-1.747232959963,-599.6078050689));
#1576 = CARTESIAN_POINT('',(-1.737191462978,-621.8005488553));
#1577 = CARTESIAN_POINT('',(-1.732582026162,-632.9076525217));
#1578 = CARTESIAN_POINT('',(-1.728370075301,-644.0151460839));
#1579 = CARTESIAN_POINT('',(-1.724535562707,-655.1229666734));
#1580 = CARTESIAN_POINT('',(-1.717580295536,-677.3395831576));
#1581 = CARTESIAN_POINT('',(-1.714459569078,-688.4483789085));
#1582 = CARTESIAN_POINT('',(-1.711675318792,-699.5573955927));
#1583 = CARTESIAN_POINT('',(-1.709206616701,-710.6665889508));
#1584 = CARTESIAN_POINT('',(-1.704853299846,-732.9181047372));
#1585 = CARTESIAN_POINT('',(-1.702970434062,-744.0604276746));
#1586 = CARTESIAN_POINT('',(-1.701364091091,-755.202857693));
#1587 = CARTESIAN_POINT('',(-1.700014442898,-766.3453667623));
#1588 = CARTESIAN_POINT('',(-1.697795222749,-788.5972145006));
#1589 = CARTESIAN_POINT('',(-1.696924228824,-799.7065524534));
#1590 = CARTESIAN_POINT('',(-1.696272023529,-810.8159277207));
#1591 = CARTESIAN_POINT('',(-1.695821936138,-821.9253247076));
#1592 = CARTESIAN_POINT('',(-1.695299094442,-844.0438760917));
#1593 = CARTESIAN_POINT('',(-1.695222971205,-855.0530299809));
#1594 = CARTESIAN_POINT('',(-1.695316702259,-866.0621839192));
#1595 = CARTESIAN_POINT('',(-1.69556798934,-877.0713300793));
#1596 = CARTESIAN_POINT('',(-1.696368990772,-899.1880318748));
#1597 = CARTESIAN_POINT('',(-1.696921350281,-910.2955870421));
#1598 = CARTESIAN_POINT('',(-1.697613385449,-921.4031233846));
#1599 = CARTESIAN_POINT('',(-1.698436915433,-932.5106366469));
#1600 = CARTESIAN_POINT('',(-1.700166491218,-952.7529452027));
#1601 = CARTESIAN_POINT('',(-1.701031905027,-961.8877488801));
#1602 = CARTESIAN_POINT('',(-1.701978893096,-971.0225329487));
#1603 = CARTESIAN_POINT('',(-1.703005124701,-980.1572956615));
#1604 = CARTESIAN_POINT('',(-1.705209122209,-998.3930651651));
#1605 = CARTESIAN_POINT('',(-1.706386314885,-1.00749407208E+03));
#1606 = CARTESIAN_POINT('',(-1.70763931217,-1.016595054437E+03));
#1607 = CARTESIAN_POINT('',(-1.708967565073,-1.025696010353E+03));
#1608 = CARTESIAN_POINT('',(-1.711779853377,-1.043929927397E+03));
#1609 = CARTESIAN_POINT('',(-1.713264421068,-1.053062888287E+03));
#1610 = CARTESIAN_POINT('',(-1.714825102065,-1.062195818373E+03));
#1611 = CARTESIAN_POINT('',(-1.716462779966,-1.071328715171E+03));
#1612 = CARTESIAN_POINT('',(-1.719888603273,-1.089560933134E+03));
#1613 = CARTESIAN_POINT('',(-1.721676174609,-1.098660254538E+03));
#1614 = CARTESIAN_POINT('',(-1.723542920644,-1.107759537328E+03));
#1615 = CARTESIAN_POINT('',(-1.725490701318,-1.116858778254E+03));
#1616 = CARTESIAN_POINT('',(-1.729559757835,-1.13508957602E+03));
#1617 = CARTESIAN_POINT('',(-1.731681626831,-1.144221132521E+03));
#1618 = CARTESIAN_POINT('',(-1.733889337554,-1.153352639566E+03));
#1619 = CARTESIAN_POINT('',(-1.736185246327,-1.162484093046E+03));
#1620 = CARTESIAN_POINT('',(-1.74094944483,-1.180713866725E+03));
#1621 = CARTESIAN_POINT('',(-1.743417081201,-1.189812187343E+03));
#1622 = CARTESIAN_POINT('',(-1.745976850313,-1.198910446044E+03));
#1623 = CARTESIAN_POINT('',(-1.748630983538,-1.208008638171E+03));
#1624 = CARTESIAN_POINT('',(-1.754131789887,-1.226205020115E+03));
#1625 = CARTESIAN_POINT('',(-1.756978465946,-1.235303209949E+03));
#1626 = CARTESIAN_POINT('',(-1.759923278313,-1.244401323722E+03));
#1627 = CARTESIAN_POINT('',(-1.762967763995,-1.253499356714E+03));
#1628 = CARTESIAN_POINT('',(-1.769258025461,-1.271695718937E+03));
#1629 = CARTESIAN_POINT('',(-1.772503811552,-1.280794048199E+03));
#1630 = CARTESIAN_POINT('',(-1.775851063905,-1.289892287818E+03));
#1631 = CARTESIAN_POINT('',(-1.77930002758,-1.298990433887E+03));
#1632 = CARTESIAN_POINT('',(-1.786413114273,-1.317220159524E+03));
#1633 = CARTESIAN_POINT('',(-1.790077985439,-1.326351738436E+03));
#1634 = CARTESIAN_POINT('',(-1.793843924707,-1.335483216926E+03));
#1635 = CARTESIAN_POINT('',(-1.797709281909,-1.344614593098E+03));
#1636 = CARTESIAN_POINT('',(-1.805619258619,-1.362845330135E+03));
#1637 = CARTESIAN_POINT('',(-1.809663206798,-1.371944691781E+03));
#1638 = CARTESIAN_POINT('',(-1.813800160084,-1.38104395116E+03));
#1639 = CARTESIAN_POINT('',(-1.818026045248,-1.390143109872E+03));
#1640 = CARTESIAN_POINT('',(-1.82664511572,-1.408342428782E+03));
#1641 = CARTESIAN_POINT('',(-1.831038323022,-1.41744258901E+03));
#1642 = CARTESIAN_POINT('',(-1.835509351971,-1.426542656362E+03));
#1643 = CARTESIAN_POINT('',(-1.840051144539,-1.43564263738E+03));
#1644 = CARTESIAN_POINT('',(-1.849259209657,-1.453843662727E+03));
#1645 = CARTESIAN_POINT('',(-1.853925498879,-1.462944707048E+03));
#1646 = CARTESIAN_POINT('',(-1.858644900303,-1.472045684134E+03));
#1647 = CARTESIAN_POINT('',(-1.863406805371,-1.481146606651E+03));
#1648 = CARTESIAN_POINT('',(-1.873008089781,-1.49938229915E+03));
#1649 = CARTESIAN_POINT('',(-1.877847691852,-1.508517068766E+03));
#1650 = CARTESIAN_POINT('',(-1.882704479823,-1.517651815982E+03));
#1651 = CARTESIAN_POINT('',(-1.8875634936,-1.526786560215E+03));
#1652 = CARTESIAN_POINT('',(-1.897233985299,-1.54502394194E+03));
#1653 = CARTESIAN_POINT('',(-1.902045570376,-1.554126579047E+03));
#1654 = CARTESIAN_POINT('',(-1.906824725005,-1.563229258501E+03));
#1655 = CARTESIAN_POINT('',(-1.911551684421,-1.572332004956E+03));
#1656 = CARTESIAN_POINT('',(-1.920855809722,-1.590537842212E+03));
#1657 = CARTESIAN_POINT('',(-1.925432973,-1.599640932483E+03));
#1658 = CARTESIAN_POINT('',(-1.929912445766,-1.608744143701E+03));
#1659 = CARTESIAN_POINT('',(-1.934268503706,-1.617847502202E+03));
#1660 = CARTESIAN_POINT('',(-1.942674752035,-1.636053970771E+03));
#1661 = CARTESIAN_POINT('',(-1.94672496224,-1.645157079792E+03));
#1662 = CARTESIAN_POINT('',(-1.950593007587,-1.654260387725E+03));
#1663 = CARTESIAN_POINT('',(-1.954245847838,-1.663363914223E+03));
#1664 = CARTESIAN_POINT('',(-1.961094304827,-1.681701187403E+03));
#1665 = CARTESIAN_POINT('',(-1.964282662587,-1.69093493878E+03));
#1666 = CARTESIAN_POINT('',(-1.967171631002,-1.700168942499E+03));
#1667 = CARTESIAN_POINT('',(-1.969717066428,-1.709403194686E+03));
#1668 = CARTESIAN_POINT('',(-1.974007240851,-1.727817256011E+03));
#1669 = CARTESIAN_POINT('',(-1.975756650212,-1.73699705899E+03));
#1670 = CARTESIAN_POINT('',(-1.977067218025,-1.746177062468E+03));
#1671 = CARTESIAN_POINT('',(-1.977883281239,-1.755357206403E+03));
#1672 = CARTESIAN_POINT('',(-1.97814104783,-1.764537391004E+03));
#1673 = ( GEOMETRIC_REPRESENTATION_CONTEXT(2) 
PARAMETRIC_REPRESENTATION_CONTEXT() REPRESENTATION_CONTEXT('2D SPACE',''
  ) );
#1674 = PCURVE('',#1675,#1690);
#1675 = ( BOUNDED_SURFACE() B_SPLINE_SURFACE(1,6,(
    (#1676,#1677,#1678,#1679,#1680,#1681,#1682)
    ,(#1683,#1684,#1685,#1686,#1687,#1688,#1689
)),.UNSPECIFIED.,.F.,.F.,.F.) B_SPLINE_SURFACE_WITH_KNOTS((2,2),(7,7),(
    2.,3.),(0.,1.),.PIECEWISE_BEZIER_KNOTS.) 
GEOMETRIC_REPRESENTATION_ITEM() RATIONAL_B_SPLINE_SURFACE((
    (1.,1.,1.,1.,1.,1.,1.)
,(1.,1.,1.,1.,1.,1.,1.))) REPRESENTATION_ITEM('') SURFACE() );
#1676 = CARTESIAN_POINT('',(-1.E+03,71.719300090006,64.648232278141));
#1677 = CARTESIAN_POINT('',(-720.3561247764,98.705144457766,
    37.662387910386));
#1678 = CARTESIAN_POINT('',(-438.3501308613,109.90007879956,
    26.467453568569));
#1679 = CARTESIAN_POINT('',(-154.3541178289,86.199160870074,
    50.168371498104));
#1680 = CARTESIAN_POINT('',(125.23666448928,111.65597127077,
    24.711561097348));
#1681 = CARTESIAN_POINT('',(408.40443418496,84.628618149359,
    51.738914218798));
#1682 = CARTESIAN_POINT('',(690.,87.982756057297,48.38477631085));
#1683 = CARTESIAN_POINT('',(-1.E+03,82.53803384216,77.164022305143));
#1684 = CARTESIAN_POINT('',(-720.3561247764,107.13450034795,
    60.742005371947));
#1685 = CARTESIAN_POINT('',(-438.3501308613,172.73578763693,
    109.32699246139));
#1686 = CARTESIAN_POINT('',(-154.3541178289,74.515207081793,
    47.131807159075));
#1687 = CARTESIAN_POINT('',(125.23666448928,166.4590003683,
    100.38124863651));
#1688 = CARTESIAN_POINT('',(408.40443418496,103.51937327428,
    78.523198287051));
#1689 = CARTESIAN_POINT('',(690.,112.22237651637,82.127911909072));
#1690 = DEFINITIONAL_REPRESENTATION('',(#1691),#1894);
#1691 = B_SPLINE_CURVE_WITH_KNOTS('',5,(#1692,#1693,#1694,#1695,#1696,
    #1697,#1698,#1699,#1700,#1701,#1702,#1703,#1704,#1705,#1706,#1707,
    #1708,#1709,#1710,#1711,#1712,#1713,#1714,#1715,#1716,#1717,#1718,
    #1719,#1720,#1721,#1722,#1723,#1724,#1725,#1726,#1727,#1728,#1729,
    #1730,#1731,#1732,#1733,#1734,#1735,#1736,#1737,#1738,#1739,#1740,
    #1741,#1742,#1743,#1744,#1745,#1746,#1747,#1748,#1749,#1750,#1751,
    #1752,#1753,#1754,#1755,#1756,#1757,#1758,#1759,#1760,#1761,#1762,
    #1763,#1764,#1765,#1766,#1767,#1768,#1769,#1770,#1771,#1772,#1773,
    #1774,#1775,#1776,#1777,#1778,#1779,#1780,#1781,#1782,#1783,#1784,
    #1785,#1786,#1787,#1788,#1789,#1790,#1791,#1792,#1793,#1794,#1795,
    #1796,#1797,#1798,#1799,#1800,#1801,#1802,#1803,#1804,#1805,#1806,
    #1807,#1808,#1809,#1810,#1811,#1812,#1813,#1814,#1815,#1816,#1817,
    #1818,#1819,#1820,#1821,#1822,#1823,#1824,#1825,#1826,#1827,#1828,
    #1829,#1830,#1831,#1832,#1833,#1834,#1835,#1836,#1837,#1838,#1839,
    #1840,#1841,#1842,#1843,#1844,#1845,#1846,#1847,#1848,#1849,#1850,
    #1851,#1852,#1853,#1854,#1855,#1856,#1857,#1858,#1859,#1860,#1861,
    #1862,#1863,#1864,#1865,#1866,#1867,#1868,#1869,#1870,#1871,#1872,
    #1873,#1874,#1875,#1876,#1877,#1878,#1879,#1880,#1881,#1882,#1883,
    #1884,#1885,#1886,#1887,#1888,#1889,#1890,#1891,#1892,#1893),
  .UNSPECIFIED.,.F.,.F.,(6,4,4,4,4,4,4,4,4,4,4,4,4,4,4,4,4,4,4,4,4,4,4,4
    ,4,4,4,4,4,4,4,4,4,4,4,4,4,4,4,4,4,4,4,4,4,4,4,4,4,4,6),(0.,
    1.049301525005E-02,1.85299039717E-02,2.561581852457E-02,
    3.221703096069E-02,3.857763634727E-02,4.47947748582E-02,
    5.417440537472E-02,6.044032357855E-02,6.685029767419E-02,
    7.341859024522E-02,8.021549216995E-02,8.729478865815E-02,
    9.473734303289E-02,0.102564828099,0.110874124032,0.119754489908,
    0.129343509153,0.13971934788,0.151080790424,0.163653634408,
    0.177790756082,0.193852278814,0.212553638449,0.235025010448,
    0.263533539794,0.297295362393,0.331119741029,0.364945421426,
    0.398871110238,0.432695449485,0.466214517228,0.500033287256,
    0.52784591715,0.555555910243,0.583363524483,0.611069127785,
    0.638873404757,0.666577146855,0.69428131621,0.721986906605,
    0.749794897963,0.777506016672,0.805220774994,0.832939239632,
    0.860761027381,0.888484906408,0.916209261386,0.943931804358,
    0.972049476867,1.),.UNSPECIFIED.);
#1692 = CARTESIAN_POINT('',(2.963295306574,0.));
#1693 = CARTESIAN_POINT('',(2.957924950548,2.048172716158E-03));
#1694 = CARTESIAN_POINT('',(2.951778912926,4.096128851597E-03));
#1695 = CARTESIAN_POINT('',(2.944926497273,6.143859166602E-03));
#1696 = CARTESIAN_POINT('',(2.937440979809,8.191357538999E-03));
#1697 = CARTESIAN_POINT('',(2.923229676762,1.180667562125E-02));
#1698 = CARTESIAN_POINT('',(2.916736142136,1.337459258905E-02));
#1699 = CARTESIAN_POINT('',(2.909945072887,1.494237000159E-02));
#1700 = CARTESIAN_POINT('',(2.902887450414,1.651000719903E-02));
#1701 = CARTESIAN_POINT('',(2.889161748446,1.945952559437E-02));
#1702 = CARTESIAN_POINT('',(2.88254633748,2.084143796062E-02));
#1703 = CARTESIAN_POINT('',(2.875767140048,2.222324156892E-02));
#1704 = CARTESIAN_POINT('',(2.86884331626,2.360493692944E-02));
#1705 = CARTESIAN_POINT('',(2.855224666891,2.627360736135E-02));
#1706 = CARTESIAN_POINT('',(2.848546558247,2.756059660768E-02));
#1707 = CARTESIAN_POINT('',(2.841773044578,2.884749341603E-02));
#1708 = CARTESIAN_POINT('',(2.834917620862,3.013429873726E-02));
#1709 = CARTESIAN_POINT('',(2.821320301967,3.26608293804E-02));
#1710 = CARTESIAN_POINT('',(2.814583373899,3.390056116007E-02));
#1711 = CARTESIAN_POINT('',(2.807793121201,3.514021012948E-02));
#1712 = CARTESIAN_POINT('',(2.800959787152,3.637977746793E-02));
#1713 = CARTESIAN_POINT('',(2.787380528345,3.883079420989E-02));
#1714 = CARTESIAN_POINT('',(2.780636111975,4.004224719113E-02));
#1715 = CARTESIAN_POINT('',(2.773868179991,4.125362465424E-02));
#1716 = CARTESIAN_POINT('',(2.767084660614,4.246492789802E-02));
#1717 = CARTESIAN_POINT('',(2.750045834818,4.550350918956E-02));
#1718 = CARTESIAN_POINT('',(2.739779754213,4.733069427377E-02));
#1719 = CARTESIAN_POINT('',(2.729519013571,4.91577182459E-02));
#1720 = CARTESIAN_POINT('',(2.719284226863,5.098458607244E-02));
#1721 = CARTESIAN_POINT('',(2.702284409376,5.403161280559E-02));
#1722 = CARTESIAN_POINT('',(2.695495428417,5.525185540084E-02));
#1723 = CARTESIAN_POINT('',(2.688730900522,5.647203204259E-02));
#1724 = CARTESIAN_POINT('',(2.681995358459,5.769214422391E-02));
#1725 = CARTESIAN_POINT('',(2.668435997111,6.016029204892E-02));
#1726 = CARTESIAN_POINT('',(2.661613718494,6.140832476171E-02));
#1727 = CARTESIAN_POINT('',(2.654830089993,6.265629316562E-02));
#1728 = CARTESIAN_POINT('',(2.648088747824,6.390419882833E-02));
#1729 = CARTESIAN_POINT('',(2.634531398477,6.643070797875E-02));
#1730 = CARTESIAN_POINT('',(2.627717670316,6.770930840442E-02));
#1731 = CARTESIAN_POINT('',(2.620954886066,6.898784622708E-02));
#1732 = CARTESIAN_POINT('',(2.614245840569,7.026632306056E-02));
#1733 = CARTESIAN_POINT('',(2.600708235823,7.286765319281E-02));
#1734 = CARTESIAN_POINT('',(2.593883655432,7.419050228226E-02));
#1735 = CARTESIAN_POINT('',(2.587121607341,7.5513289481E-02));
#1736 = CARTESIAN_POINT('',(2.580424153415,7.683601646517E-02));
#1737 = CARTESIAN_POINT('',(2.566886106252,7.953630685172E-02));
#1738 = CARTESIAN_POINT('',(2.560051138864,8.091386528296E-02));
#1739 = CARTESIAN_POINT('',(2.553289784712,8.229136196539E-02));
#1740 = CARTESIAN_POINT('',(2.546603415381,8.366879864249E-02));
#1741 = CARTESIAN_POINT('',(2.53304333176,8.649423232902E-02));
#1742 = CARTESIAN_POINT('',(2.526177621874,8.794222319755E-02));
#1743 = CARTESIAN_POINT('',(2.519396940404,8.939015151674E-02));
#1744 = CARTESIAN_POINT('',(2.5127019907,9.083801912134E-02));
#1745 = CARTESIAN_POINT('',(2.499142360622,9.380851738305E-02));
#1746 = CARTESIAN_POINT('',(2.492286823411,9.533114178231E-02));
#1747 = CARTESIAN_POINT('',(2.485526834028,9.685370296547E-02));
#1748 = CARTESIAN_POINT('',(2.478862409067,9.83762028369E-02));
#1749 = CARTESIAN_POINT('',(2.465319670527,0.10151479541));
#1750 = CARTESIAN_POINT('',(2.458453455042,0.103130880559));
#1751 = CARTESIAN_POINT('',(2.451694180526,0.104746900774));
#1752 = CARTESIAN_POINT('',(2.445041155512,0.106362858058));
#1753 = CARTESIAN_POINT('',(2.431495616415,0.109705705614));
#1754 = CARTESIAN_POINT('',(2.424618081143,0.111432587206));
#1755 = CARTESIAN_POINT('',(2.417859576424,0.113159401341));
#1756 = CARTESIAN_POINT('',(2.411218649787,0.114886150141));
#1757 = CARTESIAN_POINT('',(2.397647857356,0.11847731054));
#1758 = CARTESIAN_POINT('',(2.390737237836,0.120341711625));
#1759 = CARTESIAN_POINT('',(2.383959609973,0.122206041308));
#1760 = CARTESIAN_POINT('',(2.377312656258,0.12407030188));
#1761 = CARTESIAN_POINT('',(2.36374020261,0.127951653966));
#1762 = CARTESIAN_POINT('',(2.356836613925,0.129968734037));
#1763 = CARTESIAN_POINT('',(2.35007994694,0.131985738335));
#1764 = CARTESIAN_POINT('',(2.343466938911,0.134002669317));
#1765 = CARTESIAN_POINT('',(2.329906671414,0.138227971228));
#1766 = CARTESIAN_POINT('',(2.322987345013,0.14043632802));
#1767 = CARTESIAN_POINT('',(2.316231839727,0.142644602557));
#1768 = CARTESIAN_POINT('',(2.309635753115,0.144852797539));
#1769 = CARTESIAN_POINT('',(2.296066853137,0.149504471464));
#1770 = CARTESIAN_POINT('',(2.289128872856,0.151947933097));
#1771 = CARTESIAN_POINT('',(2.282374797715,0.154391303645));
#1772 = CARTESIAN_POINT('',(2.2757988268,0.156834586138));
#1773 = CARTESIAN_POINT('',(2.262195082747,0.162024956173));
#1774 = CARTESIAN_POINT('',(2.255212901532,0.164772021177));
#1775 = CARTESIAN_POINT('',(2.248440740764,0.167518982221));
#1776 = CARTESIAN_POINT('',(2.241870933183,0.170265842839));
#1777 = CARTESIAN_POINT('',(2.228253645459,0.176133269911));
#1778 = CARTESIAN_POINT('',(2.221262884578,0.179253808106));
#1779 = CARTESIAN_POINT('',(2.214513179778,0.182374225467));
#1780 = CARTESIAN_POINT('',(2.207994482132,0.185494526231));
#1781 = CARTESIAN_POINT('',(2.194365342747,0.192247729494));
#1782 = CARTESIAN_POINT('',(2.187333736481,0.195880591901));
#1783 = CARTESIAN_POINT('',(2.180587752398,0.199513307462));
#1784 = CARTESIAN_POINT('',(2.174113771651,0.203145881661));
#1785 = CARTESIAN_POINT('',(2.160431960053,0.211143021506));
#1786 = CARTESIAN_POINT('',(2.153339285543,0.21550752668));
#1787 = CARTESIAN_POINT('',(2.146599482554,0.219871843686));
#1788 = CARTESIAN_POINT('',(2.140193044394,0.224235980572));
#1789 = CARTESIAN_POINT('',(2.12637514686,0.23413633148));
#1790 = CARTESIAN_POINT('',(2.119156082118,0.239672440407));
#1791 = CARTESIAN_POINT('',(2.112408935372,0.245208286941));
#1792 = CARTESIAN_POINT('',(2.106102209097,0.250743885967));
#1793 = CARTESIAN_POINT('',(2.093227041838,0.262834625215));
#1794 = CARTESIAN_POINT('',(2.086824521838,0.269389671851));
#1795 = CARTESIAN_POINT('',(2.080953379875,0.275944416289));
#1796 = CARTESIAN_POINT('',(2.075573308747,0.282498883675));
#1797 = CARTESIAN_POINT('',(2.065714142812,0.295619460534));
#1798 = CARTESIAN_POINT('',(2.061236736632,0.302185569138));
#1799 = CARTESIAN_POINT('',(2.057179893642,0.30875145235));
#1800 = CARTESIAN_POINT('',(2.053511776373,0.315317137945));
#1801 = CARTESIAN_POINT('',(2.04689531722,0.328448424701));
#1802 = CARTESIAN_POINT('',(2.043947004118,0.335014025751));
#1803 = CARTESIAN_POINT('',(2.041329923994,0.341579487391));
#1804 = CARTESIAN_POINT('',(2.039018418177,0.348144839465));
#1805 = CARTESIAN_POINT('',(2.034954123168,0.361294795881));
#1806 = CARTESIAN_POINT('',(2.033203006914,0.367879399557));
#1807 = CARTESIAN_POINT('',(2.031712516234,0.374463954));
#1808 = CARTESIAN_POINT('',(2.030461736391,0.381048489009));
#1809 = CARTESIAN_POINT('',(2.028405232656,0.39419790702));
#1810 = CARTESIAN_POINT('',(2.027598190925,0.40076278975));
#1811 = CARTESIAN_POINT('',(2.026992275278,0.407327710051));
#1812 = CARTESIAN_POINT('',(2.026571120007,0.41389269393));
#1813 = CARTESIAN_POINT('',(2.026071955191,0.42696358457));
#1814 = CARTESIAN_POINT('',(2.025990883319,0.433469489585));
#1815 = CARTESIAN_POINT('',(2.026063257673,0.43997550259));
#1816 = CARTESIAN_POINT('',(2.026277126806,0.446481642599));
#1817 = CARTESIAN_POINT('',(2.026970813649,0.459552381601));
#1818 = CARTESIAN_POINT('',(2.02745298516,0.466116983025));
#1819 = CARTESIAN_POINT('',(2.028058631217,0.472681744899));
#1820 = CARTESIAN_POINT('',(2.028779330522,0.479246678285));
#1821 = CARTESIAN_POINT('',(2.030290502474,0.491210951459));
#1822 = CARTESIAN_POINT('',(2.031045846986,0.496610233605));
#1823 = CARTESIAN_POINT('',(2.031870932208,0.50200963965));
#1824 = CARTESIAN_POINT('',(2.03276293673,0.507409170858));
#1825 = CARTESIAN_POINT('',(2.034673098286,0.518188555551));
#1826 = CARTESIAN_POINT('',(2.035690777624,0.523568408094));
#1827 = CARTESIAN_POINT('',(2.036770764881,0.528948383131));
#1828 = CARTESIAN_POINT('',(2.037911736732,0.534328477529));
#1829 = CARTESIAN_POINT('',(2.04031846639,0.54510784902));
#1830 = CARTESIAN_POINT('',(2.041584649618,0.550507126899));
#1831 = CARTESIAN_POINT('',(2.04291081886,0.555906514589));
#1832 = CARTESIAN_POINT('',(2.044296881402,0.561306004724));
#1833 = CARTESIAN_POINT('',(2.047184255787,0.572085363417));
#1834 = CARTESIAN_POINT('',(2.048685126138,0.577465231277));
#1835 = CARTESIAN_POINT('',(2.050246211903,0.582845182633));
#1836 = CARTESIAN_POINT('',(2.051868361248,0.588225206525));
#1837 = CARTESIAN_POINT('',(2.055243102471,0.59900453579));
#1838 = CARTESIAN_POINT('',(2.056996138296,0.604403841583));
#1839 = CARTESIAN_POINT('',(2.05881301054,0.6098031954));
#1840 = CARTESIAN_POINT('',(2.060695203212,0.615202583183));
#1841 = CARTESIAN_POINT('',(2.06458645347,0.625981873416));
#1842 = CARTESIAN_POINT('',(2.066595027706,0.631361775729));
#1843 = CARTESIAN_POINT('',(2.068671693661,0.636741681962));
#1844 = CARTESIAN_POINT('',(2.070818219222,0.642121576272));
#1845 = CARTESIAN_POINT('',(2.07525456316,0.652881391652));
#1846 = CARTESIAN_POINT('',(2.077544383772,0.658261312733));
#1847 = CARTESIAN_POINT('',(2.079907606248,0.663641189521));
#1848 = CARTESIAN_POINT('',(2.082346003242,0.669021005552));
#1849 = CARTESIAN_POINT('',(2.087376554707,0.679780760002));
#1850 = CARTESIAN_POINT('',(2.089968717156,0.685160698437));
#1851 = CARTESIAN_POINT('',(2.092639341562,0.69054054407));
#1852 = CARTESIAN_POINT('',(2.095389936798,0.695920281463));
#1853 = CARTESIAN_POINT('',(2.101064014107,0.706699394946));
#1854 = CARTESIAN_POINT('',(2.103988097798,0.712098770166));
#1855 = CARTESIAN_POINT('',(2.106995244309,0.71749800801));
#1856 = CARTESIAN_POINT('',(2.110086435494,0.722897095912));
#1857 = CARTESIAN_POINT('',(2.116426902083,0.733676143895));
#1858 = CARTESIAN_POINT('',(2.119675589584,0.739056105129));
#1859 = CARTESIAN_POINT('',(2.123008780879,0.744435897588));
#1860 = CARTESIAN_POINT('',(2.126426554562,0.74981551409));
#1861 = CARTESIAN_POINT('',(2.133430420792,0.76057509474));
#1862 = CARTESIAN_POINT('',(2.13701653587,0.765955058874));
#1863 = CARTESIAN_POINT('',(2.140685938784,0.771334840067));
#1864 = CARTESIAN_POINT('',(2.1444372446,0.776714438759));
#1865 = CARTESIAN_POINT('',(2.152098929237,0.787474001265));
#1866 = CARTESIAN_POINT('',(2.156009329918,0.792853965039));
#1867 = CARTESIAN_POINT('',(2.159996390164,0.798233757043));
#1868 = CARTESIAN_POINT('',(2.164056244546,0.80361338767));
#1869 = CARTESIAN_POINT('',(2.172324929598,0.814392411644));
#1870 = CARTESIAN_POINT('',(2.176534259907,0.819791803861));
#1871 = CARTESIAN_POINT('',(2.180804792588,0.825191066787));
#1872 = CARTESIAN_POINT('',(2.185128287456,0.830590223034));
#1873 = CARTESIAN_POINT('',(2.193841986735,0.841369381497));
#1874 = CARTESIAN_POINT('',(2.198231902895,0.846749384109));
#1875 = CARTESIAN_POINT('',(2.202650726564,0.852129339699));
#1876 = CARTESIAN_POINT('',(2.20708298704,0.857509283875));
#1877 = CARTESIAN_POINT('',(2.215931691585,0.868269327813));
#1878 = CARTESIAN_POINT('',(2.220348133189,0.873649427262));
#1879 = CARTESIAN_POINT('',(2.224735217396,0.879029601283));
#1880 = CARTESIAN_POINT('',(2.229065575631,0.884409898513));
#1881 = CARTESIAN_POINT('',(2.237540231043,0.895170498836));
#1882 = CARTESIAN_POINT('',(2.241684532799,0.9005508013));
#1883 = CARTESIAN_POINT('',(2.245699827761,0.905931337851));
#1884 = CARTESIAN_POINT('',(2.249541030133,0.911312167403));
#1885 = CARTESIAN_POINT('',(2.256814385245,0.922151237835));
#1886 = CARTESIAN_POINT('',(2.260239910818,0.927609487789));
#1887 = CARTESIAN_POINT('',(2.263370158914,0.933068170638));
#1888 = CARTESIAN_POINT('',(2.266134631823,0.938527350904));
#1889 = CARTESIAN_POINT('',(2.270757022025,0.949414377835));
#1890 = CARTESIAN_POINT('',(2.272620218804,0.95484221579));
#1891 = CARTESIAN_POINT('',(2.273963534767,0.960270670344));
#1892 = CARTESIAN_POINT('',(2.274698039001,0.965699791558));
#1893 = CARTESIAN_POINT('',(2.274735216297,0.971129617329));
#1894 = ( GEOMETRIC_REPRESENTATION_CONTEXT(2) 
PARAMETRIC_REPRESENTATION_CONTEXT() REPRESENTATION_CONTEXT('2D SPACE',''
  ) );
#1895 = ORIENTED_EDGE('',*,*,#1896,.F.);
#1896 = EDGE_CURVE('',#590,#1262,#1897,.T.);
#1897 = SURFACE_CURVE('',#1898,(#1903,#1910),.PCURVE_S1.);
#1898 = CIRCLE('',#1899,70.);
#1899 = AXIS2_PLACEMENT_3D('',#1900,#1901,#1902);
#1900 = CARTESIAN_POINT('',(-1.E+03,30.000000020756,30.));
#1901 = DIRECTION('',(-1.,0.,-1.110223024625E-16));
#1902 = DIRECTION('',(1.110223024625E-16,0.,-1.));
#1903 = PCURVE('',#233,#1904);
#1904 = DEFINITIONAL_REPRESENTATION('',(#1905),#1909);
#1905 = LINE('',#1906,#1907);
#1906 = CARTESIAN_POINT('',(-6.28318530718,-123.3333333333));
#1907 = VECTOR('',#1908,1.);
#1908 = DIRECTION('',(1.,-0.));
#1909 = ( GEOMETRIC_REPRESENTATION_CONTEXT(2) 
PARAMETRIC_REPRESENTATION_CONTEXT() REPRESENTATION_CONTEXT('2D SPACE',''
  ) );
#1910 = PCURVE('',#1911,#1916);
#1911 = PLANE('',#1912);
#1912 = AXIS2_PLACEMENT_3D('',#1913,#1914,#1915);
#1913 = CARTESIAN_POINT('',(-1.E+03,61.819805153395,68.89087296526));
#1914 = DIRECTION('',(-1.,0.,0.));
#1915 = DIRECTION('',(0.,0.92869512371,0.370844127898));
#1916 = DEFINITIONAL_REPRESENTATION('',(#1917),#1921);
#1917 = CIRCLE('',#1918,70.);
#1918 = AXIS2_PLACEMENT_2D('',#1919,#1920);
#1919 = CARTESIAN_POINT('',(-43.97334973209,24.317576195381));
#1920 = DIRECTION('',(-0.370844127898,0.92869512371));
#1921 = ( GEOMETRIC_REPRESENTATION_CONTEXT(2) 
PARAMETRIC_REPRESENTATION_CONTEXT() REPRESENTATION_CONTEXT('2D SPACE',''
  ) );
#1922 = ADVANCED_FACE('',(#1923,#2058),#259,.F.);
#1923 = FACE_BOUND('',#1924,.F.);
#1924 = EDGE_LOOP('',(#1925,#1926,#1927,#1950,#1979,#2007,#2036,#2057));
#1925 = ORIENTED_EDGE('',*,*,#245,.F.);
#1926 = ORIENTED_EDGE('',*,*,#407,.T.);
#1927 = ORIENTED_EDGE('',*,*,#1928,.T.);
#1928 = EDGE_CURVE('',#380,#1929,#1931,.T.);
#1929 = VERTEX_POINT('',#1930);
#1930 = CARTESIAN_POINT('',(-1.123333333333E+03,-99.99999997487,
    -29.99999999562));
#1931 = SURFACE_CURVE('',#1932,(#1936,#1943),.PCURVE_S1.);
#1932 = LINE('',#1933,#1934);
#1933 = CARTESIAN_POINT('',(-1.123333333333E+03,-99.99999997487,0.));
#1934 = VECTOR('',#1935,1.);
#1935 = DIRECTION('',(1.110223024625E-16,0.,-1.));
#1936 = PCURVE('',#259,#1937);
#1937 = DEFINITIONAL_REPRESENTATION('',(#1938),#1942);
#1938 = LINE('',#1939,#1940);
#1939 = CARTESIAN_POINT('',(8.346426282815E-09,-99.99999998852));
#1940 = VECTOR('',#1941,1.);
#1941 = DIRECTION('',(1.,0.));
#1942 = ( GEOMETRIC_REPRESENTATION_CONTEXT(2) 
PARAMETRIC_REPRESENTATION_CONTEXT() REPRESENTATION_CONTEXT('2D SPACE',''
  ) );
#1943 = PCURVE('',#395,#1944);
#1944 = DEFINITIONAL_REPRESENTATION('',(#1945),#1949);
#1945 = LINE('',#1946,#1947);
#1946 = CARTESIAN_POINT('',(30.,3.330669073875E-15));
#1947 = VECTOR('',#1948,1.);
#1948 = DIRECTION('',(1.,0.));
#1949 = ( GEOMETRIC_REPRESENTATION_CONTEXT(2) 
PARAMETRIC_REPRESENTATION_CONTEXT() REPRESENTATION_CONTEXT('2D SPACE',''
  ) );
#1950 = ORIENTED_EDGE('',*,*,#1951,.T.);
#1951 = EDGE_CURVE('',#1929,#1952,#1954,.T.);
#1952 = VERTEX_POINT('',#1953);
#1953 = CARTESIAN_POINT('',(-1.123333333333E+03,-29.99999997487,
    -99.99999999781));
#1954 = SURFACE_CURVE('',#1955,(#1960,#1967),.PCURVE_S1.);
#1955 = CIRCLE('',#1956,70.);
#1956 = AXIS2_PLACEMENT_3D('',#1957,#1958,#1959);
#1957 = CARTESIAN_POINT('',(-1.123333333333E+03,-29.99999997487,
    -29.99999999562));
#1958 = DIRECTION('',(1.,-0.,1.110223024625E-16));
#1959 = DIRECTION('',(1.110223024625E-16,0.,-1.));
#1960 = PCURVE('',#259,#1961);
#1961 = DEFINITIONAL_REPRESENTATION('',(#1962),#1966);
#1962 = CIRCLE('',#1963,70.);
#1963 = AXIS2_PLACEMENT_2D('',#1964,#1965);
#1964 = CARTESIAN_POINT('',(30.000000003973,-29.99999998852));
#1965 = DIRECTION('',(1.,0.));
#1966 = ( GEOMETRIC_REPRESENTATION_CONTEXT(2) 
PARAMETRIC_REPRESENTATION_CONTEXT() REPRESENTATION_CONTEXT('2D SPACE',''
  ) );
#1967 = PCURVE('',#1968,#1973);
#1968 = CYLINDRICAL_SURFACE('',#1969,70.);
#1969 = AXIS2_PLACEMENT_3D('',#1970,#1971,#1972);
#1970 = CARTESIAN_POINT('',(-1.123333333333E+03,-29.99999997487,
    -29.99999999562));
#1971 = DIRECTION('',(-1.,0.,-1.110223024625E-16));
#1972 = DIRECTION('',(1.110223024625E-16,0.,-1.));
#1973 = DEFINITIONAL_REPRESENTATION('',(#1974),#1978);
#1974 = LINE('',#1975,#1976);
#1975 = CARTESIAN_POINT('',(-0.,0.));
#1976 = VECTOR('',#1977,1.);
#1977 = DIRECTION('',(-1.,0.));
#1978 = ( GEOMETRIC_REPRESENTATION_CONTEXT(2) 
PARAMETRIC_REPRESENTATION_CONTEXT() REPRESENTATION_CONTEXT('2D SPACE',''
  ) );
#1979 = ORIENTED_EDGE('',*,*,#1980,.T.);
#1980 = EDGE_CURVE('',#1952,#1981,#1983,.T.);
#1981 = VERTEX_POINT('',#1982);
#1982 = CARTESIAN_POINT('',(-1.123333333333E+03,30.000000020756,-100.));
#1983 = SURFACE_CURVE('',#1984,(#1988,#1995),.PCURVE_S1.);
#1984 = LINE('',#1985,#1986);
#1985 = CARTESIAN_POINT('',(-1.123333333333E+03,2.512879859751E-08,-100.
    ));
#1986 = VECTOR('',#1987,1.);
#1987 = DIRECTION('',(0.,1.,0.));
#1988 = PCURVE('',#259,#1989);
#1989 = DEFINITIONAL_REPRESENTATION('',(#1990),#1994);
#1990 = LINE('',#1991,#1992);
#1991 = CARTESIAN_POINT('',(100.00000000834,1.147972484618E-08));
#1992 = VECTOR('',#1993,1.);
#1993 = DIRECTION('',(0.,1.));
#1994 = ( GEOMETRIC_REPRESENTATION_CONTEXT(2) 
PARAMETRIC_REPRESENTATION_CONTEXT() REPRESENTATION_CONTEXT('2D SPACE',''
  ) );
#1995 = PCURVE('',#1996,#2001);
#1996 = PLANE('',#1997);
#1997 = AXIS2_PLACEMENT_3D('',#1998,#1999,#2000);
#1998 = CARTESIAN_POINT('',(-1.123333333333E+03,-29.99999997487,-100.));
#1999 = DIRECTION('',(0.,0.,1.));
#2000 = DIRECTION('',(0.,1.,0.));
#2001 = DEFINITIONAL_REPRESENTATION('',(#2002),#2006);
#2002 = LINE('',#2003,#2004);
#2003 = CARTESIAN_POINT('',(30.,0.));
#2004 = VECTOR('',#2005,1.);
#2005 = DIRECTION('',(1.,0.));
#2006 = ( GEOMETRIC_REPRESENTATION_CONTEXT(2) 
PARAMETRIC_REPRESENTATION_CONTEXT() REPRESENTATION_CONTEXT('2D SPACE',''
  ) );
#2007 = ORIENTED_EDGE('',*,*,#2008,.T.);
#2008 = EDGE_CURVE('',#1981,#2009,#2011,.T.);
#2009 = VERTEX_POINT('',#2010);
#2010 = CARTESIAN_POINT('',(-1.123333333333E+03,100.00000002294,-30.));
#2011 = SURFACE_CURVE('',#2012,(#2017,#2024),.PCURVE_S1.);
#2012 = CIRCLE('',#2013,70.);
#2013 = AXIS2_PLACEMENT_3D('',#2014,#2015,#2016);
#2014 = CARTESIAN_POINT('',(-1.123333333333E+03,30.000000020756,-30.));
#2015 = DIRECTION('',(1.,-0.,1.110223024625E-16));
#2016 = DIRECTION('',(1.110223024625E-16,0.,-1.));
#2017 = PCURVE('',#259,#2018);
#2018 = DEFINITIONAL_REPRESENTATION('',(#2019),#2023);
#2019 = CIRCLE('',#2020,70.);
#2020 = AXIS2_PLACEMENT_2D('',#2021,#2022);
#2021 = CARTESIAN_POINT('',(30.000000008346,30.000000007107));
#2022 = DIRECTION('',(1.,0.));
#2023 = ( GEOMETRIC_REPRESENTATION_CONTEXT(2) 
PARAMETRIC_REPRESENTATION_CONTEXT() REPRESENTATION_CONTEXT('2D SPACE',''
  ) );
#2024 = PCURVE('',#2025,#2030);
#2025 = CYLINDRICAL_SURFACE('',#2026,70.);
#2026 = AXIS2_PLACEMENT_3D('',#2027,#2028,#2029);
#2027 = CARTESIAN_POINT('',(-1.123333333333E+03,30.000000020756,-30.));
#2028 = DIRECTION('',(-1.,0.,-1.110223024625E-16));
#2029 = DIRECTION('',(1.110223024625E-16,0.,-1.));
#2030 = DEFINITIONAL_REPRESENTATION('',(#2031),#2035);
#2031 = LINE('',#2032,#2033);
#2032 = CARTESIAN_POINT('',(-0.,0.));
#2033 = VECTOR('',#2034,1.);
#2034 = DIRECTION('',(-1.,0.));
#2035 = ( GEOMETRIC_REPRESENTATION_CONTEXT(2) 
PARAMETRIC_REPRESENTATION_CONTEXT() REPRESENTATION_CONTEXT('2D SPACE',''
  ) );
#2036 = ORIENTED_EDGE('',*,*,#2037,.F.);
#2037 = EDGE_CURVE('',#433,#2009,#2038,.T.);
#2038 = SURFACE_CURVE('',#2039,(#2043,#2050),.PCURVE_S1.);
#2039 = LINE('',#2040,#2041);
#2040 = CARTESIAN_POINT('',(-1.123333333333E+03,100.00000002512,0.));
#2041 = VECTOR('',#2042,1.);
#2042 = DIRECTION('',(1.110223024625E-16,0.,-1.));
#2043 = PCURVE('',#259,#2044);
#2044 = DEFINITIONAL_REPRESENTATION('',(#2045),#2049);
#2045 = LINE('',#2046,#2047);
#2046 = CARTESIAN_POINT('',(8.346426282815E-09,100.00000001148));
#2047 = VECTOR('',#2048,1.);
#2048 = DIRECTION('',(1.,0.));
#2049 = ( GEOMETRIC_REPRESENTATION_CONTEXT(2) 
PARAMETRIC_REPRESENTATION_CONTEXT() REPRESENTATION_CONTEXT('2D SPACE',''
  ) );
#2050 = PCURVE('',#450,#2051);
#2051 = DEFINITIONAL_REPRESENTATION('',(#2052),#2056);
#2052 = LINE('',#2053,#2054);
#2053 = CARTESIAN_POINT('',(30.,3.330669073875E-15));
#2054 = VECTOR('',#2055,1.);
#2055 = DIRECTION('',(1.,0.));
#2056 = ( GEOMETRIC_REPRESENTATION_CONTEXT(2) 
PARAMETRIC_REPRESENTATION_CONTEXT() REPRESENTATION_CONTEXT('2D SPACE',''
  ) );
#2057 = ORIENTED_EDGE('',*,*,#565,.T.);
#2058 = FACE_BOUND('',#2059,.F.);
#2059 = EDGE_LOOP('',(#2060));
#2060 = ORIENTED_EDGE('',*,*,#2061,.F.);
#2061 = EDGE_CURVE('',#2062,#2062,#2064,.T.);
#2062 = VERTEX_POINT('',#2063);
#2063 = CARTESIAN_POINT('',(-1.123333333333E+03,0.,-64.24324324324));
#2064 = SURFACE_CURVE('',#2065,(#2070,#2077),.PCURVE_S1.);
#2065 = CIRCLE('',#2066,64.243243243243);
#2066 = AXIS2_PLACEMENT_3D('',#2067,#2068,#2069);
#2067 = CARTESIAN_POINT('',(-1.123333333333E+03,0.,1.110223024625E-16));
#2068 = DIRECTION('',(1.,-0.,1.110223024625E-16));
#2069 = DIRECTION('',(1.110223024625E-16,0.,-1.));
#2070 = PCURVE('',#259,#2071);
#2071 = DEFINITIONAL_REPRESENTATION('',(#2072),#2076);
#2072 = CIRCLE('',#2073,64.243243243243);
#2073 = AXIS2_PLACEMENT_2D('',#2074,#2075);
#2074 = CARTESIAN_POINT('',(8.346426171793E-09,-1.364907375133E-08));
#2075 = DIRECTION('',(1.,0.));
#2076 = ( GEOMETRIC_REPRESENTATION_CONTEXT(2) 
PARAMETRIC_REPRESENTATION_CONTEXT() REPRESENTATION_CONTEXT('2D SPACE',''
  ) );
#2077 = PCURVE('',#2078,#2083);
#2078 = CONICAL_SURFACE('',#2079,65.,0.647811426927);
#2079 = AXIS2_PLACEMENT_3D('',#2080,#2081,#2082);
#2080 = CARTESIAN_POINT('',(-1.124333333333E+03,0.,0.));
#2081 = DIRECTION('',(-1.,0.,-1.110223024625E-16));
#2082 = DIRECTION('',(1.110223024625E-16,0.,-1.));
#2083 = DEFINITIONAL_REPRESENTATION('',(#2084),#2088);
#2084 = LINE('',#2085,#2086);
#2085 = CARTESIAN_POINT('',(-0.,-1.));
#2086 = VECTOR('',#2087,1.);
#2087 = DIRECTION('',(-1.,-0.));
#2088 = ( GEOMETRIC_REPRESENTATION_CONTEXT(2) 
PARAMETRIC_REPRESENTATION_CONTEXT() REPRESENTATION_CONTEXT('2D SPACE',''
  ) );
#2089 = ADVANCED_FACE('',(#2090),#130,.T.);
#2090 = FACE_BOUND('',#2091,.T.);
#2091 = EDGE_LOOP('',(#2092,#2093,#2121,#2157));
#2092 = ORIENTED_EDGE('',*,*,#114,.F.);
#2093 = ORIENTED_EDGE('',*,*,#2094,.T.);
#2094 = EDGE_CURVE('',#82,#2095,#2097,.T.);
#2095 = VERTEX_POINT('',#2096);
#2096 = CARTESIAN_POINT('',(1.084E+03,-1.00000004739E-02,95.));
#2097 = SURFACE_CURVE('',#2098,(#2107,#2114),.PCURVE_S1.);
#2098 = ( BOUNDED_CURVE() B_SPLINE_CURVE(7,(#2099,#2100,#2101,#2102,
    #2103,#2104,#2105,#2106),.UNSPECIFIED.,.F.,.F.) 
B_SPLINE_CURVE_WITH_KNOTS((8,8),(0.,1.),.PIECEWISE_BEZIER_KNOTS.) CURVE(
) GEOMETRIC_REPRESENTATION_ITEM() RATIONAL_B_SPLINE_CURVE((1.,1.,1.,
1.000000000001,0.999999999999,1.,1.,1.)) REPRESENTATION_ITEM('') );
#2099 = CARTESIAN_POINT('',(740.,-30.00000002512,100.));
#2100 = CARTESIAN_POINT('',(789.25100701865,-30.00006607556,
    100.00001098719));
#2101 = CARTESIAN_POINT('',(838.50011830426,-25.69649266101,
    99.282509727372));
#2102 = CARTESIAN_POINT('',(887.5311021226,-18.81736520842,
    98.135605873578));
#2103 = CARTESIAN_POINT('',(936.46889787768,-11.19263483019,
    96.864394126397));
#2104 = CARTESIAN_POINT('',(985.49988169536,-4.313507393648,
    95.71749027267));
#2105 = CARTESIAN_POINT('',(1.034748992981E+03,-9.933920041498E-03,
    94.999989012789));
#2106 = CARTESIAN_POINT('',(1.084E+03,-1.000000047387E-02,95.));
#2107 = PCURVE('',#130,#2108);
#2108 = DEFINITIONAL_REPRESENTATION('',(#2109),#2113);
#2109 = LINE('',#2110,#2111);
#2110 = CARTESIAN_POINT('',(1.,0.));
#2111 = VECTOR('',#2112,1.);
#2112 = DIRECTION('',(0.,1.));
#2113 = ( GEOMETRIC_REPRESENTATION_CONTEXT(2) 
PARAMETRIC_REPRESENTATION_CONTEXT() REPRESENTATION_CONTEXT('2D SPACE',''
  ) );
#2114 = PCURVE('',#292,#2115);
#2115 = DEFINITIONAL_REPRESENTATION('',(#2116),#2120);
#2116 = LINE('',#2117,#2118);
#2117 = CARTESIAN_POINT('',(1.,0.));
#2118 = VECTOR('',#2119,1.);
#2119 = DIRECTION('',(0.,1.));
#2120 = ( GEOMETRIC_REPRESENTATION_CONTEXT(2) 
PARAMETRIC_REPRESENTATION_CONTEXT() REPRESENTATION_CONTEXT('2D SPACE',''
  ) );
#2121 = ORIENTED_EDGE('',*,*,#2122,.F.);
#2122 = EDGE_CURVE('',#2123,#2095,#2125,.T.);
#2123 = VERTEX_POINT('',#2124);
#2124 = CARTESIAN_POINT('',(1.084E+03,9.999993449178E-03,95.));
#2125 = SURFACE_CURVE('',#2126,(#2137,#2144),.PCURVE_S1.);
#2126 = B_SPLINE_CURVE_WITH_KNOTS('',9,(#2127,#2128,#2129,#2130,#2131,
    #2132,#2133,#2134,#2135,#2136),.UNSPECIFIED.,.F.,.F.,(10,10),(0.,1.)
  ,.PIECEWISE_BEZIER_KNOTS.);
#2127 = CARTESIAN_POINT('',(1.084E+03,9.999993449178E-03,95.));
#2128 = CARTESIAN_POINT('',(1.084E+03,7.77777190217E-03,95.));
#2129 = CARTESIAN_POINT('',(1.084E+03,5.555550355161E-03,95.));
#2130 = CARTESIAN_POINT('',(1.084E+03,3.333328808152E-03,95.));
#2131 = CARTESIAN_POINT('',(1.084E+03,1.111107261144E-03,95.));
#2132 = CARTESIAN_POINT('',(1.084E+03,-1.111114285865E-03,95.));
#2133 = CARTESIAN_POINT('',(1.084E+03,-3.333335832874E-03,95.));
#2134 = CARTESIAN_POINT('',(1.084E+03,-5.555557379882E-03,95.));
#2135 = CARTESIAN_POINT('',(1.084E+03,-7.777778926891E-03,95.));
#2136 = CARTESIAN_POINT('',(1.084E+03,-1.000000047387E-02,95.));
#2137 = PCURVE('',#130,#2138);
#2138 = DEFINITIONAL_REPRESENTATION('',(#2139),#2143);
#2139 = LINE('',#2140,#2141);
#2140 = CARTESIAN_POINT('',(0.,1.));
#2141 = VECTOR('',#2142,1.);
#2142 = DIRECTION('',(1.,0.));
#2143 = ( GEOMETRIC_REPRESENTATION_CONTEXT(2) 
PARAMETRIC_REPRESENTATION_CONTEXT() REPRESENTATION_CONTEXT('2D SPACE',''
  ) );
#2144 = PCURVE('',#2145,#2152);
#2145 = B_SPLINE_SURFACE_WITH_KNOTS('',2,1,(
    (#2146,#2147)
    ,(#2148,#2149)
    ,(#2150,#2151
    )),.UNSPECIFIED.,.F.,.F.,.F.,(3,3),(2,2),(-9.999992975282E-03,
    1.00000009478E-02),(0.,1.),.PIECEWISE_BEZIER_KNOTS.);
#2146 = CARTESIAN_POINT('',(1.084E+03,9.999993449178E-03,95.));
#2147 = CARTESIAN_POINT('',(1.085E+03,9.99999509078E-03,94.999999473685)
  );
#2148 = CARTESIAN_POINT('',(1.084E+03,-3.512360632375E-09,95.));
#2149 = CARTESIAN_POINT('',(1.085E+03,-1.833815909888E-09,
    95.000000526315));
#2150 = CARTESIAN_POINT('',(1.084E+03,-1.00000004739E-02,95.));
#2151 = CARTESIAN_POINT('',(1.085E+03,-9.999998758412E-03,
    94.999999473684));
#2152 = DEFINITIONAL_REPRESENTATION('',(#2153),#2156);
#2153 = B_SPLINE_CURVE_WITH_KNOTS('',1,(#2154,#2155),.UNSPECIFIED.,.F.,
  .F.,(2,2),(0.,1.),.PIECEWISE_BEZIER_KNOTS.);
#2154 = CARTESIAN_POINT('',(-9.999992975282E-03,0.));
#2155 = CARTESIAN_POINT('',(1.00000009478E-02,0.));
#2156 = ( GEOMETRIC_REPRESENTATION_CONTEXT(2) 
PARAMETRIC_REPRESENTATION_CONTEXT() REPRESENTATION_CONTEXT('2D SPACE',''
  ) );
#2157 = ORIENTED_EDGE('',*,*,#2158,.F.);
#2158 = EDGE_CURVE('',#115,#2123,#2159,.T.);
#2159 = SURFACE_CURVE('',#2160,(#2169,#2176),.PCURVE_S1.);
#2160 = ( BOUNDED_CURVE() B_SPLINE_CURVE(7,(#2161,#2162,#2163,#2164,
    #2165,#2166,#2167,#2168),.UNSPECIFIED.,.F.,.F.) 
B_SPLINE_CURVE_WITH_KNOTS((8,8),(0.,1.),.PIECEWISE_BEZIER_KNOTS.) CURVE(
) GEOMETRIC_REPRESENTATION_ITEM() RATIONAL_B_SPLINE_CURVE((1.,1.,1.,
1.000000000001,0.999999999999,1.,1.,1.)) REPRESENTATION_ITEM('') );
#2161 = CARTESIAN_POINT('',(740.,30.000000020756,100.));
#2162 = CARTESIAN_POINT('',(789.25100701865,30.00006609164,
    100.0000109872));
#2163 = CARTESIAN_POINT('',(838.50011830426,25.696492553327,
    99.282509727347));
#2164 = CARTESIAN_POINT('',(887.5311021226,18.817365351903,
    98.135605873616));
#2165 = CARTESIAN_POINT('',(936.46889787768,11.192634643312,
    96.864394126364));
#2166 = CARTESIAN_POINT('',(985.49988169536,4.313507480538,
    95.717490272687));
#2167 = CARTESIAN_POINT('',(1.034748992981E+03,9.933902234228E-03,
    94.999989012784));
#2168 = CARTESIAN_POINT('',(1.084E+03,9.999993449178E-03,95.));
#2169 = PCURVE('',#130,#2170);
#2170 = DEFINITIONAL_REPRESENTATION('',(#2171),#2175);
#2171 = LINE('',#2172,#2173);
#2172 = CARTESIAN_POINT('',(0.,0.));
#2173 = VECTOR('',#2174,1.);
#2174 = DIRECTION('',(0.,1.));
#2175 = ( GEOMETRIC_REPRESENTATION_CONTEXT(2) 
PARAMETRIC_REPRESENTATION_CONTEXT() REPRESENTATION_CONTEXT('2D SPACE',''
  ) );
#2176 = PCURVE('',#477,#2177);
#2177 = DEFINITIONAL_REPRESENTATION('',(#2178),#2182);
#2178 = LINE('',#2179,#2180);
#2179 = CARTESIAN_POINT('',(8.,0.));
#2180 = VECTOR('',#2181,1.);
#2181 = DIRECTION('',(0.,1.));
#2182 = ( GEOMETRIC_REPRESENTATION_CONTEXT(2) 
PARAMETRIC_REPRESENTATION_CONTEXT() REPRESENTATION_CONTEXT('2D SPACE',''
  ) );
#2183 = ADVANCED_FACE('',(#2184),#395,.F.);
#2184 = FACE_BOUND('',#2185,.F.);
#2185 = EDGE_LOOP('',(#2186,#2187,#2290,#2311));
#2186 = ORIENTED_EDGE('',*,*,#379,.T.);
#2187 = ORIENTED_EDGE('',*,*,#2188,.T.);
#2188 = EDGE_CURVE('',#276,#2189,#2191,.T.);
#2189 = VERTEX_POINT('',#2190);
#2190 = CARTESIAN_POINT('',(740.,-99.99999997487,-29.99999999562));
#2191 = SURFACE_CURVE('',#2192,(#2196,#2203),.PCURVE_S1.);
#2192 = LINE('',#2193,#2194);
#2193 = CARTESIAN_POINT('',(740.,-99.99999997487,0.));
#2194 = VECTOR('',#2195,1.);
#2195 = DIRECTION('',(1.110223024625E-16,0.,-1.));
#2196 = PCURVE('',#395,#2197);
#2197 = DEFINITIONAL_REPRESENTATION('',(#2198),#2202);
#2198 = LINE('',#2199,#2200);
#2199 = CARTESIAN_POINT('',(30.,-1.863333333333E+03));
#2200 = VECTOR('',#2201,1.);
#2201 = DIRECTION('',(1.,0.));
#2202 = ( GEOMETRIC_REPRESENTATION_CONTEXT(2) 
PARAMETRIC_REPRESENTATION_CONTEXT() REPRESENTATION_CONTEXT('2D SPACE',''
  ) );
#2203 = PCURVE('',#2204,#2285);
#2204 = ( BOUNDED_SURFACE() B_SPLINE_SURFACE(9,7,(
    (#2205,#2206,#2207,#2208,#2209,#2210,#2211,#2212)
    ,(#2213,#2214,#2215,#2216,#2217,#2218,#2219,#2220)
    ,(#2221,#2222,#2223,#2224,#2225,#2226,#2227,#2228)
    ,(#2229,#2230,#2231,#2232,#2233,#2234,#2235,#2236)
    ,(#2237,#2238,#2239,#2240,#2241,#2242,#2243,#2244)
    ,(#2245,#2246,#2247,#2248,#2249,#2250,#2251,#2252)
    ,(#2253,#2254,#2255,#2256,#2257,#2258,#2259,#2260)
    ,(#2261,#2262,#2263,#2264,#2265,#2266,#2267,#2268)
    ,(#2269,#2270,#2271,#2272,#2273,#2274,#2275,#2276)
    ,(#2277,#2278,#2279,#2280,#2281,#2282,#2283,#2284
)),.UNSPECIFIED.,.F.,.F.,.F.) B_SPLINE_SURFACE_WITH_KNOTS((10,10),(8,8),
  (2.,3.),(0.,1.),.PIECEWISE_BEZIER_KNOTS.) 
GEOMETRIC_REPRESENTATION_ITEM() RATIONAL_B_SPLINE_SURFACE((
    (1.,1.,1.,1.000000000001,0.999999999999,1.,1.,1.)
    ,(1.,1.,1.,1.000000000001,0.999999999999,1.,1.,1.)
    ,(1.,1.,1.,1.000000000001,0.999999999999,1.,1.,1.)
    ,(1.,1.,1.,1.000000000001,0.999999999999,1.,1.,1.)
    ,(1.,1.,1.,1.000000000001,0.999999999999,1.,1.,1.)
    ,(1.,1.,1.,1.000000000001,0.999999999999,1.,1.,1.)
    ,(1.,1.,1.,1.000000000001,0.999999999999,1.,1.,1.)
    ,(1.,1.,1.,1.000000000001,0.999999999999,1.,1.,1.)
    ,(1.,1.,1.,1.000000000001,0.999999999999,1.,1.,1.)
    ,(1.,1.,1.,1.000000000001,0.999999999999,1.,1.,1.
))) REPRESENTATION_ITEM('') SURFACE() );
#2205 = CARTESIAN_POINT('',(740.,-99.99999997487,30.));
#2206 = CARTESIAN_POINT('',(789.25100701865,-100.0000108129,
    30.000065901321));
#2207 = CARTESIAN_POINT('',(838.50011830426,-99.28251041074,
    25.696493344364));
#2208 = CARTESIAN_POINT('',(887.5311021226,-98.1356046955,
    18.817364030401));
#2209 = CARTESIAN_POINT('',(936.46889787768,-96.86439526571,
    11.192635969464));
#2210 = CARTESIAN_POINT('',(985.49988169536,-95.71748953485,
    4.313506655858));
#2211 = CARTESIAN_POINT('',(1.034748992981E+03,-94.99998919135,
    9.934098596205E-03));
#2212 = CARTESIAN_POINT('',(1.084E+03,-94.99999999952,1.000000000001E-02
    ));
#2213 = CARTESIAN_POINT('',(740.,-99.99999997487,23.333333333819));
#2214 = CARTESIAN_POINT('',(789.25100701865,-100.0000108129,
    23.333384585226));
#2215 = CARTESIAN_POINT('',(838.50011830426,-99.28251041074,
    19.986161513767));
#2216 = CARTESIAN_POINT('',(887.5311021226,-98.1356046955,
    14.635727537143));
#2217 = CARTESIAN_POINT('',(936.46889787768,-96.86439526571,
    8.705383591057));
#2218 = CARTESIAN_POINT('',(985.49988169536,-95.71748953485,
    3.354949572641));
#2219 = CARTESIAN_POINT('',(1.034748992981E+03,-94.99998919135,
    7.726547446019E-03));
#2220 = CARTESIAN_POINT('',(1.084E+03,-94.99999999952,7.777777972808E-03
    ));
#2221 = CARTESIAN_POINT('',(740.,-99.99999997487,16.666666667638));
#2222 = CARTESIAN_POINT('',(789.25100701865,-100.0000108129,
    16.666703269122));
#2223 = CARTESIAN_POINT('',(838.50011830426,-99.28251041074,
    14.275829683195));
#2224 = CARTESIAN_POINT('',(887.5311021226,-98.1356046955,
    10.454091043845));
#2225 = CARTESIAN_POINT('',(936.46889787768,-96.86439526571,
    6.218131212689));
#2226 = CARTESIAN_POINT('',(985.49988169536,-95.71748953485,
    2.396392489401));
#2227 = CARTESIAN_POINT('',(1.034748992981E+03,-94.99998919135,
    5.518996302242E-03));
#2228 = CARTESIAN_POINT('',(1.084E+03,-94.99999999952,5.555555945611E-03
    ));
#2229 = CARTESIAN_POINT('',(740.,-99.99999997487,10.000000001458));
#2230 = CARTESIAN_POINT('',(789.25100701865,-100.0000108129,
    10.000021953025));
#2231 = CARTESIAN_POINT('',(838.50011830426,-99.28251041074,
    8.565497852604));
#2232 = CARTESIAN_POINT('',(887.5311021226,-98.1356046955,6.272454550578
    ));
#2233 = CARTESIAN_POINT('',(936.46889787768,-96.86439526571,
    3.730878834292));
#2234 = CARTESIAN_POINT('',(985.49988169536,-95.71748953485,
    1.437835406179));
#2235 = CARTESIAN_POINT('',(1.034748992981E+03,-94.99998919135,
    3.311445153708E-03));
#2236 = CARTESIAN_POINT('',(1.084E+03,-94.99999999952,3.333333918415E-03
    ));
#2237 = CARTESIAN_POINT('',(740.,-99.99999997487,3.333333335277));
#2238 = CARTESIAN_POINT('',(789.25100701865,-100.0000108129,
    3.333340636925));
#2239 = CARTESIAN_POINT('',(838.50011830426,-99.28251041074,
    2.855166022021));
#2240 = CARTESIAN_POINT('',(887.5311021226,-98.1356046955,2.090818057297
    ));
#2241 = CARTESIAN_POINT('',(936.46889787768,-96.86439526571,
    1.243626455907));
#2242 = CARTESIAN_POINT('',(985.49988169536,-95.71748953485,
    0.479278322949));
#2243 = CARTESIAN_POINT('',(1.034748992981E+03,-94.99998919135,
    1.103894007172E-03));
#2244 = CARTESIAN_POINT('',(1.084E+03,-94.99999999952,1.111111891218E-03
    ));
#2245 = CARTESIAN_POINT('',(740.,-99.99999997487,-3.333333330904));
#2246 = CARTESIAN_POINT('',(789.25100701865,-100.0000108129,
    -3.333340679173));
#2247 = CARTESIAN_POINT('',(838.50011830426,-99.28251041074,
    -2.855165808565));
#2248 = CARTESIAN_POINT('',(887.5311021226,-98.1356046955,
    -2.090818435978));
#2249 = CARTESIAN_POINT('',(936.46889787768,-96.86439526571,
    -1.243625922483));
#2250 = CARTESIAN_POINT('',(985.49988169536,-95.71748953485,
    -0.479278760278));
#2251 = CARTESIAN_POINT('',(1.034748992981E+03,-94.99998919135,
    -1.103657140172E-03));
#2252 = CARTESIAN_POINT('',(1.084E+03,-94.99999999952,
    -1.111110135979E-03));
#2253 = CARTESIAN_POINT('',(740.,-99.99999997487,-9.999999997085));
#2254 = CARTESIAN_POINT('',(789.25100701865,-100.0000108129,
    -10.00002199527));
#2255 = CARTESIAN_POINT('',(838.50011830426,-99.28251041074,
    -8.56549763915));
#2256 = CARTESIAN_POINT('',(887.5311021226,-98.1356046955,
    -6.272454929255));
#2257 = CARTESIAN_POINT('',(936.46889787768,-96.86439526571,
    -3.730878300871));
#2258 = CARTESIAN_POINT('',(985.49988169536,-95.71748953485,
    -1.437835843506));
#2259 = CARTESIAN_POINT('',(1.034748992981E+03,-94.99998919135,
    -3.311208287237E-03));
#2260 = CARTESIAN_POINT('',(1.084E+03,-94.99999999952,
    -3.333332163176E-03));
#2261 = CARTESIAN_POINT('',(740.,-99.99999997487,-16.66666666326));
#2262 = CARTESIAN_POINT('',(789.25100701865,-100.0000108129,
    -16.66670331137));
#2263 = CARTESIAN_POINT('',(838.50011830426,-99.28251041074,
    -14.27582946973));
#2264 = CARTESIAN_POINT('',(887.5311021226,-98.1356046955,
    -10.45409142253));
#2265 = CARTESIAN_POINT('',(936.46889787768,-96.86439526571,
    -6.218130679256));
#2266 = CARTESIAN_POINT('',(985.49988169536,-95.71748953485,
    -2.396392926736));
#2267 = CARTESIAN_POINT('',(1.034748992981E+03,-94.99998919135,
    -5.518759433689E-03));
#2268 = CARTESIAN_POINT('',(1.084E+03,-94.99999999952,
    -5.555554190373E-03));
#2269 = CARTESIAN_POINT('',(740.,-99.99999997487,-23.33333332944));
#2270 = CARTESIAN_POINT('',(789.25100701865,-100.0000108129,
    -23.33338462747));
#2271 = CARTESIAN_POINT('',(838.50011830426,-99.28251041074,
    -19.98616130032));
#2272 = CARTESIAN_POINT('',(887.5311021226,-98.1356046955,-14.6357279158
    ));
#2273 = CARTESIAN_POINT('',(936.46889787768,-96.86439526571,
    -8.705383057654));
#2274 = CARTESIAN_POINT('',(985.49988169536,-95.71748953485,
    -3.354950009958));
#2275 = CARTESIAN_POINT('',(1.034748992981E+03,-94.99998919135,
    -7.726310582554E-03));
#2276 = CARTESIAN_POINT('',(1.084E+03,-94.99999999952,-7.77777621757E-03
    ));
#2277 = CARTESIAN_POINT('',(740.,-99.99999997487,-29.99999999562));
#2278 = CARTESIAN_POINT('',(789.25100701865,-100.0000108129,
    -30.00006594357));
#2279 = CARTESIAN_POINT('',(838.50011830426,-99.28251041068,
    -25.69649313089));
#2280 = CARTESIAN_POINT('',(887.5311021226,-98.13560469561,
    -18.81736440909));
#2281 = CARTESIAN_POINT('',(936.46889787768,-96.86439526561,
    -11.19263543602));
#2282 = CARTESIAN_POINT('',(985.49988169536,-95.71748953491,
    -4.313507093196));
#2283 = CARTESIAN_POINT('',(1.034748992981E+03,-94.99998919133,
    -9.93386172686E-03));
#2284 = CARTESIAN_POINT('',(1.084E+03,-94.99999999952,-9.99999824475E-03
    ));
#2285 = DEFINITIONAL_REPRESENTATION('',(#2286),#2289);
#2286 = B_SPLINE_CURVE_WITH_KNOTS('',1,(#2287,#2288),.UNSPECIFIED.,.F.,
  .F.,(2,2),(-30.,29.999999995627),.PIECEWISE_BEZIER_KNOTS.);
#2287 = CARTESIAN_POINT('',(2.,0.));
#2288 = CARTESIAN_POINT('',(3.,0.));
#2289 = ( GEOMETRIC_REPRESENTATION_CONTEXT(2) 
PARAMETRIC_REPRESENTATION_CONTEXT() REPRESENTATION_CONTEXT('2D SPACE',''
  ) );
#2290 = ORIENTED_EDGE('',*,*,#2291,.F.);
#2291 = EDGE_CURVE('',#1929,#2189,#2292,.T.);
#2292 = SURFACE_CURVE('',#2293,(#2297,#2304),.PCURVE_S1.);
#2293 = LINE('',#2294,#2295);
#2294 = CARTESIAN_POINT('',(-1.123333333333E+03,-99.99999997487,
    -29.99999999562));
#2295 = VECTOR('',#2296,1.);
#2296 = DIRECTION('',(1.,0.,0.));
#2297 = PCURVE('',#395,#2298);
#2298 = DEFINITIONAL_REPRESENTATION('',(#2299),#2303);
#2299 = LINE('',#2300,#2301);
#2300 = CARTESIAN_POINT('',(59.999999995627,6.661338147265E-15));
#2301 = VECTOR('',#2302,1.);
#2302 = DIRECTION('',(1.110223024625E-16,-1.));
#2303 = ( GEOMETRIC_REPRESENTATION_CONTEXT(2) 
PARAMETRIC_REPRESENTATION_CONTEXT() REPRESENTATION_CONTEXT('2D SPACE',''
  ) );
#2304 = PCURVE('',#1968,#2305);
#2305 = DEFINITIONAL_REPRESENTATION('',(#2306),#2310);
#2306 = LINE('',#2307,#2308);
#2307 = CARTESIAN_POINT('',(-4.712388980385,0.));
#2308 = VECTOR('',#2309,1.);
#2309 = DIRECTION('',(-0.,-1.));
#2310 = ( GEOMETRIC_REPRESENTATION_CONTEXT(2) 
PARAMETRIC_REPRESENTATION_CONTEXT() REPRESENTATION_CONTEXT('2D SPACE',''
  ) );
#2311 = ORIENTED_EDGE('',*,*,#1928,.F.);
#2312 = ADVANCED_FACE('',(#2313),#292,.T.);
#2313 = FACE_BOUND('',#2314,.T.);
#2314 = EDGE_LOOP('',(#2315,#2316,#2344,#2392));
#2315 = ORIENTED_EDGE('',*,*,#275,.T.);
#2316 = ORIENTED_EDGE('',*,*,#2317,.T.);
#2317 = EDGE_CURVE('',#276,#2318,#2320,.T.);
#2318 = VERTEX_POINT('',#2319);
#2319 = CARTESIAN_POINT('',(1.084E+03,-95.,1.000000000002E-02));
#2320 = SURFACE_CURVE('',#2321,(#2330,#2337),.PCURVE_S1.);
#2321 = ( BOUNDED_CURVE() B_SPLINE_CURVE(7,(#2322,#2323,#2324,#2325,
    #2326,#2327,#2328,#2329),.UNSPECIFIED.,.F.,.F.) 
B_SPLINE_CURVE_WITH_KNOTS((8,8),(0.,1.),.PIECEWISE_BEZIER_KNOTS.) CURVE(
) GEOMETRIC_REPRESENTATION_ITEM() RATIONAL_B_SPLINE_CURVE((1.,1.,1.,
1.000000000001,0.999999999999,1.,1.,1.)) REPRESENTATION_ITEM('') );
#2322 = CARTESIAN_POINT('',(740.,-99.99999997487,30.));
#2323 = CARTESIAN_POINT('',(789.25100701865,-100.0000108129,
    30.000065901321));
#2324 = CARTESIAN_POINT('',(838.50011830426,-99.28251041074,
    25.696493344364));
#2325 = CARTESIAN_POINT('',(887.5311021226,-98.1356046955,
    18.817364030401));
#2326 = CARTESIAN_POINT('',(936.46889787768,-96.86439526571,
    11.192635969464));
#2327 = CARTESIAN_POINT('',(985.49988169536,-95.71748953485,
    4.313506655858));
#2328 = CARTESIAN_POINT('',(1.034748992981E+03,-94.99998919135,
    9.934098596205E-03));
#2329 = CARTESIAN_POINT('',(1.084E+03,-94.99999999952,1.000000000001E-02
    ));
#2330 = PCURVE('',#292,#2331);
#2331 = DEFINITIONAL_REPRESENTATION('',(#2332),#2336);
#2332 = LINE('',#2333,#2334);
#2333 = CARTESIAN_POINT('',(2.,0.));
#2334 = VECTOR('',#2335,1.);
#2335 = DIRECTION('',(0.,1.));
#2336 = ( GEOMETRIC_REPRESENTATION_CONTEXT(2) 
PARAMETRIC_REPRESENTATION_CONTEXT() REPRESENTATION_CONTEXT('2D SPACE',''
  ) );
#2337 = PCURVE('',#2204,#2338);
#2338 = DEFINITIONAL_REPRESENTATION('',(#2339),#2343);
#2339 = LINE('',#2340,#2341);
#2340 = CARTESIAN_POINT('',(2.,0.));
#2341 = VECTOR('',#2342,1.);
#2342 = DIRECTION('',(0.,1.));
#2343 = ( GEOMETRIC_REPRESENTATION_CONTEXT(2) 
PARAMETRIC_REPRESENTATION_CONTEXT() REPRESENTATION_CONTEXT('2D SPACE',''
  ) );
#2344 = ORIENTED_EDGE('',*,*,#2345,.F.);
#2345 = EDGE_CURVE('',#2095,#2318,#2346,.T.);
#2346 = SURFACE_CURVE('',#2347,(#2358,#2365),.PCURVE_S1.);
#2347 = B_SPLINE_CURVE_WITH_KNOTS('',9,(#2348,#2349,#2350,#2351,#2352,
    #2353,#2354,#2355,#2356,#2357),.UNSPECIFIED.,.F.,.F.,(10,10),(1.,2.)
  ,.PIECEWISE_BEZIER_KNOTS.);
#2348 = CARTESIAN_POINT('',(1.084E+03,-1.000000047387E-02,95.));
#2349 = CARTESIAN_POINT('',(1.084E+03,-16.58888256516,94.999999999999));
#2350 = CARTESIAN_POINT('',(1.084E+03,-33.16776536744,91.744744283797));
#2351 = CARTESIAN_POINT('',(1.084E+03,-49.0161686636,85.234230573936));
#2352 = CARTESIAN_POINT('',(1.084E+03,-63.40362304874,75.659707278621));
#2353 = CARTESIAN_POINT('',(1.084E+03,-75.65970727906,63.403623048244));
#2354 = CARTESIAN_POINT('',(1.084E+03,-85.23423057442,49.016168663153));
#2355 = CARTESIAN_POINT('',(1.084E+03,-91.74474428426,33.167765366964));
#2356 = CARTESIAN_POINT('',(1.084E+03,-95.00000000047,16.588882564695));
#2357 = CARTESIAN_POINT('',(1.084E+03,-94.99999999952,1.000000000001E-02
    ));
#2358 = PCURVE('',#292,#2359);
#2359 = DEFINITIONAL_REPRESENTATION('',(#2360),#2364);
#2360 = LINE('',#2361,#2362);
#2361 = CARTESIAN_POINT('',(0.,1.));
#2362 = VECTOR('',#2363,1.);
#2363 = DIRECTION('',(1.,0.));
#2364 = ( GEOMETRIC_REPRESENTATION_CONTEXT(2) 
PARAMETRIC_REPRESENTATION_CONTEXT() REPRESENTATION_CONTEXT('2D SPACE',''
  ) );
#2365 = PCURVE('',#2366,#2387);
#2366 = B_SPLINE_SURFACE_WITH_KNOTS('',9,1,(
    (#2367,#2368)
    ,(#2369,#2370)
    ,(#2371,#2372)
    ,(#2373,#2374)
    ,(#2375,#2376)
    ,(#2377,#2378)
    ,(#2379,#2380)
    ,(#2381,#2382)
    ,(#2383,#2384)
    ,(#2385,#2386
    )),.UNSPECIFIED.,.F.,.F.,.F.,(10,10),(2,2),(3.14159265359,
    4.712388980385),(0.,1.),.PIECEWISE_BEZIER_KNOTS.);
#2367 = CARTESIAN_POINT('',(1.084E+03,-1.000000047389E-02,95.));
#2368 = CARTESIAN_POINT('',(1.085E+03,-9.999998739928E-03,
    94.999999473684));
#2369 = CARTESIAN_POINT('',(1.084E+03,-16.58888256516,94.999999999999));
#2370 = CARTESIAN_POINT('',(1.085E+03,-16.58840557873,94.998254378569));
#2371 = CARTESIAN_POINT('',(1.084E+03,-33.16776536744,91.744744283797));
#2372 = CARTESIAN_POINT('',(1.085E+03,-33.16646879331,91.741783496465));
#2373 = CARTESIAN_POINT('',(1.084E+03,-49.01616866361,85.234230573936));
#2374 = CARTESIAN_POINT('',(1.085E+03,-49.01392670364,85.230661422289));
#2375 = CARTESIAN_POINT('',(1.084E+03,-63.40362304873,75.659707278621));
#2376 = CARTESIAN_POINT('',(1.085E+03,-63.40054681879,75.656131039771));
#2377 = CARTESIAN_POINT('',(1.084E+03,-75.65970727907,63.403623048244));
#2378 = CARTESIAN_POINT('',(1.085E+03,-75.65613103877,63.400546819922));
#2379 = CARTESIAN_POINT('',(1.084E+03,-85.23423057442,49.016168663153));
#2380 = CARTESIAN_POINT('',(1.085E+03,-85.23066142155,49.013926704971));
#2381 = CARTESIAN_POINT('',(1.084E+03,-91.74474428426,33.167765366964));
#2382 = CARTESIAN_POINT('',(1.085E+03,-91.74178349595,33.166468794711));
#2383 = CARTESIAN_POINT('',(1.084E+03,-95.00000000047,16.588882564695));
#2384 = CARTESIAN_POINT('',(1.085E+03,-94.99825437831,16.588405580186));
#2385 = CARTESIAN_POINT('',(1.084E+03,-95.00000000047,1.000000000001E-02
    ));
#2386 = CARTESIAN_POINT('',(1.085E+03,-94.99999947368,1.000000019387E-02
    ));
#2387 = DEFINITIONAL_REPRESENTATION('',(#2388),#2391);
#2388 = B_SPLINE_CURVE_WITH_KNOTS('',1,(#2389,#2390),.UNSPECIFIED.,.F.,
  .F.,(2,2),(1.,2.),.PIECEWISE_BEZIER_KNOTS.);
#2389 = CARTESIAN_POINT('',(3.14159265359,0.));
#2390 = CARTESIAN_POINT('',(4.712388980385,0.));
#2391 = ( GEOMETRIC_REPRESENTATION_CONTEXT(2) 
PARAMETRIC_REPRESENTATION_CONTEXT() REPRESENTATION_CONTEXT('2D SPACE',''
  ) );
#2392 = ORIENTED_EDGE('',*,*,#2094,.F.);
#2393 = ADVANCED_FACE('',(#2394),#450,.T.);
#2394 = FACE_BOUND('',#2395,.T.);
#2395 = EDGE_LOOP('',(#2396,#2397,#2500,#2521));
#2396 = ORIENTED_EDGE('',*,*,#432,.T.);
#2397 = ORIENTED_EDGE('',*,*,#2398,.T.);
#2398 = EDGE_CURVE('',#435,#2399,#2401,.T.);
#2399 = VERTEX_POINT('',#2400);
#2400 = CARTESIAN_POINT('',(740.,100.00000002294,-30.));
#2401 = SURFACE_CURVE('',#2402,(#2406,#2413),.PCURVE_S1.);
#2402 = LINE('',#2403,#2404);
#2403 = CARTESIAN_POINT('',(740.,100.00000002512,0.));
#2404 = VECTOR('',#2405,1.);
#2405 = DIRECTION('',(1.110223024625E-16,0.,-1.));
#2406 = PCURVE('',#450,#2407);
#2407 = DEFINITIONAL_REPRESENTATION('',(#2408),#2412);
#2408 = LINE('',#2409,#2410);
#2409 = CARTESIAN_POINT('',(30.,-1.863333333333E+03));
#2410 = VECTOR('',#2411,1.);
#2411 = DIRECTION('',(1.,0.));
#2412 = ( GEOMETRIC_REPRESENTATION_CONTEXT(2) 
PARAMETRIC_REPRESENTATION_CONTEXT() REPRESENTATION_CONTEXT('2D SPACE',''
  ) );
#2413 = PCURVE('',#2414,#2495);
#2414 = ( BOUNDED_SURFACE() B_SPLINE_SURFACE(9,7,(
    (#2415,#2416,#2417,#2418,#2419,#2420,#2421,#2422)
    ,(#2423,#2424,#2425,#2426,#2427,#2428,#2429,#2430)
    ,(#2431,#2432,#2433,#2434,#2435,#2436,#2437,#2438)
    ,(#2439,#2440,#2441,#2442,#2443,#2444,#2445,#2446)
    ,(#2447,#2448,#2449,#2450,#2451,#2452,#2453,#2454)
    ,(#2455,#2456,#2457,#2458,#2459,#2460,#2461,#2462)
    ,(#2463,#2464,#2465,#2466,#2467,#2468,#2469,#2470)
    ,(#2471,#2472,#2473,#2474,#2475,#2476,#2477,#2478)
    ,(#2479,#2480,#2481,#2482,#2483,#2484,#2485,#2486)
    ,(#2487,#2488,#2489,#2490,#2491,#2492,#2493,#2494
)),.UNSPECIFIED.,.F.,.F.,.F.) B_SPLINE_SURFACE_WITH_KNOTS((10,10),(8,8),
  (6.,7.),(0.,1.),.PIECEWISE_BEZIER_KNOTS.) 
GEOMETRIC_REPRESENTATION_ITEM() RATIONAL_B_SPLINE_SURFACE((
    (1.,1.,1.,1.000000000001,0.999999999999,1.,1.,1.)
    ,(1.,1.,1.,1.000000000001,0.999999999999,1.,1.,1.)
    ,(1.,1.,1.,1.000000000001,0.999999999999,1.,1.,1.)
    ,(1.,1.,1.,1.000000000001,0.999999999999,1.,1.,1.)
    ,(1.,1.,1.,1.000000000001,0.999999999999,1.,1.,1.)
    ,(1.,1.,1.,1.000000000001,0.999999999999,1.,1.,1.)
    ,(1.,1.,1.,1.000000000001,0.999999999999,1.,1.,1.)
    ,(1.,1.,1.,1.000000000001,0.999999999999,1.,1.,1.)
    ,(1.,1.,1.,1.000000000001,0.999999999999,1.,1.,1.)
    ,(1.,1.,1.,1.000000000001,0.999999999999,1.,1.,1.
))) REPRESENTATION_ITEM('') SURFACE() );
#2415 = CARTESIAN_POINT('',(740.,100.00000002512,-30.));
#2416 = CARTESIAN_POINT('',(789.25100701865,100.00001116142,
    -30.00006590132));
#2417 = CARTESIAN_POINT('',(838.50011830426,99.282509044054,
    -25.69649334436));
#2418 = CARTESIAN_POINT('',(887.5311021226,98.135607051548,
    -18.8173640304));
#2419 = CARTESIAN_POINT('',(936.46889787768,96.864392987182,
    -11.19263596946));
#2420 = CARTESIAN_POINT('',(985.49988169536,95.717491010424,
    -4.313506655858));
#2421 = CARTESIAN_POINT('',(1.034748992981E+03,94.999988834245,
    -9.934098596205E-03));
#2422 = CARTESIAN_POINT('',(1.084E+03,95.000000000474,
    -1.000000000001E-02));
#2423 = CARTESIAN_POINT('',(740.,100.00000002512,-23.33333333333));
#2424 = CARTESIAN_POINT('',(789.25100701865,100.00001116142,
    -23.33338458991));
#2425 = CARTESIAN_POINT('',(838.50011830426,99.282509044054,
    -19.98616149005));
#2426 = CARTESIAN_POINT('',(887.5311021226,98.135607051548,
    -14.6357275792));
#2427 = CARTESIAN_POINT('',(936.46889787768,96.864392987182,
    -8.705383531803));
#2428 = CARTESIAN_POINT('',(985.49988169536,95.717491010424,
    -3.354949621224));
#2429 = CARTESIAN_POINT('',(1.034748992981E+03,94.999988834245,
    -7.726521129978E-03));
#2430 = CARTESIAN_POINT('',(1.084E+03,95.000000000474,
    -7.777777777782E-03));
#2431 = CARTESIAN_POINT('',(740.,100.00000002512,-16.66666666666));
#2432 = CARTESIAN_POINT('',(789.25100701865,100.00001116142,
    -16.66670327851));
#2433 = CARTESIAN_POINT('',(838.50011830426,99.282509044054,
    -14.27582963575));
#2434 = CARTESIAN_POINT('',(887.5311021226,98.135607051548,
    -10.45409112799));
#2435 = CARTESIAN_POINT('',(936.46889787768,96.864392987182,
    -6.21813109415));
#2436 = CARTESIAN_POINT('',(985.49988169536,95.717491010424,
    -2.396392586586));
#2437 = CARTESIAN_POINT('',(1.034748992981E+03,94.999988834245,
    -5.518943665138E-03));
#2438 = CARTESIAN_POINT('',(1.084E+03,95.000000000474,
    -5.555555555558E-03));
#2439 = CARTESIAN_POINT('',(740.,100.00000002512,-10.));
#2440 = CARTESIAN_POINT('',(789.25100701865,100.00001116142,
    -10.0000219671));
#2441 = CARTESIAN_POINT('',(838.50011830426,99.282509044054,
    -8.565497781453));
#2442 = CARTESIAN_POINT('',(887.5311021226,98.135607051548,
    -6.272454676803));
#2443 = CARTESIAN_POINT('',(936.46889787768,96.864392987182,
    -3.730878656485));
#2444 = CARTESIAN_POINT('',(985.49988169536,95.717491010424,
    -1.437835551954));
#2445 = CARTESIAN_POINT('',(1.034748992981E+03,94.999988834245,
    -3.311366198284E-03));
#2446 = CARTESIAN_POINT('',(1.084E+03,95.000000000474,
    -3.333333333335E-03));
#2447 = CARTESIAN_POINT('',(740.,100.00000002512,-3.333333333333));
#2448 = CARTESIAN_POINT('',(789.25100701865,100.00001116142,
    -3.333340655702));
#2449 = CARTESIAN_POINT('',(838.50011830426,99.282509044054,
    -2.855165927152));
#2450 = CARTESIAN_POINT('',(887.5311021226,98.135607051548,-2.0908182256
    ));
#2451 = CARTESIAN_POINT('',(936.46889787768,96.864392987182,
    -1.243626218829));
#2452 = CARTESIAN_POINT('',(985.49988169536,95.717491010424,
    -0.479278517318));
#2453 = CARTESIAN_POINT('',(1.034748992981E+03,94.999988834245,
    -1.103788732915E-03));
#2454 = CARTESIAN_POINT('',(1.084E+03,95.000000000474,
    -1.111111111112E-03));
#2455 = CARTESIAN_POINT('',(740.,100.00000002512,3.333333333333));
#2456 = CARTESIAN_POINT('',(789.25100701865,100.00001116142,
    3.333340655703));
#2457 = CARTESIAN_POINT('',(838.50011830426,99.282509044054,
    2.85516592715));
#2458 = CARTESIAN_POINT('',(887.5311021226,98.135607051548,
    2.090818225603));
#2459 = CARTESIAN_POINT('',(936.46889787768,96.864392987182,
    1.243626218826));
#2460 = CARTESIAN_POINT('',(985.49988169536,95.717491010424,
    0.479278517319));
#2461 = CARTESIAN_POINT('',(1.034748992981E+03,94.999988834245,
    1.103788732387E-03));
#2462 = CARTESIAN_POINT('',(1.084E+03,95.000000000474,1.111111111112E-03
    ));
#2463 = CARTESIAN_POINT('',(740.,100.00000002512,10.));
#2464 = CARTESIAN_POINT('',(789.25100701865,100.00001116142,
    10.000021967108));
#2465 = CARTESIAN_POINT('',(838.50011830426,99.282509044054,
    8.565497781451));
#2466 = CARTESIAN_POINT('',(887.5311021226,98.135607051548,
    6.272454676807));
#2467 = CARTESIAN_POINT('',(936.46889787768,96.864392987182,
    3.730878656482));
#2468 = CARTESIAN_POINT('',(985.49988169536,95.717491010424,
    1.437835551956));
#2469 = CARTESIAN_POINT('',(1.034748992981E+03,94.999988834245,
    3.311366197722E-03));
#2470 = CARTESIAN_POINT('',(1.084E+03,95.000000000474,3.333333333335E-03
    ));
#2471 = CARTESIAN_POINT('',(740.,100.00000002512,16.666666666667));
#2472 = CARTESIAN_POINT('',(789.25100701865,100.00001116142,
    16.666703278513));
#2473 = CARTESIAN_POINT('',(838.50011830426,99.282509044054,
    14.275829635754));
#2474 = CARTESIAN_POINT('',(887.5311021226,98.135607051548,
    10.454091128007));
#2475 = CARTESIAN_POINT('',(936.46889787768,96.864392987182,
    6.21813109414));
#2476 = CARTESIAN_POINT('',(985.49988169536,95.717491010424,
    2.396392586591));
#2477 = CARTESIAN_POINT('',(1.034748992981E+03,94.999988834245,
    5.518943663553E-03));
#2478 = CARTESIAN_POINT('',(1.084E+03,95.000000000474,5.555555555558E-03
    ));
#2479 = CARTESIAN_POINT('',(740.,100.00000002512,23.333333333333));
#2480 = CARTESIAN_POINT('',(789.25100701865,100.00001116142,
    23.333384589916));
#2481 = CARTESIAN_POINT('',(838.50011830426,99.282509044054,
    19.986161490063));
#2482 = CARTESIAN_POINT('',(887.5311021226,98.135607051548,
    14.635727579198));
#2483 = CARTESIAN_POINT('',(936.46889787768,96.864392987182,
    8.705383531808));
#2484 = CARTESIAN_POINT('',(985.49988169536,95.717491010424,
    3.354949621221));
#2485 = CARTESIAN_POINT('',(1.034748992981E+03,94.999988834245,
    7.726521130771E-03));
#2486 = CARTESIAN_POINT('',(1.084E+03,95.000000000474,7.777777777782E-03
    ));
#2487 = CARTESIAN_POINT('',(740.,100.00000002075,30.));
#2488 = CARTESIAN_POINT('',(789.25100701865,100.00001117752,
    30.000065901324));
#2489 = CARTESIAN_POINT('',(838.50011830426,99.282508936318,
    25.696493344355));
#2490 = CARTESIAN_POINT('',(887.5311021226,98.135607195103,
    18.817364030417));
#2491 = CARTESIAN_POINT('',(936.46889787768,96.864392800229,
    11.192635969448));
#2492 = CARTESIAN_POINT('',(985.49988169536,95.717491097357,
    4.313506655867));
#2493 = CARTESIAN_POINT('',(1.034748992981E+03,94.999988816425,
    9.93409859343E-03));
#2494 = CARTESIAN_POINT('',(1.084E+03,94.999999993449,9.999999999991E-03
    ));
#2495 = DEFINITIONAL_REPRESENTATION('',(#2496),#2499);
#2496 = B_SPLINE_CURVE_WITH_KNOTS('',1,(#2497,#2498),.UNSPECIFIED.,.F.,
  .F.,(2,2),(-30.,30.),.PIECEWISE_BEZIER_KNOTS.);
#2497 = CARTESIAN_POINT('',(7.,0.));
#2498 = CARTESIAN_POINT('',(6.,0.));
#2499 = ( GEOMETRIC_REPRESENTATION_CONTEXT(2) 
PARAMETRIC_REPRESENTATION_CONTEXT() REPRESENTATION_CONTEXT('2D SPACE',''
  ) );
#2500 = ORIENTED_EDGE('',*,*,#2501,.F.);
#2501 = EDGE_CURVE('',#2009,#2399,#2502,.T.);
#2502 = SURFACE_CURVE('',#2503,(#2507,#2514),.PCURVE_S1.);
#2503 = LINE('',#2504,#2505);
#2504 = CARTESIAN_POINT('',(-1.123333333333E+03,100.00000002294,-30.));
#2505 = VECTOR('',#2506,1.);
#2506 = DIRECTION('',(1.,0.,0.));
#2507 = PCURVE('',#450,#2508);
#2508 = DEFINITIONAL_REPRESENTATION('',(#2509),#2513);
#2509 = LINE('',#2510,#2511);
#2510 = CARTESIAN_POINT('',(60.,6.661338147751E-15));
#2511 = VECTOR('',#2512,1.);
#2512 = DIRECTION('',(1.110223024625E-16,-1.));
#2513 = ( GEOMETRIC_REPRESENTATION_CONTEXT(2) 
PARAMETRIC_REPRESENTATION_CONTEXT() REPRESENTATION_CONTEXT('2D SPACE',''
  ) );
#2514 = PCURVE('',#2025,#2515);
#2515 = DEFINITIONAL_REPRESENTATION('',(#2516),#2520);
#2516 = LINE('',#2517,#2518);
#2517 = CARTESIAN_POINT('',(-1.570796326795,0.));
#2518 = VECTOR('',#2519,1.);
#2519 = DIRECTION('',(-0.,-1.));
#2520 = ( GEOMETRIC_REPRESENTATION_CONTEXT(2) 
PARAMETRIC_REPRESENTATION_CONTEXT() REPRESENTATION_CONTEXT('2D SPACE',''
  ) );
#2521 = ORIENTED_EDGE('',*,*,#2037,.F.);
#2522 = ADVANCED_FACE('',(#2523),#477,.T.);
#2523 = FACE_BOUND('',#2524,.T.);
#2524 = EDGE_LOOP('',(#2525,#2526,#2527,#2577));
#2525 = ORIENTED_EDGE('',*,*,#462,.T.);
#2526 = ORIENTED_EDGE('',*,*,#2158,.T.);
#2527 = ORIENTED_EDGE('',*,*,#2528,.F.);
#2528 = EDGE_CURVE('',#2529,#2123,#2531,.T.);
#2529 = VERTEX_POINT('',#2530);
#2530 = CARTESIAN_POINT('',(1.084E+03,94.999999996962,1.000000000001E-02
    ));
#2531 = SURFACE_CURVE('',#2532,(#2543,#2550),.PCURVE_S1.);
#2532 = B_SPLINE_CURVE_WITH_KNOTS('',9,(#2533,#2534,#2535,#2536,#2537,
    #2538,#2539,#2540,#2541,#2542),.UNSPECIFIED.,.F.,.F.,(10,10),(7.,8.)
  ,.PIECEWISE_BEZIER_KNOTS.);
#2533 = CARTESIAN_POINT('',(1.084E+03,94.999999993449,9.999999999991E-03
    ));
#2534 = CARTESIAN_POINT('',(1.084E+03,94.999999993448,16.588882564694));
#2535 = CARTESIAN_POINT('',(1.084E+03,91.744744277244,33.167765366969));
#2536 = CARTESIAN_POINT('',(1.084E+03,85.23423056739,49.016168663143));
#2537 = CARTESIAN_POINT('',(1.084E+03,75.659707272062,63.403623048258));
#2538 = CARTESIAN_POINT('',(1.084E+03,63.403623041702,75.659707278606));
#2539 = CARTESIAN_POINT('',(1.084E+03,49.016168656596,85.234230573946));
#2540 = CARTESIAN_POINT('',(1.084E+03,33.167765360416,91.744744283792));
#2541 = CARTESIAN_POINT('',(1.084E+03,16.588882558144,95.));
#2542 = CARTESIAN_POINT('',(1.084E+03,9.99999344922E-03,95.));
#2543 = PCURVE('',#477,#2544);
#2544 = DEFINITIONAL_REPRESENTATION('',(#2545),#2549);
#2545 = LINE('',#2546,#2547);
#2546 = CARTESIAN_POINT('',(0.,1.));
#2547 = VECTOR('',#2548,1.);
#2548 = DIRECTION('',(1.,0.));
#2549 = ( GEOMETRIC_REPRESENTATION_CONTEXT(2) 
PARAMETRIC_REPRESENTATION_CONTEXT() REPRESENTATION_CONTEXT('2D SPACE',''
  ) );
#2550 = PCURVE('',#2551,#2572);
#2551 = B_SPLINE_SURFACE_WITH_KNOTS('',9,1,(
    (#2552,#2553)
    ,(#2554,#2555)
    ,(#2556,#2557)
    ,(#2558,#2559)
    ,(#2560,#2561)
    ,(#2562,#2563)
    ,(#2564,#2565)
    ,(#2566,#2567)
    ,(#2568,#2569)
    ,(#2570,#2571
    )),.UNSPECIFIED.,.F.,.F.,.F.,(10,10),(2,2),(1.570796326795,
    3.14159265359),(0.,1.),.PIECEWISE_BEZIER_KNOTS.);
#2552 = CARTESIAN_POINT('',(1.084E+03,94.999999993449,9.999999999991E-03
    ));
#2553 = CARTESIAN_POINT('',(1.085E+03,94.999999473684,1.000000019376E-02
    ));
#2554 = CARTESIAN_POINT('',(1.084E+03,94.999999993449,16.588882564694));
#2555 = CARTESIAN_POINT('',(1.085E+03,94.998254378315,16.588405580592));
#2556 = CARTESIAN_POINT('',(1.084E+03,91.744744277243,33.167765366969));
#2557 = CARTESIAN_POINT('',(1.085E+03,91.741783495797,33.166468795532));
#2558 = CARTESIAN_POINT('',(1.084E+03,85.234230567394,49.016168663143));
#2559 = CARTESIAN_POINT('',(1.085E+03,85.23066142106,49.013926706126));
#2560 = CARTESIAN_POINT('',(1.084E+03,75.659707272056,63.403623048258));
#2561 = CARTESIAN_POINT('',(1.085E+03,75.656131037858,63.400546821356));
#2562 = CARTESIAN_POINT('',(1.084E+03,63.403623041708,75.659707278606));
#2563 = CARTESIAN_POINT('',(1.085E+03,63.400546817259,75.656131041258));
#2564 = CARTESIAN_POINT('',(1.084E+03,49.016168656592,85.234230573946));
#2565 = CARTESIAN_POINT('',(1.085E+03,49.013926701545,85.230661423714));
#2566 = CARTESIAN_POINT('',(1.084E+03,33.167765360418,91.744744283792));
#2567 = CARTESIAN_POINT('',(1.085E+03,33.16646879058,91.741783497579));
#2568 = CARTESIAN_POINT('',(1.084E+03,16.588882558143,95.));
#2569 = CARTESIAN_POINT('',(1.085E+03,16.588405575472,94.998254379211));
#2570 = CARTESIAN_POINT('',(1.084E+03,9.999993449185E-03,95.));
#2571 = CARTESIAN_POINT('',(1.085E+03,9.999995072339E-03,94.999999473685
    ));
#2572 = DEFINITIONAL_REPRESENTATION('',(#2573),#2576);
#2573 = B_SPLINE_CURVE_WITH_KNOTS('',1,(#2574,#2575),.UNSPECIFIED.,.F.,
  .F.,(2,2),(7.,8.),.PIECEWISE_BEZIER_KNOTS.);
#2574 = CARTESIAN_POINT('',(1.570796326795,0.));
#2575 = CARTESIAN_POINT('',(3.14159265359,0.));
#2576 = ( GEOMETRIC_REPRESENTATION_CONTEXT(2) 
PARAMETRIC_REPRESENTATION_CONTEXT() REPRESENTATION_CONTEXT('2D SPACE',''
  ) );
#2577 = ORIENTED_EDGE('',*,*,#2578,.F.);
#2578 = EDGE_CURVE('',#435,#2529,#2579,.T.);
#2579 = SURFACE_CURVE('',#2580,(#2589,#2596),.PCURVE_S1.);
#2580 = ( BOUNDED_CURVE() B_SPLINE_CURVE(7,(#2581,#2582,#2583,#2584,
    #2585,#2586,#2587,#2588),.UNSPECIFIED.,.F.,.F.) 
B_SPLINE_CURVE_WITH_KNOTS((8,8),(0.,1.),.PIECEWISE_BEZIER_KNOTS.) CURVE(
) GEOMETRIC_REPRESENTATION_ITEM() RATIONAL_B_SPLINE_CURVE((1.,1.,1.,
1.000000000001,0.999999999999,1.,1.,1.)) REPRESENTATION_ITEM('') );
#2581 = CARTESIAN_POINT('',(740.,100.00000002075,30.));
#2582 = CARTESIAN_POINT('',(789.25100701865,100.00001117752,
    30.000065901324));
#2583 = CARTESIAN_POINT('',(838.50011830426,99.282508936318,
    25.696493344355));
#2584 = CARTESIAN_POINT('',(887.5311021226,98.135607195103,
    18.817364030417));
#2585 = CARTESIAN_POINT('',(936.46889787768,96.864392800229,
    11.192635969448));
#2586 = CARTESIAN_POINT('',(985.49988169536,95.717491097357,
    4.313506655867));
#2587 = CARTESIAN_POINT('',(1.034748992981E+03,94.999988816425,
    9.93409859343E-03));
#2588 = CARTESIAN_POINT('',(1.084E+03,94.999999993449,9.999999999991E-03
    ));
#2589 = PCURVE('',#477,#2590);
#2590 = DEFINITIONAL_REPRESENTATION('',(#2591),#2595);
#2591 = LINE('',#2592,#2593);
#2592 = CARTESIAN_POINT('',(7.,0.));
#2593 = VECTOR('',#2594,1.);
#2594 = DIRECTION('',(0.,1.));
#2595 = ( GEOMETRIC_REPRESENTATION_CONTEXT(2) 
PARAMETRIC_REPRESENTATION_CONTEXT() REPRESENTATION_CONTEXT('2D SPACE',''
  ) );
#2596 = PCURVE('',#2414,#2597);
#2597 = DEFINITIONAL_REPRESENTATION('',(#2598),#2602);
#2598 = LINE('',#2599,#2600);
#2599 = CARTESIAN_POINT('',(7.,0.));
#2600 = VECTOR('',#2601,1.);
#2601 = DIRECTION('',(0.,1.));
#2602 = ( GEOMETRIC_REPRESENTATION_CONTEXT(2) 
PARAMETRIC_REPRESENTATION_CONTEXT() REPRESENTATION_CONTEXT('2D SPACE',''
  ) );
#2603 = ADVANCED_FACE('',(#2604),#1005,.T.);
#2604 = FACE_BOUND('',#2605,.T.);
#2605 = EDGE_LOOP('',(#2606,#2650,#2669,#2670));
#2606 = ORIENTED_EDGE('',*,*,#2607,.F.);
#2607 = EDGE_CURVE('',#2608,#2610,#2612,.T.);
#2608 = VERTEX_POINT('',#2609);
#2609 = CARTESIAN_POINT('',(-1.E+03,77.164022305143,82.53803384216));
#2610 = VERTEX_POINT('',#2611);
#2611 = CARTESIAN_POINT('',(612.94831382944,81.76315108584,
    111.68140662845));
#2612 = SURFACE_CURVE('',#2613,(#2621,#2628),.PCURVE_S1.);
#2613 = ( BOUNDED_CURVE() B_SPLINE_CURVE(6,(#2614,#2615,#2616,#2617,
#2618,#2619,#2620),.UNSPECIFIED.,.F.,.F.) B_SPLINE_CURVE_WITH_KNOTS((7,7
),(0.,1.),.PIECEWISE_BEZIER_KNOTS.) CURVE() 
GEOMETRIC_REPRESENTATION_ITEM() RATIONAL_B_SPLINE_CURVE((1.,1.,1.,1.,1.,
1.,1.)) REPRESENTATION_ITEM('') );
#2614 = CARTESIAN_POINT('',(-1.E+03,77.164022305143,82.53803384216));
#2615 = CARTESIAN_POINT('',(-720.3561247764,60.742005371947,
    107.13450034795));
#2616 = CARTESIAN_POINT('',(-438.3501308613,109.32699246139,
    172.73578763693));
#2617 = CARTESIAN_POINT('',(-154.3541178289,47.131807159075,
    74.515207081793));
#2618 = CARTESIAN_POINT('',(125.23666448928,100.38124863651,
    166.4590003683));
#2619 = CARTESIAN_POINT('',(408.40443418496,78.523198287051,
    103.51937327428));
#2620 = CARTESIAN_POINT('',(690.,82.127911909072,112.22237651637));
#2621 = PCURVE('',#1005,#2622);
#2622 = DEFINITIONAL_REPRESENTATION('',(#2623),#2627);
#2623 = LINE('',#2624,#2625);
#2624 = CARTESIAN_POINT('',(4.,0.));
#2625 = VECTOR('',#2626,1.);
#2626 = DIRECTION('',(0.,1.));
#2627 = ( GEOMETRIC_REPRESENTATION_CONTEXT(2) 
PARAMETRIC_REPRESENTATION_CONTEXT() REPRESENTATION_CONTEXT('2D SPACE',''
  ) );
#2628 = PCURVE('',#2629,#2644);
#2629 = ( BOUNDED_SURFACE() B_SPLINE_SURFACE(1,6,(
    (#2630,#2631,#2632,#2633,#2634,#2635,#2636)
    ,(#2637,#2638,#2639,#2640,#2641,#2642,#2643
)),.UNSPECIFIED.,.F.,.F.,.F.) B_SPLINE_SURFACE_WITH_KNOTS((2,2),(7,7),(
    3.,4.),(0.,1.),.PIECEWISE_BEZIER_KNOTS.) 
GEOMETRIC_REPRESENTATION_ITEM() RATIONAL_B_SPLINE_SURFACE((
    (1.,1.,1.,1.,1.,1.,1.)
,(1.,1.,1.,1.,1.,1.,1.))) REPRESENTATION_ITEM('') SURFACE() );
#2630 = CARTESIAN_POINT('',(-1.E+03,82.53803384216,77.164022305143));
#2631 = CARTESIAN_POINT('',(-720.3561247764,107.13450034795,
    60.742005371947));
#2632 = CARTESIAN_POINT('',(-438.3501308613,172.73578763693,
    109.32699246139));
#2633 = CARTESIAN_POINT('',(-154.3541178289,74.515207081793,
    47.131807159075));
#2634 = CARTESIAN_POINT('',(125.23666448928,166.4590003683,
    100.38124863651));
#2635 = CARTESIAN_POINT('',(408.40443418496,103.51937327428,
    78.523198287051));
#2636 = CARTESIAN_POINT('',(690.,112.22237651637,82.127911909072));
#2637 = CARTESIAN_POINT('',(-1.E+03,77.164022305143,82.53803384216));
#2638 = CARTESIAN_POINT('',(-720.3561247764,60.742005371947,
    107.13450034795));
#2639 = CARTESIAN_POINT('',(-438.3501308613,109.32699246139,
    172.73578763693));
#2640 = CARTESIAN_POINT('',(-154.3541178289,47.131807159075,
    74.515207081793));
#2641 = CARTESIAN_POINT('',(125.23666448928,100.38124863651,
    166.4590003683));
#2642 = CARTESIAN_POINT('',(408.40443418496,78.523198287051,
    103.51937327428));
#2643 = CARTESIAN_POINT('',(690.,82.127911909072,112.22237651637));
#2644 = DEFINITIONAL_REPRESENTATION('',(#2645),#2649);
#2645 = LINE('',#2646,#2647);
#2646 = CARTESIAN_POINT('',(4.,0.));
#2647 = VECTOR('',#2648,1.);
#2648 = DIRECTION('',(0.,1.));
#2649 = ( GEOMETRIC_REPRESENTATION_CONTEXT(2) 
PARAMETRIC_REPRESENTATION_CONTEXT() REPRESENTATION_CONTEXT('2D SPACE',''
  ) );
#2650 = ORIENTED_EDGE('',*,*,#2651,.T.);
#2651 = EDGE_CURVE('',#2608,#590,#2652,.T.);
#2652 = SURFACE_CURVE('',#2653,(#2656,#2663),.PCURVE_S1.);
#2653 = B_SPLINE_CURVE_WITH_KNOTS('',1,(#2654,#2655),.UNSPECIFIED.,.F.,
  .F.,(2,2),(4.,5.),.PIECEWISE_BEZIER_KNOTS.);
#2654 = CARTESIAN_POINT('',(-1.E+03,77.164022305143,82.53803384216));
#2655 = CARTESIAN_POINT('',(-1.E+03,64.648232278141,71.719300090006));
#2656 = PCURVE('',#1005,#2657);
#2657 = DEFINITIONAL_REPRESENTATION('',(#2658),#2662);
#2658 = LINE('',#2659,#2660);
#2659 = CARTESIAN_POINT('',(0.,0.));
#2660 = VECTOR('',#2661,1.);
#2661 = DIRECTION('',(1.,0.));
#2662 = ( GEOMETRIC_REPRESENTATION_CONTEXT(2) 
PARAMETRIC_REPRESENTATION_CONTEXT() REPRESENTATION_CONTEXT('2D SPACE',''
  ) );
#2663 = PCURVE('',#1911,#2664);
#2664 = DEFINITIONAL_REPRESENTATION('',(#2665),#2668);
#2665 = B_SPLINE_CURVE_WITH_KNOTS('',1,(#2666,#2667),.UNSPECIFIED.,.F.,
  .F.,(2,2),(4.,5.),.PIECEWISE_BEZIER_KNOTS.);
#2666 = CARTESIAN_POINT('',(19.311069119661,-6.983738930951));
#2667 = CARTESIAN_POINT('',(3.675652068922,-1.577840888123));
#2668 = ( GEOMETRIC_REPRESENTATION_CONTEXT(2) 
PARAMETRIC_REPRESENTATION_CONTEXT() REPRESENTATION_CONTEXT('2D SPACE',''
  ) );
#2669 = ORIENTED_EDGE('',*,*,#589,.T.);
#2670 = ORIENTED_EDGE('',*,*,#2671,.T.);
#2671 = EDGE_CURVE('',#592,#2610,#2672,.T.);
#2672 = SURFACE_CURVE('',#2673,(#2682,#2694),.PCURVE_S1.);
#2673 = B_SPLINE_CURVE_WITH_KNOTS('',4,(#2674,#2675,#2676,#2677,#2678,
    #2679,#2680,#2681),.UNSPECIFIED.,.F.,.F.,(5,3,5),(0.,0.50704077844,
    1.),.UNSPECIFIED.);
#2674 = CARTESIAN_POINT('',(641.2,48.623940213077,87.743592155071));
#2675 = CARTESIAN_POINT('',(637.61973175401,52.832261940247,
    90.768504585625));
#2676 = CARTESIAN_POINT('',(634.03912206875,57.037779505245,
    93.796910989854));
#2677 = CARTESIAN_POINT('',(630.45819357917,61.24066924255,
    96.828589303767));
#2678 = CARTESIAN_POINT('',(623.3952032994,69.524912870993,
    102.81374088183));
#2679 = CARTESIAN_POINT('',(619.91315769433,73.606400337699,
    105.76704787153));
#2680 = CARTESIAN_POINT('',(616.43085399829,77.685753235358,
    108.7230108528));
#2681 = CARTESIAN_POINT('',(612.94831382944,81.76315108584,
    111.68140662845));
#2682 = PCURVE('',#1005,#2683);
#2683 = DEFINITIONAL_REPRESENTATION('',(#2684),#2693);
#2684 = B_SPLINE_CURVE_WITH_KNOTS('',4,(#2685,#2686,#2687,#2688,#2689,
    #2690,#2691,#2692),.UNSPECIFIED.,.F.,.F.,(5,3,5),(0.,0.50704077844,
    1.),.UNSPECIFIED.);
#2685 = CARTESIAN_POINT('',(5.,0.971127217329));
#2686 = CARTESIAN_POINT('',(4.87291423895,0.969009587589));
#2687 = CARTESIAN_POINT('',(4.745754679069,0.966891866298));
#2688 = CARTESIAN_POINT('',(4.618674596463,0.964774059534));
#2689 = CARTESIAN_POINT('',(4.368448969981,0.96059710691));
#2690 = CARTESIAN_POINT('',(4.245292178182,0.958537965347));
#2691 = CARTESIAN_POINT('',(4.122445327315,0.956478755901));
#2692 = CARTESIAN_POINT('',(4.,0.95441948555));
#2693 = ( GEOMETRIC_REPRESENTATION_CONTEXT(2) 
PARAMETRIC_REPRESENTATION_CONTEXT() REPRESENTATION_CONTEXT('2D SPACE',''
  ) );
#2694 = PCURVE('',#1249,#2695);
#2695 = DEFINITIONAL_REPRESENTATION('',(#2696),#2705);
#2696 = B_SPLINE_CURVE_WITH_KNOTS('',4,(#2697,#2698,#2699,#2700,#2701,
    #2702,#2703,#2704),.UNSPECIFIED.,.F.,.F.,(5,3,5),(0.,0.50704077844,
    1.),.UNSPECIFIED.);
#2697 = CARTESIAN_POINT('',(117.18293391104,-72.33822883415));
#2698 = CARTESIAN_POINT('',(110.93968484477,-73.17502557271));
#2699 = CARTESIAN_POINT('',(104.69584037886,-74.0073688567));
#2700 = CARTESIAN_POINT('',(98.451439984006,-74.83554039638));
#2701 = CARTESIAN_POINT('',(86.135042317807,-76.46124397577));
#2702 = CARTESIAN_POINT('',(80.063073269985,-77.25898804147));
#2703 = CARTESIAN_POINT('',(73.990654164755,-78.05334466927));
#2704 = CARTESIAN_POINT('',(67.917822699743,-78.84459862454));
#2705 = ( GEOMETRIC_REPRESENTATION_CONTEXT(2) 
PARAMETRIC_REPRESENTATION_CONTEXT() REPRESENTATION_CONTEXT('2D SPACE',''
  ) );
#2706 = ADVANCED_FACE('',(#2707),#1911,.T.);
#2707 = FACE_BOUND('',#2708,.T.);
#2708 = EDGE_LOOP('',(#2709,#2710,#2711,#2732));
#2709 = ORIENTED_EDGE('',*,*,#1896,.F.);
#2710 = ORIENTED_EDGE('',*,*,#2651,.F.);
#2711 = ORIENTED_EDGE('',*,*,#2712,.F.);
#2712 = EDGE_CURVE('',#2713,#2608,#2715,.T.);
#2713 = VERTEX_POINT('',#2714);
#2714 = CARTESIAN_POINT('',(-1.E+03,82.53803384216,77.164022305143));
#2715 = SURFACE_CURVE('',#2716,(#2719,#2725),.PCURVE_S1.);
#2716 = B_SPLINE_CURVE_WITH_KNOTS('',1,(#2717,#2718),.UNSPECIFIED.,.F.,
  .F.,(2,2),(3.,4.),.PIECEWISE_BEZIER_KNOTS.);
#2717 = CARTESIAN_POINT('',(-1.E+03,82.53803384216,77.164022305143));
#2718 = CARTESIAN_POINT('',(-1.E+03,77.164022305143,82.53803384216));
#2719 = PCURVE('',#1911,#2720);
#2720 = DEFINITIONAL_REPRESENTATION('',(#2721),#2724);
#2721 = B_SPLINE_CURVE_WITH_KNOTS('',1,(#2722,#2723),.UNSPECIFIED.,.F.,
  .F.,(2,2),(3.,4.),.PIECEWISE_BEZIER_KNOTS.);
#2722 = CARTESIAN_POINT('',(22.308966807094,0.));
#2723 = CARTESIAN_POINT('',(19.311069119661,-6.983738930951));
#2724 = ( GEOMETRIC_REPRESENTATION_CONTEXT(2) 
PARAMETRIC_REPRESENTATION_CONTEXT() REPRESENTATION_CONTEXT('2D SPACE',''
  ) );
#2725 = PCURVE('',#2629,#2726);
#2726 = DEFINITIONAL_REPRESENTATION('',(#2727),#2731);
#2727 = LINE('',#2728,#2729);
#2728 = CARTESIAN_POINT('',(0.,0.));
#2729 = VECTOR('',#2730,1.);
#2730 = DIRECTION('',(1.,0.));
#2731 = ( GEOMETRIC_REPRESENTATION_CONTEXT(2) 
PARAMETRIC_REPRESENTATION_CONTEXT() REPRESENTATION_CONTEXT('2D SPACE',''
  ) );
#2732 = ORIENTED_EDGE('',*,*,#2733,.F.);
#2733 = EDGE_CURVE('',#1262,#2713,#2734,.T.);
#2734 = SURFACE_CURVE('',#2735,(#2738,#2744),.PCURVE_S1.);
#2735 = B_SPLINE_CURVE_WITH_KNOTS('',1,(#2736,#2737),.UNSPECIFIED.,.F.,
  .F.,(2,2),(2.,3.),.PIECEWISE_BEZIER_KNOTS.);
#2736 = CARTESIAN_POINT('',(-1.E+03,71.719300090006,64.648232278141));
#2737 = CARTESIAN_POINT('',(-1.E+03,82.53803384216,77.164022305143));
#2738 = PCURVE('',#1911,#2739);
#2739 = DEFINITIONAL_REPRESENTATION('',(#2740),#2743);
#2740 = B_SPLINE_CURVE_WITH_KNOTS('',1,(#2741,#2742),.UNSPECIFIED.,.F.,
  .F.,(2,2),(2.,3.),.PIECEWISE_BEZIER_KNOTS.);
#2741 = CARTESIAN_POINT('',(7.620254289228,7.611289284182));
#2742 = CARTESIAN_POINT('',(22.308966807094,0.));
#2743 = ( GEOMETRIC_REPRESENTATION_CONTEXT(2) 
PARAMETRIC_REPRESENTATION_CONTEXT() REPRESENTATION_CONTEXT('2D SPACE',''
  ) );
#2744 = PCURVE('',#1675,#2745);
#2745 = DEFINITIONAL_REPRESENTATION('',(#2746),#2750);
#2746 = LINE('',#2747,#2748);
#2747 = CARTESIAN_POINT('',(0.,0.));
#2748 = VECTOR('',#2749,1.);
#2749 = DIRECTION('',(1.,0.));
#2750 = ( GEOMETRIC_REPRESENTATION_CONTEXT(2) 
PARAMETRIC_REPRESENTATION_CONTEXT() REPRESENTATION_CONTEXT('2D SPACE',''
  ) );
#2751 = ADVANCED_FACE('',(#2752),#1675,.T.);
#2752 = FACE_BOUND('',#2753,.T.);
#2753 = EDGE_LOOP('',(#2754,#2755,#2756,#2783));
#2754 = ORIENTED_EDGE('',*,*,#1261,.F.);
#2755 = ORIENTED_EDGE('',*,*,#2733,.T.);
#2756 = ORIENTED_EDGE('',*,*,#2757,.T.);
#2757 = EDGE_CURVE('',#2713,#2758,#2760,.T.);
#2758 = VERTEX_POINT('',#2759);
#2759 = CARTESIAN_POINT('',(612.94831382944,111.68140662845,
    81.76315108584));
#2760 = SURFACE_CURVE('',#2761,(#2769,#2776),.PCURVE_S1.);
#2761 = ( BOUNDED_CURVE() B_SPLINE_CURVE(6,(#2762,#2763,#2764,#2765,
#2766,#2767,#2768),.UNSPECIFIED.,.F.,.F.) B_SPLINE_CURVE_WITH_KNOTS((7,7
),(0.,1.),.PIECEWISE_BEZIER_KNOTS.) CURVE() 
GEOMETRIC_REPRESENTATION_ITEM() RATIONAL_B_SPLINE_CURVE((1.,1.,1.,1.,1.,
1.,1.)) REPRESENTATION_ITEM('') );
#2762 = CARTESIAN_POINT('',(-1.E+03,82.53803384216,77.164022305143));
#2763 = CARTESIAN_POINT('',(-720.3561247764,107.13450034795,
    60.742005371947));
#2764 = CARTESIAN_POINT('',(-438.3501308613,172.73578763693,
    109.32699246139));
#2765 = CARTESIAN_POINT('',(-154.3541178289,74.515207081793,
    47.131807159075));
#2766 = CARTESIAN_POINT('',(125.23666448928,166.4590003683,
    100.38124863651));
#2767 = CARTESIAN_POINT('',(408.40443418496,103.51937327428,
    78.523198287051));
#2768 = CARTESIAN_POINT('',(690.,112.22237651637,82.127911909072));
#2769 = PCURVE('',#1675,#2770);
#2770 = DEFINITIONAL_REPRESENTATION('',(#2771),#2775);
#2771 = LINE('',#2772,#2773);
#2772 = CARTESIAN_POINT('',(3.,0.));
#2773 = VECTOR('',#2774,1.);
#2774 = DIRECTION('',(0.,1.));
#2775 = ( GEOMETRIC_REPRESENTATION_CONTEXT(2) 
PARAMETRIC_REPRESENTATION_CONTEXT() REPRESENTATION_CONTEXT('2D SPACE',''
  ) );
#2776 = PCURVE('',#2629,#2777);
#2777 = DEFINITIONAL_REPRESENTATION('',(#2778),#2782);
#2778 = LINE('',#2779,#2780);
#2779 = CARTESIAN_POINT('',(3.,0.));
#2780 = VECTOR('',#2781,1.);
#2781 = DIRECTION('',(0.,1.));
#2782 = ( GEOMETRIC_REPRESENTATION_CONTEXT(2) 
PARAMETRIC_REPRESENTATION_CONTEXT() REPRESENTATION_CONTEXT('2D SPACE',''
  ) );
#2783 = ORIENTED_EDGE('',*,*,#2784,.T.);
#2784 = EDGE_CURVE('',#2758,#1227,#2785,.T.);
#2785 = SURFACE_CURVE('',#2786,(#2795,#2807),.PCURVE_S1.);
#2786 = B_SPLINE_CURVE_WITH_KNOTS('',4,(#2787,#2788,#2789,#2790,#2791,
    #2792,#2793,#2794),.UNSPECIFIED.,.F.,.F.,(5,3,5),(0.,0.494557766706,
    1.),.UNSPECIFIED.);
#2787 = CARTESIAN_POINT('',(612.94831382944,111.68140662845,
    81.76315108584));
#2788 = CARTESIAN_POINT('',(616.44214701694,108.71341750512,
    77.672531239999));
#2789 = CARTESIAN_POINT('',(619.9357421955,105.74787697958,
    73.579943647019));
#2790 = CARTESIAN_POINT('',(623.4290775359,102.78501042815,
    69.485207032281));
#2791 = CARTESIAN_POINT('',(630.49206230029,96.799915526742,
    61.200917869934));
#2792 = CARTESIAN_POINT('',(634.06169920898,93.777815737804,
    57.011262045981));
#2793 = CARTESIAN_POINT('',(637.63101924937,90.758967958007,
    52.81899438354));
#2794 = CARTESIAN_POINT('',(641.2,87.743592155071,48.623940213077));
#2795 = PCURVE('',#1675,#2796);
#2796 = DEFINITIONAL_REPRESENTATION('',(#2797),#2806);
#2797 = B_SPLINE_CURVE_WITH_KNOTS('',4,(#2798,#2799,#2800,#2801,#2802,
    #2803,#2804,#2805),.UNSPECIFIED.,.F.,.F.,(5,3,5),(0.,0.494557766706,
    1.),.UNSPECIFIED.);
#2798 = CARTESIAN_POINT('',(3.,0.95441948555));
#2799 = CARTESIAN_POINT('',(2.877157612695,0.956485433607));
#2800 = CARTESIAN_POINT('',(2.753911093541,0.958551320363));
#2801 = CARTESIAN_POINT('',(2.630352918839,0.960617138772));
#2802 = CARTESIAN_POINT('',(2.380123466839,0.96479408993));
#2803 = CARTESIAN_POINT('',(2.253443530845,0.966905219357));
#2804 = CARTESIAN_POINT('',(2.126685098351,0.969016263831));
#2805 = CARTESIAN_POINT('',(2.,0.971127217329));
#2806 = ( GEOMETRIC_REPRESENTATION_CONTEXT(2) 
PARAMETRIC_REPRESENTATION_CONTEXT() REPRESENTATION_CONTEXT('2D SPACE',''
  ) );
#2807 = PCURVE('',#1249,#2808);
#2808 = DEFINITIONAL_REPRESENTATION('',(#2809),#2818);
#2809 = B_SPLINE_CURVE_WITH_KNOTS('',4,(#2810,#2811,#2812,#2813,#2814,
    #2815,#2816,#2817),.UNSPECIFIED.,.F.,.F.,(5,3,5),(0.,0.494557766706,
    1.),.UNSPECIFIED.);
#2810 = CARTESIAN_POINT('',(67.917822699743,-121.1554013754));
#2811 = CARTESIAN_POINT('',(74.010346859064,-121.9492211721));
#2812 = CARTESIAN_POINT('',(80.102455979917,-122.7461637962));
#2813 = CARTESIAN_POINT('',(86.19411199664,-123.5465167933));
#2814 = CARTESIAN_POINT('',(98.510500045148,-125.1722926465));
#2815 = CARTESIAN_POINT('',(104.73521025285,-125.9978794363));
#2816 = CARTESIAN_POINT('',(110.95936790762,-126.8276125925));
#2817 = CARTESIAN_POINT('',(117.18293391104,-127.6617711658));
#2818 = ( GEOMETRIC_REPRESENTATION_CONTEXT(2) 
PARAMETRIC_REPRESENTATION_CONTEXT() REPRESENTATION_CONTEXT('2D SPACE',''
  ) );
#2819 = ADVANCED_FACE('',(#2820,#2861),#1249,.F.);
#2820 = FACE_BOUND('',#2821,.F.);
#2821 = EDGE_LOOP('',(#2822,#2823,#2824,#2860));
#2822 = ORIENTED_EDGE('',*,*,#1226,.F.);
#2823 = ORIENTED_EDGE('',*,*,#2671,.T.);
#2824 = ORIENTED_EDGE('',*,*,#2825,.T.);
#2825 = EDGE_CURVE('',#2610,#2758,#2826,.T.);
#2826 = SURFACE_CURVE('',#2827,(#2836,#2848),.PCURVE_S1.);
#2827 = B_SPLINE_CURVE_WITH_KNOTS('',4,(#2828,#2829,#2830,#2831,#2832,
    #2833,#2834,#2835),.UNSPECIFIED.,.F.,.F.,(5,3,5),(0.,0.500000000001,
    1.),.UNSPECIFIED.);
#2828 = CARTESIAN_POINT('',(612.94831382944,81.763151085839,
    111.68140662845));
#2829 = CARTESIAN_POINT('',(612.94831382944,85.502933028674,
    107.94162468561));
#2830 = CARTESIAN_POINT('',(612.94831382944,89.242714971509,
    104.20184274278));
#2831 = CARTESIAN_POINT('',(612.94831382944,92.982496914344,
    100.46206079995));
#2832 = CARTESIAN_POINT('',(612.94831382944,100.46206079999,
    92.982496914296));
#2833 = CARTESIAN_POINT('',(612.94831382944,104.20184274281,
    89.242714971477));
#2834 = CARTESIAN_POINT('',(612.94831382944,107.94162468563,
    85.502933028659));
#2835 = CARTESIAN_POINT('',(612.94831382944,111.68140662845,
    81.763151085839));
#2836 = PCURVE('',#1249,#2837);
#2837 = DEFINITIONAL_REPRESENTATION('',(#2838),#2847);
#2838 = B_SPLINE_CURVE_WITH_KNOTS('',4,(#2839,#2840,#2841,#2842,#2843,
    #2844,#2845,#2846),.UNSPECIFIED.,.F.,.F.,(5,3,5),(0.,0.500000000001,
    1.),.UNSPECIFIED.);
#2839 = CARTESIAN_POINT('',(67.917822699745,-78.84459862454));
#2840 = CARTESIAN_POINT('',(67.917822699745,-84.13344896842));
#2841 = CARTESIAN_POINT('',(67.917822699744,-89.42229931229));
#2842 = CARTESIAN_POINT('',(67.917822699744,-94.71114965617));
#2843 = CARTESIAN_POINT('',(67.917822699744,-105.2888503438));
#2844 = CARTESIAN_POINT('',(67.917822699744,-110.5777006877));
#2845 = CARTESIAN_POINT('',(67.917822699745,-115.8665510316));
#2846 = CARTESIAN_POINT('',(67.917822699745,-121.1554013754));
#2847 = ( GEOMETRIC_REPRESENTATION_CONTEXT(2) 
PARAMETRIC_REPRESENTATION_CONTEXT() REPRESENTATION_CONTEXT('2D SPACE',''
  ) );
#2848 = PCURVE('',#2629,#2849);
#2849 = DEFINITIONAL_REPRESENTATION('',(#2850),#2859);
#2850 = B_SPLINE_CURVE_WITH_KNOTS('',4,(#2851,#2852,#2853,#2854,#2855,
    #2856,#2857,#2858),.UNSPECIFIED.,.F.,.F.,(5,3,5),(0.,0.500000000001,
    1.),.UNSPECIFIED.);
#2851 = CARTESIAN_POINT('',(4.,0.95441948555));
#2852 = CARTESIAN_POINT('',(3.875,0.95441948555));
#2853 = CARTESIAN_POINT('',(3.749999999999,0.95441948555));
#2854 = CARTESIAN_POINT('',(3.624999999999,0.95441948555));
#2855 = CARTESIAN_POINT('',(3.374999999999,0.95441948555));
#2856 = CARTESIAN_POINT('',(3.249999999999,0.95441948555));
#2857 = CARTESIAN_POINT('',(3.125,0.95441948555));
#2858 = CARTESIAN_POINT('',(3.,0.95441948555));
#2859 = ( GEOMETRIC_REPRESENTATION_CONTEXT(2) 
PARAMETRIC_REPRESENTATION_CONTEXT() REPRESENTATION_CONTEXT('2D SPACE',''
  ) );
#2860 = ORIENTED_EDGE('',*,*,#2784,.T.);
#2861 = FACE_BOUND('',#2862,.F.);
#2862 = EDGE_LOOP('',(#2863,#2890,#2924,#2949));
#2863 = ORIENTED_EDGE('',*,*,#2864,.F.);
#2864 = EDGE_CURVE('',#2865,#2867,#2869,.T.);
#2865 = VERTEX_POINT('',#2866);
#2866 = CARTESIAN_POINT('',(629.69128996692,93.441979028916,
    66.176658788082));
#2867 = VERTEX_POINT('',#2868);
#2868 = CARTESIAN_POINT('',(629.69128996692,66.176658788082,
    93.441979028916));
#2869 = SURFACE_CURVE('',#2870,(#2873,#2879),.PCURVE_S1.);
#2870 = B_SPLINE_CURVE_WITH_KNOTS('',1,(#2871,#2872),.UNSPECIFIED.,.F.,
  .F.,(2,2),(0.,1.),.PIECEWISE_BEZIER_KNOTS.);
#2871 = CARTESIAN_POINT('',(629.69128996692,93.441979028916,
    66.176658788082));
#2872 = CARTESIAN_POINT('',(629.69128996692,66.176658788082,
    93.441979028916));
#2873 = PCURVE('',#1249,#2874);
#2874 = DEFINITIONAL_REPRESENTATION('',(#2875),#2878);
#2875 = B_SPLINE_CURVE_WITH_KNOTS('',1,(#2876,#2877),.UNSPECIFIED.,.F.,
  .F.,(2,2),(0.,1.),.PIECEWISE_BEZIER_KNOTS.);
#2876 = CARTESIAN_POINT('',(97.114118327601,-119.2794928335));
#2877 = CARTESIAN_POINT('',(97.114118327601,-80.72050716648));
#2878 = ( GEOMETRIC_REPRESENTATION_CONTEXT(2) 
PARAMETRIC_REPRESENTATION_CONTEXT() REPRESENTATION_CONTEXT('2D SPACE',''
  ) );
#2879 = PCURVE('',#2880,#2885);
#2880 = B_SPLINE_SURFACE_WITH_KNOTS('',1,1,(
    (#2881,#2882)
    ,(#2883,#2884
    )),.UNSPECIFIED.,.F.,.F.,.F.,(2,2),(2,2),(0.,40.),(0.,1.),
  .PIECEWISE_BEZIER_KNOTS.);
#2881 = CARTESIAN_POINT('',(680.,66.7695526217,93.639610306789));
#2882 = CARTESIAN_POINT('',(500.,64.648232278141,92.932503525603));
#2883 = CARTESIAN_POINT('',(680.,93.639610306789,66.7695526217));
#2884 = CARTESIAN_POINT('',(500.,92.932503525603,64.648232278141));
#2885 = DEFINITIONAL_REPRESENTATION('',(#2886),#2889);
#2886 = B_SPLINE_CURVE_WITH_KNOTS('',1,(#2887,#2888),.UNSPECIFIED.,.F.,
  .F.,(2,2),(0.,1.),.PIECEWISE_BEZIER_KNOTS.);
#2887 = CARTESIAN_POINT('',(40.,0.279492833517));
#2888 = CARTESIAN_POINT('',(0.,0.279492833517));
#2889 = ( GEOMETRIC_REPRESENTATION_CONTEXT(2) 
PARAMETRIC_REPRESENTATION_CONTEXT() REPRESENTATION_CONTEXT('2D SPACE',''
  ) );
#2890 = ORIENTED_EDGE('',*,*,#2891,.F.);
#2891 = EDGE_CURVE('',#2892,#2865,#2894,.T.);
#2892 = VERTEX_POINT('',#2893);
#2893 = CARTESIAN_POINT('',(617.4,98.518631383492,85.93216210534));
#2894 = SURFACE_CURVE('',#2895,(#2901,#2910),.PCURVE_S1.);
#2895 = B_SPLINE_CURVE_WITH_KNOTS('',4,(#2896,#2897,#2898,#2899,#2900),
  .UNSPECIFIED.,.F.,.F.,(5,5),(0.,1.),.PIECEWISE_BEZIER_KNOTS.);
#2896 = CARTESIAN_POINT('',(617.4,98.518631383492,85.93216210534));
#2897 = CARTESIAN_POINT('',(620.48503491673,97.236657785946,
    80.981423960549));
#2898 = CARTESIAN_POINT('',(623.56194517279,95.963218437071,
    76.038565860391));
#2899 = CARTESIAN_POINT('',(626.630704919,94.698322899738,
    71.103630465216));
#2900 = CARTESIAN_POINT('',(629.69128996692,93.441979028916,
    66.176658788082));
#2901 = PCURVE('',#1249,#2902);
#2902 = DEFINITIONAL_REPRESENTATION('',(#2903),#2909);
#2903 = B_SPLINE_CURVE_WITH_KNOTS('',4,(#2904,#2905,#2906,#2907,#2908),
  .UNSPECIFIED.,.F.,.F.,(5,5),(0.,1.),.PIECEWISE_BEZIER_KNOTS.);
#2904 = CARTESIAN_POINT('',(75.680644817549,-108.8999777777));
#2905 = CARTESIAN_POINT('',(81.060309144343,-111.4941860677));
#2906 = CARTESIAN_POINT('',(86.425805739373,-114.0888569497));
#2907 = CARTESIAN_POINT('',(91.777089527008,-116.6839670204));
#2908 = CARTESIAN_POINT('',(97.114118327601,-119.2794928335));
#2909 = ( GEOMETRIC_REPRESENTATION_CONTEXT(2) 
PARAMETRIC_REPRESENTATION_CONTEXT() REPRESENTATION_CONTEXT('2D SPACE',''
  ) );
#2910 = PCURVE('',#2911,#2916);
#2911 = B_SPLINE_SURFACE_WITH_KNOTS('',1,1,(
    (#2912,#2913)
    ,(#2914,#2915
    )),.UNSPECIFIED.,.F.,.F.,.F.,(2,2),(2,2),(0.,21.854976549976),(0.,1.
    ),.PIECEWISE_BEZIER_KNOTS.);
#2912 = CARTESIAN_POINT('',(680.,93.639610306789,66.7695526217));
#2913 = CARTESIAN_POINT('',(500.,92.932503525603,64.648232278141));
#2914 = CARTESIAN_POINT('',(680.,98.405510011987,86.045283476846));
#2915 = CARTESIAN_POINT('',(500.,98.730779131332,85.7200143575));
#2916 = DEFINITIONAL_REPRESENTATION('',(#2917),#2923);
#2917 = B_SPLINE_CURVE_WITH_KNOTS('',4,(#2918,#2919,#2920,#2921,#2922),
  .UNSPECIFIED.,.F.,.F.,(5,5),(0.,1.),.PIECEWISE_BEZIER_KNOTS.);
#2918 = CARTESIAN_POINT('',(21.854976549976,0.347777777778));
#2919 = CARTESIAN_POINT('',(16.411853069511,0.330638694907));
#2920 = CARTESIAN_POINT('',(10.95494735988,0.31354474904));
#2921 = CARTESIAN_POINT('',(5.484311453325,0.296496083783));
#2922 = CARTESIAN_POINT('',(0.,0.279492833517));
#2923 = ( GEOMETRIC_REPRESENTATION_CONTEXT(2) 
PARAMETRIC_REPRESENTATION_CONTEXT() REPRESENTATION_CONTEXT('2D SPACE',''
  ) );
#2924 = ORIENTED_EDGE('',*,*,#2925,.F.);
#2925 = EDGE_CURVE('',#2926,#2892,#2928,.T.);
#2926 = VERTEX_POINT('',#2927);
#2927 = CARTESIAN_POINT('',(617.4,85.93216210534,98.518631383492));
#2928 = SURFACE_CURVE('',#2929,(#2932,#2938),.PCURVE_S1.);
#2929 = B_SPLINE_CURVE_WITH_KNOTS('',1,(#2930,#2931),.UNSPECIFIED.,.F.,
  .F.,(2,2),(0.,1.),.PIECEWISE_BEZIER_KNOTS.);
#2930 = CARTESIAN_POINT('',(617.4,85.93216210534,98.518631383492));
#2931 = CARTESIAN_POINT('',(617.4,98.518631383492,85.93216210534));
#2932 = PCURVE('',#1249,#2933);
#2933 = DEFINITIONAL_REPRESENTATION('',(#2934),#2937);
#2934 = B_SPLINE_CURVE_WITH_KNOTS('',1,(#2935,#2936),.UNSPECIFIED.,.F.,
  .F.,(2,2),(0.,1.),.PIECEWISE_BEZIER_KNOTS.);
#2935 = CARTESIAN_POINT('',(75.680644817549,-91.10002222222));
#2936 = CARTESIAN_POINT('',(75.680644817549,-108.8999777777));
#2937 = ( GEOMETRIC_REPRESENTATION_CONTEXT(2) 
PARAMETRIC_REPRESENTATION_CONTEXT() REPRESENTATION_CONTEXT('2D SPACE',''
  ) );
#2938 = PCURVE('',#2939,#2944);
#2939 = B_SPLINE_SURFACE_WITH_KNOTS('',1,1,(
    (#2940,#2941)
    ,(#2942,#2943
    )),.UNSPECIFIED.,.F.,.F.,.F.,(2,2),(2,2),(0.,18.4),(0.,1.),
  .PIECEWISE_BEZIER_KNOTS.);
#2940 = CARTESIAN_POINT('',(680.,98.405510011987,86.045283476846));
#2941 = CARTESIAN_POINT('',(500.,98.730779131332,85.7200143575));
#2942 = CARTESIAN_POINT('',(680.,86.045283476846,98.405510011987));
#2943 = CARTESIAN_POINT('',(500.,85.7200143575,98.730779131332));
#2944 = DEFINITIONAL_REPRESENTATION('',(#2945),#2948);
#2945 = B_SPLINE_CURVE_WITH_KNOTS('',1,(#2946,#2947),.UNSPECIFIED.,.F.,
  .F.,(2,2),(0.,1.),.PIECEWISE_BEZIER_KNOTS.);
#2946 = CARTESIAN_POINT('',(18.4,0.347777777778));
#2947 = CARTESIAN_POINT('',(0.,0.347777777778));
#2948 = ( GEOMETRIC_REPRESENTATION_CONTEXT(2) 
PARAMETRIC_REPRESENTATION_CONTEXT() REPRESENTATION_CONTEXT('2D SPACE',''
  ) );
#2949 = ORIENTED_EDGE('',*,*,#2950,.F.);
#2950 = EDGE_CURVE('',#2867,#2926,#2951,.T.);
#2951 = SURFACE_CURVE('',#2952,(#2958,#2967),.PCURVE_S1.);
#2952 = B_SPLINE_CURVE_WITH_KNOTS('',4,(#2953,#2954,#2955,#2956,#2957),
  .UNSPECIFIED.,.F.,.F.,(5,5),(0.,1.),.PIECEWISE_BEZIER_KNOTS.);
#2953 = CARTESIAN_POINT('',(629.69128996692,66.176658788082,
    93.441979028916));
#2954 = CARTESIAN_POINT('',(626.630704919,71.103630465217,
    94.698322899738));
#2955 = CARTESIAN_POINT('',(623.56194517279,76.03856586039,
    95.963218437071));
#2956 = CARTESIAN_POINT('',(620.48503491673,80.98142396055,
    97.236657785947));
#2957 = CARTESIAN_POINT('',(617.4,85.93216210534,98.518631383492));
#2958 = PCURVE('',#1249,#2959);
#2959 = DEFINITIONAL_REPRESENTATION('',(#2960),#2966);
#2960 = B_SPLINE_CURVE_WITH_KNOTS('',4,(#2961,#2962,#2963,#2964,#2965),
  .UNSPECIFIED.,.F.,.F.,(5,5),(0.,1.),.PIECEWISE_BEZIER_KNOTS.);
#2961 = CARTESIAN_POINT('',(97.114118327601,-80.72050716648));
#2962 = CARTESIAN_POINT('',(91.777089527007,-83.31603297953));
#2963 = CARTESIAN_POINT('',(86.425805739374,-85.91114305024));
#2964 = CARTESIAN_POINT('',(81.060309144342,-88.50581393228));
#2965 = CARTESIAN_POINT('',(75.680644817549,-91.10002222222));
#2966 = ( GEOMETRIC_REPRESENTATION_CONTEXT(2) 
PARAMETRIC_REPRESENTATION_CONTEXT() REPRESENTATION_CONTEXT('2D SPACE',''
  ) );
#2967 = PCURVE('',#2968,#2973);
#2968 = B_SPLINE_SURFACE_WITH_KNOTS('',1,1,(
    (#2969,#2970)
    ,(#2971,#2972
    )),.UNSPECIFIED.,.F.,.F.,.F.,(2,2),(2,2),(0.,21.854976549976),(0.,1.
    ),.PIECEWISE_BEZIER_KNOTS.);
#2969 = CARTESIAN_POINT('',(680.,86.045283476846,98.405510011987));
#2970 = CARTESIAN_POINT('',(500.,85.7200143575,98.730779131332));
#2971 = CARTESIAN_POINT('',(680.,66.7695526217,93.639610306789));
#2972 = CARTESIAN_POINT('',(500.,64.648232278141,92.932503525603));
#2973 = DEFINITIONAL_REPRESENTATION('',(#2974),#2980);
#2974 = B_SPLINE_CURVE_WITH_KNOTS('',4,(#2975,#2976,#2977,#2978,#2979),
  .UNSPECIFIED.,.F.,.F.,(5,5),(0.,1.),.PIECEWISE_BEZIER_KNOTS.);
#2975 = CARTESIAN_POINT('',(21.854976549976,0.279492833517));
#2976 = CARTESIAN_POINT('',(16.37066509665,0.296496083783));
#2977 = CARTESIAN_POINT('',(10.900029190097,0.31354474904));
#2978 = CARTESIAN_POINT('',(5.443123480463,0.330638694907));
#2979 = CARTESIAN_POINT('',(0.,0.347777777778));
#2980 = ( GEOMETRIC_REPRESENTATION_CONTEXT(2) 
PARAMETRIC_REPRESENTATION_CONTEXT() REPRESENTATION_CONTEXT('2D SPACE',''
  ) );
#2981 = ADVANCED_FACE('',(#2982),#1968,.T.);
#2982 = FACE_BOUND('',#2983,.F.);
#2983 = EDGE_LOOP('',(#2984,#2985,#3089,#3110));
#2984 = ORIENTED_EDGE('',*,*,#2291,.T.);
#2985 = ORIENTED_EDGE('',*,*,#2986,.T.);
#2986 = EDGE_CURVE('',#2189,#2987,#2989,.T.);
#2987 = VERTEX_POINT('',#2988);
#2988 = CARTESIAN_POINT('',(740.,-29.99999997487,-99.99999999781));
#2989 = SURFACE_CURVE('',#2990,(#2995,#3002),.PCURVE_S1.);
#2990 = CIRCLE('',#2991,70.);
#2991 = AXIS2_PLACEMENT_3D('',#2992,#2993,#2994);
#2992 = CARTESIAN_POINT('',(740.,-29.99999997487,-29.99999999562));
#2993 = DIRECTION('',(1.,-0.,1.110223024625E-16));
#2994 = DIRECTION('',(1.110223024625E-16,0.,-1.));
#2995 = PCURVE('',#1968,#2996);
#2996 = DEFINITIONAL_REPRESENTATION('',(#2997),#3001);
#2997 = LINE('',#2998,#2999);
#2998 = CARTESIAN_POINT('',(-0.,-1.863333333333E+03));
#2999 = VECTOR('',#3000,1.);
#3000 = DIRECTION('',(-1.,0.));
#3001 = ( GEOMETRIC_REPRESENTATION_CONTEXT(2) 
PARAMETRIC_REPRESENTATION_CONTEXT() REPRESENTATION_CONTEXT('2D SPACE',''
  ) );
#3002 = PCURVE('',#3003,#3084);
#3003 = ( BOUNDED_SURFACE() B_SPLINE_SURFACE(9,7,(
    (#3004,#3005,#3006,#3007,#3008,#3009,#3010,#3011)
    ,(#3012,#3013,#3014,#3015,#3016,#3017,#3018,#3019)
    ,(#3020,#3021,#3022,#3023,#3024,#3025,#3026,#3027)
    ,(#3028,#3029,#3030,#3031,#3032,#3033,#3034,#3035)
    ,(#3036,#3037,#3038,#3039,#3040,#3041,#3042,#3043)
    ,(#3044,#3045,#3046,#3047,#3048,#3049,#3050,#3051)
    ,(#3052,#3053,#3054,#3055,#3056,#3057,#3058,#3059)
    ,(#3060,#3061,#3062,#3063,#3064,#3065,#3066,#3067)
    ,(#3068,#3069,#3070,#3071,#3072,#3073,#3074,#3075)
    ,(#3076,#3077,#3078,#3079,#3080,#3081,#3082,#3083
)),.UNSPECIFIED.,.F.,.F.,.F.) B_SPLINE_SURFACE_WITH_KNOTS((10,10),(8,8),
  (3.,4.),(0.,1.),.PIECEWISE_BEZIER_KNOTS.) 
GEOMETRIC_REPRESENTATION_ITEM() RATIONAL_B_SPLINE_SURFACE((
    (1.,1.,1.,1.000000000001,0.999999999999,1.,1.,1.)
    ,(1.,1.,1.,1.000000000001,0.999999999999,1.,1.,1.)
    ,(1.,1.,1.,1.000000000001,0.999999999999,1.,1.,1.)
    ,(1.,1.,1.,1.000000000001,0.999999999999,1.,1.,1.)
    ,(1.,1.,1.,1.000000000001,0.999999999999,1.,1.,1.)
    ,(1.,1.,1.,1.000000000001,0.999999999999,1.,1.,1.)
    ,(1.,1.,1.,1.000000000001,0.999999999999,1.,1.,1.)
    ,(1.,1.,1.,1.000000000001,0.999999999999,1.,1.,1.)
    ,(1.,1.,1.,1.000000000001,0.999999999999,1.,1.,1.)
    ,(1.,1.,1.,1.000000000001,0.999999999999,1.,1.,1.
))) REPRESENTATION_ITEM('') SURFACE() );
#3004 = CARTESIAN_POINT('',(740.,-99.99999997487,-29.99999999562));
#3005 = CARTESIAN_POINT('',(789.25100701865,-100.0000108129,
    -30.00006594357));
#3006 = CARTESIAN_POINT('',(838.50011830426,-99.28251041068,
    -25.69649313089));
#3007 = CARTESIAN_POINT('',(887.5311021226,-98.13560469561,
    -18.81736440909));
#3008 = CARTESIAN_POINT('',(936.46889787768,-96.86439526561,
    -11.19263543602));
#3009 = CARTESIAN_POINT('',(985.49988169536,-95.71748953491,
    -4.313507093196));
#3010 = CARTESIAN_POINT('',(1.034748992981E+03,-94.99998919133,
    -9.93386172686E-03));
#3011 = CARTESIAN_POINT('',(1.084E+03,-94.99999999952,-9.99999824475E-03
    ));
#3012 = CARTESIAN_POINT('',(740.,-99.99999997487,-42.21730475958));
#3013 = CARTESIAN_POINT('',(789.25100701865,-100.0000108129,
    -42.21736112319));
#3014 = CARTESIAN_POINT('',(838.50011830426,-99.28251041064,
    -38.53967582402));
#3015 = CARTESIAN_POINT('',(887.5311021226,-98.13560469568,
    -32.66100917963));
#3016 = CARTESIAN_POINT('',(936.46889787768,-96.86439526553,
    -26.14517799416));
#3017 = CARTESIAN_POINT('',(985.49988169536,-95.71748953495,
    -20.26651172869));
#3018 = CARTESIAN_POINT('',(1.034748992981E+03,-94.99998919132,
    -16.58882601076));
#3019 = CARTESIAN_POINT('',(1.084E+03,-94.99999999952,-16.58888256293));
#3020 = CARTESIAN_POINT('',(740.,-97.60113798798,-54.43460969862));
#3021 = CARTESIAN_POINT('',(789.25100701865,-97.60115070799,
    -54.43465647797));
#3022 = CARTESIAN_POINT('',(838.50011830426,-96.76075758964,
    -51.38285870104));
#3023 = CARTESIAN_POINT('',(887.5311021226,-95.41741162107,
    -46.50465414873));
#3024 = CARTESIAN_POINT('',(936.46889787768,-93.92847063703,
    -41.0977207664));
#3025 = CARTESIAN_POINT('',(985.49988169536,-92.58512465287,
    -36.21951659292));
#3026 = CARTESIAN_POINT('',(1.034748992981E+03,-91.74473159321,
    -33.16771839733));
#3027 = CARTESIAN_POINT('',(1.084E+03,-91.74474428332,-33.16776536521));
#3028 = CARTESIAN_POINT('',(740.,-92.80341233591,-66.11360991687));
#3029 = CARTESIAN_POINT('',(789.25100701865,-92.80342881962,
    -66.11364753403));
#3030 = CARTESIAN_POINT('',(838.50011830426,-91.71725018351,
    -63.6601601499));
#3031 = CARTESIAN_POINT('',(887.5311021226,-89.98102357004,
    -59.73833648832));
#3032 = CARTESIAN_POINT('',(936.46889787768,-88.0566193262,
    -55.39144194123));
#3033 = CARTESIAN_POINT('',(985.49988169536,-86.32039269703,
    -51.46961865855));
#3034 = CARTESIAN_POINT('',(1.034748992981E+03,-85.23421411967,
    -49.01613085564));
#3035 = CARTESIAN_POINT('',(1.084E+03,-85.23423057346,-49.01616866138));
#3036 = CARTESIAN_POINT('',(740.,-85.74775773362,-76.71600813731));
#3037 = CARTESIAN_POINT('',(789.25100701865,-85.74777975247,
    -76.71603743731));
#3038 = CARTESIAN_POINT('',(838.50011830426,-84.30014282403,
    -74.80570656568));
#3039 = CARTESIAN_POINT('',(887.5311021226,-81.98613616857,
    -71.75210200572));
#3040 = CARTESIAN_POINT('',(936.46889787768,-79.42132882991,
    -68.36752902943));
#3041 = CARTESIAN_POINT('',(985.49988169536,-77.10732215904,
    -65.31392484812));
#3042 = CARTESIAN_POINT('',(1.034748992981E+03,-75.65968528914,
    -63.40359355804));
#3043 = CARTESIAN_POINT('',(1.084E+03,-75.65970727814,-63.4036230465));
#3044 = CARTESIAN_POINT('',(740.,-76.71600811653,-85.74775775435));
#3045 = CARTESIAN_POINT('',(789.25100701865,-76.71603722056,
    -85.74777996873));
#3046 = CARTESIAN_POINT('',(838.50011830426,-74.80570746298,
    -84.30014192763));
#3047 = CARTESIAN_POINT('',(887.5311021226,-71.75210044837,
    -81.98613772478));
#3048 = CARTESIAN_POINT('',(936.46889787768,-68.36753070282,
    -79.42132715775));
#3049 = CARTESIAN_POINT('',(985.49988169536,-65.31392367249,
    -77.10732333375));
#3050 = CARTESIAN_POINT('',(1.034748992981E+03,-63.40359397366,
    -75.65968487388));
#3051 = CARTESIAN_POINT('',(1.084E+03,-63.40362304777,-75.65970727685));
#3052 = CARTESIAN_POINT('',(740.,-66.11360989613,-92.80341235668));
#3053 = CARTESIAN_POINT('',(789.25100701865,-66.11364731771,
    -92.80342903626));
#3054 = CARTESIAN_POINT('',(838.50011830426,-63.66016104638,
    -91.71724928646));
#3055 = CARTESIAN_POINT('',(887.5311021226,-59.73833493204,-89.981025127
    ));
#3056 = CARTESIAN_POINT('',(936.46889787768,-55.39144361348,
    -88.05661765323));
#3057 = CARTESIAN_POINT('',(985.49988169536,-51.46961748377,
    -86.32039387237));
#3058 = CARTESIAN_POINT('',(1.034748992981E+03,-49.01613127093,
    -85.23421370415));
#3059 = CARTESIAN_POINT('',(1.084E+03,-49.01616866267,-85.23423057219));
#3060 = CARTESIAN_POINT('',(740.,-54.43460967786,-97.60113800873));
#3061 = CARTESIAN_POINT('',(789.25100701865,-54.43465626142,
    -97.6011509244));
#3062 = CARTESIAN_POINT('',(838.50011830426,-51.38285959795,
    -96.76075669296));
#3063 = CARTESIAN_POINT('',(887.5311021226,-46.50465259191,
    -95.41741317766));
#3064 = CARTESIAN_POINT('',(936.46889787768,-41.09772243923,
    -93.92846896446));
#3065 = CARTESIAN_POINT('',(985.49988169536,-36.21951541769,
    -92.58512582789));
#3066 = CARTESIAN_POINT('',(1.034748992981E+03,-33.1677188128,
    -91.74473117783));
#3067 = CARTESIAN_POINT('',(1.084E+03,-33.16776536649,-91.74474428203));
#3068 = CARTESIAN_POINT('',(740.,-42.21730473883,-99.99999999562));
#3069 = CARTESIAN_POINT('',(789.25100701865,-42.21736090672,
    -100.0000110294));
#3070 = CARTESIAN_POINT('',(838.50011830426,-38.5396767208,
    -99.2825095138));
#3071 = CARTESIAN_POINT('',(887.5311021226,-32.66100762295,
    -98.13560625242));
#3072 = CARTESIAN_POINT('',(936.46889787768,-26.14517966682,
    -96.86439359281));
#3073 = CARTESIAN_POINT('',(985.49988169536,-20.26651055361,
    -95.71749071009));
#3074 = CARTESIAN_POINT('',(1.034748992981E+03,-16.58882642617,
    -94.99998877589));
#3075 = CARTESIAN_POINT('',(1.084E+03,-16.58888256422,-94.99999999824));
#3076 = CARTESIAN_POINT('',(740.,-29.99999997487,-100.));
#3077 = CARTESIAN_POINT('',(789.25100701865,-30.00006572708,
    -100.0000109872));
#3078 = CARTESIAN_POINT('',(838.50011830426,-25.6964940277,
    -99.28250972734));
#3079 = CARTESIAN_POINT('',(887.5311021226,-18.81736285238,
    -98.13560587361));
#3080 = CARTESIAN_POINT('',(936.46889787768,-11.19263710872,
    -96.86439412636));
#3081 = CARTESIAN_POINT('',(985.49988169536,-4.313505918073,
    -95.71749027268));
#3082 = CARTESIAN_POINT('',(1.034748992981E+03,-9.93427714959E-03,
    -94.99998901278));
#3083 = CARTESIAN_POINT('',(1.084E+03,-9.999999526109E-03,-95.));
#3084 = DEFINITIONAL_REPRESENTATION('',(#3085),#3088);
#3085 = B_SPLINE_CURVE_WITH_KNOTS('',1,(#3086,#3087),.UNSPECIFIED.,.F.,
  .F.,(2,2),(4.712388980385,6.28318530718),.PIECEWISE_BEZIER_KNOTS.);
#3086 = CARTESIAN_POINT('',(3.,0.));
#3087 = CARTESIAN_POINT('',(4.,0.));
#3088 = ( GEOMETRIC_REPRESENTATION_CONTEXT(2) 
PARAMETRIC_REPRESENTATION_CONTEXT() REPRESENTATION_CONTEXT('2D SPACE',''
  ) );
#3089 = ORIENTED_EDGE('',*,*,#3090,.F.);
#3090 = EDGE_CURVE('',#1952,#2987,#3091,.T.);
#3091 = SURFACE_CURVE('',#3092,(#3096,#3103),.PCURVE_S1.);
#3092 = LINE('',#3093,#3094);
#3093 = CARTESIAN_POINT('',(-1.123333333333E+03,-29.99999997487,
    -99.99999999781));
#3094 = VECTOR('',#3095,1.);
#3095 = DIRECTION('',(1.,0.,0.));
#3096 = PCURVE('',#1968,#3097);
#3097 = DEFINITIONAL_REPRESENTATION('',(#3098),#3102);
#3098 = LINE('',#3099,#3100);
#3099 = CARTESIAN_POINT('',(-6.28318530718,0.));
#3100 = VECTOR('',#3101,1.);
#3101 = DIRECTION('',(-0.,-1.));
#3102 = ( GEOMETRIC_REPRESENTATION_CONTEXT(2) 
PARAMETRIC_REPRESENTATION_CONTEXT() REPRESENTATION_CONTEXT('2D SPACE',''
  ) );
#3103 = PCURVE('',#1996,#3104);
#3104 = DEFINITIONAL_REPRESENTATION('',(#3105),#3109);
#3105 = LINE('',#3106,#3107);
#3106 = CARTESIAN_POINT('',(0.,0.));
#3107 = VECTOR('',#3108,1.);
#3108 = DIRECTION('',(0.,-1.));
#3109 = ( GEOMETRIC_REPRESENTATION_CONTEXT(2) 
PARAMETRIC_REPRESENTATION_CONTEXT() REPRESENTATION_CONTEXT('2D SPACE',''
  ) );
#3110 = ORIENTED_EDGE('',*,*,#1951,.F.);
#3111 = ADVANCED_FACE('',(#3112),#2025,.T.);
#3112 = FACE_BOUND('',#3113,.F.);
#3113 = EDGE_LOOP('',(#3114,#3137,#3239,#3240));
#3114 = ORIENTED_EDGE('',*,*,#3115,.T.);
#3115 = EDGE_CURVE('',#1981,#3116,#3118,.T.);
#3116 = VERTEX_POINT('',#3117);
#3117 = CARTESIAN_POINT('',(740.,30.000000020756,-100.));
#3118 = SURFACE_CURVE('',#3119,(#3123,#3130),.PCURVE_S1.);
#3119 = LINE('',#3120,#3121);
#3120 = CARTESIAN_POINT('',(-1.123333333333E+03,30.000000020756,-100.));
#3121 = VECTOR('',#3122,1.);
#3122 = DIRECTION('',(1.,0.,0.));
#3123 = PCURVE('',#2025,#3124);
#3124 = DEFINITIONAL_REPRESENTATION('',(#3125),#3129);
#3125 = LINE('',#3126,#3127);
#3126 = CARTESIAN_POINT('',(-0.,0.));
#3127 = VECTOR('',#3128,1.);
#3128 = DIRECTION('',(-0.,-1.));
#3129 = ( GEOMETRIC_REPRESENTATION_CONTEXT(2) 
PARAMETRIC_REPRESENTATION_CONTEXT() REPRESENTATION_CONTEXT('2D SPACE',''
  ) );
#3130 = PCURVE('',#1996,#3131);
#3131 = DEFINITIONAL_REPRESENTATION('',(#3132),#3136);
#3132 = LINE('',#3133,#3134);
#3133 = CARTESIAN_POINT('',(59.999999995627,0.));
#3134 = VECTOR('',#3135,1.);
#3135 = DIRECTION('',(0.,-1.));
#3136 = ( GEOMETRIC_REPRESENTATION_CONTEXT(2) 
PARAMETRIC_REPRESENTATION_CONTEXT() REPRESENTATION_CONTEXT('2D SPACE',''
  ) );
#3137 = ORIENTED_EDGE('',*,*,#3138,.T.);
#3138 = EDGE_CURVE('',#3116,#2399,#3139,.T.);
#3139 = SURFACE_CURVE('',#3140,(#3145,#3152),.PCURVE_S1.);
#3140 = CIRCLE('',#3141,70.);
#3141 = AXIS2_PLACEMENT_3D('',#3142,#3143,#3144);
#3142 = CARTESIAN_POINT('',(740.,30.000000020756,-30.));
#3143 = DIRECTION('',(1.,-0.,1.110223024625E-16));
#3144 = DIRECTION('',(1.110223024625E-16,0.,-1.));
#3145 = PCURVE('',#2025,#3146);
#3146 = DEFINITIONAL_REPRESENTATION('',(#3147),#3151);
#3147 = LINE('',#3148,#3149);
#3148 = CARTESIAN_POINT('',(-0.,-1.863333333333E+03));
#3149 = VECTOR('',#3150,1.);
#3150 = DIRECTION('',(-1.,0.));
#3151 = ( GEOMETRIC_REPRESENTATION_CONTEXT(2) 
PARAMETRIC_REPRESENTATION_CONTEXT() REPRESENTATION_CONTEXT('2D SPACE',''
  ) );
#3152 = PCURVE('',#3153,#3234);
#3153 = ( BOUNDED_SURFACE() B_SPLINE_SURFACE(9,7,(
    (#3154,#3155,#3156,#3157,#3158,#3159,#3160,#3161)
    ,(#3162,#3163,#3164,#3165,#3166,#3167,#3168,#3169)
    ,(#3170,#3171,#3172,#3173,#3174,#3175,#3176,#3177)
    ,(#3178,#3179,#3180,#3181,#3182,#3183,#3184,#3185)
    ,(#3186,#3187,#3188,#3189,#3190,#3191,#3192,#3193)
    ,(#3194,#3195,#3196,#3197,#3198,#3199,#3200,#3201)
    ,(#3202,#3203,#3204,#3205,#3206,#3207,#3208,#3209)
    ,(#3210,#3211,#3212,#3213,#3214,#3215,#3216,#3217)
    ,(#3218,#3219,#3220,#3221,#3222,#3223,#3224,#3225)
    ,(#3226,#3227,#3228,#3229,#3230,#3231,#3232,#3233
)),.UNSPECIFIED.,.F.,.F.,.F.) B_SPLINE_SURFACE_WITH_KNOTS((10,10),(8,8),
  (5.,6.),(0.,1.),.PIECEWISE_BEZIER_KNOTS.) 
GEOMETRIC_REPRESENTATION_ITEM() RATIONAL_B_SPLINE_SURFACE((
    (1.,1.,1.,1.000000000001,0.999999999999,1.,1.,1.)
    ,(1.,1.,1.,1.000000000001,0.999999999999,1.,1.,1.)
    ,(1.,1.,1.,1.000000000001,0.999999999999,1.,1.,1.)
    ,(1.,1.,1.,1.000000000001,0.999999999999,1.,1.,1.)
    ,(1.,1.,1.,1.000000000001,0.999999999999,1.,1.,1.)
    ,(1.,1.,1.,1.000000000001,0.999999999999,1.,1.,1.)
    ,(1.,1.,1.,1.000000000001,0.999999999999,1.,1.,1.)
    ,(1.,1.,1.,1.000000000001,0.999999999999,1.,1.,1.)
    ,(1.,1.,1.,1.000000000001,0.999999999999,1.,1.,1.)
    ,(1.,1.,1.,1.000000000001,0.999999999999,1.,1.,1.
))) REPRESENTATION_ITEM('') SURFACE() );
#3154 = CARTESIAN_POINT('',(740.,30.000000020756,-100.));
#3155 = CARTESIAN_POINT('',(789.25100701865,30.000066075388,
    -100.0000109872));
#3156 = CARTESIAN_POINT('',(838.50011830426,25.696492615665,
    -99.28250972734));
#3157 = CARTESIAN_POINT('',(887.5311021226,18.817365226877,
    -98.13560587361));
#3158 = CARTESIAN_POINT('',(936.46889787768,11.192634795215,
    -96.86439412636));
#3159 = CARTESIAN_POINT('',(985.49988169536,4.313507376114,
    -95.71749027268));
#3160 = CARTESIAN_POINT('',(1.034748992981E+03,9.933923682018E-03,
    -94.99998901278));
#3161 = CARTESIAN_POINT('',(1.084E+03,9.999998718662E-03,-95.));
#3162 = CARTESIAN_POINT('',(740.,42.217304784716,-99.99999999999));
#3163 = CARTESIAN_POINT('',(789.25100701865,42.217361255029,
    -100.0000109872));
#3164 = CARTESIAN_POINT('',(838.50011830426,38.539675308743,
    -99.28250972732));
#3165 = CARTESIAN_POINT('',(887.5311021226,32.661009997478,
    -98.13560587365));
#3166 = CARTESIAN_POINT('',(936.46889787768,26.14517735329,
    -96.86439412631));
#3167 = CARTESIAN_POINT('',(985.49988169536,20.266512011653,
    -95.71749027271));
#3168 = CARTESIAN_POINT('',(1.034748992981E+03,16.588826072707,
    -94.99998901277));
#3169 = CARTESIAN_POINT('',(1.084E+03,16.588882563413,-95.));
#3170 = CARTESIAN_POINT('',(740.,54.434609723757,-97.60113801311));
#3171 = CARTESIAN_POINT('',(789.25100701865,54.43465660975,
    -97.60115088222));
#3172 = CARTESIAN_POINT('',(838.50011830426,51.382858185907,
    -96.76075690628));
#3173 = CARTESIAN_POINT('',(887.5311021226,46.504654966409,
    -95.41741279914));
#3174 = CARTESIAN_POINT('',(936.46889787768,41.097720125681,
    -93.92846949773));
#3175 = CARTESIAN_POINT('',(985.49988169536,36.219516875795,
    -92.58512539067));
#3176 = CARTESIAN_POINT('',(1.034748992981E+03,33.167718459307,
    -91.74473141465));
#3177 = CARTESIAN_POINT('',(1.084E+03,33.167765365688,-91.74474428379));
#3178 = CARTESIAN_POINT('',(740.,66.113609942006,-92.80341236104));
#3179 = CARTESIAN_POINT('',(789.25100701865,66.113647665978,
    -92.80342899383));
#3180 = CARTESIAN_POINT('',(838.50011830426,63.66015963435,
    -91.71724950029));
#3181 = CARTESIAN_POINT('',(887.5311021226,59.738337306513,
    -89.98102474783));
#3182 = CARTESIAN_POINT('',(936.46889787768,55.391441300056,
    -88.05661818713));
#3183 = CARTESIAN_POINT('',(985.49988169536,51.469618941685,
    -86.32039343471));
#3184 = CARTESIAN_POINT('',(1.034748992981E+03,49.016130917535,
    -85.23421394114));
#3185 = CARTESIAN_POINT('',(1.084E+03,49.016168661862,-85.23423057394));
#3186 = CARTESIAN_POINT('',(740.,76.716008162442,-85.74775775874));
#3187 = CARTESIAN_POINT('',(789.25100701865,76.716037568947,
    -85.7477799267));
#3188 = CARTESIAN_POINT('',(838.50011830426,74.805706050918,
    -84.30014214066));
#3189 = CARTESIAN_POINT('',(887.5311021226,71.752102822914,
    -81.98613734664));
#3190 = CARTESIAN_POINT('',(936.46889787768,68.36752838917,
    -79.42132769063));
#3191 = CARTESIAN_POINT('',(985.49988169536,65.31392513073,
    -77.1073228968));
#3192 = CARTESIAN_POINT('',(1.034748992981E+03,63.403593620097,
    -75.6596851106));
#3193 = CARTESIAN_POINT('',(1.084E+03,63.403623046977,-75.65970727861));
#3194 = CARTESIAN_POINT('',(740.,85.747757779485,-76.71600814167));
#3195 = CARTESIAN_POINT('',(789.25100701865,85.74778010073,
    -76.71603739482));
#3196 = CARTESIAN_POINT('',(838.50011830426,84.30014141192,
    -74.80570677963));
#3197 = CARTESIAN_POINT('',(887.5311021226,81.986138543182,
    -71.75210162639));
#3198 = CARTESIAN_POINT('',(936.46889787768,79.421326516358,
    -68.36752956349));
#3199 = CARTESIAN_POINT('',(985.49988169536,77.107323617011,
    -65.31392441036));
#3200 = CARTESIAN_POINT('',(1.034748992981E+03,75.659684935744,
    -63.40359379508));
#3201 = CARTESIAN_POINT('',(1.084E+03,75.659707277325,-63.40362304825));
#3202 = CARTESIAN_POINT('',(740.,92.803412381813,-66.11360992126));
#3203 = CARTESIAN_POINT('',(789.25100701865,92.803429167943,
    -66.11364749195));
#3204 = CARTESIAN_POINT('',(838.50011830426,91.717248771596,
    -63.66016036301));
#3205 = CARTESIAN_POINT('',(887.5311021226,89.981025944323,
    -59.73833611009));
#3206 = CARTESIAN_POINT('',(936.46889787768,88.056617012863,
    -55.39144247422));
#3207 = CARTESIAN_POINT('',(985.49988169536,86.320394155034,
    -51.46961822153));
#3208 = CARTESIAN_POINT('',(1.034748992981E+03,85.234213766187,
    -49.01613109239));
#3209 = CARTESIAN_POINT('',(1.084E+03,85.234230572665,-49.01616866314));
#3210 = CARTESIAN_POINT('',(740.,97.601138033865,-54.43460970299));
#3211 = CARTESIAN_POINT('',(789.25100701865,97.601151056229,
    -54.43465643566));
#3212 = CARTESIAN_POINT('',(838.50011830426,96.76075617774,
    -51.38285891461));
#3213 = CARTESIAN_POINT('',(887.5311021226,95.417413995357,
    -46.50465376992));
#3214 = CARTESIAN_POINT('',(936.46889787768,93.928468323746,
    -41.09772129995));
#3215 = CARTESIAN_POINT('',(985.49988169536,92.585126110763,
    -36.2195161555));
#3216 = CARTESIAN_POINT('',(1.034748992981E+03,91.744731239808,
    -33.16771863424));
#3217 = CARTESIAN_POINT('',(1.084E+03,91.74474428251,-33.16776536696));
#3218 = CARTESIAN_POINT('',(740.,100.00000002075,-42.21730476396));
#3219 = CARTESIAN_POINT('',(789.25100701865,100.00001116127,
    -42.21736108096));
#3220 = CARTESIAN_POINT('',(838.50011830426,99.282508998655,
    -38.53967603743));
#3221 = CARTESIAN_POINT('',(887.5311021226,98.135607070085,
    -32.66100880101));
#3222 = CARTESIAN_POINT('',(936.46889787768,96.864392952116,
    -26.14517852752));
#3223 = CARTESIAN_POINT('',(985.49988169536,95.717490992946,
    -20.26651129141));
#3224 = CARTESIAN_POINT('',(1.034748992981E+03,94.999988837866,
    -16.58882624761));
#3225 = CARTESIAN_POINT('',(1.084E+03,94.999999998719,-16.58888256469));
#3226 = CARTESIAN_POINT('',(740.,100.00000002512,-30.));
#3227 = CARTESIAN_POINT('',(789.25100701865,100.00001116142,
    -30.00006590132));
#3228 = CARTESIAN_POINT('',(838.50011830426,99.282509044054,
    -25.69649334436));
#3229 = CARTESIAN_POINT('',(887.5311021226,98.135607051548,
    -18.8173640304));
#3230 = CARTESIAN_POINT('',(936.46889787768,96.864392987182,
    -11.19263596946));
#3231 = CARTESIAN_POINT('',(985.49988169536,95.717491010424,
    -4.313506655858));
#3232 = CARTESIAN_POINT('',(1.034748992981E+03,94.999988834245,
    -9.934098596205E-03));
#3233 = CARTESIAN_POINT('',(1.084E+03,95.000000000474,
    -1.000000000001E-02));
#3234 = DEFINITIONAL_REPRESENTATION('',(#3235),#3238);
#3235 = B_SPLINE_CURVE_WITH_KNOTS('',1,(#3236,#3237),.UNSPECIFIED.,.F.,
  .F.,(2,2),(0.,1.570796326795),.PIECEWISE_BEZIER_KNOTS.);
#3236 = CARTESIAN_POINT('',(5.,0.));
#3237 = CARTESIAN_POINT('',(6.,0.));
#3238 = ( GEOMETRIC_REPRESENTATION_CONTEXT(2) 
PARAMETRIC_REPRESENTATION_CONTEXT() REPRESENTATION_CONTEXT('2D SPACE',''
  ) );
#3239 = ORIENTED_EDGE('',*,*,#2501,.F.);
#3240 = ORIENTED_EDGE('',*,*,#2008,.F.);
#3241 = ADVANCED_FACE('',(#3242),#1996,.F.);
#3242 = FACE_BOUND('',#3243,.F.);
#3243 = EDGE_LOOP('',(#3244,#3245,#3346,#3347));
#3244 = ORIENTED_EDGE('',*,*,#3090,.T.);
#3245 = ORIENTED_EDGE('',*,*,#3246,.T.);
#3246 = EDGE_CURVE('',#2987,#3116,#3247,.T.);
#3247 = SURFACE_CURVE('',#3248,(#3252,#3259),.PCURVE_S1.);
#3248 = LINE('',#3249,#3250);
#3249 = CARTESIAN_POINT('',(740.,2.512879859751E-08,-100.));
#3250 = VECTOR('',#3251,1.);
#3251 = DIRECTION('',(0.,1.,0.));
#3252 = PCURVE('',#1996,#3253);
#3253 = DEFINITIONAL_REPRESENTATION('',(#3254),#3258);
#3254 = LINE('',#3255,#3256);
#3255 = CARTESIAN_POINT('',(30.,-1.863333333333E+03));
#3256 = VECTOR('',#3257,1.);
#3257 = DIRECTION('',(1.,0.));
#3258 = ( GEOMETRIC_REPRESENTATION_CONTEXT(2) 
PARAMETRIC_REPRESENTATION_CONTEXT() REPRESENTATION_CONTEXT('2D SPACE',''
  ) );
#3259 = PCURVE('',#3260,#3341);
#3260 = ( BOUNDED_SURFACE() B_SPLINE_SURFACE(9,7,(
    (#3261,#3262,#3263,#3264,#3265,#3266,#3267,#3268)
    ,(#3269,#3270,#3271,#3272,#3273,#3274,#3275,#3276)
    ,(#3277,#3278,#3279,#3280,#3281,#3282,#3283,#3284)
    ,(#3285,#3286,#3287,#3288,#3289,#3290,#3291,#3292)
    ,(#3293,#3294,#3295,#3296,#3297,#3298,#3299,#3300)
    ,(#3301,#3302,#3303,#3304,#3305,#3306,#3307,#3308)
    ,(#3309,#3310,#3311,#3312,#3313,#3314,#3315,#3316)
    ,(#3317,#3318,#3319,#3320,#3321,#3322,#3323,#3324)
    ,(#3325,#3326,#3327,#3328,#3329,#3330,#3331,#3332)
    ,(#3333,#3334,#3335,#3336,#3337,#3338,#3339,#3340
)),.UNSPECIFIED.,.F.,.F.,.F.) B_SPLINE_SURFACE_WITH_KNOTS((10,10),(8,8),
  (4.,5.),(0.,1.),.PIECEWISE_BEZIER_KNOTS.) 
GEOMETRIC_REPRESENTATION_ITEM() RATIONAL_B_SPLINE_SURFACE((
    (1.,1.,1.,1.000000000001,0.999999999999,1.,1.,1.)
    ,(1.,1.,1.,1.000000000001,0.999999999999,1.,1.,1.)
    ,(1.,1.,1.,1.000000000001,0.999999999999,1.,1.,1.)
    ,(1.,1.,1.,1.000000000001,0.999999999999,1.,1.,1.)
    ,(1.,1.,1.,1.000000000001,0.999999999999,1.,1.,1.)
    ,(1.,1.,1.,1.000000000001,0.999999999999,1.,1.,1.)
    ,(1.,1.,1.,1.000000000001,0.999999999999,1.,1.,1.)
    ,(1.,1.,1.,1.000000000001,0.999999999999,1.,1.,1.)
    ,(1.,1.,1.,1.000000000001,0.999999999999,1.,1.,1.)
    ,(1.,1.,1.,1.000000000001,0.999999999999,1.,1.,1.
))) REPRESENTATION_ITEM('') SURFACE() );
#3261 = CARTESIAN_POINT('',(740.,-29.99999997487,-100.));
#3262 = CARTESIAN_POINT('',(789.25100701865,-30.00006572708,
    -100.0000109872));
#3263 = CARTESIAN_POINT('',(838.50011830426,-25.6964940277,
    -99.28250972734));
#3264 = CARTESIAN_POINT('',(887.5311021226,-18.81736285238,
    -98.13560587361));
#3265 = CARTESIAN_POINT('',(936.46889787768,-11.19263710872,
    -96.86439412636));
#3266 = CARTESIAN_POINT('',(985.49988169536,-4.313505918073,
    -95.71749027268));
#3267 = CARTESIAN_POINT('',(1.034748992981E+03,-9.93427714959E-03,
    -94.99998901278));
#3268 = CARTESIAN_POINT('',(1.084E+03,-9.999999526109E-03,-95.));
#3269 = CARTESIAN_POINT('',(740.,-23.33333330869,-100.));
#3270 = CARTESIAN_POINT('',(789.25100701865,-23.33338441569,
    -100.0000109872));
#3271 = CARTESIAN_POINT('',(838.50011830426,-19.98616217843,
    -99.28250972734));
#3272 = CARTESIAN_POINT('',(887.5311021226,-14.63572639913,
    -98.13560587361));
#3273 = CARTESIAN_POINT('',(936.46889787768,-8.705384674952,
    -96.86439412636));
#3274 = CARTESIAN_POINT('',(985.49988169536,-3.354948885389,
    -95.71749027268));
#3275 = CARTESIAN_POINT('',(1.034748992981E+03,-7.726699278523E-03,
    -94.99998901278));
#3276 = CARTESIAN_POINT('',(1.084E+03,-7.777777498912E-03,-95.));
#3277 = CARTESIAN_POINT('',(740.,-16.66666664251,-100.));
#3278 = CARTESIAN_POINT('',(789.25100701865,-16.6667031043,
    -100.0000109872));
#3279 = CARTESIAN_POINT('',(838.50011830426,-14.27583032918,
    -99.28250972734));
#3280 = CARTESIAN_POINT('',(887.5311021226,-10.45408994587,
    -98.13560587361));
#3281 = CARTESIAN_POINT('',(936.46889787768,-6.218132241196,
    -96.86439412636));
#3282 = CARTESIAN_POINT('',(985.49988169536,-2.396391852692,
    -95.71749027268));
#3283 = CARTESIAN_POINT('',(1.034748992981E+03,-5.519121410958E-03,
    -94.99998901278));
#3284 = CARTESIAN_POINT('',(1.084E+03,-5.555555471715E-03,-95.));
#3285 = CARTESIAN_POINT('',(740.,-9.999999976329,-100.));
#3286 = CARTESIAN_POINT('',(789.25100701865,-10.00002179292,
    -100.0000109872));
#3287 = CARTESIAN_POINT('',(838.50011830426,-8.565498479911,
    -99.28250972734));
#3288 = CARTESIAN_POINT('',(887.5311021226,-6.272453492638,
    -98.13560587361));
#3289 = CARTESIAN_POINT('',(936.46889787768,-3.730879807407,
    -96.86439412636));
#3290 = CARTESIAN_POINT('',(985.49988169536,-1.437834820015,
    -95.71749027268));
#3291 = CARTESIAN_POINT('',(1.034748992981E+03,-3.311543537909E-03,
    -94.99998901278));
#3292 = CARTESIAN_POINT('',(1.084E+03,-3.333333444518E-03,-95.));
#3293 = CARTESIAN_POINT('',(740.,-3.333333310148,-100.));
#3294 = CARTESIAN_POINT('',(789.25100701865,-3.33334048154,
    -100.0000109872));
#3295 = CARTESIAN_POINT('',(838.50011830426,-2.855166630654,
    -99.28250972734));
#3296 = CARTESIAN_POINT('',(887.5311021226,-2.090817039376,
    -98.13560587361));
#3297 = CARTESIAN_POINT('',(936.46889787768,-1.243627373646,
    -96.86439412636));
#3298 = CARTESIAN_POINT('',(985.49988169536,-0.479277787321,
    -95.71749027268));
#3299 = CARTESIAN_POINT('',(1.034748992981E+03,-1.103965669419E-03,
    -94.99998901278));
#3300 = CARTESIAN_POINT('',(1.084E+03,-1.111111417321E-03,-95.));
#3301 = CARTESIAN_POINT('',(740.,3.333333356033,-100.));
#3302 = CARTESIAN_POINT('',(789.25100701865,3.333340829846,
    -100.0000109872));
#3303 = CARTESIAN_POINT('',(838.50011830426,2.85516521861,
    -99.28250972734));
#3304 = CARTESIAN_POINT('',(887.5311021226,2.090819413874,
    -98.13560587361));
#3305 = CARTESIAN_POINT('',(936.46889787768,1.243625060127,
    -96.86439412636));
#3306 = CARTESIAN_POINT('',(985.49988169536,0.479279245365,
    -95.71749027268));
#3307 = CARTESIAN_POINT('',(1.034748992981E+03,1.103612200954E-03,
    -94.99998901278));
#3308 = CARTESIAN_POINT('',(1.084E+03,1.111110609876E-03,-95.));
#3309 = CARTESIAN_POINT('',(740.,10.000000022214,-100.));
#3310 = CARTESIAN_POINT('',(789.25100701865,10.000022141231,
    -100.0000109872));
#3311 = CARTESIAN_POINT('',(838.50011830426,8.565497067874,
    -99.28250972734));
#3312 = CARTESIAN_POINT('',(887.5311021226,6.272455867124,
    -98.13560587361));
#3313 = CARTESIAN_POINT('',(936.46889787768,3.730877493899,
    -96.86439412636));
#3314 = CARTESIAN_POINT('',(985.49988169536,1.437836278052,
    -95.71749027268));
#3315 = CARTESIAN_POINT('',(1.034748992981E+03,3.311190071361E-03,
    -94.99998901278));
#3316 = CARTESIAN_POINT('',(1.084E+03,3.333332637072E-03,-95.));
#3317 = CARTESIAN_POINT('',(740.,16.666666688394,-100.));
#3318 = CARTESIAN_POINT('',(789.25100701865,16.666703452616,
    -100.0000109872));
#3319 = CARTESIAN_POINT('',(838.50011830426,14.275828917141,
    -99.28250972734));
#3320 = CARTESIAN_POINT('',(887.5311021226,10.454092320371,
    -98.13560587361));
#3321 = CARTESIAN_POINT('',(936.46889787768,6.218129927675,
    -96.86439412636));
#3322 = CARTESIAN_POINT('',(985.49988169536,2.396393310737,
    -95.71749027268));
#3323 = CARTESIAN_POINT('',(1.034748992981E+03,5.51876794213E-03,
    -94.99998901278));
#3324 = CARTESIAN_POINT('',(1.084E+03,5.555554664269E-03,-95.));
#3325 = CARTESIAN_POINT('',(740.,23.333333354575,-100.));
#3326 = CARTESIAN_POINT('',(789.25100701865,23.333384764002,
    -100.0000109872));
#3327 = CARTESIAN_POINT('',(838.50011830426,19.986160766402,
    -99.28250972734));
#3328 = CARTESIAN_POINT('',(887.5311021226,14.635728773627,
    -98.13560587361));
#3329 = CARTESIAN_POINT('',(936.46889787768,8.705382361442,
    -96.86439412636));
#3330 = CARTESIAN_POINT('',(985.49988169536,3.354950343427,
    -95.71749027268));
#3331 = CARTESIAN_POINT('',(1.034748992981E+03,7.726345811744E-03,
    -94.99998901278));
#3332 = CARTESIAN_POINT('',(1.084E+03,7.777776691466E-03,-95.));
#3333 = CARTESIAN_POINT('',(740.,30.000000020756,-100.));
#3334 = CARTESIAN_POINT('',(789.25100701865,30.000066075388,
    -100.0000109872));
#3335 = CARTESIAN_POINT('',(838.50011830426,25.696492615665,
    -99.28250972734));
#3336 = CARTESIAN_POINT('',(887.5311021226,18.817365226877,
    -98.13560587361));
#3337 = CARTESIAN_POINT('',(936.46889787768,11.192634795215,
    -96.86439412636));
#3338 = CARTESIAN_POINT('',(985.49988169536,4.313507376114,
    -95.71749027268));
#3339 = CARTESIAN_POINT('',(1.034748992981E+03,9.933923682018E-03,
    -94.99998901278));
#3340 = CARTESIAN_POINT('',(1.084E+03,9.999998718662E-03,-95.));
#3341 = DEFINITIONAL_REPRESENTATION('',(#3342),#3345);
#3342 = B_SPLINE_CURVE_WITH_KNOTS('',1,(#3343,#3344),.UNSPECIFIED.,.F.,
  .F.,(2,2),(-30.,29.999999995627),.PIECEWISE_BEZIER_KNOTS.);
#3343 = CARTESIAN_POINT('',(4.,0.));
#3344 = CARTESIAN_POINT('',(5.,0.));
#3345 = ( GEOMETRIC_REPRESENTATION_CONTEXT(2) 
PARAMETRIC_REPRESENTATION_CONTEXT() REPRESENTATION_CONTEXT('2D SPACE',''
  ) );
#3346 = ORIENTED_EDGE('',*,*,#3115,.F.);
#3347 = ORIENTED_EDGE('',*,*,#1980,.F.);
#3348 = ADVANCED_FACE('',(#3349),#2078,.F.);
#3349 = FACE_BOUND('',#3350,.F.);
#3350 = EDGE_LOOP('',(#3351,#3352,#3372,#3399));
#3351 = ORIENTED_EDGE('',*,*,#2061,.T.);
#3352 = ORIENTED_EDGE('',*,*,#3353,.T.);
#3353 = EDGE_CURVE('',#2062,#3354,#3356,.T.);
#3354 = VERTEX_POINT('',#3355);
#3355 = CARTESIAN_POINT('',(-1.087333333333E+03,0.,-37.));
#3356 = SEAM_CURVE('',#3357,(#3360,#3366),.PCURVE_S1.);
#3357 = B_SPLINE_CURVE_WITH_KNOTS('',1,(#3358,#3359),.UNSPECIFIED.,.F.,
  .F.,(2,2),(0.,1.),.PIECEWISE_BEZIER_KNOTS.);
#3358 = CARTESIAN_POINT('',(-1.124333333333E+03,0.,-65.));
#3359 = CARTESIAN_POINT('',(-1.087333333333E+03,0.,-37.));
#3360 = PCURVE('',#2078,#3361);
#3361 = DEFINITIONAL_REPRESENTATION('',(#3362),#3365);
#3362 = B_SPLINE_CURVE_WITH_KNOTS('',1,(#3363,#3364),.UNSPECIFIED.,.F.,
  .F.,(2,2),(0.,1.),.PIECEWISE_BEZIER_KNOTS.);
#3363 = CARTESIAN_POINT('',(0.,0.));
#3364 = CARTESIAN_POINT('',(0.,-37.));
#3365 = ( GEOMETRIC_REPRESENTATION_CONTEXT(2) 
PARAMETRIC_REPRESENTATION_CONTEXT() REPRESENTATION_CONTEXT('2D SPACE',''
  ) );
#3366 = PCURVE('',#2078,#3367);
#3367 = DEFINITIONAL_REPRESENTATION('',(#3368),#3371);
#3368 = B_SPLINE_CURVE_WITH_KNOTS('',1,(#3369,#3370),.UNSPECIFIED.,.F.,
  .F.,(2,2),(0.,1.),.PIECEWISE_BEZIER_KNOTS.);
#3369 = CARTESIAN_POINT('',(-6.28318530718,0.));
#3370 = CARTESIAN_POINT('',(-6.28318530718,-37.));
#3371 = ( GEOMETRIC_REPRESENTATION_CONTEXT(2) 
PARAMETRIC_REPRESENTATION_CONTEXT() REPRESENTATION_CONTEXT('2D SPACE',''
  ) );
#3372 = ORIENTED_EDGE('',*,*,#3373,.F.);
#3373 = EDGE_CURVE('',#3354,#3354,#3374,.T.);
#3374 = SURFACE_CURVE('',#3375,(#3380,#3387),.PCURVE_S1.);
#3375 = CIRCLE('',#3376,37.);
#3376 = AXIS2_PLACEMENT_3D('',#3377,#3378,#3379);
#3377 = CARTESIAN_POINT('',(-1.087333333333E+03,0.,0.));
#3378 = DIRECTION('',(1.,-0.,1.110223024625E-16));
#3379 = DIRECTION('',(1.110223024625E-16,0.,-1.));
#3380 = PCURVE('',#2078,#3381);
#3381 = DEFINITIONAL_REPRESENTATION('',(#3382),#3386);
#3382 = LINE('',#3383,#3384);
#3383 = CARTESIAN_POINT('',(-0.,-37.));
#3384 = VECTOR('',#3385,1.);
#3385 = DIRECTION('',(-1.,-0.));
#3386 = ( GEOMETRIC_REPRESENTATION_CONTEXT(2) 
PARAMETRIC_REPRESENTATION_CONTEXT() REPRESENTATION_CONTEXT('2D SPACE',''
  ) );
#3387 = PCURVE('',#3388,#3393);
#3388 = CYLINDRICAL_SURFACE('',#3389,37.);
#3389 = AXIS2_PLACEMENT_3D('',#3390,#3391,#3392);
#3390 = CARTESIAN_POINT('',(-1.087333333333E+03,0.,0.));
#3391 = DIRECTION('',(1.,-0.,1.110223024625E-16));
#3392 = DIRECTION('',(1.110223024625E-16,0.,-1.));
#3393 = DEFINITIONAL_REPRESENTATION('',(#3394),#3398);
#3394 = LINE('',#3395,#3396);
#3395 = CARTESIAN_POINT('',(0.,0.));
#3396 = VECTOR('',#3397,1.);
#3397 = DIRECTION('',(1.,0.));
#3398 = ( GEOMETRIC_REPRESENTATION_CONTEXT(2) 
PARAMETRIC_REPRESENTATION_CONTEXT() REPRESENTATION_CONTEXT('2D SPACE',''
  ) );
#3399 = ORIENTED_EDGE('',*,*,#3353,.F.);
#3400 = ADVANCED_FACE('',(#3401),#2145,.T.);
#3401 = FACE_BOUND('',#3402,.T.);
#3402 = EDGE_LOOP('',(#3403,#3404,#3426,#3454));
#3403 = ORIENTED_EDGE('',*,*,#2122,.T.);
#3404 = ORIENTED_EDGE('',*,*,#3405,.T.);
#3405 = EDGE_CURVE('',#2095,#3406,#3408,.T.);
#3406 = VERTEX_POINT('',#3407);
#3407 = CARTESIAN_POINT('',(1.085E+03,-9.999998739944E-03,
    94.999999473684));
#3408 = SURFACE_CURVE('',#3409,(#3412,#3419),.PCURVE_S1.);
#3409 = B_SPLINE_CURVE_WITH_KNOTS('',1,(#3410,#3411),.UNSPECIFIED.,.F.,
  .F.,(2,2),(0.,1.),.PIECEWISE_BEZIER_KNOTS.);
#3410 = CARTESIAN_POINT('',(1.084E+03,-1.00000004739E-02,95.));
#3411 = CARTESIAN_POINT('',(1.085E+03,-9.999998758412E-03,
    94.999999473684));
#3412 = PCURVE('',#2145,#3413);
#3413 = DEFINITIONAL_REPRESENTATION('',(#3414),#3418);
#3414 = LINE('',#3415,#3416);
#3415 = CARTESIAN_POINT('',(1.00000009478E-02,0.));
#3416 = VECTOR('',#3417,1.);
#3417 = DIRECTION('',(0.,1.));
#3418 = ( GEOMETRIC_REPRESENTATION_CONTEXT(2) 
PARAMETRIC_REPRESENTATION_CONTEXT() REPRESENTATION_CONTEXT('2D SPACE',''
  ) );
#3419 = PCURVE('',#2366,#3420);
#3420 = DEFINITIONAL_REPRESENTATION('',(#3421),#3425);
#3421 = LINE('',#3422,#3423);
#3422 = CARTESIAN_POINT('',(3.14159265359,0.));
#3423 = VECTOR('',#3424,1.);
#3424 = DIRECTION('',(0.,1.));
#3425 = ( GEOMETRIC_REPRESENTATION_CONTEXT(2) 
PARAMETRIC_REPRESENTATION_CONTEXT() REPRESENTATION_CONTEXT('2D SPACE',''
  ) );
#3426 = ORIENTED_EDGE('',*,*,#3427,.F.);
#3427 = EDGE_CURVE('',#3428,#3406,#3430,.T.);
#3428 = VERTEX_POINT('',#3429);
#3429 = CARTESIAN_POINT('',(1.085E+03,9.999995072313E-03,94.999999473685
    ));
#3430 = SURFACE_CURVE('',#3431,(#3436,#3442),.PCURVE_S1.);
#3431 = CIRCLE('',#3432,95.);
#3432 = AXIS2_PLACEMENT_3D('',#3433,#3434,#3435);
#3433 = CARTESIAN_POINT('',(1.085E+03,0.,0.));
#3434 = DIRECTION('',(1.,-0.,1.110223024625E-16));
#3435 = DIRECTION('',(1.110223024625E-16,0.,-1.));
#3436 = PCURVE('',#2145,#3437);
#3437 = DEFINITIONAL_REPRESENTATION('',(#3438),#3441);
#3438 = B_SPLINE_CURVE_WITH_KNOTS('',1,(#3439,#3440),.UNSPECIFIED.,.F.,
  .F.,(2,2),(3.141487390484,3.141697916735),.PIECEWISE_BEZIER_KNOTS.);
#3439 = CARTESIAN_POINT('',(-9.999992975282E-03,1.));
#3440 = CARTESIAN_POINT('',(1.00000009478E-02,1.));
#3441 = ( GEOMETRIC_REPRESENTATION_CONTEXT(2) 
PARAMETRIC_REPRESENTATION_CONTEXT() REPRESENTATION_CONTEXT('2D SPACE',''
  ) );
#3442 = PCURVE('',#3443,#3448);
#3443 = PLANE('',#3444);
#3444 = AXIS2_PLACEMENT_3D('',#3445,#3446,#3447);
#3445 = CARTESIAN_POINT('',(1.085E+03,0.,0.));
#3446 = DIRECTION('',(1.,-0.,1.110223024625E-16));
#3447 = DIRECTION('',(1.110223024625E-16,0.,-1.));
#3448 = DEFINITIONAL_REPRESENTATION('',(#3449),#3453);
#3449 = CIRCLE('',#3450,95.);
#3450 = AXIS2_PLACEMENT_2D('',#3451,#3452);
#3451 = CARTESIAN_POINT('',(0.,0.));
#3452 = DIRECTION('',(1.,0.));
#3453 = ( GEOMETRIC_REPRESENTATION_CONTEXT(2) 
PARAMETRIC_REPRESENTATION_CONTEXT() REPRESENTATION_CONTEXT('2D SPACE',''
  ) );
#3454 = ORIENTED_EDGE('',*,*,#3455,.F.);
#3455 = EDGE_CURVE('',#2123,#3428,#3456,.T.);
#3456 = SURFACE_CURVE('',#3457,(#3460,#3467),.PCURVE_S1.);
#3457 = B_SPLINE_CURVE_WITH_KNOTS('',1,(#3458,#3459),.UNSPECIFIED.,.F.,
  .F.,(2,2),(0.,1.),.PIECEWISE_BEZIER_KNOTS.);
#3458 = CARTESIAN_POINT('',(1.084E+03,9.999993449178E-03,95.));
#3459 = CARTESIAN_POINT('',(1.085E+03,9.99999509078E-03,94.999999473685)
  );
#3460 = PCURVE('',#2145,#3461);
#3461 = DEFINITIONAL_REPRESENTATION('',(#3462),#3466);
#3462 = LINE('',#3463,#3464);
#3463 = CARTESIAN_POINT('',(-9.999992975282E-03,0.));
#3464 = VECTOR('',#3465,1.);
#3465 = DIRECTION('',(0.,1.));
#3466 = ( GEOMETRIC_REPRESENTATION_CONTEXT(2) 
PARAMETRIC_REPRESENTATION_CONTEXT() REPRESENTATION_CONTEXT('2D SPACE',''
  ) );
#3467 = PCURVE('',#2551,#3468);
#3468 = DEFINITIONAL_REPRESENTATION('',(#3469),#3473);
#3469 = LINE('',#3470,#3471);
#3470 = CARTESIAN_POINT('',(3.14159265359,0.));
#3471 = VECTOR('',#3472,1.);
#3472 = DIRECTION('',(0.,1.));
#3473 = ( GEOMETRIC_REPRESENTATION_CONTEXT(2) 
PARAMETRIC_REPRESENTATION_CONTEXT() REPRESENTATION_CONTEXT('2D SPACE',''
  ) );
#3474 = ADVANCED_FACE('',(#3475),#2204,.T.);
#3475 = FACE_BOUND('',#3476,.T.);
#3476 = EDGE_LOOP('',(#3477,#3478,#3506,#3540));
#3477 = ORIENTED_EDGE('',*,*,#2188,.T.);
#3478 = ORIENTED_EDGE('',*,*,#3479,.T.);
#3479 = EDGE_CURVE('',#2189,#3480,#3482,.T.);
#3480 = VERTEX_POINT('',#3481);
#3481 = CARTESIAN_POINT('',(1.084E+03,-94.99999999952,
    -9.999998244751E-03));
#3482 = SURFACE_CURVE('',#3483,(#3492,#3499),.PCURVE_S1.);
#3483 = ( BOUNDED_CURVE() B_SPLINE_CURVE(7,(#3484,#3485,#3486,#3487,
    #3488,#3489,#3490,#3491),.UNSPECIFIED.,.F.,.F.) 
B_SPLINE_CURVE_WITH_KNOTS((8,8),(0.,1.),.PIECEWISE_BEZIER_KNOTS.) CURVE(
) GEOMETRIC_REPRESENTATION_ITEM() RATIONAL_B_SPLINE_CURVE((1.,1.,1.,
1.000000000001,0.999999999999,1.,1.,1.)) REPRESENTATION_ITEM('') );
#3484 = CARTESIAN_POINT('',(740.,-99.99999997487,-29.99999999562));
#3485 = CARTESIAN_POINT('',(789.25100701865,-100.0000108129,
    -30.00006594357));
#3486 = CARTESIAN_POINT('',(838.50011830426,-99.28251041068,
    -25.69649313089));
#3487 = CARTESIAN_POINT('',(887.5311021226,-98.13560469561,
    -18.81736440909));
#3488 = CARTESIAN_POINT('',(936.46889787768,-96.86439526561,
    -11.19263543602));
#3489 = CARTESIAN_POINT('',(985.49988169536,-95.71748953491,
    -4.313507093196));
#3490 = CARTESIAN_POINT('',(1.034748992981E+03,-94.99998919133,
    -9.93386172686E-03));
#3491 = CARTESIAN_POINT('',(1.084E+03,-94.99999999952,-9.99999824475E-03
    ));
#3492 = PCURVE('',#2204,#3493);
#3493 = DEFINITIONAL_REPRESENTATION('',(#3494),#3498);
#3494 = LINE('',#3495,#3496);
#3495 = CARTESIAN_POINT('',(3.,0.));
#3496 = VECTOR('',#3497,1.);
#3497 = DIRECTION('',(0.,1.));
#3498 = ( GEOMETRIC_REPRESENTATION_CONTEXT(2) 
PARAMETRIC_REPRESENTATION_CONTEXT() REPRESENTATION_CONTEXT('2D SPACE',''
  ) );
#3499 = PCURVE('',#3003,#3500);
#3500 = DEFINITIONAL_REPRESENTATION('',(#3501),#3505);
#3501 = LINE('',#3502,#3503);
#3502 = CARTESIAN_POINT('',(3.,0.));
#3503 = VECTOR('',#3504,1.);
#3504 = DIRECTION('',(0.,1.));
#3505 = ( GEOMETRIC_REPRESENTATION_CONTEXT(2) 
PARAMETRIC_REPRESENTATION_CONTEXT() REPRESENTATION_CONTEXT('2D SPACE',''
  ) );
#3506 = ORIENTED_EDGE('',*,*,#3507,.F.);
#3507 = EDGE_CURVE('',#2318,#3480,#3508,.T.);
#3508 = SURFACE_CURVE('',#3509,(#3520,#3527),.PCURVE_S1.);
#3509 = B_SPLINE_CURVE_WITH_KNOTS('',9,(#3510,#3511,#3512,#3513,#3514,
    #3515,#3516,#3517,#3518,#3519),.UNSPECIFIED.,.F.,.F.,(10,10),(2.,3.)
  ,.PIECEWISE_BEZIER_KNOTS.);
#3510 = CARTESIAN_POINT('',(1.084E+03,-94.99999999952,1.000000000001E-02
    ));
#3511 = CARTESIAN_POINT('',(1.084E+03,-94.99999999952,7.777777972808E-03
    ));
#3512 = CARTESIAN_POINT('',(1.084E+03,-94.99999999952,5.555555945611E-03
    ));
#3513 = CARTESIAN_POINT('',(1.084E+03,-94.99999999952,3.333333918415E-03
    ));
#3514 = CARTESIAN_POINT('',(1.084E+03,-94.99999999952,1.111111891218E-03
    ));
#3515 = CARTESIAN_POINT('',(1.084E+03,-94.99999999952,
    -1.111110135979E-03));
#3516 = CARTESIAN_POINT('',(1.084E+03,-94.99999999952,
    -3.333332163176E-03));
#3517 = CARTESIAN_POINT('',(1.084E+03,-94.99999999952,
    -5.555554190373E-03));
#3518 = CARTESIAN_POINT('',(1.084E+03,-94.99999999952,-7.77777621757E-03
    ));
#3519 = CARTESIAN_POINT('',(1.084E+03,-94.99999999952,-9.99999824475E-03
    ));
#3520 = PCURVE('',#2204,#3521);
#3521 = DEFINITIONAL_REPRESENTATION('',(#3522),#3526);
#3522 = LINE('',#3523,#3524);
#3523 = CARTESIAN_POINT('',(0.,1.));
#3524 = VECTOR('',#3525,1.);
#3525 = DIRECTION('',(1.,0.));
#3526 = ( GEOMETRIC_REPRESENTATION_CONTEXT(2) 
PARAMETRIC_REPRESENTATION_CONTEXT() REPRESENTATION_CONTEXT('2D SPACE',''
  ) );
#3527 = PCURVE('',#3528,#3535);
#3528 = B_SPLINE_SURFACE_WITH_KNOTS('',2,1,(
    (#3529,#3530)
    ,(#3531,#3532)
    ,(#3533,#3534
    )),.UNSPECIFIED.,.F.,.F.,.F.,(3,3),(2,2),(-1.000000000001E-02,
    9.999998244767E-03),(0.,1.),.PIECEWISE_BEZIER_KNOTS.);
#3529 = CARTESIAN_POINT('',(1.084E+03,-94.99999999952,1.000000000001E-02
    ));
#3530 = CARTESIAN_POINT('',(1.085E+03,-94.99999947368,1.000000021234E-02
    ));
#3531 = CARTESIAN_POINT('',(1.084E+03,-94.99999999952,8.776192697915E-10
    ));
#3532 = CARTESIAN_POINT('',(1.085E+03,-95.00000052631,1.126660683151E-09
    ));
#3533 = CARTESIAN_POINT('',(1.084E+03,-94.99999999952,
    -9.999998244767E-03));
#3534 = CARTESIAN_POINT('',(1.085E+03,-94.99999947368,
    -9.999997959019E-03));
#3535 = DEFINITIONAL_REPRESENTATION('',(#3536),#3539);
#3536 = B_SPLINE_CURVE_WITH_KNOTS('',1,(#3537,#3538),.UNSPECIFIED.,.F.,
  .F.,(2,2),(2.,3.),.PIECEWISE_BEZIER_KNOTS.);
#3537 = CARTESIAN_POINT('',(-1.000000000001E-02,0.));
#3538 = CARTESIAN_POINT('',(9.999998244767E-03,0.));
#3539 = ( GEOMETRIC_REPRESENTATION_CONTEXT(2) 
PARAMETRIC_REPRESENTATION_CONTEXT() REPRESENTATION_CONTEXT('2D SPACE',''
  ) );
#3540 = ORIENTED_EDGE('',*,*,#2317,.F.);
#3541 = ADVANCED_FACE('',(#3542),#2366,.T.);
#3542 = FACE_BOUND('',#3543,.T.);
#3543 = EDGE_LOOP('',(#3544,#3545,#3567,#3588));
#3544 = ORIENTED_EDGE('',*,*,#2345,.T.);
#3545 = ORIENTED_EDGE('',*,*,#3546,.T.);
#3546 = EDGE_CURVE('',#2318,#3547,#3549,.T.);
#3547 = VERTEX_POINT('',#3548);
#3548 = CARTESIAN_POINT('',(1.085E+03,-94.99999947368,1.000000019387E-02
    ));
#3549 = SURFACE_CURVE('',#3550,(#3553,#3560),.PCURVE_S1.);
#3550 = B_SPLINE_CURVE_WITH_KNOTS('',1,(#3551,#3552),.UNSPECIFIED.,.F.,
  .F.,(2,2),(0.,1.),.PIECEWISE_BEZIER_KNOTS.);
#3551 = CARTESIAN_POINT('',(1.084E+03,-95.00000000047,1.000000000001E-02
    ));
#3552 = CARTESIAN_POINT('',(1.085E+03,-94.99999947368,1.000000019387E-02
    ));
#3553 = PCURVE('',#2366,#3554);
#3554 = DEFINITIONAL_REPRESENTATION('',(#3555),#3559);
#3555 = LINE('',#3556,#3557);
#3556 = CARTESIAN_POINT('',(4.712388980385,0.));
#3557 = VECTOR('',#3558,1.);
#3558 = DIRECTION('',(0.,1.));
#3559 = ( GEOMETRIC_REPRESENTATION_CONTEXT(2) 
PARAMETRIC_REPRESENTATION_CONTEXT() REPRESENTATION_CONTEXT('2D SPACE',''
  ) );
#3560 = PCURVE('',#3528,#3561);
#3561 = DEFINITIONAL_REPRESENTATION('',(#3562),#3566);
#3562 = LINE('',#3563,#3564);
#3563 = CARTESIAN_POINT('',(-1.000000000001E-02,0.));
#3564 = VECTOR('',#3565,1.);
#3565 = DIRECTION('',(0.,1.));
#3566 = ( GEOMETRIC_REPRESENTATION_CONTEXT(2) 
PARAMETRIC_REPRESENTATION_CONTEXT() REPRESENTATION_CONTEXT('2D SPACE',''
  ) );
#3567 = ORIENTED_EDGE('',*,*,#3568,.F.);
#3568 = EDGE_CURVE('',#3406,#3547,#3569,.T.);
#3569 = SURFACE_CURVE('',#3570,(#3575,#3581),.PCURVE_S1.);
#3570 = CIRCLE('',#3571,95.);
#3571 = AXIS2_PLACEMENT_3D('',#3572,#3573,#3574);
#3572 = CARTESIAN_POINT('',(1.085E+03,0.,0.));
#3573 = DIRECTION('',(1.,-0.,1.110223024625E-16));
#3574 = DIRECTION('',(1.110223024625E-16,0.,-1.));
#3575 = PCURVE('',#2366,#3576);
#3576 = DEFINITIONAL_REPRESENTATION('',(#3577),#3580);
#3577 = B_SPLINE_CURVE_WITH_KNOTS('',1,(#3578,#3579),.UNSPECIFIED.,.F.,
  .F.,(2,2),(3.141697916735,4.712283717225),.PIECEWISE_BEZIER_KNOTS.);
#3578 = CARTESIAN_POINT('',(3.14159265359,1.));
#3579 = CARTESIAN_POINT('',(4.712388980385,1.));
#3580 = ( GEOMETRIC_REPRESENTATION_CONTEXT(2) 
PARAMETRIC_REPRESENTATION_CONTEXT() REPRESENTATION_CONTEXT('2D SPACE',''
  ) );
#3581 = PCURVE('',#3443,#3582);
#3582 = DEFINITIONAL_REPRESENTATION('',(#3583),#3587);
#3583 = CIRCLE('',#3584,95.);
#3584 = AXIS2_PLACEMENT_2D('',#3585,#3586);
#3585 = CARTESIAN_POINT('',(0.,0.));
#3586 = DIRECTION('',(1.,0.));
#3587 = ( GEOMETRIC_REPRESENTATION_CONTEXT(2) 
PARAMETRIC_REPRESENTATION_CONTEXT() REPRESENTATION_CONTEXT('2D SPACE',''
  ) );
#3588 = ORIENTED_EDGE('',*,*,#3405,.F.);
#3589 = ADVANCED_FACE('',(#3590),#2414,.T.);
#3590 = FACE_BOUND('',#3591,.T.);
#3591 = EDGE_LOOP('',(#3592,#3593,#3594,#3630));
#3592 = ORIENTED_EDGE('',*,*,#2398,.F.);
#3593 = ORIENTED_EDGE('',*,*,#2578,.T.);
#3594 = ORIENTED_EDGE('',*,*,#3595,.F.);
#3595 = EDGE_CURVE('',#3596,#2529,#3598,.T.);
#3596 = VERTEX_POINT('',#3597);
#3597 = CARTESIAN_POINT('',(1.084E+03,94.999999999596,
    -1.000000000001E-02));
#3598 = SURFACE_CURVE('',#3599,(#3610,#3617),.PCURVE_S1.);
#3599 = B_SPLINE_CURVE_WITH_KNOTS('',9,(#3600,#3601,#3602,#3603,#3604,
    #3605,#3606,#3607,#3608,#3609),.UNSPECIFIED.,.F.,.F.,(10,10),(6.,7.)
  ,.PIECEWISE_BEZIER_KNOTS.);
#3600 = CARTESIAN_POINT('',(1.084E+03,95.000000000474,
    -1.000000000001E-02));
#3601 = CARTESIAN_POINT('',(1.084E+03,95.000000000474,
    -7.777777777782E-03));
#3602 = CARTESIAN_POINT('',(1.084E+03,95.000000000474,
    -5.555555555558E-03));
#3603 = CARTESIAN_POINT('',(1.084E+03,95.000000000474,
    -3.333333333335E-03));
#3604 = CARTESIAN_POINT('',(1.084E+03,95.000000000474,
    -1.111111111112E-03));
#3605 = CARTESIAN_POINT('',(1.084E+03,95.000000000474,1.111111111112E-03
    ));
#3606 = CARTESIAN_POINT('',(1.084E+03,95.000000000474,3.333333333335E-03
    ));
#3607 = CARTESIAN_POINT('',(1.084E+03,95.000000000474,5.555555555558E-03
    ));
#3608 = CARTESIAN_POINT('',(1.084E+03,95.000000000474,7.777777777782E-03
    ));
#3609 = CARTESIAN_POINT('',(1.084E+03,94.999999993449,9.999999999991E-03
    ));
#3610 = PCURVE('',#2414,#3611);
#3611 = DEFINITIONAL_REPRESENTATION('',(#3612),#3616);
#3612 = LINE('',#3613,#3614);
#3613 = CARTESIAN_POINT('',(0.,1.));
#3614 = VECTOR('',#3615,1.);
#3615 = DIRECTION('',(1.,0.));
#3616 = ( GEOMETRIC_REPRESENTATION_CONTEXT(2) 
PARAMETRIC_REPRESENTATION_CONTEXT() REPRESENTATION_CONTEXT('2D SPACE',''
  ) );
#3617 = PCURVE('',#3618,#3625);
#3618 = B_SPLINE_SURFACE_WITH_KNOTS('',2,1,(
    (#3619,#3620)
    ,(#3621,#3622)
    ,(#3623,#3624
    )),.UNSPECIFIED.,.F.,.F.,.F.,(3,3),(2,2),(-1.000000000001E-02,
    1.000000000001E-02),(0.,1.),.PIECEWISE_BEZIER_KNOTS.);
#3619 = CARTESIAN_POINT('',(1.084E+03,95.000000000474,
    -1.000000000001E-02));
#3620 = CARTESIAN_POINT('',(1.085E+03,94.999999473684,
    -9.999999713914E-03));
#3621 = CARTESIAN_POINT('',(1.084E+03,95.000000000474,0.));
#3622 = CARTESIAN_POINT('',(1.085E+03,95.000000526316,2.491593164428E-10
    ));
#3623 = CARTESIAN_POINT('',(1.084E+03,95.000000000474,1.000000000001E-02
    ));
#3624 = CARTESIAN_POINT('',(1.085E+03,94.999999473684,1.000000021223E-02
    ));
#3625 = DEFINITIONAL_REPRESENTATION('',(#3626),#3629);
#3626 = B_SPLINE_CURVE_WITH_KNOTS('',1,(#3627,#3628),.UNSPECIFIED.,.F.,
  .F.,(2,2),(6.,7.),.PIECEWISE_BEZIER_KNOTS.);
#3627 = CARTESIAN_POINT('',(-1.000000000001E-02,0.));
#3628 = CARTESIAN_POINT('',(1.000000000001E-02,0.));
#3629 = ( GEOMETRIC_REPRESENTATION_CONTEXT(2) 
PARAMETRIC_REPRESENTATION_CONTEXT() REPRESENTATION_CONTEXT('2D SPACE',''
  ) );
#3630 = ORIENTED_EDGE('',*,*,#3631,.F.);
#3631 = EDGE_CURVE('',#2399,#3596,#3632,.T.);
#3632 = SURFACE_CURVE('',#3633,(#3642,#3649),.PCURVE_S1.);
#3633 = ( BOUNDED_CURVE() B_SPLINE_CURVE(7,(#3634,#3635,#3636,#3637,
    #3638,#3639,#3640,#3641),.UNSPECIFIED.,.F.,.F.) 
B_SPLINE_CURVE_WITH_KNOTS((8,8),(0.,1.),.PIECEWISE_BEZIER_KNOTS.) CURVE(
) GEOMETRIC_REPRESENTATION_ITEM() RATIONAL_B_SPLINE_CURVE((1.,1.,1.,
1.000000000001,0.999999999999,1.,1.,1.)) REPRESENTATION_ITEM('') );
#3634 = CARTESIAN_POINT('',(740.,100.00000002512,-30.));
#3635 = CARTESIAN_POINT('',(789.25100701865,100.00001116142,
    -30.00006590132));
#3636 = CARTESIAN_POINT('',(838.50011830426,99.282509044054,
    -25.69649334436));
#3637 = CARTESIAN_POINT('',(887.5311021226,98.135607051548,
    -18.8173640304));
#3638 = CARTESIAN_POINT('',(936.46889787768,96.864392987182,
    -11.19263596946));
#3639 = CARTESIAN_POINT('',(985.49988169536,95.717491010424,
    -4.313506655858));
#3640 = CARTESIAN_POINT('',(1.034748992981E+03,94.999988834245,
    -9.934098596205E-03));
#3641 = CARTESIAN_POINT('',(1.084E+03,95.000000000474,
    -1.000000000001E-02));
#3642 = PCURVE('',#2414,#3643);
#3643 = DEFINITIONAL_REPRESENTATION('',(#3644),#3648);
#3644 = LINE('',#3645,#3646);
#3645 = CARTESIAN_POINT('',(6.,0.));
#3646 = VECTOR('',#3647,1.);
#3647 = DIRECTION('',(0.,1.));
#3648 = ( GEOMETRIC_REPRESENTATION_CONTEXT(2) 
PARAMETRIC_REPRESENTATION_CONTEXT() REPRESENTATION_CONTEXT('2D SPACE',''
  ) );
#3649 = PCURVE('',#3153,#3650);
#3650 = DEFINITIONAL_REPRESENTATION('',(#3651),#3655);
#3651 = LINE('',#3652,#3653);
#3652 = CARTESIAN_POINT('',(6.,0.));
#3653 = VECTOR('',#3654,1.);
#3654 = DIRECTION('',(0.,1.));
#3655 = ( GEOMETRIC_REPRESENTATION_CONTEXT(2) 
PARAMETRIC_REPRESENTATION_CONTEXT() REPRESENTATION_CONTEXT('2D SPACE',''
  ) );
#3656 = ADVANCED_FACE('',(#3657),#2551,.T.);
#3657 = FACE_BOUND('',#3658,.T.);
#3658 = EDGE_LOOP('',(#3659,#3660,#3661,#3684));
#3659 = ORIENTED_EDGE('',*,*,#2528,.T.);
#3660 = ORIENTED_EDGE('',*,*,#3455,.T.);
#3661 = ORIENTED_EDGE('',*,*,#3662,.F.);
#3662 = EDGE_CURVE('',#3663,#3428,#3665,.T.);
#3663 = VERTEX_POINT('',#3664);
#3664 = CARTESIAN_POINT('',(1.085E+03,94.999999473684,1.000000019376E-02
    ));
#3665 = SURFACE_CURVE('',#3666,(#3671,#3677),.PCURVE_S1.);
#3666 = CIRCLE('',#3667,95.);
#3667 = AXIS2_PLACEMENT_3D('',#3668,#3669,#3670);
#3668 = CARTESIAN_POINT('',(1.085E+03,0.,0.));
#3669 = DIRECTION('',(1.,-0.,1.110223024625E-16));
#3670 = DIRECTION('',(1.110223024625E-16,0.,-1.));
#3671 = PCURVE('',#2551,#3672);
#3672 = DEFINITIONAL_REPRESENTATION('',(#3673),#3676);
#3673 = B_SPLINE_CURVE_WITH_KNOTS('',1,(#3674,#3675),.UNSPECIFIED.,.F.,
  .F.,(2,2),(1.570901589955,3.141487390484),.PIECEWISE_BEZIER_KNOTS.);
#3674 = CARTESIAN_POINT('',(1.570796326795,1.));
#3675 = CARTESIAN_POINT('',(3.14159265359,1.));
#3676 = ( GEOMETRIC_REPRESENTATION_CONTEXT(2) 
PARAMETRIC_REPRESENTATION_CONTEXT() REPRESENTATION_CONTEXT('2D SPACE',''
  ) );
#3677 = PCURVE('',#3443,#3678);
#3678 = DEFINITIONAL_REPRESENTATION('',(#3679),#3683);
#3679 = CIRCLE('',#3680,95.);
#3680 = AXIS2_PLACEMENT_2D('',#3681,#3682);
#3681 = CARTESIAN_POINT('',(0.,0.));
#3682 = DIRECTION('',(1.,0.));
#3683 = ( GEOMETRIC_REPRESENTATION_CONTEXT(2) 
PARAMETRIC_REPRESENTATION_CONTEXT() REPRESENTATION_CONTEXT('2D SPACE',''
  ) );
#3684 = ORIENTED_EDGE('',*,*,#3685,.F.);
#3685 = EDGE_CURVE('',#2529,#3663,#3686,.T.);
#3686 = SURFACE_CURVE('',#3687,(#3690,#3697),.PCURVE_S1.);
#3687 = B_SPLINE_CURVE_WITH_KNOTS('',1,(#3688,#3689),.UNSPECIFIED.,.F.,
  .F.,(2,2),(0.,1.),.PIECEWISE_BEZIER_KNOTS.);
#3688 = CARTESIAN_POINT('',(1.084E+03,95.000000000474,1.000000000001E-02
    ));
#3689 = CARTESIAN_POINT('',(1.085E+03,94.999999473684,1.000000021223E-02
    ));
#3690 = PCURVE('',#2551,#3691);
#3691 = DEFINITIONAL_REPRESENTATION('',(#3692),#3696);
#3692 = LINE('',#3693,#3694);
#3693 = CARTESIAN_POINT('',(1.570796326795,0.));
#3694 = VECTOR('',#3695,1.);
#3695 = DIRECTION('',(0.,1.));
#3696 = ( GEOMETRIC_REPRESENTATION_CONTEXT(2) 
PARAMETRIC_REPRESENTATION_CONTEXT() REPRESENTATION_CONTEXT('2D SPACE',''
  ) );
#3697 = PCURVE('',#3618,#3698);
#3698 = DEFINITIONAL_REPRESENTATION('',(#3699),#3703);
#3699 = LINE('',#3700,#3701);
#3700 = CARTESIAN_POINT('',(1.000000000001E-02,0.));
#3701 = VECTOR('',#3702,1.);
#3702 = DIRECTION('',(0.,1.));
#3703 = ( GEOMETRIC_REPRESENTATION_CONTEXT(2) 
PARAMETRIC_REPRESENTATION_CONTEXT() REPRESENTATION_CONTEXT('2D SPACE',''
  ) );
#3704 = ADVANCED_FACE('',(#3705),#2629,.T.);
#3705 = FACE_BOUND('',#3706,.T.);
#3706 = EDGE_LOOP('',(#3707,#3708,#3709,#3710));
#3707 = ORIENTED_EDGE('',*,*,#2757,.F.);
#3708 = ORIENTED_EDGE('',*,*,#2712,.T.);
#3709 = ORIENTED_EDGE('',*,*,#2607,.T.);
#3710 = ORIENTED_EDGE('',*,*,#2825,.T.);
#3711 = ADVANCED_FACE('',(#3712),#2880,.T.);
#3712 = FACE_BOUND('',#3713,.T.);
#3713 = EDGE_LOOP('',(#3714,#3736,#3737,#3759));
#3714 = ORIENTED_EDGE('',*,*,#3715,.F.);
#3715 = EDGE_CURVE('',#2867,#3716,#3718,.T.);
#3716 = VERTEX_POINT('',#3717);
#3717 = CARTESIAN_POINT('',(500.,64.648232278141,92.932503525603));
#3718 = SURFACE_CURVE('',#3719,(#3722,#3729),.PCURVE_S1.);
#3719 = B_SPLINE_CURVE_WITH_KNOTS('',1,(#3720,#3721),.UNSPECIFIED.,.F.,
  .F.,(2,2),(0.,1.),.PIECEWISE_BEZIER_KNOTS.);
#3720 = CARTESIAN_POINT('',(680.,66.7695526217,93.639610306789));
#3721 = CARTESIAN_POINT('',(500.,64.648232278141,92.932503525603));
#3722 = PCURVE('',#2880,#3723);
#3723 = DEFINITIONAL_REPRESENTATION('',(#3724),#3728);
#3724 = LINE('',#3725,#3726);
#3725 = CARTESIAN_POINT('',(0.,0.));
#3726 = VECTOR('',#3727,1.);
#3727 = DIRECTION('',(0.,1.));
#3728 = ( GEOMETRIC_REPRESENTATION_CONTEXT(2) 
PARAMETRIC_REPRESENTATION_CONTEXT() REPRESENTATION_CONTEXT('2D SPACE',''
  ) );
#3729 = PCURVE('',#2968,#3730);
#3730 = DEFINITIONAL_REPRESENTATION('',(#3731),#3735);
#3731 = LINE('',#3732,#3733);
#3732 = CARTESIAN_POINT('',(21.854976549976,0.));
#3733 = VECTOR('',#3734,1.);
#3734 = DIRECTION('',(0.,1.));
#3735 = ( GEOMETRIC_REPRESENTATION_CONTEXT(2) 
PARAMETRIC_REPRESENTATION_CONTEXT() REPRESENTATION_CONTEXT('2D SPACE',''
  ) );
#3736 = ORIENTED_EDGE('',*,*,#2864,.F.);
#3737 = ORIENTED_EDGE('',*,*,#3738,.T.);
#3738 = EDGE_CURVE('',#2865,#3739,#3741,.T.);
#3739 = VERTEX_POINT('',#3740);
#3740 = CARTESIAN_POINT('',(500.,92.932503525603,64.648232278141));
#3741 = SURFACE_CURVE('',#3742,(#3745,#3752),.PCURVE_S1.);
#3742 = B_SPLINE_CURVE_WITH_KNOTS('',1,(#3743,#3744),.UNSPECIFIED.,.F.,
  .F.,(2,2),(0.,1.),.PIECEWISE_BEZIER_KNOTS.);
#3743 = CARTESIAN_POINT('',(680.,93.639610306789,66.7695526217));
#3744 = CARTESIAN_POINT('',(500.,92.932503525603,64.648232278141));
#3745 = PCURVE('',#2880,#3746);
#3746 = DEFINITIONAL_REPRESENTATION('',(#3747),#3751);
#3747 = LINE('',#3748,#3749);
#3748 = CARTESIAN_POINT('',(40.,0.));
#3749 = VECTOR('',#3750,1.);
#3750 = DIRECTION('',(0.,1.));
#3751 = ( GEOMETRIC_REPRESENTATION_CONTEXT(2) 
PARAMETRIC_REPRESENTATION_CONTEXT() REPRESENTATION_CONTEXT('2D SPACE',''
  ) );
#3752 = PCURVE('',#2911,#3753);
#3753 = DEFINITIONAL_REPRESENTATION('',(#3754),#3758);
#3754 = LINE('',#3755,#3756);
#3755 = CARTESIAN_POINT('',(0.,0.));
#3756 = VECTOR('',#3757,1.);
#3757 = DIRECTION('',(0.,1.));
#3758 = ( GEOMETRIC_REPRESENTATION_CONTEXT(2) 
PARAMETRIC_REPRESENTATION_CONTEXT() REPRESENTATION_CONTEXT('2D SPACE',''
  ) );
#3759 = ORIENTED_EDGE('',*,*,#3760,.F.);
#3760 = EDGE_CURVE('',#3716,#3739,#3761,.T.);
#3761 = SURFACE_CURVE('',#3762,(#3766,#3773),.PCURVE_S1.);
#3762 = LINE('',#3763,#3764);
#3763 = CARTESIAN_POINT('',(500.,64.648232278141,92.932503525603));
#3764 = VECTOR('',#3765,1.);
#3765 = DIRECTION('',(0.,0.707106781187,-0.707106781187));
#3766 = PCURVE('',#2880,#3767);
#3767 = DEFINITIONAL_REPRESENTATION('',(#3768),#3772);
#3768 = LINE('',#3769,#3770);
#3769 = CARTESIAN_POINT('',(0.,1.));
#3770 = VECTOR('',#3771,1.);
#3771 = DIRECTION('',(1.,0.));
#3772 = ( GEOMETRIC_REPRESENTATION_CONTEXT(2) 
PARAMETRIC_REPRESENTATION_CONTEXT() REPRESENTATION_CONTEXT('2D SPACE',''
  ) );
#3773 = PCURVE('',#3774,#3779);
#3774 = B_SPLINE_SURFACE_WITH_KNOTS('',1,1,(
    (#3775,#3776)
    ,(#3777,#3778
    )),.UNSPECIFIED.,.F.,.F.,.F.,(2,2),(2,2),(0.,40.),(0.,1.),
  .PIECEWISE_BEZIER_KNOTS.);
#3775 = CARTESIAN_POINT('',(500.,64.648232278141,92.932503525603));
#3776 = CARTESIAN_POINT('',(340.,63.234018715768,87.27564927611));
#3777 = CARTESIAN_POINT('',(500.,92.932503525603,64.648232278141));
#3778 = CARTESIAN_POINT('',(340.,87.27564927611,63.234018715768));
#3779 = DEFINITIONAL_REPRESENTATION('',(#3780),#3784);
#3780 = LINE('',#3781,#3782);
#3781 = CARTESIAN_POINT('',(0.,0.));
#3782 = VECTOR('',#3783,1.);
#3783 = DIRECTION('',(1.,0.));
#3784 = ( GEOMETRIC_REPRESENTATION_CONTEXT(2) 
PARAMETRIC_REPRESENTATION_CONTEXT() REPRESENTATION_CONTEXT('2D SPACE',''
  ) );
#3785 = ADVANCED_FACE('',(#3786),#2968,.T.);
#3786 = FACE_BOUND('',#3787,.T.);
#3787 = EDGE_LOOP('',(#3788,#3810,#3811,#3812));
#3788 = ORIENTED_EDGE('',*,*,#3789,.F.);
#3789 = EDGE_CURVE('',#2926,#3790,#3792,.T.);
#3790 = VERTEX_POINT('',#3791);
#3791 = CARTESIAN_POINT('',(500.,85.7200143575,98.730779131332));
#3792 = SURFACE_CURVE('',#3793,(#3796,#3803),.PCURVE_S1.);
#3793 = B_SPLINE_CURVE_WITH_KNOTS('',1,(#3794,#3795),.UNSPECIFIED.,.F.,
  .F.,(2,2),(0.,1.),.PIECEWISE_BEZIER_KNOTS.);
#3794 = CARTESIAN_POINT('',(680.,86.045283476846,98.405510011987));
#3795 = CARTESIAN_POINT('',(500.,85.7200143575,98.730779131332));
#3796 = PCURVE('',#2968,#3797);
#3797 = DEFINITIONAL_REPRESENTATION('',(#3798),#3802);
#3798 = LINE('',#3799,#3800);
#3799 = CARTESIAN_POINT('',(0.,0.));
#3800 = VECTOR('',#3801,1.);
#3801 = DIRECTION('',(0.,1.));
#3802 = ( GEOMETRIC_REPRESENTATION_CONTEXT(2) 
PARAMETRIC_REPRESENTATION_CONTEXT() REPRESENTATION_CONTEXT('2D SPACE',''
  ) );
#3803 = PCURVE('',#2939,#3804);
#3804 = DEFINITIONAL_REPRESENTATION('',(#3805),#3809);
#3805 = LINE('',#3806,#3807);
#3806 = CARTESIAN_POINT('',(18.4,0.));
#3807 = VECTOR('',#3808,1.);
#3808 = DIRECTION('',(0.,1.));
#3809 = ( GEOMETRIC_REPRESENTATION_CONTEXT(2) 
PARAMETRIC_REPRESENTATION_CONTEXT() REPRESENTATION_CONTEXT('2D SPACE',''
  ) );
#3810 = ORIENTED_EDGE('',*,*,#2950,.F.);
#3811 = ORIENTED_EDGE('',*,*,#3715,.T.);
#3812 = ORIENTED_EDGE('',*,*,#3813,.F.);
#3813 = EDGE_CURVE('',#3790,#3716,#3814,.T.);
#3814 = SURFACE_CURVE('',#3815,(#3819,#3826),.PCURVE_S1.);
#3815 = LINE('',#3816,#3817);
#3816 = CARTESIAN_POINT('',(500.,85.7200143575,98.730779131332));
#3817 = VECTOR('',#3818,1.);
#3818 = DIRECTION('',(0.,-0.964164021461,-0.265306878389));
#3819 = PCURVE('',#2968,#3820);
#3820 = DEFINITIONAL_REPRESENTATION('',(#3821),#3825);
#3821 = LINE('',#3822,#3823);
#3822 = CARTESIAN_POINT('',(0.,1.));
#3823 = VECTOR('',#3824,1.);
#3824 = DIRECTION('',(1.,0.));
#3825 = ( GEOMETRIC_REPRESENTATION_CONTEXT(2) 
PARAMETRIC_REPRESENTATION_CONTEXT() REPRESENTATION_CONTEXT('2D SPACE',''
  ) );
#3826 = PCURVE('',#3827,#3832);
#3827 = B_SPLINE_SURFACE_WITH_KNOTS('',1,1,(
    (#3828,#3829)
    ,(#3830,#3831
    )),.UNSPECIFIED.,.F.,.F.,.F.,(2,2),(2,2),(0.,22.00619003826),(0.,1.)
  ,.PIECEWISE_BEZIER_KNOTS.);
#3828 = CARTESIAN_POINT('',(500.,85.7200143575,98.730779131332));
#3829 = CARTESIAN_POINT('',(340.,83.867394590791,94.926544648549));
#3830 = CARTESIAN_POINT('',(500.,64.648232278141,92.932503525603));
#3831 = CARTESIAN_POINT('',(340.,63.234018715768,87.27564927611));
#3832 = DEFINITIONAL_REPRESENTATION('',(#3833),#3836);
#3833 = B_SPLINE_CURVE_WITH_KNOTS('',1,(#3834,#3835),.UNSPECIFIED.,.F.,
  .F.,(2,2),(0.,21.854976549976),.PIECEWISE_BEZIER_KNOTS.);
#3834 = CARTESIAN_POINT('',(0.,0.));
#3835 = CARTESIAN_POINT('',(22.00619003826,0.));
#3836 = ( GEOMETRIC_REPRESENTATION_CONTEXT(2) 
PARAMETRIC_REPRESENTATION_CONTEXT() REPRESENTATION_CONTEXT('2D SPACE',''
  ) );
#3837 = ADVANCED_FACE('',(#3838),#2939,.T.);
#3838 = FACE_BOUND('',#3839,.T.);
#3839 = EDGE_LOOP('',(#3840,#3862,#3863,#3864));
#3840 = ORIENTED_EDGE('',*,*,#3841,.F.);
#3841 = EDGE_CURVE('',#2892,#3842,#3844,.T.);
#3842 = VERTEX_POINT('',#3843);
#3843 = CARTESIAN_POINT('',(500.,98.730779131332,85.7200143575));
#3844 = SURFACE_CURVE('',#3845,(#3848,#3855),.PCURVE_S1.);
#3845 = B_SPLINE_CURVE_WITH_KNOTS('',1,(#3846,#3847),.UNSPECIFIED.,.F.,
  .F.,(2,2),(0.,1.),.PIECEWISE_BEZIER_KNOTS.);
#3846 = CARTESIAN_POINT('',(680.,98.405510011987,86.045283476846));
#3847 = CARTESIAN_POINT('',(500.,98.730779131332,85.7200143575));
#3848 = PCURVE('',#2939,#3849);
#3849 = DEFINITIONAL_REPRESENTATION('',(#3850),#3854);
#3850 = LINE('',#3851,#3852);
#3851 = CARTESIAN_POINT('',(0.,0.));
#3852 = VECTOR('',#3853,1.);
#3853 = DIRECTION('',(0.,1.));
#3854 = ( GEOMETRIC_REPRESENTATION_CONTEXT(2) 
PARAMETRIC_REPRESENTATION_CONTEXT() REPRESENTATION_CONTEXT('2D SPACE',''
  ) );
#3855 = PCURVE('',#2911,#3856);
#3856 = DEFINITIONAL_REPRESENTATION('',(#3857),#3861);
#3857 = LINE('',#3858,#3859);
#3858 = CARTESIAN_POINT('',(21.854976549976,0.));
#3859 = VECTOR('',#3860,1.);
#3860 = DIRECTION('',(0.,1.));
#3861 = ( GEOMETRIC_REPRESENTATION_CONTEXT(2) 
PARAMETRIC_REPRESENTATION_CONTEXT() REPRESENTATION_CONTEXT('2D SPACE',''
  ) );
#3862 = ORIENTED_EDGE('',*,*,#2925,.F.);
#3863 = ORIENTED_EDGE('',*,*,#3789,.T.);
#3864 = ORIENTED_EDGE('',*,*,#3865,.F.);
#3865 = EDGE_CURVE('',#3842,#3790,#3866,.T.);
#3866 = SURFACE_CURVE('',#3867,(#3871,#3878),.PCURVE_S1.);
#3867 = LINE('',#3868,#3869);
#3868 = CARTESIAN_POINT('',(500.,98.730779131332,85.7200143575));
#3869 = VECTOR('',#3870,1.);
#3870 = DIRECTION('',(0.,-0.707106781187,0.707106781187));
#3871 = PCURVE('',#2939,#3872);
#3872 = DEFINITIONAL_REPRESENTATION('',(#3873),#3877);
#3873 = LINE('',#3874,#3875);
#3874 = CARTESIAN_POINT('',(0.,1.));
#3875 = VECTOR('',#3876,1.);
#3876 = DIRECTION('',(1.,0.));
#3877 = ( GEOMETRIC_REPRESENTATION_CONTEXT(2) 
PARAMETRIC_REPRESENTATION_CONTEXT() REPRESENTATION_CONTEXT('2D SPACE',''
  ) );
#3878 = PCURVE('',#3879,#3884);
#3879 = B_SPLINE_SURFACE_WITH_KNOTS('',1,1,(
    (#3880,#3881)
    ,(#3882,#3883
    )),.UNSPECIFIED.,.F.,.F.,.F.,(2,2),(2,2),(0.,18.4),(0.,1.),
  .PIECEWISE_BEZIER_KNOTS.);
#3880 = CARTESIAN_POINT('',(500.,98.730779131332,85.7200143575));
#3881 = CARTESIAN_POINT('',(340.,94.926544648549,83.867394590791));
#3882 = CARTESIAN_POINT('',(500.,85.7200143575,98.730779131332));
#3883 = CARTESIAN_POINT('',(340.,83.867394590791,94.926544648549));
#3884 = DEFINITIONAL_REPRESENTATION('',(#3885),#3889);
#3885 = LINE('',#3886,#3887);
#3886 = CARTESIAN_POINT('',(0.,0.));
#3887 = VECTOR('',#3888,1.);
#3888 = DIRECTION('',(1.,0.));
#3889 = ( GEOMETRIC_REPRESENTATION_CONTEXT(2) 
PARAMETRIC_REPRESENTATION_CONTEXT() REPRESENTATION_CONTEXT('2D SPACE',''
  ) );
#3890 = ADVANCED_FACE('',(#3891),#2911,.T.);
#3891 = FACE_BOUND('',#3892,.T.);
#3892 = EDGE_LOOP('',(#3893,#3894,#3895,#3896));
#3893 = ORIENTED_EDGE('',*,*,#3738,.F.);
#3894 = ORIENTED_EDGE('',*,*,#2891,.F.);
#3895 = ORIENTED_EDGE('',*,*,#3841,.T.);
#3896 = ORIENTED_EDGE('',*,*,#3897,.F.);
#3897 = EDGE_CURVE('',#3739,#3842,#3898,.T.);
#3898 = SURFACE_CURVE('',#3899,(#3903,#3910),.PCURVE_S1.);
#3899 = LINE('',#3900,#3901);
#3900 = CARTESIAN_POINT('',(500.,92.932503525603,64.648232278141));
#3901 = VECTOR('',#3902,1.);
#3902 = DIRECTION('',(0.,0.265306878389,0.964164021461));
#3903 = PCURVE('',#2911,#3904);
#3904 = DEFINITIONAL_REPRESENTATION('',(#3905),#3909);
#3905 = LINE('',#3906,#3907);
#3906 = CARTESIAN_POINT('',(0.,1.));
#3907 = VECTOR('',#3908,1.);
#3908 = DIRECTION('',(1.,0.));
#3909 = ( GEOMETRIC_REPRESENTATION_CONTEXT(2) 
PARAMETRIC_REPRESENTATION_CONTEXT() REPRESENTATION_CONTEXT('2D SPACE',''
  ) );
#3910 = PCURVE('',#3911,#3916);
#3911 = B_SPLINE_SURFACE_WITH_KNOTS('',1,1,(
    (#3912,#3913)
    ,(#3914,#3915
    )),.UNSPECIFIED.,.F.,.F.,.F.,(2,2),(2,2),(0.,22.00619003826),(0.,1.)
  ,.PIECEWISE_BEZIER_KNOTS.);
#3912 = CARTESIAN_POINT('',(500.,92.932503525603,64.648232278141));
#3913 = CARTESIAN_POINT('',(340.,87.27564927611,63.234018715768));
#3914 = CARTESIAN_POINT('',(500.,98.730779131332,85.7200143575));
#3915 = CARTESIAN_POINT('',(340.,94.926544648549,83.867394590791));
#3916 = DEFINITIONAL_REPRESENTATION('',(#3917),#3920);
#3917 = B_SPLINE_CURVE_WITH_KNOTS('',1,(#3918,#3919),.UNSPECIFIED.,.F.,
  .F.,(2,2),(0.,21.854976549976),.PIECEWISE_BEZIER_KNOTS.);
#3918 = CARTESIAN_POINT('',(0.,0.));
#3919 = CARTESIAN_POINT('',(22.00619003826,0.));
#3920 = ( GEOMETRIC_REPRESENTATION_CONTEXT(2) 
PARAMETRIC_REPRESENTATION_CONTEXT() REPRESENTATION_CONTEXT('2D SPACE',''
  ) );
#3921 = ADVANCED_FACE('',(#3922),#3003,.T.);
#3922 = FACE_BOUND('',#3923,.T.);
#3923 = EDGE_LOOP('',(#3924,#3925,#3953,#4001));
#3924 = ORIENTED_EDGE('',*,*,#2986,.T.);
#3925 = ORIENTED_EDGE('',*,*,#3926,.T.);
#3926 = EDGE_CURVE('',#2987,#3927,#3929,.T.);
#3927 = VERTEX_POINT('',#3928);
#3928 = CARTESIAN_POINT('',(1.084E+03,-9.999999526123E-03,
    -94.99999999912));
#3929 = SURFACE_CURVE('',#3930,(#3939,#3946),.PCURVE_S1.);
#3930 = ( BOUNDED_CURVE() B_SPLINE_CURVE(7,(#3931,#3932,#3933,#3934,
    #3935,#3936,#3937,#3938),.UNSPECIFIED.,.F.,.F.) 
B_SPLINE_CURVE_WITH_KNOTS((8,8),(0.,1.),.PIECEWISE_BEZIER_KNOTS.) CURVE(
) GEOMETRIC_REPRESENTATION_ITEM() RATIONAL_B_SPLINE_CURVE((1.,1.,1.,
1.000000000001,0.999999999999,1.,1.,1.)) REPRESENTATION_ITEM('') );
#3931 = CARTESIAN_POINT('',(740.,-29.99999997487,-100.));
#3932 = CARTESIAN_POINT('',(789.25100701865,-30.00006572708,
    -100.0000109872));
#3933 = CARTESIAN_POINT('',(838.50011830426,-25.6964940277,
    -99.28250972734));
#3934 = CARTESIAN_POINT('',(887.5311021226,-18.81736285238,
    -98.13560587361));
#3935 = CARTESIAN_POINT('',(936.46889787768,-11.19263710872,
    -96.86439412636));
#3936 = CARTESIAN_POINT('',(985.49988169536,-4.313505918073,
    -95.71749027268));
#3937 = CARTESIAN_POINT('',(1.034748992981E+03,-9.93427714959E-03,
    -94.99998901278));
#3938 = CARTESIAN_POINT('',(1.084E+03,-9.999999526109E-03,-95.));
#3939 = PCURVE('',#3003,#3940);
#3940 = DEFINITIONAL_REPRESENTATION('',(#3941),#3945);
#3941 = LINE('',#3942,#3943);
#3942 = CARTESIAN_POINT('',(4.,0.));
#3943 = VECTOR('',#3944,1.);
#3944 = DIRECTION('',(0.,1.));
#3945 = ( GEOMETRIC_REPRESENTATION_CONTEXT(2) 
PARAMETRIC_REPRESENTATION_CONTEXT() REPRESENTATION_CONTEXT('2D SPACE',''
  ) );
#3946 = PCURVE('',#3260,#3947);
#3947 = DEFINITIONAL_REPRESENTATION('',(#3948),#3952);
#3948 = LINE('',#3949,#3950);
#3949 = CARTESIAN_POINT('',(4.,0.));
#3950 = VECTOR('',#3951,1.);
#3951 = DIRECTION('',(0.,1.));
#3952 = ( GEOMETRIC_REPRESENTATION_CONTEXT(2) 
PARAMETRIC_REPRESENTATION_CONTEXT() REPRESENTATION_CONTEXT('2D SPACE',''
  ) );
#3953 = ORIENTED_EDGE('',*,*,#3954,.F.);
#3954 = EDGE_CURVE('',#3480,#3927,#3955,.T.);
#3955 = SURFACE_CURVE('',#3956,(#3967,#3974),.PCURVE_S1.);
#3956 = B_SPLINE_CURVE_WITH_KNOTS('',9,(#3957,#3958,#3959,#3960,#3961,
    #3962,#3963,#3964,#3965,#3966),.UNSPECIFIED.,.F.,.F.,(10,10),(3.,4.)
  ,.PIECEWISE_BEZIER_KNOTS.);
#3957 = CARTESIAN_POINT('',(1.084E+03,-94.99999999952,-9.99999824475E-03
    ));
#3958 = CARTESIAN_POINT('',(1.084E+03,-94.99999999952,-16.58888256293));
#3959 = CARTESIAN_POINT('',(1.084E+03,-91.74474428332,-33.16776536521));
#3960 = CARTESIAN_POINT('',(1.084E+03,-85.23423057346,-49.01616866138));
#3961 = CARTESIAN_POINT('',(1.084E+03,-75.65970727814,-63.4036230465));
#3962 = CARTESIAN_POINT('',(1.084E+03,-63.40362304777,-75.65970727685));
#3963 = CARTESIAN_POINT('',(1.084E+03,-49.01616866267,-85.23423057219));
#3964 = CARTESIAN_POINT('',(1.084E+03,-33.16776536649,-91.74474428203));
#3965 = CARTESIAN_POINT('',(1.084E+03,-16.58888256422,-94.99999999824));
#3966 = CARTESIAN_POINT('',(1.084E+03,-9.999999526109E-03,-95.));
#3967 = PCURVE('',#3003,#3968);
#3968 = DEFINITIONAL_REPRESENTATION('',(#3969),#3973);
#3969 = LINE('',#3970,#3971);
#3970 = CARTESIAN_POINT('',(0.,1.));
#3971 = VECTOR('',#3972,1.);
#3972 = DIRECTION('',(1.,0.));
#3973 = ( GEOMETRIC_REPRESENTATION_CONTEXT(2) 
PARAMETRIC_REPRESENTATION_CONTEXT() REPRESENTATION_CONTEXT('2D SPACE',''
  ) );
#3974 = PCURVE('',#3975,#3996);
#3975 = B_SPLINE_SURFACE_WITH_KNOTS('',9,1,(
    (#3976,#3977)
    ,(#3978,#3979)
    ,(#3980,#3981)
    ,(#3982,#3983)
    ,(#3984,#3985)
    ,(#3986,#3987)
    ,(#3988,#3989)
    ,(#3990,#3991)
    ,(#3992,#3993)
    ,(#3994,#3995
    )),.UNSPECIFIED.,.F.,.F.,.F.,(10,10),(2,2),(4.712388980385,
    6.28318530718),(0.,1.),.PIECEWISE_BEZIER_KNOTS.);
#3976 = CARTESIAN_POINT('',(1.084E+03,-94.99999999952,-9.99999824475E-03
    ));
#3977 = CARTESIAN_POINT('',(1.085E+03,-94.99999947368,-9.99999794054E-03
    ));
#3978 = CARTESIAN_POINT('',(1.084E+03,-94.99999999952,-16.58888256293));
#3979 = CARTESIAN_POINT('',(1.085E+03,-94.99825437871,-16.58840557828));
#3980 = CARTESIAN_POINT('',(1.084E+03,-91.74474428332,-33.16776536521));
#3981 = CARTESIAN_POINT('',(1.085E+03,-91.74178349659,-33.16646879324));
#3982 = CARTESIAN_POINT('',(1.084E+03,-85.23423057346,-49.01616866138));
#3983 = CARTESIAN_POINT('',(1.085E+03,-85.2306614223,-49.01392670396));
#3984 = CARTESIAN_POINT('',(1.084E+03,-75.65970727814,-63.4036230465));
#3985 = CARTESIAN_POINT('',(1.085E+03,-75.65613103945,-63.40054681936));
#3986 = CARTESIAN_POINT('',(1.084E+03,-63.40362304776,-75.65970727685));
#3987 = CARTESIAN_POINT('',(1.085E+03,-63.40054681926,-75.65613103957));
#3988 = CARTESIAN_POINT('',(1.084E+03,-49.01616866268,-85.23423057219));
#3989 = CARTESIAN_POINT('',(1.085E+03,-49.01392670382,-85.23066142236));
#3990 = CARTESIAN_POINT('',(1.084E+03,-33.16776536649,-91.74474428203));
#3991 = CARTESIAN_POINT('',(1.085E+03,-33.16646879311,-91.74178349665));
#3992 = CARTESIAN_POINT('',(1.084E+03,-16.58888256422,-94.99999999824));
#3993 = CARTESIAN_POINT('',(1.085E+03,-16.58840557813,-94.99825437873));
#3994 = CARTESIAN_POINT('',(1.084E+03,-9.99999952613E-03,-94.99999999824
    ));
#3995 = CARTESIAN_POINT('',(1.085E+03,-9.999997792363E-03,
    -94.99999947368));
#3996 = DEFINITIONAL_REPRESENTATION('',(#3997),#4000);
#3997 = B_SPLINE_CURVE_WITH_KNOTS('',1,(#3998,#3999),.UNSPECIFIED.,.F.,
  .F.,(2,2),(3.,4.),.PIECEWISE_BEZIER_KNOTS.);
#3998 = CARTESIAN_POINT('',(4.712388980385,0.));
#3999 = CARTESIAN_POINT('',(6.28318530718,0.));
#4000 = ( GEOMETRIC_REPRESENTATION_CONTEXT(2) 
PARAMETRIC_REPRESENTATION_CONTEXT() REPRESENTATION_CONTEXT('2D SPACE',''
  ) );
#4001 = ORIENTED_EDGE('',*,*,#3479,.F.);
#4002 = ADVANCED_FACE('',(#4003),#3153,.T.);
#4003 = FACE_BOUND('',#4004,.T.);
#4004 = EDGE_LOOP('',(#4005,#4006,#4007,#4057));
#4005 = ORIENTED_EDGE('',*,*,#3138,.T.);
#4006 = ORIENTED_EDGE('',*,*,#3631,.T.);
#4007 = ORIENTED_EDGE('',*,*,#4008,.F.);
#4008 = EDGE_CURVE('',#4009,#3596,#4011,.T.);
#4009 = VERTEX_POINT('',#4010);
#4010 = CARTESIAN_POINT('',(1.084E+03,9.999998718662E-03,-95.));
#4011 = SURFACE_CURVE('',#4012,(#4023,#4030),.PCURVE_S1.);
#4012 = B_SPLINE_CURVE_WITH_KNOTS('',9,(#4013,#4014,#4015,#4016,#4017,
    #4018,#4019,#4020,#4021,#4022),.UNSPECIFIED.,.F.,.F.,(10,10),(5.,6.)
  ,.PIECEWISE_BEZIER_KNOTS.);
#4013 = CARTESIAN_POINT('',(1.084E+03,9.999998718662E-03,-95.));
#4014 = CARTESIAN_POINT('',(1.084E+03,16.588882563413,-95.));
#4015 = CARTESIAN_POINT('',(1.084E+03,33.167765365688,-91.74474428379));
#4016 = CARTESIAN_POINT('',(1.084E+03,49.016168661862,-85.23423057394));
#4017 = CARTESIAN_POINT('',(1.084E+03,63.403623046977,-75.65970727861));
#4018 = CARTESIAN_POINT('',(1.084E+03,75.659707277325,-63.40362304825));
#4019 = CARTESIAN_POINT('',(1.084E+03,85.234230572665,-49.01616866314));
#4020 = CARTESIAN_POINT('',(1.084E+03,91.74474428251,-33.16776536696));
#4021 = CARTESIAN_POINT('',(1.084E+03,94.999999998719,-16.58888256469));
#4022 = CARTESIAN_POINT('',(1.084E+03,95.000000000474,
    -1.000000000001E-02));
#4023 = PCURVE('',#3153,#4024);
#4024 = DEFINITIONAL_REPRESENTATION('',(#4025),#4029);
#4025 = LINE('',#4026,#4027);
#4026 = CARTESIAN_POINT('',(0.,1.));
#4027 = VECTOR('',#4028,1.);
#4028 = DIRECTION('',(1.,0.));
#4029 = ( GEOMETRIC_REPRESENTATION_CONTEXT(2) 
PARAMETRIC_REPRESENTATION_CONTEXT() REPRESENTATION_CONTEXT('2D SPACE',''
  ) );
#4030 = PCURVE('',#4031,#4052);
#4031 = B_SPLINE_SURFACE_WITH_KNOTS('',9,1,(
    (#4032,#4033)
    ,(#4034,#4035)
    ,(#4036,#4037)
    ,(#4038,#4039)
    ,(#4040,#4041)
    ,(#4042,#4043)
    ,(#4044,#4045)
    ,(#4046,#4047)
    ,(#4048,#4049)
    ,(#4050,#4051
    )),.UNSPECIFIED.,.F.,.F.,.F.,(10,10),(2,2),(0.,1.570796326795),(0.,
    1.),.PIECEWISE_BEZIER_KNOTS.);
#4032 = CARTESIAN_POINT('',(1.084E+03,9.999998718641E-03,-95.));
#4033 = CARTESIAN_POINT('',(1.085E+03,1.00000003418E-02,-94.99999947368)
  );
#4034 = CARTESIAN_POINT('',(1.084E+03,16.588882563412,-95.));
#4035 = CARTESIAN_POINT('',(1.085E+03,16.588405580211,-94.99825437829));
#4036 = CARTESIAN_POINT('',(1.084E+03,33.167765365689,-91.74474428379));
#4037 = CARTESIAN_POINT('',(1.085E+03,33.166468794612,-91.74178349595));
#4038 = CARTESIAN_POINT('',(1.084E+03,49.016168661858,-85.23423057394));
#4039 = CARTESIAN_POINT('',(1.085E+03,49.013926704746,-85.23066142161));
#4040 = CARTESIAN_POINT('',(1.084E+03,63.403623046983,-75.65970727861));
#4041 = CARTESIAN_POINT('',(1.085E+03,63.400546819624,-75.65613103897));
#4042 = CARTESIAN_POINT('',(1.084E+03,75.659707277318,-63.40362304825));
#4043 = CARTESIAN_POINT('',(1.085E+03,75.656131039406,-63.40054681911));
#4044 = CARTESIAN_POINT('',(1.084E+03,85.23423057267,-49.01616866314));
#4045 = CARTESIAN_POINT('',(1.085E+03,85.230661421948,-49.01392670416));
#4046 = CARTESIAN_POINT('',(1.084E+03,91.744744282509,-33.16776536696));
#4047 = CARTESIAN_POINT('',(1.085E+03,91.741783496176,-33.16646879398));
#4048 = CARTESIAN_POINT('',(1.084E+03,94.999999998719,-16.58888256469));
#4049 = CARTESIAN_POINT('',(1.085E+03,94.998254378403,-16.58840557956));
#4050 = CARTESIAN_POINT('',(1.084E+03,94.999999998719,
    -1.000000000002E-02));
#4051 = CARTESIAN_POINT('',(1.085E+03,94.999999473684,
    -9.999999695436E-03));
#4052 = DEFINITIONAL_REPRESENTATION('',(#4053),#4056);
#4053 = B_SPLINE_CURVE_WITH_KNOTS('',1,(#4054,#4055),.UNSPECIFIED.,.F.,
  .F.,(2,2),(5.,6.),.PIECEWISE_BEZIER_KNOTS.);
#4054 = CARTESIAN_POINT('',(0.,0.));
#4055 = CARTESIAN_POINT('',(1.570796326795,0.));
#4056 = ( GEOMETRIC_REPRESENTATION_CONTEXT(2) 
PARAMETRIC_REPRESENTATION_CONTEXT() REPRESENTATION_CONTEXT('2D SPACE',''
  ) );
#4057 = ORIENTED_EDGE('',*,*,#4058,.F.);
#4058 = EDGE_CURVE('',#3116,#4009,#4059,.T.);
#4059 = SURFACE_CURVE('',#4060,(#4069,#4076),.PCURVE_S1.);
#4060 = ( BOUNDED_CURVE() B_SPLINE_CURVE(7,(#4061,#4062,#4063,#4064,
    #4065,#4066,#4067,#4068),.UNSPECIFIED.,.F.,.F.) 
B_SPLINE_CURVE_WITH_KNOTS((8,8),(0.,1.),.PIECEWISE_BEZIER_KNOTS.) CURVE(
) GEOMETRIC_REPRESENTATION_ITEM() RATIONAL_B_SPLINE_CURVE((1.,1.,1.,
1.000000000001,0.999999999999,1.,1.,1.)) REPRESENTATION_ITEM('') );
#4061 = CARTESIAN_POINT('',(740.,30.000000020756,-100.));
#4062 = CARTESIAN_POINT('',(789.25100701865,30.000066075388,
    -100.0000109872));
#4063 = CARTESIAN_POINT('',(838.50011830426,25.696492615665,
    -99.28250972734));
#4064 = CARTESIAN_POINT('',(887.5311021226,18.817365226877,
    -98.13560587361));
#4065 = CARTESIAN_POINT('',(936.46889787768,11.192634795215,
    -96.86439412636));
#4066 = CARTESIAN_POINT('',(985.49988169536,4.313507376114,
    -95.71749027268));
#4067 = CARTESIAN_POINT('',(1.034748992981E+03,9.933923682018E-03,
    -94.99998901278));
#4068 = CARTESIAN_POINT('',(1.084E+03,9.999998718662E-03,-95.));
#4069 = PCURVE('',#3153,#4070);
#4070 = DEFINITIONAL_REPRESENTATION('',(#4071),#4075);
#4071 = LINE('',#4072,#4073);
#4072 = CARTESIAN_POINT('',(5.,0.));
#4073 = VECTOR('',#4074,1.);
#4074 = DIRECTION('',(0.,1.));
#4075 = ( GEOMETRIC_REPRESENTATION_CONTEXT(2) 
PARAMETRIC_REPRESENTATION_CONTEXT() REPRESENTATION_CONTEXT('2D SPACE',''
  ) );
#4076 = PCURVE('',#3260,#4077);
#4077 = DEFINITIONAL_REPRESENTATION('',(#4078),#4082);
#4078 = LINE('',#4079,#4080);
#4079 = CARTESIAN_POINT('',(5.,0.));
#4080 = VECTOR('',#4081,1.);
#4081 = DIRECTION('',(0.,1.));
#4082 = ( GEOMETRIC_REPRESENTATION_CONTEXT(2) 
PARAMETRIC_REPRESENTATION_CONTEXT() REPRESENTATION_CONTEXT('2D SPACE',''
  ) );
#4083 = ADVANCED_FACE('',(#4084),#3260,.T.);
#4084 = FACE_BOUND('',#4085,.T.);
#4085 = EDGE_LOOP('',(#4086,#4087,#4088,#4124,#4158));
#4086 = ORIENTED_EDGE('',*,*,#3246,.T.);
#4087 = ORIENTED_EDGE('',*,*,#4058,.T.);
#4088 = ORIENTED_EDGE('',*,*,#4089,.F.);
#4089 = EDGE_CURVE('',#4090,#4009,#4092,.T.);
#4090 = VERTEX_POINT('',#4091);
#4091 = CARTESIAN_POINT('',(1.084E+03,-1.678531459659E-09,-95.));
#4092 = SURFACE_CURVE('',#4093,(#4104,#4111),.PCURVE_S1.);
#4093 = B_SPLINE_CURVE_WITH_KNOTS('',9,(#4094,#4095,#4096,#4097,#4098,
    #4099,#4100,#4101,#4102,#4103),.UNSPECIFIED.,.F.,.F.,(10,10),(4.,5.)
  ,.PIECEWISE_BEZIER_KNOTS.);
#4094 = CARTESIAN_POINT('',(1.084E+03,-9.999999526109E-03,-95.));
#4095 = CARTESIAN_POINT('',(1.084E+03,-7.777777498912E-03,-95.));
#4096 = CARTESIAN_POINT('',(1.084E+03,-5.555555471715E-03,-95.));
#4097 = CARTESIAN_POINT('',(1.084E+03,-3.333333444518E-03,-95.));
#4098 = CARTESIAN_POINT('',(1.084E+03,-1.111111417321E-03,-95.));
#4099 = CARTESIAN_POINT('',(1.084E+03,1.111110609876E-03,-95.));
#4100 = CARTESIAN_POINT('',(1.084E+03,3.333332637072E-03,-95.));
#4101 = CARTESIAN_POINT('',(1.084E+03,5.555554664269E-03,-95.));
#4102 = CARTESIAN_POINT('',(1.084E+03,7.777776691466E-03,-95.));
#4103 = CARTESIAN_POINT('',(1.084E+03,9.999998718662E-03,-95.));
#4104 = PCURVE('',#3260,#4105);
#4105 = DEFINITIONAL_REPRESENTATION('',(#4106),#4110);
#4106 = LINE('',#4107,#4108);
#4107 = CARTESIAN_POINT('',(0.,1.));
#4108 = VECTOR('',#4109,1.);
#4109 = DIRECTION('',(1.,0.));
#4110 = ( GEOMETRIC_REPRESENTATION_CONTEXT(2) 
PARAMETRIC_REPRESENTATION_CONTEXT() REPRESENTATION_CONTEXT('2D SPACE',''
  ) );
#4111 = PCURVE('',#4112,#4119);
#4112 = B_SPLINE_SURFACE_WITH_KNOTS('',2,1,(
    (#4113,#4114)
    ,(#4115,#4116)
    ,(#4117,#4118
    )),.UNSPECIFIED.,.F.,.F.,.F.,(3,3),(2,2),(-2.152427937274E-09,
    9.999998244767E-03),(0.,1.),.PIECEWISE_BEZIER_KNOTS.);
#4113 = CARTESIAN_POINT('',(1.084E+03,-1.678531459659E-09,-95.));
#4114 = CARTESIAN_POINT('',(1.085E+03,-2.308403468376E-12,-95.));
#4115 = CARTESIAN_POINT('',(1.084E+03,4.999998520066E-03,-95.));
#4116 = CARTESIAN_POINT('',(1.085E+03,5.000000184759E-03,-95.));
#4117 = CARTESIAN_POINT('',(1.084E+03,9.999998718663E-03,-95.));
#4118 = CARTESIAN_POINT('',(1.085E+03,1.000000034413E-02,-94.99999947368
    ));
#4119 = DEFINITIONAL_REPRESENTATION('',(#4120),#4123);
#4120 = B_SPLINE_CURVE_WITH_KNOTS('',1,(#4121,#4122),.UNSPECIFIED.,.F.,
  .F.,(2,2),(4.5,5.),.PIECEWISE_BEZIER_KNOTS.);
#4121 = CARTESIAN_POINT('',(-2.152427937274E-09,0.));
#4122 = CARTESIAN_POINT('',(9.999998244767E-03,0.));
#4123 = ( GEOMETRIC_REPRESENTATION_CONTEXT(2) 
PARAMETRIC_REPRESENTATION_CONTEXT() REPRESENTATION_CONTEXT('2D SPACE',''
  ) );
#4124 = ORIENTED_EDGE('',*,*,#4125,.F.);
#4125 = EDGE_CURVE('',#3927,#4090,#4126,.T.);
#4126 = SURFACE_CURVE('',#4127,(#4138,#4145),.PCURVE_S1.);
#4127 = B_SPLINE_CURVE_WITH_KNOTS('',9,(#4128,#4129,#4130,#4131,#4132,
    #4133,#4134,#4135,#4136,#4137),.UNSPECIFIED.,.F.,.F.,(10,10),(4.,5.)
  ,.PIECEWISE_BEZIER_KNOTS.);
#4128 = CARTESIAN_POINT('',(1.084E+03,-9.999999526109E-03,-95.));
#4129 = CARTESIAN_POINT('',(1.084E+03,-7.777777498912E-03,-95.));
#4130 = CARTESIAN_POINT('',(1.084E+03,-5.555555471715E-03,-95.));
#4131 = CARTESIAN_POINT('',(1.084E+03,-3.333333444518E-03,-95.));
#4132 = CARTESIAN_POINT('',(1.084E+03,-1.111111417321E-03,-95.));
#4133 = CARTESIAN_POINT('',(1.084E+03,1.111110609876E-03,-95.));
#4134 = CARTESIAN_POINT('',(1.084E+03,3.333332637072E-03,-95.));
#4135 = CARTESIAN_POINT('',(1.084E+03,5.555554664269E-03,-95.));
#4136 = CARTESIAN_POINT('',(1.084E+03,7.777776691466E-03,-95.));
#4137 = CARTESIAN_POINT('',(1.084E+03,9.999998718662E-03,-95.));
#4138 = PCURVE('',#3260,#4139);
#4139 = DEFINITIONAL_REPRESENTATION('',(#4140),#4144);
#4140 = LINE('',#4141,#4142);
#4141 = CARTESIAN_POINT('',(0.,1.));
#4142 = VECTOR('',#4143,1.);
#4143 = DIRECTION('',(1.,0.));
#4144 = ( GEOMETRIC_REPRESENTATION_CONTEXT(2) 
PARAMETRIC_REPRESENTATION_CONTEXT() REPRESENTATION_CONTEXT('2D SPACE',''
  ) );
#4145 = PCURVE('',#4146,#4153);
#4146 = B_SPLINE_SURFACE_WITH_KNOTS('',2,1,(
    (#4147,#4148)
    ,(#4149,#4150)
    ,(#4151,#4152
    )),.UNSPECIFIED.,.F.,.F.,.F.,(3,3),(2,2),(-1.000000000001E-02,
    -2.152427937274E-09),(0.,1.),.PIECEWISE_BEZIER_KNOTS.);
#4147 = CARTESIAN_POINT('',(1.084E+03,-9.999999526109E-03,-95.));
#4148 = CARTESIAN_POINT('',(1.085E+03,-9.99999779465E-03,-94.99999947368
    ));
#4149 = CARTESIAN_POINT('',(1.084E+03,-5.00000060232E-03,-95.));
#4150 = CARTESIAN_POINT('',(1.085E+03,-4.999998910033E-03,-95.));
#4151 = CARTESIAN_POINT('',(1.084E+03,-1.678531459659E-09,-95.));
#4152 = CARTESIAN_POINT('',(1.085E+03,2.285132152946E-12,-95.));
#4153 = DEFINITIONAL_REPRESENTATION('',(#4154),#4157);
#4154 = B_SPLINE_CURVE_WITH_KNOTS('',1,(#4155,#4156),.UNSPECIFIED.,.F.,
  .F.,(2,2),(4.,4.5),.PIECEWISE_BEZIER_KNOTS.);
#4155 = CARTESIAN_POINT('',(-1.000000000001E-02,0.));
#4156 = CARTESIAN_POINT('',(-2.152427937274E-09,0.));
#4157 = ( GEOMETRIC_REPRESENTATION_CONTEXT(2) 
PARAMETRIC_REPRESENTATION_CONTEXT() REPRESENTATION_CONTEXT('2D SPACE',''
  ) );
#4158 = ORIENTED_EDGE('',*,*,#3926,.F.);
#4159 = ADVANCED_FACE('',(#4160),#3388,.F.);
#4160 = FACE_BOUND('',#4161,.F.);
#4161 = EDGE_LOOP('',(#4162,#4163,#4183,#4210));
#4162 = ORIENTED_EDGE('',*,*,#3373,.T.);
#4163 = ORIENTED_EDGE('',*,*,#4164,.T.);
#4164 = EDGE_CURVE('',#3354,#4165,#4167,.T.);
#4165 = VERTEX_POINT('',#4166);
#4166 = CARTESIAN_POINT('',(-1.081333333333E+03,0.,-37.));
#4167 = SEAM_CURVE('',#4168,(#4171,#4177),.PCURVE_S1.);
#4168 = B_SPLINE_CURVE_WITH_KNOTS('',1,(#4169,#4170),.UNSPECIFIED.,.F.,
  .F.,(2,2),(0.,1.),.PIECEWISE_BEZIER_KNOTS.);
#4169 = CARTESIAN_POINT('',(-1.087333333333E+03,0.,-37.));
#4170 = CARTESIAN_POINT('',(-1.081333333333E+03,0.,-37.));
#4171 = PCURVE('',#3388,#4172);
#4172 = DEFINITIONAL_REPRESENTATION('',(#4173),#4176);
#4173 = B_SPLINE_CURVE_WITH_KNOTS('',1,(#4174,#4175),.UNSPECIFIED.,.F.,
  .F.,(2,2),(0.,1.),.PIECEWISE_BEZIER_KNOTS.);
#4174 = CARTESIAN_POINT('',(6.28318530718,0.));
#4175 = CARTESIAN_POINT('',(6.28318530718,6.));
#4176 = ( GEOMETRIC_REPRESENTATION_CONTEXT(2) 
PARAMETRIC_REPRESENTATION_CONTEXT() REPRESENTATION_CONTEXT('2D SPACE',''
  ) );
#4177 = PCURVE('',#3388,#4178);
#4178 = DEFINITIONAL_REPRESENTATION('',(#4179),#4182);
#4179 = B_SPLINE_CURVE_WITH_KNOTS('',1,(#4180,#4181),.UNSPECIFIED.,.F.,
  .F.,(2,2),(0.,1.),.PIECEWISE_BEZIER_KNOTS.);
#4180 = CARTESIAN_POINT('',(0.,0.));
#4181 = CARTESIAN_POINT('',(0.,6.));
#4182 = ( GEOMETRIC_REPRESENTATION_CONTEXT(2) 
PARAMETRIC_REPRESENTATION_CONTEXT() REPRESENTATION_CONTEXT('2D SPACE',''
  ) );
#4183 = ORIENTED_EDGE('',*,*,#4184,.F.);
#4184 = EDGE_CURVE('',#4165,#4165,#4185,.T.);
#4185 = SURFACE_CURVE('',#4186,(#4191,#4198),.PCURVE_S1.);
#4186 = CIRCLE('',#4187,37.);
#4187 = AXIS2_PLACEMENT_3D('',#4188,#4189,#4190);
#4188 = CARTESIAN_POINT('',(-1.081333333333E+03,0.,0.));
#4189 = DIRECTION('',(1.,-0.,1.110223024625E-16));
#4190 = DIRECTION('',(1.110223024625E-16,0.,-1.));
#4191 = PCURVE('',#3388,#4192);
#4192 = DEFINITIONAL_REPRESENTATION('',(#4193),#4197);
#4193 = LINE('',#4194,#4195);
#4194 = CARTESIAN_POINT('',(0.,6.));
#4195 = VECTOR('',#4196,1.);
#4196 = DIRECTION('',(1.,0.));
#4197 = ( GEOMETRIC_REPRESENTATION_CONTEXT(2) 
PARAMETRIC_REPRESENTATION_CONTEXT() REPRESENTATION_CONTEXT('2D SPACE',''
  ) );
#4198 = PCURVE('',#4199,#4204);
#4199 = PLANE('',#4200);
#4200 = AXIS2_PLACEMENT_3D('',#4201,#4202,#4203);
#4201 = CARTESIAN_POINT('',(-1.081333333333E+03,0.,0.));
#4202 = DIRECTION('',(1.,-0.,1.110223024625E-16));
#4203 = DIRECTION('',(1.110223024625E-16,0.,-1.));
#4204 = DEFINITIONAL_REPRESENTATION('',(#4205),#4209);
#4205 = CIRCLE('',#4206,37.);
#4206 = AXIS2_PLACEMENT_2D('',#4207,#4208);
#4207 = CARTESIAN_POINT('',(0.,0.));
#4208 = DIRECTION('',(1.,0.));
#4209 = ( GEOMETRIC_REPRESENTATION_CONTEXT(2) 
PARAMETRIC_REPRESENTATION_CONTEXT() REPRESENTATION_CONTEXT('2D SPACE',''
  ) );
#4210 = ORIENTED_EDGE('',*,*,#4164,.F.);
#4211 = ADVANCED_FACE('',(#4212),#3443,.T.);
#4212 = FACE_BOUND('',#4213,.T.);
#4213 = EDGE_LOOP('',(#4214,#4215,#4216,#4239,#4262,#4285,#4308,#4331,
    #4352));
#4214 = ORIENTED_EDGE('',*,*,#3427,.T.);
#4215 = ORIENTED_EDGE('',*,*,#3568,.T.);
#4216 = ORIENTED_EDGE('',*,*,#4217,.T.);
#4217 = EDGE_CURVE('',#3547,#4218,#4220,.T.);
#4218 = VERTEX_POINT('',#4219);
#4219 = CARTESIAN_POINT('',(1.085E+03,-94.99999947368,
    -9.999997940551E-03));
#4220 = SURFACE_CURVE('',#4221,(#4226,#4233),.PCURVE_S1.);
#4221 = CIRCLE('',#4222,95.);
#4222 = AXIS2_PLACEMENT_3D('',#4223,#4224,#4225);
#4223 = CARTESIAN_POINT('',(1.085E+03,0.,0.));
#4224 = DIRECTION('',(1.,-0.,1.110223024625E-16));
#4225 = DIRECTION('',(1.110223024625E-16,0.,-1.));
#4226 = PCURVE('',#3443,#4227);
#4227 = DEFINITIONAL_REPRESENTATION('',(#4228),#4232);
#4228 = CIRCLE('',#4229,95.);
#4229 = AXIS2_PLACEMENT_2D('',#4230,#4231);
#4230 = CARTESIAN_POINT('',(0.,0.));
#4231 = DIRECTION('',(1.,0.));
#4232 = ( GEOMETRIC_REPRESENTATION_CONTEXT(2) 
PARAMETRIC_REPRESENTATION_CONTEXT() REPRESENTATION_CONTEXT('2D SPACE',''
  ) );
#4233 = PCURVE('',#3528,#4234);
#4234 = DEFINITIONAL_REPRESENTATION('',(#4235),#4238);
#4235 = B_SPLINE_CURVE_WITH_KNOTS('',1,(#4236,#4237),.UNSPECIFIED.,.F.,
  .F.,(2,2),(4.712283717225,4.712494243521),.PIECEWISE_BEZIER_KNOTS.);
#4236 = CARTESIAN_POINT('',(-1.000000000001E-02,1.));
#4237 = CARTESIAN_POINT('',(9.999998244767E-03,1.));
#4238 = ( GEOMETRIC_REPRESENTATION_CONTEXT(2) 
PARAMETRIC_REPRESENTATION_CONTEXT() REPRESENTATION_CONTEXT('2D SPACE',''
  ) );
#4239 = ORIENTED_EDGE('',*,*,#4240,.T.);
#4240 = EDGE_CURVE('',#4218,#4241,#4243,.T.);
#4241 = VERTEX_POINT('',#4242);
#4242 = CARTESIAN_POINT('',(1.085E+03,-9.999997792342E-03,
    -94.99999947368));
#4243 = SURFACE_CURVE('',#4244,(#4249,#4256),.PCURVE_S1.);
#4244 = CIRCLE('',#4245,95.);
#4245 = AXIS2_PLACEMENT_3D('',#4246,#4247,#4248);
#4246 = CARTESIAN_POINT('',(1.085E+03,0.,0.));
#4247 = DIRECTION('',(1.,-0.,1.110223024625E-16));
#4248 = DIRECTION('',(1.110223024625E-16,0.,-1.));
#4249 = PCURVE('',#3443,#4250);
#4250 = DEFINITIONAL_REPRESENTATION('',(#4251),#4255);
#4251 = CIRCLE('',#4252,95.);
#4252 = AXIS2_PLACEMENT_2D('',#4253,#4254);
#4253 = CARTESIAN_POINT('',(0.,0.));
#4254 = DIRECTION('',(1.,0.));
#4255 = ( GEOMETRIC_REPRESENTATION_CONTEXT(2) 
PARAMETRIC_REPRESENTATION_CONTEXT() REPRESENTATION_CONTEXT('2D SPACE',''
  ) );
#4256 = PCURVE('',#3975,#4257);
#4257 = DEFINITIONAL_REPRESENTATION('',(#4258),#4261);
#4258 = B_SPLINE_CURVE_WITH_KNOTS('',1,(#4259,#4260),.UNSPECIFIED.,.F.,
  .F.,(2,2),(4.712494243521,6.283080044045),.PIECEWISE_BEZIER_KNOTS.);
#4259 = CARTESIAN_POINT('',(4.712388980385,1.));
#4260 = CARTESIAN_POINT('',(6.28318530718,1.));
#4261 = ( GEOMETRIC_REPRESENTATION_CONTEXT(2) 
PARAMETRIC_REPRESENTATION_CONTEXT() REPRESENTATION_CONTEXT('2D SPACE',''
  ) );
#4262 = ORIENTED_EDGE('',*,*,#4263,.T.);
#4263 = EDGE_CURVE('',#4241,#4264,#4266,.T.);
#4264 = VERTEX_POINT('',#4265);
#4265 = CARTESIAN_POINT('',(1.085E+03,0.,-95.));
#4266 = SURFACE_CURVE('',#4267,(#4272,#4279),.PCURVE_S1.);
#4267 = CIRCLE('',#4268,95.);
#4268 = AXIS2_PLACEMENT_3D('',#4269,#4270,#4271);
#4269 = CARTESIAN_POINT('',(1.085E+03,0.,0.));
#4270 = DIRECTION('',(1.,-0.,1.110223024625E-16));
#4271 = DIRECTION('',(1.110223024625E-16,0.,-1.));
#4272 = PCURVE('',#3443,#4273);
#4273 = DEFINITIONAL_REPRESENTATION('',(#4274),#4278);
#4274 = CIRCLE('',#4275,95.);
#4275 = AXIS2_PLACEMENT_2D('',#4276,#4277);
#4276 = CARTESIAN_POINT('',(0.,0.));
#4277 = DIRECTION('',(1.,0.));
#4278 = ( GEOMETRIC_REPRESENTATION_CONTEXT(2) 
PARAMETRIC_REPRESENTATION_CONTEXT() REPRESENTATION_CONTEXT('2D SPACE',''
  ) );
#4279 = PCURVE('',#4146,#4280);
#4280 = DEFINITIONAL_REPRESENTATION('',(#4281),#4284);
#4281 = B_SPLINE_CURVE_WITH_KNOTS('',1,(#4282,#4283),.UNSPECIFIED.,.F.,
  .F.,(2,2),(6.283080044045,6.28318530718),.PIECEWISE_BEZIER_KNOTS.);
#4282 = CARTESIAN_POINT('',(-1.000000000001E-02,1.));
#4283 = CARTESIAN_POINT('',(-2.152427937274E-09,1.));
#4284 = ( GEOMETRIC_REPRESENTATION_CONTEXT(2) 
PARAMETRIC_REPRESENTATION_CONTEXT() REPRESENTATION_CONTEXT('2D SPACE',''
  ) );
#4285 = ORIENTED_EDGE('',*,*,#4286,.T.);
#4286 = EDGE_CURVE('',#4264,#4287,#4289,.T.);
#4287 = VERTEX_POINT('',#4288);
#4288 = CARTESIAN_POINT('',(1.085E+03,1.000000034182E-02,-94.99999947368
    ));
#4289 = SURFACE_CURVE('',#4290,(#4295,#4302),.PCURVE_S1.);
#4290 = CIRCLE('',#4291,95.);
#4291 = AXIS2_PLACEMENT_3D('',#4292,#4293,#4294);
#4292 = CARTESIAN_POINT('',(1.085E+03,0.,0.));
#4293 = DIRECTION('',(1.,-0.,1.110223024625E-16));
#4294 = DIRECTION('',(1.110223024625E-16,0.,-1.));
#4295 = PCURVE('',#3443,#4296);
#4296 = DEFINITIONAL_REPRESENTATION('',(#4297),#4301);
#4297 = CIRCLE('',#4298,95.);
#4298 = AXIS2_PLACEMENT_2D('',#4299,#4300);
#4299 = CARTESIAN_POINT('',(0.,0.));
#4300 = DIRECTION('',(1.,0.));
#4301 = ( GEOMETRIC_REPRESENTATION_CONTEXT(2) 
PARAMETRIC_REPRESENTATION_CONTEXT() REPRESENTATION_CONTEXT('2D SPACE',''
  ) );
#4302 = PCURVE('',#4112,#4303);
#4303 = DEFINITIONAL_REPRESENTATION('',(#4304),#4307);
#4304 = B_SPLINE_CURVE_WITH_KNOTS('',1,(#4305,#4306),.UNSPECIFIED.,.F.,
  .F.,(2,2),(0.,1.052631616872E-04),.PIECEWISE_BEZIER_KNOTS.);
#4305 = CARTESIAN_POINT('',(-2.152427937274E-09,1.));
#4306 = CARTESIAN_POINT('',(9.999998244767E-03,1.));
#4307 = ( GEOMETRIC_REPRESENTATION_CONTEXT(2) 
PARAMETRIC_REPRESENTATION_CONTEXT() REPRESENTATION_CONTEXT('2D SPACE',''
  ) );
#4308 = ORIENTED_EDGE('',*,*,#4309,.T.);
#4309 = EDGE_CURVE('',#4287,#4310,#4312,.T.);
#4310 = VERTEX_POINT('',#4311);
#4311 = CARTESIAN_POINT('',(1.085E+03,94.999999473684,
    -9.999999695446E-03));
#4312 = SURFACE_CURVE('',#4313,(#4318,#4325),.PCURVE_S1.);
#4313 = CIRCLE('',#4314,95.);
#4314 = AXIS2_PLACEMENT_3D('',#4315,#4316,#4317);
#4315 = CARTESIAN_POINT('',(1.085E+03,0.,0.));
#4316 = DIRECTION('',(1.,-0.,1.110223024625E-16));
#4317 = DIRECTION('',(1.110223024625E-16,0.,-1.));
#4318 = PCURVE('',#3443,#4319);
#4319 = DEFINITIONAL_REPRESENTATION('',(#4320),#4324);
#4320 = CIRCLE('',#4321,95.);
#4321 = AXIS2_PLACEMENT_2D('',#4322,#4323);
#4322 = CARTESIAN_POINT('',(0.,0.));
#4323 = DIRECTION('',(1.,0.));
#4324 = ( GEOMETRIC_REPRESENTATION_CONTEXT(2) 
PARAMETRIC_REPRESENTATION_CONTEXT() REPRESENTATION_CONTEXT('2D SPACE',''
  ) );
#4325 = PCURVE('',#4031,#4326);
#4326 = DEFINITIONAL_REPRESENTATION('',(#4327),#4330);
#4327 = B_SPLINE_CURVE_WITH_KNOTS('',1,(#4328,#4329),.UNSPECIFIED.,.F.,
  .F.,(2,2),(1.052631616872E-04,1.57069106364),
  .PIECEWISE_BEZIER_KNOTS.);
#4328 = CARTESIAN_POINT('',(0.,1.));
#4329 = CARTESIAN_POINT('',(1.570796326795,1.));
#4330 = ( GEOMETRIC_REPRESENTATION_CONTEXT(2) 
PARAMETRIC_REPRESENTATION_CONTEXT() REPRESENTATION_CONTEXT('2D SPACE',''
  ) );
#4331 = ORIENTED_EDGE('',*,*,#4332,.T.);
#4332 = EDGE_CURVE('',#4310,#3663,#4333,.T.);
#4333 = SURFACE_CURVE('',#4334,(#4339,#4346),.PCURVE_S1.);
#4334 = CIRCLE('',#4335,95.);
#4335 = AXIS2_PLACEMENT_3D('',#4336,#4337,#4338);
#4336 = CARTESIAN_POINT('',(1.085E+03,0.,0.));
#4337 = DIRECTION('',(1.,-0.,1.110223024625E-16));
#4338 = DIRECTION('',(1.110223024625E-16,0.,-1.));
#4339 = PCURVE('',#3443,#4340);
#4340 = DEFINITIONAL_REPRESENTATION('',(#4341),#4345);
#4341 = CIRCLE('',#4342,95.);
#4342 = AXIS2_PLACEMENT_2D('',#4343,#4344);
#4343 = CARTESIAN_POINT('',(0.,0.));
#4344 = DIRECTION('',(1.,0.));
#4345 = ( GEOMETRIC_REPRESENTATION_CONTEXT(2) 
PARAMETRIC_REPRESENTATION_CONTEXT() REPRESENTATION_CONTEXT('2D SPACE',''
  ) );
#4346 = PCURVE('',#3618,#4347);
#4347 = DEFINITIONAL_REPRESENTATION('',(#4348),#4351);
#4348 = B_SPLINE_CURVE_WITH_KNOTS('',1,(#4349,#4350),.UNSPECIFIED.,.F.,
  .F.,(2,2),(1.57069106364,1.570901589955),.PIECEWISE_BEZIER_KNOTS.);
#4349 = CARTESIAN_POINT('',(-1.000000000001E-02,1.));
#4350 = CARTESIAN_POINT('',(1.000000000001E-02,1.));
#4351 = ( GEOMETRIC_REPRESENTATION_CONTEXT(2) 
PARAMETRIC_REPRESENTATION_CONTEXT() REPRESENTATION_CONTEXT('2D SPACE',''
  ) );
#4352 = ORIENTED_EDGE('',*,*,#3662,.T.);
#4353 = ADVANCED_FACE('',(#4354),#3528,.T.);
#4354 = FACE_BOUND('',#4355,.T.);
#4355 = EDGE_LOOP('',(#4356,#4357,#4377,#4378));
#4356 = ORIENTED_EDGE('',*,*,#3507,.T.);
#4357 = ORIENTED_EDGE('',*,*,#4358,.T.);
#4358 = EDGE_CURVE('',#3480,#4218,#4359,.T.);
#4359 = SURFACE_CURVE('',#4360,(#4363,#4370),.PCURVE_S1.);
#4360 = B_SPLINE_CURVE_WITH_KNOTS('',1,(#4361,#4362),.UNSPECIFIED.,.F.,
  .F.,(2,2),(0.,1.),.PIECEWISE_BEZIER_KNOTS.);
#4361 = CARTESIAN_POINT('',(1.084E+03,-94.99999999952,
    -9.999998244767E-03));
#4362 = CARTESIAN_POINT('',(1.085E+03,-94.99999947368,
    -9.999997959019E-03));
#4363 = PCURVE('',#3528,#4364);
#4364 = DEFINITIONAL_REPRESENTATION('',(#4365),#4369);
#4365 = LINE('',#4366,#4367);
#4366 = CARTESIAN_POINT('',(9.999998244767E-03,0.));
#4367 = VECTOR('',#4368,1.);
#4368 = DIRECTION('',(0.,1.));
#4369 = ( GEOMETRIC_REPRESENTATION_CONTEXT(2) 
PARAMETRIC_REPRESENTATION_CONTEXT() REPRESENTATION_CONTEXT('2D SPACE',''
  ) );
#4370 = PCURVE('',#3975,#4371);
#4371 = DEFINITIONAL_REPRESENTATION('',(#4372),#4376);
#4372 = LINE('',#4373,#4374);
#4373 = CARTESIAN_POINT('',(4.712388980385,0.));
#4374 = VECTOR('',#4375,1.);
#4375 = DIRECTION('',(0.,1.));
#4376 = ( GEOMETRIC_REPRESENTATION_CONTEXT(2) 
PARAMETRIC_REPRESENTATION_CONTEXT() REPRESENTATION_CONTEXT('2D SPACE',''
  ) );
#4377 = ORIENTED_EDGE('',*,*,#4217,.F.);
#4378 = ORIENTED_EDGE('',*,*,#3546,.F.);
#4379 = ADVANCED_FACE('',(#4380),#3618,.T.);
#4380 = FACE_BOUND('',#4381,.T.);
#4381 = EDGE_LOOP('',(#4382,#4383,#4384,#4385));
#4382 = ORIENTED_EDGE('',*,*,#3595,.T.);
#4383 = ORIENTED_EDGE('',*,*,#3685,.T.);
#4384 = ORIENTED_EDGE('',*,*,#4332,.F.);
#4385 = ORIENTED_EDGE('',*,*,#4386,.F.);
#4386 = EDGE_CURVE('',#3596,#4310,#4387,.T.);
#4387 = SURFACE_CURVE('',#4388,(#4391,#4398),.PCURVE_S1.);
#4388 = B_SPLINE_CURVE_WITH_KNOTS('',1,(#4389,#4390),.UNSPECIFIED.,.F.,
  .F.,(2,2),(0.,1.),.PIECEWISE_BEZIER_KNOTS.);
#4389 = CARTESIAN_POINT('',(1.084E+03,94.999999998719,
    -1.000000000002E-02));
#4390 = CARTESIAN_POINT('',(1.085E+03,94.999999473684,
    -9.999999695436E-03));
#4391 = PCURVE('',#3618,#4392);
#4392 = DEFINITIONAL_REPRESENTATION('',(#4393),#4397);
#4393 = LINE('',#4394,#4395);
#4394 = CARTESIAN_POINT('',(-1.000000000001E-02,0.));
#4395 = VECTOR('',#4396,1.);
#4396 = DIRECTION('',(0.,1.));
#4397 = ( GEOMETRIC_REPRESENTATION_CONTEXT(2) 
PARAMETRIC_REPRESENTATION_CONTEXT() REPRESENTATION_CONTEXT('2D SPACE',''
  ) );
#4398 = PCURVE('',#4031,#4399);
#4399 = DEFINITIONAL_REPRESENTATION('',(#4400),#4404);
#4400 = LINE('',#4401,#4402);
#4401 = CARTESIAN_POINT('',(1.570796326795,0.));
#4402 = VECTOR('',#4403,1.);
#4403 = DIRECTION('',(0.,1.));
#4404 = ( GEOMETRIC_REPRESENTATION_CONTEXT(2) 
PARAMETRIC_REPRESENTATION_CONTEXT() REPRESENTATION_CONTEXT('2D SPACE',''
  ) );
#4405 = ADVANCED_FACE('',(#4406),#3774,.T.);
#4406 = FACE_BOUND('',#4407,.T.);
#4407 = EDGE_LOOP('',(#4408,#4409,#4431,#4458));
#4408 = ORIENTED_EDGE('',*,*,#3760,.T.);
#4409 = ORIENTED_EDGE('',*,*,#4410,.T.);
#4410 = EDGE_CURVE('',#3739,#4411,#4413,.T.);
#4411 = VERTEX_POINT('',#4412);
#4412 = CARTESIAN_POINT('',(340.,87.27564927611,63.234018715768));
#4413 = SURFACE_CURVE('',#4414,(#4417,#4424),.PCURVE_S1.);
#4414 = B_SPLINE_CURVE_WITH_KNOTS('',1,(#4415,#4416),.UNSPECIFIED.,.F.,
  .F.,(2,2),(0.,1.),.PIECEWISE_BEZIER_KNOTS.);
#4415 = CARTESIAN_POINT('',(500.,92.932503525603,64.648232278141));
#4416 = CARTESIAN_POINT('',(340.,87.27564927611,63.234018715768));
#4417 = PCURVE('',#3774,#4418);
#4418 = DEFINITIONAL_REPRESENTATION('',(#4419),#4423);
#4419 = LINE('',#4420,#4421);
#4420 = CARTESIAN_POINT('',(40.,0.));
#4421 = VECTOR('',#4422,1.);
#4422 = DIRECTION('',(0.,1.));
#4423 = ( GEOMETRIC_REPRESENTATION_CONTEXT(2) 
PARAMETRIC_REPRESENTATION_CONTEXT() REPRESENTATION_CONTEXT('2D SPACE',''
  ) );
#4424 = PCURVE('',#3911,#4425);
#4425 = DEFINITIONAL_REPRESENTATION('',(#4426),#4430);
#4426 = LINE('',#4427,#4428);
#4427 = CARTESIAN_POINT('',(0.,0.));
#4428 = VECTOR('',#4429,1.);
#4429 = DIRECTION('',(0.,1.));
#4430 = ( GEOMETRIC_REPRESENTATION_CONTEXT(2) 
PARAMETRIC_REPRESENTATION_CONTEXT() REPRESENTATION_CONTEXT('2D SPACE',''
  ) );
#4431 = ORIENTED_EDGE('',*,*,#4432,.F.);
#4432 = EDGE_CURVE('',#4433,#4411,#4435,.T.);
#4433 = VERTEX_POINT('',#4434);
#4434 = CARTESIAN_POINT('',(340.,63.234018715768,87.27564927611));
#4435 = SURFACE_CURVE('',#4436,(#4440,#4446),.PCURVE_S1.);
#4436 = LINE('',#4437,#4438);
#4437 = CARTESIAN_POINT('',(340.,63.234018715768,87.27564927611));
#4438 = VECTOR('',#4439,1.);
#4439 = DIRECTION('',(0.,0.707106781187,-0.707106781187));
#4440 = PCURVE('',#3774,#4441);
#4441 = DEFINITIONAL_REPRESENTATION('',(#4442),#4445);
#4442 = B_SPLINE_CURVE_WITH_KNOTS('',1,(#4443,#4444),.UNSPECIFIED.,.F.,
  .F.,(2,2),(0.,34.),.PIECEWISE_BEZIER_KNOTS.);
#4443 = CARTESIAN_POINT('',(0.,1.));
#4444 = CARTESIAN_POINT('',(40.,1.));
#4445 = ( GEOMETRIC_REPRESENTATION_CONTEXT(2) 
PARAMETRIC_REPRESENTATION_CONTEXT() REPRESENTATION_CONTEXT('2D SPACE',''
  ) );
#4446 = PCURVE('',#4447,#4452);
#4447 = PLANE('',#4448);
#4448 = AXIS2_PLACEMENT_3D('',#4449,#4450,#4451);
#4449 = CARTESIAN_POINT('',(340.,63.234018715768,87.27564927611));
#4450 = DIRECTION('',(1.,0.,0.));
#4451 = DIRECTION('',(0.,0.707106781187,-0.707106781187));
#4452 = DEFINITIONAL_REPRESENTATION('',(#4453),#4457);
#4453 = LINE('',#4454,#4455);
#4454 = CARTESIAN_POINT('',(0.,0.));
#4455 = VECTOR('',#4456,1.);
#4456 = DIRECTION('',(1.,0.));
#4457 = ( GEOMETRIC_REPRESENTATION_CONTEXT(2) 
PARAMETRIC_REPRESENTATION_CONTEXT() REPRESENTATION_CONTEXT('2D SPACE',''
  ) );
#4458 = ORIENTED_EDGE('',*,*,#4459,.F.);
#4459 = EDGE_CURVE('',#3716,#4433,#4460,.T.);
#4460 = SURFACE_CURVE('',#4461,(#4464,#4471),.PCURVE_S1.);
#4461 = B_SPLINE_CURVE_WITH_KNOTS('',1,(#4462,#4463),.UNSPECIFIED.,.F.,
  .F.,(2,2),(0.,1.),.PIECEWISE_BEZIER_KNOTS.);
#4462 = CARTESIAN_POINT('',(500.,64.648232278141,92.932503525603));
#4463 = CARTESIAN_POINT('',(340.,63.234018715768,87.27564927611));
#4464 = PCURVE('',#3774,#4465);
#4465 = DEFINITIONAL_REPRESENTATION('',(#4466),#4470);
#4466 = LINE('',#4467,#4468);
#4467 = CARTESIAN_POINT('',(0.,0.));
#4468 = VECTOR('',#4469,1.);
#4469 = DIRECTION('',(0.,1.));
#4470 = ( GEOMETRIC_REPRESENTATION_CONTEXT(2) 
PARAMETRIC_REPRESENTATION_CONTEXT() REPRESENTATION_CONTEXT('2D SPACE',''
  ) );
#4471 = PCURVE('',#3827,#4472);
#4472 = DEFINITIONAL_REPRESENTATION('',(#4473),#4477);
#4473 = LINE('',#4474,#4475);
#4474 = CARTESIAN_POINT('',(22.00619003826,0.));
#4475 = VECTOR('',#4476,1.);
#4476 = DIRECTION('',(0.,1.));
#4477 = ( GEOMETRIC_REPRESENTATION_CONTEXT(2) 
PARAMETRIC_REPRESENTATION_CONTEXT() REPRESENTATION_CONTEXT('2D SPACE',''
  ) );
#4478 = ADVANCED_FACE('',(#4479),#3827,.T.);
#4479 = FACE_BOUND('',#4480,.T.);
#4480 = EDGE_LOOP('',(#4481,#4482,#4483,#4506));
#4481 = ORIENTED_EDGE('',*,*,#3813,.T.);
#4482 = ORIENTED_EDGE('',*,*,#4459,.T.);
#4483 = ORIENTED_EDGE('',*,*,#4484,.F.);
#4484 = EDGE_CURVE('',#4485,#4433,#4487,.T.);
#4485 = VERTEX_POINT('',#4486);
#4486 = CARTESIAN_POINT('',(340.,83.867394590791,94.926544648549));
#4487 = SURFACE_CURVE('',#4488,(#4492,#4499),.PCURVE_S1.);
#4488 = LINE('',#4489,#4490);
#4489 = CARTESIAN_POINT('',(340.,83.867394590791,94.926544648549));
#4490 = VECTOR('',#4491,1.);
#4491 = DIRECTION('',(0.,-0.937616908658,-0.347670149132));
#4492 = PCURVE('',#3827,#4493);
#4493 = DEFINITIONAL_REPRESENTATION('',(#4494),#4498);
#4494 = LINE('',#4495,#4496);
#4495 = CARTESIAN_POINT('',(0.,1.));
#4496 = VECTOR('',#4497,1.);
#4497 = DIRECTION('',(1.,0.));
#4498 = ( GEOMETRIC_REPRESENTATION_CONTEXT(2) 
PARAMETRIC_REPRESENTATION_CONTEXT() REPRESENTATION_CONTEXT('2D SPACE',''
  ) );
#4499 = PCURVE('',#4447,#4500);
#4500 = DEFINITIONAL_REPRESENTATION('',(#4501),#4505);
#4501 = LINE('',#4502,#4503);
#4502 = CARTESIAN_POINT('',(9.18,20.));
#4503 = VECTOR('',#4504,1.);
#4504 = DIRECTION('',(-0.4171553542,-0.908835194335));
#4505 = ( GEOMETRIC_REPRESENTATION_CONTEXT(2) 
PARAMETRIC_REPRESENTATION_CONTEXT() REPRESENTATION_CONTEXT('2D SPACE',''
  ) );
#4506 = ORIENTED_EDGE('',*,*,#4507,.F.);
#4507 = EDGE_CURVE('',#3790,#4485,#4508,.T.);
#4508 = SURFACE_CURVE('',#4509,(#4512,#4519),.PCURVE_S1.);
#4509 = B_SPLINE_CURVE_WITH_KNOTS('',1,(#4510,#4511),.UNSPECIFIED.,.F.,
  .F.,(2,2),(0.,1.),.PIECEWISE_BEZIER_KNOTS.);
#4510 = CARTESIAN_POINT('',(500.,85.7200143575,98.730779131332));
#4511 = CARTESIAN_POINT('',(340.,83.867394590791,94.926544648549));
#4512 = PCURVE('',#3827,#4513);
#4513 = DEFINITIONAL_REPRESENTATION('',(#4514),#4518);
#4514 = LINE('',#4515,#4516);
#4515 = CARTESIAN_POINT('',(0.,0.));
#4516 = VECTOR('',#4517,1.);
#4517 = DIRECTION('',(0.,1.));
#4518 = ( GEOMETRIC_REPRESENTATION_CONTEXT(2) 
PARAMETRIC_REPRESENTATION_CONTEXT() REPRESENTATION_CONTEXT('2D SPACE',''
  ) );
#4519 = PCURVE('',#3879,#4520);
#4520 = DEFINITIONAL_REPRESENTATION('',(#4521),#4525);
#4521 = LINE('',#4522,#4523);
#4522 = CARTESIAN_POINT('',(18.4,0.));
#4523 = VECTOR('',#4524,1.);
#4524 = DIRECTION('',(0.,1.));
#4525 = ( GEOMETRIC_REPRESENTATION_CONTEXT(2) 
PARAMETRIC_REPRESENTATION_CONTEXT() REPRESENTATION_CONTEXT('2D SPACE',''
  ) );
#4526 = ADVANCED_FACE('',(#4527),#3879,.T.);
#4527 = FACE_BOUND('',#4528,.T.);
#4528 = EDGE_LOOP('',(#4529,#4530,#4531,#4553));
#4529 = ORIENTED_EDGE('',*,*,#3865,.T.);
#4530 = ORIENTED_EDGE('',*,*,#4507,.T.);
#4531 = ORIENTED_EDGE('',*,*,#4532,.F.);
#4532 = EDGE_CURVE('',#4533,#4485,#4535,.T.);
#4533 = VERTEX_POINT('',#4534);
#4534 = CARTESIAN_POINT('',(340.,94.926544648549,83.867394590791));
#4535 = SURFACE_CURVE('',#4536,(#4540,#4546),.PCURVE_S1.);
#4536 = LINE('',#4537,#4538);
#4537 = CARTESIAN_POINT('',(340.,94.926544648549,83.867394590791));
#4538 = VECTOR('',#4539,1.);
#4539 = DIRECTION('',(0.,-0.707106781187,0.707106781187));
#4540 = PCURVE('',#3879,#4541);
#4541 = DEFINITIONAL_REPRESENTATION('',(#4542),#4545);
#4542 = B_SPLINE_CURVE_WITH_KNOTS('',1,(#4543,#4544),.UNSPECIFIED.,.F.,
  .F.,(2,2),(0.,15.64),.PIECEWISE_BEZIER_KNOTS.);
#4543 = CARTESIAN_POINT('',(0.,1.));
#4544 = CARTESIAN_POINT('',(18.4,1.));
#4545 = ( GEOMETRIC_REPRESENTATION_CONTEXT(2) 
PARAMETRIC_REPRESENTATION_CONTEXT() REPRESENTATION_CONTEXT('2D SPACE',''
  ) );
#4546 = PCURVE('',#4447,#4547);
#4547 = DEFINITIONAL_REPRESENTATION('',(#4548),#4552);
#4548 = LINE('',#4549,#4550);
#4549 = CARTESIAN_POINT('',(24.82,20.));
#4550 = VECTOR('',#4551,1.);
#4551 = DIRECTION('',(-1.,0.));
#4552 = ( GEOMETRIC_REPRESENTATION_CONTEXT(2) 
PARAMETRIC_REPRESENTATION_CONTEXT() REPRESENTATION_CONTEXT('2D SPACE',''
  ) );
#4553 = ORIENTED_EDGE('',*,*,#4554,.F.);
#4554 = EDGE_CURVE('',#3842,#4533,#4555,.T.);
#4555 = SURFACE_CURVE('',#4556,(#4559,#4566),.PCURVE_S1.);
#4556 = B_SPLINE_CURVE_WITH_KNOTS('',1,(#4557,#4558),.UNSPECIFIED.,.F.,
  .F.,(2,2),(0.,1.),.PIECEWISE_BEZIER_KNOTS.);
#4557 = CARTESIAN_POINT('',(500.,98.730779131332,85.7200143575));
#4558 = CARTESIAN_POINT('',(340.,94.926544648549,83.867394590791));
#4559 = PCURVE('',#3879,#4560);
#4560 = DEFINITIONAL_REPRESENTATION('',(#4561),#4565);
#4561 = LINE('',#4562,#4563);
#4562 = CARTESIAN_POINT('',(0.,0.));
#4563 = VECTOR('',#4564,1.);
#4564 = DIRECTION('',(0.,1.));
#4565 = ( GEOMETRIC_REPRESENTATION_CONTEXT(2) 
PARAMETRIC_REPRESENTATION_CONTEXT() REPRESENTATION_CONTEXT('2D SPACE',''
  ) );
#4566 = PCURVE('',#3911,#4567);
#4567 = DEFINITIONAL_REPRESENTATION('',(#4568),#4572);
#4568 = LINE('',#4569,#4570);
#4569 = CARTESIAN_POINT('',(22.00619003826,0.));
#4570 = VECTOR('',#4571,1.);
#4571 = DIRECTION('',(0.,1.));
#4572 = ( GEOMETRIC_REPRESENTATION_CONTEXT(2) 
PARAMETRIC_REPRESENTATION_CONTEXT() REPRESENTATION_CONTEXT('2D SPACE',''
  ) );
#4573 = ADVANCED_FACE('',(#4574),#3911,.T.);
#4574 = FACE_BOUND('',#4575,.T.);
#4575 = EDGE_LOOP('',(#4576,#4577,#4578,#4599));
#4576 = ORIENTED_EDGE('',*,*,#3897,.T.);
#4577 = ORIENTED_EDGE('',*,*,#4554,.T.);
#4578 = ORIENTED_EDGE('',*,*,#4579,.F.);
#4579 = EDGE_CURVE('',#4411,#4533,#4580,.T.);
#4580 = SURFACE_CURVE('',#4581,(#4585,#4592),.PCURVE_S1.);
#4581 = LINE('',#4582,#4583);
#4582 = CARTESIAN_POINT('',(340.,87.27564927611,63.234018715768));
#4583 = VECTOR('',#4584,1.);
#4584 = DIRECTION('',(0.,0.347670149132,0.937616908658));
#4585 = PCURVE('',#3911,#4586);
#4586 = DEFINITIONAL_REPRESENTATION('',(#4587),#4591);
#4587 = LINE('',#4588,#4589);
#4588 = CARTESIAN_POINT('',(0.,1.));
#4589 = VECTOR('',#4590,1.);
#4590 = DIRECTION('',(1.,0.));
#4591 = ( GEOMETRIC_REPRESENTATION_CONTEXT(2) 
PARAMETRIC_REPRESENTATION_CONTEXT() REPRESENTATION_CONTEXT('2D SPACE',''
  ) );
#4592 = PCURVE('',#4447,#4593);
#4593 = DEFINITIONAL_REPRESENTATION('',(#4594),#4598);
#4594 = LINE('',#4595,#4596);
#4595 = CARTESIAN_POINT('',(34.,0.));
#4596 = VECTOR('',#4597,1.);
#4597 = DIRECTION('',(-0.4171553542,0.908835194335));
#4598 = ( GEOMETRIC_REPRESENTATION_CONTEXT(2) 
PARAMETRIC_REPRESENTATION_CONTEXT() REPRESENTATION_CONTEXT('2D SPACE',''
  ) );
#4599 = ORIENTED_EDGE('',*,*,#4410,.F.);
#4600 = ADVANCED_FACE('',(#4601),#3975,.T.);
#4601 = FACE_BOUND('',#4602,.T.);
#4602 = EDGE_LOOP('',(#4603,#4604,#4624,#4625));
#4603 = ORIENTED_EDGE('',*,*,#3954,.T.);
#4604 = ORIENTED_EDGE('',*,*,#4605,.T.);
#4605 = EDGE_CURVE('',#3927,#4241,#4606,.T.);
#4606 = SURFACE_CURVE('',#4607,(#4610,#4617),.PCURVE_S1.);
#4607 = B_SPLINE_CURVE_WITH_KNOTS('',1,(#4608,#4609),.UNSPECIFIED.,.F.,
  .F.,(2,2),(0.,1.),.PIECEWISE_BEZIER_KNOTS.);
#4608 = CARTESIAN_POINT('',(1.084E+03,-9.99999952613E-03,-94.99999999824
    ));
#4609 = CARTESIAN_POINT('',(1.085E+03,-9.999997792363E-03,
    -94.99999947368));
#4610 = PCURVE('',#3975,#4611);
#4611 = DEFINITIONAL_REPRESENTATION('',(#4612),#4616);
#4612 = LINE('',#4613,#4614);
#4613 = CARTESIAN_POINT('',(6.28318530718,0.));
#4614 = VECTOR('',#4615,1.);
#4615 = DIRECTION('',(0.,1.));
#4616 = ( GEOMETRIC_REPRESENTATION_CONTEXT(2) 
PARAMETRIC_REPRESENTATION_CONTEXT() REPRESENTATION_CONTEXT('2D SPACE',''
  ) );
#4617 = PCURVE('',#4146,#4618);
#4618 = DEFINITIONAL_REPRESENTATION('',(#4619),#4623);
#4619 = LINE('',#4620,#4621);
#4620 = CARTESIAN_POINT('',(-1.000000000001E-02,0.));
#4621 = VECTOR('',#4622,1.);
#4622 = DIRECTION('',(0.,1.));
#4623 = ( GEOMETRIC_REPRESENTATION_CONTEXT(2) 
PARAMETRIC_REPRESENTATION_CONTEXT() REPRESENTATION_CONTEXT('2D SPACE',''
  ) );
#4624 = ORIENTED_EDGE('',*,*,#4240,.F.);
#4625 = ORIENTED_EDGE('',*,*,#4358,.F.);
#4626 = ADVANCED_FACE('',(#4627),#4031,.T.);
#4627 = FACE_BOUND('',#4628,.T.);
#4628 = EDGE_LOOP('',(#4629,#4630,#4631,#4632));
#4629 = ORIENTED_EDGE('',*,*,#4008,.T.);
#4630 = ORIENTED_EDGE('',*,*,#4386,.T.);
#4631 = ORIENTED_EDGE('',*,*,#4309,.F.);
#4632 = ORIENTED_EDGE('',*,*,#4633,.F.);
#4633 = EDGE_CURVE('',#4009,#4287,#4634,.T.);
#4634 = SURFACE_CURVE('',#4635,(#4638,#4645),.PCURVE_S1.);
#4635 = B_SPLINE_CURVE_WITH_KNOTS('',1,(#4636,#4637),.UNSPECIFIED.,.F.,
  .F.,(2,2),(0.,1.),.PIECEWISE_BEZIER_KNOTS.);
#4636 = CARTESIAN_POINT('',(1.084E+03,9.999998718663E-03,-95.));
#4637 = CARTESIAN_POINT('',(1.085E+03,1.000000034413E-02,-94.99999947368
    ));
#4638 = PCURVE('',#4031,#4639);
#4639 = DEFINITIONAL_REPRESENTATION('',(#4640),#4644);
#4640 = LINE('',#4641,#4642);
#4641 = CARTESIAN_POINT('',(0.,0.));
#4642 = VECTOR('',#4643,1.);
#4643 = DIRECTION('',(0.,1.));
#4644 = ( GEOMETRIC_REPRESENTATION_CONTEXT(2) 
PARAMETRIC_REPRESENTATION_CONTEXT() REPRESENTATION_CONTEXT('2D SPACE',''
  ) );
#4645 = PCURVE('',#4112,#4646);
#4646 = DEFINITIONAL_REPRESENTATION('',(#4647),#4651);
#4647 = LINE('',#4648,#4649);
#4648 = CARTESIAN_POINT('',(9.999998244767E-03,0.));
#4649 = VECTOR('',#4650,1.);
#4650 = DIRECTION('',(0.,1.));
#4651 = ( GEOMETRIC_REPRESENTATION_CONTEXT(2) 
PARAMETRIC_REPRESENTATION_CONTEXT() REPRESENTATION_CONTEXT('2D SPACE',''
  ) );
#4652 = ADVANCED_FACE('',(#4653),#4146,.T.);
#4653 = FACE_BOUND('',#4654,.T.);
#4654 = EDGE_LOOP('',(#4655,#4656,#4676,#4677));
#4655 = ORIENTED_EDGE('',*,*,#4125,.T.);
#4656 = ORIENTED_EDGE('',*,*,#4657,.T.);
#4657 = EDGE_CURVE('',#4090,#4264,#4658,.T.);
#4658 = SURFACE_CURVE('',#4659,(#4662,#4669),.PCURVE_S1.);
#4659 = B_SPLINE_CURVE_WITH_KNOTS('',1,(#4660,#4661),.UNSPECIFIED.,.F.,
  .F.,(2,2),(0.,1.),.PIECEWISE_BEZIER_KNOTS.);
#4660 = CARTESIAN_POINT('',(1.084E+03,-1.678531459659E-09,-95.));
#4661 = CARTESIAN_POINT('',(1.085E+03,2.285132152946E-12,-95.));
#4662 = PCURVE('',#4146,#4663);
#4663 = DEFINITIONAL_REPRESENTATION('',(#4664),#4668);
#4664 = LINE('',#4665,#4666);
#4665 = CARTESIAN_POINT('',(-2.152427937274E-09,0.));
#4666 = VECTOR('',#4667,1.);
#4667 = DIRECTION('',(0.,1.));
#4668 = ( GEOMETRIC_REPRESENTATION_CONTEXT(2) 
PARAMETRIC_REPRESENTATION_CONTEXT() REPRESENTATION_CONTEXT('2D SPACE',''
  ) );
#4669 = PCURVE('',#4112,#4670);
#4670 = DEFINITIONAL_REPRESENTATION('',(#4671),#4675);
#4671 = LINE('',#4672,#4673);
#4672 = CARTESIAN_POINT('',(-2.152427937274E-09,0.));
#4673 = VECTOR('',#4674,1.);
#4674 = DIRECTION('',(0.,1.));
#4675 = ( GEOMETRIC_REPRESENTATION_CONTEXT(2) 
PARAMETRIC_REPRESENTATION_CONTEXT() REPRESENTATION_CONTEXT('2D SPACE',''
  ) );
#4676 = ORIENTED_EDGE('',*,*,#4263,.F.);
#4677 = ORIENTED_EDGE('',*,*,#4605,.F.);
#4678 = ADVANCED_FACE('',(#4679),#4112,.T.);
#4679 = FACE_BOUND('',#4680,.T.);
#4680 = EDGE_LOOP('',(#4681,#4682,#4683,#4684));
#4681 = ORIENTED_EDGE('',*,*,#4089,.T.);
#4682 = ORIENTED_EDGE('',*,*,#4633,.T.);
#4683 = ORIENTED_EDGE('',*,*,#4286,.F.);
#4684 = ORIENTED_EDGE('',*,*,#4657,.F.);
#4685 = ADVANCED_FACE('',(#4686),#4199,.F.);
#4686 = FACE_BOUND('',#4687,.F.);
#4687 = EDGE_LOOP('',(#4688));
#4688 = ORIENTED_EDGE('',*,*,#4184,.T.);
#4689 = ADVANCED_FACE('',(#4690),#4447,.T.);
#4690 = FACE_BOUND('',#4691,.T.);
#4691 = EDGE_LOOP('',(#4692,#4693,#4694,#4695));
#4692 = ORIENTED_EDGE('',*,*,#4432,.T.);
#4693 = ORIENTED_EDGE('',*,*,#4579,.T.);
#4694 = ORIENTED_EDGE('',*,*,#4532,.T.);
#4695 = ORIENTED_EDGE('',*,*,#4484,.T.);
#4696 = ( GEOMETRIC_REPRESENTATION_CONTEXT(3) 
GLOBAL_UNCERTAINTY_ASSIGNED_CONTEXT((#4700)) 
GLOBAL_UNIT_ASSIGNED_CONTEXT((#4697,#4698,#4699)) REPRESENTATION_CONTEXT
('Context #1','3D Context with UNIT and UNCERTAINTY') );
#4697 = ( LENGTH_UNIT() NAMED_UNIT(*) SI_UNIT(.MILLI.,.METRE.) );
#4698 = ( NAMED_UNIT(*) PLANE_ANGLE_UNIT() SI_UNIT($,.RADIAN.) );
#4699 = ( NAMED_UNIT(*) SI_UNIT($,.STERADIAN.) SOLID_ANGLE_UNIT() );
#4700 = UNCERTAINTY_MEASURE_WITH_UNIT(LENGTH_MEASURE(1.E-06),#4697,
  'distance_accuracy_value','confusion accuracy');
#4701 = CONTEXT_DEPENDENT_SHAPE_REPRESENTATION(#4702,#4704);
#4702 = ( REPRESENTATION_RELATIONSHIP('','',#72,#10) 
REPRESENTATION_RELATIONSHIP_WITH_TRANSFORMATION(#4703) 
SHAPE_REPRESENTATION_RELATIONSHIP() );
#4703 = ITEM_DEFINED_TRANSFORMATION('','',#11,#15);
#4704 = PRODUCT_DEFINITION_SHAPE('Placement','Placement of an item',
  #4705);
#4705 = NEXT_ASSEMBLY_USAGE_OCCURRENCE('1','main_body_intake_prototype',
  '',#5,#67,$);
#4706 = PRODUCT_RELATED_PRODUCT_CATEGORY('part',$,(#69));
#4707 = SHAPE_DEFINITION_REPRESENTATION(#4708,#4714);
#4708 = PRODUCT_DEFINITION_SHAPE('','',#4709);
#4709 = PRODUCT_DEFINITION('design','',#4710,#4713);
#4710 = PRODUCT_DEFINITION_FORMATION('','',#4711);
#4711 = PRODUCT('main_ogive','main_ogive','',(#4712));
#4712 = PRODUCT_CONTEXT('',#2,'mechanical');
#4713 = PRODUCT_DEFINITION_CONTEXT('part definition',#2,'design');
#4714 = ADVANCED_BREP_SHAPE_REPRESENTATION('',(#11,#4715),#5455);
#4715 = MANIFOLD_SOLID_BREP('',#4716);
#4716 = CLOSED_SHELL('',(#4717,#5447,#5451));
#4717 = ADVANCED_FACE('',(#4718),#4755,.T.);
#4718 = FACE_BOUND('',#4719,.T.);
#4719 = EDGE_LOOP('',(#4720,#5331,#5370,#5446));
#4720 = ORIENTED_EDGE('',*,*,#4721,.T.);
#4721 = EDGE_CURVE('',#4722,#4722,#4724,.T.);
#4722 = VERTEX_POINT('',#4723);
#4723 = CARTESIAN_POINT('',(1.085E+03,0.,-95.));
#4724 = SURFACE_CURVE('',#4725,(#4754,#5294),.PCURVE_S1.);
#4725 = B_SPLINE_CURVE_WITH_KNOTS('',14,(#4726,#4727,#4728,#4729,#4730,
    #4731,#4732,#4733,#4734,#4735,#4736,#4737,#4738,#4739,#4740,#4741,
    #4742,#4743,#4744,#4745,#4746,#4747,#4748,#4749,#4750,#4751,#4752,
    #4753),.UNSPECIFIED.,.T.,.F.,(15,13,15),(0.,0.5,1.),.UNSPECIFIED.);
#4726 = CARTESIAN_POINT('',(1.085E+03,-1.42108547152E-14,-95.));
#4727 = CARTESIAN_POINT('',(1.085E+03,21.317950149356,-94.99999999999));
#4728 = CARTESIAN_POINT('',(1.085E+03,42.635899016777,-89.84828331116));
#4729 = CARTESIAN_POINT('',(1.085E+03,62.605139691552,-79.54485084224));
#4730 = CARTESIAN_POINT('',(1.085E+03,79.876925742327,-64.47489139796));
#4731 = CARTESIAN_POINT('',(1.085E+03,93.223606923141,-45.40879881897));
#4732 = CARTESIAN_POINT('',(1.085E+03,101.65945068386,-23.459895279));
#4733 = CARTESIAN_POINT('',(1.085E+03,104.54523116102,8.392017239852E-13
    ));
#4734 = CARTESIAN_POINT('',(1.085E+03,101.65945068387,23.459895279001));
#4735 = CARTESIAN_POINT('',(1.085E+03,93.223606923135,45.408798818977));
#4736 = CARTESIAN_POINT('',(1.085E+03,79.87692574232,64.474891397965));
#4737 = CARTESIAN_POINT('',(1.085E+03,62.605139691568,79.544850842251));
#4738 = CARTESIAN_POINT('',(1.085E+03,42.635899016764,89.84828331116));
#4739 = CARTESIAN_POINT('',(1.085E+03,21.317950149361,94.999999999999));
#4740 = CARTESIAN_POINT('',(1.085E+03,-21.31795014936,95.000000000002));
#4741 = CARTESIAN_POINT('',(1.085E+03,-42.63589901676,89.848283311152));
#4742 = CARTESIAN_POINT('',(1.085E+03,-62.60513969156,79.544850842259));
#4743 = CARTESIAN_POINT('',(1.085E+03,-79.87692574232,64.474891397961));
#4744 = CARTESIAN_POINT('',(1.085E+03,-93.22360692313,45.408798818975));
#4745 = CARTESIAN_POINT('',(1.085E+03,-101.6594506838,23.459895279005));
#4746 = CARTESIAN_POINT('',(1.085E+03,-104.545231161,2.385393470052E-14)
  );
#4747 = CARTESIAN_POINT('',(1.085E+03,-101.6594506838,-23.459895279));
#4748 = CARTESIAN_POINT('',(1.085E+03,-93.22360692313,-45.40879881897));
#4749 = CARTESIAN_POINT('',(1.085E+03,-79.87692574232,-64.47489139796));
#4750 = CARTESIAN_POINT('',(1.085E+03,-62.60513969156,-79.54485084225));
#4751 = CARTESIAN_POINT('',(1.085E+03,-42.63589901676,-89.84828331115));
#4752 = CARTESIAN_POINT('',(1.085E+03,-21.31795014936,-95.));
#4753 = CARTESIAN_POINT('',(1.085E+03,-1.428258552837E-14,-95.));
#4754 = PCURVE('',#4755,#5288);
#4755 = ( BOUNDED_SURFACE() B_SPLINE_SURFACE(14,3,(
    (#4756,#4757,#4758,#4759,#4760,#4761,#4762,#4763,#4764,#4765,#4766
      ,#4767,#4768,#4769,#4770,#4771,#4772,#4773,#4774)
    ,(#4775,#4776,#4777,#4778,#4779,#4780,#4781,#4782,#4783,#4784,#4785
      ,#4786,#4787,#4788,#4789,#4790,#4791,#4792,#4793)
    ,(#4794,#4795,#4796,#4797,#4798,#4799,#4800,#4801,#4802,#4803,#4804
      ,#4805,#4806,#4807,#4808,#4809,#4810,#4811,#4812)
    ,(#4813,#4814,#4815,#4816,#4817,#4818,#4819,#4820,#4821,#4822,#4823
      ,#4824,#4825,#4826,#4827,#4828,#4829,#4830,#4831)
    ,(#4832,#4833,#4834,#4835,#4836,#4837,#4838,#4839,#4840,#4841,#4842
      ,#4843,#4844,#4845,#4846,#4847,#4848,#4849,#4850)
    ,(#4851,#4852,#4853,#4854,#4855,#4856,#4857,#4858,#4859,#4860,#4861
      ,#4862,#4863,#4864,#4865,#4866,#4867,#4868,#4869)
    ,(#4870,#4871,#4872,#4873,#4874,#4875,#4876,#4877,#4878,#4879,#4880
      ,#4881,#4882,#4883,#4884,#4885,#4886,#4887,#4888)
    ,(#4889,#4890,#4891,#4892,#4893,#4894,#4895,#4896,#4897,#4898,#4899
      ,#4900,#4901,#4902,#4903,#4904,#4905,#4906,#4907)
    ,(#4908,#4909,#4910,#4911,#4912,#4913,#4914,#4915,#4916,#4917,#4918
      ,#4919,#4920,#4921,#4922,#4923,#4924,#4925,#4926)
    ,(#4927,#4928,#4929,#4930,#4931,#4932,#4933,#4934,#4935,#4936,#4937
      ,#4938,#4939,#4940,#4941,#4942,#4943,#4944,#4945)
    ,(#4946,#4947,#4948,#4949,#4950,#4951,#4952,#4953,#4954,#4955,#4956
      ,#4957,#4958,#4959,#4960,#4961,#4962,#4963,#4964)
    ,(#4965,#4966,#4967,#4968,#4969,#4970,#4971,#4972,#4973,#4974,#4975
      ,#4976,#4977,#4978,#4979,#4980,#4981,#4982,#4983)
    ,(#4984,#4985,#4986,#4987,#4988,#4989,#4990,#4991,#4992,#4993,#4994
      ,#4995,#4996,#4997,#4998,#4999,#5000,#5001,#5002)
    ,(#5003,#5004,#5005,#5006,#5007,#5008,#5009,#5010,#5011,#5012,#5013
      ,#5014,#5015,#5016,#5017,#5018,#5019,#5020,#5021)
    ,(#5022,#5023,#5024,#5025,#5026,#5027,#5028,#5029,#5030,#5031,#5032
      ,#5033,#5034,#5035,#5036,#5037,#5038,#5039,#5040)
    ,(#5041,#5042,#5043,#5044,#5045,#5046,#5047,#5048,#5049,#5050,#5051
      ,#5052,#5053,#5054,#5055,#5056,#5057,#5058,#5059)
    ,(#5060,#5061,#5062,#5063,#5064,#5065,#5066,#5067,#5068,#5069,#5070
      ,#5071,#5072,#5073,#5074,#5075,#5076,#5077,#5078)
    ,(#5079,#5080,#5081,#5082,#5083,#5084,#5085,#5086,#5087,#5088,#5089
      ,#5090,#5091,#5092,#5093,#5094,#5095,#5096,#5097)
    ,(#5098,#5099,#5100,#5101,#5102,#5103,#5104,#5105,#5106,#5107,#5108
      ,#5109,#5110,#5111,#5112,#5113,#5114,#5115,#5116)
    ,(#5117,#5118,#5119,#5120,#5121,#5122,#5123,#5124,#5125,#5126,#5127
      ,#5128,#5129,#5130,#5131,#5132,#5133,#5134,#5135)
    ,(#5136,#5137,#5138,#5139,#5140,#5141,#5142,#5143,#5144,#5145,#5146
      ,#5147,#5148,#5149,#5150,#5151,#5152,#5153,#5154)
    ,(#5155,#5156,#5157,#5158,#5159,#5160,#5161,#5162,#5163,#5164,#5165
      ,#5166,#5167,#5168,#5169,#5170,#5171,#5172,#5173)
    ,(#5174,#5175,#5176,#5177,#5178,#5179,#5180,#5181,#5182,#5183,#5184
      ,#5185,#5186,#5187,#5188,#5189,#5190,#5191,#5192)
    ,(#5193,#5194,#5195,#5196,#5197,#5198,#5199,#5200,#5201,#5202,#5203
      ,#5204,#5205,#5206,#5207,#5208,#5209,#5210,#5211)
    ,(#5212,#5213,#5214,#5215,#5216,#5217,#5218,#5219,#5220,#5221,#5222
      ,#5223,#5224,#5225,#5226,#5227,#5228,#5229,#5230)
    ,(#5231,#5232,#5233,#5234,#5235,#5236,#5237,#5238,#5239,#5240,#5241
      ,#5242,#5243,#5244,#5245,#5246,#5247,#5248,#5249)
    ,(#5250,#5251,#5252,#5253,#5254,#5255,#5256,#5257,#5258,#5259,#5260
      ,#5261,#5262,#5263,#5264,#5265,#5266,#5267,#5268)
    ,(#5269,#5270,#5271,#5272,#5273,#5274,#5275,#5276,#5277,#5278,#5279
      ,#5280,#5281,#5282,#5283,#5284,#5285,#5286,#5287
)),.UNSPECIFIED.,.T.,.F.,.F.) B_SPLINE_SURFACE_WITH_KNOTS((15,13,15),(4,
    1,1,1,1,1,1,1,1,1,1,1,1,1,1,1,4),(0.,0.5,1.),(0.,6.135945631397E-02,
    0.122744916571,0.184182468191,0.245698366325,0.307319119681,
    0.369071578731,0.430983027178,0.493081277601,0.555394772286,
    0.617952690352,0.680785062405,0.74392289412,0.807398300316,
    0.871244651363,0.935496733988,1.),.UNSPECIFIED.) 
GEOMETRIC_REPRESENTATION_ITEM() RATIONAL_B_SPLINE_SURFACE((
    (1.,1.000000000004,0.999999999998,1.000000000001,1.,1.,1.,1.,1.,1.
      ,1.,1.,1.,1.,1.000000000001,0.999999999997,1.00000000001
      ,0.999999999979,1.)
    ,(1.,1.000000000004,0.999999999998,1.000000000001,1.,1.,1.,1.,1.,1.
      ,1.,1.,1.,1.,1.000000000001,0.999999999997,1.00000000001
      ,0.999999999979,1.)
    ,(1.,1.000000000004,0.999999999998,1.000000000001,1.,1.,1.,1.,1.,1.
      ,1.,1.,1.,1.,1.000000000001,0.999999999997,1.00000000001
      ,0.999999999979,1.)
    ,(1.,1.000000000004,0.999999999998,1.000000000001,1.,1.,1.,1.,1.,1.
      ,1.,1.,1.,1.,1.000000000001,0.999999999997,1.00000000001
      ,0.999999999979,1.)
    ,(1.,1.000000000004,0.999999999998,1.000000000001,1.,1.,1.,1.,1.,1.
      ,1.,1.,1.,1.,1.000000000001,0.999999999997,1.00000000001
      ,0.999999999979,1.)
    ,(1.,1.000000000004,0.999999999998,1.000000000001,1.,1.,1.,1.,1.,1.
      ,1.,1.,1.,1.,1.000000000001,0.999999999997,1.00000000001
      ,0.999999999979,1.)
    ,(1.,1.000000000004,0.999999999998,1.000000000001,1.,1.,1.,1.,1.,1.
      ,1.,1.,1.,1.,1.000000000001,0.999999999997,1.00000000001
      ,0.999999999979,1.)
    ,(1.,1.000000000004,0.999999999998,1.000000000001,1.,1.,1.,1.,1.,1.
      ,1.,1.,1.,1.,1.000000000001,0.999999999997,1.00000000001
      ,0.999999999979,1.)
    ,(1.,1.000000000004,0.999999999998,1.000000000001,1.,1.,1.,1.,1.,1.
      ,1.,1.,1.,1.,1.000000000001,0.999999999997,1.00000000001
      ,0.999999999979,1.)
    ,(1.,1.000000000004,0.999999999998,1.000000000001,1.,1.,1.,1.,1.,1.
      ,1.,1.,1.,1.,1.000000000001,0.999999999997,1.00000000001
      ,0.999999999979,1.)
    ,(1.,1.000000000004,0.999999999998,1.000000000001,1.,1.,1.,1.,1.,1.
      ,1.,1.,1.,1.,1.000000000001,0.999999999997,1.00000000001
      ,0.999999999979,1.)
    ,(1.,1.000000000004,0.999999999998,1.000000000001,1.,1.,1.,1.,1.,1.
      ,1.,1.,1.,1.,1.000000000001,0.999999999997,1.00000000001
      ,0.999999999979,1.)
    ,(1.,1.000000000004,0.999999999998,1.000000000001,1.,1.,1.,1.,1.,1.
      ,1.,1.,1.,1.,1.000000000001,0.999999999997,1.00000000001
      ,0.999999999979,1.)
    ,(1.,1.000000000004,0.999999999998,1.000000000001,1.,1.,1.,1.,1.,1.
      ,1.,1.,1.,1.,1.000000000001,0.999999999997,1.00000000001
      ,0.999999999979,1.)
    ,(1.,1.000000000004,0.999999999998,1.000000000001,1.,1.,1.,1.,1.,1.
      ,1.,1.,1.,1.,1.000000000001,0.999999999997,1.00000000001
      ,0.999999999979,1.)
    ,(1.,1.000000000004,0.999999999998,1.000000000001,1.,1.,1.,1.,1.,1.
      ,1.,1.,1.,1.,1.000000000001,0.999999999997,1.00000000001
      ,0.999999999979,1.)
    ,(1.,1.000000000004,0.999999999998,1.000000000001,1.,1.,1.,1.,1.,1.
      ,1.,1.,1.,1.,1.000000000001,0.999999999997,1.00000000001
      ,0.999999999979,1.)
    ,(1.,1.000000000004,0.999999999998,1.000000000001,1.,1.,1.,1.,1.,1.
      ,1.,1.,1.,1.,1.000000000001,0.999999999997,1.00000000001
      ,0.999999999979,1.)
    ,(1.,1.000000000004,0.999999999998,1.000000000001,1.,1.,1.,1.,1.,1.
      ,1.,1.,1.,1.,1.000000000001,0.999999999997,1.00000000001
      ,0.999999999979,1.)
    ,(1.,1.000000000004,0.999999999998,1.000000000001,1.,1.,1.,1.,1.,1.
      ,1.,1.,1.,1.,1.000000000001,0.999999999997,1.00000000001
      ,0.999999999979,1.)
    ,(1.,1.000000000004,0.999999999998,1.000000000001,1.,1.,1.,1.,1.,1.
      ,1.,1.,1.,1.,1.000000000001,0.999999999997,1.00000000001
      ,0.999999999979,1.)
    ,(1.,1.000000000004,0.999999999998,1.000000000001,1.,1.,1.,1.,1.,1.
      ,1.,1.,1.,1.,1.000000000001,0.999999999997,1.00000000001
      ,0.999999999979,1.)
    ,(1.,1.000000000004,0.999999999998,1.000000000001,1.,1.,1.,1.,1.,1.
      ,1.,1.,1.,1.,1.000000000001,0.999999999997,1.00000000001
      ,0.999999999979,1.)
    ,(1.,1.000000000004,0.999999999998,1.000000000001,1.,1.,1.,1.,1.,1.
      ,1.,1.,1.,1.,1.000000000001,0.999999999997,1.00000000001
      ,0.999999999979,1.)
    ,(1.,1.000000000004,0.999999999998,1.000000000001,1.,1.,1.,1.,1.,1.
      ,1.,1.,1.,1.,1.000000000001,0.999999999997,1.00000000001
      ,0.999999999979,1.)
    ,(1.,1.000000000004,0.999999999998,1.000000000001,1.,1.,1.,1.,1.,1.
      ,1.,1.,1.,1.,1.000000000001,0.999999999997,1.00000000001
      ,0.999999999979,1.)
    ,(1.,1.000000000004,0.999999999998,1.000000000001,1.,1.,1.,1.,1.,1.
      ,1.,1.,1.,1.,1.000000000001,0.999999999997,1.00000000001
      ,0.999999999979,1.)
    ,(1.,1.000000000004,0.999999999998,1.000000000001,1.,1.,1.,1.,1.,1.
      ,1.,1.,1.,1.,1.000000000001,0.999999999997,1.00000000001
,0.999999999979,1.))) REPRESENTATION_ITEM('') SURFACE() );
#4756 = CARTESIAN_POINT('',(1.085E+03,-1.42108547152E-14,-95.));
#4757 = CARTESIAN_POINT('',(1.097501693407E+03,-3.93971067865E-14,
    -94.99980622221));
#4758 = CARTESIAN_POINT('',(1.12250756841E+03,-2.361990744978E-14,
    -94.75864772669));
#4759 = CARTESIAN_POINT('',(1.16001600632E+03,-2.875888452633E-14,
    -93.67171445929));
#4760 = CARTESIAN_POINT('',(1.197523869447E+03,-3.188504452319E-14,
    -91.85902483778));
#4761 = CARTESIAN_POINT('',(1.235031941723E+03,-1.420041643783E-14,
    -89.31835490019));
#4762 = CARTESIAN_POINT('',(1.272540033094E+03,3.512026915135E-15,
    -86.04688110401));
#4763 = CARTESIAN_POINT('',(1.310048215573E+03,1.954417723701E-16,
    -82.04086902761));
#4764 = CARTESIAN_POINT('',(1.34755649125E+03,-4.324194016679E-15,
    -77.29572987263));
#4765 = CARTESIAN_POINT('',(1.385064883084E+03,1.718180837601E-14,
    -71.80597734738));
#4766 = CARTESIAN_POINT('',(1.422573405296E+03,2.099098570399E-14,
    -65.56518233757));
#4767 = CARTESIAN_POINT('',(1.460082091846E+03,-1.608182259682E-14,
    -58.56600232753));
#4768 = CARTESIAN_POINT('',(1.497590912794E+03,5.773582612854E-16,
    -50.79987497313));
#4769 = CARTESIAN_POINT('',(1.53510008349E+03,1.39907300302E-14,
    -42.25794748695));
#4770 = CARTESIAN_POINT('',(1.572608904708E+03,-1.403054188033E-14,
    -32.92732210312));
#4771 = CARTESIAN_POINT('',(1.61012012774E+03,-1.484693336492E-14,
    -22.80488380515));
#4772 = CARTESIAN_POINT('',(1.647586377839E+03,7.405883054323E-15,
    -11.85573957417));
#4773 = CARTESIAN_POINT('',(1.672482131747E+03,-5.724689370174E-14,
    -4.103493014148));
#4774 = CARTESIAN_POINT('',(1.685E+03,5.81179314008E-17,-0.35));
#4775 = CARTESIAN_POINT('',(1.085E+03,21.317950149356,-94.99999999999));
#4776 = CARTESIAN_POINT('',(1.097501693407E+03,21.317906666013,
    -94.9998062214));
#4777 = CARTESIAN_POINT('',(1.12250756841E+03,21.26379082574,
    -94.75864772706));
#4778 = CARTESIAN_POINT('',(1.16001600632E+03,21.019883571069,
    -93.67171445919));
#4779 = CARTESIAN_POINT('',(1.197523869447E+03,20.613116971152,
    -91.8590248378));
#4780 = CARTESIAN_POINT('',(1.235031941723E+03,20.04299197037,
    -89.31835490018));
#4781 = CARTESIAN_POINT('',(1.272540033094E+03,19.308874967187,
    -86.04688110401));
#4782 = CARTESIAN_POINT('',(1.310048215573E+03,18.409927959373,
    -82.04086902761));
#4783 = CARTESIAN_POINT('',(1.34755649125E+03,17.345121222977,
    -77.29572987263));
#4784 = CARTESIAN_POINT('',(1.385064883084E+03,16.113223637024,
    -71.80597734738));
#4785 = CARTESIAN_POINT('',(1.422573405296E+03,14.712792511639,
    -65.56518233757));
#4786 = CARTESIAN_POINT('',(1.460082091846E+03,13.142180190163,
    -58.56600232753));
#4787 = CARTESIAN_POINT('',(1.497590912794E+03,11.399465287062,
    -50.79987497313));
#4788 = CARTESIAN_POINT('',(1.53510008349E+03,9.482661241483,
    -42.25794748696));
#4789 = CARTESIAN_POINT('',(1.572608904708E+03,7.388873801542,
    -32.92732210309));
#4790 = CARTESIAN_POINT('',(1.61012012774E+03,5.117403959187,
    -22.80488380529));
#4791 = CARTESIAN_POINT('',(1.647586377839E+03,2.660421739135,
    -11.85573957367));
#4792 = CARTESIAN_POINT('',(1.672482131747E+03,0.920821679284,
    -4.103493015242));
#4793 = CARTESIAN_POINT('',(1.685E+03,7.853981633975E-02,-0.35));
#4794 = CARTESIAN_POINT('',(1.085E+03,42.635899016777,-89.84828331116));
#4795 = CARTESIAN_POINT('',(1.097501693407E+03,42.63581204936,
    -89.84810004174));
#4796 = CARTESIAN_POINT('',(1.12250756841E+03,42.527580373143,
    -89.62001923292));
#4797 = CARTESIAN_POINT('',(1.16001600632E+03,42.039765878028,
    -88.59202883138));
#4798 = CARTESIAN_POINT('',(1.197523869447E+03,41.22623270278,
    -86.87763882433));
#4799 = CARTESIAN_POINT('',(1.235031941723E+03,40.085982735448,
    -84.4747458522));
#4800 = CARTESIAN_POINT('',(1.272540033094E+03,38.617748773319,
    -81.38067948922));
#4801 = CARTESIAN_POINT('',(1.310048215573E+03,36.819854811452,
    -77.59190782615));
#4802 = CARTESIAN_POINT('',(1.34755649125E+03,34.690241403797,
    -73.10409090894));
#4803 = CARTESIAN_POINT('',(1.385064883084E+03,32.226446301826,
    -67.91203995901));
#4804 = CARTESIAN_POINT('',(1.422573405296E+03,29.425584150818,
    -62.00967450684));
#4805 = CARTESIAN_POINT('',(1.460082091846E+03,26.284359543942,
    -55.39005020015));
#4806 = CARTESIAN_POINT('',(1.497590912794E+03,22.798930061814,
    -48.04506905982));
#4807 = CARTESIAN_POINT('',(1.53510008349E+03,18.965321261525,
    -39.96635821805));
#4808 = CARTESIAN_POINT('',(1.572608904708E+03,14.777749609207,
    -31.14171991838));
#4809 = CARTESIAN_POINT('',(1.61012012774E+03,10.234809293891,
    -21.5682071545));
#4810 = CARTESIAN_POINT('',(1.647586377839E+03,5.320841576212,
    -11.21281925153));
#4811 = CARTESIAN_POINT('',(1.672482131747E+03,1.841648842452,
    -3.880966991352));
#4812 = CARTESIAN_POINT('',(1.685E+03,0.157078948108,-0.331019887388));
#4813 = CARTESIAN_POINT('',(1.085E+03,62.605139691552,-79.54485084224));
#4814 = CARTESIAN_POINT('',(1.097501693407E+03,62.60501199173,
    -79.54468858819));
#4815 = CARTESIAN_POINT('',(1.12250756841E+03,62.446088188539,
    -79.34276315245));
#4816 = CARTESIAN_POINT('',(1.16001600632E+03,61.729797567079,
    -78.43265847146));
#4817 = CARTESIAN_POINT('',(1.197523869447E+03,60.535232441032,
    -76.9148676762));
#4818 = CARTESIAN_POINT('',(1.235031941723E+03,58.860927216331,
    -74.78752861063));
#4819 = CARTESIAN_POINT('',(1.272540033094E+03,56.705021173901,
    -72.04827708269));
#4820 = CARTESIAN_POINT('',(1.310048215573E+03,54.06505332588,
    -68.6939862082));
#4821 = CARTESIAN_POINT('',(1.34755649125E+03,50.937999641884,
    -64.72081372024));
#4822 = CARTESIAN_POINT('',(1.385064883084E+03,47.32024466828,
    -60.12416587179));
#4823 = CARTESIAN_POINT('',(1.422573405296E+03,43.207551531821,
    -54.8986594627));
#4824 = CARTESIAN_POINT('',(1.460082091846E+03,38.59508179466,
    -49.03814654273));
#4825 = CARTESIAN_POINT('',(1.497590912794E+03,33.477191767362,
    -42.53545757966));
#4826 = CARTESIAN_POINT('',(1.53510008349E+03,27.848051554418,
    -35.383180609));
#4827 = CARTESIAN_POINT('',(1.572608904708E+03,21.699146071748,
    -27.57051389018));
#4828 = CARTESIAN_POINT('',(1.61012012774E+03,15.028446711922,
    -19.09485271518));
#4829 = CARTESIAN_POINT('',(1.647586377839E+03,7.812955291379,
    -9.926980124123));
#4830 = CARTESIAN_POINT('',(1.672482131747E+03,2.704190574506,
    -3.435910520521));
#4831 = CARTESIAN_POINT('',(1.685E+03,0.230651363708,-0.293060180068));
#4832 = CARTESIAN_POINT('',(1.085E+03,79.876925742327,-64.47489139796));
#4833 = CARTESIAN_POINT('',(1.097501693407E+03,79.876762811635,
    -64.47475988517));
#4834 = CARTESIAN_POINT('',(1.12250756841E+03,79.673994399244,
    -64.31108969638));
#4835 = CARTESIAN_POINT('',(1.16001600632E+03,78.760090315956,
    -63.57340649299));
#4836 = CARTESIAN_POINT('',(1.197523869447E+03,77.235963218242,
    -62.34316474038));
#4837 = CARTESIAN_POINT('',(1.235031941723E+03,75.099743176667,
    -60.61885507404));
#4838 = CARTESIAN_POINT('',(1.272540033094E+03,72.349056129748,
    -58.39856120336));
#4839 = CARTESIAN_POINT('',(1.310048215573E+03,68.980762137604,
    -55.67974863929));
#4840 = CARTESIAN_POINT('',(1.34755649125E+03,64.991002900459,
    -52.45930304347));
#4841 = CARTESIAN_POINT('',(1.385064883084E+03,60.375165466073,
    -48.73350095738));
#4842 = CARTESIAN_POINT('',(1.422573405296E+03,55.127844265219,
    -44.49797906975));
#4843 = CARTESIAN_POINT('',(1.460082091846E+03,49.242865291193,
    -39.74775406537));
#4844 = CARTESIAN_POINT('',(1.497590912794E+03,42.713030548566,
    -34.47701510487));
#4845 = CARTESIAN_POINT('',(1.53510008349E+03,35.530891615251,
    -28.67975290412));
#4846 = CARTESIAN_POINT('',(1.572608904708E+03,27.685622399508,
    -22.34721790654));
#4847 = CARTESIAN_POINT('',(1.61012012774E+03,19.174574832794,
    -15.47728983309));
#4848 = CARTESIAN_POINT('',(1.647586377839E+03,9.968414733837,
    -8.046288293523));
#4849 = CARTESIAN_POINT('',(1.672482131747E+03,3.45027784647,
    -2.784975672545));
#4850 = CARTESIAN_POINT('',(1.685E+03,0.294283745895,-0.237539014129));
#4851 = CARTESIAN_POINT('',(1.085E+03,93.223606923141,-45.40879881897));
#4852 = CARTESIAN_POINT('',(1.097501693407E+03,93.223416768027,
    -45.40870619569));
#4853 = CARTESIAN_POINT('',(1.12250756841E+03,92.986767666054,
    -45.29343548398));
#4854 = CARTESIAN_POINT('',(1.16001600632E+03,91.92015882696,
    -44.77389512538));
#4855 = CARTESIAN_POINT('',(1.197523869447E+03,90.141364461288,
    -43.90745240595));
#4856 = CARTESIAN_POINT('',(1.235031941723E+03,87.648202191988,
    -42.69304430006));
#4857 = CARTESIAN_POINT('',(1.272540033094E+03,84.437901273633,
    -41.12932118998));
#4858 = CARTESIAN_POINT('',(1.310048215573E+03,80.506797114652,
    -39.21449806974));
#4859 = CARTESIAN_POINT('',(1.34755649125E+03,75.850386719746,
    -36.94638155041));
#4860 = CARTESIAN_POINT('',(1.385064883084E+03,70.463286393361,
    -34.322349259));
#4861 = CARTESIAN_POINT('',(1.422573405296E+03,64.339187205936,
    -31.33932814109));
#4862 = CARTESIAN_POINT('',(1.460082091846E+03,57.470884060443,
    -27.99380863868));
#4863 = CARTESIAN_POINT('',(1.497590912794E+03,49.849974261295,
    -24.28169779041));
#4864 = CARTESIAN_POINT('',(1.53510008349E+03,41.467772278261,
    -20.19876508735));
#4865 = CARTESIAN_POINT('',(1.572608904708E+03,32.311615049891,
    -15.73884175595));
#4866 = CARTESIAN_POINT('',(1.61012012774E+03,22.378455931379,
    -10.90044481491));
#4867 = CARTESIAN_POINT('',(1.647586377839E+03,11.634052930898,
    -5.666894979942));
#4868 = CARTESIAN_POINT('',(1.672482131747E+03,4.026754936078,
    -1.961413460534));
#4869 = CARTESIAN_POINT('',(1.685E+03,0.343454865224,-0.167295462291));
#4870 = CARTESIAN_POINT('',(1.085E+03,101.65945068386,-23.459895279));
#4871 = CARTESIAN_POINT('',(1.097501693407E+03,101.65924332092,
    -23.45984742629));
#4872 = CARTESIAN_POINT('',(1.12250756841E+03,101.40117974215,
    -23.40029423629));
#4873 = CARTESIAN_POINT('',(1.16001600632E+03,100.23805301612,
    -23.13188012441));
#4874 = CARTESIAN_POINT('',(1.197523869447E+03,98.298294793357,
    -22.68424319079));
#4875 = CARTESIAN_POINT('',(1.235031941723E+03,95.579525212016,
    -22.05683423632));
#4876 = CARTESIAN_POINT('',(1.272540033094E+03,92.078722800906,
    -21.24895599775));
#4877 = CARTESIAN_POINT('',(1.310048215573E+03,87.791891357938,
    -20.25968627344));
#4878 = CARTESIAN_POINT('',(1.34755649125E+03,82.714120409972,
    -19.08789187747));
#4879 = CARTESIAN_POINT('',(1.385064883084E+03,76.839539088173,
    -17.73221798787));
#4880 = CARTESIAN_POINT('',(1.422573405296E+03,70.161267566701,
    -16.19107696913));
#4881 = CARTESIAN_POINT('',(1.460082091846E+03,62.671448750853,
    -14.4626555759));
#4882 = CARTESIAN_POINT('',(1.497590912794E+03,54.360919601793,
    -12.54483951401));
#4883 = CARTESIAN_POINT('',(1.53510008349E+03,45.220208555873,
    -10.43544207655));
#4884 = CARTESIAN_POINT('',(1.572608904708E+03,35.235506952064,
    -8.131280254975));
#4885 = CARTESIAN_POINT('',(1.61012012774E+03,24.40349200785,
    -5.63158160246));
#4886 = CARTESIAN_POINT('',(1.647586377839E+03,12.686823207157,
    -2.927729885921));
#4887 = CARTESIAN_POINT('',(1.672482131747E+03,4.391138043664,
    -1.013344594969));
#4888 = CARTESIAN_POINT('',(1.685E+03,0.374534424293,-8.643121490921E-02
    ));
#4889 = CARTESIAN_POINT('',(1.085E+03,104.54523116102,8.392017239852E-13
    ));
#4890 = CARTESIAN_POINT('',(1.097501693407E+03,104.5450179125,
    1.626504837326E-12));
#4891 = CARTESIAN_POINT('',(1.12250756841E+03,104.27962874867,
    2.738957292244E-13));
#4892 = CARTESIAN_POINT('',(1.16001600632E+03,103.08348464618,
    9.086526676872E-13));
#4893 = CARTESIAN_POINT('',(1.197523869447E+03,101.08866300942,
    1.328998420902E-12));
#4894 = CARTESIAN_POINT('',(1.235031941723E+03,98.292716420627,
    3.62366817963E-13));
#4895 = CARTESIAN_POINT('',(1.272540033094E+03,94.692537639103,
    1.502280090794E-12));
#4896 = CARTESIAN_POINT('',(1.310048215573E+03,90.284017022132,
    -3.126657042376E-12));
#4897 = CARTESIAN_POINT('',(1.34755649125E+03,85.062104709949,
    1.498635492471E-11));
#4898 = CARTESIAN_POINT('',(1.385064883084E+03,79.020763157474,
    -5.234704285843E-11));
#4899 = CARTESIAN_POINT('',(1.422573405296E+03,72.152917323338,
    2.012918708473E-10));
#4900 = CARTESIAN_POINT('',(1.460082091846E+03,64.450486774154,
    -7.548166945456E-10));
#4901 = CARTESIAN_POINT('',(1.497590912794E+03,55.904049494151,
    2.83869007411E-09));
#4902 = CARTESIAN_POINT('',(1.53510008349E+03,46.503860798786,
    -1.067080657145E-08));
#4903 = CARTESIAN_POINT('',(1.572608904708E+03,36.235736044433,
    4.015468888789E-08));
#4904 = CARTESIAN_POINT('',(1.61012012774E+03,25.096233072751,
    2.692523048354E-08));
#4905 = CARTESIAN_POINT('',(1.647586377839E+03,13.046955016092,
    -2.63477366268E-08));
#4906 = CARTESIAN_POINT('',(1.672482131747E+03,4.515806294407,
    8.590678022596E-08));
#4907 = CARTESIAN_POINT('',(1.685E+03,0.385166740063,-5.203747736882E-08
    ));
#4908 = CARTESIAN_POINT('',(1.085E+03,101.65945068387,23.459895279001));
#4909 = CARTESIAN_POINT('',(1.097501693407E+03,101.65924332293,
    23.459847426331));
#4910 = CARTESIAN_POINT('',(1.12250756841E+03,101.40117974123,
    23.400294236275));
#4911 = CARTESIAN_POINT('',(1.16001600632E+03,100.23805301637,
    23.131880124421));
#4912 = CARTESIAN_POINT('',(1.197523869447E+03,98.298294793296,
    22.684243190796));
#4913 = CARTESIAN_POINT('',(1.235031941723E+03,95.579525212027,
    22.056834236322));
#4914 = CARTESIAN_POINT('',(1.272540033094E+03,92.078722800955,
    21.24895599775));
#4915 = CARTESIAN_POINT('',(1.310048215573E+03,87.791891357775,
    20.259686273463));
#4916 = CARTESIAN_POINT('',(1.34755649125E+03,82.714120410633,
    19.087891877385));
#4917 = CARTESIAN_POINT('',(1.385064883084E+03,76.839539085745,
    17.7322179882));
#4918 = CARTESIAN_POINT('',(1.422573405296E+03,70.161267575853,
    16.191076967907));
#4919 = CARTESIAN_POINT('',(1.460082091846E+03,62.671448716533,
    14.462655580524));
#4920 = CARTESIAN_POINT('',(1.497590912794E+03,54.360919730771,
    12.544839496642));
#4921 = CARTESIAN_POINT('',(1.53510008349E+03,45.22020807092,
    10.435442141881));
#4922 = CARTESIAN_POINT('',(1.572608904708E+03,35.235508776918,
    8.131280009166));
#4923 = CARTESIAN_POINT('',(1.61012012774E+03,24.403493279718,
    5.631581431853));
#4924 = CARTESIAN_POINT('',(1.647586377839E+03,12.686821848491,
    2.927730066544));
#4925 = CARTESIAN_POINT('',(1.672482131747E+03,4.391142304407,
    1.013344026329));
#4926 = CARTESIAN_POINT('',(1.685E+03,0.374535052506,8.643117628725E-02)
  );
#4927 = CARTESIAN_POINT('',(1.085E+03,93.223606923135,45.408798818977));
#4928 = CARTESIAN_POINT('',(1.097501693407E+03,93.223416767257,
    45.408706195378));
#4929 = CARTESIAN_POINT('',(1.12250756841E+03,92.986767666404,
    45.293435484126));
#4930 = CARTESIAN_POINT('',(1.16001600632E+03,91.920158826862,
    44.773895125344));
#4931 = CARTESIAN_POINT('',(1.197523869447E+03,90.141364461312,
    43.907452405968));
#4932 = CARTESIAN_POINT('',(1.235031941723E+03,87.648202191975,
    42.693044300058));
#4933 = CARTESIAN_POINT('',(1.272540033094E+03,84.437901273639,
    41.129321190002));
#4934 = CARTESIAN_POINT('',(1.310048215573E+03,80.506797114609,
    39.214498069673));
#4935 = CARTESIAN_POINT('',(1.34755649125E+03,75.850386719879,
    36.946381550686));
#4936 = CARTESIAN_POINT('',(1.385064883084E+03,70.463286392829,
    34.322349257975));
#4937 = CARTESIAN_POINT('',(1.422573405296E+03,64.339187207906,
    31.339328144953));
#4938 = CARTESIAN_POINT('',(1.460082091846E+03,57.470884053019,
    27.993808624185));
#4939 = CARTESIAN_POINT('',(1.497590912794E+03,49.849974289175,
    24.281697844889));
#4940 = CARTESIAN_POINT('',(1.53510008349E+03,41.467772173415,
    20.198764882505));
#4941 = CARTESIAN_POINT('',(1.572608904708E+03,32.311615444398,
    15.738842526783));
#4942 = CARTESIAN_POINT('',(1.61012012774E+03,22.378456214735,
    10.900445349651));
#4943 = CARTESIAN_POINT('',(1.647586377839E+03,11.6340526091,
    5.66689441441));
#4944 = CARTESIAN_POINT('',(1.672482131747E+03,4.026755919272,
    1.96141524177));
#4945 = CARTESIAN_POINT('',(1.685E+03,0.343455533149,0.167295575633));
#4946 = CARTESIAN_POINT('',(1.085E+03,79.87692574232,64.474891397965));
#4947 = CARTESIAN_POINT('',(1.097501693407E+03,79.876762812667,
    64.474759884887));
#4948 = CARTESIAN_POINT('',(1.12250756841E+03,79.673994398755,
    64.311089696522));
#4949 = CARTESIAN_POINT('',(1.16001600632E+03,78.760090316085,
    63.573406492965));
#4950 = CARTESIAN_POINT('',(1.197523869447E+03,77.235963218197,
    62.343164740391));
#4951 = CARTESIAN_POINT('',(1.235031941723E+03,75.099743176702,
    60.618855074054));
#4952 = CARTESIAN_POINT('',(1.272540033094E+03,72.349056129629,
    58.398561203334));
#4953 = CARTESIAN_POINT('',(1.310048215573E+03,68.980762138013,
    55.679748639403));
#4954 = CARTESIAN_POINT('',(1.34755649125E+03,64.991002898894,
    52.459303043057));
#4955 = CARTESIAN_POINT('',(1.385064883084E+03,60.375165471898,
    48.733500958956));
#4956 = CARTESIAN_POINT('',(1.422573405296E+03,55.127844243332,
    44.497979063846));
#4957 = CARTESIAN_POINT('',(1.460082091846E+03,49.242865373339,
    39.747754087573));
#4958 = CARTESIAN_POINT('',(1.497590912794E+03,42.713030239889,
    34.477015021462));
#4959 = CARTESIAN_POINT('',(1.53510008349E+03,35.530892775904,
    28.679753217754));
#4960 = CARTESIAN_POINT('',(1.572608904708E+03,27.685618032073,
    22.347216726392));
#4961 = CARTESIAN_POINT('',(1.61012012774E+03,19.174571808496,
    15.477289018709));
#4962 = CARTESIAN_POINT('',(1.647586377839E+03,9.968417919786,
    8.046289144965));
#4963 = CARTESIAN_POINT('',(1.672482131747E+03,3.450267794624,
    2.784972977278));
#4964 = CARTESIAN_POINT('',(1.685E+03,0.294283456053,0.237539097812));
#4965 = CARTESIAN_POINT('',(1.085E+03,62.605139691568,79.544850842251));
#4966 = CARTESIAN_POINT('',(1.097501693407E+03,62.605011991374,
    79.544688588987));
#4967 = CARTESIAN_POINT('',(1.12250756841E+03,62.446088188728,
    79.342763152094));
#4968 = CARTESIAN_POINT('',(1.16001600632E+03,61.729797567036,
    78.432658471563));
#4969 = CARTESIAN_POINT('',(1.197523869447E+03,60.535232441061,
    76.914867676183));
#4970 = CARTESIAN_POINT('',(1.235031941723E+03,58.860927216302,
    74.787528610642));
#4971 = CARTESIAN_POINT('',(1.272540033094E+03,56.705021174042,
    72.04827708272));
#4972 = CARTESIAN_POINT('',(1.310048215573E+03,54.065053325426,
    68.693986208129));
#4973 = CARTESIAN_POINT('',(1.34755649125E+03,50.937999643659,
    64.720813720553));
#4974 = CARTESIAN_POINT('',(1.385064883084E+03,47.32024466171,
    60.124165870658));
#4975 = CARTESIAN_POINT('',(1.422573405296E+03,43.207551556541,
    54.898659466989));
#4976 = CARTESIAN_POINT('',(1.460082091846E+03,38.595081701914,
    49.038146526659));
#4977 = CARTESIAN_POINT('',(1.497590912794E+03,33.477192115894,
    42.535457640085));
#4978 = CARTESIAN_POINT('',(1.53510008349E+03,27.848050243924,
    35.383180381821));
#4979 = CARTESIAN_POINT('',(1.572608904708E+03,21.699151003046,
    27.570514745054));
#4980 = CARTESIAN_POINT('',(1.61012012774E+03,15.028450105984,
    19.094853303098));
#4981 = CARTESIAN_POINT('',(1.647586377839E+03,7.812951763279,
    9.926979514066));
#4982 = CARTESIAN_POINT('',(1.672482131747E+03,2.704201771133,
    3.435912458073));
#4983 = CARTESIAN_POINT('',(1.685E+03,0.230650415781,0.293059985111));
#4984 = CARTESIAN_POINT('',(1.085E+03,42.635899016764,89.84828331116));
#4985 = CARTESIAN_POINT('',(1.097501693407E+03,42.635812049791,
    89.848100041306));
#4986 = CARTESIAN_POINT('',(1.12250756841E+03,42.527580372923,
    89.620019233129));
#4987 = CARTESIAN_POINT('',(1.16001600632E+03,42.039765878079,
    88.592028831331));
#4988 = CARTESIAN_POINT('',(1.197523869447E+03,41.226232702755,
    86.877638824349));
#4989 = CARTESIAN_POINT('',(1.235031941723E+03,40.085982735459,
    84.474745852203));
#4990 = CARTESIAN_POINT('',(1.272540033094E+03,38.617748773254,
    81.380679489216));
#4991 = CARTESIAN_POINT('',(1.310048215573E+03,36.819854811629,
    77.591907826172));
#4992 = CARTESIAN_POINT('',(1.34755649125E+03,34.690241403077,
    73.104090908855));
#4993 = CARTESIAN_POINT('',(1.385064883084E+03,32.226446304459,
    67.912039959326));
#4994 = CARTESIAN_POINT('',(1.422573405296E+03,29.425584140881,
    62.009674505673));
#4995 = CARTESIAN_POINT('',(1.460082091846E+03,26.284359581193,
    55.390050204564));
#4996 = CARTESIAN_POINT('',(1.497590912794E+03,22.798929921814,
    48.045069043235));
#4997 = CARTESIAN_POINT('',(1.53510008349E+03,18.965321787915,
    39.966358280441));
#4998 = CARTESIAN_POINT('',(1.572608904708E+03,14.777747628423,
    31.141719683634));
#4999 = CARTESIAN_POINT('',(1.61012012774E+03,10.234807934164,
    21.568206994076));
#5000 = CARTESIAN_POINT('',(1.647586377839E+03,5.320842981369,
    11.212819415655));
#5001 = CARTESIAN_POINT('',(1.672482131747E+03,1.841644371562,
    3.88096646681));
#5002 = CARTESIAN_POINT('',(1.685E+03,0.157079551768,0.331019991866));
#5003 = CARTESIAN_POINT('',(1.085E+03,21.317950149361,94.999999999999));
#5004 = CARTESIAN_POINT('',(1.097501693407E+03,21.317906665807,
    94.999806223281));
#5005 = CARTESIAN_POINT('',(1.12250756841E+03,21.263790825843,
    94.758647726197));
#5006 = CARTESIAN_POINT('',(1.16001600632E+03,21.019883571044,
    93.671714459429));
#5007 = CARTESIAN_POINT('',(1.197523869447E+03,20.613116971162,
    91.859024837747));
#5008 = CARTESIAN_POINT('',(1.235031941723E+03,20.042991970371,
    89.318354900204));
#5009 = CARTESIAN_POINT('',(1.272540033094E+03,19.308874967192,
    86.046881104007));
#5010 = CARTESIAN_POINT('',(1.310048215573E+03,18.409927959385,
    82.040869027613));
#5011 = CARTESIAN_POINT('',(1.34755649125E+03,17.345121222958,
    77.29572987263));
#5012 = CARTESIAN_POINT('',(1.385064883084E+03,16.113223637116,
    71.805977347392));
#5013 = CARTESIAN_POINT('',(1.422573405296E+03,14.712792511314,
    65.565182337541));
#5014 = CARTESIAN_POINT('',(1.460082091846E+03,13.142180191406,
    58.566002327648));
#5015 = CARTESIAN_POINT('',(1.497590912794E+03,11.399465282403,
    50.799874972719));
#5016 = CARTESIAN_POINT('',(1.53510008349E+03,9.482661259014,
    42.257947488519));
#5017 = CARTESIAN_POINT('',(1.572608904708E+03,7.38887373559,
    32.927322097237));
#5018 = CARTESIAN_POINT('',(1.61012012774E+03,5.117403912914,
    22.804883800993));
#5019 = CARTESIAN_POINT('',(1.647586377839E+03,2.660421789266,
    11.855739578757));
#5020 = CARTESIAN_POINT('',(1.672482131747E+03,0.920821523027,
    4.103492999962));
#5021 = CARTESIAN_POINT('',(1.685E+03,7.853977588391E-02,0.349999995243)
  );
#5022 = CARTESIAN_POINT('',(1.085E+03,-21.31795014936,95.000000000002));
#5023 = CARTESIAN_POINT('',(1.097501693407E+03,-21.31790666567,
    94.999806222502));
#5024 = CARTESIAN_POINT('',(1.12250756841E+03,-21.2637908259,
    94.758647726566));
#5025 = CARTESIAN_POINT('',(1.16001600632E+03,-21.01988357102,
    93.671714459333));
#5026 = CARTESIAN_POINT('',(1.197523869447E+03,-20.61311697116,
    91.859024837776));
#5027 = CARTESIAN_POINT('',(1.235031941723E+03,-20.04299197036,
    89.3183549002));
#5028 = CARTESIAN_POINT('',(1.272540033094E+03,-19.30887496719,
    86.046881104012));
#5029 = CARTESIAN_POINT('',(1.310048215573E+03,-18.40992795938,
    82.040869027616));
#5030 = CARTESIAN_POINT('',(1.34755649125E+03,-17.34512122295,
    77.295729872632));
#5031 = CARTESIAN_POINT('',(1.385064883084E+03,-16.11322363711,
    71.805977347394));
#5032 = CARTESIAN_POINT('',(1.422573405296E+03,-14.71279251131,
    65.565182337544));
#5033 = CARTESIAN_POINT('',(1.460082091846E+03,-13.1421801914,
    58.566002327648));
#5034 = CARTESIAN_POINT('',(1.497590912794E+03,-11.3994652824,
    50.799874972722));
#5035 = CARTESIAN_POINT('',(1.53510008349E+03,-9.482661259013,
    42.257947488516));
#5036 = CARTESIAN_POINT('',(1.572608904708E+03,-7.388873735592,
    32.92732209726));
#5037 = CARTESIAN_POINT('',(1.61012012774E+03,-5.117403912905,
    22.804883800905));
#5038 = CARTESIAN_POINT('',(1.647586377839E+03,-2.660421789298,
    11.855739579088));
#5039 = CARTESIAN_POINT('',(1.672482131747E+03,-0.920821522956,
    4.103492999245));
#5040 = CARTESIAN_POINT('',(1.685E+03,-7.853977588391E-02,0.349999995243
    ));
#5041 = CARTESIAN_POINT('',(1.085E+03,-42.63589901676,89.848283311152));
#5042 = CARTESIAN_POINT('',(1.097501693407E+03,-42.63581204955,
    89.848100040646));
#5043 = CARTESIAN_POINT('',(1.12250756841E+03,-42.52758037303,
    89.620019233419));
#5044 = CARTESIAN_POINT('',(1.16001600632E+03,-42.03976587805,
    88.592028831248));
#5045 = CARTESIAN_POINT('',(1.197523869447E+03,-41.22623270275,
    86.877638824366));
#5046 = CARTESIAN_POINT('',(1.235031941723E+03,-40.08598273546,
    84.474745852189));
#5047 = CARTESIAN_POINT('',(1.272540033094E+03,-38.61774877325,
    81.38067948921));
#5048 = CARTESIAN_POINT('',(1.310048215573E+03,-36.81985481162,
    77.591907826164));
#5049 = CARTESIAN_POINT('',(1.34755649125E+03,-34.69024140308,
    73.10409090885));
#5050 = CARTESIAN_POINT('',(1.385064883084E+03,-32.22644630445,
    67.912039959321));
#5051 = CARTESIAN_POINT('',(1.422573405296E+03,-29.42558414088,
    62.009674505666));
#5052 = CARTESIAN_POINT('',(1.460082091846E+03,-26.28435958119,
    55.390050204562));
#5053 = CARTESIAN_POINT('',(1.497590912794E+03,-22.79892992181,
    48.045069043235));
#5054 = CARTESIAN_POINT('',(1.53510008349E+03,-18.9653217879,
    39.966358280422));
#5055 = CARTESIAN_POINT('',(1.572608904708E+03,-14.77774762845,
    31.141719683683));
#5056 = CARTESIAN_POINT('',(1.61012012774E+03,-10.23480793405,
    21.568206993899));
#5057 = CARTESIAN_POINT('',(1.647586377839E+03,-5.320842981782,
    11.212819416317));
#5058 = CARTESIAN_POINT('',(1.672482131747E+03,-1.84164437067,
    3.880966465379));
#5059 = CARTESIAN_POINT('',(1.685E+03,-0.157079551768,0.331019991866));
#5060 = CARTESIAN_POINT('',(1.085E+03,-62.60513969156,79.544850842259));
#5061 = CARTESIAN_POINT('',(1.097501693407E+03,-62.60501199119,
    79.54468858988));
#5062 = CARTESIAN_POINT('',(1.12250756841E+03,-62.4460881888,
    79.342763151698));
#5063 = CARTESIAN_POINT('',(1.16001600632E+03,-61.729797567,
    78.432658471675));
#5064 = CARTESIAN_POINT('',(1.197523869447E+03,-60.53523244107,
    76.914867676157));
#5065 = CARTESIAN_POINT('',(1.235031941723E+03,-58.86092721629,
    74.787528610659));
#5066 = CARTESIAN_POINT('',(1.272540033094E+03,-56.70502117404,
    72.048277082727));
#5067 = CARTESIAN_POINT('',(1.310048215573E+03,-54.06505332543,
    68.693986208139));
#5068 = CARTESIAN_POINT('',(1.34755649125E+03,-50.93799964364,
    64.720813720558));
#5069 = CARTESIAN_POINT('',(1.385064883084E+03,-47.3202446617,
    60.124165870664));
#5070 = CARTESIAN_POINT('',(1.422573405296E+03,-43.20755155653,
    54.898659466996));
#5071 = CARTESIAN_POINT('',(1.460082091846E+03,-38.59508170191,
    49.038146526658));
#5072 = CARTESIAN_POINT('',(1.497590912794E+03,-33.47719211589,
    42.535457640091));
#5073 = CARTESIAN_POINT('',(1.53510008349E+03,-27.84805024392,
    35.383180381825));
#5074 = CARTESIAN_POINT('',(1.572608904708E+03,-21.69915100303,
    27.570514745062));
#5075 = CARTESIAN_POINT('',(1.61012012774E+03,-15.02845010601,
    19.09485330306));
#5076 = CARTESIAN_POINT('',(1.647586377839E+03,-7.812951763157,
    9.926979514212));
#5077 = CARTESIAN_POINT('',(1.672482131747E+03,-2.704201771396,
    3.435912457758));
#5078 = CARTESIAN_POINT('',(1.685E+03,-0.230650415781,0.293059985111));
#5079 = CARTESIAN_POINT('',(1.085E+03,-79.87692574232,64.474891397961));
#5080 = CARTESIAN_POINT('',(1.097501693407E+03,-79.87676281251,
    64.47475988532));
#5081 = CARTESIAN_POINT('',(1.12250756841E+03,-79.67399439883,
    64.311089696313));
#5082 = CARTESIAN_POINT('',(1.16001600632E+03,-78.76009031607,
    63.573406493017));
#5083 = CARTESIAN_POINT('',(1.197523869447E+03,-77.2359632182,
    62.343164740376));
#5084 = CARTESIAN_POINT('',(1.235031941723E+03,-75.0997431767,
    60.618855074053));
#5085 = CARTESIAN_POINT('',(1.272540033094E+03,-72.34905612962,
    58.398561203329));
#5086 = CARTESIAN_POINT('',(1.310048215573E+03,-68.98076213801,
    55.679748639399));
#5087 = CARTESIAN_POINT('',(1.34755649125E+03,-64.9910028989,
    52.459303043055));
#5088 = CARTESIAN_POINT('',(1.385064883084E+03,-60.3751654719,
    48.733500958952));
#5089 = CARTESIAN_POINT('',(1.422573405296E+03,-55.12784424333,
    44.497979063844));
#5090 = CARTESIAN_POINT('',(1.460082091846E+03,-49.24286537334,
    39.747754087572));
#5091 = CARTESIAN_POINT('',(1.497590912794E+03,-42.71303023989,
    34.477015021462));
#5092 = CARTESIAN_POINT('',(1.53510008349E+03,-35.5308927759,
    28.679753217739));
#5093 = CARTESIAN_POINT('',(1.572608904708E+03,-27.68561803207,
    22.347216726439));
#5094 = CARTESIAN_POINT('',(1.61012012774E+03,-19.17457180847,
    15.477289018532));
#5095 = CARTESIAN_POINT('',(1.647586377839E+03,-9.96841791988,
    8.04628914563));
#5096 = CARTESIAN_POINT('',(1.672482131747E+03,-3.450267794421,
    2.784972975841));
#5097 = CARTESIAN_POINT('',(1.685E+03,-0.294283456053,0.237539097812));
#5098 = CARTESIAN_POINT('',(1.085E+03,-93.22360692313,45.408798818975));
#5099 = CARTESIAN_POINT('',(1.097501693407E+03,-93.22341676879,
    45.408706195068));
#5100 = CARTESIAN_POINT('',(1.12250756841E+03,-92.98676766569,
    45.293435484263));
#5101 = CARTESIAN_POINT('',(1.16001600632E+03,-91.92015882705,
    44.773895125306));
#5102 = CARTESIAN_POINT('',(1.197523869447E+03,-90.14136446125,
    43.907452405977));
#5103 = CARTESIAN_POINT('',(1.235031941723E+03,-87.64820219198,
    42.693044300053));
#5104 = CARTESIAN_POINT('',(1.272540033094E+03,-84.43790127363,
    41.129321189999));
#5105 = CARTESIAN_POINT('',(1.310048215573E+03,-80.5067971146,
    39.214498069671));
#5106 = CARTESIAN_POINT('',(1.34755649125E+03,-75.85038671988,
    36.946381550684));
#5107 = CARTESIAN_POINT('',(1.385064883084E+03,-70.46328639282,
    34.322349257973));
#5108 = CARTESIAN_POINT('',(1.422573405296E+03,-64.3391872079,
    31.33932814495));
#5109 = CARTESIAN_POINT('',(1.460082091846E+03,-57.47088405302,
    27.993808624186));
#5110 = CARTESIAN_POINT('',(1.497590912794E+03,-49.84997428917,
    24.281697844887));
#5111 = CARTESIAN_POINT('',(1.53510008349E+03,-41.46777217342,
    20.198764882506));
#5112 = CARTESIAN_POINT('',(1.572608904708E+03,-32.31161544436,
    15.738842526769));
#5113 = CARTESIAN_POINT('',(1.61012012774E+03,-22.37845621484,
    10.900445349707));
#5114 = CARTESIAN_POINT('',(1.647586377839E+03,-11.6340526087,
    5.666894414201));
#5115 = CARTESIAN_POINT('',(1.672482131747E+03,-4.026755920135,
    1.961415242222));
#5116 = CARTESIAN_POINT('',(1.685E+03,-0.343455533149,0.167295575633));
#5117 = CARTESIAN_POINT('',(1.085E+03,-101.6594506838,23.459895279005));
#5118 = CARTESIAN_POINT('',(1.097501693407E+03,-101.659243323,
    23.459847426422));
#5119 = CARTESIAN_POINT('',(1.12250756841E+03,-101.4011797411,
    23.400294236244));
#5120 = CARTESIAN_POINT('',(1.16001600632E+03,-100.2380530163,
    23.131880124433));
#5121 = CARTESIAN_POINT('',(1.197523869447E+03,-98.29829479329,
    22.684243190795));
#5122 = CARTESIAN_POINT('',(1.235031941723E+03,-95.57952521201,
    22.056834236329));
#5123 = CARTESIAN_POINT('',(1.272540033094E+03,-92.07872280095,
    21.248955997755));
#5124 = CARTESIAN_POINT('',(1.310048215573E+03,-87.79189135777,
    20.259686273469));
#5125 = CARTESIAN_POINT('',(1.34755649125E+03,-82.71412041062,
    19.087891877387));
#5126 = CARTESIAN_POINT('',(1.385064883084E+03,-76.83953908574,
    17.732217988205));
#5127 = CARTESIAN_POINT('',(1.422573405296E+03,-70.16126757585,
    16.19107696791));
#5128 = CARTESIAN_POINT('',(1.460082091846E+03,-62.67144871653,
    14.462655580524));
#5129 = CARTESIAN_POINT('',(1.497590912794E+03,-54.36091973077,
    12.544839496646));
#5130 = CARTESIAN_POINT('',(1.53510008349E+03,-45.22020807091,
    10.435442141884));
#5131 = CARTESIAN_POINT('',(1.572608904708E+03,-35.23550877691,
    8.131280009168));
#5132 = CARTESIAN_POINT('',(1.61012012774E+03,-24.40349327972,
    5.631581431842));
#5133 = CARTESIAN_POINT('',(1.647586377839E+03,-12.68682184848,
    2.927730066588));
#5134 = CARTESIAN_POINT('',(1.672482131747E+03,-4.39114230442,
    1.013344026234));
#5135 = CARTESIAN_POINT('',(1.685E+03,-0.374535052506,8.643117628725E-02
    ));
#5136 = CARTESIAN_POINT('',(1.085E+03,-104.545231161,2.385393470052E-14)
  );
#5137 = CARTESIAN_POINT('',(1.097501693407E+03,-104.5450179143,
    2.916891156493E-12));
#5138 = CARTESIAN_POINT('',(1.12250756841E+03,-104.2796287478,
    -7.747553311962E-13));
#5139 = CARTESIAN_POINT('',(1.16001600632E+03,-103.0834846464,
    1.358937567829E-13));
#5140 = CARTESIAN_POINT('',(1.197523869447E+03,-101.0886630093,
    9.1848317521E-13));
#5141 = CARTESIAN_POINT('',(1.235031941723E+03,-98.29271642064,
    -4.310586180044E-13));
#5142 = CARTESIAN_POINT('',(1.272540033094E+03,-94.69253763909,
    1.288269362825E-12));
#5143 = CARTESIAN_POINT('',(1.310048215573E+03,-90.28401702213,
    -4.382481664908E-12));
#5144 = CARTESIAN_POINT('',(1.34755649125E+03,-85.06210470994,
    1.505589541494E-11));
#5145 = CARTESIAN_POINT('',(1.385064883084E+03,-79.02076315747,
    -5.400724809751E-11));
#5146 = CARTESIAN_POINT('',(1.422573405296E+03,-72.15291732333,
    2.022990046166E-10));
#5147 = CARTESIAN_POINT('',(1.460082091846E+03,-64.45048677415,
    -7.556368238767E-10));
#5148 = CARTESIAN_POINT('',(1.497590912794E+03,-55.90404949415,
    2.837873825482E-09));
#5149 = CARTESIAN_POINT('',(1.53510008349E+03,-46.50386079879,
    -1.067119696345E-08));
#5150 = CARTESIAN_POINT('',(1.572608904708E+03,-36.2357360444,
    4.015479016693E-08));
#5151 = CARTESIAN_POINT('',(1.61012012774E+03,-25.09623307286,
    2.692519747696E-08));
#5152 = CARTESIAN_POINT('',(1.647586377839E+03,-13.04695501567,
    -2.634791892855E-08));
#5153 = CARTESIAN_POINT('',(1.672482131747E+03,-4.515806295302,
    8.5907193732E-08));
#5154 = CARTESIAN_POINT('',(1.685E+03,-0.385166740063,
    -5.203747727861E-08));
#5155 = CARTESIAN_POINT('',(1.085E+03,-101.6594506838,-23.459895279));
#5156 = CARTESIAN_POINT('',(1.097501693407E+03,-101.6592433238,
    -23.45984742649));
#5157 = CARTESIAN_POINT('',(1.12250756841E+03,-101.4011797408,
    -23.4002942362));
#5158 = CARTESIAN_POINT('',(1.16001600632E+03,-100.2380530164,
    -23.13188012444));
#5159 = CARTESIAN_POINT('',(1.197523869447E+03,-98.29829479325,
    -22.68424319079));
#5160 = CARTESIAN_POINT('',(1.235031941723E+03,-95.57952521205,
    -22.05683423632));
#5161 = CARTESIAN_POINT('',(1.272540033094E+03,-92.07872280089,
    -21.24895599776));
#5162 = CARTESIAN_POINT('',(1.310048215573E+03,-87.79189135793,
    -20.25968627344));
#5163 = CARTESIAN_POINT('',(1.34755649125E+03,-82.71412040998,
    -19.08789187747));
#5164 = CARTESIAN_POINT('',(1.385064883084E+03,-76.83953908817,
    -17.73221798787));
#5165 = CARTESIAN_POINT('',(1.422573405296E+03,-70.1612675667,
    -16.19107696914));
#5166 = CARTESIAN_POINT('',(1.460082091846E+03,-62.67144875085,
    -14.4626555759));
#5167 = CARTESIAN_POINT('',(1.497590912794E+03,-54.36091960179,
    -12.54483951401));
#5168 = CARTESIAN_POINT('',(1.53510008349E+03,-45.22020855587,
    -10.43544207656));
#5169 = CARTESIAN_POINT('',(1.572608904708E+03,-35.23550695207,
    -8.131280254972));
#5170 = CARTESIAN_POINT('',(1.61012012774E+03,-24.40349200782,
    -5.631581602467));
#5171 = CARTESIAN_POINT('',(1.647586377839E+03,-12.68682320724,
    -2.927729885894));
#5172 = CARTESIAN_POINT('',(1.672482131747E+03,-4.391138043474,
    -1.013344595026));
#5173 = CARTESIAN_POINT('',(1.685E+03,-0.374534424293,
    -8.643121490921E-02));
#5174 = CARTESIAN_POINT('',(1.085E+03,-93.22360692313,-45.40879881897));
#5175 = CARTESIAN_POINT('',(1.097501693407E+03,-93.22341676884,
    -45.40870619629));
#5176 = CARTESIAN_POINT('',(1.12250756841E+03,-92.98676766566,
    -45.29343548369));
#5177 = CARTESIAN_POINT('',(1.16001600632E+03,-91.92015882705,
    -44.77389512545));
#5178 = CARTESIAN_POINT('',(1.197523869447E+03,-90.14136446126,
    -43.90745240593));
#5179 = CARTESIAN_POINT('',(1.235031941723E+03,-87.64820219198,
    -42.69304430006));
#5180 = CARTESIAN_POINT('',(1.272540033094E+03,-84.43790127363,
    -41.12932118997));
#5181 = CARTESIAN_POINT('',(1.310048215573E+03,-80.50679711465,
    -39.21449806974));
#5182 = CARTESIAN_POINT('',(1.34755649125E+03,-75.85038671974,
    -36.94638155041));
#5183 = CARTESIAN_POINT('',(1.385064883084E+03,-70.46328639335,
    -34.322349259));
#5184 = CARTESIAN_POINT('',(1.422573405296E+03,-64.33918720593,
    -31.33932814109));
#5185 = CARTESIAN_POINT('',(1.460082091846E+03,-57.47088406043,
    -27.99380863868));
#5186 = CARTESIAN_POINT('',(1.497590912794E+03,-49.84997426129,
    -24.2816977904));
#5187 = CARTESIAN_POINT('',(1.53510008349E+03,-41.46777227826,
    -20.19876508735));
#5188 = CARTESIAN_POINT('',(1.572608904708E+03,-32.31161504987,
    -15.73884175595));
#5189 = CARTESIAN_POINT('',(1.61012012774E+03,-22.37845593143,
    -10.90044481493));
#5190 = CARTESIAN_POINT('',(1.647586377839E+03,-11.6340529307,
    -5.666894979869));
#5191 = CARTESIAN_POINT('',(1.672482131747E+03,-4.026754936504,
    -1.961413460691));
#5192 = CARTESIAN_POINT('',(1.685E+03,-0.343454865224,-0.167295462291));
#5193 = CARTESIAN_POINT('',(1.085E+03,-79.87692574232,-64.47489139796));
#5194 = CARTESIAN_POINT('',(1.097501693407E+03,-79.87676281267,
    -64.47475988425));
#5195 = CARTESIAN_POINT('',(1.12250756841E+03,-79.67399439875,
    -64.3110896968));
#5196 = CARTESIAN_POINT('',(1.16001600632E+03,-78.76009031608,
    -63.57340649288));
#5197 = CARTESIAN_POINT('',(1.197523869447E+03,-77.2359632182,
    -62.34316474041));
#5198 = CARTESIAN_POINT('',(1.235031941723E+03,-75.09974317667,
    -60.61885507403));
#5199 = CARTESIAN_POINT('',(1.272540033094E+03,-72.34905612974,
    -58.39856120336));
#5200 = CARTESIAN_POINT('',(1.310048215573E+03,-68.9807621376,
    -55.67974863928));
#5201 = CARTESIAN_POINT('',(1.34755649125E+03,-64.99100290045,
    -52.45930304347));
#5202 = CARTESIAN_POINT('',(1.385064883084E+03,-60.37516546607,
    -48.73350095737));
#5203 = CARTESIAN_POINT('',(1.422573405296E+03,-55.12784426521,
    -44.49797906975));
#5204 = CARTESIAN_POINT('',(1.460082091846E+03,-49.24286529119,
    -39.74775406537));
#5205 = CARTESIAN_POINT('',(1.497590912794E+03,-42.71303054856,
    -34.47701510486));
#5206 = CARTESIAN_POINT('',(1.53510008349E+03,-35.53089161525,
    -28.67975290412));
#5207 = CARTESIAN_POINT('',(1.572608904708E+03,-27.68562239949,
    -22.34721790655));
#5208 = CARTESIAN_POINT('',(1.61012012774E+03,-19.17457483285,
    -15.47728983306));
#5209 = CARTESIAN_POINT('',(1.647586377839E+03,-9.968414733621,
    -8.046288293642));
#5210 = CARTESIAN_POINT('',(1.672482131747E+03,-3.450277846939,
    -2.784975672288));
#5211 = CARTESIAN_POINT('',(1.685E+03,-0.294283745895,-0.237539014129));
#5212 = CARTESIAN_POINT('',(1.085E+03,-62.60513969156,-79.54485084225));
#5213 = CARTESIAN_POINT('',(1.097501693407E+03,-62.60501199179,
    -79.54468858854));
#5214 = CARTESIAN_POINT('',(1.12250756841E+03,-62.44608818852,
    -79.34276315231));
#5215 = CARTESIAN_POINT('',(1.16001600632E+03,-61.7297975671,
    -78.4326584715));
#5216 = CARTESIAN_POINT('',(1.197523869447E+03,-60.53523244103,
    -76.91486767619));
#5217 = CARTESIAN_POINT('',(1.235031941723E+03,-58.86092721635,
    -74.78752861065));
#5218 = CARTESIAN_POINT('',(1.272540033094E+03,-56.70502117389,
    -72.0482770827));
#5219 = CARTESIAN_POINT('',(1.310048215573E+03,-54.06505332587,
    -68.69398620822));
#5220 = CARTESIAN_POINT('',(1.34755649125E+03,-50.93799964189,
    -64.72081372025));
#5221 = CARTESIAN_POINT('',(1.385064883084E+03,-47.32024466828,
    -60.1241658718));
#5222 = CARTESIAN_POINT('',(1.422573405296E+03,-43.20755153182,
    -54.89865946271));
#5223 = CARTESIAN_POINT('',(1.460082091846E+03,-38.59508179466,
    -49.03814654273));
#5224 = CARTESIAN_POINT('',(1.497590912794E+03,-33.47719176736,
    -42.53545757967));
#5225 = CARTESIAN_POINT('',(1.53510008349E+03,-27.84805155442,
    -35.383180609));
#5226 = CARTESIAN_POINT('',(1.572608904708E+03,-21.69914607175,
    -27.57051389021));
#5227 = CARTESIAN_POINT('',(1.61012012774E+03,-15.02844671187,
    -19.09485271504));
#5228 = CARTESIAN_POINT('',(1.647586377839E+03,-7.812955291534,
    -9.926980124659));
#5229 = CARTESIAN_POINT('',(1.672482131747E+03,-2.704190574168,
    -3.435910519361));
#5230 = CARTESIAN_POINT('',(1.685E+03,-0.230651363708,-0.293060180068));
#5231 = CARTESIAN_POINT('',(1.085E+03,-42.63589901676,-89.84828331115));
#5232 = CARTESIAN_POINT('',(1.097501693407E+03,-42.6358120494,
    -89.84810004202));
#5233 = CARTESIAN_POINT('',(1.12250756841E+03,-42.5275803731,
    -89.62001923278));
#5234 = CARTESIAN_POINT('',(1.16001600632E+03,-42.03976587802,
    -88.59202883142));
#5235 = CARTESIAN_POINT('',(1.197523869447E+03,-41.22623270277,
    -86.87763882432));
#5236 = CARTESIAN_POINT('',(1.235031941723E+03,-40.08598273543,
    -84.47474585219));
#5237 = CARTESIAN_POINT('',(1.272540033094E+03,-38.61774877331,
    -81.38067948921));
#5238 = CARTESIAN_POINT('',(1.310048215573E+03,-36.81985481145,
    -77.59190782614));
#5239 = CARTESIAN_POINT('',(1.34755649125E+03,-34.69024140378,
    -73.10409090893));
#5240 = CARTESIAN_POINT('',(1.385064883084E+03,-32.22644630181,
    -67.912039959));
#5241 = CARTESIAN_POINT('',(1.422573405296E+03,-29.42558415081,
    -62.00967450684));
#5242 = CARTESIAN_POINT('',(1.460082091846E+03,-26.28435954393,
    -55.39005020014));
#5243 = CARTESIAN_POINT('',(1.497590912794E+03,-22.79893006181,
    -48.04506905982));
#5244 = CARTESIAN_POINT('',(1.53510008349E+03,-18.96532126151,
    -39.96635821805));
#5245 = CARTESIAN_POINT('',(1.572608904708E+03,-14.77774960922,
    -31.14171991837));
#5246 = CARTESIAN_POINT('',(1.61012012774E+03,-10.23480929389,
    -21.56820715453));
#5247 = CARTESIAN_POINT('',(1.647586377839E+03,-5.320841576223,
    -11.21281925144));
#5248 = CARTESIAN_POINT('',(1.672482131747E+03,-1.841648842435,
    -3.880966991545));
#5249 = CARTESIAN_POINT('',(1.685E+03,-0.157078948108,-0.331019887388));
#5250 = CARTESIAN_POINT('',(1.085E+03,-21.31795014936,-95.));
#5251 = CARTESIAN_POINT('',(1.097501693407E+03,-21.31790666564,
    -94.99980622096));
#5252 = CARTESIAN_POINT('',(1.12250756841E+03,-21.26379082591,
    -94.75864772727));
#5253 = CARTESIAN_POINT('',(1.16001600632E+03,-21.01988357102,
    -93.67171445914));
#5254 = CARTESIAN_POINT('',(1.197523869447E+03,-20.61311697116,
    -91.85902483782));
#5255 = CARTESIAN_POINT('',(1.235031941723E+03,-20.04299197037,
    -89.31835490018));
#5256 = CARTESIAN_POINT('',(1.272540033094E+03,-19.30887496718,
    -86.04688110401));
#5257 = CARTESIAN_POINT('',(1.310048215573E+03,-18.40992795937,
    -82.04086902761));
#5258 = CARTESIAN_POINT('',(1.34755649125E+03,-17.34512122298,
    -77.29572987263));
#5259 = CARTESIAN_POINT('',(1.385064883084E+03,-16.11322363702,
    -71.80597734738));
#5260 = CARTESIAN_POINT('',(1.422573405296E+03,-14.71279251164,
    -65.56518233757));
#5261 = CARTESIAN_POINT('',(1.460082091846E+03,-13.14218019016,
    -58.56600232753));
#5262 = CARTESIAN_POINT('',(1.497590912794E+03,-11.39946528706,
    -50.79987497313));
#5263 = CARTESIAN_POINT('',(1.53510008349E+03,-9.482661241487,
    -42.25794748696));
#5264 = CARTESIAN_POINT('',(1.572608904708E+03,-7.388873801533,
    -32.9273221031));
#5265 = CARTESIAN_POINT('',(1.61012012774E+03,-5.117403959161,
    -22.80488380526));
#5266 = CARTESIAN_POINT('',(1.647586377839E+03,-2.66042173921,
    -11.85573957377));
#5267 = CARTESIAN_POINT('',(1.672482131747E+03,-0.920821679117,
    -4.103493015007));
#5268 = CARTESIAN_POINT('',(1.685E+03,-7.853981633975E-02,-0.35));
#5269 = CARTESIAN_POINT('',(1.085E+03,-1.428258552837E-14,-95.));
#5270 = CARTESIAN_POINT('',(1.097501693407E+03,5.383896989746E-14,
    -94.9998062222));
#5271 = CARTESIAN_POINT('',(1.12250756841E+03,2.429606096228E-15,
    -94.7586477267));
#5272 = CARTESIAN_POINT('',(1.16001600632E+03,-6.740155215722E-15,
    -93.67171445929));
#5273 = CARTESIAN_POINT('',(1.197523869447E+03,1.502640388089E-14,
    -91.85902483778));
#5274 = CARTESIAN_POINT('',(1.235031941723E+03,1.102714186444E-14,
    -89.31835490019));
#5275 = CARTESIAN_POINT('',(1.272540033094E+03,-1.078803932886E-14,
    -86.04688110401));
#5276 = CARTESIAN_POINT('',(1.310048215573E+03,-2.537417845808E-14,
    -82.04086902761));
#5277 = CARTESIAN_POINT('',(1.34755649125E+03,-5.568368225173E-14,
    -77.29572987263));
#5278 = CARTESIAN_POINT('',(1.385064883084E+03,5.089666174456E-14,
    -71.80597734738));
#5279 = CARTESIAN_POINT('',(1.422573405296E+03,-3.881624195875E-14,
    -65.56518233757));
#5280 = CARTESIAN_POINT('',(1.460082091846E+03,3.434465641124E-15,
    -58.56600232753));
#5281 = CARTESIAN_POINT('',(1.497590912794E+03,-3.424265222707E-14,
    -50.79987497313));
#5282 = CARTESIAN_POINT('',(1.53510008349E+03,-1.73228412425E-14,
    -42.25794748695));
#5283 = CARTESIAN_POINT('',(1.572608904708E+03,2.75990358905E-14,
    -32.92732210312));
#5284 = CARTESIAN_POINT('',(1.61012012774E+03,1.916606316882E-15,
    -22.80488380516));
#5285 = CARTESIAN_POINT('',(1.647586377839E+03,-3.62470670015E-14,
    -11.85573957415));
#5286 = CARTESIAN_POINT('',(1.672482131747E+03,8.192451086828E-14,
    -4.103493014184));
#5287 = CARTESIAN_POINT('',(1.685E+03,-3.859712784493E-16,-0.35));
#5288 = DEFINITIONAL_REPRESENTATION('',(#5289),#5293);
#5289 = LINE('',#5290,#5291);
#5290 = CARTESIAN_POINT('',(0.,0.));
#5291 = VECTOR('',#5292,1.);
#5292 = DIRECTION('',(1.,0.));
#5293 = ( GEOMETRIC_REPRESENTATION_CONTEXT(2) 
PARAMETRIC_REPRESENTATION_CONTEXT() REPRESENTATION_CONTEXT('2D SPACE',''
  ) );
#5294 = PCURVE('',#5295,#5300);
#5295 = PLANE('',#5296);
#5296 = AXIS2_PLACEMENT_3D('',#5297,#5298,#5299);
#5297 = CARTESIAN_POINT('',(1.085E+03,-1.42108547152E-14,-95.));
#5298 = DIRECTION('',(-1.,0.,0.));
#5299 = DIRECTION('',(0.,-5.814482866584E-02,0.998308158286));
#5300 = DEFINITIONAL_REPRESENTATION('',(#5301),#5330);
#5301 = B_SPLINE_CURVE_WITH_KNOTS('',14,(#5302,#5303,#5304,#5305,#5306,
    #5307,#5308,#5309,#5310,#5311,#5312,#5313,#5314,#5315,#5316,#5317,
    #5318,#5319,#5320,#5321,#5322,#5323,#5324,#5325,#5326,#5327,#5328,
    #5329),.UNSPECIFIED.,.T.,.F.,(15,13,15),(0.,0.5,1.),.UNSPECIFIED.);
#5302 = CARTESIAN_POINT('',(0.,0.));
#5303 = CARTESIAN_POINT('',(-1.23952855894,21.281883552026));
#5304 = CARTESIAN_POINT('',(2.663943756298,42.863311508493));
#5305 = CARTESIAN_POINT('',(11.788836370736,63.397858704463));
#5306 = CARTESIAN_POINT('',(25.829034788322,81.516663837003));
#5307 = CARTESIAN_POINT('',(44.086830066034,95.949359232177));
#5308 = CARTESIAN_POINT('',(65.508098845297,105.64714611626));
#5309 = CARTESIAN_POINT('',(88.760510483437,109.89211590114));
#5310 = CARTESIAN_POINT('',(112.34850854439,108.3752892993));
#5311 = CARTESIAN_POINT('',(134.75077870389,101.22993288667));
#5312 = CARTESIAN_POINT('',(154.56065496264,89.014426864163));
#5313 = CARTESIAN_POINT('',(170.60938346158,72.648102151424));
#5314 = CARTESIAN_POINT('',(182.05649223125,53.311737586575));
#5315 = CARTESIAN_POINT('',(188.4390215153,32.329400998541));
#5316 = CARTESIAN_POINT('',(190.91807863319,-10.23436610552));
#5317 = CARTESIAN_POINT('',(187.01460631794,-31.81579406197));
#5318 = CARTESIAN_POINT('',(177.88971370352,-52.35034125796));
#5319 = CARTESIAN_POINT('',(163.84951528592,-70.46914639049));
#5320 = CARTESIAN_POINT('',(145.59172000821,-84.90184178566));
#5321 = CARTESIAN_POINT('',(124.17045122895,-94.59962866976));
#5322 = CARTESIAN_POINT('',(100.91803959081,-98.84459845464));
#5323 = CARTESIAN_POINT('',(77.330041529846,-97.32777185279));
#5324 = CARTESIAN_POINT('',(54.927771370353,-90.18241544016));
#5325 = CARTESIAN_POINT('',(35.117895111608,-77.96690941765));
#5326 = CARTESIAN_POINT('',(19.069166612659,-61.6005847049));
#5327 = CARTESIAN_POINT('',(7.622057842996,-42.26422014007));
#5328 = CARTESIAN_POINT('',(1.239528558939,-21.28188355203));
#5329 = CARTESIAN_POINT('',(0.,0.));
#5330 = ( GEOMETRIC_REPRESENTATION_CONTEXT(2) 
PARAMETRIC_REPRESENTATION_CONTEXT() REPRESENTATION_CONTEXT('2D SPACE',''
  ) );
#5331 = ORIENTED_EDGE('',*,*,#5332,.T.);
#5332 = EDGE_CURVE('',#4722,#5333,#5335,.T.);
#5333 = VERTEX_POINT('',#5334);
#5334 = CARTESIAN_POINT('',(1.685E+03,0.,-0.35));
#5335 = SEAM_CURVE('',#5336,(#5356,#5363),.PCURVE_S1.);
#5336 = ( BOUNDED_CURVE() B_SPLINE_CURVE(3,(#5337,#5338,#5339,#5340,
    #5341,#5342,#5343,#5344,#5345,#5346,#5347,#5348,#5349,#5350,#5351,
    #5352,#5353,#5354,#5355),.UNSPECIFIED.,.F.,.F.) 
B_SPLINE_CURVE_WITH_KNOTS((4,1,1,1,1,1,1,1,1,1,1,1,1,1,1,1,4),(0.,
    6.135945631397E-02,0.122744916571,0.184182468191,0.245698366325,
    0.307319119681,0.369071578731,0.430983027178,0.493081277601,
    0.555394772286,0.617952690352,0.680785062405,0.74392289412,
    0.807398300316,0.871244651363,0.935496733988,1.),.UNSPECIFIED.) 
CURVE() GEOMETRIC_REPRESENTATION_ITEM() RATIONAL_B_SPLINE_CURVE((1.,
    1.000000000004,0.999999999998,1.000000000001,1.,1.,1.,1.,1.,1.,1.,1.
    ,1.,1.,1.000000000001,0.999999999997,1.00000000001,0.999999999979,1.
)) REPRESENTATION_ITEM('') );
#5337 = CARTESIAN_POINT('',(1.085E+03,-1.42108547152E-14,-95.));
#5338 = CARTESIAN_POINT('',(1.097501693407E+03,-3.93971067865E-14,
    -94.99980622221));
#5339 = CARTESIAN_POINT('',(1.12250756841E+03,-2.361990744978E-14,
    -94.75864772669));
#5340 = CARTESIAN_POINT('',(1.16001600632E+03,-2.875888452633E-14,
    -93.67171445929));
#5341 = CARTESIAN_POINT('',(1.197523869447E+03,-3.188504452319E-14,
    -91.85902483778));
#5342 = CARTESIAN_POINT('',(1.235031941723E+03,-1.420041643783E-14,
    -89.31835490019));
#5343 = CARTESIAN_POINT('',(1.272540033094E+03,3.512026915135E-15,
    -86.04688110401));
#5344 = CARTESIAN_POINT('',(1.310048215573E+03,1.954417723701E-16,
    -82.04086902761));
#5345 = CARTESIAN_POINT('',(1.34755649125E+03,-4.324194016679E-15,
    -77.29572987263));
#5346 = CARTESIAN_POINT('',(1.385064883084E+03,1.718180837601E-14,
    -71.80597734738));
#5347 = CARTESIAN_POINT('',(1.422573405296E+03,2.099098570399E-14,
    -65.56518233757));
#5348 = CARTESIAN_POINT('',(1.460082091846E+03,-1.608182259682E-14,
    -58.56600232753));
#5349 = CARTESIAN_POINT('',(1.497590912794E+03,5.773582612854E-16,
    -50.79987497313));
#5350 = CARTESIAN_POINT('',(1.53510008349E+03,1.39907300302E-14,
    -42.25794748695));
#5351 = CARTESIAN_POINT('',(1.572608904708E+03,-1.403054188033E-14,
    -32.92732210312));
#5352 = CARTESIAN_POINT('',(1.61012012774E+03,-1.484693336492E-14,
    -22.80488380515));
#5353 = CARTESIAN_POINT('',(1.647586377839E+03,7.405883054323E-15,
    -11.85573957417));
#5354 = CARTESIAN_POINT('',(1.672482131747E+03,-5.724689370174E-14,
    -4.103493014148));
#5355 = CARTESIAN_POINT('',(1.685E+03,5.81179314008E-17,-0.35));
#5356 = PCURVE('',#4755,#5357);
#5357 = DEFINITIONAL_REPRESENTATION('',(#5358),#5362);
#5358 = LINE('',#5359,#5360);
#5359 = CARTESIAN_POINT('',(1.,0.));
#5360 = VECTOR('',#5361,1.);
#5361 = DIRECTION('',(0.,1.));
#5362 = ( GEOMETRIC_REPRESENTATION_CONTEXT(2) 
PARAMETRIC_REPRESENTATION_CONTEXT() REPRESENTATION_CONTEXT('2D SPACE',''
  ) );
#5363 = PCURVE('',#4755,#5364);
#5364 = DEFINITIONAL_REPRESENTATION('',(#5365),#5369);
#5365 = LINE('',#5366,#5367);
#5366 = CARTESIAN_POINT('',(0.,0.));
#5367 = VECTOR('',#5368,1.);
#5368 = DIRECTION('',(0.,1.));
#5369 = ( GEOMETRIC_REPRESENTATION_CONTEXT(2) 
PARAMETRIC_REPRESENTATION_CONTEXT() REPRESENTATION_CONTEXT('2D SPACE',''
  ) );
#5370 = ORIENTED_EDGE('',*,*,#5371,.F.);
#5371 = EDGE_CURVE('',#5333,#5333,#5372,.T.);
#5372 = SURFACE_CURVE('',#5373,(#5402,#5409),.PCURVE_S1.);
#5373 = B_SPLINE_CURVE_WITH_KNOTS('',14,(#5374,#5375,#5376,#5377,#5378,
    #5379,#5380,#5381,#5382,#5383,#5384,#5385,#5386,#5387,#5388,#5389,
    #5390,#5391,#5392,#5393,#5394,#5395,#5396,#5397,#5398,#5399,#5400,
    #5401),.UNSPECIFIED.,.T.,.F.,(15,13,15),(0.,0.5,1.),.UNSPECIFIED.);
#5374 = CARTESIAN_POINT('',(1.685E+03,5.81179314008E-17,-0.35));
#5375 = CARTESIAN_POINT('',(1.685E+03,7.853981633975E-02,-0.35));
#5376 = CARTESIAN_POINT('',(1.685E+03,0.157078948108,-0.331019887388));
#5377 = CARTESIAN_POINT('',(1.685E+03,0.230651363708,-0.293060180068));
#5378 = CARTESIAN_POINT('',(1.685E+03,0.294283745895,-0.237539014129));
#5379 = CARTESIAN_POINT('',(1.685E+03,0.343454865224,-0.167295462291));
#5380 = CARTESIAN_POINT('',(1.685E+03,0.374534424293,-8.643121490921E-02
    ));
#5381 = CARTESIAN_POINT('',(1.685E+03,0.385166740063,-5.203747736882E-08
    ));
#5382 = CARTESIAN_POINT('',(1.685E+03,0.374535052506,8.643117628725E-02)
  );
#5383 = CARTESIAN_POINT('',(1.685E+03,0.343455533149,0.167295575633));
#5384 = CARTESIAN_POINT('',(1.685E+03,0.294283456053,0.237539097812));
#5385 = CARTESIAN_POINT('',(1.685E+03,0.230650415781,0.293059985111));
#5386 = CARTESIAN_POINT('',(1.685E+03,0.157079551768,0.331019991866));
#5387 = CARTESIAN_POINT('',(1.685E+03,7.853977588391E-02,0.349999995243)
  );
#5388 = CARTESIAN_POINT('',(1.685E+03,-7.853977588391E-02,0.349999995243
    ));
#5389 = CARTESIAN_POINT('',(1.685E+03,-0.157079551768,0.331019991866));
#5390 = CARTESIAN_POINT('',(1.685E+03,-0.230650415781,0.293059985111));
#5391 = CARTESIAN_POINT('',(1.685E+03,-0.294283456053,0.237539097812));
#5392 = CARTESIAN_POINT('',(1.685E+03,-0.343455533149,0.167295575633));
#5393 = CARTESIAN_POINT('',(1.685E+03,-0.374535052506,8.643117628725E-02
    ));
#5394 = CARTESIAN_POINT('',(1.685E+03,-0.385166740063,
    -5.203747727861E-08));
#5395 = CARTESIAN_POINT('',(1.685E+03,-0.374534424293,
    -8.643121490921E-02));
#5396 = CARTESIAN_POINT('',(1.685E+03,-0.343454865224,-0.167295462291));
#5397 = CARTESIAN_POINT('',(1.685E+03,-0.294283745895,-0.237539014129));
#5398 = CARTESIAN_POINT('',(1.685E+03,-0.230651363708,-0.293060180068));
#5399 = CARTESIAN_POINT('',(1.685E+03,-0.157078948108,-0.331019887388));
#5400 = CARTESIAN_POINT('',(1.685E+03,-7.853981633975E-02,-0.35));
#5401 = CARTESIAN_POINT('',(1.685E+03,-3.859712784493E-16,-0.35));
#5402 = PCURVE('',#4755,#5403);
#5403 = DEFINITIONAL_REPRESENTATION('',(#5404),#5408);
#5404 = LINE('',#5405,#5406);
#5405 = CARTESIAN_POINT('',(0.,1.));
#5406 = VECTOR('',#5407,1.);
#5407 = DIRECTION('',(1.,0.));
#5408 = ( GEOMETRIC_REPRESENTATION_CONTEXT(2) 
PARAMETRIC_REPRESENTATION_CONTEXT() REPRESENTATION_CONTEXT('2D SPACE',''
  ) );
#5409 = PCURVE('',#5410,#5415);
#5410 = PLANE('',#5411);
#5411 = AXIS2_PLACEMENT_3D('',#5412,#5413,#5414);
#5412 = CARTESIAN_POINT('',(1.685E+03,5.81179314008E-17,-0.35));
#5413 = DIRECTION('',(-1.,0.,0.));
#5414 = DIRECTION('',(0.,-5.814480045227E-02,0.998308159929));
#5415 = DEFINITIONAL_REPRESENTATION('',(#5416),#5445);
#5416 = B_SPLINE_CURVE_WITH_KNOTS('',14,(#5417,#5418,#5419,#5420,#5421,
    #5422,#5423,#5424,#5425,#5426,#5427,#5428,#5429,#5430,#5431,#5432,
    #5433,#5434,#5435,#5436,#5437,#5438,#5439,#5440,#5441,#5442,#5443,
    #5444),.UNSPECIFIED.,.F.,.F.,(15,13,15),(0.,0.5,1.),.UNSPECIFIED.);
#5417 = CARTESIAN_POINT('',(0.,0.));
#5418 = CARTESIAN_POINT('',(-4.566681948632E-03,7.840693953128E-02));
#5419 = CARTESIAN_POINT('',(9.814677204389E-03,0.157916790509));
#5420 = CARTESIAN_POINT('',(4.343230934611E-02,0.233571892956));
#5421 = CARTESIAN_POINT('',(9.515965018713E-02,0.300324886444));
#5422 = CARTESIAN_POINT('',(0.162425316248,0.353497113408));
#5423 = CARTESIAN_POINT('',(0.241345639496,0.38922592636));
#5424 = CARTESIAN_POINT('',(0.327012360784,0.404865776671));
#5425 = CARTESIAN_POINT('',(0.413915538645,0.399277602752));
#5426 = CARTESIAN_POINT('',(0.49645024081,0.372952509336));
#5427 = CARTESIAN_POINT('',(0.569434022794,0.32794791911));
#5428 = CARTESIAN_POINT('',(0.62856090806,0.267650786678));
#5429 = CARTESIAN_POINT('',(0.670734455762,0.196411569819));
#5430 = CARTESIAN_POINT('',(0.694249027605,0.119108259184));
#5431 = CARTESIAN_POINT('',(0.703382386798,-3.770553910387E-02));
#5432 = CARTESIAN_POINT('',(0.689001174147,-0.117216026757));
#5433 = CARTESIAN_POINT('',(0.65538315286,-0.192869597652));
#5434 = CARTESIAN_POINT('',(0.603656128451,-0.25962323191));
#5435 = CARTESIAN_POINT('',(0.536390547689,-0.312796413296));
#5436 = CARTESIAN_POINT('',(0.457470070425,-0.348525195439));
#5437 = CARTESIAN_POINT('',(0.371803247267,-0.364164422406));
#5438 = CARTESIAN_POINT('',(0.284900098222,-0.358575617531));
#5439 = CARTESIAN_POINT('',(0.202365545454,-0.332250475634));
#5440 = CARTESIAN_POINT('',(0.12938178955,-0.28724684328));
#5441 = CARTESIAN_POINT('',(7.025466437974E-02,-0.22695038402));
#5442 = CARTESIAN_POINT('',(2.808132539035E-02,-0.155709600789));
#5443 = CARTESIAN_POINT('',(4.566681948628E-03,-7.840693953128E-02));
#5444 = CARTESIAN_POINT('',(0.,-4.440892098501E-16));
#5445 = ( GEOMETRIC_REPRESENTATION_CONTEXT(2) 
PARAMETRIC_REPRESENTATION_CONTEXT() REPRESENTATION_CONTEXT('2D SPACE',''
  ) );
#5446 = ORIENTED_EDGE('',*,*,#5332,.F.);
#5447 = ADVANCED_FACE('',(#5448),#5295,.T.);
#5448 = FACE_BOUND('',#5449,.T.);
#5449 = EDGE_LOOP('',(#5450));
#5450 = ORIENTED_EDGE('',*,*,#4721,.F.);
#5451 = ADVANCED_FACE('',(#5452),#5410,.F.);
#5452 = FACE_BOUND('',#5453,.T.);
#5453 = EDGE_LOOP('',(#5454));
#5454 = ORIENTED_EDGE('',*,*,#5371,.T.);
#5455 = ( GEOMETRIC_REPRESENTATION_CONTEXT(3) 
GLOBAL_UNCERTAINTY_ASSIGNED_CONTEXT((#5459)) 
GLOBAL_UNIT_ASSIGNED_CONTEXT((#5456,#5457,#5458)) REPRESENTATION_CONTEXT
('Context #1','3D Context with UNIT and UNCERTAINTY') );
#5456 = ( LENGTH_UNIT() NAMED_UNIT(*) SI_UNIT(.MILLI.,.METRE.) );
#5457 = ( NAMED_UNIT(*) PLANE_ANGLE_UNIT() SI_UNIT($,.RADIAN.) );
#5458 = ( NAMED_UNIT(*) SI_UNIT($,.STERADIAN.) SOLID_ANGLE_UNIT() );
#5459 = UNCERTAINTY_MEASURE_WITH_UNIT(LENGTH_MEASURE(1.E-07),#5456,
  'distance_accuracy_value','confusion accuracy');
#5460 = CONTEXT_DEPENDENT_SHAPE_REPRESENTATION(#5461,#5463);
#5461 = ( REPRESENTATION_RELATIONSHIP('','',#4714,#10) 
REPRESENTATION_RELATIONSHIP_WITH_TRANSFORMATION(#5462) 
SHAPE_REPRESENTATION_RELATIONSHIP() );
#5462 = ITEM_DEFINED_TRANSFORMATION('','',#11,#19);
#5463 = PRODUCT_DEFINITION_SHAPE('Placement','Placement of an item',
  #5464);
#5464 = NEXT_ASSEMBLY_USAGE_OCCURRENCE('2','main_ogive','',#5,#4709,$);
#5465 = PRODUCT_RELATED_PRODUCT_CATEGORY('part',$,(#4711));
#5466 = SHAPE_DEFINITION_REPRESENTATION(#5467,#5473);
#5467 = PRODUCT_DEFINITION_SHAPE('','',#5468);
#5468 = PRODUCT_DEFINITION('design','',#5469,#5472);
#5469 = PRODUCT_DEFINITION_FORMATION('','',#5470);
#5470 = PRODUCT('main_fin_4','main_fin_4','',(#5471));
#5471 = PRODUCT_CONTEXT('',#2,'mechanical');
#5472 = PRODUCT_DEFINITION_CONTEXT('part definition',#2,'design');
#5473 = ADVANCED_BREP_SHAPE_REPRESENTATION('',(#11,#5474),#5796);
#5474 = MANIFOLD_SOLID_BREP('',#5475);
#5475 = CLOSED_SHELL('',(#5476,#5593,#5667,#5736,#5782,#5789));
#5476 = ADVANCED_FACE('',(#5477),#5491,.T.);
#5477 = FACE_BOUND('',#5478,.T.);
#5478 = EDGE_LOOP('',(#5479,#5514,#5541,#5568));
#5479 = ORIENTED_EDGE('',*,*,#5480,.T.);
#5480 = EDGE_CURVE('',#5481,#5483,#5485,.T.);
#5481 = VERTEX_POINT('',#5482);
#5482 = CARTESIAN_POINT('',(-1.1E+03,0.,110.));
#5483 = VERTEX_POINT('',#5484);
#5484 = CARTESIAN_POINT('',(-967.25,-4.,110.));
#5485 = SURFACE_CURVE('',#5486,(#5490,#5502),.PCURVE_S1.);
#5486 = LINE('',#5487,#5488);
#5487 = CARTESIAN_POINT('',(-1.1E+03,0.,110.));
#5488 = VECTOR('',#5489,1.);
#5489 = DIRECTION('',(0.999546345399,-3.011815730016E-02,0.));
#5490 = PCURVE('',#5491,#5496);
#5491 = B_SPLINE_SURFACE_WITH_KNOTS('',1,1,(
    (#5492,#5493)
    ,(#5494,#5495
    )),.UNSPECIFIED.,.F.,.F.,.F.,(2,2),(2,2),(0.,132.81024998094),(0.,1.
    ),.PIECEWISE_BEZIER_KNOTS.);
#5492 = CARTESIAN_POINT('',(-1.1E+03,0.,110.));
#5493 = CARTESIAN_POINT('',(-1.105E+03,0.,185.));
#5494 = CARTESIAN_POINT('',(-967.25,-4.,110.));
#5495 = CARTESIAN_POINT('',(-1.0555E+03,-1.4,185.));
#5496 = DEFINITIONAL_REPRESENTATION('',(#5497),#5501);
#5497 = LINE('',#5498,#5499);
#5498 = CARTESIAN_POINT('',(0.,0.));
#5499 = VECTOR('',#5500,1.);
#5500 = DIRECTION('',(1.,0.));
#5501 = ( GEOMETRIC_REPRESENTATION_CONTEXT(2) 
PARAMETRIC_REPRESENTATION_CONTEXT() REPRESENTATION_CONTEXT('2D SPACE',''
  ) );
#5502 = PCURVE('',#5503,#5508);
#5503 = PLANE('',#5504);
#5504 = AXIS2_PLACEMENT_3D('',#5505,#5506,#5507);
#5505 = CARTESIAN_POINT('',(-1.1E+03,0.,110.));
#5506 = DIRECTION('',(0.,0.,-1.));
#5507 = DIRECTION('',(1.,0.,0.));
#5508 = DEFINITIONAL_REPRESENTATION('',(#5509),#5513);
#5509 = LINE('',#5510,#5511);
#5510 = CARTESIAN_POINT('',(0.,0.));
#5511 = VECTOR('',#5512,1.);
#5512 = DIRECTION('',(0.999546345399,3.011815730016E-02));
#5513 = ( GEOMETRIC_REPRESENTATION_CONTEXT(2) 
PARAMETRIC_REPRESENTATION_CONTEXT() REPRESENTATION_CONTEXT('2D SPACE',''
  ) );
#5514 = ORIENTED_EDGE('',*,*,#5515,.T.);
#5515 = EDGE_CURVE('',#5483,#5516,#5518,.T.);
#5516 = VERTEX_POINT('',#5517);
#5517 = CARTESIAN_POINT('',(-1.0555E+03,-1.4,185.));
#5518 = SURFACE_CURVE('',#5519,(#5522,#5529),.PCURVE_S1.);
#5519 = B_SPLINE_CURVE_WITH_KNOTS('',1,(#5520,#5521),.UNSPECIFIED.,.F.,
  .F.,(2,2),(0.,1.),.PIECEWISE_BEZIER_KNOTS.);
#5520 = CARTESIAN_POINT('',(-967.25,-4.,110.));
#5521 = CARTESIAN_POINT('',(-1.0555E+03,-1.4,185.));
#5522 = PCURVE('',#5491,#5523);
#5523 = DEFINITIONAL_REPRESENTATION('',(#5524),#5528);
#5524 = LINE('',#5525,#5526);
#5525 = CARTESIAN_POINT('',(132.81024998094,0.));
#5526 = VECTOR('',#5527,1.);
#5527 = DIRECTION('',(0.,1.));
#5528 = ( GEOMETRIC_REPRESENTATION_CONTEXT(2) 
PARAMETRIC_REPRESENTATION_CONTEXT() REPRESENTATION_CONTEXT('2D SPACE',''
  ) );
#5529 = PCURVE('',#5530,#5535);
#5530 = B_SPLINE_SURFACE_WITH_KNOTS('',1,1,(
    (#5531,#5532)
    ,(#5533,#5534
    )),.UNSPECIFIED.,.F.,.F.,.F.,(2,2),(2,2),(0.,162.29929913588),(0.,1.
    ),.PIECEWISE_BEZIER_KNOTS.);
#5531 = CARTESIAN_POINT('',(-967.25,-4.,110.));
#5532 = CARTESIAN_POINT('',(-1.0555E+03,-1.4,185.));
#5533 = CARTESIAN_POINT('',(-805.,0.,110.));
#5534 = CARTESIAN_POINT('',(-995.,0.,185.));
#5535 = DEFINITIONAL_REPRESENTATION('',(#5536),#5540);
#5536 = LINE('',#5537,#5538);
#5537 = CARTESIAN_POINT('',(0.,0.));
#5538 = VECTOR('',#5539,1.);
#5539 = DIRECTION('',(0.,1.));
#5540 = ( GEOMETRIC_REPRESENTATION_CONTEXT(2) 
PARAMETRIC_REPRESENTATION_CONTEXT() REPRESENTATION_CONTEXT('2D SPACE',''
  ) );
#5541 = ORIENTED_EDGE('',*,*,#5542,.F.);
#5542 = EDGE_CURVE('',#5543,#5516,#5545,.T.);
#5543 = VERTEX_POINT('',#5544);
#5544 = CARTESIAN_POINT('',(-1.105E+03,0.,185.));
#5545 = SURFACE_CURVE('',#5546,(#5550,#5556),.PCURVE_S1.);
#5546 = LINE('',#5547,#5548);
#5547 = CARTESIAN_POINT('',(-1.105E+03,0.,185.));
#5548 = VECTOR('',#5549,1.);
#5549 = DIRECTION('',(0.999600280603,-2.827152308777E-02,0.));
#5550 = PCURVE('',#5491,#5551);
#5551 = DEFINITIONAL_REPRESENTATION('',(#5552),#5555);
#5552 = B_SPLINE_CURVE_WITH_KNOTS('',1,(#5553,#5554),.UNSPECIFIED.,.F.,
  .F.,(2,2),(0.,49.519794022189),.PIECEWISE_BEZIER_KNOTS.);
#5553 = CARTESIAN_POINT('',(0.,1.));
#5554 = CARTESIAN_POINT('',(132.81024998094,1.));
#5555 = ( GEOMETRIC_REPRESENTATION_CONTEXT(2) 
PARAMETRIC_REPRESENTATION_CONTEXT() REPRESENTATION_CONTEXT('2D SPACE',''
  ) );
#5556 = PCURVE('',#5557,#5562);
#5557 = PLANE('',#5558);
#5558 = AXIS2_PLACEMENT_3D('',#5559,#5560,#5561);
#5559 = CARTESIAN_POINT('',(-1.105E+03,0.,185.));
#5560 = DIRECTION('',(0.,0.,-1.));
#5561 = DIRECTION('',(1.,0.,0.));
#5562 = DEFINITIONAL_REPRESENTATION('',(#5563),#5567);
#5563 = LINE('',#5564,#5565);
#5564 = CARTESIAN_POINT('',(0.,0.));
#5565 = VECTOR('',#5566,1.);
#5566 = DIRECTION('',(0.999600280603,2.827152308777E-02));
#5567 = ( GEOMETRIC_REPRESENTATION_CONTEXT(2) 
PARAMETRIC_REPRESENTATION_CONTEXT() REPRESENTATION_CONTEXT('2D SPACE',''
  ) );
#5568 = ORIENTED_EDGE('',*,*,#5569,.F.);
#5569 = EDGE_CURVE('',#5481,#5543,#5570,.T.);
#5570 = SURFACE_CURVE('',#5571,(#5574,#5581),.PCURVE_S1.);
#5571 = B_SPLINE_CURVE_WITH_KNOTS('',1,(#5572,#5573),.UNSPECIFIED.,.F.,
  .F.,(2,2),(0.,1.),.PIECEWISE_BEZIER_KNOTS.);
#5572 = CARTESIAN_POINT('',(-1.1E+03,0.,110.));
#5573 = CARTESIAN_POINT('',(-1.105E+03,0.,185.));
#5574 = PCURVE('',#5491,#5575);
#5575 = DEFINITIONAL_REPRESENTATION('',(#5576),#5580);
#5576 = LINE('',#5577,#5578);
#5577 = CARTESIAN_POINT('',(0.,0.));
#5578 = VECTOR('',#5579,1.);
#5579 = DIRECTION('',(0.,1.));
#5580 = ( GEOMETRIC_REPRESENTATION_CONTEXT(2) 
PARAMETRIC_REPRESENTATION_CONTEXT() REPRESENTATION_CONTEXT('2D SPACE',''
  ) );
#5581 = PCURVE('',#5582,#5587);
#5582 = B_SPLINE_SURFACE_WITH_KNOTS('',1,1,(
    (#5583,#5584)
    ,(#5585,#5586
    )),.UNSPECIFIED.,.F.,.F.,.F.,(2,2),(2,2),(0.,132.81024998094),(0.,1.
    ),.PIECEWISE_BEZIER_KNOTS.);
#5583 = CARTESIAN_POINT('',(-967.25,4.,110.));
#5584 = CARTESIAN_POINT('',(-1.0555E+03,1.4,185.));
#5585 = CARTESIAN_POINT('',(-1.1E+03,0.,110.));
#5586 = CARTESIAN_POINT('',(-1.105E+03,0.,185.));
#5587 = DEFINITIONAL_REPRESENTATION('',(#5588),#5592);
#5588 = LINE('',#5589,#5590);
#5589 = CARTESIAN_POINT('',(132.81024998094,0.));
#5590 = VECTOR('',#5591,1.);
#5591 = DIRECTION('',(0.,1.));
#5592 = ( GEOMETRIC_REPRESENTATION_CONTEXT(2) 
PARAMETRIC_REPRESENTATION_CONTEXT() REPRESENTATION_CONTEXT('2D SPACE',''
  ) );
#5593 = ADVANCED_FACE('',(#5594),#5530,.T.);
#5594 = FACE_BOUND('',#5595,.T.);
#5595 = EDGE_LOOP('',(#5596,#5619,#5646,#5666));
#5596 = ORIENTED_EDGE('',*,*,#5597,.T.);
#5597 = EDGE_CURVE('',#5483,#5598,#5600,.T.);
#5598 = VERTEX_POINT('',#5599);
#5599 = CARTESIAN_POINT('',(-805.,0.,110.));
#5600 = SURFACE_CURVE('',#5601,(#5605,#5612),.PCURVE_S1.);
#5601 = LINE('',#5602,#5603);
#5602 = CARTESIAN_POINT('',(-967.25,-4.,110.));
#5603 = VECTOR('',#5604,1.);
#5604 = DIRECTION('',(0.99969624554,2.46458242352E-02,0.));
#5605 = PCURVE('',#5530,#5606);
#5606 = DEFINITIONAL_REPRESENTATION('',(#5607),#5611);
#5607 = LINE('',#5608,#5609);
#5608 = CARTESIAN_POINT('',(0.,0.));
#5609 = VECTOR('',#5610,1.);
#5610 = DIRECTION('',(1.,0.));
#5611 = ( GEOMETRIC_REPRESENTATION_CONTEXT(2) 
PARAMETRIC_REPRESENTATION_CONTEXT() REPRESENTATION_CONTEXT('2D SPACE',''
  ) );
#5612 = PCURVE('',#5503,#5613);
#5613 = DEFINITIONAL_REPRESENTATION('',(#5614),#5618);
#5614 = LINE('',#5615,#5616);
#5615 = CARTESIAN_POINT('',(132.75,4.));
#5616 = VECTOR('',#5617,1.);
#5617 = DIRECTION('',(0.99969624554,-2.46458242352E-02));
#5618 = ( GEOMETRIC_REPRESENTATION_CONTEXT(2) 
PARAMETRIC_REPRESENTATION_CONTEXT() REPRESENTATION_CONTEXT('2D SPACE',''
  ) );
#5619 = ORIENTED_EDGE('',*,*,#5620,.T.);
#5620 = EDGE_CURVE('',#5598,#5621,#5623,.T.);
#5621 = VERTEX_POINT('',#5622);
#5622 = CARTESIAN_POINT('',(-995.,0.,185.));
#5623 = SURFACE_CURVE('',#5624,(#5627,#5634),.PCURVE_S1.);
#5624 = B_SPLINE_CURVE_WITH_KNOTS('',1,(#5625,#5626),.UNSPECIFIED.,.F.,
  .F.,(2,2),(0.,1.),.PIECEWISE_BEZIER_KNOTS.);
#5625 = CARTESIAN_POINT('',(-805.,0.,110.));
#5626 = CARTESIAN_POINT('',(-995.,0.,185.));
#5627 = PCURVE('',#5530,#5628);
#5628 = DEFINITIONAL_REPRESENTATION('',(#5629),#5633);
#5629 = LINE('',#5630,#5631);
#5630 = CARTESIAN_POINT('',(162.29929913588,0.));
#5631 = VECTOR('',#5632,1.);
#5632 = DIRECTION('',(0.,1.));
#5633 = ( GEOMETRIC_REPRESENTATION_CONTEXT(2) 
PARAMETRIC_REPRESENTATION_CONTEXT() REPRESENTATION_CONTEXT('2D SPACE',''
  ) );
#5634 = PCURVE('',#5635,#5640);
#5635 = B_SPLINE_SURFACE_WITH_KNOTS('',1,1,(
    (#5636,#5637)
    ,(#5638,#5639
    )),.UNSPECIFIED.,.F.,.F.,.F.,(2,2),(2,2),(0.,162.29929913588),(0.,1.
    ),.PIECEWISE_BEZIER_KNOTS.);
#5636 = CARTESIAN_POINT('',(-805.,0.,110.));
#5637 = CARTESIAN_POINT('',(-995.,0.,185.));
#5638 = CARTESIAN_POINT('',(-967.25,4.,110.));
#5639 = CARTESIAN_POINT('',(-1.0555E+03,1.4,185.));
#5640 = DEFINITIONAL_REPRESENTATION('',(#5641),#5645);
#5641 = LINE('',#5642,#5643);
#5642 = CARTESIAN_POINT('',(0.,0.));
#5643 = VECTOR('',#5644,1.);
#5644 = DIRECTION('',(0.,1.));
#5645 = ( GEOMETRIC_REPRESENTATION_CONTEXT(2) 
PARAMETRIC_REPRESENTATION_CONTEXT() REPRESENTATION_CONTEXT('2D SPACE',''
  ) );
#5646 = ORIENTED_EDGE('',*,*,#5647,.F.);
#5647 = EDGE_CURVE('',#5516,#5621,#5648,.T.);
#5648 = SURFACE_CURVE('',#5649,(#5653,#5659),.PCURVE_S1.);
#5649 = LINE('',#5650,#5651);
#5650 = CARTESIAN_POINT('',(-1.0555E+03,-1.4,185.));
#5651 = VECTOR('',#5652,1.);
#5652 = DIRECTION('',(0.999732366206,2.313430268906E-02,0.));
#5653 = PCURVE('',#5530,#5654);
#5654 = DEFINITIONAL_REPRESENTATION('',(#5655),#5658);
#5655 = B_SPLINE_CURVE_WITH_KNOTS('',1,(#5656,#5657),.UNSPECIFIED.,.F.,
  .F.,(2,2),(0.,60.516196179205),.PIECEWISE_BEZIER_KNOTS.);
#5656 = CARTESIAN_POINT('',(0.,1.));
#5657 = CARTESIAN_POINT('',(162.29929913588,1.));
#5658 = ( GEOMETRIC_REPRESENTATION_CONTEXT(2) 
PARAMETRIC_REPRESENTATION_CONTEXT() REPRESENTATION_CONTEXT('2D SPACE',''
  ) );
#5659 = PCURVE('',#5557,#5660);
#5660 = DEFINITIONAL_REPRESENTATION('',(#5661),#5665);
#5661 = LINE('',#5662,#5663);
#5662 = CARTESIAN_POINT('',(49.5,1.4));
#5663 = VECTOR('',#5664,1.);
#5664 = DIRECTION('',(0.999732366206,-2.313430268906E-02));
#5665 = ( GEOMETRIC_REPRESENTATION_CONTEXT(2) 
PARAMETRIC_REPRESENTATION_CONTEXT() REPRESENTATION_CONTEXT('2D SPACE',''
  ) );
#5666 = ORIENTED_EDGE('',*,*,#5515,.F.);
#5667 = ADVANCED_FACE('',(#5668),#5635,.T.);
#5668 = FACE_BOUND('',#5669,.T.);
#5669 = EDGE_LOOP('',(#5670,#5693,#5715,#5735));
#5670 = ORIENTED_EDGE('',*,*,#5671,.T.);
#5671 = EDGE_CURVE('',#5598,#5672,#5674,.T.);
#5672 = VERTEX_POINT('',#5673);
#5673 = CARTESIAN_POINT('',(-967.25,4.,110.));
#5674 = SURFACE_CURVE('',#5675,(#5679,#5686),.PCURVE_S1.);
#5675 = LINE('',#5676,#5677);
#5676 = CARTESIAN_POINT('',(-805.,0.,110.));
#5677 = VECTOR('',#5678,1.);
#5678 = DIRECTION('',(-0.99969624554,2.46458242352E-02,0.));
#5679 = PCURVE('',#5635,#5680);
#5680 = DEFINITIONAL_REPRESENTATION('',(#5681),#5685);
#5681 = LINE('',#5682,#5683);
#5682 = CARTESIAN_POINT('',(0.,0.));
#5683 = VECTOR('',#5684,1.);
#5684 = DIRECTION('',(1.,0.));
#5685 = ( GEOMETRIC_REPRESENTATION_CONTEXT(2) 
PARAMETRIC_REPRESENTATION_CONTEXT() REPRESENTATION_CONTEXT('2D SPACE',''
  ) );
#5686 = PCURVE('',#5503,#5687);
#5687 = DEFINITIONAL_REPRESENTATION('',(#5688),#5692);
#5688 = LINE('',#5689,#5690);
#5689 = CARTESIAN_POINT('',(295.,0.));
#5690 = VECTOR('',#5691,1.);
#5691 = DIRECTION('',(-0.99969624554,-2.46458242352E-02));
#5692 = ( GEOMETRIC_REPRESENTATION_CONTEXT(2) 
PARAMETRIC_REPRESENTATION_CONTEXT() REPRESENTATION_CONTEXT('2D SPACE',''
  ) );
#5693 = ORIENTED_EDGE('',*,*,#5694,.T.);
#5694 = EDGE_CURVE('',#5672,#5695,#5697,.T.);
#5695 = VERTEX_POINT('',#5696);
#5696 = CARTESIAN_POINT('',(-1.0555E+03,1.4,185.));
#5697 = SURFACE_CURVE('',#5698,(#5701,#5708),.PCURVE_S1.);
#5698 = B_SPLINE_CURVE_WITH_KNOTS('',1,(#5699,#5700),.UNSPECIFIED.,.F.,
  .F.,(2,2),(0.,1.),.PIECEWISE_BEZIER_KNOTS.);
#5699 = CARTESIAN_POINT('',(-967.25,4.,110.));
#5700 = CARTESIAN_POINT('',(-1.0555E+03,1.4,185.));
#5701 = PCURVE('',#5635,#5702);
#5702 = DEFINITIONAL_REPRESENTATION('',(#5703),#5707);
#5703 = LINE('',#5704,#5705);
#5704 = CARTESIAN_POINT('',(162.29929913588,0.));
#5705 = VECTOR('',#5706,1.);
#5706 = DIRECTION('',(0.,1.));
#5707 = ( GEOMETRIC_REPRESENTATION_CONTEXT(2) 
PARAMETRIC_REPRESENTATION_CONTEXT() REPRESENTATION_CONTEXT('2D SPACE',''
  ) );
#5708 = PCURVE('',#5582,#5709);
#5709 = DEFINITIONAL_REPRESENTATION('',(#5710),#5714);
#5710 = LINE('',#5711,#5712);
#5711 = CARTESIAN_POINT('',(0.,0.));
#5712 = VECTOR('',#5713,1.);
#5713 = DIRECTION('',(0.,1.));
#5714 = ( GEOMETRIC_REPRESENTATION_CONTEXT(2) 
PARAMETRIC_REPRESENTATION_CONTEXT() REPRESENTATION_CONTEXT('2D SPACE',''
  ) );
#5715 = ORIENTED_EDGE('',*,*,#5716,.F.);
#5716 = EDGE_CURVE('',#5621,#5695,#5717,.T.);
#5717 = SURFACE_CURVE('',#5718,(#5722,#5728),.PCURVE_S1.);
#5718 = LINE('',#5719,#5720);
#5719 = CARTESIAN_POINT('',(-995.,0.,185.));
#5720 = VECTOR('',#5721,1.);
#5721 = DIRECTION('',(-0.999732366206,2.313430268906E-02,0.));
#5722 = PCURVE('',#5635,#5723);
#5723 = DEFINITIONAL_REPRESENTATION('',(#5724),#5727);
#5724 = B_SPLINE_CURVE_WITH_KNOTS('',1,(#5725,#5726),.UNSPECIFIED.,.F.,
  .F.,(2,2),(0.,60.516196179205),.PIECEWISE_BEZIER_KNOTS.);
#5725 = CARTESIAN_POINT('',(0.,1.));
#5726 = CARTESIAN_POINT('',(162.29929913588,1.));
#5727 = ( GEOMETRIC_REPRESENTATION_CONTEXT(2) 
PARAMETRIC_REPRESENTATION_CONTEXT() REPRESENTATION_CONTEXT('2D SPACE',''
  ) );
#5728 = PCURVE('',#5557,#5729);
#5729 = DEFINITIONAL_REPRESENTATION('',(#5730),#5734);
#5730 = LINE('',#5731,#5732);
#5731 = CARTESIAN_POINT('',(110.,0.));
#5732 = VECTOR('',#5733,1.);
#5733 = DIRECTION('',(-0.999732366206,-2.313430268906E-02));
#5734 = ( GEOMETRIC_REPRESENTATION_CONTEXT(2) 
PARAMETRIC_REPRESENTATION_CONTEXT() REPRESENTATION_CONTEXT('2D SPACE',''
  ) );
#5735 = ORIENTED_EDGE('',*,*,#5620,.F.);
#5736 = ADVANCED_FACE('',(#5737),#5582,.T.);
#5737 = FACE_BOUND('',#5738,.T.);
#5738 = EDGE_LOOP('',(#5739,#5760,#5761,#5781));
#5739 = ORIENTED_EDGE('',*,*,#5740,.T.);
#5740 = EDGE_CURVE('',#5672,#5481,#5741,.T.);
#5741 = SURFACE_CURVE('',#5742,(#5746,#5753),.PCURVE_S1.);
#5742 = LINE('',#5743,#5744);
#5743 = CARTESIAN_POINT('',(-967.25,4.,110.));
#5744 = VECTOR('',#5745,1.);
#5745 = DIRECTION('',(-0.999546345399,-3.011815730016E-02,0.));
#5746 = PCURVE('',#5582,#5747);
#5747 = DEFINITIONAL_REPRESENTATION('',(#5748),#5752);
#5748 = LINE('',#5749,#5750);
#5749 = CARTESIAN_POINT('',(0.,0.));
#5750 = VECTOR('',#5751,1.);
#5751 = DIRECTION('',(1.,0.));
#5752 = ( GEOMETRIC_REPRESENTATION_CONTEXT(2) 
PARAMETRIC_REPRESENTATION_CONTEXT() REPRESENTATION_CONTEXT('2D SPACE',''
  ) );
#5753 = PCURVE('',#5503,#5754);
#5754 = DEFINITIONAL_REPRESENTATION('',(#5755),#5759);
#5755 = LINE('',#5756,#5757);
#5756 = CARTESIAN_POINT('',(132.75,-4.));
#5757 = VECTOR('',#5758,1.);
#5758 = DIRECTION('',(-0.999546345399,3.011815730016E-02));
#5759 = ( GEOMETRIC_REPRESENTATION_CONTEXT(2) 
PARAMETRIC_REPRESENTATION_CONTEXT() REPRESENTATION_CONTEXT('2D SPACE',''
  ) );
#5760 = ORIENTED_EDGE('',*,*,#5569,.T.);
#5761 = ORIENTED_EDGE('',*,*,#5762,.F.);
#5762 = EDGE_CURVE('',#5695,#5543,#5763,.T.);
#5763 = SURFACE_CURVE('',#5764,(#5768,#5774),.PCURVE_S1.);
#5764 = LINE('',#5765,#5766);
#5765 = CARTESIAN_POINT('',(-1.0555E+03,1.4,185.));
#5766 = VECTOR('',#5767,1.);
#5767 = DIRECTION('',(-0.999600280603,-2.827152308777E-02,0.));
#5768 = PCURVE('',#5582,#5769);
#5769 = DEFINITIONAL_REPRESENTATION('',(#5770),#5773);
#5770 = B_SPLINE_CURVE_WITH_KNOTS('',1,(#5771,#5772),.UNSPECIFIED.,.F.,
  .F.,(2,2),(0.,49.519794022189),.PIECEWISE_BEZIER_KNOTS.);
#5771 = CARTESIAN_POINT('',(0.,1.));
#5772 = CARTESIAN_POINT('',(132.81024998094,1.));
#5773 = ( GEOMETRIC_REPRESENTATION_CONTEXT(2) 
PARAMETRIC_REPRESENTATION_CONTEXT() REPRESENTATION_CONTEXT('2D SPACE',''
  ) );
#5774 = PCURVE('',#5557,#5775);
#5775 = DEFINITIONAL_REPRESENTATION('',(#5776),#5780);
#5776 = LINE('',#5777,#5778);
#5777 = CARTESIAN_POINT('',(49.5,-1.4));
#5778 = VECTOR('',#5779,1.);
#5779 = DIRECTION('',(-0.999600280603,2.827152308777E-02));
#5780 = ( GEOMETRIC_REPRESENTATION_CONTEXT(2) 
PARAMETRIC_REPRESENTATION_CONTEXT() REPRESENTATION_CONTEXT('2D SPACE',''
  ) );
#5781 = ORIENTED_EDGE('',*,*,#5694,.F.);
#5782 = ADVANCED_FACE('',(#5783),#5503,.T.);
#5783 = FACE_BOUND('',#5784,.F.);
#5784 = EDGE_LOOP('',(#5785,#5786,#5787,#5788));
#5785 = ORIENTED_EDGE('',*,*,#5480,.T.);
#5786 = ORIENTED_EDGE('',*,*,#5597,.T.);
#5787 = ORIENTED_EDGE('',*,*,#5671,.T.);
#5788 = ORIENTED_EDGE('',*,*,#5740,.T.);
#5789 = ADVANCED_FACE('',(#5790),#5557,.F.);
#5790 = FACE_BOUND('',#5791,.T.);
#5791 = EDGE_LOOP('',(#5792,#5793,#5794,#5795));
#5792 = ORIENTED_EDGE('',*,*,#5542,.T.);
#5793 = ORIENTED_EDGE('',*,*,#5647,.T.);
#5794 = ORIENTED_EDGE('',*,*,#5716,.T.);
#5795 = ORIENTED_EDGE('',*,*,#5762,.T.);
#5796 = ( GEOMETRIC_REPRESENTATION_CONTEXT(3) 
GLOBAL_UNCERTAINTY_ASSIGNED_CONTEXT((#5800)) 
GLOBAL_UNIT_ASSIGNED_CONTEXT((#5797,#5798,#5799)) REPRESENTATION_CONTEXT
('Context #1','3D Context with UNIT and UNCERTAINTY') );
#5797 = ( LENGTH_UNIT() NAMED_UNIT(*) SI_UNIT(.MILLI.,.METRE.) );
#5798 = ( NAMED_UNIT(*) PLANE_ANGLE_UNIT() SI_UNIT($,.RADIAN.) );
#5799 = ( NAMED_UNIT(*) SI_UNIT($,.STERADIAN.) SOLID_ANGLE_UNIT() );
#5800 = UNCERTAINTY_MEASURE_WITH_UNIT(LENGTH_MEASURE(1.E-07),#5797,
  'distance_accuracy_value','confusion accuracy');
#5801 = CONTEXT_DEPENDENT_SHAPE_REPRESENTATION(#5802,#5804);
#5802 = ( REPRESENTATION_RELATIONSHIP('','',#5473,#10) 
REPRESENTATION_RELATIONSHIP_WITH_TRANSFORMATION(#5803) 
SHAPE_REPRESENTATION_RELATIONSHIP() );
#5803 = ITEM_DEFINED_TRANSFORMATION('','',#11,#23);
#5804 = PRODUCT_DEFINITION_SHAPE('Placement','Placement of an item',
  #5805);
#5805 = NEXT_ASSEMBLY_USAGE_OCCURRENCE('3','main_fin_1','',#5,#5468,$);
#5806 = PRODUCT_RELATED_PRODUCT_CATEGORY('part',$,(#5470));
#5807 = CONTEXT_DEPENDENT_SHAPE_REPRESENTATION(#5808,#5810);
#5808 = ( REPRESENTATION_RELATIONSHIP('','',#5473,#10) 
REPRESENTATION_RELATIONSHIP_WITH_TRANSFORMATION(#5809) 
SHAPE_REPRESENTATION_RELATIONSHIP() );
#5809 = ITEM_DEFINED_TRANSFORMATION('','',#11,#27);
#5810 = PRODUCT_DEFINITION_SHAPE('Placement','Placement of an item',
  #5811);
#5811 = NEXT_ASSEMBLY_USAGE_OCCURRENCE('4','main_fin_2','',#5,#5468,$);
#5812 = CONTEXT_DEPENDENT_SHAPE_REPRESENTATION(#5813,#5815);
#5813 = ( REPRESENTATION_RELATIONSHIP('','',#5473,#10) 
REPRESENTATION_RELATIONSHIP_WITH_TRANSFORMATION(#5814) 
SHAPE_REPRESENTATION_RELATIONSHIP() );
#5814 = ITEM_DEFINED_TRANSFORMATION('','',#11,#31);
#5815 = PRODUCT_DEFINITION_SHAPE('Placement','Placement of an item',
  #5816);
#5816 = NEXT_ASSEMBLY_USAGE_OCCURRENCE('5','main_fin_3','',#5,#5468,$);
#5817 = CONTEXT_DEPENDENT_SHAPE_REPRESENTATION(#5818,#5820);
#5818 = ( REPRESENTATION_RELATIONSHIP('','',#5473,#10) 
REPRESENTATION_RELATIONSHIP_WITH_TRANSFORMATION(#5819) 
SHAPE_REPRESENTATION_RELATIONSHIP() );
#5819 = ITEM_DEFINED_TRANSFORMATION('','',#11,#35);
#5820 = PRODUCT_DEFINITION_SHAPE('Placement','Placement of an item',
  #5821);
#5821 = NEXT_ASSEMBLY_USAGE_OCCURRENCE('6','main_fin_4','',#5,#5468,$);
#5822 = SHAPE_DEFINITION_REPRESENTATION(#5823,#5829);
#5823 = PRODUCT_DEFINITION_SHAPE('','',#5824);
#5824 = PRODUCT_DEFINITION('design','',#5825,#5828);
#5825 = PRODUCT_DEFINITION_FORMATION('','',#5826);
#5826 = PRODUCT('booster_body','booster_body','',(#5827));
#5827 = PRODUCT_CONTEXT('',#2,'mechanical');
#5828 = PRODUCT_DEFINITION_CONTEXT('part definition',#2,'design');
#5829 = ADVANCED_BREP_SHAPE_REPRESENTATION('',(#11,#5830),#7447);
#5830 = MANIFOLD_SOLID_BREP('',#5831);
#5831 = CLOSED_SHELL('',(#5832,#6050,#6497,#6565,#6647,#6710,#6770,#6830
    ,#6898,#6966,#7004,#7056,#7105,#7154,#7276,#7303,#7330,#7357,#7384,
    #7391,#7443));
#5832 = ADVANCED_FACE('',(#5833),#5854,.T.);
#5833 = FACE_BOUND('',#5834,.T.);
#5834 = EDGE_LOOP('',(#5835,#5910,#5964,#5998));
#5835 = ORIENTED_EDGE('',*,*,#5836,.T.);
#5836 = EDGE_CURVE('',#5837,#5839,#5841,.T.);
#5837 = VERTEX_POINT('',#5838);
#5838 = CARTESIAN_POINT('',(-1.685E+03,0.,-82.));
#5839 = VERTEX_POINT('',#5840);
#5840 = CARTESIAN_POINT('',(-1.685E+03,80.861179378235,-13.61872496091)
  );
#5841 = SURFACE_CURVE('',#5842,(#5853,#5891),.PCURVE_S1.);
#5842 = B_SPLINE_CURVE_WITH_KNOTS('',9,(#5843,#5844,#5845,#5846,#5847,
    #5848,#5849,#5850,#5851,#5852),.UNSPECIFIED.,.F.,.F.,(10,10),(0.,1.)
  ,.PIECEWISE_BEZIER_KNOTS.);
#5843 = CARTESIAN_POINT('',(-1.685E+03,0.,-82.));
#5844 = CARTESIAN_POINT('',(-1.685E+03,12.791463959065,-82.));
#5845 = CARTESIAN_POINT('',(-1.685E+03,25.582929452712,-79.75519097936)
  );
#5846 = CARTESIAN_POINT('',(-1.685E+03,37.924160409755,-75.26558080019)
  );
#5847 = CARTESIAN_POINT('',(-1.685E+03,49.364965091243,-68.63649402423)
  );
#5848 = CARTESIAN_POINT('',(-1.685E+03,59.484633815901,-60.07866867854)
  );
#5849 = CARTESIAN_POINT('',(-1.685E+03,67.921767318259,-49.89772660491)
  );
#5850 = CARTESIAN_POINT('',(-1.685E+03,74.398682002641,-38.47353484938)
  );
#5851 = CARTESIAN_POINT('',(-1.685E+03,78.736747311089,-26.23254034754)
  );
#5852 = CARTESIAN_POINT('',(-1.685E+03,80.861179378235,-13.61872496091)
  );
#5853 = PCURVE('',#5854,#5885);
#5854 = B_SPLINE_SURFACE_WITH_KNOTS('',9,2,(
    (#5855,#5856,#5857)
    ,(#5858,#5859,#5860)
    ,(#5861,#5862,#5863)
    ,(#5864,#5865,#5866)
    ,(#5867,#5868,#5869)
    ,(#5870,#5871,#5872)
    ,(#5873,#5874,#5875)
    ,(#5876,#5877,#5878)
    ,(#5879,#5880,#5881)
    ,(#5882,#5883,#5884
    )),.UNSPECIFIED.,.F.,.F.,.F.,(10,10),(3,3),(0.,1.),(0.,1.),
  .PIECEWISE_BEZIER_KNOTS.);
#5855 = CARTESIAN_POINT('',(-1.685E+03,0.,-82.));
#5856 = CARTESIAN_POINT('',(-1.602477387266E+03,10.435146253489,
    -95.38105848519));
#5857 = CARTESIAN_POINT('',(-1.52E+03,30.000000020756,-100.));
#5858 = CARTESIAN_POINT('',(-1.685E+03,12.791463959065,-82.));
#5859 = CARTESIAN_POINT('',(-1.602477387266E+03,25.755216921414,
    -95.38105848519));
#5860 = CARTESIAN_POINT('',(-1.52E+03,42.217304784716,-99.99999999999));
#5861 = CARTESIAN_POINT('',(-1.685E+03,25.582929452712,-79.75519097936)
  );
#5862 = CARTESIAN_POINT('',(-1.602477387266E+03,41.075287369597,
    -92.2862397406));
#5863 = CARTESIAN_POINT('',(-1.52E+03,54.434609723757,-97.60113801311));
#5864 = CARTESIAN_POINT('',(-1.685E+03,37.924160409755,-75.26558080019)
  );
#5865 = CARTESIAN_POINT('',(-1.602477387266E+03,55.683487882395,
    -86.09659701977));
#5866 = CARTESIAN_POINT('',(-1.52E+03,66.113609942006,-92.80341236104));
#5867 = CARTESIAN_POINT('',(-1.685E+03,49.364965091243,-68.63649402423)
  );
#5868 = CARTESIAN_POINT('',(-1.602477387266E+03,68.867946479168,
    -77.00258713804));
#5869 = CARTESIAN_POINT('',(-1.52E+03,76.716008162442,-85.74775775874));
#5870 = CARTESIAN_POINT('',(-1.685E+03,59.484633815901,-60.07866867854)
  );
#5871 = CARTESIAN_POINT('',(-1.602477387266E+03,79.977757131553,
    -65.38503823462));
#5872 = CARTESIAN_POINT('',(-1.52E+03,85.747757779485,-76.71600814167));
#5873 = CARTESIAN_POINT('',(-1.685E+03,67.921767318259,-49.89772660491)
  );
#5874 = CARTESIAN_POINT('',(-1.602477387266E+03,88.483990738816,
    -51.79101204251));
#5875 = CARTESIAN_POINT('',(-1.52E+03,92.803412381813,-66.11360992126));
#5876 = CARTESIAN_POINT('',(-1.685E+03,74.398682002641,-38.47353484938)
  );
#5877 = CARTESIAN_POINT('',(-1.602477387266E+03,94.027582436012,
    -36.88469208536));
#5878 = CARTESIAN_POINT('',(-1.52E+03,97.601138033865,-54.43460970299));
#5879 = CARTESIAN_POINT('',(-1.685E+03,78.736747311089,-26.23254034754)
  );
#5880 = CARTESIAN_POINT('',(-1.602477387266E+03,96.441906387842,
    -21.38566952049));
#5881 = CARTESIAN_POINT('',(-1.52E+03,100.00000002075,-42.21730476396));
#5882 = CARTESIAN_POINT('',(-1.685E+03,80.861179378235,-13.61872496091)
  );
#5883 = CARTESIAN_POINT('',(-1.602477387266E+03,95.751276725931,
    -6.007847238879));
#5884 = CARTESIAN_POINT('',(-1.52E+03,100.00000002512,-30.));
#5885 = DEFINITIONAL_REPRESENTATION('',(#5886),#5890);
#5886 = LINE('',#5887,#5888);
#5887 = CARTESIAN_POINT('',(0.,0.));
#5888 = VECTOR('',#5889,1.);
#5889 = DIRECTION('',(1.,0.));
#5890 = ( GEOMETRIC_REPRESENTATION_CONTEXT(2) 
PARAMETRIC_REPRESENTATION_CONTEXT() REPRESENTATION_CONTEXT('2D SPACE',''
  ) );
#5891 = PCURVE('',#5892,#5897);
#5892 = PLANE('',#5893);
#5893 = AXIS2_PLACEMENT_3D('',#5894,#5895,#5896);
#5894 = CARTESIAN_POINT('',(-1.685E+03,0.,-82.));
#5895 = DIRECTION('',(1.,2.747381483743E-15,-2.546821678865E-17));
#5896 = DIRECTION('',(-3.08148791102E-33,9.269598245395E-03,
    0.999957036351));
#5897 = DEFINITIONAL_REPRESENTATION('',(#5898),#5909);
#5898 = B_SPLINE_CURVE_WITH_KNOTS('',9,(#5899,#5900,#5901,#5902,#5903,
    #5904,#5905,#5906,#5907,#5908),.UNSPECIFIED.,.F.,.F.,(10,10),(0.,1.)
  ,.PIECEWISE_BEZIER_KNOTS.);
#5899 = CARTESIAN_POINT('',(0.,0.));
#5900 = CARTESIAN_POINT('',(0.118571731871,-12.7909143911));
#5901 = CARTESIAN_POINT('',(2.48185605342,-25.56102183895));
#5902 = CARTESIAN_POINT('',(7.085671595381,-37.86010568904));
#5903 = CARTESIAN_POINT('',(13.820525224585,-49.23896986067));
#5904 = CARTESIAN_POINT('',(22.471788158325,-59.27887620463));
#5905 = CARTESIAN_POINT('',(32.730501659442,-67.62127397416));
#5906 = CARTESIAN_POINT('',(44.214240987007,-73.99201271881));
#5907 = CARTESIAN_POINT('',(56.494921693626,-78.21642254698));
#5908 = CARTESIAN_POINT('',(69.127887776491,-80.2238383398));
#5909 = ( GEOMETRIC_REPRESENTATION_CONTEXT(2) 
PARAMETRIC_REPRESENTATION_CONTEXT() REPRESENTATION_CONTEXT('2D SPACE',''
  ) );
#5910 = ORIENTED_EDGE('',*,*,#5911,.T.);
#5911 = EDGE_CURVE('',#5839,#5912,#5914,.T.);
#5912 = VERTEX_POINT('',#5913);
#5913 = CARTESIAN_POINT('',(-1.52E+03,100.00000002294,-30.));
#5914 = SURFACE_CURVE('',#5915,(#5919,#5926),.PCURVE_S1.);
#5915 = B_SPLINE_CURVE_WITH_KNOTS('',2,(#5916,#5917,#5918),
  .UNSPECIFIED.,.F.,.F.,(3,3),(0.,1.),.PIECEWISE_BEZIER_KNOTS.);
#5916 = CARTESIAN_POINT('',(-1.685E+03,80.861179378235,-13.61872496091)
  );
#5917 = CARTESIAN_POINT('',(-1.602477387266E+03,95.751276725931,
    -6.007847238879));
#5918 = CARTESIAN_POINT('',(-1.52E+03,100.00000002512,-30.));
#5919 = PCURVE('',#5854,#5920);
#5920 = DEFINITIONAL_REPRESENTATION('',(#5921),#5925);
#5921 = LINE('',#5922,#5923);
#5922 = CARTESIAN_POINT('',(1.,0.));
#5923 = VECTOR('',#5924,1.);
#5924 = DIRECTION('',(0.,1.));
#5925 = ( GEOMETRIC_REPRESENTATION_CONTEXT(2) 
PARAMETRIC_REPRESENTATION_CONTEXT() REPRESENTATION_CONTEXT('2D SPACE',''
  ) );
#5926 = PCURVE('',#5927,#5958);
#5927 = B_SPLINE_SURFACE_WITH_KNOTS('',9,2,(
    (#5928,#5929,#5930)
    ,(#5931,#5932,#5933)
    ,(#5934,#5935,#5936)
    ,(#5937,#5938,#5939)
    ,(#5940,#5941,#5942)
    ,(#5943,#5944,#5945)
    ,(#5946,#5947,#5948)
    ,(#5949,#5950,#5951)
    ,(#5952,#5953,#5954)
    ,(#5955,#5956,#5957
    )),.UNSPECIFIED.,.F.,.F.,.F.,(10,10),(3,3),(1.,2.),(0.,1.),
  .PIECEWISE_BEZIER_KNOTS.);
#5928 = CARTESIAN_POINT('',(-1.685E+03,80.861179378235,-13.61872496091)
  );
#5929 = CARTESIAN_POINT('',(-1.602477387266E+03,95.751276725931,
    -6.007847238879));
#5930 = CARTESIAN_POINT('',(-1.52E+03,100.00000002512,-30.));
#5931 = CARTESIAN_POINT('',(-1.685E+03,81.366147053215,-10.62047939358)
  );
#5932 = CARTESIAN_POINT('',(-1.602477387266E+03,95.587117241333,
    -4.663622796615));
#5933 = CARTESIAN_POINT('',(-1.52E+03,100.00000002512,-23.33333333333));
#5934 = CARTESIAN_POINT('',(-1.685E+03,81.746046541618,-7.601169730654)
  );
#5935 = CARTESIAN_POINT('',(-1.602477387266E+03,95.463616060356,
    -3.326246062131));
#5936 = CARTESIAN_POINT('',(-1.52E+03,100.00000002512,-16.66666666666));
#5937 = CARTESIAN_POINT('',(-1.685E+03,81.99987365768,-4.566758256784));
#5938 = CARTESIAN_POINT('',(-1.602477387266E+03,95.381099632841,
    -1.993778761703));
#5939 = CARTESIAN_POINT('',(-1.52E+03,100.00000002512,-10.));
#5940 = CARTESIAN_POINT('',(-1.685E+03,82.126955827126,-1.52326328499));
#5941 = CARTESIAN_POINT('',(-1.602477387266E+03,95.339786605351,
    -0.664264407397));
#5942 = CARTESIAN_POINT('',(-1.52E+03,100.00000002512,-3.333333333333));
#5943 = CARTESIAN_POINT('',(-1.685E+03,82.126955827688,1.523263254685));
#5944 = CARTESIAN_POINT('',(-1.602477387266E+03,95.339786605169,
    0.664264417249));
#5945 = CARTESIAN_POINT('',(-1.52E+03,100.00000002512,3.333333333333));
#5946 = CARTESIAN_POINT('',(-1.685E+03,81.999873659365,4.566758226525));
#5947 = CARTESIAN_POINT('',(-1.602477387266E+03,95.381099632293,
    1.99377877154));
#5948 = CARTESIAN_POINT('',(-1.52E+03,100.00000002512,10.));
#5949 = CARTESIAN_POINT('',(-1.685E+03,81.746046544423,7.601169700489));
#5950 = CARTESIAN_POINT('',(-1.602477387266E+03,95.463616059444,
    3.326246071937));
#5951 = CARTESIAN_POINT('',(-1.52E+03,100.00000002512,16.666666666667));
#5952 = CARTESIAN_POINT('',(-1.685E+03,81.366147057134,10.620479363556)
  );
#5953 = CARTESIAN_POINT('',(-1.602477387266E+03,95.587117240059,
    4.663622806376));
#5954 = CARTESIAN_POINT('',(-1.52E+03,100.00000002512,23.333333333333));
#5955 = CARTESIAN_POINT('',(-1.685E+03,80.86117938326,13.618724931074));
#5956 = CARTESIAN_POINT('',(-1.602477387266E+03,95.751276687545,
    6.007847248579));
#5957 = CARTESIAN_POINT('',(-1.52E+03,100.00000002075,30.));
#5958 = DEFINITIONAL_REPRESENTATION('',(#5959),#5963);
#5959 = LINE('',#5960,#5961);
#5960 = CARTESIAN_POINT('',(1.,0.));
#5961 = VECTOR('',#5962,1.);
#5962 = DIRECTION('',(0.,1.));
#5963 = ( GEOMETRIC_REPRESENTATION_CONTEXT(2) 
PARAMETRIC_REPRESENTATION_CONTEXT() REPRESENTATION_CONTEXT('2D SPACE',''
  ) );
#5964 = ORIENTED_EDGE('',*,*,#5965,.F.);
#5965 = EDGE_CURVE('',#5966,#5912,#5968,.T.);
#5966 = VERTEX_POINT('',#5967);
#5967 = CARTESIAN_POINT('',(-1.52E+03,30.000000020756,-100.));
#5968 = SURFACE_CURVE('',#5969,(#5980,#5987),.PCURVE_S1.);
#5969 = B_SPLINE_CURVE_WITH_KNOTS('',9,(#5970,#5971,#5972,#5973,#5974,
    #5975,#5976,#5977,#5978,#5979),.UNSPECIFIED.,.F.,.F.,(10,10),(0.,1.)
  ,.PIECEWISE_BEZIER_KNOTS.);
#5970 = CARTESIAN_POINT('',(-1.52E+03,30.000000020756,-100.));
#5971 = CARTESIAN_POINT('',(-1.52E+03,42.217304784716,-99.99999999999));
#5972 = CARTESIAN_POINT('',(-1.52E+03,54.434609723757,-97.60113801311));
#5973 = CARTESIAN_POINT('',(-1.52E+03,66.113609942006,-92.80341236104));
#5974 = CARTESIAN_POINT('',(-1.52E+03,76.716008162442,-85.74775775874));
#5975 = CARTESIAN_POINT('',(-1.52E+03,85.747757779485,-76.71600814167));
#5976 = CARTESIAN_POINT('',(-1.52E+03,92.803412381813,-66.11360992126));
#5977 = CARTESIAN_POINT('',(-1.52E+03,97.601138033865,-54.43460970299));
#5978 = CARTESIAN_POINT('',(-1.52E+03,100.00000002075,-42.21730476396));
#5979 = CARTESIAN_POINT('',(-1.52E+03,100.00000002512,-30.));
#5980 = PCURVE('',#5854,#5981);
#5981 = DEFINITIONAL_REPRESENTATION('',(#5982),#5986);
#5982 = LINE('',#5983,#5984);
#5983 = CARTESIAN_POINT('',(0.,1.));
#5984 = VECTOR('',#5985,1.);
#5985 = DIRECTION('',(1.,0.));
#5986 = ( GEOMETRIC_REPRESENTATION_CONTEXT(2) 
PARAMETRIC_REPRESENTATION_CONTEXT() REPRESENTATION_CONTEXT('2D SPACE',''
  ) );
#5987 = PCURVE('',#5988,#5993);
#5988 = CYLINDRICAL_SURFACE('',#5989,70.);
#5989 = AXIS2_PLACEMENT_3D('',#5990,#5991,#5992);
#5990 = CARTESIAN_POINT('',(-1.52E+03,30.000000020756,-30.));
#5991 = DIRECTION('',(-1.,0.,-1.110223024625E-16));
#5992 = DIRECTION('',(1.110223024625E-16,0.,-1.));
#5993 = DEFINITIONAL_REPRESENTATION('',(#5994),#5997);
#5994 = B_SPLINE_CURVE_WITH_KNOTS('',1,(#5995,#5996),.UNSPECIFIED.,.F.,
  .F.,(2,2),(0.,1.),.PIECEWISE_BEZIER_KNOTS.);
#5995 = CARTESIAN_POINT('',(0.,0.));
#5996 = CARTESIAN_POINT('',(-1.570796326795,0.));
#5997 = ( GEOMETRIC_REPRESENTATION_CONTEXT(2) 
PARAMETRIC_REPRESENTATION_CONTEXT() REPRESENTATION_CONTEXT('2D SPACE',''
  ) );
#5998 = ORIENTED_EDGE('',*,*,#5999,.F.);
#5999 = EDGE_CURVE('',#5837,#5966,#6000,.T.);
#6000 = SURFACE_CURVE('',#6001,(#6005,#6012),.PCURVE_S1.);
#6001 = B_SPLINE_CURVE_WITH_KNOTS('',2,(#6002,#6003,#6004),
  .UNSPECIFIED.,.F.,.F.,(3,3),(0.,1.),.PIECEWISE_BEZIER_KNOTS.);
#6002 = CARTESIAN_POINT('',(-1.685E+03,0.,-82.));
#6003 = CARTESIAN_POINT('',(-1.602477387266E+03,10.435146253489,
    -95.38105848519));
#6004 = CARTESIAN_POINT('',(-1.52E+03,30.000000020756,-100.));
#6005 = PCURVE('',#5854,#6006);
#6006 = DEFINITIONAL_REPRESENTATION('',(#6007),#6011);
#6007 = LINE('',#6008,#6009);
#6008 = CARTESIAN_POINT('',(0.,0.));
#6009 = VECTOR('',#6010,1.);
#6010 = DIRECTION('',(0.,1.));
#6011 = ( GEOMETRIC_REPRESENTATION_CONTEXT(2) 
PARAMETRIC_REPRESENTATION_CONTEXT() REPRESENTATION_CONTEXT('2D SPACE',''
  ) );
#6012 = PCURVE('',#6013,#6044);
#6013 = B_SPLINE_SURFACE_WITH_KNOTS('',9,2,(
    (#6014,#6015,#6016)
    ,(#6017,#6018,#6019)
    ,(#6020,#6021,#6022)
    ,(#6023,#6024,#6025)
    ,(#6026,#6027,#6028)
    ,(#6029,#6030,#6031)
    ,(#6032,#6033,#6034)
    ,(#6035,#6036,#6037)
    ,(#6038,#6039,#6040)
    ,(#6041,#6042,#6043
    )),.UNSPECIFIED.,.F.,.F.,.F.,(10,10),(3,3),(7.,8.),(0.,1.),
  .PIECEWISE_BEZIER_KNOTS.);
#6014 = CARTESIAN_POINT('',(-1.685E+03,-13.61872492563,-80.86117938417)
  );
#6015 = CARTESIAN_POINT('',(-1.602477387266E+03,-6.007847175208,
    -95.75127664886));
#6016 = CARTESIAN_POINT('',(-1.52E+03,-29.99999997487,-100.));
#6017 = CARTESIAN_POINT('',(-1.685E+03,-12.11960214412,-81.11366322063)
  );
#6018 = CARTESIAN_POINT('',(-1.602477387266E+03,-4.176274266893,
    -95.66919690689));
#6019 = CARTESIAN_POINT('',(-1.52E+03,-23.33333330869,-100.));
#6020 = CARTESIAN_POINT('',(-1.685E+03,-10.61521333518,-81.33488002606)
  );
#6021 = CARTESIAN_POINT('',(-1.602477387266E+03,-2.346413286669,
    -95.59728173576));
#6022 = CARTESIAN_POINT('',(-1.52E+03,-16.66666664251,-100.));
#6023 = CARTESIAN_POINT('',(-1.685E+03,-9.106303790105,-81.52470423468)
  );
#6024 = CARTESIAN_POINT('',(-1.602477387266E+03,-0.518021948467,
    -95.53557195552));
#6025 = CARTESIAN_POINT('',(-1.52E+03,-9.999999976329,-100.));
#6026 = CARTESIAN_POINT('',(-1.685E+03,-7.593622297482,-81.68303106936)
  );
#6027 = CARTESIAN_POINT('',(-1.602477387266E+03,1.30914317072,
    -95.48410162808));
#6028 = CARTESIAN_POINT('',(-1.52E+03,-3.333333310148,-100.));
#6029 = CARTESIAN_POINT('',(-1.685E+03,-6.077920444556,-81.80977660001)
  );
#6030 = CARTESIAN_POINT('',(-1.602477387266E+03,3.135326403709,
    -95.44289803819));
#6031 = CARTESIAN_POINT('',(-1.52E+03,3.333333356033,-100.));
#6032 = CARTESIAN_POINT('',(-1.685E+03,-4.559951918507,-81.90487780206)
  );
#6033 = CARTESIAN_POINT('',(-1.602477387266E+03,4.960772765984,
    -95.41198167445));
#6034 = CARTESIAN_POINT('',(-1.52E+03,10.000000022214,-100.));
#6035 = CARTESIAN_POINT('',(-1.685E+03,-3.040471807765,-81.96829261483)
  );
#6036 = CARTESIAN_POINT('',(-1.602477387266E+03,6.785727728558,
    -95.39136621034));
#6037 = CARTESIAN_POINT('',(-1.52E+03,16.666666688394,-100.));
#6038 = CARTESIAN_POINT('',(-1.685E+03,-1.520235903314,-82.));
#6039 = CARTESIAN_POINT('',(-1.602477387266E+03,8.610436990839,
    -95.38105848519));
#6040 = CARTESIAN_POINT('',(-1.52E+03,23.333333354575,-100.));
#6041 = CARTESIAN_POINT('',(-1.685E+03,-2.04281036531E-14,-82.));
#6042 = CARTESIAN_POINT('',(-1.602477387266E+03,10.435146253489,
    -95.38105848519));
#6043 = CARTESIAN_POINT('',(-1.52E+03,30.000000020756,-100.));
#6044 = DEFINITIONAL_REPRESENTATION('',(#6045),#6049);
#6045 = LINE('',#6046,#6047);
#6046 = CARTESIAN_POINT('',(8.,0.));
#6047 = VECTOR('',#6048,1.);
#6048 = DIRECTION('',(0.,1.));
#6049 = ( GEOMETRIC_REPRESENTATION_CONTEXT(2) 
PARAMETRIC_REPRESENTATION_CONTEXT() REPRESENTATION_CONTEXT('2D SPACE',''
  ) );
#6050 = ADVANCED_FACE('',(#6051,#6466),#5892,.F.);
#6051 = FACE_BOUND('',#6052,.F.);
#6052 = EDGE_LOOP('',(#6053,#6054,#6091,#6159,#6227,#6295,#6363,#6431));
#6053 = ORIENTED_EDGE('',*,*,#5836,.T.);
#6054 = ORIENTED_EDGE('',*,*,#6055,.T.);
#6055 = EDGE_CURVE('',#5839,#6056,#6058,.T.);
#6056 = VERTEX_POINT('',#6057);
#6057 = CARTESIAN_POINT('',(-1.685E+03,80.86117938326,13.618724931074));
#6058 = SURFACE_CURVE('',#6059,(#6070,#6084),.PCURVE_S1.);
#6059 = B_SPLINE_CURVE_WITH_KNOTS('',9,(#6060,#6061,#6062,#6063,#6064,
    #6065,#6066,#6067,#6068,#6069),.UNSPECIFIED.,.F.,.F.,(10,10),(1.,2.)
  ,.PIECEWISE_BEZIER_KNOTS.);
#6060 = CARTESIAN_POINT('',(-1.685E+03,80.861179378235,-13.61872496091)
  );
#6061 = CARTESIAN_POINT('',(-1.685E+03,81.366147053215,-10.62047939358)
  );
#6062 = CARTESIAN_POINT('',(-1.685E+03,81.746046541618,-7.601169730654)
  );
#6063 = CARTESIAN_POINT('',(-1.685E+03,81.99987365768,-4.566758256784));
#6064 = CARTESIAN_POINT('',(-1.685E+03,82.126955827126,-1.52326328499));
#6065 = CARTESIAN_POINT('',(-1.685E+03,82.126955827688,1.523263254685));
#6066 = CARTESIAN_POINT('',(-1.685E+03,81.999873659365,4.566758226525));
#6067 = CARTESIAN_POINT('',(-1.685E+03,81.746046544423,7.601169700489));
#6068 = CARTESIAN_POINT('',(-1.685E+03,81.366147057134,10.620479363556)
  );
#6069 = CARTESIAN_POINT('',(-1.685E+03,80.86117938326,13.618724931074));
#6070 = PCURVE('',#5892,#6071);
#6071 = DEFINITIONAL_REPRESENTATION('',(#6072),#6083);
#6072 = B_SPLINE_CURVE_WITH_KNOTS('',9,(#6073,#6074,#6075,#6076,#6077,
    #6078,#6079,#6080,#6081,#6082),.UNSPECIFIED.,.F.,.F.,(10,10),(1.,2.)
  ,.PIECEWISE_BEZIER_KNOTS.);
#6073 = CARTESIAN_POINT('',(69.127887776491,-80.2238383398));
#6074 = CARTESIAN_POINT('',(72.130685375727,-80.70099178768));
#6075 = CARTESIAN_POINT('',(75.153386833725,-81.05288716666));
#6076 = CARTESIAN_POINT('',(78.190020813596,-81.27857560211));
#6077 = CARTESIAN_POINT('',(81.234563026395,-81.37744033599));
#6078 = CARTESIAN_POINT('',(84.28095867618,-81.34920025948));
#6079 = CARTESIAN_POINT('',(87.323144887727,-81.19391157542));
#6080 = CARTESIAN_POINT('',(90.355073116923,-80.91196759055));
#6081 = CARTESIAN_POINT('',(93.370731543808,-80.50409663757));
#6082 = CARTESIAN_POINT('',(96.364167448293,-79.9713581271));
#6083 = ( GEOMETRIC_REPRESENTATION_CONTEXT(2) 
PARAMETRIC_REPRESENTATION_CONTEXT() REPRESENTATION_CONTEXT('2D SPACE',''
  ) );
#6084 = PCURVE('',#5927,#6085);
#6085 = DEFINITIONAL_REPRESENTATION('',(#6086),#6090);
#6086 = LINE('',#6087,#6088);
#6087 = CARTESIAN_POINT('',(0.,0.));
#6088 = VECTOR('',#6089,1.);
#6089 = DIRECTION('',(1.,0.));
#6090 = ( GEOMETRIC_REPRESENTATION_CONTEXT(2) 
PARAMETRIC_REPRESENTATION_CONTEXT() REPRESENTATION_CONTEXT('2D SPACE',''
  ) );
#6091 = ORIENTED_EDGE('',*,*,#6092,.T.);
#6092 = EDGE_CURVE('',#6056,#6093,#6095,.T.);
#6093 = VERTEX_POINT('',#6094);
#6094 = CARTESIAN_POINT('',(-1.685E+03,13.618724956386,80.861179378997)
  );
#6095 = SURFACE_CURVE('',#6096,(#6107,#6121),.PCURVE_S1.);
#6096 = B_SPLINE_CURVE_WITH_KNOTS('',9,(#6097,#6098,#6099,#6100,#6101,
    #6102,#6103,#6104,#6105,#6106),.UNSPECIFIED.,.F.,.F.,(10,10),(2.,3.)
  ,.PIECEWISE_BEZIER_KNOTS.);
#6097 = CARTESIAN_POINT('',(-1.685E+03,80.86117938326,13.618724931074));
#6098 = CARTESIAN_POINT('',(-1.685E+03,78.989231157342,24.733417536895)
  );
#6099 = CARTESIAN_POINT('',(-1.685E+03,75.398553678274,35.558640480897)
  );
#6100 = CARTESIAN_POINT('',(-1.685E+03,70.140306834177,45.790645538968)
  );
#6101 = CARTESIAN_POINT('',(-1.685E+03,63.328265523135,55.136245339566)
  );
#6102 = CARTESIAN_POINT('',(-1.685E+03,55.136245359389,63.328265505876)
  );
#6103 = CARTESIAN_POINT('',(-1.685E+03,45.790645560924,70.140306819842)
  );
#6104 = CARTESIAN_POINT('',(-1.685E+03,35.5586405045,75.398553667143));
#6105 = CARTESIAN_POINT('',(-1.685E+03,24.733417561621,78.989231149599)
  );
#6106 = CARTESIAN_POINT('',(-1.685E+03,13.618724956386,80.861179378997)
  );
#6107 = PCURVE('',#5892,#6108);
#6108 = DEFINITIONAL_REPRESENTATION('',(#6109),#6120);
#6109 = B_SPLINE_CURVE_WITH_KNOTS('',9,(#6110,#6111,#6112,#6113,#6114,
    #6115,#6116,#6117,#6118,#6119),.UNSPECIFIED.,.F.,.F.,(10,10),(2.,3.)
  ,.PIECEWISE_BEZIER_KNOTS.);
#6110 = CARTESIAN_POINT('',(96.364167448293,-79.9713581271));
#6111 = CARTESIAN_POINT('',(107.46103031837,-77.99646159183));
#6112 = CARTESIAN_POINT('',(118.25250403364,-74.30559291376));
#6113 = CARTESIAN_POINT('',(128.43532765172,-68.952725407));
#6114 = CARTESIAN_POINT('',(137.71738104506,-62.0543468106));
#6115 = CARTESIAN_POINT('',(145.83311251656,-53.78674187017));
#6116 = CARTESIAN_POINT('',(152.55823120488,-44.37839870656));
#6117 = CARTESIAN_POINT('',(157.72140556259,-34.09809141865));
#6118 = CARTESIAN_POINT('',(161.21158330885,-23.24004942916));
#6119 = CARTESIAN_POINT('',(162.98042237745,-12.10848214365));
#6120 = ( GEOMETRIC_REPRESENTATION_CONTEXT(2) 
PARAMETRIC_REPRESENTATION_CONTEXT() REPRESENTATION_CONTEXT('2D SPACE',''
  ) );
#6121 = PCURVE('',#6122,#6153);
#6122 = B_SPLINE_SURFACE_WITH_KNOTS('',9,2,(
    (#6123,#6124,#6125)
    ,(#6126,#6127,#6128)
    ,(#6129,#6130,#6131)
    ,(#6132,#6133,#6134)
    ,(#6135,#6136,#6137)
    ,(#6138,#6139,#6140)
    ,(#6141,#6142,#6143)
    ,(#6144,#6145,#6146)
    ,(#6147,#6148,#6149)
    ,(#6150,#6151,#6152
    )),.UNSPECIFIED.,.F.,.F.,.F.,(10,10),(3,3),(2.,3.),(0.,1.),
  .PIECEWISE_BEZIER_KNOTS.);
#6123 = CARTESIAN_POINT('',(-1.685E+03,80.86117938326,13.618724931074));
#6124 = CARTESIAN_POINT('',(-1.602477387266E+03,95.751276687545,
    6.007847248579));
#6125 = CARTESIAN_POINT('',(-1.52E+03,100.00000002075,30.));
#6126 = CARTESIAN_POINT('',(-1.685E+03,78.989231157342,24.733417536895)
  );
#6127 = CARTESIAN_POINT('',(-1.602477387266E+03,96.359826642693,
    21.873017998696));
#6128 = CARTESIAN_POINT('',(-1.52E+03,100.00000002075,42.21730476396));
#6129 = CARTESIAN_POINT('',(-1.685E+03,75.398553678274,35.558640480897)
  );
#6130 = CARTESIAN_POINT('',(-1.602477387266E+03,93.702535057602,
    37.832292458426));
#6131 = CARTESIAN_POINT('',(-1.52E+03,97.60113803387,54.434609702997));
#6132 = CARTESIAN_POINT('',(-1.685E+03,70.140306834177,45.790645538968)
  );
#6133 = CARTESIAN_POINT('',(-1.602477387266E+03,87.762767734767,
    53.126179310412));
#6134 = CARTESIAN_POINT('',(-1.52E+03,92.803412381802,66.113609921258));
#6135 = CARTESIAN_POINT('',(-1.685E+03,63.328265523135,55.136245339566)
  );
#6136 = CARTESIAN_POINT('',(-1.602477387266E+03,78.72823437732,
    66.991766166348));
#6137 = CARTESIAN_POINT('',(-1.52E+03,85.747757779498,76.716008141674));
#6138 = CARTESIAN_POINT('',(-1.685E+03,55.136245359389,63.328265505876)
  );
#6139 = CARTESIAN_POINT('',(-1.602477387266E+03,66.991766198259,
    78.728234344514));
#6140 = CARTESIAN_POINT('',(-1.52E+03,76.71600816243,85.747757758742));
#6141 = CARTESIAN_POINT('',(-1.685E+03,45.790645560924,70.140306819842)
  );
#6142 = CARTESIAN_POINT('',(-1.602477387266E+03,53.12617934168,
    87.762767701066));
#6143 = CARTESIAN_POINT('',(-1.52E+03,66.113609942014,92.803412361047));
#6144 = CARTESIAN_POINT('',(-1.685E+03,35.5586405045,75.398553667143));
#6145 = CARTESIAN_POINT('',(-1.602477387266E+03,37.83229248913,
    93.702535022822));
#6146 = CARTESIAN_POINT('',(-1.52E+03,54.434609723753,97.601138013114));
#6147 = CARTESIAN_POINT('',(-1.685E+03,24.733417561621,78.989231149599)
  );
#6148 = CARTESIAN_POINT('',(-1.602477387266E+03,21.873018029046,
    96.359826606828));
#6149 = CARTESIAN_POINT('',(-1.52E+03,42.217304784716,99.999999999999));
#6150 = CARTESIAN_POINT('',(-1.685E+03,13.618724956386,80.861179378997)
  );
#6151 = CARTESIAN_POINT('',(-1.602477387266E+03,6.007847278736,
    95.751276650545));
#6152 = CARTESIAN_POINT('',(-1.52E+03,30.000000020756,100.));
#6153 = DEFINITIONAL_REPRESENTATION('',(#6154),#6158);
#6154 = LINE('',#6155,#6156);
#6155 = CARTESIAN_POINT('',(0.,0.));
#6156 = VECTOR('',#6157,1.);
#6157 = DIRECTION('',(1.,0.));
#6158 = ( GEOMETRIC_REPRESENTATION_CONTEXT(2) 
PARAMETRIC_REPRESENTATION_CONTEXT() REPRESENTATION_CONTEXT('2D SPACE',''
  ) );
#6159 = ORIENTED_EDGE('',*,*,#6160,.T.);
#6160 = EDGE_CURVE('',#6093,#6161,#6163,.T.);
#6161 = VERTEX_POINT('',#6162);
#6162 = CARTESIAN_POINT('',(-1.685E+03,-13.618725004,80.861179370978));
#6163 = SURFACE_CURVE('',#6164,(#6175,#6189),.PCURVE_S1.);
#6164 = B_SPLINE_CURVE_WITH_KNOTS('',9,(#6165,#6166,#6167,#6168,#6169,
    #6170,#6171,#6172,#6173,#6174),.UNSPECIFIED.,.F.,.F.,(10,10),(3.,4.)
  ,.PIECEWISE_BEZIER_KNOTS.);
#6165 = CARTESIAN_POINT('',(-1.685E+03,13.618724956386,80.861179378997)
  );
#6166 = CARTESIAN_POINT('',(-1.685E+03,10.620479381426,81.366147055089)
  );
#6167 = CARTESIAN_POINT('',(-1.685E+03,7.601169710772,81.746046543969));
#6168 = CARTESIAN_POINT('',(-1.685E+03,4.566758229119,81.999873659866));
#6169 = CARTESIAN_POINT('',(-1.685E+03,1.523263249535,82.126955828499));
#6170 = CARTESIAN_POINT('',(-1.685E+03,-1.523263297893,82.126955827603)
  );
#6171 = CARTESIAN_POINT('',(-1.685E+03,-4.566758277403,81.999873657177)
  );
#6172 = CARTESIAN_POINT('',(-1.685E+03,-7.601169758906,81.746046539494)
  );
#6173 = CARTESIAN_POINT('',(-1.685E+03,-10.62047942933,81.366147048835)
  );
#6174 = CARTESIAN_POINT('',(-1.685E+03,-13.618725004,80.861179370978));
#6175 = PCURVE('',#5892,#6176);
#6176 = DEFINITIONAL_REPRESENTATION('',(#6177),#6188);
#6177 = B_SPLINE_CURVE_WITH_KNOTS('',9,(#6178,#6179,#6180,#6181,#6182,
    #6183,#6184,#6185,#6186,#6187),.UNSPECIFIED.,.F.,.F.,(10,10),(3.,4.)
  ,.PIECEWISE_BEZIER_KNOTS.);
#6178 = CARTESIAN_POINT('',(162.98042237745,-12.10848214365));
#6179 = CARTESIAN_POINT('',(163.45757582636,-9.105684536782));
#6180 = CARTESIAN_POINT('',(163.80947120575,-6.082983071052));
#6181 = CARTESIAN_POINT('',(164.03515964096,-3.0463490834));
#6182 = CARTESIAN_POINT('',(164.13402437396,-1.806862817583E-03));
#6183 = CARTESIAN_POINT('',(164.10578429592,3.044588794706));
#6184 = CARTESIAN_POINT('',(163.95049560969,6.086775013902));
#6185 = CARTESIAN_POINT('',(163.668551622,9.118703250612));
#6186 = CARTESIAN_POINT('',(163.26068066559,12.13436168483));
#6187 = CARTESIAN_POINT('',(162.72794215107,15.127797596422));
#6188 = ( GEOMETRIC_REPRESENTATION_CONTEXT(2) 
PARAMETRIC_REPRESENTATION_CONTEXT() REPRESENTATION_CONTEXT('2D SPACE',''
  ) );
#6189 = PCURVE('',#6190,#6221);
#6190 = B_SPLINE_SURFACE_WITH_KNOTS('',9,2,(
    (#6191,#6192,#6193)
    ,(#6194,#6195,#6196)
    ,(#6197,#6198,#6199)
    ,(#6200,#6201,#6202)
    ,(#6203,#6204,#6205)
    ,(#6206,#6207,#6208)
    ,(#6209,#6210,#6211)
    ,(#6212,#6213,#6214)
    ,(#6215,#6216,#6217)
    ,(#6218,#6219,#6220
    )),.UNSPECIFIED.,.F.,.F.,.F.,(10,10),(3,3),(3.,4.),(0.,1.),
  .PIECEWISE_BEZIER_KNOTS.);
#6191 = CARTESIAN_POINT('',(-1.685E+03,13.618724956386,80.861179378997)
  );
#6192 = CARTESIAN_POINT('',(-1.602477387266E+03,6.007847278736,
    95.751276650545));
#6193 = CARTESIAN_POINT('',(-1.52E+03,30.000000020756,100.));
#6194 = CARTESIAN_POINT('',(-1.685E+03,10.620479381426,81.366147055089)
  );
#6195 = CARTESIAN_POINT('',(-1.602477387266E+03,4.663622826338,
    95.587117165585));
#6196 = CARTESIAN_POINT('',(-1.52E+03,23.333333348991,100.));
#6197 = CARTESIAN_POINT('',(-1.685E+03,7.601169710772,81.746046543969));
#6198 = CARTESIAN_POINT('',(-1.602477387266E+03,3.326246081752,
    95.463615984453));
#6199 = CARTESIAN_POINT('',(-1.52E+03,16.666666677226,100.));
#6200 = CARTESIAN_POINT('',(-1.685E+03,4.566758229119,81.999873659866));
#6201 = CARTESIAN_POINT('',(-1.602477387266E+03,1.993778771241,
    95.381099556992));
#6202 = CARTESIAN_POINT('',(-1.52E+03,10.000000005461,100.));
#6203 = CARTESIAN_POINT('',(-1.685E+03,1.523263249535,82.126955828499));
#6204 = CARTESIAN_POINT('',(-1.602477387266E+03,0.664264406854,
    95.339786529767));
#6205 = CARTESIAN_POINT('',(-1.52E+03,3.333333333696,100.));
#6206 = CARTESIAN_POINT('',(-1.685E+03,-1.523263297893,82.126955827603)
  );
#6207 = CARTESIAN_POINT('',(-1.602477387266E+03,-0.664264427886,
    95.339786530058));
#6208 = CARTESIAN_POINT('',(-1.52E+03,-3.333333338069,100.));
#6209 = CARTESIAN_POINT('',(-1.685E+03,-4.566758277403,81.999873657177)
  );
#6210 = CARTESIAN_POINT('',(-1.602477387266E+03,-1.993778792297,
    95.381099557867));
#6211 = CARTESIAN_POINT('',(-1.52E+03,-10.00000000983,100.));
#6212 = CARTESIAN_POINT('',(-1.685E+03,-7.601169758906,81.746046539494)
  );
#6213 = CARTESIAN_POINT('',(-1.602477387266E+03,-3.326246102857,
    95.463615985908));
#6214 = CARTESIAN_POINT('',(-1.52E+03,-16.66666668159,100.));
#6215 = CARTESIAN_POINT('',(-1.685E+03,-10.62047942933,81.366147048835)
  );
#6216 = CARTESIAN_POINT('',(-1.602477387266E+03,-4.663622847515,
    95.587117167618));
#6217 = CARTESIAN_POINT('',(-1.52E+03,-23.33333335336,100.));
#6218 = CARTESIAN_POINT('',(-1.685E+03,-13.618725004,80.861179370978));
#6219 = CARTESIAN_POINT('',(-1.602477387266E+03,-6.00784730001,
    95.751276653152));
#6220 = CARTESIAN_POINT('',(-1.52E+03,-30.00000002512,100.));
#6221 = DEFINITIONAL_REPRESENTATION('',(#6222),#6226);
#6222 = LINE('',#6223,#6224);
#6223 = CARTESIAN_POINT('',(0.,0.));
#6224 = VECTOR('',#6225,1.);
#6225 = DIRECTION('',(1.,0.));
#6226 = ( GEOMETRIC_REPRESENTATION_CONTEXT(2) 
PARAMETRIC_REPRESENTATION_CONTEXT() REPRESENTATION_CONTEXT('2D SPACE',''
  ) );
#6227 = ORIENTED_EDGE('',*,*,#6228,.T.);
#6228 = EDGE_CURVE('',#6161,#6229,#6231,.T.);
#6229 = VERTEX_POINT('',#6230);
#6230 = CARTESIAN_POINT('',(-1.685E+03,-80.86117938332,13.618724930678)
  );
#6231 = SURFACE_CURVE('',#6232,(#6243,#6257),.PCURVE_S1.);
#6232 = B_SPLINE_CURVE_WITH_KNOTS('',9,(#6233,#6234,#6235,#6236,#6237,
    #6238,#6239,#6240,#6241,#6242),.UNSPECIFIED.,.F.,.F.,(10,10),(4.,5.)
  ,.PIECEWISE_BEZIER_KNOTS.);
#6233 = CARTESIAN_POINT('',(-1.685E+03,-13.618725004,80.861179370978));
#6234 = CARTESIAN_POINT('',(-1.685E+03,-24.73341760288,78.98923113592));
#6235 = CARTESIAN_POINT('',(-1.685E+03,-35.55864053867,75.398553649593)
  );
#6236 = CARTESIAN_POINT('',(-1.685E+03,-45.79064558773,70.140306800327)
  );
#6237 = CARTESIAN_POINT('',(-1.685E+03,-55.13624537903,63.328265486272)
  );
#6238 = CARTESIAN_POINT('',(-1.685E+03,-63.32826553626,55.13624532161));
#6239 = CARTESIAN_POINT('',(-1.685E+03,-70.14030684184,45.790645524136)
  );
#6240 = CARTESIAN_POINT('',(-1.685E+03,-75.39855368183,35.558640470308)
  );
#6241 = CARTESIAN_POINT('',(-1.685E+03,-78.98923115834,24.733417531262)
  );
#6242 = CARTESIAN_POINT('',(-1.685E+03,-80.86117938332,13.618724930678)
  );
#6243 = PCURVE('',#5892,#6244);
#6244 = DEFINITIONAL_REPRESENTATION('',(#6245),#6256);
#6245 = B_SPLINE_CURVE_WITH_KNOTS('',9,(#6246,#6247,#6248,#6249,#6250,
    #6251,#6252,#6253,#6254,#6255),.UNSPECIFIED.,.F.,.F.,(10,10),(4.,5.)
  ,.PIECEWISE_BEZIER_KNOTS.);
#6246 = CARTESIAN_POINT('',(162.72794215107,15.127797596422));
#6247 = CARTESIAN_POINT('',(160.75304560672,26.224660459485));
#6248 = CARTESIAN_POINT('',(157.06217692147,37.016134166472));
#6249 = CARTESIAN_POINT('',(151.70930940962,47.198957775493));
#6250 = CARTESIAN_POINT('',(144.81093081029,56.481011159511));
#6251 = CARTESIAN_POINT('',(136.54332586903,64.596742621923));
#6252 = CARTESIAN_POINT('',(127.13498270649,71.32186130187));
#6253 = CARTESIAN_POINT('',(116.85467542125,76.485035652294));
#6254 = CARTESIAN_POINT('',(105.99663343565,79.975213392637));
#6255 = CARTESIAN_POINT('',(94.865066154834,81.744052456862));
#6256 = ( GEOMETRIC_REPRESENTATION_CONTEXT(2) 
PARAMETRIC_REPRESENTATION_CONTEXT() REPRESENTATION_CONTEXT('2D SPACE',''
  ) );
#6257 = PCURVE('',#6258,#6289);
#6258 = B_SPLINE_SURFACE_WITH_KNOTS('',9,2,(
    (#6259,#6260,#6261)
    ,(#6262,#6263,#6264)
    ,(#6265,#6266,#6267)
    ,(#6268,#6269,#6270)
    ,(#6271,#6272,#6273)
    ,(#6274,#6275,#6276)
    ,(#6277,#6278,#6279)
    ,(#6280,#6281,#6282)
    ,(#6283,#6284,#6285)
    ,(#6286,#6287,#6288
    )),.UNSPECIFIED.,.F.,.F.,.F.,(10,10),(3,3),(4.,5.),(0.,1.),
  .PIECEWISE_BEZIER_KNOTS.);
#6259 = CARTESIAN_POINT('',(-1.685E+03,-13.618725004,80.861179370978));
#6260 = CARTESIAN_POINT('',(-1.602477387266E+03,-6.00784730001,
    95.751276653152));
#6261 = CARTESIAN_POINT('',(-1.52E+03,-30.00000002512,100.));
#6262 = CARTESIAN_POINT('',(-1.685E+03,-24.73341760288,78.98923113592));
#6263 = CARTESIAN_POINT('',(-1.602477387266E+03,-21.87301805238,
    96.359826611271));
#6264 = CARTESIAN_POINT('',(-1.52E+03,-42.21730478908,99.999999999999));
#6265 = CARTESIAN_POINT('',(-1.685E+03,-35.55864053867,75.398553649593)
  );
#6266 = CARTESIAN_POINT('',(-1.602477387266E+03,-37.83229251477,
    93.702535028542));
#6267 = CARTESIAN_POINT('',(-1.52E+03,-54.43460972813,97.601138013117));
#6268 = CARTESIAN_POINT('',(-1.685E+03,-45.79064558773,70.140306800327)
  );
#6269 = CARTESIAN_POINT('',(-1.602477387266E+03,-53.1261793697,
    87.76276770738));
#6270 = CARTESIAN_POINT('',(-1.52E+03,-66.11360994637,92.80341236104));
#6271 = CARTESIAN_POINT('',(-1.685E+03,-55.13624537903,63.328265486272)
  );
#6272 = CARTESIAN_POINT('',(-1.602477387266E+03,-66.99176622864,
    78.728234350929));
#6273 = CARTESIAN_POINT('',(-1.52E+03,-76.71600816681,85.747757758753));
#6274 = CARTESIAN_POINT('',(-1.685E+03,-63.32826553626,55.13624532161));
#6275 = CARTESIAN_POINT('',(-1.602477387266E+03,-78.72823440978,
    66.991766172143));
#6276 = CARTESIAN_POINT('',(-1.52E+03,-85.74775778385,76.716008141662));
#6277 = CARTESIAN_POINT('',(-1.685E+03,-70.14030684184,45.790645524136)
  );
#6278 = CARTESIAN_POINT('',(-1.602477387266E+03,-87.76276776904,
    53.126179315263));
#6279 = CARTESIAN_POINT('',(-1.52E+03,-92.80341238618,66.113609921267));
#6280 = CARTESIAN_POINT('',(-1.685E+03,-75.39855368183,35.558640470308)
  );
#6281 = CARTESIAN_POINT('',(-1.602477387266E+03,-93.70253509318,
    37.832292461855));
#6282 = CARTESIAN_POINT('',(-1.52E+03,-97.60113803823,54.434609702993));
#6283 = CARTESIAN_POINT('',(-1.685E+03,-78.98923115834,24.733417531262)
  );
#6284 = CARTESIAN_POINT('',(-1.602477387266E+03,-96.35982667912,
    21.873018000531));
#6285 = CARTESIAN_POINT('',(-1.52E+03,-100.0000000251,42.217304763961));
#6286 = CARTESIAN_POINT('',(-1.685E+03,-80.86117938332,13.618724930678)
  );
#6287 = CARTESIAN_POINT('',(-1.602477387266E+03,-95.75127657399,
    6.007847248707));
#6288 = CARTESIAN_POINT('',(-1.52E+03,-99.99999997487,30.));
#6289 = DEFINITIONAL_REPRESENTATION('',(#6290),#6294);
#6290 = LINE('',#6291,#6292);
#6291 = CARTESIAN_POINT('',(0.,0.));
#6292 = VECTOR('',#6293,1.);
#6293 = DIRECTION('',(1.,0.));
#6294 = ( GEOMETRIC_REPRESENTATION_CONTEXT(2) 
PARAMETRIC_REPRESENTATION_CONTEXT() REPRESENTATION_CONTEXT('2D SPACE',''
  ) );
#6295 = ORIENTED_EDGE('',*,*,#6296,.T.);
#6296 = EDGE_CURVE('',#6229,#6297,#6299,.T.);
#6297 = VERTEX_POINT('',#6298);
#6298 = CARTESIAN_POINT('',(-1.685E+03,-80.86117937991,-13.61872495094)
  );
#6299 = SURFACE_CURVE('',#6300,(#6311,#6325),.PCURVE_S1.);
#6300 = B_SPLINE_CURVE_WITH_KNOTS('',9,(#6301,#6302,#6303,#6304,#6305,
    #6306,#6307,#6308,#6309,#6310),.UNSPECIFIED.,.F.,.F.,(10,10),(5.,6.)
  ,.PIECEWISE_BEZIER_KNOTS.);
#6301 = CARTESIAN_POINT('',(-1.685E+03,-80.86117938332,13.618724930678)
  );
#6302 = CARTESIAN_POINT('',(-1.685E+03,-81.36614705699,10.620479364309)
  );
#6303 = CARTESIAN_POINT('',(-1.685E+03,-81.74604654416,7.601169702407));
#6304 = CARTESIAN_POINT('',(-1.685E+03,-81.99987365909,4.566758229619));
#6305 = CARTESIAN_POINT('',(-1.685E+03,-82.1269558275,1.523263258956));
#6306 = CARTESIAN_POINT('',(-1.685E+03,-82.12695582711,-1.523263279545)
  );
#6307 = CARTESIAN_POINT('',(-1.685E+03,-81.99987365795,-4.566758250175)
  );
#6308 = CARTESIAN_POINT('',(-1.685E+03,-81.74604654226,-7.6011697229));
#6309 = CARTESIAN_POINT('',(-1.685E+03,-81.36614705432,-10.6204793847));
#6310 = CARTESIAN_POINT('',(-1.685E+03,-80.86117937991,-13.61872495094)
  );
#6311 = PCURVE('',#5892,#6312);
#6312 = DEFINITIONAL_REPRESENTATION('',(#6313),#6324);
#6313 = B_SPLINE_CURVE_WITH_KNOTS('',9,(#6314,#6315,#6316,#6317,#6318,
    #6319,#6320,#6321,#6322,#6323),.UNSPECIFIED.,.F.,.F.,(10,10),(5.,6.)
  ,.PIECEWISE_BEZIER_KNOTS.);
#6314 = CARTESIAN_POINT('',(94.865066154834,81.744052456862));
#6315 = CARTESIAN_POINT('',(91.862268556572,82.221205903432));
#6316 = CARTESIAN_POINT('',(88.83956709961,82.573101281196));
#6317 = CARTESIAN_POINT('',(85.802933120831,82.79878971552));
#6318 = CARTESIAN_POINT('',(82.758390909173,82.897654448372));
#6319 = CARTESIAN_POINT('',(79.711995260571,82.869414370934));
#6320 = CARTESIAN_POINT('',(76.669809050242,82.71412568604));
#6321 = CARTESIAN_POINT('',(73.637880822292,82.432181700428));
#6322 = CARTESIAN_POINT('',(70.622222396673,82.024310746819));
#6323 = CARTESIAN_POINT('',(67.628786493468,81.491572235816));
#6324 = ( GEOMETRIC_REPRESENTATION_CONTEXT(2) 
PARAMETRIC_REPRESENTATION_CONTEXT() REPRESENTATION_CONTEXT('2D SPACE',''
  ) );
#6325 = PCURVE('',#6326,#6357);
#6326 = B_SPLINE_SURFACE_WITH_KNOTS('',9,2,(
    (#6327,#6328,#6329)
    ,(#6330,#6331,#6332)
    ,(#6333,#6334,#6335)
    ,(#6336,#6337,#6338)
    ,(#6339,#6340,#6341)
    ,(#6342,#6343,#6344)
    ,(#6345,#6346,#6347)
    ,(#6348,#6349,#6350)
    ,(#6351,#6352,#6353)
    ,(#6354,#6355,#6356
    )),.UNSPECIFIED.,.F.,.F.,.F.,(10,10),(3,3),(5.,6.),(0.,1.),
  .PIECEWISE_BEZIER_KNOTS.);
#6327 = CARTESIAN_POINT('',(-1.685E+03,-80.86117938332,13.618724930678)
  );
#6328 = CARTESIAN_POINT('',(-1.602477387266E+03,-95.75127657399,
    6.007847248707));
#6329 = CARTESIAN_POINT('',(-1.52E+03,-99.99999997487,30.));
#6330 = CARTESIAN_POINT('',(-1.685E+03,-81.36614705699,10.620479364309)
  );
#6331 = CARTESIAN_POINT('',(-1.602477387266E+03,-95.58711708982,
    4.663622810214));
#6332 = CARTESIAN_POINT('',(-1.52E+03,-99.99999997487,23.333333333819));
#6333 = CARTESIAN_POINT('',(-1.685E+03,-81.74604654416,7.601169702407));
#6334 = CARTESIAN_POINT('',(-1.602477387266E+03,-95.46361590925,
    3.326246079481));
#6335 = CARTESIAN_POINT('',(-1.52E+03,-99.99999997487,16.666666667638));
#6336 = CARTESIAN_POINT('',(-1.685E+03,-81.99987365909,4.566758229619));
#6337 = CARTESIAN_POINT('',(-1.602477387266E+03,-95.3810994821,
    1.993778782785));
#6338 = CARTESIAN_POINT('',(-1.52E+03,-99.99999997487,10.000000001458));
#6339 = CARTESIAN_POINT('',(-1.685E+03,-82.1269558275,1.523263258956));
#6340 = CARTESIAN_POINT('',(-1.602477387266E+03,-95.33978645495,
    0.664264432195));
#6341 = CARTESIAN_POINT('',(-1.52E+03,-99.99999997487,3.333333335277));
#6342 = CARTESIAN_POINT('',(-1.685E+03,-82.12695582711,-1.523263279545)
  );
#6343 = CARTESIAN_POINT('',(-1.602477387266E+03,-95.33978645507,
    -0.664264388749));
#6344 = CARTESIAN_POINT('',(-1.52E+03,-99.99999997487,-3.333333330904));
#6345 = CARTESIAN_POINT('',(-1.685E+03,-81.99987365795,-4.566758250175)
  );
#6346 = CARTESIAN_POINT('',(-1.602477387266E+03,-95.38109948247,
    -1.99377873935));
#6347 = CARTESIAN_POINT('',(-1.52E+03,-99.99999997487,-9.999999997085));
#6348 = CARTESIAN_POINT('',(-1.685E+03,-81.74604654226,-7.6011697229));
#6349 = CARTESIAN_POINT('',(-1.602477387266E+03,-95.46361590987,
    -3.326246036066));
#6350 = CARTESIAN_POINT('',(-1.52E+03,-99.99999997487,-16.66666666326));
#6351 = CARTESIAN_POINT('',(-1.685E+03,-81.36614705432,-10.6204793847));
#6352 = CARTESIAN_POINT('',(-1.602477387266E+03,-95.58711709069,
    -4.663622766831));
#6353 = CARTESIAN_POINT('',(-1.52E+03,-99.99999997487,-23.33333332944));
#6354 = CARTESIAN_POINT('',(-1.685E+03,-80.86117937991,-13.61872495094)
  );
#6355 = CARTESIAN_POINT('',(-1.602477387266E+03,-95.7512765751,
    -6.007847205365));
#6356 = CARTESIAN_POINT('',(-1.52E+03,-99.99999997487,-29.99999999562));
#6357 = DEFINITIONAL_REPRESENTATION('',(#6358),#6362);
#6358 = LINE('',#6359,#6360);
#6359 = CARTESIAN_POINT('',(0.,0.));
#6360 = VECTOR('',#6361,1.);
#6361 = DIRECTION('',(1.,0.));
#6362 = ( GEOMETRIC_REPRESENTATION_CONTEXT(2) 
PARAMETRIC_REPRESENTATION_CONTEXT() REPRESENTATION_CONTEXT('2D SPACE',''
  ) );
#6363 = ORIENTED_EDGE('',*,*,#6364,.T.);
#6364 = EDGE_CURVE('',#6297,#6365,#6367,.T.);
#6365 = VERTEX_POINT('',#6366);
#6366 = CARTESIAN_POINT('',(-1.685E+03,-13.61872492563,-80.86117938417)
  );
#6367 = SURFACE_CURVE('',#6368,(#6379,#6393),.PCURVE_S1.);
#6368 = B_SPLINE_CURVE_WITH_KNOTS('',9,(#6369,#6370,#6371,#6372,#6373,
    #6374,#6375,#6376,#6377,#6378),.UNSPECIFIED.,.F.,.F.,(10,10),(6.,7.)
  ,.PIECEWISE_BEZIER_KNOTS.);
#6369 = CARTESIAN_POINT('',(-1.685E+03,-80.86117937991,-13.61872495094)
  );
#6370 = CARTESIAN_POINT('',(-1.685E+03,-78.98923115105,-24.73341755751)
  );
#6371 = CARTESIAN_POINT('',(-1.685E+03,-75.39855366875,-35.55864050178)
  );
#6372 = CARTESIAN_POINT('',(-1.685E+03,-70.1403068212,-45.79064555954));
#6373 = CARTESIAN_POINT('',(-1.685E+03,-63.32826550662,-55.13624535919)
  );
#6374 = CARTESIAN_POINT('',(-1.685E+03,-55.13624533937,-63.32826552388)
  );
#6375 = CARTESIAN_POINT('',(-1.685E+03,-45.79064553758,-70.14030683554)
  );
#6376 = CARTESIAN_POINT('',(-1.685E+03,-35.55864047818,-75.39855367988)
  );
#6377 = CARTESIAN_POINT('',(-1.685E+03,-24.73341753279,-78.9892311588));
#6378 = CARTESIAN_POINT('',(-1.685E+03,-13.61872492563,-80.86117938417)
  );
#6379 = PCURVE('',#5892,#6380);
#6380 = DEFINITIONAL_REPRESENTATION('',(#6381),#6392);
#6381 = B_SPLINE_CURVE_WITH_KNOTS('',9,(#6382,#6383,#6384,#6385,#6386,
    #6387,#6388,#6389,#6390,#6391),.UNSPECIFIED.,.F.,.F.,(10,10),(6.,7.)
  ,.PIECEWISE_BEZIER_KNOTS.);
#6382 = CARTESIAN_POINT('',(67.628786493468,81.491572235816));
#6383 = CARTESIAN_POINT('',(56.531923622665,79.516675697605));
#6384 = CARTESIAN_POINT('',(45.740449907166,75.825807016294));
#6385 = CARTESIAN_POINT('',(35.557626289428,70.47293950609));
#6386 = CARTESIAN_POINT('',(26.275572897063,63.574560906149));
#6387 = CARTESIAN_POINT('',(18.159841427222,55.306955962231));
#6388 = CARTESIAN_POINT('',(11.434722741237,45.898612795326));
#6389 = CARTESIAN_POINT('',(6.27154838651,35.618305504467));
#6390 = CARTESIAN_POINT('',(2.781370643819,24.760263512497));
#6391 = CARTESIAN_POINT('',(1.01253157926,13.628696225105));
#6392 = ( GEOMETRIC_REPRESENTATION_CONTEXT(2) 
PARAMETRIC_REPRESENTATION_CONTEXT() REPRESENTATION_CONTEXT('2D SPACE',''
  ) );
#6393 = PCURVE('',#6394,#6425);
#6394 = B_SPLINE_SURFACE_WITH_KNOTS('',9,2,(
    (#6395,#6396,#6397)
    ,(#6398,#6399,#6400)
    ,(#6401,#6402,#6403)
    ,(#6404,#6405,#6406)
    ,(#6407,#6408,#6409)
    ,(#6410,#6411,#6412)
    ,(#6413,#6414,#6415)
    ,(#6416,#6417,#6418)
    ,(#6419,#6420,#6421)
    ,(#6422,#6423,#6424
    )),.UNSPECIFIED.,.F.,.F.,.F.,(10,10),(3,3),(6.,7.),(0.,1.),
  .PIECEWISE_BEZIER_KNOTS.);
#6395 = CARTESIAN_POINT('',(-1.685E+03,-80.86117937991,-13.61872495094)
  );
#6396 = CARTESIAN_POINT('',(-1.602477387266E+03,-95.7512765751,
    -6.007847205365));
#6397 = CARTESIAN_POINT('',(-1.52E+03,-99.99999997487,-29.99999999562));
#6398 = CARTESIAN_POINT('',(-1.685E+03,-78.98923115105,-24.73341755751)
  );
#6399 = CARTESIAN_POINT('',(-1.602477387266E+03,-96.35982653121,
    -21.87301795523));
#6400 = CARTESIAN_POINT('',(-1.52E+03,-99.99999997487,-42.21730475958));
#6401 = CARTESIAN_POINT('',(-1.685E+03,-75.39855366875,-35.55864050178)
  );
#6402 = CARTESIAN_POINT('',(-1.602477387266E+03,-93.70253494716,
    -37.83229241488));
#6403 = CARTESIAN_POINT('',(-1.52E+03,-97.60113798798,-54.43460969862));
#6404 = CARTESIAN_POINT('',(-1.685E+03,-70.1403068212,-45.79064555954));
#6405 = CARTESIAN_POINT('',(-1.602477387266E+03,-87.76276762546,
    -53.12617926697));
#6406 = CARTESIAN_POINT('',(-1.52E+03,-92.80341233591,-66.11360991687));
#6407 = CARTESIAN_POINT('',(-1.685E+03,-63.32826550662,-55.13624535919)
  );
#6408 = CARTESIAN_POINT('',(-1.602477387266E+03,-78.72823426916,
    -66.9917661232));
#6409 = CARTESIAN_POINT('',(-1.52E+03,-85.74775773362,-76.71600813731));
#6410 = CARTESIAN_POINT('',(-1.685E+03,-55.13624533937,-63.32826552388)
  );
#6411 = CARTESIAN_POINT('',(-1.602477387266E+03,-66.99176609124,
    -78.72823430191));
#6412 = CARTESIAN_POINT('',(-1.52E+03,-76.71600811653,-85.74775775435));
#6413 = CARTESIAN_POINT('',(-1.685E+03,-45.79064553758,-70.14030683554)
  );
#6414 = CARTESIAN_POINT('',(-1.602477387266E+03,-53.12617923574,
    -87.7627676592));
#6415 = CARTESIAN_POINT('',(-1.52E+03,-66.11360989613,-92.80341235668));
#6416 = CARTESIAN_POINT('',(-1.685E+03,-35.55864047818,-75.39855367988)
  );
#6417 = CARTESIAN_POINT('',(-1.602477387266E+03,-37.83229238416,
    -93.70253498193));
#6418 = CARTESIAN_POINT('',(-1.52E+03,-54.43460967786,-97.60113800873));
#6419 = CARTESIAN_POINT('',(-1.685E+03,-24.73341753279,-78.9892311588));
#6420 = CARTESIAN_POINT('',(-1.602477387266E+03,-21.87301792489,
    -96.35982656708));
#6421 = CARTESIAN_POINT('',(-1.52E+03,-42.21730473883,-99.99999999562));
#6422 = CARTESIAN_POINT('',(-1.685E+03,-13.61872492563,-80.86117938417)
  );
#6423 = CARTESIAN_POINT('',(-1.602477387266E+03,-6.007847175208,
    -95.75127664886));
#6424 = CARTESIAN_POINT('',(-1.52E+03,-29.99999997487,-100.));
#6425 = DEFINITIONAL_REPRESENTATION('',(#6426),#6430);
#6426 = LINE('',#6427,#6428);
#6427 = CARTESIAN_POINT('',(0.,0.));
#6428 = VECTOR('',#6429,1.);
#6429 = DIRECTION('',(1.,0.));
#6430 = ( GEOMETRIC_REPRESENTATION_CONTEXT(2) 
PARAMETRIC_REPRESENTATION_CONTEXT() REPRESENTATION_CONTEXT('2D SPACE',''
  ) );
#6431 = ORIENTED_EDGE('',*,*,#6432,.T.);
#6432 = EDGE_CURVE('',#6365,#5837,#6433,.T.);
#6433 = SURFACE_CURVE('',#6434,(#6445,#6459),.PCURVE_S1.);
#6434 = B_SPLINE_CURVE_WITH_KNOTS('',9,(#6435,#6436,#6437,#6438,#6439,
    #6440,#6441,#6442,#6443,#6444),.UNSPECIFIED.,.F.,.F.,(10,10),(7.,8.)
  ,.PIECEWISE_BEZIER_KNOTS.);
#6435 = CARTESIAN_POINT('',(-1.685E+03,-13.61872492563,-80.86117938417)
  );
#6436 = CARTESIAN_POINT('',(-1.685E+03,-12.11960214412,-81.11366322063)
  );
#6437 = CARTESIAN_POINT('',(-1.685E+03,-10.61521333518,-81.33488002606)
  );
#6438 = CARTESIAN_POINT('',(-1.685E+03,-9.106303790105,-81.52470423468)
  );
#6439 = CARTESIAN_POINT('',(-1.685E+03,-7.593622297482,-81.68303106936)
  );
#6440 = CARTESIAN_POINT('',(-1.685E+03,-6.077920444556,-81.80977660001)
  );
#6441 = CARTESIAN_POINT('',(-1.685E+03,-4.559951918507,-81.90487780206)
  );
#6442 = CARTESIAN_POINT('',(-1.685E+03,-3.040471807765,-81.96829261483)
  );
#6443 = CARTESIAN_POINT('',(-1.685E+03,-1.520235903314,-82.));
#6444 = CARTESIAN_POINT('',(-1.685E+03,-2.04281036531E-14,-82.));
#6445 = PCURVE('',#5892,#6446);
#6446 = DEFINITIONAL_REPRESENTATION('',(#6447),#6458);
#6447 = B_SPLINE_CURVE_WITH_KNOTS('',9,(#6448,#6449,#6450,#6451,#6452,
    #6453,#6454,#6455,#6456,#6457),.UNSPECIFIED.,.F.,.F.,(10,10),(7.,8.)
  ,.PIECEWISE_BEZIER_KNOTS.);
#6448 = CARTESIAN_POINT('',(1.01253157926,13.628696225105));
#6449 = CARTESIAN_POINT('',(0.773954856337,12.127297427648));
#6450 = CARTESIAN_POINT('',(0.566692635053,10.620922661833));
#6451 = CARTESIAN_POINT('',(0.390863567241,9.11031835086));
#6452 = CARTESIAN_POINT('',(0.246565484572,7.596234222404));
#6453 = CARTESIAN_POINT('',(0.133875346603,6.079422609411));
#6454 = CARTESIAN_POINT('',(5.284918883541E-02,4.560637750894));
#6455 = CARTESIAN_POINT('',(3.522070765484E-03,3.040635092724));
#6456 = CARTESIAN_POINT('',(-1.409197606195E-02,1.520170588433));
#6457 = CARTESIAN_POINT('',(-1.42108547152E-14,2.031708135064E-14));
#6458 = ( GEOMETRIC_REPRESENTATION_CONTEXT(2) 
PARAMETRIC_REPRESENTATION_CONTEXT() REPRESENTATION_CONTEXT('2D SPACE',''
  ) );
#6459 = PCURVE('',#6013,#6460);
#6460 = DEFINITIONAL_REPRESENTATION('',(#6461),#6465);
#6461 = LINE('',#6462,#6463);
#6462 = CARTESIAN_POINT('',(0.,0.));
#6463 = VECTOR('',#6464,1.);
#6464 = DIRECTION('',(1.,0.));
#6465 = ( GEOMETRIC_REPRESENTATION_CONTEXT(2) 
PARAMETRIC_REPRESENTATION_CONTEXT() REPRESENTATION_CONTEXT('2D SPACE',''
  ) );
#6466 = FACE_BOUND('',#6467,.F.);
#6467 = EDGE_LOOP('',(#6468));
#6468 = ORIENTED_EDGE('',*,*,#6469,.F.);
#6469 = EDGE_CURVE('',#6470,#6470,#6472,.T.);
#6470 = VERTEX_POINT('',#6471);
#6471 = CARTESIAN_POINT('',(-1.685E+03,0.,-68.44615384615));
#6472 = SURFACE_CURVE('',#6473,(#6478,#6485),.PCURVE_S1.);
#6473 = CIRCLE('',#6474,68.446153846154);
#6474 = AXIS2_PLACEMENT_3D('',#6475,#6476,#6477);
#6475 = CARTESIAN_POINT('',(-1.685E+03,0.,1.110223024625E-16));
#6476 = DIRECTION('',(1.,-0.,1.110223024625E-16));
#6477 = DIRECTION('',(1.110223024625E-16,0.,-1.));
#6478 = PCURVE('',#5892,#6479);
#6479 = DEFINITIONAL_REPRESENTATION('',(#6480),#6484);
#6480 = CIRCLE('',#6481,68.446153846154);
#6481 = AXIS2_PLACEMENT_2D('',#6482,#6483);
#6482 = CARTESIAN_POINT('',(81.996476980802,0.760107056122));
#6483 = DIRECTION('',(-0.999957036351,-9.269598245395E-03));
#6484 = ( GEOMETRIC_REPRESENTATION_CONTEXT(2) 
PARAMETRIC_REPRESENTATION_CONTEXT() REPRESENTATION_CONTEXT('2D SPACE',''
  ) );
#6485 = PCURVE('',#6486,#6491);
#6486 = CONICAL_SURFACE('',#6487,69.,0.505791315594);
#6487 = AXIS2_PLACEMENT_3D('',#6488,#6489,#6490);
#6488 = CARTESIAN_POINT('',(-1.686E+03,0.,0.));
#6489 = DIRECTION('',(-1.,0.,-1.110223024625E-16));
#6490 = DIRECTION('',(1.110223024625E-16,0.,-1.));
#6491 = DEFINITIONAL_REPRESENTATION('',(#6492),#6496);
#6492 = LINE('',#6493,#6494);
#6493 = CARTESIAN_POINT('',(-0.,-1.));
#6494 = VECTOR('',#6495,1.);
#6495 = DIRECTION('',(-1.,-0.));
#6496 = ( GEOMETRIC_REPRESENTATION_CONTEXT(2) 
PARAMETRIC_REPRESENTATION_CONTEXT() REPRESENTATION_CONTEXT('2D SPACE',''
  ) );
#6497 = ADVANCED_FACE('',(#6498),#5927,.T.);
#6498 = FACE_BOUND('',#6499,.T.);
#6499 = EDGE_LOOP('',(#6500,#6501,#6524,#6564));
#6500 = ORIENTED_EDGE('',*,*,#6055,.T.);
#6501 = ORIENTED_EDGE('',*,*,#6502,.T.);
#6502 = EDGE_CURVE('',#6056,#6503,#6505,.T.);
#6503 = VERTEX_POINT('',#6504);
#6504 = CARTESIAN_POINT('',(-1.52E+03,100.00000002294,30.));
#6505 = SURFACE_CURVE('',#6506,(#6510,#6517),.PCURVE_S1.);
#6506 = B_SPLINE_CURVE_WITH_KNOTS('',2,(#6507,#6508,#6509),
  .UNSPECIFIED.,.F.,.F.,(3,3),(0.,1.),.PIECEWISE_BEZIER_KNOTS.);
#6507 = CARTESIAN_POINT('',(-1.685E+03,80.86117938326,13.618724931074));
#6508 = CARTESIAN_POINT('',(-1.602477387266E+03,95.751276687545,
    6.007847248579));
#6509 = CARTESIAN_POINT('',(-1.52E+03,100.00000002075,30.));
#6510 = PCURVE('',#5927,#6511);
#6511 = DEFINITIONAL_REPRESENTATION('',(#6512),#6516);
#6512 = LINE('',#6513,#6514);
#6513 = CARTESIAN_POINT('',(2.,0.));
#6514 = VECTOR('',#6515,1.);
#6515 = DIRECTION('',(0.,1.));
#6516 = ( GEOMETRIC_REPRESENTATION_CONTEXT(2) 
PARAMETRIC_REPRESENTATION_CONTEXT() REPRESENTATION_CONTEXT('2D SPACE',''
  ) );
#6517 = PCURVE('',#6122,#6518);
#6518 = DEFINITIONAL_REPRESENTATION('',(#6519),#6523);
#6519 = LINE('',#6520,#6521);
#6520 = CARTESIAN_POINT('',(2.,0.));
#6521 = VECTOR('',#6522,1.);
#6522 = DIRECTION('',(0.,1.));
#6523 = ( GEOMETRIC_REPRESENTATION_CONTEXT(2) 
PARAMETRIC_REPRESENTATION_CONTEXT() REPRESENTATION_CONTEXT('2D SPACE',''
  ) );
#6524 = ORIENTED_EDGE('',*,*,#6525,.F.);
#6525 = EDGE_CURVE('',#5912,#6503,#6526,.T.);
#6526 = SURFACE_CURVE('',#6527,(#6538,#6545),.PCURVE_S1.);
#6527 = B_SPLINE_CURVE_WITH_KNOTS('',9,(#6528,#6529,#6530,#6531,#6532,
    #6533,#6534,#6535,#6536,#6537),.UNSPECIFIED.,.F.,.F.,(10,10),(1.,2.)
  ,.PIECEWISE_BEZIER_KNOTS.);
#6528 = CARTESIAN_POINT('',(-1.52E+03,100.00000002512,-30.));
#6529 = CARTESIAN_POINT('',(-1.52E+03,100.00000002512,-23.33333333333));
#6530 = CARTESIAN_POINT('',(-1.52E+03,100.00000002512,-16.66666666666));
#6531 = CARTESIAN_POINT('',(-1.52E+03,100.00000002512,-10.));
#6532 = CARTESIAN_POINT('',(-1.52E+03,100.00000002512,-3.333333333333));
#6533 = CARTESIAN_POINT('',(-1.52E+03,100.00000002512,3.333333333333));
#6534 = CARTESIAN_POINT('',(-1.52E+03,100.00000002512,10.));
#6535 = CARTESIAN_POINT('',(-1.52E+03,100.00000002512,16.666666666667));
#6536 = CARTESIAN_POINT('',(-1.52E+03,100.00000002512,23.333333333333));
#6537 = CARTESIAN_POINT('',(-1.52E+03,100.00000002075,30.));
#6538 = PCURVE('',#5927,#6539);
#6539 = DEFINITIONAL_REPRESENTATION('',(#6540),#6544);
#6540 = LINE('',#6541,#6542);
#6541 = CARTESIAN_POINT('',(0.,1.));
#6542 = VECTOR('',#6543,1.);
#6543 = DIRECTION('',(1.,0.));
#6544 = ( GEOMETRIC_REPRESENTATION_CONTEXT(2) 
PARAMETRIC_REPRESENTATION_CONTEXT() REPRESENTATION_CONTEXT('2D SPACE',''
  ) );
#6545 = PCURVE('',#6546,#6551);
#6546 = PLANE('',#6547);
#6547 = AXIS2_PLACEMENT_3D('',#6548,#6549,#6550);
#6548 = CARTESIAN_POINT('',(-1.52E+03,100.00000002512,30.));
#6549 = DIRECTION('',(-0.,1.,0.));
#6550 = DIRECTION('',(1.110223024625E-16,0.,-1.));
#6551 = DEFINITIONAL_REPRESENTATION('',(#6552),#6563);
#6552 = B_SPLINE_CURVE_WITH_KNOTS('',9,(#6553,#6554,#6555,#6556,#6557,
    #6558,#6559,#6560,#6561,#6562),.UNSPECIFIED.,.F.,.F.,(10,10),(1.,2.)
  ,.PIECEWISE_BEZIER_KNOTS.);
#6553 = CARTESIAN_POINT('',(60.,0.));
#6554 = CARTESIAN_POINT('',(53.333333333333,0.));
#6555 = CARTESIAN_POINT('',(46.666666666667,0.));
#6556 = CARTESIAN_POINT('',(40.,0.));
#6557 = CARTESIAN_POINT('',(33.333333333333,0.));
#6558 = CARTESIAN_POINT('',(26.666666666667,0.));
#6559 = CARTESIAN_POINT('',(20.,0.));
#6560 = CARTESIAN_POINT('',(13.333333333333,0.));
#6561 = CARTESIAN_POINT('',(6.666666666667,0.));
#6562 = CARTESIAN_POINT('',(-7.105427357601E-15,0.));
#6563 = ( GEOMETRIC_REPRESENTATION_CONTEXT(2) 
PARAMETRIC_REPRESENTATION_CONTEXT() REPRESENTATION_CONTEXT('2D SPACE',''
  ) );
#6564 = ORIENTED_EDGE('',*,*,#5911,.F.);
#6565 = ADVANCED_FACE('',(#6566),#5988,.T.);
#6566 = FACE_BOUND('',#6567,.F.);
#6567 = EDGE_LOOP('',(#6568,#6596,#6625,#6646));
#6568 = ORIENTED_EDGE('',*,*,#6569,.T.);
#6569 = EDGE_CURVE('',#5966,#6570,#6572,.T.);
#6570 = VERTEX_POINT('',#6571);
#6571 = CARTESIAN_POINT('',(-1.123333333333E+03,30.000000020756,-100.));
#6572 = SURFACE_CURVE('',#6573,(#6577,#6584),.PCURVE_S1.);
#6573 = LINE('',#6574,#6575);
#6574 = CARTESIAN_POINT('',(-1.52E+03,30.000000020756,-100.));
#6575 = VECTOR('',#6576,1.);
#6576 = DIRECTION('',(1.,0.,0.));
#6577 = PCURVE('',#5988,#6578);
#6578 = DEFINITIONAL_REPRESENTATION('',(#6579),#6583);
#6579 = LINE('',#6580,#6581);
#6580 = CARTESIAN_POINT('',(-0.,0.));
#6581 = VECTOR('',#6582,1.);
#6582 = DIRECTION('',(-0.,-1.));
#6583 = ( GEOMETRIC_REPRESENTATION_CONTEXT(2) 
PARAMETRIC_REPRESENTATION_CONTEXT() REPRESENTATION_CONTEXT('2D SPACE',''
  ) );
#6584 = PCURVE('',#6585,#6590);
#6585 = PLANE('',#6586);
#6586 = AXIS2_PLACEMENT_3D('',#6587,#6588,#6589);
#6587 = CARTESIAN_POINT('',(-1.52E+03,-29.99999997487,-100.));
#6588 = DIRECTION('',(0.,0.,1.));
#6589 = DIRECTION('',(0.,1.,0.));
#6590 = DEFINITIONAL_REPRESENTATION('',(#6591),#6595);
#6591 = LINE('',#6592,#6593);
#6592 = CARTESIAN_POINT('',(59.999999995627,0.));
#6593 = VECTOR('',#6594,1.);
#6594 = DIRECTION('',(0.,-1.));
#6595 = ( GEOMETRIC_REPRESENTATION_CONTEXT(2) 
PARAMETRIC_REPRESENTATION_CONTEXT() REPRESENTATION_CONTEXT('2D SPACE',''
  ) );
#6596 = ORIENTED_EDGE('',*,*,#6597,.T.);
#6597 = EDGE_CURVE('',#6570,#6598,#6600,.T.);
#6598 = VERTEX_POINT('',#6599);
#6599 = CARTESIAN_POINT('',(-1.123333333333E+03,100.00000002294,-30.));
#6600 = SURFACE_CURVE('',#6601,(#6606,#6613),.PCURVE_S1.);
#6601 = CIRCLE('',#6602,70.);
#6602 = AXIS2_PLACEMENT_3D('',#6603,#6604,#6605);
#6603 = CARTESIAN_POINT('',(-1.123333333333E+03,30.000000020756,-30.));
#6604 = DIRECTION('',(1.,-0.,1.110223024625E-16));
#6605 = DIRECTION('',(1.110223024625E-16,0.,-1.));
#6606 = PCURVE('',#5988,#6607);
#6607 = DEFINITIONAL_REPRESENTATION('',(#6608),#6612);
#6608 = LINE('',#6609,#6610);
#6609 = CARTESIAN_POINT('',(-0.,-396.6666666666));
#6610 = VECTOR('',#6611,1.);
#6611 = DIRECTION('',(-1.,0.));
#6612 = ( GEOMETRIC_REPRESENTATION_CONTEXT(2) 
PARAMETRIC_REPRESENTATION_CONTEXT() REPRESENTATION_CONTEXT('2D SPACE',''
  ) );
#6613 = PCURVE('',#6614,#6619);
#6614 = PLANE('',#6615);
#6615 = AXIS2_PLACEMENT_3D('',#6616,#6617,#6618);
#6616 = CARTESIAN_POINT('',(-1.123333333333E+03,1.364907375133E-08,
    8.346426282815E-09));
#6617 = DIRECTION('',(1.,0.,1.110223024625E-16));
#6618 = DIRECTION('',(1.110223024625E-16,0.,-1.));
#6619 = DEFINITIONAL_REPRESENTATION('',(#6620),#6624);
#6620 = CIRCLE('',#6621,70.);
#6621 = AXIS2_PLACEMENT_2D('',#6622,#6623);
#6622 = CARTESIAN_POINT('',(30.000000008346,30.000000007107));
#6623 = DIRECTION('',(1.,0.));
#6624 = ( GEOMETRIC_REPRESENTATION_CONTEXT(2) 
PARAMETRIC_REPRESENTATION_CONTEXT() REPRESENTATION_CONTEXT('2D SPACE',''
  ) );
#6625 = ORIENTED_EDGE('',*,*,#6626,.F.);
#6626 = EDGE_CURVE('',#5912,#6598,#6627,.T.);
#6627 = SURFACE_CURVE('',#6628,(#6632,#6639),.PCURVE_S1.);
#6628 = LINE('',#6629,#6630);
#6629 = CARTESIAN_POINT('',(-1.52E+03,100.00000002294,-30.));
#6630 = VECTOR('',#6631,1.);
#6631 = DIRECTION('',(1.,0.,0.));
#6632 = PCURVE('',#5988,#6633);
#6633 = DEFINITIONAL_REPRESENTATION('',(#6634),#6638);
#6634 = LINE('',#6635,#6636);
#6635 = CARTESIAN_POINT('',(-1.570796326795,0.));
#6636 = VECTOR('',#6637,1.);
#6637 = DIRECTION('',(-0.,-1.));
#6638 = ( GEOMETRIC_REPRESENTATION_CONTEXT(2) 
PARAMETRIC_REPRESENTATION_CONTEXT() REPRESENTATION_CONTEXT('2D SPACE',''
  ) );
#6639 = PCURVE('',#6546,#6640);
#6640 = DEFINITIONAL_REPRESENTATION('',(#6641),#6645);
#6641 = LINE('',#6642,#6643);
#6642 = CARTESIAN_POINT('',(60.,6.661338147751E-15));
#6643 = VECTOR('',#6644,1.);
#6644 = DIRECTION('',(1.110223024625E-16,-1.));
#6645 = ( GEOMETRIC_REPRESENTATION_CONTEXT(2) 
PARAMETRIC_REPRESENTATION_CONTEXT() REPRESENTATION_CONTEXT('2D SPACE',''
  ) );
#6646 = ORIENTED_EDGE('',*,*,#5965,.F.);
#6647 = ADVANCED_FACE('',(#6648),#6013,.T.);
#6648 = FACE_BOUND('',#6649,.T.);
#6649 = EDGE_LOOP('',(#6650,#6651,#6652,#6689));
#6650 = ORIENTED_EDGE('',*,*,#6432,.T.);
#6651 = ORIENTED_EDGE('',*,*,#5999,.T.);
#6652 = ORIENTED_EDGE('',*,*,#6653,.F.);
#6653 = EDGE_CURVE('',#6654,#5966,#6656,.T.);
#6654 = VERTEX_POINT('',#6655);
#6655 = CARTESIAN_POINT('',(-1.52E+03,-29.99999997487,-99.99999999781));
#6656 = SURFACE_CURVE('',#6657,(#6668,#6675),.PCURVE_S1.);
#6657 = B_SPLINE_CURVE_WITH_KNOTS('',9,(#6658,#6659,#6660,#6661,#6662,
    #6663,#6664,#6665,#6666,#6667),.UNSPECIFIED.,.F.,.F.,(10,10),(7.,8.)
  ,.PIECEWISE_BEZIER_KNOTS.);
#6658 = CARTESIAN_POINT('',(-1.52E+03,-29.99999997487,-100.));
#6659 = CARTESIAN_POINT('',(-1.52E+03,-23.33333330869,-100.));
#6660 = CARTESIAN_POINT('',(-1.52E+03,-16.66666664251,-100.));
#6661 = CARTESIAN_POINT('',(-1.52E+03,-9.999999976329,-100.));
#6662 = CARTESIAN_POINT('',(-1.52E+03,-3.333333310148,-100.));
#6663 = CARTESIAN_POINT('',(-1.52E+03,3.333333356033,-100.));
#6664 = CARTESIAN_POINT('',(-1.52E+03,10.000000022214,-100.));
#6665 = CARTESIAN_POINT('',(-1.52E+03,16.666666688394,-100.));
#6666 = CARTESIAN_POINT('',(-1.52E+03,23.333333354575,-100.));
#6667 = CARTESIAN_POINT('',(-1.52E+03,30.000000020756,-100.));
#6668 = PCURVE('',#6013,#6669);
#6669 = DEFINITIONAL_REPRESENTATION('',(#6670),#6674);
#6670 = LINE('',#6671,#6672);
#6671 = CARTESIAN_POINT('',(0.,1.));
#6672 = VECTOR('',#6673,1.);
#6673 = DIRECTION('',(1.,0.));
#6674 = ( GEOMETRIC_REPRESENTATION_CONTEXT(2) 
PARAMETRIC_REPRESENTATION_CONTEXT() REPRESENTATION_CONTEXT('2D SPACE',''
  ) );
#6675 = PCURVE('',#6585,#6676);
#6676 = DEFINITIONAL_REPRESENTATION('',(#6677),#6688);
#6677 = B_SPLINE_CURVE_WITH_KNOTS('',9,(#6678,#6679,#6680,#6681,#6682,
    #6683,#6684,#6685,#6686,#6687),.UNSPECIFIED.,.F.,.F.,(10,10),(7.,8.)
  ,.PIECEWISE_BEZIER_KNOTS.);
#6678 = CARTESIAN_POINT('',(-3.552713678801E-15,0.));
#6679 = CARTESIAN_POINT('',(6.666666666181,0.));
#6680 = CARTESIAN_POINT('',(13.333333332362,0.));
#6681 = CARTESIAN_POINT('',(19.999999998542,0.));
#6682 = CARTESIAN_POINT('',(26.666666664723,0.));
#6683 = CARTESIAN_POINT('',(33.333333330904,0.));
#6684 = CARTESIAN_POINT('',(39.999999997085,0.));
#6685 = CARTESIAN_POINT('',(46.666666663266,0.));
#6686 = CARTESIAN_POINT('',(53.333333329446,0.));
#6687 = CARTESIAN_POINT('',(59.999999995627,0.));
#6688 = ( GEOMETRIC_REPRESENTATION_CONTEXT(2) 
PARAMETRIC_REPRESENTATION_CONTEXT() REPRESENTATION_CONTEXT('2D SPACE',''
  ) );
#6689 = ORIENTED_EDGE('',*,*,#6690,.F.);
#6690 = EDGE_CURVE('',#6365,#6654,#6691,.T.);
#6691 = SURFACE_CURVE('',#6692,(#6696,#6703),.PCURVE_S1.);
#6692 = B_SPLINE_CURVE_WITH_KNOTS('',2,(#6693,#6694,#6695),
  .UNSPECIFIED.,.F.,.F.,(3,3),(0.,1.),.PIECEWISE_BEZIER_KNOTS.);
#6693 = CARTESIAN_POINT('',(-1.685E+03,-13.61872492563,-80.86117938417)
  );
#6694 = CARTESIAN_POINT('',(-1.602477387266E+03,-6.007847175208,
    -95.75127664886));
#6695 = CARTESIAN_POINT('',(-1.52E+03,-29.99999997487,-100.));
#6696 = PCURVE('',#6013,#6697);
#6697 = DEFINITIONAL_REPRESENTATION('',(#6698),#6702);
#6698 = LINE('',#6699,#6700);
#6699 = CARTESIAN_POINT('',(7.,0.));
#6700 = VECTOR('',#6701,1.);
#6701 = DIRECTION('',(0.,1.));
#6702 = ( GEOMETRIC_REPRESENTATION_CONTEXT(2) 
PARAMETRIC_REPRESENTATION_CONTEXT() REPRESENTATION_CONTEXT('2D SPACE',''
  ) );
#6703 = PCURVE('',#6394,#6704);
#6704 = DEFINITIONAL_REPRESENTATION('',(#6705),#6709);
#6705 = LINE('',#6706,#6707);
#6706 = CARTESIAN_POINT('',(7.,0.));
#6707 = VECTOR('',#6708,1.);
#6708 = DIRECTION('',(0.,1.));
#6709 = ( GEOMETRIC_REPRESENTATION_CONTEXT(2) 
PARAMETRIC_REPRESENTATION_CONTEXT() REPRESENTATION_CONTEXT('2D SPACE',''
  ) );
#6710 = ADVANCED_FACE('',(#6711),#6394,.T.);
#6711 = FACE_BOUND('',#6712,.T.);
#6712 = EDGE_LOOP('',(#6713,#6714,#6715,#6749));
#6713 = ORIENTED_EDGE('',*,*,#6364,.T.);
#6714 = ORIENTED_EDGE('',*,*,#6690,.T.);
#6715 = ORIENTED_EDGE('',*,*,#6716,.F.);
#6716 = EDGE_CURVE('',#6717,#6654,#6719,.T.);
#6717 = VERTEX_POINT('',#6718);
#6718 = CARTESIAN_POINT('',(-1.52E+03,-99.99999997487,-29.99999999562));
#6719 = SURFACE_CURVE('',#6720,(#6731,#6738),.PCURVE_S1.);
#6720 = B_SPLINE_CURVE_WITH_KNOTS('',9,(#6721,#6722,#6723,#6724,#6725,
    #6726,#6727,#6728,#6729,#6730),.UNSPECIFIED.,.F.,.F.,(10,10),(6.,7.)
  ,.PIECEWISE_BEZIER_KNOTS.);
#6721 = CARTESIAN_POINT('',(-1.52E+03,-99.99999997487,-29.99999999562));
#6722 = CARTESIAN_POINT('',(-1.52E+03,-99.99999997487,-42.21730475958));
#6723 = CARTESIAN_POINT('',(-1.52E+03,-97.60113798798,-54.43460969862));
#6724 = CARTESIAN_POINT('',(-1.52E+03,-92.80341233591,-66.11360991687));
#6725 = CARTESIAN_POINT('',(-1.52E+03,-85.74775773362,-76.71600813731));
#6726 = CARTESIAN_POINT('',(-1.52E+03,-76.71600811653,-85.74775775435));
#6727 = CARTESIAN_POINT('',(-1.52E+03,-66.11360989613,-92.80341235668));
#6728 = CARTESIAN_POINT('',(-1.52E+03,-54.43460967786,-97.60113800873));
#6729 = CARTESIAN_POINT('',(-1.52E+03,-42.21730473883,-99.99999999562));
#6730 = CARTESIAN_POINT('',(-1.52E+03,-29.99999997487,-100.));
#6731 = PCURVE('',#6394,#6732);
#6732 = DEFINITIONAL_REPRESENTATION('',(#6733),#6737);
#6733 = LINE('',#6734,#6735);
#6734 = CARTESIAN_POINT('',(0.,1.));
#6735 = VECTOR('',#6736,1.);
#6736 = DIRECTION('',(1.,0.));
#6737 = ( GEOMETRIC_REPRESENTATION_CONTEXT(2) 
PARAMETRIC_REPRESENTATION_CONTEXT() REPRESENTATION_CONTEXT('2D SPACE',''
  ) );
#6738 = PCURVE('',#6739,#6744);
#6739 = CYLINDRICAL_SURFACE('',#6740,70.);
#6740 = AXIS2_PLACEMENT_3D('',#6741,#6742,#6743);
#6741 = CARTESIAN_POINT('',(-1.52E+03,-29.99999997487,-29.99999999562));
#6742 = DIRECTION('',(-1.,0.,-1.110223024625E-16));
#6743 = DIRECTION('',(1.110223024625E-16,0.,-1.));
#6744 = DEFINITIONAL_REPRESENTATION('',(#6745),#6748);
#6745 = B_SPLINE_CURVE_WITH_KNOTS('',1,(#6746,#6747),.UNSPECIFIED.,.F.,
  .F.,(2,2),(6.,7.),.PIECEWISE_BEZIER_KNOTS.);
#6746 = CARTESIAN_POINT('',(-4.712388980385,0.));
#6747 = CARTESIAN_POINT('',(-6.28318530718,0.));
#6748 = ( GEOMETRIC_REPRESENTATION_CONTEXT(2) 
PARAMETRIC_REPRESENTATION_CONTEXT() REPRESENTATION_CONTEXT('2D SPACE',''
  ) );
#6749 = ORIENTED_EDGE('',*,*,#6750,.F.);
#6750 = EDGE_CURVE('',#6297,#6717,#6751,.T.);
#6751 = SURFACE_CURVE('',#6752,(#6756,#6763),.PCURVE_S1.);
#6752 = B_SPLINE_CURVE_WITH_KNOTS('',2,(#6753,#6754,#6755),
  .UNSPECIFIED.,.F.,.F.,(3,3),(0.,1.),.PIECEWISE_BEZIER_KNOTS.);
#6753 = CARTESIAN_POINT('',(-1.685E+03,-80.86117937991,-13.61872495094)
  );
#6754 = CARTESIAN_POINT('',(-1.602477387266E+03,-95.7512765751,
    -6.007847205365));
#6755 = CARTESIAN_POINT('',(-1.52E+03,-99.99999997487,-29.99999999562));
#6756 = PCURVE('',#6394,#6757);
#6757 = DEFINITIONAL_REPRESENTATION('',(#6758),#6762);
#6758 = LINE('',#6759,#6760);
#6759 = CARTESIAN_POINT('',(6.,0.));
#6760 = VECTOR('',#6761,1.);
#6761 = DIRECTION('',(0.,1.));
#6762 = ( GEOMETRIC_REPRESENTATION_CONTEXT(2) 
PARAMETRIC_REPRESENTATION_CONTEXT() REPRESENTATION_CONTEXT('2D SPACE',''
  ) );
#6763 = PCURVE('',#6326,#6764);
#6764 = DEFINITIONAL_REPRESENTATION('',(#6765),#6769);
#6765 = LINE('',#6766,#6767);
#6766 = CARTESIAN_POINT('',(6.,0.));
#6767 = VECTOR('',#6768,1.);
#6768 = DIRECTION('',(0.,1.));
#6769 = ( GEOMETRIC_REPRESENTATION_CONTEXT(2) 
PARAMETRIC_REPRESENTATION_CONTEXT() REPRESENTATION_CONTEXT('2D SPACE',''
  ) );
#6770 = ADVANCED_FACE('',(#6771),#6122,.T.);
#6771 = FACE_BOUND('',#6772,.T.);
#6772 = EDGE_LOOP('',(#6773,#6774,#6797,#6829));
#6773 = ORIENTED_EDGE('',*,*,#6092,.T.);
#6774 = ORIENTED_EDGE('',*,*,#6775,.T.);
#6775 = EDGE_CURVE('',#6093,#6776,#6778,.T.);
#6776 = VERTEX_POINT('',#6777);
#6777 = CARTESIAN_POINT('',(-1.52E+03,30.000000020756,100.));
#6778 = SURFACE_CURVE('',#6779,(#6783,#6790),.PCURVE_S1.);
#6779 = B_SPLINE_CURVE_WITH_KNOTS('',2,(#6780,#6781,#6782),
  .UNSPECIFIED.,.F.,.F.,(3,3),(0.,1.),.PIECEWISE_BEZIER_KNOTS.);
#6780 = CARTESIAN_POINT('',(-1.685E+03,13.618724956386,80.861179378997)
  );
#6781 = CARTESIAN_POINT('',(-1.602477387266E+03,6.007847278736,
    95.751276650545));
#6782 = CARTESIAN_POINT('',(-1.52E+03,30.000000020756,100.));
#6783 = PCURVE('',#6122,#6784);
#6784 = DEFINITIONAL_REPRESENTATION('',(#6785),#6789);
#6785 = LINE('',#6786,#6787);
#6786 = CARTESIAN_POINT('',(3.,0.));
#6787 = VECTOR('',#6788,1.);
#6788 = DIRECTION('',(0.,1.));
#6789 = ( GEOMETRIC_REPRESENTATION_CONTEXT(2) 
PARAMETRIC_REPRESENTATION_CONTEXT() REPRESENTATION_CONTEXT('2D SPACE',''
  ) );
#6790 = PCURVE('',#6190,#6791);
#6791 = DEFINITIONAL_REPRESENTATION('',(#6792),#6796);
#6792 = LINE('',#6793,#6794);
#6793 = CARTESIAN_POINT('',(3.,0.));
#6794 = VECTOR('',#6795,1.);
#6795 = DIRECTION('',(0.,1.));
#6796 = ( GEOMETRIC_REPRESENTATION_CONTEXT(2) 
PARAMETRIC_REPRESENTATION_CONTEXT() REPRESENTATION_CONTEXT('2D SPACE',''
  ) );
#6797 = ORIENTED_EDGE('',*,*,#6798,.F.);
#6798 = EDGE_CURVE('',#6503,#6776,#6799,.T.);
#6799 = SURFACE_CURVE('',#6800,(#6811,#6818),.PCURVE_S1.);
#6800 = B_SPLINE_CURVE_WITH_KNOTS('',9,(#6801,#6802,#6803,#6804,#6805,
    #6806,#6807,#6808,#6809,#6810),.UNSPECIFIED.,.F.,.F.,(10,10),(2.,3.)
  ,.PIECEWISE_BEZIER_KNOTS.);
#6801 = CARTESIAN_POINT('',(-1.52E+03,100.00000002075,30.));
#6802 = CARTESIAN_POINT('',(-1.52E+03,100.00000002075,42.21730476396));
#6803 = CARTESIAN_POINT('',(-1.52E+03,97.60113803387,54.434609702997));
#6804 = CARTESIAN_POINT('',(-1.52E+03,92.803412381802,66.113609921258));
#6805 = CARTESIAN_POINT('',(-1.52E+03,85.747757779498,76.716008141674));
#6806 = CARTESIAN_POINT('',(-1.52E+03,76.71600816243,85.747757758742));
#6807 = CARTESIAN_POINT('',(-1.52E+03,66.113609942014,92.803412361047));
#6808 = CARTESIAN_POINT('',(-1.52E+03,54.434609723753,97.601138013114));
#6809 = CARTESIAN_POINT('',(-1.52E+03,42.217304784716,99.999999999999));
#6810 = CARTESIAN_POINT('',(-1.52E+03,30.000000020756,100.));
#6811 = PCURVE('',#6122,#6812);
#6812 = DEFINITIONAL_REPRESENTATION('',(#6813),#6817);
#6813 = LINE('',#6814,#6815);
#6814 = CARTESIAN_POINT('',(0.,1.));
#6815 = VECTOR('',#6816,1.);
#6816 = DIRECTION('',(1.,0.));
#6817 = ( GEOMETRIC_REPRESENTATION_CONTEXT(2) 
PARAMETRIC_REPRESENTATION_CONTEXT() REPRESENTATION_CONTEXT('2D SPACE',''
  ) );
#6818 = PCURVE('',#6819,#6824);
#6819 = CYLINDRICAL_SURFACE('',#6820,70.);
#6820 = AXIS2_PLACEMENT_3D('',#6821,#6822,#6823);
#6821 = CARTESIAN_POINT('',(-1.52E+03,30.000000020756,30.));
#6822 = DIRECTION('',(-1.,0.,-1.110223024625E-16));
#6823 = DIRECTION('',(1.110223024625E-16,0.,-1.));
#6824 = DEFINITIONAL_REPRESENTATION('',(#6825),#6828);
#6825 = B_SPLINE_CURVE_WITH_KNOTS('',1,(#6826,#6827),.UNSPECIFIED.,.F.,
  .F.,(2,2),(2.,3.),.PIECEWISE_BEZIER_KNOTS.);
#6826 = CARTESIAN_POINT('',(-1.570796326795,0.));
#6827 = CARTESIAN_POINT('',(-3.14159265359,0.));
#6828 = ( GEOMETRIC_REPRESENTATION_CONTEXT(2) 
PARAMETRIC_REPRESENTATION_CONTEXT() REPRESENTATION_CONTEXT('2D SPACE',''
  ) );
#6829 = ORIENTED_EDGE('',*,*,#6502,.F.);
#6830 = ADVANCED_FACE('',(#6831),#6326,.T.);
#6831 = FACE_BOUND('',#6832,.T.);
#6832 = EDGE_LOOP('',(#6833,#6834,#6835,#6877));
#6833 = ORIENTED_EDGE('',*,*,#6296,.T.);
#6834 = ORIENTED_EDGE('',*,*,#6750,.T.);
#6835 = ORIENTED_EDGE('',*,*,#6836,.F.);
#6836 = EDGE_CURVE('',#6837,#6717,#6839,.T.);
#6837 = VERTEX_POINT('',#6838);
#6838 = CARTESIAN_POINT('',(-1.52E+03,-100.,30.));
#6839 = SURFACE_CURVE('',#6840,(#6851,#6858),.PCURVE_S1.);
#6840 = B_SPLINE_CURVE_WITH_KNOTS('',9,(#6841,#6842,#6843,#6844,#6845,
    #6846,#6847,#6848,#6849,#6850),.UNSPECIFIED.,.F.,.F.,(10,10),(5.,6.)
  ,.PIECEWISE_BEZIER_KNOTS.);
#6841 = CARTESIAN_POINT('',(-1.52E+03,-99.99999997487,30.));
#6842 = CARTESIAN_POINT('',(-1.52E+03,-99.99999997487,23.333333333819));
#6843 = CARTESIAN_POINT('',(-1.52E+03,-99.99999997487,16.666666667638));
#6844 = CARTESIAN_POINT('',(-1.52E+03,-99.99999997487,10.000000001458));
#6845 = CARTESIAN_POINT('',(-1.52E+03,-99.99999997487,3.333333335277));
#6846 = CARTESIAN_POINT('',(-1.52E+03,-99.99999997487,-3.333333330904));
#6847 = CARTESIAN_POINT('',(-1.52E+03,-99.99999997487,-9.999999997085));
#6848 = CARTESIAN_POINT('',(-1.52E+03,-99.99999997487,-16.66666666326));
#6849 = CARTESIAN_POINT('',(-1.52E+03,-99.99999997487,-23.33333332944));
#6850 = CARTESIAN_POINT('',(-1.52E+03,-99.99999997487,-29.99999999562));
#6851 = PCURVE('',#6326,#6852);
#6852 = DEFINITIONAL_REPRESENTATION('',(#6853),#6857);
#6853 = LINE('',#6854,#6855);
#6854 = CARTESIAN_POINT('',(0.,1.));
#6855 = VECTOR('',#6856,1.);
#6856 = DIRECTION('',(1.,0.));
#6857 = ( GEOMETRIC_REPRESENTATION_CONTEXT(2) 
PARAMETRIC_REPRESENTATION_CONTEXT() REPRESENTATION_CONTEXT('2D SPACE',''
  ) );
#6858 = PCURVE('',#6859,#6864);
#6859 = PLANE('',#6860);
#6860 = AXIS2_PLACEMENT_3D('',#6861,#6862,#6863);
#6861 = CARTESIAN_POINT('',(-1.52E+03,-99.99999997487,30.));
#6862 = DIRECTION('',(-0.,1.,0.));
#6863 = DIRECTION('',(1.110223024625E-16,0.,-1.));
#6864 = DEFINITIONAL_REPRESENTATION('',(#6865),#6876);
#6865 = B_SPLINE_CURVE_WITH_KNOTS('',9,(#6866,#6867,#6868,#6869,#6870,
    #6871,#6872,#6873,#6874,#6875),.UNSPECIFIED.,.F.,.F.,(10,10),(5.,6.)
  ,.PIECEWISE_BEZIER_KNOTS.);
#6866 = CARTESIAN_POINT('',(0.,0.));
#6867 = CARTESIAN_POINT('',(6.666666666181,0.));
#6868 = CARTESIAN_POINT('',(13.333333332362,0.));
#6869 = CARTESIAN_POINT('',(19.999999998542,0.));
#6870 = CARTESIAN_POINT('',(26.666666664723,0.));
#6871 = CARTESIAN_POINT('',(33.333333330904,0.));
#6872 = CARTESIAN_POINT('',(39.999999997085,0.));
#6873 = CARTESIAN_POINT('',(46.666666663265,0.));
#6874 = CARTESIAN_POINT('',(53.333333329446,0.));
#6875 = CARTESIAN_POINT('',(59.999999995627,0.));
#6876 = ( GEOMETRIC_REPRESENTATION_CONTEXT(2) 
PARAMETRIC_REPRESENTATION_CONTEXT() REPRESENTATION_CONTEXT('2D SPACE',''
  ) );
#6877 = ORIENTED_EDGE('',*,*,#6878,.F.);
#6878 = EDGE_CURVE('',#6229,#6837,#6879,.T.);
#6879 = SURFACE_CURVE('',#6880,(#6884,#6891),.PCURVE_S1.);
#6880 = B_SPLINE_CURVE_WITH_KNOTS('',2,(#6881,#6882,#6883),
  .UNSPECIFIED.,.F.,.F.,(3,3),(0.,1.),.PIECEWISE_BEZIER_KNOTS.);
#6881 = CARTESIAN_POINT('',(-1.685E+03,-80.86117938332,13.618724930678)
  );
#6882 = CARTESIAN_POINT('',(-1.602477387266E+03,-95.75127657399,
    6.007847248707));
#6883 = CARTESIAN_POINT('',(-1.52E+03,-99.99999997487,30.));
#6884 = PCURVE('',#6326,#6885);
#6885 = DEFINITIONAL_REPRESENTATION('',(#6886),#6890);
#6886 = LINE('',#6887,#6888);
#6887 = CARTESIAN_POINT('',(5.,0.));
#6888 = VECTOR('',#6889,1.);
#6889 = DIRECTION('',(0.,1.));
#6890 = ( GEOMETRIC_REPRESENTATION_CONTEXT(2) 
PARAMETRIC_REPRESENTATION_CONTEXT() REPRESENTATION_CONTEXT('2D SPACE',''
  ) );
#6891 = PCURVE('',#6258,#6892);
#6892 = DEFINITIONAL_REPRESENTATION('',(#6893),#6897);
#6893 = LINE('',#6894,#6895);
#6894 = CARTESIAN_POINT('',(5.,0.));
#6895 = VECTOR('',#6896,1.);
#6896 = DIRECTION('',(0.,1.));
#6897 = ( GEOMETRIC_REPRESENTATION_CONTEXT(2) 
PARAMETRIC_REPRESENTATION_CONTEXT() REPRESENTATION_CONTEXT('2D SPACE',''
  ) );
#6898 = ADVANCED_FACE('',(#6899),#6190,.T.);
#6899 = FACE_BOUND('',#6900,.T.);
#6900 = EDGE_LOOP('',(#6901,#6902,#6925,#6965));
#6901 = ORIENTED_EDGE('',*,*,#6160,.T.);
#6902 = ORIENTED_EDGE('',*,*,#6903,.T.);
#6903 = EDGE_CURVE('',#6161,#6904,#6906,.T.);
#6904 = VERTEX_POINT('',#6905);
#6905 = CARTESIAN_POINT('',(-1.52E+03,-30.00000002512,100.));
#6906 = SURFACE_CURVE('',#6907,(#6911,#6918),.PCURVE_S1.);
#6907 = B_SPLINE_CURVE_WITH_KNOTS('',2,(#6908,#6909,#6910),
  .UNSPECIFIED.,.F.,.F.,(3,3),(0.,1.),.PIECEWISE_BEZIER_KNOTS.);
#6908 = CARTESIAN_POINT('',(-1.685E+03,-13.618725004,80.861179370978));
#6909 = CARTESIAN_POINT('',(-1.602477387266E+03,-6.00784730001,
    95.751276653152));
#6910 = CARTESIAN_POINT('',(-1.52E+03,-30.00000002512,100.));
#6911 = PCURVE('',#6190,#6912);
#6912 = DEFINITIONAL_REPRESENTATION('',(#6913),#6917);
#6913 = LINE('',#6914,#6915);
#6914 = CARTESIAN_POINT('',(4.,0.));
#6915 = VECTOR('',#6916,1.);
#6916 = DIRECTION('',(0.,1.));
#6917 = ( GEOMETRIC_REPRESENTATION_CONTEXT(2) 
PARAMETRIC_REPRESENTATION_CONTEXT() REPRESENTATION_CONTEXT('2D SPACE',''
  ) );
#6918 = PCURVE('',#6258,#6919);
#6919 = DEFINITIONAL_REPRESENTATION('',(#6920),#6924);
#6920 = LINE('',#6921,#6922);
#6921 = CARTESIAN_POINT('',(4.,0.));
#6922 = VECTOR('',#6923,1.);
#6923 = DIRECTION('',(0.,1.));
#6924 = ( GEOMETRIC_REPRESENTATION_CONTEXT(2) 
PARAMETRIC_REPRESENTATION_CONTEXT() REPRESENTATION_CONTEXT('2D SPACE',''
  ) );
#6925 = ORIENTED_EDGE('',*,*,#6926,.F.);
#6926 = EDGE_CURVE('',#6776,#6904,#6927,.T.);
#6927 = SURFACE_CURVE('',#6928,(#6939,#6946),.PCURVE_S1.);
#6928 = B_SPLINE_CURVE_WITH_KNOTS('',9,(#6929,#6930,#6931,#6932,#6933,
    #6934,#6935,#6936,#6937,#6938),.UNSPECIFIED.,.F.,.F.,(10,10),(3.,4.)
  ,.PIECEWISE_BEZIER_KNOTS.);
#6929 = CARTESIAN_POINT('',(-1.52E+03,30.000000020756,100.));
#6930 = CARTESIAN_POINT('',(-1.52E+03,23.333333348991,100.));
#6931 = CARTESIAN_POINT('',(-1.52E+03,16.666666677226,100.));
#6932 = CARTESIAN_POINT('',(-1.52E+03,10.000000005461,100.));
#6933 = CARTESIAN_POINT('',(-1.52E+03,3.333333333696,100.));
#6934 = CARTESIAN_POINT('',(-1.52E+03,-3.333333338069,100.));
#6935 = CARTESIAN_POINT('',(-1.52E+03,-10.00000000983,100.));
#6936 = CARTESIAN_POINT('',(-1.52E+03,-16.66666668159,100.));
#6937 = CARTESIAN_POINT('',(-1.52E+03,-23.33333335336,100.));
#6938 = CARTESIAN_POINT('',(-1.52E+03,-30.00000002512,100.));
#6939 = PCURVE('',#6190,#6940);
#6940 = DEFINITIONAL_REPRESENTATION('',(#6941),#6945);
#6941 = LINE('',#6942,#6943);
#6942 = CARTESIAN_POINT('',(0.,1.));
#6943 = VECTOR('',#6944,1.);
#6944 = DIRECTION('',(1.,0.));
#6945 = ( GEOMETRIC_REPRESENTATION_CONTEXT(2) 
PARAMETRIC_REPRESENTATION_CONTEXT() REPRESENTATION_CONTEXT('2D SPACE',''
  ) );
#6946 = PCURVE('',#6947,#6952);
#6947 = PLANE('',#6948);
#6948 = AXIS2_PLACEMENT_3D('',#6949,#6950,#6951);
#6949 = CARTESIAN_POINT('',(-1.52E+03,-30.00000002512,100.));
#6950 = DIRECTION('',(0.,0.,1.));
#6951 = DIRECTION('',(0.,1.,0.));
#6952 = DEFINITIONAL_REPRESENTATION('',(#6953),#6964);
#6953 = B_SPLINE_CURVE_WITH_KNOTS('',9,(#6954,#6955,#6956,#6957,#6958,
    #6959,#6960,#6961,#6962,#6963),.UNSPECIFIED.,.F.,.F.,(10,10),(3.,4.)
  ,.PIECEWISE_BEZIER_KNOTS.);
#6954 = CARTESIAN_POINT('',(60.000000045885,0.));
#6955 = CARTESIAN_POINT('',(53.33333337412,0.));
#6956 = CARTESIAN_POINT('',(46.666666702355,0.));
#6957 = CARTESIAN_POINT('',(40.00000003059,0.));
#6958 = CARTESIAN_POINT('',(33.333333358825,0.));
#6959 = CARTESIAN_POINT('',(26.66666668706,0.));
#6960 = CARTESIAN_POINT('',(20.000000015295,0.));
#6961 = CARTESIAN_POINT('',(13.33333334353,0.));
#6962 = CARTESIAN_POINT('',(6.666666671765,0.));
#6963 = CARTESIAN_POINT('',(-1.7763568394E-14,0.));
#6964 = ( GEOMETRIC_REPRESENTATION_CONTEXT(2) 
PARAMETRIC_REPRESENTATION_CONTEXT() REPRESENTATION_CONTEXT('2D SPACE',''
  ) );
#6965 = ORIENTED_EDGE('',*,*,#6775,.F.);
#6966 = ADVANCED_FACE('',(#6967),#6258,.T.);
#6967 = FACE_BOUND('',#6968,.T.);
#6968 = EDGE_LOOP('',(#6969,#6970,#6971,#7003));
#6969 = ORIENTED_EDGE('',*,*,#6228,.T.);
#6970 = ORIENTED_EDGE('',*,*,#6878,.T.);
#6971 = ORIENTED_EDGE('',*,*,#6972,.F.);
#6972 = EDGE_CURVE('',#6904,#6837,#6973,.T.);
#6973 = SURFACE_CURVE('',#6974,(#6985,#6992),.PCURVE_S1.);
#6974 = B_SPLINE_CURVE_WITH_KNOTS('',9,(#6975,#6976,#6977,#6978,#6979,
    #6980,#6981,#6982,#6983,#6984),.UNSPECIFIED.,.F.,.F.,(10,10),(4.,5.)
  ,.PIECEWISE_BEZIER_KNOTS.);
#6975 = CARTESIAN_POINT('',(-1.52E+03,-30.00000002512,100.));
#6976 = CARTESIAN_POINT('',(-1.52E+03,-42.21730478908,99.999999999999));
#6977 = CARTESIAN_POINT('',(-1.52E+03,-54.43460972813,97.601138013117));
#6978 = CARTESIAN_POINT('',(-1.52E+03,-66.11360994637,92.80341236104));
#6979 = CARTESIAN_POINT('',(-1.52E+03,-76.71600816681,85.747757758753));
#6980 = CARTESIAN_POINT('',(-1.52E+03,-85.74775778385,76.716008141662));
#6981 = CARTESIAN_POINT('',(-1.52E+03,-92.80341238618,66.113609921267));
#6982 = CARTESIAN_POINT('',(-1.52E+03,-97.60113803823,54.434609702993));
#6983 = CARTESIAN_POINT('',(-1.52E+03,-100.0000000251,42.217304763961));
#6984 = CARTESIAN_POINT('',(-1.52E+03,-99.99999997487,30.));
#6985 = PCURVE('',#6258,#6986);
#6986 = DEFINITIONAL_REPRESENTATION('',(#6987),#6991);
#6987 = LINE('',#6988,#6989);
#6988 = CARTESIAN_POINT('',(0.,1.));
#6989 = VECTOR('',#6990,1.);
#6990 = DIRECTION('',(1.,0.));
#6991 = ( GEOMETRIC_REPRESENTATION_CONTEXT(2) 
PARAMETRIC_REPRESENTATION_CONTEXT() REPRESENTATION_CONTEXT('2D SPACE',''
  ) );
#6992 = PCURVE('',#6993,#6998);
#6993 = CYLINDRICAL_SURFACE('',#6994,70.);
#6994 = AXIS2_PLACEMENT_3D('',#6995,#6996,#6997);
#6995 = CARTESIAN_POINT('',(-1.52E+03,-30.00000002512,30.));
#6996 = DIRECTION('',(-1.,0.,-1.110223024625E-16));
#6997 = DIRECTION('',(1.110223024625E-16,0.,-1.));
#6998 = DEFINITIONAL_REPRESENTATION('',(#6999),#7002);
#6999 = B_SPLINE_CURVE_WITH_KNOTS('',1,(#7000,#7001),.UNSPECIFIED.,.F.,
  .F.,(2,2),(4.,5.),.PIECEWISE_BEZIER_KNOTS.);
#7000 = CARTESIAN_POINT('',(-3.14159265359,0.));
#7001 = CARTESIAN_POINT('',(-4.712388980385,0.));
#7002 = ( GEOMETRIC_REPRESENTATION_CONTEXT(2) 
PARAMETRIC_REPRESENTATION_CONTEXT() REPRESENTATION_CONTEXT('2D SPACE',''
  ) );
#7003 = ORIENTED_EDGE('',*,*,#6903,.F.);
#7004 = ADVANCED_FACE('',(#7005),#6486,.F.);
#7005 = FACE_BOUND('',#7006,.F.);
#7006 = EDGE_LOOP('',(#7007,#7008,#7028,#7055));
#7007 = ORIENTED_EDGE('',*,*,#6469,.T.);
#7008 = ORIENTED_EDGE('',*,*,#7009,.T.);
#7009 = EDGE_CURVE('',#6470,#7010,#7012,.T.);
#7010 = VERTEX_POINT('',#7011);
#7011 = CARTESIAN_POINT('',(-1.621E+03,0.,-33.));
#7012 = SEAM_CURVE('',#7013,(#7016,#7022),.PCURVE_S1.);
#7013 = B_SPLINE_CURVE_WITH_KNOTS('',1,(#7014,#7015),.UNSPECIFIED.,.F.,
  .F.,(2,2),(0.,1.),.PIECEWISE_BEZIER_KNOTS.);
#7014 = CARTESIAN_POINT('',(-1.686E+03,0.,-69.));
#7015 = CARTESIAN_POINT('',(-1.621E+03,0.,-33.));
#7016 = PCURVE('',#6486,#7017);
#7017 = DEFINITIONAL_REPRESENTATION('',(#7018),#7021);
#7018 = B_SPLINE_CURVE_WITH_KNOTS('',1,(#7019,#7020),.UNSPECIFIED.,.F.,
  .F.,(2,2),(0.,1.),.PIECEWISE_BEZIER_KNOTS.);
#7019 = CARTESIAN_POINT('',(0.,0.));
#7020 = CARTESIAN_POINT('',(0.,-65.));
#7021 = ( GEOMETRIC_REPRESENTATION_CONTEXT(2) 
PARAMETRIC_REPRESENTATION_CONTEXT() REPRESENTATION_CONTEXT('2D SPACE',''
  ) );
#7022 = PCURVE('',#6486,#7023);
#7023 = DEFINITIONAL_REPRESENTATION('',(#7024),#7027);
#7024 = B_SPLINE_CURVE_WITH_KNOTS('',1,(#7025,#7026),.UNSPECIFIED.,.F.,
  .F.,(2,2),(0.,1.),.PIECEWISE_BEZIER_KNOTS.);
#7025 = CARTESIAN_POINT('',(-6.28318530718,0.));
#7026 = CARTESIAN_POINT('',(-6.28318530718,-65.));
#7027 = ( GEOMETRIC_REPRESENTATION_CONTEXT(2) 
PARAMETRIC_REPRESENTATION_CONTEXT() REPRESENTATION_CONTEXT('2D SPACE',''
  ) );
#7028 = ORIENTED_EDGE('',*,*,#7029,.F.);
#7029 = EDGE_CURVE('',#7010,#7010,#7030,.T.);
#7030 = SURFACE_CURVE('',#7031,(#7036,#7043),.PCURVE_S1.);
#7031 = CIRCLE('',#7032,33.);
#7032 = AXIS2_PLACEMENT_3D('',#7033,#7034,#7035);
#7033 = CARTESIAN_POINT('',(-1.621E+03,0.,0.));
#7034 = DIRECTION('',(1.,-0.,1.110223024625E-16));
#7035 = DIRECTION('',(1.110223024625E-16,0.,-1.));
#7036 = PCURVE('',#6486,#7037);
#7037 = DEFINITIONAL_REPRESENTATION('',(#7038),#7042);
#7038 = LINE('',#7039,#7040);
#7039 = CARTESIAN_POINT('',(-0.,-65.));
#7040 = VECTOR('',#7041,1.);
#7041 = DIRECTION('',(-1.,-0.));
#7042 = ( GEOMETRIC_REPRESENTATION_CONTEXT(2) 
PARAMETRIC_REPRESENTATION_CONTEXT() REPRESENTATION_CONTEXT('2D SPACE',''
  ) );
#7043 = PCURVE('',#7044,#7049);
#7044 = CYLINDRICAL_SURFACE('',#7045,33.);
#7045 = AXIS2_PLACEMENT_3D('',#7046,#7047,#7048);
#7046 = CARTESIAN_POINT('',(-1.621E+03,0.,0.));
#7047 = DIRECTION('',(1.,-0.,1.110223024625E-16));
#7048 = DIRECTION('',(1.110223024625E-16,0.,-1.));
#7049 = DEFINITIONAL_REPRESENTATION('',(#7050),#7054);
#7050 = LINE('',#7051,#7052);
#7051 = CARTESIAN_POINT('',(0.,0.));
#7052 = VECTOR('',#7053,1.);
#7053 = DIRECTION('',(1.,0.));
#7054 = ( GEOMETRIC_REPRESENTATION_CONTEXT(2) 
PARAMETRIC_REPRESENTATION_CONTEXT() REPRESENTATION_CONTEXT('2D SPACE',''
  ) );
#7055 = ORIENTED_EDGE('',*,*,#7009,.F.);
#7056 = ADVANCED_FACE('',(#7057),#6546,.T.);
#7057 = FACE_BOUND('',#7058,.T.);
#7058 = EDGE_LOOP('',(#7059,#7082,#7103,#7104));
#7059 = ORIENTED_EDGE('',*,*,#7060,.T.);
#7060 = EDGE_CURVE('',#6503,#7061,#7063,.T.);
#7061 = VERTEX_POINT('',#7062);
#7062 = CARTESIAN_POINT('',(-1.123333333333E+03,100.00000002294,30.));
#7063 = SURFACE_CURVE('',#7064,(#7068,#7075),.PCURVE_S1.);
#7064 = LINE('',#7065,#7066);
#7065 = CARTESIAN_POINT('',(-1.52E+03,100.00000002294,30.));
#7066 = VECTOR('',#7067,1.);
#7067 = DIRECTION('',(1.,0.,0.));
#7068 = PCURVE('',#6546,#7069);
#7069 = DEFINITIONAL_REPRESENTATION('',(#7070),#7074);
#7070 = LINE('',#7071,#7072);
#7071 = CARTESIAN_POINT('',(0.,0.));
#7072 = VECTOR('',#7073,1.);
#7073 = DIRECTION('',(1.110223024625E-16,-1.));
#7074 = ( GEOMETRIC_REPRESENTATION_CONTEXT(2) 
PARAMETRIC_REPRESENTATION_CONTEXT() REPRESENTATION_CONTEXT('2D SPACE',''
  ) );
#7075 = PCURVE('',#6819,#7076);
#7076 = DEFINITIONAL_REPRESENTATION('',(#7077),#7081);
#7077 = LINE('',#7078,#7079);
#7078 = CARTESIAN_POINT('',(-1.570796326795,0.));
#7079 = VECTOR('',#7080,1.);
#7080 = DIRECTION('',(-0.,-1.));
#7081 = ( GEOMETRIC_REPRESENTATION_CONTEXT(2) 
PARAMETRIC_REPRESENTATION_CONTEXT() REPRESENTATION_CONTEXT('2D SPACE',''
  ) );
#7082 = ORIENTED_EDGE('',*,*,#7083,.T.);
#7083 = EDGE_CURVE('',#7061,#6598,#7084,.T.);
#7084 = SURFACE_CURVE('',#7085,(#7089,#7096),.PCURVE_S1.);
#7085 = LINE('',#7086,#7087);
#7086 = CARTESIAN_POINT('',(-1.123333333333E+03,100.00000002512,0.));
#7087 = VECTOR('',#7088,1.);
#7088 = DIRECTION('',(1.110223024625E-16,0.,-1.));
#7089 = PCURVE('',#6546,#7090);
#7090 = DEFINITIONAL_REPRESENTATION('',(#7091),#7095);
#7091 = LINE('',#7092,#7093);
#7092 = CARTESIAN_POINT('',(30.,-396.6666666666));
#7093 = VECTOR('',#7094,1.);
#7094 = DIRECTION('',(1.,0.));
#7095 = ( GEOMETRIC_REPRESENTATION_CONTEXT(2) 
PARAMETRIC_REPRESENTATION_CONTEXT() REPRESENTATION_CONTEXT('2D SPACE',''
  ) );
#7096 = PCURVE('',#6614,#7097);
#7097 = DEFINITIONAL_REPRESENTATION('',(#7098),#7102);
#7098 = LINE('',#7099,#7100);
#7099 = CARTESIAN_POINT('',(8.346426282815E-09,100.00000001148));
#7100 = VECTOR('',#7101,1.);
#7101 = DIRECTION('',(1.,0.));
#7102 = ( GEOMETRIC_REPRESENTATION_CONTEXT(2) 
PARAMETRIC_REPRESENTATION_CONTEXT() REPRESENTATION_CONTEXT('2D SPACE',''
  ) );
#7103 = ORIENTED_EDGE('',*,*,#6626,.F.);
#7104 = ORIENTED_EDGE('',*,*,#6525,.T.);
#7105 = ADVANCED_FACE('',(#7106),#6585,.F.);
#7106 = FACE_BOUND('',#7107,.F.);
#7107 = EDGE_LOOP('',(#7108,#7131,#7152,#7153));
#7108 = ORIENTED_EDGE('',*,*,#7109,.T.);
#7109 = EDGE_CURVE('',#6654,#7110,#7112,.T.);
#7110 = VERTEX_POINT('',#7111);
#7111 = CARTESIAN_POINT('',(-1.123333333333E+03,-29.99999997487,
    -99.99999999781));
#7112 = SURFACE_CURVE('',#7113,(#7117,#7124),.PCURVE_S1.);
#7113 = LINE('',#7114,#7115);
#7114 = CARTESIAN_POINT('',(-1.52E+03,-29.99999997487,-99.99999999781));
#7115 = VECTOR('',#7116,1.);
#7116 = DIRECTION('',(1.,0.,0.));
#7117 = PCURVE('',#6585,#7118);
#7118 = DEFINITIONAL_REPRESENTATION('',(#7119),#7123);
#7119 = LINE('',#7120,#7121);
#7120 = CARTESIAN_POINT('',(0.,0.));
#7121 = VECTOR('',#7122,1.);
#7122 = DIRECTION('',(0.,-1.));
#7123 = ( GEOMETRIC_REPRESENTATION_CONTEXT(2) 
PARAMETRIC_REPRESENTATION_CONTEXT() REPRESENTATION_CONTEXT('2D SPACE',''
  ) );
#7124 = PCURVE('',#6739,#7125);
#7125 = DEFINITIONAL_REPRESENTATION('',(#7126),#7130);
#7126 = LINE('',#7127,#7128);
#7127 = CARTESIAN_POINT('',(-6.28318530718,0.));
#7128 = VECTOR('',#7129,1.);
#7129 = DIRECTION('',(-0.,-1.));
#7130 = ( GEOMETRIC_REPRESENTATION_CONTEXT(2) 
PARAMETRIC_REPRESENTATION_CONTEXT() REPRESENTATION_CONTEXT('2D SPACE',''
  ) );
#7131 = ORIENTED_EDGE('',*,*,#7132,.T.);
#7132 = EDGE_CURVE('',#7110,#6570,#7133,.T.);
#7133 = SURFACE_CURVE('',#7134,(#7138,#7145),.PCURVE_S1.);
#7134 = LINE('',#7135,#7136);
#7135 = CARTESIAN_POINT('',(-1.123333333333E+03,2.512879859751E-08,-100.
    ));
#7136 = VECTOR('',#7137,1.);
#7137 = DIRECTION('',(0.,1.,0.));
#7138 = PCURVE('',#6585,#7139);
#7139 = DEFINITIONAL_REPRESENTATION('',(#7140),#7144);
#7140 = LINE('',#7141,#7142);
#7141 = CARTESIAN_POINT('',(30.,-396.6666666666));
#7142 = VECTOR('',#7143,1.);
#7143 = DIRECTION('',(1.,0.));
#7144 = ( GEOMETRIC_REPRESENTATION_CONTEXT(2) 
PARAMETRIC_REPRESENTATION_CONTEXT() REPRESENTATION_CONTEXT('2D SPACE',''
  ) );
#7145 = PCURVE('',#6614,#7146);
#7146 = DEFINITIONAL_REPRESENTATION('',(#7147),#7151);
#7147 = LINE('',#7148,#7149);
#7148 = CARTESIAN_POINT('',(100.00000000834,1.147972484618E-08));
#7149 = VECTOR('',#7150,1.);
#7150 = DIRECTION('',(0.,1.));
#7151 = ( GEOMETRIC_REPRESENTATION_CONTEXT(2) 
PARAMETRIC_REPRESENTATION_CONTEXT() REPRESENTATION_CONTEXT('2D SPACE',''
  ) );
#7152 = ORIENTED_EDGE('',*,*,#6569,.F.);
#7153 = ORIENTED_EDGE('',*,*,#6653,.F.);
#7154 = ADVANCED_FACE('',(#7155),#6614,.T.);
#7155 = FACE_BOUND('',#7156,.T.);
#7156 = EDGE_LOOP('',(#7157,#7182,#7206,#7229,#7251,#7252,#7253,#7254));
#7157 = ORIENTED_EDGE('',*,*,#7158,.F.);
#7158 = EDGE_CURVE('',#7159,#7161,#7163,.T.);
#7159 = VERTEX_POINT('',#7160);
#7160 = CARTESIAN_POINT('',(-1.123333333333E+03,-30.00000002512,100.));
#7161 = VERTEX_POINT('',#7162);
#7162 = CARTESIAN_POINT('',(-1.123333333333E+03,30.000000020756,100.));
#7163 = SURFACE_CURVE('',#7164,(#7168,#7175),.PCURVE_S1.);
#7164 = LINE('',#7165,#7166);
#7165 = CARTESIAN_POINT('',(-1.123333333333E+03,2.512879859751E-08,100.)
  );
#7166 = VECTOR('',#7167,1.);
#7167 = DIRECTION('',(0.,1.,0.));
#7168 = PCURVE('',#6614,#7169);
#7169 = DEFINITIONAL_REPRESENTATION('',(#7170),#7174);
#7170 = LINE('',#7171,#7172);
#7171 = CARTESIAN_POINT('',(-99.99999999165,1.147972484618E-08));
#7172 = VECTOR('',#7173,1.);
#7173 = DIRECTION('',(0.,1.));
#7174 = ( GEOMETRIC_REPRESENTATION_CONTEXT(2) 
PARAMETRIC_REPRESENTATION_CONTEXT() REPRESENTATION_CONTEXT('2D SPACE',''
  ) );
#7175 = PCURVE('',#6947,#7176);
#7176 = DEFINITIONAL_REPRESENTATION('',(#7177),#7181);
#7177 = LINE('',#7178,#7179);
#7178 = CARTESIAN_POINT('',(30.000000050258,-396.6666666666));
#7179 = VECTOR('',#7180,1.);
#7180 = DIRECTION('',(1.,0.));
#7181 = ( GEOMETRIC_REPRESENTATION_CONTEXT(2) 
PARAMETRIC_REPRESENTATION_CONTEXT() REPRESENTATION_CONTEXT('2D SPACE',''
  ) );
#7182 = ORIENTED_EDGE('',*,*,#7183,.T.);
#7183 = EDGE_CURVE('',#7159,#7184,#7186,.T.);
#7184 = VERTEX_POINT('',#7185);
#7185 = CARTESIAN_POINT('',(-1.123333333333E+03,-100.,30.));
#7186 = SURFACE_CURVE('',#7187,(#7192,#7199),.PCURVE_S1.);
#7187 = CIRCLE('',#7188,70.);
#7188 = AXIS2_PLACEMENT_3D('',#7189,#7190,#7191);
#7189 = CARTESIAN_POINT('',(-1.123333333333E+03,-30.00000002512,30.));
#7190 = DIRECTION('',(1.,-0.,1.110223024625E-16));
#7191 = DIRECTION('',(1.110223024625E-16,0.,-1.));
#7192 = PCURVE('',#6614,#7193);
#7193 = DEFINITIONAL_REPRESENTATION('',(#7194),#7198);
#7194 = CIRCLE('',#7195,70.);
#7195 = AXIS2_PLACEMENT_2D('',#7196,#7197);
#7196 = CARTESIAN_POINT('',(-29.99999999165,-30.00000003877));
#7197 = DIRECTION('',(1.,0.));
#7198 = ( GEOMETRIC_REPRESENTATION_CONTEXT(2) 
PARAMETRIC_REPRESENTATION_CONTEXT() REPRESENTATION_CONTEXT('2D SPACE',''
  ) );
#7199 = PCURVE('',#6993,#7200);
#7200 = DEFINITIONAL_REPRESENTATION('',(#7201),#7205);
#7201 = LINE('',#7202,#7203);
#7202 = CARTESIAN_POINT('',(-0.,-396.6666666666));
#7203 = VECTOR('',#7204,1.);
#7204 = DIRECTION('',(-1.,0.));
#7205 = ( GEOMETRIC_REPRESENTATION_CONTEXT(2) 
PARAMETRIC_REPRESENTATION_CONTEXT() REPRESENTATION_CONTEXT('2D SPACE',''
  ) );
#7206 = ORIENTED_EDGE('',*,*,#7207,.T.);
#7207 = EDGE_CURVE('',#7184,#7208,#7210,.T.);
#7208 = VERTEX_POINT('',#7209);
#7209 = CARTESIAN_POINT('',(-1.123333333333E+03,-99.99999997487,
    -29.99999999562));
#7210 = SURFACE_CURVE('',#7211,(#7215,#7222),.PCURVE_S1.);
#7211 = LINE('',#7212,#7213);
#7212 = CARTESIAN_POINT('',(-1.123333333333E+03,-99.99999997487,0.));
#7213 = VECTOR('',#7214,1.);
#7214 = DIRECTION('',(1.110223024625E-16,0.,-1.));
#7215 = PCURVE('',#6614,#7216);
#7216 = DEFINITIONAL_REPRESENTATION('',(#7217),#7221);
#7217 = LINE('',#7218,#7219);
#7218 = CARTESIAN_POINT('',(8.346426282815E-09,-99.99999998852));
#7219 = VECTOR('',#7220,1.);
#7220 = DIRECTION('',(1.,0.));
#7221 = ( GEOMETRIC_REPRESENTATION_CONTEXT(2) 
PARAMETRIC_REPRESENTATION_CONTEXT() REPRESENTATION_CONTEXT('2D SPACE',''
  ) );
#7222 = PCURVE('',#6859,#7223);
#7223 = DEFINITIONAL_REPRESENTATION('',(#7224),#7228);
#7224 = LINE('',#7225,#7226);
#7225 = CARTESIAN_POINT('',(30.,-396.6666666666));
#7226 = VECTOR('',#7227,1.);
#7227 = DIRECTION('',(1.,0.));
#7228 = ( GEOMETRIC_REPRESENTATION_CONTEXT(2) 
PARAMETRIC_REPRESENTATION_CONTEXT() REPRESENTATION_CONTEXT('2D SPACE',''
  ) );
#7229 = ORIENTED_EDGE('',*,*,#7230,.T.);
#7230 = EDGE_CURVE('',#7208,#7110,#7231,.T.);
#7231 = SURFACE_CURVE('',#7232,(#7237,#7244),.PCURVE_S1.);
#7232 = CIRCLE('',#7233,70.);
#7233 = AXIS2_PLACEMENT_3D('',#7234,#7235,#7236);
#7234 = CARTESIAN_POINT('',(-1.123333333333E+03,-29.99999997487,
    -29.99999999562));
#7235 = DIRECTION('',(1.,-0.,1.110223024625E-16));
#7236 = DIRECTION('',(1.110223024625E-16,0.,-1.));
#7237 = PCURVE('',#6614,#7238);
#7238 = DEFINITIONAL_REPRESENTATION('',(#7239),#7243);
#7239 = CIRCLE('',#7240,70.);
#7240 = AXIS2_PLACEMENT_2D('',#7241,#7242);
#7241 = CARTESIAN_POINT('',(30.000000003973,-29.99999998852));
#7242 = DIRECTION('',(1.,0.));
#7243 = ( GEOMETRIC_REPRESENTATION_CONTEXT(2) 
PARAMETRIC_REPRESENTATION_CONTEXT() REPRESENTATION_CONTEXT('2D SPACE',''
  ) );
#7244 = PCURVE('',#6739,#7245);
#7245 = DEFINITIONAL_REPRESENTATION('',(#7246),#7250);
#7246 = LINE('',#7247,#7248);
#7247 = CARTESIAN_POINT('',(-0.,-396.6666666666));
#7248 = VECTOR('',#7249,1.);
#7249 = DIRECTION('',(-1.,0.));
#7250 = ( GEOMETRIC_REPRESENTATION_CONTEXT(2) 
PARAMETRIC_REPRESENTATION_CONTEXT() REPRESENTATION_CONTEXT('2D SPACE',''
  ) );
#7251 = ORIENTED_EDGE('',*,*,#7132,.T.);
#7252 = ORIENTED_EDGE('',*,*,#6597,.T.);
#7253 = ORIENTED_EDGE('',*,*,#7083,.F.);
#7254 = ORIENTED_EDGE('',*,*,#7255,.T.);
#7255 = EDGE_CURVE('',#7061,#7161,#7256,.T.);
#7256 = SURFACE_CURVE('',#7257,(#7262,#7269),.PCURVE_S1.);
#7257 = CIRCLE('',#7258,70.);
#7258 = AXIS2_PLACEMENT_3D('',#7259,#7260,#7261);
#7259 = CARTESIAN_POINT('',(-1.123333333333E+03,30.000000020756,30.));
#7260 = DIRECTION('',(1.,-0.,1.110223024625E-16));
#7261 = DIRECTION('',(1.110223024625E-16,0.,-1.));
#7262 = PCURVE('',#6614,#7263);
#7263 = DEFINITIONAL_REPRESENTATION('',(#7264),#7268);
#7264 = CIRCLE('',#7265,70.);
#7265 = AXIS2_PLACEMENT_2D('',#7266,#7267);
#7266 = CARTESIAN_POINT('',(-29.99999999165,30.000000007107));
#7267 = DIRECTION('',(1.,0.));
#7268 = ( GEOMETRIC_REPRESENTATION_CONTEXT(2) 
PARAMETRIC_REPRESENTATION_CONTEXT() REPRESENTATION_CONTEXT('2D SPACE',''
  ) );
#7269 = PCURVE('',#6819,#7270);
#7270 = DEFINITIONAL_REPRESENTATION('',(#7271),#7275);
#7271 = LINE('',#7272,#7273);
#7272 = CARTESIAN_POINT('',(-0.,-396.6666666666));
#7273 = VECTOR('',#7274,1.);
#7274 = DIRECTION('',(-1.,0.));
#7275 = ( GEOMETRIC_REPRESENTATION_CONTEXT(2) 
PARAMETRIC_REPRESENTATION_CONTEXT() REPRESENTATION_CONTEXT('2D SPACE',''
  ) );
#7276 = ADVANCED_FACE('',(#7277),#6739,.T.);
#7277 = FACE_BOUND('',#7278,.F.);
#7278 = EDGE_LOOP('',(#7279,#7300,#7301,#7302));
#7279 = ORIENTED_EDGE('',*,*,#7280,.T.);
#7280 = EDGE_CURVE('',#6717,#7208,#7281,.T.);
#7281 = SURFACE_CURVE('',#7282,(#7286,#7293),.PCURVE_S1.);
#7282 = LINE('',#7283,#7284);
#7283 = CARTESIAN_POINT('',(-1.52E+03,-99.99999997487,-29.99999999562));
#7284 = VECTOR('',#7285,1.);
#7285 = DIRECTION('',(1.,0.,0.));
#7286 = PCURVE('',#6739,#7287);
#7287 = DEFINITIONAL_REPRESENTATION('',(#7288),#7292);
#7288 = LINE('',#7289,#7290);
#7289 = CARTESIAN_POINT('',(-4.712388980385,0.));
#7290 = VECTOR('',#7291,1.);
#7291 = DIRECTION('',(-0.,-1.));
#7292 = ( GEOMETRIC_REPRESENTATION_CONTEXT(2) 
PARAMETRIC_REPRESENTATION_CONTEXT() REPRESENTATION_CONTEXT('2D SPACE',''
  ) );
#7293 = PCURVE('',#6859,#7294);
#7294 = DEFINITIONAL_REPRESENTATION('',(#7295),#7299);
#7295 = LINE('',#7296,#7297);
#7296 = CARTESIAN_POINT('',(59.999999995627,6.661338147265E-15));
#7297 = VECTOR('',#7298,1.);
#7298 = DIRECTION('',(1.110223024625E-16,-1.));
#7299 = ( GEOMETRIC_REPRESENTATION_CONTEXT(2) 
PARAMETRIC_REPRESENTATION_CONTEXT() REPRESENTATION_CONTEXT('2D SPACE',''
  ) );
#7300 = ORIENTED_EDGE('',*,*,#7230,.T.);
#7301 = ORIENTED_EDGE('',*,*,#7109,.F.);
#7302 = ORIENTED_EDGE('',*,*,#6716,.F.);
#7303 = ADVANCED_FACE('',(#7304),#6819,.T.);
#7304 = FACE_BOUND('',#7305,.F.);
#7305 = EDGE_LOOP('',(#7306,#7307,#7308,#7329));
#7306 = ORIENTED_EDGE('',*,*,#7060,.T.);
#7307 = ORIENTED_EDGE('',*,*,#7255,.T.);
#7308 = ORIENTED_EDGE('',*,*,#7309,.F.);
#7309 = EDGE_CURVE('',#6776,#7161,#7310,.T.);
#7310 = SURFACE_CURVE('',#7311,(#7315,#7322),.PCURVE_S1.);
#7311 = LINE('',#7312,#7313);
#7312 = CARTESIAN_POINT('',(-1.52E+03,30.000000020756,100.));
#7313 = VECTOR('',#7314,1.);
#7314 = DIRECTION('',(1.,0.,0.));
#7315 = PCURVE('',#6819,#7316);
#7316 = DEFINITIONAL_REPRESENTATION('',(#7317),#7321);
#7317 = LINE('',#7318,#7319);
#7318 = CARTESIAN_POINT('',(-3.14159265359,0.));
#7319 = VECTOR('',#7320,1.);
#7320 = DIRECTION('',(-0.,-1.));
#7321 = ( GEOMETRIC_REPRESENTATION_CONTEXT(2) 
PARAMETRIC_REPRESENTATION_CONTEXT() REPRESENTATION_CONTEXT('2D SPACE',''
  ) );
#7322 = PCURVE('',#6947,#7323);
#7323 = DEFINITIONAL_REPRESENTATION('',(#7324),#7328);
#7324 = LINE('',#7325,#7326);
#7325 = CARTESIAN_POINT('',(60.000000045885,0.));
#7326 = VECTOR('',#7327,1.);
#7327 = DIRECTION('',(0.,-1.));
#7328 = ( GEOMETRIC_REPRESENTATION_CONTEXT(2) 
PARAMETRIC_REPRESENTATION_CONTEXT() REPRESENTATION_CONTEXT('2D SPACE',''
  ) );
#7329 = ORIENTED_EDGE('',*,*,#6798,.F.);
#7330 = ADVANCED_FACE('',(#7331),#6859,.F.);
#7331 = FACE_BOUND('',#7332,.F.);
#7332 = EDGE_LOOP('',(#7333,#7354,#7355,#7356));
#7333 = ORIENTED_EDGE('',*,*,#7334,.T.);
#7334 = EDGE_CURVE('',#6837,#7184,#7335,.T.);
#7335 = SURFACE_CURVE('',#7336,(#7340,#7347),.PCURVE_S1.);
#7336 = LINE('',#7337,#7338);
#7337 = CARTESIAN_POINT('',(-1.52E+03,-100.,30.));
#7338 = VECTOR('',#7339,1.);
#7339 = DIRECTION('',(1.,0.,0.));
#7340 = PCURVE('',#6859,#7341);
#7341 = DEFINITIONAL_REPRESENTATION('',(#7342),#7346);
#7342 = LINE('',#7343,#7344);
#7343 = CARTESIAN_POINT('',(0.,0.));
#7344 = VECTOR('',#7345,1.);
#7345 = DIRECTION('',(1.110223024625E-16,-1.));
#7346 = ( GEOMETRIC_REPRESENTATION_CONTEXT(2) 
PARAMETRIC_REPRESENTATION_CONTEXT() REPRESENTATION_CONTEXT('2D SPACE',''
  ) );
#7347 = PCURVE('',#6993,#7348);
#7348 = DEFINITIONAL_REPRESENTATION('',(#7349),#7353);
#7349 = LINE('',#7350,#7351);
#7350 = CARTESIAN_POINT('',(-4.712388980385,0.));
#7351 = VECTOR('',#7352,1.);
#7352 = DIRECTION('',(-0.,-1.));
#7353 = ( GEOMETRIC_REPRESENTATION_CONTEXT(2) 
PARAMETRIC_REPRESENTATION_CONTEXT() REPRESENTATION_CONTEXT('2D SPACE',''
  ) );
#7354 = ORIENTED_EDGE('',*,*,#7207,.T.);
#7355 = ORIENTED_EDGE('',*,*,#7280,.F.);
#7356 = ORIENTED_EDGE('',*,*,#6836,.F.);
#7357 = ADVANCED_FACE('',(#7358),#6947,.T.);
#7358 = FACE_BOUND('',#7359,.T.);
#7359 = EDGE_LOOP('',(#7360,#7381,#7382,#7383));
#7360 = ORIENTED_EDGE('',*,*,#7361,.T.);
#7361 = EDGE_CURVE('',#6904,#7159,#7362,.T.);
#7362 = SURFACE_CURVE('',#7363,(#7367,#7374),.PCURVE_S1.);
#7363 = LINE('',#7364,#7365);
#7364 = CARTESIAN_POINT('',(-1.52E+03,-30.00000002512,100.));
#7365 = VECTOR('',#7366,1.);
#7366 = DIRECTION('',(1.,0.,0.));
#7367 = PCURVE('',#6947,#7368);
#7368 = DEFINITIONAL_REPRESENTATION('',(#7369),#7373);
#7369 = LINE('',#7370,#7371);
#7370 = CARTESIAN_POINT('',(-3.552713678801E-15,0.));
#7371 = VECTOR('',#7372,1.);
#7372 = DIRECTION('',(0.,-1.));
#7373 = ( GEOMETRIC_REPRESENTATION_CONTEXT(2) 
PARAMETRIC_REPRESENTATION_CONTEXT() REPRESENTATION_CONTEXT('2D SPACE',''
  ) );
#7374 = PCURVE('',#6993,#7375);
#7375 = DEFINITIONAL_REPRESENTATION('',(#7376),#7380);
#7376 = LINE('',#7377,#7378);
#7377 = CARTESIAN_POINT('',(-3.14159265359,0.));
#7378 = VECTOR('',#7379,1.);
#7379 = DIRECTION('',(-0.,-1.));
#7380 = ( GEOMETRIC_REPRESENTATION_CONTEXT(2) 
PARAMETRIC_REPRESENTATION_CONTEXT() REPRESENTATION_CONTEXT('2D SPACE',''
  ) );
#7381 = ORIENTED_EDGE('',*,*,#7158,.T.);
#7382 = ORIENTED_EDGE('',*,*,#7309,.F.);
#7383 = ORIENTED_EDGE('',*,*,#6926,.T.);
#7384 = ADVANCED_FACE('',(#7385),#6993,.T.);
#7385 = FACE_BOUND('',#7386,.F.);
#7386 = EDGE_LOOP('',(#7387,#7388,#7389,#7390));
#7387 = ORIENTED_EDGE('',*,*,#7361,.T.);
#7388 = ORIENTED_EDGE('',*,*,#7183,.T.);
#7389 = ORIENTED_EDGE('',*,*,#7334,.F.);
#7390 = ORIENTED_EDGE('',*,*,#6972,.F.);
#7391 = ADVANCED_FACE('',(#7392),#7044,.F.);
#7392 = FACE_BOUND('',#7393,.F.);
#7393 = EDGE_LOOP('',(#7394,#7395,#7415,#7442));
#7394 = ORIENTED_EDGE('',*,*,#7029,.T.);
#7395 = ORIENTED_EDGE('',*,*,#7396,.T.);
#7396 = EDGE_CURVE('',#7010,#7397,#7399,.T.);
#7397 = VERTEX_POINT('',#7398);
#7398 = CARTESIAN_POINT('',(-1.613E+03,0.,-33.));
#7399 = SEAM_CURVE('',#7400,(#7403,#7409),.PCURVE_S1.);
#7400 = B_SPLINE_CURVE_WITH_KNOTS('',1,(#7401,#7402),.UNSPECIFIED.,.F.,
  .F.,(2,2),(0.,1.),.PIECEWISE_BEZIER_KNOTS.);
#7401 = CARTESIAN_POINT('',(-1.621E+03,0.,-33.));
#7402 = CARTESIAN_POINT('',(-1.613E+03,0.,-33.));
#7403 = PCURVE('',#7044,#7404);
#7404 = DEFINITIONAL_REPRESENTATION('',(#7405),#7408);
#7405 = B_SPLINE_CURVE_WITH_KNOTS('',1,(#7406,#7407),.UNSPECIFIED.,.F.,
  .F.,(2,2),(0.,1.),.PIECEWISE_BEZIER_KNOTS.);
#7406 = CARTESIAN_POINT('',(6.28318530718,0.));
#7407 = CARTESIAN_POINT('',(6.28318530718,8.));
#7408 = ( GEOMETRIC_REPRESENTATION_CONTEXT(2) 
PARAMETRIC_REPRESENTATION_CONTEXT() REPRESENTATION_CONTEXT('2D SPACE',''
  ) );
#7409 = PCURVE('',#7044,#7410);
#7410 = DEFINITIONAL_REPRESENTATION('',(#7411),#7414);
#7411 = B_SPLINE_CURVE_WITH_KNOTS('',1,(#7412,#7413),.UNSPECIFIED.,.F.,
  .F.,(2,2),(0.,1.),.PIECEWISE_BEZIER_KNOTS.);
#7412 = CARTESIAN_POINT('',(0.,0.));
#7413 = CARTESIAN_POINT('',(0.,8.));
#7414 = ( GEOMETRIC_REPRESENTATION_CONTEXT(2) 
PARAMETRIC_REPRESENTATION_CONTEXT() REPRESENTATION_CONTEXT('2D SPACE',''
  ) );
#7415 = ORIENTED_EDGE('',*,*,#7416,.F.);
#7416 = EDGE_CURVE('',#7397,#7397,#7417,.T.);
#7417 = SURFACE_CURVE('',#7418,(#7423,#7430),.PCURVE_S1.);
#7418 = CIRCLE('',#7419,33.);
#7419 = AXIS2_PLACEMENT_3D('',#7420,#7421,#7422);
#7420 = CARTESIAN_POINT('',(-1.613E+03,0.,0.));
#7421 = DIRECTION('',(1.,-0.,1.110223024625E-16));
#7422 = DIRECTION('',(1.110223024625E-16,0.,-1.));
#7423 = PCURVE('',#7044,#7424);
#7424 = DEFINITIONAL_REPRESENTATION('',(#7425),#7429);
#7425 = LINE('',#7426,#7427);
#7426 = CARTESIAN_POINT('',(0.,8.));
#7427 = VECTOR('',#7428,1.);
#7428 = DIRECTION('',(1.,0.));
#7429 = ( GEOMETRIC_REPRESENTATION_CONTEXT(2) 
PARAMETRIC_REPRESENTATION_CONTEXT() REPRESENTATION_CONTEXT('2D SPACE',''
  ) );
#7430 = PCURVE('',#7431,#7436);
#7431 = PLANE('',#7432);
#7432 = AXIS2_PLACEMENT_3D('',#7433,#7434,#7435);
#7433 = CARTESIAN_POINT('',(-1.613E+03,0.,0.));
#7434 = DIRECTION('',(1.,-0.,1.110223024625E-16));
#7435 = DIRECTION('',(1.110223024625E-16,0.,-1.));
#7436 = DEFINITIONAL_REPRESENTATION('',(#7437),#7441);
#7437 = CIRCLE('',#7438,33.);
#7438 = AXIS2_PLACEMENT_2D('',#7439,#7440);
#7439 = CARTESIAN_POINT('',(0.,0.));
#7440 = DIRECTION('',(1.,0.));
#7441 = ( GEOMETRIC_REPRESENTATION_CONTEXT(2) 
PARAMETRIC_REPRESENTATION_CONTEXT() REPRESENTATION_CONTEXT('2D SPACE',''
  ) );
#7442 = ORIENTED_EDGE('',*,*,#7396,.F.);
#7443 = ADVANCED_FACE('',(#7444),#7431,.F.);
#7444 = FACE_BOUND('',#7445,.F.);
#7445 = EDGE_LOOP('',(#7446));
#7446 = ORIENTED_EDGE('',*,*,#7416,.T.);
#7447 = ( GEOMETRIC_REPRESENTATION_CONTEXT(3) 
GLOBAL_UNCERTAINTY_ASSIGNED_CONTEXT((#7451)) 
GLOBAL_UNIT_ASSIGNED_CONTEXT((#7448,#7449,#7450)) REPRESENTATION_CONTEXT
('Context #1','3D Context with UNIT and UNCERTAINTY') );
#7448 = ( LENGTH_UNIT() NAMED_UNIT(*) SI_UNIT(.MILLI.,.METRE.) );
#7449 = ( NAMED_UNIT(*) PLANE_ANGLE_UNIT() SI_UNIT($,.RADIAN.) );
#7450 = ( NAMED_UNIT(*) SI_UNIT($,.STERADIAN.) SOLID_ANGLE_UNIT() );
#7451 = UNCERTAINTY_MEASURE_WITH_UNIT(LENGTH_MEASURE(1.E-07),#7448,
  'distance_accuracy_value','confusion accuracy');
#7452 = CONTEXT_DEPENDENT_SHAPE_REPRESENTATION(#7453,#7455);
#7453 = ( REPRESENTATION_RELATIONSHIP('','',#5829,#10) 
REPRESENTATION_RELATIONSHIP_WITH_TRANSFORMATION(#7454) 
SHAPE_REPRESENTATION_RELATIONSHIP() );
#7454 = ITEM_DEFINED_TRANSFORMATION('','',#11,#39);
#7455 = PRODUCT_DEFINITION_SHAPE('Placement','Placement of an item',
  #7456);
#7456 = NEXT_ASSEMBLY_USAGE_OCCURRENCE('7','booster_body','',#5,#5824,$
  );
#7457 = PRODUCT_RELATED_PRODUCT_CATEGORY('part',$,(#5826));
#7458 = SHAPE_DEFINITION_REPRESENTATION(#7459,#7465);
#7459 = PRODUCT_DEFINITION_SHAPE('','',#7460);
#7460 = PRODUCT_DEFINITION('design','',#7461,#7464);
#7461 = PRODUCT_DEFINITION_FORMATION('','',#7462);
#7462 = PRODUCT('booster_fin_4','booster_fin_4','',(#7463));
#7463 = PRODUCT_CONTEXT('',#2,'mechanical');
#7464 = PRODUCT_DEFINITION_CONTEXT('part definition',#2,'design');
#7465 = ADVANCED_BREP_SHAPE_REPRESENTATION('',(#11,#7466),#7788);
#7466 = MANIFOLD_SOLID_BREP('',#7467);
#7467 = CLOSED_SHELL('',(#7468,#7585,#7659,#7728,#7774,#7781));
#7468 = ADVANCED_FACE('',(#7469),#7483,.T.);
#7469 = FACE_BOUND('',#7470,.T.);
#7470 = EDGE_LOOP('',(#7471,#7506,#7533,#7560));
#7471 = ORIENTED_EDGE('',*,*,#7472,.T.);
#7472 = EDGE_CURVE('',#7473,#7475,#7477,.T.);
#7473 = VERTEX_POINT('',#7474);
#7474 = CARTESIAN_POINT('',(-1.655E+03,0.,108.));
#7475 = VERTEX_POINT('',#7476);
#7476 = CARTESIAN_POINT('',(-1.52225E+03,-4.,108.));
#7477 = SURFACE_CURVE('',#7478,(#7482,#7494),.PCURVE_S1.);
#7478 = LINE('',#7479,#7480);
#7479 = CARTESIAN_POINT('',(-1.655E+03,0.,108.));
#7480 = VECTOR('',#7481,1.);
#7481 = DIRECTION('',(0.999546345399,-3.011815730016E-02,0.));
#7482 = PCURVE('',#7483,#7488);
#7483 = B_SPLINE_SURFACE_WITH_KNOTS('',1,1,(
    (#7484,#7485)
    ,(#7486,#7487
    )),.UNSPECIFIED.,.F.,.F.,.F.,(2,2),(2,2),(0.,132.81024998094),(0.,1.
    ),.PIECEWISE_BEZIER_KNOTS.);
#7484 = CARTESIAN_POINT('',(-1.655E+03,0.,108.));
#7485 = CARTESIAN_POINT('',(-1.668E+03,0.,194.));
#7486 = CARTESIAN_POINT('',(-1.52225E+03,-4.,108.));
#7487 = CARTESIAN_POINT('',(-1.6104E+03,-1.4,194.));
#7488 = DEFINITIONAL_REPRESENTATION('',(#7489),#7493);
#7489 = LINE('',#7490,#7491);
#7490 = CARTESIAN_POINT('',(0.,0.));
#7491 = VECTOR('',#7492,1.);
#7492 = DIRECTION('',(1.,0.));
#7493 = ( GEOMETRIC_REPRESENTATION_CONTEXT(2) 
PARAMETRIC_REPRESENTATION_CONTEXT() REPRESENTATION_CONTEXT('2D SPACE',''
  ) );
#7494 = PCURVE('',#7495,#7500);
#7495 = PLANE('',#7496);
#7496 = AXIS2_PLACEMENT_3D('',#7497,#7498,#7499);
#7497 = CARTESIAN_POINT('',(-1.655E+03,0.,108.));
#7498 = DIRECTION('',(0.,0.,-1.));
#7499 = DIRECTION('',(1.,0.,0.));
#7500 = DEFINITIONAL_REPRESENTATION('',(#7501),#7505);
#7501 = LINE('',#7502,#7503);
#7502 = CARTESIAN_POINT('',(0.,0.));
#7503 = VECTOR('',#7504,1.);
#7504 = DIRECTION('',(0.999546345399,3.011815730016E-02));
#7505 = ( GEOMETRIC_REPRESENTATION_CONTEXT(2) 
PARAMETRIC_REPRESENTATION_CONTEXT() REPRESENTATION_CONTEXT('2D SPACE',''
  ) );
#7506 = ORIENTED_EDGE('',*,*,#7507,.T.);
#7507 = EDGE_CURVE('',#7475,#7508,#7510,.T.);
#7508 = VERTEX_POINT('',#7509);
#7509 = CARTESIAN_POINT('',(-1.6104E+03,-1.4,194.));
#7510 = SURFACE_CURVE('',#7511,(#7514,#7521),.PCURVE_S1.);
#7511 = B_SPLINE_CURVE_WITH_KNOTS('',1,(#7512,#7513),.UNSPECIFIED.,.F.,
  .F.,(2,2),(0.,1.),.PIECEWISE_BEZIER_KNOTS.);
#7512 = CARTESIAN_POINT('',(-1.52225E+03,-4.,108.));
#7513 = CARTESIAN_POINT('',(-1.6104E+03,-1.4,194.));
#7514 = PCURVE('',#7483,#7515);
#7515 = DEFINITIONAL_REPRESENTATION('',(#7516),#7520);
#7516 = LINE('',#7517,#7518);
#7517 = CARTESIAN_POINT('',(132.81024998094,0.));
#7518 = VECTOR('',#7519,1.);
#7519 = DIRECTION('',(0.,1.));
#7520 = ( GEOMETRIC_REPRESENTATION_CONTEXT(2) 
PARAMETRIC_REPRESENTATION_CONTEXT() REPRESENTATION_CONTEXT('2D SPACE',''
  ) );
#7521 = PCURVE('',#7522,#7527);
#7522 = B_SPLINE_SURFACE_WITH_KNOTS('',1,1,(
    (#7523,#7524)
    ,(#7525,#7526
    )),.UNSPECIFIED.,.F.,.F.,.F.,(2,2),(2,2),(0.,162.29929913588),(0.,1.
    ),.PIECEWISE_BEZIER_KNOTS.);
#7523 = CARTESIAN_POINT('',(-1.52225E+03,-4.,108.));
#7524 = CARTESIAN_POINT('',(-1.6104E+03,-1.4,194.));
#7525 = CARTESIAN_POINT('',(-1.36E+03,0.,108.));
#7526 = CARTESIAN_POINT('',(-1.54E+03,0.,194.));
#7527 = DEFINITIONAL_REPRESENTATION('',(#7528),#7532);
#7528 = LINE('',#7529,#7530);
#7529 = CARTESIAN_POINT('',(0.,0.));
#7530 = VECTOR('',#7531,1.);
#7531 = DIRECTION('',(0.,1.));
#7532 = ( GEOMETRIC_REPRESENTATION_CONTEXT(2) 
PARAMETRIC_REPRESENTATION_CONTEXT() REPRESENTATION_CONTEXT('2D SPACE',''
  ) );
#7533 = ORIENTED_EDGE('',*,*,#7534,.F.);
#7534 = EDGE_CURVE('',#7535,#7508,#7537,.T.);
#7535 = VERTEX_POINT('',#7536);
#7536 = CARTESIAN_POINT('',(-1.668E+03,0.,194.));
#7537 = SURFACE_CURVE('',#7538,(#7542,#7548),.PCURVE_S1.);
#7538 = LINE('',#7539,#7540);
#7539 = CARTESIAN_POINT('',(-1.668E+03,0.,194.));
#7540 = VECTOR('',#7541,1.);
#7541 = DIRECTION('',(0.999704750794,-2.429837935958E-02,0.));
#7542 = PCURVE('',#7483,#7543);
#7543 = DEFINITIONAL_REPRESENTATION('',(#7544),#7547);
#7544 = B_SPLINE_CURVE_WITH_KNOTS('',1,(#7545,#7546),.UNSPECIFIED.,.F.,
  .F.,(2,2),(0.,57.617011376849),.PIECEWISE_BEZIER_KNOTS.);
#7545 = CARTESIAN_POINT('',(0.,1.));
#7546 = CARTESIAN_POINT('',(132.81024998094,1.));
#7547 = ( GEOMETRIC_REPRESENTATION_CONTEXT(2) 
PARAMETRIC_REPRESENTATION_CONTEXT() REPRESENTATION_CONTEXT('2D SPACE',''
  ) );
#7548 = PCURVE('',#7549,#7554);
#7549 = PLANE('',#7550);
#7550 = AXIS2_PLACEMENT_3D('',#7551,#7552,#7553);
#7551 = CARTESIAN_POINT('',(-1.668E+03,0.,194.));
#7552 = DIRECTION('',(0.,0.,-1.));
#7553 = DIRECTION('',(1.,0.,0.));
#7554 = DEFINITIONAL_REPRESENTATION('',(#7555),#7559);
#7555 = LINE('',#7556,#7557);
#7556 = CARTESIAN_POINT('',(0.,0.));
#7557 = VECTOR('',#7558,1.);
#7558 = DIRECTION('',(0.999704750794,2.429837935958E-02));
#7559 = ( GEOMETRIC_REPRESENTATION_CONTEXT(2) 
PARAMETRIC_REPRESENTATION_CONTEXT() REPRESENTATION_CONTEXT('2D SPACE',''
  ) );
#7560 = ORIENTED_EDGE('',*,*,#7561,.F.);
#7561 = EDGE_CURVE('',#7473,#7535,#7562,.T.);
#7562 = SURFACE_CURVE('',#7563,(#7566,#7573),.PCURVE_S1.);
#7563 = B_SPLINE_CURVE_WITH_KNOTS('',1,(#7564,#7565),.UNSPECIFIED.,.F.,
  .F.,(2,2),(0.,1.),.PIECEWISE_BEZIER_KNOTS.);
#7564 = CARTESIAN_POINT('',(-1.655E+03,0.,108.));
#7565 = CARTESIAN_POINT('',(-1.668E+03,0.,194.));
#7566 = PCURVE('',#7483,#7567);
#7567 = DEFINITIONAL_REPRESENTATION('',(#7568),#7572);
#7568 = LINE('',#7569,#7570);
#7569 = CARTESIAN_POINT('',(0.,0.));
#7570 = VECTOR('',#7571,1.);
#7571 = DIRECTION('',(0.,1.));
#7572 = ( GEOMETRIC_REPRESENTATION_CONTEXT(2) 
PARAMETRIC_REPRESENTATION_CONTEXT() REPRESENTATION_CONTEXT('2D SPACE',''
  ) );
#7573 = PCURVE('',#7574,#7579);
#7574 = B_SPLINE_SURFACE_WITH_KNOTS('',1,1,(
    (#7575,#7576)
    ,(#7577,#7578
    )),.UNSPECIFIED.,.F.,.F.,.F.,(2,2),(2,2),(0.,132.81024998094),(0.,1.
    ),.PIECEWISE_BEZIER_KNOTS.);
#7575 = CARTESIAN_POINT('',(-1.52225E+03,4.,108.));
#7576 = CARTESIAN_POINT('',(-1.6104E+03,1.4,194.));
#7577 = CARTESIAN_POINT('',(-1.655E+03,0.,108.));
#7578 = CARTESIAN_POINT('',(-1.668E+03,0.,194.));
#7579 = DEFINITIONAL_REPRESENTATION('',(#7580),#7584);
#7580 = LINE('',#7581,#7582);
#7581 = CARTESIAN_POINT('',(132.81024998094,0.));
#7582 = VECTOR('',#7583,1.);
#7583 = DIRECTION('',(0.,1.));
#7584 = ( GEOMETRIC_REPRESENTATION_CONTEXT(2) 
PARAMETRIC_REPRESENTATION_CONTEXT() REPRESENTATION_CONTEXT('2D SPACE',''
  ) );
#7585 = ADVANCED_FACE('',(#7586),#7522,.T.);
#7586 = FACE_BOUND('',#7587,.T.);
#7587 = EDGE_LOOP('',(#7588,#7611,#7638,#7658));
#7588 = ORIENTED_EDGE('',*,*,#7589,.T.);
#7589 = EDGE_CURVE('',#7475,#7590,#7592,.T.);
#7590 = VERTEX_POINT('',#7591);
#7591 = CARTESIAN_POINT('',(-1.36E+03,0.,108.));
#7592 = SURFACE_CURVE('',#7593,(#7597,#7604),.PCURVE_S1.);
#7593 = LINE('',#7594,#7595);
#7594 = CARTESIAN_POINT('',(-1.52225E+03,-4.,108.));
#7595 = VECTOR('',#7596,1.);
#7596 = DIRECTION('',(0.99969624554,2.46458242352E-02,0.));
#7597 = PCURVE('',#7522,#7598);
#7598 = DEFINITIONAL_REPRESENTATION('',(#7599),#7603);
#7599 = LINE('',#7600,#7601);
#7600 = CARTESIAN_POINT('',(0.,0.));
#7601 = VECTOR('',#7602,1.);
#7602 = DIRECTION('',(1.,0.));
#7603 = ( GEOMETRIC_REPRESENTATION_CONTEXT(2) 
PARAMETRIC_REPRESENTATION_CONTEXT() REPRESENTATION_CONTEXT('2D SPACE',''
  ) );
#7604 = PCURVE('',#7495,#7605);
#7605 = DEFINITIONAL_REPRESENTATION('',(#7606),#7610);
#7606 = LINE('',#7607,#7608);
#7607 = CARTESIAN_POINT('',(132.75,4.));
#7608 = VECTOR('',#7609,1.);
#7609 = DIRECTION('',(0.99969624554,-2.46458242352E-02));
#7610 = ( GEOMETRIC_REPRESENTATION_CONTEXT(2) 
PARAMETRIC_REPRESENTATION_CONTEXT() REPRESENTATION_CONTEXT('2D SPACE',''
  ) );
#7611 = ORIENTED_EDGE('',*,*,#7612,.T.);
#7612 = EDGE_CURVE('',#7590,#7613,#7615,.T.);
#7613 = VERTEX_POINT('',#7614);
#7614 = CARTESIAN_POINT('',(-1.54E+03,0.,194.));
#7615 = SURFACE_CURVE('',#7616,(#7619,#7626),.PCURVE_S1.);
#7616 = B_SPLINE_CURVE_WITH_KNOTS('',1,(#7617,#7618),.UNSPECIFIED.,.F.,
  .F.,(2,2),(0.,1.),.PIECEWISE_BEZIER_KNOTS.);
#7617 = CARTESIAN_POINT('',(-1.36E+03,0.,108.));
#7618 = CARTESIAN_POINT('',(-1.54E+03,0.,194.));
#7619 = PCURVE('',#7522,#7620);
#7620 = DEFINITIONAL_REPRESENTATION('',(#7621),#7625);
#7621 = LINE('',#7622,#7623);
#7622 = CARTESIAN_POINT('',(162.29929913588,0.));
#7623 = VECTOR('',#7624,1.);
#7624 = DIRECTION('',(0.,1.));
#7625 = ( GEOMETRIC_REPRESENTATION_CONTEXT(2) 
PARAMETRIC_REPRESENTATION_CONTEXT() REPRESENTATION_CONTEXT('2D SPACE',''
  ) );
#7626 = PCURVE('',#7627,#7632);
#7627 = B_SPLINE_SURFACE_WITH_KNOTS('',1,1,(
    (#7628,#7629)
    ,(#7630,#7631
    )),.UNSPECIFIED.,.F.,.F.,.F.,(2,2),(2,2),(0.,162.29929913588),(0.,1.
    ),.PIECEWISE_BEZIER_KNOTS.);
#7628 = CARTESIAN_POINT('',(-1.36E+03,0.,108.));
#7629 = CARTESIAN_POINT('',(-1.54E+03,0.,194.));
#7630 = CARTESIAN_POINT('',(-1.52225E+03,4.,108.));
#7631 = CARTESIAN_POINT('',(-1.6104E+03,1.4,194.));
#7632 = DEFINITIONAL_REPRESENTATION('',(#7633),#7637);
#7633 = LINE('',#7634,#7635);
#7634 = CARTESIAN_POINT('',(0.,0.));
#7635 = VECTOR('',#7636,1.);
#7636 = DIRECTION('',(0.,1.));
#7637 = ( GEOMETRIC_REPRESENTATION_CONTEXT(2) 
PARAMETRIC_REPRESENTATION_CONTEXT() REPRESENTATION_CONTEXT('2D SPACE',''
  ) );
#7638 = ORIENTED_EDGE('',*,*,#7639,.F.);
#7639 = EDGE_CURVE('',#7508,#7613,#7640,.T.);
#7640 = SURFACE_CURVE('',#7641,(#7645,#7651),.PCURVE_S1.);
#7641 = LINE('',#7642,#7643);
#7642 = CARTESIAN_POINT('',(-1.6104E+03,-1.4,194.));
#7643 = VECTOR('',#7644,1.);
#7644 = DIRECTION('',(0.999802324899,1.988243259743E-02,0.));
#7645 = PCURVE('',#7522,#7646);
#7646 = DEFINITIONAL_REPRESENTATION('',(#7647),#7650);
#7647 = B_SPLINE_CURVE_WITH_KNOTS('',1,(#7648,#7649),.UNSPECIFIED.,.F.,
  .F.,(2,2),(0.,70.413919078546),.PIECEWISE_BEZIER_KNOTS.);
#7648 = CARTESIAN_POINT('',(0.,1.));
#7649 = CARTESIAN_POINT('',(162.29929913588,1.));
#7650 = ( GEOMETRIC_REPRESENTATION_CONTEXT(2) 
PARAMETRIC_REPRESENTATION_CONTEXT() REPRESENTATION_CONTEXT('2D SPACE',''
  ) );
#7651 = PCURVE('',#7549,#7652);
#7652 = DEFINITIONAL_REPRESENTATION('',(#7653),#7657);
#7653 = LINE('',#7654,#7655);
#7654 = CARTESIAN_POINT('',(57.6,1.4));
#7655 = VECTOR('',#7656,1.);
#7656 = DIRECTION('',(0.999802324899,-1.988243259743E-02));
#7657 = ( GEOMETRIC_REPRESENTATION_CONTEXT(2) 
PARAMETRIC_REPRESENTATION_CONTEXT() REPRESENTATION_CONTEXT('2D SPACE',''
  ) );
#7658 = ORIENTED_EDGE('',*,*,#7507,.F.);
#7659 = ADVANCED_FACE('',(#7660),#7627,.T.);
#7660 = FACE_BOUND('',#7661,.T.);
#7661 = EDGE_LOOP('',(#7662,#7685,#7707,#7727));
#7662 = ORIENTED_EDGE('',*,*,#7663,.T.);
#7663 = EDGE_CURVE('',#7590,#7664,#7666,.T.);
#7664 = VERTEX_POINT('',#7665);
#7665 = CARTESIAN_POINT('',(-1.52225E+03,4.,108.));
#7666 = SURFACE_CURVE('',#7667,(#7671,#7678),.PCURVE_S1.);
#7667 = LINE('',#7668,#7669);
#7668 = CARTESIAN_POINT('',(-1.36E+03,0.,108.));
#7669 = VECTOR('',#7670,1.);
#7670 = DIRECTION('',(-0.99969624554,2.46458242352E-02,0.));
#7671 = PCURVE('',#7627,#7672);
#7672 = DEFINITIONAL_REPRESENTATION('',(#7673),#7677);
#7673 = LINE('',#7674,#7675);
#7674 = CARTESIAN_POINT('',(0.,0.));
#7675 = VECTOR('',#7676,1.);
#7676 = DIRECTION('',(1.,0.));
#7677 = ( GEOMETRIC_REPRESENTATION_CONTEXT(2) 
PARAMETRIC_REPRESENTATION_CONTEXT() REPRESENTATION_CONTEXT('2D SPACE',''
  ) );
#7678 = PCURVE('',#7495,#7679);
#7679 = DEFINITIONAL_REPRESENTATION('',(#7680),#7684);
#7680 = LINE('',#7681,#7682);
#7681 = CARTESIAN_POINT('',(295.,0.));
#7682 = VECTOR('',#7683,1.);
#7683 = DIRECTION('',(-0.99969624554,-2.46458242352E-02));
#7684 = ( GEOMETRIC_REPRESENTATION_CONTEXT(2) 
PARAMETRIC_REPRESENTATION_CONTEXT() REPRESENTATION_CONTEXT('2D SPACE',''
  ) );
#7685 = ORIENTED_EDGE('',*,*,#7686,.T.);
#7686 = EDGE_CURVE('',#7664,#7687,#7689,.T.);
#7687 = VERTEX_POINT('',#7688);
#7688 = CARTESIAN_POINT('',(-1.6104E+03,1.4,194.));
#7689 = SURFACE_CURVE('',#7690,(#7693,#7700),.PCURVE_S1.);
#7690 = B_SPLINE_CURVE_WITH_KNOTS('',1,(#7691,#7692),.UNSPECIFIED.,.F.,
  .F.,(2,2),(0.,1.),.PIECEWISE_BEZIER_KNOTS.);
#7691 = CARTESIAN_POINT('',(-1.52225E+03,4.,108.));
#7692 = CARTESIAN_POINT('',(-1.6104E+03,1.4,194.));
#7693 = PCURVE('',#7627,#7694);
#7694 = DEFINITIONAL_REPRESENTATION('',(#7695),#7699);
#7695 = LINE('',#7696,#7697);
#7696 = CARTESIAN_POINT('',(162.29929913588,0.));
#7697 = VECTOR('',#7698,1.);
#7698 = DIRECTION('',(0.,1.));
#7699 = ( GEOMETRIC_REPRESENTATION_CONTEXT(2) 
PARAMETRIC_REPRESENTATION_CONTEXT() REPRESENTATION_CONTEXT('2D SPACE',''
  ) );
#7700 = PCURVE('',#7574,#7701);
#7701 = DEFINITIONAL_REPRESENTATION('',(#7702),#7706);
#7702 = LINE('',#7703,#7704);
#7703 = CARTESIAN_POINT('',(0.,0.));
#7704 = VECTOR('',#7705,1.);
#7705 = DIRECTION('',(0.,1.));
#7706 = ( GEOMETRIC_REPRESENTATION_CONTEXT(2) 
PARAMETRIC_REPRESENTATION_CONTEXT() REPRESENTATION_CONTEXT('2D SPACE',''
  ) );
#7707 = ORIENTED_EDGE('',*,*,#7708,.F.);
#7708 = EDGE_CURVE('',#7613,#7687,#7709,.T.);
#7709 = SURFACE_CURVE('',#7710,(#7714,#7720),.PCURVE_S1.);
#7710 = LINE('',#7711,#7712);
#7711 = CARTESIAN_POINT('',(-1.54E+03,0.,194.));
#7712 = VECTOR('',#7713,1.);
#7713 = DIRECTION('',(-0.999802324899,1.988243259743E-02,0.));
#7714 = PCURVE('',#7627,#7715);
#7715 = DEFINITIONAL_REPRESENTATION('',(#7716),#7719);
#7716 = B_SPLINE_CURVE_WITH_KNOTS('',1,(#7717,#7718),.UNSPECIFIED.,.F.,
  .F.,(2,2),(0.,70.413919078546),.PIECEWISE_BEZIER_KNOTS.);
#7717 = CARTESIAN_POINT('',(0.,1.));
#7718 = CARTESIAN_POINT('',(162.29929913588,1.));
#7719 = ( GEOMETRIC_REPRESENTATION_CONTEXT(2) 
PARAMETRIC_REPRESENTATION_CONTEXT() REPRESENTATION_CONTEXT('2D SPACE',''
  ) );
#7720 = PCURVE('',#7549,#7721);
#7721 = DEFINITIONAL_REPRESENTATION('',(#7722),#7726);
#7722 = LINE('',#7723,#7724);
#7723 = CARTESIAN_POINT('',(128.,0.));
#7724 = VECTOR('',#7725,1.);
#7725 = DIRECTION('',(-0.999802324899,-1.988243259743E-02));
#7726 = ( GEOMETRIC_REPRESENTATION_CONTEXT(2) 
PARAMETRIC_REPRESENTATION_CONTEXT() REPRESENTATION_CONTEXT('2D SPACE',''
  ) );
#7727 = ORIENTED_EDGE('',*,*,#7612,.F.);
#7728 = ADVANCED_FACE('',(#7729),#7574,.T.);
#7729 = FACE_BOUND('',#7730,.T.);
#7730 = EDGE_LOOP('',(#7731,#7752,#7753,#7773));
#7731 = ORIENTED_EDGE('',*,*,#7732,.T.);
#7732 = EDGE_CURVE('',#7664,#7473,#7733,.T.);
#7733 = SURFACE_CURVE('',#7734,(#7738,#7745),.PCURVE_S1.);
#7734 = LINE('',#7735,#7736);
#7735 = CARTESIAN_POINT('',(-1.52225E+03,4.,108.));
#7736 = VECTOR('',#7737,1.);
#7737 = DIRECTION('',(-0.999546345399,-3.011815730016E-02,0.));
#7738 = PCURVE('',#7574,#7739);
#7739 = DEFINITIONAL_REPRESENTATION('',(#7740),#7744);
#7740 = LINE('',#7741,#7742);
#7741 = CARTESIAN_POINT('',(0.,0.));
#7742 = VECTOR('',#7743,1.);
#7743 = DIRECTION('',(1.,0.));
#7744 = ( GEOMETRIC_REPRESENTATION_CONTEXT(2) 
PARAMETRIC_REPRESENTATION_CONTEXT() REPRESENTATION_CONTEXT('2D SPACE',''
  ) );
#7745 = PCURVE('',#7495,#7746);
#7746 = DEFINITIONAL_REPRESENTATION('',(#7747),#7751);
#7747 = LINE('',#7748,#7749);
#7748 = CARTESIAN_POINT('',(132.75,-4.));
#7749 = VECTOR('',#7750,1.);
#7750 = DIRECTION('',(-0.999546345399,3.011815730016E-02));
#7751 = ( GEOMETRIC_REPRESENTATION_CONTEXT(2) 
PARAMETRIC_REPRESENTATION_CONTEXT() REPRESENTATION_CONTEXT('2D SPACE',''
  ) );
#7752 = ORIENTED_EDGE('',*,*,#7561,.T.);
#7753 = ORIENTED_EDGE('',*,*,#7754,.F.);
#7754 = EDGE_CURVE('',#7687,#7535,#7755,.T.);
#7755 = SURFACE_CURVE('',#7756,(#7760,#7766),.PCURVE_S1.);
#7756 = LINE('',#7757,#7758);
#7757 = CARTESIAN_POINT('',(-1.6104E+03,1.4,194.));
#7758 = VECTOR('',#7759,1.);
#7759 = DIRECTION('',(-0.999704750794,-2.429837935958E-02,0.));
#7760 = PCURVE('',#7574,#7761);
#7761 = DEFINITIONAL_REPRESENTATION('',(#7762),#7765);
#7762 = B_SPLINE_CURVE_WITH_KNOTS('',1,(#7763,#7764),.UNSPECIFIED.,.F.,
  .F.,(2,2),(0.,57.617011376849),.PIECEWISE_BEZIER_KNOTS.);
#7763 = CARTESIAN_POINT('',(0.,1.));
#7764 = CARTESIAN_POINT('',(132.81024998094,1.));
#7765 = ( GEOMETRIC_REPRESENTATION_CONTEXT(2) 
PARAMETRIC_REPRESENTATION_CONTEXT() REPRESENTATION_CONTEXT('2D SPACE',''
  ) );
#7766 = PCURVE('',#7549,#7767);
#7767 = DEFINITIONAL_REPRESENTATION('',(#7768),#7772);
#7768 = LINE('',#7769,#7770);
#7769 = CARTESIAN_POINT('',(57.6,-1.4));
#7770 = VECTOR('',#7771,1.);
#7771 = DIRECTION('',(-0.999704750794,2.429837935958E-02));
#7772 = ( GEOMETRIC_REPRESENTATION_CONTEXT(2) 
PARAMETRIC_REPRESENTATION_CONTEXT() REPRESENTATION_CONTEXT('2D SPACE',''
  ) );
#7773 = ORIENTED_EDGE('',*,*,#7686,.F.);
#7774 = ADVANCED_FACE('',(#7775),#7495,.T.);
#7775 = FACE_BOUND('',#7776,.F.);
#7776 = EDGE_LOOP('',(#7777,#7778,#7779,#7780));
#7777 = ORIENTED_EDGE('',*,*,#7472,.T.);
#7778 = ORIENTED_EDGE('',*,*,#7589,.T.);
#7779 = ORIENTED_EDGE('',*,*,#7663,.T.);
#7780 = ORIENTED_EDGE('',*,*,#7732,.T.);
#7781 = ADVANCED_FACE('',(#7782),#7549,.F.);
#7782 = FACE_BOUND('',#7783,.T.);
#7783 = EDGE_LOOP('',(#7784,#7785,#7786,#7787));
#7784 = ORIENTED_EDGE('',*,*,#7534,.T.);
#7785 = ORIENTED_EDGE('',*,*,#7639,.T.);
#7786 = ORIENTED_EDGE('',*,*,#7708,.T.);
#7787 = ORIENTED_EDGE('',*,*,#7754,.T.);
#7788 = ( GEOMETRIC_REPRESENTATION_CONTEXT(3) 
GLOBAL_UNCERTAINTY_ASSIGNED_CONTEXT((#7792)) 
GLOBAL_UNIT_ASSIGNED_CONTEXT((#7789,#7790,#7791)) REPRESENTATION_CONTEXT
('Context #1','3D Context with UNIT and UNCERTAINTY') );
#7789 = ( LENGTH_UNIT() NAMED_UNIT(*) SI_UNIT(.MILLI.,.METRE.) );
#7790 = ( NAMED_UNIT(*) PLANE_ANGLE_UNIT() SI_UNIT($,.RADIAN.) );
#7791 = ( NAMED_UNIT(*) SI_UNIT($,.STERADIAN.) SOLID_ANGLE_UNIT() );
#7792 = UNCERTAINTY_MEASURE_WITH_UNIT(LENGTH_MEASURE(1.E-07),#7789,
  'distance_accuracy_value','confusion accuracy');
#7793 = CONTEXT_DEPENDENT_SHAPE_REPRESENTATION(#7794,#7796);
#7794 = ( REPRESENTATION_RELATIONSHIP('','',#7465,#10) 
REPRESENTATION_RELATIONSHIP_WITH_TRANSFORMATION(#7795) 
SHAPE_REPRESENTATION_RELATIONSHIP() );
#7795 = ITEM_DEFINED_TRANSFORMATION('','',#11,#43);
#7796 = PRODUCT_DEFINITION_SHAPE('Placement','Placement of an item',
  #7797);
#7797 = NEXT_ASSEMBLY_USAGE_OCCURRENCE('8','booster_fin_1','',#5,#7460,$
  );
#7798 = PRODUCT_RELATED_PRODUCT_CATEGORY('part',$,(#7462));
#7799 = CONTEXT_DEPENDENT_SHAPE_REPRESENTATION(#7800,#7802);
#7800 = ( REPRESENTATION_RELATIONSHIP('','',#7465,#10) 
REPRESENTATION_RELATIONSHIP_WITH_TRANSFORMATION(#7801) 
SHAPE_REPRESENTATION_RELATIONSHIP() );
#7801 = ITEM_DEFINED_TRANSFORMATION('','',#11,#47);
#7802 = PRODUCT_DEFINITION_SHAPE('Placement','Placement of an item',
  #7803);
#7803 = NEXT_ASSEMBLY_USAGE_OCCURRENCE('9','booster_fin_2','',#5,#7460,$
  );
#7804 = CONTEXT_DEPENDENT_SHAPE_REPRESENTATION(#7805,#7807);
#7805 = ( REPRESENTATION_RELATIONSHIP('','',#7465,#10) 
REPRESENTATION_RELATIONSHIP_WITH_TRANSFORMATION(#7806) 
SHAPE_REPRESENTATION_RELATIONSHIP() );
#7806 = ITEM_DEFINED_TRANSFORMATION('','',#11,#51);
#7807 = PRODUCT_DEFINITION_SHAPE('Placement','Placement of an item',
  #7808);
#7808 = NEXT_ASSEMBLY_USAGE_OCCURRENCE('10','booster_fin_3','',#5,#7460,
  $);
#7809 = CONTEXT_DEPENDENT_SHAPE_REPRESENTATION(#7810,#7812);
#7810 = ( REPRESENTATION_RELATIONSHIP('','',#7465,#10) 
REPRESENTATION_RELATIONSHIP_WITH_TRANSFORMATION(#7811) 
SHAPE_REPRESENTATION_RELATIONSHIP() );
#7811 = ITEM_DEFINED_TRANSFORMATION('','',#11,#55);
#7812 = PRODUCT_DEFINITION_SHAPE('Placement','Placement of an item',
  #7813);
#7813 = NEXT_ASSEMBLY_USAGE_OCCURRENCE('11','booster_fin_4','',#5,#7460,
  $);
#7814 = SHAPE_DEFINITION_REPRESENTATION(#4704,#7815);
#7815 = SHAPE_REPRESENTATION('',(#15),#4696);
#7816 = SHAPE_DEFINITION_REPRESENTATION(#5463,#7817);
#7817 = SHAPE_REPRESENTATION('',(#19),#5455);
#7818 = SHAPE_DEFINITION_REPRESENTATION(#5804,#7819);
#7819 = SHAPE_REPRESENTATION('',(#23),#5796);
#7820 = SHAPE_DEFINITION_REPRESENTATION(#5810,#7821);
#7821 = SHAPE_REPRESENTATION('',(#27),#5796);
#7822 = SHAPE_DEFINITION_REPRESENTATION(#5815,#7823);
#7823 = SHAPE_REPRESENTATION('',(#31),#5796);
#7824 = SHAPE_DEFINITION_REPRESENTATION(#5820,#7825);
#7825 = SHAPE_REPRESENTATION('',(#35),#5796);
#7826 = SHAPE_DEFINITION_REPRESENTATION(#7455,#7827);
#7827 = SHAPE_REPRESENTATION('',(#39),#7447);
#7828 = SHAPE_DEFINITION_REPRESENTATION(#7796,#7829);
#7829 = SHAPE_REPRESENTATION('',(#43),#7788);
#7830 = SHAPE_DEFINITION_REPRESENTATION(#7802,#7831);
#7831 = SHAPE_REPRESENTATION('',(#47),#7788);
#7832 = SHAPE_DEFINITION_REPRESENTATION(#7807,#7833);
#7833 = SHAPE_REPRESENTATION('',(#51),#7788);
#7834 = SHAPE_DEFINITION_REPRESENTATION(#7812,#7835);
#7835 = SHAPE_REPRESENTATION('',(#55),#7788);
#7836 = SHAPE_DEFINITION_REPRESENTATION(#4704,#7837);
#7837 = SHAPE_REPRESENTATION('',(#15),#4696);
#7838 = SHAPE_DEFINITION_REPRESENTATION(#5463,#7839);
#7839 = SHAPE_REPRESENTATION('',(#19),#5455);
#7840 = SHAPE_DEFINITION_REPRESENTATION(#5804,#7841);
#7841 = SHAPE_REPRESENTATION('',(#23),#5796);
#7842 = SHAPE_DEFINITION_REPRESENTATION(#5810,#7843);
#7843 = SHAPE_REPRESENTATION('',(#27),#5796);
#7844 = SHAPE_DEFINITION_REPRESENTATION(#5815,#7845);
#7845 = SHAPE_REPRESENTATION('',(#31),#5796);
#7846 = SHAPE_DEFINITION_REPRESENTATION(#5820,#7847);
#7847 = SHAPE_REPRESENTATION('',(#35),#5796);
#7848 = SHAPE_DEFINITION_REPRESENTATION(#7455,#7849);
#7849 = SHAPE_REPRESENTATION('',(#39),#7447);
#7850 = SHAPE_DEFINITION_REPRESENTATION(#7796,#7851);
#7851 = SHAPE_REPRESENTATION('',(#43),#7788);
#7852 = SHAPE_DEFINITION_REPRESENTATION(#7802,#7853);
#7853 = SHAPE_REPRESENTATION('',(#47),#7788);
#7854 = SHAPE_DEFINITION_REPRESENTATION(#7807,#7855);
#7855 = SHAPE_REPRESENTATION('',(#51),#7788);
#7856 = SHAPE_DEFINITION_REPRESENTATION(#7812,#7857);
#7857 = SHAPE_REPRESENTATION('',(#55),#7788);
#7858 = MECHANICAL_DESIGN_GEOMETRIC_PRESENTATION_REPRESENTATION('',(
    #7859,#7867),#4696);
#7859 = STYLED_ITEM('color',(#7860),#73);
#7860 = PRESENTATION_STYLE_ASSIGNMENT((#7861));
#7861 = SURFACE_STYLE_USAGE(.BOTH.,#7862);
#7862 = SURFACE_SIDE_STYLE('',(#7863));
#7863 = SURFACE_STYLE_FILL_AREA(#7864);
#7864 = FILL_AREA_STYLE('',(#7865));
#7865 = FILL_AREA_STYLE_COLOUR('',#7866);
#7866 = COLOUR_RGB('',0.709803916149,0.741176438013,0.764705913506);
#7867 = OVER_RIDING_STYLED_ITEM('overriding color',(#7868),#73,#7859);
#7868 = PRESENTATION_STYLE_BY_CONTEXT((#7869),#7837);
#7869 = SURFACE_STYLE_USAGE(.BOTH.,#7870);
#7870 = SURFACE_SIDE_STYLE('',(#7871));
#7871 = SURFACE_STYLE_FILL_AREA(#7872);
#7872 = FILL_AREA_STYLE('',(#7873));
#7873 = FILL_AREA_STYLE_COLOUR('',#7874);
#7874 = COLOUR_RGB('',0.709803916149,0.741176438013,0.764705913506);
#7875 = MECHANICAL_DESIGN_GEOMETRIC_PRESENTATION_REPRESENTATION('',(
    #7876,#7884),#5455);
#7876 = STYLED_ITEM('color',(#7877),#4715);
#7877 = PRESENTATION_STYLE_ASSIGNMENT((#7878));
#7878 = SURFACE_STYLE_USAGE(.BOTH.,#7879);
#7879 = SURFACE_SIDE_STYLE('',(#7880));
#7880 = SURFACE_STYLE_FILL_AREA(#7881);
#7881 = FILL_AREA_STYLE('',(#7882));
#7882 = FILL_AREA_STYLE_COLOUR('',#7883);
#7883 = COLOUR_RGB('',0.764705913506,0.788235266226,0.807843143701);
#7884 = OVER_RIDING_STYLED_ITEM('overriding color',(#7885),#4715,#7876);
#7885 = PRESENTATION_STYLE_BY_CONTEXT((#7886),#7839);
#7886 = SURFACE_STYLE_USAGE(.BOTH.,#7887);
#7887 = SURFACE_SIDE_STYLE('',(#7888));
#7888 = SURFACE_STYLE_FILL_AREA(#7889);
#7889 = FILL_AREA_STYLE('',(#7890));
#7890 = FILL_AREA_STYLE_COLOUR('',#7891);
#7891 = COLOUR_RGB('',0.764705913506,0.788235266226,0.807843143701);
#7892 = MECHANICAL_DESIGN_GEOMETRIC_PRESENTATION_REPRESENTATION('',(
    #7893,#7901,#7908,#7915,#7922,#7930,#7937,#7944),#5796);
#7893 = STYLED_ITEM('color',(#7894),#5474);
#7894 = PRESENTATION_STYLE_ASSIGNMENT((#7895));
#7895 = SURFACE_STYLE_USAGE(.BOTH.,#7896);
#7896 = SURFACE_SIDE_STYLE('',(#7897));
#7897 = SURFACE_STYLE_FILL_AREA(#7898);
#7898 = FILL_AREA_STYLE('',(#7899));
#7899 = FILL_AREA_STYLE_COLOUR('',#7900);
#7900 = COLOUR_RGB('',0.572548991317,0.615686259837,0.647058804528);
#7901 = OVER_RIDING_STYLED_ITEM('overriding color',(#7902),#5474,#7893);
#7902 = PRESENTATION_STYLE_BY_CONTEXT((#7903),#7821);
#7903 = SURFACE_STYLE_USAGE(.BOTH.,#7904);
#7904 = SURFACE_SIDE_STYLE('',(#7905));
#7905 = SURFACE_STYLE_FILL_AREA(#7906);
#7906 = FILL_AREA_STYLE('',(#7907));
#7907 = FILL_AREA_STYLE_COLOUR('',#7900);
#7908 = OVER_RIDING_STYLED_ITEM('overriding color',(#7909),#5474,#7893);
#7909 = PRESENTATION_STYLE_BY_CONTEXT((#7910),#7823);
#7910 = SURFACE_STYLE_USAGE(.BOTH.,#7911);
#7911 = SURFACE_SIDE_STYLE('',(#7912));
#7912 = SURFACE_STYLE_FILL_AREA(#7913);
#7913 = FILL_AREA_STYLE('',(#7914));
#7914 = FILL_AREA_STYLE_COLOUR('',#7900);
#7915 = OVER_RIDING_STYLED_ITEM('overriding color',(#7916),#5474,#7893);
#7916 = PRESENTATION_STYLE_BY_CONTEXT((#7917),#7825);
#7917 = SURFACE_STYLE_USAGE(.BOTH.,#7918);
#7918 = SURFACE_SIDE_STYLE('',(#7919));
#7919 = SURFACE_STYLE_FILL_AREA(#7920);
#7920 = FILL_AREA_STYLE('',(#7921));
#7921 = FILL_AREA_STYLE_COLOUR('',#7900);
#7922 = OVER_RIDING_STYLED_ITEM('overriding color',(#7923),#5474,#7893);
#7923 = PRESENTATION_STYLE_BY_CONTEXT((#7924),#7841);
#7924 = SURFACE_STYLE_USAGE(.BOTH.,#7925);
#7925 = SURFACE_SIDE_STYLE('',(#7926));
#7926 = SURFACE_STYLE_FILL_AREA(#7927);
#7927 = FILL_AREA_STYLE('',(#7928));
#7928 = FILL_AREA_STYLE_COLOUR('',#7929);
#7929 = COLOUR_RGB('',0.572548991317,0.615686259837,0.647058804528);
#7930 = OVER_RIDING_STYLED_ITEM('overriding color',(#7931),#5474,#7893);
#7931 = PRESENTATION_STYLE_BY_CONTEXT((#7932),#7843);
#7932 = SURFACE_STYLE_USAGE(.BOTH.,#7933);
#7933 = SURFACE_SIDE_STYLE('',(#7934));
#7934 = SURFACE_STYLE_FILL_AREA(#7935);
#7935 = FILL_AREA_STYLE('',(#7936));
#7936 = FILL_AREA_STYLE_COLOUR('',#7929);
#7937 = OVER_RIDING_STYLED_ITEM('overriding color',(#7938),#5474,#7893);
#7938 = PRESENTATION_STYLE_BY_CONTEXT((#7939),#7845);
#7939 = SURFACE_STYLE_USAGE(.BOTH.,#7940);
#7940 = SURFACE_SIDE_STYLE('',(#7941));
#7941 = SURFACE_STYLE_FILL_AREA(#7942);
#7942 = FILL_AREA_STYLE('',(#7943));
#7943 = FILL_AREA_STYLE_COLOUR('',#7929);
#7944 = OVER_RIDING_STYLED_ITEM('overriding color',(#7945),#5474,#7893);
#7945 = PRESENTATION_STYLE_BY_CONTEXT((#7946),#7847);
#7946 = SURFACE_STYLE_USAGE(.BOTH.,#7947);
#7947 = SURFACE_SIDE_STYLE('',(#7948));
#7948 = SURFACE_STYLE_FILL_AREA(#7949);
#7949 = FILL_AREA_STYLE('',(#7950));
#7950 = FILL_AREA_STYLE_COLOUR('',#7929);
#7951 = MECHANICAL_DESIGN_GEOMETRIC_PRESENTATION_REPRESENTATION('',(
    #7952,#7960),#7447);
#7952 = STYLED_ITEM('color',(#7953),#5830);
#7953 = PRESENTATION_STYLE_ASSIGNMENT((#7954));
#7954 = SURFACE_STYLE_USAGE(.BOTH.,#7955);
#7955 = SURFACE_SIDE_STYLE('',(#7956));
#7956 = SURFACE_STYLE_FILL_AREA(#7957);
#7957 = FILL_AREA_STYLE('',(#7958));
#7958 = FILL_AREA_STYLE_COLOUR('',#7959);
#7959 = COLOUR_RGB('',0.654901934349,0.690196042995,0.717647071237);
#7960 = OVER_RIDING_STYLED_ITEM('overriding color',(#7961),#5830,#7952);
#7961 = PRESENTATION_STYLE_BY_CONTEXT((#7962),#7849);
#7962 = SURFACE_STYLE_USAGE(.BOTH.,#7963);
#7963 = SURFACE_SIDE_STYLE('',(#7964));
#7964 = SURFACE_STYLE_FILL_AREA(#7965);
#7965 = FILL_AREA_STYLE('',(#7966));
#7966 = FILL_AREA_STYLE_COLOUR('',#7967);
#7967 = COLOUR_RGB('',0.654901934349,0.690196042995,0.717647071237);
#7968 = MECHANICAL_DESIGN_GEOMETRIC_PRESENTATION_REPRESENTATION('',(
    #7969,#7976,#7983,#7990,#7997,#8004,#8011,#8018),#7788);
#7969 = STYLED_ITEM('color',(#7970),#7466);
#7970 = PRESENTATION_STYLE_ASSIGNMENT((#7971));
#7971 = SURFACE_STYLE_USAGE(.BOTH.,#7972);
#7972 = SURFACE_SIDE_STYLE('',(#7973));
#7973 = SURFACE_STYLE_FILL_AREA(#7974);
#7974 = FILL_AREA_STYLE('',(#7975));
#7975 = FILL_AREA_STYLE_COLOUR('',#7900);
#7976 = OVER_RIDING_STYLED_ITEM('overriding color',(#7977),#7466,#7969);
#7977 = PRESENTATION_STYLE_BY_CONTEXT((#7978),#7831);
#7978 = SURFACE_STYLE_USAGE(.BOTH.,#7979);
#7979 = SURFACE_SIDE_STYLE('',(#7980));
#7980 = SURFACE_STYLE_FILL_AREA(#7981);
#7981 = FILL_AREA_STYLE('',(#7982));
#7982 = FILL_AREA_STYLE_COLOUR('',#7900);
#7983 = OVER_RIDING_STYLED_ITEM('overriding color',(#7984),#7466,#7969);
#7984 = PRESENTATION_STYLE_BY_CONTEXT((#7985),#7833);
#7985 = SURFACE_STYLE_USAGE(.BOTH.,#7986);
#7986 = SURFACE_SIDE_STYLE('',(#7987));
#7987 = SURFACE_STYLE_FILL_AREA(#7988);
#7988 = FILL_AREA_STYLE('',(#7989));
#7989 = FILL_AREA_STYLE_COLOUR('',#7900);
#7990 = OVER_RIDING_STYLED_ITEM('overriding color',(#7991),#7466,#7969);
#7991 = PRESENTATION_STYLE_BY_CONTEXT((#7992),#7835);
#7992 = SURFACE_STYLE_USAGE(.BOTH.,#7993);
#7993 = SURFACE_SIDE_STYLE('',(#7994));
#7994 = SURFACE_STYLE_FILL_AREA(#7995);
#7995 = FILL_AREA_STYLE('',(#7996));
#7996 = FILL_AREA_STYLE_COLOUR('',#7900);
#7997 = OVER_RIDING_STYLED_ITEM('overriding color',(#7998),#7466,#7969);
#7998 = PRESENTATION_STYLE_BY_CONTEXT((#7999),#7851);
#7999 = SURFACE_STYLE_USAGE(.BOTH.,#8000);
#8000 = SURFACE_SIDE_STYLE('',(#8001));
#8001 = SURFACE_STYLE_FILL_AREA(#8002);
#8002 = FILL_AREA_STYLE('',(#8003));
#8003 = FILL_AREA_STYLE_COLOUR('',#7929);
#8004 = OVER_RIDING_STYLED_ITEM('overriding color',(#8005),#7466,#7969);
#8005 = PRESENTATION_STYLE_BY_CONTEXT((#8006),#7853);
#8006 = SURFACE_STYLE_USAGE(.BOTH.,#8007);
#8007 = SURFACE_SIDE_STYLE('',(#8008));
#8008 = SURFACE_STYLE_FILL_AREA(#8009);
#8009 = FILL_AREA_STYLE('',(#8010));
#8010 = FILL_AREA_STYLE_COLOUR('',#7929);
#8011 = OVER_RIDING_STYLED_ITEM('overriding color',(#8012),#7466,#7969);
#8012 = PRESENTATION_STYLE_BY_CONTEXT((#8013),#7855);
#8013 = SURFACE_STYLE_USAGE(.BOTH.,#8014);
#8014 = SURFACE_SIDE_STYLE('',(#8015));
#8015 = SURFACE_STYLE_FILL_AREA(#8016);
#8016 = FILL_AREA_STYLE('',(#8017));
#8017 = FILL_AREA_STYLE_COLOUR('',#7929);
#8018 = OVER_RIDING_STYLED_ITEM('overriding color',(#8019),#7466,#7969);
#8019 = PRESENTATION_STYLE_BY_CONTEXT((#8020),#7857);
#8020 = SURFACE_STYLE_USAGE(.BOTH.,#8021);
#8021 = SURFACE_SIDE_STYLE('',(#8022));
#8022 = SURFACE_STYLE_FILL_AREA(#8023);
#8023 = FILL_AREA_STYLE('',(#8024));
#8024 = FILL_AREA_STYLE_COLOUR('',#7929);
ENDSEC;
END-ISO-10303-21;
